20000 40000 1
10646 16627 7138
7400 13870 7752
7759 7863 8139
3008 7869 1805
7547 17444 712
799 3075 8227
3199 16378 9465
7897 12162 7167
2785 5888 7902
286 3530 3816
9140 19506 8912
10300 18649 738
643 12593 544
3488 4711 1276
12564 13382 9740
11748 14271 9199
8807 19688 9720
1670 17300 906
1869 17526 2954
7401 19686 1775
1323 3744 1497
4355 9669 6546
1650 2728 6255
231 3701 1533
7084 19233 8761
5712 6895 9922
7607 19064 9527
14855 18288 61
662 1087 6506
4644 8529 142
4083 7776 9699
940 17440 5966
1992 8411 6984
8543 13134 7402
2494 9234 3903
2295 7438 4151
4054 16548 8559
255 14205 556
398 5626 3566
4958 10000 5275
1921 16182 9257
5528 19155 3173
8423 11867 2652
10735 13379 3853
8149 18437 928
8666 18328 6680
12056 18518 4882
214 17512 2281
7682 19447 9859
5601 7090 3218
8352 9993 2437
5503 13681 4443
2651 19717 9698
3814 8828 2962
3913 10533 4073
1328 7755 2899
16620 18177 5153
470 16016 3650
8550 13473 9508
503 3012 4579
1317 15150 3290
3568 15929 590
1000 3973 1489
4538 13624 8660
4235 14410 3140
220 12699 2407
3676 5054 4468
1477 4580 9654
10851 18882 4326
12613 14122 8416
3052 12251 6803
12423 13934 9818
3971 11551 6607
788 13725 7411
10557 11546 4796
11248 11806 2452
276 11832 1403
18329 19271 4530
9467 11351 6145
3154 6255 6050
2480 14402 3658
633 11632 1232
697 11554 2176
7808 16943 7145
9523 19949 3326
2675 7754 8278
2378 10652 6924
10016 12328 2498
4319 5698 3386
9559 19335 6614
8988 18894 915
7630 15002 8636
5698 7347 3697
1379 8380 2003
5010 9700 6058
1826 2258 5701
6757 12241 3032
6163 8349 2182
3370 3885 1516
11309 12259 1244
16754 17900 1509
8577 16843 2301
8775 15106 7464
4692 17302 5795
8346 9724 8356
1737 3066 1926
2981 4273 9059
2797 19982 6253
3161 6939 4002
11965 19813 3298
7161 9088 505
510 1890 1552
7753 12917 6364
3216 18081 4558
13881 19286 8310
12644 19709 2232
593 6854 9256
8245 14897 2673
6494 9254 8128
15121 17937 5725
1364 5383 3357
10471 17161 3850
3120 10629 5269
7399 9305 9666
1 2 7303
13423 15109 7334
3591 4389 8365
12163 17342 4526
13690 15767 9524
1487 10503 4631
4281 18184 4312
5506 14372 7674
5468 12683 3690
1626 18831 6178
4454 11270 6395
3132 4292 6484
12821 13175 1886
6163 19998 917
2706 10024 9899
12538 13391 244
12300 14134 9342
8947 10894 2930
4530 17087 532
13891 16687 101
2134 3324 4053
8769 16890 8037
12286 16652 7619
14886 18230 2771
14362 15218 2996
322 533 1711
269 906 1708
1065 13729 4548
655 19040 9718
7256 10619 5512
2568 8834 3468
4286 17262 7405
4211 8839 4075
2450 10574 1183
5594 11224 6835
46 431 5234
334 8971 4556
1513 7371 6141
2383 8652 3397
2846 3158 2437
13416 15607 4649
7378 9835 1158
8803 11829 6526
2587 16553 2179
51 19329 3797
7558 19356 6941
11497 16829 3764
3232 16191 1157
7906 13527 2982
16442 17059 9429
5016 17027 1441
3238 13628 4564
12149 18388 207
4063 11522 1104
7325 13810 4526
6961 19738 4973
6337 14818 9761
4538 19957 2072
16870 17602 1247
1080 11169 7010
3413 3963 2065
2530 13743 5983
2512 7620 2263
2390 14774 1869
4391 19697 3357
3872 4552 6074
10297 16811 1923
3719 5537 2521
8715 11083 7405
18771 19617 6557
4614 14224 9235
10136 19581 1510
2437 8007 2317
4212 10540 9121
1236 9689 5237
11862 17452 6798
5123 18552 3392
6574 13148 3844
88 13368 5904
12714 19320 8542
673 7842 9513
1063 1462 9927
1323 7299 8080
2957 14403 8716
13201 15212 3287
10371 15448 4161
2756 9499 3843
1400 9209 4201
1132 10571 7202
6871 14631 5200
16638 16705 151
3704 5587 9940
5682 11569 1027
143 12197 4636
11450 16443 4346
2879 13724 2787
1139 5715 1948
977 4996 2532
9524 14687 8973
913 4233 6047
1636 10029 5560
2012 15622 4137
12379 14943 7780
8486 18552 3688
10098 17561 4888
2542 12805 616
1478 7436 1165
164 3046 2898
3733 14760 8377
16735 16756 9486
4562 5806 9256
14180 19132 9116
5934 8534 355
7436 10325 3859
1808 3222 260
4228 6843 3567
1868 14523 8283
9877 11164 757
555 758 9653
5448 6122 9717
8169 12517 6309
3904 16494 1449
3935 10859 2548
4863 18226 2042
10246 17987 8004
2401 14926 5526
11935 12238 3791
13354 13925 9340
291 2351 2956
60 2309 9755
3291 9265 2008
171 1552 9445
8558 10286 1454
3134 9700 8580
7619 9074 5894
311 2148 9830
13832 18456 3706
1612 2832 6889
955 13744 5796
12760 18024 9100
6758 11877 1895
1550 3317 6348
6606 10036 224
2019 7833 9719
15866 16307 87
4917 10601 969
4401 4667 3237
641 1476 1441
3197 12174 4751
9224 11163 6667
16248 19575 5441
10215 14253 1119
1784 2070 7380
516 937 9539
5373 7214 52
9886 12210 8123
7767 14064 2784
23 123 9068
3553 10854 3258
5638 8095 9171
4884 6255 4276
132 11555 851
1866 2684 9377
5366 15075 6548
491 7369 4057
17369 18243 7918
1546 3399 5669
6113 9818 4021
5074 7171 3289
4189 4836 6455
1137 1342 200
565 18510 5894
5531 9169 7895
1720 2358 9474
17676 18492 3039
680 5273 4263
4504 12233 8347
1150 1560 9305
14047 16002 2313
9045 15390 8969
28 10430 1810
6688 17242 5384
557 7712 8365
13932 15510 1526
167 275 4830
11586 16838 8089
1002 2836 1519
2091 13899 4473
3408 8052 3428
2348 18478 4673
7720 19658 7955
1012 3931 9514
2592 6627 9101
15724 15962 428
6373 13316 6279
5098 7625 9120
6403 12434 5238
6988 19788 5296
14890 16691 9376
6528 13655 6357
1664 3618 8835
2025 5820 4625
2747 3698 4458
36 8970 124
7692 9523 2320
14043 19101 7364
2483 6554 8223
2214 18224 1413
3716 11153 8263
2279 2396 2953
14784 19685 9666
14317 19161 4963
4842 7316 2689
1621 5156 3833
6789 12598 1249
8580 18173 3550
6783 10747 9228
14594 18669 9061
665 7859 8607
13084 14814 9378
1365 19409 9210
7875 8221 8800
6963 15715 3037
6427 10718 7522
2368 2809 3552
2259 3577 8216
12907 19613 9265
2753 17956 394
1236 5915 8704
12948 18719 6797
4149 13030 8264
294 2855 2473
324 4823 6494
13397 14565 2454
3103 9958 1125
1201 15809 1112
6401 19368 9570
9152 11021 2534
1148 7319 2030
4101 13305 2456
6308 16874 9065
7302 15091 613
7062 14631 1520
11159 17732 3298
14817 16599 7587
3109 5471 1451
822 10261 2777
345 739 8680
12372 13930 9470
5464 8578 1933
10034 18054 1779
310 2932 2911
15472 17742 7030
12618 15447 5943
2951 7409 9584
2846 15665 3269
10407 16957 997
12748 14273 7368
2432 8174 5317
14235 18672 1111
11752 17023 4122
4601 17525 1804
8002 8237 5481
2935 17959 3990
4067 16706 7997
5418 9574 2800
8356 17369 7117
9001 18309 1723
5958 12016 287
1073 3130 2917
1250 19109 2590
346 3650 9135
2965 16679 2275
4921 8880 6402
14442 19618 4014
8734 17824 3142
4811 15467 4112
7862 17861 7252
15888 16066 4453
9370 12155 3865
13767 19974 9457
12076 18745 7461
852 5109 826
8049 12073 6854
59 139 5435
4470 6104 5684
3023 5440 6926
2812 17970 1364
10286 14619 7702
7381 8450 1340
4308 6712 9435
7060 9056 1408
11867 19646 7750
13471 14194 2847
311 7974 3306
7270 17628 3884
6333 11767 5973
2833 3899 9485
16635 17924 6566
6608 9070 9735
12118 17801 1460
5229 8580 7016
6539 7396 4593
5832 17948 8109
3028 7940 9172
3335 4847 7069
15532 15801 7784
8162 11390 2025
7451 19384 2942
6325 16602 2787
9990 14880 3455
539 18818 5057
1626 12105 7190
4355 5609 7179
7462 12509 3110
10045 18611 3646
1565 3838 1348
5217 7736 2136
6507 12402 540
6454 15860 6410
7863 12188 6444
207 10310 8147
9000 12884 619
14971 16886 932
4187 10337 1041
3108 6173 6941
6453 10908 5003
722 2032 7205
1937 2895 2182
7497 14242 9273
16103 16579 5660
5642 19628 4294
6518 14412 2033
2206 12392 2818
6054 17682 2205
2897 6819 8146
350 1570 4971
1457 18197 6158
1784 3594 6635
2798 4148 3855
9107 10175 2482
11495 14626 149
1638 3357 2254
1846 17179 4311
4589 4721 5755
11761 11923 9642
677 10053 8906
6020 9800 5171
16833 17283 8945
10174 12184 9943
12150 13887 4210
1696 9480 7587
17671 18733 4334
14947 15560 9842
7370 8594 4842
3624 18703 9328
7590 13591 2215
12171 13588 9145
10862 11266 1467
1093 10586 5865
1932 6884 2868
11555 13132 8530
11903 16493 4520
8781 10739 8299
6005 8364 2140
6478 19547 8636
5582 13993 8611
2421 8569 4714
799 1371 3107
94 17175 1825
1912 12236 5254
9065 11053 3697
1922 18414 7781
15856 18012 8048
15739 17278 4872
829 5190 6249
434 571 5788
669 2382 3117
48 4141 6767
9369 16893 5047
7795 8745 2574
4002 4621 8100
4293 5245 3240
2506 16640 6171
6428 12006 3867
9851 16920 6960
1026 4983 8874
2867 3403 4504
2122 3751 497
2452 8690 1592
6423 13213 1358
4133 5209 3904
3825 6658 7665
4458 11575 8937
5392 19812 2981
4765 19175 4498
7362 10442 2377
10042 15876 6650
16218 18347 9198
8954 18190 5487
4070 17698 8045
6347 6967 69
11621 18880 7059
7262 9621 8578
2046 2452 9262
10221 12608 7666
1483 6123 3893
14188 14682 8000
8525 9308 3252
1106 6253 6568
5644 17531 1283
11639 14959 8704
3106 13849 4920
7646 18109 9394
2346 18583 5458
1634 5121 8472
576 5043 9662
6398 8589 5887
12094 16363 9334
8675 18834 1700
7036 14338 4778
188 10102 6510
6369 12488 6930
1380 5178 6360
4395 10640 7949
4518 12915 6987
3781 8804 2276
17390 18361 5685
4246 18923 5525
5714 7026 5200
10918 15925 8256
627 18658 1162
1600 2092 3024
12292 19467 2116
12430 19096 8174
1082 10054 9410
6374 16755 3285
6 4651 8694
6732 16857 2405
327 4881 4912
11473 12629 8432
4529 13022 6789
7586 14020 821
15181 16104 4176
5662 16651 9397
2476 14080 2785
1143 4031 3300
1383 5187 3946
1656 7445 679
9053 12129 934
4159 8451 5094
10925 17240 6074
2378 10186 353
2671 6028 9100
2820 3020 9977
1219 11986 5389
8917 19370 1019
219 466 2310
5199 18021 7180
4947 13090 453
15777 18907 2961
197 18037 1158
11934 15349 6625
15170 19476 7253
185 11374 750
15 225 3383
211 12478 614
438 698 4079
357 5353 2594
4834 14383 5248
1304 2241 1039
2184 17461 3000
1703 4176 8551
436 2519 2516
12037 15871 2826
211 15921 1302
7340 8483 3128
3439 4844 8044
4351 19212 9123
9939 9987 2753
626 3185 1802
4781 15982 8885
5211 5395 2761
177 831 4100
18571 19350 469
5131 6065 6646
2877 13920 2072
633 5693 5342
7811 9828 2757
13684 17939 8275
272 12280 6499
1308 11378 7298
4396 15993 4244
4057 4961 4129
6377 18070 3251
223 256 1767
325 2506 2909
6947 16695 1199
12813 13615 6435
3521 3759 309
1294 16438 6561
12040 19235 906
8928 19723 7454
13302 13872 3917
16170 17027 3860
723 14785 2119
2432 15728 1844
8631 10849 6436
8500 9912 3603
8891 15655 3062
5819 6225 7987
5450 8625 8806
1538 16676 7969
5812 8130 2920
10264 13481 2787
5573 16894 140
13199 16360 1313
3987 9647 1581
2996 17290 384
6061 13937 1888
4628 13180 2130
2734 12442 3497
7220 18604 7006
7387 11304 7687
18573 19637 1743
368 9305 244
1852 19989 9012
10845 19404 6325
11395 11685 223
1415 6367 2318
5325 19664 723
1102 18747 3838
2461 11215 3289
3131 13300 5269
12871 14955 8325
4747 9170 7809
9915 11986 9682
1372 2284 9160
2517 15800 5152
108 17841 3061
11779 17473 7780
7050 19244 2353
331 2663 6446
5821 6584 5102
2004 10238 9282
6837 9550 1401
1727 15918 1756
43 157 7707
5368 16462 6677
3648 4712 6273
1827 6656 626
2492 8788 9895
11700 16854 5078
12975 16100 4673
10806 12538 406
11469 13329 7760
1008 4494 3315
367 2143 1956
192 11324 8509
1154 5652 7562
11669 14863 9207
414 1078 9296
40 1506 4034
7251 18197 3060
103 194 5864
4823 15125 6656
318 336 3613
2044 2925 275
1239 16073 9956
8517 10958 3391
2863 14006 6270
6175 8452 8526
1548 9269 6042
7728 15024 5143
16944 18386 6643
19352 19766 3975
3464 10498 969
1994 3120 1180
4209 17296 2928
3817 15007 7320
3891 7696 1570
12918 13104 6290
3299 10628 8688
3190 18764 8955
5346 14211 1677
3189 3389 2494
3875 9259 7365
11148 19090 1053
15624 16370 4822
6632 8009 458
38 1912 7386
17901 18020 3584
6972 15663 8746
444 4182 9516
13205 15788 1660
7140 18382 3332
5324 10349 2596
4318 9744 9093
3630 6442 3285
2241 17005 337
12481 15403 5509
19023 19067 1605
12144 17674 3090
13655 13685 7108
541 698 7400
2959 3887 380
11746 17896 8879
247 13002 2744
268 5748 7491
13156 14059 8788
14849 15480 2670
9101 12009 3244
1417 2239 4642
3649 9380 2232
1692 14637 7378
1733 11639 8939
1333 1530 8808
8414 8694 5650
590 13903 7745
584 12963 534
12705 14735 2295
9623 10169 8365
18806 19794 7639
11251 19801 3853
7505 9370 1863
8306 17911 7029
2853 8787 5767
3649 7904 7348
565 1587 606
417 1468 514
13554 17505 6153
1296 8291 7202
12714 18178 5630
7943 9163 3152
6911 12258 3610
3015 3578 2886
12958 16749 7226
4781 9990 4246
6252 14911 7030
16983 18509 8336
601 2820 5275
48 117 3568
10926 18233 8652
2672 3512 2278
776 11301 3748
1111 18515 2419
934 12407 5834
6136 8704 9543
15896 19595 5911
6843 13277 8992
703 18785 6255
17581 19844 6733
1137 12655 3592
7531 15209 9384
1372 6291 4687
3440 12704 5111
18571 19938 3818
247 2685 9266
6538 10916 27
309 468 5845
1269 5033 7991
5956 12335 8341
8461 19689 100
2057 4265 9893
15906 16436 7987
2740 3170 4518
18745 19083 6200
12320 12605 2858
6390 15736 5729
2684 6810 3703
7911 11917 8476
7469 15260 7868
9696 17254 6778
5143 10649 622
3695 15253 9753
1961 10147 5935
17083 19831 138
16402 18479 1562
9879 14614 5846
3243 13331 8838
2301 5760 2120
3238 18967 5421
9791 15481 4307
11018 13005 5823
965 2719 1844
13959 18060 2251
2542 2552 1261
1963 10809 2351
12315 12796 6985
6840 9126 6479
340 14909 5238
6411 12042 6638
6623 18113 5204
1437 6698 8090
3159 16175 1307
1684 9382 652
61 560 4982
8086 17791 8644
9126 13993 3877
2614 17909 3423
2462 17202 1167
8401 8727 954
12485 17679 5793
8068 8992 7656
217 17770 5128
10851 13737 1567
1705 10761 2088
5079 7454 659
79 11200 9081
2332 7760 6272
554 12091 2175
4262 7772 4903
6502 12950 2177
6347 14035 6372
1548 17258 6107
9805 14368 2531
1731 3217 4100
1531 1771 18
1339 7229 9545
1578 17850 8517
4039 10924 2968
10684 14816 4893
8240 10644 6753
6292 7486 275
2327 9250 736
7316 7734 3330
16560 19795 5486
4427 4690 3132
10301 16045 5596
2253 3640 9128
8864 15605 3471
5466 12461 6648
6737 17319 6995
2574 7984 7868
1186 1417 3617
432 630 3982
418 19604 4554
571 6682 171
2986 5009 7280
3325 3542 9026
3869 14902 148
9080 11340 1066
14704 19829 9444
234 19891 9701
5449 14394 4652
14530 14783 8012
1917 4428 1671
11994 13894 495
12528 19742 6421
11880 16715 7795
12238 13151 2499
2399 5583 3847
2660 12942 6110
630 15121 6029
358 10241 7068
13719 17436 9104
449 904 7914
10008 14865 1971
10153 15189 2388
5114 10144 1115
175 7238 8495
6421 18208 4370
157 789 6576
12414 13623 4125
5051 16323 8260
3914 15342 8784
494 587 5859
1377 6840 5663
2278 8689 868
18132 19455 8489
7090 8863 2950
1694 9467 678
3216 6356 4976
6422 14639 5218
869 16482 8426
743 12745 4088
3711 14556 3316
6870 18714 8012
16367 16996 1172
13705 19635 1475
10032 19463 7281
2664 10867 388
3485 10311 7355
7573 9479 3119
5392 11414 8355
7585 9391 2473
5356 7060 1416
7152 7502 1526
25 13800 213
2921 14954 9095
6569 10984 605
5355 7762 507
6010 13551 463
3578 9618 9510
995 15167 1886
5271 12287 8538
2733 8583 6871
3398 6344 2567
2786 6565 5455
1874 2517 2705
2885 7307 5560
454 1685 1789
9462 11328 7423
622 2011 1856
10728 18490 9983
9442 15617 7966
11119 11340 8923
4276 14152 1539
5632 12787 1336
2575 11160 6021
7378 16178 5003
10247 14282 7098
8003 10225 1082
4890 13074 5890
446 7997 7523
14664 16632 1116
2537 14576 9656
7847 8649 2447
610 11834 8802
5597 19609 1010
7952 9636 5606
11721 15353 580
6846 7527 4119
7953 15929 2313
10959 16290 3878
862 2971 4567
14063 18900 382
241 6581 3083
12812 14477 2740
7995 10028 1954
2803 4456 9919
2065 6343 125
4641 5059 3288
1967 12876 1870
1 2066 6744
227 261 2944
742 3181 2667
4834 7337 1504
13877 17828 3400
11561 17332 4995
4010 9015 3373
2347 11909 5756
6439 17329 7214
3442 10075 2370
2585 14866 3351
4898 12187 4026
243 3415 1934
7395 9677 5960
3063 11074 1377
16088 16963 2424
3648 9168 8652
8599 12680 1690
6081 19812 7826
6894 16929 1392
3120 13392 9677
4801 7408 717
6223 16471 8306
10852 14577 4137
2376 6927 7671
2500 13113 7210
14069 15472 5306
9430 18822 1485
8220 16442 3360
2108 6766 5192
338 19059 844
4532 17160 7475
3878 4015 6951
13493 17584 9400
6470 19470 5649
2164 16217 5670
111 5181 6098
9582 14697 8219
17004 17487 2519
2969 10332 6727
487 15213 36
15423 17299 8916
1463 17465 9185
2025 16841 6506
3269 7549 5471
7757 11043 7208
6127 12908 6105
14621 16174 4105
55 2112 7032
2955 10367 5201
14195 16660 9342
9979 12440 9846
5043 12645 8416
2133 14712 9520
7808 19295 2581
13370 15272 3721
2132 12548 6630
8189 12505 5890
11470 17750 3489
4159 7485 9045
2691 11390 1723
10440 18079 5504
8402 18060 2882
221 1586 3503
312 1391 8427
838 10125 6272
433 6928 9446
2464 4438 298
8 3510 5948
6482 10169 2973
12743 15870 6245
5598 7364 1294
3217 19855 7992
638 2062 4078
1702 2024 1555
4655 16506 7737
1041 8436 1515
1435 4114 8737
900 11116 5080
7182 12163 7353
10255 15493 3496
4574 15030 5322
394 9793 6695
10108 11277 1090
10324 16952 9207
178 19769 5277
19139 19544 8774
9673 9808 950
7646 12987 854
5908 12863 4044
13498 17709 9226
7636 9239 1264
3847 5694 6644
6034 13900 8888
7388 17742 4707
3592 4842 1686
2799 16863 6392
10748 13034 6958
8585 10504 478
13513 13723 696
1146 5205 8445
15582 18326 8598
10482 12230 2957
3661 15581 4003
3256 3782 1535
2513 6003 1948
994 1341 2784
3106 17010 8997
2374 10834 5057
11122 15126 3823
6188 6531 1091
5446 6710 2353
1932 6281 9700
1427 12023 5434
15819 19979 9035
1325 6047 4097
513 2535 7510
9578 13133 9704
3634 10250 2524
1200 4572 8855
3801 17853 8600
6034 18656 6833
10012 14577 533
15128 16042 119
4113 16032 4027
5895 14354 4011
4570 18892 4272
1603 3646 633
5979 10223 6332
6644 9145 9043
10327 19999 6228
4749 7786 2978
1085 18263 7603
2867 3902 7502
1139 5175 394
2058 14096 416
1407 12345 1682
16680 19036 3018
5542 9462 5666
12023 18825 4688
1124 3194 1457
16951 19269 1190
3134 3558 6248
7894 14090 9436
13871 15462 5641
228 344 4087
5479 7042 1894
5288 6728 4177
1171 3028 4475
1806 4160 7575
3054 19430 9267
2176 7692 8972
1403 11389 2893
4936 12456 7729
259 15315 319
7173 9258 3913
5030 10145 5796
3774 5387 1241
9204 11533 1420
1108 16428 8615
9259 12118 827
3678 16623 7269
382 15571 3317
350 3131 6756
6485 9944 5954
5872 6229 8985
493 6663 9430
458 17615 1760
3730 9692 5351
8518 18185 5218
3885 13263 9512
12980 17149 2383
5386 14545 8250
6666 9525 4291
1443 3488 5019
8796 15751 6708
8219 10443 7571
775 1716 6906
45 15614 4740
1 11801 6347
7113 15460 3248
336 13430 9652
3545 15317 4083
10292 15303 4046
794 13745 6637
222 15164 328
13223 16032 851
12473 17734 8773
8858 12297 7550
10221 17783 6348
9464 10724 2292
7801 14760 4986
11060 13984 2246
3610 10031 6665
4621 8248 7399
5184 19104 8528
2813 13251 1756
609 13311 3294
2554 11848 8682
5237 18668 7966
12577 18070 9210
2112 3925 1299
2574 9597 1596
5468 18324 4723
702 10251 8901
2176 5588 5757
5275 18834 5067
994 1203 3820
198 4661 8398
12324 19315 9563
11359 15051 7387
3644 8828 1139
1887 14990 2156
4910 7183 1812
14879 18873 5272
2405 13902 8608
5568 15596 5337
5452 18133 5344
1070 18680 6960
9069 13720 9415
7492 10021 9986
1956 8900 4052
5943 10841 8290
2210 19085 4972
10584 19551 8052
166 7841 6282
2814 16771 1426
2594 18026 8799
2581 5083 917
16679 18346 2511
16564 16809 5629
4024 7431 9823
2438 3718 6790
92 219 6549
7662 8590 5536
4084 14676 759
5275 6263 6906
11858 13627 3084
874 1155 7978
1040 9046 8610
551 6625 6270
13610 16683 6626
4641 16184 7142
15275 15357 1150
1433 14938 8252
615 2769 2218
95 3948 1138
4078 4481 7803
9136 15371 3919
9184 16975 5159
6672 18758 17
1340 2500 2637
9203 9774 5058
2237 7680 7551
4499 10456 48
84 313 593
8592 11536 3688
2735 3542 7971
3574 10329 1563
2739 13888 1885
2422 18758 8803
794 15584 7960
1781 13947 2820
3346 6681 9317
12786 18403 4167
6712 18378 9357
2121 17002 8873
5875 8320 4950
10373 15358 6933
7341 16641 2116
1162 8140 3995
6258 9287 7535
144 2469 4243
1826 9541 8753
10799 11657 8603
9339 12988 2705
1576 14789 2427
10050 12797 9518
2052 9914 9198
6262 19292 2600
5440 11422 5301
2648 14732 4585
2366 18469 5575
6860 10692 4532
6352 9968 6000
1421 7668 5290
7417 8304 9736
8532 14847 6445
1581 10633 8654
5673 12481 3081
2922 6364 1663
16929 19429 6251
11116 19175 5814
14000 17006 8516
988 8286 7706
6170 7851 1353
641 16309 4463
2202 18575 7731
2831 4680 1797
3121 16658 3993
209 1314 6989
1237 1522 8065
4663 11417 714
4802 14108 9953
19 12038 5336
7526 9055 8260
11224 13003 6322
2842 5073 8360
954 3546 9012
7731 12953 7935
10469 19232 9891
3500 11106 4250
8823 10248 4245
932 12245 6106
669 3302 4263
6547 8991 8304
17737 19571 9947
16298 19227 3650
703 4194 8186
3736 10312 613
7831 15988 877
13846 19800 5588
15676 16826 5223
2175 3702 9302
1123 4448 9371
3064 7113 763
1201 12019 4684
4825 9158 9815
5081 15945 4246
6772 9432 8651
9624 11887 405
1696 3709 8025
1362 12181 4291
6700 12764 7717
2515 6139 966
16791 19045 780
4919 19089 4051
421 1920 5522
15295 15620 409
2389 10226 1935
16573 19700 1645
9669 10098 3664
1665 1718 8445
6696 19826 5201
5810 5969 4293
9673 12363 6384
428 4061 9716
178 9853 5735
3052 3283 6278
565 5166 9723
4140 17652 885
12459 14426 2725
12769 18871 9935
360 1373 6659
10766 12161 7851
3544 18355 1272
1715 16008 4998
1280 10684 559
4320 9238 2781
1181 3416 1214
8245 17374 8623
41 14298 942
13950 19763 9493
7012 9664 1855
8676 11464 6692
1215 19214 9328
1535 4885 8037
36 3787 9194
7140 9248 6093
5071 11197 741
1520 1730 4869
3430 5284 5539
1801 10167 7449
686 721 6411
2415 5168 3460
6664 12078 6967
7725 8889 9848
2697 6173 4063
9381 14224 4606
5988 11300 1156
5710 10288 2420
173 16197 8747
8588 12755 432
11406 11910 6264
15959 17375 3659
2143 19927 9835
4311 4425 313
9304 19787 4904
2351 12807 17
13420 15224 8284
10645 13054 6536
6334 13320 1604
5755 9159 9170
1206 7617 4950
1699 19683 1710
5575 18608 9736
1820 12204 2757
13601 17979 9348
2051 18124 4963
142 3932 8916
4684 13388 8001
10450 11992 4944
2200 5925 7140
9799 12460 4151
1512 7936 3679
2253 19790 785
8053 10149 845
15859 19850 5166
614 3853 3441
9228 15191 4272
16388 18406 6238
278 5096 6238
1168 5023 8512
3412 8833 2027
2040 4361 8897
152 4554 5608
1394 8215 4850
7976 13945 5605
5975 12140 3853
1068 3487 9051
3120 9759 6032
1035 17803 9975
4030 12351 8771
2022 3082 7101
369 11775 6540
5726 5729 6163
949 15877 5480
12126 13052 6364
381 5126 3524
4127 4786 1764
1355 2337 3767
1762 16827 3582
1401 2066 5187
644 1099 7031
7682 9258 373
910 11470 1649
1373 17056 5331
789 6610 4674
3977 18336 4525
3291 10069 8489
452 482 4163
3734 13143 9363
6132 19200 135
7975 13365 3239
3778 18912 7499
7907 11363 1153
8499 9894 8069
1340 5527 7585
1499 14122 5759
603 3755 2292
4703 7218 9819
11955 16966 3999
18026 18610 5113
2276 11193 3013
1109 13084 8827
9684 16942 7719
1855 2946 7903
7801 11042 5937
6313 14261 688
1186 6025 5615
1999 9282 6767
1401 1575 379
327 4469 9859
9956 19931 4631
11867 16239 7623
3813 10741 4035
1198 1252 2641
2700 10848 1892
5197 8454 8749
560 6300 9701
13640 18817 8718
234 12450 5026
13217 18758 475
4707 10701 9577
6576 15692 6888
2193 7963 1108
3502 11964 8398
84 350 96
2446 6340 7777
5304 19088 7457
12878 19882 673
2043 3598 16
9385 15504 908
876 1319 3457
6696 7402 8713
6617 16054 1394
16879 19815 8410
5055 5593 5507
350 15109 284
9855 14694 798
3654 15158 8486
8003 9046 9785
2514 16568 4559
1964 4005 4736
4023 12203 3697
5182 13940 5081
2119 10086 7832
7312 16099 34
6534 14234 1713
8760 11505 3596
4455 7449 4231
16458 16498 312
12836 15596 9074
4512 11238 4745
6336 10301 4367
7149 7346 4292
11431 16962 8927
4923 7326 1302
6822 15123 5593
3398 18978 1906
5052 5890 496
11010 14379 6838
729 15047 4244
240 941 3102
5857 18517 4066
10942 14590 9514
12478 17789 7667
3395 12067 1218
3395 5207 6324
1212 13167 2072
4409 6730 4049
13073 18910 5858
2229 16106 4070
9737 16643 3744
2176 12058 7222
2499 2630 2286
2034 5047 2132
1315 17000 8103
145 7204 9093
8029 8508 8169
3380 16540 9344
6944 19513 4379
520 579 1509
5759 9005 2032
1957 5320 7722
3996 7668 742
13462 17597 3029
1062 9484 4803
10759 14143 1705
13009 19933 1318
1391 17045 5273
12194 17388 532
3321 10196 3053
1308 11047 8178
434 2798 2581
16996 19506 4438
2391 8239 9144
4074 9225 2828
937 19034 8877
1899 2817 8989
525 6428 6775
5267 12008 4796
5341 9759 2861
9392 11838 8992
3594 18893 759
5292 13355 1851
7096 8497 9260
765 17841 7449
14390 16173 2744
4208 18115 9359
4512 15204 2313
10746 16593 4191
3872 11419 8347
628 12415 1457
17388 19559 1276
841 19997 7794
1087 2560 6788
261 262 504
86 17357 4614
6587 17779 5955
16548 16565 2560
105 5629 3630
6663 11051 2157
752 1960 9902
3395 9584 9074
4961 15597 4776
608 4871 4211
4178 9019 6739
14217 15214 1879
13261 13707 3271
12702 14857 9204
5603 6058 1079
2398 3393 5147
808 19438 2542
9062 10682 2445
6530 12321 1320
6157 13344 6787
16076 16181 9339
518 6553 4786
2961 18758 5403
11268 12859 9292
7062 17498 8652
1491 2033 7686
2372 4433 8534
9133 17912 9078
11753 19457 523
67 858 1202
14734 19804 3318
6301 12387 7152
7271 11598 7319
14463 14826 8885
2158 18974 3170
5906 7694 878
11257 16936 1893
9439 18479 9377
402 19241 9957
11031 11955 2095
7645 14814 289
4079 17935 881
5175 15038 3387
1825 6378 4768
993 3550 3677
4147 9174 1632
1004 3304 9502
4838 5248 5974
8050 14335 3473
8302 12586 4998
5994 15347 6511
12793 18748 8107
143 5797 7915
2181 3054 6813
4319 4728 6673
16714 18076 4502
2396 14777 9488
908 11104 8215
282 14169 2426
10011 18873 978
4740 12636 2518
12448 18761 1009
6054 9438 2399
2523 6783 6956
408 955 1435
5335 11315 6828
15807 19174 5938
13163 15434 2376
352 4732 8758
1890 3350 202
656 7185 990
3970 5162 5249
10035 12023 4381
584 3883 244
990 13706 9043
12794 17519 6474
2536 13923 7693
1493 16405 5972
1447 4543 7205
10951 11619 6160
2884 4373 6584
4652 12860 4861
13869 19144 3882
1122 3752 5427
2231 6728 7744
3746 19544 5385
8373 10594 7059
8089 15358 2256
5916 9000 6087
16020 19997 1245
3364 5546 9787
11245 16804 4118
1652 2371 6684
911 15450 251
2442 4253 2991
8776 10999 4262
2293 2295 1591
92 2086 9630
5507 8366 1385
12995 16791 9182
491 1659 1898
2897 8260 3789
1700 4950 3193
1649 15219 2429
2328 8155 8571
5123 16881 2388
4111 4750 7040
10410 17507 6971
639 4220 6920
15874 19453 7881
1264 19550 1011
1219 12901 5676
767 2439 6083
3589 7137 331
2900 14907 2994
17145 19494 8518
7492 7899 5500
2300 9563 7447
2556 5580 4644
7756 10546 1888
798 9864 7214
4023 4219 8474
13218 17044 4442
12814 19053 971
2904 19156 489
2257 9346 2906
5954 19595 9855
7785 11570 5337
2041 7681 8218
832 16260 5007
3393 8826 2768
147 3876 1219
13553 19853 5720
627 3055 2895
4337 12699 8794
7598 12308 5472
7992 9377 3305
15472 16559 1547
882 17567 5308
14293 17304 2635
3970 8755 3011
5089 7296 1543
9656 12126 9802
2914 5646 1148
1411 19353 1431
4508 5798 2795
11521 14129 1795
13812 16597 3643
5820 16069 1448
4039 10667 9258
8528 12944 4528
16633 19236 7918
7010 9161 5488
11867 18119 4321
7456 19215 3805
3789 15370 2134
12825 15515 3661
11556 18967 8402
9365 18304 2539
1915 1958 1163
12701 13892 7973
1333 13846 2310
3844 18918 8043
1724 10493 7015
10373 17506 4514
13168 13338 3524
1286 8443 7069
4974 6659 6476
8894 14831 1011
207 645 269
6263 8442 2581
78 1249 2050
3212 14944 7464
5472 10069 8728
7402 10845 3958
703 6198 6499
215 14303 2273
1567 13957 3991
5566 11137 8426
481 5096 7512
8282 19932 120
225 2922 5541
3792 5264 9573
758 9065 3165
986 7614 8503
130 7499 7830
3089 14339 1170
12003 14523 2650
931 3641 894
7939 8215 7868
2331 6989 5520
7967 10392 7815
3874 11943 8209
597 763 4222
135 8388 2603
543 1109 4706
3566 6770 5529
230 547 928
10204 12953 6638
2612 10020 7755
6228 18178 2100
2458 19136 4587
7273 17242 3433
6398 11931 1095
8026 17248 3523
17850 17887 5981
2281 11603 9524
3486 11276 166
7059 12516 7565
2908 12819 3331
13583 16718 1971
4675 9332 2053
1893 12442 2887
2178 9974 6081
3121 7616 7360
148 14392 683
1734 5855 4281
1616 6032 2959
8560 13189 4200
4795 9158 7944
7979 10480 9615
1888 15154 7455
1654 8602 9421
3884 17717 1708
13817 14967 1077
199 1058 7499
3704 4445 7552
1021 1419 5545
8837 15626 8028
6131 11854 4167
2027 13721 5632
5591 11985 1375
1505 7617 3831
120 360 8455
8715 18214 128
12323 18875 7234
6301 12562 1295
7891 11418 5308
6196 18807 7735
8520 9169 9094
86 3714 2362
2635 4075 7989
232 5764 1317
17065 17909 1218
4819 11839 4718
10282 19111 5869
8163 17191 7720
8732 11453 7018
5310 6363 2209
4231 11245 7679
1513 14924 8716
11521 12104 4001
5632 11129 5644
3388 12994 2147
3224 10386 4857
8597 13950 1361
9629 13281 5439
126 369 7411
724 1128 9557
15377 16905 6894
13813 18848 8594
11476 11951 7411
14799 15059 4978
2092 14414 3332
2476 19159 9128
131 4026 4823
1573 2871 1451
3983 9915 9683
8111 16166 2960
8553 18558 6015
7750 18820 3596
3668 12008 8940
6934 7764 1399
358 11440 7896
9713 10247 921
916 3282 9121
48 8335 4467
8929 15840 5669
731 8798 7090
7168 11316 1941
228 12749 8228
123 9614 6616
1508 9817 2769
9471 12373 9538
1329 9491 3833
2357 18828 4295
94 14434 773
6866 13024 8564
4707 19375 8010
10700 14333 2804
7536 15728 3510
948 1191 8773
4274 4491 4021
1416 16654 682
3723 9736 1242
840 915 1377
8385 14906 2779
5454 7112 1064
866 6616 2985
3740 16052 9645
11312 16076 3590
9390 15769 6301
3907 3971 2054
10847 15862 3126
17054 17381 8591
9074 15600 2069
7049 19297 8524
2964 5808 3155
4370 18004 5077
17356 18740 8401
597 16707 3652
2136 5101 2418
4507 6528 3454
10438 13535 739
10257 11051 4815
1819 12087 2901
1884 7537 7406
250 1138 298
10293 18868 8076
12349 14080 3844
8177 13557 5102
478 651 3688
7795 12567 6839
4131 8499 3941
1424 3662 980
13610 15527 4734
5669 9490 4234
5358 18019 611
9748 19806 1186
8944 16859 6177
3596 3719 3726
974 3966 9611
16967 17703 9195
4057 4705 4647
2765 3796 7711
991 3294 3962
11376 13928 2681
15571 17600 8613
6440 7324 8157
8134 15696 5784
8164 10294 4006
2868 3867 8256
15407 17018 6653
5488 8218 2000
1901 2958 2379
3364 4469 8398
2752 17311 2526
4419 12852 5868
3922 3974 3815
146 1013 5216
2037 10378 2312
5998 17571 9333
8799 19009 3209
11245 13328 50
1958 9315 6203
2026 18385 650
6277 9306 3596
4516 6457 2642
5944 14242 9775
8753 17693 9961
2493 17680 1132
2360 4505 935
1385 12849 6728
10041 12527 1505
3112 12015 4385
6934 17553 7324
2344 14131 9046
3822 5150 5412
4489 5499 7134
3139 11088 1191
6546 8099 1391
5487 15402 1750
1933 2128 5759
9153 12951 8682
17002 18769 281
4102 16733 1181
2805 15049 6591
344 7686 550
3451 4175 2301
1093 2343 1754
443 18373 1881
7350 14233 8904
13142 18786 5781
15572 16809 7027
5045 15362 4810
2857 7708 7190
451 644 6499
10645 12149 3591
9151 12558 7629
6097 7673 6456
2098 11538 922
3486 8125 7638
7323 8769 8073
11518 12323 8478
4115 9355 9332
11489 15522 4024
3912 8870 9668
6094 8569 7529
4674 9415 6668
9090 19085 9003
749 3037 530
6805 12189 7539
7141 19531 4845
2460 6302 649
1147 12475 798
344 1646 4791
8672 14459 2144
6507 12390 6946
10436 13303 7274
1539 6962 9827
3118 14457 8848
6904 15468 1355
3246 15528 8522
13188 13686 7344
3416 3689 5478
5812 16727 7090
290 3693 8353
2801 11554 5286
12186 14398 8021
4291 6664 8459
1745 6639 5585
6911 13204 7093
118 16878 3760
581 2159 7233
7792 10149 1152
1684 2445 6664
9394 19103 4167
15020 18890 383
15187 19372 6166
3705 6361 2649
2408 11148 3338
3120 4369 6975
783 16002 3949
1513 8343 7262
4273 15281 5660
6781 14219 6599
13172 15392 3008
2816 7148 6407
1977 4158 9628
6812 12029 2763
2270 2354 4529
5722 6332 6560
654 1792 4834
508 18635 6803
487 13682 568
10103 10215 6407
2753 8067 6772
2674 8090 9946
318 12992 8119
5203 7025 7789
2852 5650 2181
4010 14086 9305
17932 18810 1071
3373 7473 7322
966 19470 6837
10294 15771 4332
18086 18924 4092
2563 7316 4394
6232 7168 9228
8338 11965 7758
2529 2995 9673
827 1173 6164
5367 17781 5048
14356 18164 1411
9522 10917 2316
3875 18493 8456
19608 19664 9487
1047 15465 1089
3124 7504 7436
10243 16974 2666
1205 6044 7185
4101 9246 1346
957 1356 9835
7886 16694 511
11003 15601 6116
1981 6710 6921
3190 17421 5322
1161 11908 7309
2820 3990 2567
5588 6753 7503
1320 15739 5608
5481 10435 3440
9213 16827 3208
4056 6576 1475
8396 11073 7405
14837 19087 5206
12689 15395 2673
5956 11707 9670
1055 13842 7971
894 1856 3518
6793 15197 15
1562 2564 3893
4608 16924 1618
3658 8838 4796
1477 6045 4249
322 6912 8070
6571 8156 282
15821 15899 6440
2129 4841 2410
13067 14507 5911
1522 13642 2617
152 5016 1908
5265 14433 6444
16323 17199 8807
4588 18088 4270
987 14752 6374
3753 11624 8210
4459 6387 4663
14227 16051 3840
1486 2476 3744
7708 13372 193
3118 6256 4175
4675 7896 8019
5739 8710 2613
6781 8637 8660
1832 14379 2262
11784 17744 4424
961 5313 8175
220 18431 6744
14408 14567 3717
1610 14009 3296
3692 8991 3144
1757 5302 897
9434 11789 1154
19472 19516 2060
1184 19888 3753
532 7666 5820
1941 6630 1433
13449 18502 5514
4221 9612 7995
13943 19960 401
10068 12022 7994
11311 18392 7471
12558 13709 4188
17012 18485 2821
5110 7992 625
6140 8672 1509
3329 9421 1507
1120 9436 2887
1356 2274 5600
3766 8812 9821
14900 15625 1101
5988 10418 6546
591 5960 8261
4249 16537 8237
2149 4401 1289
153 15899 7903
10482 19128 8404
1256 15396 3956
10206 17370 6495
8893 14093 1886
8453 11101 2862
5759 14727 5349
1891 2217 1594
3786 11405 9814
14297 18209 5184
3267 12868 8716
6475 16431 9948
5533 7118 2430
2261 6002 1563
15251 19095 6633
1652 8724 6298
6775 12263 4890
3418 13812 7630
12555 16551 5725
15171 17469 3818
5906 16393 1327
2318 14252 6498
9737 16340 2976
1072 2047 9967
4818 18223 8707
4757 14408 5792
8519 18437 1757
4980 12145 9800
9980 18567 3364
3425 6093 9068
9606 17709 5504
5256 17305 3014
6852 18435 1823
11235 16356 6078
7366 9525 1059
9618 11204 5904
15398 17214 9950
446 512 5235
2769 9051 9025
6392 15903 7855
5030 19635 6095
3021 10608 8687
4770 6319 9019
1837 6059 1249
358 4858 9272
1104 14366 3891
7700 7718 7839
62 1826 13
12132 18146 457
1088 18189 6067
15724 19443 4746
3372 12935 409
988 11424 1460
10596 14629 4391
8019 8890 263
6059 12373 2352
14864 16654 2385
4455 18239 4494
2915 5870 984
2607 3251 382
4004 11086 32
11863 13906 8421
2877 9323 8658
252 16593 4871
126 282 8302
15685 15744 3743
796 16356 2552
1694 9555 2774
7164 12388 8437
14180 18686 5466
9319 11131 3847
9675 12073 1519
9596 12985 8656
5603 17766 4989
6538 12509 267
15964 19957 5040
1776 16382 1321
1695 14407 9566
636 15325 1731
1427 6716 1333
1632 16669 4435
18808 19726 4491
10635 15112 9553
243 563 2174
60 770 964
193 452 5205
8735 13357 495
19032 19231 6192
531 986 7893
10451 15051 3217
6857 10012 5189
1476 8654 2163
1375 12124 4246
11402 15249 5352
803 923 4925
6882 13739 2146
1117 1988 846
2084 9148 1182
6199 12397 3533
12535 12538 3373
10671 15776 2768
3807 6398 5501
2481 18877 8028
4628 17810 8699
12490 18389 3228
14249 19063 8442
9147 18024 5143
339 364 977
12378 14203 9134
7900 15700 5981
12259 19701 9487
1146 5531 5833
1381 18295 510
12120 17380 8301
10080 17870 4467
8924 17603 2733
15555 19864 9252
9076 17079 1313
15002 18196 280
1036 11517 2010
2914 19886 2159
3964 6023 617
12044 17768 7282
8366 12410 1440
1689 12551 9242
10203 15225 6312
13230 15023 2364
263 353 1464
7793 19508 7006
9173 18529 2321
6580 9011 6267
8609 16725 6168
2613 12201 3645
11788 18385 1127
2557 17313 9451
3532 5672 2545
3965 11783 1265
643 4761 6042
3808 7846 2457
15032 18824 4731
511 1540 5463
2100 2378 1887
1455 6330 9997
3987 16192 1482
4572 6507 6761
2878 3015 917
274 7445 567
15603 18537 4149
4372 5194 9456
5863 19403 906
7374 19399 6343
1276 15581 6272
3181 15171 7642
528 2133 1126
8983 9280 8694
3186 3783 8345
865 1085 986
596 1343 9346
6110 16085 6676
4575 8951 7231
1099 4132 4030
2464 8701 2374
6498 10341 3526
18429 19718 5407
15236 16364 7040
9223 18522 1886
2908 3597 6881
9820 10675 1528
2615 13194 9304
10780 12024 1312
16510 16535 8481
3762 12366 7315
7175 13884 8825
2967 6983 4949
139 6722 3257
181 345 4335
34 1228 5122
12380 19790 4650
1367 4120 8720
7251 8323 7917
988 1122 5978
1552 4010 7116
2648 2740 1662
6862 11337 2085
2943 5417 6201
418 11279 7980
1785 4967 5933
18300 18587 9811
14849 18958 1359
14306 18020 4399
477 5790 5743
13616 17321 7825
3060 10316 4917
11401 15652 4541
4943 12316 3492
6256 8033 9114
7951 17347 1867
5293 7781 1060
6420 19666 1687
11903 18748 2907
7370 12524 4620
17287 19290 3053
7132 9893 9552
329 19706 4451
786 1430 5582
3055 10234 918
5024 15025 826
4610 10514 3758
1886 18110 8980
7 11319 9526
1147 4367 7621
5924 15172 5305
15019 17532 7849
6767 9594 9038
14279 14558 312
10286 10892 905
2740 15862 3051
1906 3800 6768
3354 13257 3765
12132 17364 5192
9044 10692 3660
919 6866 2551
3489 9423 619
2122 4640 3831
18645 19410 6977
6572 9832 6214
11638 16358 167
1371 2661 1986
7609 13194 2801
6033 12258 3092
8830 19254 619
1450 18367 2022
2601 17811 4419
155 1947 8614
166 10383 6977
4699 12146 1359
4369 11196 2486
6671 16305 4022
14556 17553 5417
3803 19419 3039
2671 15176 2670
885 2360 8798
2634 14550 5742
5288 14471 1052
10682 18399 1283
955 1041 6087
6327 7813 3996
217 1311 2861
3867 4989 4869
1942 8937 4857
14169 19312 7581
3829 4330 2884
10694 19806 2129
142 2246 5421
2368 2970 2042
4570 11017 1566
12168 18056 9069
3265 9310 883
12084 13219 862
4097 8577 2008
9435 13449 4875
107 3033 8870
1466 14092 4770
2633 2686 3766
6045 10335 4803
8723 16997 8677
571 1502 2659
6002 18803 3242
6874 10417 30
6076 15203 5764
9279 13974 8158
532 4053 1438
4912 19801 6662
553 3848 3713
607 18944 4693
5867 19600 1368
13228 14000 9875
4515 18637 3746
2807 17263 2601
12664 16536 2373
3738 5075 6178
209 13451 2532
8420 19811 2886
4468 18146 4308
3915 11060 58
1407 9878 2531
6684 7859 3299
9508 13051 1649
5065 11885 7342
152 6108 766
10608 15178 1854
12361 14808 9274
7329 11392 3275
651 840 9491
887 7020 2681
488 3930 9016
6344 17197 3560
9818 12311 3028
459 16764 7117
2608 5495 1161
17553 18408 601
5432 17126 1351
4803 16406 7324
1710 8061 1037
11314 19943 3388
6487 15237 5423
4700 14517 35
18134 19241 4607
2672 13262 3434
1608 3626 7283
10051 17476 1086
10654 18680 1275
10019 10170 6843
14004 17619 9271
3250 10434 9906
3340 5085 6398
6489 18355 1951
11547 16788 9502
1605 15233 8435
2785 19952 3128
2403 17891 8482
15799 16577 8516
2247 5713 5346
3814 5831 4893
7872 15871 1553
5522 6468 133
7381 7630 7109
10205 18184 3983
13081 15437 5376
3630 19492 7444
622 814 9602
157 2525 9423
10321 15159 7948
1151 4006 8605
4283 10212 4407
15965 16624 8195
15568 19986 5981
9720 13541 729
2547 5327 1520
4618 19358 6488
9888 10592 5414
4694 18295 3295
6007 8267 5728
11597 14666 5751
216 17412 2283
18638 18845 8184
5169 15092 9721
3709 7125 7879
1181 6739 6097
7348 13330 2902
8200 15871 7457
2148 4073 7047
15107 17287 1962
39 163 5872
8643 9109 8767
5060 6848 9111
2414 11498 2274
17557 18074 3610
4549 19534 7208
6906 11858 965
5163 5493 2723
502 17831 345
266 6294 2226
12716 12913 9436
4354 16672 5288
2644 5378 6178
8932 12451 2510
11092 11856 5134
1340 6861 9888
1999 7318 5966
11632 13423 5137
5606 10216 3432
8374 15687 2279
1192 19574 5125
24 2502 5230
4271 16628 5940
11296 14434 1687
2841 6007 8105
8338 18747 7977
10942 12420 8995
3788 3809 3600
109 4715 7462
2491 3371 7951
1383 3051 9956
18354 19075 4463
2138 5246 9396
179 5882 5615
474 1527 4204
645 4551 8829
2484 3096 1224
12381 14411 2963
4791 9854 291
3924 10418 2950
146 10572 2244
11482 16625 5727
12297 17420 4037
17401 19892 5194
13859 17350 9608
1949 9378 9137
4453 10129 1473
15580 17655 2539
6609 12415 9107
2922 8420 428
10541 19136 9273
4416 4664 5026
6954 9114 2110
47 1426 4037
6085 10758 3
5910 6133 8016
5052 19229 108
5939 11474 8393
19261 19584 5583
18064 19018 8081
15900 17855 9475
4301 10585 2627
8747 10005 6975
642 985 4894
6657 15177 2679
1641 12181 5190
2853 4295 9592
2113 3561 9242
9848 15871 5188
6842 7438 8058
436 1186 2972
2841 3264 4794
4976 19161 4870
18193 19093 7579
924 12977 3270
6977 17710 2309
5354 12549 1984
3770 6452 6617
7547 11736 1882
7025 7026 3696
7582 15091 7350
12741 16725 2196
8281 12266 283
2054 19976 5307
6447 10134 4789
113 13736 5882
5831 15340 3157
15718 19396 4565
1319 1535 259
8061 11705 7761
5571 15508 5579
5449 14245 7539
3550 7928 4141
590 16053 6425
1718 8249 9567
13246 14975 9656
9012 17405 3539
15549 19122 1155
9666 19139 2293
6037 8034 566
8406 18643 6952
11139 11987 3570
755 1352 4971
2940 3198 378
3589 9540 8302
7937 8807 5437
3039 12898 5065
1797 13789 1523
7577 18229 4488
3854 11250 2035
37 4746 1269
6788 14708 5603
7196 12928 7227
12379 12636 7501
2328 11645 1409
9244 19555 17
478 999 1032
12714 13957 2489
20 1205 1039
6020 11999 2044
2393 6505 2647
8991 11614 952
11124 15805 7513
483 17033 2048
5305 8967 9696
11473 17524 7585
10231 12406 5335
6259 11636 9580
6667 10767 1235
5105 17564 6903
2096 10580 4214
4319 9855 2439
2472 14048 2125
355 718 848
1543 11430 2682
13867 19719 62
10448 15616 3466
8104 15403 7594
6295 8364 8360
6190 11320 3192
8656 12995 910
3456 18674 7763
460 1379 2383
9827 13798 5786
5159 10954 5338
856 1739 8076
3426 9304 7438
141 8646 478
4810 4915 3529
6682 10550 8786
413 4923 3132
7228 15027 1119
2752 7892 2627
10746 17151 1024
2876 4076 2495
14500 18125 305
1050 3824 6235
4668 8436 4487
154 2634 4028
11204 14761 3839
554 881 1918
6663 9089 9959
100 175 4350
3150 17963 5758
3899 9141 7250
1091 1625 5085
1372 1558 1163
1358 15522 717
1342 9368 59
1824 14548 2097
15569 16488 944
375 4912 1502
4757 6971 2472
251 458 3990
5767 16111 7085
3284 15973 2411
2675 8027 4493
2764 9871 8439
12119 13000 574
8691 11504 3139
4126 10040 7751
255 16285 4814
11088 19407 8091
2550 15086 7341
4442 5658 8560
6846 17674 6302
11148 14195 1959
2477 16520 7958
11007 11914 4999
1926 13121 3432
7984 16248 262
18279 19669 9816
5169 6558 274
5746 16403 3471
5517 7042 9552
7791 8577 70
780 1423 6141
6719 14551 3296
14221 17386 6936
4109 19273 2232
322 14000 6099
7794 13176 9722
11032 14685 9683
11384 18752 7571
12394 14177 9040
798 4493 4774
5342 5630 5269
2425 11536 7153
1343 15548 1461
4870 7609 8950
9632 15997 4375
10540 14629 7092
9431 15182 5480
4202 5289 3404
15021 15908 793
3464 11224 1999
924 2261 6452
1262 9991 2296
4004 17793 6251
1438 7515 8881
4405 7151 4709
5137 10772 1552
7222 11180 2622
15098 17617 7352
11950 17394 1155
1163 14347 1303
11930 13197 9247
770 17056 5295
2646 15565 6874
5691 8839 6668
4436 8419 4853
1486 1973 6175
16895 19060 8615
12422 16186 3857
1743 2213 8868
9547 16036 90
4046 4051 503
10095 13465 852
5121 6132 3308
3998 9742 523
6619 16512 1425
10097 14730 3127
11902 15425 2184
2970 19132 9804
11104 19609 3230
17582 18537 6800
7341 8739 329
3897 10172 8987
13860 14992 2905
1943 2768 5670
5387 5576 757
17211 19771 4336
14331 15499 2095
8771 9499 2531
4044 5766 1238
1386 16844 6068
16146 19976 9138
11707 15635 245
3944 5361 5977
3083 11811 545
12294 14399 3056
5499 17217 1837
14918 15074 115
12549 14643 6176
10582 11416 6917
4959 8667 5822
12410 15963 9061
2262 6010 7933
8828 18255 4402
4347 7540 1841
1978 8142 7275
2 7171 8530
2203 5994 6456
1631 4212 3439
4722 14410 299
10408 13133 3400
1095 1307 8692
2161 4625 2400
5548 18945 2405
5035 14786 8225
998 9866 5593
768 3951 3602
725 2050 2940
7785 17826 6364
362 8757 9874
7336 13750 7155
5756 10530 780
8347 8507 5890
7468 11182 1563
1561 4551 1722
5880 18839 8274
5096 9265 5503
17115 18288 9850
364 4337 3148
11664 16603 6447
10454 10532 3480
12530 14329 6936
12571 15111 5678
1354 15580 5916
2620 6010 1461
9612 16329 1092
634 7648 2550
1265 15602 9565
370 549 1593
2556 4479 5485
4460 8334 5106
385 967 6749
14361 17621 2771
19247 19341 9364
2621 6125 9010
1151 15552 4936
6859 19810 2553
13016 19588 2279
129 15412 5005
13397 15140 8921
10520 15945 8383
3497 12056 7207
3750 10604 3206
9714 16508 5543
12425 14313 7029
6114 8164 1079
3218 8718 9057
5298 7756 1856
7085 9500 5797
8064 12670 5062
8101 19155 9886
3180 6470 1155
6855 15504 2485
17126 18888 4062
5293 6693 94
9260 12729 7235
492 606 8927
2506 4041 8321
2206 2633 8729
15145 16575 7262
6342 12023 5643
15903 16236 8432
13762 17599 7724
536 19285 4328
3000 6037 4948
7008 7333 9089
9819 18744 5698
8324 14128 822
3437 6056 4940
7136 18088 419
7619 9858 7769
7526 9172 8489
5038 15469 2216
212 1717 4123
2081 16447 4026
11602 16757 2221
914 11622 2387
1036 10639 607
6828 10298 5756
2855 7321 3508
1652 5018 8365
1452 6736 687
3617 10666 3049
9673 12596 2208
4177 12085 3980
16083 17690 1333
2749 12085 2119
8774 12277 5684
14129 18372 1590
10137 15023 1929
4444 16571 8881
3944 19505 7426
10419 16319 369
8823 13123 1595
12834 17705 9263
858 19860 4109
11311 16948 8398
1948 10798 7455
4917 8822 5921
18160 18603 1715
19031 19842 1139
6696 16349 3122
17988 18164 7401
7709 8618 1981
131 1948 2276
1033 2787 3384
492 748 6931
4760 16898 7005
1708 2049 6136
2222 6203 2231
422 10823 6594
3401 5340 6243
4954 10633 9712
424 15670 5530
3735 14727 5281
4866 11039 63
12933 13853 3274
3181 19889 8063
7685 8954 4815
6698 17799 7682
1123 7186 2549
5532 5681 5228
15230 19572 2216
149 16399 6461
242 1738 93
4387 5691 8210
827 1105 617
1732 15548 5033
3815 7628 6789
5456 6802 5401
5363 13065 7100
4897 5344 4308
4277 11758 3418
701 16982 5868
7412 8181 937
2176 4327 6630
5577 9629 8618
4528 15306 5685
12748 14649 3643
2367 3132 6756
7479 18622 1909
735 15903 3610
5719 12859 9632
4558 14457 5195
17425 18393 2799
6894 8992 821
13421 19050 5333
7500 15587 7931
7427 16690 9192
9275 14258 7740
7739 12347 2333
1507 18087 2152
12580 15118 8249
6713 7358 7188
234 13630 7644
5770 8642 7797
7179 10020 5102
19439 19875 7365
9796 19466 6188
8351 10083 4993
3100 14003 5694
9521 12336 6860
111 325 6276
1326 2218 2044
13501 13833 4064
854 11741 1393
6449 19602 9401
10963 17906 269
2485 2488 7328
10082 13504 3257
6493 15912 39
7131 16945 3575
336 8656 9345
9083 15886 4333
13951 19136 3907
12809 18907 1357
806 19217 6457
3951 8601 4502
8421 10331 464
5134 12216 9202
6398 16876 5651
5246 8352 3584
10450 15331 4530
10641 11436 7963
10943 13746 3487
47 6906 9379
100 142 5389
479 3375 8555
2789 9749 3448
1082 8334 3906
9024 9806 9922
4074 14740 6957
5437 15275 6853
4283 9048 2622
341 4752 5335
16046 17270 8895
13869 14325 6610
16134 18128 9473
559 1472 812
2494 5731 6824
2229 12303 4792
1057 10848 5024
5792 12813 7411
3414 11045 6359
4288 5426 3424
2346 9883 1513
3532 7050 5941
2848 9798 7943
570 2029 6045
1473 18484 9843
8760 9298 2033
11 48 1863
8799 10167 6057
6358 17320 904
4846 10715 7170
6519 13684 2052
1685 11398 4455
13137 19040 4531
14008 16849 6984
9982 16273 2576
2858 6633 6008
3074 4260 7855
1184 11711 3581
4091 5587 5508
3808 13391 148
93 9845 6344
3476 7212 231
11109 11827 5584
5221 18676 8384
4064 7355 2964
4544 13790 7702
12102 19317 6555
11577 19262 2043
5103 13618 4674
5142 18728 1347
2734 6361 5034
986 7952 1331
5068 12875 6056
7363 12406 9086
9617 18031 9094
7456 8349 8215
8348 12207 4200
10806 17738 8793
3287 7082 2681
929 2448 2271
205 1656 4308
5742 9305 5496
4871 17074 2924
305 2081 9457
2631 9017 3951
8804 14641 3765
8074 10765 3708
13896 14574 4062
4525 10682 266
10003 11975 9280
2612 14809 8705
8490 9653 4458
4728 6473 1801
418 4337 3491
9369 13908 9907
11625 19051 2555
12350 17425 9605
8905 9431 3870
824 8644 2820
1340 15144 6785
3574 7747 4441
16166 17082 831
2120 4137 3843
13835 15106 3854
5694 8467 1965
11925 14956 2662
10179 13261 3279
9119 12658 4541
3755 18910 1133
6749 14139 5405
14027 15630 4476
13673 15807 2768
1450 9871 4288
8351 18777 1274
300 13360 8208
3358 12628 8209
317 17492 1451
10028 12595 9583
331 9535 8477
9432 14060 3777
1023 9408 7839
10495 12783 7209
2515 8068 5285
7183 18660 5692
628 19307 1846
263 1109 8497
16767 18115 2009
1320 2167 5624
8938 15723 8637
2005 6866 5269
6168 8818 5334
4798 13589 9457
3758 11909 8359
2348 7188 5126
1380 7498 9686
4042 9329 5811
4969 16307 8826
12113 15007 1773
8062 11210 9203
3449 19400 7659
2861 3760 4141
2597 4695 2949
2364 6059 1902
3888 12790 2561
2380 8783 206
4065 6267 3457
156 562 9466
100 212 3871
599 2867 1427
5428 11716 5055
1772 12534 7532
3517 5655 8519
4316 6562 2777
4513 16026 4491
10386 12069 891
1785 19443 9976
6222 7856 9686
6323 7378 5753
3026 8843 4206
3982 16473 5531
6544 8126 3596
12 32 9309
8743 10275 2724
1353 8503 7685
953 7670 1691
1057 7416 9601
5821 12381 5469
528 3761 7519
9380 15472 1685
1615 3795 9632
12158 12432 6620
14450 18944 5122
4577 5192 4153
8548 9714 5583
12789 18590 854
6920 15936 7471
10501 15838 8820
6528 12062 5325
9707 11395 2919
11062 12257 7438
7410 9587 7945
301 3922 47
11798 17980 2392
1891 19209 8643
7184 8959 5024
2100 11029 41
1701 17581 6236
10490 18392 8992
4314 16158 6106
2495 12191 4798
4127 6958 9861
10850 14725 5606
2912 8578 7495
3176 18471 6274
172 10336 5500
3166 7395 3021
6077 14686 7995
6370 13077 2654
5498 15461 6275
7146 13403 5814
1083 11684 1655
4516 15461 9934
13861 16732 7755
6507 16223 4051
3318 7979 8474
9964 19112 7700
12669 12832 7752
1045 14338 1632
5024 18022 5792
13303 16633 3061
2538 3757 4120
1513 15593 7990
8932 19155 7490
10780 13866 3585
3988 9143 6365
3202 12087 6496
13825 15102 8683
14452 19120 9360
5917 9216 8838
1226 3939 222
1244 14103 3325
2832 3295 1784
1666 13433 423
5517 8218 1866
3945 10300 2978
17327 19541 4570
6264 10030 6551
5882 7885 5270
1272 15923 1913
2848 9181 6330
3307 9390 5207
2754 7964 4660
434 6334 8878
130 1129 9724
7571 7739 6293
11040 11732 9283
231 13963 1901
8695 10977 2553
1419 15718 6026
4765 6189 2828
1425 1632 2239
10210 11384 8566
10571 16510 9452
194 2215 5859
7455 12453 8351
4764 9356 3291
9616 18740 8116
8074 9158 811
891 1702 2678
11434 11558 8597
6327 17861 9187
5524 18860 763
9319 18605 1703
2267 15280 2464
11347 16591 3982
413 4317 2077
1901 8049 8739
13007 13193 7342
4994 13306 9785
10057 11491 7470
7923 10176 8358
5704 17326 8243
2288 9494 5841
2825 3976 1471
2032 10164 9757
5929 18296 7462
1529 18765 4148
2739 7952 1818
11984 12222 2326
15450 19339 4292
14801 19666 9772
316 1347 499
10780 18124 5028
824 1911 6258
1006 10868 8150
761 10914 2115
3766 6900 5692
1665 7404 9722
918 5375 5124
17396 17578 5513
1557 4802 7444
14395 16401 599
1403 1893 1455
1609 9517 3525
8 9 2421
3715 8905 8827
1934 8525 7291
2563 9521 9963
462 11522 1610
2097 12954 9745
2111 2501 2937
1524 11501 5026
2731 12946 3599
706 7404 2751
1352 17515 4381
4404 7075 1834
2177 14234 3226
10406 18557 9922
174 5412 436
2424 3583 647
7423 18646 1130
18141 19819 8568
9273 17653 5634
3198 5236 4071
117 5533 3389
3491 19582 2187
5259 12287 3182
13402 13729 2718
178 386 4786
493 4444 6877
5455 9916 7821
10202 15920 7377
7675 8446 7686
1186 7528 8237
683 1102 4624
1075 1983 4214
3164 12180 5454
3951 4290 7873
6200 19166 8327
7308 17925 9233
9310 17070 5473
8347 12240 4979
2675 5848 9713
335 2948 3890
3642 5625 4513
12951 16629 1014
8076 12036 4040
1376 12982 8961
12711 16096 2105
18 120 3543
419 3585 2427
17673 18181 8829
116 9093 4883
3770 12670 246
6580 6654 2678
13821 14220 604
2996 9196 6046
3473 13705 6835
8814 15087 3348
6156 9067 7499
8576 16288 4764
2822 15238 5463
3245 8641 5804
9826 10610 8718
1599 5666 8256
3232 12620 5267
4618 17775 2019
662 4128 1459
9511 12043 5108
18601 19336 473
1967 11360 2687
6414 6461 1253
4666 13960 7453
8281 11128 2720
1514 1959 543
106 16847 4811
4795 11892 6065
1406 2230 2597
4108 4926 1994
15919 16123 4950
7409 15571 3391
9792 16543 2102
7445 17200 3278
4869 15852 7569
1238 9100 9483
2460 4192 8287
4574 14387 3069
1871 10481 7723
2879 14568 8956
4405 7410 4614
5687 17565 2399
543 2253 7985
13651 16748 8081
4249 8091 6576
11713 16179 6802
961 2424 142
9208 19609 2393
6095 7129 3774
3352 15214 6157
864 2539 5610
2509 16835 8380
3537 9091 4609
3703 9451 2613
3405 5753 2112
2372 12298 3696
14278 15244 2162
618 11788 6852
5183 12528 8718
2278 11205 3899
5796 16405 1142
979 1224 421
10084 11655 16
10758 18064 7799
2839 4722 9955
3389 10669 2864
757 5624 1274
79 2336 2659
6438 12401 2327
1428 6879 6718
318 789 644
8755 11094 4384
7124 8268 6471
3828 4341 6806
17628 19673 458
14183 18921 7299
3325 19507 934
4929 7531 6770
4197 4412 1815
12280 13090 8479
3211 6153 808
11608 19018 1921
561 9690 8741
3382 8805 1844
1983 14064 3749
5771 16185 5632
7031 8263 9852
1739 2150 6159
7588 16136 4170
7035 13307 2421
197 6346 4884
251 10535 4327
7255 14486 613
2250 17411 6625
282 5215 8197
4702 9298 9864
12517 15459 5751
3374 11612 1050
1826 10546 6670
4230 9777 2804
809 12904 1263
2577 2889 2679
11176 17765 7584
12946 13757 2070
6348 12839 2112
9267 18737 1586
1586 6283 4890
11760 17477 5554
5329 10938 4755
9405 19489 9279
244 1910 7329
4644 14124 704
5613 17433 132
5313 15472 7056
80 9861 4590
4364 14370 3958
14287 15174 3759
6007 10499 1952
10107 14067 7174
996 18641 3098
7806 16675 6471
4526 14590 7282
5099 10561 1873
3291 3820 664
510 1091 5994
4132 11842 6568
690 13049 3860
650 14516 2764
2214 4178 8738
8415 8766 9134
4751 18256 2038
7297 16915 6156
602 1488 8813
15926 19521 9937
4554 17318 901
242 12513 3996
7 1243 266
7191 12515 8991
5776 9912 4957
3169 3243 3928
887 16704 5784
11278 16892 4268
1277 12907 690
4368 13834 1040
5994 15124 1296
5236 10441 7495
1860 16782 7031
672 18329 6017
3594 10906 9092
14334 17438 3204
1395 3858 3514
8399 13479 7263
4220 11438 8017
1663 2055 1185
11878 16061 3437
4361 18543 3034
821 14010 6976
10493 19807 8177
1958 6916 6307
5292 6863 3722
12973 17216 2207
1681 13814 2106
8843 13271 5766
5833 10623 1992
13155 14037 2815
765 2084 6687
6368 18457 6483
9670 14890 9393
5404 7077 5228
1172 13339 1594
6215 12912 7363
14218 17033 4020
12842 16154 5008
6384 16949 9028
549 908 3557
15082 18954 5498
9112 10877 6602
4858 12137 5572
6107 7516 682
5255 5562 1768
629 5356 1983
7531 11406 4623
9519 14974 4854
4692 18965 6375
1990 19499 287
8233 15099 6419
10705 12115 3597
13945 17431 6219
1895 12365 7021
921 17093 8125
3340 7235 890
3125 4639 6977
470 7914 7200
953 13935 4956
3387 4364 3881
5183 6803 4138
16106 16940 9202
9548 10308 8220
10893 18075 2112
12373 15067 3427
761 6086 1148
15212 19368 2874
4164 10843 2161
5 14428 8873
4333 4726 7701
1151 7800 6960
462 556 8493
7424 14181 1909
199 5256 2282
3511 18802 2937
2358 7831 2955
5803 7531 2444
9551 9827 3
14183 15951 9275
662 2743 445
810 4336 7985
2849 11041 5614
2963 13907 4414
4719 8864 1232
285 1693 7703
2659 17101 597
10174 16638 4800
3345 3712 8426
6027 14640 4958
6294 14911 9451
289 2415 4163
7713 13456 6329
5505 7924 1838
663 2602 3727
4123 13632 9178
2369 2666 5946
2762 16478 2207
7214 16513 915
11901 13955 7430
5460 15426 981
6588 13312 7621
5535 15416 2549
3126 3384 862
2697 3169 6149
140 2288 9979
1544 11730 4717
540 13949 4744
7387 18699 9279
3140 18129 5075
6292 19320 1317
8892 17341 167
2555 16209 8755
403 2639 4913
453 1349 7061
6462 8367 2922
10735 19482 4290
9440 12875 4430
13270 19573 1437
5098 9273 8464
7833 9495 8735
2030 12306 6207
1728 6990 9522
11934 18893 7589
10 96 6872
110 11994 8972
1956 10932 7414
1311 3281 42
2596 3044 8568
15857 19432 1847
571 1837 698
2161 14023 3435
572 11186 7882
7747 15459 338
1076 1822 17
7402 18941 4433
10371 16076 634
11480 15628 3731
1088 1522 7
18205 19223 823
17762 17883 5424
208 838 9837
57 17713 2193
5581 18552 4576
9839 18568 8967
263 343 7266
3752 6700 706
126 7662 3276
1839 2252 5740
1628 18202 3653
1677 3609 7212
17176 18339 3232
1032 2057 813
4362 13067 423
13010 15586 787
7414 18723 5009
2417 2905 4855
6312 6480 2048
4192 9150 3110
756 10705 6375
1437 12098 1249
11584 17197 5025
13882 15377 8314
6466 12524 2453
8838 12846 7344
342 13126 7048
14141 17210 1703
3853 8757 8846
12583 17301 3521
2084 18355 3327
15002 15107 3012
4436 18667 4988
6548 10366 1824
1077 6799 3120
5301 6352 6723
9014 14602 4860
3032 3743 8640
16992 18076 7934
3206 3871 2946
796 1904 6538
5961 18000 9788
1364 14127 7011
9849 11722 6552
10371 16843 2200
11771 16018 8245
3442 13436 8061
6064 12257 8656
165 3679 7086
3212 10334 3422
3733 15249 5741
7337 17281 3247
8714 10983 4291
5570 16464 1600
13055 17052 4618
4075 4616 6036
4701 15392 8925
9808 12335 3113
18838 19547 3137
1931 7913 5317
16289 19095 6539
7039 9616 5632
3923 5525 2264
4150 4631 4435
4763 9504 273
9570 19969 117
9715 15701 6862
3719 4853 3966
2291 2881 4676
16597 17953 462
3191 4185 6457
10639 11429 6876
2946 14753 4965
13140 19160 2363
632 912 380
2531 8839 1393
173 2135 9175
1926 2127 1738
15095 15754 1197
1325 5522 7450
9005 12897 8013
6553 16175 1262
7399 14742 4266
1928 9845 6260
9299 17664 6311
8636 17063 6314
5515 7672 2619
710 3385 7471
3750 6114 2237
1541 14149 8287
4981 8721 1478
9819 13772 191
14151 19298 8971
1349 12914 1821
9418 9974 3371
2125 11482 9269
478 5575 5975
7868 19831 8773
6427 17098 2841
8937 15936 1933
1432 2441 510
913 9120 296
1580 3601 8657
11132 13722 498
11957 17204 3250
3864 7066 7245
3192 4543 3390
14160 19674 3846
8794 14037 93
795 4605 5783
9593 16490 5355
3013 3134 4560
625 2642 9397
484 8996 6649
13677 17219 409
6845 10728 7932
3255 19657 3275
865 4019 4483
14133 15585 305
6275 7556 2274
2079 2912 7
8129 17091 6104
11606 19884 5235
4799 11895 3030
5252 11617 6927
12846 15799 400
7490 16067 8194
202 8888 1652
3598 12336 7049
1516 10350 9153
9412 17789 4449
1933 16601 566
2817 10464 9164
3114 13367 3384
942 1043 8897
1750 17358 3370
14081 19097 3169
13124 15148 1252
19834 19837 7727
688 2039 1356
5547 18690 6792
10142 11918 1876
10366 17395 3570
581 2795 8049
17389 19015 8545
1667 10161 6737
1563 7100 3384
3498 18217 6084
11138 18878 5439
10115 17218 3571
6547 13715 5086
2076 15107 4339
2971 14572 9531
15783 18225 7387
6537 13921 7867
783 1118 2581
842 19847 2454
6192 19158 8080
2023 2617 2510
25 3353 3635
3090 5922 5055
15122 16581 6945
1689 16890 5605
4584 12139 3183
35 8054 4394
3261 5392 1359
4415 18185 4909
4082 9536 652
147 9988 8272
2943 4982 683
1506 4692 2395
1790 3148 9581
570 6639 3892
3067 6721 202
7210 17420 3279
12717 15294 7801
408 9593 8176
6940 11052 1459
585 1022 8422
10118 10242 4036
3065 3496 60
6703 7085 3564
7100 12688 71
247 4592 5440
3883 18980 6348
4560 19557 9266
4073 6904 3195
4154 7551 6241
13482 18211 9547
4431 7926 3840
578 652 6571
1240 3089 3239
427 2614 7403
200 15234 2021
888 15763 9317
939 1219 7033
2219 7165 7138
3053 18716 8339
264 733 2146
16805 18839 3242
3486 3864 9539
5431 12017 5356
17240 18184 6162
1654 9177 6071
9367 16630 1111
12811 17360 8964
6938 13524 4110
2551 8919 7929
8771 9544 6678
1833 3068 9961
13849 15745 3094
2616 9526 8978
9210 14749 6690
6761 9369 6297
1398 4868 8562
5234 10536 203
10560 18241 8122
102 8702 9243
12838 16123 9525
6051 10161 5388
4523 4769 6321
1347 18479 7944
13109 14600 5794
4427 18304 5442
5981 16129 9320
620 9001 8327
1294 14263 4208
10726 13732 1537
606 7736 1570
13744 18799 8031
12460 15114 6721
7727 11381 2145
5584 16579 222
11157 12555 943
2583 15248 617
6614 15995 9055
2441 2495 3800
3101 7761 8108
3171 16350 1741
7967 14069 5538
8115 12772 9323
715 3276 5800
6006 13516 8439
17930 19577 7979
7931 17465 2033
939 7102 2086
2452 18094 7194
5168 8342 1484
7883 10188 8914
29 1127 3695
1696 5678 7081
8718 11286 8840
15229 19662 6601
1935 2444 5264
4082 12769 412
3018 3817 9474
3381 15549 2531
10509 17143 9310
1756 4098 8411
91 5063 2754
8132 8529 4798
13616 19517 9273
3989 17989 7603
5967 16342 4757
6621 13526 3157
133 12654 4255
1043 19247 776
4108 7791 5918
912 19950 8268
643 18238 7779
4791 6236 3132
5083 6592 4185
773 1350 4735
2378 14682 8112
13121 17571 335
5243 15958 3979
2911 6737 4803
2034 3608 4993
17274 17770 9702
11682 19750 238
9085 18216 9066
2458 13020 6090
11703 17774 1157
6353 9962 3514
414 693 7409
6301 16945 1029
10334 12339 5224
1005 3773 2020
8740 19038 2844
6593 15355 3377
7294 13563 2222
5045 6540 4940
798 7929 1124
12780 15313 606
16 836 4470
4935 5238 5813
5977 8708 2343
8012 17075 6974
9297 11170 531
6099 16804 7258
4130 4731 1289
2058 7115 605
8413 13321 3753
3361 8729 3165
5571 11759 7019
1779 4598 919
9606 11154 7276
13 68 1570
8896 17252 4526
4265 5052 1232
2482 5750 7122
5918 11652 1621
820 13131 8147
6063 16830 2737
7128 17164 2006
9093 14196 6811
5478 19519 4215
15138 18246 7554
7810 18452 9327
12719 18380 3915
120 2085 9678
4708 19164 5998
13552 16969 7940
899 931 2463
1928 12132 6504
4414 16598 2776
4020 13512 8169
911 7589 3735
14814 17448 2241
3936 19273 7705
9691 18373 2362
1703 5230 8773
11022 17169 7939
7310 10527 3397
5496 18620 9203
5939 19493 6031
5706 17710 3327
8518 12036 5030
2981 15319 3741
1900 12826 6989
6554 7360 1593
3470 3926 1966
6463 19622 6403
1464 17510 7312
7849 18157 5337
13510 16332 3135
956 5283 3659
2955 16522 9845
8509 9891 1014
388 1998 3322
2422 9312 3122
2649 8959 3895
566 4437 1131
747 2691 8885
1851 3438 3658
7032 17513 3116
11981 16471 4721
2175 10214 6565
6983 13293 5340
15947 18322 5178
6116 7479 9491
238 7665 1978
11679 19635 6532
11551 13058 1826
6293 7872 9478
9525 13720 2017
12639 17093 2809
11273 12971 8709
4439 11971 5863
328 10033 8336
1270 10338 4792
1542 4523 906
1909 5223 2453
601 18375 4799
16399 16711 8529
2871 8151 4831
13554 16094 6063
5496 15953 6438
5136 7455 1439
7164 17993 2603
13014 16174 9876
10916 12054 6909
6889 17296 6495
4178 13922 590
11228 17003 9715
1545 5552 678
828 6763 687
2806 4223 818
5214 7439 4054
4083 15672 1729
3738 4195 2818
7438 10223 4615
6075 13361 9857
4413 9313 3123
2741 8446 7420
8798 12483 6550
14879 16294 8166
983 1474 5202
234 12463 6853
10777 16091 2222
4730 7817 103
3284 16664 9673
1934 4907 8202
4644 15003 4650
8859 12251 2775
1144 1518 4243
681 4773 4219
18254 19963 114
6991 7865 3923
479 7126 218
1705 2467 1894
15221 19822 9710
4624 4890 1273
7385 10711 4915
11385 17394 8921
6388 13144 4535
5481 8035 3504
4137 10427 8334
10215 11909 8091
6542 13171 3404
5197 17663 6457
7462 14751 5597
1879 6063 3537
602 1172 409
492 662 6567
8325 18959 4509
10992 15385 8059
10705 14348 9508
5478 5804 4795
2179 19058 2401
811 2280 158
13760 17589 1952
3437 5189 5308
1717 3565 1469
3263 6829 1372
12917 15176 9220
6908 7355 7078
15076 17398 9995
7811 16529 8721
7079 8252 2155
2836 5087 9495
2220 11141 5902
5100 5271 466
903 995 137
4285 4671 9057
2683 17872 8580
1727 3366 6684
14339 18911 5505
2139 18815 6853
665 6083 9568
15950 17308 6510
2995 11227 9073
5395 11264 4509
9025 9679 2582
2347 2435 3671
9518 18181 6323
1605 7334 6063
4235 18544 8941
603 1495 6514
3724 9482 3832
3172 5125 1363
14542 17036 4414
1881 8436 5721
10601 14327 6087
2988 9444 1565
2813 5515 595
3301 3588 7373
3698 4933 7558
17085 18523 3613
197 1649 525
4513 7318 3898
3388 7190 8678
207 766 3709
4854 6867 6790
6094 14770 8944
9558 11455 1767
4370 15739 6187
5111 11939 6460
6345 10649 4176
1115 1964 8562
10454 13728 3552
5094 11725 856
7599 8284 7425
3189 19490 1331
12191 12770 318
9639 17048 1478
1215 18945 9506
17504 18343 6853
2356 12647 3401
9289 12942 6903
6522 7024 2888
9279 11257 6597
3602 6283 389
3007 6427 8376
3053 5947 1185
1213 7459 34
5757 14879 5130
1627 2312 1920
5818 8161 9878
10588 15727 4598
7181 19996 3056
13552 19582 9846
2922 6049 8653
13036 14188 29
6508 9979 9438
5754 11794 6538
8190 10866 4891
9526 9711 6661
3993 18818 2917
1290 3872 4726
6533 16590 8595
14968 15538 319
371 16708 5386
3322 19632 5610
11982 16278 4484
1015 10572 752
7945 16474 3894
207 2695 8477
8198 9967 6310
2835 9101 2438
5617 8174 8429
13595 15363 6720
1908 17038 7078
11031 15165 5405
987 5020 4841
10955 14720 1097
4749 13215 204
2213 3860 3079
3336 11935 1817
7806 8587 4036
18170 19670 5741
4989 8624 2802
4141 5566 9072
16019 18173 7097
4134 14459 1518
6747 10731 6629
8617 11136 9707
5763 13707 7642
441 919 3369
2609 3496 2951
13285 19030 9205
2553 5253 5633
12789 18897 9035
5337 10714 6154
4012 6222 7954
6823 12588 5581
3901 18028 7038
1034 5774 9725
2648 11558 3800
332 15507 7960
330 13201 8205
12379 15590 6970
8819 9311 1021
4493 10026 286
507 7248 2427
6310 12886 3665
2012 18545 9975
15548 15864 6278
11323 11606 9096
2454 15627 5183
4601 18355 8209
9433 19438 6787
4606 6086 1857
1993 16258 5706
10076 18310 8538
1039 4835 9651
1366 1834 8789
5030 19358 3369
5476 7460 8047
1656 3348 5674
671 16982 4476
14785 15004 6962
9916 15507 7879
3183 12152 1271
4787 6331 1466
8440 19106 5582
4560 12917 3834
2151 4573 173
6411 17424 735
9757 15339 3699
1498 11099 1467
12520 19803 4424
6692 9045 7652
69 4217 7629
14532 16497 9853
7850 13628 6521
21 17138 4233
59 3563 8950
3664 18725 1504
147 13107 1247
2352 12029 6268
848 16288 3141
6654 16768 9136
10735 12678 9430
2389 7093 6655
2715 5226 3584
8720 12092 4963
8503 10189 1167
5895 10402 2552
9875 18934 2234
7020 12113 5669
873 1201 9077
9534 18906 1740
7065 17091 6846
1744 2010 184
4123 12229 7113
7690 11250 7997
2770 15069 3729
6490 16468 6303
5394 8730 240
3874 4584 5776
3254 4778 4920
7887 14498 1922
2109 6993 4363
14630 15053 5987
3074 3605 6209
8275 8840 2463
12433 12919 9218
2990 17014 3842
1040 1425 1635
2066 3306 4615
5439 18868 7145
396 7583 6457
1744 2567 7127
1179 5362 9329
1394 19692 1140
14221 16640 6149
11332 11746 8905
360 1046 4885
8015 19115 9576
6120 7017 8994
4681 18825 9359
1021 13857 485
12764 19948 8576
309 7582 930
1450 10883 3214
8249 14092 3607
5455 16130 2172
1 141 3112
7174 8564 9558
5175 17716 1584
10486 18431 8515
2522 3122 8647
359 16688 2449
1942 17651 9918
17510 18756 459
5598 19373 4805
177 6361 6924
12994 16149 417
16392 16710 1820
3134 11318 9178
2137 9702 9128
2911 5619 6049
17732 19754 6161
9095 10291 9201
1598 19130 3232
534 2906 2518
3701 6619 3799
3889 14279 1066
664 1212 1297
159 3354 3191
633 2794 1963
2835 5070 5131
14929 17797 5671
1331 16449 4375
13380 16647 2423
10715 14363 1879
1467 5388 9623
240 9953 8207
14780 17018 949
4387 16374 1969
543 3956 2494
9508 12051 6793
8013 11804 2036
552 8245 7534
7244 14654 870
10715 15261 3039
2303 10749 419
7671 13717 1592
6212 7913 4365
1047 13904 8497
16334 19005 2685
751 1490 9162
1652 2419 1207
186 2547 1533
16966 18484 8118
3403 4375 897
10170 14711 8989
4927 15989 4827
996 2511 5241
15466 16249 4557
13857 15364 4792
444 8981 7462
5984 17579 2690
7200 19398 9678
2185 11747 5701
8019 15678 6582
1291 12786 2256
1550 2723 5396
329 1935 2464
3235 4381 6959
6748 12391 8259
14867 18018 4186
8744 8821 5851
1771 19037 5675
5311 17153 2146
440 5942 2587
1322 9059 8126
811 2687 1470
6034 18888 3468
2850 15354 6697
12901 15772 7126
3736 9956 4709
11617 13109 1733
11468 13538 2642
6964 15647 1274
8495 16154 7908
13904 15700 5462
507 5724 8036
11568 17057 515
7322 10262 491
5030 7846 4026
3255 5726 2711
2178 3286 524
10889 16109 3843
3788 6586 8180
6335 17328 4208
5827 11706 3271
11339 15964 9039
188 1551 9002
7758 11124 2867
2062 9858 1510
7579 12244 9390
9377 16153 5124
7404 7588 1169
555 4647 3631
5504 11430 1921
1870 9536 1877
808 15570 2362
10018 14372 59
1642 2661 9315
12749 18550 5503
3146 13737 2327
10480 16672 701
6798 8782 2840
2821 19861 9680
1932 5834 7437
817 1237 4654
501 884 1672
16000 19331 956
14208 18780 3495
365 2537 1332
11620 18593 6305
2905 5929 7891
13884 14150 364
3845 13129 6072
2049 15834 4753
8354 11263 2293
219 475 6928
12244 14642 8282
1358 3111 96
3559 8050 9100
9788 18202 5720
2551 9047 7318
7015 9138 77
2067 3746 6679
4526 11050 3345
8733 14347 8365
476 1534 5384
5207 18696 2899
3432 5161 475
1970 12507 3484
1142 16027 169
4363 19560 4138
14886 15218 967
3736 14307 9982
7082 9743 1373
5565 15536 8183
11154 18467 9829
1994 15134 5649
46 285 9214
604 3847 9152
11461 13401 3672
7009 8527 9642
5103 6709 5326
1139 19648 1021
9984 13078 8579
12290 18352 1854
15597 17129 2251
2689 3677 3961
3303 7414 5415
10108 11030 2488
3551 8009 8130
3820 17952 7614
11423 16369 6431
2367 14625 1623
4045 10791 6106
6935 17959 779
12481 14117 6917
15266 16399 7469
822 16872 9908
990 16388 6029
547 4292 7080
402 10955 8901
3670 15894 6318
3962 14757 7533
9430 10915 5243
74 534 3580
10282 14375 2022
2665 8769 4915
3663 4301 4176
6105 15730 8350
4068 17203 3587
5215 18103 2889
6272 16218 8099
85 259 2036
14956 15280 8091
883 18064 1694
12897 17038 9732
5436 19969 6575
4324 4610 6265
13335 15127 1636
4119 4234 5628
1129 4617 1139
6603 14530 5273
2095 8231 1543
618 4769 328
5613 9489 794
1735 13238 5711
5743 15468 5712
9498 10978 9116
2653 18982 6243
1908 15263 6028
649 8665 2523
11575 16021 1955
1304 6839 8170
4243 5069 3058
52 2318 3605
5202 12789 9675
1109 2413 6026
1315 7287 4371
9318 16344 4699
2043 12863 7387
1977 8076 7789
11447 19862 9615
16059 18977 1920
5721 13545 5664
17536 19516 8249
9254 11335 7504
3105 9894 2548
324 15373 9253
186 1899 3328
383 581 3384
15287 16703 5797
7519 7690 2253
13125 14806 2222
158 3507 107
2494 7827 8677
23 3259 5109
2963 17947 3960
14670 16132 4207
4347 5877 4296
6553 8373 9104
7606 12602 5499
1382 5657 6041
1036 2477 7459
14138 17393 2998
9053 12260 8883
8017 17832 9303
15584 16711 8948
14716 15881 2407
1928 18077 6438
5494 19013 793
2886 17351 1185
3827 13184 3048
18138 19012 3282
2411 7579 4883
8920 11684 1206
1994 11530 759
1972 5386 2585
13468 16691 267
242 15890 5632
4301 10169 2950
6989 11834 3112
766 6575 3771
5002 5049 670
1374 5614 9623
317 1927 4674
6074 14098 2006
916 16870 5412
909 9833 2592
3493 4021 2863
5 250 41
4504 9363 5274
4825 17588 7218
2561 2814 2817
5385 5810 9685
5383 11866 9844
3730 9602 6578
155 12120 7008
880 16633 8630
7504 18721 7620
109 12619 2036
2523 5906 1560
7834 7998 9720
88 4155 4504
4169 18973 8722
6010 15092 7978
5238 8343 2205
493 857 7204
5682 8198 5960
14612 17399 950
3113 3379 4520
1184 1861 2303
18930 19197 2941
1534 7420 1776
9552 15086 2906
1531 11122 5129
1999 8686 8250
5856 9766 5666
7259 9221 9020
154 574 1186
8120 12050 5348
2743 16241 302
7107 7285 9360
8021 9465 5956
7324 18722 577
3518 10676 1086
8179 11299 2041
17092 17514 1913
170 16082 4433
5148 5294 250
11945 13180 3580
10785 16607 5427
4933 5832 6306
5778 14774 9483
11362 15483 2713
5673 9209 2522
14228 14499 5901
14204 18944 5655
9413 11378 2399
6747 9983 2129
1526 13436 3277
14219 17851 5623
4660 11420 1471
157 281 6480
1993 19306 8960
10468 10826 5465
4043 6110 5756
18367 19475 2376
2416 18432 8570
4954 16214 867
6024 13881 3467
1709 17221 1562
10488 15857 8472
2701 8111 2786
13816 18986 840
170 2080 3355
5474 12495 432
6293 8918 9337
1335 19163 1967
7 100 3300
8311 19724 8354
348 1773 5730
772 1379 7525
591 654 8586
1521 4229 7066
16 7951 9850
2926 18165 6990
4813 13802 204
5527 13246 2223
631 2211 5891
9992 12763 2647
3504 4925 1003
1954 2407 6159
9873 11504 840
3697 13971 4997
2442 11784 9915
9740 19062 1919
11602 19740 5411
17703 18401 6062
7754 17612 7182
4106 6160 9132
13216 14776 265
643 889 6772
5449 5982 7273
5488 7305 6208
2881 7222 2689
15939 18185 1845
5972 14594 1673
10005 13519 4453
17074 17206 2441
9097 18549 7662
8813 14251 5876
8981 18635 4272
13 5396 5654
1174 4706 7314
16118 19607 4143
948 11751 1756
8175 18750 9809
13499 16281 839
3222 6831 1321
1076 3051 8068
92 8861 2062
10223 10857 8584
2272 5038 3246
16187 16208 9989
4611 6538 17
2056 15838 4331
5293 17926 6273
8635 17673 3129
1468 16791 7423
2390 11633 8100
28 16672 7802
1477 4033 489
4212 5144 6677
12654 15775 1824
6420 17280 9940
1074 13236 5990
131 197 3027
1778 10009 1596
3625 16750 2046
11051 12084 1213
2658 11257 5395
150 538 2615
3088 14399 5475
3670 13075 6245
4357 7505 1566
3861 18105 8303
955 6349 7400
4570 6780 1665
6522 9328 8495
11932 14053 5590
471 5532 103
230 17863 395
9225 11012 6517
5314 7680 5821
22 558 5546
3074 5113 6476
950 8697 4373
15418 19840 354
7749 9604 4704
7018 14773 1796
6730 15274 4950
7183 11160 5192
168 15406 2287
3316 18065 320
12301 13612 2091
3110 16458 4593
8553 9999 6010
8485 17860 7289
3729 17658 4544
4403 7410 7367
347 476 6386
6626 15590 7210
10600 11073 4932
8491 10750 3200
10385 14115 5250
928 8780 7579
17106 18292 6203
11579 11985 7455
4356 13532 4363
13607 17535 1830
1210 7084 9963
10307 12302 6493
105 16026 3963
4771 7329 7204
10286 11813 3700
17429 18136 603
2505 19514 9118
9409 18928 6338
4198 14026 4365
5108 6900 2545
721 18811 1436
8578 17875 3885
12103 17408 4841
9498 19495 7208
5918 7683 8149
251 19208 3400
3505 16345 3233
520 5736 3101
2910 8284 8412
11636 18810 4988
94 12237 335
3373 11709 4012
2357 12352 8912
346 2232 3021
8516 9485 9498
11983 12401 9548
8473 11712 6040
1446 2185 9200
5006 15040 9766
4010 8930 9479
3842 8058 8362
6996 8626 1076
8138 12542 1969
620 16923 1913
5454 7088 7951
5547 13929 9175
6453 8364 4300
1689 15765 7668
3888 3959 4269
4992 9427 9391
3083 4291 4727
1112 19256 683
6590 13697 8340
1054 15162 5215
2185 13684 1308
7326 9989 2088
14187 16504 8415
3286 6363 4358
818 6303 9215
4235 10426 9866
11502 16709 843
540 10151 8345
9508 11845 8737
12324 19233 7371
4402 8844 6593
5188 9994 171
4159 14036 3840
4546 16451 1913
3873 12422 2003
8945 14812 8628
1507 19329 2230
9158 11073 9598
6486 17741 8103
12843 15799 7516
6906 12972 7747
3105 3745 347
2824 18854 9991
7127 10168 4058
2781 15275 9888
3342 10965 1908
3 34 9453
11894 18536 9431
11424 17991 9011
264 8301 8292
17417 17641 8614
158 17167 4251
3959 19627 4193
177 6345 4895
8944 18202 8401
12718 15395 6868
16978 17318 3859
2672 19938 3071
2423 8942 5249
17508 19436 7165
17099 19029 5572
10789 15262 2201
4930 10687 7535
3080 11218 380
1928 11831 645
558 1015 6238
11393 15969 36
6945 18422 7933
7086 16383 7508
2211 18369 7261
5901 14101 3153
517 9018 4520
4885 10328 6596
15663 16984 8901
3667 16851 2828
8992 17356 1040
8582 14593 8043
7908 19827 8499
15807 18107 8623
8036 10196 6359
41 1254 3677
1818 3163 3493
2037 11791 8074
1508 8471 6146
3453 16829 9769
7152 11068 423
6536 13253 330
7111 17258 8516
2467 4274 9190
17318 17656 5441
4511 7179 4055
216 16092 9975
104 215 7741
1131 9913 4361
254 4376 8096
981 12822 2400
83 5460 2458
9294 9409 5611
753 8986 754
3082 13747 192
3336 9857 6167
364 17001 8338
4070 7910 6302
1463 9497 3416
735 922 8389
325 346 7842
10180 16191 8170
3123 6483 5084
1087 3825 1208
7527 15424 9901
64 1109 6686
5802 10785 8310
918 12587 9463
9951 16362 8720
661 6591 9879
301 3040 7751
642 6727 7448
1206 12812 4703
13942 19784 8021
13579 16744 9928
2784 19961 8049
6098 19685 9237
2125 2828 2147
4366 19914 3893
2646 11990 4803
4678 9229 524
3113 16286 6661
5325 18872 6243
6902 16236 1006
8813 9935 5048
10393 13329 9738
16286 19178 7743
15078 19239 4753
10649 11896 4862
2106 10621 7277
2940 4177 3780
2373 4606 5283
5447 13663 8759
2084 7592 7234
6238 15455 5588
19386 19773 5451
1150 7863 3302
2725 4895 9776
1233 3405 1789
822 7970 6983
312 13295 6841
10984 17007 4862
9056 15343 732
3559 19414 257
1914 5067 7801
1489 1505 7132
6790 18385 3947
5631 11531 1602
4116 11055 1693
8777 9266 5959
10603 19152 9017
12725 14670 4623
4049 10194 4655
7744 10667 4900
1361 13786 2228
1467 7712 381
6703 14685 8857
4694 18583 9335
15148 19306 4038
17791 18919 5812
10104 16589 116
13236 13584 1829
56 291 8375
9465 14626 6218
4036 5228 7234
11288 11907 1266
4402 11136 4427
2391 10826 4330
2317 2932 1998
3233 12399 652
7423 7624 9367
4748 18117 9208
169 2077 6839
7890 10788 1322
3576 13701 9523
10100 19589 863
11414 18470 9938
59 15947 7493
4551 6282 4845
7771 8092 4237
16885 17711 5209
6645 13437 834
12849 17988 7739
37 922 1107
2119 3013 960
3219 12484 9223
9747 16227 1927
4572 6061 7701
3829 4573 9825
18721 19923 43
9026 14299 1975
6108 18456 4279
3489 13733 2440
7920 9093 9470
14964 15688 9902
8390 15420 8069
5122 5915 137
51 6017 281
5723 8472 8697
4313 17625 4034
11686 14854 5335
2372 3079 1315
12893 16054 8051
285 5779 7675
6795 14554 6177
3632 12928 7403
11352 16595 1557
14225 16951 3138
1519 4180 5711
13666 16109 6986
5466 16571 4287
1066 2633 688
3105 12152 236
2367 3576 6864
10989 11599 7604
37 114 7246
2246 4285 6568
362 9924 6656
266 342 1196
9730 14431 9114
7387 8848 730
1296 13401 7023
4062 13301 5813
2852 18320 2182
6570 15756 5385
2548 5408 769
340 18560 4549
13944 15972 4568
2789 19846 3732
8008 18565 8847
14294 14807 5345
10021 13282 8116
10014 10029 6784
1478 4698 5842
11324 12987 9104
3002 4594 2848
1304 3144 2393
6887 16153 2772
1519 1675 8816
3426 6043 2700
3872 8235 7229
3303 6773 2064
15113 18336 56
8125 18905 8789
10889 12921 3405
9279 11715 1391
7426 18556 9795
3979 12696 5508
7146 7172 9656
18279 19168 4288
2992 13796 6034
15065 18672 8366
1293 3405 7278
52 14788 2559
5279 8477 7664
5798 18852 3740
197 19765 7995
275 8688 8996
471 10589 5063
3444 18269 5153
5925 10734 3897
12149 13384 1755
6322 14904 3332
4160 8563 6399
215 509 8482
13031 18079 1247
183 2019 5369
3866 13479 7919
8511 18476 2465
179 1276 5868
5973 18175 8336
8615 14062 9012
321 4725 4711
15665 17691 5375
8830 14004 5385
4728 6383 6229
2416 9395 8483
14147 16946 6985
3061 12622 8819
7236 10220 8167
12409 17828 6925
605 18195 2901
1084 12287 1272
9531 9732 1600
4326 11158 5097
8831 9255 8029
15003 18967 8174
6 13 4669
9883 18039 7596
7922 9721 2112
3409 16333 2667
5448 14633 390
6771 14382 1861
4032 19920 9997
17441 19176 7820
4703 14713 8213
3788 16648 8352
8259 8811 2363
9196 17309 601
5026 9454 3019
612 4856 4543
7033 10681 9810
11171 19678 2739
3914 18917 2465
8095 10094 571
5420 11488 7987
54 694 6749
3456 6393 6589
7330 14582 9252
5508 6199 7801
4440 5491 7574
7053 10443 7289
7321 8733 5276
9931 11523 825
9019 13365 6003
1962 2511 343
4065 4943 8798
5657 6209 8772
10778 12319 3443
636 16159 7864
4506 18976 1886
882 2068 6802
3404 14447 1445
5392 17121 9875
13172 15433 5253
1433 8141 1984
3878 15365 5397
15800 16644 8263
12950 15073 319
17953 19535 3090
16786 19712 3234
10108 19909 623
8298 17336 4522
5176 8672 6192
5051 6783 4671
2397 7163 6176
3788 6660 9560
14685 19177 4751
2186 11842 5039
578 17024 7435
2715 11019 2840
1890 11240 8139
981 4877 8128
284 1072 4153
511 3815 4065
6374 12802 2366
87 361 1127
497 4685 8014
8456 13077 2999
706 17974 7513
3131 10205 1805
4343 16481 1135
11378 15361 9593
371 11304 9647
1231 4953 5372
2247 12404 9657
899 4953 4090
2261 2321 3163
5283 5629 1125
775 7048 921
108 118 4035
9890 19867 592
1116 2646 3359
17675 19754 2634
11242 12126 6547
7310 14397 5841
17818 18379 4208
8686 8946 9777
3430 8549 6735
5887 18144 6586
748 13736 1664
1246 5985 3738
2178 6573 9320
1134 7599 1500
6669 13643 8044
212 7499 9413
3172 6981 1975
490 9314 5792
663 715 4652
3294 4693 8462
10448 15757 4949
2036 14762 4184
2137 3930 2545
11999 17094 5068
6384 11811 2893
815 13804 431
9728 12922 3888
273 8014 1229
3950 9290 6876
10921 15262 8264
941 11757 4354
13433 19763 2396
5184 9784 8661
698 2413 3124
4004 13998 7077
13418 17175 7478
137 4118 4103
4028 11394 5054
7495 8610 9445
2500 5325 9619
3260 13739 1207
5759 14929 5982
1245 6633 5858
2100 16706 2817
11520 17359 6085
331 12953 9144
8512 9237 7191
6907 8444 23
6003 7032 1278
1110 1901 4857
5578 7478 3929
6398 6818 9241
8204 17544 8437
3888 19397 4194
1184 13710 6813
1131 6168 6938
5869 12263 1093
1299 3845 7051
9311 19035 7982
4546 5709 5282
8917 11939 4124
813 983 9379
4363 12408 8434
1133 7738 5119
4776 5511 7215
6385 14692 6388
8878 14320 1012
271 1239 9436
616 15565 8121
5153 11996 5437
8908 11995 2652
3929 10463 4657
754 9004 2790
1196 10539 5624
3168 12751 7632
4430 5360 9633
11739 14358 8626
4868 13496 5436
1583 8586 643
9695 14486 4260
5598 8230 8779
922 1550 6403
886 12995 4312
7135 18867 2665
2792 19768 1289
10957 18956 7690
1831 7073 3493
320 5403 3462
11225 14657 8192
8026 16607 1141
9131 14639 1470
15746 17742 495
12410 15622 7515
1072 5735 5928
2967 8789 7889
15597 19269 4580
3938 7463 5911
5617 19744 1523
4975 16303 6020
1839 10140 7160
1977 16431 3459
8044 18548 4804
4438 8538 1608
6159 15769 5445
17921 19243 5104
11041 19322 8262
1060 13363 2527
1119 1143 1296
8859 12721 331
10395 15905 3927
1788 10925 7550
10911 19671 2212
3863 18229 1068
8804 13854 2764
745 8636 2002
8274 15985 5770
1305 1819 7098
1157 3936 7103
205 10333 5962
2552 3374 6368
7055 18557 4627
1584 6426 4644
10780 18426 5491
4481 14758 5310
81 131 8807
10923 17491 1776
2534 6394 7887
7009 19248 2492
12385 13583 8034
3868 14632 2762
3772 5620 3118
6006 10848 2451
9940 16227 7125
16897 17830 5162
6966 17847 4347
1613 2205 4650
5968 11148 4094
393 3717 5361
1947 15852 4732
9087 16535 7009
1629 5402 4567
7231 8328 4013
5270 11195 7082
2484 9922 4208
13208 13600 8384
8805 17474 6965
14356 17217 4128
3498 17611 3472
3082 11607 3055
9383 15919 2457
6215 14419 8752
6337 18085 7904
12064 19911 5118
3001 17212 712
4560 8030 2610
2831 19425 8104
752 2281 378
9582 17278 1787
4630 19250 8773
9507 19423 2751
6464 17224 2388
1993 7354 717
945 3677 4833
317 4659 9020
10865 11585 4665
5287 19408 5265
2203 3176 5274
771 17323 613
12266 14112 635
9308 17750 1125
579 6887 4978
742 7575 5323
585 8366 9805
5809 9128 2788
13529 17192 4466
9167 18959 7511
3801 6862 9940
782 3559 1592
3635 9792 74
3362 7567 6243
5753 9006 2945
2340 13977 8662
5425 13984 678
13545 14190 3808
857 2898 4645
7365 14164 3810
114 577 7317
2783 19843 8556
11074 16975 4754
2023 2381 962
3478 14863 2897
11327 18091 5441
171 16984 3695
12020 13332 8691
2019 18479 3176
3260 10795 1211
8128 9448 2311
12558 19351 7792
3337 3913 9949
11113 19197 753
3643 16944 8451
38 78 7002
4034 6573 5345
16217 16947 7807
4291 10458 9163
733 9555 1865
4328 18037 6292
339 517 154
1992 18715 290
11256 15436 5368
2777 10056 6081
14736 16874 7106
10512 15181 2554
6265 18538 8607
400 633 8131
14170 14281 8649
3188 5950 13
1010 18491 6718
5082 7013 654
3244 7045 3521
903 1447 9787
1173 1848 2234
4190 5787 4109
9614 16954 57
1675 1764 4459
4083 5050 9234
697 12637 6224
4928 18723 6919
5440 12634 6179
3228 17897 5149
4493 9472 3951
7840 7903 2293
6589 14183 2256
3149 4735 4532
15921 18460 6428
3104 4787 3260
11576 13772 1168
9938 11661 7079
3434 3528 1264
12437 19222 5717
11211 19304 263
3924 6094 2201
2713 16264 3215
13027 15642 8297
3920 6498 9883
8301 9028 2816
5629 10690 5190
3026 17864 386
9971 16310 2961
2743 19315 6975
1280 5600 381
5009 14210 4877
1471 15366 1017
502 8164 9617
2458 11954 6605
3471 13356 2671
4498 6513 6394
3980 8718 8213
45 110 2557
7682 11563 2167
9286 14708 681
10109 13818 3126
230 4910 483
232 1159 1127
4996 5663 3432
1260 3599 2224
10 14021 3667
18692 18841 9121
4373 7203 3254
7158 16928 5978
6713 15841 9371
776 11346 878
4431 18227 1150
7679 8720 249
15875 19275 980
7035 12371 1323
7583 11256 5818
7871 15746 410
1790 17783 6629
1149 7786 4855
3682 3830 3465
5945 8070 7492
12825 14984 4269
648 2164 1357
294 15897 645
5316 19194 1259
1121 13043 9438
14617 17724 1125
2699 8261 7738
4138 6943 6615
11396 19641 5661
11510 17879 9821
9554 12950 1423
7293 9549 5319
1865 5418 2715
493 9127 5238
14655 15524 2593
6224 13488 7126
15232 19321 7574
10729 10982 7091
10870 11041 8804
664 9833 7585
9361 13084 9257
248 1190 3870
12545 12593 5121
229 12590 4014
18888 19280 4832
5063 13141 3701
15900 18160 2019
185 1075 5440
8714 16390 7614
3191 17172 659
3383 9450 1229
9586 19054 4129
2928 9612 2632
18425 19051 7052
10536 19294 3656
5842 11831 7059
2606 4410 526
11529 16006 3949
1447 4814 7733
5589 11775 6955
266 1871 2918
2384 8258 9316
9590 15247 6928
2417 11001 2705
1749 13874 1986
3542 19820 4533
10136 19898 4668
9711 11625 7411
2124 6789 774
3070 8088 2030
4071 8691 2713
5797 8000 6216
2233 12364 7334
10627 11433 5408
7350 18226 7644
1186 6099 9933
9132 9355 3896
5404 12696 7175
15852 16193 831
4754 17038 1168
4167 5251 4113
5265 5286 2939
372 13702 3283
3637 5154 1393
1147 8881 7225
3487 7664 3831
17431 17773 5722
1048 19441 45
9651 19134 1967
14105 14213 7945
8459 13617 3211
2936 9457 5246
2555 18640 8552
12106 12575 7006
2823 17793 3306
4818 10184 396
949 8279 3696
5786 9031 2548
10479 19954 6890
4667 16383 6709
15310 16234 5172
2121 3523 3349
9280 19207 8931
3804 14710 1860
12083 14231 7195
5487 19764 4637
14913 17493 8861
1336 18474 9894
5300 10203 6338
11917 19261 999
19408 19917 4888
15228 17612 120
13547 19793 2880
1950 5621 1895
11905 15304 464
416 603 2785
11954 17478 8387
3744 16729 6293
854 2332 2841
133 234 1441
355 802 6025
11461 17549 9910
7189 19079 5815
5514 16686 3607
18717 18924 8967
4057 14300 1939
395 4186 828
3726 4361 5229
1814 19016 3090
4656 18720 1741
11856 17897 1452
8135 15642 812
3704 11573 822
11136 14107 7465
9086 19307 3428
13093 14656 2771
4882 8085 1220
11351 16241 9714
3297 15541 2551
6931 16888 8584
4323 13138 5863
84 18233 5494
291 6665 8581
16610 17058 1915
13996 18395 4925
6951 11795 5504
13 564 6178
3473 7581 8672
72 375 4141
8985 12456 8577
3382 8634 8731
10741 17222 7108
4212 6937 4094
699 9968 8199
3725 16259 6128
16409 18594 4509
11139 19046 9219
864 12962 8544
14469 19512 6354
7276 8103 4373
5401 7742 1490
337 1184 2306
5223 6028 3341
8968 15402 1510
6220 12938 9065
570 6701 2643
2521 8530 5898
8891 19691 1300
1825 2339 1183
2687 17691 5539
8230 19930 5328
10238 16125 2827
1068 13892 1827
2639 4928 3961
612 7778 441
8876 8950 9920
3433 7012 5836
7401 7457 881
6154 18065 6212
2999 6791 5177
1579 6672 7679
248 6210 418
1046 19822 391
1352 1561 9047
726 6548 5751
1572 9176 5788
5299 19205 4675
280 18687 6383
1107 3964 7770
6497 9753 9085
738 17543 7675
13181 15140 5348
387 497 8016
947 19260 8607
13348 16592 6537
4504 17671 6811
3923 9105 8358
12268 17208 7172
10415 15518 4688
2100 6401 9243
10684 11276 1560
5087 18723 2889
3824 18995 3314
6120 8097 4377
12105 12545 5899
5921 8150 64
3450 19871 6038
350 5039 4335
4479 12711 1246
1277 3950 9598
3118 17336 1106
4938 13117 6897
12961 15981 3749
9858 10987 874
16140 18292 1819
3683 5569 751
11743 15992 4514
85 1989 6146
5401 13084 6409
946 17048 9600
763 13032 7070
17000 17894 5341
3268 17822 3215
204 463 6726
9678 18836 3295
11286 11576 650
8219 11831 81
2503 19716 6522
4234 5722 4445
16012 18978 5210
194 3525 7105
16307 19823 467
2783 8325 2432
3170 9747 7422
2754 8542 6215
1714 3258 9634
8056 12340 1272
3449 10202 6691
1233 6612 4703
243 327 5019
1382 5091 8923
5750 10943 2968
34 451 1523
4279 9053 3115
3413 5421 5100
1541 17579 6223
1717 17195 1945
6481 10061 8577
6091 18025 2194
1965 9219 8703
58 64 6414
495 3082 461
6206 14833 5933
8602 16989 2338
590 1770 7284
953 16784 8184
2616 15032 8974
1479 11153 6234
11506 14834 3920
309 312 2671
7802 10683 877
4127 14376 1972
10188 16538 7780
2768 14940 6785
1593 15629 9864
1048 3270 1328
3981 9423 6233
407 1077 1433
6781 13221 9525
15955 18895 6130
511 18330 7316
12265 17786 3945
8915 12552 7432
5081 7611 1464
236 440 1333
1561 6973 2305
3532 9256 3671
16117 19787 5103
5477 7921 8715
153 682 8868
6385 7878 8259
10758 14595 1214
8190 12438 3683
10999 16016 419
7826 15345 1774
10977 17629 1765
12401 14886 6435
1396 4207 732
1290 2317 3952
7132 13544 9271
1716 10786 8716
3126 10947 475
441 10869 8457
2581 13852 6553
935 8686 9254
6777 9398 3822
1383 19596 7551
3157 12028 3632
4238 13331 5904
9372 13724 4211
2596 4328 3165
9360 15165 2306
11649 12208 4410
3750 6100 9185
469 3630 5789
1751 4574 1024
1004 10409 3317
191 10746 2129
3225 12528 7069
16839 17051 4210
2863 8589 7811
1377 6849 2458
6981 14088 6840
250 13090 8253
9187 17223 4818
2440 3527 7323
1304 4643 1621
10229 15730 1558
935 8078 9007
5910 19040 9642
3713 5097 8487
1288 1436 397
3679 7362 7671
1683 19473 8607
8085 14715 9042
13056 13744 230
5005 12849 3437
1771 3351 8835
5895 6736 189
11811 14113 8118
4993 11281 842
1986 7938 6235
2025 10074 5071
2099 2947 4895
10199 16508 5946
5149 16171 5578
4824 15949 3239
803 4103 605
8890 18001 9348
860 4656 3199
5452 17759 4158
4736 14995 8208
75 17927 9513
5033 6174 9715
8900 17787 16
7865 16741 4859
3177 4986 1243
684 14672 2907
2666 4388 8615
5973 16974 9972
16509 17270 5823
5701 10578 9624
2065 17360 1757
9898 14916 8030
10730 18414 6408
13244 17561 4695
2844 14460 8058
2138 12516 8276
3579 4464 3088
16464 18415 5581
4288 5420 6848
2669 5486 7743
4851 10813 902
14736 14924 7472
9232 12457 7446
2627 11141 6012
4973 13256 419
2502 3503 7016
2412 7097 8764
5676 7896 1567
43 940 7946
1267 10205 250
4583 8607 1656
7424 17003 3502
3816 15611 2592
4272 5339 4033
1560 2452 7159
3056 8039 1012
250 17239 2829
752 9108 4101
6291 17891 6291
6981 18937 927
13 8488 9467
10473 10557 9247
6220 7495 3744
998 1069 5356
2119 2497 1392
14873 16757 8116
419 3014 5612
9324 19785 8728
6334 18990 7682
7280 19835 6210
1427 3105 3939
3623 3896 3460
2588 6813 4888
3033 16457 2726
274 4694 1232
10160 16843 1549
883 9036 905
5263 10909 9319
11 19610 1038
72 1004 4933
1639 10736 1356
1104 4468 4473
40 9192 971
7431 12474 5119
2581 17881 7549
6415 8926 7694
558 9384 4353
1664 13712 8320
3899 10359 332
6207 18880 5782
1992 10881 333
1973 2529 2359
3937 4949 5891
522 12676 7193
14193 14656 4969
2054 4979 4799
8074 17029 1619
8710 10077 7893
1149 1264 8879
6741 9979 96
9431 9465 1007
15477 16696 8935
3460 7215 6490
3650 7811 1187
9986 10508 129
1423 15569 5684
2255 11543 8940
8313 9773 943
7935 9749 4197
2317 7730 6135
12931 18188 855
12526 19641 1928
6594 6624 2737
1671 12323 2040
5374 11057 5819
4689 16620 3232
3745 11430 1636
653 12728 998
1471 10720 147
2372 9943 6292
1527 3725 6982
7561 8590 2206
1471 14618 8192
5547 13239 7103
4514 5901 3895
683 10071 2108
523 7985 4305
3791 8083 3510
9137 9887 4449
8083 18457 3230
975 7068 2876
16397 17240 8135
6312 11098 6179
39 138 5647
5987 12570 579
339 7767 4141
5432 12360 7645
10853 12173 6842
10073 12885 3558
3396 7938 3140
6417 7587 3731
1337 13920 8736
4193 16070 4180
2227 14619 7201
432 6227 5439
5529 11998 7951
8083 13506 4169
8156 18581 7493
2896 5860 4988
2470 18787 1930
5126 5914 1506
8326 10245 6299
521 19252 5722
1311 9238 5956
5953 16188 6261
9584 18856 210
10509 16897 6383
2932 8196 1050
11903 15175 4892
1353 1741 9700
8496 12973 3700
12058 14016 3288
6917 17662 9986
8264 10956 9163
4953 12626 294
6830 16547 5033
15305 17134 6773
2790 14241 59
6 119 8097
168 12603 9078
440 3793 5589
12090 13380 9075
2006 11014 5099
6465 6886 6064
8315 15850 1778
1570 6425 6992
6060 8772 1925
12495 17711 8167
8836 18942 4697
4691 18101 3959
3359 7219 2928
3716 17716 512
1558 2767 5434
6904 18283 990
10539 15685 5225
2521 8318 3147
1177 17856 6302
7749 17830 4638
8775 18715 6763
273 17138 729
1865 13476 4462
3603 5377 5183
10425 10596 2811
2 19720 7450
944 8711 7798
6327 9926 9127
1603 17479 8705
8020 13256 5277
5274 14821 3146
16629 16704 4942
899 14810 3675
19112 19870 1687
1212 9533 5135
5849 9884 5626
5549 18498 1396
12023 19111 3273
597 5096 2656
9606 18194 6493
1291 8726 9203
9689 11155 545
703 1310 9812
5547 12954 8383
3165 5687 6434
1654 17240 117
372 4062 4272
835 3366 4255
799 15596 2274
6445 13228 9067
491 7918 3287
6188 17782 3414
1092 8722 348
15303 15552 4404
12123 15003 4216
559 600 7922
8341 9268 9868
8704 9398 2609
4056 19556 87
5474 6705 2624
1574 10327 9533
881 4121 3112
12777 17018 7397
11173 19368 3152
5888 15228 2736
130 11894 7968
5317 11738 7589
11595 15771 2685
4662 5514 7118
11760 16121 3600
6972 16416 8971
6408 13417 1762
7143 9822 589
5393 9666 8522
7927 9706 2707
931 11004 3358
8384 11846 5660
11279 18877 6284
10953 11072 2089
3031 4055 5383
12539 17819 1482
2362 3595 1927
11940 13225 7884
12145 13097 4257
10234 11310 8417
292 2110 7468
10657 17778 2495
16977 17009 1847
14387 14618 6390
16114 19520 5375
1872 1992 5856
6366 10991 2009
742 4208 6511
9249 17518 4053
3351 3470 5335
1061 19953 3270
13376 17875 9116
5494 12272 5872
9129 13099 6086
14540 14930 6043
2560 14157 5792
11799 14048 4630
2598 3644 1008
6696 19659 8402
645 1413 2549
2147 16822 8609
12734 17158 7636
2205 18554 8464
445 19506 5039
2435 4367 9184
12663 16885 8993
1851 6221 9470
8925 16079 2130
14522 15053 4854
607 17536 8007
9303 19823 2865
2221 15279 840
1379 16579 5667
721 3928 4529
3626 17704 1297
1030 19331 9756
749 2462 8317
2310 4802 3121
10495 10933 3756
3338 14397 7323
10805 16093 3496
10105 15876 6111
1967 18896 6208
3025 4598 3192
4871 12277 8645
11846 12044 493
4671 12128 7476
566 1008 9353
8623 12667 1893
4794 8917 544
13368 14598 5926
953 1204 6629
2604 19074 6062
4100 5250 9353
1718 19884 5002
4313 11949 7637
5396 7795 791
913 5232 6498
6630 11567 2237
1202 19725 7340
6825 10290 250
735 4623 8069
4 45 9473
7954 13152 289
9229 17970 6438
4456 15688 2136
276 19906 1438
9480 15711 7708
1177 13961 2209
7151 8898 9096
5862 11522 5075
2124 18472 9507
1679 17658 9519
5335 11190 7079
14828 17494 7533
6449 11823 7770
2633 12211 424
2517 11094 7859
8249 14280 2858
4110 4586 3799
16301 17744 8556
2784 13414 6739
3031 3969 3208
11932 16939 7386
2682 8980 561
3453 3541 78
3915 8996 9662
370 1571 1864
11969 17144 5055
1721 18490 4839
11403 17661 2782
392 19485 6187
9402 17642 5877
10990 12698 5570
4900 14217 2113
2408 11508 7054
61 18190 5580
10784 13749 3790
1928 5137 211
2784 8292 4694
37 1597 2392
3540 17704 2731
1179 3464 5250
1395 10346 3535
4554 6914 1737
355 15126 7934
5617 9162 1017
3515 10479 1356
2331 8912 3122
1824 12515 7202
1726 18318 8632
4470 5841 5240
317 830 4472
1791 2117 2104
626 668 8295
2350 7252 9779
3323 4946 6382
1972 15209 8080
86 5939 5282
4458 6197 2596
2476 11672 3388
16151 17491 4790
14321 15833 3121
4181 8158 3441
6699 15712 4436
788 2514 4562
3396 9387 3365
670 2619 3012
10376 16800 3345
1294 3343 5311
1670 17368 6848
5893 8440 6843
4790 15488 2823
11523 18321 9878
6331 18459 4463
7638 18795 5433
8886 15979 3067
11852 11859 5908
1659 2984 2255
13944 14913 1233
16141 17413 1777
1828 14213 6033
4092 5889 3566
6897 16782 6388
9053 19973 7057
7734 8370 775
9615 16779 6357
11895 15379 289
4296 17831 1201
5576 10704 5452
3378 4618 3418
3868 10220 9189
3294 6252 3842
5018 6762 9189
504 19193 9483
503 631 2929
1649 18070 7408
14941 18676 7210
12537 15885 7847
983 19395 356
9452 10292 7170
2804 6499 4740
932 12106 790
8988 13888 379
14643 19890 3598
4680 8331 1162
5416 7608 7401
3422 8855 4944
5026 16613 6799
839 6529 772
416 15967 9832
9029 15219 7750
2101 17681 3684
3054 5842 9577
12232 19873 7894
6825 14363 6052
11096 11808 2428
2724 17411 6250
64 167 465
9785 10324 3394
11566 17312 7051
2285 15965 2696
10205 19414 4385
3177 18894 5879
914 13663 316
31 292 7053
14702 18253 2011
5820 12861 5819
8339 8439 5735
4265 9027 8093
4914 14037 2679
13420 19041 2973
2099 8866 39
9056 16317 9440
7494 19725 2461
2836 4452 6445
8159 18743 7791
1518 2066 735
9496 17792 5607
2359 18756 1422
8616 10738 9156
1276 10573 6507
1380 2806 6208
14435 15235 9982
3748 17145 3079
5232 10380 2727
7498 12518 8297
2650 16426 8877
6683 17542 630
4052 7027 8004
7690 14623 9676
5616 14437 4739
6196 12629 45
9881 15517 4249
3233 3954 2887
6852 13442 5324
3429 4917 3064
1758 19405 466
3496 17109 5021
4059 7572 4275
4008 18001 7059
16790 18706 4224
6588 19703 8911
2831 7743 4754
3080 13308 2764
12135 13959 1419
9676 14646 2648
1339 17249 5008
599 5407 8761
5556 12591 9232
6744 8240 4014
1750 5888 3225
2862 19650 2098
10237 13089 2662
2797 5540 2021
7516 9509 2268
7765 9456 8647
369 12921 468
8423 9590 7949
1982 4516 2252
5280 17506 6958
4480 8457 4481
3799 4147 7683
3419 10445 983
1412 8064 5778
549 13765 7799
1662 10462 5576
5837 16824 8253
414 522 2441
4051 12054 9031
5968 14578 4718
18362 18810 5674
13666 15904 1433
14740 17276 7555
4803 12239 9050
5935 8858 2248
2763 11718 8557
1005 1473 3205
5328 16431 8962
2970 5195 5132
3623 7814 8564
12341 13641 283
8523 19283 3845
6051 6808 8922
1803 17260 3057
3058 11951 8877
10770 14501 3730
121 555 9160
2319 13296 4374
9765 19644 6437
4651 6307 8116
3121 17714 3976
10281 11159 2817
12047 18355 2204
534 7250 8518
6715 17864 1225
9638 14668 572
5530 14926 714
16978 18927 1167
7136 14279 2252
149 6329 2429
6515 13998 1922
13888 18403 8902
18637 19993 3398
8286 18306 8394
277 1326 5056
19084 19915 3211
4332 19778 9576
1253 4156 6878
5516 11547 5167
8954 14154 1785
12714 15503 4790
786 3024 3208
7407 11436 6106
1789 2166 6272
3537 8076 9125
892 1375 1563
938 12652 9414
1752 7191 8680
2919 4675 3892
1284 19620 8048
725 1199 3683
8118 14093 1166
14786 15496 6017
622 821 2170
3384 18154 5983
5476 6714 9333
3782 13629 3592
10980 16094 5597
2989 13102 9331
5879 18455 7489
4572 8470 925
377 2737 2568
5173 18481 7329
2805 13300 3927
5806 19239 5404
12408 18773 1799
1902 9397 7413
2398 13312 8323
9688 18459 2865
12020 14839 5125
4631 16205 3528
4349 14356 7717
14281 18929 2500
4292 9201 3956
12269 12337 3607
717 1774 4779
1029 3058 5760
18684 19971 3735
9053 16198 8409
7699 11763 1269
6296 8794 9984
6228 19288 2540
9122 13597 5809
5451 14173 9310
9604 18836 3487
5730 18599 9661
3988 8091 8400
2666 12847 6946
11395 11669 3686
10288 15421 7795
5013 7446 7945
2316 3627 7934
241 479 8863
4256 11948 3
2348 15548 8971
15850 17648 1450
18772 19250 4086
707 6495 9583
7191 18045 3788
12040 18509 3711
7847 19242 8487
2365 16128 956
4236 15909 1214
4311 6341 7986
1938 14729 3223
5379 15468 239
4956 6308 5596
5384 11183 2140
7553 8300 2723
2509 6113 6500
17313 19105 8566
14802 19349 8904
19 14357 1772
1275 18819 9524
7573 12611 4013
3304 12698 7724
3918 19122 2589
1210 1341 5537
8534 15379 3272
14935 17333 5178
1073 16254 1023
12611 17992 3044
2205 3957 5479
556 1682 8553
8311 18378 8285
58 14359 2409
1403 2327 3330
6198 17110 7167
6595 11563 5377
51 414 9108
4407 10972 2404
1745 1749 8630
29 1050 2758
2754 15058 2167
567 10986 2084
4882 8831 9223
7467 13875 7962
2505 17452 6114
3480 9634 9995
130 2442 1585
11879 13183 6274
10999 11133 6148
6684 14435 340
2449 5633 7573
7825 14322 4662
1537 14271 8810
2036 4767 2245
937 11806 7789
661 3171 8288
10752 13880 3228
17883 19192 8480
11875 19488 4987
1771 13706 5829
145 10375 2026
11729 11867 8377
1923 12858 3578
4918 8262 7228
1403 4339 5647
2550 19051 1076
15547 16147 1277
12087 12571 4849
6958 19398 1602
4858 7518 3652
8030 9719 7435
7261 10995 4126
995 3609 9518
14912 16148 5254
13717 17519 4508
4398 17094 353
9493 16360 1627
7200 8609 49
12100 16001 8318
9224 12761 3043
6283 11633 6795
16904 18668 4056
11953 15659 7398
9676 17050 2084
6754 8242 9483
9709 19928 1132
7344 14748 7577
1917 5875 2126
1757 13728 7295
2095 6750 3065
252 14968 6228
3672 9365 7092
15808 17350 9220
4723 10756 7826
7693 18904 3933
2983 4246 8950
6835 17257 2150
15139 18986 3451
12185 12748 1055
11169 12793 4879
14916 19119 7362
3363 5301 1162
2461 11477 9391
12347 17710 9885
717 7847 933
707 16127 5455
12351 19868 3006
408 6382 7999
4498 7089 737
1178 12114 840
2987 17591 5812
16831 17039 7057
2273 11238 118
2590 19123 4361
15572 19522 4339
1073 10180 6800
2784 7209 5920
7185 19568 1943
7229 15518 9527
2799 4332 6130
2165 5858 3477
6107 18291 8022
4846 15316 9570
5067 6739 4992
8273 10274 8295
1787 4582 8501
4280 6864 9279
6483 18327 9037
2098 5622 6288
13100 14437 6911
2666 3278 6486
8246 11564 7899
2917 3215 8896
7123 11911 7023
9129 15210 7426
7495 17268 4944
8275 9588 3181
6428 13447 2092
2734 4098 210
16 39 4877
16489 17137 4754
1063 7782 5045
14769 16737 8566
10539 18211 113
5199 12999 5009
6616 10769 2430
11868 14759 502
6218 14720 9159
242 523 803
1491 17432 9171
7715 19444 2611
12188 12938 6913
3812 5112 904
2983 18996 9243
5731 15706 828
14751 19186 4550
4149 10789 3290
3305 17411 1284
12112 16320 5308
7884 15636 677
2856 9461 1403
16684 19339 9039
9541 10940 9387
4822 8486 9700
16091 19474 9400
3911 16630 1149
12922 18496 2519
6714 8120 4859
2304 3097 3327
18074 18098 9790
10744 17692 9839
10970 19657 5529
9816 16171 1836
10863 17425 4875
8532 11447 9978
11483 18133 7426
6586 7788 9155
12641 13431 2629
6769 7511 8998
9335 14477 6279
1185 6814 138
388 3753 233
7003 11130 2993
16080 17526 4657
897 4613 6172
8387 11065 5774
4758 8407 2980
1096 10196 1584
10057 19812 4057
1434 1639 7298
6018 6844 6958
7216 7816 7812
897 5836 2160
3410 4172 9202
3472 4024 8172
3014 14254 1089
8565 16817 3946
3779 8497 7087
600 10911 4192
7928 8775 9198
472 16898 7650
6453 16465 4182
8304 9383 2113
4489 7304 8831
2446 18337 3789
7533 8149 2765
3343 15329 3812
8272 9476 774
1391 16149 9361
3267 11492 5655
889 4052 5727
9914 14392 4386
1989 11149 876
2948 3902 1977
5707 14599 624
1307 5482 4948
3041 3519 4700
1079 10995 7508
2978 10379 7788
9890 14565 4060
3617 8357 8576
447 1596 5066
6565 8094 7927
16457 17016 1771
297 1542 2988
73 3982 253
14089 17955 5714
3734 10976 8904
5093 18625 3215
6064 7092 8335
4084 4510 9700
363 800 8123
7985 11554 6790
14839 17505 1107
1593 10094 5918
7597 15171 7438
3518 19678 3448
8830 15157 6555
1852 14384 2129
1201 17138 153
15547 17535 8927
5697 18832 4237
4012 6926 3755
5331 7029 7492
2986 6977 9071
8053 14496 7806
5039 18537 5281
1518 4150 3079
9529 11180 3567
6771 16039 7898
4702 5803 2729
2448 16718 3120
11512 14079 487
6858 7210 4406
4461 14616 7551
8585 9742 3462
1014 4583 2982
6319 8739 7864
2500 15749 2026
10069 16377 6601
175 9057 2855
9536 19294 6454
2425 5370 8129
8137 8897 7693
3892 9899 752
9221 11280 8838
14017 19226 3367
16594 16795 8796
8564 17303 3947
5718 14470 9264
13536 18557 4047
1559 5955 884
11205 12202 2355
6247 15245 9165
5891 15537 6562
3709 9704 7858
7940 16774 3018
9459 9488 1439
7253 17974 9091
7956 16889 6220
14932 16680 2535
736 8107 6618
478 14180 6002
14048 17530 7553
3153 14110 6576
16045 19759 9256
1112 7310 9093
295 5898 7184
96 18348 7269
1115 3976 6479
7290 9215 5057
5904 18071 5828
3964 4258 3685
3584 7040 3403
4136 17940 5147
8271 11763 1615
9707 12829 6917
11745 18865 8059
1079 17890 935
1507 16867 834
3798 8969 7867
260 391 7347
3961 9318 8682
314 12603 7535
3164 6421 4752
12487 17923 8679
4521 19672 1520
734 2023 6400
11413 13158 4272
4647 19217 2305
5567 15774 7792
31 7450 3269
5380 13415 6747
1844 18914 2536
1208 11745 7506
2930 7533 8306
1374 3280 9857
583 642 8421
416 15645 4550
9875 14081 5634
249 759 8577
9406 15047 4269
2008 9484 7917
5252 5723 2518
2381 5889 882
2200 13811 3616
9397 9831 2262
2022 10214 1584
9855 11724 9105
4806 8622 2672
3691 5680 3571
1573 6262 1676
968 10404 275
6503 12317 4284
10672 11166 3086
2094 9987 219
10264 12376 5693
13807 14111 2
5295 11216 9463
201 4256 5622
940 5309 3425
14888 17760 2724
9468 10992 244
14102 16453 8786
8510 13634 9611
704 4181 5979
2351 9177 2756
9382 11556 8933
5432 14947 801
13189 16203 7843
4121 4645 1913
7807 11125 8522
3768 7528 6306
8627 16341 3881
9816 10520 6004
3286 15110 6924
10903 15277 7264
9990 18909 2971
12077 12565 6635
11458 12778 7057
7594 16369 2713
8120 8903 6977
1056 12459 4603
3222 13080 1733
2822 9041 4485
12456 19962 5869
503 1124 3401
8877 13881 9344
13119 19069 1975
5343 8092 3900
13859 14190 77
1812 4930 8135
2922 19842 3723
4319 8857 2111
1217 16905 6716
9082 10916 4215
11181 11956 594
9512 18975 4469
8823 19585 6727
12233 12293 3759
1964 5604 5663
7855 11860 2438
483 7016 8225
6342 14713 1840
2503 3188 4549
10179 15454 5155
239 6219 7969
2134 6647 5268
504 1731 1804
3654 15880 7199
159 928 4273
334 494 3756
14949 18762 3762
3116 17649 8586
2615 12536 3873
905 4253 1076
3861 10586 5761
1470 11861 6278
5369 8522 5190
8550 15010 9088
91 146 6483
13550 14416 115
15768 19647 1181
1440 16492 2922
3869 6890 4128
563 6171 4115
11568 14757 2171
9447 15668 3628
9999 11282 9173
3481 17159 2799
2606 4824 6916
4071 8479 7640
15620 19699 7219
1785 14600 2469
956 12616 8236
7192 14304 6875
2923 7391 9583
895 2546 2166
3929 12306 9408
577 10843 7995
2731 4426 9387
5415 18914 1866
2964 16477 6676
4165 6996 5050
3314 15009 2350
1369 4372 1366
9297 16348 9805
3540 15418 4310
6417 19534 7752
7780 9943 8776
655 1021 8452
6541 9966 3051
11663 18838 9798
114 998 8319
11735 15172 4931
188 13480 5682
5473 13969 5217
12934 19207 4903
5024 6946 3401
3909 4383 7864
2574 4008 4893
11657 12301 8244
4831 13347 3946
1386 18664 257
14335 18636 3463
11064 12555 7676
1887 11043 4026
7625 9657 5870
2249 3526 5273
4657 18722 4373
9643 10419 8308
1214 19860 6582
7085 19403 6607
4709 17092 8665
5571 15282 5010
10942 15121 9308
3904 19792 4033
3017 4320 3145
6332 16536 4570
4347 14591 6323
3705 5182 4718
1205 14340 7183
7750 8908 3679
1535 7411 8104
6647 10135 1401
118 2493 3660
9321 16484 7574
6543 14540 6111
9772 13779 937
3180 9013 5769
6791 19866 5020
1994 18315 9567
10732 13856 7061
94 7655 5986
5761 17156 6390
6911 14460 1048
242 5384 5611
377 18497 883
15161 17905 9937
12218 14449 7658
50 11824 4730
1610 16425 7531
12090 14667 8099
2210 14124 2601
332 2178 8458
6646 6767 1921
6831 14659 2512
4338 13809 2655
8608 8991 8492
1106 10610 5347
18589 19879 4738
5063 8676 4353
704 6079 9025
10193 12051 6705
8633 19025 5590
27 7557 6582
3139 8123 5018
15238 17607 9947
428 6329 1338
623 16494 5858
4268 6298 7835
2426 12761 4525
9711 11207 942
1626 5181 354
9458 17856 3847
5515 13782 1532
1552 9887 4465
632 2005 6191
4068 5357 6645
2502 6395 8140
5656 10340 4169
704 956 9714
7393 11364 638
4685 11940 8405
2500 3100 7513
14810 18958 1880
2637 10355 4790
4052 4528 7193
1003 7551 8311
3935 4294 6288
700 5579 5445
2679 10919 4947
18519 19350 2132
352 15124 9208
973 1888 2601
9015 13181 6042
18 72 6138
13173 17758 9507
1966 18485 190
1750 2582 6976
771 9102 4567
5500 9997 3759
13156 13617 7047
1784 17837 3414
1464 17772 9099
4729 4887 4403
2697 10793 148
4069 10063 5418
2800 11019 104
2641 16575 9507
17958 19053 6474
5680 12313 4594
7061 11940 1107
3974 15373 5026
8675 14341 6386
19202 19568 3130
3823 15152 9492
2217 13932 2566
2783 12196 8247
3393 12976 1651
3668 10562 1023
4164 7238 2490
4844 12549 2766
1361 19846 8069
9273 10790 1995
1742 16052 8759
1312 16267 1683
1849 4430 7841
10885 17953 797
1560 2971 4121
4613 12898 9344
18437 19002 2926
7709 15098 2788
1223 6015 7905
1440 4707 8836
6681 11663 4259
350 14271 1931
9315 15280 4300
8769 10086 8066
17054 19829 1010
6772 18730 4426
15333 19698 2089
85 308 6122
9815 19284 1690
5263 19736 7498
10792 17736 4418
2990 4429 8356
12492 18424 3419
4916 14785 9117
14531 17670 9021
1344 13334 559
2027 7230 8127
11751 13609 490
4283 14163 5387
5562 14586 1879
17180 18936 5015
7067 14942 5062
8558 18366 4620
3366 6161 571
906 16288 4170
4942 7580 6201
2102 15861 2087
78 270 1493
6277 18419 4693
8544 18102 8139
1650 4435 3548
4417 4982 1068
492 14362 6358
6085 8176 5194
8837 12849 2960
7012 12430 7920
5291 10097 7929
198 649 6991
6329 14636 3042
7931 14206 9126
5811 6467 9520
8612 11660 1204
888 13574 2257
1564 10272 2544
8059 11370 4068
4530 17713 7512
10088 19138 8512
2223 6982 3032
4352 7554 5164
4073 12335 6051
13876 17752 1668
5908 19188 9165
6958 18251 2891
6581 11500 493
2455 7303 2958
1676 3801 2854
3383 14992 2078
5348 10561 192
6948 7119 8510
3882 10846 4040
443 477 8303
9311 19429 496
12739 18030 1272
2963 19474 6562
2806 3321 6218
263 6459 3898
530 3436 9067
11770 18233 6208
200 15934 6869
15621 15806 4603
2571 10272 5368
1106 1714 2215
7631 10998 7831
1714 18660 6857
10338 17105 1072
14360 16773 6684
905 1681 6572
1284 9984 4846
10553 15326 8005
4377 6396 4262
10122 10162 9881
484 2152 9864
431 7433 247
3248 10855 4866
12862 15480 7119
7769 9794 7089
16902 17328 4865
3266 5551 1881
9300 10609 3400
11970 14107 2988
14999 15726 4199
13092 18797 2089
4841 19295 1971
10622 17910 7177
1285 3517 8925
578 18723 3617
4919 10466 6031
5045 19823 7960
654 3409 2286
13312 15776 5123
604 2347 9756
3387 3836 4680
4909 14001 3123
178 8786 9565
13416 18060 6580
6185 16970 1755
5751 16146 7334
9097 13177 5704
1938 14731 3874
981 2511 1393
1566 3524 5989
2523 18148 401
4004 13771 7824
7769 7929 2972
1032 18308 3991
8074 13047 5000
3466 19916 7942
8690 12487 7905
10001 16378 6687
4824 10116 4993
422 4233 2247
221 17157 6846
11895 14624 9634
1298 10333 4651
4728 16481 6960
5091 5153 7294
4962 9283 2108
6522 13067 9311
9460 16546 5299
3905 5817 1854
5407 14189 6411
1114 14719 2553
6072 11615 2098
6501 19616 6271
1919 7237 4565
12532 16411 6773
6692 9404 3810
13740 17529 3982
5166 14438 4711
5801 12602 1350
4335 9507 1369
446 4699 6832
4647 18409 2363
5405 11459 2040
12606 17086 4626
2629 10496 2476
18006 18510 2837
12582 17256 8142
355 3907 8775
6 109 58
1521 10453 1975
1141 8417 2535
13817 19901 7998
13567 17433 6843
3162 9551 9713
11878 12815 8848
6891 12493 7108
6072 13807 7421
13762 17008 6445
15508 17105 7414
10592 13626 7221
254 7307 2655
4407 19983 7838
288 12886 8528
89 16559 1160
7900 9462 8817
2859 9130 770
4210 4934 9565
4636 12853 8629
11790 17897 407
6171 8610 8645
4515 4906 7103
3941 16737 371
8068 14474 5915
6247 7052 3892
13950 19205 2130
2635 8538 2915
617 690 565
9791 18382 566
618 2581 8032
3136 8759 7525
6761 7648 8909
508 15717 4883
7281 15393 329
598 732 3255
8040 10230 5185
6449 7840 650
5907 6081 9175
8039 8953 3021
3907 8844 6849
127 6124 3003
11263 13177 9999
4594 18022 3761
2715 10316 4302
14090 14191 4752
3685 13247 1203
5740 10464 7199
3301 11624 6212
2826 12047 1656
5099 8472 7456
2598 2759 1142
2145 10553 8340
3812 5233 4020
519 12458 2046
5975 6397 765
1324 2076 4806
18594 19360 2161
7176 9424 7077
13342 16769 4249
9489 13155 9487
2082 3182 8068
998 11496 6089
1012 5905 1951
2608 4302 1841
12961 18669 3903
11643 17637 9045
4395 13260 9757
2365 4349 8040
1918 12683 7829
3273 11536 7047
9647 16809 6278
16213 18199 7900
3877 9104 2987
3930 5574 744
9005 16920 3500
4680 17710 1899
11877 14392 8871
2840 14573 1705
1474 3562 7186
4379 14981 7390
663 4656 7697
3765 8264 2605
6528 9199 7371
1049 4329 6921
10673 15300 1800
8212 10942 4867
1234 10349 7794
4503 13125 6361
8131 17392 767
7918 9864 6829
6426 8919 1584
10081 19946 7973
12173 15315 3947
10882 16226 5065
11736 12946 5750
509 842 9527
737 808 7364
14415 15368 9815
3105 9888 6174
1121 3245 5840
7946 8533 4535
7778 15676 1136
261 1325 8214
4366 11527 7155
4349 5592 4568
1112 1976 2856
5895 10284 3234
5509 7631 4919
4167 6141 81
1717 4833 9772
4765 10823 9103
7740 15486 7630
12268 16225 5912
16145 18451 1480
8487 17801 7918
1111 2074 6713
4194 11733 1907
2870 16000 3413
3041 8505 3215
1413 14515 3239
5777 7173 8335
8520 12638 9020
9312 11814 3086
6513 19247 3114
2164 2888 618
1658 9154 8238
5597 13590 7665
5501 16045 5930
10986 13865 8811
5137 9051 8777
1404 4532 9309
12064 14994 5443
153 1044 7622
69 76 9209
14378 15616 9367
7696 8173 9488
6084 15301 4459
9137 19965 6550
4244 17480 9329
1514 4368 485
16069 18924 4677
8587 13322 3200
4356 19419 5769
13658 17509 7634
3477 10364 321
3364 18741 1037
11102 12829 9263
4582 13111 2283
4236 17359 7900
3982 7594 5845
3488 9508 6265
3233 12835 8211
284 337 6789
6979 10616 852
3740 17403 5890
174 902 3056
7028 9042 5095
19226 19583 2114
7186 15885 830
12263 16618 4040
3548 8419 683
228 314 8625
949 13902 124
7637 19566 294
1532 11343 9642
4996 6414 6016
12007 14147 1664
92 8809 2401
3001 11951 2240
5024 5867 4085
6759 10289 495
11539 19376 2059
790 4643 5273
4434 8421 9364
1967 9749 9314
9164 18594 4090
3533 7824 1500
7057 12046 7952
6541 18699 4420
3080 9552 5955
13790 18913 6532
2194 3118 8054
960 1340 9018
5034 15065 5967
9407 9570 4821
4628 18543 8188
1089 14354 4809
7619 19588 1227
1320 5665 9851
6752 8869 416
9919 11470 7397
1842 4574 4781
5546 8112 8284
506 15708 2260
3001 3696 7557
13938 14413 1710
2543 12658 9188
919 4148 6583
46 130 2596
16727 17175 3634
934 12548 7831
7858 9391 7683
1462 2503 7340
4912 10632 4605
576 8008 3471
11172 13002 5387
479 1568 261
341 2984 2699
4265 8512 4737
439 15796 8685
1078 11812 6623
1241 19580 5090
1910 15359 2816
8809 15672 5804
7271 7647 8137
5763 9510 6529
17698 18359 4384
2200 6765 6799
1974 9172 3670
10563 18808 9272
1541 8716 9579
3173 12847 9727
5211 17553 877
10604 18595 3142
8434 10986 5618
11920 11956 5221
4635 8101 9885
9353 16516 3452
895 1355 3160
3126 4200 996
9504 13187 6226
1591 5334 869
1515 6050 797
4488 9034 2793
16835 17952 2749
1679 16395 860
2627 3022 209
269 8804 8618
9583 10993 1094
18029 19281 7533
2696 7506 9864
3492 13342 3395
4462 13836 8946
1120 16935 7939
8608 16484 9417
1750 18456 3765
9217 17539 5258
7415 18307 697
11524 16708 1885
1232 15435 8451
6556 11887 9201
15988 16185 5538
8796 13618 5843
3964 13025 4465
4231 10423 57
11707 13876 8589
8746 14123 1736
1684 4008 4282
6507 9982 1022
518 7627 4654
7881 11769 2324
423 946 2164
10519 11440 1624
10842 15940 748
3918 8316 997
852 1783 1051
786 5214 609
6738 13469 4806
514 14951 4878
5349 7572 5776
5767 14711 279
3984 14256 5318
8471 16931 6517
2658 3654 9419
2074 2616 4933
8225 13297 183
1201 12503 6453
2593 4289 6204
13040 19653 9438
255 2113 8906
7757 17035 3185
5036 13305 4759
4790 4798 1703
13295 15002 5367
914 3155 4331
10528 15698 6672
257 3797 9512
601 4494 1700
6972 10556 4659
6779 8345 2256
822 8748 3725
6596 7721 1914
12782 14085 8937
654 3023 6435
2073 17133 1090
122 19137 5436
4779 15976 6498
8573 17188 8516
6821 11691 9384
14376 19185 259
4272 15791 7064
14828 16459 4178
8937 10433 9928
186 18111 6521
564 10489 1340
1229 3294 1670
8167 12830 9156
7964 14276 9483
960 4249 2758
3910 8333 6101
6300 8942 9495
13728 16168 4678
1631 8627 4846
9254 11780 5821
1217 15337 1268
7886 19454 4055
1536 6764 106
13277 14764 4520
5108 6379 2908
6637 7487 261
3597 14354 4687
5173 12995 3038
971 1074 5289
606 17520 4650
6589 15655 217
8634 13103 8414
442 1461 1311
8899 9695 1757
13022 13039 8094
14780 15801 8987
3066 4399 8078
5377 19404 2118
17230 18798 6636
11373 11841 5133
928 4540 4933
3793 6164 5000
1657 12633 9778
518 1429 7075
482 829 1229
4728 5515 2718
636 6136 8375
5125 10441 4274
10621 15207 4725
4817 14724 8860
3014 11687 8541
3588 19412 9897
1149 2195 258
80 7693 3134
597 15890 325
6086 18471 7440
6330 12282 2049
3695 3711 1997
3604 19293 7729
7755 16402 8154
8779 9742 9572
6169 17719 1131
1800 2741 849
640 7117 1137
5505 8722 6009
4561 9058 6049
8429 16315 7358
6052 9648 1318
600 1179 6276
13681 14316 576
15667 18544 4000
1437 11657 865
15357 16828 9450
2501 6075 7252
5550 6303 4701
13758 15392 2503
2541 2605 2088
10556 14292 5840
1 40 3923
4562 12120 5952
6701 18159 491
358 586 1249
13032 13521 779
8226 16393 4066
1026 5338 4039
17 379 5161
5636 18327 2258
10752 17313 2089
12643 14479 4873
724 10126 5004
9373 14027 2119
2307 11483 9517
5912 13257 7361
1234 14884 1310
1662 8743 3029
14159 15303 5205
7890 9525 7387
6371 6939 5398
2304 19036 5879
2537 18108 8110
907 9717 9500
6217 7809 7530
348 15072 8382
684 6174 6693
7261 9470 4789
5603 7428 3122
4239 15504 4475
10650 18928 9717
135 19763 9093
9516 14052 3799
12628 18309 6709
10238 13257 3667
4238 6945 106
3473 13909 7352
5810 13681 212
106 4651 5387
8486 18693 528
3457 6280 494
2097 14351 7906
2433 3940 3113
264 297 3367
307 18219 5908
5919 19953 2048
2940 6068 9497
3337 14824 481
5479 7087 4978
4584 12559 7139
12144 17673 3792
2836 8217 9195
2335 9637 2492
5226 13927 918
3688 4656 3272
396 15431 6276
3598 14013 8122
12521 12562 7511
89 492 2238
13365 18447 6091
1847 6716 4450
8832 15918 3163
12770 15233 1580
3702 18218 1703
10085 12767 8558
173 8214 9890
9888 11425 4759
4039 10065 4004
310 392 614
2881 4143 8019
13541 19881 4071
2535 14925 8553
3869 10164 52
4601 14745 2904
618 2646 6303
3237 19218 6165
14987 19965 9521
6383 19966 6655
16425 16533 5516
10680 17289 4786
6137 14756 1659
17410 19570 6371
8628 19936 9106
2650 14766 5740
3818 5385 3150
6772 11234 6744
7898 17402 902
12840 13992 9541
715 4247 1553
4738 5790 7685
11324 16469 30
2298 5132 885
5045 17402 7730
3217 16480 5596
7695 13082 9806
15958 16533 7554
6648 19528 8275
13974 17878 2822
118 210 7931
5410 17616 3845
9223 14207 5416
11748 15803 8369
14680 19335 1257
9095 16786 4771
14017 16565 7019
8390 17700 2674
5707 6565 1614
15737 19253 8914
8337 9803 9091
1049 4705 3968
2954 14723 1679
6927 8377 3998
2267 14545 3953
4693 8612 842
3353 11193 853
878 1226 846
11084 19559 9132
474 8405 9835
5981 13963 3667
900 9693 2179
4682 5718 60
3174 15803 5905
13508 14520 9223
7473 9928 6919
471 8844 3253
7318 17560 6382
5172 9754 1345
2191 17610 2811
1343 9531 8332
121 10049 2016
14442 19238 7281
782 3661 6714
16766 19010 6620
6505 16833 4748
527 6979 4729
5148 11663 3936
829 10174 1187
8368 16849 5255
739 11106 4202
1862 9464 7417
4669 5894 4208
4480 9810 1753
546 8938 7509
12996 19593 6906
10829 13650 7656
910 6458 8145
6194 18242 5242
3225 7932 5483
3449 7269 4182
10765 16097 437
285 2380 2225
9720 10290 2568
10655 15139 8929
3240 18658 9572
618 16975 4985
1621 8647 1378
3788 8974 8113
5949 6571 4026
11212 12224 8520
495 1827 4256
1372 6636 3453
2499 2937 5551
8593 11985 5963
7632 16824 2366
8757 18481 6295
7082 17466 5289
149 19991 8218
3338 17389 3357
5011 10709 4058
2075 15138 6204
4853 15983 8075
5381 7453 2803
10330 12979 9900
7165 8210 5330
629 6382 4547
5408 8369 4684
2028 2138 9448
771 8517 497
11920 18393 259
309 544 7214
8297 16170 5765
2424 17639 3561
110 1175 4215
4344 5018 5945
226 832 9632
8039 17549 2529
8333 9009 2250
5882 11146 5159
3900 4437 921
13688 19905 1901
2604 8029 9458
602 12751 5808
9557 15175 3288
8791 14462 2547
17308 18278 7841
10972 12372 262
5188 13820 7594
349 15430 6811
9503 12917 5023
5906 11177 4249
2164 6098 5531
4559 16538 4756
1963 19272 2158
6918 9062 8877
995 1195 851
14062 19183 3763
7787 12238 2519
982 3940 9522
470 1051 5671
9505 10669 7509
5216 11023 4563
5003 17085 9536
409 628 1037
4089 10723 2601
13446 14179 235
13829 18305 1451
2105 11033 9891
644 10027 6096
2237 9186 527
15030 18439 7255
6838 7972 1430
12244 17987 2586
9696 13928 807
11416 11815 1415
5021 5537 7781
2006 7507 401
153 15171 6885
699 5297 8735
2299 7001 6377
8531 13960 4034
17772 19893 6321
192 9437 2506
1831 11322 7416
7273 15330 183
3301 17932 6625
4109 11802 1135
8153 19707 3003
1080 2025 9881
3707 5896 8352
7602 10455 1516
8833 19999 7996
10602 13641 3493
4528 18284 5017
13025 13801 1347
3052 10987 7861
925 8624 612
3922 8090 5905
689 1145 9942
10640 16144 4295
4158 6328 5303
1969 16554 4067
3697 5973 5759
1603 16785 9862
4065 8617 8091
9604 18321 5246
11875 12141 9774
14342 18266 7278
3099 10578 7657
11317 15405 8182
461 14210 3704
4497 9633 6654
7848 8995 9950
14956 17684 6550
2800 15617 4332
14822 15503 9048
2200 14408 4413
5334 13398 1662
4378 5149 6674
9261 10364 4491
558 7471 2570
2728 7427 951
4150 11899 40
5278 13486 6683
2452 2729 2492
12155 13515 6738
6262 11583 1680
7258 18485 1739
3325 11415 1143
2214 6570 6353
128 373 7189
13683 19513 2998
14816 17794 7508
5455 16670 6534
3666 18636 5374
1476 1747 5483
4882 19755 9890
3918 15013 8084
7260 18125 1031
527 6030 990
344 11159 3067
4112 7707 3369
945 2463 3079
149 9405 2636
13612 17293 8571
3195 12347 6215
3392 19155 4209
9883 10894 4567
2220 15450 3166
75 9318 4091
1073 1544 488
4165 12853 9613
7429 14693 7065
3324 8730 9540
6831 8907 9072
4953 6713 730
2327 7520 8096
1969 5266 5957
1373 9212 8405
1519 18207 7066
12316 14609 3425
2995 8670 7002
9846 17111 3442
6649 8185 5933
2737 8679 5447
304 5094 3847
2181 3093 5340
6842 15583 6008
8543 15187 4596
9668 13958 4964
3396 7426 1232
8909 9220 743
7677 8121 4681
338 457 2924
10630 14075 3005
3972 10875 2146
884 2883 8451
10055 11958 1323
14127 16522 7825
6166 6860 3685
4926 11805 8924
10205 13840 3520
4300 8238 3599
2540 5656 5000
7422 10709 3130
4314 15244 5699
10570 14881 1651
5382 14425 1032
1787 3266 3422
3200 3220 3891
15424 15774 1232
15527 19498 4611
1903 2731 3043
8603 15832 337
3166 14491 6206
4110 4658 6591
3486 14363 2416
563 2448 8804
8855 14573 3198
7487 18737 3443
4525 12784 8488
1286 3178 217
9586 19985 4112
12305 13837 5828
9209 16128 8541
10919 11968 212
13222 17510 3092
457 3707 658
10271 16786 3864
15240 16165 3873
6704 18182 8862
2762 17688 3643
636 9030 5063
2552 10881 7765
8846 8848 985
10568 12986 8549
5596 13853 4299
11485 19651 1272
2027 5867 8967
7031 15499 7622
6915 18476 3607
1750 17106 6375
615 905 2468
11533 15564 539
4114 17692 9610
2326 8100 5309
7836 16949 5514
11910 16999 4175
641 6200 1688
2269 8556 5012
6377 7810 554
467 9753 5149
8836 19670 9595
5239 19826 5142
6910 6954 9035
12504 18092 4573
15486 19058 4292
8666 12842 9424
5536 19505 3348
10088 19885 3030
1361 14583 3584
12324 19751 2040
9243 17653 7607
246 15697 9937
2694 7587 4112
4437 15752 7642
288 4895 2031
1227 9109 2359
3400 9055 7644
6905 15698 9909
13049 14547 4354
6788 8441 9984
5085 7048 8000
2171 3307 1298
18235 18670 6403
1243 13477 8050
1615 6713 2434
6564 17975 8421
17373 19740 2447
6200 8610 8531
1169 1821 7971
12781 19974 4194
2172 11572 4145
14481 18533 2991
4121 9572 9378
5048 6377 9220
299 554 8537
541 17223 8800
697 968 3120
1789 16161 7980
247 859 692
11830 17788 775
1631 2659 5224
11561 15703 1284
2795 14543 4824
809 2559 9482
8594 15625 2667
14547 15635 780
8632 11846 4117
12362 18584 8685
5649 13921 7533
11523 13248 9207
9974 16938 1786
7728 13627 2790
6395 15602 635
3952 7039 2836
16439 17012 9644
564 5206 2973
11397 19554 962
6991 19961 1079
8912 9893 9178
17860 19581 468
10140 16016 8113
2628 11467 9524
14837 16218 1177
8841 11787 8496
735 764 8993
1064 19181 8863
5841 6244 9937
7680 13851 8503
8297 18358 5416
786 15509 3665
9416 15017 7900
503 9559 9461
1165 1566 9908
636 7478 4405
7799 13765 4736
672 19782 6837
17247 18661 275
1474 16157 8978
484 1061 7234
10223 11014 5747
5113 9819 4328
5605 18793 6465
997 7356 3138
379 8295 8630
5377 8107 950
1278 7492 1312
6482 14964 264
9316 19614 6735
5407 19133 1765
3041 10624 9719
1427 5938 4431
7769 11957 4207
1150 10193 7095
2246 3126 1752
5644 13521 3761
7393 10743 2894
9434 16152 145
1336 4685 4776
3602 18274 3279
2089 11348 1758
5338 8517 1453
1978 10531 1883
1561 10177 5636
5424 7200 358
4993 12774 9304
7444 15198 3918
2351 3570 7723
1529 11544 3716
17548 18137 8342
5121 12653 3708
13143 17175 60
4 66 5923
2269 5125 4329
7974 16962 1602
3048 5898 6670
490 10087 8494
1016 9662 1339
541 3373 7966
11807 13617 8729
12168 18568 9965
321 9268 9467
2420 6023 878
1953 4446 2968
2521 4960 3414
9646 10678 907
7620 8542 5056
1038 5455 5869
14065 18681 1313
894 3506 2562
223 4920 2159
745 11350 4522
6606 19639 6702
9596 16890 6327
1458 11376 6794
879 5270 1012
16285 18055 520
7511 12127 8820
4913 5267 9742
1302 5170 1005
730 10256 8698
3628 12959 8070
6358 12495 9429
2930 3905 7012
6908 12821 8373
10385 16920 5494
5943 6993 2266
8100 15381 7212
466 4976 6941
3087 8606 6126
7915 13460 3779
1691 6743 1695
701 10687 2186
4773 5436 9891
112 140 5291
11623 15755 9090
858 2636 3992
16271 17198 3467
2685 2707 7351
6257 9041 1376
14366 19451 8054
831 6911 6647
1279 11449 1941
4256 6784 5771
3885 5000 5960
1449 3829 404
3910 7981 2198
2702 11310 7959
17109 18695 3884
32 2341 5855
516 9326 4494
6886 11542 20
5773 15446 8471
362 5833 8971
5414 14051 4602
7549 17517 5331
809 3628 5891
13217 14591 4890
2636 2969 1932
277 1104 2369
13846 17847 782
164 12309 6724
2128 12803 4603
7406 8633 5719
17669 19763 5594
1719 4548 1642
3541 6787 5
4898 12168 1723
5638 11318 2851
1173 1655 219
5405 15382 3299
3418 8567 8123
5555 17284 9275
7786 15544 5686
3847 5093 168
4192 14263 9671
5107 7706 2807
11605 12022 3279
16259 19931 6730
10715 19600 8308
5562 11695 9693
92 4822 695
9161 12261 2486
6423 19560 6657
21 128 2876
7891 10400 2926
6687 8466 5834
1363 7915 4902
4363 5929 8068
6061 9624 9534
10097 11691 9916
12307 15021 1249
3093 16798 7924
2125 11087 408
9395 13599 1657
14567 18971 1854
602 8824 4964
14480 15374 5050
813 4788 3700
2421 10361 9154
6004 12258 6766
381 835 3220
738 13624 1807
3762 11890 9610
1632 4124 665
6327 10201 6765
6523 16964 3882
3311 16098 9312
12512 15174 2020
5994 10908 6006
7137 13575 7550
1604 16686 3632
3632 4271 7237
16171 16529 4168
7862 10628 2751
14036 17498 1668
2680 9512 2275
31 286 4207
1923 2311 1519
158 9593 7641
16062 18012 226
1417 6516 8057
2519 17546 4952
4564 5823 8463
3960 8549 4676
1005 3139 2551
9107 18693 5138
6528 13071 674
7405 18914 6949
9569 10977 3804
3666 7710 4961
4771 11554 9934
147 9531 2069
12831 18012 1725
7877 10278 8682
11637 16333 6558
1376 3011 9005
1393 11358 5497
4391 6858 3757
8310 17984 1265
19115 19666 3583
7200 19685 5003
2980 6380 5136
4521 9902 5116
2700 4313 8382
9830 12929 3210
6197 11513 3972
1492 19651 5370
82 12372 3205
2753 18989 1465
5230 16259 8762
2281 2885 1631
2888 12800 6578
5064 7033 5754
126 671 6552
2221 5705 751
4798 19790 192
7932 10031 7643
10343 13629 2665
13412 16756 7684
2648 12869 8180
1475 8994 3080
2468 2992 4354
2206 17926 4965
279 7254 8289
8026 19235 7135
14570 19863 9989
6487 11580 5754
4105 14179 2321
2771 14032 8985
4442 14222 7206
9155 10179 6458
3543 18661 4959
961 1633 4764
7045 13797 3557
694 11121 4668
2586 14631 7504
2219 9027 174
8377 10223 3796
1755 16595 3235
8712 10939 4101
8464 13970 9813
6513 8547 9138
9381 13131 4246
1463 16780 6961
2268 12952 5595
483 929 6611
1302 4342 5507
3863 7074 9587
9904 13066 9296
2305 8843 6087
12546 17343 823
3619 4522 1863
4235 7743 1016
4140 12836 7740
1790 5086 5243
9669 11532 566
133 5009 8115
2513 3189 6552
14850 17636 5602
9859 12190 7968
2025 2138 1072
3830 12359 8274
6306 16101 3829
1990 12794 7734
3139 18130 1317
9768 11906 3618
803 17230 3065
10428 11005 5361
15918 17154 7306
6473 8236 2068
3018 4949 3201
1928 17528 3080
6212 17932 5841
947 12347 4622
7774 10931 6799
11435 12369 1644
5787 7057 3176
1228 4501 5451
10342 18071 1393
13227 14054 9120
1944 7968 3492
11575 16361 6776
804 12495 9324
3842 11071 1440
6801 12257 3554
2621 6982 7298
2977 19266 3159
9126 19258 8484
9106 14093 110
12613 13841 9646
836 15819 4148
3288 3834 1603
10595 19439 1905
5288 19941 2672
116 7895 7042
6352 13853 2646
864 4368 1057
522 19535 6080
7648 10130 3571
6548 19983 2219
2940 16582 4662
7351 7362 8642
4210 12878 9136
2003 15330 6608
1784 14420 577
4619 6300 9941
4138 8734 5089
1674 5290 7238
2644 14220 4879
3233 4124 3895
3286 13598 134
1817 2125 5704
7166 18582 8679
241 507 320
1056 18918 6523
14223 18358 4943
3772 8717 3386
8216 14032 6589
2927 5916 5060
2232 10948 7208
3111 4022 8268
3902 16195 7536
9876 11002 3868
1767 2988 4805
3318 3891 569
14492 16789 7472
355 789 589
4103 15161 9954
7986 9117 6550
5056 12980 1945
17145 19161 9232
3024 14563 8193
8101 18354 5400
3019 4225 7986
5805 11588 1499
1906 13209 8509
8301 10161 5491
12420 12862 3312
18318 19910 9444
3440 10032 1867
2451 5295 4029
3082 5329 3277
2153 8596 5382
275 407 9927
4558 10277 6919
228 13306 545
884 4671 7439
13212 14363 6334
14762 14887 2561
4637 13052 8363
8032 8146 1035
6416 8171 8048
4113 17519 5065
7458 15107 4544
3823 13126 6211
4569 8498 6613
422 18792 4407
10090 16410 839
148 433 9163
7148 13319 2123
10116 16020 335
3504 17139 2504
4995 11830 1518
8060 18684 3086
12278 15770 5024
88 5517 8599
1528 1664 573
2656 14151 2301
10024 13527 7511
3157 5459 4649
7952 9016 5070
3859 15796 3651
10112 14720 1541
919 7779 7772
6512 16406 3448
2048 18777 2110
9065 11412 1217
11012 18228 1362
3493 6242 3769
10692 11825 9217
8 6595 9840
4025 12178 6865
3331 17720 9847
2308 11781 1558
7362 19071 6675
2747 6873 622
3708 4126 4955
2502 11110 6242
530 12590 9303
14674 15146 9676
5171 10165 9295
3819 16849 4522
6320 10113 2968
14105 17261 1330
36 415 6674
7583 13312 5635
4109 7029 7105
10534 18586 7531
4335 13141 6384
9861 10154 6243
457 1580 2475
8935 12428 2405
8644 13943 5464
1362 6925 4861
2252 5404 4347
3745 9770 2340
2577 13619 4125
146 11493 4070
14984 16392 3953
3070 14038 4230
14035 14105 6391
6884 15112 9901
1830 19433 8102
8184 10054 5399
8732 15141 9188
95 4553 354
3396 10353 7035
13802 15538 2526
9948 15940 4337
9331 15435 1630
15254 18410 8796
7460 8620 4467
1589 3759 9278
4346 5688 3279
14 2045 6044
4110 7016 4173
541 9203 2373
11382 19514 6653
1447 11119 3200
943 16238 891
4605 8586 2555
309 383 6266
161 5247 1586
7629 12685 2127
3877 12753 4361
14241 15851 3636
17951 18892 2566
11811 12102 8936
2219 17390 3072
2189 6829 6439
3501 4243 7741
1238 1704 1579
14641 16597 1382
410 804 6207
3553 5865 2752
2224 13721 3233
4304 8997 7957
537 9937 1748
1073 3501 8116
48 191 2039
7672 15501 6956
1805 1897 82
2237 9851 247
12970 17680 7191
3712 15442 5419
1857 4317 4697
17043 19239 1745
285 434 9940
151 18971 931
7287 19146 9880
8275 14501 1900
7122 18335 9146
4260 5763 1156
16003 16601 7412
3811 18380 4025
4386 12019 1316
9439 17034 8942
1858 6576 6972
1686 7915 6652
2174 12845 8247
2701 11105 5160
4868 6268 8181
596 5282 1591
8271 11406 7020
471 12469 7094
73 122 1782
3590 4762 4038
11287 11998 3324
16186 19142 2645
8729 18822 8876
13220 14819 3832
5101 16229 4994
6044 11294 3463
7219 15289 985
7412 11180 2795
5008 16759 1204
7219 17995 7529
4743 9575 2066
1872 19088 65
3252 7605 157
3477 19033 9333
1862 5211 2551
7806 18751 2972
166 6805 4908
9904 13401 948
290 6819 1022
16748 19704 2971
1659 3204 5961
2672 16400 7225
7406 8889 940
1918 9674 5007
6197 8295 5671
8406 12398 8335
12879 14222 1546
12037 17121 6296
9421 17687 1279
10001 14368 8177
8818 13982 7588
5567 16066 7844
4487 11647 9826
9681 10470 835
4951 9996 9367
13725 19113 2761
12022 12798 4699
6636 16697 91
494 18736 2427
3721 5124 3310
14931 18242 5808
13132 13163 871
7490 16904 9844
530 6511 6128
6665 12482 3673
2521 17299 5472
6147 14347 2720
4341 19477 4412
525 10190 9992
11257 17400 3033
11005 13781 9183
7926 17595 5910
1864 3869 955
369 743 2622
1557 15522 8433
7099 17675 1914
82 3629 4652
2173 8721 3279
5880 11715 6485
4609 10430 9105
3948 10469 7954
2896 11251 4114
2900 10486 7871
2985 9956 3477
1088 10919 474
4000 11713 4897
2389 10810 8931
1028 4147 4735
17803 19078 3222
11633 14203 2165
4201 6504 156
9185 13666 3937
10048 15487 5163
8585 16661 7295
559 1768 2636
4761 8256 2337
11336 13078 2039
4624 18311 5800
3500 5582 9686
2232 12293 5712
8348 11538 7782
6877 9544 7757
11645 14644 3840
12663 19445 3672
2543 11477 4769
8221 14919 8092
6610 8879 7556
9056 19552 4575
12058 14372 4471
14823 18856 667
4405 7706 9745
7092 13110 1568
1115 1536 4651
105 5647 5118
7989 18251 1575
11674 14980 6901
2671 15269 9610
12457 16938 6562
4007 19421 9154
3131 9233 5521
4632 6067 1509
12067 16811 5917
9470 16464 6465
98 162 1716
10872 14202 7923
4576 7440 5270
3536 10745 1048
9464 10818 2184
793 2957 7205
6470 6642 4378
4886 8300 8429
7078 13114 2631
18066 19475 8783
2654 18952 3198
4739 4987 9311
14739 17310 6407
2143 4969 7987
7 2420 2429
10590 16240 8258
3536 5480 9306
629 5450 8905
13262 16907 4140
18394 19495 5730
5172 14748 3555
1658 3301 4024
7884 12015 953
11001 14429 8526
653 1131 7437
7468 15766 7259
8210 14570 4619
359 5298 8989
3466 5884 1083
159 17193 3130
2736 4714 9897
6927 9205 7054
1219 9771 7191
8915 13450 9121
7733 17958 203
3071 3218 822
443 4922 8217
2487 6466 5184
11315 18924 3417
560 4160 7004
7986 12150 1963
12156 15351 5164
5630 11072 37
2835 6308 6681
4340 7657 3489
2220 12712 7031
1813 7370 8524
6933 14078 834
810 3675 2868
4970 12551 3355
12 15426 9881
5135 10279 2786
942 15549 8522
7103 18002 4733
842 16361 5184
7189 13956 7244
159 4284 1536
3190 19460 3203
6636 19099 1161
1315 3598 7719
5219 7359 3220
1154 2207 3263
12806 19613 6992
3638 3999 9015
1300 1393 5401
10703 17044 8701
2341 13752 7909
2259 3664 5732
2364 10490 6260
9095 12284 9120
5059 13314 1194
3257 5746 5463
4110 16727 3547
482 19822 5154
1357 9896 3539
3223 18192 3684
3184 9517 972
4959 15370 4542
13 21 2734
1855 4584 7215
3432 15030 5416
1589 5611 8809
4977 12287 7157
6874 16089 6829
3396 19618 8774
915 2248 8410
6405 19497 7240
614 18863 5426
5021 13615 4360
1910 8259 199
2796 2822 7621
7488 9643 5519
17521 19937 3016
849 3108 1961
8884 10253 7061
6443 10592 1052
2377 13855 9996
13854 14628 5349
866 9718 7105
2577 19797 3106
1505 7864 2187
18048 19047 6114
8601 11921 6890
1269 6859 2039
6443 7548 726
966 11339 5409
1448 1855 4819
9153 11224 6661
19 9561 3632
7089 12248 2536
2437 10897 3208
3970 9364 2809
4920 10804 6254
2672 3327 2766
9971 12178 7613
505 6874 8178
9361 18678 5950
12597 18168 7864
17305 19371 4715
13783 16875 7449
7943 14210 74
3893 14536 3889
967 15018 581
35 1931 7246
9288 13808 8573
1376 10144 1824
245 1121 8136
2652 5725 1131
3524 15457 5205
9103 17946 8447
950 1457 7566
7913 18666 7876
10441 16342 2168
6717 9481 9541
7670 13005 982
3686 17043 371
1980 4255 7308
5643 11864 5950
4655 19592 8507
6234 16816 5889
7280 14602 2938
14454 15644 6999
651 18889 2186
992 17230 7933
3867 14418 7269
7256 12175 8721
486 8728 3268
16166 17345 6317
12235 17119 1204
1770 11030 2994
1841 2386 8990
804 855 5466
4392 7897 1143
6758 18321 2144
3954 15693 8740
2338 6312 829
131 8198 3365
1771 1913 9626
1342 16155 1570
1719 9721 2840
9768 14154 4450
4522 6917 7241
7892 12555 6428
5894 14140 2055
2954 10259 2091
6716 17747 8505
2805 14189 1882
58 7823 6377
4174 7329 164
3346 17678 2556
16275 18135 3938
4759 12916 5942
5019 9941 5194
15621 15839 5709
9830 13970 849
2398 2843 1859
1986 7322 5635
9320 13165 7086
820 16133 962
1270 11070 1540
53 7827 6034
6559 18783 4583
1344 3334 9215
454 19097 2656
7 51 3431
4509 9862 7759
5181 13127 5867
5174 16631 3777
7843 18916 4563
3887 6923 3567
895 11462 9590
15615 16313 7826
8086 15612 8756
12454 14813 8020
2841 8047 5753
164 318 256
6282 19978 1379
5623 7759 2719
1028 17802 9404
8436 15531 6521
1660 18412 4341
4157 14016 6905
875 4394 6970
1616 3445 8482
743 1799 4858
240 4487 2297
5937 18304 2691
3698 15847 4517
948 16057 6509
8147 11437 4204
3701 13037 2337
3210 6763 8763
4550 8332 4713
4105 13824 9519
6391 8921 4231
4877 9568 6783
2162 17567 2018
5213 11352 9171
15042 18933 4464
5941 15006 9537
4355 7796 2599
8748 13032 50
7273 10038 8248
9693 12191 3675
5795 13227 4254
8223 15826 4267
2554 5058 2498
7138 10882 9314
1114 3924 34
2018 2348 569
3880 6591 3278
1263 9685 5745
1920 8921 8351
3746 18645 617
4825 5912 7662
855 2167 6027
10554 18580 674
7169 8948 6652
9258 11937 337
16328 19107 1788
9405 16388 4058
6474 17418 2148
4463 13934 4259
714 13208 4143
4487 6735 4339
2857 3208 7553
7622 11822 9120
1605 8670 6816
7311 13612 3639
8930 14046 4881
15049 18271 8999
6603 15830 3909
7447 9820 8033
8223 12965 5470
4521 9419 9380
5025 9610 6646
8190 10599 9523
7094 17019 1092
4798 15039 860
9042 9824 2068
2266 19135 8052
7994 19731 4329
4289 16003 7987
15750 17952 6485
3107 17839 6346
1936 16649 6304
7261 9232 6089
1474 6024 8724
9039 9760 5653
7335 16502 6893
11042 18992 9822
3600 12723 8582
5761 13219 5309
5442 6317 4546
15518 17873 7405
12349 17410 6266
1028 1573 1862
611 1254 3131
4467 6474 8448
6803 14165 7803
10232 19730 9155
526 11033 2193
12891 14955 9052
1343 3234 4604
2359 14715 8671
5616 10582 831
2850 6691 8314
6308 16062 716
4066 8281 1785
4070 6247 8353
2733 12586 9432
2276 19094 8006
414 2886 6413
141 627 148
12163 17391 7380
4461 13367 1625
4424 9881 1258
207 2237 1596
1727 16780 5771
14595 16903 7336
2641 3099 3035
12160 18319 4510
11200 16331 5006
2285 2765 1154
8698 16069 5636
6005 18964 204
4032 4992 5903
7119 8681 2048
3300 6304 3110
8384 11852 1416
12603 12997 7045
3770 6254 5322
4169 14117 1634
576 11400 4412
7272 13997 2472
3322 6540 1098
17064 18200 1204
787 3287 5643
4839 14895 4115
3314 6384 9567
2308 6366 2482
14159 17790 3992
1475 7973 6811
1402 18598 6963
2737 16410 8645
13754 14223 7469
222 1756 4008
6356 11317 6002
4590 5931 9181
2535 4600 7186
8706 18953 4626
8017 12005 6605
16865 18448 4236
3573 9393 3294
15904 19344 3360
5394 10044 5110
369 3832 9413
10489 15256 3533
1230 9130 8826
2119 7063 8287
666 17315 7204
7578 18083 803
10314 13895 7055
6591 8233 7762
15372 18667 2841
14711 15888 1653
3231 16678 8996
186 1240 1096
12682 14112 1671
4157 5299 2001
1419 14257 1712
511 19126 5422
8204 11275 3999
9968 18258 4258
3634 14038 6043
7750 16382 6962
5806 18734 113
3739 4432 2690
11289 16239 3851
3726 5512 987
2686 10348 7456
1280 10577 2596
4500 15808 5907
4738 16466 4279
7304 13459 8345
652 8502 2988
15892 19333 9831
11067 19425 4285
15145 19575 2766
4007 8628 7531
15149 19755 2071
819 3987 7852
638 7393 7245
2633 17123 1709
5232 7792 4504
8058 8264 1845
389 3479 2650
884 2193 7429
12159 17057 139
6197 9789 9529
8950 10320 2733
9247 13660 9377
5001 8543 7043
3600 6549 3106
14814 16530 6083
7614 13956 1896
3186 15898 2412
1178 5853 3994
8092 9312 1336
9390 12131 5052
11102 12221 9499
8153 11303 2475
530 18499 9812
326 610 1358
2317 11342 7140
6707 9027 6181
11071 16992 7407
12266 16282 5566
7640 17687 7849
5974 14100 5223
3641 4969 1595
5374 16874 1217
5920 8932 4855
11812 17346 3533
116 143 9142
16139 18752 5271
757 8053 6992
8907 14834 7114
23 8207 9454
11105 11709 9619
4788 7739 3420
17872 19483 4325
4907 17112 9213
9531 9802 9762
1239 4214 6117
5975 9288 6225
1402 10170 9445
7361 10266 9700
1529 7535 1221
8613 11689 7155
4210 9267 1013
3227 15604 255
1728 19935 432
873 3417 4508
1701 5305 42
5478 16302 1439
10023 13720 6995
5 35 3151
6321 13222 9327
8527 17800 4193
9625 12720 7400
10403 12209 5825
1958 10008 2373
6579 8927 2217
17646 17884 1404
2568 17230 8100
13331 14952 6333
7130 8921 2577
11755 12755 3296
10955 19546 9115
9947 18543 2674
5141 19937 7297
5886 8284 3265
3886 9363 7783
2364 2562 8201
7257 11291 5514
89 322 5717
9260 11425 3835
7146 14822 8070
3590 11424 7244
1484 7065 406
10237 11375 9808
6016 9189 8279
11192 11640 1420
64 849 9625
6547 17444 1651
3701 19847 3168
8379 13306 4624
156 921 3265
3486 14643 6005
7067 10781 8092
11772 11968 1973
4265 4948 3925
11881 14249 240
6658 11614 1978
3945 11173 2878
1996 16189 3299
1481 5405 2507
707 12748 4453
1318 2766 4225
1326 10691 584
1937 11932 2818
1070 15860 2375
5884 10232 9684
301 8736 5489
10388 13314 3987
2183 10224 1265
1965 2187 7873
11807 14613 3471
7326 10216 4661
5235 13715 612
12983 14828 9458
457 511 7846
11913 12719 1908
4738 11143 765
4859 13838 6664
610 3434 3727
393 3477 8985
16878 19221 4900
11872 14257 6479
1638 16029 5100
7395 12570 4778
1832 11479 4356
9259 10417 6203
5100 11895 4543
6992 11662 4475
8465 18440 9555
6558 19508 4452
29 1003 395
18598 19470 9567
6186 9357 29
15936 18278 4454
18768 19879 2454
5543 9835 7641
16494 19112 3224
16259 18390 6250
8841 16822 6618
747 3000 6388
11393 13292 4215
2378 10766 1068
1157 1987 2211
4737 9284 6786
18837 18904 6805
1353 3590 4624
1217 18004 7774
3926 5557 1999
679 5263 9073
10195 11716 2469
2152 14218 3713
3567 16369 5205
11090 12951 3376
15245 15551 9452
223 1434 2787
11948 16301 9092
2739 4897 5193
7257 11205 5036
14619 18871 2974
5176 8981 8389
11560 13093 4565
4428 12365 8222
14163 14560 1440
10978 12438 1095
12729 13372 4238
4552 17214 9283
8125 16864 6822
357 9339 6259
6370 6920 444
6776 19737 1021
8663 15346 3245
744 12304 8062
6305 7392 2485
6717 10790 6399
8399 19895 2088
8293 8884 4089
9225 19387 5711
1298 13268 1080
3381 4511 7838
2052 16918 8337
5604 11891 4750
17794 19442 187
8513 12112 9857
5094 12747 663
683 14453 7945
6787 11206 3967
18116 19689 2050
8021 16454 1093
9931 11402 4566
3823 10656 3655
1750 10040 9967
5978 19804 1486
5525 13012 289
16089 17317 3965
3291 4423 7764
227 19373 4078
13975 18560 6651
4417 11909 3998
529 1344 3001
7896 15983 6131
2098 13044 9980
5469 14952 5012
155 260 9736
1543 17263 587
1290 2621 625
5424 5752 7857
6846 11655 8202
489 1108 5770
1308 3969 6536
203 805 6081
43 10086 1450
1751 15211 9503
27 9690 8245
8827 19204 7286
1331 15042 7616
4925 19092 5530
11441 16948 3815
6290 12742 1564
87 8117 1298
299 2802 3505
8293 15255 4733
808 4738 1080
8865 13123 534
1665 7297 9627
644 2973 8492
10048 16412 3183
4476 7030 1612
3377 3838 7106
62 1900 5566
7547 12530 9437
11769 12612 7388
1189 1258 587
16712 18388 5543
4450 12839 3475
3446 11138 2472
7255 8313 688
5232 15183 7397
16382 16685 2074
3352 17786 5961
8365 19398 147
4117 15491 8066
8492 9235 7773
3529 6239 1082
6986 10213 9066
15929 17438 4216
2469 17899 629
3633 9645 2107
2873 7176 3330
415 1222 6298
7684 8298 6140
8322 11470 8517
8056 18219 9974
2059 4522 1642
1757 4223 8596
6860 18576 5133
5844 15442 523
1749 2679 1848
2054 18812 3338
141 8845 3340
9179 12675 4830
14737 16579 1974
6992 12047 9623
4667 18285 8252
5845 12439 7218
1973 9054 7165
10646 14232 4826
1103 2165 2915
2523 6457 9751
16811 18903 4505
3390 5801 1221
13669 15402 1912
2106 2367 4649
13146 18849 7846
1949 16414 2270
15274 18888 4629
209 2849 2057
3206 10768 2574
2133 5554 1900
11165 19386 4462
12417 13740 6522
16003 17218 2672
1349 14017 4037
4215 14747 5540
8717 13592 6353
14639 15647 3076
13367 16600 9138
7676 17298 1756
9167 14385 7382
4124 8009 2343
633 730 400
5208 14533 8147
11825 13964 7434
2286 9361 4784
95 2526 3863
4028 18463 2010
2782 14902 5876
294 10781 7013
689 5625 5185
8715 13215 860
10649 18407 4792
53 828 3607
7159 10235 5018
6726 12045 39
600 1438 2218
3968 8375 4492
14436 16178 1509
2096 12827 1833
2425 11097 1963
554 925 3936
4304 11441 2811
4970 10530 6955
14417 15888 7862
209 232 1190
15369 19079 542
1631 3455 6935
929 14351 7167
5682 13081 2056
2195 16777 3730
11957 12767 3674
6268 15260 3993
11295 17093 6786
5261 15991 3083
349 3031 3002
1257 3499 3360
5715 11282 5025
8559 18641 4754
2610 4828 6886
6802 7611 8016
336 16812 8879
1790 2100 2344
6434 17324 9020
1916 13223 3148
656 9316 9536
5736 8055 2973
3382 10648 3817
3563 4891 1550
2934 9547 1294
8413 8438 3854
971 2020 5789
8928 9390 2737
7950 11547 6870
930 938 180
4669 9921 7457
2576 7359 6646
150 1733 3956
698 12890 76
9392 15834 5058
6605 14485 9362
10661 13486 7691
172 2245 1016
1244 2716 5537
13205 18946 4184
10753 19053 9868
11875 11968 93
3849 9556 145
505 7385 2344
13829 18266 7275
2115 11602 1689
4529 18800 2278
330 398 4621
2866 15787 2497
4079 6574 8053
3967 16428 2699
6779 7135 6080
4861 19127 3406
4712 12615 8645
4224 11803 3818
360 6410 1468
4438 9639 1828
16626 17994 2604
475 866 7886
11851 18925 2619
9049 13573 9486
1136 3526 7188
16404 17219 9850
114 2215 428
571 4826 991
17095 18532 8977
4410 12859 8665
6754 11968 2679
8451 13559 4172
6761 12395 3401
463 3743 5346
2632 3968 1949
1470 5393 6289
2801 7448 2263
3299 3650 7439
10222 19148 8668
12673 12733 1466
9429 16930 6269
8318 12396 3350
1977 4357 3810
5474 10426 3286
10137 17813 6742
2558 3392 9061
6246 10930 7550
10010 12400 91
1179 5724 9111
7331 10474 5747
5960 19230 1807
963 2460 6317
3951 7309 8059
1248 6930 6156
14422 19988 7898
2519 16994 5611
2784 10450 2476
8972 12662 1107
4195 8155 7463
10715 15813 2979
16472 18088 5147
2078 19563 278
5848 11265 2950
305 1345 1621
2566 7948 907
866 16230 8327
854 18843 4376
2999 4955 4711
2278 9726 4532
13252 18284 8970
5648 17983 697
3140 7184 639
5812 9541 1871
6005 16101 3688
1248 5362 3093
10779 15618 5442
5984 9971 4492
413 3785 3774
10496 19874 6783
1469 4289 349
11474 19430 3293
692 7087 1574
10439 18399 2602
1131 4005 9215
10723 15036 1436
15272 15651 456
7347 11740 9651
2706 13079 1765
12042 12741 3372
3593 7064 3281
2289 4963 8557
6050 11550 5790
4148 7660 1913
13886 19611 7227
2117 3180 4641
2098 14030 2356
10122 11699 2878
5872 14386 4255
2683 17352 5170
10471 18897 9020
10091 18949 679
400 942 978
3070 4807 4965
4282 7676 6041
8080 13379 621
6957 18290 4232
9884 10551 6608
1144 12310 1145
14223 17988 2459
1663 12463 7183
5516 9601 3691
1300 12934 9776
10887 19040 5818
1318 15488 6145
6795 12160 7721
1706 11978 8018
148 2320 9778
2890 16333 8282
277 16686 4210
5910 15133 8492
12394 13601 8362
1173 15605 1307
365 2726 1032
7406 19374 5760
2781 3574 7547
240 546 973
933 1507 868
8944 13063 4248
1542 6072 1389
2350 9111 6027
5098 12683 3117
27 38 7780
17427 19185 9616
470 950 5933
248 695 6384
540 7402 8694
2877 10969 3860
11421 16738 2757
539 11991 6163
3495 13425 3475
1186 4921 6878
6251 16878 6364
8532 12754 1381
11648 18796 8502
2309 13690 3660
2843 3109 3593
2364 8250 3658
11101 16516 5896
9187 16803 7289
9465 15684 2528
7434 8499 150
1287 15116 2313
354 1807 3544
2214 6652 9859
816 9640 2571
900 8686 1963
1759 3955 1175
6515 19475 6128
1171 14253 6413
2154 6568 4234
7238 9372 5323
5855 7069 7486
1942 8117 9270
4208 7240 8532
4433 7922 1368
3992 10127 4650
272 14652 8159
8428 8541 9495
867 888 5080
4382 7991 5367
5302 6495 9153
1748 9611 6550
12704 17163 1177
7468 7978 5872
1220 12908 1157
10464 11008 6618
7714 8491 9719
1056 10576 2923
3150 10618 7404
11034 16492 1506
9925 15309 5418
13410 18717 5175
3140 5971 440
11571 11590 1565
459 13148 3141
344 15549 4173
751 7384 3280
3405 19068 1828
1567 6910 5417
11144 12735 8602
5050 6465 3993
2027 15627 6994
4596 18714 7738
6306 15674 4604
12217 16945 6891
6256 14605 5575
11041 17667 7550
9867 11219 5962
8658 17689 878
5086 8606 9010
6975 15258 4988
8981 17153 4656
5464 9377 7705
2 3965 2530
1887 13045 2857
778 9923 4006
16105 16829 7900
17787 18726 2926
4272 7407 4570
1926 14737 6301
1257 15302 4391
17564 18979 2398
6151 19733 4594
7765 9121 7828
719 10709 410
1218 5240 5858
6580 7787 3141
15009 17737 4512
133 3479 5517
1323 1704 3244
949 10241 141
7092 8503 304
4753 7848 5876
8511 9292 8045
5931 17551 5128
13015 14015 9381
10821 16347 6287
3065 5065 7025
13138 14552 7534
5753 18113 9915
13602 19661 9288
6786 14482 9453
8069 9066 1073
586 1947 8748
1004 1523 6805
5797 7041 4740
2700 9404 5240
837 12001 7720
847 14326 5166
1876 3371 8554
14096 19771 7905
10466 16910 3149
3101 15521 2013
1992 15327 9426
3875 14311 8857
1463 10601 8780
5789 10840 7939
12998 17826 3183
7150 10588 2901
9830 11154 8225
4958 16186 204
11439 15646 6640
15233 16109 1092
11507 14085 7671
11038 16849 1832
8212 17372 3461
8539 19403 2021
8549 19175 5296
6518 11559 8953
2981 19049 8877
4226 12630 2678
11285 13010 440
13059 18187 4706
13245 15809 8831
6814 13465 2247
7071 8681 6535
17164 17879 3666
3818 18581 7219
5519 11139 6318
254 6179 5297
1951 3702 4304
2281 13684 7307
3114 14492 2319
10791 14200 120
3375 3553 4362
7458 17825 6095
2311 3517 8191
326 3777 1680
2278 17543 4512
7176 19028 590
809 1727 1969
4851 16927 1651
1514 14434 3122
6626 12242 7968
6818 15727 6840
4498 18637 2834
3360 9296 4349
7429 19961 3607
8209 10544 7335
5764 8480 9752
6832 10270 9950
14442 15146 3382
4379 6817 4122
1847 13747 5658
2620 12111 9682
1443 13632 7751
6011 19121 4866
834 2860 7406
2279 14121 2489
133 524 1312
12537 13804 8504
5414 13205 3187
2908 5200 1437
3846 6223 6378
3234 11897 7424
14659 19366 1837
15085 15423 6004
5951 10879 8385
2599 9876 5432
12544 14135 451
1029 3560 7958
2206 12666 5234
12640 15146 3692
4210 8746 3083
2881 9377 1904
355 1660 2653
13322 13380 9156
7218 15858 811
9206 16820 1634
1027 18149 9757
2222 3405 4787
2582 7937 5120
4068 5141 2292
3544 17609 6094
4988 7268 212
3439 18675 2010
4318 6723 693
7194 18563 7776
15600 19409 1801
10552 18113 6025
11289 13775 8605
993 12030 1830
2599 6126 3350
14718 18039 328
1347 3471 7536
2971 3852 5148
7669 11189 1670
5597 9107 7205
5798 12503 7499
13481 14658 5217
2736 6154 3610
767 1009 9709
1618 3748 7123
11673 18323 2647
9819 11480 8570
2296 18518 3379
5712 11338 1003
4041 16330 6160
2167 9339 7940
7626 8515 8854
6454 17042 1463
4845 19941 913
5754 12874 9867
983 16706 6596
8923 14916 9345
10627 11333 3464
1188 3415 1183
14696 15820 4154
5250 5461 383
130 5804 3795
2066 10045 8403
1217 16022 1564
6022 10339 1314
9151 15040 829
2723 17253 7697
7142 17497 6684
2659 5419 3160
9385 16409 5225
14200 19534 5144
899 1339 6747
714 948 5536
7964 14724 394
4458 19645 8410
1718 11896 8894
14548 17608 3
14111 16091 4116
2957 6274 1783
6192 10784 3100
1578 5964 9553
5959 9716 3124
4047 6816 5538
15817 18432 6240
3842 10753 9106
7126 13539 7682
10861 17542 2537
12937 16876 9574
5308 18388 6344
1313 1468 4168
594 784 6578
3763 5947 5151
5801 8035 5131
5755 16039 1495
12459 18294 2558
1639 12798 4919
7816 12471 2617
5793 8985 7778
5847 19324 3436
15372 19725 6993
53 1972 604
790 1608 6293
274 14141 7671
4569 8012 2245
3771 13649 2124
4028 14816 1986
5107 8326 3599
7895 8069 431
3609 9387 4983
6742 11343 5785
9216 16815 6574
4772 14688 5716
5077 16616 8999
15604 19575 5735
685 4900 4782
13629 16287 6164
1805 14546 7273
2559 4882 5387
10623 15586 9657
11018 11647 166
6441 8344 9859
1816 2298 3025
4145 11007 1070
2579 2700 4768
1836 3663 1312
11389 13821 2704
4676 17463 3085
669 16886 4215
2311 14446 7050
5400 11374 9706
3994 4184 8570
9626 12558 3585
2431 4056 9164
6380 17760 9689
13084 17812 4892
7947 16269 3050
3344 18033 516
6647 7002 973
7830 15940 6598
3940 13046 3823
9728 11977 9476
1729 4619 141
5970 15404 8211
11152 16835 1500
10670 14926 6529
339 1268 5359
14589 19128 3256
6151 19711 5737
5111 5317 8074
906 12786 813
891 6142 8191
5009 5993 9864
14815 15630 7227
5033 18374 3681
7650 12853 4895
538 6966 1198
1014 2082 8221
9382 15595 4388
2513 15097 7657
3136 3754 9450
8573 10973 4878
1076 9060 6081
3707 10710 3985
663 16934 2620
2472 7503 2940
8294 14497 3668
1070 15393 8045
5317 8863 4056
7641 19812 8620
1286 14126 4347
7979 12305 7940
188 9568 4038
5272 12568 5249
5196 9139 4710
149 5981 8843
245 765 4132
13811 17025 7672
2708 7699 7025
5114 18370 7911
2949 13693 44
6273 7373 638
216 5239 3104
1065 3612 6567
12404 15936 3091
764 2835 7145
1184 2434 7415
7200 13578 5384
16394 18465 7854
4093 5966 9167
2293 12346 9065
9240 13971 7503
10638 19694 4109
13931 19885 7721
14952 16074 8191
1679 3363 4132
7484 16198 7038
5233 14050 8259
2439 15681 8784
2009 9253 4321
1705 13744 4015
6960 7923 6927
3864 10136 9839
16709 17948 5262
13034 13609 192
1711 3682 5629
5505 16324 7467
11282 16763 3734
533 4830 3356
15791 16958 580
1545 2922 7617
351 3359 2283
9866 16524 8138
7384 7580 3857
1413 8362 3297
7202 12597 9409
3806 8945 1240
2587 9314 5693
7306 9075 4354
12435 17199 3134
1694 1848 2768
10690 12815 540
12899 17577 2099
11232 17867 5458
8804 12926 6168
1988 5259 9624
13312 18923 5322
13172 16615 8140
1969 14308 1310
6130 18971 4999
7842 15220 696
2366 7187 2088
2966 15977 5578
12734 19676 2115
4548 19217 3037
10903 14107 1473
6528 11063 261
2939 11749 1193
5027 9973 295
16015 19675 6321
1951 14427 4128
15022 17276 4427
5748 10284 6821
2323 17694 2953
13155 18789 4539
14660 14957 8504
866 6508 171
5965 13515 5351
49 5078 4616
11297 11942 4265
1219 14942 2574
2499 16564 3794
201 10894 2860
9437 18846 4531
4316 12872 8971
1925 5876 2361
11402 11435 3424
4828 14899 125
15891 18288 1938
2452 15947 2533
1798 5242 173
7936 7977 6808
2286 4604 7046
1565 16663 2391
3683 4389 1543
4953 6413 2374
5055 7345 3507
168 3475 946
1441 6668 7933
464 4626 2761
7987 12182 2706
376 659 3189
2679 18370 9506
2885 16308 3002
11402 17719 1302
4261 12342 4531
11706 18376 265
4615 17418 5403
3689 16527 5085
6645 18005 4428
3860 4803 2001
14366 15795 1093
778 3059 591
16603 18746 3067
4926 11356 5052
11619 17148 5184
5861 8805 7362
2952 9478 8368
12196 14815 8257
1343 3046 7453
8193 16524 1303
324 4827 3567
2728 16021 4221
10524 18710 8398
1273 2007 6494
8867 19249 9553
18089 19973 7906
6343 19267 9224
6156 14633 617
2402 12129 5070
2043 7742 9632
9902 10677 6537
1740 2437 5955
8510 11192 8921
10536 11678 9086
2486 16163 1054
2316 12907 2700
11381 17723 2039
6474 7106 4121
3828 17273 3338
1810 13608 1602
3040 10514 495
6288 7051 405
1311 18570 2410
894 2450 5945
5697 17867 2986
3590 19568 6324
1268 9986 2044
2799 17698 6087
14813 18735 9700
4001 13366 8775
4186 5863 569
777 7596 6656
1023 8877 5973
2088 4614 7000
15553 19287 6905
2549 11084 2426
16409 18862 4462
4758 13959 9681
7642 13711 4414
4206 6719 7075
300 7797 8835
2362 6751 671
8892 11623 940
2084 6400 7718
12996 18541 415
394 2949 8997
6169 13426 5710
17070 18885 6831
1550 8981 1739
5224 17858 9828
8156 9292 1973
12253 15172 2407
16421 17476 8804
13081 16224 1236
7872 8798 3369
6440 9753 9371
18713 19016 7946
5146 11946 826
12432 16984 7848
5397 9289 504
484 2236 4117
4420 11817 4584
4161 7269 4172
12313 13278 7071
2172 11605 2824
4897 6175 3141
10307 18922 119
8190 19276 9212
15269 16794 7460
6252 14494 6337
18234 18277 4845
5696 6189 5667
12976 15013 8409
3322 4069 7039
4412 17231 559
15031 19663 1534
5425 16206 2882
1517 4197 1923
800 4068 1003
7527 17049 2576
3583 5552 9403
4977 11476 9114
380 2412 371
190 976 3449
7794 9233 9574
7502 12462 1075
11351 14374 4322
3110 14027 9110
3111 9515 2865
9259 14156 86
3178 3414 9886
4876 18637 6810
2410 10240 7775
2649 19082 7665
291 782 1980
7032 16682 5141
15138 15659 196
1490 17062 1878
7676 10545 7560
3786 17546 7198
1412 18005 9199
280 3259 7492
3049 6497 449
7556 15750 4094
1897 3666 9043
1990 11446 6420
338 1282 8441
5098 6349 3050
2014 2254 4805
1156 6130 2373
3773 10368 3672
8180 12744 4270
3956 16842 9824
8425 13566 7548
2555 6738 8538
18560 19597 1447
7447 14341 4252
858 2120 6016
834 10191 6055
3309 17291 5453
2478 18648 3920
8266 12857 7524
4184 8550 1534
1100 16008 9927
4219 5747 1785
7001 13208 9513
6109 6868 6580
8194 15960 3090
3951 16451 1942
17384 18482 6683
1030 3274 3695
3970 8040 2791
3890 5823 9923
14670 18490 823
5901 9162 8693
3559 12543 1672
1378 12521 9374
1297 5461 1762
2326 4482 4596
9266 18387 6501
8235 12213 1940
4906 7915 1238
13 6400 8891
8147 15853 2520
10753 14779 8962
3040 7310 8962
6154 11622 4655
8814 19366 1609
4345 16923 3593
278 11673 9139
9360 12425 1860
8688 10508 9952
9936 18957 718
8302 9520 631
4174 7746 9024
8633 14611 3919
14088 16228 7785
183 4017 4760
4329 4497 50
2262 12964 7988
5417 6900 7716
10459 11048 6039
4752 7083 981
4286 13158 2279
11819 12061 185
7387 15366 2543
2125 2129 64
2507 3440 1852
10851 15574 6771
992 16761 7912
4707 19463 1248
17483 18830 1972
11356 11677 5511
2366 18449 4462
1657 16795 3938
7487 8196 7555
13477 15587 7965
5700 7553 4518
5279 8831 3067
1018 9539 1720
16568 17080 3427
13603 16188 9412
1887 6145 8959
8847 13633 3437
4432 13497 3217
4931 6440 3964
712 3346 9938
4614 15284 4669
224 10256 8777
11468 17430 8973
9747 15994 2732
4629 5702 8741
1046 10683 4668
437 702 8355
15697 16474 2771
3423 15443 7380
8258 18199 6393
2450 4801 8600
7254 16078 4897
8611 12147 1603
5899 8390 1371
15333 15883 4650
11330 18578 6501
7521 11686 5448
16987 17676 4683
13223 16835 1497
1375 12274 5432
15 10213 3639
1813 2980 4898
10713 11013 4065
2511 2935 5157
127 502 1629
9598 16863 7994
195 5775 2161
2167 14752 9080
1416 3321 9041
6608 10783 5577
1930 4900 3496
1269 1437 8943
7332 16206 716
12495 15752 9517
15706 16776 3121
3283 18743 3258
16064 17608 3669
11374 12383 9028
2082 4559 3566
1788 4503 9109
1984 18836 6339
7831 13120 4752
1544 2879 9733
8459 12847 972
9330 12445 385
5033 5530 2470
2170 8238 4550
7945 13178 9445
3758 15594 500
642 11130 6737
1782 11611 5615
6955 7154 2189
17727 19440 3380
3219 19318 386
9736 14270 3139
5879 11648 5729
1489 2941 545
12798 15251 6513
16711 19581 598
2402 19452 8316
11362 14349 7633
5013 18216 6423
15825 18464 9858
2059 4971 8958
6246 18639 5242
4110 11861 1596
3996 5448 6382
582 2335 2416
15989 19764 1783
6516 16702 2303
9373 19433 5641
2839 14873 4551
917 2994 4597
4218 16422 1447
3768 8245 2929
1191 1247 6066
11316 19074 5182
5574 15627 5250
2725 12008 5503
16873 17850 2054
7823 8197 9734
19262 19542 2595
6708 13492 1472
1019 8304 8559
6717 17299 8344
9888 13241 9538
221 6470 3249
475 15170 2610
16818 19785 6277
373 9728 3703
16179 18325 6610
5328 7924 4742
2032 18558 6142
299 17931 5535
166 10587 2396
511 19887 5870
1633 8354 5886
6966 7579 2837
837 10101 2997
2094 3141 3503
1386 3050 555
757 17870 4400
7199 15594 6101
4585 16911 1145
9811 18504 708
14634 15670 6163
6271 11843 5838
1634 1751 7855
9617 19043 841
7937 13526 2904
18755 18974 5604
6494 10689 317
1731 4149 4195
396 8815 7780
420 8177 6113
5086 7271 843
738 7869 6437
4751 16596 6938
4198 16158 4961
4990 7886 8816
4594 7640 5275
12440 14534 1742
9918 17331 6899
4773 4804 5642
10665 11807 9203
9135 11414 1698
1410 2785 8496
371 893 2014
5947 9032 4735
2312 17327 7805
3040 17926 7159
2434 3660 978
1868 6233 945
701 14638 2008
925 7751 1488
10000 17125 1420
4115 13077 4992
12050 13050 7346
121 319 9986
14487 15728 5635
5395 7330 1942
1631 8071 3500
2748 5002 1782
14862 19286 6317
10329 11477 951
7946 10993 4140
305 9062 7517
57 4278 6917
6720 10269 5789
3535 19080 192
229 720 7268
4319 9626 7797
5898 7456 8181
7069 19790 2549
691 12722 3879
2961 3037 2196
12884 13523 9670
12110 15344 1992
1470 3630 9444
3610 16880 2253
10473 17768 8712
6650 17259 3619
11966 16695 3740
6428 7747 4067
1876 8725 8787
2301 16932 6109
8023 13032 2650
7353 11115 5966
7170 15087 5281
13280 19855 7295
8082 8755 2857
301 8621 2794
3333 15687 2969
7121 13541 8861
1136 6555 6975
1075 7026 1652
1714 5968 413
3944 17138 6599
2386 13080 2062
6567 14553 5487
2257 11043 6614
5445 15184 8546
5619 11924 3597
2225 5324 8013
6856 15064 5751
2904 17405 169
348 397 7494
4781 15987 3523
2768 6521 1191
917 16609 1936
1451 1701 5806
15618 17643 9740
1435 17291 2220
724 737 5429
4967 18516 1543
2733 8545 2732
511 987 1124
1971 3776 2427
1205 2955 420
8640 11390 499
3569 5868 6724
3551 17384 8073
1485 10187 6610
1711 11662 9418
6224 15129 6909
1005 6069 4849
7076 10240 9030
10235 11618 415
2173 4489 8937
16140 16155 4106
8584 11093 8052
16697 19793 1066
1480 18813 7401
1670 14764 2305
14352 14679 9856
3937 11636 5015
14078 17950 5752
3523 5390 4530
11344 14936 3777
2145 12525 7210
2359 3906 9571
6346 13224 5740
9217 16114 288
6433 18803 6078
13954 19460 1865
4326 5923 6582
3853 14421 8942
12837 18193 7516
640 11430 3557
3727 10413 6348
14673 15298 1542
1574 4954 3845
1019 8266 8544
12666 19165 1787
3209 7655 8587
4738 11323 2911
5196 7517 2416
11699 16515 8384
4718 9121 451
14067 17235 8992
17566 18394 9937
4922 6547 5618
6539 18898 5351
9065 11191 2235
660 11317 5061
8261 17958 7075
10526 19789 3935
13216 16074 2041
2957 6950 1239
1562 3442 9818
1314 2613 3373
4816 10292 396
15377 15707 7623
1181 1321 4888
470 1391 4401
4342 5252 8169
6917 7331 4208
9862 17420 8901
194 16316 8006
9599 16041 3260
77 204 5984
1276 1547 2901
5431 11587 6593
4972 6958 8782
11757 13453 9027
12006 19560 5005
10254 12152 2977
691 8963 3766
253 1585 7359
14982 18090 325
1601 10988 7268
1060 10535 8209
177 553 2585
8065 16775 9516
3206 3646 5953
157 4288 688
618 3971 3217
1014 19313 5477
15875 18126 8450
298 2210 3326
11084 16164 2390
8731 18955 5419
19 8393 6756
925 12472 9329
3410 3749 2069
1993 4324 6654
17489 18266 7593
332 5764 1407
1236 5934 923
4311 16866 4626
8412 13226 9394
16611 17060 9501
1001 1520 2585
9998 10366 3501
852 2674 6764
7535 15070 1422
6317 16766 2694
8603 13740 9417
6682 11824 4290
3760 17363 6821
10147 13476 4983
10990 12048 1043
9033 17976 5044
74 590 7726
6827 7308 6999
4225 8196 159
11237 13287 5685
7308 9895 8980
2867 3972 453
17718 18039 6211
8957 17640 1342
13217 18838 1473
2642 12458 9186
7388 10620 234
18438 19505 8637
8385 10374 4481
6292 9953 6210
3285 8643 7534
1677 5221 1280
6096 7523 7746
2434 17383 1199
4686 13151 2863
2833 4522 7358
2819 3111 5245
6411 11630 6558
9705 11391 4223
4909 8397 619
9058 16110 6257
2728 13674 850
11182 15466 6380
8908 17287 7963
7255 10306 4666
14426 16666 5052
12953 15220 716
13957 19965 7156
2097 3016 8188
5616 7570 2067
5535 6724 5960
5685 16890 1117
4944 6112 3818
1109 12213 6794
3325 7130 6481
3562 16079 8458
6724 16243 6659
4679 6135 2044
11892 11980 5624
9870 19038 9379
4116 8487 8666
9302 17472 2076
818 9582 4128
7752 19091 1797
4962 6608 7649
5486 12632 5302
5240 19477 6849
4634 18803 3175
7931 14383 8657
9158 9823 7495
9726 17928 4992
4238 6332 4661
14842 17638 8790
495 2016 368
3361 5541 4869
9453 11804 5602
11722 14938 1414
1134 1493 2533
1135 15786 1255
6910 10655 8878
4135 7443 8741
10558 15780 2032
8538 12012 359
996 1274 2369
6831 15228 436
3762 7510 7300
7655 13461 3953
8082 11456 3238
136 520 780
8595 19510 8698
6921 16966 5597
6137 6649 5753
6563 19254 8331
113 384 1735
14483 18062 5985
10966 19986 275
4919 5413 1752
2981 11446 4139
7412 15651 6300
1032 5982 3618
3260 16944 3874
3205 5435 3325
4859 19720 4484
3698 15733 416
14949 15994 4069
4536 9910 1002
266 5095 1095
455 4385 7885
3650 17556 9792
4153 5456 3249
6428 10042 5108
6 49 9487
2993 9183 7747
6586 7247 7115
3475 15131 5715
355 12338 8151
13751 14137 7879
3148 16145 9598
553 10559 4343
11124 17678 967
1674 18567 4201
7190 18404 3410
659 1032 7360
12310 17416 28
8924 13839 6271
14944 19240 1023
5438 6297 3809
173 15136 421
10865 12862 6634
5258 9292 1939
14914 16161 6705
4572 10374 9244
501 18453 2472
278 14388 1453
7553 11581 3884
11996 19127 2167
5940 8206 1007
2058 4100 4869
13898 15700 7946
5531 5948 3831
2766 6132 3043
2679 7528 3414
8377 9603 7286
1515 2542 6975
649 4199 2943
202 323 391
9339 17194 7008
1048 5230 5068
13927 16247 956
14312 19270 9334
6065 12012 3309
1787 10678 7973
838 1305 8338
8077 8160 1411
6469 13073 2238
1106 13547 31
17850 19175 1639
1178 15494 1877
5853 11432 4292
8568 9003 4057
9016 9892 7627
3273 14568 6862
4739 6972 6778
2510 13196 902
3402 14694 7900
694 2182 3539
2898 2911 4307
656 1743 1490
2274 9746 3723
16613 18462 5432
3860 6626 6649
1121 1404 3143
9834 15711 8121
971 3424 2580
2144 7695 5025
9198 16160 2377
5000 19481 3524
794 2221 1391
1747 11139 9699
3149 11290 8062
5219 8296 2245
7407 9388 7011
1127 5268 3817
4103 10890 1290
7782 9735 6687
3514 9915 3424
1372 3978 1170
117 11495 9640
9931 14554 4051
951 4279 2379
2073 10422 2346
1677 7783 5945
8000 8892 5522
4623 6852 2085
8709 19219 3377
4138 18893 7687
12820 16612 3965
12780 14602 3657
1166 8969 9280
47 84 6216
6659 18994 9945
5837 6169 956
5157 15301 7540
3198 6172 9728
5349 8524 6333
781 1971 3014
209 447 4330
862 12978 2516
6445 14288 8741
1959 3727 677
243 5425 6973
3560 12597 6765
4490 16642 7222
6763 15768 3307
8552 13163 5663
4447 15090 3166
17794 19587 1349
1189 9597 741
2400 2635 3044
2262 8551 136
15857 19660 6275
8923 13627 6211
3357 11267 4736
3306 7121 5992
8792 10808 8662
42 69 9892
2811 8125 6436
9476 12473 7132
95 18084 1976
2868 3391 6454
4522 19539 1666
1084 2411 7495
332 4637 1239
4339 19734 7484
830 15538 8206
1829 17712 7117
3842 5685 8198
4263 11452 5639
5110 8635 7242
1997 6202 6711
8865 9991 7894
180 8635 1387
2548 5409 4192
9815 18619 2392
6097 8825 8807
383 15500 598
9711 13489 321
644 13111 3812
11285 15872 6424
1038 2946 2007
3224 11786 7060
1103 5866 3053
1560 1919 7379
6613 8130 9861
891 17875 1515
13525 18697 8696
16930 18908 7270
1168 11304 6296
1505 4129 1224
1990 3613 8629
7302 7389 8658
2020 8737 1604
3679 17693 6517
3345 3703 2088
418 2458 7598
16124 16525 7755
1658 19462 7110
3847 15403 2533
1226 12913 9850
11049 16607 5576
2530 3607 8406
3418 9652 2268
9026 18397 5626
6540 15882 6569
117 334 3470
7215 10358 74
2699 13210 1731
750 19191 4793
12393 17433 5313
2512 3076 9840
337 3372 928
297 2111 8020
862 9285 2266
17764 18168 1934
7848 13671 8833
18766 19850 8871
7473 13600 8525
2140 2612 1327
430 2249 93
4922 17614 46
3095 5589 2911
535 5310 7150
7169 9627 6719
1643 9635 2262
5121 19411 8448
1940 2595 1429
15991 18551 9337
8500 17703 5545
4242 10105 3536
684 19538 7162
2854 18345 4309
586 9954 973
4042 11424 9026
14576 19062 3083
8845 16540 4103
7663 8625 3466
14437 16120 3727
2784 13053 8423
10769 18163 4912
8132 17035 4071
1656 12327 38
1751 5541 1451
690 9354 1434
2640 14042 925
8187 17297 3606
11004 17216 2573
12262 12477 3610
511 2802 111
739 16601 9452
6869 12230 7199
2967 17653 6922
15743 18520 7747
18073 19792 4172
3180 6854 7369
2202 5399 1425
3418 17387 2410
2708 4092 7207
9775 12387 1915
4399 5304 1700
5218 6617 5451
1963 14074 3218
4976 16543 5261
5562 11258 9374
8173 12992 2514
8649 19811 8753
1245 11141 3075
11142 11284 658
4079 16820 3855
9909 11260 3261
11678 13932 1717
3615 7454 4953
1695 18504 5344
283 11076 9357
1512 2126 1281
7725 13317 2521
1157 8831 9893
2672 17205 3088
8814 15543 3541
1554 14595 4292
11454 18138 792
5762 19846 5465
1384 3136 1921
10919 13973 398
10837 15317 3362
8731 13862 3724
7810 11083 554
4279 5027 71
879 19358 2133
3363 6939 9563
6954 15771 9524
12927 18948 5312
2139 6841 213
2576 10914 9277
2056 12461 1859
278 6783 7245
2569 15363 4992
720 16670 8748
2569 12374 6818
903 5242 6700
3837 15574 6150
401 898 3428
9663 14200 8324
3464 4116 2985
2498 3814 8813
8266 12119 4802
1183 14285 485
2455 3303 5990
1413 18118 6929
3072 8509 1608
595 6696 2378
875 9627 7423
5823 19548 4769
10960 17553 2063
13391 17779 8037
1504 2004 2762
8641 13867 5758
13506 14729 7379
14977 16261 971
6260 14076 3833
4810 16721 8240
1783 3875 6567
9583 10748 3394
5214 19971 596
257 11209 5761
5371 16505 317
1219 11230 4151
7366 17391 2808
2586 2938 5097
9916 16706 5520
4072 4837 4094
3432 14603 3699
10186 19861 5172
385 5334 6955
4739 7528 4776
4064 5835 3659
7924 11234 3885
5973 14135 1961
4475 12814 9881
546 10559 7249
7031 15247 9643
2835 2908 7232
7997 18960 2487
4719 4885 2108
9861 15832 9762
8016 11001 3157
2837 8973 5342
5915 19676 6997
10863 17350 6032
4950 10965 628
843 8354 9037
12147 17919 520
9336 12969 3686
6557 19281 8803
839 6149 5989
13412 16589 1335
6514 19056 2786
1361 4907 8303
17370 19213 9354
12892 15719 9062
9834 11585 4188
731 1308 5159
1525 2400 7082
367 2747 6620
423 9082 5433
5957 6431 6914
5613 14351 9802
11281 19537 3901
67 964 8380
10152 16038 9304
7410 14754 1026
9156 12563 3259
749 2931 4795
839 10113 7976
42 7161 3875
1323 2272 6309
14798 19291 5214
7065 13912 2484
471 2458 3849
2838 8145 4921
7002 13506 9907
699 8640 9420
11379 17682 2479
4948 15019 326
1352 2933 9657
4248 7034 7256
5917 9146 1532
836 9413 7869
158 10023 3934
7320 7994 3405
966 3125 5365
7194 16579 2099
9281 11640 1587
6520 15250 8075
4738 14776 4207
13033 17385 2791
2815 16041 5573
11298 11465 7145
6048 12509 4815
6288 10394 7033
8225 18906 6257
872 17715 7992
8723 18661 844
6142 12674 5910
6735 10181 7490
16303 19767 3263
3834 8771 408
898 17911 6832
583 777 946
5163 7889 1456
4293 7875 7587
1692 1859 7095
4801 11074 6273
3185 10548 9445
16934 19367 6775
5954 8453 2561
1813 9367 3325
7564 8923 3068
1249 11919 484
10645 15036 7032
1453 1629 8248
7072 9960 4093
8006 14882 191
4817 13319 7645
14615 18781 323
7394 12800 5076
6210 19661 9458
9712 15187 8622
633 2914 465
7949 18274 8731
2655 12791 7657
4752 17932 5327
12152 19665 5490
114 2671 8508
2254 16169 1980
6065 8780 7454
16589 17799 9903
10059 16343 8127
5573 9966 1637
3740 4525 2528
17867 18781 7573
4441 4883 5328
13754 15873 7395
2382 3673 4506
381 8023 469
9333 11380 1163
11422 19550 508
1021 10288 5567
2164 4376 1252
12540 19968 7750
3150 9493 8629
7963 11258 7948
3529 7653 5034
11534 12300 37
1769 11698 2012
136 3388 6649
3657 15922 4793
14618 18890 6265
8558 17939 7618
4182 7077 1649
1045 15548 8843
404 738 3407
4939 5029 4744
5721 19523 1652
808 6568 9885
5899 13844 3793
660 19045 8127
3614 18705 5836
18017 19680 9179
3603 9623 3903
16171 16746 3761
12896 12910 1239
13670 19263 7515
11695 19921 4665
927 15623 5618
15452 16021 3921
6854 7413 7109
867 2863 3035
4300 9745 1875
198 3725 5252
4296 19330 9476
5669 11872 566
1926 10356 1143
1734 14307 3717
1356 1940 8077
4487 11913 6033
3699 12780 913
4627 13184 1455
7013 7553 4966
5211 9073 8784
697 10753 3570
3117 6745 5692
334 623 3472
1251 2242 5888
13374 16281 3555
773 3669 6561
9770 19409 7708
303 4201 5429
1461 3581 3731
8087 18250 3937
1824 2250 794
4901 6334 4719
4986 7174 3602
12407 14277 1063
7759 18073 787
47 404 8710
8291 15722 9105
5117 14529 6099
674 6306 4474
15619 19825 576
11832 18123 7236
4855 19800 2629
45 2517 3982
2398 8115 6753
3843 10190 2100
4441 15224 9109
4538 16778 5412
4612 11642 9794
3614 6500 2395
9628 15942 3145
163 4945 1441
9734 16210 2880
6712 11501 5314
2730 10269 7609
9008 16483 798
9943 16505 7263
16436 17211 7409
12187 14176 3075
7309 18531 2476
614 6303 1261
2890 8179 2794
473 14434 4531
3133 3675 9184
2461 9524 5954
11422 18765 71
6802 13724 13
3012 18025 4974
6765 6792 3903
611 3224 8899
5897 6770 5633
15297 19880 8800
4331 15853 7493
3265 6321 489
11859 16499 6730
9014 10515 9100
3035 9179 8008
4676 15532 4157
12505 12722 8004
2148 2521 6516
5079 7311 7740
9681 14853 7998
1254 16275 811
922 2568 7332
186 5503 4665
12984 18006 8961
14852 18727 5984
15360 16935 396
1128 3193 8716
13896 18762 6298
11827 15101 3292
14247 18763 1284
4993 12000 5806
9804 17807 4715
7619 17262 8002
3457 16374 9458
16157 16758 8665
15935 19151 3248
3518 7604 8469
1073 2039 2470
59 505 7244
6190 15570 6732
3944 9264 9665
5041 8469 244
997 17475 3414
3871 12799 3894
4590 16651 4301
7666 12590 7432
2568 2809 3545
6146 16832 8533
5441 17289 5261
7287 12354 4668
1549 6942 2370
181 3200 9782
7060 10108 2859
3663 6942 4054
8183 14348 7250
2094 18240 5963
6104 18784 7434
2249 7860 5376
4806 18471 6948
4189 14897 1266
129 7715 153
998 2856 4590
1827 5341 109
7205 14255 8123
698 2251 4884
1709 1846 2066
10463 13304 4085
36 9124 4975
6263 15299 2531
131 15471 9632
7201 8644 9272
7418 10354 1156
11293 12083 5723
7695 17366 8842
1626 7160 1763
5234 10315 3352
488 7860 9116
98 7403 2861
15838 18460 5754
6134 7698 2584
2590 6350 2000
11602 17919 2957
8396 17399 1208
2186 15247 181
2069 8080 3436
1391 7950 5458
430 7615 7241
1729 7441 7782
14232 14963 5775
778 10910 6140
2035 3601 9680
4914 5580 6864
4964 5442 9567
6632 17325 8594
8460 14203 4270
856 17347 8275
1265 10960 5660
2591 15982 8900
6870 17820 7512
1051 5466 2228
3710 11531 6756
8543 9832 9005
7798 12198 2297
11717 19669 3018
6018 16580 8105
5708 18633 2739
7615 19191 8412
13326 18908 5850
1442 11827 8263
4465 10890 7547
16697 19219 8789
2440 2842 7278
3180 4336 96
2913 9683 1881
7421 17291 9489
14795 18095 6787
3620 8941 4515
2234 10880 3753
722 14401 8175
13507 15620 3483
11638 13707 8151
12327 16370 1645
4832 19428 5726
859 2065 3242
3353 18893 632
10007 10821 9072
2810 11585 9931
7948 19808 4747
3878 4471 9594
8465 19360 4947
16 27 7920
673 972 8772
4019 8339 3137
8399 12113 7659
3344 15911 4573
620 12304 4664
239 17011 9414
7714 9339 5010
13001 17695 9661
1451 5240 6345
6834 18259 222
596 18196 2020
2991 6532 3624
116 177 8128
14099 16208 1722
254 16051 3541
4644 8562 4884
119 10638 3039
6774 11076 9279
11486 13707 3492
362 10700 8408
7945 12637 6494
7615 11912 6872
798 3780 1719
16376 17262 5231
594 9734 7905
221 4189 1640
3256 17490 5810
10350 11448 3208
17322 19518 9092
115 155 5953
3961 5336 4168
2464 8060 6474
5495 13862 8320
7009 16132 6668
1883 5735 1791
3908 4859 8339
3165 8212 9649
2996 8417 500
11983 13307 4341
4208 16273 6867
5868 8539 2098
5197 11384 828
4427 12278 4700
1063 2840 7963
2609 13409 1852
18946 19470 7713
9899 16838 7338
9180 9222 6218
2009 2642 2064
914 15936 2180
2529 12255 7259
155 5645 4352
760 3368 6833
11134 11398 765
8161 19309 8311
2726 10106 6218
17359 18728 6499
4990 19289 1873
9987 12148 844
1671 18493 3482
3970 17894 4485
4092 10429 4227
11723 13458 2131
2831 15631 8142
7146 14360 812
138 12784 3782
1426 18858 2510
558 834 4401
7123 9419 6044
1416 4560 2171
274 2576 8031
68 13468 375
2117 11856 9126
2871 10433 6156
1196 3593 8723
1979 2013 378
10380 14310 3808
7913 14559 3292
4133 17761 5148
2122 9815 4625
11785 19213 7984
13287 17816 8957
136 11901 7612
2277 18689 5293
2377 10066 9183
3990 16897 4700
9376 15474 8812
212 7855 4275
2387 15405 1610
18785 19288 7975
1691 12995 4566
3274 6152 4740
4626 10735 5220
3050 13916 2740
10569 10809 3608
1102 13036 3016
888 2897 8837
4592 6478 641
19601 19654 2359
14714 19521 7495
10194 18933 4213
6758 11525 5541
8138 17076 3180
5632 6187 7678
5910 8986 5738
8659 19793 877
13528 16608 2368
11717 15905 4667
4064 19175 3053
1378 2109 2032
11085 17653 9400
4683 9654 35
8433 11216 2968
8152 15763 7363
7558 16324 8547
9362 17908 6668
1043 8089 5556
1435 5441 5238
7654 10979 1598
2780 6120 2803
79 272 5235
1680 19385 9178
5242 19411 8956
1547 15411 9387
23 1023 7624
5807 14317 4595
9299 11007 4111
1430 4620 4552
2820 4253 8388
3234 3719 2637
130 151 2811
1107 1513 6129
4573 9337 8977
3067 5887 2236
2602 10275 3901
6518 18127 9232
1704 10429 2124
2705 4443 2605
15948 16087 2796
6746 7741 5272
450 7044 3368
2580 6282 7462
1161 4462 9333
111 2144 7163
14758 19058 246
9195 11111 3262
563 566 7811
1691 15652 2402
9520 14341 1562
6947 13606 4440
2652 5616 2091
13095 13455 134
16626 16923 6310
2973 8943 4427
2745 6062 3358
1972 2859 1337
587 1591 6857
2042 4674 3695
1339 6788 8855
11979 18763 3465
18289 18359 6012
4248 11931 1091
8955 16891 915
3667 17588 8725
4586 17277 3584
1918 12865 8238
1057 1335 1119
7204 12429 5900
4958 15646 5267
299 8699 7914
3999 6796 2556
718 3428 2395
3913 7352 1090
1978 2669 4124
4407 10703 4716
14487 16272 7977
5922 11967 3007
7193 14283 2382
3083 7690 8031
9912 18372 8042
14190 18386 2114
3199 13576 4565
9062 13761 6623
1344 2534 90
237 16431 1874
16060 18047 3904
5901 8424 3662
9147 19772 6604
16886 19441 3634
3456 10982 1042
7010 15721 51
15551 19190 2646
13312 17409 5860
12279 19097 2242
13182 16871 9163
2760 2848 2994
4117 4323 1957
5846 6526 9329
9313 13914 3004
217 13997 2963
1904 3901 5455
2330 12743 808
4201 10660 7378
2012 16921 8202
7005 19594 5585
192 277 4408
5959 6731 1013
1861 2833 198
4270 14007 5856
3996 13264 9292
4462 10513 7221
11244 11303 727
9375 14093 4392
17850 19105 2447
6337 14256 1144
5674 6473 6646
6835 10253 2639
4946 12227 1894
4328 5682 9617
3693 19876 8983
5478 15856 4903
601 11746 4524
8861 17821 6406
1415 6208 3310
126 393 9493
5442 11119 9435
10698 18634 4607
1157 16335 970
12067 17593 3324
3422 19060 6471
1077 17356 4169
14131 15137 9278
4364 12378 9236
887 14251 3301
684 9798 8470
2414 9447 4961
2918 9604 882
6931 15182 4678
3159 13119 6481
24 58 9598
4 8707 6995
17181 18150 5128
4371 9416 148
8172 11646 8134
12335 15265 4871
6881 8952 2751
8737 11588 9238
4004 8375 7751
1854 19984 1170
8178 15377 3551
930 16240 898
6962 13793 8912
9965 11671 515
5281 14100 2323
1267 5873 7009
10382 10978 6247
2925 6749 3337
4095 5818 2792
509 1734 8918
11852 13999 7224
4607 5540 3603
85 3557 6528
1034 17903 1759
8119 11506 3941
3186 9013 787
4117 14999 7727
3288 8518 5616
3377 3958 9676
4234 8408 9716
15334 17978 8989
8582 9054 1031
3840 13536 9080
3724 17112 7043
6426 7899 3384
11012 19213 2402
3943 8076 6324
4765 5137 7660
956 8625 8894
4700 10895 3872
993 3629 9877
6043 7379 3347
10132 10195 8809
6556 16975 6036
9440 19862 8282
3467 19784 4247
7675 8457 3067
6608 14648 6958
5090 10101 8161
524 5472 9913
163 1528 1747
157 306 9256
4642 12477 3097
3989 4252 2978
1233 10165 7625
1074 13001 9881
13186 16371 442
13339 14823 7207
5693 10323 3388
5509 8800 8917
12757 19773 1770
1044 4612 4788
6986 11654 6375
1952 13010 6874
13495 19597 5262
3370 12338 336
11943 14153 2295
10292 11485 7750
2650 13890 3671
3681 5639 396
592 17457 8447
703 1235 8454
4713 12251 2480
857 8872 3083
7889 13402 5093
4041 8152 459
1416 10060 1929
5595 5900 7235
2047 11711 1753
1764 1975 2397
2791 15928 3557
1207 1248 3598
8924 11524 7560
16946 18704 869
14971 15992 3045
14083 16683 8418
2073 2851 3049
3391 11670 1255
1275 2781 7855
674 5080 9674
8731 19638 4486
2990 3631 5586
1133 1874 698
9122 11171 3679
13824 19960 7248
1768 8352 390
15232 17756 9886
13772 15984 7097
7136 10493 8320
9514 16511 3335
5675 17642 3136
4484 12859 8029
3496 5459 9528
8725 15943 8843
6246 10450 8691
6342 16570 4240
4316 17401 3587
1696 12717 1525
4896 6607 2452
632 650 96
8798 17929 405
4113 19463 2019
119 4123 9829
3078 11422 2111
10120 17242 6617
17143 17269 8025
1186 9460 6369
1357 18059 2592
13992 16738 131
5784 11023 295
1544 14342 9290
2059 17822 3855
51 18052 2936
4333 16872 4693
432 15011 7692
1045 1113 676
106 166 7285
2972 18585 1170
8259 10012 5750
5245 15057 4530
2591 2868 3294
7755 9813 6155
2393 2430 9968
6333 8882 7771
2980 5627 6591
10167 11837 1015
3906 16553 2132
68 2470 9136
2159 10343 2909
9855 13656 6514
258 17149 9950
16340 19727 1741
15067 16269 9519
2598 3591 6311
225 13384 3618
1277 10354 3470
10416 14663 1030
9980 10799 3262
3818 17854 715
1292 7517 2906
6561 8564 2714
1637 2721 3133
2601 10475 2970
4695 16432 4293
14940 16968 5154
2388 14256 5066
3063 18259 8052
2242 3107 386
11194 13507 9227
5784 11350 4795
9640 9828 7688
5132 6084 2401
7508 13621 4392
9668 12657 6936
6343 19615 6621
12205 14089 2218
6391 9912 3879
3476 6510 2175
1126 9311 9823
182 9385 3611
7467 17994 6472
9956 19361 8928
17685 17689 46
13026 17545 6573
3849 6553 7520
1312 19956 5501
10999 16091 2430
6196 8869 6740
1142 4335 5946
11360 15011 651
632 16730 4785
7771 10999 4807
2232 4657 3528
4861 19277 5232
1812 9479 1682
325 512 1725
2569 3320 6769
2625 6786 9703
411 2072 8089
45 17174 6647
3322 5237 5284
15034 15649 1921
1093 17205 7922
12347 16837 1875
528 5277 7274
5087 5220 967
5018 7181 4564
3092 9260 8274
4724 8920 8651
16352 16999 603
15408 16619 4435
6449 17158 6786
13235 13669 25
8011 14340 8555
3870 11752 667
9649 16450 8211
910 9082 5540
4892 7731 5000
146 223 5939
11695 12177 6277
10439 11918 2076
1708 11747 2526
13818 19329 9747
7 89 1467
60 18950 5607
49 459 3815
1107 1758 1849
3713 12207 2838
891 4737 9668
5924 11498 3928
2163 18003 3928
13735 14111 4408
8329 18390 2156
4615 8947 1350
15915 16560 5692
10986 18437 6968
5297 10944 6221
6647 15265 1295
4930 9910 6681
5759 9850 4175
288 5378 1572
14963 15738 8879
10363 12457 4917
222 572 7385
8762 9240 2100
11888 15978 2304
5156 13407 9462
18278 19335 3082
5427 6801 4196
8742 17128 9973
18028 19776 630
3719 4963 1524
657 13569 519
6504 17633 6217
2688 6164 516
3337 6515 4577
8953 13565 7779
2711 4594 123
16650 19086 4089
12622 13038 1606
13612 14395 4368
13856 16607 1036
4675 17312 8440
3035 4472 3482
2013 5875 2458
10465 15755 7774
1298 9511 1055
296 1538 9287
15514 15710 9528
3567 4717 2519
9604 15308 7399
2298 3478 881
586 1231 1079
11175 12404 9757
6075 14920 5012
5593 6486 7973
2142 11077 1364
99 6193 1708
1181 17300 5358
2405 14608 5846
7876 11339 444
891 11485 5196
579 4144 7110
1610 2298 5373
18689 19848 962
12953 13392 1209
6677 11306 168
16345 16377 5235
12422 13037 5182
10644 19781 8476
1545 4953 3046
4537 11809 7391
185 19673 2553
7083 16016 477
3456 9057 5850
4747 15008 4014
3526 18592 5672
6594 10776 2525
5640 14096 9310
3952 17649 102
814 9919 5472
2303 11195 3375
13117 18675 1237
14468 19990 5075
2334 18680 2917
2267 10326 2591
5093 12509 2542
335 2345 3065
3568 19838 5462
1717 17203 9840
7117 14343 7372
15386 16336 9817
1062 5955 39
14704 18965 8628
7756 15231 7609
3262 19076 8498
10690 18903 1130
4489 11830 9561
9443 19211 9794
1841 2192 7908
10481 15155 6905
1695 3304 7709
4390 6918 9914
2953 19929 3405
3219 6252 3118
4439 7196 3264
6152 13375 437
15935 18602 5643
10055 15829 5402
1201 8473 584
3358 4807 3069
1615 5479 333
7009 13628 8416
4226 12105 3461
3306 5430 188
10396 16056 2491
10259 10913 6502
7604 18637 8254
8581 10121 9470
3783 4236 7218
398 1310 2921
8623 15825 4450
6652 8212 8872
2825 7571 7496
1712 2661 3199
2826 3398 9128
1530 11142 2674
684 731 1019
622 2609 1883
14700 14934 8210
3393 4174 7046
4364 5351 5826
1840 2053 2991
4104 4319 7954
16058 19565 1762
3689 17090 4068
1546 1787 5906
9353 18601 3628
3995 6897 7030
1006 2161 1019
3009 3371 1516
4191 18361 912
1671 10211 9544
2646 7384 323
4597 11870 2093
14150 19016 6783
2242 18673 861
11961 18090 6377
4427 16394 2608
48 14170 4628
603 1471 8537
15327 18985 7512
13771 17940 296
4007 14073 8393
465 1407 8063
1330 7140 4988
1508 4971 3676
8254 9230 3182
11297 15230 8556
7265 15784 9636
5151 11942 3647
7699 8023 9502
2651 3961 6002
3335 10209 7370
4137 4486 432
3762 16960 7979
2309 2748 9009
1179 1862 7807
874 2093 8907
12803 13986 7355
5989 8386 8856
5100 10368 7078
2376 13370 1690
2565 7365 9974
15311 16281 4189
5818 12307 9625
15735 16853 9911
10146 15948 4608
13653 17022 7116
6700 6845 674
10095 10967 3810
12674 19307 9966
2149 12013 3114
3396 4087 343
7798 10042 5613
87 7650 9666
14913 15383 2124
4388 4752 6850
11767 13137 5055
2041 5543 2265
3466 8383 1791
719 3091 4340
8086 13789 3799
700 7818 5380
2715 18911 8608
666 12534 5253
11375 19659 8450
10961 15784 3249
2318 10922 9046
7578 14358 5136
1650 2461 8427
6081 17826 2732
1758 3674 4658
90 2875 9448
800 15965 2894
7625 8435 4101
4550 14145 5756
320 10482 3187
4223 19763 8116
17004 18104 2465
6992 14561 1301
1891 9739 6429
2824 3342 3511
9017 10741 4370
817 8548 3017
785 806 6089
7065 14705 2930
5871 10480 2972
2152 2230 3451
1469 2745 4950
2793 3898 1216
1049 2399 8190
2760 16280 6461
5876 9134 9347
3161 18362 5367
1503 9454 460
2064 13380 3501
11852 14513 8616
1207 19564 6622
13950 17915 5495
16729 18401 911
1071 8350 8696
2723 17548 5328
2472 11231 9011
1741 7477 5279
15774 17604 5884
814 8213 9395
579 684 5712
4442 19317 4411
11888 17195 8197
2374 18692 5164
1155 16299 2454
1056 15712 7811
6005 7458 5935
15376 16384 7759
4238 7343 8702
1123 5559 3747
902 6527 5756
4556 13755 6544
3459 5919 2825
5184 5897 1315
9670 14872 7994
1001 18347 4986
5079 15736 5653
4320 18429 1080
3865 17507 4957
8479 9520 8188
9420 12320 5785
506 1926 5562
17031 19011 1623
13988 14911 936
4394 11010 1595
8629 15961 5603
10098 15824 5359
77 6959 4413
10744 11676 7716
16289 16624 9377
271 5788 4633
852 7965 2791
14572 19606 5753
5120 17143 4702
8010 18637 5993
9323 16593 2412
9699 19364 383
7769 16259 6971
6823 15411 7893
1274 15393 7387
14424 14780 3710
2631 6115 1685
5669 8297 5779
3104 18724 6211
1290 3203 3336
4970 6011 8488
5342 16911 8640
14511 17990 3957
4809 19959 4807
734 3010 2627
14063 14167 79
11358 13291 8545
2942 7488 668
5660 9954 9887
571 19680 8184
4757 8911 9499
1413 1415 4878
1446 10432 7831
4319 16251 6036
1408 1539 999
11989 12953 5095
5236 11252 1732
4167 18703 7630
1496 1604 1148
10305 11038 7471
7151 11176 4562
1747 17108 9003
4936 15201 9312
15826 16188 4320
5398 7348 5306
5125 7775 267
775 11046 4778
3181 4532 3853
13 2156 8786
6285 7969 3391
12201 17344 3808
2699 7156 4048
440 7742 387
14780 19253 9219
3449 9603 4387
10172 14026 3578
9011 16852 4949
2182 13874 2209
9924 11847 8508
1489 13255 9989
458 779 2976
10033 10994 3350
7750 8190 7121
6137 15318 5671
9608 9911 7340
16354 18934 2127
15251 16797 1647
1949 2549 622
9240 17362 3768
3462 13720 3039
8438 16171 8882
4479 9473 2424
5909 7842 9609
4157 8048 3789
551 6013 3694
10127 10280 5922
7049 8689 3784
15721 19416 3473
7615 12004 7492
1503 4309 2374
8773 15197 632
4236 11821 4014
2100 15242 1036
776 898 6690
13137 15766 5598
16252 16972 4194
3156 12277 2269
251 10564 3886
6073 6690 4739
12862 17039 574
4284 12002 1560
5558 12779 5657
4773 15878 2906
14117 19020 6527
14594 16589 7091
7122 14710 8584
2226 8970 8726
4823 8677 7350
2468 14527 6437
4234 10208 4341
1702 12716 4875
1298 6409 1705
6007 12855 9021
911 4691 2489
2205 3670 1578
9725 13652 5907
17126 17604 1945
9034 17421 676
2368 14443 5938
6890 9632 675
78 97 474
10340 10766 422
5553 12487 1681
2451 19918 8357
16675 19610 4606
4632 8137 4989
3228 6946 1133
5850 13225 4793
3591 3886 3329
131 2784 3514
3027 5083 5819
3796 11932 1404
8492 11809 7769
7195 11062 4488
12200 12348 2393
4360 14942 9035
7153 14335 4575
14144 16220 7590
1801 8495 1649
9795 12730 2265
3706 13634 1167
6930 13662 3588
10213 11934 9802
5569 8454 2374
6583 9256 6860
15085 19604 485
8107 18068 9263
80 17334 2156
3052 5988 46
3610 19944 9893
6261 7664 2427
16671 18415 4928
3137 10728 6564
3853 9826 9933
3851 19413 4900
4676 12601 1301
9592 15112 339
11418 16054 3721
8744 12303 6219
10187 10896 9087
14728 18398 3219
9140 10519 6509
2815 6199 5189
14436 18416 3070
8716 12126 2386
10364 18068 2307
14581 18141 2209
8678 17132 193
435 18071 2771
7721 19128 6399
287 7541 5079
1663 4765 7738
5353 10460 9209
8273 15598 9647
4041 6471 3977
2511 5000 1861
1529 3008 4838
10801 19888 310
14693 15023 3655
3598 19368 2013
5170 19085 8392
8160 14436 1772
12695 13486 316
6922 12425 3785
2248 14796 1638
8891 17162 9322
3080 4904 2872
240 716 9503
5230 19747 2069
6846 18797 6705
9596 17975 8641
8781 16353 1113
1509 14372 2811
2901 19073 8294
8545 16891 3334
5976 14628 3297
4292 11359 9171
11303 17221 7106
4907 7957 2530
2292 9022 3281
307 14049 2300
273 307 3164
4978 8747 528
5478 12389 6760
167 12773 4864
310 516 2094
7696 17546 6053
4006 16189 4284
9302 13266 9312
117 13551 3943
16319 18550 8065
8407 16481 5719
9369 17598 8400
2576 14308 3384
2287 6774 4743
3071 9178 1040
10551 11861 2773
1818 15889 3162
11750 13979 5891
2313 19162 1412
3513 13553 5833
13527 17207 7386
3774 5074 5466
213 2229 9064
1138 6534 5103
1257 5343 5952
5800 15916 8756
5363 13899 1733
3151 8710 3909
6222 7216 5218
7958 9034 3956
5304 5445 9873
5159 5216 7818
855 12836 3959
12757 17867 8875
3311 15245 9822
6255 14897 9382
7778 8203 9298
10666 15486 174
6875 7198 8267
50 3793 7576
7757 19497 8978
756 10085 6313
5899 18177 7896
1916 2544 6994
929 18008 3034
1164 7667 8860
5299 9836 2241
572 4893 9516
1939 6330 6301
8443 15396 4498
12362 14269 8580
1741 5987 7022
8723 11058 1257
3801 6187 8770
7237 9791 1967
1023 9992 1343
8250 15694 5201
9145 19828 4528
1484 11048 3511
5463 18177 6841
2133 8142 8779
3717 4804 7764
3538 4130 5602
2543 15284 6261
4882 5303 6316
13307 19624 9483
1040 1559 7678
9796 12695 7414
14296 19640 2860
4348 11751 8952
2430 17782 2447
8423 16596 2288
5052 5447 6748
3864 14012 8560
10830 16862 3868
8544 13161 6791
2275 6397 6439
7271 7837 8132
4410 8523 4849
5263 14042 3826
4098 10493 7348
541 2508 4389
11960 16656 8509
1879 7313 2862
4602 6664 6950
5006 12470 4298
6327 15664 7088
5977 17351 9377
1341 1658 791
12471 14008 9087
820 997 7958
2508 13012 6103
13289 17796 949
3894 5498 2370
8059 17585 6832
5918 13327 7896
6414 6864 4758
5789 8023 3772
11333 11628 5920
4224 12711 3201
1118 10082 6715
2276 12854 7889
3217 16327 400
10981 18017 7391
1273 1849 8312
7425 9116 6394
12518 19866 7777
2407 16942 7427
479 1618 2623
14922 15360 2934
2594 9163 3512
4954 11953 5978
2349 16757 7886
1978 9605 245
1465 17198 371
11354 19141 5781
9624 13227 6057
2268 3088 7427
3200 6435 7663
3450 4396 7919
7802 13384 8710
2298 2304 2169
5872 5965 7267
614 905 1346
4080 13612 6725
2552 4684 7984
5537 5683 88
6333 14899 1479
2701 17220 2413
3056 6530 7148
847 5298 15
6772 10061 7212
7626 14821 1249
4100 12218 1762
4741 5927 4843
209 10188 9789
2790 6214 4199
4754 5655 5353
3367 9782 3560
2671 6562 4592
12142 15590 5029
3388 13029 2868
18763 19260 7766
18660 19414 1476
965 8474 2691
9135 10233 9779
676 1918 3435
8773 10508 4503
3129 6638 722
3693 11471 5916
16 991 2605
483 1273 4306
5018 6968 7733
11652 13142 5681
1310 3547 5979
9841 15702 6905
11390 16676 2541
1478 1857 2252
6986 15891 5819
1443 4173 1452
8870 19795 3905
663 19521 7674
1735 3855 5476
12704 16084 4647
515 18978 3119
5265 8700 7113
13011 16004 8609
2634 16388 3137
984 1324 3008
5832 11909 2406
10609 18236 8702
2382 7283 8470
4334 14691 3148
3578 15925 6392
1869 11871 3185
9705 15628 8208
663 1804 3629
551 6759 1836
6749 16451 7610
3521 10994 7708
2077 8534 2374
12659 17632 9826
18671 19513 7581
243 247 4879
9361 10189 3044
10439 15963 5726
16776 16980 7084
7992 14068 1618
2470 3986 6660
16754 17525 4023
10238 13441 4860
5275 19680 9185
3100 5279 9940
9891 11198 7720
7282 7934 6635
30 7029 4203
5928 13613 7330
2591 5286 4065
2372 4213 2549
7852 10496 3581
3856 10428 2076
13375 18868 8580
7513 12558 7372
14538 15801 9182
3178 4306 5688
5360 13246 2076
6536 14585 9447
2734 12141 2051
2910 8123 7058
3446 6048 1348
11391 13272 2993
5153 19495 5789
538 2861 1576
10 15 9677
1288 14037 4864
3992 16005 193
6271 13481 5739
5151 10910 5274
2519 12150 8663
5775 6986 3522
2991 6092 5163
14335 17439 6514
5673 8615 3523
1779 7689 3488
9478 10119 4388
9915 18755 8818
10032 10609 6609
7445 15086 811
17466 19710 6528
4068 15986 6562
5129 10802 7088
1683 19009 9615
2151 17570 4737
15376 18665 2489
709 2024 3642
17127 19660 6048
7489 16463 1007
508 7067 2238
751 1056 3207
1780 19762 3230
7362 14618 6104
7094 18977 3885
2952 5400 2826
14458 19272 6611
568 2780 6330
17 186 1839
10653 16991 1403
7558 19189 3589
1984 4180 8060
3188 6439 3259
13603 14588 6593
9598 19061 5061
270 7701 5724
10605 17577 4703
156 161 1291
4786 10518 2733
3227 17927 4586
9052 15374 9030
1406 19530 7320
2018 3539 823
3662 11892 1298
1496 1546 7270
11608 11724 4011
160 441 9613
8749 11328 5590
1081 6180 9683
1198 2600 3511
2521 10358 3271
4203 6469 5050
10137 15084 4824
11195 18948 8967
12742 14241 6045
5298 10257 3604
8951 12598 2326
171 5075 2100
9243 14653 9395
1694 5826 6755
12118 12398 8187
7588 12268 6592
2683 7526 8767
8738 9541 2041
11511 18384 4616
10080 13857 1758
4100 10014 5921
11964 16617 9294
280 4101 6885
312 7159 6342
13185 16057 7520
1145 11457 9254
7581 9495 9887
15916 16164 6162
2706 4609 2499
1167 11908 5667
6624 9630 4002
16227 17583 847
8850 15367 1669
272 8547 4118
5980 6794 2980
2155 2231 8018
5770 13115 267
11924 13164 4697
17050 17295 6351
5892 15311 6322
781 16714 7886
9834 10817 2864
10843 13841 2070
4199 8685 6114
9362 13649 7709
8826 10672 6934
3437 12168 4598
6834 16837 9766
4410 17580 3791
1063 8046 4296
4286 11701 3169
6369 6873 2304
9572 13622 8789
3129 5883 2307
3461 8635 2292
6541 19863 3281
326 826 1928
2999 5157 375
2569 5071 4460
16761 16992 101
13338 18500 7972
413 1035 5341
3985 11001 6561
14640 19506 174
998 2417 4491
17991 19232 1268
14352 15606 4085
2895 5102 194
13779 14545 8007
817 15085 1483
11494 19199 5119
13508 13723 3475
1939 3934 5909
3880 14962 2644
5181 18684 9179
5464 9606 3377
4453 19603 7760
498 508 8482
12322 18064 9136
12780 15422 8040
1007 10548 384
8930 18024 2704
1528 12951 8693
1981 2538 9007
468 582 2905
5365 7520 3533
5200 15650 9995
13498 16729 868
8891 19071 7571
175 503 7786
14912 15525 1077
5577 9306 5684
1781 6284 8223
7933 11092 9801
876 1556 1895
29 53 5510
7726 16571 7720
1713 8460 2944
1142 16188 593
6455 9443 3481
7760 8420 9188
6740 6943 28
5856 6310 5880
1341 1357 922
4359 19189 5253
1107 5740 5017
2979 11351 2367
7636 11638 5234
1400 1460 7182
6045 17380 6932
6698 17187 5567
1292 3054 7260
59 2468 8506
7082 12814 5416
8292 14173 6199
7284 8486 1854
35 10808 5316
7279 12319 9872
4722 14333 3337
1700 17991 3976
1174 3953 705
13557 14538 3050
18010 18109 172
8533 10218 7849
1344 3386 7282
37 1737 9195
3626 17958 4495
3447 5724 59
12114 16269 8317
3512 10687 4577
1845 5959 8154
10434 13584 4031
6896 10301 2814
11855 18767 327
2533 18123 5091
13194 13221 1342
14545 15721 2020
899 4712 8207
6718 18163 1824
1525 8358 3928
4014 10339 5463
1243 2915 5869
1176 4414 7308
581 10381 4073
463 2784 7097
2951 4639 4393
1064 9879 254
4572 18609 3067
8622 10550 9224
4250 14451 9526
1556 3727 3272
15091 17604 6553
2106 15553 5210
10184 10415 1235
2620 13683 5172
3343 12243 4273
8637 17835 9122
250 929 5444
1439 3221 9395
3930 4990 9790
2953 10537 6172
17048 18829 8128
8499 19185 9344
2319 16517 3762
12459 13873 8834
910 6434 2294
5569 11396 4943
13749 14526 4723
1943 3647 1029
12992 18549 8982
1194 3874 2146
14840 16426 1290
1151 2594 9002
11701 18210 4409
9420 18393 8989
11416 16718 3399
6151 18245 9173
2147 14677 6360
523 1130 458
3769 5972 4317
1894 2726 3672
7832 11468 9994
211 345 3286
1043 5992 5310
6785 11411 9151
2835 4754 1767
808 6151 478
1094 1587 5694
1699 7968 2348
874 3075 5600
3307 14191 4207
5167 10532 7249
9079 13716 4550
15581 16904 3712
1210 1626 2060
10487 10737 8678
320 11120 4698
17748 18171 5213
1012 1111 4539
4708 12714 1099
13814 19871 2259
1802 9006 4321
3515 7759 9271
16112 16894 563
17042 17964 639
4897 15180 3904
7429 17560 6300
6598 18176 7019
870 12489 1760
1082 2001 7181
4783 18118 46
115 2102 4212
7442 11078 2939
23 9645 2088
5616 14614 6821
2428 5676 7476
4446 10827 9673
3884 19641 8062
697 2617 7782
4450 6074 9874
4313 5411 1928
4301 18270 5639
10607 17852 5135
356 7541 1010
6767 13958 8711
2316 5254 1365
3942 16799 4255
1530 1545 3450
1421 5196 9378
1778 4067 8401
4022 15794 6357
11284 18234 3826
6563 11149 7341
3653 7902 1845
6406 8294 2615
2580 9875 4536
6534 16377 4374
10140 19207 456
1805 8660 2352
3982 4321 5206
5829 12866 7203
5797 8592 5574
5681 14351 6589
9627 16826 2858
2050 18453 8533
1286 9235 6769
391 4434 9181
8373 17123 5622
2301 18909 3391
1787 16696 1631
4423 11040 108
3015 7046 4969
979 12446 5080
7854 8241 7783
8079 16991 2366
2778 6142 3894
6509 16870 6241
1773 3569 1499
4859 7167 7539
10934 13386 3811
4305 6332 1819
8994 12833 4579
2569 8839 2291
11594 12235 7288
7088 9712 4893
11994 19117 4573
13756 16352 4063
2298 10852 6178
14284 14484 4029
1002 17813 8395
12725 16129 265
1282 8894 7170
2369 8739 6922
997 9620 1694
5973 11521 870
5414 8189 703
9983 16865 7904
12581 18742 1674
4223 8562 424
9229 13127 9446
1527 13262 2228
4106 13778 1128
1404 2641 5433
10238 17385 6990
8664 18089 2819
2240 8933 7829
2715 13859 3147
12189 17221 6043
14557 15067 7630
5162 12379 3609
4669 17729 5292
10491 11356 3070
4974 6347 2530
77 3349 630
5799 16081 4052
652 1790 5374
2782 13923 6314
3934 4261 7103
1096 5888 4287
314 1169 6489
2762 7578 4126
993 10936 6959
3544 10319 7939
2547 10222 4503
4922 14391 6822
662 1713 4739
260 6015 8442
8232 16044 3238
14706 19981 9519
16682 18396 1672
1302 15737 4631
5840 10373 274
3269 18926 5145
9514 18513 6268
11570 11841 4344
16557 18848 1301
2120 18308 9399
613 11554 9040
1225 8536 8730
5253 5339 7922
10700 18117 5269
10763 13900 4463
9834 15359 6931
5590 9946 3847
4084 6102 7006
714 19875 9144
8338 17108 9100
1739 10708 2404
2922 3152 5428
7934 14795 4760
5814 12325 3212
10949 11959 6881
2125 2233 4500
966 2560 39
5700 9306 2831
14499 18412 182
5299 19065 1401
4382 19752 2681
7751 16806 2388
1054 3269 6726
6496 14996 8949
11403 18467 8880
566 10599 4310
9109 19184 2473
602 793 6895
8782 18149 2819
1875 17873 2906
8228 9319 9186
3393 3549 9705
4411 17959 9310
16027 18236 3678
4516 12739 4055
3748 4771 4674
12475 19377 1617
816 14289 455
11599 18081 9167
363 390 7126
6800 19335 5154
5771 6129 6052
118 1801 2464
9963 17946 3901
2421 8186 2997
4563 12640 3390
2879 3960 5717
2519 3808 2995
820 6561 4152
3816 4773 399
10809 13162 3784
12826 17317 7256
4587 10765 7198
12978 17925 8210
8970 12211 8840
7805 8005 4877
5075 5213 7365
2322 16144 1135
1415 4751 907
2509 5516 2865
5410 6804 1422
3437 11880 6379
6317 19119 9770
8 13805 4213
12761 19108 2637
643 703 1357
4182 4977 2101
15736 19553 676
8394 14765 5262
948 17225 3611
2204 9565 7504
14145 17266 3852
1159 11690 7304
962 10552 1417
8163 17355 5041
917 2615 1968
6081 15872 1641
1431 3908 7432
3211 3480 5042
4166 12413 6961
2654 4592 1035
4435 11050 9711
8425 16615 6588
6773 10624 6834
7143 7213 4150
3969 4747 7270
5526 14633 380
1608 12239 208
2166 7004 9967
8634 15211 6825
2729 12844 5411
5048 5762 5102
4021 19548 9540
326 4009 9151
14956 15033 2927
9612 16916 2686
8865 14598 778
10931 13155 2007
1705 5399 7044
338 664 7291
10191 11667 4225
5686 14894 8513
3714 6146 6561
1664 6944 4235
5138 15704 560
9670 14959 922
1817 11441 8294
5121 12248 1178
3778 11036 2196
405 1669 1544
3772 14189 3080
5941 11172 1768
8432 10682 2700
1841 3804 8169
8834 11069 6041
773 957 5129
17804 19398 1505
843 6482 6698
9428 12077 2330
2531 10747 4444
13896 19856 7800
805 8153 159
17702 19243 1084
1229 18400 1802
14794 16375 5292
2662 8096 7336
12964 18048 8572
8925 10348 4750
1370 9376 2827
6476 6764 6210
2721 7125 7122
9460 18706 9892
2310 10282 3855
11799 13313 4091
12560 13169 8960
19023 19888 7798
409 8716 8363
3993 6823 2639
2094 10660 7568
1157 1214 602
5349 10569 166
1026 14217 197
5057 19992 5934
9188 10009 4001
15865 18683 2705
16163 17255 7272
10124 16289 9158
1771 19856 9276
3171 5274 4237
7420 18079 4822
7377 8684 6722
147 2902 5721
557 1217 7376
4008 6449 7613
4320 12047 4311
6254 17888 4620
3826 4804 9594
12192 18447 4958
12919 16815 7604
13851 17207 2091
7652 17102 4444
151 311 6894
11585 12169 1773
5392 14439 2380
4801 9197 9531
3367 14446 5978
2704 12778 6785
2462 19581 3906
136 413 5800
9905 10472 3351
3229 5350 1323
9774 12939 7930
677 11430 3743
4144 6001 5448
5637 5880 8076
7706 15715 5106
2163 16101 7129
7465 17129 7874
16796 17854 4410
4180 13745 4340
11436 16181 704
2453 3604 5493
3788 5556 9619
4730 19947 2490
8873 14002 6265
1349 16192 9924
5363 5685 7832
13201 18465 4140
9663 13373 2654
16467 16668 7530
7533 12897 7045
9808 19733 7010
3509 8056 1734
1897 9178 9180
8234 12246 8308
1404 3545 7385
7241 18157 7113
6559 10162 8433
2780 3720 4852
12899 12980 1001
6575 12135 7181
5047 19743 4809
2226 4852 4236
2436 8608 8663
8610 9927 7019
1224 3831 7325
4659 18817 6178
6060 7644 3322
3400 19716 2134
3706 10721 2797
2594 9212 7326
2110 2362 3939
4359 7169 1877
105 293 1918
15 28 4362
986 1710 2395
9493 17033 9098
12033 13406 6782
8003 17012 224
8748 17310 1792
6424 16606 5266
9588 14048 2709
472 17542 6854
7232 13017 1475
53 1667 119
2195 6152 6910
76 439 8576
794 17987 3458
8477 17972 9840
5460 16507 5917
9626 13566 5030
10797 10822 2683
10091 11699 9752
1868 4307 2428
8926 13634 8630
7960 8288 2438
7592 19412 7619
6042 18208 8215
10892 17310 1592
15113 15162 7544
5367 16990 3000
2074 9124 6311
11790 17952 3736
197 233 801
4548 14564 2181
10727 16708 3205
756 3093 3547
4288 10175 6972
1489 18663 2314
11949 13140 5230
3653 3837 6479
3998 16491 2102
7955 10431 7786
173 416 208
2751 4984 192
7463 9304 4827
3500 5073 8755
42 271 8184
790 4670 1141
5093 12977 7502
11865 15340 9121
3807 8822 8380
4195 12384 1448
2374 7767 3558
12391 19526 9957
13204 19067 5316
2576 7252 4333
10057 13775 6502
4460 16043 9519
4142 7453 3228
13259 18363 3056
7340 13896 6601
300 12630 1099
19220 19334 5053
7631 13640 2614
11613 12191 2101
8420 15620 1572
9881 17634 6321
207 4244 6400
35 15297 2591
5739 12116 5701
16002 18173 6604
1354 14109 329
12743 17443 562
6168 8204 8627
4635 5408 2756
4238 19471 1563
9128 13602 4478
6273 7977 920
1582 5420 9481
14920 15536 3062
1071 1144 1468
2061 11565 8633
510 14441 6794
5231 8916 9395
3446 3465 1268
712 8025 2015
10248 19625 1542
5305 16990 4115
960 5721 102
11961 18281 1482
13519 16167 8161
7023 17097 9775
600 1318 7541
16680 19337 7781
12758 15108 337
4530 9797 6763
12388 16376 7566
2181 8202 3336
1396 12390 7222
12222 15483 1030
2190 4396 7559
767 13631 8083
509 15663 3713
1742 16002 8982
6434 19192 9643
29 14307 4051
1279 1895 709
338 3816 6634
3472 4301 4687
3061 12450 785
6813 16182 1226
4110 10088 153
12731 14490 2001
517 669 2073
6553 7461 3014
3298 17022 5224
1746 7423 8515
3999 9272 1073
9642 13633 485
2166 9908 7157
6251 11740 7160
1219 11498 1816
5183 6613 8596
19205 19481 8672
10993 15727 7348
1354 4388 3078
9367 9730 7752
6867 16547 8937
1282 14019 2278
509 14316 8096
7792 19168 7685
8506 17603 6546
11848 16228 315
232 339 6218
5008 7205 8832
13801 15176 7426
903 2787 7115
5472 14336 8114
4252 18317 4452
2140 14835 6743
10032 15138 7811
15955 19947 1497
12725 13801 7962
4058 5149 8516
3151 3777 5298
3744 10506 3755
1115 2326 6141
459 3153 7074
10087 14935 9899
2665 13576 56
1020 1984 2557
8882 15181 1024
987 5808 9296
12209 17907 593
236 1802 3858
9995 12650 9289
5936 17227 531
16253 16583 3420
866 4322 9142
3240 6240 7396
16060 16813 9900
6824 12724 1223
474 8010 9240
4282 17003 8005
103 1395 431
3776 15428 3791
14455 14553 1603
18991 19424 5485
1697 4082 9442
3172 18589 7420
11315 19744 2490
343 8989 6033
7364 14913 5525
4644 13884 8716
3610 7857 7452
4911 8645 3100
12394 12559 9006
7665 9248 5217
15232 16370 5106
269 667 4712
2456 8560 4695
5701 18101 6552
3416 7941 7513
1815 10240 5240
5755 8587 9039
9296 10947 6163
7886 15948 4578
9361 16264 1027
9147 9416 1635
218 10323 2864
1293 14692 2106
10563 16106 2801
13323 13965 6412
8962 8998 3639
10169 14400 3269
17219 19970 6391
6056 12218 6888
5072 15258 629
8188 17825 9935
824 11393 9309
5352 10988 8504
2764 3934 3657
5598 10949 3145
5440 17619 1370
1192 12631 1991
1929 4455 3415
7038 18903 2759
1639 7755 8587
786 3504 6770
7971 12190 3090
1500 6769 2118
6066 19674 9901
5773 9349 8323
5115 5243 644
8392 10938 9517
45 613 2150
4545 7002 8837
13505 17751 3309
7579 16629 7036
14596 17464 3476
6841 18636 8021
1117 7260 1401
4407 15023 3943
4454 5100 9476
336 3368 5731
14897 16098 5753
2045 13580 2500
6517 17613 5982
6024 10355 8720
12087 17155 3148
1457 6635 5317
3855 7345 497
2346 18491 1806
1871 15522 8494
2807 6168 2554
13640 19587 249
1225 18876 7919
8011 10174 9581
1291 4440 7898
4910 14956 2004
8627 18474 2831
7185 16873 7833
2237 14727 1984
2796 18134 4236
5214 6016 6394
2367 7566 92
6240 15083 953
6897 17668 5260
1034 18451 2306
13614 17733 8118
14505 17007 6854
6474 18932 5921
5300 10428 3456
114 19793 863
504 5356 5089
15531 16246 7997
15760 17903 4417
4138 5024 7615
1869 1936 6185
5787 9974 3172
8211 14855 606
561 6450 9083
4611 10253 6928
4899 13222 7866
1436 2235 2944
17223 17902 1096
3473 18485 4490
4868 15265 4732
3217 9149 7804
667 3005 1060
2368 6631 1578
1150 5265 8202
1116 4934 8850
1830 14405 4828
7494 10081 9603
2712 12211 1064
6439 19669 6089
1224 12713 3924
10091 15636 4398
4425 4520 9249
5321 19065 1320
9781 14774 5077
50 6554 17
4039 9803 961
1340 10397 8592
2992 13786 6669
985 1242 9989
427 6219 3850
2831 3977 8182
3992 12552 714
9210 18674 4414
8783 12229 9127
9030 13864 2620
10533 13709 7184
456 7762 7067
11279 13125 3581
1637 7184 2946
16615 18108 4857
1497 2926 3088
5180 10688 6283
2558 2579 4656
8634 13345 426
3172 18229 3552
1843 6501 9749
5228 14278 4283
2025 14970 4508
11411 12452 2552
5479 10114 4686
3884 11903 2190
44 12426 4467
2044 8239 9063
11521 18316 3011
1370 5951 2706
7016 9166 5924
14835 15465 2737
2957 11182 909
2087 12426 5894
1337 9817 1056
734 11141 993
3044 19358 2130
9599 12596 5903
270 611 7355
398 1997 7932
4413 12673 3520
1597 15096 6508
132 12319 5769
3442 13941 1707
5870 19715 6016
12507 19913 257
3479 17196 5217
14753 15460 4003
404 19446 3959
61 2113 495
265 8143 6713
6441 19947 559
16223 19285 2833
3501 5264 5279
7264 17967 6929
6113 6419 5498
8328 15407 9280
17158 18363 9819
9390 19052 6661
9497 11116 5517
4608 16985 6138
10405 18040 9322
11557 14994 2201
730 3112 2808
3151 7392 470
10300 16615 4105
1655 5003 1030
1004 4673 2657
944 8909 9951
9290 10744 8961
4761 13972 4100
8393 15770 2382
6372 6682 6195
9229 14608 2113
9286 19642 7003
10524 12815 5089
17367 18627 2794
927 17483 1754
2355 12694 114
12315 18027 3876
5854 13560 8373
15501 16538 9779
2843 12983 8129
8512 8651 903
11195 13853 6355
6748 10070 9304
9531 9991 3377
6086 13582 6300
676 3365 1730
3363 13488 9273
573 16358 7783
837 5352 4299
5730 11526 3986
696 15202 2233
29 3861 8177
17893 17894 9078
6477 18599 4206
10052 14905 2303
3888 6992 8151
2185 3114 4730
11617 18828 5710
17 3360 7348
289 4513 2185
1834 16497 5574
3927 4452 5339
2236 14011 94
1273 3662 7102
2395 5792 7272
8361 8952 9451
549 14838 9424
2196 6152 934
10623 18268 3397
5695 11252 1732
1766 19024 3591
7937 13594 321
4653 8603 1042
5764 8666 9657
15110 17619 8861
3376 7746 3303
336 6655 2725
5963 12938 5663
15843 16375 4176
2800 4600 2713
3455 11727 2934
1897 11157 3364
11464 19525 6664
13751 14922 2320
653 5606 3944
2149 4399 2825
822 18264 2916
2533 9094 4466
1870 7088 3291
6164 7783 9075
6766 8728 5866
14097 15005 7475
1428 3783 1997
9163 12280 1027
7573 8461 7124
4895 9344 1449
669 4703 326
12810 14643 9714
7346 9187 4360
2767 3038 5623
5666 15127 3972
274 341 4430
7529 13758 9559
5871 10279 7788
5521 17214 4464
1295 2575 9395
1966 19214 5840
1328 6404 2081
9640 17948 9252
107 8222 5262
7483 12489 2086
287 2067 5957
1841 9398 9522
9124 19733 9570
2682 14371 1244
736 7062 8893
50 4632 3032
6963 10775 8038
13102 18719 5902
2060 7943 5500
2161 9150 4017
4440 19927 363
3070 13947 7481
7957 11125 3942
11480 12626 6175
1642 5258 1346
4979 9902 4089
556 11257 4164
7650 15544 8232
4093 18101 3940
3698 14874 1955
3179 7273 4941
10961 14196 3268
7377 8121 7105
949 10947 9252
17753 18109 5239
6854 7263 9890
3957 17342 7014
3005 3638 6575
13818 17369 7147
3009 7411 4351
18034 18636 8907
8103 9166 3584
18161 18999 5015
181 418 4352
13607 14922 8979
4006 15407 4004
2421 3528 2498
2255 14539 1696
824 13477 1974
191 7900 3773
5826 17091 195
15533 16395 4004
4605 14966 2566
16580 18686 4391
709 2409 3544
2032 2577 4204
1727 12688 9541
615 1466 3999
4456 15828 3628
4961 13623 9234
466 5017 3800
1633 19099 7961
2825 7527 6773
1742 17423 2866
9209 9783 901
8636 9430 3257
9613 19578 8949
1098 1720 2398
2286 12626 2533
7483 14068 9876
1025 13031 3747
609 7785 1718
876 5139 1683
3665 17102 403
10375 16722 3431
12301 17213 4960
8938 19195 1730
6173 13947 3953
16531 17619 2116
12803 13525 165
2665 3311 3991
2895 19171 8890
15668 18825 3498
154 1182 3651
8591 11345 5372
1289 8711 9964
8465 8673 3975
8223 10571 7757
8820 19720 9894
2966 5120 1666
4248 15883 1032
15329 19385 7329
2937 14513 3636
2641 12894 9236
6386 7049 1635
11496 11857 3373
126 4610 623
1747 7932 9627
6481 15777 5912
641 6277 1624
4644 5749 4418
4473 15738 8651
7428 10844 2991
9563 12228 9042
5475 14130 2101
12115 12533 8422
10363 11369 2990
7842 8636 3004
6800 16574 3936
2088 18268 4000
7359 8669 9044
2820 4407 9240
4830 17178 258
7702 13406 9182
7663 11613 401
4690 16189 3735
5580 19517 3746
7644 8167 8326
4025 8597 3645
2438 17634 7718
8994 12826 7839
7301 15487 5453
14946 18079 9449
2666 9204 1854
5178 10811 3958
6377 15708 4583
5069 8821 2935
7220 7676 5753
11026 14074 4767
699 17999 5387
2718 4911 4952
7564 10675 4329
1230 1953 544
2396 5528 1835
5686 12472 9968
9164 11276 6577
6406 18884 5416
4116 19008 6269
149 10829 789
12423 18809 128
15092 17877 4335
5544 6339 5364
4298 9864 6917
12755 15259 868
841 17530 4285
17296 19896 6137
610 4099 440
9633 10269 9089
2817 12057 1829
6168 15698 4562
11867 14134 3788
2974 6963 5306
5354 8880 6046
13493 17377 5293
13867 15872 749
1902 17718 757
10503 12137 2459
6045 13395 2524
5487 14502 8558
2159 2775 5799
3156 5956 191
5224 9281 9518
8016 12070 4814
2491 16303 8134
2130 10192 5522
2018 19673 8471
772 7274 7119
1581 7552 6811
9238 11083 932
2947 5668 1693
5164 7070 1078
744 1880 7550
6186 12736 6186
4630 12570 2744
13458 15442 6673
289 7975 5378
6681 8070 9808
3085 7446 1329
138 2457 3526
6809 19338 5955
953 6676 3606
7353 8211 5598
12311 19958 6340
3207 12389 7891
3028 4885 5914
1115 5737 4016
63 6634 5212
6177 11689 1021
2073 2942 5036
5426 16396 3405
3597 3992 5636
19036 19778 3425
6750 10853 6064
2937 6263 3509
5 969 5422
3276 11259 4077
6690 16951 5225
5528 9218 9377
12032 17146 1882
1101 1456 7706
9209 12453 479
4893 10466 7522
4360 12636 1197
1586 10433 3288
10547 12696 1538
5618 13571 449
6451 14929 1624
1890 19235 9038
3308 6383 7920
7162 7390 3036
4537 11617 2491
8022 18082 1519
13202 18931 9639
6749 8190 7757
2599 10203 9909
8468 17039 9262
10466 19628 3818
37 244 1221
458 489 4348
3256 15905 929
8528 12122 4392
5695 18414 9021
10760 10909 4257
9561 17269 2068
2673 10302 224
12746 18457 9626
910 1158 7557
2382 18420 9509
7339 13547 1131
686 3410 2184
8909 12212 702
10581 13100 8555
7882 8002 2344
7153 9829 9024
1450 12832 7874
2048 6683 2562
1884 8692 7491
2267 7277 997
5059 19260 8041
524 8318 5136
10470 19729 5061
10318 17860 325
13105 13577 3294
1596 8964 2749
11901 18015 5969
928 9997 4983
17046 17090 4720
5123 16745 1587
15473 17128 1448
4858 6949 6819
7805 15174 4064
2636 4586 1602
1683 3279 7486
8164 9871 6157
2714 4847 9637
3482 12895 3886
14297 16572 1569
4157 13172 6576
1169 6160 8242
4055 17969 53
1908 6183 8872
9756 9860 7860
12720 19181 3645
1699 13204 3601
3501 3733 7111
5162 12085 3157
3303 12015 622
7932 13961 4607
5860 9281 4965
1869 5511 4830
2673 4985 8481
353 1832 8162
29 85 4547
17663 17675 1901
3203 10473 9178
8995 11775 2468
9412 17190 6402
792 19145 2462
2764 3046 6039
7394 14603 7998
5543 18406 2646
3 12 4439
51 951 1937
8689 14589 5441
18021 19573 1024
6396 6710 9629
5423 17151 2744
11240 16011 8174
9872 18130 7376
487 13173 4515
2155 10792 7277
9946 13999 212
3896 10111 2815
8760 12557 7408
8128 14093 3315
9236 11637 4239
3272 13956 7813
5406 14230 3798
3026 7343 1156
2178 7379 5470
3759 7131 8636
1465 9401 8837
5173 18850 3291
13166 16979 8268
5993 9505 9901
10234 15582 2074
3795 10961 6176
3943 8415 5126
12909 19446 789
17562 19211 5932
11925 14603 216
6082 7702 5121
5307 10707 9575
5608 8573 7365
8640 11464 3612
2501 8208 4615
3316 7024 8710
10101 19616 4839
3988 7373 3690
13220 13935 4997
8370 13345 9573
9109 13220 7775
16237 16752 286
2275 15414 8368
9220 15205 9164
2989 3215 3057
1590 2296 3228
2516 9808 9168
6334 18767 7084
8760 10135 7863
2481 19821 3957
15 11726 7215
2195 13777 4315
5328 5358 2934
4600 6812 6276
3714 4979 331
9619 18685 6106
15088 19134 903
621 13313 2873
7462 14466 420
1841 17702 3250
5133 9283 4455
6615 11079 4876
4515 13517 4196
8324 9416 7644
1249 7508 2741
3737 9912 5462
4629 10438 1036
525 13077 2071
4545 17368 9863
1087 19492 2126
3664 19609 1936
8053 18427 397
2672 17533 1644
2814 13012 5769
9084 18471 7498
17414 19396 1265
4083 15492 2807
2107 9417 743
5863 5904 4048
4159 17110 4714
10585 17622 8908
16446 18782 2625
1068 2198 7201
8241 12960 301
16136 18922 1384
17383 19527 2630
4130 7633 8055
3196 7669 9051
12997 16794 9945
6911 13242 1729
5953 17767 3771
7315 7838 9768
14331 18855 2701
4158 5932 6331
7680 15910 4450
4103 6827 1927
9701 17148 2701
12338 12611 4100
10127 17829 2698
5580 11035 5895
3792 19787 2820
10592 14779 8758
51 2272 2914
636 17173 7750
7237 9430 6451
5083 9790 6927
1717 17515 6804
5256 6040 1785
3556 15260 3997
6042 9371 4879
8172 14918 6011
9074 19163 9075
2402 4657 472
12128 16466 5741
7195 18268 1297
5929 17780 7767
2643 2742 2597
6130 18762 7942
11786 13606 8964
2938 8285 4391
12834 18176 4035
7088 12236 8653
496 4556 2807
606 5984 476
4966 6889 4397
10330 10985 2288
5676 13704 1477
2680 11682 659
2442 10428 5841
1244 3995 9268
2802 13988 9299
1847 8667 6479
9600 15573 2344
5046 7236 813
1360 2151 1969
9828 13346 7176
5909 11317 7828
7711 17866 1277
975 6424 4143
2996 16883 2504
438 9189 7720
8284 15181 3691
1346 2207 4599
6051 15202 8811
10001 11379 3785
2984 7016 5674
2560 14743 5933
7384 16731 5887
12418 18385 8333
9051 9517 6314
4984 16344 9644
2734 3049 3467
6918 16813 55
10846 13979 4502
1724 17137 2181
5695 6646 1852
6702 14756 9639
17722 19368 269
16068 19457 8293
7394 12475 4926
200 885 4582
1154 7613 6666
3450 8381 5361
7388 8262 2926
8850 17684 6050
110 248 8844
2803 12920 3164
1043 4649 7795
16246 19940 7248
15221 19674 1386
4519 14918 5463
10506 10544 4274
1612 2395 6348
9711 11293 8593
631 3261 7102
1000 1234 8876
3125 12739 7885
3678 3696 9859
16217 18030 5588
5361 17392 2258
6733 10064 2549
9392 17808 7935
13585 16300 9991
10053 16727 9615
6619 7627 2412
17991 18726 6760
9763 16751 2888
3478 15607 8554
9649 19375 5287
4956 9819 8086
314 1917 8074
1075 12283 852
10863 17533 3008
1455 1459 1761
1189 7753 5668
6986 11553 5506
1702 11268 9908
12456 16783 6302
9028 11657 4705
5177 5439 1411
7285 18969 6503
7253 16529 9385
1024 9214 823
15821 16707 1788
9397 12196 6442
3846 5959 1949
10530 11022 6437
513 6315 7984
5123 7235 6678
12615 16897 820
12591 14446 937
3692 4169 7681
264 5330 5312
8409 14084 1560
3525 13341 5307
11562 16380 2244
7352 9307 4854
5040 16363 2345
245 18269 7788
1468 9825 7977
5257 8668 6582
820 4592 4767
1305 14797 1472
1210 4195 7151
723 1012 1255
9380 12716 8695
11463 16029 6294
12475 18953 4488
3292 17050 7182
9386 10710 4915
6353 9537 6854
8458 8871 5625
10307 17924 9269
4966 9946 8605
4848 12127 1028
11005 12689 481
2 3 6236
4104 7467 6686
5439 6820 3968
1487 14123 4244
1868 11831 6199
5491 9136 5843
14558 17502 3914
5693 7877 3984
2462 4614 5354
406 14038 2236
4182 18428 4531
4358 16163 7785
6571 7925 3116
12864 17512 1107
3363 7424 9066
5182 19852 5767
14 18 5913
7321 7930 4811
1460 4868 6266
6956 15651 2516
4427 6289 7289
9720 17826 2112
5660 14855 3755
715 13761 2769
9004 16008 60
9080 16553 445
6931 14113 5305
18450 19935 8003
9615 11992 7957
6014 13438 6729
4901 7176 2350
3488 10776 6507
2748 18433 7299
7025 11465 8586
317 484 9349
8307 11641 687
414 11683 8074
1321 1354 3365
17330 18663 2107
15177 17966 7469
11056 11326 6063
879 9957 8201
14570 16346 605
9155 19801 5672
2023 2986 9136
3637 15541 6913
2893 16817 691
1257 14026 7757
5506 18012 9594
9121 16314 8478
1954 6970 598
2068 13905 5584
2182 3039 2224
501 12137 8896
4221 5553 2373
5971 7254 9896
13185 14727 7312
5967 9757 6462
602 9468 6105
385 2924 9219
3752 5953 9967
7409 15340 6893
11025 14591 6867
3219 16918 8997
5009 9585 2316
4604 6471 7599
2274 10541 3827
4504 9268 9122
1958 15947 4415
7054 17313 6639
4097 4850 3354
9037 14067 9132
75 813 8943
237 2433 6208
14131 18887 5734
11644 14426 5486
2992 5538 4687
11126 17980 1418
3521 4629 3385
3603 17322 5651
4004 4415 6532
2456 16223 4047
11204 17422 4801
11571 13213 4559
13838 15449 2569
205 1358 1340
13914 17850 6945
3128 5316 8470
2888 4619 4828
5229 13519 2705
9210 10379 9195
16404 16863 8979
14514 17190 2862
565 7579 8818
4769 6238 7160
1990 4000 3204
1155 6847 6472
9777 15380 4581
2441 5006 919
2169 10900 182
6699 11051 4201
2818 3993 9915
3562 10448 1827
7683 16303 3735
1486 8895 4049
5117 12703 7734
3144 9176 5383
16630 19757 298
2476 9897 3743
3203 19520 4169
10281 10856 2532
7063 14374 7683
1663 10722 8965
4177 7253 9307
12030 17663 8567
12764 12985 8096
2724 6029 7713
5703 11262 1771
7487 11878 1305
5736 16021 9835
17873 18874 9327
7642 13070 8414
1399 1562 440
16848 18300 788
14424 18784 167
3729 10598 4190
7433 12721 7947
10591 18503 4861
5894 6358 9734
2263 13175 6971
15366 15378 4399
1097 7534 7855
278 19750 2625
7172 11699 4171
3380 7822 9726
5779 10210 8605
6202 15700 6932
11094 11151 6584
201 531 7630
13566 15654 9944
699 4263 9269
5335 19227 9742
15330 17430 8033
8939 11900 3645
2597 3538 3176
3039 14897 6315
13529 18993 938
45 10243 8631
1678 17293 7076
3243 6475 6913
6845 16544 7545
3825 7474 964
11025 14024 5655
228 10037 7617
10993 17290 4890
3779 12808 4796
12437 14165 5681
9723 10193 7493
6248 10519 764
99 9688 9786
688 7395 8933
323 4621 3549
9233 10553 9972
9207 9938 7419
2858 12962 6479
10096 17269 817
9024 11803 1484
2835 7072 4232
6392 6423 7140
2001 12795 6171
15347 16928 2173
6184 18677 9854
8387 12912 6376
2536 5347 6465
16963 19841 8923
3080 9774 8701
4254 7059 375
11435 13645 1583
2995 4459 7427
12609 19428 7850
1627 4059 5779
303 7078 8225
1115 4332 7452
5790 9816 2609
449 10871 1750
15211 17297 699
3096 3331 7442
8987 12573 8699
1835 8766 6929
14063 16498 1555
248 7822 6609
1733 16063 5142
17670 18969 1937
7206 17839 9060
9056 15200 7852
3616 19764 4423
5123 12245 7027
1873 15639 938
1912 6964 5298
4908 7747 325
1738 16115 191
6842 13468 5177
12913 19383 3870
2013 7432 7769
1158 3394 284
1305 7960 5205
8882 11960 2373
5567 8896 3206
5119 6035 6714
19212 19388 2175
8177 19452 1696
7886 14136 5956
7327 11049 3460
5036 7435 4424
14458 16970 1963
755 14052 3417
19115 19675 2370
1029 1929 2959
7625 19082 788
14 30 8137
7458 19319 5566
12665 18512 6037
9042 9495 5956
7772 11050 6818
3953 11795 9440
5870 10647 3505
10325 18134 6698
5510 15893 5065
1186 5906 4932
12145 17734 4545
8633 17195 6204
3190 3533 1851
5423 14106 737
2491 5850 7447
3965 7429 3662
12498 14664 505
7588 10923 4203
487 1265 8227
6351 18194 3208
4435 14685 4371
1365 16824 7556
314 607 4907
15098 18907 5395
1394 5832 5561
9109 16101 5271
7881 14520 1222
7604 11739 4784
279 6437 8217
2997 7340 932
2754 6084 874
11701 13860 922
8248 9384 556
9522 15393 3958
3408 4152 4078
795 19032 5610
5199 16304 380
7781 16803 2062
2246 8719 2081
8079 9977 7544
10672 13171 7459
3666 16466 5945
611 4990 3612
1812 7459 34
11215 16968 8810
4835 5938 7436
189 15846 5321
1774 8803 4749
6828 6955 351
5372 11186 6483
5655 8223 266
787 13573 7466
7398 8472 5590
4721 4916 3274
3805 18674 7548
103 3710 6459
6865 9049 4037
2141 4855 1806
3927 11602 4551
17422 18486 5490
3014 8980 6840
306 11317 128
594 4760 9035
11622 15431 8331
1041 6486 3192
6600 17448 5210
1953 7859 8728
10503 17895 8747
6226 10509 6228
2650 6457 4814
8844 10922 1160
14200 16978 1117
12294 19174 4185
2290 10689 739
6078 11142 1942
1576 4561 6876
8695 10351 2999
6207 7707 1168
10123 18147 603
10217 15538 5357
10036 18234 5057
2110 5188 9444
2555 13424 4528
13762 15402 6310
1558 15037 8576
2996 11763 3455
4134 8993 9471
2108 5938 8246
7122 19563 8546
10825 16877 418
3097 6377 9030
5718 7437 3000
5958 17424 1327
16529 19889 4243
3336 15959 2000
3627 6484 2534
2941 6398 1759
16725 18909 100
14112 15725 5109
11286 17368 5639
1218 14848 5622
3959 19237 3440
10009 12317 3227
434 453 9626
12409 17209 8973
3679 5424 3909
2688 7544 7700
11263 15411 1357
14094 16144 6790
11866 16734 8644
7545 13909 3958
10280 13445 8071
7763 15259 1921
937 4109 3738
3924 7296 7952
2000 5037 1527
3625 16334 320
1188 1372 8465
5776 18376 7884
2564 9177 5164
2438 13086 5147
10432 13139 8014
6393 7345 3308
15209 19108 7219
1899 14384 914
14896 16969 9063
976 3444 5195
332 1602 1131
4844 15063 3053
1418 19337 4621
9965 18384 3522
10915 17725 9045
1707 9959 8407
3816 10280 134
3757 10669 6547
12342 19997 8678
8605 19381 725
1199 6308 877
1373 14673 6415
8618 14671 7259
14798 18610 3343
5160 16523 2115
3343 12925 4707
2694 5619 3080
11233 12014 5940
2683 14556 216
12691 18352 6834
9219 16356 4163
40 1872 335
1933 18018 3128
2715 10803 196
6227 9899 9527
537 1367 3108
759 6003 891
3934 10013 1405
3474 3792 9243
412 1925 8090
1925 4417 7599
4497 15909 4210
5346 6994 2239
5363 8349 9735
11581 15325 8562
7037 10224 1025
12879 13378 8822
3374 7439 9738
15658 16659 5491
3310 11268 3745
9695 13751 5871
5784 10009 5882
6555 12698 4487
14638 15845 1002
541 18443 6160
7116 13774 7703
8314 19566 7536
1496 7864 1890
5027 17088 5708
10240 18252 1824
294 909 3550
2286 5739 2366
1318 7889 1300
1040 1661 5703
2830 6382 779
13299 14237 5961
720 1907 9443
1420 3298 2345
996 5653 4806
10962 11966 2555
5338 11941 2053
1852 11162 4214
4173 4899 1078
1004 3602 1543
14928 18739 9259
9276 14509 5844
3946 4785 5128
9963 18033 751
1019 5273 5311
996 11372 9147
1096 5631 1744
1091 12155 1130
3814 12644 2334
7734 18475 6498
16072 17313 320
3996 5962 7905
18276 18712 4926
3479 3875 1753
12808 13969 7104
1204 9928 128
9423 9846 1379
765 9277 6629
3658 17127 2289
12084 15200 8525
2265 8452 1484
3138 18635 1527
1332 8879 6087
1677 9995 9245
757 6014 439
4670 15580 4457
9294 11320 4995
520 12461 9793
10391 16562 6864
4871 14280 3734
15464 19108 2753
749 8910 5716
16335 16633 5718
10277 11980 8694
122 19997 2887
3242 15106 3430
5213 16224 4916
12948 16767 8252
18203 18465 9451
4000 17534 6212
3834 13508 4079
1940 2162 1670
1590 8223 8970
5805 17085 9196
207 1006 4112
13130 16319 4160
5295 12042 8827
1895 2777 4729
4824 6338 2601
12915 14089 5782
10654 15130 6840
11629 17552 1681
3480 17408 2420
5840 5898 798
2122 5454 8599
2437 12556 9974
17394 17447 9743
5475 10100 9311
10342 17427 863
1443 2481 2420
11041 19234 6493
191 12812 5536
18317 19488 2622
6704 18639 4208
2849 3133 8727
3561 13452 7265
660 15677 860
3890 18015 3472
245 3318 255
10619 13730 2572
5487 12590 8664
7183 13044 9768
4377 7790 1966
7808 12218 3945
6119 18842 4597
1878 10366 8109
17615 18284 533
613 4800 5097
13603 15062 8835
1740 4488 9219
14108 16290 2225
840 1162 5359
10036 11606 3433
9087 16742 9662
5217 19457 4145
16378 18941 1676
17197 19055 4989
734 2933 8198
3195 13251 6255
6945 16173 4674
2095 5312 7501
10258 10785 174
3405 6871 3646
3648 4470 3375
3373 15692 8321
3196 16252 6983
2147 16079 8235
6769 16964 3915
2065 13595 3037
11671 11695 750
6232 13148 4468
175 220 323
7876 16073 6079
2847 3281 2826
9903 19416 6778
11991 18585 7675
1984 9684 8992
1937 15771 9466
189 13542 3583
9825 16182 5959
1229 16717 9023
10092 10767 6260
1439 2922 9799
8803 16456 896
2458 6055 4714
6735 8004 630
1938 11933 3868
2148 2482 7049
1 688 9473
1007 1125 8771
674 4391 1022
2357 2913 1816
212 5618 6099
5537 18366 9349
2470 16566 1252
555 910 766
3760 11468 9260
1581 3016 9239
2172 10173 1786
374 1014 3185
10973 15495 2730
1845 13126 7435
2433 5862 9875
8870 19130 8804
13540 17713 7235
4232 14681 3017
11528 15660 3265
3040 8718 8777
5765 16735 813
128 19219 7159
13058 14109 8831
3474 9847 5135
11497 13589 2927
753 6490 3908
8090 11101 4932
1017 1245 5038
1156 19877 6370
1 14 9981
4241 17054 6984
5760 17054 2967
679 2376 8405
14092 14980 8335
10211 14892 3081
5155 17758 2426
18063 19957 5685
1347 2131 434
10772 17446 1492
1206 16102 952
2398 16595 1607
4148 17581 214
13011 17799 2745
1272 2201 8806
16893 17625 2240
797 6727 4065
15185 18840 1736
16180 16800 5166
13781 16247 4581
9010 19594 6806
10739 18697 6331
4845 18915 3204
14889 18923 5064
13913 19290 3711
3057 18821 9127
13274 19471 7277
15272 15507 3669
15269 18630 8806
1550 6760 1658
13340 19511 5750
18638 19776 8455
8931 10072 4724
3491 10054 6345
3067 18045 1720
18578 19265 8843
57 6739 1712
3045 14494 4057
12263 15760 96
1140 2491 2193
2536 6420 3384
298 3571 828
7282 10560 6003
13161 17960 9237
6683 8263 3424
145 2941 3849
2730 4334 6279
1378 1411 7152
1952 17284 7166
1972 12634 3817
13929 19225 174
8541 8850 3596
899 5813 4158
2639 12976 9878
1908 6770 8186
828 958 6718
4736 10505 6072
476 1969 2940
1476 15581 1697
4124 4770 2692
810 18486 2116
229 1267 2587
1160 5026 4823
7953 19829 8201
747 2707 8258
11371 12353 9041
49 5204 55
58 13707 6272
6003 15562 7549
4663 6961 417
11340 17877 2552
700 10768 1054
9586 17061 4075
361 1533 5540
6462 17027 5780
13448 15002 5480
6826 10733 1991
10166 15416 3191
9026 12217 3961
7375 19640 5014
5082 12176 6512
2092 17817 580
15268 15530 1964
11336 19527 1016
7317 10778 4330
9968 11289 5970
945 1767 2308
12847 12874 3290
5739 14144 2910
8114 12285 8839
10754 14577 4210
3616 14856 7423
15457 19192 2722
5925 19201 6893
10160 19512 3046
1602 13706 1904
2609 7898 192
1470 4344 1534
4916 17980 9163
701 2991 940
747 15978 8427
3451 4683 6074
7072 15530 159
699 12572 4149
5386 19561 3225
12539 12543 3760
11819 15005 4459
430 1405 178
9853 12843 2733
1884 2908 5633
12448 18662 3449
11588 19553 3350
764 2890 1779
10695 14842 8967
6992 7634 711
1335 8816 7859
8403 13035 3872
903 12156 715
5449 6578 2526
14660 15147 1375
3453 4880 1500
947 1543 7938
5300 5509 3009
822 4024 5129
7382 18704 3375
10499 17141 587
935 7803 3021
3314 3848 7569
10331 15789 8271
6193 13045 8916
6587 8325 7069
441 13870 8716
5238 17070 1590
7778 15201 6705
1621 2541 5641
212 5436 3354
3262 8465 505
3587 4571 241
9317 9899 2618
12702 15950 6053
17838 19644 8913
1014 16898 1785
4425 5117 3243
6105 11409 9799
10529 15135 8578
5595 16333 576
3879 18998 7383
9361 17777 6506
16374 16623 3411
5953 12164 4963
14 548 2779
1037 1791 2512
2084 2331 7968
143 11442 5148
6912 10599 7185
3964 4386 8251
4070 19396 6612
13234 18653 3545
157 2297 6559
7447 14554 2912
4251 11054 1458
8801 15209 8700
640 7281 6529
10142 15333 149
12437 15128 2781
1539 1939 3099
3075 16390 6005
421 540 803
422 625 1213
12833 19026 1800
9641 19881 4159
7925 14373 9659
3855 16733 92
3313 7076 6250
6613 18812 6529
10001 12345 8502
287 1177 1842
3798 7351 3828
3421 14528 4853
4259 16373 4148
9202 11565 5603
2287 3882 6615
7404 16438 5804
50 741 5796
77 388 5681
1466 1877 9928
11093 19938 9312
2582 2877 8282
708 13916 3253
7754 18964 6760
12465 18872 119
1319 7825 6977
9251 18398 7541
5057 5669 6312
6136 17364 6610
950 15520 4048
8633 11499 6943
5134 18805 7604
9678 18793 3271
2082 5285 8238
5114 16033 8984
4215 5519 4256
14649 16005 8091
1261 4502 7265
2974 18870 8421
14308 17452 4629
13908 16146 5683
3819 7388 1973
4821 10684 1120
15137 19895 8033
380 4768 1325
2895 13195 5395
6205 9436 8185
3489 4203 9809
1232 1761 7116
2444 5782 7182
4263 19967 2662
5288 13078 2731
11438 12790 4595
8031 15883 2020
11733 18640 3531
7646 12672 9761
3901 9406 7329
13912 15098 6978
927 11217 6654
10639 19837 8052
10400 16023 2125
8252 8422 2630
6353 10088 6936
8782 11918 5448
1620 2783 8211
2948 14175 4272
4760 11592 2935
11295 16062 9025
14383 16237 8808
1267 14161 5344
12148 19464 6647
5665 12721 1745
22 193 8535
10607 17336 7637
31 595 9223
8631 18820 6077
6992 11202 8309
1813 8776 670
11792 19914 53
5354 7204 8605
90 94 8449
551 17910 3305
1537 13509 6754
8270 9601 5693
10277 10854 2592
418 3212 158
1314 4232 5763
5643 8240 5630
2553 2807 3245
5716 15754 1217
11001 14961 4509
16363 19275 3736
3422 4163 794
1529 18874 1131
6974 13672 4559
13025 13400 1986
5714 17081 3481
1537 4131 8293
7188 12613 1432
4040 9562 2510
6219 11931 3375
12992 16744 4852
31 129 4861
14760 18900 6852
828 9859 9599
6983 10277 8479
2805 4754 4399
3904 6509 266
906 939 568
1156 12382 3790
4571 8089 4055
15242 16301 5544
3838 19401 6821
3234 7270 2969
1924 10765 7072
12316 13184 1676
11891 17604 3825
13166 13344 8965
5460 8744 8584
1942 8210 3854
606 17652 3668
16190 19721 6622
1342 9386 5412
5565 8490 5396
4631 19724 5220
7912 12166 3196
433 18770 8951
10777 13830 2013
936 7339 6194
16154 18935 8060
12264 14153 2754
7939 11899 4145
4774 13540 1165
226 528 2390
5920 9308 4748
1123 11188 6929
14498 19791 3107
1762 10363 145
3370 5766 3485
7281 19108 613
4338 16145 331
4982 6497 3233
3372 17310 4633
75 12414 1371
16616 19287 6361
3152 11842 20
12545 15073 6495
14189 14455 9688
3615 6694 6312
5719 17779 6246
951 1036 4237
6427 7716 399
5771 14955 1606
8301 8949 1441
201 1312 1730
9357 9803 6021
11369 15356 1347
886 17925 5500
226 670 9409
7705 12974 955
1071 6965 8200
7641 8073 6465
3495 7369 5825
2798 4296 5214
12557 12761 943
1309 15304 2987
6737 14533 8210
315 17272 9618
6911 12661 9267
3196 15043 7253
8754 16568 1092
29 1427 4525
8044 10623 1720
2666 4781 889
3521 5869 6250
10380 19044 57
1257 3154 9638
2001 4517 5729
13480 17455 8811
3784 15566 3916
6357 7768 1407
6935 10701 4622
7703 7913 9594
12048 15192 865
2025 4075 434
6009 11674 1053
14989 19179 70
18303 19770 1718
14002 16707 4475
6449 15964 2863
703 2611 4921
2970 13299 8348
6979 13655 2359
167 11989 1300
681 12566 1323
2209 14315 6829
13520 15207 3216
499 1605 789
8990 9550 1072
2697 15114 8942
9490 18482 7331
499 1519 3630
510 923 8589
23 12906 7695
18155 19687 5689
232 2770 7287
1236 4931 412
6812 10328 7172
2536 17557 5394
4772 9001 3507
67 655 7384
6395 8570 750
18215 19885 2317
2784 19396 6709
3699 8830 4508
1701 8076 8755
10406 18731 9532
4913 16214 4485
9296 19528 8249
603 17743 7224
2209 6160 6146
757 2593 7014
1388 16447 3997
762 10260 371
11763 19354 4285
7109 10247 5553
6615 15770 6295
14096 16010 3607
3401 5210 4137
7367 16072 3598
2392 2638 6089
2461 5972 9914
4858 8830 7964
19721 19873 8109
5773 14312 1003
5198 11137 2877
14841 19702 7080
452 14758 3718
3131 14299 8016
7646 9324 3358
8375 9759 6257
4401 13603 9772
215 474 9861
11313 15198 5061
10962 18084 7588
524 3020 8869
49 54 2528
10872 12723 5998
9866 11766 2292
35 448 3527
5281 15360 7855
5222 19779 2756
1113 10891 3774
14122 18188 6861
1671 2573 8373
5344 19798 7860
1841 9868 2022
10758 14495 4177
5915 13202 5042
8603 12375 8436
4161 14417 7987
1831 3186 1672
5467 18706 5563
5214 11343 3271
15140 15895 5028
11430 19701 5639
11780 12038 2071
7238 9665 9605
2299 5924 3306
9176 13625 5299
671 686 6686
8758 16490 5522
7554 10885 4080
4315 11618 1880
14300 18131 5404
4828 15877 5757
9820 12966 7034
1095 16573 6473
1596 13191 926
5800 6066 8452
1469 12374 6855
2377 13362 8869
9674 12136 653
3156 17654 5023
4421 11652 8224
3004 4840 4136
533 815 8132
2451 8986 8943
3155 14415 2965
2166 4072 668
4160 13557 3694
3271 14957 7684
1040 1348 2224
11307 13333 9855
7160 19810 3430
971 8282 5135
2581 15927 1574
6039 7393 8988
6073 13703 5455
13394 16000 5830
4393 9426 7597
7279 13214 8175
15039 19396 7897
1257 7084 8646
6471 13056 2142
14749 16022 4367
4301 14202 8297
767 15101 213
12347 15894 584
1908 12166 8374
2708 12035 7212
1143 3399 2953
487 9696 3249
4365 11310 1540
2187 5959 3289
1204 3602 1144
795 1389 7529
2315 4179 3551
12399 18099 6291
4096 6061 557
3757 17173 5858
3595 8280 7257
9086 15488 8403
13283 17707 1352
8863 12452 5055
8620 10012 1474
11849 16382 9449
6914 17150 3974
5735 8416 7158
6444 7267 763
3924 18142 8724
1506 13126 1144
7843 15252 6211
9384 18560 2502
852 1396 3376
8814 16055 9449
321 816 8345
5123 11414 6192
6196 7130 7022
672 13643 4533
5836 6658 2109
6399 10195 5760
927 2223 5057
11122 14976 9109
11680 14358 6601
4783 15112 1913
10785 12519 8286
986 1285 1459
15521 18708 6368
1020 14513 3831
12048 14647 4182
3414 11792 1823
369 1329 4158
4196 4852 9693
7969 16945 8378
1744 12078 6976
4156 18263 7064
2294 2827 5926
8562 10780 4354
14232 14341 4428
208 2779 7587
1123 6535 388
8806 13781 2749
5556 10854 6875
3464 9046 2899
11764 12520 5409
650 8277 1729
13698 13761 4775
9706 17597 6571
6411 14566 1417
8631 11816 3278
275 2451 1243
10623 16565 1437
14044 17452 8150
8393 11163 8066
6130 11489 3008
103 13219 2769
4278 10475 1285
8141 16458 2974
3994 17182 9175
981 2114 3790
5418 15707 4832
125 19417 9143
9192 12492 3631
257 10867 2348
1052 5500 8900
2049 3141 5842
17224 18512 2429
386 2069 1075
9397 13288 505
749 18113 7648
15703 16867 8721
9713 10632 957
1293 18889 7249
5444 15222 8340
2895 13399 1123
9543 14793 7223
5289 17053 7056
4368 19609 4457
13066 17095 1132
862 19325 7471
2456 4057 4777
4352 10785 821
7402 16663 8167
13639 19710 2786
11362 12407 1414
11372 12202 6273
4649 15437 6148
19518 19701 8123
58 13884 199
2283 12487 4688
548 13956 474
6234 6742 7946
15399 16049 7507
9520 13332 4925
1040 2670 6671
9585 12864 6640
11892 15961 4669
10244 17794 482
13930 18662 7148
4172 19820 3540
132 3765 7668
6493 9428 2493
1950 15715 3863
2778 15324 8797
2863 4815 7257
4424 19739 3188
16242 16725 7596
3478 19015 2103
3142 7298 7549
429 6917 5043
2194 6773 1848
6760 15346 1127
1005 1021 9020
1047 5272 5595
5163 13755 3322
12611 16749 8961
1281 2374 6759
6962 6976 6770
1895 2234 6953
553 14567 216
5379 11677 6109
4491 6351 9898
2552 16713 1992
4663 17467 75
11609 18339 6666
346 417 7112
6987 10034 5084
7816 9301 1922
11283 14927 3647
10416 18243 6106
1434 3115 3266
3069 5324 2930
4640 16848 3132
2585 11710 4310
5338 15616 2575
2899 15160 1335
3084 3339 1786
744 13511 2592
7996 17152 9273
2909 5682 1036
7020 14599 1646
12475 14950 6033
2968 6181 1165
11506 14750 169
12448 13987 5023
5771 16301 6716
1037 3779 2429
716 8671 1037
3170 18586 2383
2298 14136 6545
7974 16545 9014
7345 13019 6730
2808 7136 1132
3579 14330 5041
14877 15241 6656
10092 18760 6624
11369 12569 2831
771 8693 5715
14685 15174 7593
8488 11355 2158
8175 14175 7029
4645 4844 5716
10357 15759 3544
8296 14680 9704
7112 16606 6727
2588 19450 2254
841 17102 2859
1194 18737 1626
14481 19251 5999
3700 12153 5278
14958 18929 8088
9089 9711 188
16613 17575 8124
7098 7127 3508
2882 3658 7197
1666 12043 6061
17466 18404 8934
16036 18048 6624
5183 14778 7633
552 18937 7435
10400 12793 3061
443 12585 3438
4050 5198 8240
8627 14744 8916
95 449 2838
9363 12526 9881
1261 2301 9630
10277 12926 1901
9668 15544 6686
4088 16868 994
3029 10513 3500
5659 15145 3768
8460 8850 6148
5289 7287 288
11878 16434 4913
9970 14506 6254
11902 15627 4854
4273 12507 1558
9394 17598 2245
4633 9540 7195
11622 12935 1011
9994 10598 3565
3890 15564 8991
8796 14562 6733
6745 14607 9271
12907 14271 8023
2489 9901 3656
843 17996 8926
4444 10747 3478
4052 6044 2538
846 2569 7668
12826 13529 3652
1763 10824 2673
8175 12639 2068
5179 14661 7857
1034 9920 3707
8184 15196 6561
6905 10383 705
3561 7011 241
5438 10017 8915
5840 6194 9732
17987 19039 1164
1468 5039 7865
3172 9206 1131
12002 17627 9146
9466 14687 988
11678 19608 6513
9988 13502 9793
6006 13026 6267
12880 14583 8007
610 9119 5833
3529 15997 6475
500 17515 1784
4801 17020 5788
14643 17165 6695
4095 10528 6498
5295 7537 7863
6635 6938 7317
17466 19883 9257
12115 12334 6858
15423 18898 2432
8151 13766 396
4394 9680 8711
1552 19926 6561
12262 15296 7689
262 1572 1766
5027 5374 6579
2072 12076 7653
5433 11501 6947
4659 10231 4021
706 4086 1899
3790 16304 2585
7710 13694 8281
3470 14851 8548
7910 16066 2639
4792 7563 4570
13088 17582 8706
882 4004 1073
2367 14225 2319
9423 12080 33
640 2608 9170
2527 3307 1573
7475 15103 1301
10602 19848 3435
4596 11575 1963
11221 16140 1946
11018 15208 1560
7968 10929 8732
1965 10191 3515
2324 13189 1624
6029 18573 4337
1536 3124 3653
228 689 8861
8039 12500 3409
206 1153 1684
3260 7449 4282
5288 7291 266
830 9689 1337
2503 15849 3275
11751 17496 4020
17589 18671 2190
6800 8495 5935
2409 8181 3873
5111 7790 7564
143 582 313
1737 13893 7672
1134 3933 9770
10744 18843 3854
1143 8127 9864
7090 17677 7229
16417 18679 225
12543 13594 9488
1432 12309 7783
2813 11590 5701
3456 10923 2584
14068 19558 9732
6740 9666 5685
3587 7802 5024
11203 12128 8979
542 3960 9157
15941 16380 834
18763 19727 3566
1402 1815 7852
10849 19547 7127
7664 10312 1171
5080 16296 7109
1579 4243 1968
3827 9439 4386
11094 16364 1148
10546 11541 6499
8326 16976 6428
15365 17412 9330
15816 18333 7562
4279 10182 2866
1464 12990 5467
17578 18656 716
1110 2791 591
1629 7212 5336
11476 17773 6068
2800 14344 9330
2425 19558 2177
3700 19619 5447
1201 1220 6462
5695 12165 8694
10278 18642 1751
2331 6888 1244
7964 8093 2544
7022 11135 648
8347 17453 4068
13776 14476 5276
680 1843 8628
6820 10896 686
10140 14363 1779
7084 18278 9592
9807 13904 1531
14073 17804 2725
10132 11383 9718
8759 11562 6560
987 3837 4443
27 218 8075
2694 10673 9311
3165 6897 1152
10024 13004 7021
4511 8061 9550
8358 16310 3332
3108 5771 4242
9483 18890 6718
3534 4042 6652
14699 14945 6095
3315 9139 3484
11474 17776 3622
7603 17626 4639
8954 17069 2248
629 18342 5415
708 11642 5716
7903 14914 8175
14268 19100 1725
15089 17726 334
5397 12003 4515
6170 12650 6480
2840 5504 5561
1041 4369 7394
2897 18097 4669
386 11266 8182
7291 11569 6363
4222 19270 7002
5420 6286 7431
1747 12827 9070
6534 16354 8346
5251 12236 8505
454 1236 9512
177 19411 5266
9846 11260 8765
321 18254 979
80 9694 6458
3041 15976 8305
8919 11603 7305
1430 13417 3824
2788 4190 2696
10516 14771 9016
11167 19823 7132
1048 12877 7244
9662 9671 1968
13124 17723 4283
8500 15811 9586
16091 18244 5045
4265 7626 9759
993 1921 4669
860 4084 4840
8544 17815 4960
359 4416 9526
9967 12053 6636
4726 8572 8508
2794 8958 7154
8528 19338 1993
1514 17354 2583
3171 8542 2361
2796 2937 5355
1350 13759 1871
3982 9630 4847
853 7606 9613
5815 6516 6773
751 18433 2861
6326 17328 5422
27 7767 8178
8532 10986 9322
1359 4504 292
2312 4058 2102
1388 11284 4178
16817 19992 5842
5795 6563 2365
478 2808 7012
4440 6502 5966
4656 5939 8870
1099 7598 9654
17280 17879 9592
7499 12081 8244
6076 15941 3479
3746 14102 7667
650 7676 8466
4446 14791 2573
1717 11571 2847
4300 4970 7084
9155 19398 4004
3752 4099 1923
3053 19352 3582
5052 16993 3739
11378 16211 6438
761 1583 3639
4417 5233 2886
2616 7935 4501
17 14248 7106
16624 17068 1866
11130 13132 8124
4246 6098 1657
994 6281 4677
3911 10451 1838
9625 15735 8331
14230 15200 1730
2410 6040 9562
4472 9772 3095
12555 19541 4333
3670 12903 1010
152 243 177
1353 3338 4154
8724 9896 619
11417 11930 6451
1531 6949 7542
5874 13199 9000
5918 6489 9369
3852 10063 3422
10171 18508 606
1745 18883 7755
17563 19805 2136
2577 18042 3094
5525 7865 870
3048 6232 7111
5945 6855 9672
9720 12445 8472
15104 16717 2437
5071 6330 3908
14070 19094 5937
10392 13418 6565
10400 10682 3061
17650 19828 2914
2699 16836 5687
7542 12130 9405
2935 18080 7511
3709 9111 7879
6806 14079 5466
125 14969 196
2596 5572 4692
5775 9341 4830
5039 8066 1949
5228 7419 850
3721 4359 1748
11403 14336 4485
2280 2923 1272
6559 9447 4653
1648 16965 3319
745 11618 9080
3913 14796 8276
3334 17633 9243
10701 11481 8237
1105 18730 3132
13756 16857 2437
2311 13897 2024
10559 11491 6958
3046 5686 3921
7023 15470 9634
7516 8772 9008
8612 19619 6657
15457 19138 2458
11045 15912 2143
2366 6311 4193
8048 19837 7321
13427 16177 5941
2054 17302 8024
5126 14477 4072
15920 17978 4241
17 16105 9468
4882 4957 3417
3733 4734 4412
9764 11377 3840
6338 18748 8639
2726 10055 6942
16261 17287 4392
10768 16072 4794
8323 17144 3026
6939 12477 2592
5115 10700 8883
7340 8497 4144
12044 17283 7214
17562 19816 3884
14375 15879 3649
3006 14711 3267
3362 11737 6314
10394 16409 6005
7428 13993 6913
8407 11999 1
11848 13964 2392
5444 14780 5007
719 1928 4519
3487 10294 4973
6238 17977 274
684 1599 7286
3439 7096 9931
7553 16460 7758
12095 14589 2260
12819 18397 3178
4023 10233 1987
14490 18510 3636
1469 9613 7869
4230 4633 1674
14281 19647 2948
3829 5032 6734
3903 4354 2100
1704 3721 1786
4768 10385 2384
5753 8555 7525
4038 14814 2704
4212 17771 9034
4698 15007 379
1652 15834 9442
9016 17138 1662
5124 9928 395
2616 13401 6161
2195 13899 9959
9508 19939 5216
7293 11177 2909
2236 3822 4904
2566 6596 433
2257 5201 1338
5057 19671 4423
2248 12995 7050
5992 13917 8810
2435 3493 2611
14347 14978 3260
7454 10830 6761
14901 16774 9601
7042 10157 3954
3755 4521 6563
4998 9920 7622
757 19537 3982
4918 16231 8998
5687 10276 3680
8032 11140 5922
1019 3470 3211
19673 19790 8829
8671 16224 3550
3053 17293 8854
57 2299 9938
170 561 8055
3852 16627 2763
5740 7815 3377
2330 4879 8519
388 5072 1402
10401 19982 5265
4365 6790 8112
759 17226 2058
2732 6016 4187
9559 19296 7743
3596 4035 3274
10745 11461 7887
679 12337 1053
15464 16979 9733
3405 17147 2120
13526 16034 6742
7061 17735 2572
4079 7465 1699
8024 10388 1706
2628 5270 2833
1087 1241 4697
998 7959 4390
7472 17171 9657
13821 14846 8622
13561 18819 3332
7680 17157 2926
878 17942 8627
8591 12908 712
13254 13990 4980
14701 18864 9752
9779 16464 7136
5973 11253 1987
2650 4788 8030
7629 14171 1485
7745 10926 2974
3753 16059 8330
4375 16846 7686
8334 17121 726
1114 7635 329
6495 13208 1968
6786 17544 7195
1061 17700 5484
2995 4140 3525
6860 10937 96
3131 7684 6932
4285 5603 5050
852 9653 2850
8529 17295 5088
55 14678 3802
484 2543 325
3540 4829 6280
1822 7302 8090
16913 19045 4229
9396 16559 952
2711 19456 1612
10986 17479 4650
1139 17996 237
3600 9369 8722
739 3841 6445
14552 18243 1844
4650 17324 9051
273 12683 2235
3604 9743 8279
2613 3263 3392
7016 11222 5073
6107 9279 8112
3310 12392 7928
372 7248 3747
5545 12658 7787
15321 19019 3447
16092 16271 458
6320 14043 2186
4066 5013 231
4592 12445 2786
1513 3473 7648
4012 10882 5968
1322 1679 4216
5317 15758 1457
7520 17133 1203
11984 13285 339
5298 10291 989
404 12269 6321
7244 8984 8457
458 3676 8174
2401 3441 8625
8496 11208 1699
17977 18293 8965
6383 17219 4076
3705 4207 8829
14040 14284 9868
91 3336 2852
6438 8229 6260
1090 1497 6161
8041 9492 6112
3553 8018 4016
2352 7151 1294
706 14434 6660
3540 17237 912
3212 19842 6728
7390 8426 5380
4917 11134 1722
2164 11340 5726
9063 12051 6806
5043 10930 11
12214 16465 9482
14834 15781 6525
197 4833 3968
5672 7026 1001
380 5550 1815
4797 7943 224
10588 12171 6515
5102 8031 9458
2345 13513 2302
2661 10189 9460
11036 17099 3914
648 13816 9244
15631 17994 3982
1308 19042 8945
4876 18678 9193
11987 19323 2726
3063 18596 4610
900 2404 3252
1928 4730 1639
6696 13400 1935
685 860 9622
1046 6392 9431
6076 6555 7487
12732 15481 7745
7333 15906 7804
2006 7416 2696
2200 11519 7259
17808 18645 9143
4722 10768 8
875 1077 2974
8855 13014 4954
3244 6987 1893
3431 14055 7487
4785 13996 9148
702 3073 5181
122 17393 2069
1135 18940 1199
6830 7485 299
4902 8168 1996
485 858 9018
11292 12410 510
689 1416 6068
3169 11266 293
10999 19422 5501
218 370 5472
2273 2664 6007
13814 18950 2358
6559 15190 4411
643 5294 3607
5818 14053 6841
13909 15968 6829
9911 17975 6285
5587 16519 2220
4680 9576 7599
4077 6637 6420
9134 12014 1957
9614 19168 3983
2067 18416 665
4930 17200 3717
2322 5664 4935
369 879 7636
818 2145 1007
15790 19626 965
1280 7349 897
4280 18466 2426
892 7218 8622
45 13370 9052
14606 17012 1224
16900 19098 4485
7095 16494 4063
9700 10516 7006
11603 19736 5092
1236 2475 9498
177 576 1575
850 3491 8295
1829 2307 620
8124 13167 6418
6459 14125 384
10862 18879 7525
3206 8758 3796
4926 14284 9656
1090 10541 7017
817 15613 2298
10123 11449 930
4908 14691 7138
18971 19613 7365
5888 15796 3604
209 6166 4751
4343 11385 6430
8974 11431 8495
9556 11659 3828
2590 19311 3912
2120 12438 5841
9332 19819 5865
10140 14931 719
6779 16394 4142
3147 6025 3958
10962 11324 371
5567 6101 9605
8543 8838 6605
2527 4096 3110
6311 18490 975
9397 19998 5129
3284 11862 4333
890 5570 9830
1272 17608 7288
766 15221 6133
3877 12741 1321
174 3015 528
529 4519 111
6028 19008 2181
3054 17356 6116
5361 7131 433
6550 11903 9287
220 17051 6217
8524 10213 8846
10876 13203 8802
1938 12934 1227
424 3683 8244
12241 14755 6943
17792 19891 5499
1741 14838 2503
3767 6283 1380
8845 10493 965
652 5528 3792
7833 8824 657
10316 16741 3772
801 18974 4959
6570 10291 9820
3007 6044 1859
12867 17745 5144
658 754 5243
7560 11657 6037
18007 18789 8505
2188 9563 9796
2958 5226 1088
4714 13340 3320
3058 15985 1358
314 19652 2796
5007 15440 5226
2446 11355 3781
11720 13866 1512
7132 14493 6435
1801 19588 994
12595 14249 656
3923 6904 561
713 19752 1409
13850 19369 7443
11221 12084 2385
2797 7326 1633
5075 19263 5701
57 1269 3459
743 6166 8470
837 2898 3564
6655 12989 3507
1016 16042 2662
5260 12136 9852
7197 9587 3580
8889 15657 7926
1581 5483 838
2280 19230 893
12202 13736 5094
6863 9756 1840
8338 9950 5502
16255 16839 7419
11968 17367 3244
3790 4354 3932
11056 16501 940
13810 17124 2835
11125 14397 2554
1055 13611 669
15893 17362 5253
1818 13345 3362
4127 10287 7307
2628 15386 2154
3240 12223 6402
1190 3242 7682
3805 13737 2770
10995 16064 6387
5249 18416 5970
6591 12485 9604
1058 1064 252
3416 3521 906
10126 19422 1170
13051 14381 9152
15333 17955 4091
12543 14229 1610
8515 10577 9601
5795 18405 1208
734 2075 6042
4238 15629 5598
4058 12784 2814
8191 9644 5014
4388 19069 7135
6438 15541 6445
3029 8643 4964
2727 2948 5168
13210 19432 1413
4166 12378 9638
2030 9767 1296
4014 14448 451
4034 12468 3425
5134 7452 5935
579 2565 8244
4915 15621 858
6898 16159 4234
6084 13173 2627
2828 5088 1476
6886 7988 6950
5480 16976 632
5911 12888 800
7836 14985 8760
6634 19354 1919
3142 7920 6272
826 13726 7828
5486 6076 826
13925 14457 6892
573 943 4155
5604 12698 9029
8692 17721 4693
1725 6740 2000
2474 11092 7907
9620 19377 2177
10124 10828 7178
5286 9780 5815
10119 17043 7045
802 7182 1410
2339 17114 1586
1813 13211 5698
3570 13471 220
184 11612 9986
11191 11866 8375
12267 14787 6337
2047 3715 773
849 7652 6248
1660 12719 5937
3851 19504 8879
2256 9739 8757
3104 10083 1097
1350 16663 7900
1746 3435 9413
1636 17742 9446
8895 15936 1408
297 2095 5870
5143 9668 5940
1856 6476 5219
657 9920 7509
3684 9022 8282
6591 12386 5754
1226 1924 4885
4021 5950 4787
3265 8712 3255
811 2647 695
2453 3917 805
13325 13863 9132
72 713 1708
8693 13678 3042
3391 6512 8011
3688 16618 7300
5140 11153 6530
8004 11344 7365
7408 11891 5283
14311 16170 7623
4334 9267 6340
9784 19297 5661
8078 14212 5402
8776 9850 4716
3052 4768 6419
6540 18148 8643
2055 19817 511
5802 7565 973
2367 7459 5375
8252 19290 1512
6416 7769 3036
3486 6301 9091
14791 16837 2387
3753 18389 979
5857 6581 5828
8720 10162 2070
4402 13076 4791
2922 11534 719
12517 17633 6320
7569 10251 3558
3542 17374 6537
1735 14716 3534
1082 6176 4085
8386 15779 6494
3350 14413 9555
18315 19665 6872
8224 11693 7900
113 5157 4395
3159 10519 4512
3565 17047 7169
1491 12173 9152
13474 17819 7970
1298 11546 9508
618 6426 3610
5569 8325 2985
13652 14800 4878
2251 2964 8019
3997 14425 8542
167 10487 6247
1533 3229 1299
4021 4999 5376
6593 12068 8167
7775 10459 3272
8945 18321 6270
2994 16986 1252
2871 3062 9435
6366 6661 6398
3343 3836 976
16311 19558 3737
3664 5077 1663
11424 19513 2454
3314 3923 8703
5241 10660 5390
372 5093 7375
2282 4642 8712
4686 6756 3855
714 4810 1827
3353 8230 6023
14185 16016 3056
10030 11449 6138
10120 13796 3275
5658 12873 623
2761 3529 4690
4498 6943 5802
13466 16623 3848
3020 6001 3255
2830 14632 2094
1248 16978 7578
14688 19240 2610
12780 18840 213
2207 6207 592
142 1967 5268
8657 13481 3311
3727 19515 1636
10748 14402 9221
6854 17453 4589
8167 13749 1467
2864 10547 6714
7619 19333 1402
204 3201 5120
6271 8659 2084
8315 11398 3354
6821 15791 1954
13303 14639 2417
2865 7161 4834
16 17890 8823
1349 1736 9410
9972 16424 7457
13324 18909 5288
4812 11719 2133
5443 6399 8670
10321 10760 6398
1725 17415 9388
8680 15001 5245
5490 12745 2236
5695 10436 8769
9157 19599 7466
17144 18953 5002
17753 19014 4330
7801 9429 2468
941 2891 819
8929 12455 7954
5756 8329 1379
11362 13911 5461
2681 3797 1621
2879 13299 9274
15099 15119 4612
8938 8958 9486
10348 15971 3765
1572 16523 7738
594 1099 7522
2530 8432 9373
3625 10776 9139
1257 19405 4379
8230 18198 8827
4007 4562 9613
11596 14482 3024
15506 19606 3559
4992 6292 3799
440 7674 9396
15419 19257 6182
5231 5607 4925
11720 13493 3606
5838 18879 4186
2654 6368 8946
3712 13024 3090
1529 4037 1105
1954 8233 9589
3326 4270 5363
11064 11459 5970
1712 18459 2779
4836 10278 5810
2185 6834 2184
16849 19971 2062
5964 19167 6786
11333 14368 2800
7131 11738 509
14585 15352 2929
1586 3740 6169
8839 12891 6746
4825 12278 7314
3850 7255 5977
6370 14228 2160
11352 11790 4886
1466 19733 770
11620 13767 4882
10440 16680 8014
4380 13813 2617
13869 15184 798
7634 8378 8963
2714 4221 8950
11631 13988 332
10316 16975 8013
2297 16301 1294
13917 13996 5046
2300 19882 3357
1620 16260 1055
3611 8971 2541
1431 7743 1459
2980 3364 3949
7439 19765 448
936 8022 9817
3389 10247 6367
4926 8254 5075
2621 16868 6706
898 1076 1069
2166 6666 8940
3341 3545 242
10995 13861 4263
1183 13201 813
9958 19047 3572
424 499 9492
3041 19713 9887
9015 13869 5113
1781 19808 2415
10293 14264 1498
6394 13688 237
503 9529 8638
7492 16111 8713
3291 13124 8118
11012 11226 7808
909 8934 8683
16294 18343 178
5783 12176 8794
12 9004 6887
980 9980 3165
6817 12973 6708
9795 16285 506
6124 11749 1245
232 1364 3901
98 13516 1689
899 8003 7536
1298 17544 8731
2507 14256 2249
18036 19828 1742
17430 18984 6408
2423 5494 2803
3672 19071 4729
13830 14353 2400
3066 11298 5259
3824 16301 3539
16136 19443 8859
15461 17878 861
7925 15307 1444
6687 10421 8536
2617 8954 8265
945 3811 1602
9208 14683 3457
2178 5256 5421
8710 14885 1206
10310 12953 7154
11093 17324 8870
8701 16488 503
10138 14268 3733
308 12685 850
1264 7010 2574
275 882 1610
2260 6256 7555
4508 4750 8852
1558 6082 7637
3295 13615 3712
11297 15634 7535
3809 12887 6695
5193 10752 8476
11142 18665 2800
3199 4514 3026
5397 7535 2865
617 11432 9482
29 1082 7848
8008 9194 8142
6784 11693 5125
893 12661 1676
4731 16412 7285
926 13775 8339
372 10791 8540
10964 14876 7691
3605 7400 6177
4465 7056 8413
814 3251 7370
728 2692 4390
6551 7305 7697
3779 6970 5869
6585 16907 4269
11569 13162 329
3741 15027 677
3767 7456 3570
517 13008 8333
3148 10684 760
4301 10031 4291
1040 8806 1815
459 7998 3898
16410 19905 8528
6941 9814 9824
3082 7682 5352
615 1303 5593
16645 19027 9951
2317 10669 501
691 19058 1396
1555 3691 5238
4921 16320 217
6666 16485 266
17086 18312 3534
2588 9342 5255
1178 12191 5505
10499 18854 5905
13719 14767 3169
3716 4467 605
2221 18422 6027
14128 15245 8043
2769 4772 2661
8629 19646 5196
678 10357 5294
8172 11421 3602
6300 6793 5304
4153 10828 1806
642 12781 414
9568 11481 7849
666 1147 6187
2866 3467 9769
11884 15836 3089
8724 12802 8412
8915 16298 1011
4864 14216 8168
3232 3492 954
3427 12857 105
10138 15689 6639
2048 10631 7755
6333 10384 3512
7880 14987 7253
779 8542 9433
5954 14326 8786
17025 19123 9905
5281 15721 7438
10908 19757 674
9372 11805 8645
1470 4966 6335
1161 19270 9369
6956 13771 1887
1745 4966 5733
11584 13633 3564
12912 14991 946
4370 15487 6137
9540 11622 9269
29 190 4933
5691 16751 2865
7156 10038 7030
4190 5106 4797
9407 9787 6865
4834 5558 7291
6169 9579 2081
16799 19079 6130
8429 11033 8310
11548 16265 3375
507 19794 4898
9220 10822 1486
13301 19403 1882
259 8637 9444
14940 18760 6001
7029 9031 5850
1447 1697 8387
155 239 5236
69 15022 8386
4935 12961 6089
8726 19019 6956
368 15350 5904
954 3929 9996
5643 16191 8202
5908 18257 5146
8919 14416 2037
13732 14161 1952
1305 1553 9453
14333 15505 2693
90 152 4247
2899 5191 6754
5769 6734 167
1844 10385 2307
5144 15376 1277
4206 13664 2371
689 6751 702
3939 6081 8373
1590 11199 4232
977 17999 8361
928 14065 9135
2420 11280 6184
4979 7559 193
5801 16530 5154
976 1628 2032
210 1260 2431
3075 15483 4124
258 6166 5907
12758 13628 9573
18280 19824 7257
1144 5176 8284
2051 2479 3703
13377 13522 9635
53 19416 262
5906 7840 1332
15023 18560 4811
52 7122 677
545 1660 4512
8344 18101 9478
15329 18885 6266
3826 12987 931
1266 14998 2177
105 1554 4483
3220 17528 8054
4686 8446 8506
3206 15989 4335
7752 17394 5575
4675 9754 2029
8499 12529 318
6451 13085 4130
13518 13887 882
419 877 1503
4416 4455 1101
3252 10536 6399
3812 9796 6188
1968 7241 991
530 9327 9349
15436 15669 4407
10977 13270 5692
3333 11550 8371
3282 14395 1002
6614 17459 202
2007 16180 7868
736 1192 696
1545 4303 5324
2927 14239 1137
11872 19854 3877
15883 16564 3185
9701 15478 7649
3478 14620 7915
4806 9604 8079
3301 16518 5779
2026 2987 1583
12152 14663 9854
6739 11826 404
554 11539 3875
12630 16796 161
180 2160 9125
549 1794 187
2493 11720 1617
2740 17683 7209
4248 11375 6852
4819 11439 3077
13674 15523 4248
9516 16926 5217
11980 19640 2922
13808 15073 4714
2250 7500 5636
1360 14033 264
11275 15443 9073
1308 3616 4421
1580 7288 5950
5408 13060 7882
893 7022 4431
6963 9673 780
5978 17015 1524
185 812 4399
2867 6308 9638
7453 10057 1912
5946 17829 5188
11265 17127 8633
36 10185 2029
13767 15879 3190
7580 12185 7967
3694 16569 6458
17876 18342 7041
13960 17944 1271
11009 15931 2632
6067 7952 7450
1561 14919 6655
10189 14345 6770
2843 18576 4686
5608 7989 8593
2375 3798 9318
12510 12590 65
4403 7212 3795
12745 18999 6709
9844 13206 8641
2968 16861 2485
5611 7554 8827
5507 14010 6061
6427 8503 7659
337 7913 4630
2569 4039 33
15915 16108 4478
2234 3070 1108
12723 17217 597
5476 9755 7126
1439 8632 6043
17115 18962 10000
15937 18534 2600
7497 8205 1542
1643 10897 7606
442 4226 2892
212 1209 6305
2199 2271 5981
12967 17388 3282
1479 4973 3082
16200 17511 6023
11568 16298 1561
8289 8770 9824
5062 13866 8358
93 7859 4946
5319 18178 8071
3544 12226 2341
2116 2268 8905
65 236 6328
4314 4337 4284
14779 16234 1626
2998 14299 4561
10436 14715 9689
13464 19897 6939
369 6771 8922
2455 5303 7803
12376 12936 415
8166 16447 7329
7822 17571 1410
8435 12981 9170
16753 19375 2036
10979 11700 8254
5654 6892 6483
3750 11492 1519
7521 7988 5575
7885 10298 8813
4043 12080 8916
12428 17982 2616
568 5332 4475
2367 7188 8175
13306 17349 7010
6581 10488 9303
16984 18240 1942
6596 13605 6437
7841 14548 3266
5455 18549 9838
1157 2103 8888
13312 15786 4124
4906 18696 6551
4764 7770 5915
2131 3247 2028
6167 9809 5532
8597 11381 7679
538 3724 6438
6921 19864 3086
2361 5434 1213
783 2644 8226
3628 10732 3508
1550 12049 1420
7722 9560 8832
919 8486 7018
4383 14845 3103
5265 14492 616
4342 7275 9808
12087 17106 4560
4943 19823 8845
156 7613 4037
4935 6997 7609
13665 15543 8193
14783 19015 4396
2248 14921 2714
13992 18310 5511
6138 17232 2731
65 14540 6271
13528 14654 6486
3852 10667 6273
11884 14225 4919
2584 13695 225
5653 19415 2012
5382 16450 2894
12383 18226 4209
2778 14947 4089
13489 14301 1574
3211 11082 8988
2187 2610 3288
1830 6075 2529
118 825 7913
3322 18030 8869
4499 9040 2202
4095 14723 2410
3521 18824 7126
3893 8159 6930
7534 13321 1942
759 13802 2107
2821 3739 9864
2237 4222 9246
8816 11308 6960
5777 9506 1944
876 6880 2670
2416 3399 7144
7291 14976 6331
10479 16802 9233
1258 1526 1067
3559 12580 7783
642 17181 4166
11303 13789 6306
5594 15552 6772
12496 13472 6006
4127 12079 9599
3009 3396 4302
428 14722 3467
3510 15804 7869
1636 1735 4148
6891 17094 1031
688 6902 9969
5888 10794 7593
1124 18341 8628
10468 17158 5231
9824 15477 3601
3660 7876 9634
16994 18739 1922
5417 11840 6831
9284 13815 1808
4110 18704 9219
1455 3877 5594
12969 17478 9727
12321 18838 2127
2134 7083 9579
4551 7600 2696
2758 12263 7993
1592 9848 4917
3086 19173 6132
6029 8582 243
7799 12109 608
10463 10991 2288
13768 15003 1048
2886 7506 7512
8996 11469 9862
3630 7174 2727
150 13312 4071
5445 12183 5013
10573 17741 3646
738 15611 4979
8227 11177 7610
2564 10289 9431
4816 15614 4672
3301 8341 1623
2880 5095 3894
4838 4845 3221
53 79 9606
4651 10884 2713
4533 4862 1997
1589 10608 2063
2871 9155 1935
10488 16800 4421
1676 4690 4099
5846 7764 9099
644 2052 1004
1088 3297 1749
5151 19532 175
520 13781 4788
8568 10717 3709
1425 15994 9222
10730 16758 8832
14714 17084 6007
2837 8106 423
1772 4843 7659
5654 7696 882
8422 14367 4284
12522 19975 1066
10070 18530 9901
557 11737 8477
5481 13425 1508
9971 10699 5657
314 679 6093
12200 15585 1868
614 18817 8107
16742 19866 6091
3216 8887 1347
2922 19919 9865
3723 7264 5318
13386 19227 5013
1575 14653 2585
13713 14577 3873
5505 8922 7999
14238 18321 6215
4624 11146 1735
7794 12355 6981
2527 13289 8807
146 2858 8004
7397 11058 7483
16236 17454 6275
869 1978 9375
6019 6228 4191
471 11875 8239
7468 17309 189
5729 6258 2062
9174 14268 3067
12044 14359 8894
761 11484 2855
4116 10524 1895
3544 19392 7943
1798 5232 7160
17184 18600 7219
8010 8067 4477
8945 14122 8436
5817 19389 182
6198 6839 7449
5370 6813 254
3939 7224 2529
6225 15335 959
5025 7551 7252
6683 9353 6770
4523 9448 4018
1166 6233 2565
7662 9641 3081
11776 15704 862
358 4034 2589
1886 5406 4499
10834 11766 2644
4031 17098 8813
12976 13169 3010
6457 14746 1814
13600 19614 9191
14468 18511 4995
4566 5217 4394
216 318 7463
8655 14063 8179
6948 19181 5133
4966 8257 4032
4524 5497 5028
14107 18565 1528
4936 5417 9741
4924 7450 6512
2204 14861 1197
4659 5933 9799
11519 18499 6177
1882 11346 7385
11754 15412 1207
18323 18699 2674
9978 14434 6221
13438 18886 4388
1378 5773 9768
4379 15883 7732
7942 9758 2364
6911 10624 5469
4105 7607 3609
1320 7610 3471
10633 17531 8500
2092 11372 8103
163 1511 7304
14845 16357 3686
6094 8750 3542
13872 18169 3745
18339 18761 6125
1918 2035 7288
13538 17231 2210
2362 2773 7711
196 792 1304
2384 5062 5074
8269 10468 9117
2594 17527 364
3464 6310 1156
104 347 4828
2485 5988 9761
119 378 9204
12834 17918 4223
2813 8244 3228
1205 15461 6940
296 2150 4225
391 3574 2273
242 865 4248
2689 6776 4941
14183 16687 5397
4209 13148 7303
7156 19121 4084
1096 5722 1916
845 6479 1356
309 5741 2968
718 1280 3736
7965 11908 7326
7452 8802 6713
3962 5090 1577
828 14212 7046
2076 13256 2411
3153 5885 8036
12514 15172 1964
1058 8501 9323
6550 11168 5789
7807 18940 2767
8683 11337 3546
6810 7953 3463
3867 16864 8864
157 9437 9533
2900 17303 1389
234 710 2843
953 4819 9829
600 3597 5709
40 116 1627
651 8014 8029
13639 18056 4255
8028 17912 8985
9575 12179 2876
4692 18360 534
14546 18024 7899
455 1020 5199
5040 10568 2955
7 258 59
9017 14774 3081
288 10682 2048
2250 19426 870
63 5197 1872
1723 14942 5312
10760 14768 4106
4453 13582 4720
8816 15010 2543
9992 17885 3630
16482 16531 6204
3101 14875 762
610 4719 4829
2450 5153 2750
1397 4340 1550
105 11950 8192
12521 13710 5424
9900 17196 5397
11220 15625 3488
5051 12523 7768
2696 4515 2887
12891 12955 5910
132 1762 3669
643 1278 629
11592 12595 2412
369 11411 603
743 16721 9132
16940 19767 2363
10380 17823 5585
8411 18223 5496
11906 16250 6048
770 4587 3927
3819 7622 309
263 1073 5703
2969 9651 8018
461 8505 1117
6314 16583 8576
7703 18844 5523
1060 9103 3879
5192 12958 7532
1905 19580 9138
5106 10630 3643
31 9892 9739
2382 12372 7204
6932 18339 4538
3536 6931 3368
14375 15613 1085
8617 13646 8546
5387 9837 350
1209 8613 5477
777 4592 2720
5659 17986 362
16438 18027 7582
1 11 8817
1810 2927 5173
6314 11929 1619
8423 14592 7392
399 756 466
863 1366 2322
8310 8485 8324
3662 7930 2115
4221 6642 636
986 2464 6010
547 1467 9727
10782 15678 5922
4396 16270 4066
15938 17414 2297
590 2244 4457
2792 6344 1836
4990 13246 6066
7230 9708 8655
521 11330 5391
13147 17751 5869
160 1411 3419
6792 11553 990
5051 13700 3840
2583 4450 1647
5301 16087 6437
2384 15727 4878
7308 11169 3603
1470 6960 4968
4757 7891 9435
3577 6109 3516
351 3085 5638
4658 13528 7994
1860 18829 1034
4017 5870 7220
728 10158 6829
1036 14655 9139
8660 12264 7700
3705 3842 2491
402 2048 5579
1680 5749 9298
753 1849 7575
10352 11665 205
4710 18859 1456
1937 8928 5331
575 11024 1057
1093 17969 773
15824 18104 8072
2479 6583 3398
5660 10217 9272
2471 7267 5397
17199 17565 6807
2575 17458 7868
2560 3609 1466
9262 13237 4860
10743 11212 9012
1695 15265 9405
15776 17848 8850
284 14238 9058
4413 4599 6556
12202 16370 7567
2051 3237 6562
5845 6832 1574
9056 17781 2538
2883 16977 9358
1109 13393 1807
4222 6185 130
4 148 6212
614 15178 717
12966 18306 8104
2736 19817 5775
5062 18120 4972
10934 15919 9870
9021 12380 2882
5972 16979 2477
10354 18630 7414
16224 16275 8692
8521 17330 591
17807 18747 8143
6356 13122 9234
2684 17644 6893
6888 7420 5663
6498 7046 1664
695 4676 11
2150 16916 1515
11122 13828 7498
12096 19424 423
2368 2678 277
360 568 4858
1079 16798 8577
15545 18867 7446
8000 16022 4308
4854 5206 7947
5368 8275 9735
6301 10724 9369
11418 14635 6893
1753 18168 1436
5959 16910 6141
7026 19388 3314
6070 15035 496
4886 16983 7888
7882 14935 3103
4443 5392 597
2191 6311 6556
3812 15744 50
3999 8384 2298
7541 8064 7922
4173 5485 5055
3 1480 9607
3429 17225 6430
7685 9211 1699
14547 16237 2942
7502 10889 2631
17093 17663 6242
12547 15314 723
720 6924 5505
3477 10428 6090
1387 3448 3588
3371 3505 2331
8108 17811 8575
10026 17565 3104
16598 16651 1321
12505 18507 5065
1589 12434 6078
4277 18812 2497
1362 5314 8867
393 8706 3926
266 778 880
1710 8082 4528
6463 16048 6432
3296 6903 8852
3440 8093 5686
11645 14196 3069
1441 1917 7280
8775 9398 9665
9031 11389 4245
10838 11659 7026
3710 10854 1921
1768 8017 9909
3527 8404 2370
6990 13756 4710
4635 16407 8115
1025 8014 4923
720 927 451
1469 1563 4031
840 10972 494
5611 14986 9442
2628 11938 8465
6463 13756 8037
5041 11305 7921
10315 13514 8149
10378 12271 8077
8396 11675 6073
537 1148 9985
769 6403 1877
7984 17878 4084
14320 18174 7075
846 9927 8833
18549 19047 9286
14048 19498 7383
8703 12902 7199
4226 15186 3348
15721 16915 9602
3237 15219 78
2569 9799 5711
8304 13545 556
12731 19447 7968
4701 5993 8855
9412 11244 5122
8385 10410 4740
1930 9905 8298
135 4936 31
9227 16145 8693
14800 19368 2299
14500 16439 3436
1184 1657 477
1094 1725 6226
571 2631 347
827 1298 9283
2351 7715 7399
12221 17720 6867
1611 2845 5327
13704 19710 600
522 13939 7094
3720 10635 1637
5332 9117 7055
3837 16626 5689
8794 14023 3949
5416 19736 3368
16 6582 9820
15674 16436 2675
16652 18191 6820
1406 12139 2517
980 2910 3852
4254 17674 4099
12784 17280 3092
654 1524 9764
8009 16491 1246
15313 19441 498
2579 6614 4794
6480 7576 2551
11327 15928 8160
2163 17350 4065
6410 9083 5584
9333 10864 5166
2525 9562 737
16818 19131 4695
43 5799 6064
8333 14823 8085
5222 13073 3660
12541 14318 1385
1516 7696 367
1898 4701 781
7997 10093 272
4098 8173 7585
11770 17930 9564
712 18135 6810
316 6887 1981
7180 8505 9027
10121 10773 5581
474 506 5532
8795 10337 6401
812 16612 2770
2158 2300 5717
5484 12967 8859
8034 17273 9478
5021 17106 8876
329 2416 3841
2158 3688 5766
11160 13588 3378
4016 6949 2410
907 12247 6138
10092 18268 5567
3436 8533 6448
10947 18577 1799
3141 18790 6308
11874 16892 3337
17854 19844 347
10667 19799 838
3553 6539 4396
2718 13670 4099
4515 9560 2748
9433 18276 3750
1355 2046 3388
2373 7107 3767
9509 17009 6694
1347 5785 1409
3137 13350 2702
543 5335 8470
8799 10282 7152
7093 11437 876
4187 10008 8065
7582 10210 5098
13045 13713 2731
23 775 9384
13344 16919 4282
8224 17075 4678
1617 4589 7385
4894 12882 7697
11217 18868 6219
2859 3180 3145
3574 10260 9312
1772 5847 4151
2890 3827 577
1864 15452 9061
4337 13979 9150
7148 15874 3786
1597 5118 7886
2092 13639 3008
127 10928 6543
11181 15988 7595
314 387 1312
3317 19685 9260
6509 7728 6520
11538 18543 2228
7491 18845 6187
6296 11819 2268
5465 17751 2937
6570 12034 4187
2226 4153 3340
4662 5265 8687
1321 1812 317
524 9400 3484
26 29 3163
13925 17008 8226
4365 19296 2341
6611 18113 247
3053 16318 7596
1485 17826 323
8273 11800 665
7499 12988 3962
2179 13892 4441
5187 6087 5392
1018 1163 7568
3283 11879 1637
2647 19058 5783
13766 17484 8013
5567 10842 9306
4223 7812 8798
1228 12695 453
8528 8889 1210
3711 15437 4764
16516 18962 7675
12419 19396 3378
1127 9783 8888
6403 11288 7733
5674 15041 9840
8437 12100 1367
933 3457 5234
5675 9013 9165
12475 19850 5476
8172 12020 8922
2997 19063 5741
10615 13922 5456
76 92 7605
584 2532 7040
13065 16148 6934
10782 14811 4929
10270 13182 4135
7951 8317 1856
3375 4058 6168
12512 14488 8323
4335 19120 2036
382 6833 8677
7363 19756 4096
48 16507 1298
1860 3184 8606
9496 15019 5961
3752 17610 7564
6957 18839 1231
7347 12880 122
13053 16903 2549
4675 5390 7604
10125 18337 2933
5317 15994 3077
67 803 6023
10623 15008 7781
17032 19225 350
1599 18081 7207
243 16494 7607
3557 9981 7910
851 4280 1089
694 15279 7718
1142 15916 2372
116 4348 5857
2353 14559 9223
10865 14994 8662
12326 19497 4075
1188 10168 923
2836 10188 5004
4560 5779 6348
641 1025 3560
4038 4187 5176
8073 13063 1237
7848 9182 5441
11870 13072 3426
2237 15892 8566
18259 19015 4892
94 1934 1404
2847 4076 8384
12323 16645 9828
4337 13054 8341
722 9264 5856
4050 12204 784
9577 12356 281
769 6316 8534
12614 15743 1969
1468 11159 9163
9507 11662 769
3668 16528 2823
13400 15210 6182
1682 5172 9760
2333 7442 3582
7479 18038 8872
398 403 610
17226 19301 5590
9518 17300 9320
9921 13261 7786
10194 18572 6278
182 6435 8829
554 797 9117
16958 18617 7626
1344 3189 2042
1359 4874 8225
1408 2427 2048
5421 11368 5650
296 6247 4233
17308 19483 7426
9956 13579 4507
8336 17627 8887
2608 11574 2207
1938 2503 8580
9294 13128 4655
8060 18416 2046
9205 16671 7485
948 1759 8141
6444 13314 5418
7162 11527 4696
8648 11479 4647
423 4469 9627
12619 14410 6080
4245 17204 6956
10628 13312 1044
9892 12066 2785
11555 16881 5931
2302 18974 5621
2900 8270 7660
812 1309 865
576 594 7557
4705 5930 5936
6738 10432 9920
6490 9468 326
6829 17793 7002
1052 1315 7681
2447 7904 3766
3277 4676 2682
17893 19237 1649
3267 8892 92
6813 6836 1238
1445 18056 9698
613 4811 8108
286 752 832
12151 17848 6429
5406 5572 6397
5660 6971 5886
1652 19450 7724
2976 4090 2576
7560 7999 9163
2707 17834 4361
5233 11419 3321
375 744 5937
8100 10284 1712
5840 9882 2528
1801 2092 8857
3961 14452 4405
587 6332 6704
10110 13972 898
1741 16971 5222
5865 14057 5676
12846 15562 5769
13632 18633 2215
540 6475 6421
5420 10982 2663
1395 12447 4738
11760 19067 6242
208 18487 3066
5045 9042 7783
4204 8718 6208
2100 2423 8955
3464 15209 5249
2283 4550 772
2878 6437 7783
5224 15298 1454
398 14123 3922
8622 15401 5076
807 17511 7912
1188 9152 9338
9399 12459 7623
5123 16147 4261
1332 9347 4590
291 12639 6243
4437 9141 7677
400 15145 7908
2984 13081 6806
68 203 5510
1338 18671 9477
659 14356 3213
2148 13009 8555
245 321 2049
11840 17133 4928
4911 9885 1702
2263 15850 8004
5028 7952 4926
7099 12344 2683
7750 18558 2599
3881 17543 3117
4978 11548 3587
9497 11822 2416
4284 16504 9946
13589 17415 9722
3491 6088 6271
107 9061 5218
10520 13789 8340
17016 19497 5163
4761 15487 7000
14505 18184 6521
7221 16433 7111
1591 14358 530
1248 6155 3303
3021 9821 808
9026 14864 5619
4397 6473 2565
9398 17920 1208
15302 15573 2680
2047 10949 2059
14533 18591 7328
11014 17881 7873
9324 16829 3630
12898 16493 7373
1773 5004 5938
297 7336 2976
1801 5766 2728
2242 4716 8725
10005 18223 7034
2035 8284 1960
14208 15750 7555
12222 17986 245
6121 14900 7738
8456 18051 5663
766 5985 4632
2788 3888 2750
5854 18859 5616
11671 12612 9667
2457 6509 6779
8791 17113 4103
10 136 2015
1030 3483 4052
1395 1662 1130
5865 11552 3668
1041 10253 4835
1936 3678 8504
11196 14303 6993
13419 14958 8829
10920 12756 7356
1999 5754 8976
11613 12006 9284
5687 18177 6950
2178 6597 6158
17149 17431 2492
153 304 7451
6243 17387 405
3690 12376 6329
3219 14017 1693
12917 17496 8481
4490 13389 3914
163 326 284
464 4263 3298
58 13735 142
7586 18611 5086
14430 19476 3721
5150 15099 821
4191 4646 4972
4716 5523 1295
14146 15127 1089
16068 17771 6944
10 4016 8314
16787 19298 4254
1210 15437 226
1390 9996 3886
4214 16619 8498
125 10146 2310
14009 19739 3311
7165 18860 4957
6723 8894 4360
9064 9605 3806
2714 16833 5336
1582 13472 3389
946 15985 5493
6200 6408 4657
2266 3585 6179
2860 3410 5123
1982 11835 3362
505 5018 6336
3105 6053 634
3700 16259 2117
5438 5664 3062
6581 13719 2768
15895 19158 7176
928 11608 7619
4714 10945 7809
12956 13488 1629
4659 6267 7704
3264 12642 3931
16433 19915 7677
15704 17976 6997
12500 13965 4245
67 184 3
16454 19978 5164
4692 19064 3332
2270 10054 1151
1301 7104 8136
13672 14128 1422
3601 17320 8806
11002 11396 4168
8557 13667 9423
634 4081 2556
4718 14803 5558
6683 8038 7279
18139 19327 8717
6222 14440 7327
10017 17868 346
467 15161 3932
3234 5907 3704
413 1943 7406
8 70 4752
9307 9585 9740
1997 6708 2097
9684 19388 9633
5451 19272 1337
2918 16885 5117
2041 2277 4602
3088 9349 3442
5794 6119 9027
6826 12034 1185
4047 13877 7644
2663 14469 3044
7598 18159 5867
3512 3536 7016
190 3540 1962
6302 11331 1340
8430 18140 6870
1459 2273 3069
1046 2555 4774
7378 19679 287
194 208 9672
59 11819 1673
11657 14134 6354
15138 16745 5118
12953 13187 6338
2447 19140 4272
9426 11961 3992
1200 1296 734
8823 8837 8107
2879 6795 5228
575 9080 7929
10 90 2064
1019 7706 898
2037 3256 9193
1075 9353 1275
5201 6477 7032
707 11287 9113
2030 8308 8757
10097 17337 2947
3386 6101 7009
10074 19572 6546
7602 19274 3995
5893 19472 810
10245 11086 2012
758 3704 2690
9770 10820 9024
6013 17625 9493
3482 9781 2432
337 2823 928
10844 18006 9014
3074 8787 4106
15174 15639 821
5456 10104 2851
5212 17821 441
2554 13168 8309
7872 18598 2172
5659 13103 8
6843 7914 2435
1228 16372 6069
5681 15604 4982
3305 6355 8880
1240 17975 9194
1476 12816 6585
15593 16306 9543
17191 19029 4717
7354 17778 3004
5356 16461 2493
300 19489 5604
8796 10840 2581
1175 1958 3497
6517 15808 3295
2729 5755 897
5603 6847 90
9466 11679 5850
11838 14920 1323
320 17065 9014
2443 8881 5868
13389 16358 902
1832 4248 5804
7509 10230 6259
9811 18694 5032
10658 13745 6603
17367 17569 1666
11934 19687 5602
3864 6159 1285
17027 18862 7077
4068 5981 2811
7885 11112 7110
15374 18655 5860
3564 6537 1256
2335 2688 7026
569 18550 8325
5709 12052 4469
4889 14992 4900
2886 7315 7295
4217 11930 6805
96 240 9545
12785 14997 6314
9146 9694 7257
5546 5673 3960
1515 2248 9189
3436 6519 2864
3824 4484 424
3656 13611 2051
7666 12037 7585
3200 8672 5755
239 5623 1409
1794 4806 1634
2850 6245 948
3725 10677 2025
1104 3294 7548
487 535 3763
456 19570 7942
5212 7909 7792
1968 14512 169
5406 15032 3634
2505 9022 7214
496 3685 8937
1240 3299 2838
14888 15769 6712
8120 12425 7479
6796 10591 3527
8539 12511 4277
10199 13805 1640
11588 15876 9854
11936 14495 1675
5661 5689 8453
2834 5396 4924
4130 16111 8280
9930 11020 1380
7235 11753 9477
9714 15064 1753
1904 6453 9391
482 519 6548
3518 6862 2914
1698 3709 5104
12297 15469 6846
2645 3415 7313
8401 15931 4224
7656 11885 6779
6585 16729 5361
12327 19058 1455
4960 7021 4326
13006 16669 4493
1335 1727 3195
4894 5462 5050
2921 10152 1541
2560 7622 41
8133 14815 6898
1204 4363 2691
5149 7050 3997
4521 8525 1394
4027 10452 8143
9128 18029 5681
1577 16131 2167
11066 13769 1838
4464 13304 6784
4148 18504 9473
5960 6828 3082
144 228 1843
1528 2471 9632
1483 4411 2452
2066 5101 7237
759 19551 7729
5113 19603 5594
11323 15765 5669
686 15205 8023
3121 14581 8143
4854 15273 4753
10299 18525 8255
16914 18808 7127
3766 3955 5596
8508 11804 8353
3388 7334 8814
2435 2714 8521
3402 18348 2071
2564 4331 1490
725 3974 830
13286 14243 1220
51 17821 2558
1044 16461 8878
4292 5861 6064
12290 13384 4093
15079 17230 4334
5869 13734 2514
4370 5382 5044
12492 13686 1504
70 2329 7896
4673 11658 9876
18492 19854 3863
9581 11851 42
8553 17423 4051
1437 4370 394
10115 15247 6659
2663 16257 9712
10569 16768 4390
7094 15245 4908
2271 4043 336
11973 13469 8080
6145 7704 8319
4168 18070 5863
12871 18407 8964
10475 18446 2893
3249 17065 8917
10203 16517 6462
8918 17351 7443
917 1198 5064
1463 15047 9025
4176 6169 4009
3451 16155 2781
9141 14871 4580
6558 19966 3957
3340 6763 9514
10136 10763 465
1081 8885 7320
7160 10686 3361
403 1382 1142
10212 16797 1890
6555 16768 2906
10931 19859 8459
2934 12307 3936
10028 19586 8496
383 1045 1973
1691 10016 2123
662 13578 5172
494 12724 4368
3138 6936 4551
5330 5881 884
902 6874 9844
6192 14937 1770
269 9044 916
10 7720 4397
302 5557 1899
5015 16534 9635
17477 19342 1220
7757 10650 7221
2422 2498 5796
2367 2771 5119
3020 9878 2412
2491 12886 2649
1898 6647 7085
3611 7220 2213
218 14269 9239
4758 14808 8257
1889 19715 3704
6097 15255 4890
986 3998 7561
11151 19394 852
5728 17731 3541
1302 8725 2501
3564 9532 4121
2278 8368 7039
843 3376 1939
1018 5866 8208
1470 11231 2317
2314 3434 9551
4437 4789 7526
4525 4601 964
264 1808 7521
6662 9174 1344
3928 4054 5026
12317 18100 8623
15087 15321 1687
1096 2063 5812
7818 18495 3607
6321 9348 2442
12936 17321 7176
83 2366 2036
2064 17263 4024
2766 4109 6244
6133 10253 3030
1176 11166 1258
302 11268 6951
1383 2507 8780
6624 7422 5516
2943 7705 8337
2567 8993 8388
4174 14831 5153
3575 8917 5752
5847 10052 615
9951 18112 2971
5722 8147 6194
10547 12380 6255
10108 16394 5361
12574 15802 1292
11211 15600 9846
2670 9550 3021
5491 17116 210
6341 11146 7062
6590 15410 1347
2400 2962 9455
1135 5572 5648
2209 12052 2815
4205 8157 9719
3526 12790 4507
4693 9718 9837
6779 19650 8960
2306 5269 2830
2283 12289 3922
6817 14899 718
2562 10155 6520
3303 11483 5782
6006 6730 5879
1343 6153 7142
8589 9226 9187
19 850 3645
6336 7042 7845
3285 11785 5586
6075 13494 8076
32 638 4072
4524 12608 5737
10158 19987 1845
8895 17672 1587
9092 16836 3002
1198 10612 4142
3269 12801 2359
288 320 4953
17171 18187 1359
3360 5761 1455
2392 8072 4191
498 4379 8863
4448 9978 5244
3277 4087 8153
412 818 2035
12166 15812 9068
12249 18588 8877
8523 16939 3657
16282 18251 2418
4872 18506 5470
8240 17582 9918
1626 9951 6232
2128 12856 1331
876 4817 2875
12015 18222 2414
1578 2585 3180
10262 14404 264
3430 16695 2633
13251 19878 6901
4911 6101 8662
369 14228 6244
6974 19001 8832
9619 13137 3705
8783 8950 166
836 3021 2391
5077 9641 7807
14693 18930 4674
5452 6447 5270
7876 10085 6484
17619 18772 4656
748 8161 1273
2859 5427 6929
1722 12265 566
807 7868 390
13053 14766 3385
6971 8793 1253
8293 17434 3829
14573 14959 5827
167 5560 7905
11478 12937 5298
8298 16926 4855
11630 16075 4554
9718 17966 6638
301 1731 7474
11813 19644 688
7800 19262 1927
352 2655 474
976 3469 7533
1510 16956 323
15212 15390 319
3815 14693 3217
13894 19154 9654
125 272 3287
2493 3165 401
7155 7400 904
7678 13880 725
3085 17793 3880
9614 18960 2490
330 7325 3901
2039 4477 5632
7683 10195 5764
1274 1878 3343
7180 11078 3828
9618 19918 5142
2999 18526 7798
7152 19331 190
3234 6397 8117
2208 5278 3973
4006 11874 9024
5918 6055 1871
868 6225 7055
6710 19885 941
1864 10092 3333
12377 19403 94
14078 15045 5380
22 36 450
3011 11035 8182
1237 10364 3843
1772 2070 3109
3067 6907 8633
5512 10500 1969
9200 18411 2083
1004 14972 5924
1814 18884 9984
2742 4702 3457
7547 12201 1933
13165 15981 746
13718 13934 8840
253 4409 2173
2100 10152 3221
3366 5005 5607
1576 20000 9710
15351 19821 9909
1079 2036 4459
5179 8071 4752
9907 16483 7911
233 1249 5314
1225 1299 4993
5859 16906 4382
2635 5608 1537
778 9518 7854
488 15445 7267
13240 16747 326
17406 17913 6299
6324 9029 6798
11233 15112 7510
8106 19267 541
2302 8592 3690
13502 13757 2904
1758 15089 9985
2238 3747 2953
3155 14101 4882
6334 10317 9289
499 1663 5627
13859 14900 4664
1366 3443 9994
4717 6289 8905
8074 10053 2984
1142 8549 3828
8486 19790 9832
6362 17337 2596
1035 16097 8001
10609 18699 3993
4508 8064 1052
2568 14272 8696
1697 14100 4898
405 6968 1959
5971 8906 9226
2061 18039 4351
2047 9881 3011
8786 13857 5799
6227 16771 3011
4 25 3132
528 11876 9481
7194 9050 9001
5243 9852 5810
3316 17771 8346
6412 10778 5905
5084 12156 5255
695 6265 9462
7103 12244 9332
4088 7771 8402
11472 11947 1693
8427 9675 3388
1000 16236 9233
3177 4470 2636
481 5747 9565
1082 1256 8275
760 3322 7393
13 5044 6891
1950 9830 3380
10281 17753 3644
3621 10953 8295
10986 19452 1936
9143 9786 2332
4756 10353 7649
5701 7159 4830
13631 14698 1718
11790 14042 1338
5338 11481 1271
5343 7999 6882
4140 8806 656
525 10670 870
2175 10255 1626
8790 13981 7989
1140 12352 2060
1166 12767 4350
6170 19453 8328
6471 12667 5281
3442 10139 3722
6535 11035 9468
2511 10583 9875
4227 9981 2191
1107 9919 7187
6103 7578 8029
1245 5671 4435
1483 2495 4833
566 5894 3698
9276 14357 5425
3955 3981 5464
10422 18428 8201
3718 5980 6996
2862 13569 2570
2397 7781 405
2711 4709 1178
3075 15161 6393
4518 9250 8869
1968 19014 6375
16924 17425 6156
11181 15693 8806
7537 12187 9950
3467 6154 807
1907 2904 7487
12592 13488 9929
795 3041 8070
5812 11271 1576
8625 17936 1999
10961 13006 7053
9610 11396 8136
288 3144 5698
2765 4451 1568
1902 8862 1526
10101 19550 6323
2105 2722 5487
3488 8112 579
13870 18520 2030
4809 16739 228
7971 10577 6708
7219 18390 6281
4551 4758 7321
8429 12173 3464
1656 2772 8875
5427 6027 3148
8257 12911 3978
8380 9443 7487
6305 17383 4143
382 430 3100
4871 5068 8945
4394 9987 4899
6032 15036 7260
5048 10575 5262
892 18965 63
5386 19829 8133
3362 3835 274
10584 18893 1510
17392 17451 801
14110 19739 4492
7739 9144 3354
15824 17482 4302
5725 7294 4116
17503 19193 6082
10346 15597 3885
4056 9972 6676
8145 19542 3021
7110 10690 8171
5261 6700 8166
3199 7688 4207
90 1154 769
5626 10770 4219
5570 9908 2740
10357 15643 2483
14194 19240 2063
44 67 348
5164 8980 1788
4443 4506 2477
8449 16949 2228
101 2698 1213
9591 17149 5682
10274 16701 2847
7306 16112 9219
4252 13956 9423
2850 3848 565
353 18371 1981
1523 7405 1509
8684 8755 3563
3198 6599 4508
3043 16222 2370
2102 12024 8122
4551 18201 6580
5606 5974 653
4916 6691 7308
2106 7931 8448
4694 10385 3693
1607 2024 4917
9602 16504 9909
2009 7237 3238
47 211 2637
1249 3690 5164
6644 17758 7091
1574 2429 2535
8021 15056 7942
5305 14278 4399
1377 9474 8342
1167 9621 5070
12243 18717 7786
5101 6811 6010
10384 16248 3221
6029 9965 1238
2727 2839 7882
9877 13903 1721
9328 16276 6843
9048 11635 4849
10654 11997 3208
12266 14888 8403
14533 15082 7227
3480 8115 5745
152 891 8921
13583 13764 7182
3012 15250 2044
3670 8028 3970
7565 16913 3328
6036 7431 5521
6378 16669 7108
13578 17199 617
17806 18060 2001
4624 17362 5938
2127 5449 8292
8971 10991 6070
2021 3199 5848
5630 17097 216
2859 6944 9325
5143 6778 1949
393 3486 6505
4914 5129 6736
1780 11646 3509
552 1306 3597
10513 16686 6910
7807 10397 8375
5715 18970 1466
7990 13776 1753
393 648 7128
5939 15817 9987
11250 14702 103
8881 13647 5695
2652 16304 4106
4904 18060 8065
2865 18031 9216
9964 16083 6707
2123 2701 492
1252 3104 3945
15417 19541 6595
3241 6733 8749
837 19543 1148
5181 16036 6474
6534 10976 2920
12538 13225 9880
190 5524 7917
2019 12085 1997
2084 12369 5832
5223 9549 7179
11926 15570 5976
5039 7988 2317
5467 18999 690
2469 6248 7175
7861 15801 1020
2742 5914 1904
2197 14121 56
2909 16351 516
187 774 4466
16854 17442 3032
203 2009 1101
116 165 4721
1974 5693 5929
1201 1354 4381
11700 12666 9726
435 10236 2508
1124 13273 8201
13367 16416 1777
15563 16107 2458
302 13754 3030
1601 6850 9468
5520 6117 6747
9443 19738 6808
15623 17184 4144
283 11289 2465
3049 5778 2650
11373 19747 759
11225 19613 7392
98 1555 897
480 2364 8503
14160 18343 161
7924 14330 1225
1269 14647 9268
3838 18886 3640
4428 6710 3222
12128 15257 136
5354 14676 100
9593 15206 8841
11927 16676 8826
12975 13566 5299
12323 18997 855
10883 17280 4729
9623 15821 3219
2036 7421 9685
1866 6404 4315
10974 16033 2704
15816 16602 4652
14559 14882 2764
5581 17013 3885
6130 17198 3689
8946 9335 2813
11626 12769 469
208 1611 4422
5349 16651 747
15546 17139 9503
2321 7662 2986
3732 15409 9132
1548 17869 482
2664 10999 1204
1928 5654 4513
2238 18279 3748
4352 14267 851
19463 19928 3475
10521 13979 6700
827 12534 471
132 19412 1645
6047 15756 6373
1722 11100 2868
3628 6353 9594
11858 13664 3942
2034 3369 1026
419 15193 3716
4470 19529 7432
1681 5148 9904
2900 10952 2889
10973 12726 9444
3926 8682 9028
8527 19379 1442
3446 9913 8651
385 5772 199
5359 5595 3704
1013 7638 9336
1167 8526 8452
7417 10216 439
2977 12983 5290
1246 10554 9929
5349 15118 4271
2439 5529 5123
2503 9095 5460
1124 2200 5712
143 160 5014
9231 11688 9614
8187 8829 6309
3752 16639 62
2745 5505 3629
5687 18907 2208
3465 7710 5860
10831 13096 2906
15061 16711 1853
581 5802 8304
1031 2811 3276
427 10641 5319
1390 1612 9899
11451 19468 1377
153 1838 6025
11483 12828 6070
2023 6545 2076
8451 18129 1393
1801 7939 8000
6749 11823 6910
81 374 6671
2812 8312 3464
5602 6616 1427
2871 15502 5872
1381 3038 6509
5429 18474 2260
8050 12389 8519
1294 5733 6612
3591 16138 943
3545 10679 4212
6188 8088 6322
13748 18732 5876
4868 16074 6045
10337 16541 8248
1075 2116 6877
2169 16578 1972
9656 11563 5234
9838 15513 7151
8393 17615 9346
5470 17572 9085
2574 6470 3713
7138 11804 2236
4646 17407 9019
7706 15664 8799
6410 6737 9549
2731 3456 6558
7751 13925 4787
10729 15161 7540
2191 2365 4025
5865 17737 2706
9776 13682 336
5734 11689 7277
3696 9906 9946
17004 19198 6545
15085 16587 698
4037 9425 7229
644 17168 438
1489 3067 6104
9536 15972 8022
17853 18497 6254
4337 6630 7186
9106 12095 5846
5615 19755 4835
4209 11321 9070
1296 8081 7148
1773 15928 9629
3886 17539 6296
2744 14950 9526
15366 16792 1412
2206 6019 7302
1140 2180 7283
8039 19380 8770
18659 19652 266
14020 16635 3343
1029 4277 4581
16418 18996 9548
271 2988 9036
5892 6131 4223
4311 13112 4697
1927 18447 4510
3311 4490 2974
3296 5448 8441
8355 12373 5409
1752 3579 959
7217 19553 4883
6234 19764 4718
3798 6693 9432
6503 10521 230
3137 3406 5027
965 5676 108
11783 15274 1220
10915 13005 7827
7664 8317 9296
7243 9185 8564
3971 16448 9840
7206 14536 4469
998 2843 2331
14313 17874 2694
12537 13636 6285
7696 17191 4990
251 13207 3893
9453 9844 7349
2490 12816 5653
68 15620 4199
2018 4269 901
10869 15835 4769
7479 13178 2086
4805 12196 7596
1173 7725 5214
1021 13589 9451
11072 16729 6869
9003 10289 8892
10102 14560 2724
9053 11535 1867
3700 4185 4314
5979 15711 5720
4860 8563 805
3854 8627 2648
10333 17446 2152
3588 8020 5553
10328 15815 7919
214 1246 5636
2446 5718 7699
943 4350 8352
2745 16423 3108
1831 15180 8114
121 490 8464
3761 16860 3151
8184 10779 1324
13115 19789 2217
6036 16338 4594
7031 17555 8592
17872 19299 6252
8913 13037 5059
12628 13638 5620
13084 19890 3264
3975 5325 9905
10539 16565 3442
2743 10655 1867
17533 17914 5998
5636 19715 9699
124 17370 7058
1934 7172 2422
1569 18813 2733
609 5381 3983
8668 18265 6820
4775 13396 6682
9516 14167 5056
13492 15144 9151
7513 9332 9894
4 6 4174
11802 17536 9357
5970 6523 6927
1474 5706 2638
6713 14857 230
19 2429 8849
6677 11325 3635
5819 8430 4494
9619 17677 7771
8565 11672 8855
2810 3916 9215
11183 19830 6726
4869 5801 6728
1240 9616 4359
4401 10604 3760
13845 16722 646
4164 10558 270
5329 9829 5577
14667 19707 5063
2521 12081 8044
14114 14259 2075
918 18013 3546
8065 19346 3188
6193 11476 4894
949 11510 8328
5852 9039 964
10260 12217 3727
4274 7916 7289
4401 7764 4881
9814 19750 4355
886 5817 8423
1979 4730 6683
1642 8751 9047
7073 7099 6903
8681 19567 8230
7975 15153 2560
2927 19145 3288
3442 14748 2169
3479 3879 4333
10449 17485 2804
10574 18534 6543
14208 14544 1603
18739 19547 52
8980 19298 265
4467 14690 9467
3604 7697 5176
3074 8778 2871
13019 19491 5528
8649 19480 4085
2001 5601 4901
1904 14473 5909
1734 2060 6169
2488 6156 4390
12788 17458 1044
9417 12255 5596
14556 18348 1078
5673 19268 7321
725 12200 4894
16584 16895 7797
15138 17054 2955
13232 16142 9934
1507 14638 3175
15660 17350 7150
2803 12817 4978
11666 14672 4801
4714 12763 9728
887 16254 6718
3189 13449 8217
12765 16619 2054
1223 1792 6792
1144 14998 8036
650 17162 5126
6330 16728 7422
5371 7873 8485
10002 10200 6836
627 19151 3413
1923 11280 2942
163 9994 1651
9466 16302 2887
2035 5383 3032
9647 15224 7799
5225 6162 3696
1487 3317 3928
6480 7870 4189
16264 16690 627
3700 10492 4447
6990 16864 3421
4306 15581 3939
7133 14290 7952
763 1683 7421
34 55 3071
2237 5267 5197
458 2853 4676
10707 13004 4260
780 7462 2784
204 245 2893
563 4023 6327
16523 17792 2156
12972 18898 9354
3408 18526 1114
4112 5018 7404
704 1449 8236
15208 15431 4352
16286 18867 7806
2598 4509 9045
15209 16270 5566
3978 8843 4672
10805 19469 6871
6579 17774 7518
5942 14298 4249
2116 19305 5371
5346 11936 2877
4745 10170 7435
72 124 4785
3825 4537 5865
6022 10563 2263
4400 17321 6180
9501 10739 8370
2345 11726 7792
12333 18519 168
18834 19378 5716
6649 16758 6666
4392 5308 8818
2941 11503 7646
5993 19624 6505
3576 7184 8030
12775 15137 5840
11910 18733 9445
4065 18555 2956
2917 12356 4016
10368 14287 8177
1672 1705 7613
2289 6095 8885
2902 3228 9190
8238 11298 2418
18034 18182 5698
598 14858 3010
739 2248 6053
9564 18779 7425
762 6799 2019
18946 19892 8497
6857 15831 4206
7332 7475 9322
12034 14024 6171
4080 14906 8803
6307 17708 6345
1569 18266 7061
386 17071 5619
2614 3229 9126
4581 11105 7889
4640 9354 3022
6228 9094 267
138 280 6550
291 4620 5081
2528 8726 1358
88 126 2865
5322 13453 5858
4884 10782 5644
2301 2349 8254
3544 5391 7883
3145 3728 9763
4017 7924 6550
11699 16529 282
2125 2514 7066
1090 18895 7704
8151 18511 9944
10325 18274 9606
6811 9216 4016
8533 19059 880
4868 6261 1575
2960 11401 7033
934 1119 5881
5774 14571 3563
880 19626 2835
708 2509 3556
6952 9399 5948
12843 17565 9087
7361 9533 6267
15504 19756 2842
2545 6962 1993
1074 6305 4111
13127 16287 2242
9684 17563 9338
2836 8848 4386
6896 13440 3497
964 7726 2141
1829 13210 9637
1280 16238 5151
6683 19283 7477
1305 5711 5391
3666 6732 7910
4974 5156 7913
10957 11468 8942
3123 6932 7257
8889 11327 8537
122 665 5727
7269 18870 6070
1006 16008 7643
2446 4682 4868
6814 8002 9674
3229 5001 2830
4337 4518 417
2130 8918 4644
5930 11709 5256
12834 16122 8137
6723 12063 8242
1312 4077 2187
6615 19427 5348
6910 17289 5728
6197 14233 815
11192 12234 9540
10090 10844 6338
11940 13733 2137
2387 13712 527
6694 10918 2854
1104 14172 6727
7647 9438 2282
11996 16731 1710
6973 14666 1247
2402 5794 5396
4644 8532 3390
5266 6077 9516
5174 15417 9317
3602 9368 4920
3492 15957 273
1004 19880 7859
14722 19403 9231
4203 6303 2946
4852 11620 5024
3355 19236 2067
1158 9962 7919
13712 15900 4156
1371 19468 6987
11503 15638 2106
2312 12996 8364
1209 16190 5764
6380 13396 2270
1228 1592 179
2169 5011 8828
4705 11543 5724
4892 18388 4082
15216 18469 8276
4754 5858 7658
14876 18442 2604
10407 10777 2290
11285 11982 8781
7333 16778 2485
1217 2279 5828
11825 17164 4410
11220 18707 3645
10445 17171 1007
9822 14956 1354
1558 11412 7363
14654 18364 5384
1158 11442 3790
7586 10775 4199
8469 17656 4652
2538 14382 9467
8678 10670 6390
15019 19746 11
1161 2718 1818
14371 16403 5573
3633 4298 5743
1838 9701 8857
2487 4748 432
1513 3787 6257
17098 18317 814
9382 18961 6620
4808 15020 9963
4299 12219 5147
7290 9444 2189
38 43 4277
3434 5921 3023
2207 19628 1516
2036 16667 3205
6657 12676 2911
9637 19916 4560
5811 7757 1572
9218 19752 6918
3750 17297 7060
1450 6487 6169
973 989 7846
10179 10502 2062
437 7632 2492
13752 15518 9632
2972 18206 916
1252 3513 3077
9235 14820 8896
7926 15836 5279
694 949 2866
1470 16392 7375
8479 10382 6317
2593 17677 9902
1473 1640 485
5116 14445 7233
8353 19788 6863
7560 12011 562
8189 11656 5776
15409 17262 6608
2713 17183 4448
5006 12909 1697
526 10067 1755
3828 4566 7921
3833 4860 9850
15047 18041 150
995 11081 9543
14209 17961 8212
1559 13050 155
9077 13203 5959
14867 16916 3560
7720 8020 2746
16454 17187 4684
105 15762 4166
2786 3460 8299
5296 11124 3836
15125 18413 6513
4755 16013 3051
3621 6893 3932
3002 8015 6012
2835 3168 8156
602 1037 9978
5112 12831 8437
1127 1151 652
13264 13265 9951
11 11027 5609
3812 13252 1145
5149 7535 8229
5899 14799 8290
577 6589 106
10758 17802 3466
2858 12963 8243
4858 7638 3270
1634 12453 5325
13253 18179 577
5814 7242 6206
865 1368 4579
721 14189 1424
9335 13741 2370
3786 19575 7502
10599 17603 2780
6767 18634 3664
1482 10638 2584
12577 19106 9113
5246 5837 1525
2259 15482 1429
551 1433 5995
3607 6202 8594
4209 15150 5786
9654 9804 5634
6521 11025 4647
1096 1116 1390
1898 10841 5326
5307 5483 1396
240 1965 379
3990 10223 2485
1732 2790 9628
10048 10719 4903
5019 17799 2158
2266 16779 8076
5372 8227 7684
7114 17901 46
9751 16441 4659
4467 19887 3119
2042 3904 3317
1114 18348 1065
7003 7804 4445
2632 5522 3159
4127 19748 2031
7671 8953 3501
1261 7956 3990
8875 19701 1130
1945 16853 4634
13755 16000 7387
6483 19161 2963
1042 2094 2826
947 4574 7411
206 13417 5286
17547 19562 6701
9963 11813 7662
2586 17783 1671
4011 8302 9534
11291 14526 9317
5599 12071 8786
8099 14784 8915
3876 16419 9424
15057 19228 6909
4849 14461 2302
12969 16222 9207
8025 8901 6772
15771 16930 275
5406 15373 8683
1191 1337 3719
5269 16007 4036
6607 6670 1255
2998 12444 2452
2406 11946 9176
13238 19680 1094
1993 6758 2138
212 18969 7959
6530 13597 2663
9993 14805 4342
11469 19616 5437
4549 5252 5401
2645 5241 2696
2905 10653 3821
990 14409 7026
7168 17486 816
6279 9472 1230
5211 12684 3492
6094 16047 6135
9842 10207 4501
5525 13726 802
984 18760 7721
2330 12068 339
11942 14017 2862
1319 13370 8146
2363 4987 5113
2406 11830 2088
1919 6294 9800
4729 9018 4396
1248 4074 2306
13197 15826 1121
1998 2831 632
8933 9320 7698
7237 16302 2630
506 13061 5368
13804 19130 8720
3022 16085 6539
7528 19987 7483
9335 13013 4267
2604 10317 3828
11493 19044 811
1826 6724 5538
2642 18236 3391
12590 15912 1672
1244 16298 9368
3833 4487 6849
15258 19606 2471
4593 9038 3486
8283 10017 9738
8296 18924 9401
8840 11180 3076
7926 16694 4086
17117 18122 15
6585 10267 4268
5062 6911 6192
863 16278 3248
13651 18428 6480
4329 8778 576
4876 14401 3770
8213 18207 5712
7023 14504 6346
15398 17072 6673
16624 16845 5605
4106 6988 7470
1073 1463 9742
1251 1387 5313
7253 19318 1096
2054 9690 2202
211 661 2896
3890 18621 7114
8566 19715 5711
11310 14698 5956
6719 7655 4646
3622 19831 4040
3075 12867 8550
2312 9650 2349
12800 17474 3762
5480 15912 9410
1561 8893 3495
4823 10279 5621
5457 19396 2645
5590 18204 2560
3989 16961 1609
5545 19601 4529
7039 19565 9853
10504 19172 4840
3097 3665 7824
3283 18894 5026
1896 9007 9595
1224 5670 6823
5153 13609 8762
157 9241 7333
3 6695 8304
9228 14319 8717
1376 2041 1882
6594 18179 6167
6120 13113 524
2279 8059 7448
9049 18417 801
18676 19674 1569
3660 15494 2151
822 2939 6468
8559 10671 7920
27 3964 553
12419 15517 5471
5063 7897 8154
5379 11452 9570
1721 2104 2666
4684 18015 633
4340 13251 5012
6176 13274 1541
4784 4998 1914
11911 17630 9751
2338 4739 4685
10402 17555 5060
439 691 5620
10056 19876 2693
3305 6362 9588
5075 9608 8714
11174 14921 9790
46 14773 1182
1020 18332 7217
334 694 2275
9356 16901 2761
13301 19662 6638
2236 19202 4294
2725 5872 9420
6392 15123 9619
3573 13852 1696
8896 17720 8729
6883 7539 4393
3137 13751 741
8633 13472 9870
4819 15576 3164
1693 15057 7208
7558 15582 6098
8733 15648 1728
213 12704 2280
13489 19788 2392
16965 17460 1174
6327 16208 2220
1714 4590 3666
4466 10750 9540
6950 18560 208
4509 8787 6353
2620 15671 9293
3767 13736 1736
1363 19582 5261
465 2622 7343
3518 15881 9109
5685 19851 4174
5267 16730 5364
3274 11816 7607
159 12521 6575
8161 17573 8807
6622 13949 9529
1700 5343 3001
1069 15924 11
5444 8699 8053
11695 19305 6072
172 6861 8335
3216 3632 664
6523 19479 2355
1743 9873 972
1139 12513 2243
14573 16877 6180
3607 16036 965
5089 16813 9040
6923 12949 5947
3734 4107 2100
7205 15439 5799
1424 19567 1824
4367 17447 2644
8814 10685 9615
3607 15085 6223
3575 10678 502
4540 6427 7899
7540 16265 6235
17046 18478 4904
2010 5615 5863
5421 15621 8295
8827 11201 5417
6702 18249 3324
216 3919 567
9808 15208 8394
639 17453 851
2785 3115 5342
16369 17481 7816
9030 10262 3495
523 1470 1687
10296 12450 9913
1773 9360 2815
11365 14798 3867
16824 19501 7742
15835 16169 6874
1717 17706 5678
478 2079 6443
11463 17913 7845
6533 18609 9378
2612 6932 671
382 5844 6519
10022 18011 8053
9840 16955 6844
7973 18326 6335
918 1809 4655
12542 14874 7429
18468 19382 8312
4528 6717 8168
3945 4912 1414
15002 18394 6016
2780 2930 2020
6114 12018 534
4430 4530 479
12728 17243 5026
2286 19753 6903
6817 9015 5754
522 2649 5567
10242 11591 9507
9530 19027 8784
7484 9975 4044
10619 14269 8239
3834 6836 7492
4413 5636 6160
8877 11486 1686
1458 17930 2413
749 900 8142
6643 6934 50
21 33 7378
319 349 7859
8988 18459 6707
12678 16768 3410
1269 16644 108
515 15455 9295
2709 16148 9383
13354 16743 1659
54 1400 1691
154 13528 1748
9633 19065 9440
7156 9382 4809
4425 5650 7886
2177 17255 2606
4443 5038 1893
564 4851 6254
3504 4485 9312
1463 1721 2696
3266 11006 3641
9715 10687 6812
3207 16210 6546
6678 15911 9177
2370 2550 9370
12025 13299 564
3668 14597 5817
8427 18602 4734
12139 15179 7333
5565 15949 2541
2608 8648 8159
12527 16409 7420
2749 5319 4135
6390 10908 9392
12280 17095 6018
14099 15112 2394
5336 6365 8618
10382 13707 1265
9221 19117 1444
369 4029 1050
1336 9931 5238
3411 15850 6373
7491 14517 7644
1739 15522 4568
1911 2627 323
6971 7365 54
2134 9701 5936
905 1042 4583
8327 15501 511
3579 10485 8806
11384 15389 8914
2999 18996 6925
172 7877 4560
10492 16588 3004
2798 13857 783
4755 9865 2932
5598 10214 4857
3572 12193 1287
10403 16590 9863
3367 16335 1034
6816 15326 9148
14948 19790 8450
10580 13454 1434
947 4711 3425
7649 19979 7193
8604 19448 8213
1463 5637 4390
2511 19040 582
10352 14603 5171
458 960 8888
13934 15061 2895
15500 16906 4160
7068 14106 735
6862 14042 8568
3435 4149 5122
15595 17785 8139
12779 16151 2744
15248 19802 9000
3850 17129 6806
298 16151 6926
450 1494 3581
10846 12677 4199
12295 18539 292
2413 15109 6972
7087 14866 8844
326 12959 475
12154 18192 9670
14152 17982 7859
19553 19797 8874
3241 8516 3063
325 717 3121
1894 14165 6954
11656 16073 9876
2419 7423 5473
3749 18557 6234
2602 3633 7382
12314 13844 914
7206 8052 4035
4391 10035 2354
6175 17851 6441
2571 4190 7572
3257 16604 6418
730 8016 6737
5973 17013 6024
5812 8394 217
8325 8560 5693
3820 4663 7838
6286 14574 8394
1367 18600 1437
448 599 205
16157 16398 5366
9539 17063 8914
6888 12908 8939
1493 2256 4942
2360 18287 1812
1238 6806 8690
329 1263 4296
1056 8425 955
9100 11763 435
3735 17381 9499
7698 11296 2003
5471 9542 5373
133 6316 4737
6489 19874 9227
14288 14868 3403
9966 17232 5204
1377 5113 6985
24 887 9848
6539 17494 4547
15247 19950 2042
1953 14346 3507
2102 11553 9974
1422 18489 7938
4225 7536 8579
3962 11297 5654
703 16579 5148
15021 17072 8518
1135 1793 18
39 5355 7517
6847 12758 7042
3079 13503 4703
13717 16382 8646
468 5257 686
15945 17180 5609
15426 15551 8702
203 1670 5971
5310 12449 2191
10141 18302 9744
3784 8759 7784
7215 10797 6448
2309 15813 8407
199 377 3561
2933 5551 31
13242 14082 2814
6799 8162 4513
6349 17762 4669
3586 4523 9035
1032 10614 1038
5142 16839 3240
9898 14690 6357
4944 14960 846
5312 9686 9965
687 14889 3249
14517 15681 937
1584 7486 7302
6001 12375 6019
10003 15913 7239
10452 18489 9793
2889 15912 5865
3264 4884 5337
3758 8216 443
3927 11229 2410
10547 18331 1155
3586 16690 5090
2346 10273 5861
6306 13331 8898
7794 11345 8946
8288 9407 5261
9225 10842 1018
6352 11434 1997
4115 12192 1104
10152 11467 1732
8034 14128 1555
3887 6290 5233
11846 14985 1631
2896 14308 1700
112 5337 10
6415 15247 6720
3226 8109 4350
122 1869 2928
10240 19549 3984
7081 14813 3230
5446 5926 4442
1834 2761 3160
4262 7780 3469
4418 6275 459
11778 16077 3389
3077 4865 5856
343 1487 6194
12436 15268 4489
1509 14649 410
12925 17190 532
2887 9073 2971
4913 19579 55
5771 18265 215
5436 12495 8150
4044 12159 7745
1792 2089 4062
6740 17336 2506
3396 16240 5831
3253 4232 520
6658 17266 2861
9052 10114 5094
10066 10634 1268
5090 8297 7431
5017 7406 3873
10020 19955 2467
9730 11358 9100
2453 8785 8762
11223 17933 2924
144 926 3479
15706 16468 2669
154 2492 9344
1285 2118 1033
3571 8045 2078
678 7603 929
11389 14745 9828
6716 18955 3533
10369 11882 9189
5201 16389 6642
7767 19955 9655
2666 19579 1655
3102 5710 7831
4352 18618 5630
1118 15627 4953
1824 5131 433
9573 10827 6434
6824 6952 9211
825 8361 6202
1299 4903 1606
3803 12572 3505
12899 15386 3048
2434 7547 450
16728 19434 7186
478 1255 6642
1236 16194 3146
2390 2694 9590
5809 11734 8945
10801 13502 1811
5008 13462 4986
3903 4757 8470
11135 16724 5108
7227 16308 574
1293 6028 6782
12731 13861 1878
1846 4454 5619
1208 9104 3624
14111 16805 8111
6945 10325 1204
3328 18993 6854
14901 17556 9773
3926 9154 1094
787 12521 1006
81 358 1355
7187 11139 7074
2271 9705 1116
1762 10471 7738
1324 2682 7575
9180 12828 2793
1808 2952 1636
166 11302 5866
11012 19745 3307
13963 15384 7881
9256 16315 3177
2028 14706 8596
1876 8966 7854
2841 3775 7023
16579 19598 6451
1573 14183 4850
2243 16806 2061
463 3074 5931
2691 10988 5472
333 8555 565
4232 6909 8518
2331 11440 8578
10571 14227 2393
7 241 792
15111 16090 3873
4454 4909 905
7635 19418 5485
496 12046 8533
2223 2769 564
4846 10132 6474
5180 11131 4186
3547 6690 9753
8676 16150 2311
3570 13495 7242
3349 10235 785
4013 9277 5677
2117 11045 19
99 838 5062
2017 5732 6334
7141 19019 6490
606 1167 4154
4491 17138 3512
5971 9209 1616
1864 13869 7245
686 867 2961
10105 13884 4496
9420 17494 6371
615 5974 8584
7563 16211 4473
1877 10763 8070
317 7374 2587
1443 13903 5620
4680 7207 1789
6598 13913 2079
7913 8982 4084
5760 13910 6561
4429 8105 395
3599 18092 9263
8787 9570 9263
9138 10405 4992
52 14111 5051
4368 13192 3020
2054 7193 6512
1877 15085 6641
6706 6741 4384
2418 5028 7036
3010 4501 773
4166 19383 1929
16926 17439 3105
5581 13898 7990
6453 15809 8040
12620 15323 3933
6472 17621 9395
9846 19951 7719
1263 6531 8937
17200 19967 8415
7083 13057 2272
5459 14276 7249
11809 19359 7487
11537 16296 4186
372 2767 5977
1589 12848 336
4788 16287 9960
11408 17506 4952
4907 14080 631
3486 5712 4999
1308 7949 4090
9420 11722 8308
3455 7344 2004
7975 14127 7960
8571 17543 9767
13046 18474 5362
4218 4575 484
1823 5104 9093
4600 18696 9440
1119 10414 3760
898 12662 2988
870 1501 489
4811 14320 8486
148 253 4212
11302 16667 819
5490 18597 4079
2273 11748 2374
1205 18840 9684
421 12107 939
10157 12508 311
7874 12872 3054
5350 7719 5247
2652 3840 405
1355 7871 4834
6654 10067 7868
325 1595 1112
4776 18540 2076
2282 10062 5358
5017 9766 4509
10791 14904 1140
4919 7765 1007
2140 3132 698
3156 5568 4894
9267 16413 1464
1446 1708 2460
5341 11643 1054
6650 12281 4953
8338 11307 7313
7255 18889 6616
1177 1537 5288
6436 6832 3714
1674 3868 3221
1159 8662 4869
3693 7275 8945
9899 17881 3274
2420 16854 266
59 18060 8599
172 11902 5370
10607 18044 8304
7144 7186 5289
725 9559 8534
11867 15870 4930
2005 19613 3269
11540 19716 2594
1135 3383 8481
2033 16557 8538
5503 9122 7660
16174 16398 2214
528 747 8203
13939 17390 2553
6368 8361 4822
5418 12647 4165
8328 10197 5071
13120 17417 758
4221 5126 9163
1144 6415 604
14080 18137 5633
5195 8914 104
8134 16759 3690
1416 8756 5804
13239 18626 8556
11488 12286 3120
969 9242 1233
1984 6438 2226
9842 13770 1210
918 12684 4836
3096 19327 315
10759 14287 1017
8902 16081 3884
3222 18013 9827
439 4641 6332
12825 15978 626
4676 15028 5397
13427 18095 3425
6792 8273 2191
7805 15426 7107
6730 15088 1434
3847 7844 4400
10721 14227 2014
959 4457 3324
5300 9343 5584
14590 17151 6966
284 3430 7835
12495 12856 8234
5599 19796 5165
8377 12922 4772
2147 5728 3679
1808 10453 183
1023 1403 1593
834 3293 5315
6674 19368 303
14303 15150 2993
8511 17248 6404
455 1270 4299
16324 18172 4276
6293 9901 8236
1374 1376 5592
15508 19569 676
16400 17332 5673
1222 18977 7726
977 2328 1783
3324 10221 3327
11421 15022 6003
15348 19218 3542
7557 13328 9406
4495 4544 3285
5904 17025 5439
5221 6417 335
8320 19563 3954
640 8709 6451
12103 12986 4718
6338 18855 9348
2917 17541 7109
6395 13326 2148
13250 14245 791
1738 3531 8852
174 18747 5049
4256 10614 8144
33 205 4880
14020 16379 9805
3370 17366 8385
1575 1775 9178
8586 14813 4979
2220 17795 6410
2661 13675 9315
5696 14049 7322
1367 9112 2379
3010 13427 9330
11163 13383 9636
9417 18951 4156
5512 12341 3646
53 2783 2477
13002 15449 3526
1246 4405 8245
4984 5501 2942
13081 17042 9648
14180 18955 3679
5552 5990 8149
12609 14672 4966
7359 14923 4371
6227 6644 4080
411 2474 105
9808 13593 3110
1808 13318 7391
12542 17122 4155
13529 13697 5953
5285 9699 2082
8087 10458 3422
7783 15197 3873
737 941 9391
10028 13342 8828
584 16580 7687
1115 6751 7308
8602 10596 7062
4677 13671 1985
4174 7262 7252
1871 1923 9962
9661 13802 2173
6773 12625 402
11065 16995 2908
360 10885 4780
14615 19696 2324
1457 9298 6500
4447 9993 8774
1542 13428 6939
9122 18541 5066
26 264 4076
1524 6752 7382
4889 5278 752
12747 17579 6081
4087 9527 7691
503 3214 7077
9407 15730 3803
1807 12427 5769
8917 19903 125
1656 5518 2412
1537 9765 2937
936 14143 6499
15958 19761 9733
7835 10284 5822
2541 3003 6467
1529 3737 5041
3270 16120 9097
588 5770 1808
442 14761 5417
9151 9573 2981
4330 7166 2887
15096 17523 3987
7202 13705 9279
9944 13795 9639
3859 12970 7691
11340 12099 9808
10064 11964 2832
104 1512 2642
5201 5622 3613
975 15167 9593
8227 11034 4437
6773 8536 226
3393 4005 8397
2872 12751 9777
4520 15128 3843
3431 17490 9257
418 514 3522
797 8968 4607
2051 4212 3556
5870 12091 2124
7493 8332 4054
5276 17669 3501
2904 11231 5677
1956 12716 9355
5665 6418 9734
864 9022 6438
258 13479 5972
9218 19354 8498
13204 18835 3010
581 1323 3340
4028 6192 5469
8670 14483 3292
4401 4622 2563
2170 18983 6625
141 2343 8321
29 16786 5340
4548 5142 374
12357 16199 7746
13163 13185 4055
8104 9807 5556
10118 13554 8217
5922 9831 5615
8654 18110 6886
1238 15330 5444
6918 17996 2213
3084 12466 1057
351 5871 6964
2104 19072 5576
7551 11512 1461
14321 17017 4026
830 1504 1305
3459 5117 9088
9 17141 1630
4494 8315 3897
547 3837 2766
1158 1576 1795
1512 9392 2694
848 10480 5961
8556 16405 720
4732 8840 405
3194 3720 7496
443 19040 1436
15406 19101 1395
2529 13095 9648
5306 5346 9986
261 9087 4528
5017 9282 8254
15784 19219 432
2885 8303 8116
3150 10086 1353
343 19417 2954
4949 19785 1932
2836 7259 9987
1238 3638 972
15968 19335 7088
4860 13628 8550
384 12384 4309
322 2571 9193
646 12660 1086
7296 19723 1923
6933 12861 5616
13634 14105 5979
2217 3290 844
1621 2929 8172
4975 12349 6586
6151 19853 7260
16958 19945 5426
2367 6433 1291
4581 11493 5629
2675 8403 2231
6966 10099 8503
2706 5431 751
8205 11880 5334
7514 18370 8098
2517 5833 5304
222 3812 755
913 1272 9520
3921 18894 8019
683 3816 2438
9706 13870 4051
1018 1279 927
7902 11414 4999
603 2676 1834
3874 18222 520
9628 11596 3326
3479 10615 1053
3004 5501 4442
3091 10057 8261
4816 8144 5310
2544 4380 5105
4657 5357 1918
13678 14640 1065
6163 19121 6915
4917 16149 8775
12862 16452 1035
730 3752 3051
1459 13832 2501
1670 1869 4816
7385 11272 2981
7294 11198 553
1937 7211 5242
7463 7935 7409
8453 11686 3837
5961 6940 9297
2992 11607 2130
3954 16852 9781
1079 1634 7525
10043 13740 8308
5033 5280 6019
5650 13700 8498
15811 18122 7326
1215 6964 8917
1133 14295 6835
14441 15386 6399
6900 17997 8065
5466 6186 7531
4843 16584 6746
3052 5765 5776
13520 17228 5007
6835 19066 9132
2364 4362 28
5659 8053 2164
7212 18277 8204
10952 19803 8275
7943 17270 6259
2881 11343 2578
2818 7858 6728
3275 6042 9187
3499 4644 3443
826 19089 1752
656 853 5328
537 11489 7995
6246 6390 8898
7477 7745 1464
1124 1863 6291
4589 19977 108
453 1401 9442
13487 19328 380
9418 11737 2174
4224 16426 21
10498 17353 60
137 923 4257
3575 17312 2585
8589 10077 6776
9791 10290 4228
13369 14266 6498
226 6007 5161
10981 17624 6632
4029 14933 7755
4352 15933 8800
2015 11717 1134
12057 12551 2189
328 7612 2078
6111 12525 8328
1149 5235 2667
5906 19466 2922
11378 19445 6799
182 16481 238
14717 19638 9267
14496 16853 4980
9297 19079 7659
596 15786 394
2286 11246 6954
6446 17211 4076
10482 16418 7298
10476 11785 4318
1795 11740 4925
1782 9262 7162
7123 8976 4900
4980 15638 4796
537 13729 3746
6174 12724 2439
8848 14084 2223
14606 17533 8029
5754 7559 3017
19251 19857 1649
1766 11428 52
10115 15878 6352
1308 5908 2409
1136 14571 3563
4489 5651 5662
5140 17755 6668
283 2217 8381
11383 19907 3309
9007 16828 5575
212 14348 2236
1906 7628 7827
3816 13098 3648
4 50 8890
3417 16012 60
856 14355 1892
11774 13322 1262
7576 9151 8008
590 844 1549
11991 13962 9667
6439 14762 7149
16711 17869 5616
15 7692 5602
7422 14584 7249
4023 15414 964
15557 17387 1354
7987 14363 3082
3265 9068 6090
5537 16629 4346
8240 15998 6276
2771 6995 9897
13813 19723 2563
6073 7168 5971
2007 5642 5978
13644 19215 4139
7132 13263 6485
14038 17352 1548
3453 15851 6298
171 4687 1799
2856 5895 9751
4024 7613 1101
16553 17160 6531
10645 15933 8284
2082 5753 1451
6170 17240 6253
1455 14939 4622
1498 1953 6861
7196 15334 6527
11136 17980 7767
2509 3345 6901
2157 2570 369
6511 7508 7953
1810 15377 5867
10614 15772 4416
13675 14676 7293
7716 10518 9286
2046 2935 2543
8312 19675 9449
288 324 6232
6680 19984 2159
16382 19529 9179
8317 9710 898
5120 19630 607
2669 16348 9661
7763 10199 7472
18180 18581 1450
5024 13731 4225
11466 12637 1302
2538 3068 7583
4555 15584 6407
7737 18898 2135
4542 7435 7549
13107 15054 4328
3145 7354 7642
11979 12785 9471
6901 17913 5223
7889 12900 2289
8067 18327 218
10119 19343 1329
7980 17389 3738
4639 7172 5855
10760 16977 9866
15417 17529 2443
37 486 6219
2578 9213 8388
1023 2393 8063
2750 3231 9382
7309 7646 1695
899 9727 8245
5164 8392 9969
9310 18551 3427
14361 14672 3141
5591 13409 8896
1967 10136 7647
780 1879 7379
14056 14362 4441
8254 19554 9062
2276 8605 2729
10593 11825 9455
657 11793 8769
3412 17738 8808
17932 18159 2710
1319 15793 7105
12864 18527 4506
4566 4869 3334
3564 5596 3649
2056 4931 5619
7423 13303 309
1658 2494 9033
363 990 9899
3046 9874 4475
1619 13800 1580
846 6234 5104
2507 13374 2101
3046 17220 3983
1976 19303 5822
8502 14745 5958
4508 7336 8723
29 6127 1944
7721 19449 923
1136 1407 8031
3075 5134 1987
1255 15568 5243
12660 13591 7095
2667 13782 8215
2829 17601 1775
7718 17931 6251
3370 4425 2750
11261 15045 6602
2891 13395 7721
2513 3720 6983
565 678 3539
13965 18705 6414
3844 18307 3541
1577 8192 9942
447 1107 5491
265 3502 2104
427 4776 5612
2886 4277 5937
13605 16066 5969
4858 7677 4341
4370 12086 4105
1842 17802 1055
8113 13470 4413
166 14857 9269
3509 9539 4698
11858 13382 9112
2199 15268 865
12366 19718 2639
4414 5304 861
489 14427 3264
2705 10820 4601
12224 12746 4095
7617 11929 160
6106 11104 4199
4659 12449 9001
2011 3261 8599
1102 17755 556
94 368 4110
532 2422 1504
4326 11064 8733
5386 15749 7981
7194 12038 7913
2011 16985 2500
2070 13604 2492
2450 13985 3136
5612 7035 9298
3913 11738 4084
5750 14895 6205
3814 10505 4042
1419 11065 1598
1323 14867 2551
18111 19350 172
4939 16547 2772
2801 16127 4756
3771 13237 937
6100 7195 5298
3735 14373 4116
14050 16518 874
1714 15418 9259
4395 5344 1151
5199 17892 6230
14990 19296 7923
10528 18652 423
7105 8838 5277
4591 14652 2238
879 7665 7392
703 4729 4141
3982 5057 9540
16168 19176 9615
2542 2572 9350
377 9936 4957
5595 17086 2686
5838 8247 230
4661 8608 9842
6791 8277 8863
167 3035 9520
5376 11728 7121
3620 10604 7859
795 15475 971
4197 8242 7214
10761 17416 6406
529 4901 1683
5560 16530 3209
15146 16185 2259
7254 19957 2155
9854 15340 2922
8038 10494 8031
10269 16503 4322
2831 15790 5650
14741 17667 136
142 2553 982
377 890 6190
6403 7316 7204
4376 7397 3465
620 12096 7672
18221 18943 4882
446 7106 4245
8490 19677 9618
6615 7642 4866
6395 15586 8585
1473 6923 2997
3341 18468 68
15106 17077 13
2661 11997 1995
3988 16414 7540
5667 13179 9240
7704 17692 3187
1447 17409 4236
3767 18037 82
4940 13277 409
11146 13333 7176
6843 7336 2841
3110 7024 2860
4732 9851 516
14405 19883 4310
5532 8400 7222
13365 18524 1025
11597 17345 5457
5016 15785 8031
11122 16166 2777
3588 9409 5151
4465 13600 4126
1214 2361 3921
707 11865 1529
13434 13556 3449
5085 18890 6936
15304 17696 1547
5432 12508 3633
3643 16352 880
931 11616 1080
295 1291 9769
5121 12934 3428
97 17316 554
1196 3697 870
1741 10911 4005
3108 19933 8923
13215 13907 822
13631 16276 5954
811 8206 2828
14295 18460 8076
2854 7874 4204
16156 19107 4070
1661 2270 8249
4529 14558 5161
7702 13658 63
1258 5734 3233
3480 4751 256
2515 14835 1798
18665 19770 4503
4261 12272 4305
6921 8138 3152
10942 12583 5273
326 9234 3983
793 2394 6573
3053 14172 4681
6214 11245 4939
439 1027 60
1755 7855 5706
8360 11394 2418
3421 7436 2089
6843 17074 9722
3127 8971 3760
9798 10400 4483
3753 9063 3347
1768 6674 1914
2370 19111 623
4204 15094 2843
3441 4206 8727
334 584 8876
5258 14612 7354
6620 16153 5498
561 16437 8159
4103 16828 234
4338 12537 3519
7530 9324 3593
34 16319 6873
11049 17671 6665
4379 12681 7379
3487 7452 5478
361 1426 2598
3053 8696 5334
1087 1806 4045
12345 19934 2324
136 992 1897
12619 14456 283
2284 17037 2224
905 18944 3367
13280 14983 9906
6708 10328 5665
9344 15042 3035
2304 3653 7700
1397 9600 2246
10303 11933 3423
909 19580 5203
1789 10290 3451
14482 18794 3117
5094 7636 7784
1423 7666 3034
157 1016 11
71 4978 9021
5946 18882 3488
1538 13442 9239
4470 4495 9632
6926 16696 8445
1443 2460 4232
4440 5443 2250
6244 14063 3461
7341 12054 1303
2553 5822 2157
8146 8831 893
7757 12539 7540
2836 15227 9653
87 12357 8318
10452 12880 986
1240 2683 5802
6441 17993 1104
6526 18353 9552
6640 19733 3374
2034 2708 107
16315 18220 4933
768 13045 6407
3150 16542 420
7347 17769 5356
3097 5464 4092
3012 3811 2065
12542 19718 1216
4273 15966 6731
7270 12019 9345
3602 13881 5698
2803 2983 1984
9336 9607 4554
26 18494 4397
5549 19795 6982
4773 11176 8392
2761 7164 131
199 6220 7930
42 206 5663
4438 16131 7143
8570 14887 1631
233 15386 7330
13423 16542 8419
3701 18644 8447
11792 12824 6249
3431 4652 257
3333 16269 2022
2391 6877 799
142 2592 2954
2074 4065 2491
6649 18621 7352
12602 16555 306
4894 18771 2290
2318 4024 2886
174 19349 9741
7542 15163 3756
1415 5283 5392
11566 16991 9404
10555 17383 9348
1184 3235 5340
10705 12734 5675
17091 19598 2012
1097 18047 9261
2538 4307 9464
13865 16240 5758
4950 6182 1021
309 6497 7829
14592 15476 8539
9530 15302 8231
4710 13190 3418
5614 15544 4860
2900 11655 9839
75 12419 7370
11982 13987 1870
233 6672 3515
11169 18804 7928
2669 14742 1241
4740 5856 6286
10421 14486 5568
7953 10184 4573
981 9812 948
3476 14779 1186
1008 7757 954
8103 11059 1324
866 14926 6256
8997 11111 8281
950 1048 3701
5394 16251 3898
11971 14489 9769
13596 16887 2991
12300 15066 997
10228 13196 4557
4714 6838 6334
3837 8452 2197
3011 5183 4572
1438 10352 1285
18102 18344 8771
1877 6490 3435
1340 18814 9308
13869 17346 4946
8562 8588 7483
1060 1692 1131
5741 13368 9761
13494 14671 2097
2167 18896 6464
3187 7162 193
15856 17730 4724
13266 18285 1912
13376 16503 7971
9750 19166 3202
6423 13048 7158
8093 12575 9722
1948 16860 1508
13319 18850 3654
1084 1630 2611
2106 2432 3785
6119 15763 7397
4756 16141 2704
7827 11508 7879
4710 9092 9452
5161 12579 4122
11916 17541 58
14885 15567 7270
16615 19900 1361
14365 18972 9341
16934 17318 6818
5831 19910 3989
243 1055 5505
14127 18323 2348
8112 13479 6066
13424 19019 693
11061 18434 8720
14161 17352 7787
5335 13819 3329
2163 3991 1204
4851 18978 5058
3902 5193 7639
4059 8884 2203
121 848 1171
7870 19648 6701
4688 12289 7129
3320 3605 8967
18325 18529 4840
4854 9458 5107
5638 13741 6099
1392 2436 337
14340 18367 41
8416 9482 5761
1737 11481 9864
9327 18427 1571
8622 12211 4580
626 700 1883
4440 10469 8826
4809 19067 9791
10632 10897 2117
3200 7435 1437
8606 15489 2533
4123 10808 6230
1373 1747 9469
6342 9399 4071
8346 19985 7249
2709 10153 3563
6756 16907 9773
11816 13307 7806
3143 15322 8629
4979 10648 6522
14473 19528 2368
11231 15313 9258
3324 5022 1485
7761 14273 986
2748 5678 7751
1670 19882 6990
568 11675 8492
14964 19009 7358
16445 16836 2536
3316 12032 2690
1302 7766 4541
6819 18369 3761
2891 9340 2856
6863 13660 1515
961 16133 3768
5227 7563 4672
6600 10265 9871
3106 11092 7958
3117 7872 2124
4644 7802 6799
1295 6454 6917
5268 11788 3266
9625 12017 2852
9220 9500 1621
9411 17577 1868
11312 12991 3277
4183 6941 6785
863 8865 8942
3415 14306 8288
6155 19479 3156
4537 18501 2633
709 1435 6939
4984 11062 5392
5811 13164 1569
1159 4763 1013
12956 15615 2644
14039 16604 6017
4546 9407 2550
5621 7110 9835
113 5376 8607
14533 17238 6710
10944 14001 497
2868 18895 9203
3262 19772 9820
7685 11716 9049
6150 10264 9287
13495 18365 5625
2516 17373 6710
1706 1869 9005
13437 19336 1027
1887 2516 2555
5236 5637 5201
1392 1489 6142
4746 7060 4546
17444 18782 1936
14791 16857 3712
5726 7423 8862
226 4107 7736
43 14409 8208
991 10286 115
7466 13387 7697
1240 1381 9578
1834 9072 9328
4008 11444 2188
10938 16457 6017
3113 3671 6875
8445 11830 5385
5577 7054 3036
10128 17137 1015
15161 15848 1083
11826 12268 9123
2682 9602 9160
8388 13835 4546
778 1353 3607
7601 8480 6228
946 15427 9748
1948 4524 3393
16545 18374 9833
3768 19158 4551
3118 8248 542
425 5497 474
2721 14456 7658
6855 19924 7926
11413 13417 1299
9184 19649 9425
10250 16162 8152
256 3252 2486
6288 11148 8989
5726 17156 2907
388 14655 1120
12533 14449 8729
6721 15785 4909
4053 19455 8181
386 692 6613
12851 13669 8477
2559 11715 3956
11902 12248 4897
803 1230 6773
6167 17827 8307
4863 18230 9784
6782 11591 2665
5233 10218 3032
8740 18011 7473
6269 7958 8264
11010 12974 8938
6087 8701 7184
2208 4755 5529
14126 14322 5381
13173 15419 2239
2111 2518 5978
1485 1754 4280
4318 9817 3202
227 10407 4331
1979 2095 230
5066 11421 6202
4270 5173 1071
3662 4593 9765
4493 19917 1841
4370 10888 680
11726 14289 6674
4079 14665 8162
10540 18297 7378
3979 4763 5477
7111 17966 5371
5218 6476 2860
7092 15571 7728
1474 12792 239
18764 19770 7038
4593 19959 9346
13042 19751 2664
17360 17965 7995
4308 6915 9654
2452 13261 7469
6507 8487 9871
1713 8519 2412
701 1098 1039
11256 16705 2059
792 2352 9054
11074 17504 4520
1590 5742 5846
12477 18555 8370
2529 6260 7097
10444 13237 6816
12979 18535 8902
6164 16366 8498
1802 19695 1744
2921 3446 7973
3966 12354 1984
7890 16924 5703
12791 18181 3014
487 19756 6081
721 4136 2445
5927 12833 3014
200 214 4392
4335 10120 5315
1554 3817 6229
15781 18298 5564
3297 11487 5030
12587 13140 3243
2532 5564 6385
787 6576 8607
7307 16413 7757
1152 1750 9518
2453 19247 769
3122 5281 1712
19110 19500 4315
6313 18077 6331
3522 8345 1496
7210 10563 7190
4229 18008 625
6093 7264 5142
3514 12851 8098
1816 2275 2950
1476 5952 8980
173 2975 9808
937 5843 2747
1488 7380 5713
6185 8906 2046
9530 10315 6841
17238 19038 2278
3311 16076 4599
1373 10841 4106
4272 10139 3170
1098 4135 414
2163 11194 8927
12338 17654 1545
3404 5199 1443
1599 18351 13
1569 3975 9070
10133 19532 4068
742 14227 7385
4343 8600 5932
2479 15554 1306
7338 18532 3909
2409 14253 3989
6239 14503 4763
4644 7182 6576
2506 3431 3739
6167 7555 2204
8106 11154 8118
5541 8972 6289
668 1729 1614
15018 18833 7481
885 5318 688
3139 10887 9274
10645 17031 4919
5887 7298 7580
1391 11482 882
950 17447 7259
2324 10650 3344
12161 12604 2326
1475 15906 7685
287 15100 5370
3962 6059 5283
2728 11567 4314
2465 6722 3011
113 15348 7177
3291 5971 5835
11103 12945 3837
8919 19519 3180
7795 14754 6294
201 226 4895
9333 12670 5925
13521 13672 6897
5038 14071 4254
1618 2879 6287
15421 17736 2049
1241 13953 7173
282 4219 9376
10841 11367 6396
6190 8647 7969
69 2702 7846
5990 19866 2776
14317 15599 398
2342 7127 7744
8459 14755 6314
4465 14790 4655
5736 7561 4526
7380 11845 7741
7035 11982 6583
2212 11310 688
2019 18645 5312
8858 15148 553
4451 8220 6519
2660 3441 8478
1286 3274 7160
14579 15594 3149
11743 13753 3433
3915 15155 9537
19202 19572 1821
2380 15107 8308
8957 17531 4460
10539 10980 4601
2656 4224 6866
2078 11587 7017
13680 19930 953
8596 11183 6970
5788 6251 2696
11489 18434 7547
14956 18263 3584
11116 12847 7393
51 2390 5547
12274 14503 2522
93 11360 4965
4323 6941 1828
3258 7823 8209
366 8973 8012
2880 3025 5869
7837 17100 3597
7035 15664 7403
5112 8755 5404
6179 11727 5038
6867 7030 5376
4716 11776 6368
602 1239 4410
2053 19338 3517
2265 15048 3944
60 2782 6608
11703 18078 191
6526 17666 4178
7562 13748 4302
1221 7146 8661
3620 6604 4130
713 5127 1655
84 6138 1057
1572 4209 3670
991 14306 4170
85 18408 395
3305 5322 5774
15375 17747 7809
3314 17685 7640
7443 10976 1586
4840 16677 2876
658 5284 2159
7263 8658 7238
81 12584 7932
10523 18801 3046
54 1083 8074
2746 14914 3134
1750 11696 1107
4688 11941 1975
4740 4980 3939
15516 16277 8830
2592 4272 3260
8516 16460 4143
1147 4404 5483
9174 15463 731
1452 1854 8724
8634 10144 2493
10913 12892 2375
2765 6833 5794
2693 10166 2704
7469 13948 7079
2635 7781 6535
6151 19562 1544
13575 18686 6323
12201 16394 5741
9705 10923 6953
1732 13877 4618
2295 17815 6579
7752 18683 6512
16876 17488 320
6885 14754 9142
18105 18903 3679
9375 12509 4660
7463 9209 2816
10925 18301 7540
8649 13723 7213
2555 10309 3112
16880 18965 98
7220 10995 9148
2953 16337 6804
1474 13890 4750
10064 11259 2451
16565 19488 9503
5459 15612 1480
2853 6373 9006
2740 10138 8171
4044 5776 9051
7836 8362 3026
12827 15332 5322
2506 2959 6646
6151 19585 4306
2970 13968 4555
8743 11312 989
13963 15300 4432
2740 15180 7741
3165 11620 1473
3269 6178 833
12261 15986 6926
1290 6444 4084
5441 15650 3922
9049 13063 5843
2754 10818 1787
2778 9622 177
1458 17161 4759
14575 15575 4696
1334 1400 5842
8146 8650 4135
4885 15025 9333
6107 10283 9111
14336 18498 3722
1072 7719 3953
1043 7298 6067
14332 18364 5844
14588 14624 3797
6184 18584 6748
9469 9646 2115
14343 19426 9355
16237 18553 8113
8050 12196 3491
9803 16629 4764
685 5118 8403
7413 19268 8227
3806 12361 3593
3881 12001 4680
11560 17979 1397
7498 11254 5212
11984 13677 3246
998 17309 619
506 4030 6385
3587 10944 4459
3104 18495 9057
6257 7096 4638
1379 13174 9602
5104 8144 9241
4920 18161 5379
1185 7602 5832
4899 19388 5638
2970 12600 6786
224 1218 8449
2969 3065 236
9701 16097 8837
445 1876 3157
2387 12568 6473
1283 4689 5282
4830 7174 4152
6450 13366 1614
6975 18502 7988
12267 12992 9601
1458 2821 7916
5889 11114 8995
8405 9625 7719
6079 10726 1840
2576 6022 3940
1733 7136 1001
2975 3735 7357
949 1317 81
3226 18850 8007
1889 14185 5873
1283 5373 6032
4196 19842 9005
641 19597 5095
1702 10779 4721
4456 5308 9815
787 1322 4651
76 235 8617
3386 19950 5448
6525 10729 8294
359 550 6354
12086 19647 5500
12011 14010 4750
9879 13013 5061
11486 13462 9152
5494 7881 8793
3124 6897 1002
188 822 4857
3260 6373 3532
9578 14636 5442
7285 7513 4649
3364 6715 7927
14496 16683 2857
9130 10893 1378
7517 19900 9351
6720 16852 7177
12312 12812 6850
2858 7749 7752
6691 8058 6673
448 2325 3155
7303 19148 3422
6958 10293 6528
3779 6881 8455
501 13695 1996
7112 15275 5675
7777 11457 4033
7943 17701 2563
177 9736 3792
1095 4860 2184
863 19615 7084
4338 11367 7830
7252 15676 706
1958 12441 7314
8876 14119 8460
14300 15950 5720
11670 14850 7153
4489 16927 3889
13092 19007 8040
2390 17181 669
8661 13631 9884
1984 19415 901
3490 8305 4587
5493 6296 5773
7749 17022 8773
16926 17683 6678
406 1829 9823
3645 5233 7412
7255 10003 4807
8236 11349 2548
12986 18997 31
12 8476 4822
2990 11700 9025
12562 19643 2582
12876 14805 5370
700 2570 1061
9393 10555 5128
3549 6240 3899
5884 7070 4301
9290 15439 3281
5131 11038 5693
1933 8774 6854
5815 11008 7573
572 907 135
6277 7910 5104
14578 15809 6075
4266 15368 1767
10171 19868 7953
2761 7284 4975
8276 17249 2755
5656 11441 2354
17406 18356 7597
6684 13362 7581
7160 12896 8648
7169 18114 9997
4199 17705 2776
12641 14270 6741
2537 18240 7197
17095 19347 9118
1436 6151 7694
1642 6099 1473
270 6520 2795
8177 17312 4429
3170 14248 7590
13111 15310 573
6087 8124 82
5599 19470 2859
9293 11780 2193
2878 18408 1814
2012 15194 447
2166 2276 9292
1648 14236 3471
11291 12837 3745
948 7646 3097
1484 2049 5310
3537 5449 6878
10379 16440 3697
7085 15048 9598
474 1648 9427
18356 18486 6662
10545 11335 277
6741 10179 521
1889 13295 9989
5413 5738 2023
5909 13248 8343
1302 6641 7960
5889 16347 3672
8684 9162 7744
444 1292 7376
10222 14698 6128
8155 18180 4649
694 1588 9274
5005 11984 1738
1541 10577 295
12921 13684 4168
6151 18698 3454
744 15803 6778
6807 18068 4744
6496 11891 6949
7375 13362 9170
3589 17334 3903
16800 17459 8740
4571 5349 8041
7269 19829 855
10745 18571 8146
5354 6594 6568
983 1033 9803
481 982 7345
670 1181 7736
3918 17662 9104
5741 17559 7945
3865 17726 7553
9099 19678 4924
11418 17768 5829
15852 18744 2679
2920 5254 1960
3416 8407 8275
9964 17955 1880
222 3533 3672
426 13811 2460
3717 16632 4467
7439 7503 5036
6095 14881 5930
6933 17870 4900
11596 17360 2314
11905 13708 4517
6695 18028 8188
598 6678 2296
5044 10550 2928
9914 17273 794
2329 6604 9410
11407 13013 1437
15921 17832 2507
11595 16197 1064
1856 2717 8342
8781 10837 212
5322 6820 7979
4405 5029 4405
254 4157 4639
6575 11284 1780
14848 15810 6126
6451 12160 3868
2966 7692 2070
420 750 3359
16 217 6893
458 17980 5014
7994 19727 304
11192 14465 9005
11928 16568 1231
6268 12401 4389
3998 11443 9072
5339 14071 6303
4870 6370 362
6579 17378 6667
16916 18164 5126
3349 11441 5241
1027 9302 4320
538 2204 9626
6 7591 8585
10206 16869 77
2032 10781 8267
11554 19404 1041
10744 15724 3526
6649 15790 3217
13662 15970 2725
853 11937 1305
4420 14865 3633
6110 13199 2418
262 8703 7600
1594 12210 4294
1847 1996 4559
8314 14162 7209
1690 12185 9065
933 3636 5164
1654 11074 8806
14556 19975 6725
4193 5632 9380
4988 18371 2788
4430 15450 4721
1155 19116 5086
2594 5164 8487
10536 14776 7893
7342 15340 8862
10816 16959 4620
9308 13498 8496
5931 15017 7177
8677 16679 1448
13138 14050 9222
3459 13936 9467
765 7933 7964
767 2758 4939
1801 2299 3341
2222 16920 1607
11846 11874 915
8447 14475 4040
10189 14386 6019
2121 13408 4988
3326 5744 3851
1761 9026 6965
13717 15169 9766
300 405 9221
7293 13374 7073
9280 14197 3453
4280 8441 9670
1657 19543 778
4235 16046 6709
185 1238 7782
6638 7124 7073
3582 15000 2993
8053 14118 2128
451 7549 2520
2640 8186 4148
16549 18564 7380
5726 10638 1206
3954 5296 3825
272 18618 2709
227 2038 5077
6665 14859 2731
6817 13611 6795
16606 17918 809
16019 17805 4193
6776 6976 973
749 4390 365
3288 11338 8181
17852 18561 483
8358 19508 1936
1870 5163 4507
3162 4875 8238
4031 19137 3023
4280 4310 1371
3147 4745 5889
10952 13918 1474
15174 19371 2842
1336 9841 6973
8189 12493 5232
9450 12937 3772
5870 7800 888
10220 10386 5253
2915 18881 8428
2096 12538 2326
20 65 5587
2366 8492 5076
1030 5861 5792
1210 16856 2463
4185 7293 8482
12290 14784 1507
18431 19063 7497
4456 6021 302
653 6035 5307
2099 18734 2528
1190 17747 4253
2361 10788 2526
2965 3279 3579
903 7855 6267
1173 17983 4570
5810 7916 1796
3515 5889 8217
10571 16826 2280
16249 17103 1286
6602 13846 1576
15188 17021 3407
7371 8382 8260
98 19156 1342
4124 14842 2493
10694 10758 5628
2710 3080 4728
10548 16253 8600
583 769 9344
12638 17624 2169
2929 7879 6594
8235 13487 1736
6559 8888 8419
7830 16620 458
4040 11407 7699
4107 7711 4472
3420 14022 8259
11391 11444 6319
5654 8619 4788
697 1281 6467
8462 18981 233
10009 14708 4449
2600 10059 7212
2347 4775 7477
801 3481 352
58 14315 6850
1281 12003 3623
11423 18745 6971
17980 18243 5211
2860 15132 8230
8310 12766 5494
1723 15887 1633
2659 3429 4081
346 18089 2463
6526 19908 8720
12279 15885 8388
6928 16925 1537
8871 15266 9714
1931 11772 6490
7567 11426 2604
1519 6128 4518
9357 12032 1690
1247 5015 9359
2966 9076 5908
9836 10961 7810
4572 7801 1887
452 3668 7383
11786 17671 6816
3740 5541 4100
14236 17823 6192
7453 9666 3928
1691 2603 8850
2133 18575 6822
9245 17862 1309
3459 6547 5069
456 17996 7271
10882 13693 3511
2522 17806 9922
882 8449 8838
3766 13770 2497
4978 19734 7368
1226 15505 9699
2590 17856 1909
7172 7415 8314
4497 17574 8397
9390 10989 8701
4244 17023 7002
9853 15672 7202
5646 15656 2453
3925 11126 2749
405 1117 2476
5167 14978 9737
7184 19670 2393
12451 12636 1943
1857 3463 5221
3448 4140 4483
3727 5809 6551
2594 15757 6725
7979 19775 9753
7495 18853 8771
550 862 4206
4742 14423 4829
5705 7483 7256
4672 10275 1894
2326 3764 194
11990 19071 1721
3289 12540 2247
14916 18298 3114
7635 15449 3605
6513 19480 7758
1841 1853 59
4407 19655 4577
306 13431 5519
586 5650 8187
1790 5064 5520
2878 8836 4535
2753 5325 3997
1446 17974 1275
10522 12206 7933
16264 17857 5153
979 8929 8524
1354 2524 7196
8014 15758 3868
317 13349 5553
8916 19783 3808
533 17167 8365
8855 11462 6592
2290 13886 7702
2137 14627 8020
6154 19126 7492
6895 12464 1980
3427 7217 8541
7286 11160 3475
826 2593 828
3888 12021 4426
14527 19189 4304
4104 15118 5238
4770 12378 8479
14418 15808 7514
352 916 8542
1933 11410 5990
1552 1574 3935
4483 15157 2631
11936 18845 4610
3175 4001 4941
1802 9900 7693
5300 12151 8671
6280 11227 2856
8277 15347 4294
5004 7901 6209
847 1830 8333
15575 17903 9141
7313 19326 2555
77 666 4368
529 9511 8525
11298 11989 475
4521 16013 6523
1799 2916 3735
399 1442 9002
12328 16567 9685
8018 16326 4665
1182 18726 5593
10942 14515 9800
2038 11731 660
5358 11521 7383
3723 8841 435
10079 10918 792
9801 14431 9512
1608 4696 27
5872 6597 4598
268 1695 5961
3924 5452 7058
125 10538 1932
431 2064 8270
6984 7882 3524
2675 3821 411
3461 12423 5543
734 19721 4434
4331 14047 1771
12523 16610 3874
5 5042 5139
3010 6793 5877
7393 7553 3165
3370 4995 5989
2438 4374 138
10483 18267 3971
7820 12583 1364
1276 3190 820
14969 18683 901
11955 18748 5799
2294 11540 5950
3783 14060 9648
1703 1993 4676
3394 19543 2474
8434 18567 8582
7575 14264 1570
3983 8542 5865
2699 6144 6128
7750 11406 3769
4089 18336 4501
1198 6041 4624
1061 17328 9213
12130 15247 193
3771 3825 1002
17075 17778 3751
11185 15135 5595
13565 14319 8900
8883 17814 6986
3038 13769 5611
1332 5229 8439
12617 15601 9999
3386 8501 3812
4599 19690 2411
5600 16995 7149
12925 15682 362
12831 18622 1911
583 1671 1957
7554 7808 7761
17502 17914 6456
8753 17139 5926
2391 11496 9102
11558 12506 6128
11057 16521 1886
7075 17662 2464
3797 5506 6229
1930 14816 5342
14316 15523 3432
1116 6446 9966
1882 16710 6423
6096 9987 7109
212 1689 4360
475 11751 3198
5187 12830 4556
11294 13386 9931
13151 17815 3258
16978 18598 1364
629 1719 3871
18953 19874 379
17346 19242 7902
9903 19880 3355
1381 10096 8976
2626 3381 5183
3414 3619 7533
8300 17778 9841
1645 12497 7903
1799 17437 8345
7581 16339 1382
3397 11165 9260
14792 19507 5181
5328 16208 1921
569 15942 7382
4964 18740 1777
3858 19257 3517
3909 11283 2044
4402 9869 6535
4656 13180 5912
8644 18895 6685
11430 19607 5444
2062 17986 6993
3984 11102 4854
11298 12296 6322
5656 9354 5921
3227 8971 7071
760 2171 706
2954 4274 9814
10017 13783 1382
1050 11091 8851
9449 11746 2021
4096 13478 6751
2682 5447 900
8484 11887 5851
5579 9052 6197
4453 7777 112
12073 14537 8441
7195 10661 5927
7110 12947 7176
7295 13452 261
17615 19022 1199
2351 4624 4025
8536 9663 3394
5899 10989 223
10428 19369 5152
2144 3935 9526
7010 8326 533
10279 11727 2023
3147 16720 6416
3323 6299 4951
1540 7990 2558
1492 17997 4209
4789 6799 6390
4520 19743 3923
4364 8802 2529
10582 17059 99
629 2431 6930
504 634 43
5018 5457 8470
10126 11796 4732
4509 15160 1872
8720 10408 7913
1192 5287 646
1583 13401 8833
1756 2342 1132
10901 11494 8063
2741 17905 7653
6583 16068 8921
4279 13416 5845
16272 16702 264
283 1251 9751
4568 5412 4971
1176 4259 657
16076 17009 8229
3164 16187 5684
214 14261 6706
4904 7055 5651
42 74 6994
3318 8032 2186
17378 19927 8218
13074 14378 6061
1286 1898 1039
7811 14617 3560
8403 8507 9789
13728 17089 3532
18610 19218 6773
3675 13469 5165
1892 4074 4723
2635 6834 4303
10150 15006 5383
9626 10044 6497
7647 17174 8882
1860 17561 5675
3532 16023 9902
3218 10675 9579
3836 4084 5344
3178 4783 6754
2369 3378 5184
1266 6648 1773
156 14267 177
1328 2041 1316
2742 18396 4459
6425 15179 1001
3842 9468 8154
459 6678 4462
1658 13140 7589
2878 9696 6858
4822 11344 2749
954 14899 6424
6959 10408 9942
6594 19084 7699
1934 12569 318
8914 15967 5421
1622 2478 2039
7169 11774 8059
16346 17454 9345
13925 17748 5343
1919 2387 2273
5059 5234 7219
2226 4408 5327
10951 12768 3877
6688 7574 2358
9162 19756 4670
8066 18546 5478
2800 8092 9930
11370 13965 3411
5495 15356 2482
11156 18161 5789
2316 7435 2052
13432 15336 6625
4911 16256 2402
5357 16801 4718
1020 3137 3996
14049 16646 3476
195 1360 1220
7312 12411 9019
3246 6140 2196
2911 6163 4556
2391 14359 7434
2601 13839 6836
756 18654 3101
7150 8508 6471
14909 18883 384
6196 7476 2773
194 4686 2246
1793 8743 2368
7167 9765 640
8823 9792 7089
17685 18031 2069
1552 2410 7930
266 526 9816
4149 13535 4268
10598 14129 5051
3983 11054 4796
2184 4488 1633
7364 12121 6559
813 9849 8050
1969 11235 579
12402 16460 7150
4527 11373 2286
130 14327 2025
10295 16981 6501
5422 6196 9976
10919 12506 9719
7931 9058 5543
2152 19946 1818
442 13498 4252
1613 18219 9781
2209 10822 4490
11766 19972 9893
7466 18440 1391
1688 7032 587
11230 18646 2633
48 15330 7153
11408 18730 7748
2185 6191 3405
3233 7243 5705
252 4217 4626
3091 13645 1695
3490 9712 5580
2436 12212 4088
15535 19489 1991
9133 13148 7387
7840 10702 200
2371 6999 9480
14184 17936 417
1975 5757 5935
4385 9377 3031
831 1418 2247
1886 3303 290
890 3298 4060
776 14748 3294
9411 17525 474
12331 17541 7229
204 19330 6753
13074 16564 2836
12890 15623 9101
3116 7900 9320
5631 10515 1045
2685 11295 8617
2760 17818 4784
12438 15182 4565
995 13602 1105
1092 1183 2510
3086 11544 1537
2114 13499 9287
11334 15115 2628
5238 10599 7772
13807 19315 3025
8309 13434 1232
9657 17798 1024
4566 5885 1684
4877 6888 3945
4593 18693 5478
5049 8172 2290
1973 2874 4284
13999 15516 1903
6444 8309 6620
7962 13724 7351
2064 4475 7774
4379 8431 5273
6283 8068 4206
11763 16293 2519
8604 10560 2668
14015 18547 1999
1136 3048 2099
6110 8758 2067
14494 17669 6605
515 18139 9755
709 3266 9487
4570 14640 2004
6344 6611 1475
3143 6256 6784
175 1156 5680
7086 11860 9494
6100 12871 8656
7782 19157 8214
7578 17865 6883
16941 18237 3587
948 3146 6494
7977 17358 9155
8073 9071 8938
1098 19992 4431
8812 17953 204
5452 14429 4386
1636 9843 880
3419 6931 4451
9698 9905 8177
6326 17360 3563
671 4547 218
12921 13288 5032
4770 10525 5783
13682 15303 367
2229 16674 5964
491 4466 2457
2142 3137 2592
13099 17152 4725
5693 9909 3956
3884 5799 4362
13635 17285 4337
8013 14894 3143
15234 17780 7502
1676 14294 1261
12657 17052 7764
7767 10305 8092
10452 14154 7801
30 6039 8791
4496 12421 6628
8983 15996 1953
6033 14929 3361
6 7085 7179
2908 9446 1520
6143 8209 2774
2886 6404 9426
7381 8732 9515
7029 7101 7552
6174 14045 6931
11817 16523 5111
2062 3823 2570
10512 11606 7857
6876 12165 8437
1442 18349 6334
2634 16476 6977
13896 17679 7971
3012 3633 4203
8217 10372 2658
9922 17546 2865
4297 7530 6690
10864 11297 5218
673 1630 5732
11861 16834 9324
3893 12502 681
9189 11755 568
3041 7466 3345
4782 8849 1768
2510 19554 5157
170 2387 8223
11015 12426 3366
433 4603 5099
14692 18151 2813
6875 19933 4450
12353 12544 5722
5659 15430 3444
2902 3723 4344
829 18210 3160
7924 11564 5194
731 14665 8671
4451 8245 9698
9551 9925 638
3559 15242 6234
2433 10795 881
1516 15009 1837
2907 5218 3987
5001 16699 4788
5217 7819 697
7080 14402 3842
1052 8566 4536
7813 15539 9631
721 1030 97
5923 7525 7291
4962 9072 5222
1527 7954 4513
7336 11286 8477
10424 11542 5765
13428 15644 6439
2252 8401 8185
1857 13249 2166
3635 3943 2263
11603 19899 6651
4246 14069 8315
2098 18401 7402
5417 5695 5727
5188 13088 530
14096 16996 7084
4959 7114 7362
999 1952 3575
606 3308 835
13062 16919 8440
4022 5040 1215
11159 11285 3316
3491 19033 9444
8952 18690 8522
18465 19531 1029
8454 16420 1447
7776 10281 4808
8914 12510 8050
3695 4546 6453
5591 11015 9923
5593 15949 5042
9870 17647 8635
1627 16397 2853
3653 16875 3744
9570 18187 9300
12409 12931 345
4148 13234 7723
11355 16060 6520
7 1798 999
47 16233 8345
11595 12477 408
9528 10593 1011
5998 17109 8474
7039 11535 3438
2939 15192 8922
6015 9222 8555
5240 10943 690
10038 13218 959
4936 12063 4678
6705 17026 5104
8421 11095 363
753 4044 1336
214 7019 8510
7853 12106 8997
2484 7018 8157
664 2501 4225
749 1409 9759
13754 19365 2591
1985 2870 613
80 10201 5109
7569 16910 3452
14626 16040 187
724 751 3983
2530 4162 6732
9375 12759 7860
7744 11239 4009
5163 19244 2616
10248 19517 1849
6245 14200 2937
1486 14670 3607
378 15716 7103
10259 13510 5717
791 6524 6066
10931 11664 7804
15914 17196 9925
4747 10959 6134
9984 14470 2428
5334 10786 2802
3916 8799 2210
1094 18139 598
10423 17727 6014
1122 5464 59
2396 14091 7930
614 15872 9378
8991 11392 20
8571 15285 9007
1462 2972 9141
9992 17282 9084
3140 10595 8659
1326 14895 2105
612 1615 7049
8664 9823 6011
1143 8550 1667
2716 12437 4053
9581 19684 7252
4231 10050 1862
8553 14242 244
7848 9994 7594
10228 12753 5579
11319 17886 1250
12179 12355 9466
12577 18858 8334
1402 16662 6297
155 13970 3887
5542 10087 7589
3814 14883 8166
4182 15838 9108
521 1452 4158
13366 14045 3889
5679 7905 8718
13538 14631 9
8648 9953 7143
3975 4277 1242
1308 10350 231
2536 19129 1883
1862 18790 7787
6100 15206 5542
3288 12748 9673
1480 1962 5615
4621 9630 9409
3124 4687 9542
6767 10810 1487
15571 17260 5840
10089 13639 5593
1982 3305 8302
9594 12927 6290
496 18665 2047
1487 7247 3933
887 2506 3054
5282 11454 6476
5336 10465 5561
7294 10419 4385
3582 8439 1049
4113 11161 8710
4 895 6236
15994 19528 2167
6670 10946 1860
7559 14228 5417
5151 7241 820
7847 9449 2158
8844 13580 5416
5228 10646 8645
12361 16888 4836
7815 8617 1953
9501 15340 8860
9544 11174 2834
2348 15800 5584
15543 16100 5932
1376 19141 8199
3496 3623 7176
8159 10366 907
1784 17210 4161
10490 14355 9766
3093 12140 3044
11264 15555 2580
1846 10405 1289
7036 14585 5122
9584 10698 6393
1880 3300 6170
2010 13529 6676
5630 10499 5616
2219 13448 8827
3774 9260 9692
17748 18990 1145
1325 5112 8508
12057 12389 9712
3800 5056 834
764 9923 2072
5889 7386 6609
7301 12923 3526
5069 6323 5781
1976 11579 2967
941 14082 7976
2448 12824 8
16300 17186 3532
8060 14859 7778
8557 10712 2140
667 924 1553
1683 3203 4633
8899 11387 5733
1576 2699 29
6423 10696 1405
8189 16359 8180
9135 18506 5682
4354 15760 3225
3875 14409 2940
2663 4108 2442
2127 4944 5285
5304 7857 4760
10069 17615 6213
12434 14861 4179
366 504 4409
344 17971 139
10153 14138 2958
6815 9223 7242
11284 19852 5631
876 13732 4483
14652 16028 4969
5007 8629 9166
2063 5854 5486
1358 10608 7647
6965 13800 9569
8623 11700 9102
17665 18212 3016
1812 18373 1465
261 4237 1693
7151 19645 7943
1837 18434 1584
1033 16897 6281
10134 17396 2939
14989 18688 6819
11205 13803 3882
19803 19829 1618
6464 10251 1002
834 10124 6041
6986 11203 8609
10157 16439 3442
13643 15502 3691
4830 6587 7980
13380 14648 4865
4542 5591 684
3281 17656 8507
2166 10906 3871
7721 18049 8802
3923 18869 6556
2195 9140 2903
1143 7546 3841
3740 13810 9181
13495 19322 1381
2031 5366 1561
3336 10941 6636
1149 17768 4685
5271 7480 4143
5069 13843 200
9903 16855 4624
4185 17101 7460
984 10825 1501
13180 19376 5846
404 984 9969
6676 6815 6700
5208 10320 2842
14537 16397 3383
4859 7199 2845
15766 18353 9691
1400 6821 1851
7658 12943 4536
9501 19610 9707
11221 14753 6695
2168 14990 7845
3801 9761 6037
1738 17678 8883
2123 13816 8
1559 9935 16
643 5152 2412
2893 5446 5718
5032 11150 1934
9493 12470 9450
3968 15505 1302
260 13642 471
800 1677 9019
9997 10141 9839
3069 4453 8873
886 4343 3271
3407 3675 1806
7737 19460 8043
4098 12776 9007
8009 11366 3615
3085 17847 3350
14468 19352 4909
6654 18864 5549
888 16586 8336
1694 2833 9631
11064 19119 9192
85 593 8288
4883 10143 3462
7404 14508 9825
5763 19276 1055
703 786 558
787 12963 6933
5541 9617 1966
11767 14875 8498
8085 10266 9074
6911 16283 6303
7626 19092 8075
2636 10367 3380
4547 11726 8561
5933 6337 3663
10676 14202 718
16040 19277 7773
3255 16868 1239
970 4237 3561
13203 18939 5023
6000 7044 2448
1773 5149 7728
10524 11060 3435
718 16704 3907
2734 4110 2689
10331 14478 4333
13159 16032 6857
5907 8715 5787
3565 7096 7631
71 2705 2013
1125 16785 8072
2519 3522 1060
13190 19079 2217
6169 10281 2627
1257 2945 7967
7352 9739 9385
5581 14281 6648
1098 5005 7002
8794 19540 8387
3292 17865 9590
9598 14394 9729
11867 13846 2812
14794 15243 5216
6229 18626 990
4839 14944 1153
6715 18130 1456
5690 16148 9798
11572 14519 9887
8968 9129 193
10144 11148 6492
13256 19883 4720
729 15738 4064
6924 19350 2879
5733 16035 9988
774 1137 7072
5578 7258 165
4676 10006 9452
1437 6833 2267
6798 16561 1871
6493 12863 8469
2328 8226 9024
4829 14835 6126
7591 18367 4937
3716 14516 1888
6933 7086 1289
9263 16707 6410
4031 8084 1028
999 3893 7706
2743 9699 1975
10346 14414 4007
6445 8575 8039
1831 10425 6851
5865 6606 1774
1302 3988 7109
1751 11807 3679
9210 13509 4779
756 2040 9126
11816 17658 3551
1944 7812 345
10783 19088 8716
9167 13487 7012
14251 18314 620
8986 15407 5447
6765 10968 7728
15192 16149 4921
4422 16939 599
888 9441 1005
5199 18407 8945
1286 4759 5676
5896 7774 8219
10653 19080 1508
6247 14014 7380
366 18137 4256
3805 6623 7470
3894 7240 4473
2802 7775 7596
2594 11518 8679
9459 17455 3818
6191 13769 369
5899 17623 3235
12893 15481 3198
561 3477 8373
5493 10668 1516
5428 19704 8510
6072 16577 2945
6541 16741 2409
1364 18010 1895
5785 15603 4218
5308 14624 7241
8750 14430 956
3810 19845 2520
3029 3113 8730
7490 11537 7993
3521 5473 250
3961 4803 2933
3520 13053 1189
12393 13376 2152
649 19665 1074
7865 8568 4916
6554 15147 6847
13311 15790 1768
14530 18605 1573
14815 16290 7216
13156 17766 8824
5216 16586 9000
11226 11997 181
18784 19228 3035
6585 15066 1647
7670 11872 501
2369 5156 46
15009 15757 8489
4750 5825 4892
3411 4704 4659
5522 9998 551
532 1794 5296
1088 9637 5908
14474 15466 3258
5121 19789 478
384 18416 5351
10551 14488 2684
9772 17524 5146
16045 18976 2703
4859 5811 5162
17526 17842 6128
14725 18692 1306
1703 18149 7638
7228 19118 8104
367 532 4261
14184 16056 3917
5 8 9292
1287 7213 5734
2153 11278 5026
419 3119 6931
4478 17670 83
5072 14192 3289
8597 10982 2028
1621 12940 3389
5840 6206 6915
12782 13982 3965
5025 12163 4931
7490 10756 1993
13034 19338 3996
16354 17291 616
4201 4655 1160
10484 18959 4029
687 10557 2050
2294 5455 4296
1138 15877 6220
9924 11069 3699
3949 4653 8058
2943 18724 9837
6478 11242 2250
3870 5043 4990
10498 17339 9179
1022 9435 2575
375 1412 7472
830 12102 3465
4682 5401 3743
15219 17705 9380
8638 17868 2032
6602 6871 3807
1873 19286 5595
637 5691 5599
618 7748 8167
4128 18927 6059
11268 17493 2087
1878 7877 8426
11271 15202 7371
11992 16722 2016
1079 3223 9519
6363 10740 6261
3515 19129 3713
5477 13980 5087
4672 6585 9027
13268 16426 9197
3802 6781 6487
5379 6496 10
18351 19868 537
11035 11694 7093
3311 11590 8796
5323 16760 6548
5844 9988 1297
4839 6687 2635
5165 8039 1502
12078 17739 4956
560 14602 4696
584 2824 4208
6921 7447 2513
7454 18382 3260
3774 4965 4232
8124 16145 8407
5170 10484 6531
12639 14908 8630
14713 15543 9053
2532 5920 5765
3596 13722 7427
11225 11604 7039
663 15396 6664
14128 19220 2923
7070 19658 1862
2255 5130 6086
3041 11790 4240
3129 14786 7333
12423 13201 1762
17161 19320 7081
16018 18938 322
7992 10998 6885
8794 9098 5818
1080 14352 4126
620 1711 1807
9285 17859 5527
1538 14389 3237
2970 5401 7558
876 3239 1881
9167 14128 8435
2568 10517 3959
4467 12302 7967
5719 15450 8340
9440 12013 9743
7113 19775 8336
13649 19132 2441
7060 15787 9121
2685 4185 58
16351 16616 8167
5235 16144 2502
2286 16442 9080
1741 14516 5309
11329 16766 8916
649 4339 6745
12287 16574 2729
1456 17705 3768
13662 15142 2370
3365 7843 5076
13331 19493 604
3097 6887 8043
6873 7700 5007
4540 4628 5554
5806 16495 3139
197 567 2755
1161 6291 8799
3233 18769 1302
160 4894 2979
8327 13212 7157
3060 9301 3061
14694 17466 8120
12696 15588 8099
12227 14358 7808
8945 18823 7373
12753 16821 5145
4173 19468 4261
660 14018 6781
9154 9576 8441
13858 18015 1595
7516 13045 4861
5821 15661 5970
3079 9880 731
3154 3806 7580
8069 16700 5125
2295 10829 9122
4437 15572 2030
1593 15988 5275
122 617 8077
1249 8370 4615
3420 13467 8124
3544 7746 2932
101 1686 5906
6452 17609 180
5545 14120 8297
6587 11663 1815
8986 16051 1611
974 15897 3881
4020 10054 864
12820 15806 6271
2225 14397 2334
1158 15431 6492
1000 4508 668
9922 18293 8422
1239 8213 8382
924 2793 784
1889 3837 7408
13210 17294 2461
32 1156 3638
1065 15163 6197
6361 9225 6122
411 15792 3928
15270 16405 6863
79 16879 2056
2848 6533 5723
6712 15005 2053
194 2151 1964
6347 19237 6313
1491 8592 4488
6851 10231 4288
12890 17473 6091
4825 16731 7111
1327 18325 8724
1072 1439 1474
1953 2460 4991
2741 6324 6364
1773 13191 4532
2176 9885 178
4325 18715 268
3173 5191 4334
4794 16715 119
10960 17134 1762
16859 19684 788
11420 19631 6648
6741 9386 3740
440 1160 5829
17646 17767 9118
2102 10321 6990
7812 19114 9353
16376 19807 9150
3016 5458 4595
9620 12649 2607
4673 14389 5673
13041 17629 9973
678 8316 657
6270 17893 7412
283 935 7181
12715 19228 2769
164 5986 8702
10690 12590 8929
11227 17917 5007
2547 5594 5548
8401 13561 8028
6281 13843 7819
4528 11881 8971
3808 19938 47
2395 2498 8915
3840 17216 6468
9682 10975 1141
13568 13630 5272
2052 3355 9577
6637 18120 4850
664 18355 2725
2490 7573 369
6576 14229 995
464 12311 1921
1919 17604 9374
5188 14634 3333
2767 3949 5859
2131 10107 3716
4954 15789 5437
7922 8132 4607
15399 19653 7582
8949 17614 5657
8613 14754 1656
2800 4663 7065
5407 7942 873
16381 17746 4354
6707 11151 244
12353 17893 9685
1469 12792 6760
4534 15697 5347
11021 17798 9581
5146 15248 9135
3860 6741 6469
2359 19751 1038
1514 11466 6732
215 19057 5415
44 8209 655
2027 10762 6971
214 1361 6505
5436 13568 1306
1056 4873 2012
1304 8960 1224
4495 9018 9301
13656 16485 3307
10026 12663 5631
2103 12060 4381
5424 12550 1609
5668 9707 3720
10422 12801 2823
9713 18026 2676
4643 6178 1077
8484 11606 3895
865 1431 1906
8814 18916 9656
8586 10052 7830
438 3791 4880
7294 17325 2147
469 12575 4957
12279 12546 6981
11605 14247 4062
347 5649 4573
5223 13524 2029
11532 13227 9359
4472 4778 2061
6339 12725 5267
5875 19662 3609
7464 10023 4002
3573 4818 9994
17293 19183 2826
9002 12315 9024
2332 9709 4956
5803 16912 4217
1137 15762 2404
2853 15367 6748
271 19417 6381
3574 15324 2717
5626 12973 6880
12487 12524 4251
17605 18771 8387
6238 16165 1356
3546 9558 8262
3102 3339 7034
1849 4927 5414
9681 16881 4736
1081 16825 7299
8172 10101 6395
4190 16735 2865
14533 16673 162
392 2781 2860
4784 14580 3521
497 587 9283
1112 2449 9257
1333 11179 9644
11164 14383 6706
511 1535 1198
5707 9949 3970
14229 17680 4235
2656 2970 2570
3047 7649 624
8290 10003 4955
17024 19684 1393
893 15595 1599
930 7657 9457
10860 16991 7701
9990 19897 4374
8215 12857 4142
15493 19164 4064
11699 16114 4093
8597 14981 6509
4477 19996 9810
8117 18061 1318
277 284 732
4438 12808 5446
920 18625 4338
6508 14420 7076
11793 11941 8772
4658 15185 4534
10578 14500 8823
7833 15502 5841
12797 13282 4316
5448 12723 1593
7272 14709 3599
1139 14261 2445
1730 7651 8055
10598 13379 8837
3828 10498 6040
949 16367 5692
11024 14738 1649
8038 9655 709
9667 16052 9631
5558 11787 5151
10724 11948 5105
11920 18162 441
2804 6790 2278
3443 15674 4955
10369 16345 9189
12920 17525 9387
15799 17805 2532
4865 17754 9863
12164 13399 9033
12734 16234 250
7737 15573 921
4242 4607 4001
2547 16756 418
5557 11580 915
6425 15775 4914
10270 13496 2119
1969 6327 470
2954 17436 2429
3150 19270 2367
6048 8701 4346
3368 4420 8618
9413 15729 3026
11139 13156 8405
2519 18672 4120
1606 17365 9310
3613 18891 2102
365 2531 347
6494 10997 5099
4725 5125 9936
11486 15944 8554
4923 5613 9112
4407 14467 4048
6048 12768 2417
8069 8310 725
8465 11320 421
3600 13141 7153
16123 18308 7711
6761 12246 62
5877 9155 7644
1 340 3180
6153 16777 276
8171 10805 5607
7382 15438 6741
16059 18821 7418
7504 7912 1091
2518 4986 3612
692 3390 5135
3894 10276 3074
1465 4436 6678
1 10 7308
6295 12089 5746
6986 16841 8653
293 12915 5690
6868 15105 6008
9051 19317 1101
8221 10324 8513
11802 13352 4853
1997 18304 252
516 4750 9619
3531 10766 4699
15232 19889 2964
2349 3339 8915
10721 11876 1424
1958 8761 2077
3792 4019 520
4404 17202 4904
2344 12042 8355
917 12749 957
3687 18293 366
62 6725 1216
7572 8964 8932
3095 18789 2401
2977 9215 11
6580 10615 250
8088 19079 6303
7217 14173 6237
1858 7894 8884
7763 9977 5810
1767 8331 8133
2213 16109 6565
5328 12064 6973
2352 6492 2498
6059 7629 1847
3424 13736 7397
563 4085 1057
651 3018 6736
7168 12343 9914
56 5463 9071
3435 5098 4794
2332 12466 9124
4410 14260 519
11340 18622 8451
3555 6492 6848
4555 15276 7878
8661 17702 6228
190 7372 7084
4115 6902 6487
3025 4351 2751
14132 15019 5282
10884 11066 5708
2449 4027 4283
8585 12669 8260
7563 17940 8040
14187 18985 6643
1532 9043 4707
3755 9438 4599
7966 14591 4757
13389 18252 493
2849 13326 3163
14622 14771 3631
7129 10895 4107
12534 17516 8351
12841 16215 2629
7847 9434 4876
625 15586 1530
13170 13618 7246
91 621 7273
1832 13707 4889
1559 2262 2497
2502 4567 372
1301 2155 717
3600 8593 1662
5240 7950 4962
3101 19472 460
7891 12121 9600
8 2940 5924
4690 12840 7061
1927 18551 3937
6273 7801 6244
1971 5120 9332
562 1185 9647
37 1752 8518
3204 18074 4847
11658 14892 4257
9665 19287 1653
1070 11907 5572
2914 5364 4009
4712 16328 6692
7987 11699 4485
3830 4830 1866
15241 18721 9344
819 1637 8695
50 959 7703
116 156 4732
561 918 5294
1396 3478 1950
3285 14587 3545
2975 9806 7277
13980 17651 6552
18096 19072 4518
12315 15078 7802
2598 6414 9660
15775 17460 1904
13828 14531 7521
4202 8846 5604
3217 19707 4246
2981 4106 4421
4561 12752 7256
2072 2735 3910
836 11382 3738
8517 14308 4679
915 1774 7213
1957 9313 5416
5086 16252 2541
1986 2847 8243
6602 6826 7424
158 3149 7183
4346 13651 5564
11369 16357 8838
5777 13468 1577
5590 10257 2113
17619 19326 7919
2184 5478 1884
4686 12125 2700
7368 10288 9236
2069 9855 1450
5222 8788 7566
2628 3421 7110
9458 17849 1673
8027 10115 1631
7207 7980 1646
10782 19422 2155
392 6975 6877
5694 9954 4037
17395 17662 5468
9618 15908 1256
14848 18383 3477
11679 12209 7288
1875 16348 4115
4136 7510 9132
2658 3788 6370
14520 18731 1196
13385 16465 8837
1606 5034 7400
17428 18016 7402
9818 11944 2954
861 1994 259
4878 18774 5658
2463 19239 8662
17783 19141 5243
6574 10618 5227
6940 7106 9737
11860 14950 9457
11332 13985 7072
1323 1789 1492
9158 12603 3765
6070 19675 697
8451 15419 6402
7711 14431 635
4176 15121 7786
12440 18451 2036
7997 16724 5402
3225 12901 2455
3778 16659 5659
7274 19882 8679
28 41 4711
1499 8764 6447
132 15536 8432
6347 7013 2492
11371 14601 8988
11053 12736 3938
5537 6966 6577
13820 17585 1638
1472 7327 4209
1123 2330 9726
8814 9863 3422
580 2425 6419
5968 10786 7412
6621 15129 9351
2716 9213 8885
10312 12428 2982
7810 8464 2374
3466 4757 2741
6390 16303 609
838 1079 202
9411 11553 7209
8928 11459 1146
2891 15469 5892
8027 10340 1740
3216 8389 7471
12887 13435 1885
11231 13899 1068
8811 14920 1771
1527 13094 9608
10732 19637 6531
1016 12871 4504
3838 6864 6913
4068 9754 3268
9935 11587 2242
6077 15929 9405
1852 19240 5875
10395 13857 7802
5556 12513 8843
175 9229 9552
14786 15541 468
272 10823 9378
3613 4105 1818
350 2322 4214
10526 16030 185
3632 6952 8591
13187 13982 1517
2305 11591 1416
13089 15731 8918
981 5950 3234
7430 15325 6603
2475 4954 9321
2845 8270 9956
4933 12021 2644
2340 19395 1955
3153 12554 6589
270 2243 7567
9894 13955 3348
1018 18193 2437
9738 10898 777
6432 10944 3719
14087 18104 7374
2242 12839 9614
10727 14275 8082
533 17638 2312
1641 10935 6094
3536 19757 4898
1851 3683 6173
7727 10330 3143
623 19610 238
240 2015 5552
4980 18192 9761
1056 18495 3814
14064 18086 1413
4830 16500 6682
10543 13334 7238
2554 3708 3700
2259 4096 509
4274 7053 3440
9851 13627 8800
10292 11567 3846
503 13820 7141
4055 18801 3127
3947 5568 2722
1251 3819 4304
1636 1896 296
10780 17007 9888
11590 15239 4889
13012 17588 2192
1464 7621 5906
14728 18158 8731
5586 11475 2030
14206 17604 2903
18626 19585 3834
5227 13267 691
9113 16347 8035
1140 6816 9733
2123 4786 4699
6609 14228 2917
5661 10905 3316
7298 8139 7678
1371 18828 6436
178 5892 6497
992 8384 3179
10523 12892 6990
10973 19325 924
14163 14790 4534
7866 16003 647
2719 4142 4992
2829 18915 9357
9855 15398 2241
1903 17820 9377
2251 12435 2555
1297 13729 7116
6172 12283 5948
188 6535 8134
148 362 1630
7909 15970 8562
3469 7620 6460
9844 12326 9602
6366 18470 7282
7588 9741 6988
17898 18047 2623
4378 9948 4741
12011 16025 257
13744 15970 9221
612 12849 4071
11846 12008 936
3231 15475 832
728 2517 6662
2851 12885 321
16498 17141 3778
6962 8180 488
1254 14214 9997
1909 7601 1096
741 16139 9040
12473 17684 2690
11391 16532 7403
1223 11589 6284
13239 15804 6223
12480 12649 5071
8738 16102 10
3075 12067 3473
3592 9947 4714
14802 14875 1756
5944 10727 6698
5979 6833 1236
13470 16560 5802
1692 18650 9492
12696 17115 8693
6552 8278 7968
14888 18712 405
5342 5995 3051
5 14358 5718
33 7966 2033
7537 12441 2007
14177 17587 540
1750 13285 2134
6460 8663 6901
3068 16361 8602
2203 18739 1113
11738 15534 3741
1622 4345 9730
4733 9202 5826
756 1954 5775
2119 9452 4157
6961 17359 627
12296 17933 8895
17373 19777 9645
8618 12798 2133
127 6150 99
5919 16841 142
5411 11487 4043
1202 9453 6560
2686 3851 5091
3788 12413 2368
2709 16435 7366
4130 9321 367
476 839 632
3649 10663 1909
15 22 5263
2020 10844 9802
14250 15738 5966
1126 5053 9873
13702 15195 5076
2838 12072 2798
2845 3633 8766
1742 16781 3012
11884 19378 1578
11023 12498 2836
2850 3774 4557
14545 19197 9318
7981 14841 9160
4118 16194 9959
5168 6203 3498
3485 10562 840
10823 12955 8499
3370 7691 74
4751 9903 7352
2750 8975 3513
3792 5602 1035
15063 16535 1774
8227 10566 8667
3452 9140 2737
13600 18302 2552
7817 11511 9266
4241 12430 5765
6035 14589 6811
4031 11325 1505
8890 10230 7520
7050 10402 4837
9369 17641 2285
1140 6336 4726
6002 14880 9365
11966 18351 6016
457 7708 8537
3433 4720 4647
6630 10287 4421
6969 7024 7729
17708 18778 9480
2910 7276 1394
2008 12028 6559
273 6518 5216
3955 11771 3173
8893 17400 2993
669 1052 8267
6333 12506 533
5661 16266 8545
1693 5891 6700
432 5924 2688
11514 16428 2505
15149 18975 6636
678 1693 7441
1418 11845 9332
7238 8194 1204
6744 12529 4942
8175 19938 2237
15205 19179 2916
9675 19983 5817
1473 15079 5711
1342 1777 9405
6230 19344 9274
2832 14080 4049
2075 2237 1115
3425 14043 7664
8764 10593 9142
235 1782 2868
17041 17355 6475
10390 15671 6962
2430 18418 7115
12499 15606 9606
432 5065 6117
999 2872 6614
9010 16871 228
1082 5914 8098
5891 8888 1742
2619 4205 9316
302 12223 8980
3363 19132 782
4676 17600 3629
2795 7576 5591
126 5597 5662
6701 6933 4820
894 11333 250
31 646 4922
9352 17050 3808
9172 10729 8300
7807 18916 4672
395 3722 322
2098 2727 9356
8236 16415 7810
90 944 6676
2107 7827 7739
8400 19339 3759
3976 18499 1794
348 1509 6375
1151 1313 1824
2845 7394 7264
7810 15289 6444
16037 18474 2539
4815 9065 5647
7436 11620 1862
11418 14275 4219
3750 6600 7873
9531 15474 9100
8212 10858 8741
1337 11213 3745
985 2864 1561
12074 16460 1062
10354 19302 1826
8994 13585 3858
869 6579 4381
5928 16368 7555
6212 6660 2761
9453 13840 4221
3158 9263 1112
4959 5326 521
779 2266 5799
3764 16027 2305
5403 11451 1003
10929 17217 4904
1846 8203 7490
2329 15060 2993
5130 11099 3870
3667 18534 6595
8353 10764 3202
193 8756 9180
17750 18557 1488
2144 6089 7853
6068 6228 8448
826 2583 783
7659 8474 6785
14179 16533 2836
3404 8913 3418
14741 19256 756
1295 4166 5432
771 1882 9490
90 639 6079
10299 17755 4125
18242 19089 8177
9181 11693 8259
633 1594 3967
548 15511 931
4572 19793 7163
8429 15758 8307
15745 15815 3799
4446 12074 639
5779 5939 8826
5495 11845 3755
11705 17017 892
3676 9976 5776
1333 2287 2305
3013 5454 6065
17053 18473 3555
302 408 2733
1130 1257 1188
262 11514 7208
1445 2452 3637
6910 13592 2222
13587 17698 2100
9380 17618 595
2995 4653 2401
7619 12060 2982
4700 8836 274
6347 7867 3543
10521 18549 7020
3416 6326 9810
3498 15236 8279
5393 11233 9960
7124 7470 7331
4501 18215 1309
14509 15842 8437
1823 3078 2883
2985 11818 4507
9426 10313 5371
11152 19667 1687
1017 1621 5781
356 1031 9296
6282 12644 1360
12182 14961 2410
4252 17891 9296
50 13180 2101
3272 7522 6254
9871 19200 3816
17094 17761 7482
1590 15518 8305
14542 16785 7548
1566 7392 4648
6662 16816 6123
4241 11124 5050
11281 18260 7611
6601 19023 8555
14652 16826 5262
2747 5084 3914
5017 14820 3939
772 1089 1582
1091 14759 8274
7245 8767 9003
4478 7185 5931
4682 14999 1556
1731 11434 2237
3652 4846 3382
2460 17056 8087
8696 15777 8407
2053 2692 6954
15490 15949 4654
1166 19301 9262
62 9239 4831
3291 9197 1907
5110 9295 8651
711 2285 6279
15269 17520 4520
2902 8282 2307
5226 17711 39
10632 12560 4655
10241 17759 3114
4278 8792 4506
2417 10104 5290
73 680 8103
1327 11760 9178
11049 11200 7163
435 2481 3645
1771 17117 4840
2390 18903 5330
5420 16071 8807
1104 15143 3525
11130 12508 7325
6761 6837 8111
4460 13192 5029
13654 16167 2277
10964 15132 8316
6446 11031 3928
6833 15076 7131
2557 2720 815
549 2183 6724
15398 16451 1634
10295 19256 4439
1822 1882 8905
218 2737 5495
10040 10055 18
15557 17271 1258
2503 18284 8435
8609 11811 9160
17458 19043 6527
468 2091 4876
11301 17702 104
9521 19694 2569
3531 10181 275
12963 13765 4034
1055 11533 5524
9723 14275 4400
12478 17060 2282
1292 14475 9237
9943 17586 7201
2166 17514 3384
4008 17749 244
780 12469 6620
7581 13251 5368
12601 18249 7941
6340 9580 9270
985 1824 5293
4411 17589 3924
547 592 2633
3297 11828 2925
5410 14615 1933
919 12272 2387
6458 8539 2306
15966 18587 9909
7148 15294 7173
2166 6780 9727
2590 3858 3823
9903 18957 1575
7529 10519 1841
3219 5816 19
199 289 344
210 18575 1701
131 7608 4498
5222 15371 9233
15706 16871 5736
2868 5702 529
825 19130 6334
647 12815 90
12181 18302 5689
189 1057 9651
3529 16587 6177
7997 13506 7519
2979 14161 3695
7642 13194 4619
39 3476 8158
2960 4764 5242
5952 18513 5039
3765 11130 7872
7431 11091 6305
2000 2486 3870
18225 18392 2837
7574 18920 2983
8668 18936 1591
1703 5233 9309
1329 1974 212
6601 16700 8400
3806 4516 1735
2586 8604 8847
5999 15863 2218
4776 10596 735
4032 13243 3009
2097 4717 3784
3385 15691 7554
1807 2402 2643
14364 19800 6210
8347 18852 2210
2425 12692 9060
5142 13142 6625
1360 5720 9182
5091 5108 3131
15440 19154 5966
1920 19532 654
7921 8687 1077
4010 19678 1804
8633 14374 9379
7822 15698 4874
3851 8401 668
9464 13508 5076
2010 4535 6529
17018 18211 4589
813 10346 6155
9281 14033 7100
9256 13959 5084
2702 16861 9532
6815 13771 1796
2694 3681 1025
6032 11963 6045
7385 17471 9904
3590 7815 3176
6742 16551 8514
11766 17323 6758
5606 12520 7338
3903 13635 2637
3998 6954 6955
3099 7915 1888
2730 7202 3487
8504 10152 36
1192 4713 853
845 9964 2535
1897 10543 590
106 873 9461
2559 4399 4057
5284 17450 1907
3872 8042 4548
643 734 8473
14963 18135 8202
6898 18201 2142
3756 3967 7118
893 1883 8289
9545 9644 8864
18080 18960 1580
13131 14320 4018
13850 15846 8546
5525 15058 929
16171 18861 7927
6002 6744 157
9843 16953 3129
4839 8731 7851
244 1090 8701
815 1610 9673
2284 17212 4500
3027 10469 4313
2769 18389 6964
4528 11579 2670
10901 13161 7034
63 149 762
2221 3833 7213
13779 17591 1593
4662 11799 3781
4083 7228 3832
4652 13415 6429
4544 12957 3938
2581 19902 5998
12012 18358 6083
6688 8638 8352
155 1808 1033
6128 18311 8291
349 16105 4057
6809 19620 7158
2633 4640 4436
9218 17306 6782
1064 15001 3990
12091 15456 2825
12099 14827 7174
2018 4218 6114
397 14731 6735
347 17237 1542
9754 12423 6563
10809 12721 7863
14533 17636 8970
11446 18711 4324
15083 15151 3839
6274 12803 270
158 179 6047
454 11103 4005
9644 11185 4573
1454 2487 3480
14256 15859 7743
7451 12877 6430
3009 5495 8802
894 2303 1469
13501 19644 5835
5922 18992 351
2635 4932 1626
284 19681 5758
1080 1577 5449
437 1244 2686
8807 19184 9568
1617 13157 2871
1484 5680 7476
11162 17338 6169
1207 13290 488
7857 8414 3925
3370 6056 6697
5777 16488 1823
14528 17148 1557
968 9231 9997
1032 9635 2605
4992 7529 34
104 14300 7725
7978 14760 3137
5955 6879 6074
4760 19406 7942
4188 10357 4877
5826 13305 615
211 16939 6372
3756 9754 87
11477 18957 2622
1248 12870 2949
524 1261 3107
4786 10674 3959
2813 8991 8808
3655 4417 9965
18291 18390 2454
15322 19951 1715
12911 15637 8500
2589 3489 5124
1675 12881 6117
15837 17810 1194
4094 17153 4380
11155 14165 7167
11712 17420 4010
2750 4608 947
3312 4199 1779
12658 14769 6783
10249 19528 4699
8214 11853 1248
6887 10098 3236
2741 5957 6830
2150 6214 2499
9660 13283 9657
1984 3290 8844
3885 10489 6577
2774 4797 2880
1147 7641 4908
1724 10117 8218
1261 3642 939
7077 8874 8488
2014 18411 8176
9471 15186 3815
3907 18415 245
998 3850 2865
2097 8738 4610
13542 17967 6670
11550 11682 2508
1872 10227 3498
4378 4834 5886
3617 8962 4950
4626 10146 6445
559 15300 8476
3660 5698 1262
2534 3567 301
15302 19154 6344
3868 4366 2726
2533 4793 3960
1540 12729 589
784 5961 2358
206 11715 4672
150 290 7617
4951 5024 3726
4788 7886 5223
869 7512 3793
9656 19148 4571
3183 3865 3756
11115 15565 38
5127 14598 2829
7103 15472 4014
5065 11212 4808
8408 16233 534
2646 12294 3671
3935 14151 4172
1371 9435 1634
1180 15120 9922
46 6031 7614
12583 15565 7831
1110 4128 8364
1664 1930 9351
2 8399 1451
8939 19541 6618
9462 13944 2778
10880 19380 2546
352 798 7233
3423 11509 871
10382 14878 5301
500 6993 8563
5086 16349 8402
18411 19568 9030
242 8641 1509
6951 9261 5648
2112 2294 2995
1985 10265 7028
479 18441 3665
7828 19110 3333
254 7685 1192
11 12002 5523
2676 4101 4607
3424 15935 121
4195 8051 453
904 9515 301
1747 15062 5215
5237 9317 7695
10530 12838 5834
10600 12937 1683
8118 16019 7345
5200 13601 9610
543 9656 968
994 11773 795
5983 9279 5651
19211 19588 6846
659 12544 4538
5072 11461 641
7324 12702 3534
1271 6919 9628
15125 17964 5687
6042 12606 7728
2568 2620 2200
1386 2907 5562
2478 15357 2572
13453 18863 7777
1654 10285 580
7978 11935 331
10257 19214 176
172 19400 3172
6731 7876 1020
1078 9383 6784
13383 19238 3234
9443 9787 5330
2303 3601 6446
5740 9906 9799
4722 16892 5936
16769 18838 9525
13732 16194 9657
7 4188 7246
1219 1841 1796
1470 8368 8468
142 4826 9043
4856 9401 1987
16666 18053 7830
13783 17254 5211
3610 19127 633
12908 13330 4364
4520 12709 7467
2898 12743 4324
6854 9236 517
12210 17514 4193
392 14424 8188
1022 11768 6090
1621 19701 4168
5664 8958 9600
696 11188 8671
8422 12356 3652
177 18383 4503
5367 13938 7472
13051 13506 6185
1536 7637 6330
8714 10690 2050
13811 16941 612
7342 19523 7007
2243 11233 6590
12451 15806 8619
2660 6937 8892
135 569 1776
3017 13358 457
7392 15201 5714
1052 5467 6102
5327 17781 3103
4057 4169 2214
6238 10800 2995
19629 19971 4840
10347 13946 7684
8891 16628 3137
1164 3081 7485
6836 7549 7910
14824 18425 8228
2279 2834 7027
10521 14050 9008
6559 8619 800
3447 8391 7795
11536 13821 5455
13218 15035 9628
634 1266 1589
961 1126 8558
18596 18887 6833
4420 19042 2143
852 2788 6932
858 7516 318
2041 3909 6325
4149 19118 3295
10677 19298 4920
3757 6462 7245
8310 15173 4591
13428 16482 9115
8209 8809 806
14349 19287 9711
13028 18056 9592
6917 7480 2256
589 14918 6749
2491 10449 5034
2892 18259 841
3139 10819 7636
3325 14822 2794
8221 13734 3522
4099 6704 4982
2426 5699 9976
6613 14266 4217
1278 19506 4956
2539 3347 9401
8674 8786 3139
2984 3451 8897
17542 18473 6379
3910 9321 3555
6622 17490 2913
236 19732 6128
15781 16310 9305
785 6560 1944
14097 16928 3735
6039 10972 3635
10136 14331 6045
248 692 2102
18807 19098 618
653 3083 4066
20 773 911
6461 7486 2037
39 252 9804
5879 8256 6383
624 9023 7043
7690 19709 3080
8409 19881 4335
12080 12904 7896
9088 13809 5738
5255 9601 3714
6606 6831 1468
16444 17271 4360
323 14888 623
3983 9411 2574
174 9216 6962
1504 10080 243
15144 16671 6335
9320 10593 164
383 15107 8028
12017 15686 3978
159 536 4973
15009 18786 9542
983 8156 4127
469 17935 3803
7618 9753 6411
3777 16027 7753
8993 14484 4755
3819 3933 2443
4382 14320 9952
1308 10534 5866
4334 10405 3017
17752 18488 9102
2694 7101 5628
4939 9609 4092
10233 16904 649
3646 4555 4200
4464 13259 5062
5272 11410 4673
5249 12828 5068
18 20 277
12029 12079 8950
5240 12179 3331
8507 12647 1400
467 9659 9762
11512 11654 2375
3343 11228 963
3174 10464 830
717 11856 3057
1877 2970 3631
3607 8632 3809
1390 4413 1871
6880 12775 4919
11515 18444 5864
2318 17779 8085
3110 7616 604
3021 6277 1568
13412 19614 5072
2033 10079 7037
1356 2632 1402
10189 12648 8341
800 1164 5630
5004 18278 7242
4 12955 3176
2400 12358 8346
6261 15240 9026
12587 17883 4442
785 8518 9697
12032 13617 3369
4332 18466 2038
8479 18095 3788
8273 19240 789
680 10622 35
12693 13033 9910
4067 17533 9183
567 16407 9073
4901 9341 7635
12739 17951 6378
9643 12112 1607
651 15076 1565
8765 9381 53
764 14121 5142
1470 4918 6959
161 11613 1925
889 5816 6299
1936 8480 7954
7611 12136 9132
4661 11786 3956
11709 13835 9671
5470 10816 8794
483 3927 6107
484 3304 8989
8767 17002 4213
2091 11370 1079
3457 14973 7848
5460 12149 4198
14893 16394 3542
7231 17745 3308
4240 11388 902
1295 9759 4522
7667 8206 5000
3530 5528 5035
10004 10544 7632
3696 14302 1511
5731 9284 684
3647 16113 5043
4031 11846 3606
7191 17338 4428
34 4251 7472
17758 18300 4358
2645 3884 2140
11388 14829 775
7059 18787 3888
781 5290 8348
7236 10292 2875
12408 12680 9761
7274 17184 3685
348 2439 1541
229 551 1390
11409 19751 3603
5795 8585 5497
3404 5495 6153
2905 4570 4724
15141 18082 8914
1138 9690 583
16730 19725 4528
120 696 202
7108 7534 6969
7071 9367 4985
16427 16709 8891
5962 10310 532
5508 9557 8815
14220 14697 3637
15030 15093 8096
5773 18925 5449
553 8430 5045
5469 8276 370
9238 11653 7851
7300 10720 7191
7823 8507 5285
1348 15103 984
1071 1097 8473
7381 15100 5573
1515 1944 5243
16607 17062 4002
3070 19861 6570
590 970 1392
588 12004 2706
12618 17749 2540
7256 17640 5116
7146 14154 5347
9062 9642 5159
9778 11723 3164
9131 9451 3305
8273 10862 8830
57 4115 186
5185 13463 5421
6210 11919 8920
10370 12688 84
4767 14718 6341
968 9778 3210
4462 5489 897
5588 14566 1404
1004 3425 4983
7676 17007 8138
236 11731 9506
2669 9392 6530
19033 19496 4720
10174 19180 131
12976 14988 2410
17203 17518 8995
6977 16655 3205
4701 5667 3856
1660 12592 437
9589 15345 3035
526 973 9099
209 1769 6362
2205 12437 3867
1144 3312 723
15031 19481 3499
6675 9089 6163
1844 3454 8544
1983 11756 4134
4177 7280 9576
4625 8633 8492
8115 12142 8760
6854 7177 5553
11002 14710 3779
4653 5092 2585
2751 12788 4837
3890 16807 5048
7265 18346 3157
2341 6806 3302
5039 10058 7993
108 10993 8697
15801 17880 3197
8134 19081 1617
2300 14989 4902
3202 4352 3691
1635 6354 1191
1420 12998 5809
4604 6797 2152
5511 7475 8684
10971 18664 6739
11966 16582 8422
1960 4164 6732
5017 5759 1809
11536 16925 5124
1100 5108 1672
3709 9589 5254
1107 3196 8705
9598 13040 5797
3463 19831 9443
15449 18961 737
4879 8052 3297
6594 12092 9343
4337 5397 4401
6032 6402 3578
1 3482 4506
4847 12608 3975
17264 19816 1684
6101 6294 3381
3059 7917 445
6883 14065 5659
12329 19561 9457
5907 19441 9788
5282 15477 5685
8987 17026 6494
1239 11061 2670
8179 15238 1265
1166 7095 8917
2453 18851 345
5675 11142 9
5835 18858 4333
3902 12554 6867
1972 2724 7082
8213 9544 9190
17619 18115 8847
13701 17846 3858
5477 17727 6628
335 467 6210
439 15325 8369
10058 16556 8540
7814 13150 5332
5087 18483 5459
3491 17430 8268
1253 15697 9347
7853 17877 951
14976 16080 6809
10107 19567 6651
9641 10429 8330
7266 14574 2025
12115 12896 8396
14109 16216 6090
1624 14478 8522
7238 9779 1214
9400 17958 6540
11889 17732 8494
11777 13069 9840
4690 7201 9615
104 5696 8021
175 7015 9833
13463 14250 3960
3662 17205 3604
2293 9036 6361
2331 16756 1530
6542 13149 4431
217 17623 7937
12850 13778 5061
9844 11052 144
15812 18111 8589
1128 19250 8269
298 366 2744
6488 13325 8698
4342 16475 4762
2905 12511 9438
6200 7324 5708
10749 11287 8916
2856 8675 3184
12412 19638 4172
9309 10898 6831
10563 13410 1554
3072 17642 9612
1758 19994 8345
14976 18947 6100
3191 15355 5392
4927 15705 6657
8158 8988 7131
5810 17093 8588
3108 5184 2924
6981 15174 6112
8040 15113 1993
15814 16685 6870
3723 12464 9874
780 9471 9821
366 400 5090
4345 9850 225
11938 16995 552
45 10468 1761
9900 19550 8354
2961 11852 4467
13077 17955 6107
799 5536 3603
167 315 5076
3740 13883 5038
8546 19043 7165
9256 13069 8822
1525 9895 8908
1955 15767 7288
15045 17273 1520
5486 9307 6442
1387 19275 6520
15331 19402 6269
236 2034 1246
4561 5199 7487
902 6579 3199
9227 15278 494
8820 14514 9946
10101 13031 2858
2942 13470 3462
14188 16136 830
6734 11353 1107
7298 16971 4506
3487 7349 1210
7408 10403 5477
12568 13414 2297
2850 12446 6517
10954 14689 8886
3436 13781 4605
4473 18566 373
11597 13982 5859
5969 17163 1376
4198 6012 1058
3059 5762 7243
6990 17236 1718
2518 11347 9129
13147 18926 1483
1919 15866 9312
7822 9434 2050
1960 2551 5871
6041 7334 7656
5425 17323 5267
431 8982 8590
6908 14965 2277
4786 13635 4902
6689 13893 1385
6989 11861 6505
3090 6641 958
13630 16274 3679
18515 18723 5122
5886 7022 2695
2089 14885 6609
17547 17939 7938
3419 17474 4058
1751 13513 1737
4388 7157 7614
1034 6746 2727
1020 6618 8028
817 18836 2222
2160 14698 9080
9387 19289 4157
6191 15664 612
13248 15503 7312
8546 10679 7652
4298 7234 3415
4937 7470 4821
16043 17862 9193
855 14999 3346
2547 8944 8938
7696 8141 1039
10552 18032 8966
2410 7148 5307
832 13977 226
5374 10293 3762
214 8285 7254
7097 14626 7086
2251 2652 9279
8634 10509 7076
1200 2658 5835
473 795 1652
16919 17156 430
17156 18053 1493
2958 15125 4482
15251 18960 7263
1094 10133 7374
859 3494 6551
480 749 9192
1209 5913 4811
3760 14623 348
913 1746 2412
658 11987 3264
8287 13022 1727
2265 5212 1901
1462 10931 2205
1533 4236 7528
455 2392 6240
9011 11187 2832
5728 18173 2766
2412 17037 1203
137 9446 4559
881 4995 6841
4174 5044 9196
10796 18368 5454
4052 10073 6603
5701 12124 401
7109 17146 2684
778 18633 5427
117 4799 8668
5841 6588 4104
15555 16623 938
8211 11970 5351
1753 1836 9968
526 16111 5807
226 4104 7645
2537 19389 4923
7453 9236 9019
603 9723 9354
171 3419 435
172 5678 2746
86 1096 5650
8395 18867 2183
122 16475 3173
16423 18986 5858
551 1208 7008
11595 15679 157
1590 2087 3645
9677 10222 8059
9287 11012 1865
2383 18809 6006
7437 10435 3692
127 13610 7909
31 401 3889
3885 10658 1643
1009 14205 6683
3513 9410 6305
11227 19313 7041
138 5114 8464
3251 3962 3962
4801 16910 9848
6220 12467 9882
2371 4124 8923
966 1112 9883
2451 5877 8790
10626 19843 6548
6192 18024 6617
5380 7036 5045
9881 11391 4001
5443 14789 2348
880 11955 8531
4193 12854 8802
5833 19190 5163
7937 19512 2024
10775 12955 3961
4855 15023 515
6203 10522 5923
7173 14591 8585
7160 10343 525
8855 16493 5071
524 6543 9633
2109 18755 240
773 4461 9577
58 2174 8670
5642 7654 8380
15174 17555 7733
756 6111 8057
7071 7256 7080
696 12777 3920
2794 11791 3684
17635 17667 9233
5732 8988 5164
479 2184 4002
5845 15038 1216
17722 18048 3377
2432 4908 452
2708 5211 5722
12840 13480 4002
1871 14802 8725
16467 18637 8972
516 11401 9129
738 14794 1737
4730 8038 4007
6299 14932 539
5011 13444 2582
7374 14178 1581
1519 7543 5369
8792 16196 5654
132 17775 5517
2794 3827 8015
630 7581 6584
3080 13397 1046
7527 12350 7137
4670 19580 4357
11093 15382 7348
2841 16284 9370
16231 19321 2761
4886 9095 972
16340 18247 9137
436 16824 6192
17563 19708 4985
2298 15444 8866
8251 8778 6400
2716 13397 9122
2360 5304 6854
2280 13129 3988
1940 3043 4585
9325 13208 2319
3434 4816 1418
3176 4152 3300
605 1481 9908
5507 10724 3108
4224 9800 7023
17509 18299 2415
8699 13325 107
2046 8551 2307
6422 8371 1421
3263 3772 2676
7975 13130 45
9391 17985 3132
4703 15263 7661
9133 16786 658
2604 8653 2427
2655 8531 9946
1095 18982 6877
8037 18065 2364
1055 13879 7277
4791 6973 4759
8875 15343 8461
17461 18407 3587
15871 19003 9063
3000 3236 364
11852 12214 869
10374 12899 2494
5380 18134 3756
5812 7008 1090
2640 3110 1968
14457 17026 6711
5627 16713 4037
1003 12771 3166
451 5017 7303
1749 8302 7610
14400 18038 5872
2351 3253 4821
2240 5350 3275
510 635 7144
15742 18021 2790
5696 16845 3366
11951 18150 8980
3911 4356 7037
2391 6779 4470
12 60 7919
6399 12284 641
1005 11962 2845
9940 10812 9928
8845 18882 7969
1884 18838 9399
3281 12370 8415
3998 8795 9239
12779 19980 1979
947 12049 7495
24 8797 4013
5609 14895 4741
6484 10055 3044
1051 13491 6334
5393 13901 4186
7643 12100 2956
759 863 7528
4478 7714 6797
15445 15455 5034
3331 16894 845
621 7266 520
13096 14561 133
1167 1316 3503
146 894 3357
8923 17570 7807
9175 17563 4151
5497 14134 8287
1520 13868 7137
285 17599 3654
14920 15867 9818
69 437 5734
13693 17778 8705
2907 8026 4194
11821 12109 9149
1787 10659 9859
7250 8975 2053
3775 17104 7224
2725 7314 1828
1432 2447 4991
715 10838 2928
1097 9545 7762
13 875 7415
12652 18548 676
5226 10455 3885
3968 16689 5308
6989 11450 8544
8365 12080 442
11916 13233 9359
5961 8989 5676
3100 3198 2080
2715 4623 9054
548 656 1954
14310 16694 6630
10617 15048 355
191 3921 9072
151 2783 3205
4025 12003 2111
2865 14089 8199
14936 18493 815
2267 3159 4998
3264 6948 9205
520 3426 9006
14364 18660 6646
2774 3395 5094
273 4579 3070
8334 16094 4280
8943 17429 3420
2268 14297 1266
7380 13445 6447
5688 10644 3992
153 11685 4073
3799 13503 4329
2123 18089 4254
108 6302 944
10530 12031 4618
8501 12829 7491
1731 14625 9105
9319 15637 4863
4481 5309 2003
3264 18647 5771
598 8434 5160
2451 11722 9877
13076 19301 4340
1712 1906 7658
2996 3013 9645
1980 3421 237
7035 14051 3030
542 1103 1319
16155 19077 7119
5872 15778 8201
5933 16255 1978
8259 14144 7493
4997 18939 46
12391 14692 6170
3544 12391 9536
5824 13579 3636
3745 10806 2353
5655 18128 5092
3373 7784 520
1726 7735 6005
7267 7362 2182
11828 14949 560
1165 3333 8649
1496 2780 478
3880 3968 3519
1915 3628 1152
5710 6532 1939
1988 9553 6927
5003 14350 9316
5304 6464 2939
14448 18580 6117
451 515 7868
146 4409 7033
763 6366 8069
7917 8757 8152
16738 19802 9454
976 5490 6557
3257 7432 5020
2416 8310 4657
2564 15637 3473
5010 17171 8872
7146 8663 8240
1744 14759 7152
9643 16004 2710
8843 15461 7605
838 914 9230
9548 11042 4087
627 3147 6826
8789 9099 3570
8707 12490 1517
6690 9745 4195
16642 18001 9513
788 3400 827
5675 14327 7972
3272 13125 938
16344 18828 8501
747 15645 9264
1034 1891 5751
9114 14477 1992
10974 18697 3569
1983 9071 9161
915 3699 7601
12041 16997 8268
998 2625 9805
2556 2868 5279
11232 13444 5147
8822 17393 2848
423 5107 7984
1775 3947 2158
7224 12657 4350
7563 14896 4180
2622 19199 5070
10301 12903 6370
498 10465 8446
2336 18202 5587
6647 13016 9126
6501 19482 3247
301 1333 225
2112 2193 8634
11814 15408 7802
6270 18255 2300
12250 14845 9169
6446 18061 3637
3288 8853 4705
7049 8910 2866
1668 11868 4068
17130 19523 6475
4032 18020 4828
10082 10599 7887
4439 18996 9886
10218 16482 826
16019 19348 2274
8916 10322 5098
8591 19852 3206
2268 12069 2686
2648 15527 365
13523 17861 8429
6952 7854 1845
8949 12945 2087
14420 18861 8722
7948 10657 3603
7829 14586 2071
1191 1850 163
3683 7168 5532
942 13553 2858
4563 4961 3945
106 16500 9544
171 17014 433
3421 19924 1494
12760 19728 7719
16779 17463 7066
1714 18098 854
1564 5471 8332
11357 11585 3114
645 7420 280
3694 8851 8380
6365 14509 3308
2664 15051 2616
5558 7794 3307
1335 6798 1186
12551 19214 4030
1864 19299 2147
5562 15743 5504
9669 10182 1912
10638 18226 1097
2481 8983 7690
2327 4044 3901
2428 5605 1832
3318 3335 6146
479 8458 810
582 17619 8304
1172 7750 6658
4373 5123 7920
5517 7434 253
1989 18417 6470
11201 17424 5388
1516 5550 3351
6060 15879 2883
16394 19164 9958
6061 17024 8700
10549 17661 1328
9406 10716 3456
975 2122 2718
18775 18958 5225
840 13850 1741
2368 17647 1663
1618 6441 2223
6589 7968 4074
399 8158 3481
7083 7880 8349
1744 10887 9163
5784 15054 7435
7752 9713 3224
10820 13882 3875
7574 15388 4340
4817 7144 7784
16029 16263 1099
3368 15337 55
14279 18527 6005
12170 14716 1178
4833 10062 9217
768 5585 2688
4400 16767 744
11829 19295 8612
3417 10588 4975
6912 17368 4711
1752 15192 205
3892 6951 288
4297 13337 8308
10996 19619 4956
3156 17399 8470
1117 17712 5304
10170 15043 2767
69 144 6595
1724 3881 6044
9817 12869 7337
8249 9354 8751
5405 18772 228
2668 19359 5228
7821 12734 9814
3232 9692 216
2954 3004 4371
9545 13731 6782
2809 10137 7854
7515 7625 3115
13836 15162 8243
1094 7024 9399
4627 10001 7976
7400 7744 7518
10376 16895 1875
1405 2097 5168
16765 17755 1762
3790 18681 2782
9174 13676 2593
428 17905 2618
996 10932 1655
4297 16772 1050
3525 11982 618
17717 19538 4483
5180 13285 2237
1582 4109 9078
12480 13332 7018
8848 17342 2070
267 330 2562
2481 9490 9274
6769 13803 7373
5584 5979 2949
8736 11515 3500
7709 10801 5636
5218 5941 2589
5484 19320 2686
8270 17483 1072
3661 9785 4439
1816 4010 25
11848 14053 9108
3222 8864 6992
6983 19737 6628
12474 15082 8500
9238 18805 5070
14992 16216 7615
3407 4306 9401
4285 6258 6233
1382 2002 1379
11468 13061 1643
4943 14129 6702
477 13075 6955
1495 3622 7022
1499 19533 7153
1409 4591 875
13267 18504 6561
11429 11826 526
803 936 949
3567 4431 8130
7784 19612 734
1799 13449 7718
991 3944 1446
7850 19212 9014
10362 15722 9133
2165 9685 831
13068 18061 352
5831 11457 3058
2622 3456 1534
5902 17444 3732
9741 16440 4696
9330 9619 5199
2885 4838 9670
3927 10295 5388
4762 15075 6498
291 425 3751
6889 12989 8209
107 6091 5939
3507 15030 9226
4466 16573 4309
3882 13326 222
933 13644 6427
6189 18885 5432
2713 6027 9140
4183 4720 6200
1218 12331 1776
4918 11336 8812
85 483 9952
975 4726 1129
6091 16539 6446
3815 10002 3114
1853 3417 2853
3656 5450 3779
8067 8348 536
566 1785 4224
8943 14649 6069
3002 3103 6044
7536 11502 8338
3480 3735 8474
5334 8435 1865
2366 4431 1329
279 3884 7963
4300 12666 5936
1191 16509 257
10137 16363 3978
2683 5679 8855
9367 13151 9578
5139 7292 8641
16739 18521 2915
343 14954 6797
9168 10076 4249
84 9694 3222
6558 12403 4293
10587 13744 9530
3285 7767 8467
10368 18028 3529
9134 9933 8158
1084 4965 6114
3068 9931 2092
3235 7120 5757
8414 12013 769
1261 18628 7188
7632 11371 2813
33 5923 8053
2309 8768 1973
1379 12518 3419
2349 7250 6936
4754 8448 5852
275 1277 2618
3617 4156 1931
7828 14283 7061
2520 6481 8947
5653 17163 5555
1907 7299 8976
9813 13380 2680
381 8120 5041
3222 3866 4324
14585 14782 3799
7614 11322 9960
10458 11230 5174
16516 18354 9757
8641 17861 2170
2102 6785 6257
3457 4538 654
1952 3138 6548
4456 4896 6063
2443 10614 4817
18004 18667 5344
1738 4606 5891
167 4165 96
3 19378 8772
3910 5260 388
13548 19950 1543
9367 19153 2
12667 13055 3921
7702 10225 7719
15042 15312 6837
7758 15138 1858
4387 12191 1249
5420 10326 4305
8945 10543 6241
2905 8142 173
4173 9175 6513
3134 5876 1758
8078 18513 1022
14418 18525 7299
11457 13247 5969
505 5217 564
1694 1748 9698
10033 14887 9825
903 3053 2470
3746 3889 8209
9598 16163 8888
341 4300 5354
1481 6504 3831
910 1510 4890
6506 17987 5269
1772 10449 357
12083 16787 2635
18336 19746 5178
115 173 9361
3241 8906 1709
6805 13791 1713
4727 16366 5760
3694 7282 4706
10799 15624 414
7490 11605 7130
7131 17772 6945
7877 11462 3829
2314 5773 1574
2162 10567 2249
14887 19899 6127
2532 8113 7905
11927 17118 2335
14151 17264 759
9727 19232 7806
1637 16894 5351
3752 7140 7137
9298 13381 5466
6562 13089 8407
278 15486 9606
1667 12412 2502
2182 4496 1509
784 3942 7305
7490 16282 6627
7354 14130 9952
1305 16821 617
4481 14799 2916
9564 19987 2744
9175 16170 6267
10392 17820 3632
6326 17130 1507
2997 4341 6724
2880 6699 9781
1270 1362 4599
5619 8332 8421
7189 19471 9557
10863 12702 7903
6762 7255 630
4063 9733 3897
3599 14419 4967
1730 9764 4258
7070 7541 1278
4273 6602 1931
743 6568 1446
986 6389 3091
4786 16942 221
6813 8994 4036
380 5886 4812
469 602 3222
839 9295 8487
12723 14655 6229
2989 13144 2060
3904 13524 247
4940 10300 7504
9878 13439 5409
12467 13128 4847
5277 8176 1793
4781 8098 1460
6125 12460 4993
1321 18237 2606
821 17176 1477
1492 3453 5381
6434 10531 5448
926 7089 4179
3719 14925 9676
7645 13938 3601
8215 19355 984
693 13094 7076
422 9461 9937
5169 6298 5851
9081 12912 265
9335 11440 3795
2126 9466 6098
684 14816 5978
12513 17596 3065
329 19458 8111
1305 1454 2995
3504 3729 6728
606 16614 4031
1751 2610 6189
5642 6215 9974
2848 11410 5182
5456 9211 3012
12959 14732 2603
15440 16534 7340
18235 19314 2063
5082 11075 7245
7850 10335 3497
4604 18201 7464
2801 18050 6845
2441 2837 8738
1455 15488 8889
3097 18891 4791
11588 15856 1154
4403 10629 6200
1046 12404 2322
3306 11680 4656
5337 5589 8984
7383 15693 1826
5076 10801 617
10123 18380 9583
14340 18732 2341
11067 12026 3279
6903 9608 8407
10175 13568 2362
6583 7155 5151
5358 9494 6130
11306 13353 420
2067 9052 2041
313 17694 2305
3569 13599 6504
8991 12567 7121
2871 4636 2258
8543 9537 4268
4553 9578 5743
8046 9563 9474
13081 18734 2550
10954 12014 3147
2924 12996 8740
9678 19861 9645
1388 10259 5825
1217 8654 9392
557 2046 6109
4659 7311 6280
2762 6382 9359
2277 9824 8249
14348 16920 689
5495 19224 9348
10178 18600 8442
11362 15124 4502
1203 16892 8202
13043 14667 8076
5558 8054 6407
1249 15044 2366
4789 12599 4082
6682 9999 1234
4687 8391 8536
952 1433 9175
9942 13647 4537
4005 5135 346
4471 9438 5687
7140 14064 3783
3704 19981 4068
317 525 7178
892 18830 5823
3872 7973 261
5230 5424 28
7339 11583 8482
5337 19634 8635
17486 18505 9081
7466 9175 5361
11966 18374 5272
4649 12288 7539
412 4595 8759
2709 13565 5054
17171 18248 4507
12829 19451 1099
9821 10605 5444
12242 18322 7827
8320 15449 443
12343 16471 7659
2889 16156 6145
23 17232 8122
7463 18140 3448
13467 18272 4443
9533 19893 2388
610 14893 6974
11225 19045 3515
6902 19150 2546
14505 16754 6033
295 17641 5732
205 406 2223
8868 16077 5016
12308 14704 2223
12344 19621 5625
10569 12006 2108
214 883 9249
6125 8665 1104
12144 19450 839
2281 5001 6314
1481 2181 5380
14644 15411 8446
3199 5849 2966
774 18420 1146
10072 18375 3198
6628 17598 4260
3511 6802 2881
3571 17844 3417
5316 7643 5279
553 14460 1409
1760 7037 6034
7142 7488 7223
3620 9381 7668
2680 11764 1519
17279 17637 1335
11087 18671 386
2936 16809 246
3000 3248 2640
7997 9251 519
4542 19912 7346
4769 8325 7953
8796 8880 9212
13873 16207 8065
5042 5944 8624
1853 13154 3405
4266 5331 2793
10153 17279 5394
13433 14070 8172
7510 11828 2223
10124 12368 3721
5008 15790 7195
1755 2134 1507
5811 17250 8410
752 6226 3690
7544 17667 6654
9431 13505 793
11294 16880 6333
12752 16689 3440
4410 15865 6845
6757 10925 3573
10191 10523 9125
6107 10129 9650
404 6160 220
1760 8139 4411
14196 18183 6381
5683 8052 6333
9750 19839 7012
4085 10289 3422
1917 8915 8320
4786 8835 506
4847 7144 4695
6892 14178 1001
5816 8153 9802
3049 5180 1655
1542 11119 5831
13434 18155 5337
3560 7548 7870
5359 17903 2154
2140 4001 7543
4428 6170 2332
8470 10321 6374
10918 11005 9029
4499 5545 2253
11057 14343 5791
35 1655 3740
7229 7967 8770
892 16158 7002
6366 11118 7611
5125 19721 3362
1020 4211 8827
14389 16391 3183
2294 12893 1051
8714 16538 1043
1120 12124 9990
523 5433 781
4 4300 4779
9718 9937 1350
3097 11833 6237
2318 2810 3265
287 2774 4510
9467 11404 7042
1194 18426 4073
3717 4325 510
9026 16810 4271
1034 4505 1293
610 18998 3232
1434 2078 2916
647 1328 6991
1155 6387 7836
7614 18530 4962
11195 16522 907
10521 10730 6578
3725 12134 1069
8317 17540 5047
518 15632 5834
324 1451 9394
9762 17569 1609
395 7717 1047
766 1846 1882
8094 19823 7524
4405 19380 3126
12037 19647 3772
8855 11727 6278
4169 8073 9589
12558 15875 7462
7713 15308 3416
6809 18452 6476
9808 18500 3677
8964 11713 9543
683 17222 3671
1109 15444 9678
2547 5361 3856
13865 14505 8801
6300 13083 8980
3931 4064 4565
4596 6525 1504
6536 8683 934
2268 19157 6445
1954 8316 1390
4201 4738 7188
7811 12813 6461
3528 14869 8699
13207 15290 6826
7518 15804 8898
7069 12417 4679
13227 19730 1
962 970 5945
17156 18232 9243
446 1970 5929
1119 17859 5290
3374 5940 6198
3192 19900 1422
472 1284 2909
8733 13346 6134
1976 7849 746
8012 18298 8567
11945 13450 2703
9485 11627 9235
6053 6163 399
4385 16291 637
9159 17528 2926
12784 16199 7889
4098 13933 3537
3021 5008 8489
15042 19160 5101
3322 11140 7773
3526 16801 5592
287 2255 8407
17201 19190 3054
573 3928 667
5491 17902 5711
5029 16859 8210
5117 9155 4750
2698 17306 933
3931 7333 5301
11768 13814 2058
4853 18397 1600
2247 2548 6155
5002 9398 3858
74 5329 9726
405 767 504
530 1986 644
4777 15110 3486
7137 15983 815
7097 8255 2642
2783 10686 8845
14708 19992 6701
13080 19384 5486
9116 10111 2172
5692 10098 2313
6555 9288 6764
2915 9609 3013
2739 8480 4411
7097 10971 6075
18491 19747 3759
3724 15914 5843
460 4414 9006
7 15783 231
10192 16318 3865
11664 14424 3080
177 10122 6721
305 16496 6443
1486 1674 967
5365 19548 9782
3697 11648 3373
5447 5628 7326
1742 2258 7934
9710 12552 8683
3531 17773 7144
9579 10673 2137
4981 5046 6087
13950 16943 8979
17523 19986 7054
4667 12407 3968
12522 17863 2050
7858 19006 8009
4589 8309 8314
1649 5633 4038
5182 9208 3381
13983 14359 496
6083 16264 9838
13531 17948 9044
1358 6961 5970
1909 8274 2235
176 518 7156
11296 14053 6548
647 4681 3795
11321 13116 8233
381 11490 3614
7910 13447 9393
14835 18963 2956
4477 16092 5532
15533 15818 9680
1987 2058 9116
753 4613 9154
3159 13905 837
725 15353 162
14512 17012 897
4054 10857 4942
14627 19498 2652
1643 13619 5660
6709 12887 5798
8173 9971 5775
8588 12059 1508
1621 5773 5411
2708 16643 8671
11740 12351 3496
2205 2522 3459
17723 18709 9661
9309 15980 4724
13887 17286 7120
17589 19643 1369
2185 5113 8549
18185 18867 9596
15523 17988 1968
326 7187 3209
5519 13467 1785
7153 8193 1759
8972 15533 1687
6099 12054 874
4837 14039 4755
3493 6239 2117
167 13863 7725
411 6168 5344
597 10250 3070
4973 6605 1356
11640 18415 6448
1106 5890 2796
3247 17050 3233
1621 16171 4604
5903 17861 5658
1844 5994 9358
6026 7184 984
16963 17919 2765
10892 11280 1424
2346 2934 2212
899 19204 1586
13196 19231 4382
3969 17788 5751
2375 16346 6525
8210 19091 5492
3445 6957 8937
7901 14168 9673
7982 9330 5755
11905 13354 395
11229 17827 5954
9030 18963 3533
4737 16696 1614
3610 13937 564
4290 13968 6750
167 305 4801
6666 15904 6616
5649 6631 5040
1736 3624 9441
11807 13483 9251
1509 15996 9627
267 13425 5524
12595 15507 5114
11438 17526 1647
5081 18863 1388
8229 9724 3393
5025 11323 5857
19473 19652 9142
6479 17763 6706
2493 10150 3069
6105 15677 6323
4593 5129 3261
2030 12493 2996
264 10491 154
959 3270 8223
8532 10404 5794
3923 11922 569
2786 11272 6950
9138 12485 6674
5756 18730 9109
9047 16898 7072
360 14903 9545
2311 4239 1862
1347 16253 1345
695 9278 979
392 1726 2616
6523 16918 6693
2958 5258 8584
10941 18639 3978
6257 10978 8033
7762 8351 6791
1137 1672 3618
13054 16913 4673
2741 7468 6518
94 9276 2850
8965 16258 7901
10857 17188 554
732 11276 1405
16356 17079 6753
6319 18436 5843
4347 6297 1039
4990 16717 9432
1349 7142 7712
8285 11983 6580
851 9458 3227
3047 13904 3136
2895 7016 7115
4656 17891 7402
3710 6108 5420
15375 16866 4921
11417 13320 5245
3150 10994 1627
6581 12739 6160
14636 14985 6341
5178 15822 7452
7080 15093 7480
2803 6851 7449
1402 14776 9281
8068 11560 9848
7091 15240 9759
4625 15943 7395
55 5589 9111
14762 18387 7982
8846 11621 7705
486 2990 8024
17950 18254 3977
5407 5959 5191
4742 5651 4335
630 17438 5579
1541 13580 4375
2484 16017 4312
4588 11704 9170
10422 13154 6309
4017 16766 2801
4435 15764 5055
2583 11729 3176
2702 12100 5732
5617 11941 1758
10077 19712 2392
604 15400 953
8851 10261 2930
16761 16802 583
7576 17371 84
11956 14607 4390
12724 17849 4536
7662 15415 133
1109 1406 4292
13611 13908 794
7977 8695 3509
13031 18901 3500
5884 18141 5501
735 5659 6221
1721 5115 4188
1046 13397 9493
148 6672 3094
13409 16755 5837
8144 12618 2160
3112 13427 6916
8314 8843 3922
626 9084 591
10465 17286 9903
8136 8660 8536
34 6912 3748
6941 9975 2861
1952 11974 7990
2257 11897 560
13852 15841 873
8498 13608 9429
10061 10507 2945
2431 4909 9733
2482 10715 7524
2081 5789 440
12691 13140 1283
9643 14458 8182
8958 15369 6678
7726 9558 4292
8974 11070 3855
36 17335 356
2468 18966 5758
10996 12274 9130
5869 16670 1269
15605 19772 3622
24 18262 5452
2208 10395 3714
11703 18753 7989
362 12344 9639
12588 13868 4352
6025 12664 2229
4840 17499 3191
167 6875 7670
5564 13279 5201
250 2689 7822
9361 13338 5285
156 11357 4252
7328 15522 5510
2628 12004 7838
4189 16729 7105
12264 15428 7460
16980 16982 1474
1107 8587 6641
79 4662 3886
15463 17613 8892
7494 18934 5418
7745 11180 9699
1972 7072 842
7556 13232 4738
3499 14604 4658
15922 19364 9483
15597 18433 3658
8658 17520 8783
1098 13620 1555
9749 14194 6231
4570 7245 9009
429 727 4810
1842 19636 3981
4977 7175 7376
8249 18656 516
6128 17910 2182
2045 19474 9085
6615 19373 6283
5391 18168 4299
397 3763 2654
3633 7375 9449
12280 16679 3321
600 1049 2866
3969 4138 3850
1296 17599 3768
7821 16684 9942
4925 15311 8254
1630 8306 6664
8727 9097 2238
11127 19997 1081
2698 6008 9787
421 444 8683
4818 11125 3739
4045 16639 9520
14985 18083 7104
4012 6780 1059
10301 11836 3618
3368 7647 2037
3635 15514 3447
14580 17070 2281
604 1981 7231
17320 19973 3280
8282 13153 8193
1410 18631 6586
1798 13364 4567
1924 12339 432
10106 18753 672
8623 8856 6386
107 288 1878
7659 9974 7593
7331 13239 2209
713 9754 9585
2934 3382 278
7630 18562 7685
10009 14166 1870
16737 19844 447
3202 14473 4421
13603 15135 4945
4729 11601 4855
8481 12486 8979
5432 13037 4116
748 12393 3549
6755 7732 9184
1629 3639 2822
12816 16613 4320
17003 17892 2983
1425 19408 6574
11513 16510 7647
2060 8534 5862
7304 8579 2129
10827 17852 6406
7766 14451 2756
2865 4225 3884
7409 10766 9380
586 2606 3465
7948 17104 7003
3723 4363 2919
3236 5547 6907
3462 14377 4532
2853 3402 7682
918 14404 204
3394 5055 7193
12385 19552 1854
6679 7062 7885
3593 9265 6831
3602 17312 8957
9857 15667 4731
4120 14606 3859
7246 13100 922
727 1641 5124
5614 15481 4143
2111 3461 6344
7247 17880 4866
2991 9438 2816
8084 17025 9568
7475 11631 5086
11596 14083 6437
1994 3136 2323
9371 15169 455
862 19282 3735
386 2950 7186
4695 5311 5658
13247 19408 9321
3867 16550 9252
1700 3096 7282
1292 6762 9737
8806 10444 6065
2679 10737 6993
2911 2961 4941
2368 4979 8333
13634 13784 6920
10539 15532 9667
3414 9620 4928
1354 18445 5745
779 1932 2384
7423 13833 4858
629 4378 392
1088 8760 487
10800 11750 2402
4358 17981 9721
2396 2901 2195
3821 18863 7836
9282 14681 3734
1862 1938 2409
1655 10207 299
3057 18013 166
2543 19064 536
222 757 4155
6364 13623 4433
4098 5641 8726
18367 19628 3329
6083 18100 3428
10028 10200 1682
3543 15952 4675
4064 7220 4124
897 1206 3180
3121 7711 6870
679 5433 6227
3333 13827 7792
3 1584 873
500 16298 6684
2963 7639 1083
730 3905 3496
1751 2244 3789
354 16024 8970
9836 14652 3264
8470 19107 1972
10033 15016 3904
9995 16754 8967
16251 16449 1853
8020 14036 2801
117 154 298
13729 16888 6888
1858 5685 1806
1631 13767 5295
1198 2186 3418
308 8855 2379
9189 11721 2291
4244 10865 1426
6024 14777 8317
846 4627 4177
4062 6012 8026
8493 16645 1998
14735 15797 3896
4189 5348 5968
6330 6429 7680
15013 19127 7058
2029 13981 813
4111 8250 6967
8542 13270 3699
3923 7105 1676
3916 14049 3096
1076 8707 8661
5894 10314 2771
11829 12084 2208
8284 13633 8313
43 14067 5027
5514 16274 8758
10874 19010 7826
5421 6134 7457
15692 18804 1563
8039 15147 883
9167 17106 5434
2844 18081 9966
210 8340 7249
678 4025 1010
4990 10642 7376
3238 3810 2998
388 11822 7692
3344 13458 8107
3991 9477 2149
938 7988 9986
13048 15209 6259
5144 5297 7899
14449 17637 3715
4947 5271 4475
655 1363 1409
311 1211 2794
610 7583 964
10919 12058 8883
3696 7428 4330
19640 19842 7977
4173 4463 1657
6130 14183 3443
4367 13459 8635
5481 18578 5789
2093 15580 8687
11156 13872 7854
9982 10654 9366
8944 13407 1811
6990 12082 9556
6034 6127 3163
6562 10602 7646
14862 18412 1824
11797 13053 1962
1748 9474 6037
9410 12038 7332
9533 10876 6409
5053 11115 9853
319 9315 4694
3609 5991 5131
1001 6869 1591
15700 17962 7811
651 1578 6901
6681 15718 7300
135 1909 3842
365 3337 1392
2396 4849 3151
740 13194 2047
7497 13864 6615
2971 6313 9982
5362 5829 26
483 18816 5517
1242 12933 5369
13201 14385 102
1583 19081 1565
7010 12806 2800
13194 19354 8174
186 4169 8765
1507 15750 654
2990 14172 8062
5152 8045 7505
3418 9939 3430
5911 6023 3007
5443 5734 4754
4331 18214 4815
7838 8052 9785
7708 9632 1428
17507 19408 9380
7283 16884 5665
7081 14941 9648
1020 8395 9958
6125 7732 2005
624 1914 5778
448 19442 6318
3880 7335 2538
371 8489 289
6518 18047 4211
7943 10304 4779
16797 18798 591
522 18912 4335
13270 14584 3656
2 17661 2514
9824 10366 6019
2156 10486 3527
845 17026 5356
3120 19929 8885
2450 2733 5890
10443 15004 1042
934 3164 3318
2422 11828 824
17203 19162 6754
8221 15944 7787
12548 15023 1123
7275 17665 7497
6440 19917 9052
187 12974 11
10274 19575 4069
4118 6143 7288
16190 17646 7281
1749 3498 3125
4226 6720 5632
17863 19178 6455
8181 15611 5153
1466 4779 2439
666 17609 6586
3073 7337 1695
759 3340 8619
12026 17544 8291
10392 12280 8787
7089 16568 1619
2431 10389 3259
11784 14643 714
13 472 2125
3855 3983 8446
4770 12188 5982
7982 8489 4217
4006 7185 3397
127 8610 1269
1204 19607 1827
2893 2936 5116
575 1624 6555
3827 14600 7161
4648 7839 7598
1687 16278 2813
697 5975 3449
2380 17143 3723
4984 10467 1205
2816 18617 7817
1103 1606 6465
2671 2807 3635
7081 7523 2107
202 2021 1748
17498 18468 5113
5622 12106 7247
1283 1796 9185
10201 15264 7835
347 2937 8778
12481 18817 1691
1833 5786 9901
10467 11589 659
388 1338 7083
2108 17004 3453
1473 6777 9117
767 6824 4710
2810 14832 8042
2576 11681 7073
1387 14745 7046
9054 17286 4652
6765 11340 1081
6594 16402 2969
670 19298 7978
7767 12733 5566
454 4919 5518
2773 10963 7781
15328 18857 5019
3863 5730 8564
3030 12535 5965
10329 13523 6875
2253 16523 8099
10463 19793 6503
1674 8863 9705
3425 17900 3401
530 5776 149
14117 15496 3210
3927 7514 6905
5998 11528 8321
1500 4034 6219
1862 19257 8027
7295 9086 2635
3239 3362 8161
2525 2869 5380
8179 16174 9478
4104 15350 7300
7947 10515 7750
874 9965 3691
5608 11507 7633
6666 19547 2596
12257 17371 4827
2546 6874 8080
6404 9088 3555
700 2946 3034
5252 16527 3201
5248 8409 6146
1275 19394 1364
132 147 276
1954 2662 156
8254 17603 513
9937 15567 6273
9562 11507 1643
7037 9029 641
4476 14726 5442
7953 8552 7533
10780 19767 8302
10026 18289 5103
6870 12243 5419
2221 14021 3014
11873 12002 602
2296 18599 4848
17683 19431 5619
6168 11218 9516
3064 8170 6276
6362 8595 6395
1805 5260 331
7852 14916 4573
10504 14092 7305
18833 19911 3909
15108 17038 8987
11730 17131 3464
1231 3105 8883
4259 10935 5868
537 3163 1887
2436 3712 8579
6957 18660 2042
4462 11703 1239
15905 17362 6674
11643 13240 9884
8994 9938 3218
16874 17070 10000
15759 19979 8170
8164 14526 8021
8727 17135 3040
8987 18525 6934
7671 9606 9849
319 394 6676
12237 15769 5961
1581 3534 5610
12809 13421 8199
13649 15130 6851
5298 16511 5733
5484 15744 8892
3894 15993 4546
8850 11288 5022
343 5203 4866
3023 6052 1082
1795 18366 5988
1433 16802 9377
12730 15543 8352
2500 14798 7361
3595 19353 8174
12939 13410 8855
13877 19231 2784
617 10412 2191
2083 11142 7485
358 10440 5829
1813 7645 5759
15137 18832 2648
4664 8480 8740
217 1011 439
11730 12672 6519
12691 14102 9468
318 3543 2793
7839 12312 5215
2538 5563 5666
2540 8922 4805
4452 7338 6748
1642 15672 4693
1565 3291 4325
3836 6080 4424
4811 5493 3558
50 62 6625
8805 18569 3114
1296 1450 1226
2323 3659 4893
17644 18674 9541
2826 3863 1738
2037 4125 9422
11241 12750 373
5288 13729 8576
2569 6386 9355
13132 13324 1093
6110 16255 3087
2632 9024 8755
10889 12594 7220
101 953 4912
2167 18802 916
12199 16673 6383
4093 9207 4590
2129 16966 1010
8421 16627 122
2394 13104 9560
4312 19162 980
873 12010 1197
10414 16397 2937
8553 9048 2950
11440 16497 8997
5186 12463 3353
3658 4316 9972
1049 14712 782
7726 12195 125
610 1042 4294
16062 18140 4476
284 8024 7558
6845 14823 3969
2686 2756 7837
239 10293 4104
3487 14511 7499
2172 4455 1658
9355 10554 2803
2303 15675 2744
2412 6569 8589
81 1479 1032
2720 3079 2223
382 8423 5742
5401 12950 9605
4215 9631 3820
9915 10331 495
973 1110 4516
10947 15735 5153
100 13723 3814
12325 19375 5475
1671 17535 5074
553 4499 2659
5920 7290 870
3753 12837 8334
11095 13502 3412
4640 10874 2417
1620 2316 381
6171 6262 4382
4626 6199 8622
5498 11869 7362
1953 3359 3871
6983 7932 6801
8266 14917 1733
1855 11439 1391
9362 15195 6809
7643 12476 3357
6146 14345 9418
4134 15465 7052
2096 3232 2554
1483 14149 3815
6850 19143 2296
4931 9064 3228
2166 13365 6481
13114 13974 1611
4629 13493 5974
4328 14719 3416
1480 6494 7552
13701 17432 557
2798 3205 7022
6552 8580 2753
9347 9463 4029
3450 17927 942
12193 16327 4136
5242 7429 4783
2626 17096 6132
16517 19477 9462
7019 8437 5753
2551 16290 2519
8471 10088 9751
10353 14886 6028
5072 13294 3149
10010 19576 4350
7147 11029 9362
13103 15446 5152
7835 12041 1114
1190 14507 7592
394 14349 5215
14121 14557 2216
3614 17469 1339
7537 18422 3510
7043 14389 107
7343 11142 8101
13223 16358 1440
1324 13079 529
754 19435 9419
12673 13614 4812
4771 6664 2500
6660 7493 165
3453 4094 3152
12303 19426 7037
11349 15048 7807
139 2900 9691
3329 5478 1998
3299 14123 8889
11025 19171 2618
1223 16509 9344
5597 6103 8273
5276 9064 3699
10276 13716 3099
1970 13349 5874
13438 19147 8151
1824 2153 7456
11002 11797 9505
6682 15244 3904
3655 9459 195
8393 12657 4028
8831 10884 3572
962 10806 6193
3351 7907 9199
4168 10812 5545
624 18243 3017
979 12930 2705
7966 9433 2225
12606 17486 1265
8593 19995 7543
14354 16818 116
1742 8680 1945
1589 11445 8375
2080 5140 1774
7018 17710 5059
2277 11303 3174
820 7947 585
12535 13432 4976
12997 17371 3306
9886 13950 2821
4620 6413 9014
899 10078 8280
1852 10633 1747
8878 17465 3255
4305 8052 3854
13100 16673 1705
11850 14737 1602
1831 2921 5343
4084 12095 903
934 12764 8260
14655 15067 4196
1648 4046 1677
2277 10512 6105
8645 18313 4826
11693 16893 5664
343 15435 6339
3190 5562 4858
2666 2851 8786
3925 5770 6991
4882 10071 2338
1497 5795 549
2592 5701 774
7076 15269 9747
435 15370 4916
8606 18893 7342
7024 9040 8398
10879 13156 7994
2368 15060 2084
6002 16134 9162
5240 18265 8266
15074 16422 3139
2579 2977 4856
15852 17083 7671
6491 17425 1633
17 265 6459
12907 14104 8243
118 1443 6853
11015 15797 2295
6940 9285 3309
762 10515 8262
1084 8445 7481
18460 19606 3802
2703 3077 103
870 6966 8271
844 4612 9888
12391 15268 5517
458 11597 9657
529 7637 3518
277 18424 1696
3543 7385 3081
57 77 4702
3430 4279 537
701 19870 1392
9681 18990 1021
2617 18049 2426
1110 7025 624
7831 8102 5889
4030 18083 6999
535 6564 4702
2379 10488 498
1663 9576 940
14909 16038 714
2070 17407 5434
2738 10370 4192
133 6463 1813
9684 16158 7051
4008 15817 2741
2899 6102 6275
289 663 6479
3201 7563 4943
732 2329 9387
9642 11427 3423
8591 19474 1869
2623 13570 8513
7155 13940 1487
6966 7757 4550
1224 1950 7539
5131 11370 1146
5860 19131 1773
2498 6732 1756
8351 17899 3746
8829 19100 2468
6741 7482 7970
858 2222 9789
5811 13455 7454
7600 9661 3830
1772 13147 7534
10070 13837 7741
1068 12615 7734
6990 13642 5880
20 1232 3515
3490 5565 840
3437 12331 7040
579 709 4815
11727 18985 331
2906 3892 283
2071 3705 3429
2814 10510 9953
285 785 2462
3323 6596 4411
4583 14460 3720
13255 14630 716
602 1106 8774
6120 13875 2983
5998 16292 4824
16988 17618 5581
8741 19577 2725
6159 15645 8070
997 7986 2937
7675 7984 6943
11583 18865 2472
1294 1945 9944
8252 8522 8974
1855 3087 4759
1464 15866 3658
103 187 101
2958 14980 4668
10170 17036 3364
6092 6883 6756
15363 16152 3554
6280 14415 1720
4531 18058 185
15104 16855 527
10277 12289 8299
683 11779 8166
1486 17733 4730
7193 17957 7904
5762 9452 4691
2560 3509 5976
5097 9428 3317
12663 17903 7497
16825 16840 3531
13676 14724 3789
125 135 2900
1284 10832 5699
1529 15726 175
45 86 4085
9134 16308 9026
345 5116 8404
2253 7044 1712
1981 8583 9278
17384 19021 7484
1143 18499 4735
3080 9286 1447
8395 13682 2730
129 481 984
1575 1691 8054
4844 14622 6908
8768 10296 5541
11997 13446 8113
2433 14979 6790
9138 17129 9227
4572 10451 5193
13496 15121 6921
16163 19382 4205
592 14966 2715
719 8016 3504
3505 7207 5683
57 5276 4307
6965 19757 9798
1138 6314 889
1450 1653 4028
5027 6953 3651
71 3415 7882
3486 18458 4013
12548 14610 3799
7515 14896 2897
62 11669 3744
3085 15364 5875
5707 8321 204
14551 16763 2982
1700 15298 1669
10796 13394 5936
1495 10250 6313
11760 15354 1441
5134 5988 9314
5352 17747 2178
1425 11916 7619
1850 11179 4418
3113 13959 454
11923 14708 2851
6407 15595 5993
2497 2813 2145
2782 17344 2843
16071 18301 212
5877 6609 9401
117 2599 3927
1597 14662 6456
6534 18254 97
9132 19523 7259
9790 11793 9669
89 4232 5575
2090 3356 9850
8444 18807 3293
4558 6127 9718
7736 11223 3950
5431 5707 2301
2917 15569 7653
5529 15943 514
821 11283 2374
1944 4825 8568
76 7135 3315
2064 14515 6471
3134 12283 1637
4017 15873 803
3835 13135 7086
2547 10942 5585
6269 17844 2535
5841 9362 2625
5464 14976 5871
2845 3122 476
6163 15126 8436
1749 6593 8121
382 626 7454
7629 17684 9988
7411 15530 7530
16085 18749 8464
555 1622 886
2858 6759 8143
8673 10148 8347
3802 8001 884
10075 13800 9991
13734 18277 6213
1646 19613 3620
13008 17958 5187
277 7227 7720
5477 9126 73
1361 17502 9841
1308 2690 3967
2134 7003 9816
5598 6849 6167
2529 6447 9703
4971 8823 8432
5388 12253 9422
281 1515 2230
3051 7223 303
15850 19045 6824
9634 13073 5992
9126 12676 733
7827 9336 3540
8825 9985 4969
9273 15665 8489
12608 18634 3423
13322 17410 8342
8183 15461 394
12072 14486 9589
3100 9486 670
6151 7908 1741
3506 13582 6608
1538 9393 3676
242 18115 4186
5543 13845 5747
15098 15457 5443
11616 14331 2123
16395 17054 2653
5188 18679 2229
9967 16599 2251
1346 14288 877
81 357 825
7830 12807 3971
13920 16616 8581
1766 11930 8715
1146 8596 2174
4770 18620 366
2150 5026 9887
8478 17060 3576
16308 19501 6610
157 1383 8805
9125 16626 6661
6239 15119 5637
4027 13755 7145
6680 16065 2423
532 14242 5201
4206 8196 6778
13997 19398 5726
15292 17056 3000
8823 17884 9191
14408 19547 3817
9668 13087 9410
5540 17027 2682
14962 18701 6363
8403 18869 534
2368 2645 4366
5191 18063 7154
2889 18208 461
2206 2896 7622
87 420 1334
3920 10039 6479
9828 12416 2977
11877 14463 2171
1510 2261 8668
12362 15069 5243
12394 15734 268
6538 14296 3103
6111 8562 9375
1745 4427 928
10556 16326 3300
8801 9303 614
3462 4585 9267
703 2346 9881
2244 16501 5436
6986 10147 9286
13003 18713 8534
2788 6369 4383
60 1001 9767
3574 9921 5961
6368 18284 5003
2533 11821 1761
4360 12906 329
2272 11068 6481
14578 18283 7876
5410 15490 9581
10398 17625 1980
5101 17951 8615
5613 15495 4107
6232 7811 9949
693 1797 9011
2764 10401 6779
8389 17646 3302
1389 2708 1760
8319 12469 9384
6398 13842 8578
11195 13335 6401
17405 17922 1969
1948 13828 2518
27 2108 9302
6440 16933 8097
3109 7360 9518
363 16029 3422
4321 12285 5591
3331 10859 4774
6779 15972 1191
742 1176 204
3197 12528 2159
8820 15597 9711
9111 14605 1276
3338 3991 900
2878 3057 7124
3479 7221 4486
2304 18563 8200
11198 17861 147
10223 16588 5723
2279 15794 6788
19690 19908 7572
11666 17471 8335
453 16701 764
16751 17577 1431
14094 15415 6483
6630 10759 1389
1919 3490 706
3769 6410 3331
3249 3741 5496
10872 13438 8621
923 16578 9915
4642 6204 450
10374 18533 6750
2407 11685 6772
4262 16295 2312
939 12074 9188
11290 11339 5273
15940 16084 6442
8960 18651 7866
3943 14756 7182
8509 15485 2825
11832 14932 8680
3340 4012 70
10195 17135 626
582 4972 4297
7608 16082 6952
3907 6824 8093
9356 14392 4912
9851 14271 591
6398 10672 8830
8510 14847 4651
1056 4300 1067
12299 15154 6192
4980 8741 6799
12505 17990 1250
11110 11513 6280
4410 6338 8788
1959 5822 6890
651 4112 1646
2762 17800 4267
789 3007 7058
7358 19670 6115
6247 7800 3366
7909 18037 8127
305 772 3481
5332 15407 4234
961 4078 2260
1274 4002 3322
1191 1330 5779
6736 6768 7714
2888 3364 4856
8786 9386 3885
9066 19328 5249
3891 4328 6782
6308 14066 6308
15381 19508 726
16602 19011 9395
70 267 7833
10564 18307 7824
2192 2227 2551
1519 10604 1926
17022 17871 6528
2715 7448 4297
6244 8443 2457
11357 14908 8097
8993 18692 9717
152 2888 7388
1293 5533 7909
3454 14843 5050
327 5840 5683
2131 12208 9288
8655 16856 9177
361 12552 9889
998 2762 3705
997 1008 7028
2088 5349 399
7517 18328 8516
2268 2623 6784
159 6825 4299
157 1432 2546
3464 4045 8170
2929 3180 4031
1338 9718 5429
896 6189 3952
14910 15186 272
878 15969 8297
11878 12452 4939
1473 6462 3220
15805 16252 4639
3845 5635 102
6725 10013 6146
4139 7111 5322
1667 11249 1714
4127 10140 5385
2134 11480 6945
1117 2345 3576
418 6741 4419
8932 9052 2828
5966 12529 7421
7737 10493 3433
13729 13743 2548
5834 9795 8942
4179 12014 6392
424 2344 9646
9830 11709 7775
10584 12633 261
4044 13718 1981
9654 15929 7867
1825 14783 2819
1731 9589 7147
3364 18968 2827
415 4323 9324
9019 9948 9461
5917 5936 8063
10039 10789 2414
830 4529 1522
1911 14141 3607
1554 16303 7017
7280 14324 379
10455 13236 8179
603 3161 4192
9115 14867 449
2447 7891 5524
3639 9291 8708
2110 7961 9644
3534 5367 2292
18606 19741 1115
3582 12665 2247
9873 18204 5530
372 6754 9105
450 6357 9328
6202 11466 7248
6232 16068 5171
5682 6198 9408
12797 19739 5228
5190 5209 2142
14497 15723 9936
5243 13413 1616
7576 19176 3754
901 2588 4389
620 13311 1173
6900 17383 7555
1140 16563 7064
12413 14844 2432
4031 13377 3321
2469 4047 7371
4622 8043 8237
12932 16216 9864
3094 6481 6339
15610 19986 6986
1478 17403 491
873 1696 1615
11794 14115 2658
8147 14759 6558
12758 17500 8153
576 790 1639
4153 8170 5889
6543 9045 4429
857 8118 7422
6006 19155 5002
1627 1788 4434
3958 8576 8652
2046 12028 1218
4206 15267 965
701 2247 7297
14661 18162 9106
997 1784 6388
9574 16445 9543
1081 12085 7323
6156 14450 6785
9320 13978 3112
4259 16897 2297
8495 19617 7426
3757 13090 9515
186 3230 3465
4147 14680 5465
3356 3862 9332
13276 15464 7519
13148 16641 9686
2210 3765 835
1062 6498 5870
2087 14255 113
1918 4060 7558
17947 18153 7022
9666 14533 5132
12046 15637 7821
15624 16723 874
8431 9010 7285
16240 18951 6979
9418 10414 7319
2441 7306 7212
2365 18896 2174
2278 16793 8568
6751 13348 1904
1739 14180 1624
2378 5549 6887
8965 15460 3889
11046 19535 7576
1063 12761 8019
2658 7377 5092
167 12430 5101
4613 5480 2114
14448 17947 1149
6731 13196 8368
398 2334 708
7261 7847 9772
12938 18944 3130
3847 10315 7156
15949 19066 5379
1365 6488 577
4810 13607 6173
444 4527 3788
9272 10042 5464
3028 19647 98
2037 2693 1123
1178 13619 3208
7611 16882 8027
5806 8482 127
7228 14996 6586
12693 14611 651
7927 13924 2637
1693 6510 6638
12862 19952 3556
4828 5938 5963
11724 15028 245
2969 12576 1650
3850 19555 9262
11915 13157 1195
13694 16318 4513
5764 19965 3894
8392 16369 5141
222 4820 1184
587 7993 34
560 4050 7574
8880 10619 2024
1151 2850 7272
1543 1961 4942
203 14883 1884
17473 18783 1301
1573 13715 3643
12284 12344 8503
3145 16070 2121
1410 6268 2691
74 102 8698
82 18006 5429
15194 15529 8668
14725 15936 8370
10666 13448 3197
1378 3127 3713
4609 5890 3254
10742 16134 3724
5741 14314 7375
4751 5496 7360
3856 17034 1850
2118 18391 1468
16595 19613 3613
5171 10472 8597
3252 19969 7954
687 19695 6808
2557 9343 6380
11452 17689 928
6773 16543 4076
10134 15903 5854
5772 17943 5212
17113 19921 5334
9583 16443 8199
8960 18750 1163
3223 8485 2952
11580 16445 7894
762 15725 1941
8932 15427 6781
5383 6493 6063
3057 3755 2589
2962 5259 7159
9934 16046 175
16711 17348 4418
13239 16865 1856
4440 6270 2493
5847 17656 9053
16036 17762 1216
3666 4434 1651
835 5774 482
1276 8676 5624
11480 18318 6410
963 5135 7589
2441 3700 4971
198 1378 4303
8757 12389 1501
942 2096 2922
7844 16808 259
2007 4795 6601
514 11967 8865
7405 15251 8994
9543 11835 9494
1617 6794 5763
5323 12307 7753
11589 17965 2929
5916 7189 1378
9295 15330 3033
3912 8318 7120
1203 5025 3307
7096 15735 9680
16760 19132 2408
1782 4526 9323
524 10009 1835
7300 17061 7535
6808 15295 6255
6193 11194 4362
3716 5554 6784
1812 10089 5788
1874 13004 178
6869 16024 3253
5123 7515 2913
1676 7914 2011
14703 16299 4918
2024 5447 3604
342 15387 3749
5523 7593 1139
1342 12889 2259
6108 14755 2673
467 4790 4024
3456 15697 7535
1447 2530 1680
5701 6901 1140
9843 18430 9146
7804 13335 6265
1285 2313 2120
6166 11627 5807
12156 19981 2909
7476 13424 8991
2945 17433 6733
1362 18615 9196
9339 9455 5355
6806 10239 3656
826 9250 648
2632 11802 4787
2186 3094 48
12358 19195 2451
5104 14296 5415
3255 5436 3172
183 496 8761
7278 19206 2633
9248 11138 9635
7679 8152 4788
562 13816 7025
688 878 4039
4691 15946 1183
4747 16501 8510
15521 15892 7527
513 1902 320
13863 16514 5725
816 1680 3147
2478 9752 4218
5190 7144 3959
4946 5828 6884
1288 10065 2741
2757 15341 4728
884 3408 2691
15629 17312 7055
8719 12578 9865
3399 9547 7043
2229 4975 3587
11028 14147 3220
4242 12829 6002
1546 1652 4099
4250 9037 1822
11205 12015 7650
8504 15266 9759
9805 19373 8198
7671 19080 3492
2963 15496 8262
6862 16142 8114
6666 13581 1563
3933 16068 3068
1761 19680 3635
4717 10053 8125
1171 7527 1675
2602 12336 3084
3297 6514 798
1252 1528 7062
4385 4994 2233
2658 2777 4386
12285 15212 7010
4449 19652 5878
1372 4346 8944
11532 16144 2720
6850 13178 5176
4908 10123 4853
4614 8742 6995
3479 18686 9082
2801 13179 1573
2746 9930 4826
7301 15877 7251
8335 10166 8206
6377 13229 4786
13398 14486 9244
7170 9462 9574
6829 13629 3759
7238 7341 8416
14727 18530 8658
1449 16896 9660
2288 12637 1942
1786 19060 5386
944 1885 3143
1368 18623 5269
2932 16055 6697
14255 17544 2936
1045 12919 9738
7515 18650 9947
764 19835 5023
11460 16154 9324
3853 8271 8652
2842 9848 210
2592 14541 8309
236 473 7422
14420 17270 7972
9214 15232 9849
3266 10242 5457
11755 15816 8342
19832 19981 1983
4308 13838 5229
5489 10269 3882
3687 4723 3672
2869 8134 7004
16838 17892 7850
3027 15557 2052
6628 12055 9671
3230 10454 3273
792 1552 906
635 11368 3191
1513 18143 2743
10933 17662 5851
4676 17518 6901
3034 13357 635
11932 17911 8621
2406 4568 9392
1293 2805 2883
891 1100 6700
5681 14804 2602
13838 14483 6483
830 2691 9934
2783 5829 1377
54 2383 6074
3534 5449 6963
9974 13905 5702
4433 11496 2898
5331 9142 7107
11581 19809 9673
9480 12219 1098
259 2073 7753
7191 11341 2767
11848 18013 5784
11545 17234 2688
8433 9888 8190
8985 10299 7260
832 8871 2515
10616 15361 2443
111 158 7830
4776 9771 3702
13150 16790 5175
3756 5087 6301
6523 12158 552
10444 12962 7414
3867 6334 7881
9290 14353 6988
6754 14933 3388
5008 16301 2154
12736 14083 5570
4858 15348 3534
11882 12341 2969
2740 12449 9475
17559 19478 5816
983 10665 4198
5305 8111 4320
10577 11729 7805
1876 5598 2842
897 1150 7838
10248 18508 8992
7518 11536 2908
4862 6020 5164
3775 4014 9975
1708 7663 2687
6461 19792 5307
1741 3870 1316
16648 17079 3630
286 10493 7341
4038 5345 2892
5215 13188 3181
73 1805 9742
4735 17136 9366
1356 3974 3035
4323 13378 5476
11803 13466 6047
191 14971 4494
12458 16260 4118
9248 14840 2970
1221 4282 532
986 13119 7689
1787 19914 8437
3721 18132 1551
12325 16663 1666
652 930 7783
4011 4395 6457
10093 18338 1567
1462 9029 3668
952 1290 7564
14546 14861 9537
16082 16956 2375
13614 14536 8294
3498 13370 8916
7518 14404 9669
1583 2847 9304
3990 11497 9329
11639 17791 4744
636 10713 5047
6454 9607 1812
575 1287 6795
1519 11828 683
1244 2776 5758
7434 7763 4620
5692 17940 8925
2671 12007 8588
123 6013 8455
7683 8050 5726
172 1864 363
3705 6543 3795
18895 19745 3444
15594 15642 9460
16973 18368 520
3740 15161 3670
3834 17420 1603
826 3645 7790
2624 8596 7768
7588 11463 6535
11476 14087 8219
3411 14721 645
6955 14717 5074
149 653 5575
3221 6661 5742
1443 12722 350
1879 19718 3108
415 5584 5565
2162 3373 8030
1448 13630 8416
18 80 4221
9213 10622 1021
17009 17305 119
13922 17780 376
7894 8229 2633
15238 19073 9269
3465 16327 9668
10206 19202 9357
2678 15409 3887
2777 19334 8715
4688 5791 2523
1083 2157 5279
690 16601 164
2907 3778 9323
19497 19713 661
21 3826 9036
2929 12250 4696
12094 13249 2989
17300 19465 5539
3317 4318 2605
6865 13968 3471
10263 13291 6116
8785 17717 3101
2298 12953 766
1208 3254 1037
14301 16585 2998
9816 12351 3513
555 1000 4837
10264 14510 8276
4757 15235 3319
867 9021 4081
3087 7021 1149
1341 2428 342
11406 17803 5927
3268 8040 4989
7241 7664 9682
1628 3853 3524
631 3681 6499
9710 12341 45
288 19997 9975
5646 6095 6802
14761 17458 9515
9482 13967 9336
5211 12314 8183
4190 9343 2051
11449 14433 6230
1836 17617 2544
94 137 7858
595 7208 9804
14890 18167 9745
1529 3929 1599
7659 8162 5586
3439 18968 8300
18800 19443 9488
1977 14502 8604
6705 13658 6529
9029 10132 7262
2510 14133 7224
10410 11185 8321
2064 18006 5924
3496 4139 6374
6299 18253 9703
358 18500 7515
969 19399 8851
9152 15729 3962
10119 19380 953
13062 19376 4863
369 521 7651
9566 19634 3243
121 4347 4110
487 6747 4772
999 2681 959
4680 10883 5105
14794 15417 8643
3568 17417 8707
14886 18116 440
17770 18660 7895
9825 18048 8214
1585 12939 1463
13006 14448 1899
1479 10562 8908
436 15398 8879
12253 17620 6075
675 8056 643
5443 5713 2468
4129 15619 6016
759 5165 9448
3351 10314 2780
2477 11185 3388
5109 15169 704
1887 3794 1274
823 3584 2825
2437 17511 6117
2625 2954 3451
4587 4670 3916
9155 19529 7989
691 18511 7150
6507 7179 3582
11440 17174 3528
3509 9353 6003
5377 14147 8030
5235 17641 4135
3088 7763 8015
259 1673 7373
1927 3090 1759
1719 5224 726
3416 12009 6579
115 2518 9294
6246 14471 842
4107 12116 4094
4531 12028 1548
9800 11445 756
3455 17676 3373
10696 18049 4859
7063 13286 7131
575 15387 6931
11371 13841 6220
8104 12788 4167
16814 19467 9829
1964 2515 4718
2566 3655 1012
968 8422 5612
1624 10314 379
6808 8518 8522
1480 6014 5251
2624 4839 4756
11751 12193 5294
10054 12357 3802
2544 3734 1212
4 57 8255
208 16438 8197
5642 5690 197
2192 9838 4190
4478 7353 6440
6201 13823 2521
7624 11221 6469
11144 11445 6711
5637 17364 1403
152 450 1891
5790 9564 7472
5268 7874 4974
2928 15966 4082
1389 7127 4588
2390 8327 9754
1635 14937 3460
1120 7231 850
4587 16288 9195
2610 15831 7053
4471 7850 3864
4062 5234 9333
1036 10651 71
53 59 6242
10451 12593 7594
1712 2208 6541
1693 6684 697
10688 18234 321
5739 15829 6436
5978 6018 1570
6598 8700 6036
99 172 1630
6023 18187 8778
180 7782 7160
13743 19756 6208
11467 18481 8064
10150 14713 9700
5652 15814 5240
551 3151 7978
5311 6667 8933
8630 9300 6977
4218 5946 1060
3769 15747 6041
1503 5346 5122
10935 17699 9540
3950 16817 7377
5580 8032 3821
1406 17726 103
2147 5743 704
2884 7405 2549
3300 12173 1872
5864 17277 1826
1024 15103 2177
5897 7568 1868
6628 15190 1385
5542 8167 7442
2421 4952 1109
9265 14042 1692
490 8965 3079
9402 13951 3906
172 209 344
870 5566 2506
2148 9026 8012
6332 12883 8770
12634 13185 3919
429 846 8976
1512 1603 4848
12740 12905 5963
15312 17857 5844
10181 10374 5035
896 8377 7776
16439 19536 4930
16473 19094 994
1494 10394 7369
7701 13388 4383
5713 17495 2635
2184 7860 3327
65 796 4210
208 2750 3545
9847 12342 8273
3023 19629 1429
1747 16491 3820
12069 14159 4153
10772 15769 6724
2240 8652 8867
9181 16542 4440
8810 14972 616
13759 14835 7849
17742 19195 469
2948 13675 4890
14918 15891 1252
9248 16546 7697
9245 10230 7818
4892 9209 2139
1152 1866 3708
15856 17855 1741
4578 10452 9938
12196 19595 4774
246 882 5401
9851 12744 9130
1606 2979 1513
1155 7080 8043
6657 9823 888
10372 12222 6964
2109 13758 8567
4047 13818 3295
5416 13167 8716
8625 18990 7542
6188 12393 7116
5419 14309 7142
3802 16130 4436
42 7078 8786
7615 17064 7338
10610 12484 7748
8590 13548 9289
7363 13816 611
13923 15981 9618
8512 13859 5964
3041 8356 1958
5824 15252 7003
4572 18143 8574
3261 10230 7840
5315 16082 5496
848 8598 924
1125 4072 96
2924 13919 1733
1105 2408 54
264 488 8008
1773 15971 4999
18 3667 72
950 4936 7858
8192 16377 2822
19799 19866 9126
12945 13680 3564
8497 16563 830
1064 9200 915
800 6663 8597
16816 17797 5623
2689 3647 8622
9706 17564 255
8281 8456 9532
649 6556 4735
2852 14206 7689
12211 15772 346
1621 18005 2715
13693 17609 7297
8227 17239 1854
2231 8423 7673
4227 12102 9419
9301 16885 7415
5717 7349 4232
476 903 7529
4189 11597 1623
5830 14858 4587
1043 1651 1796
8407 19508 8868
4792 10299 5339
7586 11964 9573
1347 5994 631
2936 5240 6545
5095 7983 4230
12449 17685 5280
4178 6206 4497
574 11743 3892
2251 2831 632
17923 18083 6378
1283 17264 8677
8893 9063 2146
9320 12619 1825
3119 5782 9825
3991 15349 617
495 3646 6384
1886 2022 5963
5436 7243 1916
6128 18261 4757
7210 16726 5549
1171 1725 1445
10594 18211 271
1151 6193 7217
6288 10240 5218
17210 18023 5963
1052 1644 1376
3318 8131 4592
12226 18680 574
9873 14400 6613
2283 18659 5335
12258 16495 2382
1609 10477 1901
8538 12155 133
3597 4218 9063
3294 19807 348
322 438 7403
14236 15588 6992
16620 19379 7046
2902 11049 895
2735 15092 2130
15957 18615 7587
11308 15410 6169
323 10988 2236
7135 16546 1542
6193 19528 6219
7034 14335 9345
1485 4886 3393
4783 13434 8558
25 419 4817
14619 18468 3523
422 974 5639
3080 9713 3331
7215 10971 25
1598 1966 3800
1526 2456 9153
8310 16814 1608
866 17785 6693
4826 7994 5451
978 17252 9222
11236 15162 5158
3069 10285 3851
8126 18088 6348
653 4791 4526
127 132 4025
173 189 3780
4626 9652 3023
9585 19797 4403
3601 19387 6401
681 4831 7238
2708 11575 5613
3277 14148 951
163 15659 1855
4707 18682 151
17610 19171 1690
7764 18327 5372
1315 1665 1322
5860 13913 4363
9459 11343 9216
14137 19457 2460
4502 10786 7570
15273 16887 8532
16035 16559 1316
4572 7829 8569
6236 7861 1378
7602 9842 4246
8079 16082 4315
8674 17305 4444
12578 16095 5750
4426 6782 9990
2862 7768 1959
782 18640 996
13013 17583 6049
5624 18762 2317
7213 16959 4345
5463 7357 2498
9343 13714 4583
1664 13132 9299
8947 15658 1595
3384 4347 1588
16335 19609 3291
1980 6256 4346
2448 3043 8399
1085 9096 5964
2238 9811 8069
5253 11715 3011
4965 13957 1024
756 824 6936
9284 16901 3154
338 3192 101
6021 16552 7862
4231 19580 1453
2659 10006 140
4066 13126 3004
6545 10542 8313
1618 9270 9484
10764 11594 6903
3155 13366 4328
6577 8100 6601
14404 17034 4955
405 19103 9483
3167 3418 2454
4239 12735 1433
6762 14244 6815
7528 8713 6955
1894 6786 5463
1827 11561 8254
3553 17074 9513
2344 15745 404
8419 16213 7950
1623 18795 1085
13647 19966 818
9562 13665 6684
8750 11395 5928
14473 18398 2351
9302 14090 6654
5992 8034 6716
2423 3092 1298
4622 9002 189
372 8973 9813
2119 2418 6791
912 9681 4155
6686 15067 65
8731 12122 459
4870 18497 4267
2168 2472 251
7382 10838 9983
3202 5949 2431
2485 2899 6203
2493 11503 4666
11683 17965 9227
7832 15379 1389
226 2556 783
4611 18408 1172
1290 10901 7767
10467 16111 331
2914 7254 5368
2222 4854 4659
2056 4650 9754
824 13186 9160
442 7279 6647
8392 16491 1307
5805 9942 6309
902 2513 843
7208 18895 1310
5694 13159 6010
358 8554 8269
10303 15640 2214
188 6698 495
358 1275 4892
7596 9304 2093
750 8595 5018
338 18705 9408
13071 16778 1756
8467 11662 6129
3133 14207 9764
3445 5058 9628
13927 19922 7230
7448 15344 7971
11636 17511 5567
684 2892 9600
4821 11899 721
11876 19920 9946
5801 14111 9777
12659 18383 9286
4415 11688 9533
16603 19141 4957
8264 10663 1859
4787 12966 4570
5298 12149 9135
1464 8365 3554
2516 15080 3219
1590 6980 6732
4589 8366 6126
908 12176 6273
3098 4250 5741
19193 19447 9407
653 4542 5262
4800 18881 1247
1240 14546 4496
9748 10012 8236
8844 18963 2851
11662 11939 4740
17367 18999 3454
4242 19760 8386
988 10233 7775
334 16127 1392
109 169 5208
15532 16430 7448
5297 17737 6525
521 1018 9468
7353 15530 7920
10918 12952 3167
1621 3894 6945
2291 19410 1247
3226 7393 5844
12708 17359 4174
9641 17238 4195
843 3335 8319
3818 4134 631
4212 6080 4723
3006 15918 8930
7843 10210 3361
9139 12523 2368
4618 17534 9253
1699 8902 6183
345 9644 7892
6509 18406 9903
1251 10850 8565
1818 15202 4665
9190 11902 9843
15152 17228 9312
5771 6367 3545
15893 19390 6304
2496 7359 7598
3693 19954 5343
3155 16985 1866
271 3603 3202
1044 1781 6068
6877 17665 6221
3820 8002 6223
2985 5497 1269
11743 11757 7694
247 546 6800
9127 14945 8397
1097 19250 4801
1107 3520 2587
13870 19345 9689
5104 5106 3455
444 11413 5475
2459 19198 3403
15520 19327 4183
15002 19309 8777
8437 10906 5394
1794 15076 9827
47 182 8127
7566 14870 8633
12550 14291 8173
978 1422 1429
12420 19853 1346
1519 14266 2652
2438 19214 8643
570 1445 4310
4552 10913 6015
2056 4229 3484
609 17521 2689
7660 10041 597
2764 15999 8760
4692 6584 8241
9774 10957 1869
10636 19810 77
885 14320 3253
10745 11178 5007
1614 5133 8079
2270 8630 7925
13830 17350 3348
3609 14741 1051
3598 8769 8519
7069 13825 2503
1462 2147 4579
7426 11981 148
8390 16710 5780
13595 19743 9288
8142 15797 5084
1826 5840 4398
6924 10294 6550
4100 8987 3434
11855 15732 334
725 843 3962
554 1045 953
264 16155 6167
16901 18177 1126
1651 9470 1223
3961 8183 4201
6278 14688 3053
3707 9467 5704
5232 7622 1375
834 6564 2555
8169 18715 937
1005 3036 3205
6152 10873 84
10885 15540 1153
10594 14263 8522
5515 13284 1405
2748 2921 169
5232 8535 7858
1605 4997 2446
3001 14693 1199
6392 10258 6950
12797 15201 4162
3109 15048 2512
2933 16267 1335
5283 12624 1247
277 5138 7050
6381 17724 7031
5103 9560 2312
4322 16385 7123
5505 18923 7163
11547 12205 4169
3155 6677 9133
4271 16543 4175
7625 9427 2992
4172 18533 811
8848 17120 5367
10073 10165 297
3129 18595 7424
7423 10597 185
6843 17133 377
3017 12759 8364
1592 2384 7535
4753 10318 3592
9272 14710 5407
1426 10195 8011
5719 6572 1491
866 12144 6828
1273 4021 6456
9845 9989 4710
1818 17620 7741
5387 13338 2250
6386 15956 2150
2465 8860 1528
12530 13712 8500
4509 6221 8206
16128 19544 1517
2701 4862 6330
13191 18043 8157
7347 17282 9339
147 10048 9387
3353 5052 1718
233 541 5126
880 12653 9466
315 4962 6116
1603 2657 6503
4759 17218 4004
5980 12468 4329
3173 12521 7497
1085 9127 7342
10091 16675 3072
16320 18423 4142
8518 19857 6076
4621 12794 3782
13193 15545 2060
11237 13917 6764
1312 7826 4157
4136 12115 167
84 460 1273
17527 18584 9282
569 13421 8696
284 4050 9076
849 6456 3405
16208 18035 92
5966 12130 3460
8448 14928 1320
11919 19152 6319
10151 12838 8826
7287 13816 6871
4293 16688 408
4206 9564 6639
8104 9237 6843
9073 19274 1404
1894 9893 3929
8572 10164 2220
12905 19267 5289
8560 18972 337
13057 17457 8147
5770 17699 9014
8556 19764 7232
537 10074 1501
14095 19574 5144
36 513 4254
9187 15308 731
4163 4312 9869
7000 17166 8642
10721 19929 3191
79 7251 3111
10444 17849 9758
4879 9528 6534
5873 6118 3677
352 9933 2972
8064 13960 623
1097 5089 4695
896 12205 9134
7044 7742 9001
12837 14382 6419
3128 16503 110
3518 8331 5695
6766 9045 6855
3232 3275 388
15341 17873 6226
1928 16356 2508
10739 13924 2022
9751 13850 9574
9229 15999 7802
7428 16134 6652
1046 15535 2627
4891 15768 1849
3123 13546 4545
4866 14133 3873
390 15866 4789
7761 12501 8771
917 5397 6207
1080 5526 4082
11441 13829 8265
9788 10472 9385
2119 6271 2050
953 10906 2330
2478 2743 8566
11984 18720 3528
6485 14025 974
11640 13300 9231
7255 14825 1028
1875 12385 7804
10435 12377 1825
289 10744 4077
1930 14102 8443
1674 9679 5206
4935 19346 3642
3044 9675 5328
6845 12433 568
371 2003 8545
1241 7818 5340
2547 15370 874
626 2136 8036
1020 14910 4417
8186 11483 2429
4850 18828 3153
6094 14598 8673
9995 17944 6330
4421 13099 9050
3871 4450 3346
4985 8991 9195
6994 11983 6474
3098 4749 5023
2876 11532 455
11818 18606 6878
8115 18664 2394
2468 5759 3648
1204 2405 1971
4189 8256 512
3077 3246 3626
11471 18316 7310
5189 16279 9536
3272 7017 6212
8518 17339 7286
1793 1808 5586
5984 11728 464
83 427 1184
1049 1210 2983
980 2455 7062
8600 13130 9656
12089 13295 269
77 113 5537
922 3450 6863
1782 9685 4680
5038 7353 6675
3465 17710 7510
8656 18840 9635
10051 11860 6931
3433 7257 4109
9255 15254 1237
3175 16427 7400
6939 19696 4039
5536 9670 9204
1919 11992 1263
5645 10990 2955
7522 7848 1882
13424 18274 5813
12161 15288 130
11434 16031 4855
7036 13378 6773
10418 15441 7068
3155 12596 5730
10113 19523 2912
8778 19135 964
83 1712 6954
10112 16223 2699
3577 6518 8026
10872 16229 3953
420 6959 7877
15390 16435 8787
9158 9923 2058
13874 15857 727
17452 19524 1374
5501 14794 4855
3143 7796 1400
2057 11197 212
1908 11978 7494
17764 18864 9677
4624 5154 6686
8727 9563 4912
897 6651 2728
13886 19686 5377
2680 8387 3167
128 911 6547
8134 10908 2171
3768 8310 9350
4589 19102 8684
15139 18090 6456
4806 8238 8852
8085 11610 3941
18414 19078 3881
5868 15261 2852
150 10041 1709
8848 15543 2885
14501 18096 3466
1813 13981 5612
16883 18077 3643
5 13489 5050
4098 11804 5186
623 2115 8844
10971 11287 6346
1723 17163 3881
6433 18174 3662
4 26 1099
3296 7843 9182
11121 15773 7934
9326 11151 4718
1694 4397 8180
12814 16534 2086
7938 8084 7320
2270 12233 1707
10485 18536 9157
13613 17600 6289
4694 12223 5260
12464 19837 8766
9956 13965 3620
11686 17982 7408
4671 12969 7679
1543 1623 851
4991 15470 7649
7493 16912 6645
3532 10383 394
6804 14567 4167
3415 10647 511
2455 12610 4362
1004 7828 4124
4564 13747 7959
2362 17046 9763
6429 16926 668
2132 7356 6096
215 12741 4141
971 6253 2672
1979 2830 8290
4059 6388 7919
15911 16998 1892
4352 13227 12
2130 5851 5799
537 1724 3645
14852 16497 8061
7887 10319 959
3522 8232 1957
4838 8163 9690
726 1212 7411
11460 16549 543
16004 19213 7145
801 16938 3796
12281 13237 3614
2875 8265 2809
4861 15480 4380
7407 11592 1963
1959 16662 1543
1078 1601 476
1971 5662 8450
5236 9244 2331
7260 14264 9798
411 1916 7018
11403 13689 2540
1063 4097 1979
15930 18280 715
5322 13200 5681
7787 8936 4473
4451 7358 7308
7856 10989 4139
16183 16215 213
3764 9836 4716
11919 13768 4243
833 8913 9215
10258 14703 8521
1304 19832 7835
159 7195 7132
7425 12911 5585
6390 13086 7569
6709 16917 3905
4775 6036 1424
4057 8221 7106
3111 6176 250
3604 10761 2440
20 1398 8892
11488 16211 9178
12301 18203 3617
7553 10607 8902
10043 11753 8798
540 11353 4791
6338 13292 2949
3299 14579 1191
1460 10436 421
12519 18250 7789
10178 18142 3226
10859 18170 8459
973 8588 1690
9256 19103 1527
337 4776 862
592 5852 9783
951 8455 5091
12976 15466 6920
16500 16715 4557
12675 15698 8563
2280 2668 9271
5914 7015 1206
9397 15742 357
6970 7805 8451
9720 10636 5721
4547 16568 4675
401 2818 8528
15579 16547 8984
6427 6977 658
43 112 9133
11009 16430 9487
3516 16530 8201
5012 19863 4240
2200 2473 5473
6842 13585 9565
4289 5846 9536
3192 4809 4140
8706 9702 6863
2704 8504 5347
13579 17722 6539
12477 15320 2596
1702 12849 7268
3929 17895 1653
1305 7815 5223
17041 19729 3617
7951 9384 5057
13336 16518 1352
5024 14599 6863
32 18745 213
15546 18686 4588
1414 2534 2471
3504 13879 7268
13520 17723 4888
3515 7351 3945
6021 13699 6384
3107 4515 7724
3174 14437 6037
7493 18072 7663
13687 19670 9325
244 3116 8273
2480 17173 6706
9574 10446 287
3652 7036 2045
4893 11687 5170
4794 11061 7291
11713 13313 3907
2470 10444 3925
5842 14187 7702
3228 9952 6043
6194 6896 4801
1153 19661 8029
2529 11463 8347
3155 12915 9149
4981 7396 2861
7841 11299 8283
13043 14239 1099
3619 5570 1850
6695 16866 3383
500 2247 2737
13059 16042 5652
10687 12522 5212
1236 8020 1526
2120 15204 4036
14883 15951 3468
11620 13819 7867
5391 14124 1668
1661 13986 8923
216 9929 5623
18665 19604 6882
7325 14051 9553
7848 10780 8278
6246 17934 4305
1025 11186 5072
1067 8287 4525
4773 9201 3035
9173 10608 177
6614 13088 7849
1196 14868 3596
2477 10280 5181
3744 7916 4097
1938 14402 1790
5592 13501 8128
741 3547 2764
9273 12154 6454
5586 19169 4315
2378 11503 7593
7403 17911 2267
1182 8680 4065
6118 14559 4504
1049 17666 4676
14207 14338 5708
1752 2199 5128
2876 18017 9912
19776 19798 5569
10513 10789 349
2665 16125 7226
198 8254 1173
381 5668 9210
1656 15610 1097
13941 16220 3206
7226 7675 4569
10703 16312 4301
6171 8406 303
6081 7060 2017
318 12869 282
11408 17198 4360
8507 16900 9324
2459 6430 9662
2813 2985 6122
4469 5349 3439
1336 5368 2651
11917 14949 6131
704 13097 6648
4087 6710 1805
320 1754 7014
1759 10907 3616
76 87 8006
3835 5727 5531
487 1529 9402
8756 14202 1284
3515 7559 4151
4977 14565 2742
10270 13188 3091
9509 11544 3286
2025 16724 9647
15114 16316 1989
11011 19391 4857
1642 19123 9398
8417 9133 3891
239 12591 4179
13032 15658 9344
5437 6216 7618
1250 7026 8929
3535 14842 6456
12666 18246 2861
5281 12503 8732
5208 8852 2116
2873 4042 1922
357 636 4433
218 1532 1911
12714 18696 4910
9392 18208 1802
7627 11171 9479
13748 14271 3235
9046 18651 2161
18 8593 6660
6229 7820 7655
16372 18338 4516
3254 10959 4736
5297 15799 4012
13348 14431 9536
3701 8742 7099
13739 14170 6236
12714 12775 4554
13576 16761 8185
1812 18532 3165
9579 14405 8509
4080 4725 4600
385 586 3824
1087 19026 787
2256 3424 4608
1385 3316 5201
2347 10476 2820
576 2846 6292
11949 12117 2899
6398 19245 8287
5836 9622 5142
10428 16029 9245
8282 15234 2087
308 3347 6383
1540 11578 7243
7809 14723 9752
308 1062 21
12943 12978 7451
10336 14765 1822
12683 18546 3919
7114 17807 7381
10086 11644 5175
6235 14321 9161
6000 10240 5818
5470 12873 9893
649 799 3007
10915 15273 6619
3745 5502 3001
1414 5076 6325
627 16393 3405
12716 17025 1098
9711 17639 6146
4292 12496 9093
5253 10248 2649
507 1703 3987
7669 17587 6980
2908 13235 8527
205 811 7167
4633 18261 2820
2865 13288 5075
598 2846 220
8362 16461 5845
16594 17382 3763
8556 12213 9997
14591 19246 863
16109 17829 4774
14525 15850 1909
2243 10114 8373
6725 15356 7796
3496 7368 155
1595 14555 3435
9 16466 1996
2519 2578 5749
1528 3309 234
11975 14653 9325
7460 10110 8045
1234 15581 2308
1426 11126 8221
826 10271 8625
1611 3769 976
13412 16297 7465
5916 15430 3407
1123 3955 2039
6461 6765 6240
3440 17128 3897
10240 16831 6936
5700 14651 4241
7534 12197 5135
4931 8179 773
2725 14575 2707
3530 11669 4106
14366 14953 7816
1997 5917 6395
16098 19305 7628
17036 18663 5775
520 4128 7060
3922 15670 9990
5386 16799 1576
4853 11873 3854
162 9206 7051
15368 16140 3153
410 619 4103
3976 5494 9327
6299 14086 3567
6510 16199 9241
3977 10400 2987
4081 6096 6588
1086 3329 612
13249 16704 2210
4506 8122 6077
3698 8644 8232
4832 9061 8704
4358 8791 5043
3585 3736 1418
14661 15754 2909
12094 16381 7339
7461 10408 2886
17419 19741 2299
1073 1643 6420
13442 14174 9233
9222 19046 9916
918 5488 3912
1087 6725 8281
726 16355 8667
5296 15886 7500
16276 19831 190
1349 8135 2639
1485 7731 1968
202 19078 6033
5513 10549 6345
10272 11731 5693
7544 10878 6009
1782 7853 8402
18706 19190 789
7333 7385 9553
937 3183 260
6447 6669 7172
8633 19503 2891
1776 4205 9547
2392 17968 3595
3596 19437 6330
8067 19006 8485
4692 13125 5591
1204 8021 7279
7037 9576 6826
3311 10950 5436
122 734 8197
2128 9487 4122
13983 19945 8067
7546 19139 898
9910 11080 4289
3014 12184 5310
7930 8026 3661
96 1420 6932
3414 18051 6384
6148 12818 8913
6019 11472 1508
147 17467 9145
7596 19403 3406
4983 5490 6476
1189 11349 2953
4661 8909 7991
195 221 7392
323 7633 9118
3794 11402 580
8648 12870 7231
131 8467 9212
14279 15152 4115
334 1012 6248
3959 19074 5408
14506 15342 3023
9101 16162 1048
7187 9878 5382
4457 5079 9574
8451 17090 204
8020 12558 7106
13209 13760 1479
3764 8247 9517
16636 18746 2324
1938 2179 7117
3979 7318 5669
7775 19072 6642
3800 10818 5609
2306 6477 3344
8490 12399 2955
343 19849 3371
59 61 7220
4310 14105 3715
3865 8058 425
8509 11643 8260
885 7802 7779
4751 6681 16
5236 9025 9275
13157 16598 3775
4322 6154 6726
12236 13957 2908
637 1496 3683
7753 19794 4928
3590 7239 7602
555 12324 5817
7916 10609 4662
3257 18970 4329
6890 19366 7379
13796 15285 7308
4030 6169 1261
281 1858 8593
10095 10922 9933
763 15295 1380
2692 10822 6429
7954 11769 2987
3415 14067 1896
17648 18663 9831
3231 10090 8364
1467 3462 425
189 1007 6039
8816 15638 7975
2353 3298 6422
318 1377 8290
4225 15177 2010
55 3946 1351
68 168 1980
1963 8305 9819
10716 18898 3383
3634 18759 6866
9418 9677 8640
6249 17115 1337
1913 6438 7913
287 3236 5153
11250 19553 1329
927 12925 4622
1754 4094 9678
2735 3432 6366
7938 16420 6265
1248 1700 3724
15407 18871 8921
8934 14059 579
8653 16009 2085
15237 18173 114
16690 17675 2791
6718 15871 1808
8194 17651 5102
7299 11717 5408
351 13268 5502
13593 15525 1429
4034 18647 4075
1861 19942 72
12049 16427 544
5950 11630 5482
4195 19256 5120
1124 15180 7561
2882 9676 7054
11691 12679 6722
7183 10513 8140
8501 9556 8708
1645 16702 5970
7261 18808 4315
7216 17733 6580
251 2794 8896
9567 19897 5897
7058 10560 1457
10158 10872 4176
231 781 164
13852 16211 7636
704 2738 374
8141 10215 5652
4176 10491 6753
957 7191 4685
3735 15574 5062
245 4556 1153
8103 19649 5052
2777 4002 1320
2924 5222 4218
10695 19546 2719
246 4693 9067
1600 13323 7512
16275 17135 7742
188 207 2717
9973 15822 5657
3133 5428 4112
1401 11153 4998
4523 15560 6370
8607 9691 7612
6421 13028 4963
15601 19077 4282
5398 14286 5344
4140 9196 5326
12419 16760 1106
2354 16778 2013
5761 9686 1045
2697 4331 7993
7702 9978 2294
3957 15404 8834
4006 10903 4398
9679 18866 3939
4877 11609 4698
5386 18999 3662
866 16272 426
13860 17846 4117
3201 11471 293
15187 16947 2335
16981 17542 4881
5093 13475 1252
4363 5283 3044
5671 10463 6376
14085 16950 9161
6307 9813 1774
14200 17244 5080
10737 12804 8224
1540 7047 3612
8908 15197 3695
688 15297 5100
11668 18223 7757
3456 15695 3632
3676 18774 5557
203 3312 2700
14024 14240 9531
6225 12396 6416
441 8413 2629
12743 16568 571
5859 11849 3066
5062 16935 6251
316 3680 1261
864 18597 7358
3729 17659 844
14063 19112 8089
2910 3340 4761
641 7069 6477
1877 6152 9984
7989 13051 6072
8253 19510 5894
814 8623 2914
447 5463 2960
15303 17720 4327
9721 16848 5914
4645 5597 2786
2253 5671 6847
9217 10864 8901
1438 9886 7513
6048 6659 2557
9379 11527 1492
5054 14762 7757
7698 9184 3405
6168 12623 5406
7134 11491 9707
424 16730 7101
219 996 5485
5830 7226 4514
4739 15039 6351
7958 19545 3478
6755 16546 5794
1800 16729 6342
30 75 7544
3294 5864 9017
1904 9948 2268
2726 13245 3912
11779 16173 5875
4675 18091 5414
1968 12467 1220
18095 18629 4708
10205 14262 8466
11435 12027 7674
8802 13607 9964
2537 7671 3066
7476 11306 6820
2039 4095 6780
931 7896 5178
5313 13972 2792
7151 15394 1046
1579 12564 1902
4185 8527 7323
7860 13199 2916
2814 6278 4874
4151 5261 443
6303 19865 1133
2618 12033 4211
7239 7976 1050
6557 8312 1105
10551 18566 281
2883 12178 2335
13012 19355 6395
16160 16472 8495
3937 8059 9398
5199 17624 1973
38 47 1259
1600 13806 6737
3070 16447 9943
1035 15915 2419
5738 5822 3649
10440 18964 2296
1440 1676 4869
8760 14814 7591
4009 6406 8870
1008 7249 731
13113 14578 8462
870 5874 144
1706 2934 1322
5794 7816 7705
267 861 3735
185 1598 1619
1291 19768 8605
603 14900 3418
3616 18127 9249
7795 9377 7815
7779 11742 51
6204 6580 1458
675 1795 8545
1954 2819 3319
5444 14034 4298
11234 17063 1290
12077 12405 9122
4093 15874 3306
1753 14818 5265
5686 17790 912
4142 9703 3979
6072 6081 308
10728 15604 7695
10236 10296 281
9004 15490 871
3687 19738 9089
2169 5460 8547
292 2430 1712
1127 1224 958
8631 18057 7653
8980 10870 4257
322 5381 5195
14974 18708 3706
11170 19551 4375
2493 9238 1851
3374 16688 1346
334 11271 3454
3673 9427 662
674 7533 6503
1048 16449 8831
6701 12611 3827
11556 18560 9373
3399 18172 9744
1458 3900 4543
5908 9767 1479
10578 12740 4198
8388 15028 3865
11568 14019 9602
983 1057 4534
5837 10411 576
2943 11625 6845
6774 13754 3426
6468 8372 4728
15517 19889 7209
789 13508 634
6304 8589 6821
5953 11204 6358
2360 3912 5159
8811 10295 6312
9126 13174 3832
4529 7955 4027
699 1331 9950
608 7301 2428
13613 15991 3099
16947 19723 6330
15461 19449 3909
5672 6775 111
11667 14813 1617
6648 6761 1483
265 18245 8713
11055 19010 2066
14543 17201 9447
287 316 6902
4594 7142 3570
3609 9134 5155
5738 14689 6865
13091 16483 7637
1574 17652 1515
4995 15824 4400
3096 16214 3501
464 14683 9299
872 1650 9576
8560 8671 2177
2445 15133 8797
3420 4939 4749
6496 11571 8759
3850 7113 6157
13783 15182 6730
8360 10939 6060
1027 16172 4914
3305 12403 2075
3989 6686 6015
11065 13718 3642
9239 13659 322
234 591 948
8575 17274 5541
3897 10460 2240
14558 18645 979
1619 7821 4702
4614 19672 8439
4005 6738 3524
8766 10934 1944
442 13500 2051
12219 18613 5976
9555 9870 1751
4425 11196 9318
8628 17851 6755
909 18644 4091
1284 18340 3127
11657 12250 6137
3239 3380 3316
11242 12790 3867
3455 5179 9709
7605 11220 1359
13291 17484 5674
10100 11422 1670
6095 11819 519
4009 8169 6895
6251 6403 2400
6001 19386 7819
3241 4912 1538
4864 13413 272
1086 2154 7436
6545 19264 8974
2406 8375 8368
1364 13772 4576
14674 17350 8963
3978 13209 3673
4616 6807 9761
3044 8654 9483
13011 19241 1873
2515 12912 2830
2961 4964 1126
1325 6737 8330
897 7779 7570
8 1956 6970
1459 18315 7232
5680 7397 6749
9372 19259 5898
1162 19877 7025
1094 2566 4978
16712 17224 5399
1044 4697 4077
3488 4581 7549
7369 17889 5383
16436 17255 158
4298 10966 6110
1792 6566 1131
3236 4459 9027
3153 9574 3751
1098 3071 9152
3328 3962 5374
1192 12372 3890
14862 18867 8100
9839 10857 2956
1209 2159 8766
2681 2752 3770
1284 16774 7974
11114 19351 921
15925 19680 3410
15346 16397 3962
1076 13211 8000
6009 9732 9789
14891 15915 9670
6772 10512 2371
14568 18921 853
1795 3352 8491
11152 19123 8622
2064 16150 6360
1860 3285 3876
4385 18206 350
1823 14751 9057
7738 8243 6790
117 3975 239
7687 15465 417
10510 14551 2024
10545 12553 4580
8458 14994 886
4810 8861 6287
14735 18702 1399
9468 14296 9616
3968 10118 3052
2107 6922 8406
1073 2876 8972
1176 16253 2717
1125 7741 3333
9514 15345 2760
5678 12697 8379
2273 9698 2248
3434 13259 7481
11932 13531 6755
2624 15127 561
44 16245 1704
1717 7265 7379
4283 5785 5430
1412 3114 501
17146 18544 9205
2570 16853 9077
422 11903 712
3895 9579 3830
7648 9955 6510
2513 7152 7388
4076 4492 7676
609 2884 7153
8370 10380 5239
2193 2591 8306
7233 10263 1683
5110 7641 3675
16066 19798 6918
9741 12869 2452
577 4929 6705
3562 10515 3557
14828 15044 2608
1295 8497 29
10204 14485 9935
1249 4113 4735
12370 13900 1580
4047 5208 8739
8201 12481 9
2371 4241 3042
4367 17064 5489
938 15046 5343
1229 5051 6282
504 17095 5127
9409 15130 6952
7703 8786 8056
1834 6436 8876
2914 3743 1963
6604 17129 4429
1323 14298 5457
2871 7911 5950
9872 14509 2483
16136 18718 1166
11331 11577 5424
4508 15472 8028
10986 17140 1707
2781 3150 8555
2118 12092 5571
5409 9548 8993
4470 10268 6203
10250 11381 4534
1394 5368 8537
2461 11995 2530
1091 11497 2761
9286 18464 1373
5634 16836 6823
5104 12501 820
5600 9591 4479
9992 10616 9131
8700 16103 5594
7317 9882 3900
14075 16653 719
15469 16480 2816
320 13509 6452
3776 12085 6749
7318 12219 6353
5994 11651 4692
14451 19801 2563
1267 8584 2802
6785 12557 7362
281 18917 6249
7601 19408 628
112 1365 1395
3109 3856 48
4837 7061 7222
9807 15581 7484
1260 6951 2455
4320 15932 3750
2142 13510 7788
5103 9672 2401
2491 14190 1101
3252 3976 1174
3605 19477 2958
4124 7323 7381
5007 8197 1693
7084 17688 7235
2021 7060 3478
2267 10541 211
123 15964 6439
1521 2485 3693
6854 8562 279
3821 6460 8370
15042 15635 5561
3308 4419 9710
106 17182 8231
4560 8778 3662
1283 19068 8019
13266 16786 2283
1583 14643 5509
681 1166 7559
13072 14178 6070
1373 11422 9720
12184 16553 9439
15465 17745 601
2055 9191 7679
209 213 7548
21 870 8828
192 701 3784
13140 14813 7681
3246 18929 3734
6307 9436 2545
10784 14174 2628
3961 16650 2758
13469 14772 234
6122 8442 7126
1761 7380 5694
11140 13426 3732
3261 4368 1414
6098 12180 4541
317 19712 8245
2495 9019 763
8243 8369 9150
459 8644 511
1698 12710 2430
11248 14997 7810
16747 19193 2235
7935 10836 4327
17897 19983 7722
2403 6323 2312
152 6807 9182
4051 12635 2120
10074 11123 7194
633 13025 9825
6237 12128 7731
9164 10242 548
7666 8923 8509
133 3994 6455
7434 19713 4507
5583 10155 4938
14901 19144 1661
3297 14645 9181
9680 18909 7184
2942 14732 1309
3562 7793 3602
5582 18795 7140
17539 18158 6580
2145 12073 8469
13897 17276 1539
6959 14097 5724
9014 11930 942
5896 10879 3710
1020 6249 4339
4274 7709 5437
602 5136 2150
1965 16517 7629
1126 3343 8929
2137 7063 9179
173 16501 4945
7969 10505 4733
12902 14837 5423
1985 9012 9901
3669 15331 9895
11705 16373 3310
10781 18080 5813
3943 13312 8824
17045 17562 4664
11753 13348 980
7166 8065 3889
1177 14559 3107
11566 19625 3721
10525 16041 308
12512 15111 9044
419 981 6755
3080 11905 5927
3186 17142 5660
3460 7922 6261
4400 18195 4221
6491 9056 7808
16293 17740 4683
2120 4677 5552
2240 4038 6356
5010 14625 7752
2417 5508 6682
3065 9674 5330
6063 10352 1361
6548 10649 2575
1362 13782 3439
13974 19770 1284
12206 14344 2580
1448 2996 8697
2780 3100 7171
8150 13353 6618
964 9393 2663
6509 17718 4700
2132 2989 3896
3235 16973 5295
6628 7373 350
1605 6322 4118
831 3824 6235
11247 11784 1063
13658 14111 9290
1004 12614 6519
1067 5507 8118
75 254 1114
1937 4202 1303
9463 10486 9781
443 7210 1323
1207 13291 7046
328 604 4349
12162 19502 2094
1483 10221 1939
1375 14945 7680
4519 13343 8068
3559 8473 5939
8437 13547 510
5379 7498 1670
7056 10879 360
4286 19416 184
769 864 4798
7657 15769 3895
4940 19498 7103
11346 14352 4236
11492 14015 8982
5619 7740 9916
3488 14827 2258
4733 9973 182
1644 15620 1987
11339 19296 8820
10339 19975 797
15662 15699 6315
163 17142 882
6666 15417 8869
383 14897 9383
2119 3786 25
377 876 5761
8712 12696 2573
14081 14722 2189
13523 16306 7251
6825 8183 3436
399 11526 4678
6595 9014 6999
13527 19122 1384
3790 6158 7570
4100 5261 5841
10119 10998 6077
5383 18576 3338
7441 9151 8450
10903 11722 2879
5381 9775 3818
3449 4638 8644
1430 5824 7016
1524 6892 1280
613 2825 9421
338 15021 8670
6877 8418 552
953 4898 4810
2799 15947 1109
6797 11595 211
6682 19148 7991
6404 7425 1217
1849 16110 5689
3281 19384 7288
2502 8802 8743
2506 9697 3602
842 10920 8453
7442 13973 3232
822 13339 9627
2042 6274 1891
5256 18462 6776
4241 19282 8299
15105 19558 6811
1398 8592 2408
6999 15974 9148
4887 12781 987
13785 19208 3896
6718 18359 3546
5502 7698 6779
1082 5569 9669
14824 18842 7402
4483 19482 5788
2573 14441 9948
6461 17499 6531
621 16306 458
4628 7355 6164
3102 4237 5870
3508 17030 7571
7877 8253 123
7694 17507 2104
2448 6795 1719
2050 13523 8376
11864 14262 283
1114 4184 9573
2093 6264 5138
7873 17445 1611
2788 5997 3345
2549 4089 3727
4102 13509 8097
1904 17237 9358
13325 13687 9531
1547 17695 1808
15752 19656 4602
8346 12160 5472
3630 10172 4909
9264 13246 1237
5007 16103 3786
178 681 7732
14158 14233 4418
8001 15041 660
335 8752 5207
5979 10856 7806
5512 14727 3983
10810 18186 3002
959 9652 9982
2209 6021 3821
9149 17893 9360
1555 9501 2801
429 1620 1328
6497 7255 6781
4680 11424 7718
4710 11303 2814
4729 16835 3768
4224 7473 5109
11146 13694 2335
47 2559 8168
9365 17098 3014
487 578 3005
4415 8119 3355
6016 17376 2651
2956 10740 1111
13648 19282 5028
4275 4891 9439
1574 6985 1615
1574 16539 4684
965 6167 5324
6141 13689 3558
12279 17256 7208
315 3447 7658
9923 14105 4206
2960 7839 6561
584 1957 2414
6953 17107 5474
1188 3174 8980
3258 5559 8635
3333 18241 850
1445 11449 6828
17115 17299 2398
4470 7301 5691
2986 17611 5163
7044 14177 9537
10654 18749 8917
1165 1271 9339
1146 1475 9641
17973 18156 2272
11046 14365 9814
10823 18629 2827
847 11717 336
11201 18909 5106
6681 7860 628
832 3565 9475
2020 2300 4890
11407 19732 3347
7704 17616 9475
7548 18274 5321
8003 10411 1951
732 1678 7969
5019 12992 6622
3713 11373 8366
4050 5145 8664
120 255 23
2043 10026 5460
1431 6680 5957
3470 11038 7686
2248 5972 9787
12037 18440 5348
1360 5081 1510
291 7679 6910
5364 13575 6573
18373 19370 7157
16367 18659 9300
1328 4782 8757
3929 13023 8623
1609 9573 5474
1349 19095 5648
13510 17574 774
6977 15318 8465
9263 9355 8699
13572 15129 6462
879 11030 5836
15967 18337 6050
11769 18802 2159
1345 3207 9464
13095 18223 4309
7650 8657 2328
1257 13062 9544
242 426 4207
3246 12107 92
4618 11309 4733
18563 19746 5330
2615 14858 6788
5970 18085 1585
5154 11836 7646
872 11854 42
648 2327 9495
3215 13829 9519
9983 12200 2387
11684 12765 5408
13764 15096 6054
1292 4172 35
3705 4358 5801
47 121 176
5018 12163 7578
10874 18502 3991
8432 12880 8940
4524 11916 1943
1671 2140 836
7763 9551 1032
17020 18199 8732
1078 4615 3477
5831 12082 8251
4148 17682 12
17686 18151 6541
148 11447 2309
3319 3758 4747
4277 5255 6622
10518 18766 7651
60 6929 3815
157 1852 4192
1626 16039 5475
15053 19805 6946
34 719 5158
231 1288 4174
1253 19484 8915
255 968 4258
3718 11108 8168
9359 11761 1242
17564 19873 1775
6410 14394 2590
3256 4393 1664
5463 9977 573
2154 6353 5762
12232 15139 8891
11747 13825 3232
1193 13696 8303
3116 14959 6261
2582 2775 4516
18280 19915 9090
3510 16544 356
5299 12013 6598
2053 10616 8740
326 1092 1240
9223 14580 7856
3786 9118 182
664 7908 5612
10592 15183 1783
287 2306 3180
8008 13457 8988
170 1389 4994
6011 14474 5468
6218 10316 9065
4841 19759 96
2804 7959 8483
8075 11250 4750
14430 14571 5848
10533 12133 5273
18 542 6788
10122 15929 295
11599 15532 6702
3407 19829 5
16165 18789 6424
11908 16967 2993
5335 7464 8908
2325 16543 1801
596 2496 7140
897 15711 1426
14236 14438 220
4050 9788 4151
3671 16743 8554
1763 17824 9375
5032 11994 2221
10508 12111 5345
4874 9255 4260
6619 10256 1307
7339 17203 8808
9989 10688 4550
9452 18357 2031
4378 11752 7534
6890 15713 1433
7001 7394 4383
2403 4171 7153
119 8170 7055
1670 16368 1087
2874 5800 5865
809 9925 2041
2305 10178 6345
17920 18145 622
5109 13658 5067
2437 18026 8991
4108 10970 5440
3841 6068 6269
8661 15254 5806
3331 7066 295
1883 7966 7938
1246 11456 6786
11078 17065 4439
6112 6241 377
7084 16893 5277
387 6278 8823
670 2763 2793
8064 16251 1025
2062 6789 6374
3447 4161 1459
3025 6552 6174
1105 3227 1921
7218 8653 8460
6326 6361 2705
368 1067 2493
1038 9371 116
4087 6086 8208
1451 5473 5641
5250 7859 3849
7933 18083 1876
4055 4854 8414
9069 16813 2019
8738 14377 6129
60 107 7438
1741 5202 1558
5094 10156 9025
4718 11088 1766
13281 13297 2824
7186 19630 7410
7315 14099 9837
1353 3589 2196
315 4876 1359
2570 7058 7194
5242 11514 17
1163 18260 8497
1190 17015 289
5832 8459 7055
6948 15313 8071
14233 19513 183
8445 19203 4836
1536 13885 9020
117 471 2658
128 15933 5182
5597 7071 2433
429 1593 6852
8062 18354 725
502 4958 6064
7578 9662 8988
5580 15724 6291
81 6653 5740
4415 14499 6257
381 2677 401
1906 10368 501
14866 18213 475
11511 12170 1330
1187 3818 2800
4654 16281 3378
2356 4214 3197
18228 19526 693
3433 5640 2692
1298 6320 8825
4294 12563 8724
11468 12998 8951
15421 16773 90
767 5293 5873
1130 7516 5032
3122 13487 8373
15240 18726 9852
720 14016 4785
5394 12910 943
9244 11217 5003
15982 19008 195
3661 9262 3800
4725 15745 1148
1283 3166 4707
5891 14204 1044
3127 5291 2383
14772 19627 1784
2449 12384 200
8157 13948 3960
9066 15306 4884
1182 4241 1942
790 17871 9623
418 961 8428
5012 8738 7001
270 1765 9412
4962 17095 7156
2636 4159 5321
144 2710 7163
3884 4889 4844
7405 13447 7433
3662 8000 1859
2 3672 8280
277 5967 7036
391 9557 6746
3243 16361 8349
12260 17419 8496
3542 4549 5943
5812 18192 7336
10835 19483 7782
9375 11540 7975
4625 18322 8623
12586 19885 8917
15511 16163 166
164 4473 1523
635 3740 508
5504 19198 1346
8710 19997 8620
1210 5697 3130
13512 13970 4449
12245 18938 398
3178 7699 6376
1829 9391 8733
9054 11810 9798
3257 14553 3988
370 530 6841
1123 10843 21
9214 18114 7670
1932 2969 3515
4015 4334 176
5625 6632 2602
471 6685 8829
8652 10238 4774
13073 13437 2193
13727 18444 35
3961 7023 4061
4358 19603 1743
1827 6693 2787
323 14160 3465
3658 4292 7097
5735 10279 3444
3063 14438 5570
9831 14625 1554
5849 8813 6358
248 1053 916
3572 4672 5770
6209 11804 6171
1875 6171 602
1040 16429 1212
7033 19361 3053
1158 3146 3905
8696 12064 3172
2434 11594 3795
602 10253 9141
4011 7569 4318
2100 4956 3257
5697 12048 136
206 9538 650
5098 9924 5230
16318 18690 2807
544 16300 5455
14886 17483 2624
1245 8977 1618
11602 15381 4325
11801 19076 9526
1821 6779 9808
5330 15621 2603
4322 10846 814
8250 14880 3142
2870 8374 912
6823 15800 984
2108 5484 2985
3654 10656 7623
12572 17891 9331
396 5859 3824
3879 5808 4635
17052 17320 3738
2267 13018 7555
13767 14406 47
3303 3551 3917
1737 4558 7272
16248 19659 7950
6499 18313 9354
536 17337 3841
16666 18564 7262
5004 17164 4149
13660 15364 22
10225 15828 6516
135 153 8024
6976 17993 806
1673 15201 7249
3129 9732 2308
9278 12143 3092
12282 14836 2670
2654 8977 1492
14065 14274 1595
7680 19579 9389
13994 16470 6235
451 1823 5853
13772 19592 9597
839 9425 5602
1142 4384 6364
6436 8546 5710
11572 12061 4214
8497 16971 5612
8542 15688 9315
1213 18989 9523
3205 4983 6776
2148 4053 887
7604 18312 3760
13032 16657 52
1512 7524 1632
2818 17610 6350
16415 19536 6214
3039 13461 6599
7741 7839 3680
10893 11568 8192
5489 7203 7508
668 2812 854
5431 15645 7763
10091 13952 224
12240 19392 8773
241 14808 8371
6011 16405 8545
9382 14129 8194
6120 11580 8585
3345 12250 4591
2221 17430 3388
662 3404 1391
5668 7271 961
503 19050 8135
6637 14926 2091
969 4804 9802
8266 19282 5582
5834 11977 5368
2860 14195 9768
613 722 4383
346 7813 4583
11016 11619 6612
9787 15656 9054
2876 13036 3916
6073 6581 5997
1433 9920 3970
1510 18862 2172
5666 18433 2708
5749 5867 6179
4692 7347 5522
4497 19075 7022
659 13915 3061
2660 13682 8434
127 19872 8189
482 696 8365
6182 12820 5724
7014 12986 3991
1000 5186 8631
7173 7305 6279
7297 9073 9646
1186 1213 5773
3248 6405 9034
8825 11538 802
13299 14472 9906
74 544 6014
673 745 8528
380 10927 6752
3586 7830 687
10245 10833 2578
9639 19851 6201
8526 10815 855
2399 7917 7476
15459 19619 3093
9093 11927 7349
1340 4240 6664
4935 11884 7846
976 6070 8772
7576 17920 4432
2228 7559 2658
1007 17257 271
5713 15510 8037
1731 3319 7803
3119 3952 6602
2535 7841 5258
3988 19956 9215
11402 19392 2286
396 14694 1520
8338 10365 1928
3846 4011 8365
3604 13985 5779
2792 5897 135
4311 16693 1184
7194 11523 8973
417 8096 9699
10640 18431 2462
8977 16158 6211
1282 2056 1659
7902 19308 7648
2321 4403 6937
9968 17399 8079
5770 13268 7294
3380 7823 5277
1681 2010 1630
445 13603 476
13102 19681 7650
12154 16789 4223
7095 18727 4854
1187 9247 1897
15718 19077 9740
13089 13293 3502
6881 11445 2532
7773 11942 6470
15175 19951 8991
5438 6790 4583
1098 5535 1704
3930 10325 1761
1530 4700 7148
196 251 849
1385 6551 6145
10910 15557 1449
2406 6735 8505
703 1373 1326
11141 13400 3556
5308 11199 6376
6170 18505 7834
2382 5283 4530
591 8336 2132
13628 14510 2386
5631 6907 4209
7382 14729 1262
420 1864 4653
7242 12316 2030
489 3938 9546
9742 10157 6518
14940 19065 8323
6099 17237 410
9061 18604 6231
3181 4079 2110
4568 11765 628
4381 16202 97
13056 17653 795
128 4114 3918
12042 14695 8797
6916 7222 652
13244 16151 488
12035 18823 4024
10746 13216 8516
1270 14533 8040
2509 11639 5521
1183 11272 1619
161 13334 444
17179 19023 4175
10862 16401 9901
1447 6621 2335
9388 14061 573
4722 7540 9945
6241 19427 1074
4702 11648 1838
771 5064 154
1765 4108 4849
5314 6231 8270
578 14660 4023
16862 17984 7509
14305 14632 2324
9773 10028 6178
2613 2967 5820
3841 10105 1871
101 892 2760
1438 3573 6054
13065 19064 7906
1559 14114 6041
6457 14741 6682
1243 2012 3621
2335 17819 4790
4291 13900 7194
4127 7417 248
2437 19241 6039
8952 10732 8790
11844 14317 7485
6636 11692 2183
12589 15798 6428
7801 13765 1691
16378 19464 3927
13171 16587 3678
12475 13238 275
7743 17738 7557
3461 11983 5382
2121 8830 5819
2819 13554 5239
306 1164 8805
6800 18962 2081
1092 2461 9320
11726 15288 7810
5911 17653 6357
15980 17785 4254
5296 17246 3540
2262 5838 7753
11819 17578 370
4632 11347 2151
5516 11320 2481
2235 15753 6747
13152 18951 8136
14146 19736 3533
7055 11254 3227
17122 18575 6792
1764 12364 5392
1800 3926 3795
6270 12368 9864
13599 17575 6336
9776 17196 8260
8839 11496 3423
10495 11882 7197
1190 7812 5297
7838 11521 66
1798 2804 8172
7584 19297 5461
4228 5095 5998
8037 13869 8287
14256 15929 1453
9363 13041 9136
4835 6472 8507
6126 19461 9165
18594 18917 7028
9490 19224 3179
1225 4512 2499
6443 14242 7943
6238 17265 196
8106 19550 9547
4125 16967 4200
3418 10352 9581
7928 16549 7035
6301 10266 85
1725 3072 7633
9462 9656 7200
3226 3849 7807
16 9005 503
7399 18094 9906
4274 6888 6882
6037 8844 3643
6572 8483 9633
3038 12217 6958
522 5339 7436
5954 7971 4581
2388 16166 7126
5105 11399 6967
516 4237 4370
7694 16993 1142
4476 14157 6052
12600 12743 6706
4177 18018 4659
7446 18333 6588
7885 13935 7083
446 4756 4193
4257 4691 4177
14600 16000 9775
3669 18296 1176
12212 15844 2296
12862 18285 8007
3873 16792 7320
8700 11487 7587
1139 4293 343
317 1414 5991
1687 11240 9797
12957 13673 2748
2100 10996 3856
495 2964 2331
4832 13817 626
1994 8544 998
115 468 414
4 46 3091
1753 2373 3839
3391 19112 4905
1104 15116 9388
315 5451 3034
1158 19679 3616
7543 19020 3363
9809 13158 9467
2911 15234 8065
15924 17648 4619
4623 10022 7774
344 3313 8823
2745 11889 3947
1490 14531 9554
1354 5048 9126
17050 17350 9827
3808 16427 7448
13815 18477 8158
7646 7653 4762
4450 6421 9611
6526 7318 6698
14931 18358 3076
3938 5048 5640
1208 16520 176
1498 5208 6401
3120 11833 8550
5628 18439 5898
771 2315 4993
1885 14342 6403
1683 8296 6304
9296 18760 7003
148 675 2420
791 10948 5585
119 16770 3853
3047 4020 4288
16686 17566 7499
7969 13789 3862
525 1133 9662
6896 17010 9562
4560 13550 4961
6268 17523 6341
5481 17682 1889
1213 13902 8494
8920 9258 4001
2076 4478 5481
2532 8830 1580
12107 19393 649
396 15883 2630
34 8200 7447
1161 1957 9306
2338 9000 5240
14738 14846 8992
8451 15559 7978
1112 8120 6337
2188 10372 8461
5901 10668 5316
777 16512 3422
8654 10988 947
893 3770 6432
2955 14387 3261
6290 12799 9160
15222 16594 5209
2864 6703 3088
1547 13515 6387
15226 15235 5706
4051 12781 4029
11815 19803 8625
3385 12123 4869
359 11044 8776
2104 11820 6608
1950 5184 3465
1474 8886 6440
425 4878 869
2784 6784 4301
6869 17450 4240
1269 3411 6195
5217 8899 8467
4774 12241 7204
12054 12416 5848
3276 10242 1908
1285 1491 8361
6442 15973 7445
2953 18094 3427
601 5190 8693
636 1149 3689
3329 13250 3998
2834 15537 1141
472 598 732
3849 19100 4159
4311 13025 8207
4542 14162 707
7821 19067 561
1157 1557 828
2923 8380 112
4998 14872 6838
9562 18724 9044
5855 6582 2808
1159 3800 6324
1247 2665 1736
6441 17159 2447
6038 7224 4767
4750 8317 5215
1340 14862 8876
6525 10497 9647
14509 19688 3953
5700 19862 1527
16335 19777 9231
7598 15827 8274
6 18583 7298
1399 5561 3638
3146 12512 8630
3798 12458 7345
7873 14226 2909
8665 14562 4869
961 9153 5065
2152 2305 6420
3251 7469 951
1 4 7491
260 2290 2846
2102 2551 565
9049 18665 7140
443 1780 7592
7070 11436 7108
444 4666 2119
8194 15992 4321
14991 16164 7225
412 12615 6543
7457 18963 771
7767 15113 1144
288 724 3147
3653 3726 9227
4287 7316 7706
1489 13387 2469
11761 12748 7742
11666 14426 8869
42 101 5323
5772 18905 1257
2715 5011 1284
4598 15078 4711
61 2220 7255
12879 13424 9292
7180 14389 1091
6713 19297 5840
1796 8810 5381
6630 8211 7618
5490 6062 9425
11479 19722 8848
5666 10507 4789
9659 15164 5989
8548 11165 4150
11197 14116 898
15740 17412 2788
7325 9480 3416
8775 10224 558
2129 12581 7535
291 2139 3355
6391 16862 1816
2617 7665 8893
3082 3110 9095
6200 8521 2143
10 994 6779
9627 17840 168
5531 11347 595
18505 19909 6498
4579 5416 5363
13595 17109 4418
13807 18750 2510
14883 17057 4041
3269 7028 4852
6134 10432 5151
10168 13429 7395
8588 13000 8818
4526 8012 9022
6257 11428 183
5553 8398 4517
1197 1346 8228
9676 19990 1038
5757 15368 551
8719 9897 1767
15176 17963 4541
371 17061 5339
7678 12817 517
10607 18843 2568
7939 18440 2103
2356 7880 8549
1961 12700 6027
2190 19396 1477
12061 14199 8342
15243 19162 3343
1618 17798 8432
8438 17189 2960
2317 13348 573
7813 8824 2024
499 4835 8290
3885 19528 7352
3244 6700 1621
10923 12511 1231
13684 18670 3449
3389 3863 6313
1505 8114 4088
10920 16811 3752
3251 11444 2320
2009 13596 3013
452 5812 8819
11744 16217 4601
7060 19871 7604
4855 15416 7074
8089 15088 7013
13021 15433 7802
1986 17972 9443
807 18717 2483
1553 4676 73
7994 17328 5919
11983 16787 670
1948 2389 5363
4977 12665 7145
7944 19310 5977
9523 13637 2092
9375 13315 8530
13262 19691 9038
7070 14982 6203
11738 19491 2397
6887 12752 8591
11045 18432 1902
1760 5937 1864
2030 6571 5380
15706 16266 6418
2428 10828 7772
18225 19251 8292
424 4538 691
5277 8811 2240
4077 5544 5387
10183 13120 6675
1698 17822 9260
10653 12465 3868
5838 10942 1971
10493 14374 1908
285 1388 2637
4487 7171 1534
399 833 8968
15084 18930 5711
6886 14435 2716
14241 18459 2480
13708 14164 9022
7019 11514 8927
12836 15118 991
13308 16333 9998
157 570 739
2988 6250 5368
2265 9828 1648
3021 3386 7660
759 9222 1480
21 869 279
10841 15560 2889
7270 17119 712
954 8280 261
1527 6542 6766
4400 16549 1235
10861 13779 5216
13368 18769 9029
8702 16798 6516
10850 15322 3158
640 2090 7604
6607 15539 7546
3211 8511 9048
8038 10878 4745
2571 2615 3943
4053 5817 5568
7781 17626 5444
940 17595 7758
11822 13427 2198
734 4195 9463
545 2656 1592
318 421 3544
1910 13673 2257
12265 19808 6257
198 2739 5232
3030 10045 1222
1503 7887 8859
1890 13933 3451
13340 18729 117
2208 4222 132
2904 12606 7205
681 14468 8056
5524 18837 4281
1430 14990 6643
621 1017 449
5153 6517 7076
11384 12839 7550
2658 6617 1918
14361 15233 3822
214 271 9699
3031 4965 5552
7502 8350 7663
14518 16576 8800
14419 14760 9587
15515 17509 3544
9296 18232 3877
432 7300 4771
8971 19781 8439
4473 7679 3486
16853 18194 6015
7327 11465 873
4647 14800 7390
5103 8646 751
1992 9658 3450
8886 18795 4428
1508 1946 6238
963 2580 855
11531 13685 2324
17480 19765 7707
8602 12025 6245
539 6233 7372
5400 13689 5305
9572 13828 8155
4473 5797 2176
2718 14576 1491
1289 2598 2426
6714 17193 1764
3457 6650 5093
983 2028 3034
8803 19181 3876
6949 16171 5594
7320 14019 3022
1714 12343 972
9073 11777 8804
6149 19603 2201
3982 10098 7853
11127 11657 3658
2454 15401 7079
13629 18956 1552
13196 18219 5456
3544 11474 7067
4740 10063 5856
4027 17942 9016
2364 17881 7133
8054 13292 6943
2744 4008 7804
9420 12798 4012
182 2229 315
382 10466 4943
5461 15048 3328
7282 19136 4499
8754 19341 9376
56 2982 5900
9638 10739 9444
2099 11425 1780
673 15610 265
6606 13686 2855
3716 13880 624
8734 11991 929
6652 9060 9874
1983 11142 1180
4812 16682 5515
4985 12270 7794
3753 11681 1034
9756 18404 9726
6440 8072 3235
8215 11898 5291
8237 12168 3897
4993 15617 779
7759 19192 904
1440 15732 387
5670 19677 167
1425 2363 8137
1969 16880 6001
520 13806 5788
8743 14328 219
10213 12474 7621
3978 6703 2869
12884 14676 7227
3602 9737 7750
3816 10939 3675
4305 5300 9033
4089 12657 3892
2596 18433 9699
8507 16897 2267
17623 19435 8453
2462 6288 6600
4072 10108 1092
8150 14231 8411
11691 19923 2881
11266 14230 7337
5839 19163 9429
1146 18897 9012
3272 16514 3310
2779 3249 1028
3191 17032 4291
562 7682 9955
3514 10387 4893
1172 12727 2894
4070 19391 1781
2237 15059 4439
5981 8063 7767
9321 18856 4740
2045 3357 8578
3361 16549 5529
12276 19246 5310
4085 5573 7656
8002 19403 932
2540 11445 6139
9787 14394 252
10289 19182 6308
1981 5560 5650
10848 15640 24
2096 15461 3873
654 6346 5485
13541 14376 5883
8337 18566 305
6610 8041 2754
10086 14594 3572
8926 10607 4573
176 18295 5411
5859 18338 9588
4653 5272 1568
13136 18273 9544
10874 17882 5028
2279 10172 8194
9404 12321 640
10995 14122 5653
5097 19443 8755
6582 17902 1021
4563 11578 3299
9707 18337 4841
1664 3832 8089
4863 14801 2230
10342 14926 2978
128 222 5743
1973 8769 8421
4990 5158 1797
6781 16800 5028
2912 8962 4619
2285 10716 8553
3339 6613 8379
1548 9021 3586
347 396 5453
6622 11886 2047
15376 19775 5430
11191 18235 7408
6181 18680 1484
7 15506 1068
6527 15281 7999
1319 6063 4011
9687 17052 2016
6815 8473 3661
1864 6672 2791
7081 13644 6392
5914 11595 7175
15531 15987 8515
8485 12709 1859
1445 2814 8103
14517 18244 989
1655 15673 4462
7390 14351 758
12 2978 6245
5917 16752 4853
6158 17756 2106
9306 11764 4819
11962 14237 9571
638 845 6895
4892 11619 1538
17385 18908 805
13188 15046 806
1237 2062 8606
1365 10706 1715
13704 19041 5124
14084 15476 9266
5671 6064 2319
3580 7849 886
9752 12330 2959
12587 16359 2844
3764 15481 7679
627 6779 9583
14069 15786 1439
6386 14250 2902
6323 6426 696
2868 4766 5481
6499 8139 8938
10786 13954 9719
3144 14903 8743
3437 15392 7337
14339 15034 6490
130 422 4416
9270 14820 5314
5983 15666 1611
4611 13738 6782
7285 17163 4303
3406 18258 2191
15337 17766 2995
2898 4733 2450
7708 17535 5459
10224 16967 5749
874 4127 3170
9661 17644 5744
12857 14337 4993
3537 6321 9182
5939 10362 3934
112 487 9907
17300 19249 8315
2204 11132 167
3705 13248 93
10461 12187 6004
942 19383 7584
1209 3941 6862
472 3177 7431
11633 16617 9280
74 249 4610
581 780 7012
6207 9785 9816
7375 11551 9006
7388 17235 8532
2348 11145 8479
4307 17357 9834
941 9230 110
6170 9513 7973
5215 6736 3301
6156 17659 8923
12121 14386 6403
3146 12537 9157
4211 19503 3092
11101 11250 2413
2938 2961 1330
16403 17338 4082
1123 11071 3821
8804 17611 4072
1828 18812 2213
12518 12541 6847
7246 12648 8314
4067 15113 5011
7495 19437 5016
3120 9860 8866
7809 16743 8518
3039 8016 4644
15293 17991 2956
10777 12418 7350
1042 13419 190
2557 9981 5693
10250 15413 3118
12615 15484 8294
2879 9478 9507
6925 13458 424
10045 13276 1632
7505 17552 6835
1620 7009 3471
8906 19108 3305
4412 19476 2942
9631 17165 9887
5093 7661 9461
2315 18984 9269
872 2575 7360
1092 10862 2117
999 10559 2057
287 14275 2516
13313 15500 4198
127 3134 4615
10569 16430 7818
8868 18422 422
12750 19695 3252
7516 13575 9386
11454 12303 3707
12960 14367 4148
11905 12574 271
7826 8842 1775
757 3587 5907
928 1741 1551
3630 11198 8793
2757 9014 5540
6261 10742 9996
318 8252 9875
880 5766 4920
6404 8148 9172
9045 9950 7124
5813 13285 6287
9653 11042 6536
5317 10629 8068
1449 11362 9109
10905 15131 9989
5026 7706 3476
8270 19938 7867
4753 13086 6980
499 9526 7129
197 2031 3768
4387 8018 6045
11499 15908 2675
2070 5591 7450
10308 11575 529
6783 15738 5477
8162 13964 4295
10697 13559 1572
3854 5894 5565
3564 7560 2021
849 9728 7645
13184 14394 8624
827 8176 4611
9292 9396 4453
2353 11080 732
6685 11795 6001
399 480 8830
14461 17369 1188
9275 15895 6930
1172 6779 452
7284 18014 3250
4240 14685 5971
2136 19340 504
12680 19311 641
9948 11341 3009
11036 18817 1302
9072 18923 5615
12497 17343 9077
3935 8421 4867
3 1453 8991
852 2956 5096
3134 16394 3713
278 295 1324
5153 14365 4368
593 3470 5630
6402 11113 1334
4119 5049 8021
6202 10198 2554
585 8475 3241
11668 13030 2262
1338 2372 28
10289 15207 4870
5598 17680 546
2826 5010 8708
15650 17233 902
3090 12567 9471
7302 13826 3409
8534 15163 3967
4150 16905 9678
1856 8478 5876
1254 2191 8946
3689 7828 6134
4901 6791 4431
8835 15170 7124
5204 16162 5056
1496 18452 7310
12531 15160 9724
1489 8917 4022
6753 17489 2713
11125 13605 5885
1902 3225 9971
7311 13269 8775
2712 9253 402
8566 14986 3863
4487 14049 8193
2474 3919 8434
174 3956 8817
1438 5320 284
8465 11725 4508
6975 12989 303
4422 10424 5681
7793 14480 9169
14163 16489 3584
6503 19182 7149
7669 14499 8714
9526 15376 1284
4705 12071 8798
2444 3439 6261
13221 14530 7101
950 7472 3889
2227 17325 7994
9916 19780 2349
2007 11701 9670
3168 9746 822
5896 6628 8588
4760 14414 3288
812 6852 2989
939 6550 8341
961 8877 4008
5683 9688 3161
4043 18802 601
44 4406 7582
2328 14974 9927
4672 19964 6859
3708 4925 2241
5179 10143 3289
1034 2557 6640
12404 18547 3829
8274 12086 8036
10001 11405 8005
2701 3670 4269
210 6545 7405
10209 10779 6537
2410 12094 2346
1042 4034 7432
2344 2732 7252
4063 7003 9764
6563 12292 3830
4369 13994 6529
5155 19210 4865
1932 10547 8114
7204 11938 8414
9017 16926 9059
3515 10923 2285
699 13636 7136
3881 19450 7572
5001 6695 5570
1551 19289 6941
3224 8011 8119
4708 11080 6487
8307 10663 8272
943 10159 5263
401 4445 9134
10094 19103 3998
17045 19543 7799
5566 11471 557
355 17470 9663
1154 12856 7534
13430 16206 3177
16232 17954 5012
10476 13679 269
9884 11534 8977
2391 5976 9306
9510 10242 5172
1160 15526 6022
3402 10907 7262
19400 19491 8184
88 5119 8770
4996 6520 3947
6870 10798 3771
7753 11087 797
501 14669 2440
385 7006 1355
13011 15955 7112
12666 19057 1952
6247 9960 6318
13267 19236 3540
4829 14332 5028
9258 13581 1104
7603 17558 833
5514 13150 4670
4341 14041 6277
10823 16674 6670
4547 5581 5483
1815 3271 9420
5416 12112 344
981 14596 1996
12105 13377 9645
1299 3449 3342
2283 5786 8502
7684 19640 5452
5886 12749 2757
9011 17264 7697
8372 17250 476
16719 18111 2219
1662 9069 1880
2597 19321 6502
7537 11649 8206
7728 10321 3101
3814 7982 5556
2454 19515 9511
6098 6878 5428
9120 13847 4334
7877 16017 2530
10557 18548 518
2171 9418 8544
1229 1477 6489
1526 7010 3239
190 529 8088
8896 13351 3679
2639 11868 4668
574 3127 3630
436 3185 896
1386 2446 1496
179 660 359
1860 14915 8216
3270 4577 4587
1591 15447 9387
18234 19258 3891
5789 11187 4356
8665 8889 1097
3000 11204 3342
8496 19197 3781
7854 15790 1197
5481 19502 1025
7254 11691 1924
4195 16312 7520
35 542 7047
2030 4786 5793
13732 19735 6594
4791 17448 5653
100 11097 7523
6923 19098 3106
8999 19690 893
12983 14744 4864
8103 11117 6936
1060 3274 6006
5399 13822 3795
9027 15779 3159
1254 3766 6462
2438 9008 5470
4158 11999 7318
1735 11651 1540
6467 14062 6674
1036 6155 8819
2171 12013 4787
8952 12355 847
2525 12501 9080
13331 19652 9141
2929 9703 774
10466 14850 870
403 435 3648
7683 14830 2970
2993 14771 4405
2542 14341 425
13578 14624 3327
2567 18074 9555
11374 16369 1727
2810 13474 8345
2936 7137 3048
14727 19683 3604
5518 18711 8219
394 6485 6139
10991 13144 1095
11743 12128 852
9333 14728 8527
13991 15199 112
1499 11945 855
5116 13247 7792
4650 5616 6680
626 15939 226
15219 16163 1884
11383 18066 9417
3362 9738 7874
5429 5433 4253
14607 15213 5667
7792 19046 1499
7662 11557 6229
11139 19800 6978
16197 16780 8662
3247 12501 43
4707 16702 5859
5060 8604 5436
10528 11255 3393
977 14261 9489
5417 16311 820
2764 7094 9409
2723 3233 3425
2833 3361 2967
8725 10510 1451
1039 18203 4459
14662 19944 6391
2747 4066 6081
1330 6213 5073
2796 18815 4808
11338 13204 2798
7351 9333 8899
5833 6375 1155
3298 5520 7480
9133 9494 1648
3393 6141 4256
686 13302 288
9848 10818 5366
1515 1609 1347
4786 8496 7817
8469 15010 1839
9580 19990 1680
7031 7178 2902
4447 9809 5201
3762 5365 3610
11361 13095 8440
1857 12993 8187
1140 13471 9405
173 12842 3888
2393 12907 7805
3180 13099 3172
10231 10355 434
2362 11952 9918
6426 10531 5953
7568 9954 4144
10478 14828 18
15750 19064 6708
875 14897 8159
368 4159 7917
1684 4312 3966
4588 9623 6144
26 14721 9145
13759 16243 2525
3936 7866 6649
2191 17188 7943
2587 7820 3326
1278 11434 7665
808 11525 8835
1610 13307 8202
766 6718 5220
289 381 394
15474 16654 3280
2200 11720 7143
9972 12437 6590
7860 14309 9732
2957 11091 7877
6839 8494 60
223 605 9034
1768 15396 742
3218 10399 3799
4084 8098 884
2889 11900 9149
140 7779 227
11701 16539 7023
4546 12166 9192
4311 6049 4676
11693 16642 8611
3832 8828 8703
1636 3468 4266
6744 15158 351
3254 15210 5837
3871 11675 7503
7392 9012 13
4654 4742 3164
15788 17761 196
2044 5014 9079
4564 6466 5142
1122 17189 904
3603 5865 2282
4250 8941 9282
9056 10879 7710
2427 16888 4764
5471 8184 575
9606 16126 2700
3144 14384 4923
4505 14340 2710
11775 15789 4402
2192 2292 160
5409 17108 9056
648 1408 4606
9356 12265 6122
16158 16997 2697
14938 16886 5168
6267 16708 402
4970 15632 9081
14586 15986 6941
2914 7164 4755
1489 6857 9226
13734 16629 9150
122 4432 9982
2822 8326 3864
6659 14092 3398
15295 15798 3225
10327 12977 7817
1792 5323 5818
4620 18690 9857
123 539 5257
147 2310 428
2789 10287 6633
253 5678 8696
1786 3913 6475
2537 9781 2857
1313 1816 1976
7796 11392 3117
3967 11261 8993
127 188 9246
11619 13202 922
12229 14429 4824
3166 5671 7513
8487 19442 9898
6856 12144 7315
497 13699 781
16151 17822 8736
359 3697 8694
6315 13055 7949
3972 5798 2315
1151 14051 1985
2032 2397 873
19125 19676 4471
305 13418 699
353 5031 6013
10703 19552 2148
6409 12482 1691
5827 8109 4563
2098 16975 7422
4933 8510 5659
15197 17699 2478
5416 7290 558
10890 15698 5388
11909 16434 7776
8289 10785 3641
4051 18716 1513
4472 12934 8463
271 1469 6819
17700 18323 568
1022 2203 2032
678 3157 8300
7419 9502 8070
13227 19562 9584
11178 19865 4870
4521 13067 1574
3036 14986 4155
1248 18764 6530
2368 4393 9722
301 9115 4269
247 10766 8376
5575 5899 8820
3294 11167 8586
1854 9729 4886
1017 7943 852
2804 2976 119
9224 19972 3809
12317 19230 7600
8952 9068 1068
9401 11993 6938
1974 19370 730
892 5047 3170
9939 14234 2575
1421 2265 3033
879 9553 3402
1286 9044 6799
11529 15803 2416
1062 18308 3767
994 15007 5670
13511 15843 5286
8950 12893 8530
10715 18037 6571
1704 6259 3010
1201 13623 8600
1743 12294 4130
10220 19561 3607
5132 6176 5954
1602 1835 8939
5426 13644 8314
305 8698 2530
4321 10461 2800
14021 17336 9166
11122 15245 8739
15201 18700 1500
1257 3092 7688
3941 15359 8210
253 3672 8734
11457 12047 7107
3115 10899 7373
4142 15051 6341
1192 1200 5872
615 17342 7221
583 2778 4770
16225 19062 4391
1733 6157 4429
888 5262 8217
14800 19195 7009
6708 12138 1610
375 871 2750
8742 15480 7641
3463 8113 8276
14962 18259 4826
3866 19634 9424
5277 18678 1470
11546 14643 1328
725 5447 2572
960 13435 3
3046 9686 1184
584 16473 7222
16320 17832 7248
11907 15902 2947
3068 14767 581
12368 16494 1530
8121 15739 387
3537 12752 8564
6334 6841 3066
4828 12157 9562
6146 7139 4114
6841 19857 8851
6660 18799 4098
6697 9469 620
16840 19824 5490
266 3054 5214
7909 18991 4523
15401 16526 8897
394 13040 1776
9441 15004 7696
1339 2370 3339
16009 18452 8153
6479 15868 2760
7501 19479 8222
1236 2406 4135
2468 3032 4024
934 3019 1605
17229 17568 7857
5170 15592 2162
5588 9695 9544
5821 15810 3752
2919 3095 3639
2321 10627 1202
13700 19911 1945
6393 19815 4688
3732 8232 3419
5780 12009 7621
1619 7883 7770
7427 17994 883
1011 6865 4907
6236 8796 8807
4703 14295 6543
856 18467 5914
9557 16880 8125
8054 8368 2008
5852 8929 7376
272 2176 3351
231 1140 9354
3111 15037 1822
9577 14078 5732
4945 9157 6982
1760 13943 1321
1372 16166 9764
938 18718 4327
1182 4334 671
6406 7139 1536
10596 11667 6481
6110 6906 3178
8621 8631 9889
694 16531 2896
1337 1503 9768
3794 15936 3473
12104 16423 1059
5177 12520 1237
16508 19987 3763
13222 17487 6881
2696 3204 4926
6124 7153 1669
1735 18093 772
13327 13772 6304
11711 15830 5933
3618 4913 4528
15281 15611 4647
10995 13240 4650
786 2350 1211
15014 16614 2600
7276 8706 4251
4806 18684 9361
1547 2202 7895
8649 10206 9577
5509 6412 6391
3485 4168 3870
11988 15350 3788
492 2158 5802
4666 7896 4375
542 6960 7877
655 17381 2081
14736 19317 4567
4439 16385 2185
6712 9961 2571
1467 15859 6317
2824 9463 8389
116 9470 688
4447 4832 4245
8862 10950 6530
1750 4244 4461
9253 14371 6377
12768 18868 5556
15936 17458 4235
13163 17554 9287
403 19288 9100
6345 6844 496
9849 17859 9124
7372 19248 7073
15675 16389 9150
3414 8940 809
3788 7752 3093
6849 9176 5776
8392 10903 4250
1735 10230 3308
5747 14396 666
604 3407 9489
14204 15797 4583
755 2601 2841
18680 19962 525
5938 11030 7239
102 1915 8973
835 15162 564
6226 17764 346
19097 19282 1837
12693 18317 1799
1931 13440 2634
1427 6092 5964
2043 7233 3454
177 7359 7422
3339 15700 7416
3313 4151 2459
6556 11107 6552
14 98 4702
6487 16362 6558
13504 19185 5399
9408 18864 742
7721 14432 1901
11242 16187 2433
15337 17095 7301
7537 15897 2830
11551 14453 3853
3989 16071 1771
18344 19708 2819
11111 15524 5068
141 632 1223
11928 12145 2523
2711 16133 5308
5417 16172 5738
4649 5104 9067
583 12422 5039
1198 5445 7372
7896 17843 3269
15194 18112 1640
486 8523 8334
2817 15489 7451
40 3263 8756
15304 16494 8110
1007 1094 241
15906 17554 1535
1396 3273 683
941 4611 3556
10298 14869 5016
9630 11311 2382
3442 11547 5582
4815 9029 6602
269 11665 9702
3313 8303 83
5607 16883 6880
2318 11906 3782
6348 9695 6743
2503 10902 2897
13405 15982 7982
3120 19362 6657
805 4353 5710
3373 9543 7407
3281 5529 6662
6723 11703 587
380 1600 2744
1245 2815 1858
617 3289 5406
14035 15475 455
10371 14967 627
13418 16632 6499
11214 17061 6508
4738 17569 2259
2525 12941 8388
3152 6614 9850
2668 3560 686
8236 18400 2530
3684 9927 8663
12798 17746 2977
2690 7577 1386
1304 9033 646
77 12675 6704
8162 8223 4426
4658 5174 9709
688 1229 7634
2229 9372 8010
1853 15998 4419
8166 19982 4976
20 23 2426
1168 8379 2070
8806 11439 2162
3957 10749 7027
432 1377 7538
3547 6886 4694
8886 11253 3896
155 1295 9318
2600 6679 532
12715 17864 1701
9744 14793 6242
8344 9253 9715
8471 11438 7900
1069 1717 204
1800 5087 8082
3334 12624 2295
4711 9720 9688
7870 10443 1617
3377 6984 6879
5746 14209 2464
7845 14258 4478
5574 7149 8935
12435 14017 8598
2613 12673 4073
5287 7081 5724
9586 13996 7636
11124 12121 2524
5012 19374 1330
453 4287 1435
1010 2151 4084
7973 9824 6405
3508 19738 8622
8316 11448 8622
4415 12498 9916
14188 15464 6889
5342 5746 9607
8753 14631 1450
1523 6146 3567
3752 10496 914
414 19672 9685
5401 12836 6877
9773 11965 538
5951 16950 947
13630 18439 3046
6954 9420 1514
1678 2852 7289
2560 4446 9109
103 17964 3970
2985 14000 6517
1914 2897 5040
1394 4864 5317
2612 15717 9557
6627 11067 4125
8371 18851 5593
8252 18264 2391
3747 4204 436
5246 10541 9980
14939 15270 1651
7532 19809 9154
1250 19668 5063
7283 19925 4801
665 11576 5966
1248 4655 5784
6729 7123 6112
4614 18599 9228
4043 5899 3482
10900 12890 2806
10861 14829 6556
2208 15786 4256
4055 5758 3623
15698 16043 1646
8257 18146 6143
1278 3578 5596
10493 13504 4162
10362 13102 4419
17691 18214 3747
6808 15777 5701
203 2882 8480
10351 18102 2305
4544 6971 1807
2266 12494 1378
4449 7558 4069
7227 15751 1352
2287 9917 1370
5071 14636 9928
8171 15409 5506
8644 18383 5806
2399 11064 5103
7677 11855 2722
221 5433 8267
5486 5527 6539
2963 17863 9937
286 18389 4123
160 333 1555
13823 19709 1559
4497 5151 1841
1977 10790 668
3442 7838 7611
4327 8587 2806
59 274 7619
1457 4275 1722
154 170 1689
16120 18307 9130
11173 16516 2996
12591 12888 7609
9281 19343 7142
5942 7835 9007
5607 7328 8300
7298 12581 5193
10650 17533 1366
2212 5828 3901
3274 19393 495
3168 12280 5752
6757 12918 9117
2181 4154 298
170 7489 8006
6199 10219 7189
3827 7852 4377
11845 16556 6932
124 299 2378
6917 7058 7928
5455 8077 7148
2831 6624 7307
1568 15017 8383
4330 10385 4311
14812 16020 8319
9080 13165 2473
3400 5244 3150
6765 16235 7934
3304 19270 6645
2063 11032 2009
615 18795 382
2943 8218 7366
3617 9917 5314
2 16145 5213
418 1579 3995
1927 1991 4985
4912 7602 9802
4894 14830 897
1745 11392 5016
11341 14717 6519
12067 17633 6304
9193 9358 9659
3939 11777 4165
11600 12064 995
1761 6112 4615
18 127 3078
12489 15996 4964
414 5956 1439
889 16845 9784
4287 5586 9847
12446 17383 6627
9846 16385 7946
1800 5989 970
6017 9252 8735
5207 14891 1380
41 2419 2015
314 493 7626
1610 11603 8561
2242 18166 6601
9404 15621 8176
5204 6800 9480
6398 12884 6956
4584 9195 8550
17718 18572 88
2782 12310 7040
13928 16946 1704
4808 15817 156
6211 13031 4697
4417 9770 8569
3311 19868 9323
11796 16909 4817
3910 8801 8081
10203 19836 3315
7652 18521 6672
16030 16730 427
5332 19771 2972
971 7729 6652
5267 9960 5195
13242 17464 1832
7571 9513 1147
16644 17666 7784
7037 16290 3738
6162 17462 8868
8639 17852 5262
213 2554 3415
10422 16329 533
302 9534 6243
1203 5814 9198
580 7638 987
3219 16645 9933
8231 18341 368
954 17941 3954
9798 18769 9161
2404 2966 8631
4230 18472 4334
3494 11249 5929
1497 11361 9921
6892 13878 6344
3500 15851 968
18916 19836 4587
15352 17213 2752
6156 6706 5897
9127 10900 2820
6 4449 4298
1086 15780 6752
6896 9954 7829
5012 17574 3719
1055 7205 3419
1082 7334 5781
1990 15599 3355
503 1436 2728
9373 15746 2337
11849 13893 2689
840 4924 33
1140 3039 8818
14055 15106 2388
59 365 7612
5821 19603 696
14859 19708 2608
1801 3568 6509
628 2438 1739
2385 8338 4614
795 7361 7367
4393 18574 8078
10174 17369 3490
10053 17158 9538
2965 4272 5241
4827 7381 7985
5056 13596 6507
13144 16477 7190
1535 19662 2102
7732 9789 685
4243 14146 5598
15864 19902 7009
9458 14108 274
253 7116 2125
3627 4750 4927
4437 18498 8716
11283 18058 8208
575 2512 7058
460 11586 857
17055 19454 7250
3879 14196 3829
8503 13713 28
3577 11065 1289
387 637 4637
1759 13421 763
7862 11583 3211
1361 8673 3744
167 1397 4745
172 332 5099
1055 4364 8232
654 6190 9333
4529 18255 2172
8344 8503 5760
1014 4402 8439
2344 2725 1612
2455 5216 5648
4979 10849 857
1642 3988 8595
2662 3063 1060
5836 14543 8029
183 2323 7274
1331 2420 2707
11003 13078 4660
14816 19343 7843
2677 3557 2409
5004 14155 1989
13773 18334 4766
1535 19708 8900
1870 19877 2136
8031 9147 4451
9302 11701 3819
2534 10759 8090
361 615 7498
804 1448 5862
11630 19968 6802
11945 18749 1784
18898 19237 6378
13128 16663 5996
5107 16762 1770
17686 19101 6599
7873 18280 8388
8471 13790 7681
3545 17743 1379
4946 13728 2032
6727 7150 9299
5430 17204 2980
9257 13891 7191
1564 15117 2675
11545 17131 7973
1556 17491 1734
1955 2206 5507
16638 17916 3417
14714 16740 5108
8557 10565 9663
9581 12646 2318
16193 19835 502
13884 19617 1084
13998 18139 898
11786 17142 6730
2445 5341 6335
1864 2170 9821
4875 16692 4416
1938 9007 9808
150 697 1437
7885 13124 4908
988 11387 1784
1391 16947 7827
2726 6544 9973
12890 17302 5127
5174 19444 6941
3315 4083 2617
2512 19373 3173
8196 12464 3161
4676 5723 8686
10753 17502 3380
15912 17737 4744
5677 17996 2836
639 17945 9432
3969 4513 755
5560 15819 6803
3610 8730 319
13379 15685 6894
542 5111 2637
2925 3100 997
80 11523 5095
7491 8394 7579
920 15884 168
4330 15361 5391
4129 5099 4893
2819 3660 8111
3539 17851 516
653 687 5970
1751 8290 2533
3541 6999 9049
7705 15104 6814
11926 15068 5664
2472 13742 5939
3762 4039 5888
119 201 3597
9994 16680 2638
5780 7875 6807
10924 18399 7844
4617 17251 3916
10158 10851 8958
7286 19568 5698
1648 17322 7446
2584 10810 9381
3397 17796 7323
710 5506 596
12312 19698 2574
569 10884 92
4140 5121 7525
11435 15741 3889
2555 19616 8395
10837 19455 9535
10129 14107 7763
2873 16201 6644
8461 18013 6745
2809 4978 5995
10839 19298 9134
8073 10637 249
354 7813 1841
3495 16306 7560
12913 19241 2540
3187 5805 5865
13977 19835 9599
9762 18009 5902
17541 19286 4678
3568 10301 5993
4242 9857 5431
6335 9834 4221
52 2240 9290
7680 16185 9658
9623 18776 9874
12279 12429 7792
2842 9060 1125
18463 19226 2210
10743 19654 8431
2784 5999 3523
78 91 4410
16177 19727 8080
10194 17976 8543
5620 19501 886
4009 4067 2721
214 3101 540
6868 7858 8526
13981 17760 7809
8645 10046 7248
130 5159 3459
8310 13966 5589
12564 16765 751
980 5707 1199
146 988 7304
9879 13745 9901
5828 8593 6011
3645 7651 8179
5716 10004 902
6621 12442 138
8269 13759 3460
13096 13427 7704
159 1627 8484
627 15954 5481
5249 18567 7417
3884 5909 3890
4 4836 8273
356 9501 5763
12679 12705 8033
12959 14328 8317
1810 2169 8120
4203 4708 1761
980 10028 786
8539 14529 3667
1204 6603 5689
1572 18007 685
9270 12091 6639
7216 19419 6693
1333 4838 631
13797 14713 8019
521 565 30
7699 13834 3378
11146 11398 3295
2433 8182 4850
14637 17452 4335
1976 13383 4768
9038 16090 8726
13872 16467 4450
4005 6752 4494
4842 13648 4092
6957 17862 9642
200 977 8913
11619 17954 6824
403 1531 119
902 13411 8218
13577 19334 9847
1758 6622 7886
3666 14145 7464
5418 14898 9556
1098 18795 7685
2820 3142 1045
4468 17366 7674
7320 19714 5163
14209 14613 4176
3587 12230 4169
4581 8699 6992
5001 13946 7604
1307 2854 98
7188 11840 9288
8710 16051 876
289 9775 9715
11896 17834 5165
440 9737 6264
15807 19386 4152
3932 16985 1643
2991 2993 3978
9023 17587 8623
547 2832 8477
1454 17362 5227
11549 16138 8081
10039 10073 8007
13225 19014 1058
1614 11198 1473
6 17459 8435
2039 18042 5866
11762 12729 8572
13440 15341 8107
846 3262 3725
13255 19257 6613
10311 13518 8700
11584 16917 150
2473 12907 3680
2028 16400 1500
3218 19405 7176
1644 3660 4606
19343 19507 3339
2118 2466 9724
169 11778 543
5186 5958 3733
799 1081 8981
4867 17718 8880
1167 17890 4739
3300 6764 8070
8171 16658 3138
174 12001 2681
2782 3202 2185
3648 6609 8011
5840 10375 3647
2124 2743 2555
1418 12446 3090
5582 17503 3109
3982 18651 374
13075 13412 6638
12906 14198 4108
4780 13792 6859
7983 16746 1862
255 464 3856
9776 13877 3390
3396 14602 5108
31 125 4202
13559 15349 2155
6837 10488 1734
3577 19002 1014
14851 19921 6870
1470 5160 570
1784 10515 4373
7272 14479 2293
8722 9965 4614
6525 12476 7517
4344 13560 6323
3261 6321 1966
13002 13464 5005
5910 7384 1037
14693 14722 1027
13476 15751 6123
4514 7256 2576
9618 15545 9291
646 15154 3148
1287 16868 5949
3088 19763 1036
5221 10640 3568
13765 13942 6454
421 10621 5714
7108 18736 9366
13687 14259 5859
13132 13217 6937
284 705 113
2925 13903 3916
133 5638 4679
5928 15921 3681
15425 18695 2772
4028 7590 8044
6454 10723 9951
8288 11531 5642
14175 16317 5149
1119 3984 3407
5910 14290 3506
12951 13808 9328
2153 4710 1829
5412 13401 5483
10466 18709 1252
5146 8755 665
16088 16840 8527
1036 3316 8269
1348 1541 9721
15880 18638 8039
780 17501 7380
983 17055 7655
12402 18781 4305
3929 8655 8966
573 12025 3829
3127 19174 9178
1722 5310 2888
3118 4267 7820
12231 15782 7983
9247 15211 4007
1938 9449 8588
367 18604 2695
13572 14021 366
18271 19825 1283
1578 12651 8630
3642 3866 465
1011 3787 6846
6831 14782 7598
6655 13405 230
2623 12958 8929
13291 18810 5794
598 1359 2557
4051 8405 2908
6313 6315 5617
5203 16475 794
576 1732 4903
629 801 5199
2207 3733 4018
7355 15107 8299
217 609 4741
30 13711 8455
14790 16049 1037
7048 18587 889
2449 13898 6967
6415 15558 7817
8836 16088 906
12458 19597 6548
725 5041 403
172 19594 622
942 2292 8045
3681 5814 8267
592 1410 1548
2972 8860 4734
4910 9366 265
9098 10081 7429
5183 10901 1514
3968 18125 1287
8394 17028 1804
863 15389 3476
9887 9945 418
10158 10316 9121
8183 19431 5773
11621 18072 6245
15861 18598 4624
1070 4186 7977
11341 12408 9296
2458 8346 3040
1170 10580 4750
10278 11033 9865
7032 14407 3051
1565 6835 970
224 16498 1328
6506 16000 8892
8457 15266 3280
3117 19040 4987
3422 16122 5605
4951 5140 534
1152 1421 4120
1737 8108 7368
7979 18154 8464
1931 5432 6426
13484 14620 1337
7950 13492 7427
2431 17359 7313
18570 19346 4620
3354 5865 9312
73 303 7396
2723 9668 4174
10568 11321 7513
3887 18672 1242
2981 7519 3175
11076 17380 3363
2743 4905 3272
13522 18396 8748
471 1487 4509
6782 15745 633
6 7 1655
2057 5083 1343
5015 15522 4912
299 7753 6607
1373 6109 1293
14151 15451 8527
4478 19569 3435
3546 10626 8025
12747 14731 7386
8577 14654 1312
3597 18537 5675
4081 6451 8522
311 389 7619
272 3606 2763
8488 17348 2081
10006 13501 7754
7889 8930 3988
5651 9467 8703
1166 14001 4840
8346 12098 7082
8889 19034 388
18433 19839 25
8157 16093 3884
8700 11719 8233
4296 14136 2955
3465 8091 7094
259 4989 2164
1128 18892 6638
10668 10958 1959
13985 14524 8617
5210 19772 2949
562 7090 9595
3836 17492 4068
10304 10748 3107
6358 7262 8135
7378 8254 1712
317 12363 5902
2830 3922 6902
10584 12078 7953
6396 6939 4517
2422 19016 8980
2438 11469 7135
2392 11792 7306
1840 2168 308
15162 17529 7237
9269 14514 7954
6565 18769 3447
1663 10740 2672
3968 8360 8110
807 11039 8875
1137 4024 6718
10178 15631 3541
8800 14834 4357
983 3706 4881
2722 11655 9186
1765 3742 4436
236 455 2954
205 9239 9644
2732 3148 2822
3821 14919 656
4239 7959 142
4765 6116 5900
8061 8735 259
2968 3342 2755
6208 12080 1767
545 18781 9598
16360 18822 2055
7464 18579 7518
1783 7367 9258
7839 8951 7324
6776 11717 4405
12319 14734 9177
13333 15481 9729
1133 19679 5781
1559 10754 1394
876 10165 2606
2281 13488 354
1101 11493 5052
4232 10192 7082
504 2270 2914
3956 5354 845
5385 13098 9577
8750 15245 6003
4009 9010 3614
3761 7027 4158
6145 17998 499
230 6506 4681
12065 19453 12
6799 7141 7992
11970 18543 4099
761 18173 8932
7771 11620 4095
8951 9946 5451
14274 17255 7277
2739 14542 6408
1764 3171 667
4760 8714 181
8525 15210 462
14850 19854 3975
13880 18085 1005
11461 16124 1323
2144 2353 8683
13286 18449 4369
3276 4665 215
2003 9183 2189
470 9173 3466
17956 18373 7299
1305 1899 7434
7824 12852 1709
2306 6635 6930
7200 10297 9630
492 4333 948
2975 9064 5055
5242 12643 3655
842 7799 2203
3707 10483 64
687 1380 4613
1714 3120 4364
2280 8843 4685
8498 15108 4899
9112 19765 3841
8775 15300 7510
6615 8925 4734
585 17147 9036
2779 9285 9707
10443 16014 8611
477 559 7181
46 15457 3036
7493 9194 2639
18068 18513 5176
1725 3842 6598
391 12503 7973
4970 17406 958
15327 18953 4041
94 10420 8808
1042 10847 9471
8320 8698 863
15790 16610 4909
7969 14221 8401
1359 17416 3592
6745 11106 5350
5833 11338 5737
9655 16878 5861
406 17123 9126
4927 8289 685
149 817 2979
4448 16843 4112
15454 19840 1361
822 19516 7461
4551 5977 1373
2705 3741 9461
7160 10643 1740
3750 3977 6532
3885 8696 4598
2649 4073 4767
18701 18875 2817
392 12070 3560
3476 19770 4946
4059 4291 8387
3427 7054 2624
2156 4507 1241
7041 17086 8679
2917 7666 8550
2085 15968 4027
6786 17055 5658
8658 17034 152
2838 16420 4808
1222 3128 7850
4363 8935 9928
2695 9483 9792
7 176 2061
2518 15025 860
10891 19579 8018
2745 13096 5612
1759 11637 1950
2047 4400 7038
11546 13799 9057
764 4070 9448
5928 10561 7507
17204 17879 2949
1001 5346 4839
48 52 7126
1560 11459 1707
7659 12812 4209
3079 9522 683
1429 15814 4167
13314 13693 7672
14929 19482 3293
401 411 308
1539 1590 1280
11959 19267 9103
861 19556 3047
15038 17197 1721
5417 14392 4482
554 1114 6618
3950 11149 2170
702 1455 8016
2454 5730 4591
1257 4981 9701
12268 13275 6325
14445 14963 2502
2616 15386 5169
14226 15967 8874
6219 11022 5911
13128 19936 2605
2941 16645 239
1501 2130 2107
11492 17236 711
6317 16540 7786
2267 2917 3161
4597 6038 8543
31 15734 3727
7442 17425 8967
2979 6711 6543
11354 18061 9522
6204 12233 8759
7633 18965 8997
1569 1847 602
3921 6932 4875
5404 12303 4192
881 2914 9701
4869 8867 9404
14822 16278 3994
9225 19787 1593
789 1985 3079
7334 14978 1594
2970 10584 7046
12353 16853 1626
1982 17267 3021
5450 12291 4891
4914 14680 5384
3102 16268 5576
7109 15723 4637
5402 14984 5478
7483 11220 8305
1038 17233 9846
1786 4703 9192
4555 18815 1087
6284 10322 9958
1666 1967 5127
4627 17243 8525
2468 9478 3921
3854 11099 7333
17709 19277 7296
10128 18034 1289
447 17170 5660
2153 4130 2545
694 1253 8439
7753 12378 4303
8582 9333 9065
9055 9152 337
3004 9629 7046
14309 17195 502
1698 14063 2284
85 6855 2586
8874 15845 8527
6633 7874 1647
3290 10393 3982
10840 15990 3322
10513 19411 1600
706 12851 8010
1842 7919 2004
1090 7754 2645
3816 16988 446
5196 18482 7284
61 3878 3027
3766 13569 5109
1502 12429 2224
14217 17923 4076
1721 4870 8765
3084 9821 5244
455 16404 7552
2367 2660 5014
2046 16398 1013
4001 12039 9063
707 17456 1397
11470 17781 5267
6542 8634 7967
2285 8095 2668
10163 10376 4379
1555 4985 9440
1046 5464 2540
4916 15972 8478
2550 10656 8490
292 11607 6707
4678 17659 2262
539 2766 3336
8983 17487 6303
3516 17404 8478
7941 18898 6657
11907 19753 1767
5464 18231 267
10189 18613 5596
3594 13807 7562
491 4398 383
5467 11988 4373
6747 9271 2527
2138 2324 8569
10479 14720 5077
4033 5395 1609
9523 17385 3848
16408 16897 2546
796 8150 5753
2445 19108 1726
2106 6125 9922
3896 13471 5434
5493 18779 6957
9353 11499 8294
8947 16135 232
15114 17059 9811
2161 2379 3734
6111 19660 9696
1520 13980 1659
11194 12418 8801
12999 13369 2168
824 2014 9316
2737 13737 7935
3458 8340 4228
9130 12582 4670
4137 13579 8903
520 10522 840
12337 18325 6188
2858 19471 8162
1825 11668 1552
13264 19142 1741
18 2324 8316
8300 18304 4002
5778 6204 7871
12330 18275 4062
2955 15923 7725
1160 8037 7418
11816 17801 9457
3500 10131 1202
7184 18054 3733
8451 14215 6267
13742 14545 9634
10095 17884 9556
6342 7295 7165
5193 9101 7427
9446 13920 1390
4824 10141 8869
10894 14338 3940
9564 16710 2227
109 380 4637
10281 11540 8522
1397 4605 1626
4670 6407 4820
8755 19566 5921
2556 15956 663
7650 14331 5683
12986 18071 8868
154 8085 4915
2660 14297 8842
962 4812 8141
7246 12738 8471
2148 15380 9115
2622 8462 5314
310 8412 5037
14139 16903 3785
2570 3027 5211
2422 11494 1210
9169 16454 3500
4616 6457 4693
2596 10204 1189
7313 12943 3659
16266 18663 8735
10057 11737 8037
6295 14757 1239
2699 9243 7713
8069 15370 5908
12735 18059 4103
2943 13008 7448
5733 7795 9129
525 12330 8328
10493 13027 7716
5157 12290 795
4085 6551 8249
8109 13545 9004
4861 16534 5936
437 8688 127
5132 11610 7733
73 174 2921
1427 2944 6989
5618 12712 3068
3653 13751 7348
1127 15120 2255
1035 19928 4551
2345 12365 6684
35 145 6023
3476 10525 6807
4365 19121 9552
1006 2043 4469
13222 17343 5358
2835 19333 7148
887 11460 1161
7424 19339 8835
2054 8580 4203
11106 15670 608
246 7049 1374
1948 1983 8423
4213 13481 9868
12949 12960 8175
16323 17372 9227
7365 11714 917
2121 3377 6963
10801 13110 4615
506 1274 6028
5818 6006 9495
9861 13075 2272
1004 1482 8521
11289 15784 4121
4945 13832 469
627 886 6993
18543 19208 6206
1538 3394 3248
4760 8294 9998
214 2150 6239
11781 12911 3919
3186 11446 4435
1703 8908 374
1681 17205 7935
17540 19628 677
2892 13978 6448
217 273 6488
12547 12993 7509
3464 17822 3265
5350 11233 7975
4765 12568 3819
910 10573 9346
8259 15391 1998
8184 18906 6339
3597 14518 9333
13576 13704 9130
3649 14674 2684
1507 16193 6094
5988 14519 302
5623 16767 2200
117 6518 1463
12937 13401 2537
35 269 2668
9137 17730 8286
3161 7040 7636
2511 3857 1829
13953 15930 2971
8297 14540 4862
11929 14380 9192
321 16302 731
1462 15700 6264
4421 5177 5535
815 1851 2950
8049 14531 3674
13849 17647 7117
8684 15711 5056
5293 18322 5062
5175 11175 5416
1966 2753 6014
6316 9918 7484
2420 4343 6101
15328 17569 3151
1232 3102 6302
7789 13613 9980
2140 2734 3553
1361 11464 3723
4163 8928 3695
6493 7806 3244
8285 11953 7272
1613 8957 2214
319 436 5890
6056 9839 421
13796 18589 5159
105 7270 7534
4312 10055 6832
4399 19808 1347
12988 14609 3070
63 157 3997
4641 15246 3015
11095 17537 6606
978 1139 4730
13716 16625 4760
1090 3412 7028
2519 9545 4210
2412 9459 3932
52 6960 8477
6032 10216 7048
10204 19220 9475
123 2141 3483
2263 18214 1838
12832 18782 5570
2862 6749 4882
10197 19357 8476
6821 9749 6979
13239 14714 7801
2469 4215 7684
6677 11849 8454
5199 19154 6573
13264 14216 5490
680 4227 9456
2520 5234 3910
15297 16966 8690
1754 3135 6262
630 19136 4735
2230 10146 7978
2053 8484 9285
11831 16882 5823
7771 15264 4518
276 363 994
495 13514 2900
10520 13586 6365
5495 15012 2255
4301 5394 1838
13877 14382 174
1456 1875 8510
34 95 1096
424 16858 6792
10258 14431 4975
3881 6244 3950
5603 13482 9778
15411 19206 1636
7335 17538 7792
885 13823 7654
1187 17107 1665
3674 5216 1427
2705 3671 670
2733 4785 3492
729 7430 6487
7813 8953 1845
7060 14592 1549
10319 19503 792
1729 9971 5179
12724 19923 950
11224 18650 2569
4741 14160 2437
687 10787 1049
10731 17898 2757
7991 12325 8122
10675 17977 2465
5658 15272 1735
12777 16330 5985
4270 19819 29
4083 15635 7888
5538 8149 3062
4650 10154 413
4983 10360 2659
248 17725 5976
4906 10525 1038
168 301 6894
2379 6643 1553
5613 9910 9027
655 699 3848
2149 5347 5744
8123 14749 3584
714 10052 779
13557 15719 8777
50 8632 9869
403 12269 6626
3589 13094 9377
8227 15541 3478
3077 5717 131
903 18081 1250
1884 5830 1228
4155 8534 8777
2195 13275 9721
853 12941 7370
6051 14213 8252
8710 17334 7823
6827 9167 6251
9889 15236 6530
4268 6593 7899
3069 18946 3806
1956 5130 365
1702 1839 8579
2776 10631 8630
3672 19360 927
6274 10604 6171
16033 19610 368
7952 8475 5753
1951 7157 8176
3110 12367 6093
1808 14051 4776
5865 8599 2241
4690 9794 6375
2893 5936 6598
1727 1778 7864
3680 16394 3149
4964 10137 4823
8605 17800 1484
968 3069 7264
1875 11354 3251
6486 19099 1313
2973 6165 6876
3791 10460 6430
2106 13230 6447
1265 2537 1119
1742 10125 7624
151 4576 4137
1959 3029 8388
10924 19017 9449
7066 10141 9365
4530 7204 1726
307 2014 7020
14527 16283 4624
2552 10146 2525
1337 2706 7145
3164 18623 6351
15962 16801 2011
1273 12736 7784
7376 13689 1811
10267 15792 5227
2685 3841 5504
3531 19674 5489
3975 7107 2350
8600 14908 8737
3 5388 5534
6992 9866 5747
3847 5745 4012
3059 12355 1069
6164 15200 7416
6487 16263 764
5396 5821 7430
6496 19206 6407
2534 4569 5380
15409 17215 3862
13200 13815 1841
16180 19125 1842
3009 15406 5617
5610 13550 1015
6285 13567 4916
10138 15568 5365
799 15142 2840
10977 11359 7275
843 4336 4743
1096 7574 5024
168 719 9850
13566 14660 6725
546 5796 682
629 11434 822
834 2492 1052
1520 7109 1914
904 5357 2071
9472 14795 4741
1493 4447 6681
8141 12273 9237
3885 5219 4986
8290 9192 1747
704 3944 4941
6484 6702 9554
195 11560 2779
14606 16850 8952
9373 12332 3801
2373 15457 3757
10179 17290 7899
12893 16295 9818
3501 15788 8992
16746 17449 4761
14078 18584 8860
3187 3250 4359
19477 19518 9045
1154 16899 4267
4506 18121 6549
11882 17809 8666
7155 10256 7281
13880 16476 2328
5241 6229 5500
9449 10186 6597
2718 19844 4975
4639 5739 732
9081 9131 9890
3454 5377 3931
2751 3308 7901
5334 16589 1706
3919 4720 6838
1187 9932 1905
976 6580 1641
1861 2089 927
2447 13128 1669
4817 11906 4103
3422 15512 7322
5010 18899 389
8874 17629 9466
5088 11013 4527
16291 16577 1110
1820 15706 9708
996 8500 8784
15033 16732 7552
2092 2480 3933
2607 11006 1529
16592 19921 4862
5053 6384 66
3839 14192 9005
7693 10025 3859
2216 3596 194
11325 14953 9100
4241 5360 3090
2730 7545 3314
12630 19774 315
1695 5100 2363
16908 18070 7253
7059 14168 1625
3908 13961 5496
4373 8374 7228
5759 11307 7002
2756 6295 8526
5017 18067 1656
5330 15481 7161
6707 17784 4147
13667 14176 3591
592 629 3703
10297 13420 5097
4797 7350 1650
13022 19144 3463
437 9022 1961
3965 19999 9191
258 2249 1376
3384 18638 2975
2134 4406 5425
3168 4587 4876
7438 7937 2087
10947 16858 1247
15856 16078 2491
8586 9621 1551
1243 18208 5965
8049 10347 4758
1574 13083 8484
192 10474 9921
8823 9060 9489
3330 19323 1455
9711 10246 4138
4268 9079 265
6174 6519 9854
12884 16715 5513
3905 12473 9002
10229 19687 5276
1023 6919 3880
17240 18450 1622
1232 2000 717
5011 6280 6143
2086 18954 6278
9614 15086 3725
14284 19652 879
347 4993 2322
13949 16468 615
4180 9917 3156
10333 17211 7481
2702 4715 4546
291 2803 4537
221 227 1391
1246 5035 2636
540 10830 6006
4829 18299 1410
14876 16914 6639
9492 18402 6699
1638 16221 3581
1854 3740 5038
5679 6318 1399
854 9789 2112
4176 14173 7016
16792 18295 956
2378 4809 9082
3008 10206 3161
12193 15880 4923
496 19919 8718
6897 7550 4439
1147 12682 9086
8260 18683 84
15529 18865 6820
4741 9246 6923
901 1039 84
8596 13399 8872
10723 15578 3243
1656 15827 5628
2455 12733 1456
133 3257 3721
238 11375 2120
868 1484 9932
7358 19577 1797
9285 12557 6208
2391 11224 1652
3347 3828 2303
1188 12415 4842
1729 1825 1140
2560 8960 7358
1839 18958 5983
7734 9961 4491
2198 17748 3202
6384 10495 4748
7582 18061 1209
1278 4312 3637
3245 17143 1986
3434 7901 4683
1926 2903 435
6473 6935 7865
8684 13763 9979
4934 10625 9051
871 17867 7270
12214 14718 7349
6516 15824 9406
15876 17249 7424
5066 9715 5894
1400 3790 9118
10572 15656 5050
2242 18890 6567
484 8658 9173
1689 13602 4571
15439 16290 1515
804 13801 778
2882 5239 5100
2864 5730 7177
2699 16219 5648
2785 15095 1810
6809 16466 9208
917 2063 8151
1141 2314 8003
4967 19851 9875
9244 9345 5484
8103 19031 4057
2372 5723 4933
2367 8542 1762
11580 12340 2126
5202 10810 3190
4815 6253 8341
1209 10751 8124
1518 15340 8669
261 4202 7646
18436 19093 7179
700 15351 1524
3554 11740 7470
7628 17013 8958
5068 7111 8552
10671 18425 6687
5574 7158 6540
816 17037 2283
10905 16037 2638
1388 4813 7500
7755 9173 8492
3962 4105 4810
1718 11516 7049
10839 19449 620
2718 14644 5478
14813 19011 8556
1310 6615 6144
2930 16315 9096
12097 16860 4992
1922 2885 4817
15962 17774 1995
942 16873 5118
7174 18113 7732
7149 7712 8832
7 24 2386
10277 17505 5347
6407 14902 2728
9227 9769 8603
1460 4245 490
5220 15568 3426
8180 12633 447
57 3500 601
2255 6423 5065
11229 13049 6292
1939 7308 4751
3295 9138 2570
2559 4792 9376
2773 13149 520
2407 19607 6241
13365 13605 2483
5226 11443 8763
3257 7418 9393
10458 15217 736
10370 12968 2325
8598 9806 524
1140 3470 4985
10104 15873 5527
9372 15770 7746
9463 9795 8
2730 9874 3826
8183 8228 3852
12625 17743 6914
3724 16275 2591
4492 6812 1224
958 11538 6248
99 10780 4305
2211 17000 9308
4891 8749 6589
8204 15633 6800
1179 4081 6030
7524 18103 8132
3918 15453 8834
1957 6198 4414
16764 17853 5688
3926 14948 7524
12211 14926 4265
3581 10173 5434
120 372 285
14321 17955 6079
7830 13179 4442
7039 10579 2794
5584 12254 6873
1094 17325 1474
11781 16865 5712
1491 7307 2799
10046 14488 3296
1912 15885 4425
9401 19277 9907
9704 15730 2053
4136 7004 9433
3566 13759 122
6184 19219 6043
2996 5439 7880
4996 7394 7322
16859 16874 3131
3366 12762 9991
6426 10662 4279
2590 18167 3092
6006 8814 2071
1172 7240 6518
1366 18210 5494
6916 12809 3387
16006 16185 9921
13845 18871 9433
3920 10242 3451
18264 19748 2940
2458 18567 5504
1465 14361 8860
875 10252 4721
8246 15563 5686
12248 15847 4891
97 16685 3855
5899 18282 852
13147 18882 2991
9249 10724 9251
7954 12075 7936
500 7320 7687
16582 16605 6446
4534 11210 7949
9577 13180 9218
4986 8313 9326
10362 11307 261
2568 4043 5016
9328 16154 6519
17164 17211 6488
2665 11418 9196
137 16411 8859
8015 11638 8431
4320 19761 9729
14460 17606 3834
5653 18297 6740
10014 18036 558
2245 19663 5480
1659 6591 9730
2979 9710 6066
5282 18052 9375
10190 14575 7575
7746 12563 7108
8197 8746 1292
4567 10231 5928
9328 9790 6181
5827 5879 7054
736 15622 866
4831 6106 4441
9031 9875 8460
7293 11090 6617
12950 13655 6311
54 10821 1506
5661 19306 2095
3805 13702 9981
13283 16844 4073
1248 8991 2833
11754 12421 3898
1304 1385 4043
2194 3911 1301
1933 7350 8254
776 3586 9138
3380 4013 285
343 15156 4302
290 7366 8757
16160 19082 7875
1763 2172 8537
3222 13485 6817
8061 10017 5248
2970 19261 4367
261 783 319
1015 3743 6086
5281 8324 3707
358 2711 8240
2371 3592 1696
918 4314 7417
4869 15023 3606
1669 3089 5445
3024 11736 9997
1829 1893 5071
12781 17769 6392
4208 10122 8827
915 961 4829
8906 13013 8530
11809 14565 2335
470 3238 1267
97 224 129
8661 16145 52
4265 5911 2851
822 2391 8014
2202 2424 1439
5857 16191 8588
7169 17365 3089
10156 13891 6839
1248 10416 6223
15347 16386 6347
348 7789 1798
4328 6588 7753
5612 14641 8924
6218 13303 7405
982 13967 4622
9212 14922 1857
21 9205 9607
8604 17166 4247
7252 13200 4506
1186 11611 5484
8193 8820 5481
3850 17730 5832
6185 18198 1806
272 1617 6042
3344 4828 713
14632 17116 8967
14145 17603 2710
12313 14272 3745
691 1063 4750
8228 15271 1790
15237 15890 2274
5113 15081 5979
7654 13929 4064
1210 11623 7097
852 5137 5575
4375 12306 6591
2972 6391 3938
8911 12411 805
2103 10011 4856
1663 16203 4413
6351 11852 2195
1131 3267 8131
3418 4566 9919
1505 17544 4524
470 746 7277
14419 18793 6609
4522 15061 1069
7750 8404 6564
5355 19001 7415
4377 19208 7573
6480 10066 255
13310 15070 5103
1893 8257 1459
3086 8782 759
9931 12424 7563
9968 15737 5815
13710 16204 6385
549 810 5912
2625 12225 251
3251 7857 6961
5522 6375 5312
14186 17132 6011
11610 17807 7052
940 10861 7460
2995 19023 408
5774 11143 7217
2408 14847 4714
11352 12855 9934
2210 12436 7890
7969 10673 6361
8328 16749 133
6037 11463 5599
13670 18221 6106
1043 5430 1755
8247 19184 8608
9639 15015 7180
5529 18763 219
2365 11572 1479
4010 8217 3190
1191 12858 1061
2709 19131 168
6523 13368 5846
7473 13665 2936
12915 14760 8341
14944 19454 9477
15364 19488 7054
8011 14662 3079
9002 9687 3243
9156 12672 5264
11025 18130 9978
633 6342 2536
16442 16712 9330
11042 15394 6749
1956 8036 6382
2002 3767 2927
977 9556 7469
264 14408 713
9811 19741 4868
1028 6543 1401
1638 10791 6287
18050 19021 8097
431 19826 6526
2163 11731 7607
506 14525 3158
1135 2282 4838
4221 6374 902
389 11929 746
11245 11332 2453
2266 6427 3950
12379 12559 9253
13381 17248 7661
3870 16583 5120
2380 15853 610
3094 13481 1341
15143 19961 6543
6625 8429 8945
12037 13347 4504
1361 15055 9809
682 1703 1129
2598 6908 1014
3437 8723 1755
1468 6688 177
830 1525 1007
6644 6646 7626
2922 12051 6696
8190 10125 7494
9455 12161 3637
4747 7139 977
3307 9077 7040
11331 11397 8801
5100 12375 7038
9514 19581 5947
5046 15982 9618
1899 17534 1010
304 575 626
5364 10023 1358
440 1631 3961
3101 10128 7943
5387 18103 1331
10796 18141 3147
431 3839 113
1921 7942 3313
7417 10463 2519
6935 16945 2221
2645 17314 996
3983 11678 543
10844 10845 7075
8184 19196 1089
552 17292 1562
2559 6620 4258
1338 2800 3426
1130 8817 6732
3604 14794 3111
2186 4355 5005
12038 18816 5353
1020 1135 9941
12933 17845 2183
8734 17445 485
2068 10414 644
4712 10441 4872
7685 10058 3371
3901 13727 9209
3164 9083 3308
2067 4960 1394
4006 7000 137
151 510 6471
8958 13756 5076
1577 3073 2612
10970 16110 8781
2925 4652 1889
3119 19061 4736
5975 8005 744
8841 9232 6794
6955 15416 5041
121 8317 5251
14 81 4815
15984 18111 2724
6509 14478 2045
11490 13311 4057
6398 19390 8375
7644 15275 9785
1701 6503 2507
2223 15378 3593
41 196 4644
482 3937 8089
117 19351 8474
1561 5102 5033
4884 10116 5210
2728 16413 4049
54 12251 2178
6300 10231 7048
1603 2421 9954
1810 2760 2076
560 9106 9149
10125 11383 4788
10251 13259 9303
1664 6625 9810
4405 12234 3850
13191 16203 4698
6587 7283 4197
2545 3006 7529
1859 10715 7968
9528 14152 383
9793 14077 1447
4014 6026 3466
3509 6881 1380
16961 17993 3143
195 268 9088
1167 2388 268
2010 6675 9667
6749 10272 492
3741 10831 4629
5673 14305 1871
16684 17775 7645
9 9667 4464
2305 4442 2959
7621 15699 339
2636 4791 4850
18779 19465 8057
1359 13463 2231
4974 12990 8582
15035 18305 3566
3096 9445 6091
7828 9034 1648
177 1225 8640
5174 5675 3120
998 19930 723
9557 16453 2801
280 1300 38
6868 18417 1963
6841 13977 4023
6764 19142 5282
1734 11628 2201
12646 13131 35
253 498 2468
303 1262 3580
9710 11666 2629
7398 10485 9702
10121 10728 5866
2868 2920 7228
2959 17899 2377
3501 9827 3479
4033 4602 9765
3441 14755 4830
5318 11336 4007
9097 11228 3431
6937 7401 617
7627 19259 1220
7456 9090 4711
5809 14808 1281
7948 18519 3593
346 4968 7265
4909 16893 9247
6298 10796 7494
1509 17558 8525
1905 8272 7290
1101 1120 663
4872 19678 8504
31 2269 4695
355 382 3128
5984 8016 7558
597 8337 9575
7440 15375 8490
1174 10577 879
2702 13047 8562
3888 11495 7715
6203 7363 628
10211 14541 4616
9000 13025 8513
7125 12429 278
1129 16457 2546
2609 7005 645
157 1569 7849
3840 10827 2036
3893 4065 4254
5363 9585 9926
196 11292 6503
3095 17250 6177
11656 15624 4785
12097 16292 409
4493 4702 9340
1275 12168 3019
1568 12127 9598
10194 13712 5174
6045 18776 3970
17002 18021 8764
6196 8914 7923
8917 15418 9202
7341 11679 259
1923 17984 6469
13810 14785 6832
9805 10859 1153
336 870 1413
147 199 4107
1428 3625 3561
7550 8512 748
199 8514 4166
10206 12058 3942
6070 9829 1747
849 2017 9716
5930 13172 8964
2978 3756 73
4325 6851 5670
5299 16819 3965
10135 14798 1522
7167 8328 5195
4552 12449 9358
3581 4935 9656
1598 6775 5323
9029 18125 3889
6291 8112 7185
4733 11770 6070
3910 10515 5340
6138 7510 1449
15742 19979 9706
8 16228 6208
5688 14318 9121
9429 14489 7366
18628 18655 9534
5551 9497 6705
114 185 3949
8949 18792 1186
2157 12422 4554
535 10439 846
10868 18221 9731
13937 14827 4794
2192 18971 6372
946 6742 16
5852 6305 1112
3581 19042 2387
6860 16419 6161
5803 6901 5486
379 16306 7925
11998 12051 7135
5145 7491 5686
1803 8668 5481
3613 8635 4559
534 2999 3585
722 1223 2527
3968 5542 3688
138 13812 3291
16321 17415 3230
5645 16848 4009
1464 18280 7308
9970 17886 1785
8102 19548 1142
6921 16089 9969
1909 4326 8741
4559 5068 5409
7440 15956 6469
3189 12861 920
2106 3167 6815
1473 1620 7
6076 6567 7980
14419 16579 1606
4890 5742 3703
6102 11532 5928
9110 18678 2882
76 1706 6598
7416 8468 6267
2428 13045 61
5641 7286 7953
7283 10684 7282
6525 7470 9908
1290 4903 4530
2421 14935 832
3309 5618 9982
7176 8164 7011
4589 12188 2769
574 8079 9648
3272 12918 152
3877 3880 6858
14281 15842 230
126 283 3161
7724 19067 875
11010 12084 1874
4481 13169 3589
8829 9607 1392
11909 13385 8287
14433 19149 1889
3857 5012 8312
9197 15377 5088
476 13718 3683
4797 14516 9536
6575 13487 1038
3701 10533 4384
2252 4744 8011
496 14444 1875
5766 19240 4900
949 6899 5110
11695 15546 9861
1358 2608 6757
1458 4467 7586
4131 5878 9268
18710 18913 27
5279 9331 2325
196 11890 3460
8148 18323 1305
2810 10171 4904
7139 7281 6547
7992 11308 1574
6736 17881 9268
4936 12956 3855
3072 15270 8740
5371 19000 5944
7988 14005 1353
9762 16363 7077
5142 9344 4491
3903 13866 7896
10500 15016 6505
1218 1745 4355
11770 17479 9659
13514 17072 5692
3697 12763 232
13343 15658 491
105 19864 9428
388 1440 7762
2655 8078 998
2255 13713 6828
11392 19926 2159
13570 18820 4558
559 15609 4646
269 8537 3743
3802 5441 3045
13071 14186 7687
904 4789 939
13591 19703 2712
2620 5389 9580
16802 17622 5157
19051 19693 8261
2270 2659 1164
14166 18461 6955
11370 19287 627
11602 12172 6739
2729 3545 214
1753 6864 9967
634 1825 830
360 15902 4906
6488 17382 2950
5896 14819 8121
10702 16063 4256
13312 19084 8714
5886 18339 4619
8916 10103 7202
2781 10835 1320
4955 10239 1477
10424 19529 2020
10283 11686 8786
7083 19597 1767
6237 16385 4717
6435 13468 5311
4348 7930 5401
5841 13926 9246
3203 5481 517
860 6218 7083
3252 7550 1993
3822 3872 7574
12502 13391 8053
4460 7400 1124
186 2238 5879
3250 12879 5000
2557 2589 5735
358 2764 5585
10461 11853 7061
2092 14474 1111
6433 9615 4118
12509 13537 5692
604 1134 3915
3122 3803 2568
6174 13876 959
234 12262 9236
12915 16853 3943
16557 18559 6468
1995 3784 997
14930 18867 4996
12000 13004 8526
7050 17870 2239
4699 18636 4946
1397 3358 4666
4987 10281 2142
10448 17461 8030
2593 5861 5459
6863 13675 6840
14328 17224 1012
10460 16678 1172
961 12038 9061
7533 18520 2742
5128 6645 719
4971 14027 7050
6626 7902 6772
650 9581 2117
9136 19978 2174
525 7138 698
15710 16088 3833
4563 8283 9440
981 13447 3983
7854 13935 8356
2423 9642 9730
433 442 477
4833 10813 3960
9551 18122 9452
9880 18691 4172
6679 15576 5329
3118 16825 8506
13925 14029 7969
2127 2745 9474
4693 12737 5425
2240 11456 64
2443 7603 8672
3766 4193 2146
1079 16983 2553
4859 9899 5030
160 14325 5787
7827 8047 266
1059 16417 1916
11820 16444 2149
2252 5793 6568
8551 15870 4437
685 7727 9996
352 7636 7928
1692 13051 5030
5869 7478 9315
352 11192 1814
6767 11195 5454
922 14726 5130
2521 11781 9342
10747 13460 1055
4002 5767 1894
820 3047 31
1492 7500 3746
9673 19540 4793
1272 10440 3058
4084 8306 3075
2961 4036 4021
16193 19651 6681
8414 15434 1035
8790 18133 3458
4472 7996 394
13876 18079 2130
2153 7722 985
6893 6913 8711
8851 9166 9760
14798 18607 1678
2226 11413 9374
731 8708 8263
4376 15397 4933
1898 9569 7268
1239 1845 666
7572 10643 2804
882 15132 5352
9071 19321 6030
1361 5130 1469
1894 18165 2189
13371 16714 7208
1059 17724 2068
4758 6443 6100
6748 8878 2447
3733 15591 4808
9205 12597 5848
1202 17333 4320
43 287 3947
199 7930 6379
8278 17992 9332
11330 16953 256
13519 17841 2114
2537 7240 2779
8769 11735 536
851 2107 1905
13585 18248 9639
12450 19715 635
11403 19745 9791
1418 7884 3005
804 1399 6106
5221 11316 4140
129 8923 8587
1894 8463 6175
11022 17949 6339
2146 7163 3150
6818 7605 4088
5559 6288 9108
2342 11106 9104
4302 6445 5529
11605 13315 1449
1484 14016 838
14381 15865 5560
283 12074 9353
5446 19260 2787
8133 14972 2759
5479 8971 7344
10659 12834 4557
7200 14309 7462
5730 16555 6647
12934 14095 4972
105 1019 8579
499 10438 8735
14489 16879 1820
3060 19837 9024
782 6827 2638
2530 14824 9890
8538 8603 9782
5321 6974 1647
2845 3425 2052
6779 9783 2888
5406 5973 1635
8539 17974 274
1730 3813 6183
691 5285 9589
1391 3686 8165
2722 3575 2181
8827 14993 3199
323 8590 1924
1765 2607 5263
2107 9194 480
1689 11854 1443
14115 15388 4741
8599 11007 7664
13644 18615 4972
2667 4669 6126
4051 7597 8390
5492 10093 3064
3210 6257 1505
354 2294 8557
2304 9845 2736
3640 5600 5522
782 2861 8885
6930 16323 2570
3362 9476 1829
1922 3974 3514
2610 3140 2539
2229 6823 6111
36 588 3459
2030 12052 8805
7578 13160 2802
819 3064 2839
3805 6377 633
3433 7230 2602
1664 13935 1229
3978 18424 5858
1798 14448 820
2336 7945 1978
663 15445 6977
95 385 6384
4674 4940 8418
2790 7699 3966
15079 19665 7159
9409 17852 7065
315 17976 2844
398 674 651
1488 10820 7806
1949 9180 1947
4581 18538 8290
1682 3173 6248
6726 15746 9544
15565 15942 7375
4993 6036 7122
1203 10353 7265
11891 14646 2816
1725 11977 4111
169 1483 541
3579 6181 4741
3384 5307 8286
3364 6881 972
10254 19767 8980
11801 14569 8143
4286 12952 1055
2563 4610 4412
1313 17120 2979
14082 19749 1751
8006 12531 5303
6833 13333 3202
135 13720 381
6914 9970 2970
2944 5876 2482
6560 9102 3881
4053 17452 6015
1297 11807 7064
650 15366 3539
4782 16390 8148
434 13784 8829
3602 17796 2494
12064 14373 7082
8480 9433 8200
2580 19068 9684
5470 8876 5724
1825 2905 4798
10607 19932 5769
348 1710 1362
642 10217 2031
6488 19971 5332
7886 18788 3310
6749 13673 6704
2271 13108 4332
6799 6897 9416
1811 12484 3273
7556 7760 6194
4636 6459 5061
3450 8762 6582
10703 16741 2776
16249 16375 4000
2454 9254 748
603 7304 415
4969 10174 6717
9252 16010 52
4243 15192 8646
2992 17245 6773
4059 13013 5749
7501 15362 752
4766 6822 4135
7688 11584 9023
859 14109 1934
2674 12309 4806
4929 16297 843
1267 7243 949
2039 2302 5473
17569 19748 5137
5229 6091 5760
10701 14665 2345
11065 11084 8610
6363 15155 116
10466 14382 8937
1076 5575 8801
504 1833 5760
2681 7567 3738
6317 10077 4507
10908 15462 1964
4938 16945 8191
8255 17579 7130
7503 16568 2999
398 3260 7797
2220 9968 6332
1564 5036 654
9787 13057 6272
2149 6898 5353
7551 12541 4231
6143 6867 3951
1375 2018 3818
7626 17972 3997
426 5382 9017
2426 18347 1678
958 5061 8864
1093 1289 8221
13289 16461 8978
2858 14457 7404
1207 8765 8298
2368 3413 3971
5216 14156 2855
7106 15439 6167
7697 17067 2935
5668 6000 9655
13948 17412 5573
7372 9730 4978
3825 6814 6113
759 14029 3764
10988 13170 2731
5036 18376 5772
3032 12289 2464
318 11969 6814
548 14860 5512
11767 18879 3040
8172 16215 4964
9106 13281 5341
8554 17184 9355
8955 17995 4252
17077 17777 858
2582 8987 600
15901 18237 6543
2863 7971 2303
3067 9781 4503
2789 15928 8914
52 134 106
1946 8173 2283
8311 18222 2085
10107 14086 5262
978 14954 8284
10697 15519 3564
1312 12771 6283
6935 17292 5401
6126 9215 6321
486 14298 7669
57 300 4885
14722 18011 5520
1561 12354 3812
14189 14290 4669
7293 14431 3575
9828 19415 148
907 6740 1786
7746 17649 5974
5312 15653 6040
190 17119 6395
889 4589 1823
13498 19540 5792
2721 14036 6614
1224 12090 8101
10421 14809 6439
364 13101 1538
4330 12850 6804
1345 15568 8881
12548 19262 6522
762 1010 7930
491 1684 4559
2041 15506 5642
4513 16921 6304
4273 17277 9032
267 9168 4630
4119 15237 1103
4012 5704 8007
13404 14959 3230
4053 18796 7689
586 1146 4325
2465 5588 5303
8198 18768 79
472 14355 894
6962 15775 1405
14574 16497 2968
17752 18267 1801
605 9890 7260
3101 9485 6766
5721 16309 9863
2198 15080 3257
2185 2643 4286
1261 2083 4664
10334 16259 3267
10473 18542 3221
2495 13858 8380
1303 13168 8784
3912 12816 1048
1409 3671 6161
5183 16674 34
5445 8941 5190
13694 15905 4925
11361 15380 7782
1201 8118 289
4800 8986 9641
8409 9088 7808
17800 19785 3433
6078 13220 5155
777 15850 957
8901 10358 4877
12937 14262 4528
3122 7714 1800
18537 19574 9721
2840 13298 9850
5484 9359 5568
1322 1386 7177
5690 8133 2174
1574 8976 7462
5566 15151 3426
3801 6224 6527
14215 19901 7298
4565 7184 5768
833 8513 3844
1198 16487 7612
2937 15615 7589
288 5857 9096
3211 6423 3657
2792 8817 8470
129 9365 3062
3978 18357 8324
2179 5096 3735
10625 10659 4151
11496 16412 1214
12551 16143 5878
2159 2654 427
6102 14500 9390
8231 15511 2430
2363 17263 1060
2069 2604 5614
381 1028 9728
641 15283 4859
1836 16406 6137
8542 12780 5652
1927 4672 97
471 2189 5286
9653 18578 4607
6426 19659 1202
6233 19537 3663
16079 16827 1007
2845 4654 4133
2446 15686 8847
175 10246 6623
8204 12289 373
2226 2866 6935
4629 8888 9775
2263 8422 8143
12400 19805 5108
1163 2749 1024
3313 10629 1586
2872 4933 1595
7116 8361 3620
8124 9856 5852
901 18240 3749
13698 16124 8103
10484 18987 7585
14572 15426 7934
10315 15424 9709
1273 13534 985
12865 18520 5225
895 19656 8498
3838 13797 8352
242 9608 8630
3486 4718 5542
7491 15814 5837
2827 6928 2907
8506 18017 8732
733 18253 4037
8704 14917 7407
490 13873 6183
11019 13972 1461
8521 19344 9626
16848 18931 1815
2604 14976 5999
12469 12787 2345
215 355 9939
262 588 1506
9375 9872 5277
2605 4283 6961
5194 12018 1632
2066 3515 7064
3296 9372 8158
10852 15606 4248
1545 13172 1540
1280 1687 9170
10306 12260 3726
1839 10865 4772
367 16132 1116
282 1005 5837
4414 10254 2536
15831 18106 2424
5844 12825 9872
4199 6618 7333
1527 1663 3425
2245 8098 3375
15284 19431 6780
3303 16907 3861
2544 5468 8243
7267 15173 5010
10728 13312 9894
703 11636 4411
2105 13115 3309
414 3240 382
12810 12915 8754
10635 10768 4710
6961 15263 5854
6708 14712 1980
13878 15709 8085
13820 19682 9421
2813 3635 6870
2285 12581 5637
8818 13347 5868
2507 3750 6614
1628 17494 4856
8881 17936 8816
52 962 8065
4316 14487 2458
2907 9405 2607
1160 7723 3145
3665 11037 5641
10993 18467 5457
11737 19118 6233
5017 12131 6844
1632 3582 8679
877 3034 6753
7444 18570 4489
6132 6577 4620
6749 18829 1493
758 3629 221
6693 8299 5668
5613 9814 2348
8834 15977 1756
4418 9406 7438
924 6307 7156
144 1908 724
8752 9298 8950
8441 13347 1955
807 12677 3464
14176 17290 8274
9854 18178 309
3782 6117 8438
174 1441 8768
2970 10286 4505
9687 13363 6231
11533 12808 3435
8176 9140 4584
7696 14201 2310
3953 14325 3585
1126 12782 6612
5764 19605 8059
1083 2101 3560
8142 12113 209
5052 5069 7788
5063 19685 2779
9426 10525 8292
12816 16737 7473
367 17605 3113
11659 18974 7990
11097 11334 6139
690 725 8998
13183 14311 2976
1016 1544 9247
10653 11448 3458
5187 19075 7516
2090 16597 2524
5385 12516 3418
723 5661 1501
12502 16550 4506
1130 8702 7637
12631 17785 814
4774 15361 34
8087 19668 194
4059 8520 1536
11428 12923 1779
59 4619 7006
8070 8915 7537
603 1088 4797
7404 12026 2900
9455 9581 401
9247 16232 1222
7120 7832 2627
10889 18250 7534
1091 16129 8797
2819 11782 7190
5455 19527 1285
7245 13708 4981
6533 15854 5801
4322 12069 6894
9586 11809 9207
8230 12915 982
12738 15450 8246
11951 15718 5503
3725 9370 3113
766 6686 2500
827 5885 5227
15866 16834 171
9905 15140 6328
9992 15674 6061
919 6629 9125
15886 16803 6756
349 4011 6769
1137 1142 66
3005 4731 5317
3046 4040 4956
7593 14120 9258
1022 1199 496
889 9099 4784
5009 6061 6907
116 5963 1370
14911 18120 2302
10600 18308 8856
13901 18952 6378
8273 19466 3825
6256 15778 4775
4992 8588 7328
5931 10317 1491
7417 10866 559
2080 14317 219
4225 8657 1695
835 6821 9203
611 8278 6207
1150 3350 5510
5728 13459 2173
7796 14145 9573
1591 11161 168
3162 16242 9302
5036 5539 4577
1845 7662 208
395 2338 2030
152 4696 7557
12641 15156 1065
7864 17195 6701
2306 6543 255
3781 7756 706
12768 15556 3528
16056 19395 8087
435 16392 3062
7332 13562 116
504 1178 9257
2071 6947 2261
10428 17508 320
2140 17547 8588
1387 17564 1960
897 6004 3670
2524 6733 74
9286 19227 3128
3897 7254 658
1385 8860 861
94 13521 6402
1451 2789 8190
11399 18139 7503
9660 14740 2251
7219 16223 2943
2231 9672 5706
3285 6643 535
3630 7442 6522
1916 18480 9389
4360 15561 5825
8537 15751 8077
2415 10319 7006
3216 4640 1855
11107 15808 8267
19 712 3290
11698 15049 7768
3306 9734 8212
4999 14989 5409
1021 3910 6816
5498 8046 3927
10847 14293 1537
9471 12130 6817
2517 8189 9135
15940 16452 266
1829 5845 3924
5411 10608 6811
7384 11294 6725
6494 11645 1896
1364 7555 7856
3185 8481 2187
14881 16833 6427
7404 10325 8551
1301 6755 6553
1297 2226 5142
76 823 9896
13110 15271 2828
2882 8431 4403
2784 18387 5590
3654 9412 1316
8356 8626 8346
7328 11653 2916
17856 18522 8041
4590 10487 5475
18086 18524 2280
6539 18217 647
5118 19621 3030
10635 13320 1045
4785 18820 7057
6171 15122 2360
6888 7266 7312
1835 3627 8687
16809 18205 5568
396 13992 5776
11206 14031 1959
1709 18147 9470
99 171 2672
11859 18762 9510
17395 17650 7199
8617 18744 5322
13670 19309 9741
3021 17787 1756
4438 19439 6989
3960 5140 3734
956 14430 9907
18667 19762 5871
15340 17260 2220
4487 5561 82
11366 15628 3890
1651 9286 9100
3719 4741 2711
880 1564 1960
3472 17126 2936
12313 19285 9885
251 7455 2814
10676 15713 6994
8561 17938 607
2036 2293 306
7950 17126 114
3899 9628 1290
10474 10785 5859
14516 15432 4205
7700 10485 5425
7130 11434 5685
1380 10295 2573
9840 13146 6274
9065 13866 5709
11711 15389 9177
8202 8832 274
2381 5845 8648
13626 18570 6163
7622 12542 3740
1490 2995 7921
901 1069 6698
4161 4338 4642
4847 5062 9052
11356 13468 7623
1214 4439 1690
3580 11002 1948
9110 13691 8384
11097 16600 6329
14199 14247 330
9083 9353 4821
8707 10478 7119
17528 17921 2082
13432 15006 1316
1099 3775 856
1142 5615 9159
238 491 9864
10652 15665 2606
4339 12199 2482
161 399 1852
1550 10606 7278
1231 3385 8984
602 1485 6772
5152 5708 9406
1963 13488 3711
2306 13859 2218
4192 18454 460
7191 11334 6453
12254 15561 4065
3464 13806 7177
6453 10487 2763
2074 16678 6071
5766 17636 5309
3401 10240 600
4884 8774 9178
2621 4133 1106
14656 17753 2577
14115 19474 4716
7694 14917 2718
3356 13519 2737
9269 10694 3962
7641 15121 7172
1576 7376 877
771 1486 9044
7446 11707 6108
10604 13515 2671
1121 2401 5798
2303 6073 3242
3829 7976 5642
6551 14574 7605
1960 3211 4660
6188 16763 7723
1492 5854 8594
1184 17865 3225
5358 12628 2337
8198 16372 575
13918 19950 5340
10132 19382 439
6909 14062 6387
870 8661 3954
4493 13661 3841
2337 10527 1396
6306 10391 7539
4011 14894 1570
13969 17222 7861
5101 12331 837
1166 8359 7055
916 1831 9666
551 2672 2227
5517 9443 5564
13966 19448 7825
5372 7590 8127
9741 12274 2622
3584 10771 8315
2023 4304 7160
1074 11034 8774
1707 13849 2080
1106 6359 9143
787 18282 6700
935 16195 5699
5834 7352 4685
623 19648 6000
4722 6202 7809
7992 11953 5166
9929 13192 9367
3320 17465 2728
3343 4573 3907
9859 14479 3273
9480 11299 9394
11745 15921 9420
2859 6851 7342
14196 18920 788
1679 12810 4149
2600 14707 8803
11741 16474 7974
3958 19729 2274
5522 7893 477
5634 7047 1858
9426 9567 7103
818 2640 1427
5021 5921 6887
4748 6528 7828
8796 13335 2318
2867 18206 513
4933 5021 3050
4156 9509 6885
13290 18757 3265
2210 3799 4988
902 1477 419
1773 5599 5984
4440 12282 7890
1443 2037 2629
14253 18947 2303
14042 16682 2709
260 6858 1732
3287 3695 6348
127 2523 7699
6078 16356 1355
868 7769 2786
6110 14866 2547
14093 15364 8840
3168 5372 5211
3433 3903 2728
389 4335 2526
4588 11928 1463
3259 9379 6981
7473 13626 5203
17650 18110 9297
4732 10765 5472
3270 4193 569
3733 5249 1280
776 13074 3238
4423 10613 6426
7212 13246 6260
831 1776 8965
1055 19305 8265
3781 17418 5896
1623 12970 8492
207 12849 8565
470 14446 7720
1610 17168 8993
2312 4654 2458
2880 12984 8902
596 2596 3359
3275 10088 1486
9565 15916 9071
549 8325 8217
3889 12096 8507
5831 8675 5885
7813 14354 844
3944 5433 1347
3823 18847 5252
9289 19896 9058
1328 17585 9206
4403 14877 3401
1799 4597 7027
6446 8435 9489
5461 12479 2084
1406 6827 5921
2729 19589 8950
16313 17782 8967
55 3781 6489
10866 14536 6994
4254 7488 3373
8336 15603 9456
1528 1622 9699
10293 13099 7065
2914 18823 9904
4098 14511 6922
13151 15932 4881
3079 8436 12
2722 13523 7131
14821 14822 6859
171 856 3543
7289 9608 8445
1837 16882 3890
11818 17896 3333
1185 9238 4513
9269 9668 6443
2321 8549 6218
1151 16850 1246
3362 3934 387
8488 19357 7443
5223 12474 3503
427 5996 7978
14233 18767 4689
850 3458 4892
1557 13930 6879
8637 11415 5158
1884 19370 4180
4293 6392 9087
11485 14465 4226
1858 13055 6778
17793 18876 7558
2293 4871 8487
798 5036 7616
18014 19255 8613
1461 16607 8141
340 753 5860
6393 15875 5333
2043 17502 2866
13953 16435 9272
8288 12106 1196
8638 11974 4472
7954 13553 1168
2427 6046 4054
1971 18270 8318
610 12123 9242
1648 18947 9725
8340 17694 6212
13703 14352 9917
2820 3548 7223
645 2416 9994
156 18792 3838
6284 7052 338
13038 16548 9129
1994 2196 3480
7812 13962 7999
11218 15954 8471
10688 14681 5620
3881 7476 8160
5130 9599 1841
5776 7902 5095
3495 6905 900
115 1844 5959
8514 12394 1408
96 19194 6659
912 9394 446
5475 19301 4608
14066 17855 2768
10344 16779 694
10169 15128 2419
701 2412 7972
147 8561 8967
3938 18902 2894
5882 6384 5622
3090 8204 156
8815 13514 5682
5391 18528 8153
9219 9775 9182
4812 6121 573
10622 12967 5110
8246 8263 3011
9647 15369 2618
723 5289 3187
9559 9674 9856
4029 19423 1072
5939 7708 5421
1948 9095 3342
12252 15410 992
3884 17812 2463
2016 17643 2425
6946 15365 5813
2616 2850 2430
4728 5896 7260
2772 3552 2519
8577 15880 4158
4299 14442 3895
7191 18001 6226
7329 8949 7044
783 3771 1512
10010 12671 8692
3518 17077 9737
11601 13336 2860
3556 6260 5133
1950 6676 9389
4237 4784 9119
1437 8074 8579
2513 17764 8685
3224 18096 4407
1426 3123 3345
2920 3857 467
5664 7183 3892
410 4424 4515
10569 11027 831
9051 15857 5921
193 1374 115
6018 13954 8793
6195 13062 5853
2118 7206 9899
2704 14117 8111
39 6956 2675
7335 8072 6419
2135 6984 8972
2001 7488 1751
3615 3762 3671
4379 15993 1357
18290 19914 2590
537 19992 8114
1142 3713 2236
6157 14549 4966
5135 15391 8091
4112 12355 7895
2714 3023 163
15301 15993 8166
5467 14998 6574
7373 18119 7493
5005 8862 8283
2001 3471 1475
2876 19293 3885
6429 12300 1307
1943 18597 6931
11560 12609 3619
41 4270 4498
17096 18643 3124
148 1024 6420
237 15312 9519
3059 7317 3916
12919 15055 9272
8477 16751 317
5376 18465 7555
11051 13367 8965
5048 17031 9996
8916 11877 3978
7890 8540 6795
4151 17445 1822
10297 17817 5245
7111 9577 7857
13644 16577 6553
11818 19316 946
5997 7401 8227
5000 7095 9878
3164 14465 7034
438 2829 7874
639 10461 3338
5106 16295 984
7281 16920 2059
1599 6085 9731
14277 17489 5576
8684 10156 9341
1371 1840 5085
8823 14836 7750
6855 7098 3243
4582 6005 926
6422 7033 2772
672 2558 2865
1759 2317 6333
1303 16880 3705
626 15452 7033
134 9443 1868
74 15052 8299
7921 19424 4789
2251 2586 573
13491 15204 5705
2479 12194 3190
3040 16889 4482
8037 13764 1524
1194 1828 2420
2018 5401 2950
3629 15764 3502
6722 10807 8305
12107 19799 6323
6407 13727 4295
15776 17968 93
540 11644 4722
12561 12990 3661
3411 14998 8431
13071 13549 5765
11760 14192 5989
4104 15456 7331
1019 1059 3136
6140 13122 2887
1024 18907 1064
1197 19628 8053
7259 12033 9504
462 643 1880
3046 8306 8362
8479 17400 7908
1130 4539 5665
6033 17838 1587
3269 3450 4000
9360 12617 556
728 10161 7315
124 2919 6853
88 10109 9816
1688 14842 2415
3597 5881 1522
5352 18829 8110
280 14982 9086
336 423 6058
8898 12989 5302
1113 12581 560
3436 19689 9878
3306 15142 9319
10932 13879 3013
10196 14610 3057
16833 19039 20
18722 18947 4873
520 5363 9726
8214 14980 4213
1525 7950 5250
398 5719 8068
4331 8525 1974
14384 16313 6448
5234 12409 1233
1748 4334 1015
11038 18725 4709
5533 18366 7013
17117 18107 1770
2495 10974 2967
6900 7167 968
8148 9126 7812
1497 2459 9601
2315 7176 9774
8810 16933 4916
862 8947 9444
6270 15128 1856
3386 14326 4267
9281 18618 1868
14067 17630 8235
11647 18980 3705
5907 9013 8678
13785 16361 7857
10174 10479 6602
1911 4148 8903
3847 13898 1065
221 608 4828
8197 10545 1086
9771 14243 8958
8046 14393 4167
1249 3892 6464
15163 17582 1061
11175 13831 8523
10742 18718 9285
1725 7565 495
2282 15538 9674
1755 3195 3289
10378 15071 268
9164 16809 9368
12360 15251 4094
512 2569 2012
13972 15919 1219
1685 3581 5006
12678 13059 9888
1184 12154 6342
61 294 7887
1627 6690 7199
6036 15081 2472
6510 7542 6362
6093 9219 4252
16016 17037 2863
10435 17846 1875
5754 9643 1252
3490 4988 8897
9219 11293 9431
14394 15120 6075
6246 7890 7354
2744 9340 838
9646 16263 1124
12211 14187 9185
4021 18678 4031
113 7798 404
2308 8722 3186
93 242 7359
8658 19216 9579
9393 12333 1208
9866 19127 438
4226 4848 4834
1197 3061 9013
7387 8044 33
490 1321 3508
9923 18420 5137
3310 10039 8659
5146 11747 727
5023 15329 1673
11149 12654 463
10146 14076 7830
7986 13537 5296
179 3897 9273
70 6071 7820
748 9110 6322
8780 11248 7092
7665 16773 3381
9778 11342 6650
9561 13293 9241
9799 15049 142
11053 19041 7913
880 3537 5046
4212 15903 3939
1928 16655 2694
5313 6076 7025
370 8080 7474
5189 7368 3272
755 11524 2716
8715 18577 2390
10935 18791 5384
3709 7398 6893
9825 15933 2339
9536 17484 3735
96 2257 2941
286 7246 2083
5053 6215 1135
11586 14959 1050
2483 5171 9609
1809 1951 3394
3723 14506 7796
1456 1867 1142
3389 16509 7005
15144 18557 9777
10363 11358 231
15470 17469 8685
2531 3420 9461
5389 5428 8528
2592 8982 4865
2884 16057 9687
6737 18615 6550
10576 15061 143
127 13503 4249
2301 14656 9780
2051 2908 805
11962 18109 7600
5776 7117 3051
1108 1809 5961
17591 18418 481
7248 8330 6869
5257 8271 6578
54 11881 8321
17342 19360 6183
1009 6830 4151
3288 19146 3395
11530 12599 8809
4252 9595 1581
5111 6164 6407
1445 2697 9899
810 1873 4161
2535 11152 5933
7518 8120 2988
268 15757 3330
9459 15323 2195
4649 16952 5896
10422 18241 3269
12126 16905 6370
7968 15136 8922
2636 4868 2078
3997 5435 6587
12157 16121 6639
7232 19302 7738
4289 16334 2183
8377 18230 9735
1888 4311 2416
981 3129 875
5833 6309 7472
597 10501 3248
11947 17327 7809
2279 10254 4118
6721 10472 5417
3207 3996 1921
787 6870 3610
13241 14725 4426
927 3406 5114
1340 1699 9297
5901 8136 254
12907 18773 3515
8436 16937 4474
2206 2479 4768
14902 15052 1003
4230 17630 4886
1316 8388 183
9650 12722 9151
13031 17726 3444
7139 8183 8281
7461 18764 9743
15418 16591 3831
438 2088 2684
2235 12367 739
17443 17468 3982
13400 14087 1603
333 1753 6807
4448 17367 5736
14267 15750 5317
7697 8678 8016
7716 11362 5780
425 5983 3809
10117 18830 3600
1067 4551 3320
10792 16086 6394
9700 11363 8610
10536 14004 7460
4355 8838 6850
3598 4390 7287
9244 16129 7848
2449 6420 495
6510 7091 3348
11312 12221 5869
1083 12221 5419
371 16794 4496
15099 18604 7255
3667 7363 231
1084 19438 5724
3472 6287 9596
7378 8674 5790
7440 13775 2119
5311 10228 7207
9584 13254 6447
2269 5020 7760
10167 15674 7509
31 5571 7223
4274 15354 1766
692 17603 2946
4709 11852 3969
14205 15467 4973
12855 15478 764
10935 19521 2440
569 10289 5420
10946 15105 1499
9252 11760 1317
986 1015 5673
3355 17546 7874
719 4983 9054
4638 7248 6227
10442 16270 4620
4518 11592 222
7354 15563 5212
4014 10664 7462
11499 19893 8397
3394 17081 9441
12700 15690 95
235 3452 8565
1508 2375 6541
18744 19693 3596
7006 17921 1102
5237 14217 9424
2559 2590 9418
5036 12672 5513
4586 8876 8060
4031 5342 528
7113 15397 3088
17288 19873 829
2514 6005 6361
9861 15022 2159
4600 5411 5574
472 16911 8559
1290 17593 9788
13602 16788 7584
3 5214 6643
1188 14971 1571
5163 15819 4891
6151 19732 6177
9842 17398 631
71 920 6696
6567 8558 3732
2548 6360 9887
1507 18063 5176
7385 10342 675
1703 3992 9980
11281 16729 9047
1574 1889 510
2962 8791 7255
1242 2054 4567
1161 13782 1432
10672 16873 3786
818 14079 5773
6898 12318 3288
6182 16245 5594
18159 18654 2566
110 469 5129
7234 8526 6535
1994 2142 5358
3487 14239 2769
1227 6505 1773
11054 12686 8095
7683 11556 3096
16422 17539 1335
6493 7987 4726
2504 14067 6093
6717 12370 1847
17912 19658 3484
9824 16347 7740
5755 10369 1277
7725 19734 8243
10899 11524 4946
8200 14991 2100
3494 11514 7965
2080 7633 7140
202 429 7314
524 4483 3869
716 2839 6611
9047 18657 2817
2207 10980 2642
4598 6895 7822
2208 15717 3426
2066 2291 7060
7178 7457 9312
1581 2453 731
1514 1990 3752
10541 18612 5184
182 1786 4914
3438 10630 6767
2429 4951 2755
2743 3086 5707
9188 9490 4586
856 7746 8273
3689 11336 2980
2908 4866 7733
13519 16371 6102
1246 12160 1910
7902 13989 6362
9581 17772 2434
18674 19240 8287
12007 18996 4441
12478 18270 4026
3016 12280 2979
14260 18244 7025
9215 10852 2787
6074 9511 1594
8659 19118 107
4949 9431 238
11680 16688 4090
2354 13367 9864
2103 10956 9606
4673 6482 2484
3311 3543 3065
2450 2650 1093
7413 17247 6938
385 2204 3261
8826 9142 2128
9851 11625 1732
4899 15498 3970
2213 13578 5084
112 947 3088
3886 7854 6840
14635 17691 7184
349 807 2627
1676 2974 3904
2552 8571 1067
3649 19851 2405
5657 6172 4216
8430 12894 55
723 13371 9933
16226 17831 3045
5813 16272 7259
6558 10764 3065
12697 13190 7265
2817 3563 5429
2107 13468 2389
11352 16437 5983
3583 7343 4162
5655 10962 8314
7337 15836 8507
5662 7120 1277
1276 2607 6153
9459 18364 2084
7075 7794 9076
7329 19815 6000
1545 3518 9249
9406 10510 6694
11832 14664 6184
8854 13869 3621
2811 19519 1660
10299 17994 9460
9103 9600 8658
3796 3989 450
8355 11184 2846
11572 15491 6388
1679 9111 9421
7596 13603 3835
362 14313 5215
2892 3726 6143
10860 15629 7209
416 1157 9376
1344 4743 3221
14683 14697 6298
5579 13599 6038
1098 18399 1034
4275 16143 27
11140 18432 217
6781 12625 8140
11278 16766 765
8704 15882 2365
1370 13262 5870
5248 6482 8130
9313 12284 2636
358 1402 839
8618 14252 5406
16738 16906 5539
3327 7711 4123
14886 17607 3903
13316 15984 6750
589 11008 4365
11137 19818 3514
12474 17141 2489
10108 14342 5475
9023 12318 8863
1201 2283 3987
7946 14088 4726
11607 12186 677
104 8805 1699
3741 15634 7777
128 1207 3202
3423 4564 7561
3768 19779 4394
572 19436 8058
4198 8361 6871
14015 15804 1926
6964 9260 4524
6804 11491 2014
12114 16604 8051
7210 18155 8475
5042 13374 3727
4073 15751 3958
5367 10141 4289
3781 5914 6608
10702 17453 1393
124 8934 1441
6655 12715 2178
1819 5783 4951
1543 5887 1255
634 5169 7909
11287 17354 5350
5611 6590 1895
1405 5802 9731
2163 19250 6226
321 2119 6809
129 5353 2808
10079 12228 2978
14133 15310 5027
85 150 862
4913 14699 1912
3754 9350 3106
4220 12886 1598
2540 8763 3123
530 7737 2963
2904 6872 1271
10201 11732 35
8782 13687 5115
5883 18142 5695
7878 15113 7536
1172 5870 5981
5371 7958 3874
10452 12050 2860
5719 7038 1995
3660 8204 3806
9515 18176 3335
13590 15665 3908
8708 16306 3084
1241 10121 9487
6556 6612 5073
4365 8246 8881
5009 19786 9343
9522 11762 7868
5146 11095 9321
10427 10783 4798
7633 12206 6130
333 16064 4416
6690 15944 5557
14803 17568 191
3111 3172 9303
524 10541 362
4494 16155 6909
3271 6057 7723
2751 5703 6531
2748 10481 2032
13497 14190 256
12839 19956 1299
9855 13100 2618
18291 18889 4479
2202 18398 6435
6921 13119 2402
4754 7164 6634
3730 4806 2066
81 111 7125
1998 10454 4926
3968 4369 4808
2818 10136 817
9113 9401 3701
3248 18935 1493
10909 11590 3320
69 673 5934
10005 13830 2341
11401 12773 3329
9155 11931 7067
5129 9932 6048
7303 19114 1363
13009 15839 9050
12698 14315 5384
5816 10530 3865
3153 3427 4342
3476 5733 7185
11088 11255 1752
3875 8058 7594
1151 9504 4273
26 1038 9681
103 376 6912
11917 19705 1595
4292 19580 6526
93 8841 9075
1005 1723 7507
2497 12144 5972
9289 16678 3179
10195 11096 1923
11301 13000 4473
2364 10734 3469
9109 19605 6217
1436 2169 4306
819 9224 2727
2570 7415 1747
12904 17427 8147
88 11458 4471
7081 11973 5164
3069 6870 6240
977 10019 7813
6157 6980 389
3283 3292 8233
44 106 9181
3809 18119 3937
2299 9360 7334
1187 13760 3615
6381 9057 9515
3332 6908 573
15611 18856 5546
103 8396 5516
2501 6114 8049
5482 8990 7712
2646 9504 4666
5741 15216 4801
9725 17271 2778
1748 14819 9547
14185 16418 740
10604 12067 4041
7107 7444 5391
4799 10497 3980
4915 10091 7936
5905 13121 8131
1175 17377 7614
2872 3485 6482
2515 16494 242
6608 14253 9524
239 16867 5662
280 470 4917
1429 4299 7519
4314 17674 8308
12461 15243 2151
2298 7561 3186
9633 10939 9684
8671 13244 9788
8408 8551 882
3600 9958 4372
6707 9496 6385
2117 8663 8022
10557 13091 7802
460 9067 7225
4405 13871 844
7401 10051 9742
2223 5154 1429
4875 5143 6241
3049 5146 1620
8724 12627 5870
2650 14730 3115
8309 11898 7274
10022 16375 3652
8111 14327 4810
8133 8173 8529
11915 13572 5525
4168 5945 3435
343 729 1792
330 3637 6793
1554 15032 305
3783 12165 4462
2913 13846 7102
3794 8740 913
2011 7806 2124
1506 10413 1506
642 14762 3251
3730 16504 6614
15080 17631 6470
3316 8945 697
4473 5248 3016
4948 6009 2246
5232 15837 5006
3458 4081 9733
14090 18490 5151
14 776 103
15386 19282 4199
740 13612 2888
1276 10191 8455
8522 16421 7160
8558 14355 7158
4218 5998 4488
6484 6632 3909
10407 16716 5395
2798 12131 4715
9366 13862 3566
5600 9423 4439
2152 19464 606
10323 11604 5182
11132 16718 5054
12633 13808 4472
1481 1903 8123
9613 15696 5869
9451 11515 7846
19188 19473 2648
15 37 415
4534 16175 5652
4833 12459 4817
1767 8012 5614
3877 6639 4186
2875 14879 5824
1210 4238 866
12277 15262 6054
1487 2700 8796
8402 10755 6471
8371 11241 6059
4679 5578 1486
147 2722 9589
7875 9877 6856
3333 8122 6192
4040 9565 9093
9668 12721 6265
12550 17379 8294
5702 8143 9532
3787 3843 4387
10885 12291 7767
2166 9212 6335
1756 3890 1762
1173 2502 6712
6882 18585 2598
4389 6546 6441
162 11541 1952
4564 17146 3360
14809 18907 1684
4683 7192 3322
12402 12440 843
10965 12864 7869
2606 16508 8356
11330 12427 9249
1206 6820 6239
7431 9025 9458
612 11096 5893
7097 13418 1441
8412 18509 872
13022 14850 2672
9089 13802 8670
1609 11309 798
14048 18835 5005
5979 7619 8368
4173 17520 3026
6567 13198 6244
1805 2170 8475
3154 3535 1219
1507 2652 4559
2078 18540 3731
1631 1754 6925
12203 16571 8861
14128 17247 910
11280 13858 6358
36 6411 1620
4752 12450 4770
10420 11266 6267
8179 17841 99
4447 7795 1802
1033 16271 8369
3636 12668 5723
9435 10142 608
14121 14353 6580
7272 17066 8658
10053 13554 5313
2297 2653 7602
1264 6157 7998
10602 18461 3365
11659 13512 2148
8405 18808 652
11155 13091 6589
906 19859 9025
6974 19749 1100
14421 14767 1391
1891 3600 7021
6556 9343 9190
10532 11743 5938
3139 6681 8987
4288 4808 7364
95 1800 2859
95 4243 5387
6017 14481 6326
1986 12722 9657
7439 11836 6790
248 19692 9286
1525 4648 6425
5846 15276 6716
131 841 9572
12526 14666 3129
634 3059 5532
3437 3884 189
2036 3874 4251
9885 19107 2300
5626 15102 6467
6032 17137 6775
2520 2680 8875
49 348 4164
13854 16729 8085
3849 19080 8778
10075 18631 8315
5318 12229 888
12644 18006 8949
3920 9864 3320
13277 14190 9941
8600 13359 8773
3361 3853 5041
829 11679 7303
6872 12346 9452
4088 4146 5196
11417 11556 1626
8648 15641 3287
5605 10096 5948
52 192 8975
3436 5716 4718
13803 17441 111
9390 14894 5774
5159 18056 903
1865 18845 43
677 12786 3311
5240 13898 6019
2046 16722 1025
18107 18384 3060
9831 18143 6125
545 1070 5002
1257 13758 9774
1583 13316 2289
5529 9064 1728
1477 1613 2595
6241 13424 5351
5904 10774 1427
535 9175 6078
5158 10329 9470
10715 10755 4418
978 2878 7545
696 6286 3648
8602 11089 8405
10282 18539 9679
13144 14464 1510
6315 11771 6570
18939 19005 7892
2313 14940 9654
6549 13973 857
13129 15927 6036
1968 2968 9374
1649 6846 4508
7935 11369 8332
6983 6989 6733
386 19460 5280
651 1165 6225
2534 5454 7216
8120 11687 4200
1118 10042 770
5692 12299 6938
2328 5004 4945
6446 7735 3445
2462 10890 4433
2084 14899 4663
2515 2755 1448
11704 14206 6633
5120 8498 7963
2786 7985 363
589 640 6061
8838 12167 7708
2347 4410 90
141 16608 950
12010 19406 2290
237 14940 6511
2370 6758 6488
2784 7861 6101
9848 11547 8696
10556 17925 388
870 4097 4453
7406 7660 1946
184 597 4013
4669 6504 1481
5716 10046 5742
4881 5740 4255
8982 19600 1382
5575 14079 2677
7473 11609 2605
15038 17352 188
4830 18805 85
13021 19757 2854
579 2801 364
4590 9257 6710
11 3914 1700
1770 4474 2299
5469 19591 2044
656 3372 9322
15433 16407 7082
4577 18291 3680
1853 10309 2639
7158 17692 5073
3683 14582 9232
13892 16203 938
3058 4975 4810
8163 12940 2586
3795 14859 4429
8702 18349 8780
7441 13231 4057
3790 15974 1959
10488 16241 4809
8304 19747 2498
7254 12615 3511
1091 15299 9585
452 7298 1974
15725 16814 3617
585 14176 7650
4068 8875 318
4507 4720 9964
10361 10593 7246
3233 19480 8429
770 9803 2552
10393 19542 9996
6425 16270 6614
5523 11660 1621
307 19487 108
1326 11903 9830
16863 19831 9330
5827 11610 6208
6510 16873 4682
1464 5946 261
4075 8075 2981
7737 15293 2947
4474 7562 1146
10083 14526 1675
3174 8900 502
5055 14915 9438
8781 13404 7654
2466 19294 8622
4436 7342 9009
10496 17668 1789
1183 3436 8249
745 2420 7821
10367 14172 6724
122 4913 1095
6971 18177 6882
4360 6853 8468
228 1227 4009
1214 9659 1172
8371 13622 8555
18928 19017 7139
6185 16394 6810
2767 11379 5028
1408 16039 1542
13628 18530 3135
3960 9134 4178
2232 2709 5168
5423 18363 2799
2144 7697 2339
6131 18160 5623
7961 12720 5794
14293 15078 559
9193 16117 5788
16501 19208 8570
16466 17660 1386
3452 6910 8776
9843 14461 5266
2886 7258 7187
7182 14978 3454
711 3615 6454
117 164 3011
1731 12750 2428
84 13533 6977
1435 2194 6665
8027 12932 9195
15578 16141 2903
4769 18350 1310
5714 17617 4280
2854 7827 8727
3937 19962 3326
204 11214 3697
11416 15937 1824
4224 15229 3168
11717 19099 5688
6310 7132 2258
209 257 1323
927 6376 7220
4416 6715 735
1591 9889 7579
9519 13114 5044
447 683 1021
589 1870 4795
4045 18827 2700
12742 13638 5937
1055 12366 3349
96 1328 3928
7388 16822 3080
16031 16740 2084
5644 18915 4156
14727 15929 3050
847 10130 1932
4643 10070 2902
2268 7595 2138
11093 14144 4809
461 1293 1201
7974 10836 864
3030 7014 5982
8514 9907 7963
4170 11370 8075
2127 19081 5167
2317 2586 8129
8578 14454 5992
7007 12101 4903
8611 10993 2964
559 10662 2271
10452 12164 7108
1045 5030 1894
7532 13826 9633
6439 8347 9739
2816 4500 6153
4985 6947 7022
7117 14739 5323
11862 18068 7423
16797 19833 7291
13169 16956 5488
1363 6416 1338
6319 7496 2627
1218 6009 7353
3108 16539 7642
5237 9739 9857
8789 8931 5979
4769 9622 7828
808 1189 113
1339 7623 2251
2726 8593 1957
306 11116 8129
14963 16399 2105
10196 11028 8015
3574 4063 2688
7477 11276 166
4728 7222 192
3458 8126 4214
4764 11193 9745
430 2696 7392
12997 17493 5561
3808 7656 3843
708 17960 5832
14029 15818 1555
257 596 4872
4961 19357 1260
4150 16300 3695
8116 14684 4703
695 2587 6669
4441 6037 9457
1728 5328 9216
4111 8894 2685
564 6528 2714
12821 18292 8596
9564 13886 6593
38 456 2891
8608 11527 6355
579 18667 616
7521 9173 5083
7779 12200 1485
15344 16260 858
2171 3812 1422
13092 14092 1556
4713 7135 4376
2768 11081 6427
595 10809 6339
8959 18706 7063
1777 2006 2480
1804 16590 1151
401 7942 720
6932 9970 2400
2712 6817 5673
2868 12499 5914
1678 5505 8723
22 14420 917
9151 12861 4288
3499 7430 4855
9853 18279 5761
3824 5122 9666
2833 17360 9309
1659 7586 185
16615 19563 2815
1247 11307 7058
1654 3080 1446
14934 14946 8918
16838 19397 7661
1235 1698 7480
9759 14314 8290
7885 9799 8563
8028 8167 2618
16543 17655 307
14783 15085 2230
1782 14704 1300
11264 11883 4547
3489 6530 8250
3375 18658 1393
6019 6894 6096
10943 10965 2951
4936 8396 6562
11540 19055 3415
354 432 5444
11365 14554 3437
12591 15926 5057
7923 13435 3371
1442 15247 1861
5989 11327 6086
2159 5484 978
7147 15426 7352
731 11494 8199
4055 19706 1166
3299 3472 8659
5845 19506 514
9408 19835 4233
2309 11588 4450
1326 15542 9838
8125 19218 6863
6333 8720 4542
8725 15827 5023
4566 4941 2244
11544 16702 5534
11 14639 3144
7723 14427 1676
4157 18074 3222
11123 17691 8665
2862 18238 2479
147 788 8453
5388 6767 4577
444 14969 2010
7859 19717 3397
9319 12358 2583
865 1922 4986
13811 17209 6148
5454 7598 2606
3496 14170 7820
472 18806 7856
9811 16848 985
3558 11640 2159
344 17286 3789
5052 16760 5346
12057 16608 4937
542 4198 9725
6345 14276 8952
16689 18820 8252
9892 15737 8000
897 9352 7193
603 3980 611
8427 13088 5383
8820 9649 7247
6250 17808 1031
7738 8329 2167
6589 18933 5833
3147 18826 7560
1124 9366 9966
15165 19660 8070
6894 12901 2339
10546 18483 3829
5513 7267 8842
12729 16133 2794
5376 8212 4542
1083 12754 9512
3429 19592 4825
2043 12393 8696
12527 12748 1865
6415 14383 6778
6816 18520 3422
2575 10421 1756
1544 7197 7467
7084 14360 8115
1256 3296 9449
10745 18825 4890
17651 19876 1921
1413 4007 2591
377 10036 8567
12934 14826 8965
9016 19578 8809
6623 8199 4446
3915 10851 5490
2354 2374 5611
997 1803 686
8574 15139 8372
2517 3985 1997
9639 16858 2112
761 1193 9676
8626 15026 7566
14625 18268 3454
5501 8754 9359
8097 10616 8242
3075 7658 7901
13881 14170 480
12175 15492 296
13156 18603 4813
7738 13178 5598
1326 17913 9580
3861 16706 5904
181 17718 7909
9787 15720 9178
3476 14082 2484
11295 14476 6100
3617 17006 8945
7488 13795 10
2651 6611 3505
7100 18205 3316
13121 13260 6368
1730 4281 3560
4562 15415 2367
4597 12462 7665
1142 11630 7347
2004 14122 6768
10315 13445 902
4344 6205 4764
10393 14498 6166
7703 11301 51
18 359 5023
4214 16866 3666
11114 13346 1467
6591 19663 3376
3687 8224 4756
950 10299 5092
3617 8819 7896
1373 7932 8887
7672 15577 9786
3934 5305 3053
7049 9598 7252
16597 18051 7321
503 13231 4669
1591 16155 9314
6072 12842 5999
17952 18668 1738
1746 3433 2141
2158 9160 8076
5966 6720 3327
5098 11048 260
3485 13106 4146
2895 2901 9995
6035 13975 5662
6499 8859 7305
5727 9403 1708
440 622 8857
12130 13545 5890
14096 17206 3656
931 2265 8121
624 9019 5158
6466 17566 3284
4204 6060 7129
6443 8057 3999
4550 14363 1423
673 1818 4709
273 3767 5935
778 827 8272
2325 2676 5183
6766 19324 2237
2208 9818 8498
3109 17198 8290
243 461 2668
939 8567 9457
8325 11796 635
11093 11365 8178
3041 4257 4067
5973 8105 4709
4924 5893 4217
2776 14876 5826
1755 11057 1038
10652 13443 9156
3096 10816 3019
6917 17573 4361
15999 17380 3382
7716 13991 5896
3373 7164 5525
9124 11455 1886
11250 16208 170
3293 16492 4467
2995 10398 5729
8901 19766 5716
4775 11968 3448
11864 13427 9382
2067 18666 1548
3273 11635 3352
9491 11080 8459
9908 10440 5345
9738 13165 5137
5321 17776 6976
932 14398 5961
7228 12231 1673
7398 12638 7078
3194 16805 3289
3741 16154 2435
3709 11249 4024
9218 10218 6317
1036 4228 7309
6510 11593 5687
11049 17657 5185
2365 16963 6732
2270 19191 8165
11148 19475 9674
131 3226 6941
6704 12596 553
1326 2893 8214
14141 18949 9115
4143 12295 585
4513 15717 2888
1292 5251 1761
4418 8871 5755
2138 6530 6997
7363 14028 3542
1027 4420 2154
11845 18058 8349
8023 10228 3414
4067 15050 575
1209 2057 6806
1029 9476 1332
2928 14061 5848
5238 10617 4888
1772 14663 5366
14181 17012 7183
4820 5961 7281
101 198 4085
8542 18406 6554
12205 17340 4312
2904 14807 3796
488 1202 7111
2624 10473 7140
10146 12039 5897
801 978 8868
17618 17697 3634
7156 14240 2478
11498 12515 2453
9070 9072 1085
8048 9727 4901
15648 18776 5626
6381 13072 4442
5290 6591 152
10753 12386 6588
5715 7232 79
12288 16584 4950
1973 2175 6887
6738 12584 450
2062 3197 804
11871 14700 8449
247 1194 1499
1283 13322 6261
6117 19784 3350
2547 7660 6480
7276 18356 4542
3845 18435 6197
6147 7795 3395
13141 14933 4666
5855 18276 6419
1488 18551 3829
17557 19809 629
3929 3949 2457
1254 12220 4751
8571 10535 3838
2025 12989 8058
2827 7995 9758
8602 13490 4985
809 13630 2353
3510 4867 8082
9466 11408 9979
912 10523 1290
6679 8843 9504
7306 10293 7526
44 229 4786
10230 19136 4696
9305 18583 9429
6163 13187 7814
9392 10488 1633
2425 4297 5464
356 601 5491
12967 13728 3893
2400 8557 8402
14604 15899 1792
8046 15091 4977
1662 13910 6705
3977 13354 1662
3565 16014 8013
5025 7766 8912
1673 8110 4642
3320 3731 4746
9895 13311 6823
9235 16060 3867
2172 2286 1089
3657 15716 9609
12704 15446 4923
54 17513 9478
1362 11995 4919
496 3156 478
1245 2563 1671
913 17008 4157
8348 14936 378
8656 10006 2998
116 4763 9585
196 5452 2824
11163 11364 4292
6757 17925 6989
6127 11837 3016
642 7332 9218
6921 8427 5389
1634 16175 2674
605 7764 7088
6590 12860 2934
13807 14245 1578
4457 5847 6358
556 16329 5825
2023 2667 7995
2329 16162 4465
7594 18661 9254
10654 18227 8406
6944 8064 8433
828 7447 9573
1734 16555 3592
1680 10214 2938
9998 10149 6077
2505 19851 1728
449 1551 6186
8067 8268 4578
2763 4872 3368
10239 17046 9629
11388 18570 8925
6026 7836 9441
5287 16793 7238
4146 12902 6011
514 1034 3085
5730 9853 7792
8934 12362 2937
246 620 4938
749 3617 1151
202 1999 1135
16903 18279 8778
14898 15203 8533
7028 13696 7158
5181 8271 772
4339 15294 7587
5384 13657 988
3888 4119 5879
8848 13754 7319
12803 14038 6556
5149 9042 6668
11619 18136 5423
11317 19771 4697
2051 13315 9971
6430 8790 5987
3030 11918 5195
14514 19904 5740
8718 9680 8308
6333 12976 8126
8502 11352 7067
8219 12589 4124
1015 1136 4172
1584 17394 7754
87 612 7122
407 3643 6515
7258 12081 5778
4888 17265 9078
14354 17344 8109
1766 2098 9538
3083 7669 8801
13109 18174 1481
2768 7703 8743
1283 2178 3666
11785 12377 7103
5526 5756 1239
2530 11389 8679
10041 12324 3749
2840 3407 5744
3681 11650 3674
1916 17026 8882
5929 16976 6313
153 671 3310
3746 6969 9168
2569 12046 3215
2408 2969 5118
8936 11478 5818
1508 8679 2943
8478 11966 790
2175 17758 3412
246 7466 5902
8327 15820 7752
789 8371 9685
503 5202 8536
2384 12063 4398
18763 19590 5314
796 4711 9703
7366 9566 6242
2949 9872 1856
63 10905 8653
7760 14884 1201
2530 14702 8973
2455 15373 5213
560 18698 6562
3644 13834 1708
7731 17711 4631
1557 2965 6744
4224 6128 6274
10195 15011 8530
600 3344 2937
2042 10717 675
16176 16634 1428
510 19597 4007
12009 18286 8760
6579 18404 1530
4408 9193 5266
9194 12756 6838
4477 13222 2274
6252 12678 2512
543 4780 371
13142 15175 8238
5258 8144 9499
5308 14992 8623
1836 9921 7559
9844 12761 9616
16624 17681 8567
1911 19786 5985
8265 12492 5371
11102 16860 4241
247 1514 8786
7857 14130 4697
1707 16180 1735
11644 12205 3697
1690 2510 1682
6410 6542 8403
2054 5695 3
13855 14351 6004
10593 14050 7265
2532 3915 990
11266 17288 7680
5013 5513 4279
13662 16200 2243
15209 19351 4929
5252 19546 5028
12389 13786 704
113 2918 6607
1270 16384 3334
1189 5110 8454
3946 17618 3007
7086 8753 4153
2224 18404 7321
963 1216 9148
18425 18942 654
6272 19438 2716
10548 11228 5323
2348 3802 1306
1198 7079 6242
875 9402 1307
138 3216 4027
524 15697 7875
1469 12951 6233
12205 15990 3136
2697 5610 447
18479 19662 6899
1678 16908 7068
14291 14658 4151
12278 17625 8953
8520 8868 5771
2438 10951 7299
3079 13213 9601
527 1093 7001
1365 18224 1670
11338 16322 4509
740 1775 7154
3080 15286 8637
2757 19085 8714
11250 19470 8460
349 2137 1481
8186 12322 739
9863 18064 2139
3903 12887 6467
8468 11034 5808
8531 10464 4731
8362 19786 6685
18660 19568 9362
8659 10275 6943
3587 7287 762
5732 17056 5717
5990 14806 5319
6338 6491 7584
2140 7697 1240
2649 15212 6173
2158 2909 6830
6837 18535 9737
8966 13788 4571
179 2278 4942
2333 7719 4448
8620 14797 3190
14757 19621 6442
9559 13848 3931
6180 7659 4170
1360 15938 3301
121 2648 6739
14088 19007 3051
81 1369 5056
2760 17403 4105
13478 16640 5574
19015 19430 6089
473 18421 302
10225 18276 6702
1650 11545 5479
3063 4017 762
18270 18786 281
2000 6258 8362
1153 15182 466
5564 11203 8713
646 823 6382
430 1250 2626
4459 6916 2453
2833 3306 884
1838 17055 2095
5703 15157 829
3502 15665 6319
8341 14337 6677
1061 16749 5567
11162 13283 3905
10304 11515 8902
6889 19718 3481
5591 9105 7337
507 1115 1163
5350 12690 1797
10380 17599 1889
2412 13041 9554
11182 15019 5446
6439 8277 2457
1419 10003 8964
15342 16942 3657
7253 14289 148
1010 1969 4164
12481 17715 4959
5519 18981 2034
5979 17795 4242
1608 2328 7927
7585 18123 3325
1096 7257 7134
15911 17128 7251
11633 17700 2544
5457 19370 3117
6926 19871 2628
3741 5404 198
1329 4601 7942
4737 11404 6358
3139 17442 3182
10431 16758 1871
6272 6671 7310
10974 13798 4588
6407 13425 55
4864 15526 7021
6411 7358 2833
2731 5656 2152
12840 19248 1281
11179 18951 5407
321 19357 2505
3228 15373 2421
2154 4251 5787
12266 15894 3634
2420 8793 9255
11438 13920 3360
11442 15608 4298
8519 12207 5740
11802 18785 5415
9213 13280 872
331 18421 6324
15016 17743 1449
4804 15782 7682
8032 16488 1613
8219 15084 2298
3154 14349 4415
5228 16844 9697
1056 1862 2832
1261 6595 7137
6275 14072 3159
5204 10344 376
5227 11786 1911
8024 18979 6643
10678 15139 3717
1317 6429 2927
4073 6140 8301
10435 15103 8091
748 13253 4701
4849 9724 847
8565 16015 6732
4027 18646 6537
788 1350 7944
3404 11387 6990
11649 17057 4516
5160 15822 9886
3452 10674 7464
16674 19747 6656
1949 1997 5909
25 5780 3758
2631 4441 7117
3033 3209 7256
1011 14132 3854
13897 15021 2006
15182 16522 1917
11405 13000 7870
9744 10535 2673
6424 9506 9118
12106 14287 233
6479 12607 7703
3370 17754 7462
3141 7405 7103
15944 19018 6417
6408 7042 3220
8812 17438 1215
6298 9294 5774
7549 9990 6795
9352 10561 6945
980 5228 283
7339 19595 2339
4260 17597 2418
652 13543 6525
4860 12678 9122
1134 3367 356
1208 18710 9082
4348 4452 7542
12501 13646 1034
10558 11986 2426
8414 16362 8765
2859 17568 5761
3122 3952 4402
156 585 5566
1401 4937 5591
6771 18257 8987
5977 14874 3134
10273 10713 1226
1289 7830 30
1386 17724 3187
4089 7187 6807
4394 8324 6159
1330 5902 7694
9203 16397 9396
4008 19469 5170
9515 9678 7361
4751 9057 1971
470 2190 3717
5109 8409 5430
724 954 3254
282 19420 2503
1994 4755 244
4634 17134 7614
2820 9635 5767
2251 15546 3152
8857 15371 898
130 1297 3442
8903 9475 4861
8084 12090 863
7550 10904 5172
1009 10921 3223
4504 18224 3395
899 5784 4644
1002 6145 7536
1604 14746 7312
6902 8041 238
5446 7512 3019
9468 18099 7297
1036 18113 3072
1342 8240 7594
4246 19002 2531
4492 8223 4314
3747 11607 1827
11387 12412 2274
4992 10685 3500
3321 5321 894
5210 5403 9020
4440 8808 2045
16328 17565 3976
9472 14032 785
5487 15219 7507
59 1026 3995
231 9679 8913
2730 5577 5642
2135 2188 2124
5193 5462 3668
7893 9271 4851
243 18353 9975
12694 17699 384
7646 12236 5490
89 4888 6952
12812 13371 6670
8079 12923 2271
1048 1647 2837
3195 10809 8036
206 3268 3074
2968 3084 3324
879 3179 353
10095 11026 6693
1765 9164 304
2345 6557 7213
6123 14453 1554
5599 8086 8938
543 16712 3403
218 1125 6854
4329 16080 8772
14673 17428 1025
14515 19003 6255
2567 10471 7600
60 478 4466
3901 4049 7181
4124 7549 4450
3789 9840 6746
10034 19170 1135
12257 18536 6901
62 1636 1571
481 1383 9936
15891 16165 1414
1083 6251 3457
1811 3332 2667
6821 15815 175
5823 16986 8590
11073 14265 3312
4407 5470 3104
229 1565 5522
4437 5648 2708
9443 17912 5672
10053 18797 756
4257 5868 3867
12507 13577 7168
4416 4625 8645
3786 8086 1866
6766 12701 2801
4962 7280 727
504 3106 5429
2252 3374 8675
10449 15764 2670
45 338 2553
14317 15960 3457
6991 16871 7667
165 9402 8837
1087 2071 1845
785 5117 5962
10290 17759 7766
11872 19534 3594
5713 13674 4094
4524 19986 5960
4604 9156 1692
3567 10782 8017
7794 17653 4027
10981 12706 7482
2057 5910 3414
1948 2289 1679
961 2998 2461
3937 4080 6296
2661 17504 6941
13334 14035 1288
3092 18947 9126
5262 5555 6469
1626 1781 3866
3864 11143 8024
10591 15012 3161
2949 3422 6509
935 19959 9606
8533 9521 5916
1766 4314 3537
3861 6878 3440
9529 12458 9673
2404 8493 2707
418 2124 3428
5835 8121 9773
151 1152 2513
7511 11700 1537
3128 19936 875
9728 12116 6335
8123 10060 3645
674 10202 9534
14579 14868 9338
10581 17229 2724
8463 18499 6859
7467 8358 3435
6188 7773 8396
12465 13247 3297
8046 17608 959
934 15419 7269
13389 13547 2438
8432 18046 5392
9712 16078 8679
2673 17041 5389
1678 2713 3912
4094 18259 4237
4181 6037 8740
3372 6885 9389
3206 10717 3583
1739 14208 5771
14437 14630 3466
675 3888 6690
5705 12641 2641
2277 16914 7442
1788 2520 1554
409 7130 9265
10433 19299 1128
2703 3192 1980
5156 7883 7738
12355 13604 5832
3562 14182 9216
438 5979 6415
2427 7906 9179
3098 15985 8585
17173 17521 2759
10603 11118 6311
3128 11797 7879
12500 14234 1197
1927 3730 7659
11141 13218 1090
872 18605 7159
1890 2575 8004
11434 16548 5489
2070 4476 2345
8685 9445 9194
8071 13316 7386
8 9951 9905
6142 17234 340
1594 1602 3668
2709 3722 7599
9473 16537 454
131 1460 8200
10896 13068 9995
3348 11289 5609
1641 15316 9825
3814 16359 3741
1461 13571 2268
3229 12916 5095
823 5380 2817
13272 14360 4561
4883 6819 7678
3772 5108 4946
15226 15256 6034
3809 19493 181
585 3098 9374
1422 1638 9905
349 510 1816
7129 11115 7671
10645 15620 4314
8 819 5408
14986 18940 6439
4424 18729 326
11799 14629 1416
1526 18994 6588
75 354 5424
498 14315 8840
2485 13654 2053
322 8376 3335
10324 12623 2003
472 3282 9709
5835 8436 9407
3833 7490 8584
4715 12538 7790
6761 19287 8362
5155 7089 378
3771 11164 3698
14732 19304 446
4725 15638 5599
394 14901 9732
515 14846 5795
10909 19893 9568
70 4711 231
2442 14977 89
2734 2816 436
6013 12077 7150
1607 7517 7201
3687 17854 7359
16561 17227 3412
938 2051 1784
16070 18673 256
516 1091 4468
9659 18999 5705
10608 18805 2062
365 13642 7610
8495 10396 6340
6235 12707 4470
15056 17790 7763
4080 13210 3966
6368 15953 1432
4232 4984 5843
14402 18152 7227
12691 15714 1616
1299 11769 2594
13275 16735 9433
4 298 1690
138 761 8965
8914 11295 264
10022 11784 5274
4960 13426 2366
7208 13390 3405
13097 14985 4214
7871 8514 1862
1772 7914 9169
6405 11870 7724
7886 11985 2231
4352 15741 5520
2723 3323 3158
345 1066 1185
7231 16670 6591
5424 14948 9603
8220 10527 3346
4057 14647 7075
704 11214 6921
1433 5379 4155
890 1304 2462
6039 6876 8276
1551 10406 8662
10377 16790 4288
10859 11899 7879
527 3366 5962
10567 11251 5296
128 9931 663
1016 10076 4781
1835 10594 1234
7177 13954 5235
1871 13918 7975
1162 4445 5463
1134 2084 7694
561 723 3223
9526 17785 4262
4649 17368 8437
14955 17739 4411
10580 12019 4957
6861 13539 5376
10913 18522 9732
8399 10043 7070
2062 17768 5926
2178 5123 342
8077 19278 8294
12715 13008 8548
6704 16305 8269
14201 15275 5394
3740 16887 5030
12105 18187 3286
7848 14073 3067
2807 5225 2202
9802 11043 5886
14568 17715 3458
10637 17288 3110
7958 10278 3399
2356 12084 2886
806 16226 1564
3361 13258 8979
1707 6539 5100
3399 4974 1089
16231 16932 2813
840 1707 5226
1821 1995 8337
8230 9097 834
7927 15537 8220
3531 5664 3931
2402 14004 9116
609 10047 8534
9807 12056 4036
6392 11377 2807
16963 19112 9589
6322 7935 7182
5909 10060 7491
7015 10497 6152
540 1218 2165
1512 4376 2539
672 9476 4927
3701 14624 1669
6686 9742 5213
6901 7003 7423
10898 13268 9223
10078 14733 3058
10821 10905 4804
11562 14331 6441
3012 3451 5364
4499 4770 7318
9129 11798 8927
126 3986 6292
8816 16004 7233
14308 15367 8034
4534 7313 8772
2788 9516 8212
11759 15441 7827
6022 10861 1631
12416 16152 4732
2592 4777 1170
14496 19878 2546
2005 9309 6416
627 1865 7614
4180 7278 2564
4648 6272 670
7 8927 9586
3282 6922 8152
3648 13817 6675
1674 9719 2151
14688 16379 5784
551 8245 4628
14196 14695 2433
3578 15460 3246
6822 12163 5486
965 8978 2575
2385 2398 7278
2396 17197 3715
589 8579 6356
4935 12661 826
6403 18108 7597
1226 2943 8492
8179 10311 7677
170 183 4248
16317 16766 3142
71 7609 4617
1693 4861 2246
15186 16363 8440
3592 13443 8712
1943 2754 6691
8619 11574 2419
695 7402 6749
3063 19681 635
2882 4418 7746
7147 9224 3579
5020 13880 2829
9630 13470 125
13577 14886 1239
434 16336 1719
14781 19360 2469
3850 4627 7164
4156 12928 4457
1106 1666 3216
3410 19758 357
1794 16537 6834
12909 16667 1196
10434 17049 4802
3665 9836 6631
1200 2132 7973
542 14821 3587
1295 4201 3013
2625 2628 6895
714 4584 3895
6046 16661 1529
12635 18847 8716
3258 10808 7013
8246 15362 2539
4832 5104 4427
4083 15019 5016
5621 10645 2436
12922 17864 893
3622 6381 8002
880 18956 8622
11827 18988 5922
8066 10329 5017
4149 9906 7560
11775 19193 9571
2489 3103 5396
194 367 4803
14071 16832 9803
243 8033 4894
3002 14043 4685
7129 12066 687
1838 11549 6146
2439 3572 5631
11681 11976 1568
6348 8987 199
2209 13507 4026
2009 3778 2265
4104 8636 2721
929 6416 7095
16695 17152 1835
12604 16024 3502
1262 14003 7406
2078 9364 2907
1662 16888 7205
1394 3649 6632
4319 5858 6859
4058 8779 2183
6703 18210 3175
12083 17856 452
9805 19894 2524
3745 4287 7220
2725 8311 1340
10946 15146 6355
3234 17311 2648
2983 4819 2683
55 6634 6943
11035 12383 1760
4599 14334 1041
9009 18774 9274
4658 11223 3656
3482 19554 7152
14995 15481 6963
2172 5573 4168
1549 17143 1319
12135 14296 1304
2642 13780 2927
11827 13915 2815
10638 14692 9062
443 2618 6117
4618 12288 1355
10228 15736 990
12469 17755 5111
2372 18905 4257
4546 12291 8042
12168 16790 1119
14265 15566 4871
1815 5571 5830
3795 5306 2375
4572 9833 4412
2331 10263 1844
2497 4308 700
5114 18552 7591
3785 19906 7207
6991 14603 9538
9975 16436 2455
12178 19011 602
8921 9904 959
12556 18387 4324
3709 12088 6356
8079 13412 3239
8568 11440 2426
7319 9684 2361
10484 17073 9979
912 1334 1077
4802 15411 3652
17265 19090 5768
6360 15935 613
7663 17983 5435
6284 14238 2319
7544 11011 8660
1934 3652 7920
12076 14334 8024
6057 9269 9027
7177 14883 4029
7803 12276 7173
2899 5508 4515
1336 5327 4403
7399 18821 5617
152 527 5714
16534 17068 5772
1015 5477 1775
6545 15824 555
2080 3326 3373
2677 13299 6617
6386 8500 3029
4994 7733 8422
2440 18233 9641
11947 13278 8880
13346 18223 4781
5460 11790 8093
274 12867 8258
6608 9705 7861
4883 17389 5436
969 5347 9541
2089 11895 873
1902 17456 5928
7224 10474 5938
81 7105 887
8032 10430 99
3 352 6798
2291 19133 633
6120 17440 9800
1303 16376 1014
1792 5872 8284
417 11817 2007
8050 10747 9126
9474 11267 1019
655 9121 368
204 714 1856
203 18750 6838
5521 19373 5752
4211 5715 8968
6944 8305 7160
1589 15664 1942
1236 9124 2543
1483 5644 1687
2668 16232 4525
4816 15488 4533
6889 19821 8204
1408 4422 10000
5547 8129 5636
1383 7126 5871
16823 17478 8564
13778 16759 4723
1784 15239 3279
13587 16898 6341
16698 19644 7931
2825 14521 2243
10917 15068 2487
10208 13102 7766
352 17712 8559
6354 9808 1526
8266 13791 8533
860 1141 8998
1046 14532 160
5271 9808 2172
2587 7332 5436
8429 15689 2429
6475 14388 1849
4039 9828 9333
938 4209 6910
8281 15006 2659
13371 17623 3659
12432 18596 9704
521 3187 3303
12185 12794 2628
1886 16907 1129
13536 14169 7947
7422 8206 3635
308 1060 3499
3853 14815 789
3062 17719 8378
8240 10460 9478
16148 18617 518
12282 18606 6717
691 19887 9867
1254 14923 19
1222 2149 88
1432 6177 4255
6999 13698 8536
4983 14307 1518
433 1741 2425
1806 12162 1728
5599 12617 6338
3159 7962 4007
3674 15695 5076
8492 19553 6323
8646 10570 5571
7927 19461 7617
12649 19384 3711
4196 5571 8249
8300 12642 7105
7830 13842 2274
10796 16029 6119
519 10626 4030
1122 2099 7775
8151 12093 899
15076 15158 3149
844 2960 4202
1016 1392 8908
1677 15917 7396
9005 11516 9428
11013 15467 2679
4690 10735 8760
14648 18043 1805
17 402 1046
6561 16980 168
2248 11293 3424
4916 5651 4818
8476 9081 4730
15824 16321 2958
3262 9216 7148
6915 12975 2503
3535 15286 4942
3497 6455 587
6543 8069 4451
2016 14062 4541
10015 18212 9417
3968 6105 6675
337 3920 5850
15976 16200 3127
11165 14993 8846
5349 11350 988
8726 18043 2835
9231 12208 7452
11255 17796 1749
1112 19937 1924
2171 4436 937
10900 19565 9621
2471 8332 4426
9999 14390 9939
8418 10197 9976
5365 8849 4565
665 2912 2005
9964 18017 9347
613 8363 8969
13336 18639 6252
2945 5448 1790
9952 11271 318
6105 16273 4112
5218 12454 8284
1869 19074 8758
16182 18890 4353
4236 13807 9002
941 980 7435
72 868 9534
1319 15348 2789
625 2997 9050
18471 19829 8116
9230 16415 7759
1614 3169 831
11604 17097 4071
14301 17786 7123
95 11839 2365
1303 1779 1687
2184 15080 291
585 8717 5609
12338 16665 2340
17238 17857 4262
11194 12159 2856
15257 19096 815
14565 17671 5270
2041 8756 4800
636 4547 2694
8900 12443 3795
945 16464 9822
2108 15000 2991
3710 15016 2868
127 11118 4945
4248 12903 6588
6691 13652 5941
3793 19049 89
2093 4634 4608
14042 19882 535
410 5108 7807
15884 16809 9241
17028 19808 4586
15834 19816 7580
191 4831 8644
1336 18592 1590
1526 4430 7142
12307 12753 3450
119 159 974
3683 18861 4094
7455 17841 8450
6817 18523 6544
11696 14701 5695
15369 17594 4352
5736 8197 1639
7731 10335 6840
13486 13552 476
1957 2017 3728
9868 13500 5865
3139 4281 4770
12253 15624 4794
6905 16432 2681
12019 19361 2464
6574 19380 9446
14934 18797 3156
5001 8996 6863
4836 14739 5869
2039 9572 2464
1721 19569 1229
639 19532 3056
1937 18258 7419
2336 15295 7077
3618 9079 9920
344 454 9799
3206 9947 6736
486 15852 6390
11000 17276 5012
9321 11216 4992
4354 4774 7783
266 18589 6469
2709 8462 7716
5863 17259 9395
7466 19622 5897
11477 13422 3117
2014 18673 7011
4460 19147 1628
904 4602 6283
13724 16827 2052
5335 11064 9124
14229 17782 651
7397 17456 7696
250 10845 7740
11889 15874 9813
3140 7399 2020
6 975 6336
4997 15428 7791
6007 7571 4036
1092 14792 9617
5837 13463 2717
573 18506 5802
2507 5148 3436
3338 14291 7923
12147 15509 7656
3441 5425 3350
1744 6107 2438
12344 12994 23
534 8077 2901
6472 15429 1635
8393 15553 1391
4204 9035 9325
14249 18035 1058
12660 19248 4659
1889 18906 4819
620 13668 7981
3919 8804 467
3957 14265 3712
909 15516 4603
1419 9484 6646
5627 8791 7637
8556 10941 8137
1583 6380 7875
4687 19958 2856
924 4533 3178
8988 12980 8997
6946 9349 3666
8728 9301 1291
9036 9167 3349
13511 16241 6510
6236 8344 8832
4300 17291 6398
10510 12480 5373
12359 17035 5812
6867 19491 9077
384 8035 3413
766 14795 1491
8598 19598 9036
1248 11773 9290
8664 9676 5986
976 5634 4558
29 1500 2289
2266 10016 7502
12367 18041 481
240 10521 242
11852 14933 3929
3168 11069 5136
14583 16859 5610
3326 8956 5175
7234 17728 9747
789 5928 6686
119 296 1003
9555 19832 9201
854 8394 6327
9930 12018 7908
8885 18844 6870
6126 14510 7969
8073 8410 2522
2316 11222 1570
1703 3724 5399
3801 13583 3116
4985 16917 9211
14221 18542 7671
15010 19471 7478
5934 15166 6925
13906 18115 6415
6722 12291 4472
1066 12361 3102
5511 7993 9130
7143 18142 4973
947 6936 6594
2278 4305 6724
1657 12999 5915
11813 12595 6032
1398 2610 1059
63 18020 284
7555 9508 1850
304 446 8247
4495 9249 6350
10634 15963 1424
4685 10959 4255
4583 13700 1359
7675 18257 4775
9115 11778 8277
11032 19902 1114
2316 3117 8881
1641 2894 9356
8410 14261 673
814 6536 7825
11997 17562 3064
5505 15668 2112
16282 18712 136
3134 13185 5103
10227 12315 3523
4340 9795 2598
78 9198 5972
209 409 5532
11235 18558 2128
13224 14132 1197
5486 8353 5816
16891 18685 6356
3191 16715 1121
1284 7621 7168
11853 19153 4106
399 13527 352
347 7113 719
2837 8747 996
3191 3516 4486
6072 9999 1607
33 1179 5717
8927 15178 3094
15182 19338 9097
6956 14323 1067
6971 18267 6011
6068 6201 694
12861 18253 970
10470 18296 3743
3766 19430 2247
6815 10732 6508
15056 16317 8094
2892 3460 8058
980 3738 543
2459 8854 5375
2324 19256 5854
2407 18278 5464
5949 7724 2269
11913 16174 5325
14088 16744 619
10688 12978 7448
4076 11826 7612
559 15155 5834
6790 12581 6413
2818 7412 6302
648 8639 3897
11126 12585 3682
39 99 3876
12906 18344 5295
13804 18954 2711
3652 5862 1919
5556 15805 5407
4216 7333 7528
4003 5684 4976
8657 16405 397
4828 18449 5899
4708 14481 5414
7247 13042 7191
12370 13097 6807
7650 17329 1611
854 15771 61
605 10042 8366
4009 16823 83
1708 10886 252
18201 18755 7169
6976 10563 5480
1577 11026 7377
6835 14482 6916
12080 14598 9754
7678 11009 6631
2253 5147 5324
1275 14004 4357
5752 5943 7668
4826 12207 571
1179 10780 586
8447 18601 4080
8157 10709 994
267 11247 6600
9955 12478 8642
5986 11594 9642
48 7031 6841
6323 7291 5238
7624 16509 5341
2829 12684 3231
2320 19508 1737
2842 6673 1224
1616 4295 9495
10335 13137 4494
14241 14964 4616
1696 4796 4293
1098 6816 728
910 2026 8378
2183 6719 680
11109 12195 4060
690 1054 2652
10122 11486 1030
1137 1161 7094
7746 14957 8786
2665 3145 8697
12093 18996 4897
3414 16500 6586
4920 8102 6466
5132 6165 5333
349 6054 5750
5262 7145 1575
2414 9908 1609
14976 16561 2377
4153 4578 1125
4810 14748 6717
9862 18459 5414
6312 19474 1094
15020 18722 1972
2298 4080 4162
8234 17662 3533
11206 15399 9466
9866 18586 8108
1931 6269 683
1860 6888 2164
4844 19601 6381
6267 10520 389
249 14950 1539
8537 19975 4881
5098 18472 1383
11556 19943 6410
2575 4539 8564
11049 12515 8082
10351 16901 1136
5491 10680 2454
11777 14842 2512
15094 19096 9127
1312 17883 2785
3945 14995 7242
3217 18725 8230
4497 15308 550
4827 8188 5333
329 4018 4699
6170 10871 7634
10303 16611 8536
16776 17241 5251
354 18551 1292
837 2752 1259
9807 16698 1790
596 1217 111
3390 4145 8500
4780 19904 9841
139 589 8781
294 10783 9212
8516 19130 8038
711 1458 207
3522 8005 6086
699 1760 2177
1989 15269 4926
3193 12600 1046
212 19580 1970
5212 17612 7462
3443 5807 974
213 15989 2438
2890 8708 4449
4109 11535 4239
1560 3873 1403
34 3621 108
6802 15291 616
961 7687 7914
4126 15482 9058
702 5344 3812
11810 13383 8927
4299 14912 9562
1279 2440 3280
1962 5317 882
9632 14875 1666
12348 15792 7598
8613 13529 4461
7610 16110 3958
10447 10964 5669
5401 9691 6776
7112 7870 974
16455 16473 1404
17266 18161 6080
4513 12512 2060
2339 14673 125
12763 16452 6488
6374 12255 8452
804 2326 7797
15911 18644 8299
9873 12455 7809
1977 2688 3598
6186 12849 96
5541 13086 4114
5104 11099 2756
14908 19425 8785
161 13917 4359
3903 17725 4419
2710 4821 2363
3994 17995 6052
3064 15803 2508
15121 19188 3591
470 12413 4510
1134 6630 9766
12859 19926 4092
7513 15018 768
598 7758 8305
4843 15155 210
6868 16350 9171
441 1964 2642
11139 14364 3052
838 18631 7392
8684 17358 550
77 3586 216
11836 14839 6121
4994 14899 4670
3323 18618 4346
2530 9541 6187
10814 17973 7579
2901 10249 1229
4616 11742 315
344 10436 9117
3027 11551 3694
14629 18371 6553
3061 5969 7819
14870 18704 9070
3186 18163 8383
8781 15800 7179
776 7383 6715
11313 15623 3791
1938 9243 2307
5762 8934 3876
11108 16789 2257
6300 19285 8473
9137 18131 3234
556 11345 7165
660 971 7986
10012 12553 8124
3511 17443 3083
3071 18605 7375
10327 15436 962
7090 15950 1909
7379 14098 2518
10176 17229 8814
7901 14913 777
14436 17540 2556
297 17972 9791
139 11148 2244
2665 18130 4332
1727 8414 243
1943 13079 1598
2581 7204 9521
5673 16931 2650
7919 10981 502
930 8225 922
5999 11153 7338
7263 18875 8191
2086 11582 2321
4102 8291 7973
2598 12651 2684
1040 18589 2482
3457 13691 5438
8074 18967 266
4956 12949 6842
4962 8989 1552
3420 16752 4329
6197 18053 8912
1019 8206 1562
4119 19046 6356
4336 9904 5250
11125 19675 7514
5377 16458 821
6828 9334 2210
9486 10657 4791
9276 12851 7966
12556 19391 4185
6672 6984 909
7038 14176 9548
7217 18134 3182
14684 16663 2929
9559 18869 813
10604 13946 3283
6425 10956 7453
6782 13013 3826
285 9327 3345
1537 11787 2929
429 9297 40
2211 10104 4680
3277 19825 9967
10149 13844 2620
5958 14668 4547
8245 8835 8166
4793 9867 2039
11267 11852 5880
490 552 1463
7048 10212 2127
2614 13254 1388
25 181 4697
4371 17794 4711
9726 16036 1764
11765 17902 5269
517 13188 8397
57 105 5368
4575 18930 7424
1318 1431 3042
11419 13752 7528
12648 19379 9998
6391 17172 2586
6074 8163 5016
9245 10693 1694
9433 13453 5437
2111 5836 9056
1473 19176 8095
5665 17560 7017
6527 11529 8535
5997 16720 4195
1385 6839 2326
3258 9422 9417
5090 5426 7328
3368 6078 299
3245 5050 38
8052 14780 7213
11487 18516 4878
14742 16285 473
7919 8006 702
2983 3848 8210
7391 19628 9534
12129 15961 3112
2270 5173 1735
5011 10600 2146
430 12157 2251
4408 11329 9007
8959 19973 4487
15944 16778 3383
4723 13700 3766
12568 17710 4861
992 15952 4665
11101 12952 7058
12607 17971 4409
3606 3844 7092
2569 3640 9452
1995 3508 4855
568 19195 1502
14928 17860 7956
9725 18853 6488
13230 18331 5194
2498 16637 3689
9966 15124 1711
5225 12363 4074
8278 17938 255
4610 6640 2354
6935 18029 1620
252 18452 4191
2839 5889 4494
6113 10827 7168
573 1215 6036
745 931 8303
11442 13093 1419
351 11664 7113
15060 17279 2577
4765 19110 7690
13278 15447 7726
10519 17914 6408
1514 8641 1400
3137 5476 9748
3072 11386 433
2922 4151 1797
1045 5137 7399
4405 5444 2137
3396 9587 372
5062 14515 820
2655 7377 5037
1822 17131 8860
12531 16979 8363
13809 19754 8076
1617 11061 59
821 9969 2153
1662 7299 4116
340 5145 7294
16987 19732 6085
6642 9024 5628
6137 11759 3606
4447 5091 7074
10598 15335 2983
11403 12559 5138
4321 4980 7376
9206 19691 3311
3470 13511 9564
16821 18236 1226
2322 4928 8190
9876 10456 2599
49 108 9673
2086 2128 8196
4650 13983 9890
3070 3859 9107
4167 19990 1276
459 809 3211
5681 16558 2457
6205 18319 2967
1669 11211 9319
3640 17697 8645
6962 10345 5133
2510 2730 474
102 15748 923
3970 7291 2080
2229 17843 6530
15676 16956 4805
4142 14855 7232
1436 10550 6909
3407 9322 900
5830 8604 7469
2020 17562 4015
2961 15845 730
2701 8031 706
3612 12026 9323
2716 3946 692
1214 2153 1960
2699 7819 4509
9353 14794 2232
40 16137 8462
6341 19116 8551
126 3509 6495
648 2963 8098
1730 10811 2253
441 8670 2183
15344 18504 82
9230 13140 654
12565 19578 9869
11221 17961 7513
973 11056 5883
16064 19025 3085
8421 10659 8857
5042 8098 4875
3022 4622 9168
6932 13071 5613
9819 12303 2751
5341 14770 636
924 5048 4086
2163 5958 6688
2373 16315 7676
902 2561 7233
32 19070 9857
6856 8307 3424
11059 14893 9344
15937 16917 2002
14300 16726 1211
1105 19316 2340
5508 14412 568
2875 4516 6600
13732 13920 3170
177 246 6213
14778 18301 3249
6101 16674 3241
1135 10526 7918
374 794 3029
10625 19602 7569
3532 17066 8027
1027 9660 9012
15450 17464 9530
4301 5935 6395
12109 17307 9587
4712 12735 1037
4469 16716 180
19141 19325 5869
14513 15344 6129
4207 5359 2211
1522 8794 3755
12008 19177 9939
7620 10627 5367
15088 17912 1564
1105 1729 8001
928 16753 1248
9617 16340 9353
3953 17634 4678
10651 14442 8301
253 5732 9208
11389 19493 9777
3870 12109 3778
7676 17361 7753
7467 18974 581
8173 15475 6149
1105 1820 7717
7306 9561 5095
2110 14077 4579
3598 5060 1113
17646 19638 9963
17176 17333 3295
3300 12256 24
1717 15848 6093
5525 12332 756
15820 19019 2449
8610 14291 1111
1924 2306 7951
3572 8911 8885
9365 12987 7430
3518 3997 6346
35 716 4000
9109 13891 9183
1393 1868 27
2913 18260 2356
14598 16408 8132
4378 14144 6024
3772 17216 5127
16196 18985 4765
2855 9507 8243
6052 6544 5030
599 3103 8233
8971 17966 5818
1938 2865 417
7159 8539 4128
12707 13571 2756
5665 12289 7237
7458 12494 5197
916 9132 9748
856 1715 1249
5406 17936 8232
6568 15793 4079
1901 11754 2056
17 618 5379
13818 14663 1434
626 8973 476
2578 16817 2428
3897 12831 5984
4430 9958 9900
794 18029 1552
4452 8716 8210
2708 8590 4595
1415 15854 8129
194 309 3599
7621 8847 4285
6447 7170 650
10185 14917 7993
3785 8567 9766
10137 15925 9409
5193 19916 5543
536 15345 6630
1474 11697 6552
5982 9471 524
5047 6522 8646
7801 11920 7128
11815 12527 1439
13388 16517 6967
12484 16707 3177
5647 8443 9953
7116 8010 3838
8150 10683 2916
10423 16524 3412
4537 15409 4985
7109 7398 6703
15821 18327 5997
660 7360 1197
10179 18131 8956
12713 19293 4480
1206 13208 2577
15384 16237 3754
7604 8912 5366
1036 9534 7777
3407 19815 457
13844 18288 1987
12419 18534 7133
2903 11407 6610
9128 12351 3724
10720 16010 3051
5817 6074 8986
8063 9503 7362
15699 19353 3781
2921 13461 8973
2181 5871 2745
9241 19004 4674
1180 13706 3387
12438 12587 250
4677 9963 3700
5992 6239 7806
2166 10435 8399
808 16360 8996
12619 18698 2887
108 7545 6283
9626 18136 4810
641 2981 7999
1214 11776 6446
957 19785 5033
10764 13267 2533
11877 18579 4847
722 13208 7447
212 2751 7078
917 17728 9311
5592 7952 5630
2006 14869 7449
9386 15350 773
3398 17230 9717
3137 11844 6339
6986 13984 9203
8034 19936 3087
557 14142 9999
8012 10935 6530
9451 13376 2276
3803 15535 1968
3184 7499 2386
6484 10068 3152
755 14264 8099
7020 9873 3465
2132 3009 8049
12555 14535 3896
2589 8992 9055
14302 14740 6289
2945 8376 803
1657 3288 4706
9510 18892 8237
5368 11130 8954
4025 18386 301
4558 8122 4795
266 1040 2250
199 1492 4604
3205 15946 1797
15146 16487 4852
16154 19016 8256
5578 10302 6727
1171 7290 9577
1296 4286 4085
10019 11604 8911
374 6044 6897
4906 7194 8078
6442 17177 8510
3382 9837 3775
9193 15927 3021
7723 12141 6379
6573 17935 8697
1224 19943 9233
12433 13408 3018
9515 13081 2137
15377 18135 3185
5608 11314 9146
113 641 5375
15522 19215 6646
3643 6899 3778
1090 11223 8581
8258 13205 545
1883 17128 3342
42 8641 4716
6367 14828 9176
6191 17937 9477
4039 14817 839
14665 15172 1601
9218 10234 4799
135 4360 4034
9363 18178 5666
14837 19274 2930
1250 18404 1366
4790 5212 9118
1921 11016 225
10869 12485 8687
2642 4382 4959
6605 9440 1369
2688 13077 7009
11149 17105 2215
3671 19198 4643
156 8559 9519
2916 18455 3269
709 13704 453
15548 17013 687
10863 19152 5206
7707 8790 973
8110 8443 4914
7765 13064 5284
6434 17270 4765
4468 16558 8124
2868 11032 1398
11405 16732 9053
10508 10590 6058
1619 10289 2195
4151 9805 8844
1577 19954 6816
7536 16402 7880
7656 17833 7105
2495 6273 955
597 7952 5441
3820 15281 7805
11 17 4485
9650 19636 6133
5714 7777 2170
2468 12751 7401
2639 12741 8607
7041 7513 1425
9504 11214 36
14829 16841 324
2345 6286 1890
2590 18539 8663
3255 5588 7564
619 6325 9514
4684 14868 6295
6 8528 2693
17 331 7522
631 8641 4851
12147 18639 2440
5065 5381 1147
854 1424 7968
1204 4688 4879
1212 8925 3548
4035 9616 3540
966 13186 7239
2459 18332 1885
15535 19769 3783
547 13015 1552
4094 14645 3402
9854 10505 319
412 17114 7468
5589 12659 6649
11672 15227 8287
5789 8433 8684
614 18093 7069
4768 17166 6112
15239 19259 9573
861 15077 5011
787 9113 9578
16945 19685 5766
4733 17930 5969
510 1193 3572
12334 18001 5323
1408 8470 9898
9622 12548 4921
5301 14297 4083
5679 14474 6302
10229 16699 6985
10766 11585 605
1042 1901 749
336 8236 8914
21 3651 3588
16860 17557 3649
5234 19929 8413
17482 18939 2791
17059 17543 5130
3315 16157 7684
6474 12433 5717
5722 11000 4982
16678 19226 2214
82 10095 7584
4777 5105 5027
1842 4150 8969
5852 16010 724
1396 3206 1357
3724 14226 9190
2137 2259 4771
8068 11242 2795
5912 17545 438
2607 11575 1011
2730 5714 3494
15220 17125 7093
324 1294 8636
11633 19067 6751
4662 10802 1965
215 16326 3193
538 18444 9864
8569 11308 7405
1154 4135 7016
2070 4794 3164
3484 17705 910
9181 17727 4149
3297 7436 7345
7128 8195 1558
7307 15404 6691
607 12872 6964
13 18210 2664
4624 5044 4482
2805 13266 1843
13814 18254 950
9832 14062 802
573 15809 4840
4959 17039 6448
5541 11893 8537
9773 11827 255
7901 15130 7304
12068 19312 5707
15322 16109 319
6016 16210 1631
940 18233 1621
4580 13429 9722
9389 15016 5531
2511 15750 3238
1056 12804 8743
6920 7244 1898
2024 8601 3409
11740 18713 1941
11301 11730 9025
11459 17395 6291
13597 14416 6668
4471 11269 1026
5376 6337 7625
2982 13889 1055
830 7824 5166
4222 12535 1840
4963 6190 260
6756 16808 8360
2769 4122 7663
3527 6199 5759
14665 16304 2138
6064 14712 3446
13834 15630 8210
14022 16674 5204
5110 15823 2952
2628 3580 9884
7111 17189 1740
14297 19652 9226
4357 11686 1938
2684 6034 6741
7811 10129 6464
367 787 2164
6754 10109 9510
456 630 7220
4628 7678 9799
347 465 4340
7110 13997 1458
10548 14959 4961
9847 15113 3178
4908 11912 9244
201 728 2358
5264 17723 7220
2448 17223 1356
13635 15571 3637
17068 19048 7692
4240 4946 525
2663 7454 4473
5680 6991 706
6362 17799 1168
515 8488 1663
4793 7888 2924
8864 18809 3919
5119 14891 5230
7092 12303 6350
256 2887 7722
8008 11306 54
748 2355 8800
10008 12708 4945
18719 18754 9637
824 2950 4862
511 5677 1083
2254 9418 6931
2875 5103 6267
17631 19107 7355
13648 16448 5232
884 12698 3647
7226 18117 7280
13859 19911 4176
7151 17872 7457
563 1654 5770
1638 9259 5099
7040 12924 4650
5556 12878 9083
5034 10103 1584
5208 13840 2370
10711 10812 207
1023 2712 2483
5631 8078 9651
1723 13925 4673
7042 8758 7482
12842 19028 1375
6375 19157 8822
1861 12103 6606
3490 15032 4553
11041 19681 1849
13737 14268 948
12214 12848 8830
3561 8116 3631
7662 8685 2214
5146 16753 9748
14222 19006 1412
5527 10244 3175
5185 12169 7838
1757 12247 7250
8850 17025 6947
8448 11243 7899
6121 8598 8429
277 7366 2791
8034 17526 752
6883 8543 9379
4434 18085 791
6123 15306 9490
9033 19638 862
2397 19043 4806
2961 5162 5388
8011 10274 7167
3998 8827 6718
12062 14561 2565
12292 12914 5538
4803 5121 2729
3468 18214 7741
15394 16581 6760
11774 15365 8327
5395 7720 1181
14829 14979 3917
10396 19840 6388
10525 15458 1666
686 6279 4307
8464 14728 1265
6089 11730 9922
1263 3280 3488
1238 6559 2572
53 56 8369
13366 15717 9019
359 9999 215
49 335 5308
10794 14708 8838
1424 18644 6357
8643 19838 3930
463 3361 7766
2734 15648 6386
10740 19160 8065
9675 11866 6795
153 351 2001
14406 16238 9987
3403 8616 4605
2327 12930 9040
479 735 6088
4261 16815 7817
3199 9067 3335
11823 13662 5420
6853 18147 1389
11492 14608 288
247 16222 2650
5977 18057 5190
9993 16034 7724
4631 12479 2673
1905 19427 8758
2050 4541 8366
17132 19639 1910
4984 16251 6766
4633 12279 7128
3861 19146 965
626 16808 8576
12799 18329 9548
1863 19814 5243
2397 5377 6614
1211 4839 8044
7165 12335 6282
4880 11259 7869
7448 19380 1594
5918 8395 52
1318 1814 5556
6368 17793 6084
7774 8202 8073
4196 19990 9619
6972 8275 9705
7776 19270 8950
13115 16525 1036
7597 10605 2264
2919 3247 2935
2131 8142 1730
10784 15734 5337
7433 15848 5015
1787 5728 6046
832 10603 655
2234 3437 4992
14990 16792 9540
8507 8574 8883
5906 7352 2959
1613 6312 9750
5245 8751 7356
11769 13350 3450
1662 8854 777
2449 9442 1507
15674 18435 2474
7516 7844 4023
8106 11119 9082
12576 14139 9342
9918 13567 5264
3786 3807 5504
9653 16479 5568
3339 12099 6089
10340 10590 7165
10744 14662 113
9238 15292 1868
4593 16874 1552
8603 18303 812
16157 17866 2083
14668 17070 2480
6832 12597 3741
13107 19213 6497
9002 16955 4739
7269 10007 7013
4893 10311 318
2284 13338 4075
3356 5617 5366
655 12522 5394
8792 9876 4432
3208 6702 243
17119 17522 5769
12914 19656 9488
8756 12825 7617
3232 15698 2074
4956 12149 4040
4546 10753 8533
1746 8184 4104
13251 17533 9999
1539 14902 4670
14086 17836 4222
4531 8620 935
818 19421 3609
6270 8417 1820
17587 18107 645
12144 15680 1723
5733 15970 596
9367 18300 517
10526 17117 1367
362 14637 8696
5587 8784 1798
3897 18581 2635
9407 11744 3196
4828 9116 9462
2785 19223 5249
3680 8611 6158
16786 16829 6446
1339 4543 7935
1912 14671 6719
11720 19806 1838
199 1690 1738
3938 13773 4392
9504 17327 8086
4176 5185 9156
8852 13209 9078
631 1456 2837
7154 8596 7225
12095 13310 5226
2683 5781 9532
7828 18847 7900
4443 4630 5180
14008 14500 2717
8289 19187 5236
13834 18745 5561
957 2733 8036
299 7014 2254
7236 9436 7549
981 3002 7909
11800 16772 6517
1440 9898 6149
8845 18126 4847
8732 15148 9014
10317 13142 355
4866 13642 4588
2398 4927 5515
4490 8711 7696
12936 16451 9567
10477 16412 819
2537 2997 8419
15280 17282 5761
4466 7365 7969
13835 17108 9472
8409 12515 8553
10331 16725 8814
62 12822 2578
18551 19338 3706
2176 15582 7300
2273 9667 4677
14779 15585 1623
17002 18111 8006
13 16 3723
3182 5846 509
66 4253 4472
10904 15147 8563
429 1881 1898
7884 9963 2553
12092 14621 5090
2502 12614 6891
15161 18313 5783
3144 15841 9292
5147 16012 6571
36 5712 6011
3555 5655 4832
8340 9023 9662
1520 1941 8093
10599 15977 1859
487 2744 2800
1641 2704 9645
8820 12194 8039
4243 7711 723
2712 3063 9588
15604 19095 3336
2287 5082 4741
2386 19290 9319
16885 19389 5445
9033 19827 7325
10060 13003 1132
1326 18040 9150
9078 19424 4351
4773 8165 5000
9752 14874 669
2665 4674 8240
15573 19064 8281
7402 10367 5094
9557 15108 5746
265 1656 8213
10480 19943 4918
4761 17122 4601
12918 17511 8878
13705 15479 9787
873 16889 7005
3215 10081 6898
5235 8115 4812
4147 5744 8864
7911 15761 971
6585 9123 4722
6372 6892 9334
724 3634 4034
11767 13971 7451
11778 12788 6066
2252 15788 3758
813 4250 6443
6170 19677 9614
4897 10627 4512
2182 15328 7738
9527 19545 2092
9084 18410 5719
161 1894 8299
10601 16599 7984
3405 5465 6836
10230 17063 3827
5980 11147 8351
1682 2945 683
10767 19363 5909
11357 17590 2795
155 1029 2568
7585 12592 3150
3055 18656 5667
10115 15338 3854
2342 6333 9650
6066 12838 1895
1864 2651 8167
5927 15457 6510
8870 12561 9781
1864 3442 3138
7500 14283 7416
13138 14087 5457
64 11960 5837
10806 18670 1874
843 14609 1772
4031 6921 7346
5001 11741 7076
3745 5986 2198
1663 9327 3910
92 10781 4730
6897 13042 2086
6438 13484 538
13138 15440 9481
6167 16012 7698
4807 17406 5110
5858 9596 1186
5036 14116 9780
963 1498 8816
5483 9427 8165
2324 18354 5429
1340 15535 7468
11958 12108 4558
5928 14252 8205
2158 4093 4466
8755 9824 7589
2659 10556 1901
7852 10263 5461
4992 6694 1683
6232 19791 7787
15088 15291 5258
599 13021 6423
19013 19912 2886
1170 1581 3943
2896 3620 3431
6052 10902 2205
1556 1619 8863
6685 11085 9393
17758 18578 402
14040 14049 6673
10305 15719 1456
5906 15289 4594
1476 14747 4769
348 443 8591
10489 13773 4393
4819 11446 2991
8614 8946 5489
11213 12549 3926
2155 19243 4222
9359 14791 1082
1206 1221 6739
8048 8776 569
9707 18234 7536
2469 13238 3380
2164 2332 1247
3464 16224 3915
5833 14801 2585
5498 14612 1736
2091 10444 1528
1742 7289 915
7708 8664 2715
2249 9624 2405
14968 19793 5707
1018 13897 8741
2941 4875 1617
3729 4230 7864
12760 13678 7561
17149 18174 7840
3002 4526 4962
5671 10966 5714
4093 9756 7858
1525 13641 9122
4063 16266 9488
10335 17698 1898
5449 12760 2180
3620 4534 4793
1397 4167 1996
5584 8147 7732
1335 7532 6471
3022 8191 6991
2922 8219 2739
692 10447 8550
1014 18876 6620
4692 19509 2805
9090 9705 5338
4524 5128 9297
8212 9385 878
18960 19983 805
5660 9193 2945
5720 6882 6835
2628 6088 5089
751 4345 7790
8903 16440 8271
12357 15900 1663
847 2454 995
10026 11083 3886
846 18742 3536
7965 11650 4906
9688 13382 4780
10830 12160 7737
4331 9225 7351
5861 9532 3883
3153 6514 6281
178 827 4921
1479 3945 1963
4764 19314 2803
9430 10849 7291
10440 16085 9867
6447 8643 8135
388 704 6817
8053 8999 4050
2628 2873 34
6864 9936 8543
10057 11658 9073
17205 18601 7357
10799 18016 4405
1162 1259 9007
5905 11018 463
15173 17954 7076
7456 14512 5111
4925 18534 6726
8157 9745 1434
2347 12810 2060
2250 17566 5279
9136 9713 5812
15132 18979 3791
4093 8642 3594
1918 3284 4333
9170 16857 8362
2022 6726 6233
4707 5954 4065
6408 11582 1797
1437 2838 98
10734 13925 96
512 2509 2331
8469 13168 8668
4481 17117 4882
3620 3636 8720
2353 4719 6469
4478 16739 9710
5338 14112 1133
9836 13532 8893
13663 14792 7508
11068 17195 45
9844 10642 7021
5172 5218 4150
8448 10229 2243
5985 12804 3959
10823 16206 5196
12443 17239 1060
1734 10015 2128
9270 18077 3
1661 4235 7276
8304 9909 1996
9163 17808 6428
1215 2030 1590
12224 16973 1372
3889 10611 7466
380 657 8697
1340 19125 7139
8264 12762 5702
11849 19896 6243
8294 12325 7145
13625 14598 4986
9927 12505 9346
364 583 4665
3194 15451 6931
3167 8607 9066
2291 6235 8862
1059 13601 6635
161 15837 5572
2279 13092 1815
7128 19505 2317
9519 11714 9684
8037 12177 1229
5979 9820 4662
6237 19713 4762
14544 19748 8156
8739 12424 1957
12612 13101 7251
10492 15763 6768
1767 8277 1553
9935 14467 963
4595 15727 2370
4028 10581 8541
15730 17659 5722
123 2727 9464
8309 11014 6910
1631 2527 5279
1053 3185 9175
2396 2928 4705
11147 12594 7265
2178 6188 2658
7002 16926 8865
14193 17760 4780
10880 11273 3420
4754 7984 4531
12820 16908 9478
1930 4091 607
8122 16742 6300
10141 13231 4871
11349 17904 935
397 14837 558
1802 7757 6518
8482 12693 3222
15468 18614 7865
1418 5289 1544
5521 11270 263
1559 10273 4145
7036 8873 2295
2457 6371 6648
8841 10284 8779
3609 12587 3537
10292 12606 3859
7177 8021 3362
4147 5106 4193
15010 17575 6012
4602 15792 6883
12732 18437 3076
9305 16924 2440
409 3241 4448
6916 12232 8050
10378 17009 483
12079 15260 111
4231 5612 2751
10625 15188 4315
7382 10677 9637
919 15550 2380
3159 5177 3110
105 178 5965
6338 12190 4125
2767 17029 2369
762 3423 1625
9025 15117 2644
1602 16048 4099
703 7481 9354
8366 14878 6452
5933 13744 4984
2903 13533 1319
4543 14253 748
2169 15212 871
8955 10667 3643
2183 11569 9880
11886 14118 2640
5595 16060 6147
8580 14671 8733
12080 17058 1415
8652 11807 8794
2748 4315 6585
2095 4910 2554
7142 15896 9501
2412 8314 5738
7605 15311 2380
1285 3244 8832
9213 10728 2533
802 4857 8608
1828 3692 4578
4611 11858 1861
6091 7497 3392
9117 9871 1830
875 16058 7576
10834 12491 2150
13551 14536 6063
4371 19312 9879
2870 3555 1250
3360 9446 264
2696 2703 9235
8440 16950 4600
1337 19490 7641
6594 9813 8532
3063 13654 6798
2471 2841 3347
84 180 6529
3601 5809 6891
1742 13711 573
616 624 8185
1383 1755 216
9850 14127 7265
2318 9514 7065
12757 19555 6495
8437 10010 3422
12362 14847 7100
5575 9288 7602
499 501 2542
3135 5423 6704
1696 13000 293
9215 9467 4361
6368 13135 3722
8452 19593 309
831 1763 8967
6649 7831 4789
4401 6779 5115
12367 19442 2695
7549 12417 4613
337 6077 2852
16484 18193 7000
1118 1281 1470
966 12904 4186
6762 13760 2251
1745 9573 2238
500 8693 690
2167 11596 2784
11909 16376 6903
573 1668 5457
11502 12309 5132
13238 19917 6457
7999 19746 5176
738 7164 9032
5336 9396 5098
10907 16298 9490
8470 13762 3521
2920 8800 3218
1948 10785 3269
10867 15981 8442
8433 9171 9254
12408 15335 819
4566 6803 3949
9295 12646 891
17 4994 5639
2584 17837 2260
4990 8087 8972
13638 18150 9344
6349 7848 9173
13326 19860 5857
5633 5910 3994
13002 18765 322
2370 5941 6056
2627 15080 1210
2999 12462 3708
3549 14040 796
9481 9889 7239
12648 18546 3774
10066 17504 3909
1655 10726 536
15282 15874 287
5246 7044 8491
5152 19512 1039
9964 15244 3446
10058 17280 2665
5208 8392 4822
3186 6623 8840
5758 18880 5111
4532 19830 8847
9196 18281 9221
5474 19834 383
4315 7292 4870
16648 17180 262
2738 13510 8690
9660 11629 8899
3477 4088 11
3368 5437 8892
14898 17429 6008
278 4513 27
7406 10667 6095
6788 14675 8382
4328 15517 387
10408 10554 8711
11806 19572 1527
5458 5499 3074
4768 16819 239
10243 16990 2191
625 3175 9832
4255 9227 7794
15833 18224 5374
2533 5839 8943
7547 13105 9472
3397 3623 6384
1850 12110 6126
2656 18651 9418
1859 16227 3812
14124 19559 8304
5632 14173 4682
12937 17213 9221
13469 17657 4892
1539 2635 7041
5016 16386 1649
12268 15195 5992
344 14245 5831
7151 18803 2346
1326 17387 8176
9231 10236 6
2421 13725 4971
8128 14456 816
9830 17689 8984
1065 15559 7651
6302 9345 9490
558 1887 5439
9565 18699 50
3461 8705 8432
5147 15285 9268
10845 13078 1333
8495 10268 9357
16883 18381 4338
10910 17472 7364
3307 13709 5858
2279 18597 2890
5971 13564 2671
11198 15232 5791
7289 8967 1427
4604 18183 2267
6267 18567 880
1500 18319 8570
4233 12362 8172
589 2369 8731
15180 18348 5782
3367 4537 7986
8868 13397 9260
8499 9411 9610
10943 16771 8882
2458 5292 3256
9114 18612 5569
4466 8399 4990
553 14621 1611
10170 17224 7187
2556 18861 8511
3598 18061 1279
5854 6978 2499
1631 2264 9356
2349 6365 1337
14550 16420 3186
16403 18443 3949
1 5 9490
1326 1955 1226
16771 18238 5192
14707 15963 8916
1999 14747 2329
63 115 3571
465 762 7108
10730 19623 7533
8704 12106 5790
8541 11953 4000
7194 15933 4651
6805 11673 4120
16150 17924 7949
12589 14271 5366
11530 14621 4247
1554 5453 1810
649 19091 5927
1278 15018 1568
349 7737 2957
3548 6237 7698
12888 13018 7082
6418 18881 8771
2595 16212 4283
428 13926 2775
5278 7724 7468
4575 5762 1932
6493 10985 1773
16582 18731 1609
2849 4173 2448
8789 12496 1672
3889 18607 7521
503 647 5272
5985 9185 116
10933 18273 1538
3376 10023 7000
567 1607 5544
8655 16775 9373
6344 13814 6807
4909 11614 5201
522 2862 6943
3466 7564 8117
1145 19401 7451
1785 16567 2423
380 18421 47
9852 17464 135
13137 16824 624
6939 7052 6326
6723 8819 2958
488 9586 407
530 543 9114
1800 12247 9653
5309 19991 3870
1361 9830 1347
9862 16037 8088
3642 9824 8628
1573 5115 7305
410 3228 7912
9 1180 9068
4798 14815 9301
8755 15372 2982
4186 4557 8791
6732 10507 1203
3868 9973 4631
695 791 141
3091 4401 4327
12249 17186 6055
262 13067 5535
9944 14886 2437
18011 19731 9625
6769 10245 2247
955 9587 9974
2079 17096 5210
6190 18705 3974
3099 11857 8132
3039 3299 9829
6118 13662 2775
61 11374 4605
11913 19696 680
2843 14422 6913
6947 8151 1445
16697 19913 6631
2816 13976 8268
290 17071 9719
6472 19197 9307
14648 18503 5505
14043 14763 4575
5017 8759 497
1148 7845 4833
15811 19258 6867
17572 19102 8332
12475 19986 4766
4012 5740 5538
15170 16692 9133
1815 19281 148
723 19995 4758
4579 11946 8982
13552 19279 5097
6347 11933 8216
12406 15838 7813
5328 6385 2138
12175 18691 4768
412 16904 3753
101 495 4013
3107 3970 4387
6072 14530 8679
5646 11825 9908
1020 10963 5931
11364 15198 8214
1781 4520 5916
13904 19869 3853
4078 19774 5836
7413 11391 3646
9113 16351 4456
13241 15891 729
4448 5655 7400
2845 11796 5696
887 12636 3904
1244 1301 5234
1019 1174 2378
10882 16622 7559
10814 14982 5385
3351 17195 3024
3580 11647 8820
14257 19486 3204
3624 7103 3136
2911 11346 9633
1292 18969 8138
7905 16798 7645
11057 11237 6894
633 12135 8510
5622 14301 9888
124 831 571
11203 19109 7977
5938 10904 586
9423 12685 5354
2136 19960 9074
4406 18519 3975
187 3370 3084
4792 10297 4014
2712 12290 1762
628 9217 4407
4793 9338 6955
16380 18834 6456
3184 11979 4927
5470 15034 7981
3649 17470 988
2731 19220 3271
11549 15016 6296
7863 12065 2112
5486 6662 5987
14070 17796 5806
2599 18759 5150
3939 12660 1508
6372 19477 9996
13483 17215 5096
5231 13820 6455
3867 15046 5054
16796 17116 1696
3894 8581 7614
17642 17937 6648
6956 14464 3581
1554 11075 5069
8123 10016 6443
1036 9137 242
8186 17617 8340
864 13520 675
2398 18772 8009
5512 5781 3446
4386 14671 428
4784 18352 6797
634 19238 1031
1019 18209 6627
6893 7898 1086
3035 18928 4911
1629 19935 7639
648 8815 3898
12452 16507 6740
6705 7147 7286
70 10163 800
214 10183 4816
157 302 3335
4825 12757 4804
1949 12882 6011
4673 14864 6691
6808 15385 2060
990 4420 6916
3294 3684 602
8537 11184 8687
3737 5703 1875
6014 18482 6136
16978 18453 2242
12282 12695 2532
5801 18351 7810
842 19332 2572
235 7979 7851
4 19 8561
6434 16446 7957
52 3895 5173
14240 15869 2527
808 1187 6694
7146 10694 1634
3207 4242 5510
4771 8019 4584
2276 10511 1977
7345 18183 3076
10661 13667 1810
8238 13674 9436
5243 6245 5203
1159 18490 9061
15476 19216 8230
578 7132 7554
2862 11880 6951
2522 17526 6915
1362 2826 8951
17805 18616 2907
191 5302 6562
50 580 365
3216 6746 6120
18300 19242 4606
314 1942 3924
126 820 4589
11170 14696 9528
5094 18159 446
1137 18984 4465
521 658 9492
6081 10913 2685
5600 7484 648
12572 14775 7103
9693 11139 9732
9270 9933 6519
2700 8091 828
7877 18807 7581
3668 12276 3533
5191 9481 7517
953 5768 4394
15243 16432 5445
11373 13720 435
10307 13517 3885
8621 9242 620
15382 16719 6087
577 9750 2885
7618 10086 8844
3257 11599 2308
7884 16060 151
13959 14613 6310
5690 12820 2299
6160 17931 6867
6729 12656 4706
8800 19631 4459
3436 15252 4565
11229 17680 3092
6758 18490 7344
1193 14702 5258
9016 12973 5784
1921 8463 2932
7493 19291 9406
3889 7134 9134
274 395 5159
606 17079 9911
13542 18883 5980
825 854 9867
5013 15907 8732
8690 15555 5781
10695 18052 4328
10100 15066 3124
1390 13703 8313
3114 9325 3184
713 4599 1039
8936 11122 107
3090 12878 1109
9184 11584 3757
590 932 5613
10606 14878 4075
9044 19270 9697
10900 12770 6133
278 4932 3196
7763 15398 3406
17 19102 2457
12070 14030 1484
7822 19752 1214
4695 5944 5201
1659 2132 987
714 7953 1473
7625 11708 9461
1871 2624 506
11598 18108 9035
13679 14563 1361
695 6211 4536
179 2319 5571
277 4224 5483
15368 19003 5246
1222 1968 9719
125 913 8989
3611 14272 4207
2874 8705 2659
7074 19079 4742
6371 11124 4610
4756 16332 6027
1269 6687 2488
1404 19499 8912
4532 18069 6692
1316 14136 5384
12492 19553 1959
11224 11954 8529
6436 15909 3607
9995 11410 6198
731 6435 992
7759 16409 9601
14255 15473 2284
376 9588 1571
2252 9933 8006
10117 14321 1254
5434 11084 7081
2097 4003 6128
7244 7642 4820
800 1842 4134
4573 6422 6072
2948 18829 489
1508 9907 433
829 4902 3358
632 899 9428
3410 8918 9861
3922 17802 7897
3877 19851 2106
302 18049 130
2185 17416 4744
10579 17709 4451
1555 4299 2264
8728 13225 9802
13091 17035 670
8974 10415 3027
4739 15343 1837
1129 11954 4123
1331 18344 5758
10150 12547 7503
83 1704 2163
81 1549 1794
483 1743 8617
2473 6372 6392
8127 11043 2132
12690 15342 5841
5468 15417 3586
2049 5155 7243
6620 8062 7596
8384 18010 2861
3132 4147 6411
463 14912 1924
14794 14807 5919
658 2224 6296
7704 10623 4262
572 9412 4973
2433 12867 8041
7424 12198 3047
2088 11129 6502
17709 18487 3855
5575 6757 2939
7483 13458 4911
4018 9160 2484
758 5987 8534
17532 19444 9561
17448 19312 9663
681 14397 8121
8739 13300 1910
469 12714 40
10416 16744 1909
6835 18330 8418
2006 18035 243
2156 8256 532
11052 17986 9123
669 12034 5159
2462 12468 6851
721 4507 9155
7781 13035 751
3434 10823 8037
10174 15094 9537
243 371 7683
5941 15025 2042
11492 14148 5350
11270 13894 8716
34 10288 1637
145 279 5421
11930 17636 6182
1642 18300 4718
2349 3121 1804
3747 17570 8079
10139 19422 6865
11997 18970 8748
1969 4032 1751
16242 17001 3940
5769 12687 9402
8268 14514 9471
557 13315 5037
778 3180 1693
6716 9293 3660
68 13200 9565
6459 12970 3478
115 375 626
7588 13317 5016
7446 18850 9147
6832 17670 5305
1054 1892 1827
1859 11601 1289
1128 13132 9150
23 9078 3895
8528 12093 3633
745 1351 3031
7396 7584 7896
7909 10475 8480
11648 19158 3379
7271 19001 8608
8162 8319 4369
6688 6820 1018
3968 5946 5614
369 1197 5232
5949 13555 8865
11675 13692 7777
895 6243 2711
2195 7108 4776
6716 14182 5616
3647 4888 2157
8366 9264 13
18198 19012 183
295 13984 9456
3605 11316 5546
5162 11819 2847
10282 14425 3507
1462 1813 80
8068 10118 2286
12039 13077 8252
8821 16890 1269
757 5475 7796
3294 5007 8090
103 1188 6500
3429 19103 3960
8994 9667 1484
579 2173 5989
7653 9548 4807
77 993 8921
2006 8104 4307
12684 14235 7456
11243 19709 7091
17122 17827 2926
1490 3143 5845
6562 15029 9897
4557 10521 2887
14012 16433 3006
2437 15354 3845
71 7509 6339
480 1384 9525
2264 8543 4487
9663 9842 9335
3 73 658
6095 8013 3218
13039 16987 5043
4151 4191 641
2097 7766 8356
3789 9389 7990
7245 12632 4748
702 9195 6889
1744 19652 4813
1290 2214 3173
16832 18473 5583
9046 19852 1949
12565 15428 7427
187 2044 8664
4218 6519 6335
10889 18021 2344
10722 17251 8479
3972 16872 7128
1188 3280 8098
1089 3474 4970
7673 9959 1583
12129 15147 5935
2278 2490 3763
5370 18377 2988
1964 9384 8087
10832 17426 5070
11874 12567 615
4228 10858 1074
3227 15050 7095
1615 6670 6509
494 1550 8668
13468 13930 953
11953 12158 4613
3294 4475 3813
253 14195 9037
448 12757 6959
307 2263 408
2452 15889 9213
6712 18947 1959
3528 15074 5426
305 711 4919
172 685 5120
6360 18297 7283
8490 12272 6784
10146 10390 2359
12326 18449 6464
4132 18474 8620
3322 11327 6044
4039 12840 707
6074 14909 5140
10379 16002 9049
3663 10001 7941
7161 17644 8461
945 1286 4661
5726 8159 3143
8182 10170 8017
3665 14285 4805
6269 19365 8322
6842 14121 4024
9147 9470 4552
3054 12688 2205
3174 19686 2273
602 3492 4513
4634 9685 9839
14550 18701 7363
6201 8215 3117
7791 16332 4822
16364 16618 686
4247 13045 3125
16928 17324 1975
9836 17158 8040
620 4627 2957
2309 10496 4912
1413 1465 6227
9306 9740 2758
1223 4408 266
7708 9414 9983
1154 15046 7650
12036 19666 2509
3837 10272 2049
8250 13405 2816
838 18198 5021
468 15833 6485
10469 15440 5669
3771 4458 9131
44 742 380
3601 19498 685
6044 13293 5184
7597 16697 7036
10288 10382 4527
10368 15379 7034
239 1766 9069
5544 18433 2067
2869 16552 9711
980 4117 8353
500 11186 334
18620 18790 871
408 8075 9470
14412 18073 6254
2899 3191 27
3565 12190 1353
11483 15911 4014
15988 18486 3101
14233 14714 4113
12571 13804 8992
7884 8853 6516
13825 14555 6398
776 4432 7797
6402 19967 8868
11405 18591 8036
456 18965 7012
173 216 2010
14801 15287 2922
1857 15003 8589
6384 14907 8070
8285 10521 371
12342 16575 5158
8830 19201 4045
5941 19860 3175
311 3544 1409
4045 16045 2958
71 88 1904
7598 12766 8692
895 17399 7254
2113 15380 9389
5822 6996 5238
4811 11191 9383
11669 17387 4587
672 5375 6458
1440 2951 1250
13580 19576 7494
3573 3786 1593
51 1980 3225
2249 16317 3485
2839 18288 2826
3369 16525 4284
16033 16847 9439
1995 19016 3037
29 82 906
1257 14680 1214
5421 7312 915
5671 14535 297
5137 7579 6527
790 18517 2207
5753 10697 3098
4071 18891 5305
328 3272 140
258 6598 1501
510 9940 9038
11077 15162 2186
230 963 8289
12802 14058 4778
118 11152 5372
2773 11127 4019
8210 17909 3841
5382 7990 6336
4909 8288 7460
16988 19092 9196
537 2588 4067
5853 10371 1346
6985 17866 3937
5707 8721 7005
7272 18920 6770
8604 16522 1205
9785 13787 5135
4990 5030 6232
3697 6195 487
15274 19898 1285
15873 18159 7297
5136 19877 4261
4250 13719 183
146 19900 453
2270 16326 3815
17453 18335 5833
17152 17435 7137
1801 8083 5094
5770 14222 1129
988 10638 3421
911 1645 3673
6943 14329 4695
4973 8939 6270
6704 16894 4717
4901 6185 4240
4174 17966 5796
751 8668 3957
6112 11224 4428
5751 11623 7015
5300 13238 6791
7029 19825 4073
192 5002 1437
6613 14420 7973
12435 17167 4530
516 9210 3623
749 6571 2067
1734 6478 7250
8461 11403 8945
8797 8921 5360
2638 10704 93
6204 14338 5678
1311 4268 6646
3967 16003 8572
1741 4200 2237
10706 12769 7204
9778 14405 5008
2040 14056 4909
11097 15317 1537
2604 7043 7929
384 17670 5252
3571 18767 6207
5856 18580 5967
4732 9660 7839
722 2163 9528
4933 9666 1853
1576 12490 2533
5114 12713 3363
1232 11980 7774
2426 9442 9884
13552 15874 4225
6198 6926 4119
393 8094 3220
7344 7642 632
10142 10576 4018
7416 13538 3551
6115 15227 3511
5805 11099 1892
9758 14620 9997
7233 8528 7907
1288 5333 4422
12318 18042 7718
10973 12156 2594
1202 3566 8846
1243 6148 7780
5143 5426 1113
1351 10976 3821
1690 2260 2409
354 5045 3201
3539 14598 6477
3685 5769 7286
3714 12259 7074
2113 11626 9417
1048 19449 239
17559 18676 2532
14999 18741 4103
1942 19161 723
860 18898 4279
5968 14579 6682
4685 18136 1494
8899 14903 1244
710 952 502
10006 15453 2261
9376 14999 3491
15415 15825 9321
12777 18548 3995
1730 17574 7308
2474 12540 8416
2968 13437 1851
3630 17354 5814
868 8385 8771
1818 16574 2362
15064 15164 130
83 4229 9895
12830 15226 8337
9993 11600 3915
11150 11854 5644
8445 18480 3453
10058 11551 4880
994 2163 3438
5421 11520 3922
1363 16485 4499
11680 15420 8505
6609 9373 2984
2687 10381 7419
18661 19108 5607
2467 10685 2947
9808 12751 3487
3028 3683 8945
366 9701 2103
11711 15780 940
16038 18328 8260
12282 15282 1752
3206 8264 2705
6422 14385 5952
1510 2325 7866
4180 17056 8868
6928 7681 4403
16513 18210 8168
1604 12532 2059
465 4779 7458
12375 15702 2177
15054 15149 2828
18055 18488 5374
5732 6285 3384
4574 19870 413
16025 17450 4462
2120 14720 2950
5936 10089 5201
1725 2996 9027
13793 16050 4784
2312 4216 219
1468 6078 7747
7788 10284 2142
5121 6693 4886
15431 18314 9008
1781 13837 7675
5350 19480 8870
2124 18100 8233
2534 17904 8457
2169 19818 3593
3899 11649 2276
418 3219 5401
13745 15417 5227
12860 13119 5504
651 707 7481
5593 8015 1381
1467 3052 7177
2786 13341 6802
589 1582 9772
2892 13297 5029
4956 15516 4220
6842 18872 2998
14063 16099 7729
3243 8832 1372
3302 4374 9294
739 2106 582
9944 11389 5056
10217 11345 9217
5022 18624 7720
9511 17729 7221
9713 9762 3318
4648 13923 5811
7300 17885 6044
566 16681 2354
1351 8052 361
2560 6940 4228
1776 1905 6662
3141 16101 3367
1830 5319 1194
3183 5315 1048
4234 15463 4508
513 4727 6195
8246 18940 8893
1837 17007 1784
1599 14630 6340
8606 15589 6463
1374 11042 376
2845 19129 6183
727 4874 6573
9507 10725 2251
3190 5729 8085
2122 16651 8862
6423 16777 6646
9152 17717 9276
10846 13008 7353
12099 16519 4619
2555 10863 842
976 1817 1621
16587 17579 4863
7110 11863 1865
8211 15689 9503
1260 7314 9560
4539 15461 1083
3847 4699 524
1281 9446 3882
16332 17419 8201
7527 18541 1424
7293 9541 5418
2388 14027 933
6679 17532 1258
376 2071 241
8810 15951 1357
2389 6033 8218
5352 14522 2186
11687 12192 6381
4468 9118 222
7082 10255 6930
243 424 2829
6784 7272 6329
3643 18128 2819
315 2356 6720
8354 11092 4037
343 2629 9776
5175 7327 3026
12028 15722 3407
2675 13096 9801
3936 9934 1212
1494 7494 9354
1349 2844 8855
10100 17423 1569
7337 17221 9716
3737 9817 569
9453 17490 5606
5489 13989 6924
3016 18632 3199
5261 5429 5537
13557 16590 2707
5800 6350 4666
8264 19052 8671
12224 13234 2561
12876 17698 1646
6959 16404 8387
5759 19376 915
16327 18251 1946
13889 15547 2454
3059 10085 2008
7284 18748 1889
1458 12560 8885
1960 15355 3895
3484 15197 9940
14164 14561 5626
793 1886 9586
8449 10237 6369
2367 2443 8807
9073 11962 457
3007 7081 9453
12012 15607 9396
8654 11005 2068
7990 12426 819
8235 14350 234
818 17821 7175
5907 10492 9698
2163 4048 4512
8938 11761 9407
13591 18523 9811
9462 19419 8796
512 7935 5292
11826 14821 2514
15070 19989 3155
1333 2431 6352
11539 15654 9831
1059 12267 1943
17 104 8735
3405 3656 423
535 19543 6865
10666 18734 1102
14818 15975 4452
10407 14739 7838
11181 11682 6873
7325 11393 7934
1367 4977 4162
6069 10593 7223
4686 9032 6759
12483 19086 4419
2387 14369 3380
1662 15344 9602
221 1320 4596
1961 13777 7610
11275 15483 8059
1015 4817 3526
1954 7884 3484
2171 7618 6185
6109 12587 7237
10657 14818 1895
11900 12785 1921
3588 4920 1058
853 8944 1050
7496 18799 5309
11263 16279 9519
1882 12737 8898
7492 11202 7528
4635 4892 5827
2489 16831 5421
931 6230 1154
6995 15476 8583
2802 7759 1328
8010 12517 2071
3202 3943 7729
3589 4662 2792
3145 6514 4333
7019 14044 1158
3655 11278 9191
6400 13883 3485
6763 19606 2993
2506 19776 855
2757 6070 1509
1676 2574 6190
1810 16299 2237
1852 2267 3837
967 8811 3246
5569 18304 5569
3480 6638 2897
1645 12254 9352
2491 4071 6262
13933 18775 2127
6321 7597 1517
421 2786 3748
950 14015 1915
10453 13201 7201
2509 13943 5919
2430 15110 7222
6328 15416 9899
11139 12946 7404
2972 7080 15
4709 5274 2775
235 263 8032
2278 7013 9855
1974 8729 2913
6738 8072 2202
5977 8255 4703
11885 14023 6490
1606 3846 1823
8025 15305 7028
7488 12962 5921
3180 5275 845
1120 13014 9399
9624 9955 7899
7174 14598 9827
5192 8178 1411
3071 9861 1684
6982 13044 876
8253 12252 7900
8870 17261 4485
892 12226 9287
8003 13121 8410
9013 17083 7053
7531 14370 4295
5745 18458 2807
14904 18760 3198
136 5371 9176
1935 16139 876
8896 11675 4114
1995 6147 6097
6874 15043 7640
10568 11156 4702
580 12328 697
1967 10979 5110
9384 19410 5349
2431 2764 419
6097 14212 3474
10819 13017 8573
1044 9682 3366
2645 5918 3182
1515 8680 7435
5099 12906 3147
2164 3952 6156
3538 10809 9380
14002 16682 5988
14294 15492 8845
46 276 3043
2607 2799 6159
7212 13794 2653
6205 6286 1813
9361 13561 4697
14541 16513 8865
482 847 5565
1521 1589 5143
1812 3529 4407
13276 18874 5738
1879 6349 6724
17279 18021 9281
10644 17185 7685
3014 19423 1069
17113 19742 9074
9815 10413 1345
2675 2757 5344
6679 19145 4282
6272 14158 5645
7821 12329 2400
13006 17868 5711
40 8128 1065
12915 14949 7981
1534 2536 387
14715 15808 1685
6312 11181 26
3978 10839 6389
5832 14781 3491
10120 17024 748
5069 8447 9584
2233 15855 9245
7433 11124 5729
6634 9935 3921
2742 18151 6491
2715 5726 3569
3654 19872 3803
7593 16226 4408
5553 10179 8657
16871 18005 4673
3288 9755 995
5716 9394 8068
3624 10757 9804
8390 18287 9862
917 1709 6146
4863 19891 9378
2849 18064 572
3869 10210 3842
19057 19511 420
9069 18497 296
17868 18994 2513
262 2121 2239
1417 7155 3403
14844 17350 3328
1131 2123 8728
16944 17747 5277
754 5767 421
5759 13733 389
2267 2459 9773
920 3160 1098
11618 19743 9302
4375 18671 8973
7315 8458 9297
1376 17126 4517
1061 11601 9453
8689 10875 4014
11222 16591 4523
13379 13778 7268
1251 14193 905
10175 17135 3301
2813 6521 9588
7485 8614 1803
2299 6846 9708
12136 17657 1716
7995 17886 9427
890 2917 2842
4494 15619 8701
2880 6246 6112
1342 3292 7628
11057 11098 760
872 1047 4359
10608 11232 9783
2479 15403 8835
8384 18003 5192
662 6609 2426
4697 11925 3909
897 14469 9431
3362 12841 7968
8923 10330 2714
878 1002 7342
925 2505 3933
1761 14877 8687
9504 15168 1501
4114 15526 6043
8912 19196 6626
2508 6137 4774
6886 9801 2460
1207 3732 8363
7338 12226 3423
3136 6600 9711
16792 18204 3362
10636 19405 5165
2880 10800 5216
8915 12059 6198
13463 16799 823
620 14013 2352
10159 16159 2814
6874 10651 6678
1122 2333 3737
536 755 5191
2752 16343 4449
4100 16804 6216
6809 7979 6427
4883 13470 9549
6578 17922 6892
151 1336 1392
317 896 9794
18415 18876 6288
1256 7155 9744
10909 17350 5510
2158 9299 4846
2794 16387 7098
2164 3532 2176
2050 6212 9365
11086 18516 2815
559 2584 5509
2218 8478 5277
9963 14839 4930
11720 13437 7277
10548 15996 5375
1926 8072 5349
5337 16618 9798
767 3587 6931
5074 14369 5180
5954 9832 3819
7237 9547 7563
581 614 9113
1910 8883 245
5759 19562 8730
12684 19538 515
3938 16992 2615
7401 11393 9055
9701 12832 7026
3024 9768 3522
15350 19058 9617
6544 19854 5244
484 588 4827
14182 18974 8562
4664 13249 5829
10404 15097 9532
1200 4684 1997
185 771 5362
4367 12036 7157
174 12040 7137
787 8175 4601
11859 15686 6226
3201 9087 7930
21 1937 5762
9601 13651 5623
1211 3017 286
4054 19339 8143
15289 18667 3893
15722 16451 758
585 1132 1834
3361 19820 2818
541 1283 5397
346 947 5268
1337 5257 5719
6728 11884 4418
11904 17730 9920
1686 12760 3794
8959 11289 7654
1657 16183 5642
6687 8807 6328
4861 11170 8430
866 7303 2874
13780 14385 5646
12002 16143 7815
17820 18917 1670
767 2426 6810
453 4003 2853
1844 6590 6909
935 12514 423
807 4122 7422
19149 19584 6420
1049 11211 8048
892 4531 7767
5647 9076 2637
2600 19177 315
3793 14304 4156
3398 7731 4577
4666 18189 563
1865 7352 7871
14358 17043 5457
2230 11173 9523
5088 16504 138
562 13444 4975
6214 19834 1925
10730 12159 3541
70 14796 6219
2012 9718 6627
2040 13530 8636
8805 18247 281
5947 9199 2583
16489 16723 1259
1389 12654 8875
11340 16174 5466
6891 11040 5751
5484 17350 7985
16064 18571 2827
4251 14987 3045
10610 15901 7661
8415 19149 501
10132 12717 5885
5635 6063 5499
5967 8823 1684
10683 13947 1723
1353 2465 9244
2695 11702 2044
522 573 3281
14874 18361 6869
2514 11972 2594
11740 12211 893
1753 12069 5709
17872 18194 5167
7659 9649 9850
17289 18526 81
2148 18043 5344
4633 14818 9235
3820 5819 3513
4402 13400 997
2551 18777 7101
455 19698 4126
1427 4266 3371
11545 11832 2945
3235 5806 6915
9514 9571 9604
5269 6238 9362
682 14677 3210
6613 7025 2340
1461 10391 2491
9256 18922 4722
3334 4634 3682
5561 18448 3950
19853 19886 6932
13391 19666 523
1234 6564 8500
5064 19784 1331
14218 17023 4720
10868 18852 1315
989 7424 1508
3594 14720 96
5416 6891 2558
8413 8979 5879
741 3390 2246
3258 8985 8237
3407 11727 7554
11303 11774 4048
820 1101 5620
10753 12160 2108
13527 14543 2489
9319 15050 7955
5908 6134 108
2708 4102 1201
10533 11572 853
9162 11223 3181
9181 13685 3152
1857 3501 6160
5934 13310 7953
7841 8773 4414
12788 14854 4628
531 945 7915
10927 19924 7669
180 5510 8357
1832 2385 6002
8589 16238 1802
664 7143 2765
282 6417 9873
3360 3863 5
5543 5810 8701
2763 7957 3085
6327 7424 5714
15469 16759 7145
3509 14980 4417
5170 11645 5413
324 1095 7351
5631 14776 2142
12130 16693 3878
5822 11527 7353
3299 17592 6585
7092 8029 2437
7532 15208 3357
836 9722 4901
8239 16635 6092
14350 14467 7266
8200 13642 522
2469 12831 1900
6347 7552 7532
10741 18355 7388
4417 10677 8541
415 13665 8910
12254 18097 6860
2601 4805 4804
6876 9652 799
1301 6077 1601
6296 9122 7651
8449 10011 56
55 987 8491
15060 15494 9239
16438 18461 9118
5033 10321 8127
6890 17091 2513
10426 15579 6389
45 1183 9075
8357 18087 8123
11146 11371 9231
2384 2637 4422
7576 9051 3335
6201 10269 6978
838 6123 2481
6865 11344 7600
6769 15998 2745
1701 6317 823
780 13417 3407
345 7225 6864
12974 16597 4451
2395 5422 9140
2994 14247 5947
4575 10824 5347
2536 15637 9935
6547 17650 7654
11557 17009 9218
5540 11704 2063
2369 9104 3901
4171 16576 1634
8835 12365 907
8829 16782 3814
9249 10555 1575
523 3805 528
3457 3979 8639
3218 5053 9017
4399 17751 3208
5815 13483 4346
882 1933 2165
12 71 8492
2728 4471 3854
1779 7686 5557
656 12679 3797
133 17167 1902
15771 18711 7727
2687 10802 1588
840 9519 2236
1272 15585 1120
14898 16564 9652
181 7012 8067
846 7538 9913
12804 14432 911
390 4422 577
256 6637 4719
6117 8187 8679
2173 2797 1817
7468 18574 2938
4 42 4187
8029 19964 3044
2223 7568 9574
9241 10579 913
7465 17832 6645
4933 10385 183
4569 13698 2086
11931 17020 8566
3312 10005 480
11949 15464 4155
14140 15680 5856
997 1171 8635
8162 9403 6313
6469 8440 452
6370 17864 491
4667 5469 9371
7691 13068 3771
1584 15963 9677
3013 17687 9706
11353 13463 7263
7254 16095 9155
804 966 3213
5960 19857 4900
714 872 989
1371 3657 9531
5747 12359 3974
2771 3277 6094
3876 5744 2167
2191 12577 4580
487 14752 4023
904 19471 8679
3011 19624 7776
11342 18806 8996
18854 18870 8488
3340 18935 163
12998 13118 1701
4191 6803 2620
5380 8692 6085
3142 16922 1794
5980 7189 3907
3377 11599 5489
1109 9799 1239
989 12575 1409
8684 8962 7329
13881 14858 2959
1099 5101 7984
10202 18802 1111
5451 11364 9187
10098 12099 3907
2613 9905 6022
4419 13582 607
2035 8011 6378
6040 19292 3542
7950 17827 7804
9561 10187 8142
17093 17950 3215
1838 3799 3744
128 5568 720
75 83 2909
5 8154 4137
8491 10949 7181
1360 10864 1099
3997 5903 2419
10086 14403 565
10815 12015 6242
9476 13376 2887
12325 13635 6412
1571 1610 8570
3916 18573 7705
7977 19756 518
38 93 1927
3060 4299 6298
3706 16116 5218
4113 9841 1212
5706 9793 2372
3656 7239 9456
2392 8521 555
8861 12732 6635
15014 17110 117
1694 5469 4571
5759 14012 16
9480 17416 813
7278 13359 3963
2415 8047 4089
8264 19300 6725
2587 13665 7765
251 11755 4378
1228 13487 651
6783 10160 879
1938 7180 7109
2228 18413 8525
15411 17330 8830
32 933 6686
2621 17132 9047
8643 16068 4583
4313 6480 2614
2902 3193 3290
1563 3029 1843
1313 7713 367
2635 14463 472
3594 6998 8591
3490 6057 6683
10220 12164 6733
548 10835 2764
4582 6692 2081
363 1884 6146
6089 8326 6001
3967 5227 2343
2473 17776 903
13031 13860 7108
11899 17458 358
6581 12250 1524
1315 12983 3719
492 1740 2208
797 1728 1650
3979 5978 1149
10468 15474 4740
4540 6809 3384
187 4028 5595
5934 17727 3606
6511 10522 2499
104 1860 4674
3336 3610 5530
17027 17769 5286
2681 6657 1675
13931 16861 4651
6518 12215 5955
11717 14155 3087
5907 6842 4607
6740 8535 5012
2747 12044 2830
9824 12899 3156
2674 3042 6131
2827 6489 137
7054 10248 4352
4289 7671 8061
6280 10094 7126
17 9351 9604
4244 16526 8403
4511 18614 4467
10163 16642 3479
7526 13646 7505
5966 13705 2585
3576 14871 1301
13476 18608 4184
9817 11179 3291
931 19903 9661
4600 9813 7547
1071 2953 6260
8690 11904 1916
12962 16369 9804
6701 9839 9751
11846 11918 6252
1743 19013 9718
591 5098 1168
4897 5938 2190
702 901 6250
6018 9837 1050
478 8570 7600
3858 4260 3791
8368 17373 4651
3793 4196 2622
6595 8691 9119
4137 8553 3658
6073 8097 2188
9517 16020 1166
13257 18761 8839
2114 3729 6504
4273 14049 7845
987 13951 2264
1159 6157 695
15760 19788 2679
1719 6786 4298
2286 5087 8731
11364 12168 9705
10701 12948 9280
3461 5590 5554
17327 17820 5233
13216 16187 787
4836 15809 9875
13014 19914 5326
278 395 742
163 880 6443
12084 18683 7447
8551 19235 9352
6679 7440 8210
6790 8129 2309
471 500 7683
2010 2357 7437
320 18685 5088
2400 4322 7449
17959 18021 1814
10743 12553 5825
8129 11979 8452
1616 9058 2481
3673 13269 7414
3460 10909 208
13336 18744 1156
16540 17518 3647
274 13990 4824
13302 13825 4678
49 5700 7433
790 917 2370
7153 17615 5938
3017 4392 4297
312 14650 1561
12334 14500 7973
14192 19383 830
1293 18897 6050
542 9592 5925
2718 9693 7421
7941 11926 8146
1151 13816 5956
11627 16032 4035
7122 7988 4981
2840 10606 7701
907 2857 1367
4223 11690 6589
10737 15373 1065
4113 16589 571
18297 18528 2199
2353 5185 8344
10256 11735 8913
15148 17458 5341
1785 14836 2653
16436 17289 6046
1839 7081 3820
747 2673 3036
9538 14022 3738
16955 16958 3554
16646 17478 8105
2161 4660 5798
4628 5379 4423
6977 9188 1816
511 19152 9226
7835 18680 7567
3777 19813 785
504 9854 5131
10542 16679 3189
1206 12419 8036
6775 13307 6762
7237 9611 8931
2885 14513 6044
5978 18779 9526
957 6217 3273
5787 11093 1104
6817 10870 9776
3632 17911 7428
4784 8501 2336
4397 10342 3707
1530 16182 3079
11561 18859 7962
16771 18516 2092
2927 4953 7462
6308 7652 3019
7678 10016 940
1809 2368 5639
7987 18391 3760
19492 19939 3935
13355 15031 5028
477 837 9514
2926 6872 3512
2058 4465 9223
17237 17686 3865
25 31 2590
5385 17668 6470
15154 18591 986
2242 19754 9287
769 1750 6385
4575 4947 3240
4138 11705 8034
1101 10859 780
2546 3314 8073
14743 17613 2516
977 1084 5394
447 2403 7856
6045 9604 1052
1329 2528 8979
895 2219 3856
4450 8166 1470
5253 11000 7091
392 19328 486
1873 19932 2111
1332 10984 29
1183 2499 2329
10162 17319 8922
8450 18750 3085
5314 11843 2664
363 5820 4783
11219 15283 4142
12175 17492 5850
262 410 4672
4837 9375 2595
150 412 586
3021 3026 7171
678 2216 1519
5212 9376 7958
272 14591 186
3295 9374 8126
10342 17073 8475
4031 12249 6552
16402 18289 5057
12742 14608 7980
5354 9507 4479
2142 4863 9249
11613 13275 2931
5740 16736 6965
3680 7331 7610
2049 10654 7051
5024 18102 6178
1526 12157 8485
127 15679 6942
7423 18920 7483
730 3556 5793
9704 12550 5074
2740 19004 6333
6094 9482 7710
813 12066 7659
14258 18791 6588
1156 13584 2074
13064 18664 163
6909 11467 6399
16388 18561 6143
6460 12143 7446
3061 17040 5360
10293 19349 8234
6037 17885 3236
1783 11524 6419
9072 17696 412
5791 14046 3078
1587 9339 6019
3132 4563 3224
8444 19387 2840
4328 12588 9969
5156 9884 4157
17487 18100 3889
2868 19254 4923
1252 19321 3322
1941 13653 5784
1848 16610 4147
6199 18382 2564
286 4111 4005
5266 8684 5302
370 760 1364
11418 16147 1410
4036 16180 1687
11487 16264 4988
3153 18722 6552
3382 4247 87
11098 11566 9883
398 18682 8344
4487 7387 5395
6793 18566 1332
1780 5949 2113
6904 7573 4777
1851 15006 1335
1532 15677 1500
856 6689 644
2707 16215 1038
12175 14881 9805
5394 7316 1534
10198 18095 6841
4337 7494 6219
2816 7946 2178
437 6432 9229
286 5416 9303
10231 16262 1713
1870 6090 699
2443 8448 3031
96 2796 6081
12010 14750 9345
7345 9322 4662
13803 15572 860
11355 11925 725
459 4681 8363
2412 10558 1893
1071 2586 1041
51 2414 4869
3473 7987 863
11013 11859 5405
14450 19030 5159
7080 8564 2002
5543 17270 2076
4366 8101 458
8235 8591 31
460 3677 971
619 708 6517
7262 15493 7539
2378 5827 2882
5572 16621 6768
14202 18608 2910
7184 18308 4626
8815 15201 7952
325 1521 1660
1793 18806 5449
2076 14346 6975
6990 9546 4388
555 768 8571
6611 15175 9768
2199 13851 8823
3910 4659 6773
6683 14871 7727
3417 11577 5122
6733 12691 8784
8396 10653 5447
170 3341 2181
5855 11475 2762
12838 12883 6475
3255 18697 5016
7890 15299 4133
9280 15976 1567
7148 8097 6008
9808 18732 7259
6838 14584 6210
2349 2540 72
1549 3511 9181
939 1658 4401
6402 8656 341
1860 2715 7029
1965 14407 60
13171 19523 8416
7042 9245 4550
12483 13994 6114
4503 19475 8319
91 11912 7787
6366 19485 8353
4624 7701 6022
1773 4681 2220
2667 7475 3069
2226 16971 6741
10712 14466 8354
2861 6461 4117
6342 18527 4185
75 2042 7079
2042 16992 1244
13114 19685 3642
985 2189 9672
691 3030 9685
430 1123 5302
16894 19783 7336
5101 14287 3997
12374 19914 3285
447 10863 9355
4418 17272 3518
1450 3213 9593
9346 16539 8832
7128 18069 2934
1007 9395 7290
3106 3265 2451
4864 5264 2773
14797 18547 8072
7889 13136 275
5415 17545 868
189 8786 4323
1750 7928 8307
1569 14858 3388
6 44 6983
98 2746 1672
1789 8685 4282
4439 19091 1574
2742 15839 9713
7059 12603 5691
1678 7745 2323
4779 8106 8928
11974 12508 6311
1464 18553 1582
2242 2308 714
808 17309 5793
13967 14790 2054
7320 16363 2637
2234 3388 6891
3929 13982 7328
7972 12035 3434
11420 14115 9794
11020 12200 8981
9215 9695 9053
2854 9292 124
18301 19890 8173
12069 16282 5093
13726 14240 7366
12052 13155 3986
602 2120 8130
1813 13995 795
8618 12467 5512
3392 13673 7997
2456 7286 5379
827 6690 6286
3336 7484 776
11097 19359 2009
14342 19858 9587
7759 9751 7477
14487 18712 4252
11444 15336 1012
7627 17275 1835
6647 7261 5629
2726 18638 5557
9214 19458 5073
3823 9275 4904
2827 16444 5881
4062 17599 3238
3631 4929 1168
672 3467 3476
663 13428 8782
111 19558 2047
606 616 7647
12542 17009 9496
10433 11576 7744
4353 19014 3452
2324 10235 3020
1866 6496 5681
22 10480 8523
1683 14993 5171
9440 18000 812
5468 11181 4068
3350 11787 5103
10494 12125 4965
5482 12097 3910
11844 15870 5584
6312 7112 6337
6047 13471 9140
7351 13564 1192
10881 19780 3359
2805 3111 2598
2080 9020 6316
3406 10215 9079
2303 4736 8077
131 14874 3624
2082 10191 3621
4295 17226 1900
3601 14914 1240
6721 13785 3674
7168 9455 4626
704 12687 9802
222 3656 5415
3756 15755 1904
8294 13359 3522
3090 3315 1866
3013 3484 2015
9953 16533 4038
10025 10839 6589
2746 13829 889
2169 2212 4237
5221 5521 4383
10264 13548 8824
52 278 3952
4242 11114 7850
6360 12089 8968
1496 2225 4840
3208 12999 8495
4333 14212 92
8403 15869 4820
16756 18657 358
4763 13018 2934
4584 16624 9464
396 1811 7583
6321 19730 7990
954 12901 661
6960 7196 8002
10803 14165 6477
10235 12220 3599
5968 19018 337
2682 8541 9687
541 713 1023
2743 10351 7299
2206 3564 5861
5650 7785 1557
4589 19348 2149
12141 19937 1198
3561 6051 2992
45 6295 8317
763 1233 2586
12459 19555 3336
10683 13307 1409
1572 1744 4228
1364 3325 9470
5113 15168 2865
12079 16257 849
5006 16334 7279
11339 17271 3324
3687 14898 6783
1735 5487 7655
12352 13009 8697
10702 13775 8550
691 1516 7269
5583 19292 7462
3489 3918 2528
11156 19876 4883
5599 14094 8017
450 2197 1949
75 202 5408
3487 8087 7876
2087 9631 2110
9181 14483 3028
1848 4938 5380
1653 7501 4513
454 13285 6948
14440 18138 4828
2480 12589 3235
7823 18128 6974
11763 13926 6593
10675 12292 6609
7726 10596 7998
2225 10398 7994
1881 6697 3204
11508 16263 2388
9544 17407 3199
6347 16286 306
14209 18050 6474
3106 12677 592
4866 17974 4145
8178 15425 5793
1113 16402 6793
4607 14849 4432
1063 1168 6637
547 8862 979
10021 15110 9084
12107 14089 9761
7756 10283 7036
11408 17906 8446
2683 19584 3148
4284 6184 1907
3421 19651 9366
10103 16014 5100
1062 3694 6641
978 4498 4322
16424 18959 9015
5836 13334 4895
141 1949 6716
1311 8177 145
4890 12829 7468
7229 10736 7988
2948 5066 717
2871 18324 7366
12855 19344 2600
1016 5791 8010
8107 10286 572
9374 19292 199
14614 17185 3104
5727 9763 171
8201 12082 5720
7009 10628 6121
14185 16495 2354
862 11504 6070
2992 9903 3979
14344 19167 1259
447 13622 2208
1679 18233 8307
16091 17327 2178
9935 15103 9782
12306 17449 8967
7708 18138 2610
11166 11608 4167
5045 10534 1430
6290 8065 9908
1048 8006 8084
13444 19923 1019
10026 10307 8725
1845 8561 7050
1386 2100 2920
1619 17277 1807
749 18938 3305
16512 17840 8748
807 14364 3356
19452 19483 8392
697 2591 6726
2052 8891 7842
13245 14371 7388
3092 16201 6259
8214 18715 7823
6765 15349 1123
2349 15979 2047
10124 11414 3665
88 237 2189
6178 17738 4590
8362 11232 8663
11152 18594 3774
489 8187 163
1099 12219 3289
3596 19556 3617
8183 9731 5980
978 4264 5719
8199 17679 4177
14129 15910 6958
1635 5419 1446
3627 13952 8806
15341 18208 78
13673 18297 1408
9606 10131 2403
11355 13015 130
2566 5672 6350
2663 6888 5165
54 19826 8931
8271 15740 3626
7869 17049 4406
4609 6707 4289
5859 7432 6221
1811 1982 7800
9256 10037 4765
4971 12337 2272
1263 7476 1627
50 133 5810
3007 10977 1788
14778 15160 1895
2347 4678 7213
7159 19107 4542
3337 5751 6690
2268 9415 2878
7469 9590 2730
5202 12734 818
4378 14545 5003
644 11704 3171
2635 12074 3209
15335 16756 4950
1717 2105 7623
1084 5410 7548
4906 5424 1638
7279 10615 3336
23 11049 7776
4042 17093 3577
3805 9465 3390
5916 11224 2879
1355 4536 1892
3263 7409 5478
1329 6836 922
4969 16325 5795
12225 16972 1267
4461 18807 3800
14457 17397 5969
9189 13106 452
2693 5038 1244
3485 15461 7034
2140 2545 7024
4983 11779 1416
5375 17845 5850
4060 6818 146
9820 17862 2663
125 3387 6752
8199 15971 7664
7484 17156 7749
11008 12723 3200
9540 18039 6316
3841 4883 9976
663 10084 597
7594 19970 8762
13911 16016 8726
4849 13001 6563
4681 8648 4748
10302 17784 704
11379 14696 2775
9057 16339 3172
3231 9471 2282
7442 13895 6455
9128 15729 5017
264 874 5831
3469 14661 1621
384 3210 6037
537 979 1105
1651 10690 7904
564 10796 4306
701 16337 8586
3654 4365 8075
8802 9394 9660
17325 18183 7117
1472 2027 9397
2666 3459 7740
7644 13558 3007
10695 12175 8805
8578 14392 5909
4572 11601 8526
2508 9530 5877
5678 7829 4804
4589 18981 3031
3378 8899 5435
2934 16156 1342
7288 16638 7913
13272 19625 8539
967 2359 1265
12233 14372 477
7198 17836 6145
8229 10068 2842
920 8735 9165
17285 19143 2361
3105 10954 4079
3682 14332 3572
1526 12577 6242
3343 18423 4501
10365 14971 353
8066 9135 2001
3901 10262 4575
917 4231 6692
4628 7780 1180
487 3330 734
296 3484 2046
300 537 3404
1760 11125 6804
5098 15252 740
4368 14114 5649
1926 5326 1695
874 18663 8073
7194 18389 1644
8310 17804 8376
3715 14253 8449
2024 15064 9233
11586 18937 4400
5831 8904 2435
2738 4811 8236
5362 5827 6197
3404 8027 4469
1293 8251 6949
165 10112 2303
1020 14453 4464
2561 5290 4239
4261 12628 6963
6589 7382 6777
7934 9638 8568
10589 16564 1250
6386 13671 4435
11351 13807 1711
588 5687 7879
4398 4726 5925
7006 12239 1791
9881 10448 8264
16382 17962 1977
10918 10956 7301
3516 11693 1524
318 1511 3485
13030 18628 8306
519 6686 3164
3875 11243 4688
2567 8777 3288
14420 17874 2597
6085 14837 5069
4759 5660 3348
1157 6523 9151
71 4859 8734
14194 16514 4463
2164 2880 9668
777 6556 6489
5133 13371 7921
4371 12621 2846
1182 16119 7983
160 672 4649
194 1963 3763
1946 17752 7818
8169 15794 4693
8432 11486 7109
3212 5839 9478
11118 16218 4640
1838 9360 2036
3910 7391 4694
5570 19288 9521
5215 15766 1007
3168 14324 1392
675 18276 1156
2381 6698 740
4753 16871 7274
6470 9057 4143
7211 8770 2630
7258 14923 2407
10285 14992 763
2015 14657 1876
2824 18879 1192
8386 13771 361
4327 9222 2972
202 7971 1098
9446 14634 2822
4630 8564 7172
8402 15102 6736
230 16262 3576
7643 11066 1320
3344 4565 9472
9667 10068 3563
14343 17846 2008
6446 11482 8286
11825 13981 7516
9428 13525 2873
12722 16537 6617
16492 18010 6259
1743 5414 206
943 17957 5683
1917 2936 9209
13657 17799 510
9964 19415 9790
10954 18819 5270
5616 11657 2029
18740 19192 9690
14632 15683 4477
3967 8355 7134
8304 10529 4183
2471 17632 6939
8183 10809 7742
14205 16973 7903
8062 10470 6679
13285 18611 3618
2467 13704 8086
9427 18508 1551
15709 18530 4289
8004 8590 6420
1207 19053 1135
76 4170 1492
5682 13189 6545
1833 4283 6000
4570 15782 2922
6301 7085 6505
12805 16211 5469
2174 3611 4051
522 3310 5360
2002 10722 503
11171 13350 6031
6114 9748 6326
2339 4422 2424
905 15486 2858
16279 16407 116
14572 17651 2683
1327 2340 2923
3434 8622 9965
1680 3045 7521
3263 6359 5406
5200 15427 4638
4031 7082 6235
731 1390 9037
299 1170 850
3986 18499 3324
5523 7770 8975
1453 2948 7476
6125 11144 5828
9109 16913 6869
3409 4210 8050
2338 2597 2238
16273 18556 2257
4070 15223 869
155 676 4678
5464 8322 5853
4357 11522 9379
4240 4991 6703
208 557 6049
558 7862 1137
646 851 6900
806 10418 718
905 5249 2597
11033 11225 8509
5830 15519 8448
1640 10912 5805
471 12140 4010
902 965 2916
1621 3789 2639
3285 15417 1150
807 5211 2493
1303 6541 4240
4523 5432 1763
1894 11572 8182
9889 10858 8
473 1688 2311
8469 18514 8999
10746 13725 912
10930 16509 3790
2342 19889 1281
6365 7007 3909
10155 13359 6640
4263 18352 986
478 1694 6199
8056 15030 6012
2507 10426 5303
3929 13396 4021
6033 10695 7365
2174 6046 804
6283 15188 211
834 2675 9556
4327 5519 3903
5123 12343 5030
11367 16081 49
1333 9075 3678
7246 18714 1224
776 8961 1293
495 3277 4508
11858 14144 4461
5380 18651 4659
8737 10303 7662
9730 10435 4943
6932 17240 2396
6563 16781 8134
8644 17496 109
5422 7627 1390
2452 18972 4020
61 200 4814
14063 18543 4160
14206 16293 326
5297 19732 5809
1709 1757 2705
9385 17909 2889
179 238 9401
12560 16188 1780
17029 17808 701
498 4533 9217
2040 2626 4840
8749 10401 3819
5813 9277 3769
10276 16478 6665
3726 9498 8969
9931 17080 5936
5240 6837 3406
8332 9943 3218
275 1444 4711
6770 8737 1474
2427 5534 6644
5986 11791 7601
11616 13323 9625
6765 12567 9720
288 17083 6077
4702 6784 2447
3950 15461 3875
10282 12325 4167
5208 9512 7135
17681 18859 3313
2540 19229 6294
5651 8264 6673
8697 18436 8251
254 7364 3500
5649 6348 8359
11850 19332 1531
5096 6098 7743
3323 4377 2723
4776 12095 4024
8096 14984 110
6613 13874 6148
449 4254 6014
2526 13483 791
3671 8849 1303
1399 6335 770
2857 9738 4030
382 15541 1543
7883 13892 6446
10297 17741 6353
816 10653 8801
4 11055 8541
285 10943 3930
241 419 2539
10696 14089 4547
5322 18453 271
4172 17557 1131
1775 18667 1930
1736 8315 9417
4113 13260 3253
4858 18567 977
3771 7123 9230
9733 17208 1856
2686 5950 9954
4327 12448 1671
2501 19212 3885
3044 12715 4208
1917 8201 15
515 4767 2256
12806 17803 2971
15162 17934 5963
683 6321 3086
1854 8619 9046
148 3353 3476
4802 9085 6235
4293 18435 6518
2031 4566 9399
6550 18768 9861
10669 19845 1883
7909 17645 2321
314 5970 5878
715 15935 4706
17318 18379 3274
15713 19879 1685
2374 17695 2918
4581 10507 6841
2338 7106 7707
5536 12147 724
2990 8169 1456
268 19676 9631
15303 16054 6157
5539 9773 9202
15979 19980 5902
15280 19619 5569
5523 5645 4368
2619 3559 1751
8016 10427 3485
1662 19629 8463
4686 4880 9843
1682 7637 7498
5327 11868 5427
8824 16676 1100
5157 10852 5182
9724 18748 6118
108 266 1317
2237 5058 8944
1434 18429 2547
2849 3768 6651
1819 10840 4566
830 6429 4938
1012 19458 896
2024 2075 9154
6415 7863 575
12306 15619 5394
4512 12800 7471
257 16620 7943
7303 11313 1904
1314 6948 243
1943 14555 8023
3463 14906 6867
8804 16184 8367
8112 18233 6355
1391 12149 3093
2654 3289 5550
16721 19245 5533
8664 14257 3924
5681 13011 4874
9581 13522 644
7500 18631 8646
620 4361 1370
4843 9938 2699
5131 10730 705
4002 6620 5360
15727 17137 2357
6870 17802 1262
24 63 3553
13283 13640 1117
10963 18648 7745
6503 14698 3780
13337 13858 8926
11099 16069 1068
18078 19561 8324
948 1394 1068
9162 11109 9183
8727 12655 7136
1815 15643 9535
5315 17741 4003
1084 3255 4651
910 16646 5386
3376 17582 4433
14288 16404 8923
11620 15550 5310
7708 8185 8177
3536 8234 2034
9636 19440 1736
4419 4740 4712
12129 13763 1426
1859 17955 2363
841 5492 3476
1824 1979 8705
9894 11113 9234
555 11859 1683
1218 15254 2429
12964 16220 7602
7154 8242 9172
16442 18242 7083
3131 17644 5121
12149 17918 4776
1055 10774 8582
6221 7585 6640
271 310 9974
2253 7340 680
4030 5107 7600
17928 19454 2509
1279 6016 1076
1295 4314 9562
3987 5231 329
11644 19203 1946
3227 10772 3944
14554 18983 6428
4056 17096 4517
9288 16009 2682
10814 16929 7335
4794 6225 7858
8103 15152 2882
17596 19822 8810
3365 8293 4391
10728 15561 1379
7720 12718 7860
679 2169 7908
6764 12811 499
10303 19906 3973
4126 8504 6297
2145 5364 1093
9607 10865 5165
442 17595 4710
2592 17887 3553
5029 13726 4373
6943 12985 3893
3922 10035 8361
2895 9702 4176
1188 1947 1938
3394 17849 5237
13722 18822 9533
2366 7880 4927
16155 16184 5677
2549 2792 734
14023 17502 2246
5783 17341 4313
12490 14148 7327
4300 11674 4268
349 485 116
1196 1766 6208
456 2008 3643
51 18247 3214
2613 4016 2793
374 15483 9761
3628 12257 5256
28 1661 3308
11550 12338 9307
9864 13023 1293
3737 10496 2264
9508 10860 9403
4758 18044 7942
7323 11158 4945
6900 19435 9152
4505 14736 5514
17954 19265 5146
604 14072 6385
8247 18630 6949
10257 18974 5435
1816 11744 7086
1412 10123 2920
11159 11516 3101
8103 13305 7608
12737 15943 3726
6597 11240 4164
11902 17387 5715
4596 16107 7516
3758 19430 5685
3798 15083 5068
6476 8750 7336
9418 18579 6551
3053 8212 9062
10506 19422 921
282 16909 7206
1044 1859 1093
5460 7133 8811
1946 11841 3364
11320 17812 4734
1354 1370 8779
7223 9241 1849
9491 15936 3823
8663 9717 1398
2377 17551 904
2764 3397 8913
668 5548 2243
5177 7962 4906
6500 12228 7904
2082 6714 4491
9145 18187 540
12712 18936 6558
11196 16096 8762
12769 16478 1429
18779 19854 2057
12856 14552 7352
7020 9062 4161
3947 13432 5107
1403 7128 5082
2547 11573 4698
4569 8027 4225
1712 10817 9093
2111 2504 5858
12986 17351 5685
1507 17725 1320
3220 12651 7006
8514 12742 2843
3662 6429 7904
5276 7521 5019
7805 10756 5958
11088 18643 7588
3167 9583 6762
9025 15218 9816
1123 1548 9302
308 12717 9229
4611 8647 2857
8149 17967 5295
205 231 676
14139 15893 7030
14089 15854 1967
9828 12891 6924
7330 11212 3115
134 317 6867
10009 13671 7884
1296 15919 3094
4670 16266 5736
5228 8428 7396
10649 16090 5712
9251 11350 7338
13971 19820 7562
2111 11888 3172
1478 2489 6255
2460 15087 8770
2846 10268 8267
5694 10972 2633
1660 16554 8221
3749 6448 7659
4972 12275 5176
16031 16246 1564
11563 17097 1186
812 5765 911
3644 13824 7042
248 4696 8232
2072 11274 9053
5097 8466 4761
15249 19210 6344
2577 9358 995
1461 1772 7751
9376 11947 3563
968 3268 1721
12535 16130 3286
2406 9794 9428
625 726 6280
5464 6136 9329
3403 7451 901
3847 17016 8825
2211 6102 533
8303 8943 9867
11633 17553 7292
8129 9199 2750
3903 12783 9538
2352 3725 6322
4387 10816 5092
7624 15612 6602
1198 11282 7936
992 3001 568
2782 3466 8250
3317 5692 7851
4283 4588 6020
8505 19821 4114
1713 9734 9592
11856 16369 370
18389 18545 4674
4829 14528 8117
503 19711 8202
422 19249 9503
7775 11359 7242
9900 15282 1168
1464 3445 1708
15123 18166 9970
13402 19273 5932
12085 17576 8970
13051 17041 8486
4269 12102 4478
14527 18872 5691
8788 12480 1879
12676 16648 7540
7359 8402 7510
3892 5628 6169
1022 14852 8765
5293 13432 7737
9848 18983 7171
16238 17212 8250
5725 12101 5788
140 230 8950
295 8787 6030
10537 17052 9279
3928 11663 8651
12878 14532 3531
555 12866 2390
2631 6269 7615
3262 4239 5408
2785 3008 3975
12153 18495 4838
7420 13118 4077
10674 10718 1956
11139 11800 5436
8243 19503 8419
7266 8910 5827
4616 5167 3847
9648 19115 7170
13380 18333 4362
15066 16233 3403
1455 5553 3835
2091 4416 6012
4960 6528 3100
1339 2604 4120
2618 18153 877
8276 16670 1133
7297 16396 1779
7290 17017 8913
3531 5225 6178
9342 12966 564
2342 4942 8375
10755 19719 6960
9643 10331 2855
6743 17072 4008
2961 15671 7879
3663 16805 7459
2743 17521 8274
10719 17275 2189
4000 5674 360
890 15666 1121
2405 3263 8518
8513 17161 4421
223 356 883
505 11603 336
6009 17635 5592
8963 16832 9637
1419 2736 2779
13268 16902 6441
5996 15559 2514
4434 11659 9854
2723 5161 8774
6846 19272 1106
1678 3461 4273
3209 12691 3845
14603 16551 3049
543 19325 408
4304 17341 9157
1783 7927 6817
4675 12159 7224
5653 16747 5343
7010 11253 322
19 428 7474
10446 12431 6497
5669 19940 7740
832 1068 5881
956 2603 6838
5574 12504 4515
15103 18347 198
8681 19802 1305
9503 15575 999
2387 3079 9487
9920 10222 9824
15833 19631 8569
12087 18774 9698
936 2228 5874
5399 7839 4573
2236 5063 780
2984 18156 4416
6057 13874 1131
7248 8918 5233
9867 19790 6527
2935 13845 5449
12780 17939 5773
2861 8485 775
14731 16171 6866
1624 14308 9637
11783 15984 6953
11276 12241 3746
770 3328 9600
7803 16625 9838
134 1446 5182
1284 1614 3128
5326 10212 7306
4432 10739 2276
3929 13426 9774
4057 4460 5121
18118 18377 7007
5619 5646 7268
2430 7683 4141
1263 17189 3701
2029 10973 8035
13367 13908 5743
3926 17078 4791
9519 15134 1674
7329 11853 2526
2790 7850 3368
6728 18241 6601
4044 6833 2821
8635 14318 5603
1879 6748 1516
6296 9776 493
4224 5680 5340
2121 18302 5898
636 6937 2759
2536 10475 3303
2241 10157 8973
231 4668 6213
875 17362 5623
15708 19481 3856
5173 13627 1713
2542 13368 1103
15917 16040 3020
84 445 392
7733 7970 7881
707 17916 1823
504 1762 2402
4208 4421 8320
8108 16454 7344
14003 19440 6532
1752 14198 5759
4399 8901 4561
4354 10437 6139
111 3244 4953
14462 17972 7173
13912 18189 6798
8252 17647 4127
3693 6306 8333
1894 16522 6367
15782 16749 8336
17036 17876 1976
9098 11322 115
10921 12160 7056
18903 19042 6267
12537 19188 4415
2476 7690 6477
12527 13226 3174
2099 7253 6068
2196 17892 3301
4720 9612 3200
11468 19726 949
528 6684 8557
11844 11985 8968
1447 4724 9967
12107 12419 8313
1821 8174 4110
1471 1642 8318
13392 17484 7322
3034 15215 414
12210 17557 5553
4035 5636 3199
9037 11539 1713
8465 12931 5687
7384 10764 8971
12936 16422 8200
8811 9171 522
12166 16759 8388
10739 15170 9945
556 897 2048
5002 18493 2254
3196 9125 1931
10307 16769 7734
3206 9725 3395
439 10148 1923
10957 18046 3754
2574 8920 6010
4605 4854 5724
10505 17713 8052
5202 7453 5594
7793 8745 9846
10920 12879 6596
1407 7807 823
5460 18213 2851
1605 14919 4096
3255 16176 4556
12027 16027 4737
5416 10825 8067
3491 17115 6039
1661 1742 2367
3845 7133 849
8661 9313 7609
1617 2377 9914
4271 16108 2110
4065 13322 8472
6697 18503 9840
16291 16381 1332
4438 15500 4684
13228 15265 1710
3094 3554 1827
41 328 1241
8903 14422 2429
854 1478 1250
3332 12629 6257
2977 15102 566
836 1499 655
14991 19773 311
7564 11607 1334
1968 13514 6842
1592 3648 758
9400 12575 4650
6361 6551 1063
1672 15186 114
3012 10553 3775
3422 3700 6141
6841 8329 385
7183 13430 4108
8908 17590 2307
9335 17962 6242
3864 15315 1544
4116 14420 1356
2049 9035 6060
6948 15620 3515
9974 15566 3227
3161 8997 4222
14107 18770 3835
3867 16884 6467
3072 17508 4889
1025 9644 2777
3628 4183 4600
13241 16249 2610
11666 14747 9266
3747 5288 9151
3946 14551 5255
4614 6715 2681
4208 16119 7300
10599 19295 6346
19148 19817 8275
8276 11200 2243
89 9263 9445
1010 8762 4699
3689 8175 2825
4395 5398 6834
3334 3854 6040
2976 3321 8499
763 15694 4314
6368 7913 1104
2922 6729 7922
14311 15129 990
11977 16875 8683
2620 3495 8240
2105 3514 854
1506 11795 5500
4594 13645 4678
10923 15626 9497
3422 3716 1302
13872 17351 927
10786 19328 8660
2620 12539 1605
8042 16466 2796
9159 15079 7085
7081 8322 3816
7964 12082 4423
7902 8446 6806
4444 19782 2034
14897 18559 5608
16446 18225 8917
7652 12736 4834
485 4493 188
7609 11638 9197
5797 8955 3183
14242 15457 5903
9131 9228 287
8132 19459 3987
3818 15713 5302
6592 13872 8698
5281 12990 3091
5201 14845 8682
4984 9669 9255
8104 16557 9028
9443 14609 5573
9297 18524 3544
1204 15576 7558
4182 4545 4957
239 736 4576
894 1332 8707
10099 16118 2528
95 103 9272
642 19049 3403
5922 8901 4644
3818 6103 6109
5652 13129 4447
11903 16012 3758
9431 10379 8161
3454 12445 981
4000 9554 2998
3390 5648 4410
14800 18691 4576
8268 9821 1478
637 17594 6449
3796 16180 4569
12175 12797 4120
570 1428 3678
12286 18411 3633
387 12567 5328
6867 13739 3544
365 1810 3406
5605 11285 9382
9681 16020 3945
4486 14091 3065
7034 13309 5699
9592 15232 2018
2118 11260 8314
104 1616 7965
13319 13924 1207
15689 16673 105
9838 14133 3564
255 11110 4106
19091 19815 1922
426 1086 4957
14397 14767 3360
5544 12279 6962
16223 16808 4369
17008 18779 2127
1991 3162 1510
31 16636 1982
9258 15979 6898
977 10955 4733
77 677 3093
10758 18775 7463
2350 5765 6124
19 706 7877
4524 14394 1955
13052 13488 7524
1439 3874 6431
15062 18202 7275
2792 11057 8461
2292 13711 9743
10717 16088 9668
522 5415 7595
765 19699 6930
7476 14190 6848
2323 16383 6908
1698 14325 6950
5726 14248 4144
10226 15662 7528
4524 4812 1054
2935 7515 1172
17298 19932 240
6345 18718 9895
5735 14465 3173
10218 15918 1822
3259 14379 445
14924 15132 7525
11094 14499 9185
6056 11999 9368
17328 19606 8887
6868 15317 2420
1035 11595 8165
8475 8645 1212
3370 4809 3479
4430 4577 6822
1264 17970 7467
10087 11431 7797
6798 12836 1234
2474 13616 128
4682 4967 4812
3946 4370 8382
18208 19431 1129
1889 4934 6143
7 7385 8691
8785 14172 9439
6961 16455 8196
628 16911 5785
428 18257 2253
7459 12957 7255
7197 19820 2660
2474 19140 3248
11369 13760 5021
940 11439 6430
4095 4251 6892
10702 13145 9453
2551 10396 8044
8173 11850 4198
11735 11795 7980
3721 11386 2797
13135 17010 6021
422 1567 2052
9904 15898 2437
4540 7399 575
16170 16666 1557
5728 7504 5522
2342 2810 6121
2009 6097 7062
16902 19384 878
12990 19667 2322
2697 4753 8185
4082 4982 8547
4803 13280 8267
10817 13065 2516
2304 16552 8461
3481 5883 1699
18201 18846 8005
9891 14288 4722
288 329 3840
6774 17513 3093
4251 13588 6392
769 8468 7649
11379 13007 5406
4847 14184 3930
911 16612 2728
1758 17078 3741
1876 8359 6076
5161 11838 915
479 19325 8069
4236 5567 7746
12421 14246 727
2255 11003 7100
17574 18864 3166
15211 19707 4213
589 1196 5924
4925 6772 1294
983 6638 6076
1313 16050 2324
1875 5474 3951
4547 5415 3764
3036 5815 1481
6389 19968 992
16707 18405 1057
4702 8781 332
6 14699 4046
4189 7944 3976
8983 10100 5381
14411 15576 8100
10312 11236 8879
1946 9190 8756
9309 15532 5195
4594 14488 8048
13273 15702 3192
3091 18618 4789
11523 12818 6675
4216 16244 5315
11694 12723 6986
3194 14107 2499
921 7124 5016
1073 1508 3130
707 1464 4825
101 1065 9317
7301 13427 3182
4034 4679 8437
4831 13166 5767
325 3401 8739
2782 19668 9727
7119 10818 7124
9713 13143 4398
560 3782 2399
16675 18842 5398
2176 10231 2007
10833 17708 2788
9723 10821 8703
1819 2209 997
2146 11626 6941
3829 13441 5048
11376 13820 9497
282 16624 1844
9993 18254 8096
1401 14084 817
3481 15171 4350
2198 5316 1605
945 11473 4401
12055 13595 4285
15 6601 7865
1212 4804 7917
12773 15200 5031
12950 14913 8628
5278 17693 4864
6257 8269 4465
4033 10696 4399
2218 4387 6710
2783 16297 6445
5824 11451 6066
86 14004 7389
2889 17701 2280
17507 19633 5721
11558 15231 685
2017 2483 7235
14472 17652 6264
5486 7766 6676
6499 12815 3618
10909 13660 1421
8850 9724 6761
6951 17155 9180
18839 19719 8405
5034 9060 8133
4227 5438 6730
61 10062 8667
6149 11915 2841
7374 10924 4251
7166 7291 1882
593 11976 9619
7610 18191 5291
12464 15608 5258
6879 13138 9148
7850 11216 5186
1399 3238 6924
10702 17810 4896
6924 15133 8552
356 9103 2727
3966 11407 1458
5145 14765 1154
14437 15128 2245
13616 16486 8419
3285 13587 7057
3497 12286 6595
3964 8506 6845
2951 6389 305
708 19112 367
5776 6293 1195
17078 18074 6280
5415 15952 1311
12962 19814 8895
883 1080 4503
3959 7281 2271
6273 6358 3397
9511 13003 5517
13164 15264 423
14355 18438 6620
1602 19196 2153
8262 15299 7367
13137 13358 2196
273 6338 8919
6236 14895 6267
640 1635 5504
814 1638 1472
4250 5944 4449
3837 6276 2225
4372 19709 7639
8578 14753 2791
3602 5082 8302
9488 11344 9974
9919 13622 2056
3605 12731 1141
8513 11277 6778
3318 10795 215
73 1071 6869
12989 16243 4723
15164 15271 4612
11761 14965 430
4766 13116 5177
487 5873 1044
12831 18501 8715
7021 12719 8973
14013 18706 3766
3265 5019 3248
7416 9842 3716
6297 7748 3955
2817 5369 9486
9614 14869 9621
8846 17550 1027
5579 5964 9959
7332 8554 2511
873 4959 3442
5211 14251 4441
9170 12823 2511
2489 3792 2317
6596 10243 4482
638 11955 9691
8375 9667 1710
14708 17368 7829
464 1327 2446
5367 16763 9055
206 1722 2203
3295 14395 2115
6695 11111 1572
1192 10191 6799
9244 19873 7584
7527 11423 2547
8009 14159 8851
12095 15283 3688
1724 10270 739
9351 15309 9406
7855 9340 8022
6691 12052 6000
9570 16568 3411
1997 2533 7132
3302 5526 765
1725 17790 1248
1708 2061 3863
11204 15650 6184
5515 13373 9044
963 5297 7090
4711 19397 140
13191 17846 1300
2612 17059 8626
12028 13609 7921
3715 19427 5362
1099 6266 8482
5930 13627 5242
9808 19692 1263
7871 8148 983
1421 12889 6748
1479 2146 3116
5196 6988 4405
938 2059 2471
4282 4371 7186
7661 8357 2810
5774 7963 2243
916 7504 4306
906 12380 9704
3760 10254 4659
14799 17800 2846
16023 18411 6500
1820 3453 4723
13879 17757 2245
8419 16113 2472
1002 12495 4412
153 19390 2484
5081 19351 9068
224 514 4234
12457 19819 621
7381 14623 411
4282 10073 5458
2212 5643 7730
4755 12861 7291
31 195 5755
290 7723 9656
8940 10814 2027
332 1302 3778
9318 14652 4290
367 5377 1515
3251 4262 4827
184 852 7243
733 18834 2465
300 545 2934
5499 9274 283
3458 5838 5163
7220 15497 9055
2155 3056 8116
11282 15155 8489
2960 13931 7474
219 4276 9222
7754 9165 9426
279 934 9087
8830 16797 3473
13103 15877 6196
9453 15399 6711
2092 19870 868
2958 11685 8750
2655 7656 7813
4107 17932 5537
5037 13446 9726
5733 15270 229
3331 9867 6846
9149 11218 1497
11869 19966 2608
4103 4635 3861
6616 17079 7939
15162 17882 8128
189 15382 3870
10176 12520 6264
16565 19315 9459
350 462 5694
2872 12407 4116
10336 14832 1429
4632 14632 971
9800 19487 1406
13448 16103 1306
965 6710 8428
883 3614 9186
2943 10461 8553
13637 16897 4032
1172 9011 3124
8210 9280 5968
8784 10457 3679
1251 6097 6864
2683 7006 7142
12081 16365 2984
272 11259 3955
8549 9131 3285
9062 16765 3492
1845 2484 7975
1756 1977 9585
2420 18985 6073
10797 11879 336
6739 18180 6329
5365 15014 7339
2768 3336 348
1608 4664 5275
14286 15045 10
10931 14997 3661
2432 4985 2396
3390 15318 6713
9157 11634 1952
4906 7242 7385
7105 10377 5723
18000 18738 5921
622 17559 3164
8700 11694 9235
9708 15603 3505
1972 17657 7147
7004 18197 2050
19075 19257 1310
9771 16387 4614
5719 6856 4571
736 740 5790
3241 11261 6909
7707 16861 9280
6828 18092 5651
6487 13481 2033
8291 12891 1172
12987 18999 6381
12664 15001 9087
3292 3497 7351
2773 4480 7386
1394 19048 9254
4664 5777 7819
11106 17079 2408
1987 19529 6047
4379 13938 5577
4184 4914 2869
8381 15990 200
8986 15716 5399
687 3687 7109
2475 15542 5841
1873 3264 8816
14333 14930 6285
1711 4596 2560
2190 9493 9146
4101 5876 7859
2522 15382 7745
1742 15496 9932
12246 13038 7936
4403 6581 6143
11035 14970 6303
7313 8565 6549
4749 10018 5462
7394 10038 854
4538 18296 381
6793 8343 7837
6573 11815 6896
602 2177 9876
491 3060 3729
6661 8189 6779
6299 18014 9155
5566 10780 8196
2064 10551 9214
7316 7543 5597
8392 17889 4842
892 8924 9656
669 18379 9488
6701 16532 6863
12026 14029 8423
3304 5726 4496
12214 12652 273
7359 7645 281
8305 15934 8285
917 1517 8921
9620 19357 9396
7809 11157 623
11167 17394 9832
13544 19124 6774
5524 15124 5892
5806 7834 8986
274 18929 7940
8056 8699 7773
13732 317684669
