20000 40000 1 6437
10646 16627 7138
7400 13870 7752
4244 10865 8139
3008 7869 1805
7547 17444 712
8103 9166 8227
3199 16378 9465
1659 7586 7167
2097 7766 7902
286 3530 3816
2889 17701 8912
10300 18649 738
2100 15242 544
685 7727 1276
12564 13382 9740
1680 3045 9199
13055 17052 9720
18437 19002 906
899 14810 2954
7401 19686 1775
6141 13689 1497
4042 11424 6546
1650 2728 6255
7903 14914 1533
538 2204 8761
6327 10201 9922
949 13902 9527
14855 18288 61
662 1087 6506
4644 8529 142
2023 2986 9699
940 17440 5966
18491 19747 6984
912 9681 7402
2494 9234 3903
2295 7438 4151
4337 12699 8559
2771 6995 556
3267 8892 3566
11376 13820 5275
1921 16182 9257
7363 14028 3173
9504 15168 2652
2164 2888 3853
8149 18437 928
5187 19075 6680
12056 18518 4882
3868 9973 2281
9822 14956 9859
2439 3572 3218
1028 17802 2437
15123 18166 4443
2512 19373 9698
3814 8828 2962
13340 19511 4073
1328 7755 2899
16620 18177 5153
1544 11730 3650
8550 13473 9508
503 3012 4579
1317 15150 3290
5492 10093 590
1000 3973 1489
4538 13624 8660
5364 10023 3140
220 12699 2407
1415 6367 4468
10759 14143 9654
4869 15023 4326
12613 14122 8416
3052 12251 6803
4198 16158 9818
15328 18857 6607
788 13725 7411
10557 11546 4796
5617 8174 2452
6510 11593 1403
8796 15751 4530
15056 17790 6145
3154 6255 6050
2480 14402 3658
1889 18906 1232
697 11554 2176
7808 16943 7145
9523 19949 3326
10842 15940 8278
11012 19213 6924
6325 16602 2498
4319 5698 3386
11855 18767 6614
6896 17010 915
7630 15002 8636
15197 17699 3697
1379 8380 2003
5010 9700 6058
2569 15363 5701
3292 17050 3032
3164 18623 2182
1397 4167 1516
11309 12259 1244
6522 7024 1509
14971 16886 2301
53 1972 7464
1049 2399 5795
8346 9724 8356
1737 3066 1926
2981 4273 9059
3630 17354 6253
3535 15286 4002
12920 17525 3298
5152 19512 505
2408 2969 1552
7619 19333 6364
10923 12511 4558
1858 13055 8310
12644 19709 2232
15038 17352 9256
11417 11556 2673
16155 16184 8128
714 13208 5725
11195 18948 3357
10471 17161 3850
9993 18254 5269
3463 8113 9666
1197 3061 7303
10593 14050 7334
3591 4389 8365
12163 17342 4526
9864 13023 9524
1487 10503 4631
4281 18184 4312
3438 10630 7674
1903 17820 3690
11919 13768 6178
4454 11270 6395
116 4763 6484
896 12205 1886
2781 3150 917
9406 10716 9899
8120 12425 244
640 8709 9342
1819 5783 2930
3049 6497 532
13891 16687 101
2134 3324 4053
4810 14748 8037
782 3661 7619
14886 18230 2771
678 2216 2996
3625 16334 1711
8157 16093 1708
1065 13729 4548
2060 7943 9718
15611 18856 5512
13607 14922 3468
4286 17262 7405
7103 15472 4075
7132 9893 1183
9085 18216 6835
6263 15299 5234
13333 15481 4556
10486 18431 6141
8187 8829 3397
2846 3158 2437
1127 1151 4649
1882 11346 1158
3723 12464 6526
2044 5014 2179
9582 14697 3797
4733 9973 6941
11497 16829 3764
3232 16191 1157
4176 10491 2982
14897 16098 9429
5016 17027 1441
12006 19560 4564
12149 18388 207
1335 6798 1104
7275 17665 4526
3816 10939 4973
6152 13375 9761
1045 12919 2072
16870 17602 1247
6100 15206 7010
3413 3963 2065
5647 8443 5983
358 4858 2263
2390 14774 1869
8258 13205 3357
5835 18858 6074
2555 10309 1923
3719 5537 2521
8715 11083 7405
417 11817 6557
11723 13458 9235
7761 12501 1510
16711 17869 2317
1023 6919 9121
7469 13948 5237
11862 17452 6798
3798 15083 3392
6574 13148 3844
11095 13502 5904
16240 18951 8542
673 7842 9513
8932 9052 9927
829 10174 8080
2957 14403 8716
7822 19752 3287
1879 6748 4161
2372 4433 3843
7585 18123 4201
1132 10571 7202
3852 10667 5200
2191 12577 151
3704 5587 9940
5682 11569 1027
2120 12438 4636
11450 16443 4346
2765 3796 2787
920 3160 1948
977 4996 2532
6293 9901 8973
12313 14272 6047
5236 5637 5560
332 4637 4137
150 538 7780
3747 4204 3688
352 916 4888
7527 18541 616
1478 7436 1165
164 3046 2898
12961 15981 8377
16076 16181 9486
4562 5806 9256
14180 19132 9116
5934 8534 355
8009 14159 3859
17054 17381 260
6327 7424 3567
2052 9914 8283
8390 18287 757
555 758 9653
2200 11720 9717
8169 12517 6309
3904 16494 1449
3935 10859 2548
16059 18821 2042
10246 17987 8004
2401 14926 5526
11935 12238 3791
1864 19299 9340
1287 16868 2956
1759 10907 9755
3291 9265 2008
171 1552 9445
8558 10286 1454
3134 9700 8580
7619 9074 5894
12423 18809 9830
15852 18744 3706
3885 8696 6889
955 13744 5796
12760 18024 9100
6758 11877 1895
5877 6609 6348
2023 2617 224
2019 7833 9719
2953 19929 87
13850 15846 969
4401 4667 3237
641 1476 1441
3994 17995 4751
4820 5961 6667
7156 9382 5441
402 2048 1119
1784 2070 7380
6075 13361 9539
3604 9743 52
7890 10788 8123
6466 12524 2784
23 123 9068
5767 16111 3258
5638 8095 9171
4884 6255 4276
132 11555 851
1188 10168 9377
5366 15075 6548
491 7369 4057
1062 3694 7918
14445 14963 5669
1750 13285 4021
10225 15828 3289
8823 8837 6455
2383 8652 200
7501 19479 5894
16697 19913 7895
1720 2358 9474
17676 18492 3039
9136 19978 4263
4504 12233 8347
6024 13881 9305
14047 16002 2313
4301 5394 8969
10281 10856 1810
6688 17242 5384
11917 19261 8365
13932 15510 1526
7472 17171 4830
7437 10435 8089
2153 8596 1519
2880 6246 4473
8519 12207 3428
3699 12780 4673
1432 12309 7955
707 16127 9514
12288 16584 9101
286 10493 428
6373 13316 6279
410 5108 9120
9514 9571 5238
846 7538 5296
13089 13293 9376
12450 19715 6357
1664 3618 8835
2025 5820 4625
9861 13075 4458
847 1830 124
7692 9523 2320
14043 19101 7364
663 10084 8223
6870 17820 1413
5496 15953 8263
400 15145 2953
11171 19678 9666
14317 19161 4963
14027 15630 2689
1621 5156 3833
4853 18397 1249
2017 2483 3550
1362 6925 9228
2835 9101 9061
2500 15749 8607
4059 13013 9378
1529 18874 9210
9974 16938 8800
6963 15715 3037
472 17542 7522
2368 2809 3552
2259 3577 8216
5136 7455 9265
2753 17956 394
1236 5915 8704
12948 18719 6797
4149 13030 8264
12520 19803 2473
3206 10768 6494
13397 14565 2454
11451 19468 1125
4055 19706 1112
4508 7336 9570
9152 11021 2534
1148 7319 2030
12432 16984 2456
6308 16874 9065
9000 12884 613
8903 14422 1520
1876 8725 3298
6331 18459 7587
3109 5471 1451
4604 18183 2777
345 739 8680
12372 13930 9470
236 455 1933
10217 11345 1779
310 2932 2911
6428 13447 7030
13505 17751 5943
18111 19350 9584
9352 17050 3269
10407 16957 997
12748 14273 7368
4055 4854 5317
10758 17802 1111
6415 15558 4122
4601 17525 1804
8002 8237 5481
10115 15878 3990
6499 8859 7997
1464 8365 2800
8356 17369 7117
9001 18309 1723
768 13045 287
3664 18725 2917
2149 6898 2590
346 3650 9135
321 18254 2275
4877 6888 6402
17099 19029 4014
1079 16983 3142
4811 15467 4112
7862 17861 7252
3727 19515 4453
1081 12085 3865
7129 11115 9457
1408 8470 7461
1893 8257 826
2590 18539 6854
3753 11624 5435
2981 7519 5684
3023 5440 6926
2812 17970 1364
779 1932 7702
807 17511 1340
6911 13242 9435
14347 14978 1408
11867 19646 7750
13471 14194 2847
9614 19168 3306
2185 2643 3884
659 13915 5973
25 3353 9485
16635 17924 6566
5994 11651 9735
12118 17801 1460
5229 8580 7016
1068 3487 4593
17064 18200 8109
18628 18655 9172
864 13520 7069
15532 15801 7784
8021 9465 2025
8271 15740 2942
5012 19374 2787
9990 14880 3455
6045 18776 5057
6064 7092 7190
9286 18464 7179
4158 5932 3110
2066 3306 3646
14193 17760 1348
5217 7736 2136
5314 6231 540
6843 17133 6410
11461 17549 6444
7473 13665 8147
3353 11193 619
430 12157 932
4187 10337 1041
3108 6173 6941
6783 15738 5003
177 246 7205
1937 2895 2182
7497 14242 9273
11694 12723 5660
5253 11000 4294
6518 14412 2033
2206 12392 2818
1184 11711 2205
10849 19547 8146
9112 19765 4971
9298 13381 6158
1784 3594 6635
4206 9564 3855
9590 15247 2482
2900 11655 149
1638 3357 2254
1846 17179 4311
9370 12155 5755
6854 7413 9642
677 10053 8906
6020 9800 5171
3183 3865 8945
5787 11093 9943
12150 13887 4210
9612 16916 7587
2070 17407 4334
14947 15560 9842
7370 8594 4842
3624 18703 9328
7590 13591 2215
9315 15280 9145
3111 6176 1467
1583 19081 5865
4405 7706 2868
11555 13132 8530
11571 11590 4520
8781 10739 8299
6005 8364 2140
988 11424 8636
9748 10012 8611
2421 8569 4714
508 15717 3107
14223 17988 1825
1912 12236 5254
6507 12402 3697
50 62 7781
11701 18210 8048
8157 9745 4872
2984 3451 6249
1596 8964 5788
8613 13529 3117
1807 2402 6767
9369 16893 5047
13030 18628 2574
4002 4621 8100
4293 5245 3240
2506 16640 6171
9355 10554 3867
9851 16920 6960
2220 17795 8874
2867 3403 4504
13835 17108 497
2452 8690 1592
6081 7060 1358
4100 5261 3904
11381 17723 7665
1965 16517 8937
5392 19812 2981
4765 19175 4498
7723 12141 2377
10042 15876 6650
16218 18347 9198
8954 18190 5487
684 731 8045
6347 6967 69
1906 3800 7059
1301 6077 8578
998 7959 9262
1245 2563 7666
10440 16680 3893
804 12495 8000
8525 9308 3252
11336 19527 6568
5644 17531 1283
15061 16711 8704
9471 12373 4920
7646 18109 9394
2346 18583 5458
1950 15715 8472
576 5043 9662
11579 11985 5887
7662 11557 9334
8675 18834 1700
4428 6710 4778
271 1469 6510
3830 12359 6930
2803 4456 6360
11059 14893 7949
3490 6057 6987
3617 8962 2276
17390 18361 5685
4067 16706 5525
847 5298 5200
10918 15925 8256
627 18658 1162
4096 13478 3024
12292 19467 2116
9073 19274 8174
1082 10054 9410
6374 16755 3285
8901 10358 8694
6732 16857 2405
1649 15219 4912
10390 15671 8432
4529 13022 6789
7586 14020 821
15181 16104 4176
8522 16421 9397
6328 15416 2785
1143 4031 3300
1383 5187 3946
3964 4258 679
10003 15913 934
2821 19861 5094
3548 8419 6074
4416 4664 353
5271 12287 9100
8155 18180 9977
7886 15948 5389
9627 17840 1019
171 17014 2310
5199 18021 7180
8838 12846 453
901 2588 2961
197 18037 1158
11303 13789 6625
5905 11018 7253
984 10825 750
605 9890 3383
211 12478 614
438 698 4079
5221 18676 2594
11602 19740 5248
2154 6353 1039
10091 16675 3000
1290 17593 8551
7347 12880 2516
11726 14289 2826
446 512 1302
8240 10460 3128
1712 10817 8044
1236 9124 9123
5630 10499 2753
626 3185 1802
6854 7263 8885
13628 14510 2761
10051 17476 4100
6912 17368 469
4011 14894 6646
2877 13920 2072
15335 16756 5342
7811 9828 2757
8298 17336 8275
272 12280 6499
299 7014 7298
4396 15993 4244
15557 17271 4129
6377 18070 3251
3595 8280 1767
6099 16804 2909
9617 18031 1199
114 2671 6435
3521 3759 309
1294 16438 6561
7841 8773 906
10791 14200 7454
3683 7168 3917
17144 18953 3860
2836 8848 2119
9643 14458 1844
8631 10849 6436
1549 6942 3603
1521 1589 3062
12362 14847 7987
5450 8625 8806
1538 16676 7969
1932 6281 2920
10264 13481 2787
4677 9963 140
5780 12009 1313
3987 9647 1581
9944 14886 384
15366 15378 1888
4628 13180 2130
2857 3208 3497
2410 10240 7006
55 3946 7687
18573 19637 1743
17197 19055 244
1852 19989 9012
13022 19144 6325
11395 11685 223
1689 11854 2318
5325 19664 723
6682 15244 3838
9480 12219 3289
4904 18060 5269
2519 16994 8325
739 2248 7809
8024 10388 9682
1372 2284 9160
2517 15800 5152
5261 15991 3061
11779 17473 7780
7050 19244 2353
331 2663 6446
5821 6584 5102
7848 10780 9282
6837 9550 1401
1727 15918 1756
43 157 7707
5211 12314 6677
3648 4712 6273
2840 3407 626
1267 7243 9895
4596 11575 5078
12975 16100 4673
10806 12538 406
7183 13044 7760
1008 4494 3315
367 2143 1956
1492 19651 8509
14356 17217 7562
5638 13741 9207
16680 19036 9296
949 1317 4034
14451 19801 3060
6515 19475 5864
11792 12824 6656
318 336 3613
4088 7771 275
3812 5233 9956
5231 13820 3391
2863 14006 6270
10772 15769 8526
9931 17080 6042
707 17916 5143
393 3477 6643
12249 17186 3975
3464 10498 969
3437 6056 1180
646 15154 2928
3817 15007 7320
12763 16452 1570
7484 17156 6290
3299 10628 8688
3190 18764 8955
5346 14211 1677
3189 3389 2494
3875 9259 7365
11148 19090 1053
8830 16797 4822
14452 19120 458
6868 15317 7386
17901 18020 3584
6972 15663 8746
12976 15013 9516
1827 6693 1660
3304 12698 3332
5324 10349 2596
4318 9744 9093
1356 2632 3285
2241 17005 337
4063 16266 5509
870 12489 1605
4824 10141 3090
13655 13685 7108
541 698 7400
2959 3887 380
1545 5552 8879
247 13002 2744
6662 9174 7491
614 3853 8788
1090 7754 2670
9101 12009 3244
1417 2239 4642
3649 9380 2232
947 6936 7378
10625 10659 8939
1333 1530 8808
4123 12229 5650
15991 18551 7745
1814 19016 534
2364 10490 2295
3518 19678 8365
12185 12794 7639
8015 11638 3853
9859 12190 1863
8306 17911 7029
6425 15179 5767
3649 7904 7348
5778 6204 606
4113 16032 514
221 1320 6153
7588 16136 7202
11846 14985 5630
7943 9163 3152
9711 17639 3610
3015 3578 2886
376 9588 7226
5316 19194 4246
6252 14911 7030
8690 11904 8336
6167 7555 5275
1333 9075 3568
820 13131 8652
7398 10485 2278
776 11301 3748
16196 18985 2419
934 12407 5834
9588 14048 9543
147 3876 5911
6843 13277 8992
3861 6878 6255
17581 19844 6733
5153 14365 3592
14740 17276 9384
1290 2317 4687
1899 2817 5111
18571 19938 3818
17489 18266 9266
1388 16447 27
11035 11694 5845
1269 5033 7991
3284 11862 8341
9209 9783 100
3129 9732 9893
15906 16436 7987
2740 3170 4518
1223 16509 6200
1238 15330 2858
11562 16380 5729
3909 4383 3703
470 1391 8476
7469 15260 7868
1035 15915 6778
6779 8345 622
3603 5865 9753
12535 13432 5935
10547 12380 138
8423 9590 1562
9879 14614 5846
5071 11197 8838
5732 6285 2120
3238 18967 5421
8104 15403 4307
11018 13005 5823
5998 17571 1844
13959 18060 2251
15520 19327 1261
1963 10809 2351
134 317 6985
18971 19613 6479
8194 15960 5238
6411 12042 6638
3605 19477 5204
1437 6698 8090
2754 8542 1307
1684 9382 652
61 560 4982
8086 17791 8644
6800 8495 3877
2614 17909 3423
2462 17202 1167
8401 8727 954
7576 9151 5793
3968 15505 7656
12528 19742 5128
5391 14124 1567
4209 13148 2088
5079 7454 659
3367 16335 9081
10434 17049 6272
621 13313 2175
2620 3495 4903
393 648 2177
762 3423 6372
5144 15376 6107
9805 14368 2531
1304 2241 4100
1531 1771 18
9574 10446 9545
10386 12069 8517
10636 19405 2968
5713 13674 4893
8240 10644 6753
6292 7486 275
2327 9250 736
9233 10553 3330
3730 16504 5486
4427 4690 3132
5386 18999 5596
973 11056 9128
3942 16799 3471
5466 12461 6648
6737 17319 6995
14069 15786 7868
1773 5149 3617
7451 19384 3982
418 19604 4554
4368 13192 171
4676 17463 7280
3325 3542 9026
3869 14902 148
13908 16146 1066
1359 13463 9444
2455 12733 9701
2613 2967 4652
14530 14783 8012
9747 16227 1671
11994 13894 495
15979 19980 6421
7703 18844 7795
4811 11191 2499
12203 16571 3847
1347 3471 6110
5734 11689 6029
9229 14608 7068
13640 19587 9104
6302 11331 7914
10008 14865 1971
10153 15189 2388
4670 15580 1115
13095 13455 8495
13694 16318 4370
157 789 6576
12414 13623 4125
8384 18003 8260
3914 15342 8784
9051 9517 5859
1377 6840 5663
2278 8689 868
7671 19080 8489
7090 8863 2950
1694 9467 678
3216 6356 4976
6939 7052 5218
5522 7893 8426
680 1843 4088
3711 14556 3316
6870 18714 8012
2169 16578 1172
13705 19635 1475
3815 7628 7281
221 1586 388
3485 10311 7355
7573 9479 3119
15896 19595 8355
4853 11873 2473
5356 7060 1416
9509 17009 1526
10454 13728 213
1904 9948 9095
1303 6541 605
4417 11909 507
6010 13551 463
8585 12669 9510
995 15167 1886
3088 9349 8538
2733 8583 6871
7818 18495 2567
2786 6565 5455
843 14609 2705
2885 7307 5560
454 1685 1789
2547 15370 7423
622 2011 1856
2523 18148 9983
282 16624 7966
11119 11340 8923
4276 14152 1539
457 7708 1336
371 16794 6021
4379 12681 5003
10247 14282 7098
3626 17958 1082
4890 13074 5890
2847 3281 7523
1875 16348 1116
86 3714 9656
5072 11461 2447
13096 14561 8802
3211 3480 1010
6366 11118 5606
11721 15353 580
1960 2551 4119
6315 11771 2313
2592 8982 3878
3335 10209 4567
14063 18900 382
14743 17613 3083
6268 17523 2740
7782 9735 1954
3261 4368 9919
3958 8576 125
4641 5059 3288
1967 12876 1870
1 2066 6744
227 261 2944
4885 10328 2667
8664 9823 1504
5101 14287 3400
5240 6837 4995
1574 10327 3373
2347 11909 5756
29 1127 7214
12797 19739 2370
3138 6936 3351
4898 12187 4026
13785 16361 1934
13613 17600 5960
716 8671 1377
3864 7066 2424
3648 9168 8652
8599 12680 1690
1663 10740 7826
679 12337 1392
3120 13392 9677
4801 7408 717
6223 16471 8306
10852 14577 4137
2376 6927 7671
6824 12724 7210
14069 15472 5306
9430 18822 1485
1107 9919 3360
2108 6766 5192
338 19059 844
1536 6764 7475
3878 4015 6951
13493 17584 9400
6470 19470 5649
2164 16217 5670
13155 18789 6098
1634 5121 8219
17004 17487 2519
2969 10332 6727
1055 11533 36
8027 12932 8916
11595 15679 9185
40 9192 6506
3269 7549 5471
2625 2628 7208
8423 14592 6105
1846 4454 4105
282 14169 7032
2955 10367 5201
14195 16660 9342
7795 14754 9846
5043 12645 8416
12862 18285 9520
533 17167 2581
13370 15272 3721
2132 12548 6630
6916 12232 5890
4361 18543 3489
4159 7485 9045
2691 11390 1723
2251 2964 5504
6377 15708 2882
7339 19595 3503
312 1391 8427
838 10125 6272
433 6928 9446
1652 8724 298
1732 15548 5948
6482 10169 2973
12743 15870 6245
7200 14309 1294
3217 19855 7992
638 2062 4078
4043 6110 1555
4655 16506 7737
1293 6028 1515
10671 15776 8737
900 11116 5080
7805 8005 7353
1663 16203 3496
4574 15030 5322
394 9793 6695
125 913 1090
14893 16394 9207
8011 10174 5277
13185 14727 8774
49 5204 950
7646 12987 854
5908 12863 4044
13498 17709 9226
2704 12778 1264
2379 6643 6644
3911 10451 8888
2195 13777 4707
3592 4842 1686
4946 13728 6392
10748 13034 6958
8585 10504 478
13513 13723 696
1146 5205 8445
6570 12034 8598
10482 12230 2957
704 6079 4003
3256 3782 1535
2513 6003 1948
649 4339 2784
3106 17010 8997
709 2409 5057
10673 15300 3823
5763 13707 1091
9005 12897 2353
15917 16040 9700
1427 12023 5434
16036 17762 9035
5797 8000 4097
513 2535 7510
4847 5062 9704
11061 18434 2524
16388 18561 8855
3801 17853 8600
460 11586 6833
10012 14577 533
1059 17724 119
12419 15517 4027
5895 14354 4011
4039 12840 4272
2263 18214 633
3524 15457 6332
885 7802 9043
2848 9181 6228
6918 17996 2978
4470 7301 7603
2867 3902 7502
1139 5175 394
2058 14096 416
14731 16171 1682
4378 14144 3018
4647 18409 5666
3405 19068 4688
4125 16967 1457
240 10521 1190
369 14228 6248
6652 8212 9436
1730 9764 5641
1960 4164 4087
10400 12793 1894
5904 17025 4177
1474 11697 4475
5183 12528 7575
3421 14528 9267
2176 7692 8972
1403 11389 2893
343 2629 7729
3271 6057 319
11913 12719 3913
2948 13675 5796
3774 5387 1241
1036 6155 1420
17928 19454 8615
9259 12118 827
13897 15021 7269
253 3672 3317
350 3131 6756
155 676 5954
5872 6229 8985
7129 12066 9430
13700 19911 1760
3730 9692 5351
8518 18185 5218
427 6219 9512
12980 17149 2383
5386 14545 8250
8531 10464 4291
1443 3488 5019
6730 15088 6708
7725 19734 7571
775 1716 6906
16754 17900 4740
3115 10899 6347
7113 15460 3248
3715 19427 9652
11171 13350 4083
8987 18525 4046
3493 6242 6637
222 15164 328
13223 16032 851
8618 14252 8773
4825 17588 7550
14799 15059 6348
1018 9539 2292
7801 14760 4986
1338 18671 2246
3610 10031 6665
4621 8248 7399
5184 19104 8528
3514 9915 1756
609 13311 3294
2318 4024 8682
2762 17800 7966
2042 16992 9210
538 3724 1299
2574 9597 1596
18116 19689 4723
3031 3969 8901
7467 13875 5757
5275 18834 5067
903 18081 3820
13949 16468 8398
11638 16358 9563
4407 5470 7387
3644 8828 1139
1887 14990 2156
4910 7183 1812
3475 15131 5272
523 1470 8608
8358 19508 5337
10923 15626 5344
1070 18680 6960
4071 18891 9415
7684 19640 9986
7374 19399 4052
6939 19696 8290
6405 11870 4972
5793 8985 8052
166 7841 6282
5908 9767 1426
7458 15107 8799
4994 14899 917
7564 8923 2511
347 17237 5629
4024 7431 9823
2438 3718 6790
92 219 6549
537 19992 5536
3079 9522 759
17708 18778 6906
1788 2520 3084
2534 17904 7978
6070 9829 8610
1186 4921 6270
2252 9933 6626
913 17008 7142
15275 15357 1150
1433 14938 8252
13717 16382 2218
95 3948 1138
5086 16349 7803
7006 17921 3919
554 11539 5159
6672 18758 17
1340 2500 2637
9203 9774 5058
7146 14360 7551
4499 10456 48
2872 4933 593
8592 11536 3688
2735 3542 7971
3574 10329 1563
1825 6378 1885
4364 8802 8803
5044 10550 7960
3770 12670 2820
3346 6681 9317
3771 4458 4167
11544 16702 9357
2121 17002 8873
5875 8320 4950
7412 8181 6933
9462 9656 2116
1162 8140 3995
10452 12050 7535
9297 16348 4243
1826 9541 8753
10799 11657 8603
1526 13436 2705
1576 14789 2427
10050 12797 9518
1008 7249 9198
4439 11971 2600
5440 11422 5301
12238 13151 4585
2366 18469 5575
6225 12396 4532
4984 16251 6000
17 331 5290
7417 8304 9736
4228 6843 6445
2449 4027 8654
9538 14022 3081
1676 7914 1663
5106 10630 6251
11116 19175 5814
14000 17006 8516
10178 15631 7706
6510 7542 1353
16224 16275 4463
2202 18575 7731
2831 4680 1797
3121 16658 3993
5304 6464 6989
1237 1522 8065
4663 11417 714
4802 14108 9953
12282 15282 5336
12044 14359 8260
11224 13003 6322
2842 5073 8360
954 3546 9012
5169 15092 7935
11441 16948 9891
7094 18977 4250
1490 14531 4245
20 1398 6106
669 3302 4263
116 9470 8304
1 3482 9947
16298 19227 3650
4962 9072 8186
3736 10312 613
1919 6294 877
5739 15829 5588
2435 4367 5223
2175 3702 9302
1123 4448 9371
1380 7498 763
1201 12019 4684
522 12676 9815
5081 15945 4246
10299 18525 8651
794 13745 405
7406 10667 8025
1362 12181 4291
6700 12764 7717
2515 6139 966
1291 8726 780
4919 19089 4051
421 1920 5522
15295 15620 409
696 12777 1935
3897 10460 1645
6709 16917 3664
3258 7823 8445
4827 8188 5201
5810 5969 4293
4636 12853 6384
9309 15532 9716
11909 16434 5735
8 16228 6278
1467 3052 9723
5111 5317 885
7547 12201 2725
12769 18871 9935
650 17162 6659
863 16278 7851
3544 18355 1272
1715 16008 4998
5838 8247 559
6254 17888 2781
13677 17219 1214
14890 18167 8623
12320 12605 942
14544 19748 9493
15398 17214 1855
1784 17210 6692
8760 14814 9328
7196 15334 8037
4024 7613 9194
7140 9248 6093
10072 18375 741
1520 1730 4869
3430 5284 5539
4300 8238 7449
3383 14992 6411
2415 5168 3460
6664 12078 6967
7725 8889 9848
684 2892 4063
9381 14224 4606
450 2197 1156
5710 10288 2420
2166 9212 8747
8 1956 432
977 14261 6264
15959 17375 3659
2158 2300 9835
674 6306 313
5011 6280 4904
368 1067 17
13420 15224 8284
3844 18918 6536
7246 12648 1604
279 934 9170
1206 7617 4950
9196 17309 1710
5575 18608 9736
1820 12204 2757
13601 17979 9348
2900 8270 4963
142 3932 8916
1950 5621 8001
860 6218 4944
6443 14242 7140
7549 9990 4151
9361 13561 3679
177 6361 785
4328 18037 845
5922 9831 5166
2147 5743 3441
9228 15191 4272
8936 11478 6238
2711 16133 6238
1168 5023 8512
3412 8833 2027
1189 7753 8897
7638 18795 5608
9710 12552 4850
731 14665 5605
3122 7714 3853
9516 14167 9051
8392 16491 6032
1035 17803 9975
3461 12423 8771
2022 3082 7101
17025 19123 6540
5726 5729 6163
949 15877 5480
12026 17544 6364
2798 4296 3524
10 7720 1764
2406 6735 3767
1762 16827 3582
4440 10469 5187
644 1099 7031
2440 18233 373
12459 13873 1649
6742 16551 5331
610 9119 4674
5116 14445 4525
8458 8871 8489
452 482 4163
3168 11069 9363
3903 13635 135
1176 11166 3239
2707 17834 7499
7907 11363 1153
5647 9076 8069
4729 4887 7585
11090 12951 5759
1048 16449 2292
4703 7218 9819
12264 14153 3999
18026 18610 5113
2276 11193 3013
6704 16305 8827
7680 17157 7719
1855 2946 7903
4322 6154 5937
1928 5137 688
8368 16849 5615
1999 9282 6767
1401 1575 379
327 4469 9859
9956 19931 4631
11867 16239 7623
1061 19953 4035
14964 19009 2641
72 124 1892
10915 15273 8749
5824 11451 9701
13640 18817 8718
234 12450 5026
2236 3822 475
13 68 9577
2246 8719 6888
458 489 1108
3502 11964 8398
530 9327 96
1406 6827 7777
5304 19088 7457
7049 8910 673
2043 3598 16
9385 15504 908
7855 9340 3457
6696 7402 8713
6617 16054 1394
4578 10452 8410
5055 5593 5507
350 15109 284
3444 18269 798
13998 18139 8486
174 19349 9785
1188 14971 4559
1824 14548 4736
4023 12203 3697
1225 18876 5081
2119 10086 7832
11127 19997 34
6534 14234 1713
8760 11505 3596
563 4085 4231
16458 16498 312
5837 6169 9074
53 7827 4745
260 391 4367
7149 7346 4292
11431 16962 8927
15145 16575 1302
10012 12553 5593
3398 18978 1906
673 745 496
4438 16131 6838
5606 5974 4244
5701 10578 3102
5857 18517 4066
13365 13605 9514
4250 5944 7667
3395 12067 1218
11664 14424 6324
1212 13167 2072
12420 19853 4049
6107 18291 5858
1377 9474 4070
2578 9213 3744
6085 14837 7222
651 4112 2286
6516 15824 2132
2908 5200 8103
17973 18156 9093
8029 8508 8169
2615 12536 9344
10778 12319 4379
520 579 1509
4694 18295 2032
1957 5320 7722
3996 7668 742
13462 17597 3029
3922 15670 4803
4927 15705 1705
2860 14195 1318
1391 17045 5273
5529 15943 532
3321 10196 3053
9214 19458 8178
17119 17522 2581
1157 6523 4438
1666 13433 9144
4074 9225 2828
937 19034 8877
5598 8230 8989
525 6428 6775
7810 15289 4796
5341 9759 2861
2252 5404 8992
3594 18893 759
570 1428 1851
16797 18798 9260
765 17841 7449
4064 7355 2744
4208 18115 9359
15174 17555 2313
2205 18554 4191
648 2327 8347
352 7636 1457
11352 16595 1276
3053 8212 7794
13931 16861 6788
228 314 504
11595 16197 4614
7848 9182 5955
12851 13669 2560
105 5629 3630
6663 11051 2157
8020 12558 9902
3395 9584 9074
4575 5762 4776
2091 11370 4211
3064 7113 6739
3764 15481 1879
4381 16202 3271
12702 14857 9204
7466 18440 1079
2398 3393 5147
112 487 2542
894 1332 2445
6348 12839 1320
9974 13905 6787
6347 14035 9339
518 6553 4786
998 1069 5403
11268 12859 9292
7062 17498 8652
4222 12535 7686
14751 19186 8534
10533 12133 9078
11753 19457 523
18771 19617 1202
1644 15620 3318
714 948 7152
7271 11598 7319
3885 19528 8885
2158 18974 3170
5906 7694 878
11257 16936 1893
7976 13945 9377
7286 11160 9957
4456 15688 2095
17149 17431 289
66 4253 881
1044 1859 3387
1493 2256 4768
993 3550 3677
4147 9174 1632
172 7877 9502
4838 5248 5974
6191 17937 3473
8302 12586 4998
7391 19628 6511
10297 16811 8107
10095 13465 7915
879 9957 6813
12816 16613 6673
16714 18076 4502
2318 10922 9488
820 6561 8215
2267 3159 2426
10011 18873 978
4740 12636 2518
12448 18761 1009
6054 9438 2399
116 165 6956
17050 17295 1435
166 6805 6828
15807 19174 5938
13163 15434 2376
2881 4143 8758
1890 3350 202
13501 19644 990
3970 5162 5249
1204 8021 4381
596 15786 244
13423 15109 9043
1251 3819 6474
11025 14024 7693
1493 16405 5972
5208 13840 7205
3440 17128 6160
2884 4373 6584
4906 10525 4861
13869 19144 3882
4223 11690 5427
1763 10824 7744
3746 19544 5385
8115 18664 7059
8089 15358 2256
6560 9102 6087
46 15457 1245
3364 5546 9787
11245 16804 4118
1652 2371 6684
3632 6952 251
2442 4253 2991
2554 3708 4262
3865 17726 1591
8500 15811 9630
2684 6034 1385
4172 19820 9182
873 4959 1898
2712 6817 3789
1700 4950 3193
12749 18550 2429
2328 8155 8571
643 12593 2388
1061 16749 7040
10410 17507 6971
6894 8992 6920
15874 19453 7881
4996 5663 1011
1657 19543 5676
3396 7938 6083
3589 7137 331
2900 14907 2994
4184 8550 8518
13576 16761 5500
2300 9563 7447
2945 17433 4644
1310 3547 1888
798 9864 7214
4214 16619 8474
4300 12666 4442
4224 16426 971
6927 9205 489
1990 11446 2906
14810 18958 9855
614 905 5337
14160 18343 8218
1192 12631 5007
2748 5678 2768
6305 17383 1219
13553 19853 5720
2871 10433 2895
9885 19107 8794
13244 17561 5472
649 6556 3305
872 18605 1547
882 17567 5308
11038 18725 2635
3970 8755 3011
15930 18280 1543
131 8467 9802
4290 13968 1148
1305 7815 1431
11693 16893 2795
11521 14129 1795
13812 16597 3643
4139 7111 1448
7453 10057 9258
2253 19790 4528
16633 19236 7918
7010 9161 5488
3874 18222 4321
1752 7191 3805
5377 8107 2134
12825 15515 3661
11556 18967 8402
9365 18304 2539
11330 12427 1163
15002 18394 7973
1333 13846 2310
5212 7909 8043
1724 10493 7015
8994 9667 4514
6052 6544 3524
5524 18860 7069
4974 6659 6476
8841 11787 1011
207 645 269
2851 12885 2581
78 1249 2050
3212 14944 7464
5472 10069 8728
7402 10845 3958
11761 14965 6499
3326 4270 2273
8147 15853 3991
224 16498 8426
3666 4434 7512
8282 19932 120
12780 18840 5541
6741 10179 9573
13728 17089 3165
799 5536 8503
1246 4405 7830
3089 14339 1170
6370 14228 2650
555 910 894
801 16938 7868
2331 6989 5520
2148 18043 7815
3874 11943 8209
2557 2720 4222
7781 17626 2603
543 1109 4706
4330 7166 5529
230 547 928
2384 8258 6638
2612 10020 7755
6228 18178 2100
2458 19136 4587
439 15796 3433
3991 9477 1095
8026 17248 3523
17850 17887 5981
2281 11603 9524
2435 2714 166
7059 12516 7565
8161 19309 3331
13583 16718 1971
1044 4612 2053
1893 12442 2887
5239 19826 6081
3121 7616 7360
2509 6113 683
11192 12234 4281
1616 6032 2959
8560 13189 4200
3192 4809 7944
2980 5627 9615
2985 11818 7455
7721 18049 9421
3884 17717 1708
13817 14967 1077
6644 9145 7499
3704 4445 7552
56 5463 5545
8855 13014 8028
5631 11531 4167
2027 13721 5632
15344 18504 1375
7453 9236 3831
120 360 8455
4861 11170 128
738 13624 7234
7943 14210 1295
561 723 5308
11733 18640 7735
5686 17790 9094
3347 3828 2362
8593 19995 7989
817 15085 1317
1706 2934 1218
17059 17543 4718
10282 19111 5869
203 2882 7720
7387 11304 7018
8282 15234 2209
5598 10214 7679
1513 14924 8716
11521 12104 4001
5632 11129 5644
633 5693 2147
14395 16401 4857
8597 13950 1361
7544 10878 5439
10106 18753 7411
2074 4065 9557
7626 14821 6894
3124 7504 8594
11476 11951 7411
767 6824 4978
11856 16369 3332
2054 5695 9128
2268 12069 4823
8565 16015 1451
10485 18536 9683
8111 16166 2960
8266 19282 6015
282 4219 3596
2448 17223 8940
6934 7764 1399
843 3376 7896
12285 15212 921
52 962 9121
3372 12935 4467
8929 15840 5669
6136 8704 7090
7168 11316 1941
13163 17554 8228
14287 15174 6616
1508 9817 2769
346 2232 9538
8803 11829 3833
6507 8487 4295
222 4820 773
6866 13024 8564
4852 11620 8010
13203 18939 2804
1714 12343 3510
13687 19670 8773
4274 4491 4021
1416 16654 682
6769 13803 1242
486 8523 1377
8385 14906 2779
5454 7112 1064
5238 10617 2985
3740 16052 9645
1922 3974 3590
1948 2389 6301
3907 3971 2054
10847 15862 3126
7020 14599 8591
13670 19309 2069
7049 19297 8524
2964 5808 3155
7040 12924 5077
2065 6343 8401
597 16707 3652
1355 4536 2418
15174 15639 3454
4431 7926 739
10257 11051 4815
2046 2452 2901
12538 13225 7406
6868 16350 298
2209 6021 8076
656 12679 3844
8177 13557 5102
6342 7295 3688
1908 11978 6839
4131 8499 3941
1424 3662 980
522 3310 4734
9441 15004 4234
5358 18019 611
10903 11722 1186
8944 16859 6177
1418 5289 3726
1151 7800 9611
3165 6897 9195
6932 18339 4647
2374 18692 7711
9510 10242 3962
11376 13928 2681
7650 12853 8613
6440 7324 8157
6839 8494 5784
8164 10294 4006
2434 7547 8256
10493 13027 6653
156 14267 2000
5907 19441 2379
3364 4469 8398
2236 14011 2526
3806 4516 5868
3922 3974 3815
9411 17577 5216
8054 13292 2312
1725 2996 9333
15398 16451 3209
11245 13328 50
1958 9315 6203
4893 10466 650
11786 17671 3596
4516 6457 2642
1125 4072 9775
11533 12808 9961
1140 6336 1132
11185 15135 935
2599 6126 6728
10041 12527 1505
3112 12015 4385
6934 17553 7324
285 5779 9046
3822 5150 5412
4489 5499 7134
3139 11088 1191
2186 15247 1391
9816 12351 1750
1933 2128 5759
9153 12951 8682
7221 16433 281
9326 11151 1181
15825 18464 6591
344 7686 550
7502 8350 2301
10002 10200 1754
15266 16399 1881
7350 14233 8904
5352 14522 5781
10931 11664 7027
5045 15362 4810
2857 7708 7190
6479 12607 6499
10645 12149 3591
9151 12558 7629
8409 19881 6456
2098 11538 922
10222 14698 7638
976 3469 8073
12861 18253 8478
4115 9355 9332
17932 18810 4024
4821 11899 9668
6094 8569 7529
2807 17263 6668
10785 16607 9003
9507 10725 530
12994 16149 7539
7141 19531 4845
2460 6302 649
325 1521 798
4034 18647 4791
13022 13039 2144
997 1171 6946
1032 2057 7274
3464 13806 9827
2159 5484 8848
6904 15468 1355
3246 15528 8522
16638 16705 7344
394 13040 5478
4357 11522 7090
290 3693 8353
2801 11554 5286
12186 14398 8021
4291 6664 8459
157 4288 5585
12047 18355 7093
118 16878 3760
581 2159 7233
7792 10149 1152
8399 12113 6664
6313 14261 4167
15020 18890 383
9807 15581 6166
5486 8353 2649
2408 11148 3338
9787 13057 6975
7808 19295 3949
3447 4161 7262
6344 13814 5660
2279 10172 6599
2286 9361 3008
4425 5650 6407
1977 4158 9628
6812 12029 2763
2270 2354 4529
7823 18128 6560
6896 10301 4834
6955 14717 6803
487 13682 568
54 17513 6407
2753 8067 6772
1032 18308 9946
4443 5038 8119
5203 7025 7789
2451 11722 2181
418 2124 9305
13557 14538 1071
849 7652 7322
966 19470 6837
10294 15771 4332
1275 19394 4092
1607 2024 4394
5157 10852 9228
5652 13129 7758
2529 2995 9673
3418 10352 6164
3461 8705 5048
14356 18164 1411
9522 10917 2316
3875 18493 8456
19608 19664 9487
11729 11867 1089
10101 19616 7436
12922 17864 2666
4675 12159 7185
4101 9246 1346
957 1356 9835
7886 16694 511
11003 15601 6116
1981 6710 6921
3190 17421 5322
1161 11908 7309
2820 3990 2567
1937 8928 7503
17022 17871 5608
5481 10435 3440
9213 16827 3208
4056 6576 1475
11659 13512 7405
14837 19087 5206
507 5724 2673
5956 11707 9670
2779 3249 7971
1340 6861 3518
6860 16419 15
1437 4370 3893
8254 17603 1618
5214 6016 4796
6965 19757 4249
1023 9992 8070
6571 8156 282
1020 3137 6440
2129 4841 2410
13067 14507 5911
766 6718 2617
152 5016 1908
5265 14433 6444
4444 10747 8807
16594 16795 4270
11644 19203 6374
12459 14426 8210
4459 6387 4663
14227 16051 3840
3983 11054 3744
14607 15213 193
2796 2822 4175
8848 13754 8019
5958 12016 2613
6781 8637 8660
1832 14379 2262
11784 17744 4424
10904 15147 8175
2532 5564 6744
14408 14567 3717
3878 15365 3296
10096 17269 3144
3670 13075 897
7048 10212 1154
646 12660 2060
1028 6543 3753
9453 13840 5820
2107 6922 1433
2018 4269 5514
3046 9874 7995
13943 19960 401
10068 12022 7994
11311 18392 7471
6941 9975 4188
6910 17289 2821
5110 7992 625
4950 6182 1509
8464 13970 1507
1120 9436 2887
11932 16939 5600
3766 8812 9821
14458 16970 1101
6962 8180 6546
591 5960 8261
8190 12438 8237
6676 6815 1289
2361 10788 7903
4025 18386 8404
1214 2153 3956
7763 15259 6495
5815 6516 1886
8227 10566 2862
5759 14727 5349
2608 4302 1594
89 9263 9814
14297 18209 5184
3750 3977 8716
6475 16431 9948
4238 6332 2430
2261 6002 1563
104 5696 6633
16645 19027 6298
6319 18436 4890
9521 12336 7630
12555 16551 5725
15171 17469 3818
6526 18353 1327
150 13312 6498
10995 13861 2976
1072 2047 9967
4818 18223 8707
4757 14408 5792
2525 12501 1757
4980 12145 9800
9980 18567 3364
4052 4528 9068
9606 17709 5504
2529 11463 3014
160 672 1823
901 1039 6078
6 119 1059
908 11104 5904
776 14748 9950
2125 11087 5235
11502 16709 9025
6392 15903 7855
14268 19100 6095
3021 10608 8687
953 4819 9019
9545 13731 1249
627 1865 9272
2200 13811 3891
7700 7718 7839
16996 19506 13
2744 14950 457
1088 18189 6067
5249 18416 4746
3972 16872 409
8799 19009 1460
10596 14629 4391
8019 8890 263
6059 12373 2352
1361 14583 2385
822 4024 4494
10137 17813 984
2515 16494 382
4004 11086 32
3476 14082 8421
8797 8921 8658
9956 13579 4871
1345 15568 8302
7984 16248 3743
796 16356 2552
1405 2097 2774
3155 14101 8437
14180 18686 5466
1365 16824 3847
4242 19760 1519
9596 12985 8656
5603 17766 4989
13644 18615 267
11247 11784 5040
1121 1404 1321
1915 3628 9566
95 449 1731
1427 6716 1333
1632 16669 4435
344 454 4491
17646 19638 9553
9107 10175 2174
60 770 964
10495 11882 5205
1496 2780 495
19032 19231 6192
531 986 7893
1076 8707 3217
6857 10012 5189
1476 8654 2163
7072 9960 4246
3882 10846 5352
6433 9615 4925
8539 17974 2146
8983 9280 846
2084 9148 1182
6199 12397 3533
141 8646 3373
1969 16880 2768
10421 14486 5501
2481 18877 8028
4628 17810 8699
10147 13476 3228
14249 19063 8442
9147 18024 5143
339 364 977
6994 11983 9134
7183 13430 5981
7980 17389 9487
17265 19090 5833
12725 16129 510
5219 8296 8301
5695 10436 4467
1901 11754 2733
2268 3088 9252
9076 17079 1313
2761 7164 280
1036 11517 2010
2914 19886 2159
10512 11606 617
2468 3032 7282
14505 17007 1440
6167 16012 9242
2378 10186 6312
13230 15023 2364
263 353 1464
7793 19508 7006
7793 8745 2321
3329 5478 6267
10782 14811 6168
2185 17416 3645
1565 3838 1127
2557 17313 9451
1330 5902 2545
6974 19001 1265
2491 10449 6042
3808 7846 2457
6083 16264 4731
6970 7805 5463
7697 8678 1887
4364 12378 9997
3987 16192 1482
811 2687 6761
2878 3015 917
4410 15865 567
14829 14979 4149
4372 5194 9456
5714 17617 906
12589 15798 6343
9468 10992 6272
18291 18889 7642
9074 15600 1126
8749 11328 8694
7950 13492 8345
10450 11992 986
3106 11092 9346
6110 16085 6676
444 8981 7231
8739 12424 4030
2464 8701 2374
6498 10341 3526
14063 16498 5407
3220 17528 7040
3615 3762 1886
2360 18287 6881
8704 12106 1528
4231 10423 9304
320 11120 1312
16510 16535 8481
2849 3768 7315
5455 9916 8825
15725 16814 4949
139 6722 3257
4331 9225 4335
34 1228 5122
12380 19790 4650
6542 13171 8720
7251 8323 7917
603 3755 5978
1552 4010 7116
2648 2740 1662
5797 7041 2085
1997 2533 6201
12057 16608 7980
1785 4967 5933
18300 18587 9811
14849 18958 1359
14306 18020 4399
2724 17411 5743
13616 17321 7825
3060 10316 4917
5662 16651 4541
4943 12316 3492
43 14067 9114
7951 17347 1867
2848 6533 1060
1459 2273 1687
3550 7928 2907
4750 5825 4620
14426 16666 3053
2596 3044 9552
329 19706 4451
786 1430 5582
16652 18191 918
2462 12468 826
4610 10514 3758
3263 7409 8980
7 11319 9526
1147 4367 7621
5924 15172 5305
15019 17532 7849
6767 9594 9038
8608 11527 312
18068 18513 905
1312 16267 3051
808 16360 6768
2271 13108 3765
1070 15860 5192
14984 16392 3660
919 6866 2551
1562 3442 619
2294 11540 3831
10170 15043 6977
18755 18974 6214
9434 11789 167
191 4831 1986
4700 8836 2801
6033 12258 3092
660 971 619
1450 18367 2022
4962 7280 4419
155 1947 8614
1708 7663 6977
3484 17705 1359
5218 12454 2486
6671 16305 4022
14556 17553 5417
3803 19419 3039
2451 8986 2670
885 2360 8798
703 6198 5742
4840 17499 1052
10682 18399 1283
2675 2757 6087
6327 7813 3996
8370 10380 2861
3867 4989 4869
12091 15456 4857
9412 17190 7581
10474 10785 2884
10694 19806 2129
142 2246 5421
2368 2970 2042
4413 9313 1566
12168 18056 9069
2656 18651 883
12084 13219 862
2188 10372 2008
9435 13449 4875
107 3033 8870
2535 11152 4770
5906 16393 3766
1312 12771 4803
2521 10358 8677
13071 13549 2659
4292 11359 3242
6874 10417 30
1957 6198 5764
9279 13974 8158
532 4053 1438
4912 19801 6662
553 3848 3713
7708 13372 4693
933 13644 1368
4115 6902 9875
4515 18637 3746
483 18816 2601
12664 16536 2373
3738 5075 6178
1714 5968 2532
13251 17533 2886
1356 1940 4308
209 6166 58
1407 9878 2531
6684 7859 3299
1603 2421 1649
997 7356 7342
11353 13463 766
256 6637 1854
12361 14808 9274
7329 11392 3275
2733 12586 9491
2102 10321 2681
8205 11880 9016
6344 17197 3560
6556 9343 3028
9811 19741 7117
2608 5495 1161
1799 4597 601
5432 17126 1351
108 6302 7324
723 1012 1037
12990 19667 3388
6487 15237 5423
4700 14517 35
2519 3522 4607
2672 13262 3434
8050 12196 7283
2708 4102 1086
16564 16809 1275
10019 10170 6843
7559 14228 9271
3250 10434 9906
4572 7801 6398
7169 18114 1951
40 116 9502
1605 15233 8435
11165 19386 3128
2403 17891 8482
15321 19019 8516
2247 5713 5346
3814 5831 4893
7872 15871 1553
5522 6468 133
7381 7630 7109
1725 17415 3983
13081 15437 5376
3630 19492 7444
622 814 9602
157 2525 9423
1331 15042 7948
3314 3848 8605
2628 3421 4407
15965 16624 8195
9524 14687 5981
6076 15941 729
6754 14933 1520
9668 12657 6488
1223 4408 5414
10469 19232 3295
6160 17931 5728
11597 14666 5751
7216 7816 2283
18638 18845 8184
285 10943 9721
4420 14865 7879
1181 6739 6097
7348 13330 2902
8200 15871 7457
10428 11005 7047
17132 19639 1962
6427 7716 5872
12306 15619 8767
781 5290 9111
2578 16817 2274
11118 16218 3610
4549 19534 7208
6906 11858 965
4232 4984 2723
9394 19103 345
266 6294 2226
2935 17959 9436
1212 8925 5288
1638 16029 6178
7530 9324 2510
11092 11856 5134
1535 4885 9888
1999 7318 5966
5939 19493 5137
5606 10216 3432
383 14897 2279
2883 16977 5125
3972 5798 5230
42 7078 5940
1857 12993 1687
2841 6007 8105
35 1655 7977
10942 12420 8995
3788 3809 3600
1645 16702 7462
7395 9677 7951
1383 3051 9956
18354 19075 4463
2138 5246 9396
3258 8985 5615
1021 13589 4204
1559 2262 8829
2484 3096 1224
12381 14411 2963
4791 9854 291
1791 2117 2950
3785 19906 2244
3097 3665 5727
12297 17420 4037
17401 19892 5194
2798 4148 9608
1949 9378 9137
2709 19131 1473
6493 7806 2539
2753 5325 9107
4648 13923 428
10541 19136 9273
2100 10996 5026
9146 9694 2110
5601 7090 4037
126 5597 3
4642 6204 8016
5052 19229 108
8925 16079 8393
19261 19584 5583
1332 5229 8081
94 14434 9475
4301 10585 2627
8924 13839 6975
94 1934 4894
584 2532 2679
1641 12181 5190
2853 4295 9592
1337 13920 9242
9848 15871 5188
111 5181 8058
1636 1735 2972
9661 17644 4794
4976 19161 4870
2256 9739 7579
10506 19422 3270
6977 17710 2309
7373 18119 1984
3770 6452 6617
763 15295 1882
7025 7026 3696
7582 15091 7350
12741 16725 2196
2132 3009 283
2054 19976 5307
6447 10134 4789
6856 15064 5882
5831 15340 3157
5655 18128 4565
5710 6532 259
675 8056 7761
5571 15508 5579
556 1682 7539
7086 16383 4141
590 16053 6425
1718 8249 9567
3541 6999 9656
2184 7860 3539
6410 9083 1155
14955 17739 2293
8495 10268 566
8406 18643 6952
11139 11987 3570
755 1352 4971
2940 3198 378
3589 9540 8302
15947 18322 5437
3039 12898 5065
2644 14220 1523
6048 6659 4488
3234 5907 2035
13051 17041 1269
6788 14708 5603
3790 4354 7227
12379 12636 7501
3744 10506 1409
9244 19555 17
2140 2545 1032
1795 18366 2489
20 1205 1039
6020 11999 2044
7178 7457 2647
8377 10223 952
11124 15805 7513
483 17033 2048
1257 13758 9696
11473 17524 7585
1671 17535 5335
14958 18929 9580
12571 13804 1235
5105 17564 6903
14419 18793 4214
965 6167 2439
4201 4738 2125
8490 12399 848
1543 11430 2682
230 6506 62
10448 15616 3466
509 842 7594
6224 15129 8360
6190 11320 3192
11220 15625 910
6149 11915 7763
460 1379 2383
3294 5864 5786
5159 10954 5338
1364 18010 8076
13567 17433 7438
15047 18041 478
4810 4915 3529
442 14761 8786
2621 6982 3132
13751 14137 1119
11633 17700 2627
10746 17151 1024
3260 7449 2495
727 1641 305
1050 3824 6235
4668 8436 4487
154 2634 4028
11204 14761 3839
7495 8610 1918
3463 19831 9959
2156 8256 4350
9773 11827 5758
3899 9141 7250
3065 9674 5085
9811 16848 1163
12166 16759 717
3465 8091 59
9397 12196 2097
6107 7516 944
375 4912 1502
5024 13731 2472
4707 18682 3990
11920 18162 7085
91 5063 2411
2675 8027 4493
2764 9871 8439
7152 11068 574
4622 9002 3139
8409 9088 7751
4989 8624 4814
11088 19407 8091
2550 15086 7341
2996 3013 8560
9279 11715 6302
9620 12649 1959
11934 15349 7958
2913 9683 4999
4863 14801 3432
8420 19811 262
18279 19669 9816
5169 6558 274
8923 17570 3471
5930 13627 9552
3013 3134 70
7937 8807 6141
2371 6999 3296
14221 17386 6936
2508 6137 2232
322 14000 6099
8169 18715 9722
11172 13002 9683
14366 19451 7571
11195 13853 9040
798 4493 4774
152 243 5269
2425 11536 7153
7427 17994 1461
3693 19876 8950
9632 15997 4375
546 5796 7092
2568 8834 5480
1768 6674 3404
6655 12989 793
5161 12579 1999
4189 7944 6452
1333 2287 2296
7400 7744 6251
2113 11626 8881
4405 7151 4709
1359 4504 1552
12541 14318 2622
5427 6027 7352
6695 18028 1155
11814 15408 1303
5053 11115 9247
1391 11482 5295
15546 18686 6874
5691 8839 6668
5746 14209 4853
2890 8179 6175
189 15382 8615
12422 16186 3857
9725 13652 8868
2815 6199 90
4046 4051 503
7303 19114 852
5121 6132 3308
3998 9742 523
6610 8879 1425
9490 18482 3127
1741 4200 2184
2970 19132 9804
2268 14297 3230
10499 17141 6800
7341 8739 329
3897 10172 8987
13860 14992 2905
1943 2768 5670
4248 15883 757
6897 7550 4336
194 1963 2095
8771 9499 2531
4044 5766 1238
6992 9866 6068
13813 19723 9138
1055 10774 245
4676 10006 5977
12032 13617 545
12294 14399 3056
273 307 1837
14803 17568 115
8732 11453 6176
422 9461 6917
12557 12761 5822
3615 7454 9061
2262 6010 7933
13510 17574 4402
3012 10553 1841
12265 17786 7275
481 982 8530
2203 5994 6456
105 1019 3439
12540 19968 299
13368 18769 3400
3156 5568 8692
1081 16825 2400
12648 19379 2405
11605 12022 8225
7615 19191 5593
6189 18885 3602
5424 7200 2940
7785 17826 6364
362 8757 9874
7336 13750 7155
5756 10530 780
8347 8507 5890
7468 11182 1563
3804 14710 1722
5880 18839 8274
3133 14207 5503
14038 17352 9850
1703 5230 3148
2997 7340 6447
5628 18439 3480
266 18589 6936
12571 15111 5678
1354 15580 5916
2620 6010 1461
672 2558 1092
634 7648 2550
1265 15602 9565
5671 10463 1593
10729 10982 5485
4460 8334 5106
385 967 6749
14361 17621 2771
1748 9611 9364
1278 3578 9010
15919 16123 4936
1177 13961 2553
5622 12106 2279
129 15412 5005
17200 19967 8921
1605 7334 8383
3497 12056 7207
3750 10604 3206
14333 15505 5543
3998 6954 7029
6114 8164 1079
16602 19011 9057
6713 15841 1856
7085 9500 5797
8064 12670 5062
3705 4207 9886
3605 7400 1155
4587 10765 2485
7158 17692 4062
650 9581 94
9260 12729 7235
2820 3548 8927
4788 7739 8321
3871 4450 8729
5729 6258 7262
6342 12023 5643
15903 16236 8432
13762 17599 7724
536 19285 4328
425 5497 4948
7008 7333 9089
7646 9324 5698
8324 14128 822
753 8986 4940
472 3282 419
2209 12052 7769
3758 19430 8489
623 16494 2216
1600 13806 4123
6926 16696 4026
11602 16757 2221
16787 19298 2387
1036 10639 607
9101 16162 5756
13906 18115 3508
1652 5018 8365
12323 18875 687
3120 9860 3049
9673 12596 2208
4177 12085 3980
5844 15442 1333
506 1926 2119
8774 12277 5684
10640 18431 1590
10137 15023 1929
4444 16571 8881
3944 19505 7426
4138 6943 369
6921 16089 1595
3021 3026 9263
858 19860 4109
11457 12047 8398
937 4109 7455
4917 8822 5921
18160 18603 1715
19031 19842 1139
771 1882 3122
17988 18164 7401
7709 8618 1981
2576 14308 2276
1033 2787 3384
4274 7916 6931
8259 14144 7005
1742 13711 6136
2222 6203 2231
10820 13882 6594
3458 8126 6243
1038 17233 9712
5017 9282 5530
3735 14727 5281
4866 11039 63
109 4715 3274
3181 19889 8063
476 1969 4815
998 9866 7682
6808 15777 2549
5532 5681 5228
3233 19480 2216
149 16399 6461
1326 2893 93
5517 9443 8210
827 1105 617
8465 18440 5033
606 5984 6789
5456 6802 5401
5363 13065 7100
11315 19744 4308
12107 19393 3418
18017 19680 5868
4032 4992 937
10973 19325 6630
5577 9629 8618
4031 8084 5685
12748 14649 3643
2367 3132 6756
2190 4396 1909
2934 16156 3610
5719 12859 9632
998 17309 5195
17425 18393 2799
10986 17140 821
13421 19050 5333
3432 15030 7931
7427 16690 9192
3802 16130 7740
272 3606 2333
1507 18087 2152
5917 16752 8249
6713 7358 7188
234 13630 7644
7320 16363 7797
3396 16240 5102
19439 19875 7365
9796 19466 6188
1027 16172 4993
12909 16667 5694
660 19045 6860
1618 17798 6276
17396 17578 2044
4337 4518 4064
830 6429 1393
500 6993 9401
310 392 269
11506 14750 7328
132 17775 3257
5040 10568 39
7131 16945 3575
3079 13503 9345
7065 14705 4333
10120 13796 3907
8509 9891 1357
13267 18504 6457
5814 7242 4502
10382 10978 464
11235 16356 9202
6398 16876 5651
810 4336 3584
10600 18308 4530
10641 11436 7963
10943 13746 3487
450 6357 9379
100 142 5389
11084 19559 8555
2789 9749 3448
1082 8334 3906
9024 9806 9922
7239 7976 6957
3681 11650 6853
8373 17123 2622
5151 19532 5335
301 3922 8895
13869 14325 6610
4032 18020 9473
2833 17360 812
1166 8969 6824
12893 15481 4792
1057 10848 5024
5792 12813 7411
85 6855 6359
3617 9917 3424
2346 9883 1513
3532 7050 5941
3723 4363 7943
385 586 6045
1747 11139 9843
8760 9298 2033
14885 15567 1863
780 1879 6057
6358 17320 904
4846 10715 7170
6519 13684 2052
1685 11398 4455
13137 19040 4531
4705 12071 6984
9982 16273 2576
1564 15117 6008
606 16614 7855
17752 18488 3581
4091 5587 5508
3808 13391 148
4075 4616 6344
3476 7212 231
1106 10610 5584
9676 17050 8384
10 14021 2964
10935 17699 7702
12102 19317 6555
3795 14859 2043
5103 13618 4674
371 16708 1347
1289 2598 5034
6790 8129 1331
5068 12875 6056
1373 7932 9086
2604 7043 9094
7456 8349 8215
5909 13248 4200
10806 17738 8793
12731 19447 2681
2130 5851 2271
205 1656 4308
5552 5990 5496
7234 17728 2924
9 9667 9457
2631 9017 3951
6368 15953 3765
8074 10765 3708
11032 14685 4062
1012 3931 266
10003 11975 9280
1296 4286 8705
3895 9579 4458
4728 6473 1801
418 4337 3491
9369 13908 9907
11625 19051 2555
2136 19960 9605
8905 9431 3870
1337 5257 2820
5018 12163 6785
3574 7747 4441
9176 13625 831
2120 4137 3843
7183 10513 3854
2530 14702 1965
14652 16826 2662
491 7918 3279
9119 12658 4541
12539 12543 1133
3297 11828 5405
7706 15715 4476
2179 13892 2768
5834 11977 4288
8351 18777 1274
300 13360 8208
363 390 8209
317 17492 1451
10028 12595 9583
14436 16178 8477
14837 16218 3777
7303 19148 7839
10495 12783 7209
9129 15210 5285
7183 18660 5692
5277 18678 1846
3137 3406 8497
16767 18115 2009
937 3183 5624
8938 15723 8637
2005 6866 5269
23 1023 5334
7016 9166 9457
6853 18147 8359
4316 6562 5126
3577 19002 9686
4761 17122 5811
4969 16307 8826
1829 17712 1773
2897 6819 9203
551 1433 7659
1783 7927 4141
15372 18667 2949
2364 6059 1902
3888 12790 2561
2380 8783 206
10512 15181 3457
156 562 9466
2761 3529 3871
599 2867 1427
1469 12792 5055
1772 12534 7532
3517 5655 8519
6547 17650 2777
4513 16026 4491
5335 11190 891
13938 14413 9976
7132 14493 9686
2330 12068 5753
3026 8843 4206
8914 15967 5531
6544 8126 3596
3753 16059 9309
280 3259 2724
1353 8503 7685
13849 15745 1691
2465 8860 9601
4224 15229 5469
528 3761 7519
2127 2745 1685
4039 9828 9632
12158 12432 6620
4913 16214 5122
16038 18328 4153
13054 16913 5583
13367 13908 854
1972 5386 7471
905 18944 8820
6528 12062 5325
6108 18456 2919
11062 12257 7438
2960 4764 7945
10333 17211 47
11798 17980 2392
7378 19679 8643
7184 8959 5024
2416 18432 41
4580 13429 6236
636 6937 8992
6749 10272 6106
3861 18105 4798
18208 19431 9861
5922 11967 5606
2912 8578 7495
1810 2169 6274
13222 17343 5500
3166 7395 3021
3263 3772 7995
6370 13077 2654
5498 15461 6275
1098 13620 5814
1083 11684 1655
4682 14999 9934
13861 16732 7755
6507 16223 4051
3318 7979 8474
6087 8701 7700
1034 5774 7752
3191 4185 1632
5024 18022 5792
7759 18073 3061
3654 15158 4120
8053 14118 7990
8932 19155 7490
10780 13866 3585
3988 9143 6365
11867 14134 6496
1209 5913 8683
3455 5179 9360
5917 9216 8838
2038 11731 222
1305 5711 3325
2832 3295 1784
5761 17156 423
5517 8218 1866
1884 7537 2978
868 8385 4570
6264 10030 6551
5882 7885 5270
1272 15923 1913
5472 14336 6330
3226 18850 5207
2754 7964 4660
434 6334 8878
130 1129 9724
7641 19812 6293
1808 3222 9283
401 411 1901
7113 19775 2553
3553 17074 6026
4765 6189 2828
1363 6416 2239
6596 10243 8566
10571 16510 9452
194 2215 5859
1 2 8351
6074 9511 3291
118 1443 8116
8074 9158 811
7195 11062 2678
11434 11558 8597
3535 14842 9187
4099 6704 763
9319 18605 1703
994 15007 2464
5994 15347 3982
365 3337 2077
1901 8049 8739
10915 17725 7342
4994 13306 9785
1450 12832 7470
7923 10176 8358
5704 17326 8243
613 2825 5841
2825 3976 1471
4524 4812 9757
4010 9015 7462
15341 18208 4148
7392 15201 1818
11984 12222 2326
15450 19339 4292
14801 19666 9772
316 1347 499
10780 18124 5028
6935 17292 6258
1006 10868 8150
5052 16993 2115
2501 8208 5692
1665 7404 9722
663 16934 5124
4751 9903 5513
549 1794 7444
5916 7189 599
1150 7863 1455
1609 9517 3525
2899 5508 2421
3715 8905 8827
9366 13862 7291
5929 16976 9963
6863 13675 1610
10672 11166 9745
618 6426 2937
1524 11501 5026
5671 6064 3599
6159 15645 2751
1352 17515 4381
447 1596 1834
13629 18956 3226
10406 18557 9922
9655 16878 436
10090 10844 647
3879 18998 1130
2163 4048 8568
10223 10857 5634
3198 5236 4071
5349 15118 3389
6983 6989 2187
5259 12287 3182
99 10780 2718
178 386 4786
2398 18772 6877
5570 19288 7821
1925 5876 7377
7569 16910 7686
4798 15039 8237
683 1102 4624
4765 12568 4214
3164 12180 5454
3333 18241 7873
13427 16177 8327
6428 7747 9233
6835 14482 5473
1081 8885 4979
2675 5848 9713
335 2948 3890
3642 5625 4513
12951 16629 1014
13097 14985 4040
294 2855 8961
8344 18101 2105
18 120 3543
764 19835 2427
8225 18906 8829
8326 16976 4883
4271 16628 246
6580 6654 2678
4451 8220 604
5009 6061 6046
384 17670 6835
9707 18337 3348
4166 19383 7499
2299 6846 4764
3181 15171 5463
12521 12562 5804
455 4385 8718
2186 11842 8256
565 5166 5267
2833 4522 2019
662 4128 1459
9511 12043 5108
215 509 473
11195 13335 2687
6414 6461 1253
4666 13960 7453
8281 11128 2720
5334 16589 543
4069 10063 4811
4795 11892 6065
1406 2230 2597
1151 2594 1994
480 1384 4950
7409 15571 3391
3126 3384 2102
13810 14785 3278
4869 15852 7569
1238 9100 9483
5650 13700 8287
4574 14387 3069
2862 18238 7723
13327 13772 8956
1389 7127 4614
5687 17565 2399
543 2253 7985
13651 16748 8081
1136 3526 6576
1603 16785 6802
961 2424 142
50 4632 2393
5672 7026 3774
2878 9696 6157
664 9833 5610
2509 16835 8380
1767 8012 4609
14365 18972 2613
1729 9971 2112
209 213 3696
14278 15244 2162
7009 8527 6852
2422 11828 8718
15337 17766 3899
3128 5316 1142
979 1224 421
14 548 16
10758 18064 7799
2525 2869 9955
1284 10832 2864
4943 19823 1274
9463 10486 2659
1159 8662 2327
1457 18197 6718
4771 6664 644
330 398 4384
7124 8268 6471
657 13569 6806
260 2290 458
13755 16000 7299
1961 12700 934
4929 7531 6770
4649 17368 1815
12280 13090 8479
285 2380 808
11608 19018 1921
561 9690 8741
3382 8805 1844
1983 14064 3749
5771 16185 5632
14450 19030 9852
9229 13127 6159
1046 14532 4170
8606 15489 2421
1509 15996 4884
251 10535 4327
7255 14486 613
2250 17411 6625
4818 11125 8197
4702 9298 9864
12517 15459 5751
1828 14213 1050
1826 10546 6670
75 12419 2804
809 12904 1263
2577 2889 2679
11176 17765 7584
12946 13757 2070
1969 16554 2112
9267 18737 1586
2739 7952 4890
13 564 5554
3170 14248 4755
9405 19489 9279
4798 14815 7329
4644 14124 704
5613 17433 132
3370 3885 7056
11617 18828 4590
4364 14370 3958
2200 14408 3759
6007 10499 1952
10107 14067 7174
5476 6714 3098
3926 17078 6471
4526 14590 7282
8062 11210 1873
11422 18765 664
2802 7759 5994
1938 11933 6568
7253 17974 3860
6115 15227 2764
305 16496 8738
622 821 9134
3067 9781 2038
7297 16915 6156
1325 6047 8813
15926 19521 9937
81 1369 901
4293 16688 3996
2868 3867 266
813 12066 8991
5776 9912 4957
13217 14591 3928
887 16704 5784
2742 4702 4268
712 8025 690
74 102 1040
11836 14839 1296
5236 10441 7495
861 1994 7031
672 18329 6017
2438 17634 9092
5933 13744 3204
4068 8875 3514
8399 13479 7263
1061 11601 8017
1663 2055 1185
16543 17655 3437
852 2674 3034
4496 12421 6976
3429 19592 8177
1958 6916 6307
5292 6863 3722
8878 17465 2207
6792 11553 2106
2826 12047 5766
3306 7121 1992
13155 14037 2815
765 2084 6687
601 11746 6483
3696 14302 9393
5404 7077 5228
4808 15020 1594
1529 15726 7363
5407 19133 4020
12842 16154 5008
10227 12315 9028
12806 19613 3557
3824 4484 5498
10903 15277 6602
2434 3660 5572
4581 11493 682
7636 9239 1768
1236 8020 1983
19013 19912 4623
9519 14974 4854
14481 18533 6375
1990 19499 287
3758 11909 6419
630 17438 3597
902 2513 6219
13374 16281 7021
921 17093 8125
2990 8169 890
3125 4639 6977
470 7914 7200
2277 9824 4956
3387 4364 3881
126 282 4138
16106 16940 9202
314 1917 8220
14128 19220 2112
3656 13611 3427
2715 4623 1148
1163 14347 2874
6863 9756 2161
5 14428 8873
12474 17141 7701
3746 3889 6960
462 556 8493
3860 6741 1909
199 5256 2282
218 14269 2937
5486 6662 2955
5803 7531 2444
9551 9827 3
14183 15951 9275
1302 5170 445
13335 15127 7985
2483 6554 5614
4183 4720 4414
4719 8864 1232
285 1693 7703
11830 17788 597
19262 19542 4800
1121 13043 8426
12788 14854 4958
6294 14911 9451
478 14180 4163
7713 13456 6329
4519 13343 1838
6234 6742 3727
3577 6518 9178
2369 2666 5946
6726 15746 2207
16838 19397 915
1948 9095 7430
18425 18942 981
1109 1406 7621
4410 14260 2549
12589 14271 862
2697 3169 6149
361 1533 9979
6742 11343 4717
540 13949 4744
2135 6984 9279
9189 11721 5075
649 19091 1317
8892 17341 167
14916 18298 8755
403 2639 4913
10520 15945 7061
7083 19597 2922
10735 19482 4290
9440 12875 4430
7498 12518 1437
5098 9273 8464
7833 9495 8735
787 1322 6207
1728 6990 9522
11934 18893 7589
1520 13868 6872
110 11994 8972
1956 10932 7414
1311 3281 42
1967 10979 8568
15857 19432 1847
571 1837 698
2161 14023 3435
4065 8617 7882
7747 15459 338
5188 13820 17
7402 18941 4433
10371 16076 634
7338 18532 3731
1088 1522 7
1344 3334 823
8663 9717 5424
2291 19410 9837
524 10009 2193
14251 18314 4576
2336 7945 8967
2636 4159 7266
263 343 706
11726 15288 3276
4893 11687 5740
369 11411 3653
511 5677 7212
17176 18339 3232
9968 17399 813
2468 9478 423
1932 2969 787
7414 18723 5009
5736 16021 4855
5568 15596 2048
1074 11034 3110
3114 9325 6375
1437 12098 1249
11584 17197 5025
8550 15010 8314
5300 10428 2453
3453 15851 7344
5162 12379 7048
6440 16933 1703
1063 1462 8846
344 1646 3521
196 251 3327
15002 15107 3012
17367 18627 4988
6548 10366 1824
1077 6799 3120
1109 13084 6723
1210 16856 4860
8543 15187 8640
16992 18076 7934
3206 3871 2946
496 14444 6538
9825 15933 9788
4440 5443 7011
2151 17570 6552
1346 14288 2200
9720 12445 8245
367 2747 8061
16967 17703 8656
8723 18661 7086
3212 10334 3422
580 2425 5741
7337 17281 3247
2464 8060 4291
5570 16464 1600
8499 19185 4618
1872 1992 6036
1441 1917 8925
6849 9176 3113
18838 19547 3137
1931 7913 5317
3968 18125 6539
3880 7335 5632
3414 9620 2264
6661 8189 4435
4979 10849 273
9570 19969 117
282 5215 6862
9498 19495 3966
11769 18802 4676
16597 17953 462
7238 9372 6457
205 1358 6876
2946 14753 4965
13140 19160 2363
11743 11757 380
2531 8839 1393
173 2135 9175
3726 4361 1738
15095 15754 1197
8182 10170 7450
14692 18151 8013
6553 16175 1262
12535 12538 4266
17032 19225 6260
9299 17664 6311
18010 18109 6314
5515 7672 2619
710 3385 7471
3750 6114 2237
1541 14149 8287
4981 8721 1478
9138 10405 191
1813 13995 8971
3231 16678 1821
6663 9089 3371
2125 11482 9269
17562 19816 5975
818 17821 8773
13579 17722 2841
6954 9114 1933
7363 19756 510
1040 1348 296
1580 3601 8657
899 931 498
7454 18382 3250
2019 18645 7245
3192 4543 3390
3281 12370 3846
8794 14037 93
795 4605 5783
1301 7104 5355
1784 10515 4560
625 2642 9397
8889 15657 6649
9359 11761 409
8180 12633 7932
14088 16228 3275
865 4019 4483
2683 7526 305
3232 12620 2274
2079 2912 7
8129 17091 6104
11606 19884 5235
4799 11895 3030
5036 13305 6927
4021 5950 400
7490 16067 8194
202 8888 1652
2556 5580 7049
1516 10350 9153
9412 17789 4449
2208 4755 566
2817 10464 9164
7624 15612 3384
3135 5423 8897
1750 17358 3370
14081 19097 3169
8492 11809 1252
167 13863 7727
263 1109 1356
938 18718 6792
10142 11918 1876
10366 17395 3570
10376 16895 8049
418 514 8545
842 19847 6737
1192 4713 3384
3498 18217 6084
473 795 5439
10115 17218 3571
6547 13715 5086
2076 15107 4339
7951 9384 9531
1442 15247 7387
6537 13921 7867
880 18956 2581
3417 10588 2454
147 8561 8080
5334 13398 2510
1209 10751 3635
1965 14407 5055
3975 5325 6945
1689 16890 5605
4584 12139 3183
35 8054 4394
3261 5392 1359
1470 4344 4909
430 2249 652
1752 14198 8272
2943 4982 683
10654 18227 2395
1790 3148 9581
570 6639 3892
3067 6721 202
8604 16522 3279
12717 15294 7801
4831 13347 8176
6299 18253 1459
11434 16031 8422
1812 4930 4036
3065 3496 60
166 11302 3564
7100 12688 71
11818 17896 5440
3883 18980 6348
15293 17991 9266
4073 6904 3195
6219 11022 6241
13814 18950 9547
2763 4872 3840
578 652 6571
1690 12185 3239
6491 17425 7403
200 15234 2021
7215 10797 9317
939 1219 7033
2632 9024 7138
3053 18716 8339
5498 11869 2146
16805 18839 3242
11905 15304 9539
472 18806 5356
2236 5063 6162
4894 14830 6071
9367 16630 1111
4551 5977 8964
2207 6207 4110
594 9734 7929
8771 9544 6678
1833 3068 9961
4763 9504 3094
12606 17486 8978
9464 10724 6690
11949 15464 6297
1398 4868 8562
2731 3456 203
4379 6817 8122
102 8702 9243
12838 16123 9525
6051 10161 5388
1584 6426 6321
1977 16431 7944
1371 3657 5794
1321 1354 5442
5981 16129 9320
2628 11938 8327
1294 14263 4208
3476 19770 1537
3667 17588 1570
566 4437 8031
1060 1692 6721
559 1768 2145
811 2647 222
8671 16224 943
6717 10790 617
2312 4654 9055
2145 12525 3800
856 18467 8108
3171 16350 1741
381 11490 5538
358 2764 9323
13511 15843 5800
5470 15034 8439
5613 9489 7979
7931 17465 2033
7143 7213 2086
2041 5543 7194
15808 17350 1484
7883 10188 8914
2348 18478 3695
11004 17216 7081
8718 11286 8840
14918 15074 6601
9888 11425 5264
13377 13522 412
1060 9103 9474
3381 15549 2531
322 533 9310
2242 18890 8411
5520 6117 2754
8132 8529 4798
7604 18637 9273
1993 4324 7603
5967 16342 4757
6621 13526 3157
133 12654 4255
2321 4403 776
4108 7791 5918
4733 11770 8268
6151 19585 7779
4791 6236 3132
5083 6592 4185
8366 9264 4735
2378 14682 8112
1951 3702 335
5243 15958 3979
13523 17861 4803
2034 3608 4993
7201 8644 9702
873 1696 238
9402 13951 9066
4399 19808 6090
10745 18825 1157
6353 9962 3514
414 693 7409
2095 5312 1029
190 529 5224
10053 16727 2020
8740 19038 2844
1631 13767 3377
7294 13563 2222
6962 15775 4940
798 7929 1124
330 7325 606
314 493 4470
4935 5238 5813
5631 10515 2343
8012 17075 6974
9297 11170 531
2424 17639 7258
5909 10060 1289
4809 19959 605
1367 18600 3753
3361 8729 3165
5571 11759 7019
4525 10682 919
9606 11154 7276
1144 5176 1570
6526 7318 4526
4265 5052 1232
12160 18319 7122
1263 17189 1621
289 663 8147
7328 15522 2737
470 14446 2006
2533 11821 6811
8246 15563 4215
388 5072 7554
7810 18452 9327
1574 6985 3915
641 16309 9678
13034 13609 5998
3277 4676 7940
10823 18629 2463
1928 12132 6504
7004 18197 2776
7235 11753 8169
911 7589 3735
14814 17448 2241
3936 19273 7705
7059 12603 2362
7773 11942 8773
11022 17169 7939
4424 19739 3397
13128 16663 9203
9851 12744 6031
5706 17710 3327
14795 18095 5030
2966 15977 3741
2067 18416 6989
6554 7360 1593
3470 3926 1966
569 10884 6403
15884 16809 7312
7849 18157 5337
3362 9476 3135
956 5283 3659
13904 19869 9845
5242 19411 1014
5432 13037 3322
2586 14631 3122
247 2685 3895
9707 12829 1131
5033 6174 8885
1851 3438 3658
7160 10343 3116
4456 5308 4721
6886 14435 6565
6983 13293 5340
723 13371 5178
6116 7479 9491
238 7665 1978
9140 19506 6532
7992 14068 1826
11470 17750 9478
9525 13720 2017
7176 8164 2809
11273 12971 8709
5740 16736 5863
10048 16412 8336
15921 18460 4792
1243 2012 906
290 7723 2453
3224 11786 4799
10024 13527 8529
2871 8151 4831
673 972 6063
8229 9724 6438
4685 18136 1439
7151 8898 2603
9558 11455 9876
11389 14745 6909
5593 6486 6495
6377 13229 590
7399 14742 9715
6268 15260 678
8827 11201 687
592 1410 818
3437 5189 4054
4137 8553 1729
8544 18102 2818
3266 11006 4615
3680 16394 9857
7703 7913 3123
6072 6081 7420
5887 7298 6550
2092 13639 8166
4457 5079 5202
234 12463 6853
10946 15146 2222
4730 7817 103
205 9239 9673
10124 11414 8202
10728 13312 4650
1 10 2775
1144 1518 4243
91 11912 4219
16004 19213 114
11012 19745 3923
4073 15751 218
17211 19771 1894
2743 4905 9710
4624 4890 1273
7385 10711 4915
11385 17394 8921
6388 13144 4535
13527 17207 3504
6400 13883 8334
1636 17742 8091
1205 6044 3404
12840 19248 6457
365 2537 5597
7533 12897 3537
3025 4351 409
1029 4277 6567
8325 18959 4509
10992 15385 8059
7944 19310 9508
3971 11551 4795
2179 19058 2401
2592 4272 158
13760 17589 1952
2122 3751 5308
14781 19360 1469
6637 14926 1372
9586 19985 9220
479 7126 7078
17031 19011 9995
7811 16529 8721
1248 10416 2155
12609 19428 9495
2265 15048 5902
5100 5271 466
5655 8223 137
3679 17693 9057
2683 17872 8580
1727 3366 6684
3219 12484 5505
7217 18134 6853
6729 7123 9568
15950 17308 6510
2995 11227 9073
5581 13898 4509
11102 12221 2582
2109 6993 3671
9518 18181 6323
9994 16680 6063
5232 7622 8941
14004 17619 6514
3281 5529 3832
3172 5125 1363
1374 5614 4414
1881 8436 5721
10601 14327 6087
2988 9444 1565
2813 5515 595
3301 3588 7373
3698 4933 7558
17085 18523 3613
1353 3589 525
11007 11914 3898
3388 7190 8678
207 766 3709
6924 19350 6790
6094 14770 8944
40 16137 1767
3823 13126 6187
19518 19701 6460
1689 12551 4176
1115 1964 8562
636 1149 3552
5094 11725 856
9225 19787 7425
3189 19490 1331
11626 12769 318
6718 15871 1478
5481 18578 9506
1543 17263 6853
6308 16062 3401
9289 12942 6903
895 11462 2888
1146 18897 6597
9407 15730 389
10805 19469 8376
5999 11153 1185
1213 7459 34
5757 14879 5130
1276 10191 1920
4908 11912 9878
8396 17399 4598
2039 4477 3056
453 1349 9846
18601 19336 8653
5811 17250 29
6508 9979 9438
5754 11794 6538
8190 10866 4891
9049 18417 6661
7491 18845 2917
399 13527 4726
6533 16590 8595
14968 15538 319
1232 1761 5386
854 15771 5610
957 2733 4484
11878 16434 752
40 1872 3894
8543 13134 8477
1342 3292 6310
7283 16884 2438
6132 19200 8429
5354 9507 6720
1908 17038 7078
11031 15165 5405
987 5020 4841
10955 14720 1097
4749 13215 204
2213 3860 3079
3336 11935 1817
7806 8587 4036
7194 9050 5741
5837 10411 2802
3204 18074 9072
16019 18173 7097
4766 6822 1518
6747 10731 6629
5168 8342 9707
10193 12051 7642
441 919 3369
1857 15003 2951
3131 17644 9205
2930 16315 5633
8211 14855 9035
11562 14331 6154
1005 3773 7954
6823 12588 5581
12469 12787 7038
10379 16440 9725
65 14540 3800
332 15507 7960
8388 15028 8205
439 10148 6970
3953 17634 1021
9711 13489 286
2362 2773 2427
2436 3712 3665
16083 17690 9975
2462 10890 6278
973 8588 9096
1489 13255 5183
4601 18355 8209
9433 19438 6787
4606 6086 1857
11671 12612 5706
5949 7724 8538
1039 4835 9651
7049 9598 8789
12456 19962 3369
5476 7460 8047
16236 17454 5674
233 541 4476
2919 3095 6962
12094 16381 7879
2555 10863 1271
4787 6331 1466
1805 5260 5582
3460 10909 3834
2151 4573 173
8588 13000 735
9757 15339 3699
1194 1828 1467
10594 18211 4424
6692 9045 7652
2064 4475 7629
9825 16182 9853
3835 5727 6521
13726 14240 4233
2222 3405 8950
29 6127 1504
11852 11859 1247
2352 12029 6268
6960 7196 3141
6654 16768 9136
6038 7224 9430
2389 7093 6655
2715 5226 3584
59 365 4963
524 3020 1167
2242 18166 2552
9875 18934 2234
7020 12113 5669
5090 8297 9077
9534 18906 1740
12996 18541 6846
5296 15886 184
1527 13094 7113
7690 11250 7997
215 474 3729
12757 17867 6303
5394 8730 240
3153 6514 5776
3254 4778 4920
747 15978 1922
12695 13486 4363
13904 15700 5987
3074 3605 6209
6563 11149 2463
3485 4168 9218
1620 7009 3842
10743 12553 1635
1342 12889 4615
1860 16782 7145
396 7583 6457
330 13201 7127
7151 19645 9329
1394 19692 1140
5431 15645 6149
11332 11746 8905
360 1046 4885
15555 16623 9576
9711 11207 8994
398 1310 9359
8157 13948 485
5495 15356 8576
309 7582 930
594 1099 3214
10057 11491 3607
2957 6950 2172
2420 11280 3112
7174 8564 9558
5175 17716 1584
2495 12191 8515
5741 14314 8647
8640 11390 2449
5606 12520 9918
12673 12733 459
3582 8439 4805
13196 18219 6924
6892 13878 417
11766 17323 1820
3134 11318 9178
2164 11340 9128
3486 3864 6049
14990 19296 6161
9095 10291 9201
12973 17216 3232
534 2906 2518
26 1038 3799
3889 14279 1066
12601 18249 1297
4031 5342 3191
4582 6692 1963
2835 5070 5131
14929 17797 5671
2137 14627 4375
13380 16647 2423
10667 19799 1879
1467 5388 9623
240 9953 8207
1186 11611 949
396 14694 1969
543 3956 2494
2561 2814 6793
8013 11804 2036
6006 19155 7534
7244 14654 870
10715 15261 3039
7662 8590 419
2458 8346 1592
6212 7913 4365
4462 10513 8497
2954 3004 2685
17318 17656 9162
81 6653 1207
5690 12820 1533
16966 18484 8118
18234 19258 897
10170 14711 8989
9394 17598 4827
996 2511 5241
16409 18862 4557
13857 15364 4792
3609 9387 7462
3930 10325 2690
3397 17796 9678
4140 9196 5701
860 4084 6582
1291 12786 2256
3740 13810 5396
554 1114 2464
3235 4381 6959
1016 12871 8259
14867 18018 4186
3527 8404 5851
2984 7016 5675
8514 9907 2146
1911 19786 2587
4534 15697 8126
6014 18482 1470
617 690 3468
1 11801 6697
10150 15006 7126
12797 15201 4709
7211 8770 1733
11468 13538 2642
8181 15611 1274
8495 16154 7908
7785 11570 5462
1558 2767 8036
2319 13296 515
11596 14482 491
15 16 4026
16397 17240 2711
2178 3286 524
6270 17893 3843
3788 6586 8180
6335 17328 4208
12222 17986 3271
5142 16839 9039
9791 15481 9002
12765 16619 2867
5266 8684 1510
7579 12244 9390
5274 14821 5124
4845 18915 1169
9151 15040 3631
8575 17274 1921
5955 6879 1877
808 15570 2362
1643 13619 59
14090 18490 9315
2937 15615 5503
1407 7807 2327
10990 12048 701
450 7044 2840
15989 19764 9680
5201 16389 7437
1916 13223 4654
501 884 1672
16000 19331 956
6534 16354 3495
12128 15257 1332
11620 18593 6305
15424 15774 7891
13884 14150 364
5600 7484 6072
2049 15834 4753
6704 16894 2293
219 475 6928
12244 14642 8282
1358 3111 96
5682 13189 9100
8768 10296 5720
124 299 7318
8156 9292 77
5608 8573 6679
910 9082 3345
242 18115 8365
6260 14076 5384
3451 4683 2899
4228 5095 475
6841 13977 3484
6061 9624 169
4626 6199 4138
14886 15218 967
1197 1346 9982
7082 9743 1373
5123 16881 8183
11154 18467 9829
1994 15134 5649
570 6701 9214
604 3847 9152
6451 13085 3672
2023 2381 9642
1645 12497 5326
5379 11452 1021
12723 17217 8579
12290 18352 1854
2333 7719 2251
539 11991 3961
16140 18292 5415
14296 19640 2488
13291 17484 8130
3820 17952 7614
11423 16369 6431
5048 5762 1623
4045 10791 6106
2750 3231 779
12481 14117 6917
64 849 7469
7177 13954 9908
1813 13981 6029
547 4292 7080
3683 18861 8901
624 18243 6318
3962 14757 7533
1680 10214 5243
74 534 3580
9768 14154 2022
2665 8769 4915
1244 2776 4176
441 13870 8350
4068 17203 3587
5215 18103 2889
6272 16218 8099
85 259 2036
12260 17419 8091
883 18064 1694
314 607 9732
714 872 6575
2854 18345 6265
8214 14980 1636
1772 14663 5628
4940 13277 1139
6603 14530 5273
598 14858 1543
618 4769 328
10415 15518 794
1735 13238 5711
8184 19196 5712
9498 10978 9116
2653 18982 6243
8041 9492 6028
1940 2162 2523
11575 16021 1955
6890 19366 8170
167 5560 3058
14588 14624 3605
5202 12789 9675
6074 14098 6026
9395 13599 4371
9318 16344 4699
275 1277 7387
1977 8076 7789
4730 19947 9615
16059 18977 1920
5721 13545 5664
6300 8942 8249
6267 16708 7504
7407 11436 2548
324 15373 9253
5436 13568 3328
10001 12345 3384
1313 1468 5797
159 536 2253
2769 18389 2222
158 3507 107
2494 7827 8677
1047 5272 5109
9866 16524 3960
2926 6872 4207
1280 7349 4296
1257 3499 9104
8871 15266 5499
1382 5657 6041
3385 12123 7459
1276 1547 2998
8891 16628 8883
12261 15986 9303
15584 16711 8948
14716 15881 2407
1928 18077 6438
10080 17870 793
2886 17351 1185
7162 11527 3048
3107 17839 3282
8301 9028 4883
8920 11684 1206
4702 5803 759
6644 17758 2585
2569 4039 267
242 15890 5632
4301 10169 2950
3285 7767 3112
9867 11219 3771
5002 5049 670
513 1902 9623
317 1927 4674
2967 8789 2006
12279 15885 5412
909 9833 2592
3493 4021 2863
5 250 41
18626 19585 5274
6107 9279 7218
11570 11841 2817
8124 13167 9685
8654 11005 9844
3730 9602 6578
155 12120 7008
2536 5347 8630
1767 8277 7620
10684 14816 2036
2979 6711 1560
16289 19095 9720
4288 5420 4504
8104 16557 8722
6010 15092 7978
5238 8343 2205
9536 19294 7204
5682 8198 5960
14612 17399 950
2543 19064 4520
1184 1861 2303
18930 19197 2941
1534 7420 1776
9552 15086 2906
1531 11122 5129
12159 17057 8250
5856 9766 5666
278 5096 9020
3273 14568 1186
8805 18569 5348
15736 19553 302
7107 7285 9360
704 1449 5956
4644 8562 577
1577 16131 1086
8179 11299 2041
17092 17514 1913
10191 10523 4433
7220 18604 250
170 1389 3580
7266 8910 5427
1279 6016 6306
9294 13128 9483
1500 6769 2713
4415 11688 2522
3528 15074 5901
17274 17770 5655
9431 15182 2399
6747 9983 2129
4651 6307 3277
14219 17851 5623
1525 2400 1471
157 281 6480
1993 19306 8960
10468 10826 5465
8065 19346 5756
8254 9230 2376
10206 16869 8570
4954 16214 867
7781 13035 3467
2745 11889 1562
10488 15857 8472
138 13812 2786
13816 18986 840
2437 19241 3355
2440 3527 432
6293 8918 9337
8585 9742 1967
3134 5876 3300
8311 19724 8354
348 1773 5730
7488 12962 7525
8712 10939 8586
1521 4229 7066
1899 14384 9850
2926 18165 6990
9215 10852 204
557 1217 2223
4113 9841 5891
73 1071 2647
7033 10681 1003
1954 2407 6159
9873 11504 840
3697 13971 4997
2442 11784 9915
5126 5914 1919
117 11495 5411
2176 10231 6062
17052 17320 7182
4106 6160 9132
13216 14776 265
643 889 6772
12324 19315 7273
5488 7305 6208
14542 17036 2689
15939 18185 1845
6606 10036 1673
9608 9911 4453
6500 12228 2441
367 17605 7662
15234 17780 5876
4710 11303 4272
113 13736 5654
1174 4706 7314
6487 11580 4143
948 11751 1756
382 6833 9809
278 19750 839
6333 10384 1321
2729 3545 8068
5067 6739 2062
609 17521 8584
2272 5038 3246
4 5 9989
245 3318 17
1994 8544 4331
6698 17187 6273
9361 17777 3129
1468 16791 7423
16 991 8100
11866 16734 7802
1477 4033 489
862 19325 6677
12654 15775 1824
6420 17280 9940
1074 13236 5990
131 197 3027
1778 10009 1596
3625 16750 2046
1771 13706 1213
2266 19135 5395
5098 15252 2615
7116 8010 5475
6754 10109 6245
3251 3962 1566
10352 11665 8303
2408 11508 7400
2146 7163 1665
6522 9328 8495
11932 14053 5590
471 5532 103
294 909 395
8837 15626 6517
8611 12147 5821
1522 13642 5546
10949 11959 6476
1214 11776 4373
3968 10118 354
3248 10855 4704
7678 13880 1796
14655 15067 4950
16553 17160 5192
7516 8772 2287
3316 18065 320
12301 13612 2091
4651 10884 4593
8553 9999 6010
4756 10353 7289
2613 12673 4544
4403 7410 7367
5024 5867 6386
6626 15590 7210
10600 11073 4932
8479 18095 3200
10385 14115 5250
14570 19863 7579
10952 19803 6203
10189 14345 7455
1122 3752 4363
13607 17535 1830
1210 7084 9963
10307 12302 6493
105 16026 3963
1012 1111 7204
6386 14250 3700
5755 10369 603
2505 19514 9118
9409 18928 6338
8731 19638 4365
11402 11435 2545
3223 8485 1436
8578 17875 3885
12132 18146 4841
734 19721 7208
355 802 8149
251 19208 3400
14093 15364 3233
5212 17821 3101
17750 18557 8412
5755 8587 4988
690 13049 335
10093 18338 4012
1864 15452 8912
6094 9482 3021
2864 5730 9498
11983 12401 9548
8473 11712 6040
1446 2185 9200
13749 14526 9766
3486 6301 9479
8365 19398 8362
4365 19296 1076
8138 12542 1969
620 16923 1913
5454 7088 7951
1898 9569 9175
187 774 4300
4292 12496 7668
3888 3959 4269
8925 10348 9391
3083 4291 4727
8829 19100 683
16800 17459 8340
1054 15162 5215
4100 10014 1308
7326 9989 2088
14780 17018 8415
3286 6363 4358
818 6303 9215
15988 18486 9866
9372 19259 843
17179 19023 8345
615 1303 8737
9593 16490 7371
4402 8844 6593
1445 11449 171
4159 14036 3840
12296 17933 1913
18 80 2003
8945 14812 8628
9923 18420 2230
1181 1321 9598
186 1899 8103
12843 15799 7516
6906 12972 7747
16587 17579 347
3285 13587 9991
7127 10168 4058
2781 15275 9888
4758 6443 1908
3 34 9453
4544 13790 9431
11424 17991 9011
264 8301 8292
6976 10563 8614
16698 19644 4251
10688 12978 4193
1630 8306 4895
8944 18202 8401
12718 15395 6868
4269 12102 3859
2672 19938 3071
13951 19136 5249
18344 19708 7165
3199 7688 5572
10789 15262 2201
4930 10687 7535
2563 7316 380
1928 11831 645
948 1759 6238
11393 15969 36
5726 14248 7933
7814 13150 7508
11781 12911 7261
6872 12346 3153
11619 17148 4520
3137 10728 6596
15663 16984 8901
9891 11198 2828
8992 17356 1040
1263 6531 8043
2966 5120 8499
1746 3435 8623
10739 13924 6359
2636 10367 3677
1818 3163 3493
2037 11791 8074
1436 6151 6146
2722 11655 9769
2251 2586 423
6536 13253 330
3574 9921 8516
5313 13972 9190
944 1885 5441
4511 7179 4055
216 16092 9975
3697 11648 7741
11266 17288 4361
6094 14598 8096
981 12822 2400
18264 19748 2458
9294 9409 5611
4512 15204 754
6667 10767 192
3336 9857 6167
4779 15976 8338
12716 12913 6302
11354 19141 3416
735 922 8389
805 8153 7842
16682 18396 8170
4157 18074 5084
1825 11668 1208
7646 12672 9901
9336 9607 6686
192 10474 8310
918 12587 9463
13135 17010 8720
661 6591 9879
899 19204 7751
15248 19802 7448
2485 13654 4703
13942 19784 8021
4373 7203 9928
2784 19961 8049
6098 19685 9237
1612 2832 2147
8327 15501 3893
2530 8432 4803
4678 9229 524
3113 16286 6661
2683 19584 6243
11536 13821 1006
1994 2196 5048
12725 14670 9738
1614 5133 7743
15078 19239 4753
10649 11896 4862
14181 17012 7277
2940 4177 3780
4589 12188 5283
5447 13663 8759
2084 7592 7234
3064 8170 5588
3018 3817 5451
16680 19337 3302
2961 18758 9776
1233 3405 1789
13241 15891 6983
2367 7188 6841
10984 17007 4862
2329 6604 732
3559 19414 257
1914 5067 7801
1489 1505 7132
6790 18385 3947
17642 17937 1602
5847 17656 1693
10654 15130 5959
15408 16619 9017
10702 13145 4623
11021 17798 4655
3131 9233 4900
1361 13786 2228
12696 17115 381
11755 15816 8857
7388 8262 9335
15148 19306 4038
11164 14383 5812
2419 7423 116
4421 5177 1829
3992 16005 8375
16363 19275 6218
4036 5228 7234
1631 2659 1266
8631 18057 4427
2391 10826 4330
2317 2932 1998
3233 12399 652
7423 7624 9367
1712 1906 9208
1187 17107 6839
2650 16426 1322
3576 13701 9523
10100 19589 863
11414 18470 9938
1992 15327 7493
4551 6282 4845
7771 8092 4237
16885 17711 5209
5086 8606 834
8664 9676 7739
1288 1436 1107
14991 16164 960
17508 19436 9223
2226 8970 1927
3297 15541 7701
4087 9527 9825
8236 18400 43
5759 14929 1975
10298 14869 4279
3489 13733 2440
1999 14747 9470
1506 4692 9902
4127 7417 8069
5122 5915 137
9459 11343 281
5723 8472 8697
4313 17625 4034
3781 5914 5335
2858 6759 1315
12893 16054 8051
941 980 7675
2949 9872 6177
3632 12928 7403
9968 15737 1557
552 8245 3138
1519 4180 5711
237 16431 6986
5466 16571 4287
1066 2633 688
3105 12152 236
2367 3576 6864
10989 11599 7604
37 114 7246
2246 4285 6568
362 9924 6656
3471 13356 1196
10690 18903 9114
12379 15590 730
1296 13401 7023
4062 13301 5813
4157 5299 2182
7838 11521 5385
2548 5408 769
16961 17993 4549
4581 8699 4568
9376 14999 3732
772 1089 8847
11790 17897 5345
10021 13282 8116
10014 10029 6784
3897 12831 5842
3588 8020 9104
7753 12378 2848
1304 3144 2393
1746 8184 2772
1519 1675 8816
3426 6043 2700
8695 10977 7229
3262 9216 2064
12175 15492 56
8125 18905 8789
205 231 3405
126 7662 1391
840 1162 9795
3979 12696 5508
5469 14952 9656
666 12534 4288
7558 19356 6034
1451 5473 8366
1270 14533 7278
14762 18387 2559
523 1130 7664
5798 18852 3740
197 19765 7995
14146 15127 8996
278 395 5063
6449 7840 5153
7656 11885 3897
103 376 1755
135 8388 3332
4160 8563 6399
17414 19396 8482
13031 18079 1247
183 2019 5369
3866 13479 7919
14040 14284 2465
1017 1621 5868
5973 18175 8336
5465 17751 9012
321 4725 4711
4714 12763 5375
5727 9403 5385
4120 14606 6229
2416 9395 8483
690 725 6985
1117 2345 8819
7952 9636 8167
12409 17828 6925
605 18195 2901
1084 12287 1272
9531 9732 1600
4326 11158 5097
639 10461 8029
15003 18967 8174
3377 11599 4669
525 7138 7596
7922 9721 2112
3409 16333 2667
1627 16397 390
6771 14382 1861
4032 19920 9997
3829 4330 7820
3393 4005 8213
13117 18675 8352
8259 8811 2363
974 3966 601
2506 2959 3019
2111 11888 4543
42 206 9810
16951 19269 2739
1422 1638 2465
596 2596 571
4625 15943 7987
936 14143 6749
4378 14545 6589
7330 14582 9252
3292 17865 7801
4440 5491 7574
1105 2408 7289
7321 8733 5276
9931 11523 825
912 9394 6003
1186 9460 343
4065 4943 8798
5657 6209 8772
12587 16359 3443
3408 18526 7864
4495 9018 1886
794 2221 6802
3404 14447 1445
5392 17121 9875
7646 7653 5253
114 19793 1984
6959 10408 5397
759 14029 8263
1020 14513 319
10273 10713 3090
16786 19712 3234
2345 12365 623
9696 13928 4522
5176 8672 6192
5051 6783 4671
11 12002 6176
1106 6253 9560
14685 19177 4751
17578 18656 5039
73 1805 7435
2715 11019 2840
2495 13858 8139
981 4877 8128
284 1072 4153
1679 17658 4065
6374 12802 2366
2163 3991 1127
497 4685 8014
8456 13077 2999
4031 13377 7513
7001 7394 1805
11324 16469 1135
11378 15361 9593
178 19769 9647
1231 4953 5372
8068 11242 9657
8481 12486 4090
2261 2321 3163
9853 12843 1125
2007 16180 921
108 118 4035
92 2086 592
11668 18223 3359
148 14392 2634
3760 14623 6547
2282 4642 5841
2921 14954 4208
8686 8946 9777
3430 8549 6735
8949 12945 6586
8211 11970 1664
1246 5985 3738
756 2040 9320
13299 14472 1500
14989 18688 8044
12714 13957 9413
3740 16887 1975
5443 5713 5792
663 715 4652
3294 4693 8462
669 2382 4949
10799 15624 4184
6868 18417 2545
11999 17094 5068
10918 12952 2893
815 13804 431
8073 8410 3888
273 8014 1229
3950 9290 6876
10921 15262 8264
3504 4925 4354
4786 8496 2396
5184 9784 8661
8916 11877 3124
4004 13998 7077
13418 17175 7478
137 4118 4103
5477 7921 5054
13596 16887 9445
15824 16321 9619
8377 9603 1207
2731 12946 5982
5386 19561 5858
702 1455 2817
11520 17359 6085
278 295 9144
310 8412 7191
6907 8444 23
6003 7032 1278
1110 1901 4857
5578 7478 3929
6398 6818 9241
1233 10165 8437
3888 19397 4194
1184 13710 6813
367 18604 6938
47 16233 1093
10810 18186 7051
15409 17215 7982
285 785 5282
8917 11939 4124
813 983 9379
23 775 8434
1133 7738 5119
4776 5511 7215
6385 14692 6388
8878 14320 1012
271 1239 9436
10528 15698 8121
5153 11996 5437
8908 11995 2652
3929 10463 4657
7420 13118 2790
1652 19450 5624
4922 17614 7632
1742 15496 9633
11739 14358 8626
4868 13496 5436
8414 12013 643
5697 18832 4260
560 18698 8779
663 2602 6403
886 12995 4312
3041 4257 2665
7135 18867 1289
10957 18956 7690
1933 7350 3493
524 1261 3462
11225 14657 8192
8026 16607 1141
6910 10655 1470
15746 17742 495
7109 7398 7515
1072 5735 5928
703 786 7889
11809 14565 4580
3938 7463 5911
5617 19744 1523
4407 19983 6020
3767 7456 7160
2765 6833 3459
4516 15461 4804
4438 8538 1608
13758 15392 5445
8393 12657 5104
1398 2610 8262
1060 13363 2527
6423 13048 1296
8859 12721 331
10395 15905 3927
1788 10925 7550
1189 5110 2212
5008 7205 1068
1489 8917 2764
745 8636 2002
4305 8052 5770
7036 8873 7098
1157 3936 7103
5701 7159 5962
773 4461 6368
7055 18557 4627
976 1817 4644
7556 15750 5491
4481 14758 5310
7381 8732 8807
6875 7198 1776
2616 13401 7887
12619 14456 2492
12385 13583 8034
12773 15200 2762
3772 5620 3118
8021 16454 2451
551 6013 7125
16897 17830 5162
6966 17847 4347
1613 2205 4650
9619 13137 4094
6032 11963 5361
1924 10765 4732
12205 14089 7009
2134 4406 4567
1784 17837 4013
5270 11195 7082
7128 8195 4208
13208 13600 8384
2568 17230 6965
2048 6683 4128
1384 3136 3472
3082 11607 3055
9383 15919 2457
6215 14419 8752
6337 18085 7904
12064 19911 5118
3001 17212 712
5860 13913 2610
2500 5325 8104
7426 18556 378
10312 12428 1787
16279 16407 8773
7393 11364 2751
6464 17224 2388
3063 14438 717
2878 3057 4833
317 4659 9020
10865 11585 4665
5287 19408 5265
2203 3176 5274
3246 6140 613
12266 14112 635
9308 17750 1125
4680 7207 4978
13365 18524 5323
585 8366 9805
5809 9128 2788
4911 6101 4466
2482 5750 7511
3801 6862 9940
8873 14002 1592
3635 9792 74
50 13180 6243
220 17051 2945
1055 13879 8662
362 12344 678
5099 10561 3808
857 2898 4645
7365 14164 3810
5659 13103 7317
2783 19843 8556
7640 17687 4754
2471 7267 962
2342 2810 2897
4395 10640 5441
5544 12279 3695
12020 13332 8691
9531 15474 3176
11867 15870 1211
8028 17912 2311
7285 7513 7792
4925 18534 9949
11113 19197 753
3643 16944 8451
2025 14970 7002
4034 6573 5345
2400 2635 7807
4291 10458 9163
47 182 1865
1018 13897 6292
3080 13397 154
1992 18715 290
1448 1855 5368
2777 10056 6081
9924 11847 7106
3442 10075 2554
13901 18952 8607
400 633 8131
14170 14281 8649
3188 5950 13
9701 16097 6718
7302 7389 654
3244 7045 3521
12565 15428 9787
17800 19785 2234
4427 6289 4109
15122 16581 57
3015 7046 4459
7531 11406 9234
6867 16547 6224
3799 13503 6919
2792 11057 6179
3228 17897 5149
1642 15672 3951
13368 14598 2293
1364 3325 2256
6761 12246 4532
9770 10820 6428
3104 4787 3260
11576 13772 1168
9938 11661 7079
52 14788 1264
7442 11078 5717
1570 6425 263
3924 6094 2201
2713 16264 3215
7189 19079 8297
3920 6498 9883
14505 18184 2816
13236 13584 5190
3026 17864 386
9971 16310 2961
14044 17452 6975
2813 8244 381
5803 6901 4877
9281 19343 1017
502 8164 9617
9449 10186 6605
4140 17652 2671
14660 14957 6394
12032 17146 8213
1525 4648 2557
7335 8072 2167
12362 15069 681
4722 14333 3126
230 4910 483
232 1159 1127
8046 17608 3432
13595 19743 2224
1803 8668 3667
18692 18841 9121
3633 9645 3254
2768 6521 5978
8511 17248 9371
8732 15148 878
4431 18227 1150
17872 19483 249
697 2591 980
7997 13506 1323
8868 16077 5818
1208 11745 410
4241 12430 6629
520 5363 4855
444 4666 3465
7028 13696 7492
2862 11880 4269
953 10906 1357
294 15897 645
3350 11787 1259
1096 5631 9438
17753 18109 1125
4079 7465 7738
609 10047 6615
14206 17604 5661
11510 17879 9821
487 535 1423
7293 9549 5319
1865 5418 2715
3234 17311 5238
9750 19166 2593
2073 10422 7126
6483 18327 7574
11221 16140 7091
5199 17624 8804
547 2832 7585
1742 16781 9257
6060 7644 3870
10996 19619 5121
229 12590 4014
1898 4701 4832
14533 18591 3701
15900 18160 2019
505 11603 5440
8714 16390 7614
15268 15530 659
13578 14624 1229
9586 19054 4129
2928 9612 2632
18425 19051 7052
5728 18173 3656
6776 6976 7059
8820 15597 526
11529 16006 3949
1447 4814 7733
1932 5834 6955
266 1871 2918
6339 12725 9316
1297 2226 6928
2417 11001 2705
16835 17952 1986
6411 17424 4533
42 69 4668
6677 11325 7411
8499 9411 774
3070 8088 2030
2400 8557 2713
1374 3280 6216
7383 15693 7334
684 1599 5408
3968 5542 7644
942 1043 9933
2417 2905 3896
4594 13645 7175
15852 16193 831
4754 17038 1168
4167 5251 4113
2535 7841 2939
372 13702 3283
3637 5154 1393
7592 19412 7225
3487 7664 3831
17431 17773 5722
490 9314 45
4462 5489 1967
3139 4281 7945
1699 8902 3211
2936 9457 5246
7363 12406 8552
12106 12575 7006
9787 14394 3306
167 12430 396
8284 15181 3696
5786 9031 2548
10479 19954 6890
4667 16383 6709
5410 17616 5172
2121 3523 3349
1808 2952 8931
243 563 1860
1415 6208 7195
4199 17705 4637
3260 10795 8861
9031 11389 9894
5300 10203 6338
7605 15311 999
19408 19917 4888
15228 17612 120
13547 19793 2880
10401 19982 1895
17920 18145 464
2859 9130 2785
10347 13946 8387
3744 16729 6293
854 2332 2841
4574 19870 1441
199 289 6025
8095 10094 9910
4346 13651 5815
5514 16686 3607
18717 18924 8967
704 11214 1939
832 10603 828
4454 5100 5229
10295 19256 3090
4656 18720 1741
11856 17897 1452
8135 15642 812
3704 11573 822
11136 14107 7465
2467 4274 3428
10525 16041 2771
17685 17689 1220
6381 13072 9714
5486 12632 2551
6854 8562 8584
3334 12624 5863
84 18233 5494
1528 3309 8581
16610 17058 1915
2493 17680 4925
890 2917 5504
6156 9067 6178
2176 15582 8672
72 375 4141
8985 12456 8577
8696 15777 8731
10741 17222 7108
4196 19990 4094
14412 18073 8199
3725 16259 6128
2805 14189 4509
11139 19046 9219
6314 16583 8544
14469 19512 6354
1974 5693 4373
5401 7742 1490
337 1184 2306
11767 14875 3341
4771 8019 1510
6220 12938 9065
305 2081 2643
1219 9771 5898
8891 19691 1300
1825 2339 1183
3300 12256 5539
8230 19930 5328
721 1030 2827
1068 13892 1827
6596 13605 3961
612 7778 441
14701 18864 9920
706 17974 5836
12457 19819 881
9042 9495 6212
6846 19272 5177
1579 6672 7679
1889 13295 418
14160 19674 391
4000 9554 9047
726 6548 5751
1572 9176 5788
95 18084 4675
280 18687 6383
861 15077 7770
6497 9753 9085
3106 3265 7675
13181 15140 5348
10323 11604 8016
4110 11861 8607
2302 18974 6537
6621 12442 6811
3923 9105 8358
9612 16329 7172
11013 15467 4688
2100 6401 9243
6227 16771 1560
5087 18723 2889
110 469 3314
11760 17477 4377
6503 12317 5899
5921 8150 64
276 11832 6038
350 5039 4335
4479 12711 1246
1277 3950 9598
6805 12189 1106
5945 6855 6897
5773 18925 3749
51 1980 874
2547 7660 1819
717 7847 751
2102 2551 4514
16865 18448 6146
5401 13084 6409
946 17048 9600
1228 4501 7070
12901 15772 5341
6018 6844 3215
5947 9032 6726
2594 5164 3295
11286 11576 650
4070 19391 81
2503 19716 6522
1046 15535 4445
8574 15139 5210
9462 13944 7105
16307 19823 467
12495 15752 2432
612 11096 7422
5238 17070 6215
1714 3258 9634
8056 12340 1272
3449 10202 6691
1233 6612 4703
12253 17620 5019
1382 5091 8923
5750 10943 2968
34 451 1523
4279 9053 3115
264 14408 5100
5676 7896 6223
380 2412 1945
13881 14170 8577
9276 14357 2194
3617 8357 8703
2659 17101 6414
495 3082 461
6206 14833 5933
8602 16989 2338
1034 9920 7284
953 16784 8184
1348 15103 8974
2642 18236 6234
9586 13996 3920
309 312 2671
9519 15134 877
4127 14376 1972
2701 8111 7780
2768 14940 6785
1593 15629 9864
203 18750 1328
599 5407 6233
5010 14625 1433
15904 19344 9525
6873 7700 6130
511 18330 7316
3191 17032 3945
7902 8446 7432
5081 7611 1464
9931 12424 1333
7948 19808 2305
14886 17607 3671
16117 19787 5103
2415 8047 8715
153 682 8868
14124 19559 8259
4806 18684 1214
5508 9557 3683
10999 16016 419
7826 15345 1774
10977 17629 1765
12401 14886 6435
2541 2605 732
1703 4176 3952
8573 17188 9271
2530 13743 8716
4547 16568 475
814 6536 8457
1237 2062 6553
3232 15698 9254
6937 7401 3822
1383 19596 7551
2610 15831 3632
4238 13331 5904
496 3156 4211
1041 4369 3165
9851 14271 2306
11649 12208 4410
4709 5274 9185
1725 6740 5789
1751 4574 1024
7167 9765 3317
191 10746 2129
3225 12528 7069
16839 17051 4210
2863 8589 7811
1470 3630 2458
6981 14088 6840
250 13090 8253
14844 17350 4818
2431 10389 7323
1685 3581 1621
10229 15730 1558
935 8078 9007
5910 19040 9642
3713 5097 8487
2552 8571 397
11416 16718 7671
1212 4804 8607
2069 2604 9042
13056 13744 230
5005 12849 3437
11927 16676 8835
2590 6350 189
11811 14113 8118
4993 11281 842
1986 7938 6235
11720 19806 5071
2099 2947 4895
4615 17418 5946
4012 6926 5578
4824 15949 3239
1000 1234 605
433 442 9348
1034 2557 3199
1550 8981 4158
338 3192 8208
6337 14256 9513
3219 19318 9715
10354 18630 16
4293 7875 4859
754 9004 1243
4755 9865 2907
8586 9621 8615
915 961 9972
1427 4266 5823
505 6874 9624
2065 17360 1757
8090 11101 8030
10730 18414 6408
12473 17684 4695
2844 14460 8058
3392 19155 8276
3579 4464 3088
16464 18415 5581
16 9005 6848
16033 16847 7743
433 1741 902
3487 8087 7472
16766 19010 7446
2627 11141 6012
4973 13256 419
2502 3503 7016
999 2872 8764
14912 16148 1567
11435 12027 7946
14848 18383 250
1949 9180 1656
15547 17535 3502
1349 12914 2592
6634 19354 4033
5512 14727 7159
3056 8039 1012
10194 13712 2829
161 15837 4101
6291 17891 6291
9132 19523 927
3977 18336 9467
6257 7096 9247
2951 6389 3744
1188 1947 5356
1938 14729 1392
8802 13607 8116
419 3014 5612
48 7031 8728
6334 18990 7682
1449 16896 6210
1252 3104 3939
9881 17634 3460
7396 7584 4888
3033 16457 2726
274 4694 1232
10160 16843 1549
3729 10598 905
442 13498 9319
4319 9855 1038
2622 8462 4933
1639 10736 1356
13886 19611 4473
3117 6745 971
7431 12474 5119
11220 18707 7549
3527 6199 7694
558 9384 4353
6773 10624 8320
1150 1560 332
6207 18880 5782
1992 10881 333
7185 19568 2359
3937 4949 5891
7420 18079 7193
8639 17852 4969
7830 15940 4799
8074 17029 1619
8710 10077 7893
2276 12854 8879
6741 9979 96
788 1350 1007
10882 16622 8935
3460 7215 6490
706 7404 1187
10766 12161 129
8776 10999 5684
1604 16686 8940
3661 15581 943
3300 6304 4197
3812 15744 6135
12931 18188 855
8769 10086 1928
6594 6624 2737
5297 19732 2040
3855 7345 5819
2972 18585 3232
3745 11430 1636
653 12728 998
262 1572 147
8052 14780 6292
1527 3725 6982
4739 15343 2206
11745 15921 8192
5547 13239 7103
7455 12453 3895
9726 17928 2108
523 7985 4305
584 3883 3510
9137 9887 4449
8083 18457 3230
2122 16651 2876
1043 5992 8135
2064 14515 6179
39 138 5647
1942 8210 579
658 754 4141
5432 12360 7645
8441 13347 6842
4198 8361 3558
3009 15406 3140
6417 7587 3731
1049 1210 8736
4193 16070 4180
2227 14619 7201
432 6227 5439
1810 2927 7951
8083 13506 4169
721 3928 7493
1629 5402 4988
2080 3326 1930
8684 10156 1506
8326 10245 6299
929 14351 5722
1311 9238 5956
5953 16188 6261
2055 19817 210
10509 16897 6383
1034 18451 1050
11903 15175 4892
1353 1741 9700
6438 8229 3700
950 15520 3288
6917 17662 9986
8264 10956 9163
4953 12626 294
6830 16547 5033
15305 17134 6773
8582 14593 59
240 4487 8097
168 12603 9078
440 3793 5589
8692 17721 9075
2006 11014 5099
4283 10212 6064
6765 16235 1778
6037 8034 6992
6060 8772 1925
12495 17711 8167
8836 18942 4697
4691 18101 3959
3359 7219 2928
516 9210 512
17742 19195 5434
5869 16670 990
10539 15685 5225
2041 7681 3147
1474 16157 6302
16019 19348 4638
8775 18715 6763
273 17138 729
5176 8981 4462
7850 13628 5183
6498 7046 2811
14078 15045 7450
5623 7759 7798
6701 12611 9127
6908 7355 8705
8020 13256 5277
3779 8497 3146
9756 9860 4942
5547 8129 3675
1649 5633 1687
1212 9533 5135
5849 9884 5626
5549 18498 1396
503 9559 3273
14089 17955 2656
16300 17186 6493
6009 11674 9203
3879 14196 545
1063 4097 9812
10806 18670 8383
16747 19193 6434
1654 17240 117
372 4062 4272
8706 18953 4255
799 15596 2274
3829 13441 9067
10814 17973 3287
16902 19384 3414
2880 3025 348
2263 13175 4404
12123 15003 4216
1690 2510 7922
4319 5858 9868
3697 12763 2609
11602 15381 87
791 10948 2624
5370 6813 9533
277 5138 3112
6034 18888 7397
11173 19368 3152
4089 12657 2736
9310 18551 7968
1338 9718 7589
11595 15771 2685
4131 5878 7118
6210 11919 3600
13701 17846 8971
6408 13417 1762
6402 8656 589
5393 9666 8522
7927 9706 2707
4232 14681 3358
8384 11846 5660
8294 14497 6284
4880 11259 2089
12062 14561 5383
12539 17819 1482
7359 8402 1927
2395 2498 7884
12145 13097 4257
3442 7838 8417
293 12915 7468
10657 17778 2495
1752 2199 1847
14387 14618 6390
5232 8535 5375
3825 7474 5856
12591 12888 2009
687 14889 6511
6817 10870 4053
77 677 5335
6951 11795 3270
895 19656 9116
5494 12272 5872
6836 7549 6086
14540 14930 6043
956 12616 5792
2076 14346 4630
2598 3644 1008
6435 13468 8402
8190 10599 2549
1873 19286 8609
12734 17158 7636
1705 5399 8464
445 19506 5039
5582 13993 9184
12663 16885 8993
1851 6221 9470
10132 11383 2130
5566 11137 4854
5566 11471 8007
2369 5156 2865
2221 15279 840
5646 15656 5667
15132 18979 4529
3626 17704 1297
9675 11866 9756
749 2462 8317
2310 4802 3121
1292 7517 3756
3338 14397 7323
10805 16093 3496
4481 5309 6111
1967 18896 6208
13045 13713 3192
1995 6147 8645
11846 12044 493
435 15370 7476
566 1008 9353
8623 12667 1893
4490 16642 544
4781 9990 5926
953 1204 6629
6808 15385 6062
4100 5250 9353
1718 19884 5002
4313 11949 7637
15329 19385 791
913 5232 6498
6630 11567 2237
15341 17873 7340
3554 11740 250
1186 7528 8069
2540 8763 9473
7954 13152 289
1035 16097 6438
2700 8091 2136
12734 19676 1438
5777 7173 7708
973 1888 2209
2876 4076 9096
5862 11522 5075
2124 18472 9507
3913 7352 9519
4358 16163 7079
5736 8055 7533
6449 11823 7770
9113 16347 424
14662 19944 7859
8249 14280 2858
12360 15251 3799
16301 17744 8556
8226 16393 6739
2202 2424 3208
15582 18326 7386
4244 16526 561
3453 3541 78
3915 8996 9662
370 1571 1864
5648 17983 5055
9617 19043 4839
359 11044 2782
17818 18379 6187
9402 17642 5877
5094 12747 5570
4900 14217 2113
31 595 7054
61 18190 5580
7200 19398 3790
144 1908 211
5012 19863 4694
10218 15918 2392
3540 17704 2731
9871 19200 5250
2767 11379 3535
10786 13954 1737
9700 10516 7934
57 300 1017
133 6463 1356
2331 8912 3122
6804 11491 7202
3069 10285 8632
1201 8118 5240
9155 19801 4472
10548 15996 2104
9614 16954 8295
5806 7834 9779
5911 12888 6382
1972 15209 8080
11545 11832 5282
1888 4311 2596
2948 5066 3388
16151 17491 4790
689 6751 3121
4181 8158 3441
10125 18337 4436
1678 7745 4562
334 623 3365
5460 7133 3012
8355 11184 3345
6562 15029 5311
1670 17368 6848
5893 8440 6843
4790 15488 2823
9261 10364 9878
18763 19260 4463
8432 11486 5433
10929 17217 3067
10980 16094 5908
1659 2984 2255
2980 3364 1233
16141 17413 1777
839 6529 6033
4092 5889 3566
6897 16782 6388
1213 13902 7057
5374 16874 775
8908 15197 6357
11895 15379 289
5506 14372 1201
5576 10704 5452
998 2856 3418
3868 10220 9189
5204 10344 3842
5018 6762 9189
2459 18332 9483
3311 16076 2929
9693 11139 7408
6819 18369 7210
4331 8525 7847
97 17316 356
3653 16875 7170
17566 18394 4740
8374 15687 790
13494 14671 379
5605 18793 3598
4680 8331 1162
1422 18489 7401
3422 8855 4944
5026 16613 6799
14 30 772
5076 10801 9832
309 468 7750
201 10894 3684
439 15325 9577
5920 8932 7894
4712 16328 6052
18471 19829 2428
338 1282 6250
15461 17878 465
9785 10324 3394
11566 17312 7051
13103 15446 2696
569 10289 4385
4476 14726 5879
6700 6845 316
31 292 7053
3851 19413 2011
5820 12861 5819
8339 8439 5735
5603 13482 8093
5715 11282 2679
986 7614 2973
2099 8866 39
9440 18000 9440
7494 19725 2461
2836 4452 6445
14791 16857 7791
1518 2066 735
9496 17792 5607
8649 13723 1422
14194 19240 9156
4538 19957 6507
1380 2806 6208
329 4018 9982
3748 17145 3079
10103 16014 2727
2555 13424 8297
18763 19590 8877
4058 8779 630
4052 7027 8004
6095 7129 9676
5616 14437 4739
2832 14080 45
9881 15517 4249
3233 3954 2887
5310 6363 5324
1225 4512 3064
1758 19405 466
3928 11663 5021
3579 6181 4275
4008 18001 7059
16790 18706 4224
5482 8990 8911
2831 7743 4754
14166 18461 2764
6406 8294 1419
9676 14646 2648
10233 16904 5008
1484 11048 8761
946 15427 9232
6744 8240 4014
2149 12013 3225
13148 16641 2098
31 401 2662
16146 19976 2021
13280 14983 2268
3110 14027 8647
369 12921 468
960 5721 7949
2407 18278 2252
5280 17506 6958
4480 8457 4481
6870 12243 7683
10602 18461 983
1412 8064 5778
5644 18915 7799
3645 5233 5576
3458 5838 8253
414 522 2441
4051 12054 9031
5968 14578 4718
18362 18810 5674
10834 11766 1433
2827 7995 7555
4803 12239 9050
2920 8800 2248
2763 11718 8557
2152 19946 3205
1229 1477 8962
2609 3496 5132
3623 7814 8564
12341 13641 283
7098 7127 3845
6051 6808 8922
932 12106 3057
2715 7448 8877
2393 6505 3730
121 555 9160
189 15846 4374
7611 16882 6437
9775 12387 8116
3187 3250 3976
10281 11159 2817
11617 13109 2204
5619 7740 8518
6715 17864 1225
7283 10684 572
5530 14926 714
1322 1679 1167
12897 17038 2252
2237 5058 2429
4478 16739 1922
13888 18403 8902
18637 19993 3398
8286 18306 8394
3260 13739 5056
11156 18161 3211
4332 19778 9576
1224 5670 6878
5516 11547 5167
1325 5112 1785
9037 11539 4790
786 3024 3208
9083 15886 6106
1789 2166 6272
3537 8076 9125
892 1375 1563
14704 19829 9414
3526 18592 8680
15369 19079 3892
1284 19620 8048
17897 19983 3683
3716 5554 1166
6817 9015 6017
3356 3862 2170
4422 10424 5983
887 16254 9333
8254 19554 3592
1808 14051 5597
6831 14659 9331
5879 18455 7489
4572 8470 925
4629 8888 2568
1798 2804 7329
2805 13300 3927
217 1311 5404
12408 18773 1799
343 14954 7413
14862 19286 8323
2095 4910 2865
6991 7865 5125
4631 16205 3528
1093 2343 7717
14281 18929 2500
4292 9201 3956
1871 1923 3607
490 8965 4779
4825 9158 5760
18684 19971 3735
117 6518 8409
7699 11763 1269
7447 14554 9984
6228 19288 2540
19 14357 5809
7578 14358 9310
9604 18836 3487
5730 18599 9661
3988 8091 8400
1831 3186 6946
11395 11669 3686
5252 19546 7795
745 1351 7945
2316 3627 7934
11 17 8863
4256 11948 3
2348 15548 8971
15850 17648 1450
18772 19250 4086
10480 16672 9583
7191 18045 3788
12040 18509 3711
1116 4934 8487
2682 5447 956
4236 15909 1214
4311 6341 7986
4140 12836 3223
3776 12085 239
10033 15016 5596
885 13823 2140
1282 2056 2723
2304 9845 6500
4392 5308 8566
14802 19349 8904
768 5585 1772
1275 18819 9524
7573 12611 4013
519 6686 7724
9923 14105 2589
3369 16525 5537
8534 15379 3272
11169 18804 5178
1073 16254 1023
2498 16637 3044
14883 17057 5479
3775 4014 8553
8311 18378 8285
2062 6789 2409
894 2450 3330
6198 17110 7167
455 2392 5377
5235 13715 9108
9720 13541 2404
1745 1749 8630
14 18 2758
2754 15058 2167
567 10986 2084
4882 8831 9223
11790 14042 7962
2505 17452 6114
8069 15370 9995
130 2442 1585
11879 13183 6274
10999 11133 6148
1847 1996 340
1376 10144 7573
1802 9900 4662
2311 14446 8810
6295 12089 2245
9707 11395 7789
16457 17016 8288
10752 13880 3228
8909 9220 8480
3419 10445 4987
5328 7924 5829
145 10375 2026
2786 3460 8377
1923 12858 3578
9193 16117 7228
5108 6379 5647
2550 19051 1076
2850 12446 1277
16193 19651 4849
3515 7559 1602
11296 14434 3652
8030 9719 7435
9656 12126 4126
1494 7494 9518
647 12815 5254
13717 17519 4508
2134 6647 353
3257 18970 1627
2396 14777 49
12100 16001 8318
9224 12761 3043
6283 11633 6795
16904 18668 4056
11953 15659 7398
1840 2053 2084
6754 8242 9483
9709 19928 1132
7344 14748 7577
5293 6693 2126
9751 13850 7295
10087 14935 3065
6945 10325 6228
6358 7262 7092
339 517 9220
4723 10756 7826
7693 18904 3933
5017 14820 8950
6835 17257 2150
15139 18986 3451
12185 12748 1055
883 9036 4879
1303 16880 7362
3249 17065 1162
2461 11477 9391
11179 18951 9885
783 3771 933
11146 13333 5455
1904 14473 3006
408 6382 7999
4498 7089 737
2316 3117 840
2987 17591 5812
196 11292 7057
150 10041 118
2590 19123 4361
15572 19522 4339
458 11597 6800
491 1659 5920
1186 5906 1943
4333 16872 9527
2799 4332 6130
2468 14527 3477
78 91 8022
11221 12084 9570
11155 13091 4992
10601 16599 8295
12583 17301 8501
85 308 9279
7876 16073 9037
2098 5622 6288
1281 2374 6911
2666 3278 6486
5762 9452 7899
2917 3215 8896
7123 11911 7023
5487 15219 7426
4450 6421 4944
8275 9588 3181
15776 17968 2092
2734 4098 210
250 17239 4877
16489 17137 4754
472 3177 5045
14769 16737 8566
10539 18211 113
1161 13782 5009
170 2080 2430
11868 14759 502
6218 14720 9159
7246 12738 803
1491 17432 9171
2401 3441 2611
852 1783 6913
578 17024 904
2983 18996 9243
5731 15706 828
7789 13613 4550
4149 10789 3290
10857 17188 1284
12112 16320 5308
1768 8017 677
2856 9461 1403
5497 14134 9039
9541 10940 9387
4566 6803 9700
16091 19474 9400
221 17157 1149
855 2167 2519
4964 10137 4859
2304 3097 3327
18074 18098 9790
2941 11503 9839
10970 19657 5529
9816 16171 1836
10784 13749 4875
8532 11447 9978
1421 7668 7426
6586 7788 9155
3270 4577 2629
8615 14062 8998
13845 16722 6279
1185 6814 138
388 3753 233
11547 12205 2993
198 4661 4657
4568 11765 6172
5431 11587 5774
9019 9948 2980
1096 10196 1584
11888 17195 4057
1786 19060 7298
327 4881 6958
10645 15620 7812
7343 11142 2160
3410 4172 9202
8807 19184 8172
2751 4984 1089
6914 17150 3946
8120 11687 7087
11369 16357 4192
7928 8775 9198
571 4826 7650
191 3921 4182
8304 9383 2113
4489 7304 8831
2446 18337 3789
7533 8149 2765
7323 11158 3812
8272 9476 774
1241 13953 9361
3267 11492 5655
889 4052 5727
9914 14392 4386
3772 5108 876
2948 3902 1977
5707 14599 624
7670 13005 4948
3041 3519 4700
697 5975 7508
1656 5518 7788
4180 17056 4060
6248 10519 8576
907 9717 5066
6565 8094 7927
978 2878 1771
297 1542 2988
73 3982 253
14840 16426 5714
3734 10976 8904
3126 4200 3215
13215 13907 8335
4084 4510 9700
363 800 8123
7985 11554 6790
5318 11336 1107
1593 10094 5918
8346 19985 7438
620 1711 3448
2348 7188 6555
1935 16139 2129
1201 17138 153
8591 12908 8927
6146 7139 4237
3427 7054 3755
1140 6816 7492
3581 4935 9071
6992 11662 7806
5039 18537 5281
888 16586 3079
1290 3872 3567
59 61 7898
6439 8277 2729
1721 4870 3120
11512 14079 487
6858 7210 4406
4461 14616 7551
7075 17662 3462
5643 8240 2982
7174 18113 7864
979 12930 2026
10069 16377 6601
8652 11807 2855
5901 10668 6454
8776 9850 8129
8137 8897 7693
2965 16679 752
9221 11280 8838
14017 19226 3367
10408 13133 8796
15886 16803 3947
4249 16537 9264
4196 4852 4047
2390 8327 884
7687 15465 2355
1064 15001 9165
5891 15537 6562
3709 9704 7858
218 1125 3018
8794 9098 1439
9980 10799 9091
7956 16889 6220
7444 15198 2535
6546 8099 6618
14935 17333 6002
7319 9684 7553
3665 14285 6576
4190 5787 9256
58 14315 9093
8175 18750 7184
1016 1544 7269
7921 19424 6479
169 2077 5057
5491 17902 5828
10425 10596 3685
3584 7040 3403
10944 14001 5147
3000 6037 1615
5227 13267 6917
2682 9602 8059
14064 18086 935
1507 16867 834
3798 8969 7867
7827 9336 7347
9407 9787 8682
314 12603 7535
3164 6421 4752
12487 17923 8679
2511 3857 1520
734 2023 6400
1902 9397 4272
2867 6308 2305
5567 15774 7792
9878 13439 3269
5380 13415 6747
1844 18914 2536
3607 6202 7506
13147 18882 8306
13501 13833 9857
583 642 8421
416 15645 4550
15331 19402 5634
3790 15974 8577
7269 18870 4269
12660 13591 7917
3896 10111 2518
2381 5889 882
6068 6201 3616
9397 9831 2262
17591 18418 1584
9855 11724 9105
1317 6429 2672
3803 15535 3571
1573 6262 1676
2654 18952 275
4297 13337 4284
526 973 3086
2094 9987 219
10264 12376 5693
10732 19637 2
5295 11216 9463
6308 7652 5622
2899 6102 3425
8250 15694 2724
14525 15850 244
14102 16453 8786
133 5638 9611
3500 11106 5979
3903 17725 2756
9382 11556 8933
5432 14947 801
4358 8791 7843
3489 4203 1913
11616 13323 8522
3768 7528 6306
11334 15115 3881
10960 17553 6004
3202 14473 6924
2868 4766 7264
8937 15936 2971
4961 19357 6635
17635 17667 7057
3596 3719 2713
332 1302 6977
1056 12459 4603
1804 16590 1733
4093 18101 4485
11132 16718 5869
11191 11866 3401
8877 13881 9344
7992 10998 1975
4891 8749 3900
13859 14190 77
6738 13469 8135
8432 10682 3723
4319 8857 2111
4910 14956 6716
695 4676 4215
11181 11956 594
3011 19624 4469
8823 19585 6727
12233 12293 3759
1964 5604 5663
7855 11860 2438
8554 17184 8225
6342 14713 1840
14572 15426 4549
5338 11941 5155
2278 4305 7969
2178 5256 5268
10328 15815 1804
3654 15880 7199
159 928 4273
2665 3145 3756
14949 18762 3762
1520 7109 8586
3827 14600 3873
14824 18842 1076
2058 7115 5761
13595 15363 6278
5369 8522 5190
9309 10898 9088
10979 11700 6483
2381 5845 115
11658 14892 1181
9799 15049 2922
7231 16670 4128
563 6171 4115
11568 14757 2171
13499 16281 3628
7876 10085 9173
2394 13104 2799
6758 11525 6916
11435 12369 7640
19803 19829 7219
5827 8109 2469
13876 18079 8236
12175 12797 6875
260 13642 9583
6679 17532 2166
6507 12390 9408
577 10843 7995
2731 4426 9387
5415 18914 1866
2964 16477 6676
4165 6996 5050
10617 15048 2350
3855 16733 1366
655 699 9805
132 3765 4310
6417 19534 7752
7780 9943 8776
655 1021 8452
1976 7849 3051
6270 12368 9798
114 998 8319
15891 16165 4931
3340 7235 5682
5473 13969 5217
12934 19207 4903
4659 10231 3401
10484 18959 7864
515 8488 4893
9194 12756 8244
12862 19952 3946
17240 18184 257
14335 18636 3463
1102 17755 7676
3959 19627 4026
13991 15199 5870
2249 3526 5273
3171 8542 4373
9643 10419 8308
2061 18039 6582
5140 11153 6607
625 726 8665
2677 13299 5010
5233 14050 9308
3904 19792 4033
11406 17803 3145
1529 18765 4570
7272 18920 6323
886 5817 4718
2895 5102 7183
5455 19527 3679
7734 18475 8104
7353 11115 1401
118 2493 3660
9321 16484 7574
7992 9377 6111
18551 19338 937
3180 9013 5769
13667 14176 5020
1994 18315 9567
755 14052 7061
11436 16181 5986
12335 15265 6390
6911 14460 1048
242 5384 5611
510 1091 883
16560 19795 9937
3870 12109 7658
6971 18177 4730
3308 4419 7531
790 917 8099
13644 16577 2601
332 2178 8458
15750 19064 1921
10610 12484 2512
9069 18497 2655
8608 8991 8492
2100 2423 5347
16675 19610 4738
5063 8676 4353
11917 14949 9025
299 1170 6705
383 15500 5590
7950 17827 6582
3139 8123 5018
9384 19410 9947
17 379 1338
228 689 5858
4268 6298 7835
6494 10689 4525
496 4556 942
231 781 354
9458 17856 3847
5515 13782 1532
14809 18907 4465
5979 9820 6191
7267 15173 6645
2502 6395 8140
262 13067 4169
3265 6321 9714
5776 7117 638
6249 17115 8405
2500 3100 7513
6175 8452 1880
10753 12160 4790
8782 13687 7193
17430 18984 8311
12147 18639 6288
700 5579 5445
12523 16610 4947
18519 19350 2132
352 15124 9208
12859 19926 2601
9015 13181 6042
6128 18261 6138
13173 17758 9507
4021 19548 190
1750 2582 6976
662 2743 4567
5500 9997 3759
13156 13617 7047
13469 17657 3414
1464 17772 9099
11832 14664 4403
3384 5307 148
5523 11660 5418
9889 15236 104
419 877 9507
2511 15750 6474
5680 12313 4594
255 464 1107
3974 15373 5026
8675 14341 6386
8003 17012 3130
3823 15152 9492
62 1900 2566
2400 4322 8247
8938 11761 1651
3668 10562 1023
4768 10385 2490
4844 12549 2766
1361 19846 8069
3478 14863 1995
761 11484 8759
10532 11743 1683
182 1786 7841
10885 17953 797
6453 8364 4121
3634 14038 9344
8658 17520 2926
7709 15098 2788
7529 13758 7905
3575 8917 8836
6681 11663 4259
3315 9139 1931
6628 12055 4300
5751 16146 8066
5857 6581 1010
8449 10011 4426
15333 19698 2089
8013 14894 6122
16818 19785 1690
4497 17574 7498
10792 17736 4418
4773 4804 8356
7210 17420 3419
4759 12916 9117
14531 17670 9021
1344 13334 559
456 19570 8127
6438 13484 490
5300 9343 5387
1528 2471 1879
5649 13921 5015
1017 7943 5062
6123 14453 4620
9964 15244 571
5322 6820 4170
1023 2393 6201
14241 15851 2087
9109 13220 1493
6277 18419 4693
2661 11997 8139
16223 16808 3548
4417 4982 1068
6112 11224 6358
6300 13083 5194
8734 17824 2960
7012 12430 7920
816 14289 7929
198 649 6991
6329 14636 3042
9115 11778 9126
1458 11376 9520
8612 11660 1204
888 13574 2257
9418 10414 2544
4344 6205 4068
4954 15789 7512
18021 19573 8512
2223 6982 3032
3700 16259 5164
5599 19470 6051
13876 17752 1668
213 2554 9165
5558 11787 2891
6581 11500 493
4647 19217 2958
1824 1979 2854
2219 9027 2078
5348 10561 192
6948 7119 8510
856 1739 4040
10103 10215 8303
7978 11935 496
12739 18030 1272
2963 19474 6562
2820 9635 6218
4236 17359 3898
14394 15120 9067
11770 18233 6208
4315 7292 6869
15394 16581 4603
1410 6268 5368
1240 14546 2215
8663 15346 7831
9209 12453 6857
6902 16236 1072
2771 14032 6684
15568 19986 6572
1284 9984 4846
6404 7425 8005
4377 6396 4262
13286 18449 9881
484 2152 9864
17562 19211 247
7617 11929 4866
12862 15480 7119
7769 9794 7089
16902 17328 4865
157 9241 1881
9300 10609 3400
11970 14107 2988
14999 15726 4199
13092 18797 2089
8008 9194 1971
8833 19999 7177
2471 8332 8925
1845 7662 3617
4919 10466 6031
12090 13380 7960
654 3409 2286
11819 15005 5123
2695 9483 9756
16792 18204 4680
5114 12713 3123
178 8786 9565
13416 18060 6580
7146 7172 1755
1931 6269 7334
875 17362 5704
1938 14731 3874
981 2511 1393
328 3272 5989
251 11755 401
887 7020 7824
2855 7321 2972
202 323 3991
13872 17351 5000
3466 19916 7942
3852 16627 7905
7744 11239 6687
4824 10116 4993
5494 19013 2247
13025 13400 6846
11895 14624 9634
1298 10333 4651
4728 16481 6960
3313 10629 7294
2472 13742 2108
1839 10140 9311
1434 3115 5299
446 7997 1854
824 13186 6411
3017 12759 2553
858 2636 2098
2670 9550 6271
13526 16034 4565
3684 9022 6773
6692 9404 3810
3085 17847 3982
148 675 4711
4807 17406 1350
4335 9507 1369
878 17942 6832
13529 18993 2363
3537 9091 2040
12606 17086 4626
2629 10496 2476
18006 18510 2837
10493 19807 8142
355 3907 8775
11902 15425 58
11141 13218 1975
1141 8417 2535
521 565 7998
7041 17086 6843
1952 13010 9713
404 19446 8848
6891 12493 7108
6072 13807 7421
655 17381 6445
15508 17105 7414
10592 13626 7221
6601 19023 2655
640 11430 7838
288 12886 8528
8710 19997 1160
8511 18476 8817
535 19543 770
11067 12026 9565
2563 9521 8629
2421 4952 407
1989 11149 8645
4515 4906 7103
5536 19505 371
11375 19659 5915
270 7701 3892
5188 13088 2130
2635 8538 2915
4232 10192 565
1207 13291 566
618 2581 8032
11256 15436 7525
9316 19614 8909
1742 8680 4883
8425 13566 329
598 732 3255
2651 19717 5185
8285 11983 650
5907 6081 9175
11093 15382 3021
12804 14432 6849
6021 16552 3003
11263 13177 9999
818 14079 3761
103 8396 4302
9670 14872 4752
7832 11468 1203
5740 10464 7199
1768 15396 6212
1669 3089 1656
15911 16998 7456
1655 10726 1142
8341 9268 8340
2214 18224 4020
519 12458 2046
8347 12240 765
1324 2076 4806
778 9923 2161
2551 8919 7077
13342 16769 4249
3450 8762 9487
4786 10518 8068
9056 10879 6089
1012 5905 1951
3080 9774 1841
1274 15393 3903
4414 5304 9045
476 903 9757
6938 13524 8040
5336 6365 7829
9109 16913 7047
2036 14762 6278
16213 18199 7900
3313 7076 2987
3930 5574 744
9005 16920 3500
837 10101 1899
6170 12650 8871
1256 3296 1705
1474 3562 7186
4379 14981 7390
13199 16360 7697
1250 19109 2605
1469 12374 7371
2200 5925 6921
8994 13585 1800
8212 10942 4867
1234 10349 7794
12779 16151 6361
8131 17392 767
7918 9864 6829
6426 8919 1584
10282 18539 7973
209 13451 3947
10882 16226 5065
8497 16563 5750
4171 16576 9527
928 4540 7364
14415 15368 9815
3105 9888 6174
5527 13246 5840
13820 17585 4535
6757 12241 1136
244 1910 8214
5562 14586 7155
4349 5592 4568
8727 12655 2856
2432 15728 3234
10569 12006 4919
7941 18898 81
1717 4833 9772
8803 16456 9103
6 12 7630
5438 10017 5912
16145 18451 1480
1552 9887 7918
1111 2074 6713
4194 11733 1907
1552 19926 3413
3041 8505 3215
7937 19512 3239
8953 13565 8335
2804 7959 9020
9312 11814 3086
6513 19247 3114
72 1004 618
5818 14053 8238
5597 13590 7665
156 921 5930
9647 15224 8811
1550 3317 8777
284 337 9309
1626 5181 5443
447 5463 7622
69 76 9209
2148 2521 9367
7696 8173 9488
8115 12772 4459
10889 18021 6550
8718 9680 9329
3014 14254 485
16069 18924 4677
8587 13322 3200
4356 19419 5769
8334 16094 7634
3477 10364 321
3364 18741 1037
11102 12829 9263
13428 16482 2283
4325 6851 7900
3982 7594 5845
3488 9508 6265
5027 6953 8211
9776 13682 6789
6979 10616 852
2747 12044 5890
2803 12817 3056
2111 2501 5095
9026 12217 2114
3382 10648 830
12263 16618 4040
4467 6474 683
11105 11709 8625
8444 18807 124
1662 10462 294
1532 11343 9642
2849 3133 6016
9014 14602 1664
11680 14358 2401
1261 18628 2240
13156 14059 4085
8219 15084 495
2893 16817 2059
790 4643 5273
4565 7184 9364
1967 9749 9314
9164 18594 4090
3533 7824 1500
7057 12046 7952
4363 8935 4420
4453 7777 5955
9497 11822 6532
2194 3118 8054
960 1340 9018
431 19826 5967
9407 9570 4821
4628 18543 8188
4802 9085 4809
7619 19588 1227
1320 5665 9851
8409 12515 416
1973 2529 7397
1842 4574 4781
2588 9342 8284
11125 19675 2260
7643 12476 7557
11838 14920 1710
2543 12658 9188
571 19680 6583
2880 5095 2596
10249 19528 3634
934 12548 7831
7858 9391 7683
1462 2503 7340
3997 5903 4605
1995 3784 3471
2836 7259 5387
479 1568 261
4377 7790 2699
4265 8512 4737
10861 13779 8685
1078 11812 6623
13654 16167 5090
1910 15359 2816
11926 15068 5804
7271 7647 8137
5763 9510 6529
3442 11547 4384
2200 6765 6799
1974 9172 3670
10563 18808 9272
12630 16796 9579
3173 12847 9727
6446 7735 877
4571 5349 3142
8434 10986 5618
3911 4356 5221
4635 8101 9885
3374 11612 3452
9630 11311 3160
14463 14826 996
3983 9915 6226
10110 13972 869
227 10407 797
4618 17775 2793
3783 14060 2749
9834 15711 860
7329 11853 209
1921 7942 8618
1005 1021 1094
3044 8654 7533
2696 7506 9864
9459 17455 3395
4462 13836 8946
5047 6522 7939
8608 16484 9417
194 367 3765
9217 17539 5258
7415 18307 697
11524 16708 1885
1232 15435 8451
11331 11397 9201
3159 13119 5538
8103 15152 5843
8890 10230 4465
9643 16004 57
11943 14153 8589
6924 15133 1736
7669 17587 4282
6507 9982 1022
518 7627 4654
5631 14776 2324
9830 11709 2164
6607 6670 1624
291 12639 748
5308 14624 997
7425 9116 1051
786 5214 609
4538 16778 4806
514 14951 4878
5349 7572 5776
582 4972 279
3984 14256 5318
8471 16931 6517
325 3401 9419
2547 10942 4933
2727 2839 183
1201 12503 6453
2593 4289 6204
20 23 9438
5372 11186 8906
10140 14931 3185
312 7159 4759
4790 4798 1703
18 3667 5367
914 3155 4331
9675 19983 6672
1958 12441 9512
8251 8778 1700
6972 10556 4659
7881 11769 2256
988 8286 3725
13508 14520 1914
12782 14085 8937
654 3023 6435
5975 12140 1090
122 19137 5436
2370 19111 6498
3584 10771 8516
6821 11691 9384
125 14969 259
4272 15791 7064
14828 16459 4178
9208 14683 9928
11863 13906 6521
564 10489 1340
2574 8920 1670
6032 15036 9156
9084 18471 9483
596 1343 2758
2437 15354 6101
120 372 9495
13728 16168 4678
1631 8627 4846
10271 16786 5821
1217 15337 1268
7886 19454 4055
13680 19930 106
13277 14764 4520
9423 9846 2908
14321 17017 261
3597 14354 4687
13912 18189 3038
971 1074 5289
606 17520 4650
285 17599 217
8634 13103 8414
442 1461 1311
9235 16060 1757
2886 7506 8094
1884 18838 8987
4030 6169 8078
14233 18767 2118
17230 18798 6636
1621 2541 5133
5759 11307 4933
3252 10536 5000
1657 12633 9778
5852 9039 7075
482 829 1229
4728 5515 2718
4352 7554 8375
5505 16324 4274
10621 15207 4725
10701 14665 8860
13519 17841 8541
3588 19412 9897
1395 1662 258
309 383 3134
597 15890 325
3490 5565 7440
29 1500 2049
3695 3711 1997
5888 10794 7729
7755 16402 8154
11597 13982 9572
9174 13676 1131
6580 9011 849
640 7117 1137
8282 13153 6009
4737 9284 6049
3099 11857 7358
14241 14964 1318
4996 6520 6276
4550 8332 576
15667 18544 4000
8101 18354 865
15357 16828 9450
228 10037 7252
5550 6303 4701
2895 19171 2503
6292 19320 2088
16769 18838 5840
1886 16907 3923
4562 12120 5952
6701 18159 491
358 586 1249
13032 13521 779
614 18817 4066
5474 6705 4039
6558 19508 5161
5636 18327 2258
6131 11854 2089
12643 14479 4873
5429 18474 5004
9373 14027 2119
1076 1822 9517
9738 10898 7361
10954 18819 1310
1052 1644 3029
14159 15303 5205
7890 9525 7387
6371 6939 5398
4775 13396 5879
2537 18108 8110
7366 9566 9500
6217 7809 7530
348 15072 8382
684 6174 6693
17873 18874 4789
1765 2607 3122
4239 15504 4475
11472 11947 9717
135 19763 9093
11194 12159 3799
9908 10440 6709
10238 13257 3667
4238 6945 106
1535 19662 7352
1206 1221 212
106 4651 5387
8486 18693 528
3457 6280 494
2097 14351 7906
2433 3940 3113
264 297 3367
307 18219 5908
440 1631 2048
2940 6068 9497
3337 14824 481
5479 7087 4978
13545 14190 7139
12144 17673 3792
2836 8217 9195
13882 15377 2492
10307 13517 918
3688 4656 3272
396 15431 6276
3598 14013 8122
830 7824 7511
3458 4081 2238
849 6456 6091
12969 16222 4450
8832 15918 3163
2406 8375 1580
7302 13826 1703
10085 12767 8558
173 8214 9890
11182 15019 4759
4039 10065 4004
9382 15595 614
5302 6495 8019
867 888 4071
876 4817 8553
9093 14196 52
5417 14392 2904
618 2646 6303
1908 6770 6165
5833 11338 9521
3557 9981 6655
13077 17955 5516
5973 16974 4786
16395 17054 1659
2917 17541 6371
4064 19175 9106
4435 11050 5740
6247 14014 3150
6772 11234 6744
7898 17402 902
6186 12736 9541
4916 17980 1553
3544 12226 7685
1063 8046 30
1737 11481 885
5045 17402 7730
3217 16480 5596
7695 13082 9806
446 4699 7554
11816 17801 8275
1188 12415 2822
5101 17951 7931
3007 6044 3845
6073 8097 5416
11748 15803 8369
14680 19335 1257
12224 16973 4771
7947 16269 7019
6421 13028 2674
5707 6565 1614
4428 12365 8914
3217 19707 9091
7110 11863 3968
2954 14723 1679
4659 6267 3998
2267 14545 3953
336 16812 842
16983 18509 853
878 1226 846
10238 16125 9132
474 8405 9835
5981 13963 3667
900 9693 2179
4682 5718 60
3174 15803 5905
926 13775 9223
7473 9928 6919
12834 18176 3253
3362 11737 6382
5172 9754 1345
4592 6478 2811
1343 9531 8332
121 10049 2016
948 7646 7281
5801 8035 6714
9827 13798 6620
9916 16706 4748
584 12963 4729
5148 11663 3936
1546 3399 1187
4912 10632 5255
739 11106 4202
11547 16788 7417
4669 5894 4208
1805 14546 1753
546 8938 7509
12996 19593 6906
11327 18091 7656
910 6458 8145
6194 18242 5242
5841 6588 5483
1302 3988 4182
6931 15182 437
3518 6862 2225
9720 10290 2568
8582 9333 8929
10465 17286 9572
12144 17674 4985
4572 6061 1378
3110 16458 8113
5949 6571 4026
10525 15458 8520
2372 9943 4256
1372 6636 3453
2499 2937 5551
5405 15382 5963
2734 6361 2366
8757 18481 6295
4226 15186 5289
11297 15634 8218
1110 4128 3357
1707 9959 4058
5318 12229 6204
4978 11548 8075
707 12748 2803
10330 12979 9900
4705 5930 5330
3597 3992 4547
10553 15326 4684
9078 19424 9448
6179 11727 497
620 13311 259
7169 9627 7214
6576 14229 5765
1972 12634 3561
110 1175 4215
415 13665 5945
4996 6414 9632
9375 12509 2529
8333 9009 2250
5882 11146 5159
15085 15423 921
1447 6621 1901
2604 8029 9458
7755 9813 5808
6415 8926 3288
8791 14462 2547
10 136 7841
4909 14001 262
112 5337 7594
349 15430 6811
2444 3439 5023
5906 11177 4249
14963 15738 5531
4559 16538 4756
6205 18319 2158
14129 18372 8877
45 10243 851
2559 4882 3763
4494 15619 2519
72 713 9522
470 1051 5671
9505 10669 7509
5216 11023 4563
562 7090 9536
24 63 1037
13566 15654 2601
12492 13686 235
14352 15606 1451
779 2266 9891
644 10027 6096
882 1933 527
993 3629 7255
6838 7972 1430
6433 18174 2586
4007 8628 807
11416 11815 1415
7032 14407 7781
2449 5633 401
5571 15282 6885
8269 13759 8735
2299 7001 6377
8531 13960 4034
10534 18586 6321
12178 19011 2506
14321 17955 7416
744 1880 183
3301 17932 6625
3710 11531 1135
7604 8912 3003
5116 13247 9881
3301 11624 8352
7602 10455 1516
4368 14114 7996
1234 14884 3493
4528 18284 5017
912 19950 1347
3052 10987 7861
925 8624 612
11056 11326 5905
4300 17291 9942
10640 16144 4295
17181 18150 5303
5884 7070 4067
3697 5973 5759
3854 5894 9862
3282 14395 8091
9604 18321 5246
11875 12141 9774
14342 18266 7278
3099 10578 7657
11317 15405 8182
1884 2908 3704
8958 15369 6654
636 15325 9950
14956 17684 6550
2682 8980 4332
2384 12063 9048
549 8325 4413
2683 14556 1662
981 14596 6674
3039 13461 4491
3685 13247 2570
6957 18290 951
4150 11899 40
3131 10205 6683
2452 2729 2492
7 15506 6738
1815 3271 1680
4206 13664 1739
3325 11415 1143
2214 6570 6353
15955 19947 7189
7597 10605 2998
3514 10387 7508
9956 19361 6534
3666 18636 5374
639 19532 5483
419 3585 9890
13259 18363 8084
1858 5685 1031
10952 13918 990
711 2285 3067
230 17863 3369
945 2463 3079
11473 12629 2636
5052 16760 8571
665 2912 6215
9371 15169 4209
6366 19485 4567
103 3710 3166
75 9318 4091
12184 16553 488
1818 17620 9613
9742 10157 7065
6470 6642 9540
6831 8907 9072
11111 15524 730
5660 9954 8096
1969 5266 5957
17113 19742 8405
1519 18207 7066
12316 14609 3425
1323 2272 7002
5217 7819 3442
2943 10461 5933
2737 8679 5447
304 5094 3847
2181 3093 5340
6842 15583 6008
3094 13481 4596
9668 13958 4964
445 1876 1232
4919 7765 743
10115 15338 4681
767 5293 2924
2 7171 3005
3972 10875 2146
884 2883 8451
10055 11958 1323
14127 16522 7825
7604 18312 3685
11994 19117 8924
2035 5383 3520
374 6044 3599
4537 15409 5000
6598 18176 3130
192 5002 5699
9418 9677 1651
5382 14425 1032
1787 3266 3422
478 1694 3891
10125 11383 1232
8458 14994 4611
11531 13685 3043
10190 14575 337
10723 15578 6206
4110 4658 6591
6852 18435 2416
17029 17808 8804
9706 17597 3198
7487 18737 3443
5618 12712 8488
3910 8333 217
8209 8809 4112
10947 15735 5828
9209 16128 8541
49 54 212
13222 17510 3092
457 3707 658
852 2788 3864
1861 2833 3873
1820 3453 8862
2762 17688 3643
636 9030 5063
2552 10881 7765
8846 8848 985
2096 10580 8549
9998 10149 4299
277 1326 1272
6996 8626 8967
458 17615 7622
12986 18997 3607
2697 10793 6375
615 905 2468
10675 17977 539
5961 6940 9610
2326 8100 5309
7836 16949 5514
11686 14854 4175
641 6200 1688
1107 3196 5012
6377 7810 554
10672 13171 5149
2248 12995 9595
8923 13627 5142
11778 16077 9035
3854 11250 4573
15486 19058 4292
5597 7071 9424
9279 11257 3348
7581 9495 3030
13971 19820 3584
12324 19751 2040
10368 18028 7607
246 15697 9937
9026 14299 4112
6535 11035 7642
5130 9599 2031
1227 9109 2359
15597 17129 7644
2661 10189 9909
11463 16029 4354
6788 8441 9984
983 16706 8000
2171 3307 1298
6556 16975 6403
1243 13477 8050
6911 16283 2434
9620 19377 8421
17373 19740 2447
6200 8610 8531
1169 1821 7971
798 5036 4194
2172 11572 4145
10440 18079 2991
3486 11276 9378
8508 11804 9220
299 554 8537
14821 14822 8800
697 968 3120
1789 16161 7980
318 3543 692
6284 10322 775
12353 17893 5224
2726 13245 1284
2795 14543 4824
1719 5224 9482
1718 11516 2667
3765 8264 780
11233 15112 4117
1610 13307 8685
3630 7442 7533
11523 13248 9207
13651 18428 1786
7728 13627 2790
2575 10421 635
3366 6161 2836
5872 6597 9644
564 5206 2973
11397 19554 962
3308 6383 1079
3572 8911 9178
17860 19581 468
10140 16016 8113
2628 11467 9524
3827 13184 1177
9691 18373 8496
2939 11749 8993
5399 7839 8863
5841 6244 9937
4680 10883 8503
8297 18358 5416
1457 9298 3665
9416 15017 7900
4780 19904 9461
1165 1566 9908
9752 14874 4405
7720 12718 4736
4624 11146 6837
17247 18661 275
4614 14224 8978
7254 16078 7234
9159 15079 5747
1056 12804 4328
1853 15998 6465
8010 12517 3138
8414 16362 8630
1564 5036 950
2455 7303 1312
843 3335 264
2027 7230 6735
11483 12828 1765
15426 15551 9719
4430 9958 4431
1750 4244 4207
1150 10193 7095
2246 3126 1752
5644 13521 3761
7393 10743 2894
4996 7394 145
14888 17760 4776
3231 9471 3279
9713 10247 1758
10444 13237 1453
516 937 1883
15350 19058 5636
239 10293 358
2784 7861 9304
10978 12438 3918
6986 16841 7723
6499 8139 3716
5968 10786 8342
5042 5944 3708
12419 19396 60
3414 11792 5923
2616 15032 4329
7974 16962 1602
3048 5898 6670
2110 2362 8494
1016 9662 1339
541 3373 7966
9964 19415 8729
12168 18568 9965
4067 17533 9467
2420 6023 878
3137 11844 2968
1902 3225 3414
9646 10678 907
592 629 5056
1038 5455 5869
1702 2024 1313
894 3506 2562
15141 18082 2159
7218 8653 4522
8303 8943 6702
2881 7222 6327
3102 4237 6794
879 5270 1012
16285 18055 520
7511 12127 8820
1610 2298 9742
1918 12865 1005
8643 19838 8698
3628 12959 8070
10329 13523 9429
1650 2461 7012
9377 16153 8373
320 5403 5494
5943 6993 2266
8100 15381 7212
5989 11327 6941
5443 6399 6126
8529 17295 3779
554 881 1695
9512 18975 2186
4773 5436 9891
112 140 5291
1479 3945 9090
15737 19253 3992
16271 17198 3467
2685 2707 7351
9951 16362 1376
4028 7590 8054
10119 17043 6647
1243 18208 1941
4256 6784 5771
13143 17175 5960
3703 9451 404
3910 7981 2198
1176 16253 7959
6439 8347 3884
32 2341 5855
516 9326 4494
1860 18829 20
5773 15446 8471
362 5833 8971
5414 14051 4602
540 7402 5331
1060 3274 5891
11786 17142 4890
18318 19910 1932
277 1104 2369
13846 17847 782
369 11775 6724
207 2695 4603
7406 8633 5719
6690 16951 5594
11872 19854 1642
13649 19132 5
3247 12501 1723
5638 11318 2851
1173 1655 219
612 12849 3299
3418 8567 8123
5555 17284 9275
7786 15544 5686
3847 5093 168
7821 12329 9671
5107 7706 2807
12518 12541 3279
12725 13801 6730
17127 19660 8308
978 1422 9693
92 4822 695
6383 17219 2486
89 4888 6657
21 128 2876
7891 10400 2926
6687 8466 5834
1363 7915 4902
4363 5929 8068
7010 12806 9534
12120 17380 9916
3082 7682 1249
3093 16798 7924
11181 15988 408
1842 19636 1657
12357 15900 1854
52 278 4964
14480 15374 5050
813 4788 3700
2421 10361 9154
2271 9705 6766
381 835 3220
1648 4046 1807
3762 11890 9610
2922 19842 665
8310 17804 6765
6523 16964 3882
3311 16098 9312
17958 19053 2020
5994 10908 6006
2544 5468 7550
3340 18935 3632
12976 15466 7237
16171 16529 4168
7862 10628 2751
776 8961 1668
363 5820 2275
1322 9059 4207
1923 2311 1519
158 9593 7641
804 1399 226
1068 2198 8057
4215 9631 4952
4564 5823 8463
5721 19523 4676
5840 5898 2551
9107 18693 5138
6528 13071 674
7405 18914 6949
2051 3237 3804
3666 7710 4961
688 6902 9934
6374 12255 2069
1629 3639 1725
7877 10278 8682
11637 16333 6558
5486 7766 9005
1391 16947 5497
4391 6858 3757
4116 19008 1265
15034 15649 3583
7200 19685 5003
3830 4830 5136
3272 7017 5116
12240 19392 8382
9830 12929 3210
6197 11513 3972
2928 14061 5370
82 12372 3205
2753 18989 1465
9522 15393 8762
2281 2885 1631
8609 11811 6578
5064 7033 5754
8470 19107 6552
9695 14486 751
4798 19790 192
7932 10031 7643
11333 14368 2665
14015 18547 7684
9429 14489 8180
6343 19615 3080
2667 13782 4354
11049 11200 4965
279 7254 8289
9000 13025 7135
334 494 9989
13239 14714 5754
13896 14574 2321
79 16879 8985
8986 16051 7206
9155 10179 6458
3543 18661 4959
2659 10006 4764
7045 13797 3557
9136 9713 4668
5424 5752 7504
5679 6318 174
4327 5519 3796
1755 16595 3235
2387 12568 4101
4104 15456 9813
6649 15790 9138
6054 17682 4246
1463 16780 6961
8126 18088 5595
483 929 6611
643 734 5507
897 9352 9587
9904 13066 9296
8153 19707 6087
12546 17343 823
3619 4522 1863
4235 7743 1016
2816 7148 7740
5779 5939 5243
9669 11532 566
1936 8480 8115
2513 3189 6552
7112 7870 5602
3146 13737 7968
9079 13716 1072
4801 17020 8274
6306 16101 3829
5733 16035 7734
3139 18130 1317
11539 15654 3618
803 17230 3065
10181 10374 5361
15918 17154 7306
6473 8236 2068
11125 14397 3201
1928 17528 3080
13184 14394 5841
10175 13568 4622
11590 15239 6799
5556 15805 1644
5787 7057 3176
8561 17938 5451
2409 14253 1393
13227 14054 9120
9599 12596 3492
4050 5198 6776
4806 18471 9324
3842 11071 1440
8038 9655 3554
2941 6398 7298
2977 19266 3159
5889 16347 8484
1184 12154 110
12613 13841 9646
138 2457 4148
8634 15211 1603
6150 10264 1905
1040 8806 2672
116 7895 7042
6352 13853 2646
8553 14242 1057
3640 5600 6080
7648 10130 3571
5252 11617 2219
538 18444 4662
9818 12311 8642
4210 12878 9136
734 2933 6608
1468 6078 577
2377 13362 9941
4138 8734 5089
3845 13129 7238
281 1515 4879
3233 4124 3895
1298 17544 134
1817 2125 5704
11374 12383 8679
5449 14394 320
3139 10887 6523
14223 18358 4943
1763 2172 3386
3869 6890 6589
2927 5916 5060
2865 18031 7208
3111 4022 8268
5036 18376 7536
8477 17972 3868
1350 16663 4805
9748 19806 569
14492 16789 7472
5288 14471 589
1283 17264 9954
3072 8509 6550
16023 18411 1945
17145 19161 9232
64 11960 8193
14344 19167 5400
494 1550 7986
1722 11100 1499
11490 13311 8509
2596 4328 5491
12420 12862 3312
12430 19096 9444
12095 14589 1867
2451 5295 4029
3082 5329 3277
11561 17332 5382
275 407 9927
2442 14977 6919
1435 2194 545
884 4671 7439
13212 14363 6334
16154 19016 2561
47 6906 8363
4212 6937 1035
11151 19394 8048
4113 17519 5065
4133 5209 4544
1845 2484 6211
4936 12456 6613
4004 17793 4407
14684 16663 839
14225 16951 9163
5 6 2123
10116 16020 335
3504 17139 2504
4995 11830 1518
3481 15171 3086
15477 16696 5024
171 856 8599
1528 1664 573
2656 14151 2301
1605 14919 7511
3157 5459 4649
7952 9016 5070
3859 15796 3651
10112 14720 1541
3354 5865 7772
4970 17406 3448
371 893 2110
3052 5988 1217
11362 13911 1362
1346 2207 3769
10692 11825 9217
8 6595 9840
4025 12178 6865
8845 18882 9847
2308 11781 1558
5267 12008 6675
246 620 622
4956 9819 4955
14008 16849 6242
530 12590 9303
6842 7438 9676
3052 4768 9295
3819 16849 4522
4906 7915 2968
710 952 1330
14848 15810 6674
7583 13312 5635
3233 12835 7105
15165 19660 7531
342 15387 6384
13925 17008 6243
4178 13922 2475
7659 8474 2405
588 12004 5464
9405 16388 4861
76 439 4347
6061 17024 2340
2577 13619 4125
146 11493 4070
6649 16758 3953
1616 9058 4230
14035 14105 6391
8061 11705 9901
1830 19433 8102
11550 11682 5399
1610 14009 9188
8056 8699 354
8539 12511 7035
13802 15538 2526
9948 15940 4337
5241 6229 1630
15254 18410 8796
1029 1929 4467
2506 3431 9278
2391 8239 3279
14 2045 6044
4110 7016 4173
541 9203 2373
4609 10430 6653
1447 11119 3200
943 16238 891
11619 18136 2555
706 12851 6266
161 5247 1586
7629 12685 2127
3877 12753 4361
2226 4408 3636
17951 18892 2566
254 7364 8936
291 2139 3072
2189 6829 6439
287 2255 7741
1654 3080 1579
14641 16597 1382
6636 16697 6207
14674 15146 2752
2992 11607 3233
4304 11441 7957
1542 13428 1748
2362 6751 8116
48 191 2039
7672 15501 6956
919 8486 82
212 7499 247
12970 17680 7191
5367 16763 5419
1857 4317 4697
3957 14265 1745
285 434 9940
14685 15174 931
7287 19146 9880
8275 14501 1900
7122 18335 9146
1449 11362 1156
7165 8210 7412
17987 19039 4025
4386 12019 1316
9439 17034 8942
1858 6576 6972
132 15536 6652
10743 11212 8247
2701 11105 5160
7428 16134 8181
596 5282 1591
5056 12980 7020
5354 6594 7094
15303 17720 1782
6475 14388 4038
11287 11998 3324
10278 18642 2645
3486 14363 8876
4962 8989 3832
5101 16229 4994
238 491 3463
5487 14502 985
7412 11180 2795
899 5813 1204
7219 17995 7529
4743 9575 2066
1872 19088 65
1702 12716 157
2455 15373 9333
1621 19701 2551
7806 18751 2972
214 2150 4908
16886 19441 948
4749 7786 1022
16748 19704 2971
1659 3204 5961
8395 18867 7225
7406 8889 940
3538 10809 5007
133 6316 5671
8406 12398 8335
12879 14222 1546
12037 17121 6296
504 1833 1279
10001 14368 8177
4789 12599 7588
5567 16066 7844
383 1045 9826
4558 10277 835
2284 17037 9367
13725 19113 2761
6463 19622 4699
64 167 91
494 18736 2427
3960 5140 3310
14931 18242 5808
13132 13163 871
14918 15891 9844
530 6511 6128
6383 19966 3673
3007 6427 5472
16963 17919 2720
4341 19477 4412
1839 7081 9992
11257 17400 3033
11005 13781 9183
557 14142 5910
1864 3869 955
369 743 2622
78 97 8433
7099 17675 1914
82 3629 4652
9295 15330 3279
5880 11715 6485
644 17168 9105
3948 10469 7954
2896 11251 4114
2900 10486 7871
5513 7267 3477
8273 15598 474
7650 15544 4897
2389 10810 8931
3709 12088 4735
17803 19078 3222
1004 7828 2165
4201 6504 156
7037 9029 3937
10048 15487 5163
6904 18283 7295
8064 16251 2636
4761 8256 2337
11336 13078 2039
3001 3696 5800
3500 5582 9686
2902 3228 5712
8348 11538 7782
6877 9544 7757
11645 14644 3840
4618 19358 3672
3843 10190 4769
8221 14919 8092
10452 12880 7556
16399 16711 4575
12058 14372 4471
14823 18856 667
3598 12336 9745
2434 17383 1568
8197 8746 4651
7034 14335 5118
9026 14864 1575
11674 14980 6901
4588 18088 9610
2612 14809 6562
8538 12155 9154
14585 14782 5521
4632 6067 1509
795 7361 5917
9470 16464 6465
1413 1415 1716
2075 2237 7923
4576 7440 5270
7256 10619 1048
1631 1754 2184
793 2957 7205
6917 7331 4378
1476 12816 8429
7078 13114 2631
18066 19475 8783
6125 12460 3198
5233 10218 9311
10933 17662 6407
1724 10270 7987
2230 11173 2429
10590 16240 8258
11169 12793 9306
629 5450 8905
742 4208 4140
18394 19495 5730
1735 3855 3555
9161 12261 4024
7884 12015 953
2600 14707 8526
589 1870 7437
15940 16452 7259
12538 13391 4619
1249 4113 8989
4342 7275 1083
159 17193 3130
18193 19093 9897
358 11440 7054
10006 13501 7191
8915 13450 9121
6930 13662 203
3071 3218 822
2584 17837 8217
3656 5450 5184
5510 15893 3417
560 4160 7004
4736 10505 1963
23 11049 5164
434 13784 37
5052 5447 6681
4340 7657 3489
2220 12712 7031
1813 7370 8524
59 2468 834
9385 16409 2868
8968 15402 3355
1231 3385 9881
4182 15838 2786
4844 19601 8522
1787 4582 4733
3640 17697 5184
2217 13932 7244
496 19919 1536
124 17370 3203
10917 15068 1161
9774 12939 7719
4196 5571 3220
1154 2207 3263
2983 4246 6992
3638 3999 9015
10176 12520 5401
10703 17044 8701
5387 5576 7909
5237 9317 5732
14879 18873 6260
9095 12284 9120
11600 12064 1194
3257 5746 5463
563 566 3547
586 5650 5154
1357 9896 3539
3223 18192 3684
3184 9517 972
4959 15370 4542
13 21 2734
1855 4584 7215
2366 7880 5416
7821 19067 8809
7 258 7157
8991 11614 6829
2904 19156 8774
915 2248 8410
9993 16034 7240
3863 7074 5426
10498 17339 4360
989 12575 199
2056 12461 7621
651 3018 5519
1277 12907 3016
849 3108 1961
8884 10253 7061
3222 18013 1052
12279 12546 9996
13719 17436 5349
866 9718 7105
3459 5919 3106
1505 7864 2187
6555 16768 6114
5776 18376 6890
1269 6859 2039
6443 7548 726
966 11339 5409
2506 4041 4819
9153 11224 6661
19 9561 3632
7089 12248 2536
1619 7821 3208
3047 4020 2809
2489 3792 6254
3034 13357 2766
2580 9875 7613
4002 5767 8178
959 3270 5950
5199 17892 7864
209 232 4715
13783 16875 7449
2042 10717 74
2269 8556 3889
4854 5206 581
11182 15466 7246
8798 12483 8573
2789 19846 1824
13031 17726 8136
4280 8441 1131
7516 13575 5205
2990 17014 8447
61 2113 7566
1171 1725 7876
5163 19244 2168
17036 18663 9541
2892 13978 982
8693 13678 371
1980 4255 7308
1826 2258 5950
4655 19592 8507
6234 16816 5889
8674 8786 2938
14454 15644 6999
6679 15576 2186
3793 19049 7933
5223 12474 7269
9212 14922 8721
486 8728 3268
986 3998 6317
11763 13926 1204
520 12461 2994
45 86 8990
804 855 5466
424 4538 1143
8210 19091 2144
5517 7434 8740
11159 17732 829
3943 8415 3365
1771 1913 9626
1342 16155 1570
1719 9721 2840
5773 9349 4450
681 4831 7241
7892 12555 6428
5894 14140 2055
4715 12538 2091
6716 17747 8505
9272 14710 1882
58 7823 6377
4174 7329 164
6761 9369 2556
2996 8417 3938
326 1092 5942
5019 9941 5194
15621 15839 5709
9830 13970 849
2398 2843 1859
2205 2522 5635
3705 3842 7086
820 16133 962
1270 11070 1540
6110 14866 6034
6559 18783 4583
2220 11141 9215
454 19097 2656
3658 4292 3431
7403 17911 7759
5181 13127 5867
6837 10488 3777
7843 18916 4563
3887 6923 3567
8807 19688 9590
15615 16313 7826
8086 15612 8756
6981 18937 8020
1628 3853 5753
164 318 256
9238 15292 1379
9168 10076 2719
2649 8959 9404
16707 18405 6521
1660 18412 4341
18837 18904 6905
7865 16741 6970
1616 3445 8482
1179 5362 4858
2740 10138 2297
2627 3022 2691
5089 7296 4517
948 16057 6509
8147 11437 4204
3596 19437 2337
3210 6763 8763
2406 4568 4713
4105 13824 9519
6391 8921 4231
4877 9568 6783
13745 15417 2018
5213 11352 9171
10676 15713 4464
5941 15006 9537
4355 7796 2599
8748 13032 50
7270 12019 8248
14196 18183 3675
5795 13227 4254
3169 11266 4267
6026 7836 2498
3577 11065 9314
261 4237 34
12850 13778 569
8543 9832 3278
1263 9685 5745
1920 8921 8351
3746 18645 617
12325 13635 7662
14012 16433 6027
8844 13580 674
5964 19167 6652
389 3479 337
990 4420 1788
4994 7733 4058
11461 13401 2148
4463 13934 4259
2585 11710 4143
9919 11470 4339
1861 12103 7553
2464 4438 9120
1605 8670 6816
7311 13612 3639
3080 9552 4881
15049 18271 8999
6603 15830 3909
7447 9820 8033
8223 12965 5470
4521 9419 9380
1093 17205 6646
2147 16822 9523
7094 17019 1092
11486 13462 860
5234 19929 2068
8536 9663 8052
7994 19731 4329
4289 16003 7987
15750 17952 6485
8870 17261 6346
1936 16649 6304
7261 9232 6089
14606 16850 8724
5385 5810 5653
2693 10166 6893
381 1028 9822
559 2584 8582
617 3289 5309
5442 6317 4546
624 1914 7405
3018 4949 6266
1028 1573 1862
16832 18473 3131
2427 5534 8448
7749 17830 7803
2025 16841 9155
526 11033 2193
12891 14955 9052
1343 3234 4604
5678 7829 8671
1129 16457 831
2850 6691 8314
4070 6247 716
12628 18309 1785
9256 13959 8353
108 10993 9432
6421 18208 8006
2783 5829 6413
3601 14914 148
12163 17391 7380
4461 13367 1625
4424 9881 1258
10988 13170 1596
1727 16780 5771
14595 16903 7336
12755 15259 3035
1526 4430 4510
14829 16841 5006
4628 7678 1154
2538 14382 5636
6005 18964 204
2347 4775 5903
1572 1744 2048
104 1512 3110
3544 17609 1416
5265 14492 7045
703 1310 5322
7161 9088 1634
6686 15067 4412
7272 13997 2472
1656 15610 1098
13701 17432 1204
787 3287 5643
1207 19564 4115
13008 17958 9567
2308 6366 2482
2044 2925 3992
6672 6984 6811
1402 18598 6963
6769 7511 8645
1059 13601 7469
222 1756 4008
6356 11317 6002
10770 14501 9181
2497 4308 7186
3881 12001 4626
2992 9903 6605
6277 7910 4236
3573 9393 3294
4286 11701 3360
5394 10044 5110
369 3832 9413
1512 1603 3533
1230 9130 8826
13136 18273 8287
399 756 7204
12836 15118 803
805 4353 7055
2248 14796 7762
2512 7620 2841
9154 9576 1653
9375 12759 8996
186 1240 1096
12682 14112 1671
3431 14055 2001
10423 16524 1712
520 4128 5422
8204 11275 3999
9968 18258 4258
81 12584 6043
9192 12492 6962
5806 18734 113
3739 4432 2690
8 819 3851
2422 18758 987
4868 6268 7456
287 2774 2596
4500 15808 5907
10305 11038 4279
7351 9333 8345
652 8502 2988
15892 19333 9831
11067 19425 4285
1385 6551 2766
6982 13044 7531
15149 19755 2071
819 3987 7852
638 7393 7245
554 12091 1709
5232 7792 4504
8058 8264 1845
1514 14434 2650
1198 7079 7429
633 11632 139
6197 9789 9529
9921 13261 2733
9247 13660 9377
9508 19939 7043
3600 6549 3106
4059 7572 6083
11720 13866 1896
3186 15898 2412
11042 15394 3994
8092 9312 1336
2671 15176 5052
18201 18846 9499
6472 17621 2475
11711 15780 9812
326 610 1358
3131 14299 7140
1007 1094 6181
11071 16992 7407
12266 16282 5566
1498 11099 7849
5974 14100 5223
105 15762 1595
14215 19901 1217
939 7102 4855
10521 14050 3533
2182 15328 9142
5131 11038 5271
757 8053 6992
9390 15769 7114
6086 18471 9454
2043 10026 9619
1731 14625 3420
6347 7867 4325
4907 17112 9213
5436 12495 9762
111 158 6117
3327 7711 6225
2725 4895 9445
4252 13956 9700
9898 14916 1221
8613 11689 7155
4210 9267 1013
6077 14686 255
2601 10475 432
581 1323 4508
17024 19684 42
5478 16302 1439
217 17770 6995
5 35 3151
6321 13222 9327
8527 17800 4193
653 1131 7400
15098 17617 5825
1661 13986 2373
6579 8927 2217
2598 6908 1404
2330 12743 8100
651 840 6333
7130 8921 2577
689 5625 3296
10955 19546 9115
5464 8322 2674
13142 18786 7297
1227 6505 3265
3886 9363 7783
2364 2562 8201
7257 11291 5514
3802 5441 5717
634 5169 3835
1996 16189 8070
3590 11424 7244
1484 7065 406
10237 11375 9808
8983 15996 8279
7300 10720 1420
2662 3063 9625
13276 18874 1651
3701 19847 3168
1380 10295 4624
1559 9935 3265
13397 15140 6005
7067 10781 8092
11772 11968 1973
6921 16966 3925
4274 15354 240
5379 15468 1978
4116 11055 2878
10850 14725 3299
5884 18141 2507
2996 11763 4453
9660 14740 4225
1326 10691 584
475 15170 2818
11870 13072 2375
5884 10232 9684
301 8736 5489
1319 15348 3987
12042 14695 1265
1965 2187 7873
13844 18288 3471
7326 10216 4661
6829 13629 612
12983 14828 9458
166 14857 7846
1063 12761 1908
4738 11143 765
3177 4470 6664
610 3434 3727
5034 15065 8985
10761 17416 4900
11872 14257 6479
4453 13582 5100
7395 12570 4778
1832 11479 4356
9259 10417 6203
8259 10012 4543
4955 10239 4475
11423 18745 9555
2646 12294 4452
29 1003 395
12308 14704 9567
10076 18310 29
15936 18278 4454
2951 7409 2454
3079 9880 7641
16494 19112 3224
16259 18390 6250
13719 14767 6618
4875 5143 6388
9617 16340 4215
9599 16041 1068
9762 17569 2211
2831 6624 6786
7599 8284 6805
7738 8243 4624
1038 9371 7774
3926 5557 1999
8037 13869 9073
35 716 2469
2152 14218 3713
6946 9349 5205
3491 17115 3376
15245 15551 9452
223 1434 2787
11948 16301 9092
2739 4897 5193
7257 11205 5036
14619 18871 2974
2800 8092 8389
1151 16850 4565
10466 16910 8222
4148 17682 1440
12368 16494 1095
947 4574 4238
4552 17214 9283
8125 16864 6822
1350 13759 6259
6045 9604 444
459 13148 1021
3889 10611 3245
744 12304 8062
6305 7392 2485
4988 7268 6399
8399 19895 2088
2631 4441 4089
9225 19387 5711
822 13339 1080
3665 17102 7838
2052 16918 8337
5604 11891 4750
3764 8247 187
8513 12112 9857
1122 2099 663
11349 15048 7945
6787 11206 3967
2504 14067 2050
4057 4169 1093
9931 11402 4566
3823 10656 3655
7989 18251 9967
5978 19804 1486
2421 8186 289
16089 17317 3965
1285 2313 7764
16056 19395 4078
13975 18560 6651
3370 4809 3998
6479 15868 3001
14883 15951 6131
2098 13044 9980
16958 18617 5012
515 4767 9736
6323 7291 587
1290 2621 625
2166 9908 7857
3816 15611 8202
5620 19501 5770
13660 15364 6536
18203 18465 6081
2402 14004 1450
1751 15211 9503
10403 12209 8245
10342 18071 7286
4305 5300 7616
4925 19092 5530
2059 4522 3815
4334 14691 1564
87 8117 1298
2149 4399 3505
5967 9757 4733
808 4738 1080
8865 13123 534
1665 7297 9627
644 2973 8492
5966 13705 3183
4476 7030 1612
8951 12598 7106
586 1146 5566
2705 4443 9437
10453 13201 7388
1189 1258 587
16712 18388 5543
4450 12839 3475
14483 18062 2472
7255 8313 688
5232 15183 7397
16382 16685 2074
9565 15916 5961
951 4279 147
7796 11392 8066
8492 9235 7773
7909 18991 1082
139 2900 9066
3618 4913 4216
391 12503 629
6171 8610 2107
2873 7176 3330
415 1222 6298
7684 8298 6140
15030 18439 8517
8056 18219 9974
248 1190 1642
4178 9019 8596
13550 14416 5133
4117 14999 523
7491 8394 1848
2054 18812 3338
2571 2615 3340
2593 5861 4830
14737 16579 1974
11803 13466 9623
9614 14869 8252
340 18560 7218
1973 9054 7165
10646 14232 4826
1103 2165 2915
1890 11240 9751
16811 18903 4505
18155 19687 1221
14204 18944 1912
2567 8993 4649
237 2433 7846
864 9022 2270
7708 9414 4629
209 2849 2057
3063 18596 2574
7168 12343 1900
2697 5610 4462
2175 10255 6522
16003 17218 2672
1349 14017 4037
1090 1497 5540
4478 19569 6353
75 354 3076
1906 7628 9138
349 485 1756
2141 4855 7382
8523 19283 2343
4826 7994 400
5208 14533 8147
762 10515 7434
3222 6831 4784
95 2526 3863
4028 18463 2010
6310 12886 5876
3063 4017 7013
3058 11951 5185
290 17071 860
10705 12115 4792
53 828 3607
7159 10235 5018
6726 12045 39
3113 3379 2218
3788 5556 4492
16582 16605 1509
12077 12565 1833
178 5892 1963
554 925 3936
9065 11053 2811
2521 17299 6955
2752 16343 7862
6214 11245 1190
703 18785 542
1631 3455 6935
8281 15006 7167
5682 13081 2056
2195 16777 3730
1368 18623 3674
16272 16702 3993
10428 17508 6786
6846 11655 3083
5504 11430 3002
5125 10441 3360
3650 7811 5025
50 6554 4754
3376 10023 6886
6802 7611 8016
3119 5782 8879
12556 18387 2344
695 9278 9020
6984 7882 3148
358 10440 9536
12126 13052 2973
8198 9967 3817
3563 4891 1550
2934 9547 1294
8009 16491 3854
8074 18967 5789
8928 9390 2737
7950 11547 6870
89 322 180
13014 19914 7457
6478 19547 6646
150 1733 3956
698 12890 76
9392 15834 5058
6605 14485 9362
142 2553 7691
172 2245 1016
9193 15927 5537
13205 18946 4184
10961 15784 9868
2712 3063 93
12779 19980 145
4006 11874 2344
13829 18266 7275
2998 12444 1689
4529 18800 2278
3350 14413 4621
2866 15787 2497
947 12347 8053
4216 7333 2699
1722 5310 6080
4861 19127 3406
8618 12467 8645
1879 6063 3818
360 6410 1468
4464 13304 1828
16626 17994 2604
2824 3342 7886
408 9593 2619
1557 4802 9486
12890 17473 7188
1167 17890 9850
114 2215 428
8040 10230 991
3671 19198 8977
3407 19829 8665
4481 14799 2679
8451 13559 4172
6761 12395 3401
463 3743 5346
6785 12557 1949
11016 11619 6289
2801 7448 2263
6735 10181 7439
3779 6970 8668
444 4182 1466
2298 5132 6269
8318 12396 3350
2085 15968 3810
5493 10668 3286
3255 5588 6742
2558 3392 9061
6246 10930 7550
8658 19216 91
1926 13121 9111
7331 10474 5747
14250 15738 1807
10582 11416 6317
3951 7309 8059
1529 3008 6156
14422 19988 7898
3356 13519 5611
2784 10450 2476
7750 8190 1107
9198 16160 7463
15220 17125 2979
2845 4654 5147
195 5775 278
7527 15424 2950
2547 16756 1621
42 7161 907
2697 4753 8327
1775 3947 4376
8085 14715 4711
669 16886 4532
13252 18284 8970
10010 19576 697
4597 12462 639
2148 13009 1871
6005 16101 3688
3698 8644 3093
9210 13509 5442
5984 9971 4492
1300 1393 3774
10496 19874 6783
46 285 349
6461 6765 3293
692 7087 1574
10439 18399 2602
4109 7029 9215
3414 11045 1436
3492 13342 456
7347 11740 9651
12720 19181 1765
12042 12741 3372
1771 3351 3281
14913 15383 8557
6050 11550 5790
10925 17240 1913
1995 3508 7227
2117 3180 4641
2889 11900 2356
11636 17511 2878
11707 13876 4255
2683 17352 5170
10471 18897 9020
4112 12355 679
400 942 978
3070 4807 4965
4282 7676 6041
7218 15858 621
13223 16835 4232
9884 10551 6608
1144 12310 1145
6503 10521 2459
11291 12837 7183
10079 10918 3691
1300 12934 9776
185 1075 5818
13630 18439 6145
13468 16691 7721
1706 11978 8018
6660 18799 9778
2890 16333 8282
277 16686 4210
5910 15133 8492
12394 13601 8362
3080 4904 1307
5493 6296 1032
7406 19374 5760
2781 3574 7547
9730 10435 973
933 1507 868
1452 6736 4248
3627 13952 1389
9618 15545 6027
3380 7822 3117
27 38 7780
6146 14345 9616
296 6247 5933
2 3672 6384
6228 9094 8694
315 17272 3860
3048 6232 2757
388 11822 6163
7434 8499 3475
3729 4230 6878
1682 7637 6364
7111 9577 1381
11648 18796 8502
3172 18229 3660
2843 3109 3593
2364 8250 3658
4581 10507 5896
15232 19321 7289
2936 5240 2528
1742 17423 150
4806 9604 2313
354 1807 3544
2214 6652 9859
816 9640 2571
900 8686 1963
832 3565 1175
5607 16883 6128
1029 3058 6413
692 3390 4234
2822 9041 5323
5855 7069 7486
11221 14753 9270
1291 19768 8532
4433 7922 1368
4223 8562 4650
2709 13565 8159
8428 8541 9495
11930 13197 5080
725 2050 5367
9624 11887 9153
6717 12370 6550
12704 17163 1177
7468 7978 5872
3521 10994 1157
3840 13536 6618
2203 18739 9719
1056 10576 2923
38 47 7404
9023 12318 1506
9925 15309 5418
13410 18717 5175
3140 5971 440
5117 14529 1565
5077 16616 3141
14468 19990 4173
15390 16435 3280
7352 9307 1828
1567 6910 5417
9623 18776 8602
5050 6465 3993
2807 6168 6994
578 7132 7738
6306 15674 4604
7720 19658 6891
8815 15201 5575
9004 15490 7550
7863 12188 5962
8658 17689 878
8180 12744 9010
6975 15258 4988
13859 17350 4656
5464 9377 7705
5810 17093 2530
3555 6492 2857
343 19417 4006
10556 17925 7900
17787 18726 2926
4272 7407 4570
1926 14737 6301
1257 15302 4391
17564 18979 2398
5959 6731 4594
7765 9121 7828
719 10709 410
13434 13556 5858
6580 7787 3141
5042 8098 4512
2205 3957 5517
12730 15543 3244
949 10241 141
7092 8503 304
655 12522 5876
8511 9292 8045
5931 17551 5128
13015 14015 9381
11867 18119 6287
3065 5065 7025
13138 14552 7534
5753 18113 9915
5457 19370 9288
6786 14482 9453
8069 9066 1073
2362 3595 8748
2989 13144 6805
9811 18504 4740
12475 13238 5240
837 12001 7720
847 14326 5166
1876 3371 8554
14096 19771 7905
12057 12389 3149
3101 15521 2013
10513 16686 9426
14496 16853 8857
1446 10432 8780
5789 10840 7939
3241 8906 3183
7150 10588 2901
4051 8405 8225
10281 17753 204
11439 15646 6640
10569 16430 1092
11507 14085 7671
11038 16849 1832
3967 11261 3461
8539 19403 2021
2735 15092 5296
14163 14560 8953
2981 19049 8877
1186 6099 2678
5922 18992 440
13059 18187 4706
273 3767 8831
6814 13465 2247
6173 13947 6535
6255 14897 3666
3818 18581 7219
5519 11139 6318
254 6179 5297
117 164 4304
2281 13684 7307
3114 14492 2319
1916 2544 120
3375 3553 4362
7458 17825 6095
2387 15405 8191
326 3777 1680
11557 17009 4512
7184 19670 590
4876 18678 1969
4851 16927 1651
1391 12149 3122
6626 12242 7968
13783 15182 6840
4498 18637 2834
10449 17485 4349
7429 19961 3607
4628 5379 7335
15547 16147 9752
6832 10270 9950
14442 15146 3382
12192 18447 4122
17772 19893 5658
4760 11592 9682
2183 10224 7751
10874 19010 4866
834 2860 7406
2279 14121 2489
5371 16505 1312
8886 15979 8504
236 473 3187
7020 9062 1437
3846 6223 6378
11474 19430 7424
9594 12927 1837
4836 14739 6004
13751 14922 8385
70 2329 5432
12544 14135 451
1029 3560 7958
903 7855 5234
10092 10767 3692
4210 8746 3083
4912 7602 1904
2537 14576 2653
13322 13380 9156
2497 2813 811
13702 15195 1634
1027 18149 9757
5079 15736 4787
323 7633 5120
10393 19542 2292
465 762 6094
9002 12315 212
3439 18675 2010
4318 6723 693
7194 18563 7776
6738 10432 1801
5546 5673 6025
776 7383 8605
993 12030 1830
4234 15463 3350
3098 15985 328
2474 3919 7536
2971 3852 5148
7669 11189 1670
8429 15689 7205
13525 18697 7499
274 7445 5217
8589 9226 3610
767 1009 9709
1618 3748 7123
3449 9603 2647
9361 16264 8570
6472 19197 3379
5712 11338 1003
4041 16330 6160
2167 9339 7940
3707 10710 8854
5327 11868 1463
4845 19941 913
5754 12874 9867
7521 7988 6596
3723 8841 9345
9260 11425 3464
1155 16299 1183
770 17056 4154
5250 5461 383
130 5804 3795
2066 10045 8403
12083 14231 1564
8968 9129 1314
2293 9036 829
2723 17253 7697
2804 6499 6684
1984 18836 3160
2740 17683 5225
8826 9142 5144
899 1339 6747
1590 11199 5536
7619 12060 394
4899 19388 8410
15675 16389 8894
4747 9170 3
14111 16091 4116
7434 19713 1783
6192 10784 3100
56 291 9553
4977 7175 3124
9533 19893 5538
1376 2041 6240
3842 10753 9106
7126 13539 7682
10861 17542 2537
3446 11138 9574
5579 9052 6344
5086 16252 4168
594 784 6578
3763 5947 5151
14003 19440 5131
7605 11220 1495
12459 18294 2558
1639 12798 4919
10758 14495 2617
3390 15318 7778
5847 19324 3436
7382 10677 6993
128 1207 604
790 1608 6293
13344 16919 7671
14361 15233 2245
248 6210 2124
4028 14816 1986
6764 19142 3599
2311 13897 431
6723 11703 4983
5615 19755 5785
9216 16815 6574
12219 18613 5716
9023 17587 8999
15604 19575 5735
685 4900 4782
16455 16473 6164
1941 13653 7273
16879 19815 5387
10623 15586 9657
11018 11647 166
10476 13679 9859
2119 6271 3025
4145 11007 1070
2579 2700 4768
1836 3663 1312
11389 13821 2704
2848 9798 3085
7885 10298 4215
10331 15789 7050
1754 4094 9706
7146 14154 8570
9626 12558 3585
2431 4056 9164
2062 9858 9689
8246 11564 4892
4289 16334 3050
4353 19014 516
14090 14191 973
14664 16632 6598
418 6741 3823
9728 11977 9476
8421 10331 141
1970 12507 8211
11152 16835 1500
7410 9587 6529
458 960 5359
4299 12219 3256
6151 19711 5737
565 7579 8074
906 12786 813
2161 9150 8191
5009 5993 9864
9374 19292 7227
17618 17697 3681
49 5078 4895
538 6966 1198
2526 13483 8221
6619 16512 4388
3759 7131 7657
6102 14500 9450
7999 19746 4878
5023 15329 6081
758 5987 3985
13093 14656 2620
2472 7503 2940
1043 1651 3668
3240 18658 8045
15 37 4056
8493 16645 8620
12622 13038 4347
610 4099 7940
188 9568 4038
3225 12901 5249
5196 9139 4710
149 5981 8843
1137 1161 4132
8204 12289 7672
2708 7699 7025
5114 18370 7911
2949 13693 44
6273 7373 638
216 5239 3104
1065 3612 6567
12404 15936 3091
2453 18851 7145
1184 2434 7415
7200 13578 5384
4688 11941 7854
4093 5966 9167
6509 7728 9065
6091 7497 7503
2680 11682 4109
13931 19885 7721
14952 16074 8191
11378 19445 4132
12922 18496 7038
1251 6097 8259
5824 13579 8784
855 12836 4321
1705 13744 4015
5593 8015 6927
8430 18140 9839
16709 17948 5262
2049 5155 192
1711 3682 5629
13227 19730 7467
1033 16271 3734
533 4830 3356
15791 16958 580
7189 13956 7617
351 3359 2283
111 325 8138
7384 7580 3857
1413 8362 3297
9330 12445 9409
3252 7605 1240
2587 9314 5693
10499 18854 4354
7191 12515 3134
1694 1848 2768
10690 12815 540
1701 8076 2099
5546 8112 5458
1323 14867 6168
1988 5259 9624
9011 16852 5322
13172 16615 8140
1969 14308 1310
10212 16797 4999
13602 16788 696
4052 10073 2088
1840 2168 5578
422 18792 2115
5938 11030 3037
10903 14107 1473
159 4284 261
9324 19785 1193
5027 9973 295
366 400 6321
1951 14427 4128
15022 17276 4427
4031 12249 6821
2323 17694 2953
50 741 4539
77 3586 8504
8357 18087 171
5965 13515 5351
6441 19947 4616
4835 5938 4265
9335 13741 2574
9218 17306 3794
2786 7985 2860
9437 18846 4531
9967 12053 8971
17646 17884 2361
480 2364 3424
6552 8278 125
1226 2943 1938
1525 9895 2533
1798 5242 173
3486 14643 6808
7560 7999 7046
1565 16663 2391
3683 4389 1543
4953 6413 2374
5055 7345 3507
168 3475 946
1441 6668 7933
464 4626 2761
7987 12182 2706
11147 12594 3189
13255 19257 9506
9228 14319 3002
14294 15492 1302
17523 19986 4531
3091 10057 265
2285 15965 5403
3689 16527 5085
6265 18538 4428
3860 4803 2001
3994 17182 1093
778 3059 591
16603 18746 3067
4926 11356 5052
4343 11385 5184
5861 8805 7362
2243 11233 8368
3868 14632 8257
1343 3046 7453
6434 17324 1303
311 2148 3567
2728 16021 4221
13881 19286 8398
539 2766 6494
9688 18459 9553
18089 19973 7906
7441 9151 9224
5004 14155 617
2402 12129 5070
1522 8794 9632
6423 19560 6537
3249 3741 5955
8510 11192 8921
10536 11678 9086
2486 16163 1054
61 294 2700
1223 6015 2039
6474 7106 4121
3828 17273 3338
10823 12955 1602
3040 10514 495
12248 15847 405
4407 10703 2410
10086 14594 5945
5697 17867 2986
3590 19568 6324
17369 18243 2044
436 2519 6087
9886 13950 9700
4001 13366 8775
4186 5863 569
777 7596 6656
771 1486 5973
2088 4614 7000
15553 19287 6905
2549 11084 2426
8309 11898 4462
4758 13959 9681
5388 12253 4414
938 2051 7075
300 7797 8835
29 82 671
8892 11623 940
2084 6400 7718
3175 4001 415
11825 13964 8997
8800 14834 5710
17070 18885 6831
111 19558 1739
3762 7510 9828
17722 19368 1973
4757 8911 2407
18768 19879 8804
17650 18110 1236
793 1886 3369
4596 16107 9371
18713 19016 7946
15700 17962 826
8769 16890 7848
5397 9289 504
1949 12882 4117
4420 11817 4584
6128 18311 4172
1336 4685 7071
8834 15977 2824
4897 6175 3141
10307 18922 119
10208 13102 9212
15269 16794 7460
6493 12863 6337
5376 6337 4845
5696 6189 5667
3701 13037 8409
7094 15245 7039
751 7384 559
1292 6762 1534
2747 6873 2882
10340 10590 1923
800 4068 1003
10931 14997 2576
3583 5552 9403
865 1922 9114
672 19782 371
186 2547 3449
4389 6546 9574
956 2603 1075
11351 14374 4322
3326 8956 9110
3111 9515 2865
2666 9204 86
10250 15413 9886
4876 18637 6810
4416 6715 7775
12107 19799 7665
291 782 1980
7032 16682 5141
15138 15659 196
1490 17062 1878
5338 14112 7560
3786 17546 7198
1412 18005 9199
1103 1606 7492
4675 9332 449
5459 14276 4094
11825 17164 9043
6765 6792 6420
1782 7853 8441
6856 12144 3050
1278 15018 4805
7090 17677 2373
3773 10368 3672
18300 19242 4270
8123 14749 9824
619 6325 7548
904 9515 8538
9884 11534 1447
18560 19597 4252
1491 2033 6016
3377 3838 6055
2994 14247 5453
2785 3115 3920
8266 12857 7524
5252 16527 1534
2904 6872 9927
6151 7908 1785
8003 9046 9513
2535 14925 6580
4635 4892 3090
3951 16451 1942
308 8855 6683
6298 10796 3695
3970 8040 2791
3890 5823 9923
6047 13471 823
5901 9162 8693
3009 5495 1672
287 1177 9374
6713 19297 1762
2326 4482 4596
9266 18387 6501
4521 9902 1940
15962 16801 1238
3449 7269 8891
6695 11111 2520
3689 8175 8962
4732 10765 8962
6154 11622 4655
2958 5258 1609
3314 6384 3593
5748 10284 9139
3978 18357 1860
8688 10508 9952
9936 18957 718
4280 6864 631
14097 16928 9024
8633 14611 3919
1079 17890 7785
1275 2781 4760
4329 4497 50
12768 15556 7988
12262 12477 7716
865 1368 6039
4752 7083 981
1542 11119 2279
2382 7283 185
2694 7587 2543
10286 11813 64
1084 19438 1852
4924 7450 6771
5914 11595 7912
9557 15175 1248
2590 19311 1972
4770 10525 5511
2366 18449 4462
10844 10845 3938
1543 1623 7555
9083 9353 7965
3778 18912 4518
2588 19450 3067
16697 19793 1720
16568 17080 3427
8994 12833 9412
156 18792 8959
8847 13633 3437
7132 13544 3217
6241 19427 3964
4524 12608 9938
1289 7830 4669
268 1695 8777
10118 13554 8973
3216 8887 2732
4629 5702 8741
1046 10683 4668
4833 12459 8355
4451 8245 2771
13348 16592 7380
800 1842 6393
2450 4801 8600
9820 10675 4897
1800 5989 1603
5899 8390 1371
2663 16257 4650
4130 4731 6501
927 12925 5448
3266 10242 4683
154 13528 1497
14221 18542 5432
15 10213 3639
1813 2980 4898
113 5376 4065
455 1270 5157
5857 16191 1629
2273 11238 7994
1942 8937 2161
2426 12761 9080
1416 3321 9041
6608 10783 5577
1930 4900 3496
3152 11842 8943
7332 16206 716
5091 5108 9517
10443 16014 3121
3283 18743 3258
11766 19972 3669
2655 7656 9028
1222 18977 3566
9859 14479 9109
8248 9384 6339
7831 13120 4752
307 2263 9733
8459 12847 972
2538 5563 385
11822 13427 2470
2170 8238 4550
15464 16979 9445
3758 15594 500
9053 12129 6737
8011 10274 5615
6955 7154 2189
2046 8551 3380
17 186 386
3778 16659 3139
15521 15892 5729
1489 2941 545
14962 18701 6513
16711 19581 598
2402 19452 8316
11094 11151 7633
1519 7543 6423
1618 6441 9858
2059 4971 8958
3248 18935 5242
9845 9989 1596
3996 5448 6382
582 2335 2416
5891 8888 1783
8370 13345 2303
10192 16318 5641
2491 14190 4551
917 2994 4597
7335 17538 1447
6295 8364 2929
875 4394 6066
13682 15303 5182
5574 15627 5250
5103 9560 5503
16873 17850 2054
7823 8197 9734
1749 3498 2595
9947 18543 1472
9663 14200 8559
3370 12338 8344
9888 13241 9538
11644 14426 3249
15125 17964 2610
755 14264 6277
2751 3308 3703
15563 16107 6610
6806 14079 4742
4943 14129 6142
1129 4617 5535
11924 13164 2396
511 19887 5870
1633 8354 5886
6966 7579 2837
1476 14747 2997
2094 3141 3503
5143 6778 555
757 17870 4400
7199 15594 6101
4585 16911 1145
2972 7080 708
14634 15670 6163
6271 11843 5838
3536 8234 7855
4418 9406 841
7937 13526 2904
3088 14399 5604
2885 16308 317
1731 4149 4195
396 8815 7780
420 8177 6113
1097 19250 843
738 7869 6437
1040 1559 6938
3286 15110 4961
14655 15524 8816
4594 7640 5275
12440 14534 1742
1674 9679 6899
9828 19415 5642
10665 11807 9203
9135 11414 1698
1410 2785 8496
5218 5941 2014
2222 16920 4735
2312 17327 7805
6559 10162 7159
2301 5760 978
15347 16386 945
701 14638 2008
4363 5283 1488
10000 17125 1420
6393 15875 4992
12050 13050 7346
121 319 9986
3228 15373 5635
3405 5753 1942
1318 15488 3500
11283 14927 1782
1158 15431 6317
10329 11477 951
7946 10993 4140
8743 14328 7517
57 4278 6917
6720 10269 5789
8527 19379 192
8123 10060 7268
4319 9626 7797
608 4871 8181
2872 12407 2549
8633 14374 3879
7758 15138 2196
2148 4053 9670
3837 8452 1992
4592 12445 9444
94 10420 2253
10473 17768 8712
6650 17259 3619
141 2343 3740
2327 4044 4067
9493 17033 8787
8193 8820 6109
7385 17471 2650
1990 15599 5966
7170 15087 5281
13280 19855 7295
8082 8755 2857
1158 9962 2794
3333 15687 2969
9675 12073 8861
304 575 6975
609 7785 1652
300 12630 413
3944 17138 6599
2386 13080 2062
1834 6436 5487
739 16601 6614
3735 17381 8546
2564 4331 3597
3148 16145 8013
2411 7579 5751
8496 12973 169
3450 4396 7494
18336 19746 3523
14405 19883 1191
2344 14131 1936
1971 5120 5806
15618 17643 9740
337 4776 2220
5182 9208 5429
4967 18516 1543
2733 8545 2732
7964 12082 1124
410 619 2427
1205 2955 420
5732 17056 499
7979 19775 6724
3551 17384 8073
1485 10187 6610
12076 18745 9418
6879 13138 6909
1005 6069 4849
3127 19174 9030
1908 6183 415
2173 4489 8937
11268 17493 4106
4027 13755 8052
12076 14334 1066
1480 18813 7401
10445 17171 2305
4053 18796 9856
6109 6868 5015
4494 16155 5752
3523 5390 4530
9009 18774 3777
11760 14192 7210
2359 3906 9571
2257 9346 5740
2801 16127 288
6433 18803 6078
13954 19460 1865
1561 10177 6582
6182 16245 8942
11751 13609 7516
1506 10413 3557
6509 18406 6348
4694 12223 1542
1574 4954 3845
8076 12036 8544
12419 18534 1787
3999 9272 8587
8046 9563 2911
12788 17458 2416
9943 17586 8384
890 3298 451
14067 17235 8992
10898 13268 9937
4922 6547 5618
6880 12775 5351
1599 6085 2235
660 11317 5061
8261 17958 7075
3453 16829 3935
13216 16074 2041
3382 8634 1239
2560 8960 9818
1314 2613 3373
3937 11636 396
15377 15707 7623
5739 8710 4888
892 12226 4401
3602 18274 8169
12437 14165 4208
9862 17420 8901
194 16316 8006
4041 6471 3260
2270 5173 5984
4959 5326 2901
11114 19351 6593
4504 18224 8782
11757 13453 9027
11760 16121 5005
10254 12152 2977
691 8963 3766
253 1585 7359
4458 19645 325
13478 16640 7268
8945 18823 8209
177 553 2585
18598 19470 9516
123 2141 5953
4362 13067 688
618 3971 3217
1014 19313 5477
15875 18126 8450
298 2210 3326
9953 16533 2390
8731 18955 5419
19 8393 6756
925 12472 9329
1637 16894 2069
15066 16233 6654
7333 7385 7593
9306 11764 1407
1236 5934 923
891 6142 4626
1298 9511 9394
1130 4539 9501
11605 13315 2585
9998 10366 3501
4388 7157 6764
672 9476 1422
6317 16766 2694
8603 13740 9417
16629 16704 4290
3760 17363 6821
1344 3386 4983
4057 4961 1043
9033 17976 5044
2471 17632 7726
4525 12784 6999
11968 17367 159
1200 4572 5685
7315 14099 8980
2867 3972 453
17718 18039 6211
8957 17640 1342
13217 18838 1473
2642 12458 9186
14186 17132 234
3075 12867 8637
8385 10374 4481
6292 9953 6210
140 2288 7534
15603 18537 1280
6096 7523 7746
2285 2765 1199
10498 17353 2863
8270 9601 7358
9133 17912 5245
1174 3953 6558
3021 5008 4223
5381 7453 619
9058 16110 6257
2728 13674 850
10074 11123 6380
8908 17287 7963
4497 5151 4666
5567 8896 5052
12953 15220 716
3001 14693 7156
11682 19750 8188
2954 10259 2067
5535 6724 5960
5895 10284 1117
2374 10834 3818
2646 15565 6794
529 4901 6481
3562 16079 8458
6724 16243 6659
4679 6135 2044
7816 12471 5624
9870 19038 9379
4116 8487 8666
10301 16045 2076
9848 10818 4128
4853 15983 1797
2973 6165 7649
7112 15275 5302
5240 19477 6849
2675 8403 3175
3304 5726 8657
1598 6775 7495
6961 19738 4992
935 16195 4661
14842 17638 8790
495 2016 368
3361 5541 4869
1258 5734 5602
11722 14938 1414
10303 11933 2533
1135 15786 1255
2566 7948 8878
15597 19269 8741
10558 15780 2032
8538 12012 359
996 1274 2369
1891 3600 436
249 759 7300
295 17641 3953
1574 1889 3238
4781 15987 780
84 180 8698
7553 11581 5597
6137 6649 5753
6563 19254 8331
939 1658 1735
1910 13673 5985
10966 19986 275
7791 16332 1752
2981 11446 4139
4816 10292 6300
1032 5982 3618
7146 10694 3874
3205 5435 3325
4859 19720 4484
3698 15733 416
14949 15994 4069
7447 14341 1002
266 5095 1095
503 9529 7885
10578 14500 9792
562 7682 3249
347 7113 5108
3101 9485 9487
2993 9183 7747
6586 7247 7115
10086 11644 5715
7165 18860 8151
6091 18025 7879
4439 19091 9598
1004 19880 4343
9200 18411 967
3207 4242 4201
7190 18404 3410
7835 12041 7360
3734 4107 28
4274 6888 6271
14944 19240 1023
13204 18835 3809
1542 6072 421
10865 12862 6634
1286 8443 1939
14914 16161 6705
12156 15351 9244
501 18453 2472
278 14388 1453
6951 9261 3884
6739 18180 2167
1781 13947 1007
1636 3468 4869
13898 15700 7946
5531 5948 3831
2766 6132 3043
2230 10146 3414
5478 19519 7286
15243 16432 6975
649 4199 2943
620 13668 391
9339 17194 7008
6855 15504 5068
13927 16247 956
10393 13329 9334
2156 4507 3309
274 395 7973
838 1305 8338
9661 13802 1411
1262 9991 2238
1106 13547 31
14618 18890 1639
3328 3962 1877
5853 11432 4292
1399 6335 4057
9016 9892 7627
6443 10592 6862
3128 16503 6778
11402 15249 902
3402 14694 7900
694 2182 3539
8465 19360 4307
656 1743 1490
3169 3243 3723
16613 18462 5432
6513 8547 6649
7182 14978 3143
1811 3332 8121
1078 1601 2580
2144 7695 5025
2988 6250 2377
5000 19481 3524
1283 3166 1391
10170 17036 9699
16978 17318 8062
14798 18607 2245
2997 4341 7011
1127 5268 3817
4103 10890 1290
9711 11625 6687
13376 17875 3424
2279 15794 1170
2669 9392 9640
1695 5100 4051
11669 14863 2379
1424 18644 2346
6749 13673 5945
8000 8892 5522
10501 15838 2085
5796 16405 3377
271 310 7687
10649 18407 3965
13379 15685 3657
1455 15488 9280
11383 19907 6216
6659 18994 9945
14080 18137 956
9049 18665 7540
8738 16102 9728
5349 8524 6333
781 1971 3014
209 447 4330
8648 9953 2516
6445 14288 8741
1959 3727 677
6623 8199 6973
10034 19170 6765
2813 11590 7222
6763 15768 3307
2825 7571 5663
2211 6102 3166
17794 19587 1349
2715 10316 741
10814 16929 3044
2262 8551 136
8502 11352 6275
7994 17328 6211
1686 7915 4736
199 1058 5992
8792 10808 8662
262 8703 9892
37 4746 6436
188 13480 7132
210 6545 1976
1794 16537 6454
9452 10292 1666
1084 2411 7495
2209 13507 1239
1486 2476 7484
1932 6884 8206
89 4232 7117
2915 18881 8198
2579 2977 5639
207 4244 7242
12370 13900 6711
8865 9991 7894
10784 15734 1387
2318 17779 4192
9815 18619 2392
5019 12992 8807
12054 12416 598
819 1637 321
5538 8149 3812
1330 6213 6424
1962 5317 2007
3479 10615 7060
2633 12211 3053
4917 10601 7379
11929 14380 9861
11234 17063 1515
13138 14087 8696
4739 4987 7270
3 11 6296
137 9446 1224
17055 19454 8629
8643 9109 8658
2020 8737 1604
2792 6344 6517
3345 3703 2088
418 2458 7598
678 4025 7755
418 1579 7110
8164 9871 2533
3086 8782 9850
11049 16607 5576
638 845 8406
409 7130 2268
3613 4105 5626
6540 15882 6569
843 17996 3470
7215 10358 74
2699 13210 1731
750 19191 4793
11479 19722 5313
2512 3076 9840
337 3372 928
297 2111 8020
300 537 2266
17764 18168 1934
167 275 8833
6909 11467 8871
11616 14331 8525
8556 12213 1327
794 17987 93
4011 4395 46
3095 5589 2911
535 5310 7150
9089 9711 6719
4786 13635 2262
5121 19411 8448
1940 2595 1429
13639 18056 9337
1933 16601 5545
14281 19647 3536
9137 17730 7162
4850 18828 4309
11362 12407 973
5949 13555 9026
3676 5054 3083
6791 19866 4103
6553 8373 3466
14437 16120 3727
2784 13053 8423
12435 17199 4912
8132 17035 4071
1656 12327 38
2482 10715 1451
3337 3913 1434
2650 14730 925
8187 17297 3606
14208 14544 2573
422 4233 3610
511 2802 111
11536 16925 9452
6384 10495 7199
4915 15621 6922
558 7862 7747
18073 19792 4172
3180 6854 7369
41 14298 1425
3418 17387 2410
2708 4092 7207
12129 15961 1915
4399 5304 1700
5218 6617 5451
1963 14074 3218
558 7471 5261
5562 11258 9374
7339 13547 2514
8649 19811 8753
14688 16379 3075
11142 11284 658
10292 11567 3855
9909 11260 3261
11678 13932 1717
9173 10608 4953
1695 18504 5344
4487 7387 9357
1512 2126 1281
7318 12219 2521
1157 8831 9893
2683 7006 3088
8814 15543 3541
1554 14595 4292
2818 17610 792
5762 19846 5465
3352 17786 1921
10919 13973 398
1545 13172 3362
548 10835 3724
7810 11083 554
4279 5027 71
240 941 2133
10045 13276 9563
6954 15771 9524
13666 15904 5312
2654 8977 213
267 11247 9277
1426 11126 1859
7749 9604 7245
1122 17189 4992
720 16670 8748
9486 10657 6818
903 5242 6700
3837 15574 6150
1217 8654 3428
2772 3552 8324
2304 16552 2985
5523 7593 8813
429 1593 4802
298 3571 485
1413 1465 5990
2663 6888 6929
15866 16307 1608
595 6696 2378
875 9627 7423
1018 5866 4769
5484 15744 2063
13391 17779 8037
4316 12872 2762
8641 13867 5758
13506 14729 7379
14977 16261 971
9224 11163 3833
1792 6566 8240
1783 3875 6567
13748 14271 3394
5214 19971 596
257 11209 5761
5495 11845 317
4639 5739 4151
17444 18782 2808
3277 19825 5097
10108 19909 5520
4072 4837 4094
995 1195 3699
8151 18511 5172
385 5334 6955
5448 14633 4776
13572 14021 3659
3969 4138 3885
4755 16013 1961
4475 12814 9881
546 10559 7249
2219 17390 9643
8506 18017 7232
7997 18960 2487
4711 9720 2108
9861 15832 9762
8016 11001 3157
3297 6514 5342
209 409 6997
1889 4934 6032
4950 10965 628
843 8354 9037
8689 10875 520
9084 18410 3686
283 11076 8803
4466 10750 5989
3628 4183 1335
2922 3152 2786
1361 4907 8303
17370 19213 9354
12892 15719 9062
9834 11585 4188
14078 17950 5159
16092 16271 7082
4828 14899 6620
2479 6583 5433
12046 15637 6914
7068 14106 9802
7197 9587 3901
13014 16174 8380
10152 16038 9304
6999 15974 1026
2725 5872 3259
6215 12912 4795
839 10113 7976
3863 18229 3875
1087 1241 6309
14798 19291 5214
4161 7269 2484
7981 14841 3849
2838 8145 4921
7002 13506 9907
634 4081 9420
11379 17682 2479
4948 15019 326
1352 2933 9657
4248 7034 7256
142 4826 1532
836 9413 7869
118 825 3934
1919 2387 3405
966 3125 5365
7194 16579 2099
9281 11640 1587
6520 15250 8075
1590 2296 4207
13033 17385 2791
2815 16041 5573
1909 5223 7145
6048 12509 4815
1832 4248 7033
7459 12957 6257
1024 15103 7992
11602 17919 844
1313 1816 5910
48 117 7490
16303 19767 3263
3834 8771 408
1744 19652 6832
583 777 946
6699 15712 1456
182 16481 7587
1692 1859 7095
4801 11074 6273
3185 10548 9445
16934 19367 6775
15620 19699 2561
1813 9367 3325
291 425 3068
4815 6253 484
10645 15036 7032
12752 16689 8248
10174 17369 4093
8006 14882 191
4707 19375 7645
5632 14173 323
4330 12850 5076
6210 19661 9458
1483 6123 8622
633 2914 465
503 13820 8731
147 9531 7657
4752 17932 5327
11012 18228 5490
12581 18742 8508
949 8279 1980
116 143 7454
16589 17799 9903
6490 9468 8127
602 8824 1637
3740 4525 2528
5146 15248 7573
1724 10117 5328
2124 2743 7395
2382 3673 4506
381 8023 469
1049 4329 1163
13628 18530 508
4328 14719 5567
2164 4376 1252
6985 17866 7750
3150 9493 8629
2255 11543 7948
16098 19305 5034
11534 12300 37
8468 11034 2012
136 3388 6649
18779 19465 4793
11330 16953 6265
1248 6930 7618
17441 19176 1649
1045 15548 8843
46 276 3407
6097 14212 4744
4619 6300 1652
808 6568 9885
5899 13844 3793
38 43 8127
3614 18705 5836
3381 4511 9179
1626 18831 3903
16171 16746 3761
9015 13869 1239
13670 19263 7515
1606 3846 4665
927 15623 5618
5771 18265 3921
3066 4399 7109
6258 9287 3035
4300 9745 1875
3376 7746 5252
3002 14043 9476
6385 7878 566
9853 15672 1143
1734 14307 3717
3490 9712 8077
4487 11913 6033
84 9694 913
2899 5191 1455
2872 3485 4966
5211 9073 8784
697 10753 3570
8810 15951 5692
2850 6245 3472
1251 2242 5888
9584 18856 3555
773 3669 6561
4225 8196 7708
303 4201 5429
1461 3581 3731
5132 6165 3937
1824 2250 794
4901 6334 4719
4986 7174 3602
12407 14277 1063
1137 18984 787
8957 17531 8710
4009 4067 9105
4088 16868 6099
8478 11966 4474
15619 19825 576
11832 18123 7236
4855 19800 2629
12206 14344 3982
540 11353 6753
10010 12671 2100
4441 15224 9109
1161 2718 5412
4612 11642 9794
3614 6500 2395
6894 12901 3145
163 4945 1441
9734 16210 2880
6712 11501 5314
2730 10269 7609
8748 17310 798
9943 16505 7263
8845 16540 7409
75 12414 3075
7309 18531 2476
614 6303 1261
5590 9946 2794
473 14434 4531
12747 14731 9184
2461 9524 5954
5006 16334 71
3537 6321 13
7123 9419 4974
3057 18821 3903
611 3224 8899
5897 6770 5633
15297 19880 8800
4331 15853 7493
7926 17595 489
11859 16499 6730
11294 13386 9100
3035 9179 8008
5103 6709 4157
10371 16843 8004
6499 12815 6516
4666 7896 7740
5802 10785 7998
1254 16275 811
4334 9267 7332
18515 18723 4665
5307 5483 8961
15038 17197 5984
2127 19081 396
4326 11064 8716
9504 17327 6298
1371 9435 3292
8392 16369 1284
4993 12000 5806
9804 17807 4715
7775 11359 8002
1298 13268 9458
7109 10247 8665
15935 19151 3248
877 3034 8469
1073 2039 2470
919 7779 7244
10346 15597 6732
1582 4109 9665
6874 10651 244
997 17475 3414
10330 10985 3894
950 1457 4301
4609 5890 7432
10632 12560 3545
13129 15927 8533
5441 17289 5261
1431 3908 4668
15364 19488 2370
7890 16924 9782
1025 13031 2859
3663 6942 4054
1471 15366 7250
2094 18240 5963
12448 13987 7434
2249 7860 5376
1001 1520 6948
4189 14897 1266
129 7715 153
7598 12766 4590
5582 18795 109
7205 14255 8123
7802 13384 4884
1709 1846 2066
1706 1869 4085
6072 12842 4975
7828 14283 2531
1173 1848 9632
5771 16301 9272
3127 8971 1156
11293 12083 5723
252 16593 8842
4147 5744 1763
5234 10315 3352
488 7860 9116
7801 13765 2861
5142 13142 5754
6869 16024 2584
1537 4131 2000
865 1431 2957
13218 15035 1208
10184 10415 181
11270 13894 3436
268 15757 5458
13326 18908 7241
1122 2333 7782
8233 15099 5775
778 10910 6140
2035 3601 9680
17050 17350 6864
73 122 9567
6632 17325 8594
8460 14203 4270
856 17347 8275
707 6495 5660
40 1506 8900
13644 19215 7512
8823 13123 2228
7621 15699 6756
6024 10355 9005
1484 14016 2297
11717 19669 3018
6018 16580 8105
5708 18633 2739
9618 11204 8412
6757 17925 5850
1042 2094 8263
4465 10890 7547
5300 13238 8789
2440 2842 7278
603 1471 96
15938 17414 1881
7421 17291 9489
5542 9462 6787
3620 8941 4515
9372 15770 3753
9922 17546 8175
13507 15620 3483
6019 6894 8151
12327 16370 1645
2882 4418 5726
3097 5464 3242
16607 17062 632
747 2707 9072
2810 11585 9931
9335 13013 4747
3878 4471 9594
11632 13423 4947
13228 14000 7920
2574 7984 8772
4019 8339 3137
13366 14045 7659
8257 12911 4573
620 12304 4664
8389 17646 9414
7714 9339 5010
830 15538 9661
7922 8132 6345
684 14816 222
596 18196 2020
4786 10674 3624
7588 12268 8128
8631 11816 1722
254 16051 3541
12435 14017 4884
119 10638 3039
3129 14786 9279
8740 18011 3492
6822 15123 8408
3632 17911 6494
6867 13739 6872
241 479 1719
41 1254 5231
3256 15905 7905
12481 17715 1640
94 9276 5810
9206 19691 3208
7416 13538 9092
115 155 5953
14800 18691 4168
1114 4184 6474
5495 13862 8320
2262 5838 6668
6764 12811 1791
15439 16290 8339
3165 8212 9649
179 238 500
423 946 4341
5196 7517 6867
5868 8539 2098
5197 11384 828
3400 9055 4700
14297 16572 7963
3840 10827 1852
3180 4336 7713
1997 5917 7338
9180 9222 6218
4865 17754 2064
8921 9904 2180
224 1218 7259
11877 14392 4352
760 3368 6833
8068 11560 765
17117 18122 8311
2644 5378 6218
17359 18728 6499
4990 19289 1873
1555 3691 844
4732 9851 3482
2365 16128 4485
3719 4963 4227
10598 15335 2131
2831 15631 8142
620 14013 812
12714 12775 3782
1426 18858 2510
558 834 4401
1275 12168 6044
1926 8072 2171
274 2576 8031
6490 16468 375
1443 13632 9126
11701 13860 6156
1196 3593 8723
8281 12266 378
2452 18972 3808
7913 14559 3292
9397 15742 5148
2122 9815 4625
4522 19539 7984
1949 16414 8957
6494 9254 7612
1134 1493 5293
631 2211 9183
99 172 4700
9376 15474 8812
2778 9622 4275
15070 19989 1610
1987 2058 7975
6117 8187 4566
848 16288 4740
4626 10735 5220
7902 19308 2740
10569 10809 3608
1102 13036 3016
888 2897 8837
1019 1174 641
19601 19654 2359
317 7374 7495
6358 12495 4213
6510 16873 5541
8138 17076 3180
4308 6915 7678
16545 18374 5738
8659 19793 877
13528 16608 2368
11717 15905 4667
7715 19444 3053
1199 6308 2032
3582 12665 9400
4683 9654 35
8433 11216 2968
5134 12216 7363
7558 16324 8547
15233 16109 6668
1043 8089 5556
3291 3820 5238
7654 10979 1598
6247 7800 2803
3091 13645 5235
17466 19710 9178
12485 17679 8956
372 5093 9387
11275 15483 7624
4063 9733 4595
9299 11007 4111
17572 19102 4552
2820 4253 8388
8028 8167 2637
15042 19160 2811
555 1000 6129
4573 9337 8977
7380 13445 2236
2602 10275 3901
6518 18127 9232
1183 13201 2124
9855 13100 2605
6886 7988 2796
6746 7741 5272
10018 14372 3368
2580 6282 7462
4241 19282 9333
7963 11258 7163
14758 19058 246
9195 11111 3262
555 4647 7811
6444 7267 2402
9520 14341 1562
2820 3020 4440
3153 9574 2091
2506 9697 134
5201 6477 6310
2973 8943 4427
10649 16090 3358
343 5203 1337
6574 19380 6857
2042 4674 3695
1339 6788 8855
11979 18763 3465
18289 18359 6012
4248 11931 1091
8955 16891 915
711 3615 8725
4587 4670 3584
4973 8939 8238
1057 1335 1119
18221 18943 5900
4958 15646 5267
299 8699 7914
155 1029 2556
2254 16169 2395
164 5986 1090
171 16984 4124
1735 10230 4716
14487 16272 7977
7309 7646 3007
7193 14283 2382
3083 7690 8031
9912 18372 8042
14190 18386 2114
10702 17810 4565
10947 18577 6623
1344 2534 90
6454 9607 1874
16060 18047 3904
7259 12033 3662
9147 19772 6604
7840 7903 3634
3456 10982 1042
2071 6947 51
15551 19190 2646
1529 4037 5860
12279 19097 2242
1254 12220 9163
5463 7357 2994
9651 19134 1957
3353 5052 9329
9313 13914 3004
4328 12588 2963
9712 15187 5455
4498 6513 808
1881 6697 7378
2012 16921 8202
7005 19594 5585
154 574 4408
1138 6314 1013
4688 12289 198
4622 8043 5856
1457 4275 9292
1276 10573 7221
773 1350 727
9375 14093 4392
1118 10042 2447
4882 8085 1144
5581 18552 6646
6835 10253 2639
4946 12227 1894
4328 5682 9617
896 8377 8983
8421 16627 4903
1054 1892 4524
8861 17821 6406
1224 12090 3310
3416 3689 9493
5442 11119 9435
10698 18634 4607
615 2769 970
12067 17593 3324
3422 19060 6471
4830 17178 4169
5180 13285 9278
7752 18683 9236
8148 9126 3301
1662 13910 8470
2414 9447 4961
1689 13602 882
936 2228 4678
13245 14371 6481
2784 8292 9598
3205 4983 6995
248 695 5128
5293 18322 148
6615 7642 8134
6251 6403 4871
17065 17909 2751
8737 11588 9238
4004 8375 7751
3441 14755 1170
8178 15377 3551
930 16240 898
6962 13793 8912
9965 11671 515
508 18635 2323
1267 5873 7009
5024 6946 6247
8985 10299 3337
15493 19164 2792
509 1734 8918
11852 13999 7224
4607 5540 3603
85 3557 6528
5726 17156 1759
16751 17577 3941
13482 18211 787
6192 19158 7727
876 1556 5616
3744 7916 9676
4234 8408 9716
15334 17978 8989
8582 9054 1031
8120 8903 9080
3724 17112 7043
2911 6737 3384
3774 5074 2402
3943 8076 6324
3026 7343 7660
956 8625 8894
4700 10895 3872
3766 19430 9877
16831 17039 3347
1733 7136 8809
5183 14778 6036
9440 19862 8282
3467 19784 4247
4558 8122 3067
1190 14507 6958
4583 8607 8161
5001 11741 9913
175 7015 1747
1577 3073 9256
12674 19307 3097
3989 4252 2978
15548 15864 7625
1074 13001 9881
13169 16956 442
4812 16682 7207
5693 10323 3388
5509 8800 8917
2171 7618 1770
2015 11717 4788
11599 15532 6375
9071 19321 6874
1961 10147 5262
17557 18074 336
1721 18490 2295
10292 11485 7750
2650 13890 3671
6831 14782 396
592 17457 8447
703 1235 8454
9844 10642 2480
8278 17992 3083
1107 1758 5093
1815 10240 459
2146 11626 1929
5595 5900 7235
2047 11711 1753
1764 1975 2397
505 7385 3557
1207 1248 3598
16150 17924 7560
11594 12235 869
1337 11213 3045
14083 16683 8418
2740 15180 3049
2596 5572 1255
11633 17553 7855
1507 16193 9674
6680 16065 4486
6547 8991 5586
4627 17243 698
9122 11171 3679
13824 19960 7248
1768 8352 390
10690 12590 9886
8504 10152 7097
2371 3592 8320
8146 8831 3335
6299 14086 3136
5999 15863 8029
4164 10843 9528
12602 16555 8843
5296 17246 8691
2324 10650 4240
17289 18526 3587
1696 12717 1525
4896 6607 2452
16739 18521 96
9304 19787 405
4113 19463 2019
1865 13476 9829
3078 11422 2111
10120 17242 6617
17143 17269 8025
14739 17310 6369
2484 7018 2592
7754 17612 131
14383 16237 295
1544 14342 9290
4620 6413 3855
5346 11936 2936
6125 8665 4693
9090 19085 7692
1045 1113 676
106 166 7285
6539 18217 1170
1948 10785 5750
874 18663 4530
2024 15064 3294
4106 6988 6155
12950 13655 9968
6333 8882 7771
906 939 6591
12934 14826 1015
11848 18013 2132
2126 9466 9136
510 923 2909
1525 7950 6514
2575 17458 9950
16340 19727 1741
7462 12509 9519
2598 3591 6311
7889 13402 3618
1277 10354 3470
12173 15315 1030
126 283 3262
3818 17854 715
895 2219 2906
3944 5361 2714
1637 2721 3133
19 850 2970
9531 9802 4293
1581 3534 5154
2388 14256 5066
7307 16413 8052
178 827 386
11194 13507 9227
5784 11350 4795
15739 17278 7688
5282 15477 2401
13248 15503 4392
9634 13073 6936
12087 12571 6621
2398 8115 2218
6391 9912 3879
9030 13864 2175
1126 9311 9823
4611 6538 3611
6771 16039 6472
6395 15602 8928
6313 6315 46
3297 14645 6573
3849 6553 7520
2104 11820 5501
15113 18336 2430
2728 16413 6740
1142 4335 5946
2280 2923 651
632 16730 4785
7771 10999 4807
4725 15745 3528
3501 5264 5232
4837 14039 1682
325 512 1725
187 12974 6769
7340 8497 9703
411 2072 8089
45 17174 6647
3322 5237 5284
15301 15993 1921
1056 1862 7922
12347 16837 1875
8077 19278 7274
5087 5220 967
5018 7181 4564
11910 16999 8274
7387 18699 8651
1453 2948 603
10801 13502 4435
12800 17474 6786
13235 13669 25
8011 14340 8555
3870 11752 667
9649 16450 8211
2709 8462 5540
4892 7731 5000
1358 10608 5939
11695 12177 6277
5513 10549 2076
15901 18237 2526
13818 19329 9747
7 89 1467
60 18950 5607
13276 15464 3815
1153 19661 1849
13542 17967 2838
891 4737 9668
5924 11498 3928
4870 18497 3928
5389 5428 4408
8329 18390 2156
4615 8947 1350
12700 15690 5692
9480 15711 6968
5297 10944 6221
4331 18214 1295
4930 9910 6681
3607 15085 4175
3725 12134 1572
12615 16897 8879
10363 12457 4917
17542 18473 7385
691 1516 2100
11888 15978 2304
225 13384 9462
18278 19335 3082
6898 18201 4196
8742 17128 9973
18028 19776 630
9158 9923 1524
2858 14457 519
6504 17633 6217
2688 6164 516
10523 18801 4577
2769 4122 7779
3305 17411 123
5405 11459 4089
9324 16829 1606
13612 14395 4368
2721 14036 1036
4675 17312 8440
3600 13141 3482
2013 5875 2458
10465 15755 7774
7943 10304 1055
296 1538 9287
15514 15710 9528
4055 18801 2519
9604 15308 7399
14816 17794 881
10172 14026 1079
11175 12404 9757
318 12869 5012
5902 17444 7973
2142 11077 1364
1860 14915 1708
325 346 5358
2602 3633 5846
7876 11339 444
891 11485 5196
1140 2491 7110
1741 7477 5373
885 5318 962
785 5117 1209
3394 17849 168
16345 16377 5235
2663 7454 5182
10644 19781 8476
1545 4953 3046
4537 11809 7391
8162 13964 2553
7083 16016 477
235 263 5850
4319 16251 4014
4675 9754 5672
6594 10776 2525
5640 14096 9310
5988 11300 102
441 10869 5472
469 12575 3375
62 12822 1237
549 2183 5075
2334 18680 2917
2267 10326 2591
5093 12509 2542
8498 15108 3065
10831 13096 5462
10350 11448 9840
8602 11089 7372
3027 5083 9817
6902 8041 39
14704 18965 8628
13207 15290 7609
190 7372 8498
6222 14440 1130
4489 11830 9561
5374 10293 9794
2420 4343 7908
4730 8038 6905
521 19252 7709
8944 13407 9914
3396 9387 3405
8986 15407 3118
4439 7196 3264
602 1037 437
15935 18602 5643
10055 15829 5402
2039 9572 584
2108 5484 3069
1615 5479 333
7009 13628 8416
10493 13504 3461
10186 19861 188
6043 7379 2491
10259 10913 6502
10889 12921 8254
8436 16937 9470
8571 15285 7218
2425 4297 2921
8623 15825 4450
1470 5160 8872
12264 15428 7496
4693 8612 3199
2826 3398 9128
1530 11142 2674
950 10299 1019
5342 5630 1883
1933 8774 8210
11991 18585 7046
144 2710 5826
399 1442 2991
17853 18497 7954
10017 13783 1762
3689 17090 4068
1546 1787 5906
6622 11886 3628
4023 4219 7030
234 12262 1019
3009 3371 1516
4191 18361 912
1671 10211 9544
2276 8605 323
4597 11870 2093
1252 3513 6783
2242 18673 861
11961 18090 6377
1730 3813 2608
48 14170 4628
3294 3684 8537
2616 15386 7512
12871 18407 296
6598 8700 8393
465 1407 8063
133 3479 4988
4681 8648 3676
4314 15244 3182
7553 16460 8556
17367 17569 9636
5151 11942 3647
7699 8023 9502
2651 3961 6002
2026 18385 7370
4137 4486 432
3762 16960 7979
16085 18749 9009
16402 18289 7807
874 2093 8907
8486 18552 7355
5989 8386 8856
7335 16502 7078
7402 16663 1690
15624 16370 9974
15311 16281 4189
5818 12307 9625
1749 13874 9911
4605 4854 4608
13653 17022 7116
8461 11403 674
10095 10967 3810
793 2394 9966
2908 12819 3114
3489 6530 343
190 3540 5613
87 7650 9666
7016 11222 2124
4388 4752 6850
11767 13137 5055
9256 16315 2265
1726 7735 1791
719 3091 4340
4195 16312 3799
7148 8097 5380
2715 18911 8608
768 3951 5253
6345 18718 8450
13927 19922 3249
9491 11080 9046
2485 2488 5136
482 696 8427
15328 17569 2732
1758 3674 4658
7830 13842 9448
800 15965 2894
19343 19507 4101
2226 2866 5756
320 10482 3187
12025 13299 8116
448 599 2465
2633 2686 1301
19352 19766 6429
487 15213 3511
1240 3299 4370
2324 13189 3017
785 806 6089
1730 7651 2930
1293 3405 2972
2983 3848 3451
5990 19866 4950
4490 13389 1216
11828 14949 8190
2760 16280 6461
336 3368 9347
3161 18362 5367
1503 9454 460
10592 14779 3501
6048 8701 8616
2511 2935 6622
13950 17915 5495
16729 18401 911
3750 11492 8696
3011 5183 5328
2472 11231 9011
2474 19140 5279
4737 11404 5884
11225 19613 9395
579 684 5712
11662 11939 4411
1626 1781 8197
8353 10764 5164
1104 4468 2454
1056 15712 7811
274 13990 5935
6512 16406 7759
4238 7343 8702
2560 14157 3747
869 6579 5756
6654 18864 6544
5197 17663 2825
5184 5897 1315
598 1359 7994
1001 18347 4986
12962 19814 5653
4320 18429 1080
3865 17507 4957
8479 9520 8188
9420 12320 5785
2185 11747 5562
359 9999 1623
8821 16890 936
13157 16598 1595
3314 15009 5603
15838 18460 5359
6593 12068 4413
683 14453 7716
2471 2841 9377
271 5788 4633
852 7965 2791
14572 19606 5753
2796 18134 4702
9462 11328 5993
3666 16466 2412
16275 18135 383
7769 16259 6971
3570 13495 7893
898 12662 7387
14424 14780 3710
1748 4334 1685
5669 8297 5779
3440 8093 6211
3518 7604 3336
4970 6011 8488
5342 16911 8640
14511 17990 3957
3166 14491 4807
2174 12845 2627
14063 14167 79
11358 13291 8545
2942 7488 668
5329 10938 9887
18689 19848 8184
10521 18549 9499
12548 19262 4878
626 8973 7831
971 2020 6036
1408 1539 999
11989 12953 5095
9139 12523 1732
4167 18703 7630
1496 1604 1148
766 1846 7471
1200 2658 4562
1747 17108 9003
10109 13818 9312
21 9205 4320
1030 19331 5306
7661 8357 267
775 11046 4778
3181 4532 3853
13 2156 8786
6105 15730 3391
2288 12637 3808
2699 7156 4048
1362 5314 387
2552 10146 9219
7412 15651 4387
8394 17028 3578
6312 19474 4949
11647 18980 2209
148 433 8508
12781 19974 9989
6589 14183 2976
9080 16553 3350
381 8120 7121
6137 15318 5671
4391 19697 7340
2140 2734 2127
1182 8680 1647
3937 4080 622
4683 7192 3768
6044 11294 3039
533 815 8882
5641 7286 2424
5909 7842 9609
4157 8048 3789
2640 14042 3694
10127 10280 5922
7049 8689 3784
15721 19416 3473
2658 7377 7492
1608 12239 2374
8773 15197 632
5761 9686 4014
12316 13184 1036
4213 13481 6690
13137 15766 5598
4311 13025 4194
3007 7081 2269
251 10564 3886
6016 9189 4739
9749 14194 574
13662 16200 1560
16253 16583 5657
4773 15878 2906
15121 17937 6527
14594 16589 7091
7646 12236 8584
3241 6733 8726
5030 19358 7350
4990 7886 6437
4234 10208 4341
5154 11836 4875
1298 6409 1705
7685 11716 9021
911 4691 2489
2205 3670 1578
5783 17341 5907
1926 2127 1945
2373 4606 676
3060 9301 5938
1307 5482 675
4 148 474
10340 10766 422
2493 11720 1681
2040 4361 8357
5158 10329 4606
4632 8137 4989
470 9173 1133
1887 3794 4793
7528 8713 3329
131 2784 3514
1515 2542 5819
13593 15525 1404
8714 10690 7769
8416 9482 4488
2281 13488 2393
4360 14942 9035
4056 17096 4575
14144 16220 7590
1801 8495 1649
1576 12490 2265
155 5645 1167
2441 2495 3588
7023 14504 9802
1048 19441 2374
19033 19496 6860
15085 19604 485
8107 18068 9263
80 17334 2156
208 2779 46
780 12469 9893
6261 7664 2427
16671 18415 4928
5093 13475 6564
5730 11526 9933
63 157 4900
9418 18579 1301
3362 12841 339
894 2303 3721
8744 12303 6219
63 18020 9087
4242 9857 3219
9140 10519 6509
5053 6215 5189
15096 17523 3070
8716 12126 2386
12317 18100 2307
2810 13474 2209
8678 17132 193
435 18071 2771
2686 5950 6399
14741 19256 5079
5017 9766 7738
11041 19322 9209
9409 17852 9647
4221 5126 3977
5916 9000 1861
8993 14484 4838
10801 19888 310
14693 15023 3655
3598 19368 2013
4223 19763 8392
8160 14436 1772
12480 13332 316
7874 12872 3785
2007 11701 1638
8891 17162 9322
1707 13849 2872
539 6233 9503
5201 14845 2069
1360 5720 6705
3232 9692 8641
5309 19991 1113
1509 14372 2811
9471 15186 8294
8545 16891 3334
6699 11051 3297
9318 14652 9171
3486 4718 7106
997 7986 2530
2292 9022 3281
3069 18946 2300
504 9854 3164
9994 10598 528
5478 12389 6760
167 12773 4864
310 516 2094
7696 17546 6053
4497 9633 4284
9302 13266 9312
117 13551 3943
6 49 8065
4017 15873 5719
17406 18356 8400
1950 6676 3384
2478 9752 4743
10158 10316 1040
10551 11861 2773
1818 15889 3162
11750 13979 5891
2313 19162 1412
3513 13553 5833
3040 7310 7386
5928 14252 5466
213 2229 9064
2842 9060 5103
1257 5343 5952
3879 5808 8756
5363 13899 1733
2480 17173 3909
16675 18842 5218
14458 19272 3956
1854 19984 9873
6094 16047 7818
3840 17216 3959
259 15315 8875
3311 15245 9822
18594 18917 9382
3107 3970 9298
7452 8802 174
3847 7844 8267
15819 19979 7576
7757 19497 8978
11788 18385 6313
5899 18177 7896
163 880 6994
929 18008 3034
15104 16717 8860
1079 3223 2241
2594 17527 9516
1526 12577 6301
6006 10848 4498
12343 16471 8580
1741 5987 7022
1602 19196 1257
3801 6187 8770
7237 9791 1967
16 39 1343
4387 10816 5201
9145 19828 4528
4956 15516 3511
1957 2017 6841
2133 8142 8779
4448 9978 7764
1656 15827 5602
1174 10577 6261
4882 5303 6316
71 7509 9483
14111 16805 7678
13423 16542 7414
5592 13501 2860
459 16764 8952
2430 17782 2447
4489 5651 2288
2424 3583 6748
2154 6568 8560
1567 13957 3868
8544 13161 6791
1296 8291 6439
7271 7837 8132
4410 8523 4849
5263 14042 3826
4098 10493 7348
1750 17106 4389
7682 11563 8509
6962 6976 2862
8855 11727 6950
2377 17551 4298
6327 15664 7088
5977 17351 9377
1341 1658 791
7488 13795 9087
6169 13426 7958
5674 6473 6103
13289 17796 949
12719 18380 2370
506 15708 6832
3542 19820 7896
6414 6864 4758
5789 8023 3772
1067 4551 5920
4224 12711 3201
1267 10205 6715
6036 7431 7889
612 1615 400
2888 3364 7391
7228 15027 8312
3945 11173 6394
12518 19866 7777
2407 16942 7427
2991 6532 2623
346 4968 2934
2594 9163 3512
4954 11953 5978
2349 16757 7886
1978 9605 245
1096 1116 371
8789 8931 5781
9624 13227 6057
11198 15232 7427
9483 18890 7663
1876 8359 7919
115 173 8710
2298 2304 2169
8580 18173 7267
4327 9222 1346
4080 13612 6725
2805 13266 7984
2567 10471 88
8245 17374 1479
6781 14219 2413
11356 11677 7148
12577 18070 15
10215 11909 7212
885 14320 1249
4100 12218 1762
2517 11094 4843
13180 19376 9789
2790 6214 4199
4754 5655 5353
3367 9782 3560
2671 6562 4592
12142 15590 5029
3159 16175 2868
14870 18704 7766
18660 19414 1476
965 8474 2691
2325 16543 9779
2376 13370 3435
8773 10508 4503
15333 15883 722
5811 6467 5916
3509 8056 2605
483 1273 4306
507 1115 7733
3263 6829 5681
3241 8516 5979
352 2655 6905
11390 16676 2541
1478 1857 2252
6986 15891 5819
5531 9169 1452
6145 17998 3905
4972 6958 7674
1681 17205 5476
9158 12603 4647
278 4513 3119
5265 8700 7113
12312 12812 8609
11743 13753 3137
4239 12735 3008
5832 11909 2406
3709 7125 8702
6854 9236 8470
471 2458 3148
688 1229 6392
7485 8614 3185
9705 15628 8208
663 1804 3629
551 6759 1836
6749 16451 7610
8731 12122 7708
3915 11060 2374
12659 17632 9826
18671 19513 7581
243 247 4879
4877 11609 3044
5454 7598 5726
1584 17394 7084
13170 13618 1618
494 587 6660
12475 19377 4023
1318 2766 4860
3901 4049 9185
3100 5279 9940
5296 11124 7720
1497 2926 6635
1776 16382 4203
4839 8731 7330
7974 16545 4065
4265 4948 2549
7852 10496 3581
14736 14924 2076
13375 18868 8580
7513 12558 7372
1285 3517 9182
3178 4306 5688
5360 13246 2076
487 9696 9447
1742 16052 2051
2910 8123 7058
41 328 1348
8016 10427 2993
2276 10511 5789
4481 17117 1576
12193 16327 9677
1288 14037 4864
7534 12197 193
6271 13481 5739
5363 8349 5274
8600 13359 8663
5775 6986 3522
2991 6092 5163
17126 17604 6514
10556 16326 3523
202 7971 3488
9478 10119 4388
9915 18755 8818
14300 15950 6609
5514 13150 811
12693 14611 6528
11229 17827 6562
15280 19619 7088
1683 19009 9615
2741 6324 4737
3914 18917 2489
3133 5428 3642
4134 8993 6048
7489 16463 1007
201 531 2238
751 1056 3207
1780 19762 3230
7362 14618 6104
7919 10981 3885
2952 5400 2826
8891 15655 6611
1589 15664 6330
11920 18393 1839
1760 8139 1403
1061 17328 3589
1984 4180 8060
3188 6439 3259
13603 14588 6593
9598 19061 5061
2724 6029 5724
10605 17577 4703
1650 11545 1291
6534 18254 2733
1758 19994 4586
2347 12810 9030
2248 14921 7320
2018 3539 823
2171 3812 1298
1496 1546 7270
11608 11724 4011
4029 14933 9613
1965 10191 5590
18596 18887 9683
1198 2600 3511
1664 13935 3271
6192 18024 5050
10137 15084 4824
10847 14293 8967
5464 18231 6045
152 6108 3604
551 1208 2326
1747 16491 2100
4686 13151 9395
16981 17542 6755
12118 12398 8187
2626 17096 6592
11045 18432 8767
8755 15372 2041
3838 19401 4616
10080 13857 1758
2922 4151 5921
743 6166 9294
13081 17042 6885
1151 1313 6342
13185 16057 7520
1145 11457 9254
17791 18919 9887
7255 14825 6162
30 75 2499
1167 11908 5667
6624 9630 4002
10293 18868 847
8850 15367 1669
272 8547 4118
14042 19882 2980
214 17512 8018
5770 13115 267
8423 16596 4697
18234 18277 6351
5892 15311 6322
781 16714 7886
9834 10817 2864
5015 15522 2070
4199 8685 6114
11940 13733 7709
6252 14494 6934
3437 12168 4598
6834 16837 9766
3774 9260 3791
9272 10042 4296
13095 18223 3169
115 2518 2304
9572 13622 8789
3129 5883 2307
3461 8635 2292
7285 17163 3281
326 826 1928
5675 17642 375
10441 16342 4460
16761 16992 101
259 1673 7972
4098 5641 5341
3151 7392 6561
2834 5396 174
998 2417 4491
2342 7127 1268
1087 6725 4085
1938 9007 194
6952 7854 8007
277 7227 1483
11494 19199 5119
9030 10262 3475
1939 3934 5909
3880 14962 2644
6427 10718 9179
5464 9606 3377
83 1712 7760
498 508 8482
1953 4446 9136
12780 15422 8040
74 544 384
3750 17297 2704
1528 12951 8693
10353 14886 9007
112 947 2905
5365 7520 3533
5200 15650 9995
7248 8918 868
2706 5431 7571
175 503 7786
5203 16475 1077
13600 18302 5684
2293 2295 8223
7933 11092 9801
136 992 1895
1926 10356 5510
9798 18769 7720
9434 16152 2944
1142 16188 593
6455 9443 3481
7760 8420 9188
12809 18907 28
5856 6310 5880
1341 1357 922
4359 19189 5253
1107 5740 5017
2979 11351 2367
2105 3514 5234
2730 4334 7182
3837 6276 6932
791 6524 5567
12527 16409 7260
15114 17059 8506
955 6349 5416
10317 13142 6199
7284 8486 1854
2530 11389 5316
3386 6101 9872
1846 8203 3337
2128 12803 3976
15 22 705
3819 7388 3050
1968 7241 172
5022 18624 7849
479 2184 7282
8289 10785 9195
11920 11956 4495
3447 5724 59
1079 2036 8317
3512 10687 4577
600 3597 8154
10434 13584 4031
10537 17052 2814
175 10246 327
952 1290 5091
13194 13221 1342
3126 10947 2020
669 1052 8207
6718 18163 1824
8194 17651 3928
2674 8090 5463
6957 18660 5869
1176 4414 7308
1963 19272 4073
7128 19505 7097
2951 4639 4393
9070 9072 254
11045 15912 3067
8622 10550 9224
8039 19380 9526
2652 5616 3272
670 2619 6553
6130 11489 5210
812 16612 1235
2620 13683 5172
4644 7182 4273
10423 17727 9122
250 929 5444
4304 8997 9395
3930 4990 9790
917 12749 6172
2169 2212 8128
1917 8915 9344
2319 16517 3762
2496 7359 8834
910 6434 2294
5569 11396 4943
10482 19128 4723
1396 3478 1029
12992 18549 8982
1194 3874 2146
5246 5837 1290
5681 14351 9002
11743 15992 4409
9420 18393 8989
8611 10993 3399
1425 19408 9173
2147 14677 6360
12904 17427 458
3926 9154 4317
7909 17645 3672
728 10161 9994
11074 17504 3286
189 1007 5310
2294 2827 9151
2553 5822 1767
8039 15147 478
1094 1587 5694
13762 17008 2348
9851 11625 5600
11055 19010 4207
648 1408 7249
3047 13904 4550
15581 16904 3712
1210 1626 2060
6886 9801 8678
9130 12582 4698
17748 18171 5213
10378 15071 4539
4708 12714 1099
13814 19871 2259
2750 4608 4321
10809 13162 9271
16112 16894 563
9706 13870 639
11906 16250 3904
5673 9209 6300
3407 4306 7019
10005 13519 1760
4572 7829 7181
2098 14030 46
115 2102 4212
3180 13099 2939
23 9645 2088
9877 13903 6821
95 11839 7476
4446 10827 9673
1984 6438 8062
697 2617 7782
4810 8861 9874
4313 5411 1928
10607 18843 5639
12694 17699 5135
356 7541 1010
3959 19074 8711
2316 5254 1365
4238 15629 4255
11502 12309 3450
13188 13686 9378
10262 14404 8401
2117 8663 6357
11284 18234 3826
2885 8303 7341
3653 7902 1845
17053 18473 2615
77 6959 4536
6534 16377 4374
10140 19207 456
1805 8660 2352
3982 4321 5206
5829 12866 7203
5797 8592 5574
264 16155 6589
11846 11874 2858
2050 18453 8533
12568 17710 6769
391 4434 9181
2649 15212 5622
243 424 3391
1787 16696 1631
13925 17748 108
10198 18095 4969
979 12446 5080
7854 8241 7783
5809 14808 2366
2778 6142 3894
6509 16870 6241
1773 3569 1499
14449 17637 7539
10934 13386 3811
10403 16590 1819
1887 11043 4579
2569 8839 2291
9518 17300 7288
4174 7262 4893
865 1085 4573
13756 16352 4063
7429 14693 6178
14284 14484 4029
1002 17813 8395
3366 12762 265
1282 8894 7170
6901 17913 6922
1994 11530 1694
9413 11378 870
5414 8189 703
9983 16865 7904
1467 3462 1674
2854 7827 424
10267 15792 9446
3791 8083 2228
4883 13470 1128
9270 9933 5433
5835 8436 6990
1656 7445 2819
14976 16561 7829
52 3895 3147
12189 17221 6043
4694 18583 7630
8338 17108 3609
4669 17729 5292
15030 15093 3070
4974 6347 2530
77 3349 630
4713 12251 4052
9227 15278 5374
2782 13923 6314
12846 15799 7103
8293 8884 4287
314 1169 6489
7280 14602 4126
820 4592 6959
3080 11905 7939
4605 14966 4503
4922 14391 6822
662 1713 4739
5393 13901 8442
8232 16044 3238
14706 19981 9519
6338 12190 1672
2776 10631 4631
5840 10373 274
4174 14831 5145
266 3054 6268
5299 12013 4344
2613 3263 1301
2120 18308 9399
13072 14178 9040
757 3587 8730
243 327 7922
5155 7089 5269
10763 13900 4463
9834 15359 6931
6411 11630 3847
4006 7000 7006
9204 11533 9144
1381 18295 9100
3363 19132 2404
117 5533 5428
2900 17303 4760
756 6111 3212
7900 15700 6881
2125 2233 4500
966 2560 39
5700 9306 2831
14499 18412 182
5299 19065 1401
8087 10458 2681
7751 16806 2388
1054 3269 6726
11706 18376 8949
11403 18467 8880
566 10599 4310
9109 19184 2473
8184 18906 6895
3590 7239 2819
814 8623 2906
14131 15137 9186
3393 3549 9705
10753 14779 9310
7696 8141 3678
4516 12739 4055
2859 5427 4674
3489 3918 1617
9223 14580 455
3104 18724 9167
36 6411 7126
3461 11983 5154
2120 14720 6052
12079 15260 2464
15161 18313 3901
5361 7131 2997
4563 12640 3390
8732 15141 5717
776 3586 2995
12044 17283 4152
45 2517 399
1592 9848 3784
6174 12724 7256
38 456 7198
5142 9344 8210
4528 6717 8840
334 8971 4877
5075 5213 7365
2322 16144 1135
1415 4751 907
2509 5516 2865
5410 6804 1422
8628 19936 6379
1550 2723 9770
1114 14719 4213
12761 19108 2637
643 703 1357
4182 4977 2101
173 15136 676
363 990 5262
1599 5666 3611
11533 15564 7504
3270 16120 3852
13477 15587 7304
962 10552 1417
8163 17355 5041
917 2615 1968
6081 15872 1641
7312 12411 7432
1311 18570 5042
4166 12413 6961
2654 4592 1035
11323 15765 9711
8425 16615 6588
4611 10253 6834
14985 18083 4150
3969 4747 7270
13424 19019 380
683 3816 208
7491 15814 9967
14517 15681 6825
353 18371 5411
11915 13572 5102
8661 17702 9540
7031 8263 9151
2194 6773 2927
7035 14051 2686
8865 14598 778
16003 16601 2007
9556 11659 7044
1766 11428 7291
4935 11884 4225
5686 14894 8513
3714 6146 6561
1664 6944 4235
5138 15704 560
11281 18260 922
70 4711 8294
9333 10864 1178
1140 16563 2196
954 17941 1544
11339 15964 3080
5941 11172 1768
6812 10328 2700
1841 3804 8169
8834 11069 6041
773 957 5129
10916 12054 1505
7216 19419 6698
239 1766 2330
11713 13313 4444
5833 19190 7800
8830 14004 159
2635 5608 1084
9223 18522 1802
553 14567 5292
440 7674 7336
15382 16719 8572
15014 17110 4750
1147 7641 2827
9373 19433 6210
2721 7125 7122
1190 17747 9892
2310 10282 3855
438 3791 4091
11458 12778 8960
7628 17013 7798
5404 12696 8363
8401 15931 2639
1852 2267 7568
9335 14477 602
5349 10569 166
3385 15691 197
5057 19992 5934
14420 17874 4001
15865 18683 2705
15351 19821 7272
91 146 9158
1771 19856 9276
8436 15531 4237
16166 17082 4822
7377 8684 6722
147 2902 5721
1450 10883 7376
4008 6449 7613
4320 12047 4311
2397 7163 4620
6238 10800 9594
453 16701 4958
12919 16815 7604
13851 17207 2091
7652 17102 4444
12550 17379 6894
2140 2612 1773
2024 8601 2380
459 3153 9531
3367 14446 5978
2877 9323 6785
8600 14908 3906
9029 18125 5800
9905 10472 3351
3229 5350 1323
10845 13078 7930
254 4157 3743
2441 3700 5448
2687 10381 8076
6659 14092 5106
2163 16101 7129
7465 17129 7874
16796 17854 4410
11150 11854 4340
10100 11422 704
8559 18641 5493
16374 16623 9619
39 163 2490
3251 4262 6265
1349 16192 9924
5363 5685 7832
305 1345 4140
5659 15430 2654
1505 17544 7530
1799 2916 7045
9808 19733 7010
369 6771 1734
3405 3656 9180
8234 12246 8308
1992 8411 7385
7241 18157 7113
4227 5438 8433
2780 3720 4852
12899 12980 1001
289 2415 7181
5047 19743 4809
2226 4852 4236
2436 8608 8663
8610 9927 7019
1224 3831 7325
2009 2642 6178
3982 9630 3322
803 923 2134
3706 10721 2797
2594 9212 7326
8023 13032 3939
15088 17912 1877
105 293 1918
15 28 4362
5637 5880 2395
16136 19443 9098
12033 13406 6782
126 671 224
34 95 1792
6424 16606 5266
7092 12303 2709
247 4592 6854
7232 13017 1475
1841 2386 119
1273 3662 6910
1257 19405 8576
5822 11527 3458
8576 16288 9840
5460 16507 5917
3893 8159 5030
10797 10822 2683
10091 11699 9752
1868 4307 2428
6406 7139 8630
7960 8288 2438
3243 16361 7619
6042 18208 8215
10892 17310 1592
9418 11737 7544
5832 8459 3000
2074 9124 6311
11790 17952 3736
197 233 801
4548 14564 2181
11515 18444 3205
7659 12812 3547
4288 10175 6972
11962 18109 2314
11949 13140 5230
8944 13063 6479
3998 16491 2102
1055 13842 7786
173 416 208
4914 5580 192
7463 9304 4827
3500 5073 8755
42 271 8184
790 4670 1141
844 2960 7502
4825 5912 9121
16123 18308 8380
7971 12190 1448
2374 7767 3558
12391 19526 9957
13204 19067 5316
2576 7252 4333
2297 16301 6502
4460 16043 9519
3323 6596 3228
683 6321 3056
7340 13896 6601
1873 15639 1099
19220 19334 5053
11242 12790 2614
4851 10813 2101
1280 10684 1572
7822 15698 6321
8695 10351 6400
1178 12114 2591
5739 12116 5701
16002 18173 6604
1354 14109 329
12743 17443 562
5790 9564 8627
6760 15346 2756
4238 19471 1563
9128 13602 4478
806 10418 920
1582 5420 9481
14920 15536 3062
13658 17509 1468
9265 14042 8633
510 14441 6794
14141 17210 9395
12481 15403 1268
6007 7571 2015
254 4376 1542
7358 19670 4115
100 13723 102
11961 18281 1482
13519 16167 8161
8970 12211 9775
600 1318 7541
9167 14385 7781
12758 15108 337
2880 12984 6763
4252 17891 7566
6551 14574 3336
7979 12305 7222
12222 15483 1030
2191 6311 7559
12937 16876 8083
7001 13208 3713
1742 16002 8982
6434 19192 9643
29 14307 4051
1279 1895 709
338 3816 6634
1362 18615 4687
3061 12450 785
8811 10295 1226
5959 16910 153
424 15670 2001
517 669 2073
6222 7856 3014
10676 14202 5224
4791 6973 8515
15352 17213 1073
12777 17018 485
3128 11797 7157
13339 14823 7160
8633 17195 1816
5633 5910 8596
19205 19481 8672
10993 15727 7348
9516 16926 3078
9367 9730 7752
6749 8190 8937
8022 18082 2278
8461 19689 8096
16454 19978 7685
13941 16220 6546
11848 16228 315
4627 13184 6218
12526 19641 8832
13801 15176 7426
903 2787 7115
4882 19755 8114
4252 18317 4452
9508 12051 6743
7809 16743 7811
2174 6046 1497
809 2559 7962
5474 10426 8516
4295 17226 5298
3658 4316 3755
1115 2326 6141
8591 11345 7074
576 594 9899
2665 13576 56
1020 1984 2557
8882 15181 1024
987 5808 9296
2569 12046 593
2224 13721 3858
12209 17907 9289
8557 10565 531
13950 19205 3420
866 4322 9142
5081 18863 7396
2903 11407 9900
338 664 1223
3597 4218 9240
4282 17003 8005
103 1395 431
3776 15428 3791
14455 14553 1603
9155 11931 5485
1697 4082 9442
5659 15145 7420
12537 13636 2490
1649 18070 6033
7364 14913 5525
4644 13884 8716
8636 9430 7452
6 7591 3100
6933 7086 9006
7665 9248 5217
15232 16370 5106
269 667 4712
8413 8979 4695
5701 18101 6552
441 8413 7513
1276 2607 5240
7042 8758 9039
372 6754 6163
5910 6133 4578
81 358 1027
4023 15414 1635
218 10323 2864
5746 16403 2106
3969 4513 2801
141 16608 6412
8962 8998 3639
10169 14400 3269
1166 19301 6391
6056 12218 6888
5072 15258 629
319 436 9935
9380 12716 9309
6600 10265 8504
18676 19674 3657
4466 16573 3145
5440 17619 1370
7035 11982 1991
1929 4455 3415
7038 18903 2759
1639 7755 8587
5659 8053 6770
8558 18366 3090
12107 12419 2118
6066 19674 9901
4080 14906 8323
5115 5243 644
8392 10938 9517
45 613 2150
2665 3311 8837
9418 9974 3309
195 221 7036
14596 17464 3476
3967 5227 8021
21 3651 1401
4407 15023 3943
377 2737 9476
3283 3292 5731
1359 17416 5753
2703 3192 2500
6517 17613 5982
7891 12121 8720
12087 17155 3148
1457 6635 5317
15648 18776 497
2346 18491 1806
1871 15522 8494
6327 9926 2554
267 13425 249
7767 14064 7919
1498 1953 9581
1911 4148 7898
7622 11822 2004
8627 18474 2831
1812 10089 7833
905 1042 1984
10235 11618 4236
3590 4762 6394
4189 16729 92
6240 15083 953
6897 17668 5260
3834 6836 2306
4836 15809 8118
7716 11362 6854
5624 18762 5921
16565 19488 3456
1426 10195 863
85 1989 5089
15531 16246 7997
11096 11808 4417
1987 19529 7615
1869 1936 6185
5787 9974 3172
17156 18232 606
7935 10836 9083
1130 8702 6928
2410 6040 7866
4777 15110 2944
3255 18697 1096
3473 18485 4490
4868 15265 4732
3217 9149 7804
667 3005 1060
580 12328 1578
210 1260 8202
4236 5567 8850
2483 5171 4828
6815 10732 9603
2712 12211 1064
6439 19669 6089
10923 17491 3924
10091 15636 4398
3445 5058 9249
5321 19065 1320
602 1172 5077
1425 15994 17
2814 10510 961
1340 10397 8592
4643 10070 6669
9089 13802 9989
245 321 3850
2831 3977 8182
3992 12552 714
9210 18674 4414
15322 19951 9127
2843 12983 2620
1190 7812 7184
4204 8718 7067
11279 13125 3581
9679 18866 2946
3080 13308 4857
216 318 3088
5180 10688 6283
2558 2579 4656
5417 11840 426
119 159 3552
1843 6501 9749
5228 14278 4283
973 1110 4508
749 2931 2552
11649 17057 4686
3884 11903 2190
5201 5622 4467
2082 4559 9063
3716 17716 3011
1370 5951 2706
6434 10531 5924
10711 10812 2737
1161 19270 909
2087 12426 5894
1337 9817 1056
3118 6256 993
12105 18187 2130
7316 7734 5903
6689 13893 7355
398 1997 7932
664 7143 3520
1597 15096 6508
3021 9821 5769
11233 12014 1707
5870 19715 6016
12507 19913 257
3479 17196 5217
185 19673 4003
3107 4515 3959
2764 3397 495
1101 10859 6713
5869 7478 559
2955 16522 2833
201 4256 5279
7264 17967 6929
11969 17144 5498
318 789 9280
766 5985 9819
9409 15130 6661
18578 19265 5517
6589 15655 6138
2372 12298 9322
659 1032 2201
14792 19507 2808
5687 18177 470
1781 6284 4105
6238 15455 1030
1486 1973 2657
944 8909 9951
245 1121 8961
2495 6273 4100
8393 15770 2382
6372 6682 6195
3667 7363 2113
133 5009 7003
1387 14745 5089
5629 10690 2794
4966 8257 1754
5227 7563 114
12315 18027 3876
5854 13560 8373
15501 16538 9779
16200 17511 8129
4049 10194 903
6290 12799 6355
2268 12952 9304
9531 9991 3377
6086 13582 6300
7939 11899 1730
3363 13488 9273
573 16358 7783
1610 17168 4299
5151 10910 3986
696 15202 2233
29 3861 8177
17893 17894 9078
6477 18599 4206
6869 12230 2303
3888 6992 8151
2185 3114 4730
2694 7101 5710
840 1707 7348
3393 6141 2185
1135 18940 5574
3927 4452 5339
5311 17153 94
623 19610 7102
13575 18686 7272
633 1594 9451
407 3643 9424
1632 4124 934
6786 17055 3397
2707 16215 1732
10032 15138 3591
7937 13594 321
12269 12337 1042
5764 8666 9657
15110 17619 8861
2610 3140 3303
3757 6462 2725
5963 12938 5663
15843 16375 4176
2800 4600 2713
3455 11727 2934
1897 11157 3364
4376 7397 6664
6497 7255 2320
5762 8934 3944
4212 15903 2825
2817 15489 2916
2533 9094 4466
1870 7088 3291
6164 7783 9075
6766 8728 5866
5039 10058 7475
1428 3783 1997
9163 12280 1027
1823 14751 7124
4895 9344 1449
1643 9635 326
12810 14643 9714
2309 8768 4360
2767 3038 5623
5666 15127 3972
15421 16773 4430
7731 12953 9559
5871 10279 7788
5521 17214 4464
1295 2575 9395
1966 19214 5840
3799 4147 2081
4083 15019 9252
11399 18139 5262
5479 7042 2086
3326 5744 5957
3789 9840 9522
8676 11464 9570
4526 11050 1244
736 7062 8893
12734 16234 3032
6963 10775 8038
8499 9894 5902
2989 13102 5500
6163 15126 4017
5939 15817 363
3070 13947 7481
7957 11125 3942
482 3937 6175
12094 13249 1346
6834 18259 4089
556 11257 4164
1445 18056 8232
663 19521 3940
3698 14874 1955
1648 17322 4941
947 4711 3268
3824 16301 7105
3004 4840 9252
13428 15644 5239
1385 12849 9890
3957 17342 7014
2645 3884 6575
13818 17369 7147
4832 19428 4351
5586 11475 8907
5161 11838 3584
18161 18999 5015
13291 18810 4352
8079 12923 8979
4006 15407 4004
2421 3528 2498
4771 7329 1696
10700 18117 1974
1107 3964 3773
5653 17163 195
15533 16395 4004
2375 16346 2566
8429 11033 4391
4893 10311 3544
3480 6638 4204
3054 5842 9541
615 1466 3999
105 11950 3628
4961 13623 9234
11149 17105 3800
1633 19099 7961
11759 15441 6773
4242 4607 2866
5558 7794 901
2845 19129 3257
9613 19578 8949
1461 1772 2398
5127 14598 2533
7483 14068 9876
1698 14063 3747
174 1441 1718
876 5139 1683
14742 16285 403
1663 10722 3431
12301 17213 4960
8938 19195 1730
3363 6939 3953
9249 17518 2116
12803 13525 165
9081 12912 3991
14360 16773 8890
4137 10427 3498
154 1182 3651
3345 12250 5372
1289 8711 9964
5854 6978 3975
10694 10758 7757
143 5797 9894
6748 8878 1666
2729 5755 1032
8373 10594 7329
12715 17864 3636
13835 15106 9236
5634 16836 1635
11496 11857 3373
181 345 623
1747 7932 9627
6481 15777 5912
1468 11159 1624
889 9099 4418
9167 14128 8651
7428 10844 2991
9563 12228 9042
2106 2432 2101
3072 17508 8422
11036 18817 2990
986 1015 3004
1638 10791 3936
2088 18268 4000
7359 8669 9044
1778 4067 9240
15340 17260 258
7702 13406 9182
7663 11613 401
11298 11465 3735
5580 19517 3746
7644 8167 8326
4025 8597 3645
1561 6973 7718
7800 19262 7839
6204 6580 5453
14946 18079 9449
355 15126 1854
5463 18177 3958
6072 9999 4583
6736 17881 2935
7220 7676 5753
11026 14074 4767
15162 17934 5387
2718 4911 4952
7564 10675 4329
4155 8534 544
2396 5528 1835
4344 13560 9968
2701 4862 6577
1753 1836 5416
1606 17365 6269
149 10829 789
704 3944 128
4047 5208 4335
5367 17781 5364
4298 9864 6917
4738 16466 868
3226 7393 4285
910 11470 6137
5335 7464 440
9633 10269 9089
2817 12057 1829
11340 17877 4562
3052 3283 3788
1977 14502 5306
5354 8880 6046
1766 4314 5293
7579 16629 749
1902 17718 757
1408 2427 2459
449 904 2524
2237 9851 8558
2159 2775 5799
3515 5889 191
5224 9281 9518
1683 19473 4814
2491 16303 8134
2130 10192 5522
2018 19673 8471
6977 16655 7119
7458 19319 6811
3487 7349 932
6915 18476 1693
10119 19380 1078
6708 12138 7550
2834 15537 6186
4630 12570 2744
2502 12614 6673
289 7975 5378
9460 16546 9808
7593 16226 1329
10569 16768 3526
6809 19338 5955
953 6676 3606
3368 5437 5598
10524 18710 6340
3207 12389 7891
3028 4885 5914
1115 5737 4016
6027 14640 5212
15470 17469 1021
2073 2942 5036
5426 16396 3405
1113 16402 5636
19036 19778 3425
6750 10853 6064
3568 15929 3509
12282 18606 5422
5155 17758 4077
1321 18237 5225
13832 18456 9377
5045 9042 1882
323 10988 7706
11072 16729 479
965 2719 7522
3823 18847 1197
1586 10433 3288
10547 12696 1538
14971 15992 449
6451 14929 1624
1890 19235 9038
8315 15850 7920
7162 7390 3036
14995 15481 2491
6992 14561 1519
3532 9256 9639
442 17595 7757
2599 10203 9909
3071 9861 9262
214 8285 3818
37 244 1221
4772 14688 4348
6554 15147 929
7177 8021 4392
5695 18414 9021
1812 18373 4257
8498 13608 2068
5493 18779 224
12746 18457 9626
14896 16969 7557
1200 1296 9509
2331 6888 1131
686 3410 2184
16977 17009 702
10581 13100 8555
8964 11713 2344
7153 9829 9024
1859 17955 7874
2868 19254 2562
12899 17577 7491
1099 6266 997
5059 19260 8041
173 16197 5136
10470 19729 5061
10318 17860 325
4470 10268 3294
2312 4216 2749
11901 18015 5969
928 9997 4983
1938 2865 4720
5123 16745 1587
15473 17128 1448
4858 6949 6819
5034 9060 4064
11232 13444 1602
1683 3279 7486
13343 15658 6157
2714 4847 9637
3482 12895 3886
10973 12726 1569
4157 13172 6576
1169 6160 8242
4055 17969 53
6956 15651 8872
2237 14727 7860
16313 17782 3645
1226 3939 3601
1911 14141 7111
5162 12085 3157
19 428 622
10645 15933 4607
5860 9281 4965
1869 5511 4830
11884 15836 8481
353 1832 8162
3750 6600 4547
17663 17675 1901
13972 15919 9178
8995 11775 2468
12492 18424 6402
17466 18404 2462
1913 6438 6039
1142 3713 7998
5565 15536 2646
361 12552 4439
2257 11043 1937
2449 12384 5441
642 6727 1024
6396 6710 9629
5423 17151 2744
9872 18130 8174
4687 8391 7376
487 13173 4515
2155 10792 7277
9946 13999 212
4528 15306 2815
1503 5346 7408
489 1108 3315
9236 11637 4239
6647 7002 7813
5406 14230 3798
3012 18025 1156
2560 3509 5470
3284 16664 8636
13303 16633 8837
344 10436 3291
3316 12032 8268
11301 11730 9901
10234 15582 2074
3795 10961 6176
6047 15756 5126
12909 19446 789
870 4097 5932
11925 14603 216
6082 7702 5121
5307 10707 9575
433 18770 7365
8640 11464 3612
11093 17324 4615
4712 12615 8710
3133 3675 4839
11744 16217 3690
13220 13935 4997
888 5262 9573
1100 16008 7775
16237 16752 286
8034 14128 8368
9220 15205 9164
205 811 3057
6051 15202 3228
6573 17935 9168
6334 18767 7084
8760 10135 7863
9907 16483 3957
12572 17891 7215
4346 5688 4315
1319 7825 2934
11315 18924 6276
3714 4979 331
9619 18685 6106
13894 19154 903
9660 11629 2873
7462 14466 420
4259 16373 3250
11561 15703 4455
4577 18291 4876
3052 5765 4196
5322 18453 7644
7433 11124 2741
11402 19392 5462
4629 10438 1036
15820 19019 2071
4545 17368 9863
3299 14123 2126
3664 19609 1936
7751 13925 397
4427 18304 1644
2814 13012 5769
360 568 7498
5439 6820 1265
4083 15492 2807
9011 17264 743
4076 11826 4048
8122 16742 4714
3479 18686 8908
16446 18782 2625
2702 11310 7201
11051 13367 301
6297 7748 1384
3786 11405 2630
4130 7633 8055
5 969 9051
16433 19915 9945
3246 18929 1729
2263 15850 3771
1354 5048 9768
14331 18855 2701
11996 19127 6331
7680 15910 4450
7915 13460 1927
9701 17148 2701
4170 11370 4100
367 532 2698
267 330 5895
3792 19787 2820
5362 5829 8758
5941 15025 2914
1218 6009 7750
295 1291 6451
15790 16610 6927
1717 17515 6804
5256 6040 1785
14461 17369 3997
184 852 4879
499 1605 6011
338 15021 9075
398 5626 472
1547 13515 5741
7195 18268 1297
8003 10225 7767
2862 7768 2597
11313 15623 7942
11786 13606 8964
13688 19905 4391
14901 17556 4035
10715 14363 8653
891 1702 2807
2303 10749 476
4966 6889 4397
11327 15928 2288
6307 17708 1477
8649 10206 659
10622 17910 5841
1244 3995 9268
5339 14071 9299
1847 8667 6479
9600 15573 2344
14703 16299 813
2540 19229 1969
6496 11891 7176
4437 9141 7828
10463 19793 1277
975 6424 4143
1290 10901 2504
10158 10872 7720
10454 10532 3691
453 1401 4599
15466 16249 8811
5801 16530 3785
579 6887 5674
232 339 5933
494 12724 5887
6157 14549 8333
3649 10663 6314
322 6912 9644
2734 3049 3467
6918 16813 55
10846 13979 4502
1905 19427 2181
2226 16971 1852
6702 14756 9639
9514 15345 269
16068 19457 8293
232 1364 4926
200 885 4582
471 10589 6666
16903 18279 5361
4589 19348 2926
8850 17684 6050
110 248 8844
2803 12920 3164
6843 7336 7795
5831 19910 7248
15221 19674 1386
69 673 5463
10506 10544 4274
471 1487 6348
9711 11293 8593
631 3261 7102
1537 14271 8876
3125 12739 7885
3678 3696 9859
16217 18030 5588
5009 9585 2258
251 13207 2549
355 1660 7935
13585 16300 9991
6755 16546 9615
6619 7627 2412
17991 18726 6760
166 10587 2888
1445 2814 8554
948 3146 5287
7071 8681 8086
2255 5130 8074
17 4994 852
10863 17533 3008
1455 1459 1761
5766 17636 5668
6081 19812 5506
8177 17312 9908
11638 13707 6302
34 4251 4705
3276 11259 1411
7285 18969 6503
7253 16529 9385
1024 9214 823
2536 6420 1788
6574 10618 6442
3846 5959 1949
9636 19440 6437
513 6315 7984
5123 7235 6678
5558 8054 820
11256 16705 937
654 1792 7681
264 5330 5312
90 2875 1560
3705 6361 5307
4028 10581 2244
6927 8377 4854
8275 8840 2345
16248 19575 7788
1468 9825 7977
302 12223 6582
4438 9639 4767
1305 14797 1472
935 8686 7151
6769 15998 1255
6662 16816 8695
2519 12150 6294
12475 18953 4488
7445 15086 7182
9846 17111 4915
466 4976 6854
13823 19709 5625
664 1212 9269
4966 9946 8605
5396 7795 1028
7500 18631 481
4495 9249 6236
9940 16227 6686
8407 16481 3968
1938 2503 4244
124 831 6199
11314 19943 5843
17156 18053 3914
493 9127 3984
6399 10195 5354
3411 14721 2236
1425 1632 4531
13240 16747 7785
6571 7925 3116
8037 12177 1107
7924 14330 9066
15031 19663 5767
444 1292 5913
629 6382 4811
1460 4868 6266
14222 19006 2516
2519 17546 7289
4193 12854 2112
5660 14855 3755
715 13761 2769
9004 16008 60
14378 15616 445
3114 13367 5305
18450 19935 8003
6691 12052 7957
5156 13407 6729
9918 17331 2350
427 2614 6507
4684 13388 7299
7025 11465 8586
317 484 9349
8307 11641 687
414 11683 8074
3716 11153 3365
17330 18663 2107
8828 18255 7469
8599 11007 6063
2175 10214 8201
3881 7476 605
96 1420 5672
5231 8916 9136
704 4181 6913
14490 18510 691
801 978 7757
5506 18012 9594
9121 16314 8478
1954 6970 598
2068 13905 5584
6579 18404 2224
7490 16904 8896
2166 10906 2373
1704 10429 9896
4870 7609 7312
4042 9329 6462
602 9468 6105
385 2924 9219
3752 5953 9967
2658 6617 6893
9412 11244 6867
8627 16341 8997
3782 13629 2316
4604 6471 7599
2274 10541 3827
12659 18383 9122
13834 18745 4415
8068 14474 6639
2111 5836 3354
14002 16707 9132
75 813 8943
9173 18529 6208
14131 18887 5734
3218 10675 5486
2992 5538 4687
12481 18817 1418
2836 10188 3385
2582 2775 5651
738 17543 6532
2456 16223 4047
2746 14914 4801
11571 13213 4559
7061 17735 2569
9944 11389 1340
13914 17850 6945
6781 16800 8470
1787 19914 4828
5229 13519 2705
9210 10379 9195
13307 19624 8979
14514 17190 2862
5368 16462 8818
1782 11611 7160
1990 4000 3204
12693 13033 6472
8 13805 4581
2441 5006 919
2169 10900 182
24 2502 4201
1677 15917 9915
3562 10448 1827
7683 16303 3735
1486 8895 4049
5117 12703 7734
3144 9176 5383
6580 10615 298
16346 17454 3743
5927 15457 4169
1166 7095 2532
16163 19382 7683
4546 12166 8965
2280 8843 9307
12030 17663 8567
12764 12985 8096
15958 19761 7713
1918 12683 1771
7487 11878 1305
6615 19373 9835
3380 4013 9327
14786 15496 8414
1303 16376 440
16848 18300 788
600 1049 167
3967 16428 4190
1583 14643 7947
1939 6330 4861
5894 6358 9734
1717 17203 6971
6935 16945 4399
9800 19487 7855
6006 13516 2625
369 521 4171
12446 17383 9726
5779 10210 8605
6202 15700 6932
16615 19900 6584
3145 7354 7630
10954 12014 9944
577 9750 9269
13009 19933 9742
15330 17430 8033
8939 11900 3645
2597 3538 3176
44 16245 6315
3363 7424 938
6389 19968 8631
1678 17293 7076
3243 6475 6913
11760 19067 7545
9159 17528 964
4990 8087 5655
7265 15784 7617
251 458 4890
5846 6526 4796
7084 16893 5681
19139 19544 7493
14667 19707 764
99 9688 9786
5598 19373 8933
323 4621 3549
4566 4941 9972
9207 9938 7419
2858 12962 6479
6084 15301 817
9024 11803 1484
977 9556 4232
211 661 7140
144 228 6171
15347 16928 2173
3896 13471 9854
8387 12912 6376
336 8656 6465
2854 9292 8923
6073 6690 8701
4254 7059 375
9181 13685 1583
3884 19641 7427
337 6077 7850
2372 4213 5779
4469 5349 8225
8517 10958 7452
8120 12050 2609
5759 9005 1750
9056 15200 699
5443 5734 7442
597 5096 8699
1835 8766 6929
3596 4035 1555
2624 15127 6609
1733 16063 5142
8048 8776 1937
1771 19037 9060
1648 14236 7852
3616 19764 4423
1143 3399 7027
1229 3294 938
1912 6964 5298
4908 7747 325
1738 16115 191
6842 13468 5177
12913 19383 3870
2013 7432 7769
2990 3631 284
9280 15976 5205
8882 11960 2373
8212 17372 3206
4692 17302 6714
5481 17682 2175
6332 16536 1696
7886 14136 5956
7327 11049 3460
268 19676 4424
1561 5102 1963
910 1158 3417
5431 5707 2370
1564 5471 2959
7625 19082 788
18000 18738 8137
13121 17571 5566
12665 18512 6037
3373 9543 5956
14311 16170 6818
13836 15162 9440
5870 10647 3505
10325 18134 6698
10132 12717 5065
5863 19403 4932
6039 7393 4545
4105 14179 6204
3190 3533 1851
5423 14106 737
2491 5850 7447
3499 14604 3662
12498 14664 505
10735 13379 4203
487 1265 8227
6351 18194 3208
2036 4767 4371
953 5768 7556
8500 17703 4907
15098 18907 5395
761 1193 5561
9109 16101 5271
7881 14520 1222
7604 11739 4784
279 6437 8217
8556 19764 932
9741 16440 874
761 18173 922
130 151 556
3650 17556 3958
8 2940 4078
795 19032 5610
5199 16304 380
5816 10530 2062
1295 8497 2081
12657 17052 7544
15376 18665 7459
3937 19962 5945
6110 13199 3612
9670 14890 34
6684 14435 8810
19226 19583 7436
6581 13719 5321
1774 8803 4749
6828 6955 351
157 1016 6483
6147 14347 266
10314 13895 7466
7398 8472 5590
4998 9920 3274
3805 18674 7548
15915 16560 6459
5376 8212 4037
5947 9199 1806
58 13884 4551
6312 7112 5490
2975 9806 6840
306 11317 128
594 4760 9035
11622 15431 8331
1041 6486 3192
6600 17448 5210
2655 7377 8728
1447 1697 8747
6226 10509 6228
11858 13627 4814
7137 13575 1160
2665 4674 1117
1005 3139 4185
3150 17963 739
390 15866 1942
6961 16455 6876
2459 8854 2999
6207 7707 1168
7063 14374 603
1188 3415 5357
10036 18234 5057
4892 9209 9444
185 1238 4528
11639 14959 6310
1558 15037 8576
14786 15541 3455
11141 13400 9471
6360 12089 8246
7122 19563 8546
7069 19790 418
16900 19098 9030
5718 7437 3000
1897 9178 1327
7261 9470 4243
2097 4717 2000
8128 14093 2534
4112 7707 1759
1621 3894 100
14112 15725 5109
2684 6810 5639
11700 16854 5622
6192 14937 3440
10009 12317 3227
12731 13861 9626
2360 4505 8973
13171 19523 3909
5091 5153 7700
7378 9835 1357
1831 7073 6790
8241 12960 8644
7545 13909 3958
10280 13445 8071
483 3927 1921
4261 16815 3738
3924 7296 7952
9151 9573 1527
3665 11037 320
9840 16955 8465
7586 10775 7884
6887 10098 5164
2438 13086 5147
10432 13139 8014
8572 10164 3308
13172 15433 7219
1055 12366 914
8273 10862 9063
976 3444 5195
5379 6496 1131
2821 3739 3053
7771 11620 4621
9965 18384 3522
942 19383 9045
7493 16912 8407
3816 10280 134
3757 10669 6547
9543 11835 8678
8605 19381 725
10136 10763 877
10587 13744 6415
3055 10234 7259
13088 17582 3343
4554 6914 2115
1246 5035 4707
5236 9244 3080
2882 5239 5940
3014 11687 216
2687 17691 6834
5941 19860 4163
1236 4931 335
1933 18018 3128
1411 19353 196
6227 9899 9527
537 1367 3108
7155 10256 891
3934 10013 1405
3474 3792 9243
412 1925 8090
1925 4417 7599
4497 15909 4210
5346 6994 2239
11767 18879 9735
1432 6177 8562
7037 10224 1025
1727 1778 8822
522 2649 9738
9320 13165 5491
13869 15184 3745
1538 14389 5871
5784 10009 5882
5413 5738 4487
9244 11217 1002
2576 6022 6160
7116 13774 7703
8314 19566 7536
8273 10274 1890
5027 17088 5708
3790 18681 1824
528 5277 3550
12458 19597 2366
5039 7988 1300
6033 17838 5703
1158 3394 779
10 4016 5961
720 1907 9443
1420 3298 2345
996 5653 4806
2000 5037 2555
80 11523 2053
1852 11162 4214
4173 4899 1078
909 19580 1543
2025 2138 9259
9276 14509 5844
11365 14798 5128
9963 18033 751
13937 14827 5311
3539 17851 9147
174 12001 1744
401 2818 1130
1662 7299 2334
853 7606 6498
16072 17313 320
13652 14800 7905
12342 19997 4926
8537 15751 1753
12808 13969 7104
112 1365 128
2533 5839 1379
765 9277 6629
5976 14628 2289
1658 9154 8525
6827 9167 1484
3138 18635 1527
1332 8879 6087
1677 9995 9245
11672 15227 439
5827 5879 4457
1053 3185 4995
637 5691 9793
10391 16562 6864
4871 14280 3734
15464 19108 2753
749 8910 5716
9915 11986 5718
10277 11980 8694
178 681 2887
14615 18781 3430
5774 14571 4916
12948 16767 8252
8661 16145 9451
4000 17534 6212
3834 13508 4079
611 4990 1670
9336 12969 8970
16136 18922 9196
207 1006 4112
13130 16319 4160
5295 12042 8827
684 9798 4729
4824 6338 2601
12915 14089 5782
12464 15608 6840
11908 16967 1681
530 18499 2420
15033 16732 798
14928 18739 8599
490 10087 9974
8971 17966 9743
5475 10100 9311
10342 17427 863
1443 2481 2420
11041 19234 6493
449 1551 5536
2134 9701 2622
3433 7257 4208
363 1884 8727
3561 13452 7265
15067 16269 860
3890 18015 3472
3282 6922 255
10619 13730 2572
5487 12590 8664
1695 3304 9768
557 7712 1966
7808 12218 3945
2163 19250 4597
1878 10366 8109
4534 11210 533
12149 13384 5097
9681 16020 8835
1740 4488 9219
10095 17884 2225
6351 11852 5359
9280 19207 3433
1308 3969 9662
1130 7516 4145
16378 18941 1676
3105 10954 4989
11575 16361 8198
807 11039 6255
3086 19173 4674
230 963 7501
3944 5433 174
10292 15303 3646
1487 14123 3375
3373 15692 8321
380 10927 6983
6809 16466 8235
3087 7021 3915
2065 13595 3037
11671 11695 750
4624 7701 4468
8396 11675 323
420 6959 6079
7682 9258 2826
9903 19416 6778
11403 17661 7675
629 2431 8992
1554 5453 9466
189 13542 3583
12231 15782 5959
1229 16717 9023
982 3940 6260
1779 7686 9799
10404 15097 896
2458 6055 4714
3912 8870 630
4047 6816 3868
2148 2482 7049
10238 17385 9473
1007 1125 8771
674 4391 1022
4146 12902 1816
3508 17030 6099
5537 18366 9349
831 1418 1252
8039 17549 766
12284 12344 9260
1581 3016 9239
6515 13998 1786
374 1014 3185
8358 16310 2730
1845 13126 7435
2965 3279 9875
5673 14305 8804
2782 17344 7235
6301 10724 3017
6901 7003 3265
3040 8718 8777
2278 11205 813
6846 18797 7159
6083 18100 8831
10303 16611 5135
11497 13589 2927
753 6490 3908
7316 7543 4932
1017 1245 5038
1272 17608 6370
5474 19834 9981
12349 14080 6984
1831 10425 2967
502 4958 8405
10674 10718 8335
12147 15509 3081
4633 9540 2426
1440 9898 5685
1347 2131 434
10772 17446 1492
603 14900 952
2398 16595 1607
9162 11223 214
13011 17799 2745
4004 4415 8806
16893 17625 2240
561 6450 4065
2683 5781 1736
212 1717 5166
13781 16247 4581
1376 3011 6806
10739 18697 6331
9247 15211 3204
14889 18923 5064
547 1467 3711
537 10074 9127
11417 13320 7277
3741 16154 3669
2513 7152 8806
1610 16425 1658
8103 19031 5750
18638 19776 8455
8931 10072 4724
3491 10054 6345
3067 18045 1720
528 11876 8843
57 6739 1712
7381 8450 4057
681 1166 96
2747 5084 2193
51 2390 3384
7117 14343 828
29 85 6003
13161 17960 9237
13554 17505 3424
145 2941 3849
8568 9003 6279
1378 1411 7152
1952 17284 7166
1286 4759 3817
13929 19225 174
8541 8850 3596
593 6854 4158
4702 11648 9878
10123 18380 8186
135 4936 6718
2723 9668 6072
2666 4388 2940
4742 5651 1697
4124 4770 2692
810 18486 2116
229 1267 2587
576 8008 4823
7953 19829 8201
2800 4663 8258
9451 11515 9041
6398 19245 55
58 13707 6272
28 10430 7549
4663 6961 417
1848 16610 2552
6626 7902 1054
7721 19128 4075
262 588 5540
6154 19126 5780
4656 13180 5480
13194 19354 1991
10166 15416 3191
4940 10300 3961
454 1236 5014
489 14427 6512
2092 17817 580
12512 15174 1964
4098 11804 1016
5694 13159 4330
629 5356 5970
7473 11609 2308
12847 12874 3290
5739 14144 2910
3718 11108 8839
10754 14577 4210
11687 12192 7423
1896 9007 2722
17115 18288 6893
10160 19512 3046
11093 11365 1904
2609 7898 192
10584 12633 1534
17373 19777 9163
701 2991 940
2689 6776 8427
14814 16530 6074
2712 12290 159
699 12572 4149
3407 11727 3225
11947 17327 3760
5613 9910 4459
4765 19110 178
1204 6603 2733
7567 11426 5633
12448 18662 3449
12987 18999 3350
764 2890 1779
3916 14049 8967
6992 7634 711
1335 8816 7859
8403 13035 3872
13783 17254 715
2531 3420 2526
14660 15147 1375
5245 8751 1500
7659 9974 7938
6637 7487 3009
16988 19092 5129
7382 18704 3375
2191 17610 587
51 2414 3021
5186 5958 7569
3117 19040 8271
7549 17517 8916
6587 8325 7069
420 750 8716
15911 18644 1590
11282 16763 6705
1693 4861 5641
10036 11606 3354
3262 8465 505
1364 14127 241
9317 9899 2618
12702 15950 6053
4891 15768 8913
1014 16898 1785
3929 13396 3243
14297 19652 9799
10529 15135 8578
5595 16333 576
10010 12400 7383
4385 16291 6506
3863 5730 3411
1098 5535 4963
631 1456 2779
521 3187 2512
3190 19460 7968
5608 7989 5148
1692 14637 7185
3964 4386 8251
4070 19396 6612
3841 6068 3545
157 2297 6559
8230 18198 2912
4863 18226 1458
3432 5161 8700
640 7281 6529
591 654 149
12437 15128 2781
1539 1939 3099
7913 18666 6005
7317 10778 803
1632 3582 1213
12833 19026 1800
10911 19671 4159
1619 13800 9659
12711 16096 92
3330 19323 6250
6613 18812 6529
13389 13547 8502
918 18013 1842
5773 14312 3828
7461 10408 4853
8413 13321 4148
3136 8759 5603
8078 14212 6615
7404 16438 5804
1145 19401 5796
1331 16449 5681
2659 5419 9928
11093 19938 9312
1674 18567 8282
9614 15086 3253
7754 18964 6760
6559 8619 119
4196 19842 6977
7345 9322 7541
804 2326 6312
3962 5090 6610
1184 19888 4048
5756 18730 6943
5134 18805 7604
6564 17975 3271
2082 5285 8238
5114 16033 8984
4215 5519 4256
71 4978 8091
1985 2870 7265
2974 18870 8421
14308 17452 4629
11558 12506 5683
2782 12310 1973
13197 15826 1120
15137 19895 8033
380 4768 1325
633 2794 5395
2275 15414 8185
336 6655 9809
1750 5888 7116
4266 5331 7182
10428 19369 2662
3979 5978 2731
11438 12790 4595
8477 16751 2020
11298 12296 3531
2660 12942 9761
7704 17616 7329
13912 15098 6978
7614 13956 6654
947 1543 8052
10400 16023 2125
8252 8422 2630
6353 10088 6936
1423 15569 5448
3084 9821 8211
7260 18125 4272
9229 17970 2935
8422 14367 9025
4649 15437 8808
1870 9536 5344
12148 19464 6647
5164 7070 1745
22 193 8535
3796 11932 7637
8937 10433 9223
1744 12078 6077
6370 17864 8309
7456 14512 670
12402 16460 53
5354 7204 8605
16120 18307 8449
3102 3339 3305
1537 13509 6754
10464 11008 5693
10277 10854 2592
8469 15010 158
1314 4232 5763
1934 8525 5630
2553 2807 3245
5716 15754 1217
1380 5178 4509
11362 14349 3736
3422 4163 794
8409 14084 1131
1121 3245 4559
2168 2472 1986
5627 8791 3481
8635 14318 8293
7188 12613 1432
4040 9562 2510
6762 7255 3375
12992 16744 4852
31 129 4861
14760 18900 6852
14336 18498 9599
12998 13118 8479
12820 16908 4399
3904 6509 266
810 3675 568
6041 7334 3790
3816 4773 4055
8510 13634 5544
4351 19212 6821
3234 7270 2969
5272 12568 7072
11 11027 1676
9051 15857 3825
13166 13344 8965
5460 8744 8584
1268 9986 3854
472 16898 3668
2795 7576 6622
1342 9386 5412
1138 9690 5396
11633 16617 5220
7912 12166 3196
1934 4907 8951
11730 17131 2013
12471 14008 6194
11932 17911 8060
1155 6387 2754
2882 3658 4145
2226 11413 1165
226 528 2390
2122 4640 4748
1123 11188 6929
14498 19791 3107
10701 11481 145
3370 5766 3485
3054 19430 613
4338 16145 331
4982 6497 3233
3952 7039 4633
756 10705 1371
13810 17124 6361
7473 13626 20
4927 15989 6495
14189 14455 9688
3615 6694 6312
5719 17779 6246
4470 6104 4237
5901 8424 399
3159 7962 1606
12514 15172 1441
11717 14155 1730
9357 9803 6021
11369 15356 1347
147 2310 5500
13804 19130 9409
841 5492 955
1071 6965 8200
7641 8073 6465
3495 7369 5825
3172 6981 5214
14639 15647 943
1309 15304 2987
6737 14533 8210
343 15156 9618
6911 12661 9267
12548 14610 7253
10033 10994 1092
5759 13733 4525
7433 12721 1720
1584 7486 889
3521 5869 6250
10380 19044 57
7018 14773 9638
6550 18768 5729
13480 17455 8811
3784 15566 3916
6357 7768 1407
5284 17450 4622
9619 17677 9594
12048 15192 865
2025 4075 434
654 1524 1053
14989 19179 70
1994 2142 1718
3578 15460 4475
2530 3607 2863
5163 5493 4921
1510 18862 8348
1451 5240 2359
14196 14695 1300
681 12566 1323
1813 13211 6829
13520 15207 3216
7663 8625 789
8990 9550 1072
11983 13307 8942
931 11004 7331
499 1519 3630
4695 16432 8589
23 12906 7695
10777 16091 5689
3219 16645 7287
868 6225 412
2237 9186 7172
11387 12412 5394
13032 15658 3507
12840 13992 7384
14636 14985 750
5826 17091 2317
12113 15007 6709
3699 8830 4508
642 17181 8755
682 14677 9532
1591 15447 4485
2780 2930 8249
6166 11627 7224
2209 6160 6146
757 2593 7014
5459 15612 3997
955 1041 371
8354 11263 4285
12797 13282 5553
2658 11257 6295
14096 16010 3607
9014 10515 4137
7367 16072 3598
2392 2638 6089
2461 5972 9914
3427 7217 7964
6089 11730 8109
4818 10184 1003
931 7896 2877
2354 13367 7080
452 14758 3718
6426 19659 8016
8637 17835 3358
8375 9759 6257
6867 7030 9772
15937 18534 9861
7475 15103 5061
17342 19360 7588
5613 15495 8869
577 6589 2528
10872 12723 5998
6034 18656 2292
2057 11197 3527
5281 15360 7855
7160 10643 2756
27 9690 3774
2788 3888 6861
6799 6897 8373
3396 9587 7860
13142 15175 2022
8062 18354 4177
2654 3289 5042
8603 12375 8436
1304 6839 7987
11560 17979 1672
5467 18706 5563
5214 11343 3271
15140 15895 5028
270 6520 5639
11780 12038 2071
11982 16278 9605
2299 5924 3306
11695 15546 5299
671 686 6686
4071 8691 5522
7554 10885 4080
6151 19733 1880
1264 17970 5404
4828 15877 5757
584 16580 7034
1095 16573 6473
3532 5672 926
5800 6066 8452
1917 4428 6855
2145 12073 8869
9674 12136 653
16513 18210 5023
8715 18214 8224
7166 8065 4136
1302 8725 8132
4960 7021 8943
3155 14415 2965
2166 4072 668
78 270 3694
918 1809 7684
5939 11474 2224
8565 16817 9855
6410 14394 3430
5278 7724 5135
1210 5697 1574
3867 6334 8988
10144 11148 5455
13394 16000 5830
4393 9426 7597
859 3494 8175
15039 19396 7897
1257 7084 8646
6471 13056 2142
8447 18601 4367
377 18497 8297
767 15101 213
12347 15894 584
1908 12166 8374
74 15052 7212
25 31 2953
1713 8460 3249
4365 11310 1540
14794 16375 3289
16157 16758 1144
795 1389 7529
6590 13697 3551
12399 18099 6291
4096 6061 557
1172 12727 5858
975 15167 7257
643 5152 8403
13283 17707 1352
5975 8005 5055
8620 10012 1474
11849 16382 9449
3835 13135 3974
701 1098 7158
12000 13004 763
9431 9465 8724
1506 13126 1144
18665 19770 6211
9725 18853 2502
417 1468 3376
9328 16276 9449
8743 10275 8345
7537 18422 6192
6196 7130 7022
10433 19299 4533
5836 6658 2109
2245 19663 5760
1620 2783 5057
17041 17355 9109
406 1829 6601
13531 17948 1913
10785 12519 8286
986 1285 1459
2889 16156 6368
15593 16306 3831
12048 14647 4182
2754 6084 1823
369 1329 4158
2925 4652 9693
7969 16945 8378
2259 3664 6976
4156 18263 7064
2067 9052 5926
1837 6059 4354
398 2334 4428
3143 7796 7587
14085 16950 388
7772 11050 2749
5556 10854 6875
3464 9046 2899
7647 17174 5409
650 8277 1729
3174 8900 4775
3634 10250 6571
15800 16644 1417
8252 17647 3278
4487 11647 1243
10623 16565 1437
13009 15839 8150
8393 11163 8066
4560 8778 3008
103 13219 2769
4278 10475 1285
8141 16458 2974
6120 8097 9175
1450 1653 3790
6009 9732 4832
1468 6688 9143
7028 9042 3631
257 10867 2348
1052 5500 8900
2049 3141 5842
4837 9375 2429
386 2069 1075
9397 13288 505
818 9582 7648
15703 16867 8721
9713 10632 957
10205 18184 7249
14546 18024 8340
12840 13480 1123
3035 4472 7223
1626 7160 7056
4368 19609 4457
11951 15718 1132
8421 10659 7471
2456 4057 4777
4352 10785 821
5845 6832 8167
13639 19710 2786
8634 13345 1414
11372 12202 6273
7866 16003 6148
14448 18580 8123
1349 8135 199
14343 17846 4688
548 13956 474
3442 10139 7946
14873 16757 7507
9520 13332 4925
6608 14648 6671
16136 18718 6640
322 438 4669
1418 12446 482
4065 6267 7148
5942 14298 3540
8003 13121 7668
12259 19701 2493
3769 15747 3863
4695 5311 8797
3397 11165 7257
15161 15848 3188
6198 6839 7596
3478 19015 2103
3142 7298 7549
429 6917 5043
6683 19283 1848
7089 16568 1127
4401 13603 9020
1154 7613 5595
9788 18202 3322
6509 14478 8961
9367 18300 6759
16031 16246 6770
3283 11879 6953
5090 5426 216
9256 10037 6109
13128 19936 9898
444 4527 1992
2640 3110 75
11609 18339 6666
346 417 7112
8791 17113 5084
5167 10532 1922
1041 8436 3647
10416 18243 6106
3908 13961 3266
3069 5324 2930
3129 6638 3132
3070 19861 4310
308 1062 2575
1865 18845 1335
3084 3339 1786
744 13511 2592
9565 18699 9273
2909 5682 1036
3922 8090 1646
11264 15555 6033
2968 6181 1165
7802 10683 169
6730 15274 5023
2191 17188 6716
1533 3229 2429
2499 2630 1037
3170 18586 2383
2298 14136 6545
5767 14711 9014
7345 13019 6730
3232 3492 1132
12619 18698 5041
14877 15241 6656
10092 18760 6624
4670 16266 2831
771 8693 5715
5043 10930 7593
8488 11355 2158
8175 14175 7029
16251 16449 5716
10357 15759 3544
1453 1629 9704
7112 16606 6727
1293 14692 2254
661 3171 2859
9914 17273 1626
1022 2203 5999
1034 1891 5278
747 3000 8088
2905 12511 188
16613 17575 8124
7795 8745 3508
90 639 7197
1666 12043 6061
14813 18735 8934
16036 18048 6624
896 6189 7633
3829 5032 7435
7377 8121 3061
443 12585 3438
4007 4562 8240
9106 13281 8916
1436 2169 2838
9363 12526 9881
6657 9823 9630
1670 17300 1901
9668 15544 6686
6682 19148 994
2054 4979 3500
11148 19475 3768
9244 16129 6148
3434 10823 288
1696 13000 4913
1485 7731 6254
11902 15627 4854
2283 18659 1558
12374 19914 2245
6718 18359 7195
11622 12935 1011
8912 9893 3565
5511 7475 8991
8796 14562 6733
4483 19482 9271
15020 18722 8023
2489 9901 3656
14340 18367 8926
1863 19814 3478
1319 1535 2538
9285 17859 7668
5096 6098 3652
7238 9779 2673
3990 11497 2068
5179 14661 7857
9072 17696 3707
8184 15196 6561
756 18654 705
11645 14196 241
10045 18611 8915
999 2681 9732
6447 8643 1164
3437 3884 7865
3172 9206 1131
12002 17627 9146
9466 14687 988
11678 19608 6513
6940 11052 9793
344 14245 6267
12880 14583 8007
5305 8111 5833
3529 15997 6475
13244 16151 1784
6439 14762 5788
894 1856 6695
7151 11176 6498
5295 7537 7863
6635 6938 7317
3660 8204 9257
7353 15530 6858
10493 14374 2432
3938 16992 396
14342 19858 8711
4148 13234 6561
12262 15296 7689
10380 17823 1766
5027 5374 6579
2119 3786 7653
2642 13780 6947
436 15398 4021
706 4086 1899
2725 12008 2585
7710 13694 8281
6239 14503 8548
7910 16066 2639
158 179 4570
4209 17296 8706
882 4004 1073
4451 7358 2319
1466 14092 33
640 2608 9170
2527 3307 1573
2178 5123 1301
10602 19848 3435
7716 10518 1963
4461 18807 1946
11018 15208 1560
6983 7932 8732
391 3574 3515
2675 7754 1624
382 10466 4337
177 18383 3653
13873 16207 8861
9061 18604 3409
206 1153 1684
4847 12608 4282
3901 18028 266
830 9689 1337
2503 15849 3275
9344 15042 4020
4367 13459 2190
9426 10313 5935
2409 8181 3873
5111 7790 7564
143 582 313
1737 13893 7672
1134 3933 9770
12595 14249 3854
1143 8127 9864
6113 9818 7229
16417 18679 225
12543 13594 9488
6738 8072 7783
8532 14847 5701
13205 15788 2584
14068 19558 9732
6740 9666 5685
3587 7802 5024
3875 14311 8979
542 3960 9157
15941 16380 834
4653 8603 3566
5859 7432 7852
17384 18482 7127
7664 10312 1171
5080 16296 7109
8490 19677 1968
1808 13318 4386
3891 7696 1148
10546 11541 6499
394 14349 6428
15365 17412 9330
15816 18333 7562
1626 9951 2866
1464 12990 5467
279 3884 716
1110 2791 591
3344 18033 5336
11476 17773 6068
11859 18762 9330
2425 19558 2177
9919 13622 5447
1201 1220 6462
5695 12165 8694
3075 16390 1751
12212 15844 1244
2367 14625 2544
7022 11135 648
8347 17453 4068
13776 14476 5276
1949 1997 8628
1679 18233 686
4342 16475 1779
7084 18278 9592
1857 3501 1531
14073 17804 2725
809 9925 9718
11223 17933 6560
987 3837 4443
3562 10515 8075
1563 7100 9311
785 8518 1152
4801 9197 7021
4511 8061 9550
8723 16997 3332
3108 5771 4242
2316 7435 6718
1336 9841 6652
14699 14945 6095
17279 18021 3484
11474 17776 3622
6893 6913 4639
3257 16604 2248
7231 17745 5415
5876 9134 5716
3566 6770 8175
3434 13259 1725
714 4584 334
5397 12003 4515
3103 9958 6480
4590 5931 5561
2700 9404 7394
2897 18097 4669
386 11266 8182
12023 19111 6363
4222 19270 7002
10938 16457 7431
1747 12827 9070
4012 6780 8346
7122 14710 8505
1104 15116 9512
177 19411 5266
4549 5252 8765
227 19373 979
4839 14895 6458
3850 7255 8305
6393 19815 7305
1201 15809 3824
7702 13658 2696
155 260 9016
8542 12780 7132
1048 12877 7244
8109 13545 1968
3456 18674 4283
4412 17231 9586
14183 18921 5045
6453 10908 9759
70 10163 4669
1328 6404 4840
1450 9871 4960
12950 15073 9526
212 14348 6636
1479 4973 8508
3609 9134 7154
8528 19338 1993
18276 18712 2583
6922 12425 2361
334 584 5355
1708 11747 1871
2405 14608 4847
1459 13832 9613
496 12046 6773
2078 11587 2861
6326 17328 5422
27 7767 8178
829 18210 9322
10893 18075 292
5304 5445 2102
1388 11284 4178
16817 19992 5842
2070 5591 2365
478 2808 7012
4440 6502 5966
5191 9481 8870
1099 7598 9654
53 1667 9592
7757 17035 8244
17417 17641 3479
5419 14309 7667
14284 19652 8466
4446 14791 2573
761 1583 2847
6168 12623 7084
9155 19398 4004
3752 4099 1923
307 14049 3582
2831 19425 3739
11378 16211 6438
537 11489 3639
4417 5233 2886
2616 7935 4501
17 14248 7106
14637 17452 1866
5547 12954 8124
626 9084 1657
889 16845 4677
9426 10525 1838
3781 8804 8331
10440 16085 1730
1313 7713 9562
4472 9772 3095
12555 19541 4333
3670 12903 1010
13168 13338 177
2800 14344 4154
8314 14162 619
17737 19571 6451
8560 8671 7542
5874 13199 9000
5918 6489 9369
3852 10063 3422
10171 18508 606
1745 18883 7755
12201 17344 2136
897 4613 3094
5525 7865 870
5237 9739 7111
778 18633 9672
2249 9624 8472
3666 14145 2437
5071 6330 3908
14070 19094 5937
10392 13418 6565
669 4703 3061
17650 19828 2914
3539 14598 5687
2022 10214 9405
2935 18080 7511
3709 9111 7879
4195 12384 5466
2432 8174 196
451 644 4692
5775 9341 4830
4872 18506 1949
5228 7419 850
3721 4359 1748
11403 14336 4485
3109 15048 1272
2020 2300 4653
10191 11667 3319
1167 9621 9080
7012 9664 8276
3334 17633 9243
2656 4224 8237
1430 13417 3132
13756 16857 2437
11441 13829 2024
10559 11491 6958
2138 12516 3921
9723 10821 9634
1943 3647 9008
945 3677 6657
603 7304 2458
11460 16154 2143
2366 6311 4193
8048 19837 7321
8310 12766 5941
4554 17318 8024
11998 12051 4072
9393 12333 4241
17 16105 9468
4882 4957 3417
469 17935 4412
559 1472 3840
6338 18748 8639
2726 10055 6942
1036 2477 4392
10768 16072 4794
8323 17144 3026
6939 12477 2592
5115 10700 8883
171 5075 4144
15053 19805 7214
9240 13971 3884
10669 19845 3649
3006 14711 3267
6170 19453 6314
10394 16409 6005
5394 16251 6913
8407 11999 1
11848 13964 2392
8 3510 5007
719 1928 4519
3487 10294 4973
6238 17977 274
7842 15220 7286
5752 5943 9931
1428 3625 7758
16040 19277 2260
12819 18397 3178
7822 9434 1987
6163 8349 3636
1469 9613 7869
4057 4705 1674
3501 4243 2948
190 5524 6734
3903 4354 2100
1928 9845 1786
2658 3788 2384
4370 12086 7525
4038 14814 2704
4212 17771 9034
5831 12082 379
1652 15834 9442
9016 17138 1662
9888 10592 395
11586 16838 6161
2195 13899 9959
467 15161 5216
1373 17056 2909
14929 19482 4904
701 2247 433
2257 5201 1338
5057 19671 4423
8681 19567 7050
5456 9211 8810
2435 3493 2611
1068 12615 3260
12983 14744 6761
12036 19666 9601
7042 10157 3954
11237 13917 6563
2590 3858 7622
757 19537 3982
3074 8787 8998
5687 10276 3680
8032 11140 5922
1019 3470 3211
187 4028 8829
9453 9844 3550
3053 17293 8854
57 2299 9938
170 561 8055
1203 16892 2763
11103 12945 3377
2330 4879 8519
2470 3986 1402
897 1150 5265
8500 9912 8112
759 17226 2058
2732 6016 4187
6575 12135 7743
8490 9653 3274
10344 16779 7887
17000 17894 1053
8410 14261 9733
2322 5664 2120
1532 9043 6742
11393 13292 2572
5471 8184 1699
708 11642 1706
8491 10750 2833
1 40 4697
537 1148 4390
8063 9503 9657
13821 14846 8622
13561 18819 3332
11640 13300 2926
5479 8971 8627
2208 10395 712
12306 17449 4980
47 1426 9752
840 9519 7136
592 14966 1987
11664 16603 8030
1299 4903 1485
7297 9073 2974
14122 18188 8330
1989 15269 7686
8334 17121 726
1114 7635 329
6495 13208 1968
6786 17544 7195
1691 15652 5484
2995 4140 3525
7603 17626 96
8258 18199 6932
4285 5603 5050
852 9653 2850
1723 13925 5088
55 14678 3802
484 2543 325
13963 15300 6280
1822 7302 8090
3376 17582 4229
9254 11780 952
2711 19456 1612
2289 6095 4650
1139 17996 237
3337 6515 8722
4733 9202 6445
14552 18243 1844
2173 2797 9051
15689 16673 2235
1142 4384 8279
10533 11572 3392
6712 18947 5073
9626 13566 8112
3310 12392 7928
2227 17325 3747
178 9853 7787
7505 9370 3447
6669 13643 458
6320 14043 2186
4066 5013 231
3694 8851 2786
1513 3473 7648
2901 19073 5968
3607 16036 4216
5317 15758 1457
7520 17133 1203
6188 8088 339
5298 10291 989
208 838 6321
13239 16865 8457
197 1649 8174
7291 11569 8625
8496 11208 1699
3196 15043 8965
5975 9288 4076
5299 19205 8829
9369 17598 9868
91 3336 2852
3657 15922 6260
7060 19871 6161
2694 5619 6112
10563 16106 4016
2352 7151 1294
3001 11951 6660
15650 17233 912
13669 15402 6728
1470 11861 5380
81 1549 1722
1140 3470 5726
9063 12051 6806
3968 5946 11
17313 19105 9482
3867 15046 6525
197 4833 3968
92 8809 1001
380 5550 1815
5958 17424 224
9319 15050 6515
1092 10862 9458
2345 13513 2302
4352 13227 9460
11036 17099 3914
648 13816 9244
2039 2302 3982
2051 2908 8945
11970 18543 9193
3384 18154 2726
15056 16317 4610
900 2404 3252
842 16361 1639
6712 9961 1935
1014 2082 9622
4390 6918 9431
6076 6555 7487
12732 15481 7745
11656 16073 7804
2006 7416 2696
2200 11519 7259
9473 16537 9143
691 12722 8
875 1077 2974
9045 15390 4954
4951 9996 1893
1792 5323 7487
1830 6075 9148
5312 9686 5181
1624 14308 2069
16242 16725 1199
6830 7485 299
683 10071 1996
10079 12228 9018
6368 18284 510
6099 12054 6068
4769 18350 293
10999 19422 5501
6392 11377 5472
5760 17054 6007
7060 10108 2358
1919 7237 4411
9642 13633 3607
4104 15350 6841
13909 15968 6829
10722 17251 6285
722 2032 2220
4680 9576 7599
4070 7910 6420
9134 12014 1957
6784 11693 3983
4863 19891 665
4930 17200 3717
4708 19164 4935
8172 10101 7636
818 2145 1007
5005 11984 965
11201 17424 897
4280 18466 2426
6687 8807 8622
447 1107 9052
3451 4175 1224
4558 14457 4485
7095 16494 4063
18429 19718 7006
11603 19736 5092
1236 2475 9498
177 576 1575
850 3491 8295
9598 16863 620
504 1178 6418
6459 14125 384
10862 18879 7525
3206 8758 3796
4926 14284 9656
1090 10541 7017
653 687 2298
10123 11449 930
1658 19462 7138
2569 12374 7365
11557 14994 3604
1741 5202 4751
5132 6176 6430
8974 11431 8495
437 8688 3828
421 12107 3912
141 632 5841
1526 18994 5865
1784 14420 719
709 3266 4142
10732 13856 3958
10962 11324 371
5567 6101 9605
8543 8838 6605
15121 19188 3110
6311 18490 975
11584 13633 5129
8601 11921 4333
890 5570 9830
13034 19338 7288
766 15221 6133
3877 12741 1321
6136 17364 528
3812 13252 111
6028 19008 2181
742 1176 6116
13974 17878 433
6550 11903 9287
8415 19149 6217
8785 17717 8846
10876 13203 8802
1938 12934 1227
424 3683 8244
416 1157 6943
17792 19891 5499
2839 4722 2503
7107 7444 1380
8845 10493 965
8775 10224 3792
7833 8824 657
10316 16741 3772
71 7609 4959
6570 10291 9820
3405 6871 1859
2188 9563 5144
8219 10443 5243
7560 11657 6037
8542 18406 8505
1727 8414 9796
15685 15744 1088
1157 1214 3320
3058 15985 1358
10703 16741 2796
5007 15440 5226
2446 11355 3781
5935 8858 1512
9995 17944 6435
2282 10062 994
3978 13209 656
3923 6904 561
713 19752 1409
4690 10735 7443
3004 5501 2385
2797 7326 1633
3443 15674 5701
57 1269 3459
12166 15812 8470
837 2898 3564
12154 18192 3507
2139 18815 2662
3051 7223 9852
9972 12437 3580
11945 18749 7926
5230 16259 838
2280 19230 893
12202 13736 5094
10879 13156 1840
11997 18970 5502
6658 11614 7419
1094 7024 3244
7448 19380 3932
11056 16501 940
1648 16965 2835
1186 6025 2554
13917 13996 669
4677 13671 5253
847 11717 3362
13754 14223 7307
10460 16678 2154
3240 12223 6402
1190 3242 7682
1343 15548 2770
12997 17493 6387
2852 14206 5970
5230 19747 9604
1058 1064 252
3416 3521 906
4860 8563 1170
3860 6626 9152
9352 10561 4091
12543 14229 1610
8515 10577 9601
590 844 1208
67 858 6042
9540 18039 5598
2899 3191 2814
11663 18838 5014
11792 19914 7135
4919 5413 6445
5181 18684 4964
5984 8016 5168
13210 19432 1413
1716 10786 9638
7516 13045 1296
4014 14448 451
4034 12468 3425
5134 7452 5935
1684 4008 8244
9489 13155 858
6898 16159 4234
15021 15908 2627
2828 5088 1476
6712 15005 6950
572 907 632
734 3010 800
7836 14985 8760
2014 2254 1919
3142 7920 6272
826 13726 7828
3661 9262 826
13925 14457 6892
4180 13745 4155
3110 7616 9029
8173 12992 4693
14206 16293 2000
10176 17229 7907
1069 15924 2177
3746 6969 7178
5286 9780 5815
13867 19719 7045
1116 2646 1410
511 1535 1586
10604 18595 5698
1947 15852 220
184 11612 9986
5025 9610 8375
228 12749 6337
16765 17755 773
2726 10106 6248
712 3346 5937
7566 14870 8879
4220 11438 8757
208 1611 1097
6623 18113 7900
1966 18485 9413
11 48 9446
862 9285 1408
297 2095 5870
5143 9668 5940
1856 6476 5219
9924 11069 7509
6800 19335 8282
6772 10512 5754
1226 1924 4885
1757 5302 4787
678 7603 3255
1954 2662 695
3983 8542 805
7206 17839 9132
3186 3783 1708
8407 19508 3042
384 8035 8011
3688 16618 7300
4109 19273 6530
8004 11344 7365
7408 11891 5283
6113 6419 7623
6033 10695 6340
9784 19297 5661
352 9933 5402
428 13926 4716
6615 15770 6419
3598 8769 8643
3062 17719 511
12266 15894 973
2367 7459 5375
8252 19290 1512
832 8871 3036
2389 10226 9091
42 101 2387
1455 14939 979
2351 3253 5828
14570 16346 2070
4402 13076 4791
10932 13879 719
4830 16500 6320
11987 19323 3558
3542 17374 6537
4480 9810 3534
1082 6176 4085
8386 15779 6494
153 351 9555
18315 19665 6872
643 5294 7900
12742 14608 4395
1459 18315 4512
1883 17128 7169
1491 12173 9152
18431 19063 7970
1298 11546 9508
4228 10858 3610
11691 19923 2985
826 2583 4878
1969 4032 8019
4479 9473 8542
167 10487 6247
8487 17801 1299
5561 18448 5376
11875 19488 8167
13489 19788 3272
8945 18321 6270
1677 3609 1252
14311 15129 9435
771 9102 6398
3343 3836 976
1800 3926 3737
6403 12434 1663
16354 18934 2454
3314 3923 8703
5241 10660 5390
470 16016 7375
4560 12917 8712
4686 6756 3855
714 4810 1827
3353 8230 6023
1355 2337 3056
10244 17794 6138
2889 15912 3275
717 1774 623
2861 3760 4690
4498 6943 5802
13466 16623 3848
3020 6001 3255
4405 5444 2094
2978 3756 7578
14688 19240 2610
3309 5618 213
17219 19970 592
11623 15755 5268
8657 13481 3311
4413 12673 1636
1430 4620 9221
5228 10646 4589
4933 10385 1467
3217 16327 6714
12998 17826 1402
204 3201 5120
6271 8659 2084
8315 11398 3354
6821 15791 1954
13303 14639 2417
697 12637 4834
16 17890 8823
1850 12110 9410
369 4029 7457
6148 12818 5288
194 3525 2133
6184 18677 8670
12499 15606 6398
836 15819 9388
2990 14172 5245
5490 12745 2236
2099 18734 8769
1131 6168 7466
4794 8917 5002
18645 19410 4330
7801 9429 2468
5776 7902 819
9583 10993 7954
12034 14024 1379
3147 4745 5461
2681 3797 1621
17074 17206 9274
15099 15119 4612
8938 8958 9486
10348 15971 3765
4368 13834 7738
16721 19245 7522
7 2420 9373
2365 4349 9139
1590 2087 4379
7169 8948 8827
1621 8647 9613
4659 5933 3024
15506 19606 3559
2992 13796 3799
93 9845 9396
2745 13096 6182
8786 9386 4925
6758 18321 3606
8727 17135 4186
2654 6368 8946
3712 13024 3090
17723 18709 1105
3609 12587 9589
4348 7930 5363
11064 11459 5970
1712 18459 2779
14533 16673 5810
633 730 2184
10545 11335 2062
4688 5791 6786
1576 20000 2800
6594 9813 509
14585 15352 2929
1586 3740 6169
4403 7212 6746
8011 14662 7314
11281 19537 5977
9598 14394 2160
4129 5099 4886
1466 19733 770
11620 13767 4882
2507 3440 8014
4380 13813 2617
3362 9738 798
7634 8378 8963
1581 5483 8950
7440 13775 332
3738 4195 8013
568 19195 1294
6911 12258 5046
2300 19882 3357
1620 16260 1055
3611 8971 2541
1431 7743 1459
4212 6080 3949
12675 15698 448
6828 10298 9817
10237 13089 6367
4926 8254 5075
2621 16868 6706
898 1076 1069
2166 6666 8940
9109 13891 242
636 17173 4263
10780 18426 813
9958 19047 3572
424 499 9492
3041 19713 9887
7105 8838 5113
1781 19808 2415
10293 14264 1498
13474 17819 237
2509 11639 8638
12221 17720 8713
3291 13124 8118
5008 13462 7808
2244 16501 8683
16294 18343 178
5783 12176 8794
12 9004 6887
980 9980 3165
1948 13828 6708
9795 16285 506
10480 19943 1245
3643 6899 3901
98 13516 1689
899 8003 7536
9428 12077 8731
9828 13346 2249
18036 19828 1742
4949 9431 6408
2184 5478 2803
3600 9369 4729
9467 11404 2400
3066 11298 5259
12090 14667 3539
4394 11010 8859
1115 3976 861
996 11372 1444
6687 10421 8536
6100 7195 8265
945 3811 1602
1208 3254 3457
443 4922 5421
1273 1849 1206
16760 19132 7154
1836 17617 8870
8701 16488 503
13768 15003 3733
308 12685 850
1264 7010 2574
2448 16718 1610
8613 14754 7555
12179 12355 8852
11317 19771 7637
891 17875 3712
8617 11136 7535
7407 9388 6695
7466 19622 8476
4607 14849 2800
3199 4514 3026
37 1737 2865
2751 12788 9482
14062 19183 7848
13196 19231 8142
2020 10844 5125
6282 19978 1676
4731 16412 7285
10653 12465 8339
372 10791 8540
10099 16118 7691
4512 12800 6177
4465 7056 8413
3616 18127 7370
2803 6851 4390
1982 11835 7697
993 10936 5869
12301 18203 4269
11569 13162 329
3741 15027 677
6935 17959 3570
10026 10307 8333
1115 6751 760
4301 10031 4291
1151 6193 1815
253 5678 3898
16410 19905 8528
6941 9814 9824
5288 13078 5352
16679 18346 5593
6613 13874 9951
2317 10669 501
691 19058 1396
3745 10806 5238
4051 18716 217
6666 16485 266
2699 7819 3534
6101 6294 5255
1717 17195 5505
809 13630 5905
7542 12130 3169
3716 4467 605
2221 18422 6027
9911 17975 8043
4760 8294 2661
8629 19646 5196
678 10357 5294
8172 11421 3602
2307 11483 5304
4153 10828 1806
14128 15245 414
14513 15344 7849
666 1147 6187
2866 3467 9769
14864 16654 3089
2247 2548 8412
10503 17895 1011
604 2347 8168
17700 18323 954
774 1137 105
10138 15689 6639
2048 10631 7755
5984 11728 3512
7880 14987 7253
5733 7795 9433
7 100 8786
9992 17282 9905
3236 5547 7438
16155 19077 674
7380 11845 8645
5125 19721 6335
2523 6783 9369
6956 13771 1887
1745 4966 5733
10986 18437 3564
12912 14991 946
4370 15487 6137
10270 13188 9269
29 190 4933
5691 16751 2865
7156 10038 7030
4190 5106 4797
57 3500 6865
4834 5558 7291
2350 7252 2081
1714 15418 6130
5038 14071 8310
11712 17420 3375
507 19794 4898
702 901 1486
13301 19403 1882
259 8637 9444
14940 18760 6001
9508 13051 5850
10368 14287 8387
155 239 5236
69 15022 8386
3812 5112 6089
8726 19019 6956
368 15350 5904
954 3929 9996
5643 16191 8202
5908 18257 5146
8919 14416 2037
13732 14161 1952
5918 7683 9453
1198 10612 2693
90 152 4247
10122 10162 6754
5842 14187 167
10053 18797 2307
1117 1988 1277
7632 11371 2371
8632 11846 702
3939 6081 8373
2783 8325 4232
977 17999 8361
1440 16492 9135
13012 17588 6184
1702 1839 193
14232 14963 5154
14095 19574 2032
11319 17886 2431
3075 15483 4124
10256 11735 5907
12758 13628 9573
7666 12037 7257
11801 19076 8284
2051 2479 3703
11340 12099 9635
3849 19100 262
5906 7840 1332
14390 16173 4811
12023 18825 677
545 1660 4512
597 10501 9478
15329 18885 6266
9778 11342 931
3456 15697 2177
105 1554 4483
12876 17698 8054
16400 17332 8506
9516 14052 4335
1323 1704 5575
968 8422 2029
5406 15032 318
8249 18656 4130
554 797 882
899 4712 1503
4416 4455 1101
16626 16923 6399
3091 4401 6188
5681 14804 991
3370 7691 9349
15436 15669 4407
10977 13270 5692
4547 5581 8371
2895 13195 1002
406 14038 202
650 14516 7868
736 1192 696
1545 4303 5324
2927 14239 1137
2453 3604 3877
5475 14130 3185
6386 7049 7649
3478 14620 7915
2559 4399 8079
2254 9418 5779
10744 17692 1583
3287 3695 9854
6739 11826 404
3711 15437 3875
8952 10732 161
180 2160 9125
11242 12126 187
2509 13943 1617
2495 9019 7209
10019 11604 6852
4819 11439 3077
13965 18705 4248
16179 18325 5217
11980 19640 2922
1505 4129 4714
2250 7500 5636
1360 14033 264
11275 15443 9073
3029 3113 4421
10351 16901 5950
5408 13060 7882
893 7022 4431
6963 9673 780
5978 17015 1524
185 812 4399
8755 11094 9638
487 578 1912
10954 14689 5188
11265 17127 8633
7363 13816 2029
412 16904 3190
12022 12798 7967
3694 16569 6458
5368 11130 7041
13960 17944 1271
11009 15931 2632
6067 7952 7450
1561 14919 6655
4085 6551 6770
1011 3787 4686
10830 12160 8593
7434 7763 9318
6169 9579 65
242 1738 3795
1510 2261 6709
13316 15984 8641
2968 16861 2485
5886 18339 8827
5507 14010 6061
6427 8503 7659
337 7913 4630
9799 12460 33
549 908 4478
2234 3070 1108
1849 4430 597
6696 13400 7126
1439 8632 6043
17115 18962 10000
9963 17946 2600
549 810 1542
1643 10897 7606
2102 11553 2892
13944 15972 6305
14099 16208 5981
8634 10144 3282
2720 3079 3082
1999 8686 6023
11568 16298 1561
8289 8770 9824
5062 13866 8358
93 7859 4946
5319 18178 8071
3648 4470 2341
2116 2268 8905
6553 7461 6328
4314 4337 4284
14779 16234 1626
12704 16084 4561
6514 19056 9689
10070 18530 6939
12502 16550 8922
1063 7782 7803
12376 12936 415
10780 12024 7329
7822 17571 1410
8435 12981 9170
734 2075 2036
14987 19965 8254
10993 17290 6483
1908 15263 1519
8928 11459 5575
12816 16737 8813
4043 12080 8916
3456 6393 2616
568 5332 4475
19084 19915 8175
13306 17349 7010
6581 10488 9303
54 1083 1942
2064 17263 6437
7841 14548 3266
8564 17303 9838
1157 2103 8888
770 3328 4124
4906 18696 6551
4764 7770 5915
1667 11249 2028
1473 1620 5532
8597 11381 7679
17360 17965 6438
6921 19864 3086
3736 9956 1213
783 2644 8226
3628 10732 3508
8988 18894 1420
13772 19592 8832
302 408 7018
2650 4788 3103
10439 15963 616
218 370 9808
12087 17106 4560
8850 9724 8845
6582 17902 4037
4291 13900 7609
13665 15543 8193
725 9559 4396
2172 10173 2714
8192 16377 5511
6138 17232 2731
2904 17405 6271
5695 11252 6486
912 1334 6273
8824 16676 4919
4587 16288 225
14277 17489 2012
5382 16450 2894
12383 18226 4209
1664 6625 4089
13489 14301 1574
3211 11082 8988
2187 2610 3288
10705 14348 2529
3440 12704 7913
2351 3570 8869
4499 9040 2202
543 16712 2410
3521 18824 7126
892 7218 6930
3075 7658 1942
759 13802 2107
5694 8467 9864
2237 4222 9246
8816 11308 6960
9641 17238 1944
876 6880 2670
2416 3399 7144
7291 14976 6331
6777 9398 9233
1258 1526 1067
15080 17631 7783
7535 15070 4166
9417 18951 6306
5594 15552 6772
12496 13472 6006
4127 12079 9599
3009 3396 4302
6831 15228 3467
3510 15804 7869
13021 19757 4148
6891 17094 1031
8814 15087 9969
10655 15139 7593
17427 19185 8628
9223 14207 5231
9824 15477 3601
123 539 9634
16994 18739 1922
9929 13192 6831
9284 13815 1808
12307 15021 9219
1455 3877 5594
14256 15929 9727
2253 3640 2127
16439 17012 9579
4551 7600 2696
2758 12263 7993
8053 14496 4917
3191 16715 6132
1019 8266 243
5468 12683 608
4984 5501 2288
1464 7621 1048
2019 12085 7512
14020 16379 9862
11699 16515 2727
1934 12569 4071
3436 15252 5013
5803 16912 3646
738 15611 4979
8227 11177 7610
2564 10289 9431
15143 19961 4672
3301 8341 1623
3904 13524 3894
4838 4845 3221
53 79 9606
6362 17799 2713
5314 11843 1997
1589 10608 2063
2871 9155 1935
10488 16800 4421
1676 4690 4099
16255 16839 9099
9848 11547 1004
2454 15627 1749
4417 10677 175
520 13781 4788
8568 10717 3709
11633 14203 9222
3996 13264 8832
11084 16164 6007
8661 13631 423
3095 18789 7659
5654 7696 882
3488 14827 4284
12522 19975 1066
4379 8431 9901
557 11737 8477
5481 13425 1508
9971 10699 5657
1373 1747 6093
12200 15585 1868
5888 15796 8107
2895 2901 6091
1021 10288 1347
1089 14354 9865
4745 10170 5318
7337 15836 5013
8633 19025 2585
9497 11116 3873
7504 18721 7999
14238 18321 6215
5562 11695 1735
12693 18317 6981
2527 13289 8807
146 2858 8004
10719 17275 7483
13817 19901 6275
7778 15676 9375
6019 6228 4191
9103 17946 8239
7468 17309 189
3116 7900 2062
9174 14268 3067
13538 14631 8894
606 616 2855
4116 10524 1895
3544 19392 7943
1798 5232 7160
1297 11807 7219
8010 8067 4477
2178 6573 8436
6986 11203 182
13257 18761 7449
7722 9560 254
8414 8694 2529
6225 15335 959
958 11538 7252
1971 3776 6770
4523 9448 4018
5037 13446 2565
7662 9641 3081
11776 15704 862
358 4034 2589
4959 8667 4499
1147 12475 2644
4031 17098 8813
12976 13169 3010
6457 14746 1814
6923 19098 9191
14468 18511 4995
14512 17012 4394
1225 1299 7463
3244 6987 8179
6948 19181 5133
5505 18923 4032
4524 5497 5028
14107 18565 1528
4936 5417 9741
1927 18551 6512
2204 14861 1197
11333 11628 9799
11519 18499 6177
92 8861 7385
11754 15412 1207
8826 10672 2674
9978 14434 6221
13438 18886 4388
1378 5773 9768
4379 15883 7732
8739 13300 2364
5819 6225 5469
4105 7607 3609
4589 8366 3471
10633 17531 8500
2092 11372 8103
2076 13256 7304
5598 10949 3686
3871 12799 3542
1256 15396 3745
9857 15667 6125
1918 2035 7288
13538 17231 2210
510 19597 7711
967 2359 1304
4686 8446 5074
8269 10468 9117
2879 13724 364
3464 6310 1156
104 347 4828
2485 5988 9761
119 378 9204
12834 17918 4223
3644 13834 3228
1205 15461 6940
7632 16824 4225
8512 13859 2273
757 5475 4248
7372 9730 4941
14183 16687 5397
3847 10315 7303
7156 19121 4084
11605 14247 1916
845 6479 1356
14845 16357 2968
240 716 3736
1756 4098 7326
15108 17038 6713
7582 10210 1577
8661 9313 7046
3231 10090 2411
11964 16617 8036
966 13186 1964
1058 8501 9323
3770 6254 5789
13201 18465 2767
1575 1775 3546
6810 7953 3463
2937 14513 8864
12200 12348 9533
8571 10535 1389
7625 11708 2843
7457 18963 9829
5271 7480 5709
2114 13499 1627
651 8014 8029
2084 14899 4255
7581 13251 8985
9575 12179 2876
4692 18360 534
9056 16317 7899
1254 2191 5199
11360 15011 2955
7732 9789 59
14514 19904 3081
288 10682 2048
3161 7040 870
63 5197 1872
1723 14942 5312
10760 14768 4106
12860 13119 4720
12402 12440 2543
1780 11646 3630
16482 16531 6204
7261 18808 762
610 4719 4829
632 650 2750
1397 4340 1550
2349 7250 8192
3664 5077 5424
3576 7184 5397
1115 4332 3488
5051 12523 7768
9311 19429 2887
12891 12955 5910
2995 4459 3669
651 18889 629
14547 15635 2412
4572 18609 603
5160 16523 9132
16940 19767 2363
2396 2928 5585
8411 18223 5496
1026 5338 6048
2556 4479 3927
6335 9834 309
263 1073 5703
280 4101 8018
461 8505 1117
5961 18000 8576
524 8318 5523
12161 15288 3879
6154 18065 7532
1905 19580 9138
13807 18750 3643
31 9892 9739
5693 7877 7204
11523 18321 4538
5069 8821 3368
7168 9455 1085
8617 13646 8546
5387 9837 350
2329 15060 5477
777 4592 2720
5659 17986 362
158 17167 7582
2730 5714 8817
10081 19946 5173
13323 13965 1619
1096 5888 7392
275 1444 466
1628 18202 2322
8310 8485 8324
12666 19057 2115
4221 6642 636
986 2464 6010
735 764 9727
10782 15678 5922
4396 16270 4066
8134 15696 2297
590 2244 4457
10310 12953 1836
9736 14270 6066
516 4237 8655
6606 6831 5391
7908 19827 5869
3737 5703 3419
16878 19221 990
1354 4388 3840
7430 15325 1647
484 8996 6437
7573 8461 4878
14579 14868 3603
219 996 4968
5048 6377 9435
3577 6109 3516
1783 7367 5638
2268 19157 7994
11073 14265 1034
4017 5870 7220
12631 17785 6829
1036 14655 9139
124 8934 7700
7366 9525 2491
2238 3747 5579
7726 16571 9298
3926 14948 7575
2437 10897 205
4710 18859 1456
986 7952 5331
575 11024 1057
7422 14584 773
983 17055 8072
4478 7714 3398
5660 10217 9272
3165 11620 5397
17199 17565 6807
10609 18699 7868
2560 3609 1466
9262 13237 4860
17589 19643 9012
613 11554 9405
9514 18513 8850
284 14238 9058
1161 6291 6556
12202 16370 7567
2461 11995 6562
172 10336 1574
16557 18559 2538
9439 18479 9358
1109 13393 1807
4222 6185 130
11162 13283 6212
614 15178 717
2922 8420 8104
2012 15622 5775
13 5044 4972
10934 15919 9870
9021 12380 2882
5972 16979 2477
11530 14621 7414
17540 19628 8692
8521 17330 591
17807 18747 8143
6356 13122 9234
2684 17644 6893
18460 19606 5663
5533 7118 1664
1127 9783 11
14418 15808 1515
11122 13828 7498
3450 19871 423
2368 2678 277
4028 11394 4858
1079 16798 8577
7151 17872 7446
4310 14105 4308
1884 5830 7947
12839 19956 9735
986 6389 9369
5971 13564 6893
1753 18168 1436
488 15445 6141
1433 16802 3314
6070 15035 496
4886 16983 7888
16963 19112 3103
6195 13062 597
3423 15443 6556
2538 3757 50
3999 8384 2298
2150 16916 7922
4794 16715 5055
3 1480 9607
6449 15964 6430
7685 9211 1699
1302 15737 2942
7502 10889 2631
6371 11124 6242
12547 15314 723
720 6924 5505
5672 6775 6090
1387 3448 3588
3371 3505 2331
4863 18230 8575
10026 17565 3104
12037 18440 1321
12505 18507 5065
5455 18549 6078
9777 15380 2497
94 13521 8867
8103 19649 3926
266 778 880
1710 8082 4528
9156 12672 6432
3296 6903 8852
18339 18761 5686
18014 19255 3069
9678 18793 7280
10800 11750 9665
8811 9171 4245
945 16464 7026
3710 10854 1921
10846 12677 9909
8066 9135 2370
6990 13756 4710
4635 16407 8115
10426 15579 4923
720 927 451
14815 16290 4031
840 10972 494
32 1156 9442
7179 10020 8465
6463 13756 8037
4198 14026 7921
422 11903 8149
10378 12271 8077
107 8222 6073
3150 10086 9985
13386 19227 1877
10744 15724 4084
14320 18174 7075
10378 17009 8833
18549 19047 9286
14048 19498 7383
8703 12902 7199
2494 5731 3348
17388 19559 9602
3237 15219 78
2569 9799 5711
1539 14902 556
704 13097 7968
4701 5993 8855
652 1790 5122
5123 11414 4740
13025 13801 8298
8618 14671 31
7075 7794 8693
14800 19368 2299
14500 16439 3436
7610 16110 477
1094 1725 6226
2493 3165 347
5879 8256 9283
2351 7715 7399
8231 15511 6867
1793 8743 5327
6482 14964 600
522 13939 7094
5191 18063 1637
5332 9117 7055
3837 16626 5689
978 14954 3949
7111 17258 3368
3967 16003 9820
2058 4100 2675
2352 3725 6820
9805 19894 2517
980 2910 3852
4254 17674 4099
2796 18815 3092
7703 8786 9764
1088 10919 1246
10451 15051 498
9396 16559 4794
2294 5455 2551
3960 8549 8160
2163 17350 4065
12945 13680 5584
6561 16980 5166
2525 9562 737
16818 19131 4695
43 5799 6064
8333 14823 8085
5222 13073 3660
162 9206 1385
1516 7696 367
9360 15165 781
7997 10093 272
4098 8173 7585
15212 19368 9564
712 18135 6810
12 60 1981
7180 8505 9027
10121 10773 5581
2624 4839 5532
8795 10337 6401
17867 18781 2770
11005 12689 5717
3070 14038 8859
8034 17273 9478
5021 17106 8876
329 2416 3841
2035 8011 5766
11160 13588 3378
5081 19351 2410
907 12247 6138
10092 18268 5567
3436 8533 6448
9273 10790 1799
3141 18790 6308
9990 18909 3337
759 6003 347
15774 17604 838
6753 17489 4396
2718 13670 4099
1847 13747 2748
9433 18276 3750
4347 5877 3388
6752 8869 3767
6392 10258 6694
1347 5785 1409
699 17999 2702
650 7676 8470
8799 10282 7152
7093 11437 876
4187 10008 8065
1803 17260 5098
2050 4541 2731
6682 11824 9384
10303 15640 4282
3465 7710 4678
1617 4589 7385
2076 4478 7697
11278 16892 6219
2859 3180 3145
3574 10260 9312
6170 7851 4151
1280 10577 577
459 8644 9061
4972 12275 9150
29 1427 3786
9849 11722 7886
919 4148 3008
127 10928 6543
7842 8636 7595
7081 14941 1312
2232 12293 9260
4770 12378 6520
8475 8645 2228
6366 18470 6187
6296 11819 2268
14196 18920 2937
824 8644 4187
2226 4153 3340
4662 5265 8687
1321 1812 317
18325 18529 3484
26 29 3163
597 8337 8226
2681 6657 2341
4949 19785 247
3053 16318 7596
813 9849 323
11295 16062 665
16068 17771 3962
5182 13940 4441
2100 16706 5392
11364 12168 7568
511 19126 1637
157 1852 5783
13766 17484 8013
5567 10842 9306
4223 7812 8798
1228 12695 453
7210 10563 1210
6196 8914 4764
2023 6545 7675
2647 19058 3378
3500 15851 8888
6403 11288 7733
6164 16366 9840
1978 10531 1367
933 3457 5234
5675 9013 9165
2359 18756 5476
14205 15467 8922
2997 19063 5741
2234 10880 5456
76 92 7605
3792 5264 7040
756 10085 6934
6704 18639 4929
830 1525 4135
7951 8317 1856
2212 5643 6168
12512 14488 8323
4335 19120 2036
588 5770 8677
1394 8215 4096
2277 18689 1298
1860 3184 8606
9496 15019 5961
5755 16039 7564
13656 16485 1231
16824 19501 122
13053 16903 2549
4675 5390 7604
4548 5142 2933
5317 15994 3077
67 803 6023
10623 15008 7781
7750 8908 350
14089 15854 7207
243 16494 7607
5837 16824 7910
851 4280 1089
4526 8012 7718
1142 15916 2372
9034 17421 5857
2353 14559 9223
14349 19287 8662
12326 19497 4075
3965 7429 923
11957 17204 5004
4560 5779 6348
6845 12433 3560
11826 14821 5176
8073 13063 1237
5476 9755 5441
12454 14813 3426
2237 15892 8566
2183 11569 4892
1794 15076 1404
2847 4076 8384
9158 9823 9828
1266 6648 8341
11288 11907 5856
4050 12204 784
1418 19337 281
769 6316 8534
3272 16514 1969
11373 11841 9163
9507 11662 769
4545 7002 2823
2994 16986 6182
1682 5172 9760
9776 13877 3582
7397 11058 8872
398 403 610
17226 19301 5590
3841 10105 9320
2277 10512 7786
10194 18572 6278
182 6435 8829
5371 19000 9117
4079 6574 7626
1344 3189 2042
1359 4874 8225
106 16500 2048
5421 11368 5650
14673 15298 4233
14964 15688 7426
5626 10770 4507
3587 7287 8887
2608 11574 2207
3793 6164 8580
241 419 4655
8060 18416 2046
9205 16671 7485
1401 11153 8141
1578 17850 5418
14783 19015 4696
8648 11479 4647
1554 11075 9627
12619 14410 6080
17703 18401 6956
10628 13312 1044
17753 19014 2785
9167 17106 5931
2649 19082 5621
16140 16155 7660
812 1309 865
12846 15562 7557
1064 19181 5936
3498 17611 9920
102 1915 326
10995 16064 7002
5298 16511 7681
2932 16055 3766
14784 19685 2682
504 1731 1649
2812 8312 92
6813 6836 1238
99 6193 9698
613 4811 8108
10196 14610 832
12151 17848 6429
7490 11537 6397
3010 13427 5886
211 345 7724
2976 4090 2576
3490 8305 9163
3556 6260 4361
5233 11419 3321
375 744 5937
2450 10574 1712
10025 10839 2528
17308 18278 8857
5193 10752 4405
7230 9708 6704
3724 15914 898
12400 19805 5222
5865 14057 5676
17727 19440 5769
13632 18633 2215
540 6475 6421
315 17976 2663
1395 12447 4738
579 2565 6242
208 18487 3066
3509 6881 7783
1772 2070 6208
2007 5642 8955
17091 19598 5249
3815 10002 772
5543 13845 7783
5224 15298 1454
398 14123 3922
5812 18192 5076
560 6300 7912
17224 18512 9338
9399 12459 7623
545 2656 4261
1332 9347 4590
6438 12401 6243
2708 12035 7677
10639 19837 7908
2984 13081 6806
68 203 5510
918 4314 9477
659 14356 3213
87 612 8555
13552 15874 2049
11840 17133 4928
8152 15763 1702
8656 10006 8004
1744 10887 4926
68 2470 2683
7750 18558 2599
13109 14600 3117
5904 10774 3587
12893 16295 2416
4284 16504 9946
13589 17415 9722
8123 10016 6271
107 9061 5218
10520 13789 8340
6533 18609 5163
4907 7957 7000
2586 17783 6521
5973 11521 7111
1591 14358 530
9844 12761 3303
2450 2650 808
45 338 5619
10202 15920 2565
9398 17920 1208
5424 12550 2680
1218 5240 2059
1326 15542 7328
11014 17881 7873
5425 13984 3630
12898 16493 7373
909 15516 5938
297 7336 2976
1801 5766 2728
1539 1590 8725
1293 8251 7034
2035 8284 1960
5489 10269 7555
7053 10443 245
9807 16698 7738
8456 18051 5663
6640 19733 4632
12855 15478 2750
10571 14227 5616
829 5190 9667
2457 6509 6779
86 17357 4103
6393 7345 2015
7378 8254 4052
2046 2935 1130
5865 11552 3668
2361 5434 4835
12362 18584 8504
3473 13705 6993
13419 14958 8829
10920 12756 7356
1999 5754 8976
397 14731 9284
3206 9947 6950
12780 15313 6158
788 3400 2492
3002 3103 7451
14547 16237 405
5707 9949 6329
4472 4778 1693
3000 3248 8481
15522 19215 3914
163 326 284
7854 15790 3298
58 13735 142
6733 10064 5086
1288 5333 3721
5150 15099 821
4191 4646 4972
8245 8835 1295
8003 10411 1089
7197 19820 6944
1599 18081 8314
8300 18304 4254
6493 15912 226
1390 9996 3886
3212 19842 8498
320 1754 2310
14009 19739 3311
6632 8009 4957
6723 8894 4360
9064 9605 3806
1025 8014 5336
1582 13472 3389
10749 11287 5493
2806 3321 4657
2266 3585 6179
2860 3410 5123
3888 12021 3362
505 5018 6336
3105 6053 634
6756 16907 2117
5438 5664 3062
3417 16012 2768
15895 19158 7176
928 11608 7619
6392 6423 7809
12956 13488 1629
8079 16991 7704
3264 12642 3931
5668 9707 7677
15704 17976 6997
12500 13965 4245
67 184 3
4022 15794 5164
4692 19064 3332
7794 11345 1151
4828 18449 8136
13672 14128 1422
3601 17320 8806
12714 15503 4168
8738 9541 9423
649 19665 2556
11152 18594 5558
6683 8038 7279
3820 8002 8717
11107 15808 7327
2536 17557 346
260 6015 3932
2155 3056 3704
413 1943 7406
4897 5344 4752
9307 9585 9740
1997 6708 2097
9684 19388 9633
17872 18194 1337
2918 16885 5117
2794 3827 4602
1452 1854 3442
5794 6119 9027
360 15902 1185
851 2107 7644
2663 14469 3044
4109 11802 5867
9890 14565 7016
5395 7330 1962
2727 2948 1340
2290 10689 6870
11469 13329 3069
5060 6848 4774
9868 13500 287
194 208 9672
3683 5569 1673
11657 14134 6354
9164 11276 5118
12953 13187 6338
4886 8300 4272
9426 11961 3992
4701 15392 734
2550 10656 8107
8916 19783 5228
575 9080 7929
10 90 2064
1451 1701 898
8504 15266 9193
953 7670 1275
6063 16830 7032
707 11287 9113
6185 16970 8757
7031 15247 2947
15476 19216 7009
3063 11074 6546
3150 10618 3995
6509 17718 810
4495 4544 2012
758 3704 2690
12155 13515 9024
1679 3363 9493
1142 8549 2432
337 2823 928
10844 18006 9014
8104 12788 4106
6912 10599 821
3298 17022 2851
1375 14945 441
2554 13168 8309
6011 19121 2172
876 13732 8
6843 7914 2435
742 14227 6069
12777 18548 4982
817 15613 8880
1240 17975 9194
5814 12325 6585
5277 8176 9543
17191 19029 4717
7354 17778 3004
10124 10828 2493
12639 17093 5604
14538 15801 2581
1175 1958 3497
6517 15808 3295
5489 13989 897
1937 11932 90
7601 19408 5850
4858 18567 1323
320 17065 9014
2443 8881 5868
7231 8328 902
2634 14550 5804
7509 10230 6259
8309 11014 5032
9641 10429 6603
6284 7052 1666
12770 15233 5602
3864 6159 1285
185 771 7077
4068 5981 2811
7885 11112 7110
8551 15870 5860
3881 6244 1256
5436 7243 7026
569 18550 8325
7513 9332 4469
1023 8877 4900
2886 7315 7295
4217 11930 6805
96 240 9545
12785 14997 6314
6306 10391 7257
6914 9970 3960
560 3782 9189
6977 15318 2864
424 16858 424
13331 19493 2051
5316 7643 7585
3200 8672 5755
239 5623 1409
1113 12581 1634
7986 12150 948
3725 10677 2025
1104 3294 7548
188 10102 3763
7549 12417 7942
9027 15779 7792
1968 14512 169
1080 1577 3634
5197 8454 7214
14408 19547 8937
9406 15047 2838
4300 11674 6712
4010 14086 7479
5298 7756 3527
15745 15815 4277
7085 19403 1640
11588 15876 9854
7416 9842 1675
5338 15616 8453
8027 10115 4924
4130 16111 8280
10509 17143 1380
13934 15061 9477
9714 15064 1753
13274 19471 9391
2120 4677 6548
5509 6412 2914
1698 3709 5104
12297 15469 6846
1873 19932 7313
3366 5005 4224
3798 7351 6779
7059 14168 5361
12327 19058 1455
10199 13805 4326
7294 10419 4493
3134 13185 3195
3196 7669 5050
2921 10152 1541
2560 7622 41
13336 18744 6898
1204 4363 2691
9533 10876 3997
4521 8525 1394
4027 10452 8143
16425 16533 5681
14354 17344 2167
1343 6153 1838
9074 19163 6784
7476 13424 9473
5960 6828 3082
13690 15767 1843
14522 15053 9632
2000 2486 2452
2066 5101 7237
866 16230 7729
5113 19603 5594
16473 19094 5669
506 1274 8023
3121 14581 8143
4854 15273 4753
6588 19703 8255
645 4551 7127
12620 15323 5596
13886 19686 8353
3149 11290 8814
1613 6312 8521
686 6279 2071
6381 17724 1490
725 3974 830
13286 14243 1220
4542 14162 2558
1365 6488 8878
4611 8647 6064
12290 13384 4093
15079 17230 4334
5869 13734 2514
15327 18985 5044
1032 9635 1504
4299 14912 7896
4673 11658 9876
18492 19854 3863
9581 11851 42
8553 17423 4051
10494 12125 394
10115 15247 6659
10779 15618 9712
1203 5814 4390
6202 11466 4908
18228 19526 336
11973 13469 8080
2723 3323 8319
4168 18070 5863
4283 14163 8964
8731 13862 2893
9670 14959 8917
10203 16517 6462
756 3093 7443
14066 17855 5064
1463 15047 9025
2600 10059 4009
822 19516 2781
10384 16248 4580
12103 17408 3957
8935 12428 9514
1730 4281 465
6017 9252 7320
1019 7706 3361
403 1382 1142
7551 12541 1890
4119 19046 2906
10931 19859 8459
2934 12307 3936
5153 19495 8496
11962 14237 1973
1717 7265 2123
11316 19074 5172
3927 11602 4368
12349 17410 4551
6665 12482 884
902 6874 9844
13818 14663 1770
1486 14670 916
6185 18198 4397
302 5557 1899
575 1287 9635
17477 19342 1220
7757 10650 7221
34 8200 5796
2367 2771 5119
13238 19917 2412
862 12978 2649
1898 6647 7085
3951 8601 2213
5960 19230 9239
2150 6214 8257
1889 19715 3704
6097 15255 4890
10043 11753 7561
7392 9012 852
211 15921 3541
4370 10888 2501
2359 19751 4121
2278 8368 7039
3288 19146 1939
882 8449 8208
4218 16422 2317
2314 3434 9551
4437 4789 7526
231 3701 964
264 1808 7521
3756 5087 1344
3928 4054 5026
46 14773 8623
1802 9006 1687
1096 2063 5812
9667 10068 3607
6321 9348 2442
395 7717 7176
18034 18636 2036
14640 19506 4024
6905 10383 6244
6133 10253 3030
13666 16109 1258
1704 6259 6951
1383 2507 8780
6624 7422 5516
3120 4369 8337
14581 18141 8388
10041 12324 5153
13925 14029 5752
15861 18598 615
9951 18112 2971
5722 8147 6194
19473 19652 6255
10108 16394 5361
12574 15802 1292
15065 18672 9846
7598 12308 3021
5491 17116 210
10859 18170 7062
6585 15066 1347
2400 2962 9455
1135 5572 5648
6756 16808 2815
4083 7228 9719
5769 6734 4507
2349 2540 9837
11229 17680 8960
2306 5269 2830
8544 17815 3922
9259 14156 718
1795 11740 6520
3303 11483 5782
9559 19296 5879
266 342 7142
9221 19117 9187
6121 8598 3645
6336 7042 7845
3153 14110 5586
4047 13877 8076
32 638 4072
9453 11804 5737
2197 14121 1845
8895 17672 1587
9092 16836 3002
8914 12510 4142
17287 19290 2359
6275 7556 4953
17171 18187 1359
3360 5761 1455
5543 18406 4191
498 4379 8863
11101 16516 5244
3277 4087 8153
412 818 2035
9647 15369 9068
12249 18588 8877
8523 16939 3657
16282 18251 2418
1232 11980 5470
2101 17681 9918
7657 15769 6232
2316 12907 1331
3558 11640 2875
13735 14111 2414
7885 9799 3180
1004 4673 264
1357 18059 2633
13251 19878 6901
3410 3749 8662
4540 6427 6244
5380 7036 8832
4760 19406 3705
3716 14516 166
836 3021 2391
5077 9641 7807
14693 18930 4674
5452 6447 5270
3790 16304 6484
10 14 4656
3687 8224 1273
3056 6530 6929
2204 9565 566
807 7868 390
11286 17368 3385
6971 8793 1253
5469 8276 3829
2253 7044 5827
8720 12092 7905
11478 12937 5298
8298 16926 4855
4408 11329 4554
9718 17966 6638
301 1731 7474
1534 2536 688
908 12176 1927
6608 14253 474
520 13806 7533
2242 3107 323
15212 15390 319
3815 14693 3217
8602 13490 9654
48 52 3287
769 6403 401
6961 15263 904
6349 7848 725
3085 17793 3880
9614 18960 2490
11297 15230 3901
1609 11309 5632
1093 17969 5764
5026 7706 3343
7180 11078 3828
9618 19918 5142
2792 19768 7798
5738 14689 190
3234 6397 8117
4546 12291 3973
9939 9987 9024
5918 6055 1871
913 1272 7055
14813 19011 941
5172 14748 3333
12377 19403 94
10666 18734 5380
22 36 450
3136 6600 8182
4675 7896 3843
7682 19447 3109
3067 6907 8633
5512 10500 1969
8666 12842 2083
6859 19810 5924
11598 18108 9984
5223 9549 3457
13039 16987 1933
13165 15981 746
13718 13934 8840
13006 17868 2173
392 2781 3221
718 3428 5607
207 12849 9710
13616 19517 9909
9157 19599 4459
1198 1252 4752
14530 18605 7911
4601 14745 5314
12097 16292 4993
13748 18732 4382
11104 19609 1537
4832 5104 7854
19640 19842 7267
1446 1708 326
2696 4515 6299
8172 16215 6798
1948 4524 7510
2012 15194 541
2302 8592 3690
13502 13757 2904
10203 19836 9985
7631 10998 2953
687 1380 4882
6334 10317 9289
5005 8862 5627
15174 19371 4664
1950 5184 9994
4717 6289 8905
8074 10053 2984
7279 12319 3828
8486 19790 9832
13064 18664 2596
2195 13275 8001
2414 11498 3993
11675 13692 1052
2568 14272 8696
1697 14100 4898
1308 19042 1959
2422 2498 9226
3597 18537 4351
2047 9881 3011
8786 13857 5799
12077 12405 3011
6826 12034 3132
2014 18673 9481
243 18353 9001
5243 9852 5810
8468 17039 8346
6412 10778 5905
7875 9877 5255
9654 15929 9462
16380 18834 9332
17383 19527 8402
2634 16388 1693
4738 14776 3388
1000 16236 9233
7388 10620 2636
695 6265 9565
7186 19630 8275
760 3322 7393
8167 13749 6891
1950 9830 3380
13610 15527 3644
8485 17860 8295
10986 19452 1936
80 7693 2332
8507 8574 7649
754 19435 4830
4402 9869 1718
317 896 1338
1559 10273 1271
2446 5718 6882
4140 8806 656
6188 17782 870
6883 8543 1626
8790 13981 7989
1140 12352 2060
3544 10319 4350
6613 8130 8328
6471 12667 5281
8225 13297 3722
11867 13846 9468
2511 10583 9875
4227 9981 2191
5749 5867 7187
6103 7578 8029
10684 11276 4435
9725 17271 4833
976 1628 3698
12096 19424 5425
12290 14784 5464
10422 18428 8201
341 4752 6996
1714 18660 2570
6900 19435 405
2711 4709 1178
3075 15161 6393
4518 9250 8869
3245 8641 6375
1443 2460 6156
11181 15693 8806
7281 16920 9950
3467 6154 807
14121 14557 7487
1176 4259 9929
795 3041 8070
5812 11271 1576
8625 17936 1999
5079 7311 7053
903 12156 8136
288 3144 5698
2765 4451 1568
1902 8862 1526
10101 19550 6323
2100 2378 5487
2970 19261 579
9551 18122 2030
3137 13751 228
5590 18204 6708
6032 17137 6281
4551 4758 7321
2469 17899 3464
1656 2772 8875
9673 12363 3148
18367 19475 3978
3700 19619 7487
1433 8141 4143
51 17821 3100
1559 5955 8945
4394 9987 4899
7013 7553 7260
7029 19825 5262
892 18965 63
5801 18351 8133
1315 17000 274
10584 18893 1510
6539 7396 801
2913 13846 4492
7739 9144 3354
2891 9340 4302
2489 3103 4116
2467 13704 6082
1856 8478 3885
4056 9972 6676
2198 5316 3021
2167 11596 8171
4769 6238 8166
696 11188 4207
1236 2406 769
5660 6971 4219
1326 1955 2740
10357 15643 2483
14117 19020 2063
14670 18490 348
5164 8980 1788
13734 16629 2477
1075 1983 2228
5041 8469 1213
9591 17149 5682
10274 16701 2847
9848 18983 9219
7301 15877 9423
8113 13470 565
2789 15928 1981
12303 19426 1509
10057 19812 3563
602 3492 4508
4916 6691 2370
2102 12024 8122
4551 18201 6580
3053 5947 653
814 8213 7308
2106 7931 8448
14780 15801 3693
11320 17812 4917
12274 14503 9909
12093 18996 3238
47 211 2637
1198 5445 5164
7148 13319 7091
1574 2429 2535
8021 15056 7942
1207 13290 4399
14532 16497 8342
5439 18868 5070
12243 18717 7786
11297 11942 6010
13013 17583 3221
10744 11676 1238
15423 17299 7882
7861 15801 1721
3721 5124 6843
1719 4548 4849
5522 9998 3208
12266 14888 8403
14533 15082 7227
3604 19293 5745
1816 2298 8921
147 13107 7182
67 655 2044
1189 9597 3970
7565 16913 3328
5575 9288 5521
6378 16669 7108
13578 17199 617
17806 18060 2001
212 1689 5938
5468 18324 8292
2804 6790 6070
2021 3199 5848
5630 17097 216
2859 6944 9325
5661 10905 1949
1178 13619 6505
4914 5129 6736
2338 6312 3509
552 1306 3597
13264 19142 6910
2543 11477 8375
5715 18970 1466
6650 12281 1753
3285 15417 7128
9258 11937 9987
3480 3735 103
3272 7522 5695
16821 18236 4106
6312 6480 8065
18235 18670 9216
9964 16083 6707
4398 17094 492
451 7549 3945
4583 13700 6595
14545 15721 8749
3902 5193 1148
2905 5929 6474
2279 2834 2920
16105 16829 9880
10599 19295 7917
8936 11122 1997
2084 12369 5832
370 549 7179
11926 15570 5976
3462 13720 2317
5467 18999 690
2469 6248 7175
13988 14911 1020
5215 6736 1904
3610 19127 56
2909 16351 516
13865 16240 4466
16854 17442 3032
203 2009 1101
5317 10629 4721
4369 13994 5929
1201 1354 4381
2583 15248 9726
1434 1639 2508
1124 13273 8201
3335 4847 1777
5971 7254 2458
302 13754 3030
1601 6850 9468
5733 15270 6747
12478 17789 6808
2047 3715 4144
447 17170 2465
14890 16691 2650
18303 19770 759
7972 12035 7392
98 1555 897
68 168 8503
8538 8603 161
7439 19765 1225
9062 16765 9268
8462 18981 3640
13152 18951 3222
5464 14976 136
3818 15713 100
579 18667 8841
5587 16519 8826
10543 13334 5299
18661 19108 855
10883 17280 4729
15009 17737 3219
2036 7421 9685
1866 6404 4315
10974 16033 2704
6862 16142 4652
3961 9318 2764
5581 17013 3885
775 7048 3689
8946 9335 2813
2092 14474 469
8825 11538 4422
5349 16651 747
15546 17139 9503
2321 7662 2986
3622 6381 9132
1548 17869 482
2664 10999 1204
1928 5654 4513
16409 18594 3748
342 13126 851
19463 19928 3475
10521 13979 6700
827 12534 471
132 19412 1645
2636 4586 6373
11025 18130 2868
3628 6353 9594
11858 13664 3942
2034 3369 1026
3565 17047 3716
4470 19529 7432
1681 5148 9904
5548 18945 2889
2740 19004 9444
13536 14169 9028
730 3556 1442
3446 9913 8651
182 9385 199
5359 5595 3704
16859 16874 9336
2328 14974 8452
8604 10560 439
2977 12983 5290
9131 9228 9929
428 18257 4271
2439 5529 5123
3718 5980 5460
1124 2200 5712
143 160 5014
9231 11688 9614
2128 12856 6309
3752 16639 62
803 936 3629
5687 18907 2208
2095 6750 5860
5353 10460 2906
6244 8443 1853
12542 17009 8304
1257 3154 3276
427 10641 5319
1390 1612 9899
3876 5744 1377
153 1838 6025
3997 14425 6070
4962 6608 2076
8451 18129 1393
1404 2641 8000
1261 2083 6910
2706 13079 6671
8162 8319 3464
5602 6616 1427
2871 15502 5872
1381 3038 6509
415 5584 2260
8050 12389 8519
1294 5733 6612
1909 4326 943
3545 10679 4212
1785 14600 6322
7014 12986 5876
4868 16074 6045
10337 16541 8248
9795 12730 6877
1185 9238 1972
13187 13982 5234
12161 12604 7151
4493 9472 9346
5470 17572 9085
5304 7857 3713
4962 9283 2236
433 4603 9019
7706 15664 8799
2455 5303 9549
4632 14632 6558
7916 10609 4787
1740 2437 7540
2191 2365 4025
5865 17737 2706
5919 19953 336
8757 12389 7277
8812 17438 9946
7736 11223 6545
15085 16587 698
4037 9425 7229
9276 12851 438
1489 3067 6104
7931 14206 8022
5175 15038 6254
4337 6630 7186
9106 12095 5846
216 17412 4835
4209 11321 9070
2793 3898 7148
924 12977 9629
3886 17539 6296
2940 16582 9526
15366 16792 1412
10107 14086 7302
1140 2180 7283
12432 18596 8770
1475 8994 266
2274 9746 3343
2142 3137 4581
4064 5835 9548
271 2988 9036
5892 6131 4223
4816 8144 4697
1927 18447 4510
3311 4490 2974
3296 5448 8441
14015 15804 5409
1752 3579 959
3422 16122 4883
6234 19764 4718
3798 6693 9432
830 2691 230
8260 18683 5027
8210 14570 108
703 2611 1220
4021 18678 7827
7664 8317 9296
7243 9185 8564
6971 7365 9840
7206 14536 4469
4441 4883 2331
11589 17965 2694
16630 19757 6285
9656 19148 4990
5041 11305 3893
12715 19228 7349
2490 12816 5653
5870 7800 4199
14145 17266 901
4652 12860 4769
1158 19679 2086
4805 12196 7596
8754 16568 5214
2764 3046 9451
8300 12642 6869
2108 5938 8892
10102 14560 2724
274 341 1867
767 2439 4314
5123 12343 5720
9184 11584 805
4637 13052 2648
60 2782 2152
3910 10515 5553
4231 19580 7919
214 1246 5636
1555 4985 7699
10829 13650 8352
2745 16423 3108
1831 15180 8114
121 490 8464
3761 16860 3151
8184 10779 1324
13115 19789 2217
6036 16338 4594
7031 17555 8592
17872 19299 6252
8913 13037 5059
12628 13638 5620
13084 19890 3264
916 9132 9905
7136 18088 3442
11949 12117 1867
1046 5464 5998
4312 10055 9699
11489 15522 7058
3655 4417 2422
4822 8486 2733
609 5381 3983
8668 18265 6820
1146 5531 6682
2142 4863 5056
13492 15144 9151
5412 13401 9894
8059 17585 4174
1108 16428 9357
15891 18288 6927
6369 12488 2638
4486 14091 230
19 2429 8849
2833 3306 3635
5819 8430 4494
5447 5628 7771
8565 11672 8855
2556 2868 9215
236 2034 6726
4869 5801 6728
11586 14959 4359
11636 18810 3760
13859 14900 646
6091 16539 270
362 14313 5577
12315 12796 5063
2521 12081 8044
15557 17387 2075
3515 7759 3546
12530 13712 3188
6193 11476 4894
2534 5454 8328
6881 8952 964
10260 12217 3727
835 3366 7289
11816 17658 4881
9814 19750 4355
3547 6690 8423
1979 4730 6683
2164 3952 9047
7073 7099 6903
12936 17321 8230
4206 6719 2560
1283 5373 3288
3442 14748 2169
3479 3879 4333
9135 10233 2804
1112 7310 6543
351 3085 1603
18739 19547 52
8980 19298 265
5889 11114 9467
4382 7991 5176
3074 8778 2871
3828 4566 5528
9480 11299 4085
2001 5601 4901
13614 17733 5909
1734 2060 6169
2488 6156 4390
4493 10026 1044
7103 12244 5596
288 5857 1078
1339 17249 7321
725 12200 4894
9098 11322 7797
3850 4627 2955
610 11834 9934
1507 14638 3175
3592 13443 7150
9920 10222 4978
2814 16771 4801
11695 19921 9728
8183 14348 6718
3189 13449 8217
1742 10125 2054
1223 1792 6792
1144 14998 8036
3046 5686 5126
85 593 7422
727 4874 8485
5281 8324 6836
627 19151 3413
1923 11280 2942
163 9994 1651
10865 14994 2887
5709 12052 3032
10091 13952 7799
5225 6162 3696
11568 17057 3928
6480 7870 4189
16264 16690 627
3700 10492 4447
3464 17822 3421
5411 10608 3939
8766 10934 7952
3671 8849 7421
8465 11320 3071
108 17841 5197
458 2853 4676
1512 4376 4260
4273 15281 2784
204 245 2893
2306 13859 6327
16523 17792 2156
12972 18898 9354
2560 6940 1114
8032 10430 7404
15091 17604 8236
15208 15431 4352
16286 18867 7806
9642 11427 9045
2477 16520 5566
16529 19889 4672
1586 6283 6871
6579 17774 7518
1027 4420 4249
2116 19305 5371
5603 7428 2877
5975 6397 7435
11932 13531 4785
3825 4537 5865
6022 10563 2263
10286 10892 6180
9501 10739 8370
4557 10521 7792
2723 3233 168
6051 14213 5716
997 9620 6666
7945 13178 8818
1099 4132 7646
9586 11809 6505
13319 13924 8030
16650 19086 5840
11910 18733 9445
4065 18555 2956
3853 9826 4016
12 15426 8177
12798 17746 7613
215 12741 8885
12438 15182 9190
14527 18872 2418
25 13800 5698
14151 19298 3010
3421 19651 6053
10758 14595 7425
5954 14326 2019
5761 13219 8497
16231 19321 4206
397 14837 9322
10632 10897 6171
4616 6807 8803
9705 10923 6345
1569 18266 7061
386 17071 5619
642 12781 9126
6372 19477 7889
652 5528 3022
9363 13041 267
2565 7365 6550
12135 14296 5081
1319 15793 1358
88 126 2865
3850 7113 5858
14473 18398 5644
2301 2349 8254
2875 8265 7883
11255 17796 9763
9682 10975 6550
11699 16529 282
2125 2514 7066
8116 14684 7704
3109 7360 9944
11435 13645 9606
7206 8052 4016
6988 19788 880
9517 16020 1575
2960 11401 7033
934 1119 5881
12338 17654 3563
658 5284 2835
3729 17658 3556
9380 17618 5948
4499 5545 9087
1427 6092 6267
7850 11216 2842
262 410 1993
6175 17851 4111
13127 16287 2242
827 8176 9338
4397 10342 4386
4322 10846 3497
28 16672 2141
1829 13210 9637
4692 18965 5151
154 8085 7477
6200 8521 5391
985 1824 7910
4974 5156 7913
10957 11468 8942
3123 6932 7257
1236 16194 8537
122 665 5727
1401 4937 6070
6296 8794 7643
20 1232 4868
8327 13212 9674
3019 4225 2830
5591 13409 417
3809 19493 4644
5930 11709 5256
12834 16122 8137
589 11008 8242
2124 18100 2187
6615 19427 5348
48 15330 5728
9258 15979 815
1815 15643 9540
10138 14268 6338
3795 5306 2137
2387 13712 527
1772 10449 2854
1104 14172 6727
16394 18465 2282
9890 19867 1710
6973 14666 1247
2402 5794 5396
4644 8532 3390
5266 6077 9516
5174 15417 9317
3602 9368 4920
3492 15957 273
143 11442 7859
1327 2340 9231
4203 6303 2946
10622 12967 5024
3355 19236 2067
17004 19198 7919
1079 1634 4156
1371 19468 6987
11503 15638 2106
2312 12996 8364
1209 16190 5764
6380 13396 2270
3358 12628 179
5029 16859 8828
1263 7476 5724
4892 18388 4082
15216 18469 8276
4754 5858 7658
14876 18442 2604
10407 10777 2290
11285 11982 8781
7333 16778 2485
780 13417 5828
11449 14433 4410
203 1670 3645
5082 11075 1007
1750 10040 1354
12966 18306 7363
14654 18364 5384
5668 7271 3790
15457 19192 4199
8469 17656 4652
1861 2089 9467
8678 10670 6390
399 11526 11
1937 15771 1818
113 7798 5573
3633 4298 5743
1617 2377 8857
12119 13000 432
1513 3787 6257
1305 16821 814
9818 11944 6620
1541 10577 9963
848 8598 5147
14182 18974 2189
11139 14364 4277
272 18618 3023
2870 16000 1516
10138 15568 3205
6657 12676 2911
9637 19916 4560
2162 10567 1572
10947 16858 6918
1674 3868 7060
2574 4008 6169
4237 4784 7846
10179 10502 2062
1958 8761 2492
4856 9401 9632
2972 18206 916
11250 19470 3077
1137 12655 8896
7926 15836 5279
694 949 2866
5505 8922 7375
8479 10382 6317
7946 8533 9902
1473 1640 485
2839 18288 7233
2752 17311 6863
7560 12011 562
8189 11656 5776
5642 7654 6608
2713 17183 4448
7413 11391 1697
526 10067 1755
2636 2969 7921
1326 18040 9850
15104 16855 150
5525 13012 9543
14209 17961 8212
3493 6239 155
15376 19775 5959
14867 16916 3560
7720 8020 2746
16454 17187 4684
130 1297 4166
2592 6627 8299
1301 2155 3836
15125 18413 6513
4572 6507 3051
3621 6893 3932
12831 18501 6012
2835 3168 8156
5416 6891 9978
5112 12831 8437
5714 7026 652
13264 13265 9951
13879 17757 5609
6814 8002 1145
15137 18832 8229
5899 14799 8290
3670 8028 106
9335 17962 3466
2858 12963 8243
77 204 3270
1634 12453 5325
3648 13817 577
13673 15807 6206
834 10191 4579
721 14189 1424
8017 12005 2370
3786 19575 7502
10599 17603 2780
4297 7530 3664
1482 10638 2584
944 8711 9113
572 9412 1525
2259 15482 1429
8503 10189 5995
5896 10879 8594
7155 13940 5786
9654 9804 5634
6521 11025 4647
3674 15695 1390
12473 17734 5326
6109 12587 1396
7955 10431 379
3990 10223 2485
1732 2790 9628
4867 17718 4903
12434 14861 2158
2266 16779 8076
11010 12084 7684
7114 17901 46
9751 16441 4659
3265 8712 3119
9339 12988 3317
1114 18348 1065
10245 11086 4445
4841 19295 3159
13698 13761 2031
12521 13710 3501
1261 7956 3990
4894 12882 1130
1945 16853 4634
7212 13794 7387
6483 19161 2963
316 3680 2826
7838 8052 7411
267 861 5286
17547 19562 6701
3291 9197 7662
10850 15322 1671
16509 17270 9534
11291 14526 9317
5599 12071 8786
7594 16369 8915
3876 16419 9424
264 10491 6909
113 384 2302
4876 14401 9207
4192 9150 6772
2476 9897 275
4976 16543 8683
1191 1337 3719
329 1935 4036
17868 18994 1255
428 14722 2452
2152 2230 9176
3525 13341 1094
1993 6758 2138
5140 17755 7959
6530 13597 2663
6167 9809 4342
11469 19616 5437
3477 19033 5401
7 7385 2696
4163 8928 3821
990 14409 7026
269 9044 816
6279 9472 1230
3771 13237 3492
11572 14519 6135
9842 10207 4501
13313 15500 802
984 18760 7721
9528 10593 339
595 10809 2862
1319 13370 8146
5344 19798 5113
2406 11830 2088
5771 14955 9800
2608 8648 4396
1248 4074 2306
7989 13051 1121
1998 2831 632
8933 9320 7698
1376 17126 2630
506 13061 5368
1264 19550 8720
3022 16085 6539
7528 19987 7483
7816 9301 4267
13865 14505 3828
8753 17693 811
1826 6724 5538
6142 12674 3391
12590 15912 1672
1244 16298 9368
3833 4487 6849
980 2455 2471
4593 9038 3486
2577 19797 9738
8296 18924 9401
1280 16238 3076
7926 16694 4086
7992 11953 15
9891 14288 4268
1386 17724 6192
11738 19491 3248
2096 12827 6480
4329 8778 576
6898 12318 3770
15555 19864 5712
79 11200 6346
15398 17072 6673
16624 16845 5605
179 5882 7470
10105 13884 9742
1251 1387 5313
7253 19318 1096
2054 9690 2202
4693 9718 2896
3890 18621 7114
8566 19715 5711
11310 14698 5956
16170 17027 4646
3622 19831 4040
3851 19504 8550
2312 9650 2349
2315 18984 3762
9392 18208 9410
1561 8893 3495
10463 10991 5621
6 18583 2645
2955 15923 2560
2802 13988 1609
5545 19601 4529
1391 3686 9853
10504 19172 4840
1845 5959 7824
3283 18894 5026
1655 5003 9595
3027 15557 6823
9843 16953 8762
4218 5998 7333
8274 15985 8304
3544 5391 8717
3526 12790 1882
6594 18179 6167
6120 13113 524
2279 8059 7448
1214 19860 801
226 832 1569
13371 17623 2151
822 2939 6468
43 14409 7920
5805 11588 553
9459 18364 5471
1037 3779 8154
15272 15507 9570
1721 2104 2666
4684 18015 633
14281 15842 5012
13930 18662 1541
722 1223 1914
12114 16269 9751
2338 4739 4685
1547 15411 5060
7649 19979 5620
10056 19876 2693
1806 12162 9588
8060 18684 8714
11174 14921 9790
4379 13938 1182
1020 18332 7217
1471 10720 2275
11126 17980 2761
14986 18940 6638
2236 19202 4294
11550 12338 9420
6392 15123 9619
3573 13852 1696
6833 15076 8729
7812 19114 4393
209 1769 741
8633 13472 9870
3041 7466 3164
2731 19220 7208
126 4610 6098
8733 15648 1728
213 12704 2280
759 863 2392
16965 17460 1174
16187 16208 2220
5420 10982 3666
7296 19723 9540
7938 8084 208
4509 8787 6353
2620 15671 9293
1333 11179 1736
199 8514 5261
465 2622 7343
3518 15881 9109
10872 14202 4174
6362 8595 5364
18095 18629 7607
159 12521 6575
8161 17573 8807
6622 13949 9529
6595 11563 3001
853 8944 11
5444 8699 8053
11695 19305 6072
172 6861 8335
3216 3632 664
7322 10262 2355
1743 9873 972
463 3074 2243
11146 11398 6180
1394 3649 965
5089 16813 9040
6923 12949 5947
517 9018 2100
7205 15439 5799
1424 19567 1824
4367 17447 2644
4241 11124 9615
1849 16110 6223
3575 10678 502
8004 8590 7899
7540 16265 6235
17046 18478 4904
4674 9415 5863
5421 15621 8295
13779 14545 5417
14114 14259 3324
216 3919 567
9808 15208 8394
639 17453 851
12418 18385 5342
6096 9987 7816
9711 10246 3495
8346 12098 1687
10296 12450 9913
1773 9360 2815
7069 13825 3867
2295 17815 7742
6146 16832 6874
1717 17706 5678
3833 7490 6443
1828 18812 7845
479 8458 9378
1076 3051 671
382 5844 6519
10022 18011 8053
14048 18835 6844
7973 18326 6335
1941 6630 4655
2271 4043 7429
18468 19382 8312
9841 15702 8168
1531 6949 1414
7169 11774 6016
1149 2195 2020
4776 10596 534
1856 2717 479
7940 16774 5026
2286 19753 6903
6093 7264 5754
123 15964 5567
3719 14925 9507
9530 19027 8784
7484 9975 4044
10619 14269 8239
7986 13537 7492
2849 11041 6160
1470 6960 1686
10727 16708 2413
749 900 8142
6643 6934 50
2671 15269 7378
18744 19693 7859
4596 18714 6707
17429 18136 3410
47 121 108
515 15455 9295
2709 16148 9383
13354 16743 1659
4582 13111 1691
2232 2709 1748
10603 19152 9440
699 8640 4809
13331 19652 7886
2177 17255 2606
2225 5324 1893
8499 12529 6254
3504 4485 9312
603 9723 2696
11797 13053 3641
9715 10687 6812
3207 16210 6546
6 17459 9177
2370 2550 9370
12738 15450 564
5543 9835 5817
8427 18602 4734
7556 7760 7333
5565 15949 2541
3827 9439 8159
3092 9260 7420
2749 5319 4135
6390 10908 9392
12280 17095 6018
3553 8018 2394
4357 7505 8618
10382 13707 1265
1473 15079 1444
4648 7839 1050
1336 9931 5238
3411 15850 6373
4121 9572 7644
5334 10786 4568
8870 19795 323
10206 17370 54
3053 14172 5936
6916 12809 4583
1313 17120 511
1 141 8806
12409 12931 8914
2999 18996 6925
11066 13769 4560
10492 16588 3004
2798 13857 783
6544 19854 2932
3377 6984 4857
1036 9137 1287
5099 8472 9863
31 16636 1034
15957 18615 9148
8032 8146 8450
10580 13454 1434
619 708 3425
133 234 7193
7134 11491 8213
4020 13512 4390
2511 19040 582
10352 14603 5171
5117 9155 8888
4736 14995 2895
15500 16906 4160
3303 12015 735
1270 10338 8568
3435 4149 5122
15595 17785 8139
3826 4804 2744
6196 18807 9000
3850 17129 6806
298 16151 6926
14714 17084 3581
16242 17001 4199
12295 18539 292
4339 19734 6972
4453 19603 8844
326 12959 475
7745 10926 9670
5414 13205 7859
19553 19797 8874
8223 10571 3063
8288 12106 3121
8307 10663 6954
9819 13772 9876
10398 17625 5473
3749 18557 6234
2829 12684 7382
18479 19662 914
1326 2218 4035
4391 10035 2354
8062 10470 6441
2571 4190 7572
10503 12137 6418
503 1436 6737
5973 17013 6024
5812 8394 217
4189 4836 5693
3962 6059 7838
5227 11786 8394
2620 5389 1437
9247 16232 205
16157 16398 5366
3755 4521 8914
9701 12832 8939
1619 10289 4942
1724 17137 1812
1238 6806 8690
329 1263 4296
1056 8425 955
8533 10218 435
4360 6853 9499
75 2042 2003
236 440 5373
13040 19653 4737
6489 19874 9227
4577 5192 3403
8775 15106 5204
1377 5113 6985
24 887 9848
3080 9286 4547
8423 11867 2042
1953 14346 3507
18170 19670 9974
6534 10976 7938
4225 7536 8579
8297 16170 5654
1773 5004 5148
1090 3412 8518
12394 15734 18
1290 4903 7517
6847 12758 7042
1976 19303 4703
7833 15502 8646
2199 15268 686
15945 17180 5609
1070 4186 8702
7884 9963 5971
11413 13417 2191
10141 18302 9744
3158 9263 7784
985 2864 6448
2309 15813 8407
199 377 3561
2933 5551 31
8305 15934 2814
2478 18648 4513
2353 5185 4669
14976 18947 9035
2355 12694 1038
748 8161 3240
9898 14690 6357
3656 7239 846
4935 12961 9965
3446 3465 3249
10834 12491 937
2491 12886 7302
6001 12375 6019
8830 19254 7239
10452 18489 9793
10730 16758 5865
3264 4884 5337
10195 11716 443
3927 11229 2410
10547 18331 1155
3586 16690 5090
2346 10273 5861
6306 13331 8898
81 131 8946
8288 9407 5261
7532 19809 1018
6352 11434 1997
275 882 1104
10152 11467 1732
2599 9876 1555
3887 6290 5233
1371 2661 1631
2896 14308 1700
6621 15129 10
6415 15247 6720
3226 8109 4350
5149 7050 2928
430 7615 3984
7081 14813 3230
6881 11445 4442
725 1199 3160
4182 7077 3469
13186 16371 459
432 5924 3389
3639 9291 5856
467 9659 6194
12436 15268 4489
1509 14649 410
2140 3132 532
2887 9073 2971
7582 18061 55
12791 18181 215
2530 14824 8150
13299 14237 7745
2518 15025 4062
1123 7186 2506
35 269 5831
3253 4232 520
6658 17266 2861
9052 10114 5094
10066 10634 1268
4282 10073 7431
5017 7406 3873
15955 18895 2467
7082 12814 9100
7569 10251 8762
5979 6833 2924
144 926 3479
15706 16468 2669
154 2492 9344
10153 14138 1033
2240 5350 2078
7667 8206 929
4460 7400 9828
6716 18955 3533
10526 16030 9189
3464 4116 6642
874 1155 9655
2666 19579 1655
3102 5710 7831
2032 2577 5630
1118 15627 4953
2247 12404 433
9573 10827 6434
6824 6952 9211
825 8361 6202
10346 14414 1606
3803 12572 3505
2510 14133 3048
7953 10184 450
16728 19434 7186
478 1255 6642
12487 12524 3146
2390 2694 9590
5809 11734 8945
6449 19602 1811
8806 13781 4986
3903 4757 8470
11135 16724 5108
7227 16308 574
4951 5024 6782
2015 14657 1878
1810 15377 5619
1208 9104 3624
5093 12977 8111
6611 15175 1204
3074 5113 6854
9244 19873 9773
13911 16016 1094
787 12521 1006
1514 11466 1355
7187 11139 7074
17502 17914 1116
4570 11017 7738
1324 2682 7575
318 1377 2793
1128 3193 1636
2791 15928 5866
11942 14017 3307
13963 15384 7881
2751 5703 3177
2028 14706 8596
1876 8966 7854
12073 14537 7023
4095 10528 6451
4375 18671 4850
2243 16806 2061
634 1266 5931
2691 10988 5472
333 8555 565
4232 6909 8518
2331 11440 8578
786 2350 2393
5168 6203 792
12232 15139 3873
8478 17060 905
7678 11009 5485
12323 16645 8533
4251 11054 564
1853 3417 6474
5180 11131 4186
1462 1813 9753
8676 16150 2311
354 5045 7242
3349 10235 785
11680 15420 5677
2117 11045 19
3146 12512 5062
1026 14217 6334
7141 19019 6490
606 1167 4154
3198 6599 3512
5971 9209 1616
975 4726 7245
15759 19979 2961
7724 19067 4496
9639 16858 6371
1742 2258 8584
7563 16211 4473
1877 10763 8070
4858 15348 2587
11892 15961 5620
13849 17647 1789
6598 13913 2079
2666 4781 4084
2392 8072 6561
2354 16778 395
4360 15561 9263
522 19535 9263
4344 5018 4992
52 14111 5051
4783 13434 3020
2054 7193 6512
1877 15085 6641
4327 8587 4384
5354 12549 7036
529 1344 773
5110 8635 1929
16926 17439 3105
15676 16956 7990
5944 14242 8040
6218 10316 3933
11903 18748 9395
9846 19951 7719
8556 16405 8937
11206 14031 8415
7083 13057 2272
12821 13175 7249
11809 19359 7487
829 4902 4186
11799 14629 5977
1589 12848 336
4788 16287 9960
11408 17506 4952
3235 7120 631
3486 5712 4999
15251 18960 4090
9420 11722 8308
3455 7344 2004
7975 14127 7960
8571 17543 9767
436 1186 5362
14839 17505 484
1823 5104 9093
7119 10818 9440
1119 10414 3760
14579 15594 2988
870 1501 489
4811 14320 8486
7310 14397 4212
11302 16667 819
5490 18597 4079
2273 11748 2374
1205 18840 9684
1020 14910 939
5979 7619 311
11844 11985 3054
6502 12950 5247
2652 3840 405
1355 7871 4834
6654 10067 7868
1985 10265 1112
534 7250 2076
4210 4934 5358
3877 6639 4509
12130 13545 1140
9529 11180 1007
13124 15148 698
18543 19208 4894
2648 12869 1464
7282 19136 2460
5341 11643 1054
7775 19072 4953
4854 9458 7313
7255 18889 6616
1177 1537 5288
11347 16591 3714
2412 9459 3221
6076 15203 4869
1080 11169 8945
9899 17881 3274
6569 10984 266
16367 16996 8599
1245 5671 5370
8099 14784 8304
680 5273 5289
4804 15782 8534
12644 18006 4930
3329 13250 3269
10744 18843 2594
5335 11064 8481
2033 16557 8538
7499 12988 7660
16174 16398 2214
7759 19192 8203
3592 9947 2553
6368 8361 4822
6469 13073 4165
990 16388 5071
13120 17417 758
3553 10854 9163
1144 6415 604
5198 11137 5633
5195 8914 104
8134 16759 3690
1416 8756 5804
5400 13689 8556
11488 12286 3120
969 9242 1233
6585 16907 2226
5377 19404 1210
366 8973 4836
3096 19327 315
10759 14287 1017
8902 16081 3884
1237 10364 9827
439 4641 6332
12825 15978 626
18063 19957 5397
13427 18095 3425
5288 13729 2191
2875 4516 7107
16186 19142 1434
6474 18932 4400
10721 14227 2014
7210 18155 3324
7423 18646 5584
5468 15417 6966
284 3430 7835
12495 12856 8234
4858 7518 5165
4446 12074 4772
9526 15376 3679
3284 15973 183
1023 1403 1593
5556 12591 5315
6674 19368 303
1173 17983 2993
8465 12931 6404
3602 17312 4299
16324 18172 4276
5113 9819 8236
1374 1376 5592
15508 19569 676
7072 15530 5673
10825 16877 7726
13256 19883 1783
3324 10221 3327
3486 8125 6003
15348 19218 3542
1515 2248 9406
3219 6252 3285
14932 16680 5439
6596 7721 335
3090 6641 3954
11545 17234 6451
7166 7291 4718
6338 18855 9348
1888 15154 7109
6395 13326 2148
13250 14245 791
1738 3531 8852
1513 8343 5049
4256 10614 8144
33 205 4880
2441 2837 9805
3370 17366 8385
15240 18726 9178
8586 14813 4979
7375 13362 6410
2661 13675 9315
2066 3515 7322
4519 14918 2379
948 1394 9330
1772 4843 9636
4724 8920 4156
5512 12341 3646
53 2783 2477
5764 8480 3526
11829 19295 8245
1178 5853 2942
10832 17426 9648
11467 18481 3679
10981 12706 8149
12012 18358 4966
7359 14923 4371
11818 18606 4080
13038 16548 105
9808 13593 3110
3041 10624 7391
12542 17122 4155
13529 13697 5953
5285 9699 2082
3119 3952 3422
15594 15642 3873
4741 14160 9391
10028 13342 8828
16644 17666 7687
6678 15911 7308
5327 17781 7062
1693 6510 1985
2158 9160 7252
14105 17261 9962
2535 4600 2173
6935 10701 402
11065 16995 2908
5202 7453 4780
67 964 2324
153 1044 6500
4447 9993 8774
15920 17978 6939
5695 6646 5066
10887 19040 4076
1524 6752 7382
4889 5278 752
12747 17579 6081
5036 5539 7691
503 3214 7077
10051 11860 3803
1807 12427 5769
9762 18009 125
153 15171 2412
1181 17300 2937
8210 9280 6499
5460 12149 9733
7835 10284 5822
2914 3743 6467
4728 6383 5041
11485 19651 9097
7696 14201 1808
659 12544 5417
6394 13688 2981
3561 8116 2887
6870 17802 3987
9625 12720 9279
3657 15716 9639
2 3965 7691
3153 18722 9808
11429 11826 2832
1475 15906 2642
8988 13888 3613
4182 18428 9593
4803 16406 4437
6773 8536 226
401 898 8397
2872 12751 9777
2143 4969 3843
3574 15324 9257
3949 4653 3522
797 8968 4607
2051 4212 3556
5870 12091 2124
6163 13187 4054
560 14602 3501
1358 15522 5677
2037 3256 9355
5665 6418 9734
2289 4963 6438
258 13479 5972
9218 19354 8498
13010 15586 3010
8835 15170 3340
4028 6192 5469
8670 14483 3292
4401 4622 2563
2170 18983 6625
1869 11871 8321
29 16786 5340
2303 4736 374
2991 2993 7746
13163 13185 4055
8104 9807 5556
13813 18848 8217
9713 13143 5615
2917 7666 6886
1419 9484 5444
3120 19929 2213
13493 17377 1057
351 5871 6964
9653 18578 5576
7424 14181 1461
6410 6542 4026
830 1504 1305
1248 8991 9088
14362 15218 1630
4494 8315 3897
547 3837 2766
1158 1576 1795
1512 9392 2694
848 10480 5961
10907 16298 720
7761 14273 405
17605 18771 7496
1829 9391 1436
15406 19101 1395
2529 13095 9648
5306 5346 9986
98 7403 4528
3293 16492 8254
5194 12018 432
3899 9628 8116
4707 5954 1353
8690 12487 2954
13444 19923 1932
270 611 9987
1238 3638 972
15968 19335 7088
5377 14147 8550
3318 8131 4309
6649 8185 9193
3339 15700 1086
5853 10371 1923
6933 12861 5616
13634 14105 5979
2217 3290 844
6562 13089 8172
4975 12349 6586
11204 17422 7260
16958 19945 5426
3389 16509 1291
167 11989 5629
2001 4517 2231
8200 13642 8503
14785 15004 751
23 9078 5334
7514 18370 8098
16753 19375 5304
222 3812 755
4136 7510 9520
3921 18894 8019
1676 2574 2438
2473 12907 4051
1018 1279 927
11563 17097 4999
603 2676 1834
621 16306 520
9628 11596 3326
6798 16561 1053
7614 18530 4442
12857 14337 8261
19193 19447 5310
2544 4380 5105
7346 9187 1918
13678 14640 1065
6163 19121 6915
4917 16149 8775
12862 16452 1035
730 3752 3051
2074 2616 2501
12740 12905 4816
859 2065 2981
16033 19610 553
2209 14315 5242
7463 7935 7409
8453 11686 3837
2079 17096 9297
743 12745 2130
4338 13809 9781
9564 13886 7525
11416 15937 8308
5033 5280 6019
12350 17425 8498
15811 18122 7326
1215 6964 8917
103 194 6835
14441 15386 6399
5658 12873 8065
5466 6186 7531
3990 16897 6746
1558 6082 5776
13520 17228 5007
6835 19066 9132
8264 10663 28
2089 11348 2164
7212 18277 8204
4792 7563 8275
7943 17270 6259
2881 11343 2578
2818 7858 6728
3275 6042 9187
12406 15838 3443
826 19089 1752
656 853 5328
1859 10715 7995
4758 8407 8898
9239 13659 1464
1124 1863 6291
4589 19977 108
2425 11097 9442
5917 9146 380
448 19442 2174
7247 17880 21
6749 11823 60
7456 19215 4257
15623 17184 2585
10461 12187 6776
9791 10290 4228
13369 14266 6498
1653 7501 5161
10981 17624 6632
6536 14585 7755
4352 15933 8800
3161 8997 1134
12037 15871 2189
328 7612 2078
11279 18877 8328
5417 5695 2667
8603 15832 2922
7807 18940 6799
4838 8163 238
1757 4223 9267
17793 18876 4980
714 19875 7659
2001 12795 394
2286 11246 6954
6446 17211 4076
10482 16418 7298
10476 11785 4318
93 242 4925
1782 9262 7162
7123 8976 4900
4980 15638 4796
537 13729 3746
1392 2436 2439
6009 17635 2223
6251 11740 8029
14735 18702 3017
752 6226 1649
247 546 52
12044 17768 6352
7594 18661 2409
1136 14571 3563
3600 12723 5662
7237 9430 6668
283 2217 8381
7925 15307 3309
4097 4850 5575
3945 10300 2236
854 18843 7827
3816 13098 3648
4 50 8890
12085 17576 60
1373 9212 1892
6322 7935 1262
7308 9895 8008
12070 14030 1549
11991 13962 9667
662 6609 7149
1403 1893 5616
15 7692 5602
305 772 7249
794 18029 964
12338 12611 1354
9899 16838 3082
3265 9068 6090
5537 16629 4346
8240 15998 6276
2118 12092 9897
10488 16241 2563
6073 7168 5971
987 13951 5978
13438 19147 4139
7702 10225 6485
8622 12211 1548
2043 12863 6298
6986 11553 1799
2856 5895 9751
2172 11605 1101
8954 14154 6531
10962 18084 8284
7825 14322 1451
7138 11804 6253
2115 11602 4622
10696 18049 6861
9225 11012 6527
5977 8708 7767
2509 3345 6901
2592 4777 369
6511 7508 7953
5484 17350 5867
10614 15772 4416
13675 14676 7293
8379 13306 9286
7388 16822 2543
8312 19675 9449
4614 15284 6232
6680 19984 2159
1436 10550 9179
7464 10023 898
10469 15440 607
2669 16348 9661
7763 10199 7472
18180 18581 1450
563 4023 4225
11466 12637 1302
1691 12995 7583
4555 15584 6407
7737 18898 2135
4542 7435 7549
3360 9296 4328
286 18389 7642
11979 12785 9471
4692 6584 5223
1654 10285 2289
8067 18327 218
1205 14340 1329
5287 16793 3738
1767 8331 5855
10760 16977 9866
15417 17529 2443
1369 4372 6219
4314 16158 8388
11915 13157 8063
16930 18908 9382
5385 12516 1695
899 9727 8245
16472 18088 9969
10327 12977 3427
9181 11693 3141
3096 9445 8896
13340 18729 7647
4338 12537 7379
14056 14362 4441
156 585 9062
1655 10207 2729
10593 11825 9455
657 11793 8769
3412 17738 8808
17932 18159 2710
1982 3305 7105
12864 18527 4506
4566 4869 3334
3564 5596 3649
4926 11805 5619
9 16466 309
612 4856 9033
10141 13231 9899
132 1762 4475
12083 17856 1580
846 6234 5104
2507 13374 2101
3046 17220 3983
9257 13891 5822
8502 14745 5958
3409 4210 8723
6871 14631 1944
530 3436 923
1160 5026 8031
3075 5134 1987
1255 15568 5243
8340 17694 7095
636 7478 8215
2829 17601 1775
1854 3740 6251
722 9264 2750
11261 15045 6602
2891 13395 7721
14208 18780 6983
15281 15611 3539
4418 8871 6414
10132 10195 3541
1577 8192 9942
8031 15883 5491
265 3502 2104
8534 15163 5612
1953 7859 5937
13605 16066 5969
4858 7677 4341
1606 2979 4105
318 12992 1055
6288 10240 4413
2850 3848 9269
46 431 4698
5232 15837 9112
829 11679 865
12366 19718 2639
15269 18630 861
613 722 3264
2705 10820 4601
10108 11030 4095
971 8282 160
6106 11104 4199
8880 10619 9001
8532 10404 8599
11338 16322 556
1124 9366 4110
532 2422 1504
4992 9427 8733
5386 15749 7981
1026 4983 7913
2011 16985 2500
4823 10279 2492
17794 19442 3136
5612 7035 9298
3913 11738 4084
5750 14895 6205
6039 6876 4042
14592 15476 1598
8266 12119 2551
11613 12191 172
4939 16547 2772
8175 19938 4756
3561 7011 937
10158 10851 5298
3735 14373 4116
9665 19287 874
7807 18916 9259
4395 5344 1151
17395 17662 6230
1209 8613 7923
3509 9539 423
5988 10418 5277
4591 14652 2238
879 7665 7392
10780 17007 4141
3982 5057 9540
16168 19176 9615
3970 9364 9350
377 9936 4957
5595 17086 2686
7390 14351 230
11122 14976 9842
6791 8277 8863
1175 17377 9520
203 3312 7121
628 9217 7859
135 153 971
7176 9424 7214
14736 19317 6406
2064 18006 1683
5560 16530 3209
15146 16185 2259
5252 5723 2155
9854 15340 2922
884 3408 8031
10269 16503 4322
2831 15790 5650
14741 17667 136
11560 12609 982
9256 13069 6190
6403 7316 7204
5001 6695 3465
620 12096 7672
10436 13303 4882
11468 12998 4245
7622 12542 9618
137 16411 4866
6395 15586 8585
2726 6544 2997
3341 18468 68
6583 9256 13
7615 12004 1995
3988 16414 7540
4698 15007 9240
7376 13689 3187
1447 17409 4236
3767 18037 82
1876 5598 409
5121 12248 7176
2218 4387 2841
3110 7024 2860
12457 16938 516
2750 8975 4310
12347 17710 7222
15743 18520 1025
11597 17345 5457
12224 12746 8031
11122 16166 2777
3588 9409 5151
403 12269 4126
1214 2361 3921
707 11865 1529
770 9803 3449
3567 16369 6936
15304 17696 1547
4491 17138 3633
8988 18459 880
17095 18532 1080
1782 4526 9769
5121 12934 3428
2095 8231 554
1196 3697 870
1612 2395 4005
7065 17091 8923
14749 16022 822
7361 9533 5954
811 8206 2828
14295 18460 8076
2854 7874 4204
4627 10001 4070
1661 2270 8249
4529 14558 5161
11532 16144 63
3510 4867 3233
1968 19014 256
2515 14835 1798
7609 11638 4503
4261 12272 4305
6921 8138 3152
10942 12583 5273
326 9234 3983
14420 18861 6573
2737 16410 4681
10654 11997 4939
439 1027 60
12608 18634 5706
8360 11394 2418
5415 15952 2089
6843 17074 9722
10321 10760 3760
9798 10400 4483
3753 9063 3347
2123 2701 1914
1290 3203 623
16916 18164 2843
7121 13541 8727
6208 12080 8876
5258 14612 7354
6620 16153 5498
561 16437 8159
5917 5936 234
4242 12829 3519
3229 5001 3593
4230 4633 6873
1790 5086 6665
5382 7990 7379
3487 7452 5478
4057 14300 2598
4455 18239 5334
1087 1806 4045
12345 19934 2324
13811 16941 1897
25 5780 283
11379 14696 2224
8649 19480 3367
29 1082 9906
6708 10328 5665
541 2508 3035
1552 1574 7700
5019 17799 2246
12934 14095 3423
7384 11294 5203
1789 10290 3451
14482 18794 3117
4169 8073 7784
3672 19360 3034
2860 15132 11
10960 17134 9021
372 2767 3488
3705 4358 9239
614 15872 9632
492 662 8445
6060 15879 4232
2305 11591 2250
6078 11142 3461
7341 12054 1303
13448 16103 2157
1020 10963 893
8848 14084 7540
2836 15227 9653
87 12357 8318
1709 18147 986
1240 2683 5802
6441 17993 1104
9047 18657 9552
11532 13227 3374
8433 9888 107
16315 18220 4933
3140 7399 6407
3150 16542 420
1248 6155 5356
423 9082 4092
3012 3811 2065
1641 10935 1216
2057 5910 6731
10001 11379 9345
3466 5884 5698
2803 2983 1984
4352 18618 4554
26 18494 4397
5549 19795 6982
1081 6180 8392
1748 9474 131
11876 19920 7930
5818 8161 5663
16376 19807 7143
8570 14887 1631
233 15386 7330
14235 18672 8419
16919 17156 8447
3255 19657 6249
3431 4652 257
3333 16269 2022
2391 6877 799
12072 14486 2954
1671 2140 2491
6496 14996 7352
7492 7899 306
4894 18771 2290
8087 19668 2886
9858 10987 9741
1822 1882 3756
1415 5283 5392
11566 16991 9404
10555 17383 9348
8923 14916 5340
6278 14688 5675
2102 6785 2012
1097 18047 9261
11236 15162 9464
9803 16629 5758
5088 16504 1021
160 14325 7829
6845 16544 8539
9530 15302 8231
4710 13190 3418
212 18969 4860
31 7450 9839
1022 11768 7370
11982 13987 1870
233 6672 3515
15713 19879 7928
2669 14742 1241
13100 14437 6286
4052 6044 5568
149 9405 4573
13081 18734 948
3476 14779 1186
2308 8722 954
8103 11059 1324
866 14926 6256
8997 11111 8281
950 1048 3701
6813 8994 3898
11971 14489 9769
9964 19112 2991
4403 14877 997
5299 9836 4557
2805 15049 6334
94 7655 2197
11418 16054 4572
2412 10558 1285
2908 13235 8771
1877 6490 3435
1340 18814 9308
13869 17346 4946
8562 8588 7483
10713 11013 1131
2796 2937 9761
11003 13078 2097
1218 12331 6464
3187 7162 193
15856 17730 4724
18589 19879 1912
2145 5364 7971
9720 17826 3202
12789 18590 7158
8093 12575 9722
1099 12219 1508
13319 18850 3654
1084 1630 2611
4548 19217 3785
6119 15763 7397
4756 16141 2704
16444 17271 7879
4710 9092 9452
1607 7517 4122
11916 17541 58
6860 18576 7270
14029 15818 1361
11537 16296 9341
16934 17318 6818
1091 14759 3989
9010 19594 5505
14127 18323 2348
8112 13479 6066
70 267 693
9189 13106 8720
5795 18405 7787
10516 14771 3329
192 11324 1204
10098 15824 5058
11211 15600 7639
4059 8884 2203
121 848 1171
493 6663 6701
3046 4040 7129
3320 3605 8967
935 7803 4840
3206 3646 5107
14619 18468 6099
3168 9746 337
1228 1592 41
4505 14736 5761
1130 8817 9864
9327 18427 1571
1627 6690 4580
16226 17831 1883
438 9189 8826
4809 19067 9791
7757 12539 2117
14941 18676 1437
10487 10737 2533
4123 10808 6230
7445 17200 9469
6342 9399 4071
1850 11179 7249
4604 6797 3563
6416 8171 9773
2845 3633 7806
2822 8326 8629
4979 10648 6522
49 108 2368
11231 15313 9258
3324 5022 1485
7756 10546 986
4559 5068 7751
5451 11364 6990
568 11675 8492
7767 19955 7358
16445 16836 2536
9066 19328 2690
1302 7766 4541
8844 10922 3761
8311 18222 2856
7087 14866 1515
3572 12193 3768
10301 11836 4672
1353 3590 9871
1654 8602 7958
6548 10649 2124
7266 14574 6799
1295 6454 6917
2700 4313 3266
916 3282 2852
9220 9500 1621
2911 5619 1868
4458 6197 3277
4183 6941 6785
863 8865 8942
5267 16730 8288
6155 19479 3156
4537 18501 2633
840 4924 6939
3161 6939 5392
3446 6048 1569
1159 4763 1013
4757 7891 2644
10124 16289 6017
4546 9407 2550
5621 7110 9835
17028 19808 8607
5131 6065 6710
4458 11575 497
2868 18895 9203
2893 2936 9820
268 5748 9049
4095 5818 9287
7258 14923 5625
2516 17373 6710
3339 12099 9005
13437 19336 1027
1887 2516 2555
2743 16241 5201
4544 12957 6142
6102 11532 4546
474 506 1936
11232 17867 3712
5726 7423 8862
2371 4124 7736
11205 12202 8208
991 10286 115
7466 13387 7697
1240 1381 9578
2920 3857 9328
4563 8283 2188
109 380 6017
3113 3671 6875
3435 5098 5385
5577 7054 3036
3623 3896 1015
6230 19344 1083
1006 2161 9123
12878 19882 9160
8388 13835 4546
6422 14639 3607
1664 3832 6228
3617 4156 9748
4844 15063 3393
6073 13703 9833
3710 15016 4551
8918 17351 542
3853 8757 474
2721 14456 7658
6590 12860 7926
13026 17545 1299
9184 19649 9425
8556 10941 8152
256 3252 2486
6288 11148 8989
364 4337 2907
388 14655 1120
12533 14449 8729
13528 14654 4909
4053 19455 8181
11248 14997 6613
17563 19805 8477
2559 11715 3956
11902 12248 4897
803 1230 6773
8781 13404 8307
7643 11066 9784
4425 5117 2665
4783 18118 3032
823 3584 7473
6269 7958 8264
5865 6606 8938
1347 5994 7184
231 13963 5529
14126 14322 5381
431 3839 2239
2111 2518 5978
1485 1754 4280
4318 9817 3202
10851 18882 4331
1979 2095 230
3798 12458 6202
4270 5173 1071
3662 4593 9765
1084 5410 1841
1654 9177 680
9360 12425 6674
2510 2730 8162
5011 13444 7378
3979 4763 5477
7111 17966 5371
5218 6476 2860
7092 15571 7728
1474 12792 239
18764 19770 7038
4593 19959 9346
7924 11234 2664
4506 18976 7995
2140 14835 9654
2452 13261 7469
15722 16451 9871
5591 11985 2412
1569 18813 1039
2547 10222 2059
1278 4312 9054
17912 19658 4520
1590 5742 5846
11121 15773 8370
2529 6260 7097
2491 4071 6816
12979 18535 8902
140 230 8498
1802 19695 1744
3386 8501 7973
523 5433 1984
1323 3744 5703
3322 6540 3014
487 19756 6081
2986 5009 2445
776 11346 3014
200 214 4392
6887 16153 5315
13884 19617 6229
15781 18298 5564
1821 1995 5030
12587 13140 3243
2682 8541 6385
787 6576 8607
11046 19535 7757
6170 19677 9518
2453 19247 769
3122 5281 1712
19110 19500 4315
6313 18077 6331
1699 19683 1496
990 13706 7190
6188 6531 625
5490 6062 5142
7619 17262 8098
1816 2275 2950
2209 10822 8980
1135 10526 9808
937 5843 2747
1488 7380 5713
6185 8906 2046
1034 17903 6841
4401 10604 2278
14460 17606 4599
1373 10841 4106
4272 10139 3170
1098 4135 414
2163 11194 8927
5038 15469 1545
928 16753 1443
1599 18351 13
1539 2635 9070
10133 19532 4068
7048 18587 7385
6288 7051 5932
14 98 1306
2362 17046 3909
892 8924 3989
8620 14797 4763
15850 19045 6576
8141 10215 3739
188 207 2204
8106 11154 8118
3981 9423 6289
668 1729 1614
15018 18833 7481
7964 8093 688
16928 17324 9274
1645 12254 4919
504 2270 7580
2942 14732 882
2019 18479 7259
13880 16476 3344
1713 8519 2326
698 2251 7685
287 15100 5370
3403 4375 5283
1161 1957 4314
2465 6722 3011
113 15348 7177
5657 6172 5835
731 1308 3837
8919 19519 3180
9320 12619 6294
7502 12462 4895
1505 8114 5925
13521 13672 6897
4409 6730 4254
9155 19529 6287
2607 11006 2049
408 955 7173
2789 10287 9376
207 10310 6396
6190 8647 7969
69 2702 7846
14578 18283 2776
14317 15599 398
2902 8282 7744
8459 14755 6314
4465 14790 4655
5736 7561 4526
13046 18474 7741
5074 7171 6583
2212 11310 688
523 3805 5312
8858 15148 553
2490 7573 6519
2660 3441 8478
12413 14844 7160
8429 16315 3149
3429 19103 3433
3915 15155 9537
5719 6856 1821
2380 15107 8308
8044 10623 4460
10539 10980 4601
7375 19640 6866
8352 9993 7017
16035 16559 953
8596 11183 6970
5788 6251 2696
11827 18988 7547
14956 18263 3584
11116 12847 7393
116 156 5547
12884 13523 2522
93 11360 4965
4323 6941 1828
10598 13379 8209
2621 6125 8012
7039 19565 5869
36 3787 3597
15697 16474 7403
16442 16712 5404
1000 5186 5038
983 3706 5376
6407 15595 6368
602 1239 4410
2053 19338 3517
561 3477 3944
13874 15857 6608
4759 17218 191
5830 15519 4178
7562 13748 4302
1221 7146 8661
3620 6604 4130
713 5127 1655
84 6138 1057
1572 4209 3670
1556 3727 4170
5163 13755 395
2155 2231 5774
15375 17747 7809
3314 17685 7640
7443 10976 1586
4840 16677 2876
3693 11471 2159
7263 8658 7238
694 11121 7932
2921 3446 3046
7229 10736 8074
1865 7352 3134
524 6543 1107
1440 4707 1975
4740 4980 3939
8061 10017 8830
1693 6684 3260
8516 16460 4143
4033 5395 5483
5249 18567 731
6476 6764 8724
414 2886 2493
10913 12892 2375
3605 12731 5794
14909 16038 2704
4783 15112 7079
472 14355 6535
6151 19562 1544
14233 14714 6323
12201 16394 5741
6298 9294 6953
2555 18640 4618
2286 12626 6579
1092 8722 6512
831 6911 320
6885 14754 9142
18105 18903 3679
9331 15435 4660
2961 5162 2816
2971 14572 7540
100 11097 7213
3316 7024 3112
16880 18965 98
4010 8217 9148
2953 16337 6804
1474 13890 4750
10064 11259 2451
5211 17553 9503
3534 4042 1480
2853 6373 9006
4449 7558 8171
3406 10215 9051
7836 8362 3026
12827 15332 5322
7306 16112 6646
3457 13691 4306
2970 13968 4555
414 1078 989
2515 8068 4432
4635 5408 7741
7519 7690 1473
2255 13713 833
13254 13990 6926
136 413 4084
5441 15650 3922
9049 13063 5843
2754 10818 1787
1710 8061 177
9097 13177 4759
14575 15575 4696
3689 7828 5842
8146 8650 4135
4885 15025 9333
6107 10283 9111
1393 11358 3722
1072 7719 3953
13495 18365 6067
4440 12282 5844
3184 7499 3797
4113 11161 6748
9469 9646 2115
14343 19426 9355
16237 18553 8113
3482 9781 3491
2176 9885 4764
13266 18285 8403
18570 19346 8227
3806 12361 3593
675 1795 4680
4644 15003 1397
7498 11254 5212
1360 10864 3246
6561 8564 619
1173 15605 6385
3587 10944 4459
6703 7085 9057
8480 9433 4638
1379 13174 9602
5104 8144 9241
8789 12496 5379
7829 14586 5832
5394 7316 5638
5970 6523 6786
3323 4946 8449
7558 19189 236
2269 5125 8837
2453 8785 3157
17953 19535 6473
246 4693 5282
4830 7174 4152
277 5967 1614
6975 18502 7988
12267 12992 9601
15302 15573 7916
15883 16564 8995
8405 9625 7719
6079 10726 1840
8714 10983 3940
2756 6295 1001
2929 12250 7357
983 19395 81
8710 14885 8007
1889 14185 5873
2002 10722 6032
461 14210 9005
2590 18167 5095
6547 17444 4721
7479 13178 9815
2800 11019 4651
76 235 8617
7968 10929 5448
13740 17529 8294
2212 5828 6354
3406 18258 5500
12011 14010 4750
4977 11476 5061
2487 6466 9152
5494 7881 8793
3124 6897 1002
8386 13771 4857
3260 6373 3532
9578 14636 5442
5009 14210 4649
16071 18301 7927
14496 16683 2857
8103 13305 1378
7517 19900 9351
5356 16461 7177
3491 6088 6850
8589 10077 7752
6691 8058 6673
448 2325 3155
7164 12388 3422
6958 10293 6528
3779 6881 8455
501 13695 1996
4311 16866 5675
7777 11457 4033
7943 17701 2563
6562 10602 3792
1095 4860 2184
863 19615 7084
5942 7835 7830
7252 15676 706
4387 16374 7314
8876 14119 8460
4739 6972 5720
11670 14850 7153
4489 16927 3889
13092 19007 8040
2390 17181 669
12856 14552 9884
1984 19415 901
75 17927 4587
13103 15877 5773
7749 17022 8773
16926 17683 6678
837 19543 9823
1883 5735 7412
1342 1777 4807
8236 11349 2548
74 590 31
12 8476 4822
8890 18001 9025
1818 13345 2582
12876 14805 5370
700 2570 1061
5090 10101 5128
6197 14233 3899
11528 15660 4301
9290 15439 3281
9295 12646 5693
3978 10839 6854
5815 11008 7573
8273 19466 135
8753 17139 5104
16006 16185 6075
4266 15368 1767
475 866 7953
2761 7284 4975
8276 17249 2755
4702 6784 2354
126 820 7597
2502 4567 7581
6232 16068 8648
10211 14892 9997
3465 17710 2776
12641 14270 6741
6171 6262 7197
17095 19347 9118
7238 9665 7694
7598 18159 1473
3681 5639 2795
780 1423 4429
9650 12722 7590
13111 15310 573
6868 15105 82
7284 18748 2859
9293 11780 2193
2878 18408 1814
3364 6715 447
6703 18210 9292
3813 10741 3471
5612 14641 3745
6614 15995 3097
1484 2049 5310
3537 5449 6878
5840 9882 3697
1695 15265 9598
474 1648 9427
18356 18486 6662
16776 17241 277
4883 17389 521
6232 13148 9989
4231 11245 2023
17954 19265 8343
1302 6641 7960
396 13992 3672
6943 12985 7744
4991 15470 7376
5642 19628 6128
3395 5207 4649
694 1588 9274
8796 8880 1738
732 2329 295
1769 11698 4168
206 11715 3454
4945 9157 6778
6807 18068 4744
1886 18110 6949
6681 8070 9170
3589 17334 3903
7515 7625 8740
7109 17146 8041
940 5309 855
10745 18571 8146
4616 5167 6568
5872 14386 9803
7933 18083 7345
670 1181 7736
11996 16731 9104
8325 11796 7945
6648 19528 7553
9099 19678 4924
11418 17768 5829
654 6346 2679
2920 5254 1960
3416 8407 8275
3945 14995 1880
222 3533 3672
426 13811 2460
701 10687 4467
8858 12297 5036
9392 10488 5930
6933 17870 4900
17152 17435 2314
4931 9064 4517
4822 11344 8188
14734 19804 2296
5832 17948 2928
14725 18692 794
5105 11399 9410
1767 2988 1437
786 3504 2507
2309 11588 1064
15893 17362 8342
5517 7042 212
7060 14592 7979
2841 3264 4405
16771 18516 4639
558 1015 1780
62 1636 6126
6451 12160 3868
2966 7692 2070
1894 6786 3359
1011 14132 6893
1978 2669 5014
7994 19727 304
3616 14856 9005
11928 16568 1231
6268 12401 4389
1743 2213 9072
2542 2572 6303
4870 6370 362
15170 19476 6667
10965 12864 5126
325 717 5241
1027 9302 4320
1870 6090 9626
4518 12915 8585
7699 13834 77
7794 13176 8267
11554 19404 1041
6236 14895 3526
10338 17105 3217
13662 15970 2725
853 11937 1305
2263 8422 3633
10090 16410 2418
6491 9056 7600
3829 4573 4294
9046 18651 4559
3901 9406 7209
6551 7305 9065
933 3636 5164
1654 11074 8806
7490 11605 6725
4193 5632 9380
7282 10560 2788
10560 18241 4721
596 1217 5086
674 5080 8487
10536 14776 7893
7342 15340 8862
11770 17479 4620
9308 13498 8496
1385 3316 7177
8677 16679 1448
3333 8122 9222
3459 13936 9467
5204 16162 7964
767 2758 4939
1801 2299 3341
5667 13179 1607
950 14015 915
13497 14190 4040
10189 14386 6019
2121 13408 4988
272 14591 3851
1761 9026 6965
13717 15169 9766
300 405 9221
7293 13374 7073
5931 15017 3453
10307 16769 9670
2442 10428 778
571 6682 6709
44 67 7782
6638 7124 7073
3582 15000 2993
4058 5149 2128
2503 9095 2520
1349 7142 4148
5731 9284 7380
8729 18822 1206
5069 13843 3825
12760 19728 2709
227 2038 5077
6665 14859 2731
7738 8329 6795
16606 17918 809
16019 17805 4193
12338 16665 973
749 4390 365
3288 11338 8181
15375 16866 483
9190 11902 1936
1179 1862 4507
3162 4875 8238
5797 8955 3023
820 3047 1371
186 4169 5889
1938 9243 1474
5915 13202 2842
1684 2445 6973
1696 5678 5232
9450 12937 3772
901 1069 888
10220 10386 5253
8955 10667 8428
2096 12538 2326
2301 16932 5587
5256 18462 5076
828 7447 5792
1658 2494 2463
1171 14253 8482
1353 3338 1507
7256 12175 7497
4456 6021 302
653 6035 5307
50 11824 2528
4365 6790 4253
226 4104 2526
4670 6407 3579
12532 16411 6267
1019 5273 4570
18139 19327 1796
16156 19107 8217
4286 13158 2280
16249 17103 1286
16908 18070 1576
2799 15947 3407
7371 8382 8260
98 19156 1342
4124 14842 2493
14900 15625 5628
2710 3080 4728
10548 16253 8600
583 769 9344
2264 8543 2169
1305 1899 6594
8235 13487 1736
9987 12148 8419
7830 16620 458
4040 11407 7699
975 7068 4472
3988 19956 8259
4920 10804 6319
5654 8619 4788
3016 18632 6467
7815 8617 233
2782 3202 4449
140 7779 7212
2986 6977 7477
801 3481 352
11203 19109 6850
7694 14917 3623
8783 8950 6971
5718 14470 5211
7726 10596 8230
2426 9442 5494
11352 11790 1633
2659 3429 4081
3032 3743 2463
6526 19908 8720
15417 19541 8388
11280 13858 1537
55 6634 9714
1931 11772 6490
6657 15177 2604
7727 10330 4518
9357 12032 1690
2813 3635 9359
753 4044 5908
5579 5964 7810
6576 15692 1887
10500 15016 7383
699 13636 6816
3740 5541 4100
14236 17823 6192
7453 9666 3928
1691 2603 8850
2133 18575 6822
9245 17862 1309
3459 6547 5069
1243 2915 7271
10882 13693 3511
13491 15204 9922
958 5061 8838
4686 4880 2497
4978 19734 7368
1226 15505 9699
2882 8431 1909
7172 7415 8314
8633 11499 8397
9390 10989 8701
2367 6433 7002
1705 10761 7202
3778 11036 2453
3925 11126 2749
345 1066 2476
5167 14978 9737
16376 17262 2393
12451 12636 1943
1857 3463 5221
3448 4140 4483
3790 6158 6551
8422 12356 6725
2922 11534 9753
16883 18077 8771
550 862 4206
4742 14423 4829
5705 7483 7256
4672 10275 1894
4465 13600 194
11990 19071 1721
17173 17521 2247
14817 16599 3114
7635 15449 3605
6513 19480 7758
1903 2731 59
4407 19655 4577
573 943 5519
1238 6559 8187
2412 7097 5520
941 4611 4535
2841 16284 3997
5166 14438 1275
10522 12206 7933
16264 17857 5153
979 8929 8524
1354 2524 7196
9866 11766 3868
12640 15146 5553
930 8225 3808
414 5956 8365
887 14251 6592
15807 18107 7702
10150 12547 8020
7096 8497 7492
9646 16263 1980
177 9736 8541
633 6342 3475
826 2593 828
13743 19756 4426
961 2998 4304
8217 10372 5238
9054 17286 8479
14265 15566 7514
8896 17720 8542
1933 11410 5990
175 9057 3935
4483 15157 2631
11936 18845 4610
16282 18712 4941
10119 19343 7693
5300 12151 8671
6280 11227 2856
8277 15347 4294
5004 7901 6209
5062 14515 8333
7653 9548 9141
7313 19326 2555
77 666 4368
529 9511 8525
11298 11989 475
5025 12163 6523
4404 7075 3735
5236 11252 9002
12328 16567 9685
365 2726 4665
1182 18726 5593
273 12683 9800
17126 18888 660
5358 11521 7383
2990 11700 435
3935 8421 792
9801 14431 9512
14920 15867 27
2503 18284 4598
884 2193 5961
10942 15121 7058
14133 15585 1932
431 2064 8270
231 1140 3524
3820 4663 411
15771 18711 5543
9069 13720 4434
5188 14634 1771
2135 2188 3874
771 8517 5139
3010 6793 5877
484 3304 3165
2596 18433 5989
2438 4374 138
12103 12986 3971
7820 12583 1364
1276 3190 820
3643 16352 901
11955 18748 5799
1326 11903 5950
255 2113 9648
7416 8468 4676
4657 5357 2474
6301 10266 8582
524 9400 1570
3693 7275 5865
2699 6144 6128
7750 11406 3769
4089 18336 4501
1198 6041 4624
17675 19754 9213
12130 15247 193
3771 3825 1002
78 9198 3751
8648 15641 5595
1678 5505 8900
8883 17814 6986
3038 13769 5611
11869 19966 8439
12617 15601 9999
2311 3517 3812
4599 19690 2411
5600 16995 7149
5384 11183 362
161 13334 1911
583 1671 1957
1432 2441 7761
192 701 6456
643 4761 5926
2391 11496 9102
2646 7384 6128
11057 16521 1886
11955 16966 2464
3797 5506 6229
4558 6127 5342
14316 15523 3432
1285 2118 9966
2474 13616 6423
10203 15225 7109
10627 11333 4360
4448 5655 3198
5187 12830 4556
5503 9122 9931
13151 17815 3258
5518 18711 1364
17009 17305 3871
18953 19874 379
17346 19242 7902
9903 19880 3355
1381 10096 8976
7172 11699 5183
873 3417 7533
8300 17778 9841
6704 18182 7903
1799 17437 8345
3473 13909 1382
4542 5591 9260
13285 19030 5181
5328 16208 1921
7631 13640 7382
4964 18740 1777
3858 19257 3517
12218 14449 2044
3449 19400 6535
8053 10149 5912
7633 12206 6685
5147 16012 5444
2062 17986 6993
5937 18304 4854
4899 13222 6322
4084 14676 5921
3227 8971 7071
760 2171 706
2954 4274 9814
5566 15151 1382
6197 8295 8851
6247 15245 2021
9895 13311 6751
1051 5466 900
10105 15876 5851
1801 19588 6197
1741 10911 112
1776 4205 8441
7195 10661 5927
5839 19163 7176
7295 13452 261
12504 18092 1199
6846 7527 4025
15 225 3394
5899 10989 223
7767 15113 5152
2144 3935 9526
5771 6129 533
10279 11727 2023
3147 16720 6416
3370 4425 4951
8996 11469 2558
13476 18608 4209
4789 6799 6390
2783 12196 3923
14450 18944 2529
472 16911 99
4676 15532 6930
3193 12600 43
5018 5457 8470
10126 11796 4732
9596 17975 1872
8720 10408 7913
4334 10405 646
1583 13401 8833
1672 1705 1132
4759 5660 8063
6888 7266 7653
6583 16068 8921
4279 13416 5845
7857 8414 264
189 8786 9751
3924 18142 4971
4440 8808 657
16076 17009 8229
808 6151 5684
214 14261 6706
2237 7680 5651
42 74 6994
3318 8032 2186
7683 10195 8218
6084 13173 6061
5065 11212 1039
3625 10776 3560
392 19328 9789
4015 4334 3532
18610 19218 6773
3675 13469 5165
9447 15668 4723
2635 6834 4303
1269 14647 5383
5951 10879 6497
8158 8988 8882
1860 17561 5675
3532 16023 9902
4649 12288 9579
3836 4084 5344
3178 4783 6754
2369 3378 5184
8394 14765 1773
1091 15299 177
5719 7038 1316
1043 19247 4459
498 10465 1001
3842 9468 8154
459 6678 4462
3100 14003 7589
7709 10801 6858
549 13765 2749
954 14899 6424
1219 14942 9942
12373 15067 7699
1729 7441 318
6177 11689 5421
1622 2478 2039
4866 13642 8059
10285 14992 9345
34 16319 5343
5540 11704 2273
5059 5234 7219
3632 4271 5327
1276 15581 3877
6688 7574 2358
1376 12982 4670
11940 13225 5478
13944 14913 9930
11370 13965 3411
6774 13754 2482
105 5647 5789
6029 8582 2052
13432 15336 6625
1600 2092 2402
6713 14857 4718
43 940 3996
3344 15911 3476
4859 9899 1220
10167 11837 9019
929 2448 2196
2911 6163 4556
2391 14359 7434
2601 13839 6836
3394 19543 3101
13648 16448 6471
2888 4619 384
6196 7476 2773
1895 2777 2246
1603 17479 2368
2485 2899 640
2917 15569 7089
1156 19877 2069
4398 4726 7930
7568 9954 9816
4149 13535 4268
10598 14129 5051
1139 14261 4796
2184 4488 1633
7713 15308 6559
437 702 8050
1969 11235 579
7217 19553 7150
10760 10909 2286
7394 14603 2025
10295 16981 6501
5422 6196 9976
10919 12506 9719
7931 9058 5543
15287 16703 1818
3918 8316 4252
607 17536 9781
1712 2661 4490
6029 18573 9893
5431 12017 1391
431 8982 587
51 18247 2633
456 630 7153
11408 18730 7748
2185 6191 3405
3233 7243 5705
3549 6240 4626
3201 9087 1695
11548 16265 5580
2436 12212 4088
1990 3613 1991
319 9315 7387
7840 10702 200
6453 10487 9480
629 4378 417
7214 16513 5935
5539 9773 3031
9219 11293 2247
1886 3303 290
3951 4290 4060
2405 13902 3294
2174 3611 474
2582 2877 7229
6555 9288 6753
13074 16564 2836
8660 12264 9101
2344 2725 9320
17670 18969 1045
5328 5358 8617
2760 17818 4784
3411 14998 4565
2341 6806 1105
1092 1183 2510
18004 18667 1537
774 18420 9287
1621 12940 2628
5238 10599 7772
13807 19315 3025
11401 12773 1232
9657 17798 1024
3975 7107 1684
518 1429 3945
723 5289 5478
5049 8172 2290
1973 2874 4284
13999 15516 1903
4277 11758 6620
5021 13615 7351
5207 14891 7774
6120 17440 5273
6283 8068 4206
11763 16293 2519
8577 16843 2668
956 14430 1999
1136 3048 2099
6110 8758 2067
1668 11868 6605
7685 8954 9755
14065 18681 9487
4570 14640 2004
385 2204 1475
12325 19375 6784
9577 12356 5680
7086 11860 9494
478 5575 8656
7782 19157 8214
490 13873 6883
16941 18237 3587
1107 1513 6494
4918 11336 9155
8073 9071 8938
1098 19992 4431
8812 17953 204
11403 12559 4386
8405 18808 880
319 349 4451
4714 6838 8177
4929 16297 3563
671 4547 218
12921 13288 5032
5416 7290 5783
2292 13711 367
2229 16674 5964
491 4466 2457
2479 15554 2592
1476 15581 4725
636 10713 3956
3884 5799 4362
13635 17285 4337
11463 17913 3143
12803 13986 7502
1676 14294 1261
4173 4463 7764
7767 10305 8092
10452 14154 7801
11875 11968 8791
4104 7467 6628
10057 11737 1953
6033 14929 3361
6 7085 7179
5658 15272 1520
6143 8209 2774
7541 8064 9426
3723 9736 9515
437 7632 7552
6174 14045 6931
4506 18121 5111
2528 8726 2570
9361 18678 7857
3604 10761 8437
16103 16579 6334
2634 16476 6977
13896 17679 7971
58 64 4203
5847 10052 2658
1813 8776 2865
9979 12440 6690
6615 11079 5218
673 1630 5732
11212 12224 9324
3893 12502 681
5569 8325 568
9361 10189 3345
4782 8849 1768
2510 19554 5157
170 2387 8223
11015 12426 3366
10746 13216 5099
4911 8645 2813
6875 19933 4450
8749 10401 5722
13992 16738 3444
1455 6330 4344
3894 10276 3160
2999 18526 5194
14350 14467 8671
13684 18670 9698
717 11856 638
3559 15242 6234
2433 10795 881
3707 10483 1837
2907 5218 3987
17293 19183 4788
2242 4716 697
7080 14402 3842
1052 8566 4536
7813 15539 9631
913 4233 97
5923 7525 7291
296 2150 5222
1527 7954 4513
2133 14712 8477
10424 11542 5765
471 500 6439
5515 13284 8185
1857 13249 2166
12964 18048 2263
11603 19899 6651
4246 14069 8315
5063 19685 7402
12170 14716 5727
2162 17567 530
8517 14308 7084
6159 15769 7362
999 1952 3575
2398 4927 835
13062 16919 8440
5545 12658 1215
5872 5965 3316
9935 14467 9444
5480 15912 8522
18465 19531 1029
8454 16420 1447
7776 10281 4808
12837 18193 8050
3695 4546 6453
2178 6188 9923
3353 18893 5042
9870 17647 8635
8340 9023 2853
818 2640 3744
5675 11142 9300
2423 5494 345
6751 13348 7723
11355 16060 6520
2283 4550 999
101 2698 8345
11595 12477 408
3665 9836 1011
10769 18163 8474
2017 5732 3438
2939 15192 8922
5255 5562 8555
5240 10943 690
10038 13218 959
6817 12973 4678
6705 17026 5104
8421 11095 363
4546 5709 1336
214 7019 8510
12057 12551 8997
16862 17984 8157
938 7988 4225
749 1409 9759
13754 19365 2591
7148 15294 613
12658 14769 5109
5314 7680 3452
14626 16040 187
724 751 3983
2530 4162 6732
387 637 7860
3310 11268 4009
5221 6417 2616
10248 19517 1849
6245 14200 2937
61 11374 3607
117 4799 7103
3088 7763 5717
699 9968 6066
551 8245 7804
15914 17196 9925
17443 17468 6134
9984 14470 2428
4692 7347 2802
3916 8799 2210
1094 18139 598
5062 18120 6014
1122 5464 59
2396 14091 7930
12825 14984 9378
8991 11392 20
1342 9368 9007
1758 17078 9141
660 14018 9084
15418 16591 8659
1326 14895 2105
5401 9691 7049
2637 10355 6011
1680 5749 1667
2716 12437 4053
7233 10263 7252
1917 5875 1862
11878 16061 244
7848 9994 7594
3403 7451 5579
7428 13993 1250
6333 11767 9466
2645 5241 8334
1402 16662 6297
155 13970 3887
1671 12323 7589
3814 14883 8166
662 13578 9108
2977 15102 4158
6990 13642 3889
5679 7905 8718
2736 19817 9
2613 4016 7143
3975 4277 1242
1308 10350 231
2536 19129 1883
1862 18790 7787
4664 13249 5542
3288 12748 9673
13031 13860 5615
4621 9630 9409
8322 11470 9542
6767 10810 1487
15571 17260 5840
12578 16095 5593
1543 5887 8302
6277 9306 6290
496 18665 2047
14791 16837 3933
887 2506 3054
3222 13080 6476
5336 10465 5561
1154 15046 4385
3512 3536 1049
6805 13791 8710
1009 6830 6236
15994 19528 2167
6670 10946 1860
349 2137 5417
5151 7241 820
7847 9449 2158
1443 4173 5416
2591 5286 8645
15658 16659 4836
11218 15954 1953
1272 10440 8860
6236 7861 2834
2348 15800 5584
2518 4986 5932
1376 19141 8199
3496 3623 7176
8159 10366 907
851 9458 4161
1366 18210 9766
2708 11575 3044
11278 16766 2580
1846 10405 1289
9137 19965 5122
9584 10698 6393
1880 3300 6170
4980 8741 6676
8987 12573 5616
2219 13448 8827
3398 6344 9692
634 3059 1145
198 3725 8508
3603 9623 9712
3800 5056 834
11024 14738 2072
807 14364 6609
7301 12923 3526
5069 6323 5781
1976 11579 2967
941 14082 7976
2448 12824 8
743 16721 3532
8060 14859 7778
8557 10712 2140
667 924 1553
673 15610 4633
9181 14483 5733
8723 11058 29
3666 6732 1405
2693 5038 8180
9135 18506 5682
4354 15760 3225
8387 11065 2940
245 18269 2442
3286 13598 5285
5123 16147 4760
2157 12422 6213
5146 11747 4179
366 504 4409
109 169 139
11878 12815 2958
1439 2922 7242
8586 10052 5631
1194 18737 4483
6860 10937 4969
5007 8629 9166
5909 11317 5486
2137 3930 7647
6965 13800 9569
9157 11634 9102
17665 18212 3016
8724 9896 1465
265 8143 1693
3240 6240 7943
1401 2066 1584
4879 9528 6281
10134 17396 2939
6042 12606 6819
11205 13803 3882
10570 14881 1618
6464 10251 1002
931 3641 6041
6398 8589 8609
10157 16439 3442
11312 16076 3691
9508 10860 7980
2970 13299 4865
3108 16539 684
3281 17656 8507
2904 14807 3871
600 10911 8802
8001 15041 6556
8317 17540 2903
12428 17982 3841
3014 8980 9181
13495 19322 1381
2031 5366 1561
2206 12666 6636
1149 17768 4685
95 4243 4143
13603 16188 200
9903 16855 4624
4185 17101 7460
5171 10165 1501
5126 14477 5846
404 984 9969
8310 15173 6700
5208 10320 2842
14537 16397 3383
2273 9698 2845
3496 4139 9691
5778 14774 1851
7658 12943 4536
273 6338 9707
11669 17387 6695
2168 14990 7845
3801 9761 6037
10442 16270 8883
2123 13816 8
12915 14949 16
996 10932 2412
2893 5446 5718
5032 11150 1934
532 1794 9450
3044 19358 1302
2349 15979 471
800 1677 9019
3690 12376 9839
3069 4453 8873
886 4343 3271
14236 15588 1806
7737 19460 8043
4098 12776 9007
8009 11366 3615
6799 7141 3350
14468 19352 4909
2922 19919 5549
8875 19701 8336
125 10146 9631
11064 19119 9192
7627 11171 8288
4883 10143 3462
4404 17202 9825
5763 19276 1055
1178 12191 558
787 12963 6933
2178 6597 1966
4041 8152 8498
1009 14205 9074
1292 3054 6303
7626 19092 8075
1092 2461 3380
4547 11726 8561
2729 19589 3663
8179 15238 718
2557 2589 7773
3593 7064 1239
970 4237 3561
10058 16556 5023
6000 7044 2448
4378 11752 7728
552 17292 3435
7961 12720 3907
2734 4110 2689
10331 14478 4333
4806 8622 6857
5907 8715 5787
3565 7096 7631
71 2705 2013
1125 16785 8072
3567 4431 1060
10250 16162 2217
6169 10281 2627
1257 2945 7967
62 1826 9385
5581 14281 6648
1098 5005 7002
11827 15101 8387
5952 18513 9590
1608 3626 9729
4719 4885 2812
14794 15243 5216
6229 18626 990
4839 14944 1153
3407 3675 1456
5690 16148 9798
1994 3120 9887
1579 4243 193
14208 15750 6492
1067 8287 4720
7775 10459 4064
2974 6963 2879
7152 19331 9988
3692 8991 7072
5578 7258 165
7168 17486 9452
1437 6833 2267
835 5774 1871
2557 9981 8469
12609 14672 9024
4829 14835 6126
757 5624 4937
2207 19628 1888
2177 14234 1289
4508 5798 6410
471 11875 1028
2741 5957 7706
302 18049 1975
1467 7712 4007
6445 8575 8039
15241 18721 6851
905 1681 1774
232 5764 7109
1751 11807 3679
10139 19422 4779
734 11141 9126
428 4061 3551
1308 5908 345
7387 15366 8716
9167 13487 7012
11483 18133 620
8553 18558 5447
11351 16241 7728
4983 10360 4921
6606 13686 599
15790 19626 1005
5199 18407 8945
11002 11396 5676
5896 7774 8219
14274 17255 1508
1942 17651 7380
366 18137 4256
521 1452 7470
3894 7240 4473
15182 16522 7596
2594 11518 8679
7677 11855 3818
6191 13769 369
5082 7013 3235
1075 7026 3198
1943 2754 8373
113 5157 1516
5501 16045 8510
6072 16577 2945
6541 16741 2409
3122 3803 1895
5785 15603 4218
5006 15040 7241
9017 14774 956
354 2294 2520
1699 7968 8730
1944 4825 7993
4430 4530 250
3961 4803 2933
3520 13053 1189
12393 13376 2152
10926 18233 1074
9737 16340 4916
3673 9427 6847
13311 15790 1768
924 2261 1573
7585 12592 7216
13156 17766 8824
5216 16586 9000
11226 11997 181
18784 19228 3035
8829 16782 1647
7670 11872 501
1663 4765 46
15009 15757 8489
2312 4058 4892
4241 17054 4659
428 17905 551
18766 19850 5296
1088 9637 5908
2030 9767 3258
5121 19789 478
384 18416 5351
10551 14488 2684
2 8399 5146
261 4202 2703
4859 5811 5162
17526 17842 6128
1465 9401 1306
1703 18149 7638
7228 19118 8104
961 7687 4261
14184 16056 3917
19212 19388 9292
1287 7213 5734
2153 11278 5026
419 3119 6931
165 10112 83
19853 19886 3289
8597 10982 2028
12074 16460 3389
4077 5544 6915
656 9316 3965
6990 9546 4931
772 1379 1993
7828 19110 3996
8048 9727 616
12635 18847 1160
7156 14240 4029
687 10557 2050
2320 19508 4296
1138 15877 6220
150 290 3699
733 18834 8058
2943 18724 9837
8133 14815 2250
3870 5043 4990
6889 17296 9179
1022 9435 2575
375 1412 7472
8199 17679 3465
4682 5401 3743
15219 17705 9380
5107 16762 2032
6602 6871 3807
17318 18379 5595
6408 11582 5599
618 7748 8167
4128 18927 6059
5114 10144 2087
1878 7877 8426
11271 15202 7371
9143 9786 2016
3564 9532 9519
2612 15717 6261
3515 19129 3713
6874 15043 5087
4672 6585 9027
13268 16426 9197
3802 6781 6487
1904 6453 10
16984 18240 537
1168 11304 7093
3311 11590 8796
5323 16760 6548
288 17083 1297
4839 6687 2635
3652 5862 1502
12078 17739 4956
5165 8039 4696
584 2824 4208
6921 7447 2513
15106 17077 3260
3774 4965 4232
8124 16145 8407
5170 10484 6531
12639 14908 8630
5470 10816 9053
2532 5920 5765
3596 13722 7427
11225 11604 7039
663 15396 6664
2952 9478 2923
7070 19658 1862
1230 1953 6086
3041 11790 4240
3604 7697 7333
12423 13201 1762
12714 18178 7081
16018 18938 322
7792 19046 6885
1036 18113 5818
668 5548 4126
8543 9537 1807
8437 12100 5527
2423 9642 3237
2970 5401 7558
10530 12031 1881
12591 15926 8435
3301 16518 3959
3889 12096 7967
3287 7082 8340
5813 16272 9743
6238 16165 8336
5387 13338 2441
11346 14352 9121
5313 6076 58
16351 16616 8167
5235 16144 2502
2286 16442 9080
16364 16618 5309
11329 16766 8916
421 540 6745
12287 16574 2729
5893 19472 3768
9514 16511 2370
9323 16593 5076
8392 17889 604
3097 6887 8043
11307 13333 5007
4540 4628 5554
5006 12470 3139
197 567 2755
3747 17570 8799
3233 18769 1302
160 4894 2979
396 15883 7157
3134 12283 3061
14694 17466 8120
11284 19852 8099
12227 14358 7808
8644 18895 7373
14260 18244 5145
11142 18665 4261
8796 10840 6781
13234 18653 8441
516 4750 1595
1555 9501 4861
5821 15661 5970
12890 15623 731
3154 3806 7580
6423 13213 5125
2295 10829 9122
5669 11872 2030
3072 17642 5275
8893 17400 8077
4326 5923 4615
12276 19246 8124
3544 7746 2932
7236 10220 5906
6452 17609 180
5545 14120 8297
6587 11663 1815
11240 16011 1611
974 15897 3881
3013 3484 864
12820 15806 6271
2225 14397 2334
7958 19545 6492
1000 4508 668
9922 18293 8422
1239 8213 8382
2372 18905 784
1889 3837 7408
13210 17294 2461
13603 15062 3638
1367 9112 6197
573 12025 6122
411 15792 3928
4488 9034 6863
16738 19802 2056
3824 5122 5723
15187 19372 2053
194 2151 1964
6347 19237 6313
1491 8592 4488
6851 10231 4288
5764 19605 6091
4825 16731 7111
1327 18325 8724
9028 11657 1474
2873 16201 4991
2214 4178 6364
3516 11693 4532
1789 8685 178
10884 11066 268
3173 5191 4334
4740 10063 119
6917 17573 1762
16859 19684 788
4270 14007 6648
16166 17345 3740
2061 11565 5829
17646 17767 9118
14433 19149 6990
1660 12592 9353
5558 12779 9150
3016 5458 4595
7925 14373 2607
3875 14409 5673
13041 17629 9973
678 8316 657
14898 17429 7412
1025 11186 7181
2 19720 2769
12139 15179 8702
1206 16102 8929
11227 17917 5007
2279 2396 5548
8401 13561 8028
6281 13843 7819
1456 17705 8971
3808 19938 47
752 9108 8915
841 17102 6468
7984 17878 1141
1676 2974 5272
4423 11040 9577
6637 18120 4850
664 18355 2725
3116 17649 369
1178 15494 995
464 12311 1921
1919 17604 9374
620 9001 3333
2767 3949 5859
123 9614 3716
2992 13786 5437
4142 7453 4607
15399 19653 7582
8949 17614 5657
6481 10061 1656
2444 5782 7065
10696 14089 873
10715 15813 4354
7404 10325 244
5683 9688 9685
7558 15582 6760
1955 2206 5347
1412 3114 9581
9131 14639 9135
13036 14188 6469
9491 15936 1038
5716 9394 6732
215 19057 5415
44 8209 655
2027 10762 6971
8173 11850 6505
3511 18802 1306
1056 4873 2012
1304 8960 1224
5263 19736 9301
903 3053 3307
10026 12663 5631
9080 11340 4381
118 11152 1609
3480 8115 3720
10422 12801 2823
8952 9068 2676
4643 6178 1077
10526 19789 3895
3968 4369 1906
11086 18516 9656
3464 4045 7830
7927 19461 4880
7294 17325 2147
13220 14819 4957
5805 17085 6981
1287 15116 4062
347 5649 4573
5223 13524 2029
5350 12690 9359
9208 19609 2061
5584 16579 5267
1964 4005 3609
4250 14451 4002
3573 4818 9994
14040 14049 2826
351 11664 9024
4292 19580 4956
5332 19771 4217
1137 15762 2404
2853 15367 6748
271 19417 6381
9149 17893 2717
12132 17364 6880
3515 7351 4251
3859 12970 8387
936 7339 1356
3546 9558 8262
2820 4407 7034
127 132 5414
9681 16881 4736
4261 12628 7299
1842 17802 6395
4190 16735 2865
2150 5026 162
2555 16209 2860
13877 17828 3521
8444 19387 9283
1112 2449 9257
15377 18135 9644
2445 15133 6706
946 15985 1198
5854 18859 3970
6411 14566 4235
4817 13319 2570
3047 7649 624
8290 10003 4955
10747 13460 1393
3935 4294 1599
930 7657 9457
10860 16991 7701
9990 19897 4374
8215 12857 4142
35 1931 4064
11699 16114 4093
5232 10380 6509
4477 19996 9810
11068 17195 1318
277 284 732
4438 12808 5446
7608 16082 4338
2842 6673 7076
13577 19334 8772
4658 15185 4534
9280 14197 8823
4437 15752 5841
4378 9948 4316
5448 12723 1593
7272 14709 3599
999 3893 2445
5264 17723 8055
2428 5676 8837
5690 8133 6040
2030 12306 5692
1890 13933 1649
11902 17387 709
9667 16052 9631
10591 18503 5151
10724 11948 5105
359 16688 441
4695 5944 2278
13295 15002 4955
2756 9499 9189
10211 14541 9387
679 5263 2532
3575 17312 9863
12164 13399 9033
3317 5692 250
7737 15573 921
5330 5881 4001
610 1042 418
5557 11580 915
8932 15427 4914
288 324 2119
1969 6327 470
2954 17436 2429
3383 9450 2367
7714 8491 4346
4127 19748 8618
3442 13941 3026
3307 9390 8405
1926 5326 4120
7887 14498 9310
3613 18891 2102
5269 16007 347
2267 2459 5099
3038 12217 9936
11486 15944 8554
10508 10590 9112
4407 14467 4048
7170 9462 2417
8069 8310 725
11231 13899 421
2785 19223 7153
7067 14942 7711
2764 10401 62
5877 9155 7644
14361 14672 3180
6153 16777 276
1077 17356 5607
7382 15438 6741
7413 19268 7418
8034 17526 1091
8313 9773 3612
278 6783 5135
1248 5362 3074
1465 4436 6678
686 867 7308
6684 13362 5746
814 3251 8653
4137 13579 5690
6218 13303 6008
138 761 1101
5922 8901 8513
11384 12839 4853
1997 18304 252
2033 10079 9619
3531 10766 4699
828 6763 2964
2962 5259 8915
10721 11876 1424
242 9608 2077
3792 4019 520
7964 14724 4904
7941 11926 8355
828 14212 957
3687 18293 366
62 6725 1216
7572 8964 8932
8189 16359 2401
2977 9215 11
6066 12838 250
8088 19079 6303
7217 14173 6237
1858 7894 8884
7779 12200 5810
3291 5971 8133
3888 4119 6565
2820 3142 6973
2352 6492 2498
10220 12164 1847
3424 13736 7397
3513 9410 1057
6151 18245 6736
3377 3958 9914
1832 2385 9071
2040 13530 4794
10479 16802 9124
9738 13165 519
11340 18622 8451
4068 5357 6848
4555 15276 7878
7799 13765 6228
11085 17653 7084
4058 12784 6487
167 305 2751
482 847 5282
81 374 5708
9130 10893 4283
3305 5322 8260
7563 17940 8040
4411 17959 6643
3165 5687 4707
7626 8515 4599
7807 10397 4757
16901 18177 493
3496 17109 3163
253 7116 3631
12580 15118 4107
12534 17516 8351
419 15193 2629
13554 16094 4876
8402 10755 1530
137 923 7246
13579 16744 7273
1832 13707 4889
11751 17496 2497
571 2631 372
4246 19002 717
5507 10724 1662
5240 7950 4962
3101 19472 460
9842 13770 9600
9846 11260 5924
1282 14019 7061
1812 7459 3937
6273 7801 6244
1020 6618 9332
562 1185 9647
37 1752 8518
962 970 4847
8912 19196 4257
11049 17671 1653
1334 1400 5572
5823 19548 4009
9659 15164 6692
5759 19376 4485
4711 19397 1866
2892 3460 9344
190 17119 8695
520 10522 7703
13790 18913 4732
1618 2879 5294
1631 8071 1950
7103 18002 3545
8952 12355 7277
3766 13770 6552
60 1001 4518
12315 15078 7802
2598 6414 9660
15775 17460 1904
13828 14531 7521
2084 2331 5604
15163 17582 4246
7769 11957 4421
1249 11919 7256
2072 2735 3910
1926 2903 3738
16436 17289 4679
1466 1877 7213
1957 9313 5416
9156 12563 2541
1986 2847 8243
6602 6826 7424
158 3149 7183
1403 2327 5564
2576 11681 8838
18048 19047 1577
5590 10257 2113
4530 17087 7919
13147 18926 1884
18505 19909 2700
7368 10288 9236
2069 9855 1450
15409 17262 7566
9193 9358 7110
9458 17849 1673
6391 17172 1631
1397 4605 1646
10782 19422 2155
392 6975 6877
5694 9954 4037
1569 3975 5468
9618 15908 1256
9598 16163 3477
11679 12209 7288
763 1683 4115
16037 18474 9132
9640 9828 6370
2541 3003 1196
10088 19138 8837
1606 5034 7400
17428 18016 7402
8459 13617 2954
11778 12788 259
736 740 5658
2463 19239 8662
17783 19141 5243
6579 17378 5227
6940 7106 9737
11860 14950 9457
6484 10055 7072
1323 1789 1492
17574 18864 3765
2564 9177 697
9382 18961 6402
14036 17498 635
4176 15121 7786
12440 18451 2036
7997 16724 5402
2740 15862 2455
9122 18541 5659
7274 19882 8679
9302 17472 4711
1499 8764 6447
5592 7952 8432
2142 13510 2492
11371 14601 8988
1137 1342 3938
13012 19355 6577
3063 13654 1638
15381 19508 4209
5207 18696 9726
8814 9863 3422
3637 15541 6419
8839 11496 7412
6347 7013 9351
2716 9213 8885
8994 9938 2982
11643 17637 2374
3322 4069 2741
16378 19464 609
838 1079 202
2947 5668 7209
1172 6779 1146
2891 15469 5892
8027 10340 1740
3216 8389 7471
4990 13246 1885
492 748 1068
8811 14920 1771
3420 4939 9608
3082 3110 6531
2041 2277 4504
2943 7705 6913
4068 9754 3268
9935 11587 2242
6077 15929 9405
1852 19240 5875
10395 13857 7802
5556 12513 8843
7571 7739 9552
1021 1419 468
272 10823 9378
5410 15490 1818
350 2322 4214
6803 14165 185
1349 2844 8591
2317 7730 1517
1790 2100 1416
6120 13875 8918
981 5950 3234
11506 14834 6603
2741 17905 9321
2845 8270 9956
1824 5131 2644
2340 19395 1955
12367 18041 6589
270 2243 7567
9894 13955 3348
1018 18193 2437
15282 15874 777
6432 10944 3719
14087 18104 7374
2242 12839 9614
10727 14275 8082
533 17638 2312
8762 9240 6094
4133 17761 4898
1851 3683 6173
407 1077 3143
8065 16775 238
240 2015 5552
10228 13196 9761
7272 14479 3814
6222 7216 1413
4127 6958 6682
3302 4374 7238
2402 4657 3700
6696 19826 509
4274 7053 3440
2229 4975 8800
11237 13287 3846
1821 8174 7141
1503 7887 3127
3918 17662 2722
332 5764 4304
1636 1896 296
4149 19118 9888
3890 15564 4889
3752 17610 2192
1373 14673 5906
8949 18792 8731
321 16302 2030
6259 11636 2903
206 13417 3834
9900 17196 691
5938 10904 8035
477 837 9733
2123 4786 4699
703 4729 2917
3698 15847 3316
7298 8139 7678
1301 6755 6436
14400 18038 6497
5104 5106 3179
5103 9672 6990
151 18971 924
14163 14790 4534
2672 3327 647
2719 4142 4992
2829 18915 9357
9855 15398 2241
9589 15345 9377
2251 12435 2555
1297 13729 7116
6172 12283 5948
6609 14228 8134
148 362 1630
7909 15970 8562
3469 7620 6460
9844 12326 9602
6315 13055 7282
7588 9741 6988
17898 18047 2623
1269 16644 4741
849 2017 257
18351 19868 9221
14145 17603 4071
17042 17964 936
3231 15475 832
565 1587 6662
585 1022 321
16498 17141 3778
13871 15462 488
10466 19628 9997
1909 7601 1096
3901 13727 9040
4590 9257 2690
11009 16430 7403
2910 8284 6284
11391 16532 6223
12480 12649 5071
2093 6264 10
3075 12067 3473
14898 16564 4714
1675 1764 1756
5944 10727 6698
14629 18371 1236
13470 16560 5802
10307 17924 9492
15440 19154 8693
4572 9833 7968
14888 18712 405
5342 5995 3051
2562 10155 5718
33 7966 2033
412 4595 2007
14177 17587 540
5032 11994 2134
12325 16663 6901
3068 16361 8602
1744 2010 1113
11738 15534 3741
1622 4345 9730
1016 16042 5826
756 1954 5775
2119 9452 4157
11132 13722 627
13191 17846 8895
6200 19166 9645
8618 12798 2133
127 6150 99
5919 16841 142
3532 17066 4043
1202 9453 6560
4226 6720 5091
3788 12413 2368
6567 14553 7366
1139 19648 367
476 839 632
4343 8600 1909
8408 8551 5263
235 7979 9802
3880 6591 5966
4425 4520 9873
1131 9913 5076
2838 12072 2798
13241 14725 8766
12152 19665 3012
11884 19378 1578
11023 12498 2836
9256 19103 4557
14545 19197 9318
7259 9221 9160
4118 16194 9959
5694 10972 3498
3485 10562 840
9544 11174 8499
16711 17348 74
15138 16745 7352
639 4220 3513
6458 8539 1035
15063 16535 1774
1918 4060 8667
13402 13729 2737
10615 13922 2552
7817 11511 9266
6075 13494 5765
6035 14589 6811
4031 11325 1505
8756 14202 7520
4933 5832 4837
9369 17641 2285
5741 17559 4726
6002 14880 9365
5547 13929 6016
4690 7201 8537
3433 4720 4647
9449 11746 4421
6969 7024 7729
7308 17925 9480
6991 19961 1394
2008 12028 6559
273 6518 5216
902 2561 3173
13400 15210 2993
9956 13965 8267
6333 12506 533
5661 16266 8545
16180 16800 6700
8581 10121 2688
11514 16428 2505
15149 18975 6636
678 1693 7441
1418 11845 9332
7238 8194 1204
6744 12529 4942
11596 14083 2237
6779 16394 2916
1942 8117 5817
8240 17582 5711
106 16847 9405
3670 15894 9274
4011 8302 4049
742 7575 1115
16636 18746 7664
8764 10593 9142
235 1782 2868
3893 14536 6475
4504 9268 6962
2430 18418 7115
2656 2970 9606
432 5065 6117
967 8811 6614
9010 16871 228
1082 5914 8098
3333 11550 1742
2619 4205 9316
2587 7332 8980
995 3609 782
4676 17600 3629
7798 12198 5591
3861 16706 5662
5486 6076 4820
91 621 250
31 646 4922
2006 8104 3808
9172 10729 8300
4921 8880 4672
8559 10671 322
2098 2727 9356
8236 16415 7810
5735 8416 6676
7837 17100 7739
8400 19339 3759
11230 18646 1794
348 1509 6375
3294 4475 1824
1101 1120 7264
7781 16803 6444
16151 17822 2539
1400 6821 5647
7436 11620 1862
6725 15356 4219
1450 6487 7873
9372 13724 9100
4367 12036 8741
2148 4073 3745
2341 13752 1561
5124 9928 1062
10354 19302 1826
4504 9363 3858
6749 18829 4381
4781 8098 7555
6212 6660 2761
9245 10693 4221
13953 15930 1112
11183 19830 521
3654 19872 5799
3764 16027 2305
6246 10450 1003
10491 11356 4904
365 2531 7490
322 8376 2993
2423 8942 3870
3667 18534 6595
9056 19552 3202
193 8756 9180
4413 5636 1488
2144 6089 7853
469 12714 8448
5052 5069 783
3559 12543 6785
910 2026 2836
3404 8913 3418
5495 15012 756
12890 17302 5432
8196 12464 9490
15532 16430 6079
9267 16413 4125
18242 19089 8177
808 1187 8259
7269 19829 3967
8546 10679 931
4572 19793 7163
1864 2651 8307
1329 6836 3799
4830 6587 639
8198 18768 8826
14220 14697 3755
11705 17017 892
3676 9976 5776
3599 18092 2305
2303 3601 6065
44 4406 3555
15042 18933 2733
4983 14307 1188
9443 14609 7208
11703 17774 3637
6910 13592 2222
13587 17698 2100
3271 14957 595
2995 4653 2401
4369 11196 2982
1481 6504 274
13326 19860 3543
3111 3172 7020
3416 6326 9810
9042 9824 8279
4714 10945 9960
2879 14568 7331
4501 18215 1309
14509 15842 8437
280 470 2883
12217 16945 4507
4108 4926 5371
1069 1717 1687
301 8621 5781
3100 9486 9296
6282 12644 1360
12182 14961 2410
7856 10989 9296
188 6698 2101
3451 16155 6254
10006 15453 3816
2190 19396 7482
5135 15391 8305
14542 16785 7548
1566 7392 4648
2968 13437 6123
2027 5867 5050
880 19626 7611
4413 4599 8555
14105 14213 5262
14424 18784 3914
8715 13215 3939
7517 18328 1582
7378 8674 8274
4153 5456 9003
4478 7185 5931
283 1251 1556
1425 11916 2237
177 831 3382
2460 17056 8087
4169 14117 8407
2053 2692 6954
15490 15949 4654
7650 8657 9262
15454 19840 4831
7521 9173 1907
359 5298 8651
630 7581 6279
17876 18342 4520
764 2835 2307
9673 9808 39
10259 13510 4655
2131 10107 3114
4278 8792 4506
2708 8590 5290
73 680 8103
1327 11760 9178
12611 17992 7163
8385 10410 3645
5460 15426 4840
2328 8226 5330
5420 16071 8807
1104 15143 3525
4410 17580 7325
6761 6837 8111
4460 13192 5029
3197 12528 2277
6193 19528 8316
6446 11031 3928
2592 5701 7131
11974 12508 815
13019 19491 6724
1682 2945 1634
1150 5265 4439
629 18342 8905
218 2737 5495
10040 10055 18
2287 3882 1258
15060 17279 8435
9669 10098 9160
4983 11779 6527
468 2091 4876
11301 17702 104
3194 14107 2569
3531 10181 275
12963 13765 4034
10336 14832 5524
5532 8400 4400
12478 17060 2282
491 4398 9237
5656 11441 7201
2166 17514 3384
4008 17749 244
14481 19251 6620
10157 12508 5368
6235 12707 7941
8194 15992 9270
3234 3719 5293
10251 13259 3924
547 592 2633
3884 17812 2925
5410 14615 1933
3956 16842 2387
3480 17408 2306
15966 18587 9909
9626 10044 7173
2166 6780 9727
3734 13143 3823
9903 18957 1575
7529 10519 1841
3219 5816 19
4110 16727 344
7003 11130 1701
1451 2789 4498
2043 7742 9233
15706 16871 5736
2868 5702 529
5579 13599 6334
4441 6037 90
6426 10662 5689
5039 8066 9651
3529 16587 6177
8548 11165 7519
2979 14161 3695
14050 16518 4619
39 3476 8158
12958 16749 5242
2663 4108 5039
3765 11130 7872
12517 17633 6305
3877 9104 3870
11703 18753 2837
7 176 2983
8668 18936 1591
3205 15946 9309
1329 1974 212
6601 16700 8400
128 4114 1735
15099 18604 8847
4602 6664 2218
1091 11497 735
605 7764 3009
2584 13695 3784
17619 18772 7554
5603 6058 2643
4478 17670 6210
8347 18852 2210
17852 18561 9060
874 3075 6625
5953 12164 9182
6002 16134 3131
13138 14050 5966
1920 19532 654
7921 8687 1077
4010 19678 1804
3315 16157 9379
192 9437 4874
3851 8401 668
17164 17879 5076
2961 3037 6529
17018 18211 4589
813 10346 6155
1772 5847 7100
574 11743 5084
2702 16861 9532
233 1249 1796
2694 3681 1025
7054 17313 6045
8655 14063 9904
12542 19718 3176
8443 15396 8514
3545 15317 6758
930 938 7338
1166 12767 2637
239 736 6955
4154 7551 1888
2730 7202 3487
1075 12283 36
636 16159 853
7378 16178 2535
1897 10543 590
106 873 9461
8020 14036 4057
11074 16975 1907
3872 8042 4548
10705 12734 8473
1834 16497 8202
10205 19414 2142
4569 8012 7118
8893 14093 8289
3269 7028 8864
12712 18936 1580
13131 14320 4018
7329 19815 8546
5525 15058 929
334 16127 7927
6002 6744 157
291 2803 3129
16823 17478 7851
3164 16187 8701
815 1610 9673
4690 12840 4500
3027 10469 4313
4248 12903 6964
4528 11579 2670
10901 13161 7034
4401 7764 762
2221 3833 7213
15708 19481 1593
14218 17023 3781
1449 3829 3832
2460 15087 6429
13638 18150 3938
8074 13047 5998
3828 4341 6083
6688 8638 8352
155 1808 1033
12175 17492 8291
349 16105 4057
1318 7889 7158
2633 4640 4436
47 404 6782
10845 19404 3990
16438 18461 2825
12099 14827 7174
4956 6308 6114
6042 9371 6735
5323 12307 1542
8025 8901 6563
10809 12721 7863
6767 13958 8970
1162 1259 4324
2769 4772 3839
6274 12803 270
2167 18802 6047
454 11103 4005
1052 1315 4573
15173 17954 3480
14256 15859 7743
7451 12877 6430
8224 11693 8802
6061 13937 1469
694 1253 5835
255 14205 351
2635 4932 1626
284 19681 5758
14557 15067 5449
437 1244 2686
1413 18118 9568
1617 13157 2871
6380 17760 7476
11162 17338 6169
2073 2851 488
4214 16866 3925
9883 10894 6697
12329 19561 1823
3177 18894 1557
7321 7930 9997
4273 12507 2605
4992 7529 34
6293 7872 7725
3847 5745 3137
5291 10097 6074
9504 13187 7942
4192 14263 4877
9527 19545 615
211 16939 6372
3756 9754 87
5777 13468 2622
5190 5209 2949
6073 6581 3107
4366 19914 3959
2813 8991 8808
1473 6777 9965
18291 18390 2454
4029 19423 1715
12911 15637 8500
2589 3489 5124
1675 12881 6117
15837 17810 1194
1400 1460 4380
8629 15961 7167
1372 3978 4010
7341 16641 947
13325 13863 1779
2166 2276 6783
2868 3391 4699
8214 11853 1248
30 6039 3236
10217 15538 6830
16666 18053 2499
9660 13283 9657
1984 3290 8844
7438 10223 6577
1215 19214 2880
10048 10719 4908
5278 13486 8218
10034 18054 939
1015 3743 8488
1972 2724 8176
131 14874 3815
8171 10805 245
9715 15701 2865
6398 13842 4610
841 17530 6670
11167 17394 2508
1872 10227 3498
4378 4834 5886
10128 17137 4950
4626 10146 6445
1191 1247 8476
3660 5698 1262
789 5928 301
15302 19154 6344
7082 17466 2726
2533 4793 3960
1540 12729 589
3434 5921 2358
4242 10105 4672
1339 2370 7617
11477 18957 3726
341 4300 5223
131 1948 3793
5564 13279 4571
12149 17918 3756
11115 15565 38
5714 7777 2829
15057 19228 4014
8453 11101 4808
8408 16233 534
3617 8819 3671
3251 7857 4172
4249 8091 1634
14606 17533 9922
10463 13304 7614
6775 12263 7831
2697 15114 8364
1664 1930 9351
5928 15921 1451
8939 19541 6618
2454 19515 2778
14643 19890 2546
4753 16871 7233
3423 11509 871
10382 14878 5301
6299 14932 8563
12663 17903 8402
18411 19568 9030
242 8641 1509
11643 13240 5648
3466 8383 2995
14236 14438 7028
479 18441 3665
52 192 3333
2700 10848 1192
2345 11726 5523
2676 4101 4607
3424 15935 121
751 18433 453
1758 15089 301
2109 13758 5215
10201 11732 7695
10530 12838 5834
9861 10154 1683
8118 16019 7345
5200 13601 9610
543 9656 968
994 11773 795
5983 9279 5651
4961 15597 6846
4532 19830 4538
7220 10995 641
2410 12094 3534
4192 18454 9628
11365 14554 5687
10277 12926 7728
2568 2620 2200
1386 2907 5562
2478 15357 2572
4022 5040 7777
3101 14875 580
47 84 331
10257 19214 176
172 19400 3172
6731 7876 1020
5256 17305 6784
13383 19238 3234
3030 12535 5330
6697 18503 6446
2500 13113 9799
9557 16453 5936
8040 15113 9525
10695 14842 9657
7 4188 7246
2971 6313 1796
622 2609 8468
76 823 9043
411 1916 1987
9353 11499 7830
119 16770 5211
3559 8050 633
12908 13330 4364
8193 16524 7467
2898 12743 4324
6966 7757 517
198 8254 4193
392 14424 8188
116 177 6090
2896 3620 4168
5664 8958 9600
12181 18302 8671
36 8970 3652
6556 11887 4503
5367 13938 7472
13051 13506 6185
2454 9254 6330
2349 3121 2050
7932 13961 612
7342 19523 7007
404 12269 6590
12451 15806 8619
2660 6937 8892
7676 10545 1776
3017 13358 457
8820 12194 5714
1052 5467 6102
4457 5847 3103
6908 14965 2214
15175 19951 2995
19629 19971 4840
23 8207 7684
11364 15198 3137
1164 3081 7485
14589 19128 7910
14824 18425 8228
11518 12323 7027
200 15934 9008
1621 18005 800
5652 15814 7795
4405 5029 5455
2176 4327 9628
8183 19431 1589
15527 19498 8558
601 18375 6833
4420 19042 2143
9507 19423 6932
858 7516 318
2041 3909 6325
6006 13026 3295
10677 19298 4920
1049 17666 7245
16404 17219 4591
4059 4291 9115
1592 3648 806
13115 16525 9711
13028 18056 9592
6917 7480 2256
2298 3478 6749
1261 3642 5034
117 19351 841
3139 10819 7636
3325 14822 2794
4127 4786 3522
6900 17383 4982
5162 11819 9976
6613 14266 4217
6798 8782 4956
2281 5001 9401
4003 5684 3139
4792 10299 8897
3084 12466 6379
1204 3602 3555
8080 13379 2913
3566 13759 6128
15781 16310 9305
18807 19098 1944
2506 19776 3735
6039 10972 3635
10136 14331 6045
248 692 2102
12513 17596 618
653 3083 4066
20 773 911
6461 7486 2037
39 252 9804
4699 12146 6383
624 9023 7043
3080 9713 3080
2842 9848 4335
11815 19803 7896
9088 13809 5738
5255 9601 3714
2161 2379 1468
8741 19577 4360
323 14888 623
3439 7096 2574
18159 18654 6962
1504 10080 243
15144 16671 6335
9320 10593 164
383 15107 8028
3682 14332 3978
58 2174 4973
4583 14460 9542
983 8156 4127
4511 18614 3803
12933 17845 6411
3777 16027 7753
4871 17074 4755
11981 16471 2443
2830 14632 9952
1308 10534 5866
7813 14354 3017
11010 14379 9102
6806 10239 5628
4939 9609 4092
13416 15607 649
3646 4555 4200
96 2796 5062
3340 5085 4673
13071 14186 5068
1608 4696 277
12029 12079 8950
5240 12179 3331
8507 12647 1400
1506 11795 9762
5100 12375 2375
3343 11228 963
3174 10464 830
1519 6128 3057
9062 10682 3631
538 2861 3809
800 1164 1871
8111 14327 4919
312 13295 5864
6384 14907 8085
5237 14217 604
3021 6277 1568
3146 12537 5072
3668 12276 7037
8947 16135 1402
4436 18667 8341
1849 4927 5630
371 11304 7242
672 13643 3176
2400 12358 8346
6261 15240 9026
3600 9958 4442
4 8707 9697
16592 19921 3369
6852 13442 2038
14221 16640 3788
8273 19240 789
680 10622 35
1800 12247 9910
11065 13718 9183
6591 12386 9073
4901 9341 7635
8393 17615 6378
9643 12112 1607
651 15076 1565
7293 11177 53
5367 10141 5142
1004 3425 6959
2097 12954 1925
7439 7503 6299
3801 13583 7954
7537 12187 9132
4661 11786 3956
4914 14037 9671
4130 9321 8794
4630 8564 6107
2635 4075 8989
8767 17002 4213
5954 9832 1079
3457 14973 7848
9288 13808 4198
5237 18668 3542
9805 19373 3308
3136 3754 902
1295 9759 4522
4871 5068 5000
3530 5528 5035
15295 15798 7632
5811 13164 1511
4534 7313 684
3647 16113 5043
4031 11846 3606
7191 17338 4428
16549 18564 7472
4748 6528 4358
2476 19159 2140
11388 14829 775
1215 2030 3888
7945 16474 8348
18132 19455 2875
9361 13084 9761
7740 15486 3685
6457 14741 1541
229 551 1390
11409 19751 3603
3474 9847 5497
4944 6112 6153
2614 13254 4724
3607 8632 8914
16016 17037 583
3634 18759 4528
15021 17072 202
80 10201 6969
7071 9367 4985
16427 16709 8891
5962 10310 532
602 1485 8815
3712 15442 3637
5887 18144 8096
2743 9699 5449
553 8430 5045
3985 11001 370
6193 11194 7851
3880 3968 7191
7410 14754 5285
5650 7785 984
11905 13354 8473
7381 15100 5573
4136 17940 5243
12826 13529 4002
11323 11606 6570
7655 13461 1392
10581 17229 2706
4067 15050 2540
7256 17640 5116
5570 9908 5347
183 496 5159
9778 11723 3164
3794 8740 3305
3578 9618 8830
57 4115 186
5185 13463 5421
340 14909 8920
7159 19107 84
1186 1417 6341
968 9778 3210
7 15783 897
16 217 1404
14841 19702 4983
7676 17007 8138
2521 8530 9506
7169 17365 6530
3127 5291 4720
10174 19180 131
9625 15735 2410
8513 11277 8995
10202 18802 3205
4701 5667 3856
69 144 437
12826 17317 3035
7873 18280 9099
12497 17343 6362
2205 12437 3867
1144 3312 723
2237 5267 3499
6675 9089 6163
1844 3454 8544
1191 16509 4134
4177 7280 9576
4625 8633 8492
8115 12142 8760
2919 4675 5553
6168 8204 3779
4653 5092 2585
7399 9305 4837
291 4620 5048
4973 6605 3157
897 6651 3302
5883 18142 7993
2165 9685 8697
15801 17880 3197
1507 2652 1617
1229 5051 4902
3202 4352 3691
3118 16825 1191
1420 12998 5809
7497 8205 2152
1910 8259 8684
10971 18664 6739
778 1353 8422
6262 19292 6732
5017 5759 1809
952 1433 5124
749 6571 1672
701 16337 5254
4275 16143 8705
9598 13040 5797
8304 13545 9443
15449 18961 737
4161 14417 3297
6594 12092 9343
17480 19765 4401
6032 6402 3578
11057 11237 4506
3635 3943 3975
17264 19816 1684
2677 3557 3381
11137 19818 445
2408 14847 5659
547 13015 9457
212 5436 9788
10187 10896 5685
8384 11852 6494
8591 19852 2670
10436 14715 1265
1529 3737 8917
12879 13378 345
5508 14412 9
16849 19971 4333
3902 12554 6867
824 13477 7082
8213 9544 9190
17619 18115 8847
9008 16483 3858
5477 17727 6628
335 467 6210
5908 19188 8369
3568 19838 8540
669 12034 5332
5087 18483 5459
3491 17430 8268
1253 15697 9347
1919 11992 951
7618 9753 6809
10107 19567 6651
12145 17734 8330
2327 7520 2025
12115 12896 8396
2057 5083 6090
1624 14478 8522
10461 11853 1214
9400 17958 6540
11889 17732 8494
11777 13069 9840
8917 19903 9615
710 5506 8021
11807 13617 9833
13463 14250 3960
11046 14365 3604
1813 7645 6361
4306 15581 1530
1683 3203 4431
1718 11896 7937
6920 15936 5061
14204 15797 144
15812 18111 8589
1128 19250 8269
1400 3790 2744
6488 13325 8698
1805 1897 4762
3457 3979 9438
6200 7324 5708
4301 5935 8916
2856 8675 3184
13713 14577 4172
13 875 6831
9286 14708 1554
9292 9396 9612
401 7942 8345
5929 18296 6100
3191 15355 5392
11221 17961 6657
870 5874 7131
10712 14466 8588
8930 14046 2924
6981 15174 6112
1105 3227 1993
15814 16685 6870
3343 12243 9874
780 9471 9821
3399 9547 5090
4345 9850 225
11938 16995 552
45 10468 1761
9900 19550 8354
2961 11852 4467
4492 6812 6107
4550 14145 3603
11581 15325 5076
225 2922 5038
12764 19948 7165
10489 15256 8822
5305 16990 8908
1955 15767 7288
15045 17273 1520
5486 9307 6442
1064 9200 6520
1782 14704 6269
4632 11347 1246
6427 17098 7487
938 12652 3199
5025 7551 494
8820 14514 9946
10101 13031 2858
2942 13470 3462
14188 16136 830
6734 11353 1107
7298 16971 4506
3959 19237 1210
7408 10403 5477
57 77 2297
9836 13532 6517
2082 6714 8886
75 254 4605
4473 18566 373
8830 15157 5859
3571 18767 1376
4198 6012 1058
503 19050 7243
6990 17236 1718
2518 11347 9129
17466 19883 1483
3343 12925 9312
2426 5699 2050
10380 17599 5871
1573 2871 7656
7222 11180 5267
806 19217 8590
15859 19850 2277
111 3244 4902
308 3347 1385
6989 11861 6505
21 870 958
13630 16274 3679
2884 16057 5122
14800 19195 2695
6301 7085 6609
824 2014 7938
2673 10302 4058
4847 7144 1737
4167 19990 7614
2975 3735 2727
1615 3795 8028
817 18836 2222
2160 14698 9080
15831 18106 4157
6045 13395 612
5153 13609 7312
2641 12894 7652
4298 7234 3415
4937 7470 4821
311 7974 9193
12611 16749 3346
2547 8944 8938
5519 18981 1039
125 272 8966
2410 7148 5307
9181 16542 226
11864 13427 3762
9952 11271 7254
7097 14626 7086
2251 2652 9279
8634 10509 7076
11945 13180 5835
1225 8536 1652
10821 16347 430
857 8872 1493
2958 15125 4482
6321 7597 7263
1094 10133 7374
2725 7314 6551
480 749 9192
1818 16574 4811
5004 17164 348
913 1746 2412
658 11987 3264
8287 13022 1727
11124 17678 1901
2783 10686 2205
1533 4236 7528
3714 12259 6240
2100 11029 2832
1875 11354 2766
2412 17037 1203
3405 17147 4559
881 4995 6841
4174 5044 9196
10796 18368 5454
15816 16602 6603
652 13543 401
4623 6852 2684
3175 16427 5427
846 9927 8668
228 344 4104
3946 4370 938
1631 2527 5351
5293 7781 9968
8429 12173 5807
2252 8401 7645
1786 4703 4923
688 7395 9019
1273 12736 9354
171 3419 435
172 5678 2746
15242 16301 5650
8891 19071 2183
15575 17903 3173
4846 15316 5858
243 1055 7008
101 1686 157
697 1281 3645
7695 17366 8059
3215 10081 1865
938 15046 6006
11424 19513 3692
127 13610 7909
13224 14132 3889
2551 18777 1643
1182 4334 6683
3762 12366 6305
709 1435 7041
138 5114 8464
2430 15110 3962
4801 16910 9848
642 19049 9882
10908 19757 8923
966 1112 9883
2451 5877 8790
5840 10375 6548
902 6579 6617
3531 5664 5045
9881 11391 4001
7236 9436 2348
880 11955 8531
14366 15795 8802
7704 17692 5163
13540 17713 2024
13 8488 3961
4855 15023 515
6203 10522 5923
7173 14591 8585
1219 12901 525
8855 16493 5071
6004 12258 9633
484 1061 240
10623 18268 9577
4530 17713 8670
6585 10267 8380
3258 5559 7733
8644 13943 8057
7071 7256 7080
2519 9545 3920
9523 17385 3684
7265 18346 9233
242 865 5164
10104 15873 4002
5845 15038 1216
17722 18048 3377
2432 4908 452
4337 13979 5722
3702 18218 4002
1871 14802 8725
16467 18637 8972
1020 1135 9129
738 14794 1737
3911 16630 4007
12724 19923 539
264 733 2582
14442 19238 1581
6772 10061 5369
472 598 5654
12115 12334 5517
3 6695 8015
18594 19360 6584
15964 19957 1046
7527 12350 7137
7578 13160 4357
193 1374 7348
456 7762 9370
5249 12828 2761
4886 9095 972
1095 1307 9137
2009 9253 6192
17563 19708 4985
2298 15444 8866
1871 13918 6400
13913 19290 9122
2360 5304 6854
3591 16138 3988
1940 3043 4585
8145 19542 2319
3434 4816 1418
3176 4152 3300
6246 6390 9908
3143 15322 3108
4224 9800 7023
9615 11992 2415
8699 13325 107
3732 15409 2307
6422 8371 1421
4901 7176 2676
7975 13130 45
9391 17985 3132
10783 19088 7661
328 10033 658
2604 8653 2427
9710 11666 9946
8857 15371 6877
10204 12953 2364
3241 11261 7277
6285 7969 4759
8875 15343 8461
17461 18407 3587
15871 19003 9063
822 8748 364
11852 12214 869
10374 12899 2494
3261 6321 3756
542 1103 1090
4990 5030 1968
14457 17026 6711
5627 16713 4037
1003 12771 3166
451 5017 7303
13767 15879 7610
1285 3244 5872
1834 2761 4821
399 833 3275
3318 10795 7144
15742 18021 2790
5580 11035 3366
11951 18150 8980
12887 13435 7037
9581 13522 4470
3663 4301 7919
6399 12284 641
963 5135 2845
9940 10812 9928
7737 15293 7969
5990 14806 9399
1569 1847 8415
3998 8795 9239
1296 1450 1979
947 12049 7495
16516 18962 4013
5265 5286 4741
9850 14127 3044
9687 17052 6334
12933 13853 4186
7643 12100 2956
7467 18974 7528
4020 10054 6797
15445 15455 5034
3331 16894 845
621 7266 520
4979 9902 133
1167 1316 3503
146 894 3357
1983 11756 7807
9175 17563 4151
12667 13055 8287
5525 13726 7137
10098 17561 3654
2106 15553 9818
3262 19076 5734
13693 17778 8705
2907 8026 4194
11821 12109 9149
1787 10659 9859
14722 19403 2053
4703 14713 7224
12510 12590 1828
1432 2447 4991
715 10838 2928
1097 9545 7762
3528 14869 7415
541 17223 676
5226 10455 3885
1478 2489 5308
5463 9977 8544
8365 12080 442
5740 7815 9359
5961 8989 5676
2499 16564 2080
6072 11615 9054
5632 12787 1954
673 1818 6630
2513 17764 355
8742 15480 9072
151 2783 3205
358 1402 2111
2865 14089 8199
14936 18493 815
2064 13380 4998
840 915 9205
2835 2908 9006
10492 15763 6646
2774 3395 5094
273 4579 3070
355 789 4280
8943 17429 3420
1072 1439 1266
5420 11488 6447
5688 10644 3992
153 11685 4073
5109 13658 4329
2123 18089 4254
641 19597 944
9638 14668 4618
8501 12829 7491
8101 19155 9105
9319 15637 4863
7499 12081 2003
3264 18647 5771
1538 3394 5160
45 6295 9877
13076 19301 4340
4658 13528 7658
6366 10991 9645
1980 3421 237
13389 16358 3030
604 1981 1319
6327 17861 7119
2841 8047 8201
5933 16255 1978
6390 13086 7493
4997 18939 46
12391 14692 6170
3544 12391 9536
4849 14461 3636
10625 19602 2353
1458 17161 5092
3373 7784 520
3491 19582 6005
464 4263 2182
2623 12958 560
4031 7082 8649
4753 7848 478
14384 16313 3519
6767 18634 1152
14334 17438 1939
1988 9553 6927
3755 9438 9316
16171 18861 2939
16508 19987 6117
6704 12596 7868
794 15584 7033
6338 6491 8069
11227 19313 8152
5707 8721 9454
2983 4819 6557
9222 19046 5020
2416 8310 4657
2564 15637 3473
1219 11230 8872
7146 8663 8240
7586 18611 7152
4954 10633 2710
10913 18522 7605
2004 14122 9230
9548 11042 4087
627 3147 6826
8789 9099 3570
8707 12490 1517
1080 14352 4195
16642 18001 9513
8049 12073 827
5675 14327 7972
3272 13125 938
16344 18828 8501
11241 12750 9264
2985 9956 5751
9114 14477 1992
10974 18697 3569
1983 9071 9161
6286 14574 7601
12041 16997 8268
998 2625 9805
2447 19140 5279
11012 11226 5147
5801 12602 2848
5408 8369 7984
2503 3188 2158
6488 19971 4350
10100 17423 4180
3440 10032 5070
9647 16809 6370
6439 17329 8446
15760 19788 5587
4094 17153 9126
1978 8142 3247
301 1333 225
14364 19800 8634
194 4686 7802
422 625 2300
7431 11091 9169
6446 18061 3637
3288 8853 4705
9776 17196 2866
948 1191 4068
1773 15928 6475
5234 10536 4828
10082 10599 7887
4439 18996 9886
3020 9878 826
186 2238 2274
8916 10322 5098
13412 16297 3206
6119 18842 2686
2648 15527 365
1156 12382 8429
3291 4423 1845
393 3486 2087
10189 12648 8722
7948 10657 3603
3495 6905 2071
1191 1850 163
7477 7745 5532
13762 15402 2858
8782 11918 3945
9728 12922 9544
11799 14048 433
5886 12749 1494
3662 8000 7719
16779 17463 7066
1714 18098 854
6619 10256 8332
11357 11585 3114
645 7420 280
10715 18037 8380
6365 14509 3308
2664 15051 2616
9583 10748 3307
1745 11392 1186
5940 8206 4030
4089 7187 2147
5562 15743 5504
9669 10182 1912
4662 5514 1097
2709 10153 7690
6717 17299 3901
2428 5605 1832
1280 1687 6146
3970 17894 810
582 17619 8304
1172 7750 6658
11752 17023 7920
14497 15723 253
1989 18417 6470
1844 5994 5388
5128 6645 3351
7858 19006 2883
12568 13414 9958
177 6345 8700
10549 17661 1328
7527 17049 3456
135 4360 2718
18775 18958 5225
840 13850 1741
560 9106 1663
7417 10216 2223
6589 7968 4074
399 8158 3481
7083 7880 8349
12921 13684 9163
5784 15054 7435
7752 9713 3224
10046 14488 3875
7574 15388 4340
4817 7144 7784
16029 16263 1099
3368 15337 55
14279 18527 6005
2908 4866 1178
4833 10062 9217
14990 16792 2688
3288 8518 744
10082 13504 8612
12135 13959 4975
11094 16364 4711
1752 15192 205
3390 5801 288
2534 4569 8308
15727 17137 4956
3156 17399 8470
1117 17712 5304
9243 14653 2767
1158 11442 6595
15144 18557 6044
4279 10182 7337
3653 13751 8751
1596 13191 228
2668 19359 5228
6781 13221 9814
1935 2444 216
6453 16465 4371
9218 19752 6782
3701 10533 7854
1035 11595 3115
1728 19935 8243
15209 19108 9399
10909 17350 7976
9372 11805 7518
2412 8314 1875
4916 15972 5168
3005 4731 1762
1967 11360 2782
6630 10759 2593
2153 7722 2618
4378 5149 1655
782 3559 1050
3525 11982 618
17717 19538 4483
3083 11811 2237
14940 16968 9078
3199 9067 7018
8848 17342 2070
427 4776 2562
2481 9490 9274
1043 4649 7373
4138 5024 2949
1540 7990 3500
5242 11514 5636
13829 18305 2589
5484 19320 2686
8270 17483 1072
3661 9785 4439
980 3738 25
11848 14053 9108
6706 6741 6992
9808 18732 6628
12474 15082 8500
259 2073 5070
14992 16216 7615
4958 10000 9401
4285 6258 6233
7460 10110 1379
12232 19873 1643
3055 18656 6702
4497 15308 6955
1495 3622 7022
4273 17277 7153
2149 4401 875
2826 5010 6561
2715 13859 526
8141 12273 949
752 1960 8130
326 4009 734
1118 10082 7718
11101 12952 1446
8958 13756 9014
10362 15722 9133
1608 4664 831
13068 18061 352
5831 11457 3058
2916 18455 1534
3345 3712 3732
961 16133 4696
2963 7639 5199
8691 11504 9670
3927 10295 5388
4762 15075 6498
8224 17075 3751
6889 12989 8209
7280 19835 5939
3507 15030 9226
7176 19028 4309
15915 16108 222
7289 9608 6427
6557 19281 5432
14541 16513 9140
5088 11013 6200
7975 13365 1776
5701 6901 8812
702 10251 9952
6539 17494 1129
10009 14708 6446
927 11217 3114
11966 16695 2853
4911 16256 3779
8067 8348 536
566 1785 4224
5795 8585 6069
653 4791 6044
7536 11502 8338
5815 13483 8474
5334 8435 1865
6100 12871 1329
10523 12892 7963
3853 14421 5936
1008 7757 257
4659 7311 3978
52 134 8855
9367 13151 9578
5139 7292 8641
2686 10348 2915
5983 15666 6797
3172 18589 4249
3553 6539 3222
10951 11619 4293
5662 7120 9530
214 1361 8467
1518 4150 3529
9134 9933 8158
1084 4965 6114
4343 16481 2092
15238 17607 5757
440 5942 769
2784 13414 7188
807 12677 2813
2384 5062 8053
1591 5334 1973
1379 12518 3419
6792 8273 6936
4754 8448 5852
8917 19370 2618
7583 11256 1931
5824 15252 7061
961 12038 8947
377 890 5555
1907 7299 8976
9813 13380 2680
176 518 5041
3222 3866 4324
2433 12867 3799
3168 12280 9960
10458 11230 5174
16516 18354 9757
3098 4250 2170
314 19652 6257
4515 13517 654
1611 2845 6548
4456 4896 6063
8954 17069 4817
12956 15615 5344
8310 13966 5891
167 4165 96
4082 12769 8772
4151 4191 388
11384 18752 1543
10715 19600 2
3808 16427 3921
627 3055 7719
15042 15312 6837
252 4217 1858
4387 12191 1249
5420 10326 4305
8945 10543 6241
2905 8142 173
4173 9175 6513
6014 13438 1758
8078 18513 1022
14418 18525 7299
11457 13247 5969
505 5217 564
4642 12477 9698
10033 14887 9825
17356 18740 2470
2844 18081 8209
14313 17874 8888
13011 16004 5354
14437 14630 3831
910 1510 4890
6506 17987 5269
1526 7010 357
12083 16787 2635
9808 12335 5178
7630 18562 9361
10545 12553 1709
3374 7439 1713
4727 16366 5760
3694 7282 4706
148 2320 414
4810 16721 7130
11001 14961 6945
7877 11462 3829
2314 5773 1574
16064 18571 2249
7680 16185 6127
3955 3981 7905
2762 7578 2335
14151 17264 759
9727 19232 7806
287 7541 5351
2195 7108 7137
7614 11322 5466
300 545 8407
278 15486 9606
5813 9277 2502
2089 14885 1509
4095 14723 7305
7490 16282 6627
7354 14130 9952
2155 19243 617
7433 15848 2916
9564 19987 2744
12864 17512 6267
3 352 3632
13631 16276 1507
4671 12128 6724
2378 5549 9781
1270 1362 4599
5619 8332 8421
7189 19471 9557
4722 16892 7903
9417 12255 630
14968 19793 3897
9764 11377 4967
8805 18247 4258
7070 7541 1278
4273 6602 1931
9095 16786 1446
13511 16241 3091
4786 16942 221
9790 11793 4036
380 5886 4812
4204 15094 3222
1671 18493 8487
12723 14655 6229
5250 7859 2060
8419 16113 247
1694 9555 7504
13218 17044 5409
12467 13128 4847
1222 3128 1793
7847 9434 1460
1155 6847 4993
3436 6519 2606
5541 9617 1477
11640 18415 5381
2513 15097 5448
926 7089 4179
9062 13761 9676
7645 13938 3601
8215 19355 984
1302 4342 7076
961 1633 9937
5169 6298 5851
14851 19921 265
825 19130 3795
1412 10123 6098
7246 13100 5978
2837 8106 3065
329 19458 8111
1305 1454 2995
3504 3729 6728
4421 11652 4031
1751 2610 6189
2869 8134 9974
2848 11410 5182
303 1262 3012
9701 15478 2603
15440 16534 7340
18235 19314 2063
17596 19822 7245
8119 11506 3497
4604 18201 7464
3464 11224 6845
36 9124 8738
8684 9162 8889
13923 15981 4791
11588 15856 1154
4403 10629 6200
7469 9590 2322
3306 11680 4656
5337 5589 8984
691 5285 1826
732 1678 617
6757 10925 9583
14340 18732 2341
11303 17221 3279
167 3035 8407
6 8 2362
6583 7155 5151
15401 16526 6130
9584 13254 420
2626 3381 2041
8653 16009 2305
3569 13599 6504
8991 12567 7121
4525 4601 2258
5607 7328 4268
4553 9578 5743
605 1481 9474
7581 16339 2550
1829 5845 3147
2924 12996 8740
5026 9454 9645
1388 10259 5825
1866 2684 9392
687 10787 6109
2705 3671 6280
2762 6382 9359
2093 4634 8249
14348 16920 689
11874 16892 9348
10178 18600 8442
11362 15124 4502
3919 8804 8202
2536 15637 8076
1082 1256 6407
1249 15044 2366
15474 16654 4082
6682 9999 1234
6461 19792 8536
11884 14225 9175
6188 7773 4537
4005 5135 346
1751 5541 5687
1354 18445 3783
3704 19981 4068
4195 8155 7178
892 18830 5823
3872 7973 261
5230 5424 28
7339 11583 8482
5337 19634 8635
236 11731 9081
7466 9175 5361
129 8923 5272
10134 15903 7539
1895 2234 8759
4729 11601 5054
17171 18248 4507
12829 19451 1099
1986 7322 5444
336 13430 7827
1948 1983 443
1546 1652 7659
932 12245 6145
23 17232 8122
7463 18140 3448
15518 17873 4443
430 1405 2388
610 14893 6974
11225 19045 3515
6902 19150 2546
14505 16754 6033
10424 19529 5732
4931 6440 2223
13504 19185 5016
4593 18693 2223
12344 19621 5625
5102 8031 2108
214 883 9249
3269 12801 1104
12144 19450 839
3551 8009 6314
473 18421 5380
5217 19457 8446
14161 17352 2966
9269 9668 1146
4169 18973 3198
1438 7515 4260
3511 6802 2881
939 12074 3417
4575 8951 5279
553 14460 1409
644 2052 6034
7142 7488 7223
3620 9381 7668
1328 4782 1519
17279 17637 1335
11087 18671 386
2936 16809 246
2305 8843 2640
7997 9251 519
4542 19912 7346
4769 8325 7953
9303 19823 9212
12268 15195 8065
5365 8849 8624
1853 13154 3405
12793 18748 2793
10153 17279 5394
48 4141 8172
1838 17055 2223
10124 12368 3721
5008 15790 7195
6005 7458 1507
4050 5145 8410
2880 10800 3690
2665 11418 6654
534 2999 793
16978 18453 6333
5979 15711 3440
960 13435 6845
6296 9776 3573
10074 19572 9125
6107 10129 9650
404 6160 220
3153 5885 4411
2032 10781 6381
5683 8052 6333
9750 19839 7012
4085 10289 3422
7320 7994 8320
4786 8835 506
10862 16401 4695
6892 14178 1001
3254 15210 9802
10571 16826 1655
629 801 5831
13434 18155 5337
3560 7548 7870
5359 17903 2154
2140 4001 7543
4428 6170 2332
8470 10321 6374
10918 11005 9029
4432 10739 2253
1614 3169 5791
4911 9885 3740
2970 10286 8770
1247 5015 7002
2210 14124 7611
4250 8941 3362
1020 4211 8827
4371 9416 3183
2294 12893 1051
1868 14523 1043
229 1565 9990
1566 3524 781
4 4300 4779
4261 12342 1350
12769 16478 6237
17392 17451 3265
6063 10352 4510
9815 19284 7042
1194 18426 4073
3717 4325 510
9026 16810 4271
887 11460 1293
6295 14757 3232
1434 2078 2916
3422 15512 6991
14335 17439 7836
5433 11501 4962
11195 16522 907
10521 10730 6578
2229 9372 1069
6518 11559 5047
686 721 5834
324 1451 9394
13950 19763 1609
474 8010 1047
897 7779 1882
6372 6892 7524
4405 19380 3126
12037 19647 3772
8877 11486 6278
2429 4951 9589
2182 4496 7462
11196 14303 3416
6809 18452 6476
9808 18500 3677
7885 13935 9543
683 17222 3671
1554 3817 9678
1188 1372 3856
4262 7772 8801
3421 7436 8980
3931 4064 4565
3123 13546 1504
6536 8683 934
69 437 6445
1954 8316 1390
641 6277 7188
7811 12813 6461
318 1511 8699
11819 12061 6826
15399 16049 8898
7069 12417 4679
11421 15022 1
12691 13140 5945
6196 8869 9243
446 1970 5929
1119 17859 5290
2024 5447 6198
3192 19900 1422
472 1284 2909
8733 13346 6134
2207 10980 746
8012 18298 8567
11945 13450 2703
9485 11627 9235
6053 6163 399
7418 10354 637
6405 19497 2926
12784 16199 7889
4098 13933 3537
1073 2876 8489
4859 13838 5101
3322 11140 7773
3526 16801 5592
12391 15268 8407
12969 17478 3054
573 3928 667
13983 14359 5711
4735 17136 8210
1188 3280 4750
2698 17306 933
3931 7333 5301
152 4554 2058
15516 16277 1600
3497 12286 6155
11166 11608 3858
19 12038 9726
1877 2970 504
530 1986 644
1552 2410 3486
7137 15983 815
8497 16971 2642
9113 9401 8845
14708 19992 6701
13080 19384 5486
344 15549 2172
5692 10098 2313
5719 6572 6764
2915 9609 3013
13119 19069 4411
13 18210 6075
10650 18928 3759
350 462 5843
8172 12020 9006
11402 17719 231
8291 15722 3865
521 658 3080
6552 8580 6721
1829 1893 6443
1486 1674 967
5315 17741 9782
807 4122 3373
14075 16653 7326
6588 13312 7934
11492 14015 8683
1785 14836 7144
4447 15090 2137
4981 5046 6087
13950 16943 8979
14207 14338 7054
6808 8518 3968
12522 17863 2050
9116 10111 8009
7237 16302 8314
9235 14820 4038
1784 15239 3381
8911 12411 496
706 14434 9838
783 16002 9044
11851 18925 5970
6679 7440 2235
10043 13740 7156
11296 14053 6548
647 4681 3795
4382 14320 8233
6555 12698 3614
7910 13447 9393
14835 18963 2956
4477 16092 5532
15533 15818 9680
10905 15131 9116
9294 11320 9154
3159 13905 837
8781 16353 162
6725 10013 897
355 718 4942
14627 19498 2652
1192 19574 5660
1951 7157 5798
8173 9971 5775
8588 12059 1508
1621 5773 5411
2708 16643 8671
11740 12351 3496
5918 8395 3459
446 7106 9661
443 18373 4724
1257 4981 7120
231 4668 1369
1399 3238 8549
7258 12081 9596
15523 17988 1968
1044 9682 3209
5519 13467 1785
5732 8988 1759
8972 15533 1687
6166 6860 874
8309 13434 4755
7261 7847 2117
108 266 7725
5193 9101 5344
597 10250 3070
4123 13632 1356
5288 19941 6448
1106 5890 2796
217 17623 3233
1621 16171 4604
5903 17861 5658
122 16475 9358
6026 7184 984
6723 12063 2765
10892 11280 1424
2346 2934 2212
6558 19966 1586
8338 18747 4382
1352 1561 5751
1751 13513 6525
13732 13920 5492
3124 4687 8937
14020 16635 9673
1801 3568 5755
3029 8643 395
1305 1819 5954
13312 17409 3533
4737 16696 1614
3610 13937 564
5386 19829 6750
4355 9669 4801
6666 15904 6616
244 1090 5040
7875 8221 9441
11807 13483 9251
3989 17989 9627
7807 11125 5524
12595 15507 5114
10889 18250 1647
10122 11699 1388
16402 18479 3393
5025 11323 5857
2521 11781 9142
11440 16497 6706
1217 16022 3069
7183 11160 6323
55 5589 3261
220 18431 2996
12556 19391 154
6649 18621 8223
632 899 5794
3923 11922 569
2786 11272 6950
9138 12485 6674
11599 18081 9109
802 4857 7072
360 14903 9545
2311 4239 1862
3881 17543 1345
2358 7831 979
392 1726 2616
6523 16918 6693
4311 6049 8584
10941 18639 3978
6257 10978 8033
7762 8351 6791
7750 8404 3618
7436 10325 4673
2741 7468 6518
3643 18128 2850
2930 3905 7901
10455 13236 554
2635 7781 1405
16356 17079 6753
4680 11424 5843
4347 6297 1039
11496 16412 9432
9770 19409 7712
18839 19719 6580
8417 9133 3227
5603 6847 3136
221 6470 7115
4656 17891 7402
830 12102 5420
1152 1866 4921
8558 17939 5245
11099 16069 1627
6581 12739 6160
2366 7187 6341
5178 15822 7452
7080 15093 7480
6156 14633 7449
1402 14776 9281
6365 7007 9848
3845 5635 9759
17673 18181 7395
5354 14676 9111
10199 16508 7982
8846 11621 7705
486 2990 8024
17950 18254 3977
1404 3545 5191
2597 4695 4335
8450 18750 5579
1541 13580 4375
7606 12602 4312
960 4249 9170
10422 13154 6309
4017 16766 2801
4435 15764 5055
2583 11729 3176
2702 12100 5732
5617 11941 1758
10077 19712 2392
3746 14102 953
8851 10261 2930
12310 17416 583
7576 17371 84
11956 14607 4390
6765 10968 4536
7662 15415 133
2219 7165 4292
14332 18364 794
8290 9192 3509
13031 18901 3500
9443 17912 5501
735 5659 6221
2716 3946 4188
7340 8483 9493
148 6672 3094
13409 16755 5837
8144 12618 2160
119 296 6916
8314 8843 3922
1458 2821 591
17669 19763 9903
3181 4079 8536
34 6912 3748
9151 12861 2861
1952 11974 7990
6111 12525 560
13852 15841 873
2879 6795 9429
10061 10507 2945
2431 4909 9733
12638 17624 7524
2081 5789 440
2862 19650 1283
513 4727 8182
1244 1301 6678
8396 11073 4292
8974 11070 3855
36 17335 356
2468 18966 5758
10996 12274 9130
1741 16971 1269
6805 11673 3622
7031 15499 5452
3316 17771 3714
2979 9710 7989
13807 14245 9639
6415 14383 4352
6025 12664 2229
6876 9652 3191
359 4416 7670
3498 13370 5201
250 2689 7822
9361 13338 5285
156 11357 4252
5098 6349 5510
2628 12004 7838
493 4444 7105
12558 15875 7460
13785 19208 1474
17325 18183 6641
51 951 3886
15463 17613 8892
7494 18934 5418
7745 11180 9699
10915 13005 842
7556 13232 4738
163 15659 4658
15922 19364 9483
15597 18433 3658
15138 18246 8783
52 7122 1555
1725 3842 6231
4570 7245 9009
10297 13420 4810
13520 17723 3981
3322 19632 7376
2469 13238 516
9564 18779 2182
2045 19474 9085
12278 17625 6283
62 9239 4299
397 3763 2654
3633 7375 9449
10004 10544 3321
827 6690 2866
12281 13237 3850
694 15279 3768
5398 14286 9942
4925 15311 8254
441 8670 6664
3263 6359 2238
5817 19389 1081
1162 19877 9787
421 444 8683
2075 15138 3739
4045 16639 9520
9213 13280 7104
9380 15472 1059
8983 10100 3618
3368 7647 2037
3630 11198 3447
2354 2374 2281
4678 17659 7231
17320 19973 3280
2810 3916 8193
3999 6796 6586
1798 13364 4567
4248 11375 432
738 7164 672
2861 6461 6386
107 288 1878
6301 16945 7593
7331 13239 2209
713 9754 9585
2934 3382 278
4079 17935 7685
6886 11542 1870
16737 19844 447
4813 13802 4421
2413 15109 4945
719 8016 4855
5535 15416 8979
6956 14464 4116
51 414 3549
3274 11816 9184
12811 17360 2822
14887 19899 4320
8296 14680 2983
2164 3532 6574
8320 19563 7647
2060 8534 5862
7304 8579 2129
10827 17852 6406
585 3098 2756
10683 13947 3884
10843 13841 9380
8460 8850 3465
6958 19398 7003
953 13935 2919
798 3780 6907
3462 14377 4532
2853 3402 7682
94 17175 204
3394 5055 7193
12385 19552 1854
664 2501 7885
3593 9265 6831
3391 6512 8957
12691 15714 4731
3388 12994 3859
581 2795 922
1604 14746 5124
5614 15481 4143
1377 6849 6344
9510 18892 4866
2991 9438 2816
626 668 9568
1729 1825 5086
174 902 6437
1994 3136 2323
7147 9224 455
862 19282 3735
386 2950 7186
2873 4042 5658
13247 19408 9321
3867 16550 9252
1700 3096 7282
2347 4678 9737
8806 10444 6065
2679 10737 6993
5901 14101 4941
2368 4979 8333
13634 13784 6920
6587 17779 9667
17732 19754 4928
10026 11083 5745
9509 11544 2384
2666 2851 4858
3737 9912 392
600 3344 487
51 6017 2402
742 3181 9721
2396 2901 2195
3821 18863 7836
5611 6590 3734
4277 18812 2409
7271 19001 299
11406 11910 166
450 1494 536
4751 5496 4155
6364 13623 4433
3741 5404 8726
18367 19628 3329
4716 11776 3428
10028 10200 1682
3543 15952 4675
4064 7220 4124
897 1206 3180
8159 18743 6870
3140 7184 6227
8709 19219 7792
14621 16174 873
500 16298 6684
164 12309 1083
2799 17698 3496
1751 2244 3789
2825 14521 8970
9836 14652 3264
2783 16297 1972
12705 14735 3904
7870 19648 8967
1816 4010 1853
3602 17796 2801
117 154 298
11900 12785 6888
9141 14871 1806
799 1371 5295
1198 2186 3418
3940 13046 2379
6326 17130 2291
1342 8240 1426
6024 14777 8317
846 4627 4177
16648 17079 8026
4918 8262 1998
14735 15797 3896
6186 12849 5968
6330 6429 7680
15013 19127 7058
3869 10164 813
4111 8250 6967
8542 13270 3699
10554 18580 1676
16223 19285 3096
12049 16427 8661
5894 10314 2771
11829 12084 2208
8284 13633 8313
9393 10555 5027
910 16646 8758
4447 9809 7826
5421 6134 7457
15692 18804 1563
368 4159 883
893 1883 5434
4595 15727 9966
210 8340 7249
272 1617 1010
4990 10642 7376
3238 3810 2998
470 12413 7692
11366 15628 8107
6572 9832 2149
7099 12344 9986
13048 15209 6259
4165 12853 7899
37 486 3715
1284 7621 4475
655 1363 1409
311 1211 2794
610 7583 964
10919 12058 8883
3696 7428 4330
2679 10919 7977
3488 10776 1657
6130 14183 3443
3652 4846 8635
5845 12439 5789
16064 19025 8687
9311 19035 7854
9982 10654 9366
2523 5906 1811
6438 15541 9556
6034 6127 3163
1623 12970 7646
2514 6005 1824
11421 16738 1962
1527 13262 6037
9410 12038 7332
5653 19415 6409
12268 16225 9853
7550 8512 4694
12157 16121 5131
1001 6869 1591
4773 11176 7811
651 1578 6901
6681 15718 7300
135 1909 3842
7113 15397 1392
2396 4849 3151
3022 4622 2047
7497 13864 6615
1257 14026 9982
585 8717 26
1004 10409 5517
16261 17287 5369
13201 14385 102
7338 12226 1565
13230 18331 2800
575 2512 8174
962 10806 8765
1507 15750 654
15600 19409 8062
15771 16930 7505
6360 15935 3430
5911 6023 3007
10362 13102 4754
269 8804 4815
3389 10247 9785
7708 9632 1428
8361 8952 9380
5512 5781 5665
11681 11976 9648
2895 7016 9958
6125 7732 2005
4713 7135 5778
7442 13973 6318
2516 15080 2538
371 8489 289
6518 18047 4211
3196 16252 4779
2287 6774 591
522 18912 4335
370 8080 3656
2709 16435 2514
9824 10366 6019
10993 18467 3527
6795 14554 5356
8671 13244 8885
2450 2733 5890
10443 15004 1042
6815 9223 3318
722 13208 824
17203 19162 6754
8221 15944 7787
8728 13225 1123
817 1237 7497
6440 19917 9052
13933 18775 11
10274 19575 4069
4118 6143 7288
16190 17646 7281
6911 10624 3125
5335 11315 5632
1038 2946 6455
10639 11429 5153
2865 4225 2439
666 17609 6586
3073 7337 1695
759 3340 8619
15146 16487 8291
10392 12280 8787
922 2568 1619
10862 11266 3259
1543 1961 714
8317 9710 2125
3855 3983 8446
4770 12188 5982
2391 5976 4217
4006 7185 3397
127 8610 1269
1204 19607 1827
4761 13972 5116
575 1624 6555
2969 9651 7161
6503 14698 7598
1687 16278 2813
4395 13260 3449
2380 17143 3723
4984 10467 1205
11144 11445 7817
3390 5648 6465
6606 19639 3635
7081 7523 2107
202 2021 1748
17498 18468 5113
3162 16242 7247
1283 1796 9185
10201 15264 7835
347 2937 8778
4386 14671 1691
15054 15149 9901
10467 11589 659
388 1338 7083
2108 17004 3453
6322 14904 9117
3787 3843 4710
1458 4467 8042
7578 9662 7073
856 14355 7046
8591 19474 4652
157 1569 1081
6594 16402 2969
670 19298 7978
7767 12733 5566
454 4919 5518
2773 10963 7781
4243 5069 5019
3144 14903 8564
12548 15023 5965
10609 18236 6875
2253 16523 8099
10607 17852 6503
8981 18635 9705
324 1294 3401
530 5776 149
14117 15496 3210
3927 7514 6905
5998 11528 8321
4596 6525 6219
1862 19257 8027
7295 9086 2635
3239 3362 8161
8355 12373 5380
8179 16174 9478
5753 8555 7300
54 1400 7750
874 9965 3691
5608 11507 7633
6666 19547 2596
12257 17371 4827
2546 6874 8080
3331 17720 3555
5082 12176 3034
8870 19130 3201
15377 16905 6146
63 149 1364
132 147 276
4714 13340 156
14500 18125 513
9937 15567 6273
15257 19096 1643
9699 19364 641
257 3797 5442
10600 12937 7533
10780 19767 8302
10026 18289 5103
632 2005 5419
8434 18567 3014
11873 12002 602
992 16761 4848
17683 19431 5619
12683 18546 9516
3420 13467 6276
1187 9932 6395
14352 14679 331
15205 19179 4573
4188 10357 7305
18833 19911 3909
1049 14712 8987
1443 13903 3464
118 1801 8883
4259 10935 5868
8720 10162 1887
3071 9178 8579
4761 15487 2042
4462 11703 1239
4581 11105 6674
1879 7313 9884
842 10920 3218
16874 17070 10000
4335 13141 8170
3340 4012 8021
395 4186 3040
543 5335 6934
7671 9606 9849
7571 9513 6676
6874 16089 5961
10098 12099 5610
2296 18518 8199
13649 15130 6851
1677 7783 5733
1245 11141 8892
3894 15993 4546
8850 11288 5022
1734 6478 4866
766 6575 1082
8932 12451 5988
1928 4730 9377
836 9722 8352
2500 14798 7361
13270 19573 8174
4039 9803 8855
17804 19398 2784
10189 18613 2191
6717 9481 7485
5474 12495 5829
2406 11946 5759
2990 4429 2648
841 19997 8740
83 4229 439
10796 16029 6519
12691 14102 9468
221 227 2793
7839 12312 5215
8 70 5666
11442 15608 4805
7160 10686 6748
8704 9398 4693
7492 16111 4325
3836 6080 4424
4811 5493 3558
688 2039 6625
3535 19080 3114
14622 14771 1226
2323 3659 4893
17644 18674 9541
13512 13970 1738
4134 14459 9422
4148 7660 373
1417 6516 8576
10363 11358 9355
13132 13324 1093
6110 16255 3087
1919 3490 8755
10889 12594 7220
1267 14161 4912
1269 1437 916
12199 16673 6383
4093 9207 4590
2129 16966 1010
255 11110 122
6420 19666 9560
7409 10766 980
873 12010 1197
13310 15070 2937
8553 9048 2950
2967 17653 8997
5895 6736 3353
12058 14016 9972
3943 13312 782
7726 12195 125
81 1479 4294
16062 18140 4476
174 5412 7558
6845 14823 3969
2686 2756 7837
17923 18083 4104
3487 14511 7499
6775 13307 1658
9566 19634 2803
2303 15675 2744
3741 15634 8589
2808 7136 1032
2646 11990 2223
10745 11461 5742
5401 12950 9605
1629 7212 3820
9915 10331 495
6321 19730 4516
679 2169 5153
8509 11643 3814
2318 14252 5475
122 617 5074
12950 14913 2659
5920 7290 870
3753 12837 8334
1139 5715 3412
820 997 2417
2961 4036 381
4308 6712 4382
13518 13887 8622
2340 13977 7362
14648 18503 3871
4271 16543 6801
16573 19700 1733
1855 11439 1391
2139 6841 6809
503 1124 3357
13312 15776 9418
4134 15465 7052
3834 17420 2554
202 429 3815
6850 19143 2296
3966 12354 3228
3658 8838 6481
4434 8421 1611
4629 13493 5974
2800 15617 3416
1480 6494 7552
1590 15518 557
3961 14452 7022
4087 6710 2753
9347 9463 4029
3833 4860 942
5626 12973 4136
5357 16801 4783
4901 6791 6132
16517 19477 9462
3306 9734 5753
2551 16290 2519
8471 10088 9751
15579 16547 6028
5072 13294 3149
11740 12211 4350
7147 11029 9362
8216 14032 5152
1652 2419 1114
13272 19625 7592
4641 16184 5215
3667 16851 2216
3614 17469 1339
9791 18382 3510
5608 11314 107
382 8423 8101
13223 16358 1440
1324 13079 529
459 7998 9419
12673 13614 4812
294 10783 2500
6660 7493 165
3453 4094 3152
6214 19834 7037
7578 17865 7807
339 1268 9691
9390 19052 1998
1548 17258 8889
13674 15523 2618
7810 8464 9344
1005 11962 8273
5276 9064 3699
14185 16495 3099
998 11496 5874
7255 10306 8151
1824 2153 7456
11002 11797 9505
172 19594 3904
3200 6435 195
570 2029 4028
8831 10884 3572
15535 19769 6193
3351 7907 9199
4168 10812 5545
8656 12995 3017
89 16559 2705
7966 9433 2225
3708 4126 1265
9681 14853 7543
1475 7973 116
1438 3573 1945
1589 11445 8375
2309 2748 1774
7018 17710 5059
2277 11303 3174
820 7947 585
2384 15727 4976
4417 9770 3306
6799 8162 2821
6362 17337 9014
9772 17524 8280
1852 10633 1747
5673 8615 3255
2556 15956 3854
2620 12111 1705
11367 16081 1602
1831 2921 5343
10900 12770 903
934 12764 8260
2291 2881 4196
3705 5182 1677
3472 4301 6105
8645 18313 4826
2072 11274 5664
343 15435 6339
3190 5562 4858
5452 18133 8786
1868 11831 6991
4882 10071 2338
1497 5795 549
11097 19359 774
7076 15269 9747
2859 6851 4916
15032 18824 7342
1581 2453 8398
4884 10782 7994
2368 15060 2084
361 1426 9162
5240 18265 8266
15074 16422 3139
7890 15299 4856
15852 17083 7671
12079 16257 1633
17 265 6459
12907 14104 8243
15752 19656 6853
11015 15797 2295
4848 12127 3309
3420 16752 8262
1084 8445 7481
964 9393 3802
2703 3077 103
870 6966 8271
5096 9265 9888
1311 4268 5517
1763 17824 9657
529 7637 3518
2390 18903 1696
3543 7385 3081
6052 9648 4702
5075 9608 537
9519 13114 1392
3031 4055 1021
7207 7980 2426
7848 13671 624
916 16870 5889
12549 14643 6999
2007 4795 4702
822 16872 498
1499 19533 940
3740 13883 714
1924 2306 5434
2738 10370 4192
7310 10527 1813
9684 16158 7051
4008 15817 2741
5597 6103 6275
3043 16222 6479
3201 7563 4943
1862 9464 9387
6072 14530 3423
14187 16504 1869
2623 13570 8513
4861 19277 1487
14944 19454 4550
11181 11682 7539
5131 11370 1146
5860 19131 1773
2498 6732 1756
8351 17899 3746
4010 8930 2468
6741 7482 7970
858 2222 9789
5811 13455 7454
7600 9661 3830
3343 15329 7534
10070 13837 7741
9557 16880 7734
2965 4272 5880
15139 18090 3515
14600 16000 840
3437 12331 7040
579 709 4815
3696 9906 331
2906 3892 283
2071 3705 3429
10175 17135 9953
15148 17458 2462
8915 12552 4411
11094 14499 3720
13255 14630 716
9238 11083 8774
1435 17291 2983
5998 16292 4824
3923 7105 5581
4721 4916 2725
10089 13639 8070
2510 13196 2937
7675 7984 6943
1126 12782 2472
4998 14872 9944
8252 8522 8974
1855 3087 4759
3598 4390 3658
153 304 101
516 11401 4668
4208 16273 3364
8245 14897 6756
2131 3247 3554
6280 14415 1720
4829 14332 185
729 15047 527
9360 12617 8299
683 11779 8166
1486 17733 4730
7193 17957 7904
11904 17730 4691
8054 8368 5976
5097 9428 3317
3402 10907 7497
8393 15553 3531
13676 14724 3789
125 135 2900
772 7274 5699
270 1765 175
384 12384 4085
9134 16308 9026
4708 14481 8404
2714 4221 1712
914 13663 9278
580 7638 7484
1143 18499 4735
3621 10953 1447
6895 12464 2730
129 481 984
1537 11787 8054
4844 14622 6908
1642 5258 5541
10707 13004 8113
2433 14979 6790
9138 17129 9227
17 3360 5193
15988 16185 6921
1890 2575 4205
6307 9436 2715
7766 14451 3504
3505 7207 5683
4412 19476 4307
1046 19822 9798
3418 9939 889
2220 15450 4028
826 9250 3651
71 3415 7882
5263 10909 4013
479 1618 3799
8700 16103 2897
62 11669 3744
3085 15364 5875
5707 8321 204
9432 14060 2982
1700 15298 1669
907 2857 5936
1495 10250 6313
4333 4726 1441
8371 13622 9314
2206 2896 2178
14226 15967 7619
10524 11060 4418
3812 9796 454
11923 14708 2851
2523 6457 5993
2672 16400 2145
1109 15444 2843
1416 10060 212
16963 19841 9401
4654 16281 3927
1597 14662 6456
11213 12549 97
13453 18863 7259
761 6086 9669
1446 17974 5575
2090 3356 9850
8804 12926 3293
5525 12332 9718
120 696 3950
5153 6517 2301
1392 1489 7653
9547 16036 514
821 11283 2374
8243 19503 8568
76 7135 3315
9406 10510 6471
4127 10287 1637
3769 5972 803
4569 8027 7086
9215 9467 5585
10746 13725 2535
6353 9537 2625
1508 9907 5871
3269 3450 476
2712 9253 8436
1749 6593 8121
382 626 7454
837 5352 9988
7411 15530 7530
2774 4797 8464
228 1227 886
47 2559 8143
8673 10148 8347
3802 8001 884
6548 19983 9991
13734 18277 6213
1646 19613 3620
9592 15112 5187
10380 14310 7720
4784 4998 73
1361 17502 9841
1308 2690 3967
2134 7003 9816
5598 6849 6167
2529 6447 9703
4971 8823 8432
7683 8050 9422
983 1033 2230
10448 15757 303
6962 10345 6824
13113 14578 5992
10194 18933 733
5756 8329 3540
3028 19647 4969
3398 7731 8489
5145 14765 3423
13322 17410 8342
8183 15461 394
3079 8436 9589
248 4696 670
6460 8663 1741
3506 13582 6608
1538 9393 3676
1722 12265 4186
2437 8007 5747
7424 17003 5443
199 6220 2123
8108 17811 2653
14294 14807 2229
9967 16599 2251
12745 18999 877
174 9216 825
7830 12807 3971
4656 5939 8581
1766 11930 8715
1146 8596 2174
1203 5025 366
4600 18696 9887
135 569 3576
16308 19501 6610
157 1383 8805
9125 16626 6661
6239 15119 5637
6045 17380 7145
5980 6794 2423
532 14242 5201
2380 15853 6778
13997 19398 5726
8609 16725 3000
128 911 9191
2725 8311 3817
185 11374 9410
5480 16976 2682
11163 11364 6363
8403 18869 534
2368 2645 4366
6559 15190 7154
2889 18208 461
4790 5212 7622
87 420 1334
3920 10039 6479
9828 12416 2977
11877 14463 2171
660 15677 8668
1696 3709 5243
3766 3955 268
6715 18130 3103
11983 16787 9375
5742 9305 928
3580 7849 3300
8801 9303 614
8250 14880 9267
12375 15702 9881
9147 9416 5436
6986 10147 9286
6120 7017 8534
9 17141 4383
3805 13737 9767
625 15586 5961
1098 18795 5003
7852 10263 1761
3024 14563 329
2272 11068 6481
12214 16465 7876
2790 14241 9581
8368 17373 1980
11735 15172 8615
1806 4160 4107
489 3938 9949
1559 13050 9011
3224 10386 6779
6168 11218 3302
2697 6173 1760
4102 13509 9384
2290 13886 8578
12210 17514 6401
17405 17922 1969
8089 15088 2518
27 2108 9302
831 1763 8097
1870 5163 9518
4816 15488 3422
4321 12285 5591
3331 10859 4774
6779 15972 1191
3772 14189 204
222 757 2159
7733 17958 9711
9111 14605 1276
3338 3991 900
2090 16597 7124
8759 11562 4486
2304 18563 8200
11198 17861 147
10223 16588 5723
17280 17879 6788
13662 15142 7572
11666 17471 8335
3170 9747 764
1218 15254 1431
14094 15415 6483
991 3294 1389
1112 8120 706
3769 6410 3331
207 2237 5496
17046 17090 8621
923 16578 9915
2797 5540 450
10374 18533 6750
3119 19061 6772
1960 15355 2312
3571 8045 9188
11290 11339 5273
15940 16084 6442
8200 14991 7866
3943 14756 7182
4944 14960 2825
11832 14932 8680
735 15903 70
3635 15514 626
1823 3078 4297
5427 6801 6952
3907 6824 8093
9356 14392 4912
2640 8186 591
6398 10672 8830
8510 14847 4651
7284 18014 1067
1801 2092 6192
11391 13272 6799
12505 17990 1250
11110 11513 6280
8304 10529 8788
1959 5822 6890
3660 15494 1646
797 1728 4267
789 3007 7058
4236 11821 6115
2092 14414 3366
10490 18392 8127
16170 16666 3481
5332 15407 4234
10258 14703 2260
1274 4002 3322
3225 7932 5779
6736 6768 7714
9545 9644 4856
175 220 3885
9844 13206 5249
3891 4328 6782
12128 16466 6308
3195 12347 726
11666 14672 9395
6336 10301 7833
10564 18307 7824
2192 2227 2551
1519 10604 1926
3910 5260 6528
3586 4523 4297
10396 19840 2457
243 3415 8097
4288 5426 9717
7831 8102 7388
1293 5533 7909
2018 4218 5050
327 5840 5683
1463 1721 9288
3692 4169 9177
2859 17568 9889
998 2762 3705
5491 9136 7028
2088 5349 399
4273 15966 8516
2268 2623 6784
4667 12407 4299
157 1432 2546
8338 9950 8170
13809 19754 4031
395 3722 5429
13232 16142 3952
14910 15186 272
878 15969 8297
11878 12452 4939
1473 6462 3220
6647 10135 4639
12917 15176 102
9963 14839 6146
4340 13251 5322
1556 1619 1714
7962 13724 5385
2134 11480 6945
8199 15971 3576
11984 13285 4419
867 2863 2828
5966 12529 7421
7737 10493 3433
13729 13743 2548
5834 9795 8942
1210 4195 6392
9971 12178 9646
314 1942 7775
6436 6832 261
4044 13718 1981
4660 11420 7867
12775 15137 2819
1731 9589 7147
3364 18968 2827
415 4323 9324
924 5048 9461
6323 7378 8063
10039 10789 2414
830 4529 1522
6741 9386 3607
1554 16303 7017
7280 14324 379
163 1528 8179
5444 14780 4192
9115 14867 449
2447 7891 5524
4858 7638 8708
3134 3558 9644
3534 5367 2292
11621 18880 1115
6224 13488 2247
9873 18204 5530
493 857 9105
2826 3863 9328
5910 14290 7248
4760 16898 5171
1922 18414 9408
2288 9494 5228
2501 6075 2142
6530 12321 9936
5243 13413 1616
7576 19176 3754
7884 8853 4389
3303 6773 1173
5445 15184 7555
4859 7167 7064
1095 18982 2432
1629 19935 3321
2469 4047 7371
3153 12554 8237
12932 16216 9864
3094 6481 6339
15610 19986 6986
14956 15280 491
1604 12532 1615
11794 14115 2658
8147 14759 6558
9820 12966 8153
576 790 1639
6013 17625 5889
2082 5753 4429
857 8118 7422
3080 11218 5002
11139 13156 4434
7081 13644 8652
2046 12028 1218
139 11148 965
8469 13168 7297
14661 18162 9106
997 1784 6388
9574 16445 9543
7791 8577 7323
6156 14450 6785
4110 18704 3112
4259 16897 2297
8495 19617 7426
2897 8260 9515
2112 2193 3465
4147 14680 5465
6685 11085 9332
2329 16162 7519
17808 18645 9686
3910 8801 835
1062 6498 5870
3488 8112 113
12144 15680 7558
17947 18153 7022
3889 7134 5132
9620 19357 7821
15624 16723 874
8375 9667 7285
6251 16878 6979
9048 11635 7319
3912 8318 7212
7219 15289 2174
2278 16793 8568
5010 17171 1904
1739 14180 1624
1023 9408 6887
8965 15460 3889
1487 7247 7576
10466 18709 8019
1663 9327 5092
6428 10042 5101
4613 5480 2114
14448 17947 1149
2211 18369 8368
5417 6900 708
4014 10664 9772
12938 18944 3130
3649 17470 7156
15949 19066 5379
3941 15359 577
3262 4239 6173
1590 8223 3788
5157 15301 5464
7753 19794 98
1862 1938 1123
175 1156 3208
321 19357 8027
5806 8482 127
7228 14996 6586
8219 11831 651
7927 13924 2637
7 241 6638
12246 13038 3556
872 1650 5963
12333 18519 245
2969 12576 1650
3850 19555 9262
9726 16036 1195
14713 15543 4513
5764 19965 3894
3964 13025 5141
2231 9672 1184
587 7993 34
560 4050 7574
4776 12095 2024
7679 8720 7272
9442 15617 4942
203 14883 1884
17473 18783 1301
7473 13600 3643
9464 13508 8503
11215 16968 2121
10137 16363 2691
10626 19843 8698
82 18006 5429
15194 15529 8668
12194 17388 8370
2059 17822 3197
10495 10933 3713
1356 3974 3254
11521 18316 3724
267 9168 7375
5646 11825 7360
2671 6028 1850
2118 18391 1468
3910 9321 3613
5171 10472 8597
5421 11520 7954
8465 8673 6808
8765 9381 6380
11452 17689 928
6773 16543 4076
12410 15622 5854
5772 17943 5212
9443 19738 5334
9583 16443 8199
8960 18750 1163
1513 15593 2952
12410 15963 7894
762 15725 1941
2303 11195 6781
5383 6493 6063
3057 3755 2589
282 19420 7159
9934 16046 175
325 2506 4418
6696 16349 1856
4440 6270 2493
14938 16886 9053
7384 16731 1216
5211 5395 1651
2845 3122 482
1276 8676 5624
18721 19923 6410
87 361 7589
6126 9215 4971
198 1378 4303
8377 12922 1501
942 2096 2922
7844 16808 259
16761 16802 6601
514 11967 8865
7405 15251 8994
139 589 9494
1617 6794 5763
686 15205 7753
5455 8077 2929
9511 17729 1378
2824 18854 3033
8162 11390 7120
6110 6906 3307
7096 15735 9680
7060 9056 2408
905 4253 9323
428 6329 1835
7300 17061 7535
6808 15295 6255
1217 16905 4362
1944 7812 6784
9668 12721 5788
2652 16304 178
383 581 3253
5123 7515 2913
3479 7221 2011
1120 16935 4918
703 4194 3604
1139 12513 3749
6105 15677 1139
1540 7047 2259
3239 3380 2673
467 4790 4024
9126 12676 7535
31 286 1680
6404 9088 1140
9843 18430 9146
7804 13335 6265
7620 8542 2120
252 18452 5807
12156 19981 2909
4331 14047 8991
1788 4503 6733
3997 5435 9196
9339 9455 5355
2547 5361 3656
13600 19614 648
2632 11802 4787
2186 3094 48
12501 13646 2451
5104 14296 5415
3255 5436 3172
3630 6442 8761
7278 19206 2633
10334 12339 9635
7679 8152 4788
7311 13269 7025
3215 13829 4039
4691 15946 1183
7518 8120 8510
84 445 7527
3847 17016 320
6589 18933 5725
816 1680 3147
4443 4506 4218
5190 7144 3959
4946 5828 6884
1288 10065 2741
2757 15341 4728
8128 9448 2691
15629 17312 7055
8719 12578 9865
5992 8034 7043
15905 17362 3587
17539 18158 3220
16616 19287 6002
1224 12713 4099
4250 9037 1822
1911 2627 7650
14580 17070 9759
5536 9670 8198
8965 16258 3492
1177 17856 8262
4159 17110 8114
6666 13581 1563
11540 19716 3068
1761 19680 3635
5189 16279 8125
1476 1747 1675
2602 12336 3084
1239 4214 798
1252 1528 7062
3245 17143 2233
2658 2777 4386
9453 17490 7010
4449 19652 5878
1372 4346 8944
941 2891 2720
6850 13178 5176
4908 10123 4853
3977 10400 6995
6426 10531 9082
2158 3688 1573
17145 19494 4826
17850 19105 7251
2337 10527 8206
3396 4087 4786
13398 14486 9244
10479 14720 9574
212 19580 3759
7238 7341 8416
14727 18530 8658
15472 16559 9660
809 3628 1942
364 17001 5386
2420 16854 3143
4110 4586 5269
1560 2971 6697
14255 17544 2936
12417 13740 9738
5443 14789 9947
2103 12060 5023
9984 13078 9324
2852 18320 8652
4225 15177 210
2592 14541 8309
257 596 7422
14420 17270 7972
2169 5460 9849
2087 9631 5457
7245 12632 8342
19832 19981 1983
4308 13838 5229
5444 15222 3882
12603 12997 3672
2345 6286 7004
16838 17892 7850
1226 12913 2052
2202 18398 9671
3230 10454 3273
8151 13766 906
635 11368 3191
1513 18143 2743
9080 13165 5851
7092 13110 6901
2032 10164 635
1423 7666 8621
15621 15806 9392
1293 2805 2883
1765 4108 6700
11332 13985 2602
4872 19678 6483
5086 7271 9934
18808 19726 1377
54 2383 6074
3534 5449 6963
7397 17456 5702
4433 11496 2898
5331 9142 7107
11581 19809 9673
16579 19598 1098
12422 13037 7753
7191 11341 2767
4243 15192 5784
2034 2708 2688
3854 8627 8190
232 2770 7260
18898 19237 2515
5966 6720 2443
6184 19219 7830
8479 17400 3702
13150 16790 5175
6682 10550 6301
821 17176 552
6428 12006 7414
2183 6719 7881
9290 14353 6988
5547 18690 3388
5008 16301 2154
528 747 5570
2257 11897 3534
11882 12341 2969
2740 12449 9475
221 4189 5816
983 10665 4198
967 15018 4320
10577 11729 7805
1396 4207 2842
2545 6962 7838
10248 18508 8992
7518 11536 2908
4862 6020 5164
12582 17256 9975
11784 14643 2687
12915 16853 5307
1741 3870 1316
5100 11895 3630
3273 11536 7341
3360 9446 2892
3647 4888 3181
18834 19378 9742
423 5107 9366
6543 14540 3035
4323 13378 5476
4472 7996 6047
2547 5594 4494
7821 16684 4118
8528 8889 2970
4640 16848 532
2996 16883 7689
6525 10497 8437
3721 18132 1551
648 2963 1666
4209 15150 7783
13073 18910 6457
40 3263 1567
1462 9029 3668
5669 9490 7564
2738 13510 9537
16082 16956 2375
7467 8358 8294
3005 3638 8916
7518 14404 9669
1583 2847 9304
1355 2046 9329
11639 17791 4744
3723 7264 5047
10239 17046 1812
7039 9616 6795
1519 11828 683
7039 11535 5758
6232 7168 4620
1995 19016 8925
18201 18755 8588
123 6013 8455
14783 15085 5726
172 1864 363
3705 6543 3795
14940 19065 3444
642 14762 9460
5726 10638 520
3740 15161 3670
749 3037 1603
826 3645 7790
15221 19822 7768
4600 6812 6535
10951 12768 8219
1831 11322 645
10005 13830 5074
6366 6661 5575
7793 14480 5742
1443 12722 350
1879 19718 3108
1725 17790 5565
812 6852 8030
130 11894 8416
8813 14251 4221
9213 10622 1021
4686 12125 119
4148 17581 376
7894 8229 2633
15238 19073 9269
7889 13136 9668
10206 19202 9357
2757 19085 3887
4045 16045 8715
2604 19074 2523
1083 2157 5279
690 16601 164
2907 3778 9323
19497 19713 661
21 3826 9036
5553 12487 4696
8593 11985 2989
17300 19465 5539
3317 4318 2605
1040 1425 3471
10263 13291 6116
3882 13326 3101
283 11289 766
8641 17861 1037
14301 16585 2998
572 11186 3513
788 2514 4837
10264 14510 8276
4757 15235 3319
867 9021 4081
8607 9691 1149
7487 8196 342
992 8384 5927
1076 5575 4989
6720 16852 9682
15572 16809 3524
631 3681 6499
15342 16942 45
288 19997 9975
5646 6095 6802
14761 17458 9515
9482 13967 9336
5696 14049 8183
4190 9343 2051
1215 18945 6230
12810 12915 2544
16833 19039 7858
595 7208 9804
1386 2100 9745
1529 3929 1599
1445 2452 5586
3439 18968 8300
18800 19443 9488
693 1797 8604
93 8841 6529
5219 7359 7262
684 19538 7224
10410 11185 8321
7877 16017 5924
482 519 6374
11802 17536 9703
1952 3138 7515
969 19399 8851
9152 15729 3962
7966 14591 953
13062 19376 4863
9452 18357 7651
1454 2487 3243
10981 18017 4110
1131 2123 4772
100 175 959
4907 14080 5105
14794 15417 8643
3568 17417 8707
14886 18116 440
17770 18660 7895
1550 12049 8214
1585 12939 1463
3579 14330 1899
1479 10562 8908
9286 19642 8879
3241 4912 6075
2181 5871 643
10841 15560 2468
4659 18817 6016
5016 16386 9448
3351 10314 2780
2477 11185 3388
2229 12303 704
5052 5890 1274
12884 16715 2825
2437 17511 6117
2625 2954 3451
3343 4573 3916
191 14971 7989
11163 13383 7150
6507 7179 3582
11440 17174 3528
11811 12102 6003
10863 17425 8030
5235 17641 4135
11144 12735 8015
3796 16180 7373
1927 3090 1759
9876 11002 726
3416 12009 6579
11911 17630 9294
6246 14471 842
7347 17769 4094
73 174 1548
2861 8485 756
3455 17676 3373
11266 14230 4859
7063 13286 7131
575 15387 6931
11371 13841 6220
6346 13224 4167
16814 19467 9829
1964 2515 4718
2566 3655 1012
4520 15128 5612
1624 10314 379
1158 3146 8522
1480 6014 5251
2890 3827 4756
11751 12193 5294
10054 12357 3802
16335 16633 1212
4524 19986 8255
208 16438 8197
5642 5690 197
14901 16774 4190
435 10236 6440
4729 9018 2521
1305 1553 6469
7577 18229 6711
5637 17364 1403
152 450 1891
4858 8830 7472
1323 14298 4974
2928 15966 4082
10174 16638 4588
13896 18762 9754
1635 14937 3460
1120 7231 850
3674 5216 9195
10766 11585 7053
7521 11686 3864
4062 5234 9333
1036 10651 71
2458 13020 6242
10451 12593 7594
1712 2208 6541
8082 11456 697
10688 18234 321
1378 3127 6436
2106 2367 1570
3162 9551 6036
3009 7411 1630
6776 19737 8778
10901 11494 7160
8270 19938 6208
6127 11837 8064
962 4812 9700
1491 7307 5240
551 3151 7978
5993 9505 8933
8630 9300 6977
2673 4985 1060
7601 8480 6041
1721 19569 5122
10195 17135 9540
3950 16817 7377
5580 8032 3821
1406 17726 103
1958 10008 704
2884 7405 2549
3300 12173 1872
5864 17277 1826
10870 11041 2177
5897 7568 1868
1515 1944 1385
5542 8167 7442
10035 12023 1109
4508 4750 1692
2594 18026 3079
7153 14335 3906
172 209 344
870 5566 2506
7439 11836 8012
8328 16749 8770
12634 13185 3919
429 846 8976
10595 19439 4848
3541 6787 5963
15312 17857 5844
12742 14241 5035
2439 15681 7776
127 13503 4930
3611 7220 994
2010 5615 7369
7701 13388 4383
125 19417 2635
918 5375 3327
1564 10272 4210
3255 16868 3545
9133 16786 8273
2542 2552 1429
2200 2473 3820
12069 14159 4153
12739 17951 6724
1340 15535 8867
12960 14367 4440
8810 14972 616
3336 3610 7849
2857 9738 469
12250 14845 4890
2809 4978 1252
9248 16546 7697
15856 17855 7818
10885 12291 2139
3007 10977 3708
3443 5807 1741
10232 19730 9938
12196 19595 4774
246 882 5401
2571 10272 9130
1147 8881 1513
1155 7080 8043
12490 14148 888
10372 12222 6964
8819 9311 8567
4047 13818 3295
5416 13167 8716
5033 5530 7542
6188 12393 7116
4189 8256 7142
4722 14410 4436
1861 19942 8786
2593 17677 7338
7992 11308 7748
8590 13548 9289
1056 18495 611
1797 13789 9618
8796 13618 5964
5006 12909 1958
6754 11968 7003
4572 18143 8574
3261 10230 7840
5315 16082 5496
170 16082 924
5177 5439 96
2924 13919 1733
239 17011 54
264 488 8008
1773 15971 4999
7401 10051 72
15092 17877 7858
3243 13331 2822
19799 19866 9126
7609 13194 3564
2138 6530 830
5106 16295 915
6783 10747 8597
16816 17797 5623
2689 3647 8622
9706 17564 255
8281 8456 9532
5196 18482 4735
3762 4039 7689
12211 15772 346
8930 18024 2715
941 11757 7297
8227 17239 1854
11200 16331 7673
9876 10456 9419
9301 16885 7415
382 15571 4232
2229 17843 7529
586 1947 1623
5830 14858 4587
9883 18039 1796
11403 13689 8868
16109 17829 5339
7586 11964 9573
12097 16860 631
11480 15628 6545
5095 7983 4230
1134 7599 5280
4178 6206 4497
5770 17699 3892
3809 12887 632
11852 14933 6378
7009 19248 8677
12020 14839 2146
305 9062 1825
737 941 9825
3991 15349 617
495 3646 6384
1886 2022 5963
17296 19896 1916
7488 9643 4757
7210 16726 5549
755 2601 1445
5042 13374 271
4148 18504 7217
349 4011 5218
17210 18023 5963
5438 6297 1376
14533 17636 4592
12226 18680 574
9873 14400 6613
6542 13149 5335
18323 18699 2382
49 348 1901
13744 18799 133
3514 12851 9063
3294 19807 348
2591 15982 7403
6854 7177 6992
7281 19108 7046
2902 11049 895
5428 11716 2130
1294 3343 7587
9662 9671 6169
12592 13488 2236
14828 17494 1542
2708 5211 6219
6841 18636 9345
1485 4886 3393
4073 12335 8558
25 419 4817
15292 17056 3523
422 974 5639
1204 9928 3331
7215 10971 25
1598 1966 3800
1526 2456 9153
8310 16814 1608
352 4732 6693
2544 3734 5451
978 17252 9222
11862 18068 5158
12367 19442 3851
1126 5053 6348
234 19891 4526
4815 9065 4025
173 189 3780
4626 9652 3023
1741 14516 4403
5821 12381 6401
1510 16956 7238
396 1811 5613
14533 17238 951
5337 10714 1855
10470 18296 151
11891 17604 1690
7764 18327 5372
1315 1665 1322
3505 16345 4363
1626 12105 9216
14137 19457 2460
2648 14732 7570
13804 18954 8532
15107 17287 1316
7869 17049 8569
8418 10197 1378
7602 9842 4246
4505 14340 4315
2283 12487 4444
545 1070 5750
130 7499 9990
4923 5613 1959
4774 13540 996
10548 14959 6049
3260 16944 2317
7213 16959 4345
13739 14170 2498
6045 10335 4583
1664 13132 9299
8947 15658 1595
3384 4347 1588
16335 19609 3291
1980 6256 4346
2448 3043 8399
1085 9096 5964
2238 9811 8069
5253 11715 3011
4965 13957 1024
1257 3092 6936
9284 16901 3154
6749 14139 101
14218 17033 7862
6773 12625 1453
1010 18491 140
2805 4754 3004
6545 10542 8313
1618 9270 9484
322 2571 6903
3155 13366 4328
6577 8100 6601
14404 17034 4955
405 19103 9483
3167 3418 2454
10874 18502 1433
12268 17208 6815
12984 18006 6955
4202 5289 5463
1827 11561 8254
1470 4918 9513
1279 11449 404
8419 16213 7950
1623 18795 1085
6528 13655 818
8915 16298 6684
8750 11395 5928
6811 9216 2351
3642 3866 6654
12959 14732 6716
1525 8358 1298
17 104 189
372 8973 9813
2119 2418 6791
5451 19272 4155
1965 9219 65
10440 18964 459
7666 12590 4267
3559 8473 251
5183 6613 9983
8680 15001 2431
1900 12826 6203
2493 11503 4666
11683 17965 9227
7832 15379 1389
226 2556 783
4611 18408 1172
10540 18297 7767
5276 17669 331
2914 7254 5368
2222 4854 4659
1977 4357 9754
6622 17490 9160
442 7279 6647
9188 10009 1307
5805 9942 6309
458 779 843
7208 18895 1310
4189 11597 6010
358 8554 8269
852 5137 2214
5407 7942 495
4387 5691 4892
7508 13621 2093
750 8595 5018
5848 11265 9408
1635 5419 1756
8467 11662 6129
11401 15652 9764
17893 19237 9628
14185 16016 7230
7448 15344 7971
1210 15437 5567
3447 8391 9600
5616 14614 721
9136 15371 9946
5801 14111 9777
2747 3698 9286
632 912 9533
16603 19141 4957
4358 17981 1859
4787 12966 4570
5298 12149 9135
9362 15195 3554
4354 4774 3219
2547 5327 6732
4588 11928 6126
16080 17526 6273
6429 12300 5741
963 5297 9407
257 16620 5262
4800 18881 1247
2880 6699 4496
2437 18026 8236
8844 18963 2851
1231 3105 4740
17367 18999 3454
16369 17481 8386
11997 13446 7775
17158 18363 1392
1286 3178 5208
7917 8757 7448
2287 9917 6525
521 1018 9468
576 11400 7920
4963 6190 3167
8646 10570 6945
2631 6269 1247
4878 18774 5844
12708 17359 4174
581 5802 4195
6267 18567 8319
3818 4134 631
1487 3317 4723
3006 15918 8930
7843 10210 3361
9772 13779 2368
1028 4147 9253
1042 10847 6183
13 15 7892
4600 9813 9903
1251 10850 8565
1818 15202 4665
4584 9195 9843
15152 17228 9312
5771 6367 3545
2943 5417 6304
2452 15947 7598
3693 19954 5343
3155 16985 1866
7405 13447 3202
1739 10708 6068
6877 17665 6221
3599 14419 6223
2985 5497 1269
10277 17505 7694
782 18640 6800
10008 12708 8397
17752 18267 4801
1107 3520 2587
13870 19345 9689
1239 1845 3455
444 11413 5475
13074 14378 3403
60 6929 4183
266 526 8777
8437 10906 5394
5446 6710 9827
5248 6482 8127
1004 12614 8633
5429 5433 8173
3329 9421 1429
10490 14355 1346
3156 5956 2652
2438 19214 8643
8053 8999 4310
3885 5000 6015
2056 4229 3484
1150 3350 2689
3726 5512 597
2764 15999 8760
2140 17547 8241
9774 10957 1869
10636 19810 77
7 51 3253
5440 12634 5007
1217 2279 8079
6302 9345 7925
13830 17350 3348
9460 18706 1051
6212 17932 8519
2639 4928 2503
6798 12836 4579
7426 11981 148
12253 15172 5780
1254 14923 9288
8142 15797 5084
3393 12976 4398
6924 10294 6550
4100 8987 3434
11855 15732 334
68 15620 3962
1278 7492 953
13059 16042 6167
1895 12365 1126
1651 9470 1223
1972 2859 4201
9723 10193 3053
943 10159 5704
756 824 1375
834 6564 2555
2438 11469 937
1005 3036 3205
6152 10873 84
29 1050 1153
8889 11327 8522
2534 6394 1405
2748 2921 169
3847 15403 7858
610 18998 2446
10889 16109 1199
7588 13317 6950
4111 8894 4162
1757 13728 2512
700 10768 1335
5283 12624 1247
3086 11544 7050
11263 15411 7031
1079 10995 2312
4322 16385 7123
10484 18987 7163
6007 12855 4169
2777 19334 9133
1303 1779 4175
1188 9152 2992
4172 18533 811
3589 13094 5367
10222 19148 297
1283 4689 7424
7423 10597 185
4823 15125 377
100 212 8364
1592 2384 7535
4753 10318 3592
8302 9520 5407
5211 14251 8011
4117 4323 1491
866 12144 6828
1273 4021 6456
59 139 4710
7495 17268 7741
12526 14666 2250
6386 15956 2150
217 609 1528
4566 5885 8500
4509 6221 8206
16128 19544 1517
2836 5087 6330
13191 18043 8157
17288 19873 9339
1172 5870 9387
12265 19808 1718
11549 15016 5126
5436 19969 9466
315 4962 6116
743 1799 6503
3929 8655 4004
664 7908 4329
1353 2465 7497
1085 9127 7342
1045 5137 3072
14850 17636 4142
5985 9185 6076
4621 12794 3782
13193 15545 2060
521 11330 6764
12300 14134 4157
4136 12115 167
1249 8370 1273
17527 18584 9282
3341 3545 8696
1921 11016 9076
2138 2324 3405
7394 10038 92
5966 12130 3460
8448 14928 1320
11919 19152 6319
10151 12838 8826
7287 13816 6871
2145 10553 408
1154 5652 6639
8104 9237 6843
1283 2178 1404
6409 12482 3929
3105 3745 2220
12905 19267 5289
8560 18972 337
13057 17457 8147
4430 15450 9014
12906 18344 7232
1401 14084 1501
16611 17060 5144
5017 8759 4254
10142 10576 731
4163 4312 9869
7975 15153 8642
4243 14146 3191
1073 1508 3111
10444 17849 9758
9514 19581 6534
4320 9238 3677
731 8798 2972
8064 13960 623
1097 5089 4695
7290 9215 9134
548 656 9001
12837 14382 6419
1724 3881 110
3518 8331 5695
9828 12891 6855
3232 3275 388
4180 9917 6226
1928 16356 2508
590 1770 2022
5528 9218 9574
2049 9035 7802
2576 7359 6652
13657 17799 2627
3598 18061 1849
3012 15250 4545
4866 14133 3873
9248 11138 4789
3305 6355 8771
917 5397 6207
7493 9194 4082
1833 5786 8265
11321 13116 9385
10885 15540 2050
11511 18384 2330
2478 2743 8566
11984 18720 3528
1107 8587 974
11041 17667 9231
15760 17903 1028
1875 12385 7804
10435 12377 1825
289 10744 4077
1930 14102 8443
801 18974 5206
4935 19346 3642
1071 1097 5328
2606 4824 568
875 16058 8545
9082 10916 5340
11049 12515 874
1953 2460 8036
2933 16267 4417
12545 12593 2429
4189 5348 3153
9238 11653 8673
11707 15635 6330
1772 7914 9050
8542 15688 3346
4001 12039 9195
3952 17649 6474
3098 4749 5023
2876 11532 455
5310 12449 6878
15313 19441 2394
2468 5759 3648
5968 11148 1971
17203 17518 512
708 13916 3626
11471 18316 7310
6862 14042 9536
7588 11463 6212
8518 17339 7286
4568 5412 5586
317 525 464
4448 16843 1184
482 19822 2983
3441 4206 7062
8600 13130 9656
3939 12660 269
77 113 5537
3157 12028 6863
1782 9685 4680
5038 7353 6675
784 3942 7510
8656 18840 9635
2479 15403 6931
17615 18284 4109
9255 15254 1237
2368 17647 7400
7889 12900 4039
3757 17173 9204
15580 17655 1263
15911 17128 2955
7522 7848 1882
13338 18500 5813
13125 14806 130
808 17309 4855
7036 13378 6773
10418 15441 7068
6462 17027 5730
10113 19523 2912
8778 19135 964
3022 8191 6954
1523 7405 2699
17394 17447 8026
10872 16229 3953
9386 15350 7877
1717 3565 8787
3864 14012 2058
4076 4492 727
17452 19524 1374
1018 1163 4855
86 1096 1400
2741 8446 212
1600 13323 7494
4831 13166 9677
4624 5154 6686
5522 6375 4912
9508 11845 2728
8972 12662 5377
2680 8387 3167
6444 13314 6547
8134 10908 2171
4692 13125 9350
10315 15424 8684
522 5415 6456
1793 18806 8852
8085 11610 3941
18414 19078 3881
5868 15261 2852
8638 17868 1709
5523 5645 2885
14501 18096 3466
11925 14956 5612
15187 16947 3643
5 13489 5050
10943 10965 5186
623 2115 8844
10971 11287 6346
1445 2697 3881
644 11704 3662
4 26 1099
9069 16813 9182
1528 1622 7934
1062 18308 4718
1694 4397 8180
9543 14793 2086
3171 5274 7320
2270 12233 1707
2896 5860 9157
4707 19463 6289
2762 16478 5260
12464 19837 8766
4203 4708 3620
2581 5083 7408
4671 12969 7679
11097 16600 851
17486 18505 7649
10753 19053 6645
3532 10383 394
6804 14567 4167
427 5996 511
80 9694 4362
2863 4815 4124
4564 13747 7959
5084 12156 9763
6429 16926 668
2132 7356 6096
2536 13923 4141
3733 4734 2672
1979 2830 8290
4059 6388 7919
3389 10669 1892
6854 17453 12
1731 12750 5799
2154 4251 3645
14852 16497 8061
4676 12601 959
3522 8232 1957
252 14968 9690
12997 17371 7411
11460 16549 543
441 1964 7145
13389 18252 3796
5812 7008 3614
4687 19958 2809
4861 15480 4380
10084 11655 1963
1959 16662 1543
6193 13045 476
1971 5662 8450
2632 5522 2331
7260 14264 9798
600 1438 7018
7619 9858 2540
2169 5011 1979
8219 12589 715
845 9964 5681
9126 13993 4473
5583 19292 7308
8655 16856 4139
16183 16215 213
11775 15789 4716
1281 12003 4243
7624 11221 9215
9843 14461 8521
1304 19832 7835
4980 18192 7132
1286 1898 5585
1739 2150 7569
3148 10684 3905
4775 6036 1424
4057 8221 7106
10658 13745 250
5873 6118 2440
7877 18807 8892
11488 16211 9178
11802 13352 3617
7585 9391 8902
4646 17407 8798
4097 8577 4791
3200 3220 2949
6677 11306 1191
499 9526 421
12519 18250 7789
10178 18142 3226
545 18781 8459
8532 12754 1690
9472 14032 1527
15087 15321 862
4523 15560 9783
951 8455 5091
4685 11940 6920
16500 16715 4557
1339 4543 8563
2280 2668 9271
5914 7015 1206
3343 18423 357
12394 14177 8451
9720 10636 5721
2858 7749 4675
217 1011 8528
14375 15879 8984
789 13508 658
43 112 9133
4325 18715 9487
3516 16530 8201
3364 6881 4240
5515 13373 5473
6842 13585 9565
4289 5846 9536
490 552 4140
8706 9702 6863
423 4469 5347
2332 12466 6539
12477 15320 2596
13754 15873 7268
3929 17895 1653
6883 14065 5223
17041 19729 3617
704 12687 5057
13336 16518 1352
5024 14599 6863
9037 14067 213
373 9728 4588
1414 2534 2471
6290 8065 7268
1554 15032 4888
5098 11048 3945
6021 13699 6384
5642 6215 7724
3174 14437 6037
6707 9027 7663
7196 12928 9325
244 3116 8273
11228 17003 6706
3442 13436 287
3652 7036 2045
7261 10995 5170
2232 10948 7291
4933 9666 3907
2470 10444 3925
46 130 7702
3228 9952 6043
18259 19015 4801
7727 11381 8029
1634 1751 8347
3155 12915 9149
4981 7396 2861
7841 11299 8283
13043 14239 1099
8566 14986 1850
1434 18429 3383
500 2247 2737
1545 2922 5652
10687 12522 5212
13242 14082 1526
12237 15769 4036
2813 6521 3468
2167 18896 7867
8827 14993 1668
22 558 8923
16360 18822 5623
18665 19604 6882
7325 14051 9553
15363 16152 8278
1759 13421 4305
1265 2537 5072
2196 6152 4525
7462 14751 3035
1329 9491 177
8549 9131 7849
3603 17322 3596
6829 17793 5181
465 4779 4097
1938 14402 1790
5481 8035 8128
1529 7535 2764
9273 12154 6454
8799 10167 4315
2378 11503 7593
320 13509 2267
4220 12886 4065
6118 14559 4504
13966 19448 4676
5850 13225 5708
13302 13872 5128
2876 18017 9912
4297 16772 5569
10513 10789 349
2665 16125 7226
7294 11198 1173
381 5668 9210
7853 12106 1097
2604 10317 3206
7226 7675 4569
10703 16312 4301
6171 8406 303
6948 15313 2017
9400 12575 282
11408 17198 4360
8507 16900 9324
2459 6430 9662
13216 16187 6122
1042 4034 3439
1336 5368 2651
13334 14035 6131
6541 18699 6648
3946 4785 1805
14578 15809 7014
8243 8369 3616
8744 8821 8006
9202 11565 5531
487 1529 9402
3971 16448 1284
6085 10758 4151
579 2173 2742
954 12901 3091
7610 18191 3286
2025 16724 9647
15114 16316 1989
1580 7288 4857
17702 19243 9398
5736 8197 3891
239 12591 4179
891 1100 9344
5437 6216 7618
2809 10137 8929
8156 18581 6456
2125 2828 2861
5281 12503 8732
5208 8852 2116
12162 19502 1922
524 5472 4433
14240 15869 1911
12714 18696 4910
4007 14073 1802
8134 19081 9479
8050 14335 3235
6375 19157 2161
18 8593 6660
6229 7820 7655
787 13573 4516
3254 10959 4736
5297 15799 4012
13348 14431 9536
3701 8742 7099
1116 6446 6236
4103 6827 4554
334 694 8185
1812 18532 3165
869 7512 8509
4080 4725 4600
2948 18829 3824
1087 19026 787
2256 3424 4608
18706 19190 5201
10814 14982 2820
10504 14092 6292
1576 2699 2899
7300 17885 8287
5836 9622 5142
10428 16029 9245
12834 17705 2087
4467 19887 6383
540 10151 7243
7809 14723 9752
2726 8593 21
12943 12978 7451
10336 14765 1822
3707 9467 3919
7114 17807 7381
1939 7308 5175
3265 9310 9161
6000 10240 5818
5470 12873 9893
649 799 3007
8106 11119 6619
3745 5502 3001
4108 10970 6325
2102 15861 3405
1932 10547 1098
11984 13677 6146
2958 14980 9093
8588 12755 2649
2835 6308 3987
1362 2826 6980
10585 17622 8527
9468 14296 7167
4633 18261 2820
2865 13288 5075
598 2846 220
3669 18296 5845
16594 17382 3763
759 9222 9997
14591 19246 863
6130 17198 4774
976 5490 1909
2243 10114 8373
941 9230 7796
3496 7368 155
1595 14555 3435
15665 17691 1996
2519 2578 5749
212 5618 234
11975 14653 9325
1344 4743 8045
1234 15581 2308
2624 8596 8221
6690 9745 8625
1611 3769 976
452 7298 7465
5916 15430 3407
1930 9905 2039
5800 15916 6240
8351 10083 3897
3183 12152 6936
8980 10870 4241
6065 12012 5135
4931 8179 773
2725 14575 2707
13032 16657 4106
11192 11640 7816
642 7332 6395
488 3930 7628
10739 15170 5775
7885 13124 7060
13239 18626 9990
13957 19965 1576
703 16579 3854
1474 6024 7051
15368 16140 3153
481 5747 4103
3976 5494 9327
7000 17166 3567
9602 16504 9241
287 2067 2987
18606 19741 6588
1086 3329 612
13249 16704 2210
4506 8122 6077
2037 4125 8232
1496 7864 8704
4415 18185 5043
1477 6045 1418
14661 15754 2909
2353 3298 7339
1338 2372 2886
9916 15507 2299
10851 15574 6420
13442 14174 9233
4185 7293 9916
918 5488 3912
11374 16369 8281
726 16355 8667
11408 17906 7500
16276 19831 190
16615 19563 2639
2898 2911 1968
2914 5364 6033
653 4542 6345
10272 11731 5693
9145 18187 6009
6340 9580 8402
864 4368 789
3228 6946 9553
9999 11282 260
6447 6669 7172
8633 19503 2891
2692 10822 9547
9492 18402 3595
1402 1815 6330
8067 19006 8485
549 14838 5591
535 9175 7279
7037 9576 6826
16372 18338 5436
122 734 8197
2128 9487 4122
13983 19945 8067
7546 19139 898
9910 11080 4289
3014 12184 5310
4066 13126 3661
11159 11285 6932
3414 18051 6384
1892 4074 8913
1993 7354 1508
147 17467 9145
2153 4710 3406
4983 5490 6476
1189 11349 2953
7224 12657 7991
5398 7348 7392
7990 13776 9118
13084 14814 580
8648 12870 7231
2748 4315 9212
14279 15152 4115
334 1012 6248
4039 10924 5408
14506 15342 3023
5045 6540 1048
16442 17059 5382
10666 13448 9574
6285 13567 204
6904 7573 7106
13209 13760 1479
11693 16642 9517
7615 17064 2324
1938 2179 7117
3979 7318 5669
259 4989 6642
7 1798 5609
2306 6477 3344
11881 14249 2955
1109 2413 3371
519 10626 7220
1560 2452 3715
3865 8058 425
346 947 8260
2377 13855 7779
3031 4965 16
14728 18398 9275
92 10781 3775
6683 14871 6726
12236 13957 2908
637 1496 3683
2852 5650 4928
2963 13907 7602
46 6031 5817
491 3060 4662
1088 8760 4329
3495 13425 7379
5109 15169 7308
753 4613 1261
6299 18014 8593
10095 10922 9933
3668 16528 1380
6334 6841 6429
7954 11769 2987
3415 14067 1896
17648 18663 9831
6964 9260 8364
7131 11738 425
2417 10104 6039
8816 15638 7975
5673 19268 6422
13114 13974 8290
4093 8642 2010
618 11788 1351
730 8016 1980
1963 8305 9819
3131 7684 3383
10149 13844 6866
6719 14551 8640
10910 15557 1337
1098 3071 7913
287 3236 5153
5679 14474 1329
10188 16538 4622
9065 11191 9678
286 752 6366
7938 16420 6265
1248 1700 3724
15407 18871 8921
12735 18059 579
9081 9131 2085
5946 18882 114
12814 16534 2791
1318 1814 1808
372 7248 5102
19188 19473 5408
351 13268 5502
4063 11522 1429
51 19329 4075
1 688 72
1 340 544
4864 14216 5482
14188 14682 5120
1124 15180 7561
8851 9166 7054
11691 12679 6722
4211 8839 8140
8501 9556 8708
5918 11652 5970
1004 3602 4315
6151 19853 6580
251 2794 8896
572 19436 5897
7058 10560 1457
4909 8288 4176
10568 12986 164
13852 16211 7636
4940 19498 374
224 514 5652
6246 7890 6753
957 7191 4685
3735 15574 5062
245 4556 1153
408 8075 5052
2777 4002 1320
2924 5222 4218
10695 19546 2719
3168 4587 9067
8249 9354 7512
721 4136 7742
181 3200 2717
9973 15822 5657
9528 14152 4112
5368 8275 4998
3002 8015 6370
3322 18030 7612
5544 6339 4963
15601 19077 4282
201 1312 5344
4150 16300 5326
12419 16760 1106
7267 7362 2013
187 3370 1045
2697 4331 7993
2455 3303 2294
5972 14594 8834
7636 11638 4398
7860 13199 3939
5605 10096 4698
4899 15498 3662
866 16272 426
832 16260 4117
4889 14992 293
644 13111 2335
5526 5756 4881
4285 4671 1252
1044 1781 3044
6708 13492 6376
800 6663 9161
6307 9813 1774
14200 17244 5080
10737 12804 8224
3925 5770 3612
7233 8528 3695
922 3450 5100
934 3164 7757
3456 15695 3632
3676 18774 5557
6332 12883 2700
14024 14240 9531
2296 18599 6416
7750 18820 2629
12743 16568 571
5859 11849 3066
5062 16935 6251
4272 5339 1261
434 2798 7358
3729 17659 844
14063 19112 8089
6170 18505 4761
641 7069 6477
1877 6152 9984
6740 17336 6072
8253 19510 5894
219 4276 2914
6931 16888 2960
679 2376 4327
9721 16848 5914
1152 1750 2786
2253 5671 6847
1549 17143 8901
1438 9886 7513
9269 14514 2557
9379 11527 1492
5054 14762 7757
7698 9184 3405
6575 11284 5406
7388 17235 9707
424 16730 7101
711 1458 5485
5830 7226 4514
4739 15039 6351
2893 5936 3478
3342 10965 5794
1800 16729 6342
7422 10709 7544
10654 18680 9017
978 4498 2268
1692 18650 3912
11779 16173 5875
11206 15399 5414
1968 12467 1220
5109 8409 4708
10205 14262 8466
4 46 7674
298 366 9964
12927 18948 3066
1838 9701 6820
9187 15308 6780
817 8548 5178
7369 17889 2792
7151 15394 1046
1579 12564 1902
4185 8527 7323
762 6799 2916
2814 6278 4874
8658 17034 443
6303 19865 1133
1700 5343 4211
1155 19116 1050
6557 8312 1105
10551 18566 281
2883 12178 2335
14573 16877 6395
16160 16472 8495
3937 8059 9398
602 12751 1973
4246 18923 1259
3118 8248 6737
3070 16447 9943
4722 10768 2419
5738 5822 3649
2959 17899 2296
10327 15436 4869
6317 19119 7591
4009 6406 8870
8010 18637 731
9562 11507 8462
9825 18048 144
16009 18452 1322
11384 15389 7705
8734 17445 3735
185 1598 1619
142 2592 8605
10126 19422 3418
4589 8309 9249
7795 9377 7815
7779 11742 51
17838 19644 1458
168 301 8545
1954 2819 3319
5444 14034 4298
2144 7697 1290
7029 7101 9122
4093 15874 3306
462 11522 5265
3071 18605 912
8743 11312 3979
8714 16538 308
10728 15604 7695
4751 6681 281
1273 2007 871
5450 12291 9089
4311 4425 8547
292 2430 1712
4487 7171 958
4068 15986 7653
461 1293 4257
322 5381 5195
14974 18708 3706
13290 18757 4375
2493 9238 1851
3374 16688 1346
334 11271 3454
9989 10688 662
35 10808 6503
8163 17191 8831
2615 14858 3827
7388 17742 9373
6645 18005 9744
1458 3900 4543
8491 10949 1479
10578 12740 4198
8521 19344 3865
8798 17929 9602
983 1057 4534
13807 14111 576
2943 11625 6845
1574 16539 3426
6468 8372 4728
26 264 7209
9466 11408 634
3456 10923 6821
16421 17476 6358
2360 3912 5159
1657 16795 6312
9126 13174 3832
4529 7955 4027
699 1331 9950
608 7301 2428
6793 15197 3099
16947 19723 6330
1749 2679 3909
9808 12751 111
11667 14813 1617
9127 14945 1483
265 18245 8713
5101 6811 2066
14543 17201 9447
287 316 6902
653 5606 3570
13147 17751 5155
786 15509 6865
13091 16483 7637
1574 17652 1515
4995 15824 4400
3096 16214 3501
10638 18226 9299
1927 3730 9576
14217 15214 2177
8794 19540 8797
4593 16874 4749
6496 11571 8759
6006 6730 6157
1363 16485 6730
8360 10939 6060
2091 10444 4914
3305 12403 2075
3805 6377 6015
1002 2836 3642
3564 6537 322
234 591 948
10661 13486 5541
299 17931 2240
4819 11839 979
4177 7253 4702
4 42 8439
5409 17108 3524
14862 18867 1944
442 13500 2051
83 427 5976
9555 9870 1751
9578 13133 9318
5172 5218 6755
909 18644 4091
1284 18340 3127
11657 12250 6137
12483 13994 3316
5178 10811 3867
3993 18818 9709
2770 15069 1359
4109 11535 5674
2208 4222 1670
6095 11819 519
16 27 6895
5456 10104 2400
6001 19386 7819
5810 7916 1538
4864 13413 272
1086 2154 7436
6545 19264 8974
2267 7277 8368
1364 13772 4576
14674 17350 8963
3794 11402 3673
747 2673 9761
7492 10021 9483
3578 15925 1873
9117 9871 2830
2961 4964 1126
1325 6737 8330
6402 19967 7570
10540 14629 6970
10315 13514 7232
5680 7397 6749
2878 8836 5898
1142 16027 7025
10541 18612 4978
5969 17163 5399
11001 14429 4077
9613 15696 7549
16062 18012 5383
16436 17255 158
4298 10966 6110
3097 6377 1131
3236 4459 9027
11539 19376 3751
7274 17184 9152
9995 12650 5374
1192 12372 3890
4797 7350 8100
9839 10857 2956
1209 2159 8766
2681 2752 3770
1284 16774 7974
2070 4476 921
731 6435 3410
13529 17192 3962
8674 17305 8000
6163 19998 9789
14891 15915 9670
9714 16508 2371
2511 5000 853
9335 11440 8491
14164 14561 8622
2064 16150 6360
2474 11092 3876
4385 18206 350
17109 18695 9057
4265 9027 6790
117 3975 239
188 1551 417
10510 14551 2024
996 8500 4580
584 1957 886
1844 10385 6287
4166 12378 1399
3145 3728 9616
199 1492 3052
6762 14244 8406
2339 4422 8972
2080 5140 2717
499 4835 3333
6316 9918 2760
5678 12697 8379
4337 5397 2248
3627 6484 7481
3933 16068 6755
457 1580 561
291 2351 1704
1186 1213 7379
4283 5785 5430
4301 14202 501
3097 11833 9205
2570 16853 9077
1336 18474 712
3106 13849 3830
7648 9955 6510
1075 2116 7388
2283 12289 7676
609 2884 7153
4419 12852 5239
2193 2591 8306
6140 8672 1683
5110 7641 3675
16066 19798 6918
8578 14454 2452
5033 10321 6705
4633 14818 3557
14828 15044 2608
15517 19889 29
10299 17755 9935
6748 10070 4735
8084 17025 1580
7650 17329 8739
8201 12481 9
2371 4241 3042
4367 17064 5489
5 5042 5343
10241 17759 6282
5278 17693 5127
1378 2109 6952
14520 18731 8056
6197 18053 8876
208 2750 1963
9678 19861 4429
4613 12898 5457
2871 7911 5950
9872 14509 2483
5802 7565 1166
2063 5854 5424
4300 4970 8028
36 10185 1707
6330 16728 8555
9333 14728 5571
5409 9548 8993
4725 5125 6203
1040 9046 4534
1394 5368 8537
4354 16672 2530
2522 17806 2761
5818 6006 1373
14086 17836 6823
6398 11931 820
5600 9591 4479
4992 6292 9131
8867 19249 5594
7317 9882 3900
6570 15756 719
15469 16480 2816
13273 15702 6452
392 19485 6749
13049 14547 6353
4068 5141 4692
1694 5469 2563
4359 7169 2802
1253 19484 7362
281 18917 6249
17553 18408 628
1101 11493 1395
6338 13292 48
12069 16282 7222
4132 11842 7484
1260 6951 2455
4320 15932 3750
288 5378 7788
6719 7655 2401
16540 17518 1101
3252 3976 1174
3856 10428 2958
4124 7323 7381
5416 19736 1693
7084 17688 7235
8926 13634 3478
2267 10541 211
1251 14193 6439
1521 2485 3693
1367 4120 279
8843 15461 8370
4680 17710 5561
3139 17442 9710
106 17182 8231
10028 19586 3662
1390 4413 8019
17504 18343 2283
10755 19719 5509
4103 15161 7559
2539 3347 6070
1373 11422 9720
1505 7617 9439
15465 17745 601
2055 9191 7679
127 15679 7548
578 18723 8828
10039 10073 3784
13140 14813 7681
3243 8832 3734
6317 16540 2545
10784 14174 2628
3961 16650 2758
13469 14772 234
6122 8442 7126
1761 7380 5694
11140 13426 3732
101 953 1414
6368 18457 4541
317 19712 8245
12562 19643 763
128 373 9150
983 1474 511
1698 12710 2430
12154 16789 7810
8402 18060 2235
787 18282 4327
8121 15739 7722
2403 6323 2312
11885 14023 9182
4051 12635 2120
4360 12906 7194
633 13025 9825
6237 12128 7731
9164 10242 548
12394 12559 8509
7344 7642 6455
3419 17474 4507
5583 10155 4938
14901 19144 1661
5245 15057 9181
1361 15055 7184
5573 16894 1309
6263 8442 3602
572 4893 7140
10369 11882 6580
4104 15118 8469
13897 17276 1539
6959 14097 5724
16871 18005 942
3259 14379 3710
1020 6249 4339
12664 15001 5437
544 16300 2150
10608 18805 7629
1126 3343 8929
16177 19727 9179
173 16501 4945
7969 10505 4733
7913 8982 5423
6006 8814 9901
3669 15331 9895
11705 16373 3310
10781 18080 5813
4338 11367 8824
17045 17562 4664
12576 14139 980
1637 7184 3889
1177 14559 3107
551 17910 3721
6540 18148 308
12512 15111 9044
3077 3246 6755
4493 19917 5927
413 3785 5660
9723 14275 6261
4400 18195 4221
7902 13989 7808
9779 16464 4683
17020 18199 5552
637 17594 6356
1536 7637 7752
5455 16130 6682
18280 19824 5330
2604 14976 1361
1015 1136 2575
1362 13782 3439
13974 19770 1284
3257 11599 2580
1448 2996 8697
579 2801 7171
8150 13353 6618
1489 18663 2663
2689 3677 4700
2132 2989 3896
3235 16973 5295
6628 7373 350
1524 6892 4118
831 3824 6235
3257 7432 1063
5045 10534 9290
6779 7135 6519
1067 5507 8118
11420 19631 1114
17510 18756 1303
4703 15263 9781
443 7210 1323
1290 2214 7046
3668 14597 4349
10638 14692 2094
13418 16632 1939
5305 8967 7680
9610 11396 8068
7794 17653 5939
13312 18923 510
5379 7498 1670
7056 10879 360
4286 19416 184
769 864 4798
7442 13895 3895
1135 1793 7103
17201 19190 4236
2004 10238 8982
2195 9140 9916
3965 11783 2258
8864 15605 182
5661 5689 1987
11339 19296 8820
10339 19975 797
15662 15699 6315
163 17142 882
2742 5914 8869
17003 17892 9383
6761 7648 25
377 876 5761
8712 12696 2573
14081 14722 2189
10204 19220 7251
6825 8183 3436
1114 3924 4678
6595 9014 6999
13527 19122 1384
4605 8586 7570
3137 13350 5841
6341 11146 6077
8816 15010 3338
4402 11136 8450
319 394 2879
1437 2838 3818
12902 14837 8644
3203 5481 7016
14707 15963 1280
8696 12064 9421
5449 12760 8670
6877 8418 552
953 4898 4810
13647 19966 1109
6797 11595 211
1185 7602 7991
10990 12698 1217
1490 2995 5689
3281 19384 7288
2502 8802 8743
2622 3456 3602
9693 12191 8453
9992 12763 3232
917 16609 9627
3571 17844 1891
1151 14051 6776
1981 2538 8299
10473 10557 6811
1398 8592 2408
6070 19675 9148
11800 16772 987
9343 13714 3896
3305 6362 3546
5502 7698 6779
1082 5569 9669
6201 13823 7402
814 1638 5788
2573 14441 9948
10305 15719 6531
1366 3443 458
253 14195 6164
883 1080 5870
2910 3340 7571
7877 8253 123
7694 17507 2104
2448 6795 1719
10073 12885 8376
11864 14262 283
503 647 9573
14527 19189 5138
7873 17445 1611
2788 5997 3345
1102 18747 3727
3291 10069 8097
17106 18292 9358
13325 13687 9531
9744 14793 1808
2163 18003 4602
8346 12160 5472
3630 10172 4909
9264 13246 1237
5007 16103 3786
8899 14903 7732
14070 17796 4418
1015 10572 660
11482 16625 5207
699 4263 7806
4917 11134 3983
11492 14608 3002
959 9652 9982
726 1212 3821
14021 17336 9360
681 4773 2801
429 1620 1328
18620 18790 6781
1870 19877 7718
11823 13662 2814
4729 16835 3768
4224 7473 5109
11146 13694 2335
9737 16643 8168
4221 9612 3014
2816 18617 3005
4415 8119 3355
12191 12770 2651
2956 10740 1111
7948 18519 5028
4275 4891 9439
16624 17068 1615
295 5898 4684
6092 6883 5324
284 8024 3558
12279 17256 7208
315 3447 7658
6494 10997 4206
11114 13346 6561
11430 19701 2414
294 10781 5474
1188 3174 8980
2922 6364 8635
104 8805 850
10568 11156 6828
17115 17299 2398
8412 13226 5691
2986 17611 5163
731 11494 9537
10654 18749 8917
1165 1271 9339
1146 1475 9641
146 1013 2272
902 6527 9814
736 8107 2827
13729 16888 336
88 5517 5106
1134 3367 628
3594 10906 9475
5137 9051 4890
872 17715 3347
1680 19385 9475
7548 18274 5321
2091 13899 1951
1071 1144 7969
1097 7534 6622
13099 17152 8366
4821 10684 8664
120 255 23
2275 6397 5460
8463 18499 5957
3470 11038 7686
4400 16767 9787
2056 4931 5348
1871 10481 1510
291 7679 6910
5364 13575 6573
18373 19370 7157
16367 18659 9300
5584 5979 8757
11312 12991 8623
1609 9573 5474
1349 19095 5648
6233 19537 774
3101 7761 8465
9263 9355 8699
3338 17389 6462
1864 13869 5836
15967 18337 6050
2672 3512 2159
1345 3207 9464
3807 6398 4309
321 816 2328
795 15475 9544
11028 14147 4207
3246 12107 92
1048 3270 4733
6743 17072 5330
1267 8584 6788
5970 18085 1585
2537 18240 7646
872 11854 42
142 1967 9495
10086 14403 9519
9983 12200 2387
11684 12765 5408
13764 15096 6054
5411 11487 35
4427 16394 5801
5002 9398 176
7198 17836 7578
1514 17354 3991
8432 12880 8940
7871 15746 1943
2843 18576 836
5030 10145 1032
11064 12555 8732
1078 4615 3477
7483 11220 8251
2399 11064 12
17686 18151 6541
12550 14291 2309
3319 3758 4747
3360 3863 6622
2581 19902 7651
2540 8922 3815
4562 15415 4192
1626 16039 5475
2235 12367 6946
34 719 5158
18329 19271 4174
1096 7257 8915
255 968 4258
6037 11463 8168
1435 4114 1242
17564 19873 1775
7425 12911 2590
3256 4393 1664
119 4123 573
8440 19106 5762
7010 15721 8891
10248 19625 3232
5143 10649 8303
17285 19143 6261
3464 16224 4516
18280 19915 9090
4235 16046 356
1037 1791 6598
2053 10616 8740
15660 17350 1240
5943 10841 7856
3786 9118 182
173 2975 5612
10592 15183 1783
287 2306 3180
8008 13457 8988
9839 18568 4994
2551 9047 5468
8348 14936 9065
1875 17873 96
236 19732 8483
5068 7111 4750
14430 14571 5848
32 18745 5273
18 542 6788
10122 15929 295
4203 6469 6702
11245 11332 5
3960 9134 6424
1478 17403 2993
411 6168 8908
8283 10017 1801
596 2496 7140
897 15711 1426
8837 12849 220
17094 17761 4151
3671 16743 8554
13508 13723 9375
4195 19256 2221
4173 19468 5345
4874 9255 4260
6800 18962 1307
7353 8211 8808
2519 18672 4550
7109 15723 2031
11960 16656 7534
6890 15713 1433
3560 12597 4383
7575 14264 7153
119 8170 7055
1670 16368 1087
4149 9906 5865
3077 4865 2041
7897 12162 6345
2025 12989 622
4514 5901 5067
13860 17846 8991
2981 4106 5440
12669 12832 6269
492 606 5806
3331 7066 295
1943 18597 7938
1246 11456 6786
11078 17065 4439
6112 6241 377
7986 9117 5277
5529 11998 8823
670 2763 2793
4842 13648 1025
6493 7987 6374
2871 3062 1459
3025 6552 6174
14228 14499 1921
525 12330 8460
6326 6361 2705
4618 11309 2493
5418 15707 116
4087 6086 8208
4720 9612 5641
8464 14728 3849
1087 3825 1876
3208 6702 8414
2397 7781 2019
8738 14377 6129
4126 10040 7438
200 977 1558
5094 10156 9025
4718 11088 1766
13281 13297 2824
647 1328 7410
258 17149 9837
2771 3277 2196
5449 5982 1359
2570 7058 7194
3767 13736 17
1163 18260 8497
5656 9354 289
263 6459 7055
5661 19306 8071
14233 19513 183
8445 19203 4836
1536 13885 9020
117 471 2658
128 15933 5182
236 1802 2433
3309 17291 6852
11713 16179 725
1617 11061 6064
9113 16351 8988
5580 15724 6291
114 185 5740
4415 14499 6257
1781 13837 401
1906 10368 501
1964 9384 475
11511 12170 1330
1187 3818 2800
6594 19084 3378
2356 4214 3197
3752 10496 693
1296 17599 2692
6057 9269 8825
8661 15254 8724
9455 12161 8951
15821 16707 90
4107 12116 5873
17384 19021 5032
3122 13487 8373
2026 2987 9852
8805 17474 4785
5394 12910 943
4385 9377 5003
15232 17756 195
6178 17738 3800
17395 17650 1148
362 10700 4707
5891 14204 1044
1601 10988 2383
14772 19627 1784
4760 8714 200
8292 14173 3960
9066 15306 4884
1882 16710 1942
6288 10394 9623
603 1495 8428
5012 8738 7001
2567 8777 9412
4962 17095 7156
804 1448 5321
1666 1967 7163
3884 4889 4844
602 1488 7433
262 11514 1859
3760 10254 8280
2010 4535 7036
391 9557 6746
13141 14933 8349
4864 15526 8496
15226 15256 5943
2678 15409 7336
10835 19483 7782
9375 11540 7975
4625 18322 8623
12586 19885 8917
5281 15721 166
164 4473 1523
635 3740 508
5504 19198 1346
6319 7496 8620
12357 16199 3130
3439 4844 4449
6384 11811 398
4618 17534 6376
8166 16447 8733
1747 15062 9798
2185 6834 3988
11222 16591 6841
1123 10843 21
11966 18351 7670
8204 17544 3515
5016 15785 176
5625 6632 2602
17509 18299 8829
8652 10238 4774
7848 8995 2193
13727 18444 35
3961 7023 4061
2711 4594 1743
13109 18174 2787
323 14160 3465
699 5297 7097
5735 10279 3444
1503 4309 5570
9831 14625 1554
4158 11999 6358
248 1053 916
3572 4672 5770
12663 19445 6171
8420 15620 602
9676 19990 1212
7033 19361 3053
10282 14375 3905
1367 4977 3172
2434 11594 3795
602 10253 9141
4011 7569 4318
2100 4956 3257
5697 12048 136
206 9538 650
5098 9924 5230
12781 17769 2807
1315 7287 5455
14886 17483 2624
1245 8977 1618
2542 12805 4325
8612 19619 9526
1821 6779 9808
5330 15621 2603
11724 15028 814
6915 12975 3142
2870 8374 912
6823 15800 984
2206 6019 2985
3654 10656 7623
5308 11199 9331
396 5859 3824
13487 19328 4635
17758 18300 3738
2267 13018 7555
13767 14406 47
321 9268 3917
1737 4558 7272
429 727 7950
6499 18313 9354
536 17337 3841
3903 13866 7262
11909 16376 4149
688 878 22
4071 8479 6516
5358 12628 8024
6976 17993 806
1673 15201 7249
4316 17401 2308
9278 12143 3092
6608 9070 2670
4508 8064 1492
14065 14274 1595
317 830 9389
4990 5158 6235
7441 13231 5853
5328 12064 9597
7336 11286 5602
1473 18484 6364
6436 8546 5710
9698 9905 4214
1022 1199 5612
7642 13711 9315
4614 19672 9523
589 8579 6776
4945 13832 887
14300 18131 3760
10735 12678 52
2037 10378 1632
1 9 6350
15372 19725 6214
7882 8002 6599
7741 7839 3680
10893 11568 8192
5489 7203 7508
1593 15988 854
5036 12672 7763
5795 6563 224
13772 15984 8773
241 14808 8371
11997 17562 8545
9382 14129 8194
1936 3678 8585
12299 15154 4591
2221 17430 3388
662 3404 1391
3054 17356 961
5170 11645 8135
13464 19897 2091
1033 16897 9802
1814 18884 5582
1340 19125 5368
156 7613 9768
913 9120 4383
346 7813 4583
2372 5723 6612
9787 15656 9054
2876 13036 3916
4416 4625 5997
355 17470 3970
996 18641 2172
5666 18433 2708
8966 13788 6179
7362 19071 5522
4497 19075 7022
1130 1257 3061
2660 13682 8434
127 19872 8189
1578 2585 8365
6182 12820 5724
13602 19661 3991
2622 19199 8631
7173 7305 6279
3361 16549 9646
9362 13649 5773
8926 10607 9034
10304 10748 802
2450 13985 9906
2127 4944 6014
28 41 8528
5148 5294 6752
3586 7830 687
10245 10833 2578
9639 19851 6201
8526 10815 855
1830 14405 7476
3609 5991 3093
4473 15738 7349
1340 4240 6664
8557 13667 7846
976 6070 8772
7576 17920 4432
223 4920 2658
8227 15541 271
5713 15510 8037
1731 3319 7803
138 280 6602
7828 9034 5258
3459 5117 9215
1138 6534 2286
995 11081 1520
8338 10365 1928
3846 4011 8365
3604 13985 5779
2792 5897 135
4311 16693 1184
6611 18113 8973
1755 7855 9699
6256 14605 2462
8977 16158 6211
2915 5870 1659
7035 13307 7648
5614 15544 6937
1572 16523 8079
1476 5952 7294
3380 7823 5277
435 16392 1630
445 13603 476
3372 17310 7650
10 994 4223
7095 18727 4854
1187 9247 1897
15718 19077 9740
3836 17492 3502
9214 18114 2532
4115 12192 6470
5040 16363 8991
5438 6790 4583
6081 17826 1704
9582 17278 1761
748 12393 7148
18710 18913 849
959 4457 6145
5845 19506 1449
1319 6063 8505
703 1373 1326
9816 10520 3556
364 583 6376
501 12137 7834
2382 5283 4530
591 8336 2132
1070 11907 2386
5631 6907 4209
4884 8774 1262
5093 18625 4653
7242 12316 2030
2363 17263 9546
7995 10028 6518
2206 17926 8323
6099 17237 410
1968 13514 6231
3269 6178 2110
2109 18755 628
4115 13077 97
3104 18495 795
898 17911 3918
1112 1976 8797
12505 12722 652
8823 9060 488
12035 18823 4024
2534 3567 8516
11446 18711 8040
9625 12017 5521
1183 11272 1619
16895 19060 444
3620 10604 4175
1315 12983 9901
11301 13000 2335
9388 14061 573
4722 7540 9945
4074 14740 1074
16064 17608 1838
2875 14879 154
3117 7872 4849
8124 9856 8270
10745 11178 4023
5406 5973 7509
14305 14632 2324
9773 10028 6178
8823 10248 5820
9227 9769 1871
1694 2833 2760
2489 16831 6054
13065 19064 7906
1559 14114 6041
13850 19369 6682
3140 10595 3621
2335 17819 4790
502 17831 7194
1918 9674 248
3274 6152 6039
2586 2938 8790
11844 14317 7485
6636 11692 2183
1219 1841 6428
5469 19591 1691
12305 13837 3927
13171 16587 3678
4659 12449 275
7743 17738 7557
141 8845 5382
2121 8830 5819
2819 13554 5239
1938 9449 8805
424 2344 2081
485 4493 9320
1841 17702 7810
7611 12136 6357
15980 17785 4254
12068 19312 3540
7633 18965 7753
6434 16446 370
3980 8718 2151
5516 11320 2481
3772 8717 6747
3357 11267 8136
14146 19736 3533
7055 11254 3227
17122 18575 6792
1764 12364 5392
936 8022 3795
3752 6700 9864
13599 17575 6336
645 1413 8260
1682 3173 3423
9585 19797 7197
1414 5076 5297
1246 10554 66
14879 16294 8172
7584 19297 5461
4817 11906 5998
11903 16012 8287
8814 19366 1453
693 13094 9136
4835 6472 8507
6126 19461 9165
9003 10289 7028
9490 19224 3179
9016 12973 2499
6645 13437 7943
6238 17265 196
8106 19550 9547
14928 17860 4200
5121 12653 9581
7928 16549 7035
17406 17913 85
1725 3072 7633
471 6685 7200
628 16911 7807
10331 16725 503
2260 6256 9906
4138 18893 6882
6037 8844 3643
6572 8483 9633
11770 17930 6958
522 5339 7436
5954 7971 4581
2388 16166 7126
54 694 6967
9392 17808 4370
14822 15503 1142
4476 14157 6052
9014 11930 6706
4177 18018 4659
8835 12365 6588
2470 16566 7083
446 4756 4193
16776 16980 4177
3061 12622 9775
2780 6120 1176
3420 14022 2296
10861 14829 8007
3873 16792 7320
8700 11487 7587
4456 15828 343
317 1414 5991
9269 10694 9797
5290 6591 2748
1171 7527 3856
495 2964 2331
7026 19388 626
2813 2985 998
115 468 414
9866 18586 3091
131 7608 3839
666 17315 4905
1557 13930 9388
315 5451 3034
9321 18856 3616
7543 19020 3363
9809 13158 9467
2911 15234 8065
15924 17648 4619
4623 10022 7774
3388 7334 8823
827 1298 3947
379 16306 9554
2006 18035 9126
4812 11719 9827
3414 16500 7448
1364 5383 8158
6876 12165 4762
13385 16465 9611
9375 13315 6698
17748 18990 3076
3938 5048 5640
1208 16520 176
1498 5208 6401
4563 11578 8550
13614 14536 5898
771 2315 4993
1885 14342 6403
1683 8296 6304
9296 18760 7003
9838 15513 2420
8274 12086 5585
332 1602 3853
9668 13087 4288
16686 17566 7499
7969 13789 3862
3393 4174 9662
14652 16028 9562
4560 13550 4961
1283 13322 6341
6445 13228 1889
9243 17653 8494
1271 6919 4001
9189 11755 5481
2532 8830 1580
5812 16727 649
5383 11866 2630
509 15663 7447
4443 5392 9306
2338 9000 5240
14738 14846 8992
8451 15559 7978
4894 5462 6337
3432 14603 8461
2001 3471 5316
777 16512 3422
8654 10988 947
893 3770 6432
2955 14387 3261
2664 10867 9160
15222 16594 5209
2864 6703 3088
3325 7130 6387
526 16111 5706
14714 19521 4029
1762 10363 8625
6818 15727 4869
7262 9621 8776
9677 10222 6608
5181 16036 3465
9718 9937 6440
425 4878 869
7563 14896 4301
6869 17450 4240
1269 3411 6195
5217 8899 8467
4774 12241 7204
6204 14338 5848
3276 10242 1908
1285 1491 8361
9570 18187 7445
2953 18094 3427
601 5190 8693
3429 17225 3689
9296 10947 3998
3285 8643 1141
7554 7808 732
331 18421 4159
2213 13578 8207
4766 13116 707
5129 10802 561
1157 1557 828
2923 8380 112
603 1088 6838
9562 18724 9044
5855 6582 2808
1159 3800 6324
1247 2665 1736
6441 17159 2447
4460 19147 4767
36 415 5215
671 16982 8876
147 10048 9647
14509 19688 3953
5700 19862 1527
16335 19777 9231
7561 8590 8274
6348 8987 7298
1399 5561 3638
2599 18759 8630
16802 17622 7345
5807 14317 2909
8665 14562 4869
961 9153 5065
2152 2305 6420
3251 7469 951
1 4 7491
12728 17243 2846
7813 8953 565
11250 19553 7140
5765 16735 7592
7070 11436 7108
8920 9258 2119
9700 11363 4321
478 651 7225
8175 12639 6543
5113 15168 771
10416 14663 1144
288 724 3147
3653 3726 9227
4287 7316 7706
1489 13387 2469
3697 6195 7742
11666 14426 8869
3023 6052 5323
1304 4643 1257
2715 5011 1284
4598 15078 4711
61 2220 7255
12879 13424 9292
7180 14389 1091
7135 16546 5840
1796 8810 5381
10558 11986 7618
11765 17902 9425
2515 12912 8848
5666 10507 4789
3195 13251 5989
2802 7775 4150
1981 8583 898
5643 11864 2788
7325 9480 3416
16980 16982 558
3730 4806 7535
9087 16535 3355
15232 19889 1816
16328 19107 8893
2846 15665 9095
4 7 2143
2760 2848 6779
3457 16374 168
5531 11347 595
559 600 6498
4579 5416 5363
13595 17109 4418
12465 18872 2510
3486 18458 4041
6333 14899 4852
6134 10432 5151
10168 13429 7395
6966 10099 8818
12126 16905 9022
6257 11428 183
5553 8398 4517
401 4445 8228
2053 8484 1038
4056 19556 551
9273 17653 1767
15176 17963 4541
371 17061 5339
7678 12817 517
1143 7546 2568
4012 6222 2103
2356 7880 8549
3113 13959 6027
7801 11042 1477
11057 14343 8342
15243 19162 3343
6121 14900 8432
8438 17189 2960
2317 13348 573
3297 11487 2024
6772 9432 8290
4561 12752 7352
3244 6700 1621
399 480 1231
922 1550 3449
1517 4197 6313
4795 9158 4088
10920 16811 3752
3251 11444 2320
13496 15121 3013
452 5812 8819
11486 13707 4601
335 2345 7604
14494 17669 7074
12831 18622 7013
13021 15433 7802
1986 17972 9443
807 18717 2483
9606 10131 73
1830 5319 5919
5837 13463 670
13591 19703 5363
3399 18172 7145
2344 15745 5977
11196 16096 2092
4157 14016 8530
13262 19691 9038
7070 14982 6203
4197 4412 2397
6887 12752 8591
447 13622 1902
1760 5937 1864
2030 6571 5380
15706 16266 6418
6950 18560 7772
18225 19251 8292
1048 19449 691
5277 8811 2240
10117 18830 5387
5392 11414 6675
1698 17822 9260
141 1949 3868
19115 19675 1971
1151 4006 1908
13 5396 2637
8390 15420 1534
14948 19790 8968
949 10947 5711
9596 16890 2716
2655 12791 2480
13708 14164 9022
7019 11514 8927
6118 13662 991
13308 16333 9998
157 570 739
7847 8649 5368
2265 9828 1648
3021 3386 7660
1370 9376 1480
21 869 279
12862 17039 2889
7270 17119 712
18080 18960 261
1527 6542 6766
4400 16549 1235
5330 15481 5216
5329 9829 9029
8702 16798 6516
13856 16607 3158
856 1715 7604
6607 15539 7546
512 7935 9048
3141 16101 4745
4235 14410 3943
2785 5888 5568
11596 17360 5444
940 17595 7758
11936 14495 2198
734 4195 9463
7385 11272 1592
14573 14959 3544
10702 13775 2257
3682 3830 6257
198 2739 5232
126 369 1222
1164 7667 8859
10986 17479 3451
6131 18160 117
13808 15073 132
14049 16646 7205
681 14468 8056
5524 18837 4281
1430 14990 6643
621 1017 449
9830 11154 7076
1755 3195 7550
15062 18202 1918
131 3226 3822
214 271 9699
3299 14579 5552
7831 15988 7663
12175 14881 8800
5849 8813 9587
7805 15426 3544
9296 18232 3877
432 7300 4771
8971 19781 8439
3396 19618 3486
10376 16800 6015
7327 11465 873
4647 14800 7390
12136 17657 751
360 1373 3450
1841 1853 4428
4370 18004 6238
963 2580 855
4176 5185 2324
741 16139 7707
8602 12025 6245
1196 14868 7372
9065 11412 5305
1839 18958 8155
15549 19122 2176
2718 14576 1491
4722 6202 2426
2446 4682 1764
3457 6650 5093
983 2028 3034
8803 19181 3876
6949 16171 5594
7320 14019 3022
880 1564 972
9073 11777 8804
9249 10724 2201
10179 15454 7853
1428 6879 3658
2454 15401 7079
3867 14418 1552
1891 19209 5456
2521 4960 7067
7493 18072 5856
4027 17942 9016
2364 17881 7133
18946 19892 6943
2744 4008 7804
4044 12159 4012
182 2229 315
1094 2566 4943
5461 15048 3328
2050 13523 4499
8754 19341 9376
56 2982 5900
9638 10739 9444
2099 11425 1780
2606 4410 265
8924 17603 2855
3716 13880 624
8734 11991 929
6652 9060 9874
6894 16929 1180
4016 6949 5515
4985 12270 7794
371 2003 1034
9756 18404 9726
3885 10658 3235
8215 11898 5291
8237 12168 3897
4970 10530 779
1841 9868 904
7504 7912 387
5381 9775 167
1425 2363 8137
2885 4838 6001
7683 11556 5788
4959 7114 219
240 546 7621
7166 18582 2869
12884 14676 7227
9225 10842 7750
209 10188 3675
6774 11076 9033
7298 12581 3892
3373 11709 9699
1671 2573 2267
17623 19435 8453
2462 6288 6600
2044 8239 1092
8150 14231 8411
3035 18928 2881
463 2784 7337
5945 8070 9429
12242 18322 9012
5978 6018 3310
2491 3371 1028
12558 19351 4291
2067 18666 9955
7302 15091 4893
11229 13049 2894
2481 19821 1781
2237 15059 4439
5981 8063 7767
8445 11830 4740
2045 3357 8578
535 6564 5529
11010 12974 5310
4085 5573 7656
394 6485 932
2540 11445 6139
8332 9943 252
7110 13997 6308
1981 5560 5650
1642 6099 24
2096 15461 3873
14630 15053 5485
2318 9514 5883
8337 18566 305
6610 8041 2754
10837 15317 3572
10240 19549 4573
176 18295 5411
5859 18338 9588
4653 5272 1568
3976 18499 9544
11817 16523 5028
9440 12013 8194
7787 12238 640
10995 14122 5653
5097 19443 8755
74 5329 1021
338 457 3299
3842 8058 4841
4740 5856 8089
11034 16492 2230
10342 14926 2978
128 222 5743
1973 8769 8421
58 14359 1797
3151 8710 5028
3601 19387 4619
6703 14685 8553
807 5211 8379
10118 10242 3586
347 396 5453
6958 18251 2047
564 10796 5430
11191 18235 7408
573 1668 1484
4890 12829 1068
12460 15114 7999
4400 17321 4011
14063 18543 2016
779 8542 3661
1864 6672 2791
7419 9502 6392
4569 13698 7175
15531 15987 8515
19452 19483 1859
6232 7811 8103
14517 18244 989
1655 15673 4462
3218 8718 758
12 2978 6245
2617 7665 4853
6158 17756 2106
3781 17418 4819
14397 14767 9571
499 501 6895
10765 16097 1538
17385 18908 805
13188 15046 806
844 4612 8606
1365 10706 1715
13704 19041 5124
14084 15476 9266
3419 6931 2319
14696 15820 886
6745 14607 2959
536 755 2844
4933 12021 7679
8623 11700 9583
14556 18348 1439
1151 13816 2902
6323 6426 696
9705 11391 5481
758 9065 8938
15002 18196 9719
2423 3092 8743
3437 15392 7337
2368 14443 6490
130 422 4416
9270 14820 5314
5144 5297 1611
10518 18766 6782
4969 16325 4303
7044 7742 2191
12812 13371 2995
7647 9438 2450
7708 17535 5459
10224 16967 5749
874 4127 3170
14617 17724 5744
4515 9560 4993
552 18937 9182
5939 10362 3934
1356 2274 9907
17300 19249 8315
9429 16930 167
3705 13248 93
6370 6920 6004
444 14969 7584
8212 10858 6862
2709 3722 7431
917 1198 9280
74 249 4610
581 780 7012
6207 9785 9816
7375 11551 9006
2905 4570 8532
2348 11145 8479
4307 17357 9834
8899 9695 110
6170 9513 7973
13779 17591 3301
1224 1950 8923
13481 14658 6403
13867 15872 9157
4211 19503 3092
11101 11250 2413
2938 2961 1330
1990 12794 4082
1123 11071 3821
86 5939 4072
7476 11306 2213
4640 10874 6847
4776 18540 8314
4067 15113 5011
7495 19437 5016
4493 4702 8866
1115 1536 8518
752 2281 4644
6857 15831 2956
10777 12418 7350
1042 13419 190
14303 15150 5693
7675 8457 3118
17980 18243 8294
243 371 9507
6925 13458 424
1036 9534 1632
3257 14553 6835
751 4345 3471
1406 12139 3305
3872 8235 2942
16 7951 9887
5093 7661 9461
477 13075 9269
872 2575 7360
945 1767 2117
999 10559 2057
287 14275 2516
7010 11253 4198
1801 10167 4615
3890 16807 7818
8868 18422 422
12750 19695 3252
2012 9718 9386
11454 12303 3707
2632 3968 4148
11905 12574 271
2958 5226 1775
15461 19449 5907
1594 1602 1551
18138 19012 8793
2757 9014 5540
6261 10742 9996
11292 12410 9875
880 5766 4920
6404 8148 9172
1192 1200 7124
5813 13285 6287
9653 11042 6536
825 854 8068
11585 12169 9109
10439 11918 9989
15459 19619 3476
3361 13258 7867
4675 18091 6980
832 1068 7129
197 2031 3768
4387 8018 6045
11499 15908 2675
592 5852 7450
10308 11575 529
3906 16553 5477
3809 18119 4295
10697 13559 1572
15421 17736 5565
3564 7560 2021
849 9728 7645
1499 11945 8624
6947 16695 4611
4572 10374 4453
7580 12185 732
6685 11795 6001
8327 15820 8830
381 2677 1188
9275 15895 6930
10053 13554 452
7131 17772 3250
6785 11411 5971
2136 19340 504
12680 19311 641
9948 11341 3009
5393 11233 1302
9072 18923 5615
7491 14517 9077
8684 8962 4867
3 1453 8991
852 2956 5096
5703 11262 3713
7146 13403 1324
8519 18437 4368
593 3470 5630
6402 11113 1334
4119 5049 8021
6202 10198 2554
585 8475 3241
3120 10629 2262
18096 19072 28
10289 15207 4870
5598 17680 546
13433 14070 8708
3775 17104 902
3090 12567 9471
8940 10814 3409
751 1490 3967
4150 16905 9678
915 1774 5876
8552 13163 8946
1361 8673 6134
9390 12131 4431
2731 5656 7124
15718 19396 5056
1496 18452 7310
4507 6528 9724
5134 5988 4022
4794 11061 2713
11125 13605 5885
4142 9703 9971
676 3365 8775
8266 14917 402
1184 1657 3863
4487 14049 8193
3460 7922 8434
174 3956 8817
1438 5320 284
8465 11725 4508
6975 12989 303
1934 3652 5681
2262 12964 9169
14163 16489 3584
6503 19182 7149
7669 14499 8714
11871 14700 1284
9623 10169 8798
2107 13468 6261
13221 14530 7101
950 7472 3889
3418 9652 7994
12716 17025 2349
5403 11451 9670
1537 9765 822
5896 6628 8588
3425 6093 3288
3168 12751 2989
939 6550 8341
961 8877 4008
845 17026 3161
1471 14618 601
8533 19059 7582
7769 7929 9927
4672 19964 6859
3708 4925 2241
5179 10143 3289
8943 14649 6640
6701 6933 3829
2187 5959 8036
10001 11405 8005
2701 3670 4269
685 5118 7405
10209 10779 6537
9353 16516 2346
411 2474 7432
16323 17372 7252
4063 7003 9764
6563 12292 3830
13367 16416 6529
4392 7897 4865
3818 5385 8114
7204 11938 8414
9017 16926 9059
3515 10923 2285
1245 2815 7136
9106 14093 7572
12843 17565 5570
1551 19289 6941
3224 8011 8119
4708 11080 6487
2784 19396 8272
6698 17799 5263
13433 19763 9134
10094 19103 3998
2970 5195 7799
11306 13353 557
3717 4804 9663
1154 12856 7534
13430 16206 3177
8079 16082 5012
3109 3856 269
10240 16831 8977
4971 12337 9306
16946 18704 5172
1160 15526 6022
7795 12567 7262
19400 19491 8184
88 5119 8770
508 7067 3947
6870 10798 3771
7753 11087 797
2119 7063 2440
3501 3733 1355
1397 3358 7112
4590 16651 1952
9581 12646 6318
7596 19403 3540
3219 16918 5028
9258 13581 1104
7603 17558 833
13217 18758 4670
4341 14041 6277
10823 16674 6670
4468 17366 5483
14888 15769 9420
4082 4982 344
2704 8504 1996
4323 13138 9645
3766 6900 3342
10117 14321 8502
8514 12742 5452
7728 10321 2757
5725 7294 7697
11025 19171 476
1762 10471 2219
5481 19502 1880
2597 19321 6502
7537 11649 8206
2764 3934 3101
3814 7982 5556
902 13411 9511
5437 15275 5428
1779 7689 4334
3829 7976 2530
10557 18548 518
2171 9418 8544
9217 16114 6489
19115 19666 3239
3748 4771 8088
8896 13351 3679
4921 16320 4668
574 3127 3630
436 3185 896
1386 2446 1496
179 660 359
3480 9634 8216
3090 5922 4587
3753 11681 9387
5036 7435 3891
5789 11187 4356
7325 13810 1097
3000 11204 3342
2070 13604 3781
4 895 1197
8227 11034 1025
17027 18862 1924
5279 9331 7520
2701 17220 7047
6098 6878 5793
13732 19735 6594
12362 14269 5653
598 6678 7523
12378 14203 3106
6386 8500 893
14457 17397 4864
8103 11117 6936
5374 11057 6006
5399 13822 3795
4609 6707 3159
10385 16920 6462
2438 9008 5470
136 5371 7318
1735 11651 1540
6467 14062 6674
3750 6100 8819
2171 12013 4787
377 10036 847
12537 13804 9080
7953 8552 9141
2929 9703 774
10466 14850 870
403 435 3648
4296 19330 2970
398 18682 4405
2542 14341 425
610 12123 3327
2567 18074 9555
5586 19169 1727
3370 4995 8345
2936 7137 3048
17458 19043 3604
2357 18828 8219
1717 11571 6139
10991 13144 1095
11743 12128 852
6176 13274 8527
7805 10756 112
998 3850 855
1242 12933 7792
4650 5616 6680
2801 18050 226
15219 16163 1884
1229 18400 9417
10594 14263 7874
2798 12131 4253
2479 12194 5667
11411 12452 1499
4075 8075 6229
7533 18520 6978
16197 16780 8662
10935 19521 43
14909 18883 5859
5060 8604 5436
10528 11255 3393
13011 15955 9489
4352 14267 820
2764 7094 9409
12618 17749 3425
2833 3361 2967
8644 17496 1451
1039 18203 4459
4868 6261 6391
17322 19518 6081
4819 15576 5073
1320 15739 4808
11338 13204 2798
8039 8953 8899
5833 6375 1155
3298 5520 7480
9133 9494 1648
348 1710 4256
686 13302 288
12267 14787 5366
1515 1609 1347
1078 9383 7817
11382 19514 1839
7671 8953 1680
7031 7178 2902
13324 18909 5201
3762 5365 3610
11361 13095 8440
4977 14565 8187
1140 13471 9405
173 12842 3888
2393 12907 7805
2430 7683 3172
846 2569 434
586 9954 9918
3680 8611 5953
11966 18374 4144
10478 14828 18
1956 8900 6708
875 14897 8159
5380 18134 7917
1684 4312 3966
10419 16319 6144
26 14721 9145
517 13008 2525
369 879 6649
4897 5938 7943
2532 8113 3326
1278 11434 7665
8801 15209 8835
75 202 8202
8827 19204 5220
7387 8848 394
2794 8958 3280
15545 18867 7143
7675 18257 6590
7860 14309 9732
1928 16655 7877
241 6581 60
223 605 9034
4084 8098 742
3218 10399 3799
4442 14222 884
3605 11316 9149
5599 12617 227
9012 17405 7023
6627 11067 9192
191 5302 4676
9572 13828 8611
4685 10959 8703
499 10438 4266
8271 11406 351
12907 19613 5837
2199 2271 7503
188 6535 13
6423 10696 3164
15788 17761 196
7591 18367 9079
4564 6466 5142
2117 11856 904
12278 15770 2282
1055 13611 9282
1250 19668 7710
2427 16888 4764
587 1591 575
9606 16126 2700
3144 14384 4923
4569 8498 2710
4594 18022 4402
2192 2292 160
1337 1503 9056
1387 19275 4606
9356 12265 6122
3144 15841 2697
5636 19715 5168
3489 9423 402
1254 14214 9081
4244 17023 6941
2914 7164 4755
1489 6857 9226
11285 13010 9150
1705 2467 9982
4164 7238 3864
1447 2530 3398
9131 9451 3225
3547 6886 7817
987 14752 5818
4620 18690 9857
3853 8271 5257
379 8295 428
2739 8480 6633
15346 16397 8696
1786 3913 6475
2537 9781 2857
2462 19581 1976
3992 10127 3117
9124 19733 8993
127 188 9246
11619 13202 922
12229 14429 4824
3166 5671 7513
8487 19442 9898
307 2014 7315
497 13699 781
8746 14123 8736
359 3697 8694
17686 19101 7949
10653 19080 2315
8273 11800 1985
2032 2397 873
19125 19676 4471
2769 9051 699
353 5031 6013
10703 19552 2148
15386 16336 1691
7076 10240 4563
2098 16975 7422
4933 8510 5659
368 9305 2478
2585 14866 558
10890 15698 5388
7923 13435 7776
520 3426 3641
57 5276 1513
4472 12934 8463
15419 19257 6819
6882 13739 568
854 9789 2032
678 3157 8300
429 1881 8070
13227 19562 9584
11178 19865 4870
4521 13067 1574
3036 14986 4155
2420 18985 6530
2368 4393 9722
301 9115 4269
247 10766 8376
5575 5899 8820
3294 11167 8586
7044 14177 4886
5889 7386 852
6138 7510 119
4540 6809 3809
2685 4185 7600
14711 15888 1068
9401 11993 6938
5959 9716 730
892 5047 3170
9939 14234 2575
5875 19662 3033
879 9553 3402
84 313 6799
11529 15803 2416
7332 13562 3767
8448 11243 5670
4979 7559 5286
9397 19998 8530
839 9425 6571
2441 7306 3010
9684 16942 8600
413 4317 4130
15060 15494 3607
9386 10710 5954
4772 9001 8939
5426 13644 8314
305 8698 2530
3306 15142 2800
5063 7897 9166
15161 17905 8739
15201 18700 1500
5111 6164 7688
4442 19317 8210
13603 15135 8734
5468 11181 7107
17709 18487 7373
4142 15051 6341
17054 19829 5872
4032 13243 7221
583 2778 4770
4025 12003 4391
5760 13910 4429
1210 1341 8217
14656 17753 7009
7734 8370 1610
375 871 2750
1360 2151 7641
167 1397 8276
14962 18259 4826
3866 19634 9424
7812 13962 1470
11546 14643 1328
725 5447 2572
9420 12798 3
3046 9686 1184
584 16473 7222
16320 17832 7248
11907 15902 2947
3068 14767 581
3017 4320 1530
153 15899 387
3537 12752 8564
10377 16790 3066
4828 12157 9562
9252 16010 4114
6841 19857 8851
11303 11774 4098
1756 2342 620
11909 13385 5490
10668 10958 5214
7494 10081 4523
879 3179 8897
3807 8822 1776
468 5257 7696
4718 9121 3339
9162 11109 8153
10375 16722 2760
5279 8477 8222
1773 13191 4135
2342 19889 4024
934 3019 1605
9122 13597 7857
739 3841 2162
718 1280 9544
5821 15810 3752
15740 17412 3639
2321 10627 1202
2666 3459 1945
7753 12917 4688
3180 5275 3419
1244 2716 7621
4161 4338 7770
1125 7741 883
1011 6865 4907
10964 14876 8807
9333 12670 6543
158 10023 5914
3238 13628 8125
1396 3206 2008
9523 13637 7376
272 2176 3351
6888 7420 9354
3111 15037 1822
9577 14078 5732
7884 15636 6982
1760 13943 1321
1372 16166 9764
500 8693 4327
10869 12485 671
6151 18698 1536
5098 7625 6481
8338 11307 3178
6558 12403 9889
694 16531 2896
771 5064 9768
8172 11646 3473
613 8363 1059
5177 12520 1237
988 1122 3763
13222 17487 6881
2696 3204 4926
8702 18349 1669
1735 18093 772
430 1123 6304
9411 11553 5933
1266 14998 4528
1073 1643 4647
10995 13240 4650
2058 4465 1211
15014 16614 2600
7276 8706 4251
8896 11675 9361
1547 2202 7895
7081 8322 9577
15824 18104 6391
1235 1698 3870
11988 15350 3788
6474 12433 5802
354 16024 4375
4054 10857 7877
4522 6917 2081
3118 17336 4567
4439 16385 2185
357 636 2571
14308 15367 6317
1508 1946 8389
10231 12406 688
9362 17908 4245
8862 10950 6530
4523 4769 4461
9253 14371 6377
12768 18868 5556
7868 19831 4235
4164 10558 9287
6246 18639 9100
6345 6844 496
9849 17859 9124
3678 16623 7073
12809 13421 9150
3414 8940 809
3788 7752 3093
12317 19230 5776
8392 10903 4250
3344 13458 3308
5747 14396 666
604 3407 9489
3753 18389 4583
4263 11452 2841
18680 19962 525
3954 5296 7239
3713 12207 8973
10450 15331 564
6226 17764 346
19097 19282 1837
4707 10701 1799
6269 19365 2634
2309 10496 5964
2043 7233 3454
177 7359 7422
1674 9719 7416
3313 4151 2459
4992 10685 6552
6593 15355 4702
7763 9551 6558
9544 17407 5399
9408 18864 742
1572 18007 1901
11242 16187 2433
4570 18892 7301
5613 14351 2830
1036 4228 3853
5604 12698 1771
4012 5704 2819
616 15565 5068
6683 17542 1223
11928 12145 2523
1696 9480 5308
5417 16172 5738
4649 5104 9067
583 12422 5039
1030 5861 7372
7896 17843 3269
15194 18112 1640
13189 16203 8334
4467 12302 7451
7393 7553 8756
15304 16494 8110
665 6083 241
2538 3068 1535
1396 3273 683
12684 14235 3556
3445 6957 5016
14568 18921 2382
1196 10539 5582
4815 9029 6602
269 11665 9702
14110 19739 83
7515 18650 6880
2318 11906 3782
6348 9695 6743
2503 10902 2897
13405 15982 7982
13110 15271 6657
626 2136 5710
11850 14737 7407
1553 4676 6662
2240 8652 587
380 1600 2744
1388 4813 1858
3663 16805 5406
14035 15475 455
10371 14967 627
3268 8040 6499
11214 17061 6508
5871 10480 2259
2525 12941 8388
7702 9978 9850
12331 17541 686
10764 13267 2530
3684 9927 8663
10400 10682 2977
2690 7577 1386
1304 9033 646
2823 17793 6704
2362 11952 4426
4658 5174 9709
10343 13629 7634
525 13077 8010
266 1040 4419
8166 19982 4976
4201 10660 2426
1168 8379 2070
12115 12533 2162
1179 3464 7027
432 1377 7538
1692 13051 4694
3785 8567 3896
155 1295 9318
2600 6679 532
5253 10248 1701
6184 18584 6242
961 5313 9715
7091 15240 7900
4738 5790 204
1800 5087 8082
13821 14220 2295
1399 1562 9688
2162 3373 1617
3300 6764 6879
724 10126 2464
7845 14258 4478
435 2481 8935
1360 5081 8598
8438 16171 4073
5287 7081 5724
5656 10340 7636
11124 12121 2524
1029 9476 1330
453 4287 1435
5846 7764 4084
7973 9824 6405
3508 19738 8622
8316 11448 8622
4415 12498 9916
14188 15464 6889
5342 5746 9607
11468 17430 1450
1523 6146 3567
657 9920 914
414 19672 9685
5401 12836 6877
9773 11965 538
5951 16950 947
6330 12282 3046
6954 9420 1514
1678 2852 7289
2560 4446 9109
103 17964 3970
2985 14000 6517
3168 5372 5040
1394 4864 5317
10931 13155 9557
8324 9416 4125
8371 18851 5593
9109 19605 2391
903 995 436
8451 15419 9980
14939 15270 1651
2185 13684 9154
15906 17554 5063
5973 14135 4801
665 11576 5966
1248 4655 5784
2794 11791 6112
4614 18599 9228
4043 5899 3482
10900 12890 2806
7524 18103 6556
14328 17224 4256
4055 5758 3623
15698 16043 1646
8257 18146 6143
7537 12441 5596
2259 4096 4162
1665 1718 4419
17691 18214 3747
6817 13611 5701
4274 7709 8480
10351 18102 2305
4544 6971 1807
2865 7161 1378
12224 13234 4069
7227 15751 1352
8204 15633 1370
5071 14636 9928
8171 15409 5506
50 8632 5806
8520 12638 5103
3619 5570 2722
221 5433 8267
5486 5527 6539
2963 17863 9937
7493 8332 4123
160 333 1555
231 9679 1559
6897 13042 1841
6300 6793 668
2412 6569 7611
10229 19687 2806
59 274 7619
3206 8264 1722
154 170 1689
13548 19950 9130
11173 16516 2996
60 2309 7609
4738 11323 7142
11735 11795 9007
5899 18282 8300
6903 9608 5193
7065 13912 1366
14022 16674 3901
3274 19393 495
6888 12908 5752
6757 12918 9117
2181 4154 298
170 7489 8006
6199 10219 7189
3827 7852 4377
4411 17589 6932
1478 4698 2378
6917 7058 7928
4229 18008 7148
15076 17398 7307
1568 15017 8383
6 975 4311
5544 18433 8319
4151 9805 2473
3400 5244 3150
4935 12661 7934
14648 18043 6645
2063 11032 2009
615 18795 382
2943 8218 7366
4572 11601 5314
10270 13496 5213
6312 11098 3995
1927 1991 4985
11102 16860 9802
1741 14838 897
336 870 5016
6565 18769 6519
12067 17633 6304
13568 13630 9659
3939 11777 4165
4654 4742 995
5395 7720 4615
18 127 3078
12489 15996 4964
12475 14950 1439
10174 12184 9784
1190 17015 9847
4147 5106 6627
9846 16385 7946
1500 4034 970
1435 5441 8735
4121 4645 1380
41 2419 2015
14866 18213 7626
1610 11603 8561
1123 2330 6601
9404 15621 8176
5204 6800 9480
6398 12884 6956
16719 18111 8550
17718 18572 88
17083 19831 7040
13928 16946 1704
16531 17619 156
6211 13031 4697
1677 5221 8569
3311 19868 9323
11796 16909 4817
201 226 8081
4180 7278 3315
7652 18521 6672
344 11159 427
14376 19185 2972
4935 6997 6652
15337 17095 5195
7084 19233 1832
843 4336 1147
1394 5832 7784
7037 16290 3738
6162 17462 8868
2850 15354 5262
14232 14341 3415
10422 16329 533
302 9534 6243
2487 4748 9198
16225 19062 987
6952 9399 9933
3408 8052 368
261 9087 3954
822 7970 9161
2404 2966 8631
4230 18472 4334
3494 11249 5929
1497 11361 9921
12614 15743 6344
12975 13566 968
18916 19836 4587
217 13997 2752
6156 6706 5897
9127 10900 2820
3602 9737 4298
1086 15780 6752
6896 9954 7829
7186 15885 3719
1055 7205 3419
1082 7334 5781
1658 13140 3355
8914 11295 2728
4667 18285 2337
11849 13893 2689
77 993 33
18659 19652 8818
14055 15106 2388
4448 17367 7612
5821 19603 696
14859 19708 2608
1739 15522 6509
5297 17737 1739
2385 8338 4614
3116 14959 7367
4393 18574 8078
5224 17858 3490
2633 17123 9538
3059 7317 5241
3755 18910 7985
5056 13596 6507
13144 16477 7190
5488 8218 2102
7290 9444 685
4230 9777 5598
15864 19902 7009
2648 11558 274
2559 4792 2125
3627 4750 4927
4437 18498 8716
1811 1982 8208
838 18198 7058
3824 18995 857
1104 14366 7250
2083 11142 3829
8503 13713 28
3337 5751 1289
10863 17350 4637
9423 12685 763
7862 11583 3211
527 6030 3744
9297 19079 4745
10524 12815 5099
16638 17916 8232
654 6190 9333
4529 18255 2172
8344 8503 5760
1014 4402 8439
2849 4173 1612
5282 11454 5648
5509 7631 857
1642 3988 8595
2715 10803 1060
4000 11713 8029
183 2323 7274
7515 14896 2707
9536 15972 4660
14816 19343 7843
13412 16589 2409
4997 15428 1989
9169 16454 4766
1535 19708 8900
174 18747 2136
8031 9147 4451
9302 11701 3819
2534 10759 8090
361 615 7498
3613 8635 5862
11630 19968 6802
7823 8507 1784
2575 11160 6378
2683 5679 5996
19776 19798 1770
7756 10283 6599
5425 17323 8388
5424 14948 7681
3545 17743 1379
65 236 2032
6727 7150 9299
5430 17204 2980
1303 13168 7191
6196 12629 2675
11545 17131 7973
1556 17491 1734
52 2318 5507
7977 17358 3417
5370 18377 5108
9696 17254 9663
10075 18631 2318
16193 19835 502
8839 12891 1084
14474 15466 898
405 6968 6730
2445 5341 6335
1864 2170 9821
4875 16692 4416
1244 14103 9808
2481 8983 1437
11407 13013 4908
988 11387 1784
676 1918 7827
4078 4481 9973
14567 18971 5127
1812 9479 6941
3315 4083 2617
9162 19756 3173
6130 18971 3161
4676 5723 8686
2819 3660 3380
15912 17737 4744
5677 17996 2836
639 17945 9432
5380 8692 755
5560 15819 6803
3610 8730 319
4988 18371 6894
542 5111 2637
2925 3100 997
1686 12760 5095
4388 19069 7579
920 15884 168
4330 15361 5391
5268 11788 4893
1787 5728 8111
4816 15614 516
96 1328 5970
1751 8290 2533
1339 7229 9049
17631 19107 6814
5609 14895 5664
95 385 5939
797 6727 5888
10270 13182 3597
3472 4024 2638
5780 7875 6807
10924 18399 7844
4617 17251 3916
7129 10895 8958
7286 19568 5698
8736 11515 7446
2584 10810 9381
2589 8992 7323
149 19991 596
12312 19698 2574
7629 14171 92
4140 5121 7525
11435 15741 3889
11700 12666 8395
10837 19455 9535
10129 14107 7763
13613 15991 6644
8461 18013 6745
2998 14299 5995
10839 19298 9134
8073 10637 249
354 7813 1841
3495 16306 7560
12913 19241 2540
3187 5805 5865
13977 19835 9599
5998 17109 5902
17541 19286 4678
3568 10301 5993
10333 17446 5431
16 6582 4221
10024 13004 9290
11 19610 9658
14193 14656 9874
12279 12429 7792
12019 19361 1125
18463 19226 2210
6343 19267 8431
2104 19072 3523
6219 11931 4410
4079 14665 8080
10194 17976 8543
13239 15804 886
314 5970 2721
214 3101 540
6868 7858 8526
13981 17760 7809
8645 10046 7248
130 5159 3459
2766 4109 5589
12564 16765 751
980 5707 1199
146 988 7304
9879 13745 9901
5828 8593 6011
949 11510 8179
5716 10004 902
5338 11481 138
15936 17458 3460
13096 13427 7704
159 1627 8484
627 15954 5481
11422 19550 7417
3884 5909 3890
4 4836 8273
356 9501 5763
12679 12705 8033
12959 14328 8317
222 572 8120
4440 19927 1761
980 10028 786
8539 14529 3667
4748 18117 5689
3660 7876 685
9270 12091 6639
6735 8004 6693
5299 16819 631
434 571 8019
4855 15416 30
4079 16820 3378
7202 12597 3295
1151 15552 4850
3349 11441 4335
1817 11441 4768
8293 17434 8726
13872 16467 4450
13683 19513 4494
6462 8367 4092
6957 17862 9642
6991 16871 8913
1615 6713 6824
8238 13674 119
995 13602 8218
556 11345 9847
1901 2958 7886
13301 19662 7464
3131 13300 9556
2269 5020 7685
2837 8973 1045
496 3685 7674
7320 19714 5163
615 17342 4176
3587 12230 4169
5777 9506 6992
5268 7874 7604
1307 2854 98
7188 11840 9288
715 3276 876
289 9775 9715
27 3964 5165
440 9737 6264
15807 19386 4152
3932 16985 1643
3789 9389 3978
13803 17441 8623
3642 9824 8477
14108 16290 5227
11549 16138 8081
5593 15949 8007
13225 19014 1058
1614 11198 1473
8710 16051 8435
2039 18042 5866
11762 12729 8572
13440 15341 8107
846 3262 3725
10179 13261 6613
10311 13518 8700
9972 16424 150
4584 12559 3680
2028 16400 1500
3218 19405 7176
1644 3660 4606
4984 11062 3339
1252 19321 9724
169 11778 543
14411 15576 3733
799 1081 8981
2688 7544 8880
7088 12236 4739
3180 6470 8070
8171 16658 3138
19834 19837 2681
8848 17120 2185
577 4929 8011
6048 12768 3647
4892 11619 2555
17651 19876 3090
5582 17503 3109
3982 18651 374
13075 13412 6638
12906 14198 4108
4780 13792 6859
4321 10461 1862
10786 19328 3856
1907 2904 3390
3396 14602 5108
31 125 4202
1374 11042 2155
3783 12165 1734
9319 11131 1014
2054 17302 6870
5844 9988 570
2574 6470 4373
938 2059 2293
8722 9965 4614
6525 12476 7517
5213 16224 6323
4747 16501 1966
13002 13464 5005
5910 7384 1037
14693 14722 1027
13476 15751 6123
4514 7256 2576
2110 7961 9291
3725 9370 3148
9930 11020 5949
5199 12999 1036
5221 10640 3568
13765 13942 6454
421 10621 5714
3710 6108 9366
13687 14259 5859
4246 6098 6937
15229 19662 113
2925 13903 3916
3450 17927 4679
7787 8936 3681
15425 18695 2772
8228 15271 8044
6454 10723 9951
8288 11531 5642
14175 16317 5149
1997 6202 3407
2722 13523 3506
12951 13808 9328
14969 18683 1829
8059 11370 5483
10839 19449 1252
5146 8755 665
16088 16840 8527
1036 3316 8269
1348 1541 9721
9819 11480 8039
780 17501 7380
10058 17280 7655
12402 18781 4305
10468 17158 8966
4006 10903 3829
6945 16173 9178
5173 13627 2888
3118 4267 7820
422 10823 7983
3370 17754 4007
12313 13278 8588
15921 17832 2695
1642 19123 366
18271 19825 1283
1578 12651 8630
776 898 465
966 12904 6846
10728 18490 7598
6244 14063 230
1182 4241 8929
5487 15402 5794
12055 13595 2557
3740 17403 2908
2011 7806 5617
1974 8729 794
576 1732 4903
3783 4236 5199
2207 3733 4018
7355 15107 8299
3825 6658 4741
30 13711 8455
14790 16049 1037
648 2164 889
2449 13898 6967
5617 9162 7817
5371 7873 906
2067 3746 6548
3108 19933 403
792 1552 622
942 2292 8045
3681 5814 8267
107 6091 1548
9568 11481 4734
10095 11026 265
9098 10081 7429
5183 10901 1514
7805 15174 1287
16318 18690 1804
10290 17759 3476
3499 4644 418
838 6123 9121
2181 3054 5773
11621 18072 6245
11480 12626 4624
8353 19788 7977
7216 17733 9296
12678 16768 3040
1170 10580 4750
280 1300 9865
39 99 3051
1565 6835 970
8775 9398 1328
749 18113 8892
8457 15266 3280
18571 19350 4987
3636 12668 5605
4951 5140 534
1152 1421 4120
1737 8108 7368
9970 14506 8464
1931 5432 6426
13484 14620 1337
8262 15299 7427
2431 17359 7313
2056 15838 4620
4119 4234 9312
73 303 7396
2030 4786 4174
10568 11321 7513
10327 19999 1242
11572 12061 3175
11076 17380 3363
228 13306 3272
13522 18396 8748
1395 3858 4509
6782 15745 633
3256 17490 1655
2582 7937 1343
503 13231 4912
2392 17968 6607
1373 6109 1293
14151 15451 8527
3090 8204 3435
3546 10626 8025
2706 10024 7386
8577 14654 1312
2171 4436 5675
4081 6451 8522
12757 19555 7619
3450 8381 2763
8488 17348 2081
12456 16783 7754
7889 8930 3988
5651 9467 8703
1166 14001 4840
8449 16949 7082
8889 19034 388
18433 19839 25
5281 14100 3884
8700 11719 8233
4296 14136 2955
3470 14851 7094
968 10404 2164
1128 18892 6638
8188 17825 1959
13985 14524 8617
5210 19772 2949
1891 9739 9595
6011 16405 4068
7870 10443 3107
209 257 8135
12937 14262 1712
317 12363 5902
2937 6263 6902
10584 12078 7953
6396 6939 4517
2422 19016 8980
2778 15324 7135
7895 8069 7306
4739 7528 308
15162 17529 7237
3352 15214 7954
35 15297 3447
2089 11895 2672
3968 8360 8110
518 15632 8875
1137 4024 6718
5035 14786 3541
927 17483 4357
11203 12128 4881
715 4247 9186
6918 9062 4436
15164 15271 2954
10589 16564 9644
7990 12426 2822
3821 14919 656
4239 7959 142
4765 6116 5900
8061 8735 259
2968 3342 2755
1795 3352 1767
1171 3028 9598
8769 11735 2055
7464 18579 7518
14169 19312 9258
7454 10830 7324
6776 11717 4405
12736 14083 9177
1574 13083 9729
127 502 5781
1559 10754 1394
876 10165 2606
3454 14843 354
897 5836 5052
1061 17700 7082
1409 4591 2914
3956 5354 845
5385 13098 9577
8750 15245 6003
1565 3291 3614
3761 7027 4158
8044 18548 499
6235 14321 4681
12065 19453 12
4012 10882 7992
723 14785 4099
914 11622 8932
338 18705 4095
8951 9946 5451
15344 16260 7277
2739 14542 6408
1764 3171 667
9796 12695 181
17507 19408 462
14850 19854 3975
13880 18085 1005
11461 16124 1323
2144 2353 8683
10388 13314 4369
8825 9985 215
2003 9183 2189
778 9518 3466
17956 18373 7299
6174 13876 7434
7824 12852 1709
2306 6635 6930
7200 10297 9630
492 4333 948
2975 9064 5055
5242 12643 3655
9904 15898 2203
5743 15468 64
556 897 4613
1714 3120 4364
1754 3135 4685
11289 16239 4899
5103 8646 3841
8775 15300 7510
6615 8925 4734
585 17147 9036
2779 9285 9707
9428 13525 8611
477 559 7181
10180 16191 3036
14802 14875 2639
4773 9201 5176
14976 16080 6598
1379 16579 7973
1249 7508 958
1516 15009 4041
1075 9353 8808
8604 19448 9471
8320 8698 863
382 430 4909
7969 14221 8401
2799 16863 3592
3040 17926 5350
5770 13268 5737
6111 8562 5861
406 17123 9126
4927 8289 685
1887 6145 2979
3339 6613 4112
59 4619 1361
15327 18953 7461
10215 14253 1373
2705 3741 9461
3178 3414 1740
4235 18544 6532
2324 10235 4598
2649 4073 4767
18701 18875 2817
392 12070 3560
1894 11572 4946
10730 12159 8387
239 16867 2624
9730 14431 1241
6501 19616 8679
3430 4279 8550
6454 17042 4027
14548 17608 5658
5996 15559 152
2838 16420 4808
2127 5449 7850
117 2599 9928
7635 19418 9792
9741 12869 2061
3235 5806 860
1157 16335 8018
175 7238 5612
1759 11637 1950
2047 4400 7038
11546 13799 9057
764 4070 9448
5928 10561 7507
17204 17879 2949
1514 1959 4839
1787 10678 7126
1560 11459 1707
720 14016 4209
2790 7699 683
1429 15814 4167
13314 13693 7672
3892 9899 3293
1167 2388 308
17582 18537 1280
11959 19267 9103
861 19556 3047
1198 16487 1721
8133 14972 4482
19023 19067 6618
3950 11149 2170
17004 18104 8016
869 16482 4591
4953 6713 9701
12268 13275 6325
3401 5340 2502
18745 19083 5169
13858 18015 8874
9793 14077 5911
223 256 2605
2941 16645 239
1501 2130 2107
656 7185 711
8506 17603 7786
2267 2917 3161
1825 14783 8543
31 15734 3727
7442 17425 8967
6855 7098 6543
11354 18061 9522
6204 12233 8759
1298 6320 8997
5113 15081 602
6538 10916 4875
5404 12303 4192
881 2914 9701
4869 8867 9404
14822 16278 3994
5714 17081 1593
835 15162 3079
7334 14978 1594
8813 9935 7046
745 11618 1626
1982 17267 3021
2588 6813 4891
4914 14680 5384
14255 15473 5576
7158 16928 4637
2364 4362 5478
9765 19644 8305
14931 18358 9846
5030 7846 9192
4521 16013 1087
14835 15465 9958
3393 8826 5127
5810 13681 8525
8655 16775 3921
12469 17755 7333
17709 19277 7296
10128 18034 1289
5812 9541 5660
2153 4130 2545
10896 13068 8439
3318 3891 4303
2628 5270 9065
9055 9152 337
16799 19079 7046
5085 7048 502
51 2272 2284
9992 10616 2586
1910 8883 8527
11032 19902 1647
6916 7222 3982
10840 15990 3322
7527 11423 1600
14158 14233 8010
1842 7919 2004
2425 12692 2645
3918 15013 446
8336 15603 7284
61 3878 3027
3766 13569 5109
1502 12429 2224
9968 11289 4076
5790 9816 8765
1015 5477 5244
455 16404 7552
2367 2660 5014
2046 16398 1013
1834 9072 9063
5015 16534 1397
141 627 5267
6542 8634 7967
2285 8095 2668
10163 10376 4379
1530 1545 9440
9289 16678 2540
14551 16763 8478
2367 7566 8490
292 11607 6707
1103 5866 2262
17098 18317 3336
8983 17487 6303
3516 17404 8478
14017 16565 6657
11907 19753 1767
7333 15906 267
5094 7636 5596
3594 13807 7562
9649 19375 383
5467 11988 4373
6747 9271 2527
16190 19721 8569
3600 8593 5077
1961 13777 1609
2208 5278 3848
16408 16897 2546
796 8150 5753
2445 19108 1726
6310 7132 9922
9333 11380 5434
10220 19561 6957
5322 13453 8294
4532 17160 232
7826 8842 9811
3149 4735 3734
38 1912 9696
1520 13980 1659
11194 12418 8801
12999 13369 2168
1589 12434 9316
2737 13737 7935
3458 8340 4228
1159 11690 4670
7467 17994 8903
537 9937 840
12337 18325 6188
2858 19471 8162
4294 12563 1552
11492 17236 1741
18 2324 8316
8053 18427 4002
5222 15371 7871
12330 18275 4062
2484 9922 7725
1160 8037 7418
12782 13982 9457
3500 10131 1202
7184 18054 3733
8451 14215 6267
2827 16444 9634
16863 19831 9556
6646 6767 7165
7798 10042 7427
11965 19813 1390
10258 10785 8869
567 16407 3940
9564 16710 2227
71 88 4637
2192 9838 8522
3159 10519 1626
3481 17159 4820
8755 19566 5921
54 10821 663
7650 14331 5683
12986 18071 8868
1109 12213 4915
2660 14297 8842
2900 10952 8141
4473 5797 8471
148 253 9115
7942 9758 5314
2583 4450 5037
14139 16903 3785
2570 3027 5211
2422 11494 1210
159 6825 3500
4616 6457 4693
5540 17027 1189
7313 12943 3659
16266 18663 8735
10563 13410 8037
1035 19928 1239
2699 9243 7713
5869 12263 5908
9387 19289 4103
2943 13008 7448
16853 18194 9129
8344 9253 8328
7711 17866 7716
5157 12290 795
1142 5615 8249
417 8096 9004
4861 16534 5936
4947 5271 127
3067 5887 7733
6855 19924 2921
1427 2944 6989
17075 17778 3068
3112 13427 7348
1127 15120 2255
12040 19235 4551
3365 7843 6684
35 145 6023
8855 11462 6807
4365 19121 9552
4883 6819 4469
8512 8651 5358
4452 7338 7148
11476 14087 1161
7424 19339 8835
927 3406 4203
9656 11563 608
246 7049 1374
7150 8508 8423
2176 12058 9868
12949 12960 8175
3536 10745 9227
4038 4187 917
2121 3377 6963
10801 13110 4615
5372 8227 6028
6097 7673 9495
15303 16054 2272
1004 1482 8521
11289 15784 4121
5202 12734 469
627 886 6993
4004 13771 6206
3768 8245 3248
7191 11334 9998
11630 16075 6239
8724 12627 3919
3186 11446 4435
1703 8908 374
7160 12896 7935
2166 7004 677
855 14999 6448
217 273 6488
12547 12993 7509
19492 19939 3265
5350 11233 7975
16246 19940 3819
910 10573 9346
8259 15391 1998
8097 10616 6339
3597 14518 9333
13576 13704 9130
3649 14674 2684
3873 12422 6094
5988 14519 302
1690 2260 2200
3874 4584 1463
12937 13401 2537
821 14010 2668
1469 1563 8286
5720 6882 7636
753 1849 1829
8110 8443 2971
8297 14540 4862
4372 19709 9192
2365 18896 731
1462 15700 6264
836 11382 5535
815 1851 2950
8049 14531 3674
15333 17955 7117
12089 13295 5056
4717 10053 5062
18888 19280 5416
9559 19335 6014
35 542 7484
8617 18744 6101
1265 10960 3151
1232 3102 6302
5735 14465 9980
11357 14908 3553
1361 11464 3723
3496 5459 3695
4776 9771 3244
8285 11953 7272
2009 7237 2214
578 14660 5890
6056 9839 421
13796 18589 5159
105 7270 7534
1436 2235 6832
4083 5050 1347
12988 14609 3070
2443 10614 3997
12458 16260 3015
11095 17537 6606
978 1139 4730
13716 16625 4760
3134 16394 7028
2652 5725 4210
3947 5568 3932
52 6960 8477
6032 10216 7048
8635 17673 9475
9421 17687 3483
7308 11169 1838
7041 7513 5570
895 17399 4882
2114 3729 8476
6821 9749 6979
16825 16840 7801
2469 4215 7684
8271 11763 8454
5199 19154 6573
13264 14216 5490
680 4227 9456
2520 5234 3910
8684 15711 8690
325 1595 6262
630 19136 4735
1416 4560 7978
1485 17826 9285
11831 16882 5823
7771 15264 4518
276 363 994
495 13514 2900
1959 3029 6365
8804 13854 2255
12560 13169 1838
8893 9063 174
1456 1875 8510
3556 15260 1096
11250 14702 6792
10258 14431 4975
566 5894 3950
606 7736 9778
15411 19206 1636
2694 10673 7792
7909 10475 7654
10053 17158 1665
5816 8153 1427
1954 8233 670
2733 4785 3492
729 7430 6487
2056 4650 1845
2905 10653 1549
4970 12551 792
7964 14276 5179
358 1275 950
11224 18650 2569
16492 18010 2437
11852 14513 1049
7282 7934 2757
11673 18323 8122
4662 11799 2465
628 2438 1735
12777 16330 5985
4270 19819 29
4083 15635 7888
5358 9494 3062
4650 10154 413
510 635 2659
12322 18064 5976
5784 11023 1038
4312 19162 6894
11903 16493 1553
6494 11645 9027
822 10261 3848
2149 5347 5744
1922 2885 3584
5123 12245 779
13557 15719 8777
16833 17283 9869
14762 14887 6626
625 3175 9377
1460 10436 3478
11148 14195 131
17991 19232 1250
6132 6577 1228
12443 17239 8777
16796 17116 9721
853 12941 7370
18763 19727 8252
8710 17334 7823
11417 11930 6251
9325 13208 6530
4365 8246 7899
64 1109 3806
1956 5130 365
16666 18564 8579
10452 12164 8630
7967 14069 927
6274 10604 6171
1105 19316 368
7952 8475 5753
15297 16966 8176
3110 12367 6093
3816 16988 4776
5865 8599 2241
2176 5588 6375
7255 10003 6598
4363 19560 7864
2335 9637 3149
16340 18247 4823
8605 17800 1484
11580 16445 7264
8202 8832 3251
11865 15340 1313
5141 19937 6876
3791 10460 6430
2106 13230 6447
5598 7364 1119
6842 14121 7624
151 4576 4137
15138 17054 8388
10924 19017 9449
7066 10141 9365
4530 7204 1726
5599 14094 7020
8191 9644 4624
4114 17692 2525
1337 2706 7145
2120 15204 6351
254 7307 2011
11601 13336 7784
4830 18805 1811
7510 11828 5227
2685 3841 5504
3531 19674 5489
358 18500 2350
1474 5706 8737
3 5388 5534
6064 12257 5747
668 2812 4012
3059 12355 1069
2976 3321 7416
16580 18686 764
5396 5821 7430
6496 19206 6407
7276 8103 5380
1492 3453 3862
13200 13815 1841
16180 19125 1842
2507 14256 5617
5610 13550 1015
5597 19609 4916
724 3634 5365
799 15142 2840
10977 11359 7275
15236 16364 4743
1096 7574 5024
168 719 9850
13566 14660 6725
3792 5602 682
629 11434 822
1419 14257 1052
6828 9334 1914
904 5357 2071
9472 14795 4741
3788 6660 6681
1183 3436 9237
3885 5219 4986
4866 17974 1747
5428 19704 4941
6484 6702 9554
195 11560 2779
9282 14681 8952
9373 12332 3801
2373 15457 3757
10179 17290 7899
11679 19635 9818
3501 15788 8992
16746 17449 4761
14078 18584 8860
1005 1473 4359
19477 19518 9045
1111 18515 4267
3416 7941 6549
11882 17809 8666
4084 6102 7281
978 4264 2328
8831 9255 5500
14115 15388 6597
12452 16507 4975
10650 17533 732
7526 9172 9890
3454 5377 3931
190 976 7901
4292 5861 1706
3919 4720 6838
9855 14694 1905
10961 14196 1641
152 4696 927
2447 13128 1669
1136 1407 4103
18537 19574 7322
8947 10894 389
8874 17629 9466
2228 18413 4527
16291 16577 1110
1820 15706 9708
1143 8550 8784
10282 14425 7552
2092 2480 3933
886 17925 1529
597 763 4862
5053 6384 66
3839 14192 9005
3323 4377 3859
5812 8130 194
11325 14953 9100
1013 7638 3090
2730 7545 3314
12630 19774 315
557 2046 2363
10064 11964 7253
8190 19276 1625
5045 19823 5496
4373 8374 7228
3344 4828 7002
1454 17362 8526
5017 18067 1656
1181 3416 7161
6707 17784 4147
2784 5999 3591
1372 1558 3703
7140 18382 5097
8823 17884 1650
1801 7939 3463
437 9022 1961
14963 18135 9191
258 2249 1376
3384 18638 2975
9754 12423 5425
1576 4561 4876
7438 7937 2087
975 2122 1247
863 15389 2491
9740 19062 1551
4540 7399 5965
8049 10347 4758
16015 19675 8484
12152 14663 9921
11812 17346 9489
5980 11147 1455
2131 12208 4138
4268 9079 265
6174 6519 9854
11764 12520 5513
5258 9292 9002
8150 10683 5276
7979 18154 3880
17240 18450 1622
1232 2000 717
6516 16702 6143
10435 15103 6278
2367 14225 3725
1662 15344 879
16894 19783 2322
7500 15587 615
9855 13656 3156
3934 5305 7481
2702 4715 4546
85 483 4537
539 18818 1391
13190 19079 2636
540 10830 6006
4829 18299 1410
6487 16263 6639
5386 16799 6699
1638 16221 3581
5772 18905 5038
13872 18169 1399
7019 8437 2112
4176 14173 7016
1085 18263 956
2378 4809 9082
3008 10206 3161
1201 2283 4923
6506 16000 8718
655 19040 4439
1147 12682 9086
8792 9876 84
15529 18865 6820
4741 9246 6923
2698 6008 84
8596 13399 8872
9811 18694 3243
5137 7579 5628
341 2984 1456
133 3257 3721
238 11375 2120
10520 13586 9932
7358 19577 1797
9285 12557 6208
2391 11224 1652
2581 17881 2303
10651 14442 4842
3630 7174 1140
10473 18542 7358
5257 8668 5983
3736 14307 4491
8804 14641 3202
7173 9258 4748
6227 6644 1209
1462 2147 3637
9931 14554 1986
3434 7901 4683
149 653 435
6473 6935 7865
8684 13763 9979
4934 10625 9051
871 17867 7270
12214 14718 7349
4204 6060 9406
15876 17249 7424
8907 14834 5894
3521 5473 9118
10572 15656 5050
2366 4431 6567
484 8658 9173
1059 12267 4571
942 13553 1515
804 13801 778
1530 4700 5100
104 14300 7177
2699 16219 5648
2785 15095 1810
374 15483 9208
917 2063 8151
9376 11947 8003
4967 19851 9875
9244 9345 5484
1192 5287 4057
3041 8356 4933
4363 12408 1762
11580 12340 2126
6391 16862 3190
8823 9792 8341
4960 6528 8124
1518 15340 8669
14732 19304 7646
18436 19093 7179
1248 11773 1524
3269 18926 7470
899 5784 8958
65 796 8552
10671 18425 6687
5574 7158 6540
816 17037 2283
4504 17671 2638
3733 15249 7500
7755 9173 8492
3962 4105 4810
2549 4089 7049
4293 6392 620
6681 7860 5478
3583 7343 8556
1310 6615 6144
3587 4571 9096
157 306 4992
203 805 4817
15962 17774 1995
942 16873 5118
15834 19816 7732
7149 7712 8832
7 24 2386
44 742 5347
6407 14902 2728
1676 3801 8603
1460 4245 490
5220 15568 3426
909 8934 447
4802 15411 601
2255 6423 5065
9241 10579 6292
16565 19315 4751
3295 9138 2570
29 53 9376
16415 19536 520
1948 2289 6241
2130 8918 2483
5226 11443 8763
3257 7418 9393
7673 9959 736
10370 12968 2325
8598 9806 524
6068 6228 4985
306 11116 5527
4280 4310 7746
3823 9275 8
1956 8036 3826
8183 8228 3852
12625 17743 6914
3724 16275 2591
8190 10125 1224
4936 12956 6248
4082 9536 4305
2211 17000 9308
2639 11868 6589
748 2355 6800
3121 7711 6030
133 524 8132
3918 15453 8834
1389 2708 4414
3288 3834 5688
7847 19242 7524
14339 18911 4265
3581 10173 5434
6845 10728 285
5051 16323 6079
11947 13278 4442
7039 10579 2794
5584 12254 6873
1094 17325 1474
11781 16865 5712
2735 3432 2799
6796 10591 3296
1912 15885 4425
272 14652 9907
9704 15730 2053
4136 7004 9433
8820 19720 122
2367 2443 6043
2996 5439 7880
5406 5572 7322
132 12319 3131
2078 19563 9991
1331 18344 4279
3838 6864 3092
1755 2134 2071
11060 13984 6518
1594 12210 5494
634 19238 3387
1272 2201 9921
13845 18871 9433
3920 10242 3451
13796 15285 2940
2458 18567 5504
1465 14361 8860
875 10252 4721
7023 17097 5686
2452 15889 4891
97 16685 3855
16756 18657 852
409 628 2991
6510 16199 9251
7954 12075 7936
500 7320 7687
3150 10994 6446
2206 2633 7949
13287 17816 9218
4986 8313 9326
10362 11307 261
2568 4043 5016
9328 16154 6519
17164 17211 6488
2344 2732 9196
16382 19529 8859
2788 6369 8431
16418 18996 9729
432 630 3834
2357 2913 6740
10014 18036 558
7983 16746 5480
1659 6591 9730
3045 14494 6066
5282 18052 9375
9430 10915 7575
7746 12563 7108
1884 8692 1292
4567 10231 5928
9328 9790 6181
1508 8679 7054
736 15622 866
4831 6106 4441
9031 9875 8460
7293 11090 6617
9431 13505 6311
1664 13712 1506
347 4993 2095
3805 13702 9981
13283 16844 4073
10909 19893 2833
2476 11672 3898
1304 1385 4043
2194 3911 1301
832 13977 8254
5208 8392 9138
457 511 285
1481 5405 4302
1179 4081 8757
16160 19082 7875
3957 10749 8537
3222 13485 6817
5826 13305 5248
506 4030 4367
261 783 319
11785 19213 6086
5618 13571 3707
5700 7553 8240
9569 10977 1696
869 1978 7417
4176 6169 3606
1106 6359 5445
3024 11736 9997
2878 6437 5071
5275 19680 6392
4208 10122 8827
2825 7527 4829
8906 13013 8530
7872 18598 2335
470 3238 1267
2922 12051 129
15230 19572 52
4265 5911 2851
822 2391 8014
14586 15986 1439
11555 16881 8588
4707 16702 3089
6992 12047 6839
7 8927 6223
12067 16811 6347
348 7789 1798
4328 6588 7753
363 16029 8924
5594 11224 7405
6908 12821 4622
7350 18226 1857
9128 12351 9607
8604 17166 4247
4694 10385 4506
6697 9469 5484
2158 9299 5481
3850 17730 5832
212 2751 1806
11170 19551 6042
8685 9445 713
3887 18672 8967
565 18510 2710
3609 14741 3745
691 1063 4750
186 18111 1790
15237 15890 2274
13732 16194 5979
10731 17898 4064
917 4231 7097
12233 14372 5575
5820 16069 6591
2972 6391 3938
2902 3723 805
2675 3821 4856
569 13421 4413
1204 2405 2195
1131 3267 8131
3418 4566 9919
7015 9138 4524
470 746 7277
1852 14384 6609
4533 4862 1069
887 12636 6564
5355 19001 7415
4377 19208 7573
6480 10066 255
13073 13437 5103
10607 17336 1459
1056 18918 759
5107 8326 7563
1658 3301 5815
352 17712 6385
14876 16914 5912
2625 12225 251
3695 15253 6961
12225 16972 5312
2546 3314 6011
11610 17807 7052
9680 18909 7460
2995 19023 408
5774 11143 7217
3941 16737 4714
11352 12855 9934
2210 12436 7890
520 5736 6361
8908 17590 133
1133 19679 5599
13670 18221 6106
1043 5430 1755
2596 10204 8608
314 679 7180
5529 18763 219
2365 11572 1479
8802 9394 3190
7516 9509 1061
7390 8426 168
6523 13368 5846
1396 12390 2936
12915 14760 8341
5328 16431 9477
9321 11216 7054
1540 11578 3079
9002 9687 3243
4657 18722 5264
16060 16813 9978
5927 12833 2536
13648 19282 9330
2957 11182 6749
4360 12636 6382
2002 3767 2927
4385 4994 7469
14189 14290 713
1221 4282 4868
763 15694 1401
950 8697 6287
18050 19021 8097
5705 12641 6526
2163 11731 7607
506 14525 3158
1135 2282 4838
4221 6374 902
4219 5747 746
1734 10015 2453
2266 6427 3950
12379 12559 9253
13381 17248 7661
3870 16583 5120
13432 15006 610
1799 13449 1341
9863 18064 6543
1201 8473 8945
1492 17997 4504
7505 17552 9809
682 1703 1129
1535 7411 1014
3437 8723 1755
7939 18440 177
9147 9470 1007
6644 6646 7626
13053 14766 6696
5915 19676 7494
13611 13908 3637
4747 7139 977
1499 14122 7040
9641 19881 8801
12600 12743 7038
1249 3690 5947
2446 6340 9618
1899 17534 1010
7035 15664 626
284 4050 1358
12010 19406 3961
3101 10128 7943
5387 18103 1331
10796 18141 3147
10097 17337 113
4332 18466 3313
7417 10463 2519
1325 5522 2221
1651 9286 996
3983 11678 543
4454 4909 7075
1046 13397 1089
6168 15698 1562
2559 6620 4258
11709 13835 3426
5383 18576 6732
3604 14794 3111
2186 4355 5005
12038 18816 5353
3768 19158 9941
691 18511 2183
6059 7629 485
2225 10398 644
4712 10441 4872
11551 14453 3371
125 10538 9209
9710 12341 3308
2067 4960 1394
10607 18044 137
151 510 6471
10851 13737 5076
3662 11892 2612
10970 16110 8781
4124 8009 1889
13121 13260 4736
852 1396 744
8841 9232 6794
6955 15416 5041
121 8317 5251
14 81 4815
15984 18111 2724
13541 19881 2045
3102 16268 4057
6398 19390 8375
7644 15275 9785
9152 17717 2507
2223 15378 3593
41 196 4644
16286 19178 8089
6510 7091 8474
9459 9488 5033
1882 12737 5210
4305 6332 4049
54 12251 2178
6300 10231 7048
13132 13217 9954
16436 17211 2076
177 10122 9149
2797 19982 4788
288 329 9303
2671 2807 9810
4405 12234 3850
3679 5424 4698
15631 17994 4197
2545 3006 7529
3255 5726 7968
2615 13194 383
7479 18038 1447
4014 6026 3466
4985 8991 1380
6986 11654 3143
195 268 9088
12064 14994 268
2010 6675 9667
1034 4505 492
3741 10831 4629
12612 13101 1871
16684 17775 7645
1241 19580 4464
2305 4442 2959
1723 15887 339
2636 4791 4850
19202 19568 8057
2181 8202 2231
4974 12990 8582
15035 18305 3566
2914 18823 6091
234 710 1648
9011 11187 8640
5174 5675 3120
998 19930 723
776 4432 2801
7303 11313 38
1462 10931 1963
2948 14175 4023
4397 6473 5282
1734 11628 2201
12646 13131 35
6209 11804 2468
6559 8888 3580
6194 6896 2629
12095 13310 9702
10121 10728 5866
2868 2920 7228
2953 10537 2377
3501 9827 3479
4033 4602 9765
5100 10368 4830
3374 5940 4007
9097 11228 3431
5350 7719 617
7627 19259 1220
7456 9090 4711
2270 10054 1281
8528 12944 3593
6889 19821 7265
4909 16893 9247
2818 3993 7494
790 17871 8525
740 13194 7290
1709 1757 663
1139 4293 8504
31 2269 4695
355 382 3128
3488 4581 7558
2383 18809 9575
7440 15375 8490
1218 14848 879
2702 13047 8562
4470 4495 7715
6203 7363 628
2643 2742 4616
1919 15866 8513
7125 12429 278
2886 4277 2546
10369 16345 645
15676 16826 7849
13814 18254 2036
3893 4065 4254
9053 16198 9926
13146 18849 6503
3095 17250 6177
5993 19624 4785
12007 14147 409
507 1703 9340
6324 9029 3019
1568 12127 9598
11877 18579 5174
1034 6746 3970
4018 9160 8764
7394 12800 7923
8917 15418 9202
7341 11679 259
1923 17984 6469
511 19152 6832
9805 10859 1153
1060 10535 1413
147 199 4107
95 103 3561
9132 9355 748
3400 19716 4166
10206 12058 3942
7526 9055 1747
1057 7416 9716
5930 13172 8964
4673 14864 73
1808 10453 5670
19112 19870 3965
10135 14798 1522
7167 8328 5195
4552 12449 9358
94 12237 9656
10016 12328 5323
8584 11093 3889
6291 8112 7185
14008 14500 6070
2522 3122 5340
2391 6779 1449
3709 7398 9706
9579 14405 6208
274 14141 9121
14436 17540 7366
3178 7699 9534
5551 9497 6705
17559 19478 3949
690 9354 1186
3757 13090 4554
879 11030 846
7626 17972 9731
3452 9140 4794
2192 18971 6372
9110 13691 16
5852 6305 1112
3581 19042 2387
3173 12521 6161
778 827 5486
9197 15377 7925
7187 9878 7135
541 18443 5686
4021 4999 5481
2557 9343 4559
17547 17939 3585
2822 15238 2527
2746 9930 3688
192 277 3291
16321 17415 3230
5645 16848 4009
1464 18280 7308
9970 17886 1785
14753 15460 1142
7043 14389 9969
13939 17390 8741
261 262 5409
7440 15956 6469
1875 6171 920
2106 3167 6815
6884 15112 7
6076 6567 7980
14419 16579 1606
4890 5742 3703
2106 6125 5928
9110 18678 2882
76 1706 6598
13744 15970 6267
2428 13045 61
3544 11474 7953
2303 6073 7282
6525 7470 9908
6990 12082 4530
2886 6404 832
403 1531 9982
7409 15340 7011
8320 15449 2769
574 8079 9648
3272 12918 152
3877 3880 6858
2841 3775 230
9807 13904 3161
3954 15693 875
11130 13132 1874
2193 7963 3589
8829 9607 1392
1469 2745 8287
167 315 1889
3857 5012 8312
11619 17954 5088
14849 15480 3683
4797 14516 9536
483 7016 1038
13331 14952 4384
2252 4744 8011
3237 19218 1875
5766 19240 4900
949 6899 5110
9404 12321 9861
1358 2608 6757
10108 14342 7586
10392 17820 9268
11312 12221 27
7718 17931 2325
1020 8395 3460
6714 17193 1305
2810 10171 4904
7139 7281 6547
3105 9894 1574
398 5719 9268
11454 18138 3855
3072 15270 8740
4774 15361 5944
7988 14005 1353
9762 16363 7077
5698 7347 4491
1463 5637 7896
6314 11929 6505
1218 1745 4355
11042 18992 9659
13514 17072 5692
3049 5180 232
3579 10485 491
105 19864 9428
388 1440 7762
2655 8078 998
167 6875 6828
11392 19926 2159
13570 18820 4558
559 15609 4646
269 8537 3743
10791 14904 3045
6721 15785 7687
904 4789 939
27 7557 2712
492 2158 9580
6422 7033 5157
19051 19693 8261
2270 2659 1164
12257 18536 6955
11370 19287 627
11602 12172 6739
9053 19973 214
1753 6864 9967
634 1825 830
50 959 4906
10616 15361 2950
11905 13708 8121
10702 16063 4256
44 106 8714
2148 9026 4619
8916 10103 7202
1860 3285 1320
5182 19852 1477
10574 18534 2020
10283 11686 8786
18438 19505 1767
6237 16385 4717
357 9339 5311
2730 9874 5401
5841 13926 9246
3756 3967 517
7479 18622 7083
3252 7550 1993
3822 3872 7574
12502 13391 8053
17762 17883 1124
2238 18279 5879
3250 12879 5000
13820 19682 5735
4231 10050 5585
13272 14360 7061
11813 12595 1111
6865 13968 4118
144 2469 5692
604 1134 3915
2780 3100 2568
11002 14710 959
6883 7539 9236
7688 11584 3943
1200 2132 6468
18007 18789 997
14930 18867 4996
1431 6680 8526
8843 13271 2239
4699 18636 4946
2517 5833 4666
4987 10281 2142
10448 17461 8030
3953 11795 5459
5335 13819 6840
8304 19747 1012
947 19260 1172
5696 16845 9061
466 5017 2742
4959 17039 719
4971 14027 7050
13312 19084 6772
3732 8232 2117
997 1008 2174
3354 13257 698
7324 12702 3833
2845 7394 9440
981 13447 3983
9384 18560 8356
8354 11092 9730
3156 17654 477
13830 14353 3960
12666 19165 9452
570 1445 4172
4640 9354 5329
732 11276 8506
4832 9061 7969
7185 16873 9474
4693 12737 5425
1014 4583 64
2443 7603 8672
3766 4193 2146
555 768 2553
7382 10838 5030
1574 8976 5787
6862 11337 266
1059 16417 1916
3363 5301 2149
2252 5793 6568
6809 7979 4437
1484 5680 9996
12537 15885 7928
4335 10120 5030
6633 7874 9315
352 11192 1814
2318 2810 5454
922 14726 5130
7996 17152 9342
2373 16315 1055
2576 10914 1894
11785 12377 31
1492 7500 3746
9673 19540 4793
3096 10816 3058
1544 2879 3075
6841 8329 4021
12475 19850 6681
8414 15434 1035
8790 18133 3458
8846 17550 394
15105 19558 2130
3653 3837 985
14558 18645 8711
2729 12844 9760
7160 19810 1678
1731 11434 9374
5451 14173 8263
10510 12480 4933
1157 1987 7268
2223 2769 666
7572 10643 2804
882 15132 5352
5701 12124 6030
1361 5130 1469
1894 18165 2189
700 7818 7208
4597 6038 2068
5511 7993 6100
6910 6954 2447
3733 15591 4808
9205 12597 5848
1202 17333 4320
43 287 3947
199 7930 6379
13996 18395 9332
5114 18552 256
11369 12569 2114
13631 14698 2779
5588 9695 536
8186 11483 1905
13585 18248 9639
3397 3623 635
8800 19631 9791
1418 7884 3005
7273 17242 6106
12607 17971 4140
6256 8033 8587
1894 8463 6175
11022 17949 6339
4376 15397 3150
6818 7605 4088
5559 6288 9108
2342 11106 9104
4302 6445 5529
1620 2316 1449
8440 16950 838
4005 6738 5560
86 14004 9353
5446 19260 2787
9044 10692 2759
120 2085 7344
4283 9048 4557
4570 15782 7462
5730 16555 6647
4924 5893 4972
10556 14292 8579
2543 15284 8735
14489 16879 1820
3060 19837 9024
160 1411 2638
9577 13180 9890
10286 14619 9782
5321 6974 1647
2845 3425 2052
6779 9783 2888
730 10256 1635
701 19870 274
14670 16132 6183
3580 11647 9589
16165 18789 8165
2722 3575 2181
4226 12630 3199
323 8590 1924
19690 19908 5263
2107 9194 480
8724 12802 1443
2443 8448 4741
15888 16066 7664
4250 13719 4972
2667 4669 6126
4051 7597 8390
3323 6299 3064
1133 14295 1505
695 2587 8557
7666 8923 2736
7279 13214 5522
782 2861 8885
2107 9417 2570
3510 16544 1829
193 452 3514
7404 7588 2539
3312 10005 6111
36 588 3459
2030 12052 8805
17628 19673 2802
819 3064 2839
3203 10473 633
12263 15760 2602
1819 10840 1229
3978 18424 5858
5013 15907 820
767 2426 1978
663 15445 6977
33 5923 6384
15805 16252 8418
16275 17135 3966
15079 19665 7159
7544 17667 7065
6337 14818 2844
2399 7917 651
1488 10820 7806
1681 2010 1947
4581 18538 8290
6237 19713 6248
507 7248 9544
10894 14338 7375
4993 6036 7122
1203 10353 7265
3610 19944 2816
7909 18037 4111
169 1483 541
3388 13029 4741
19 706 8286
11652 13142 972
10254 19767 8980
11886 14118 8143
4286 12952 1055
2563 4610 4412
3983 9411 2979
5046 7236 1751
1250 7026 5303
6833 13333 3202
135 13720 381
2377 10066 2970
2944 5876 2482
4624 18311 3881
4053 17452 6015
9129 13099 7064
828 958 3539
1141 2314 8148
8870 12561 8829
9128 18029 2494
12064 14373 7082
1977 10790 8200
2580 19068 9684
5470 8876 5724
14366 14953 4798
10607 19932 5769
12509 13537 1362
642 10217 2031
13027 15642 5332
7886 18788 3310
748 13736 6704
2204 11132 4332
13446 14179 9416
343 19849 3273
4478 7353 6194
6065 8780 5061
3819 3933 6582
14659 19366 2776
16249 16375 4000
3296 7843 748
7142 17497 415
4969 10174 6717
133 3994 52
14217 17923 8646
2992 17245 6773
8176 9140 5749
7501 15362 752
5007 8197 4135
6284 14238 9023
859 14109 1934
2674 12309 4806
2591 2868 843
16031 16740 949
471 12469 5473
17569 19748 5137
5229 6091 5760
17422 18486 2345
2970 12600 8610
6363 15155 116
10466 14382 8937
398 3260 8801
121 4347 5760
2681 7567 3738
6317 10077 4507
10908 15462 1964
4938 16945 8191
8255 17579 7130
7503 16568 2999
11957 12767 7797
2220 9968 6332
17086 18312 654
12211 14926 6272
11040 11732 5353
88 13368 4231
6143 6867 3951
1375 2018 3818
2938 8285 3997
426 5382 9017
4112 5018 1678
3591 3886 8864
1093 1289 8221
13289 16461 8978
10489 13773 7404
1207 8765 8298
7597 15171 3971
4828 5938 2855
7106 15439 6167
11106 17079 2935
5668 6000 9655
13948 17412 5573
17016 19497 4978
3825 6814 6113
1119 3984 3764
3210 6257 2731
12545 15073 5772
3032 12289 2464
318 11969 6814
894 11333 5512
7705 15104 3040
8484 11606 4964
18034 18182 5341
2278 2490 9355
7062 14631 4252
3612 12026 858
2582 8987 600
6480 7576 6543
2863 7971 2303
2714 16833 4503
3457 4538 8914
5840 6194 106
9644 11185 2283
1161 4462 2085
10324 12623 5262
11568 14019 8284
10697 15519 3564
15730 17659 6283
11285 15872 5401
1183 14285 6321
486 14298 7669
17238 17857 4885
14722 18011 5520
1561 12354 3812
5425 16206 4669
7293 14431 3575
2124 6789 148
3631 4929 1786
7746 17649 5974
5312 15653 6040
5827 11706 6395
889 4589 1823
13498 19540 5792
10303 19906 6614
8429 15758 8101
10421 14809 6439
364 13101 1538
12286 16652 6804
7982 9330 8881
5216 14156 6522
762 1010 7930
491 1684 4559
2041 15506 5642
11418 14635 6304
1732 13877 9032
763 6366 4630
4119 15237 1103
10032 10609 8007
13404 14959 3230
4556 13755 7689
649 8665 4325
2465 5588 5303
1160 7723 79
1687 11240 894
3090 12878 1405
14574 16497 2968
2607 3251 1801
1330 7140 7260
2043 17502 6766
5721 16309 9863
2198 15080 3257
7642 13070 4286
3965 19999 4664
10334 16259 3267
1967 10136 3221
5174 19444 8380
11774 13322 8784
3912 12816 1048
1409 3671 6161
5183 16674 34
5445 8941 5190
13694 15905 4925
11361 15380 7782
16438 18027 289
4800 8986 9641
16293 17740 7808
7902 11414 3433
6078 13220 5155
777 15850 957
1854 8619 4877
136 11901 4528
18064 19018 1800
2927 4953 9721
2840 13298 9850
5484 9359 5568
11136 17980 7177
8814 16055 2174
4644 7802 7462
212 7855 3426
3801 6224 6527
3594 6998 7298
3490 15032 5768
833 8513 3844
2143 19927 7612
8118 14093 7589
1847 6716 9096
3211 6423 3657
2792 8817 8470
129 9365 3062
10032 19463 8324
2179 5096 3735
1248 18764 4151
2169 15212 1214
12551 16143 5878
5700 14651 427
3888 11495 9390
10023 13720 2430
14603 16551 1060
16712 17224 5614
3610 16880 9728
641 15283 4859
1836 16406 6137
4833 10813 5652
1927 4672 97
5001 13946 5286
11880 16715 4607
1483 14149 1202
1046 2555 3663
1387 17564 1007
1854 9729 4133
2446 15686 8847
5337 16618 6623
4794 6225 373
13565 14319 6935
1708 2049 9775
246 7466 8143
730 3112 5108
1163 2749 1024
14558 17502 1586
11217 18868 1595
7116 8361 3620
8066 18546 5852
901 18240 3749
4560 8030 8103
4836 10278 7585
7146 14822 7934
5682 6198 9709
6034 13900 985
12865 18520 5225
579 4144 8498
3838 13797 8352
11556 18560 8630
13238 19680 5542
114 577 5837
915 3699 2907
11657 12301 8732
733 18253 4037
8704 14917 7407
3701 14624 6183
11019 13972 1461
378 15716 9626
16848 18931 1815
9539 17063 5999
1286 9044 2345
3057 18013 9939
828 9859 1506
9375 9872 5277
2605 4283 6961
1382 2002 1632
8836 16088 7064
1439 3221 8158
10852 15606 4248
13392 17484 1540
478 999 9170
10306 12260 3726
1839 10865 4772
404 738 1116
282 1005 5837
4414 10254 2536
13752 15518 2424
5844 12825 9872
4113 13260 7333
1527 1663 3425
2245 8098 3375
15284 19431 6780
3303 16907 3861
4834 7337 8243
5507 8366 5010
1 13 9894
703 11636 4411
2105 13115 3309
6347 11933 382
4356 13532 8754
4531 18058 4710
14683 14697 5854
2363 4987 1980
13878 15709 8085
1906 13209 9421
2782 14902 6870
2285 12581 5637
8818 13347 5868
2507 3750 6614
5916 11224 4856
9179 12675 8816
8836 19670 8065
4316 14487 2458
2907 9405 2607
4135 7443 3145
2614 3229 5641
7460 8620 5457
11737 19118 6233
5017 12131 6844
4043 18802 8679
911 15450 6753
7444 18570 4489
10030 11449 4620
5968 19018 1493
758 3629 221
6693 8299 5668
5613 9814 2348
10370 12688 1756
2331 16756 7438
924 6307 7156
4791 17448 724
8752 9298 8950
5 8154 1955
8037 18065 3464
3814 10505 8274
9854 18178 309
3782 6117 8438
1753 14818 8768
3370 6056 4505
9687 13363 6231
4481 13169 3435
7250 8975 4584
9353 18601 2310
2804 2976 3585
3847 13898 6612
335 8752 8059
1083 2101 3560
8142 12113 209
14496 19878 7788
5119 14891 2779
10057 13775 8292
1240 3089 7473
1297 5461 3113
13003 18713 7990
11097 11334 6139
10088 19885 8998
13183 14311 2976
2743 10655 9247
10653 11448 3458
18279 19168 7516
11308 15410 2524
5373 7214 3418
723 5661 1501
1066 12361 4506
398 674 7637
7778 15201 814
11170 14696 34
440 1160 194
10728 15561 1536
11428 12923 1779
5670 19677 7006
8070 8915 7537
241 507 4797
7404 12026 2900
9455 9581 401
7220 15497 1222
7120 7832 2627
6987 10034 7534
1091 16129 8797
2819 11782 7190
7873 14226 1285
7245 13708 4981
6533 15854 5801
1757 12247 6894
9007 16828 9207
8230 12915 982
165 3679 8246
5676 13704 5503
1335 19163 3113
766 6686 2500
827 5885 5227
15866 16834 171
9905 15140 6328
9992 15674 6061
919 6629 9125
10635 15112 6756
2042 3904 6769
1137 1142 66
2112 3925 5317
994 6281 4956
1123 6535 9258
402 19241 496
5836 14543 4784
4589 4721 6907
4757 6971 1370
14911 18120 2302
15929 17438 8856
5918 13327 6378
381 5126 3825
6256 15778 4775
8950 10320 7328
5931 10317 1491
179 3897 559
2080 14317 219
6105 11409 1695
835 6821 9203
611 8278 6207
10276 13716 5510
5728 13459 2173
13 472 9573
349 3031 168
5960 19857 9302
9367 19153 4577
11391 11444 208
395 2338 2030
6304 8589 7557
5956 12335 1065
7864 17195 6701
324 4827 255
9137 18131 706
2052 3355 3528
12196 14815 8087
122 17393 3062
16727 17175 116
7758 11124 9257
10373 15358 2261
15821 15899 320
1087 19492 8588
10961 13006 1960
897 6004 3670
2524 6733 74
9286 19227 3128
3897 7254 658
1385 8860 861
8733 14347 6402
3570 13471 8190
2935 7515 7503
4083 7776 2251
7219 16223 2943
511 1540 5706
3285 6643 535
2680 11764 6522
1916 18480 9389
9639 17048 5825
306 1164 8077
2415 10319 7006
3216 4640 1855
2462 4614 8267
19 712 3290
11698 15049 7768
8008 18565 8212
4999 14989 5409
1021 3910 6816
567 1607 3927
13182 16871 1537
101 495 6817
2517 8189 9135
9800 11445 266
7834 7998 3924
1874 2517 6811
2723 17548 6725
204 463 1896
1364 7555 7856
6745 11106 2187
14881 16833 6427
1909 8274 8551
90 944 6553
5152 5708 5142
11845 16556 9896
976 6580 2828
6472 15429 4403
2784 18387 5590
3654 9412 1316
8356 8626 8346
7328 11653 2916
17856 18522 8041
3529 7653 5475
18086 18524 2280
11934 19687 647
5118 19621 3030
10635 13320 1045
4785 18820 7057
6171 15122 2360
12794 17519 7312
1835 3627 8687
4692 19509 5568
11551 13058 5776
9057 16339 1959
38 78 9470
99 171 2672
3336 10941 9510
1007 17257 7199
9025 9679 5322
10963 17906 9741
3021 17787 1756
4438 19439 6989
10864 11297 3734
487 5873 9907
977 2328 5871
7637 19566 2220
1261 4502 82
59 11819 3890
2235 15753 9100
3719 4741 2711
5986 11791 1960
3472 17126 2936
11916 13233 9885
251 7455 2814
6444 8309 6994
2051 18124 607
2036 2293 306
7950 17126 114
9561 17269 1290
2353 11080 5859
156 161 4205
7700 10485 5425
7783 15197 5685
9880 18691 2573
9840 13146 6274
9065 13866 5709
11711 15389 9177
5479 10114 274
946 6742 8648
13626 18570 6163
3858 4260 3740
487 6747 7921
8516 19130 6698
721 18811 4642
7136 10493 9052
7863 12065 7623
1214 4439 1690
3580 11002 1948
15958 16533 8384
2586 8604 6329
14199 14247 330
14331 15499 4821
8707 10478 7119
17528 17921 2082
2981 15319 1316
7315 7838 856
2368 3413 9159
2587 16553 9864
10652 15665 2606
4339 12199 2482
9240 17362 1852
1442 11827 7278
4588 9623 8984
9862 18459 6772
8841 16822 9406
1963 13488 3711
5214 7439 2218
3814 12644 460
4113 16589 6453
12254 15561 4065
3449 4638 7177
1402 10170 2763
2074 16678 6071
5925 19201 5309
6440 9753 600
2498 3814 9178
2621 4133 1106
19472 19516 2577
3902 16195 4716
12939 13410 2718
2231 6728 2737
152 2888 3962
2748 5002 7172
1576 7376 877
6860 10692 9044
7446 11707 6108
10604 13515 2671
1121 2401 5798
343 1487 3242
3889 18607 5642
5001 8543 7605
1960 3211 4660
6188 16763 7723
1492 5854 8594
1184 17865 3225
255 16285 2337
2298 10852 575
13918 19950 5340
10132 19382 439
4102 8291 6387
870 8661 3954
4493 13661 3841
4751 16596 1396
13877 14382 7539
2088 11129 1570
13969 17222 7861
5101 12331 837
613 4800 7055
916 1831 9666
551 2672 2227
13412 16756 5564
1469 4289 7825
1296 8081 8127
9741 12274 2622
6124 7153 8315
1853 10309 7160
556 16329 8774
4218 4575 2080
8993 18692 9143
6625 8429 6700
4513 7318 5699
5834 7352 4685
623 19648 6000
741 3547 7809
3476 6510 5166
4172 17557 9367
3320 17465 2728
5757 15368 3907
8075 11250 3273
4240 14685 9394
5622 14301 9420
10723 15036 7342
14096 16996 788
1679 12810 4149
15374 18655 8803
11741 16474 7974
6614 13088 2274
9695 13751 477
5634 7047 1858
350 1570 7103
13066 17095 1427
5021 5921 6887
650 15366 7828
8796 13335 2318
2867 18206 513
4933 5021 3050
4156 9509 6885
2265 5212 3265
2210 3799 4988
902 1477 419
1773 5599 5984
131 1460 7890
1443 2037 2629
14253 18947 2303
2961 15845 2709
260 6858 1732
8291 12891 6348
127 2523 7699
6078 16356 1355
868 7769 2786
12953 13392 2547
290 7366 8840
1458 17930 5211
3433 3903 2728
389 4335 2526
1347 16253 1463
3259 9379 6981
3993 6823 5203
2742 15839 9297
6290 12742 5472
3270 4193 569
3733 5249 1280
776 13074 3238
5212 9376 6426
7212 13246 6260
15237 18173 8965
1055 19305 8265
10584 19551 5896
1921 8463 8492
4005 6752 8565
14576 19062 7720
5188 18679 8993
2025 10074 2458
10645 13054 8902
700 2946 3359
5372 7590 1486
9373 15746 9071
895 2546 8217
16025 17450 8507
5831 8675 5885
4634 18803 844
4173 5485 1347
8971 10991 5252
9289 19896 9058
11769 12612 9206
11033 11225 3401
1693 5891 7027
2057 4265 9489
5461 12479 2084
9713 18026 5921
9302 14090 8950
4094 14645 8967
55 3781 6489
10866 14536 6994
2610 4828 3373
1628 17494 9456
10764 11594 9699
10293 13099 7065
501 14669 9904
4098 14511 6922
13151 15932 4881
8986 15716 12
2021 7060 7131
2810 14832 6859
304 446 3543
3387 3836 8445
1837 16882 3890
13164 15264 3333
1005 1723 4513
13380 14648 6443
2321 8549 6218
3373 7473 1246
3362 3934 387
8488 19357 7443
525 1133 3503
36 513 7978
3408 4152 4689
850 3458 4892
8625 18990 6879
10416 16744 5158
1884 19370 4180
18 72 9087
11485 14465 4226
3426 9304 6778
1765 3742 7558
2293 4871 8487
6679 8843 7616
12696 15588 8613
1461 16607 8141
340 753 5860
31 5571 5333
16118 19607 2866
13953 16435 9272
1780 5949 1196
8638 11974 4472
9465 15684 1168
15515 17509 4054
1971 18270 8318
6737 18615 9242
1648 18947 9725
9993 14805 6212
13703 14352 9917
5046 15982 7223
645 2416 9994
95 4553 3838
1470 8368 338
895 1355 9129
11720 13493 3480
4884 10116 7999
247 1514 8471
10688 14681 5620
1421 5196 8160
1223 11589 1841
4524 11916 5095
295 8787 900
90 94 5959
8514 12394 1408
9051 19317 6659
7796 14145 446
5475 19301 4608
15145 19575 2768
12648 18546 694
10169 15128 2419
701 2412 7972
4593 5129 8967
4661 8909 2894
5882 6384 5622
12037 13347 156
4566 5217 5682
5391 18528 8153
9219 9775 9182
4812 6121 573
4158 6328 5110
8246 8263 3011
3373 7164 2618
1627 2312 3187
16030 16730 9856
2278 9726 1072
5939 7708 5421
11155 14165 3342
8637 11415 992
4797 7943 2463
2016 17643 2425
6946 15365 5813
14293 17304 2430
4728 5896 7260
864 2539 2519
5833 10623 4158
4299 14442 3895
7191 18001 6226
7329 8949 7044
561 918 1512
3760 11468 8692
3518 17077 9737
14288 14868 2860
2357 12352 5133
9381 13131 9389
1406 19530 9119
7060 15787 8579
2853 8787 8685
4240 11388 4407
1426 3123 3345
8427 9675 467
5674 15041 3892
410 4424 4515
10569 11027 831
443 19040 5921
4799 10497 115
6018 13954 8793
11849 19896 5853
2118 7206 9899
2704 14117 8111
39 6956 2675
209 1314 6419
9365 17098 8972
809 1727 1751
3211 6153 3671
4379 15993 1357
4770 18620 2590
5242 7429 8114
4216 16244 2236
5083 9790 4966
7654 13929 8091
1283 19068 7895
2714 3023 163
145 7204 8166
5467 14998 6574
15521 18708 7493
1091 12155 8283
1120 12124 1475
2876 19293 3885
14702 18253 1307
2527 4096 6931
2801 13179 3619
41 4270 4498
17096 18643 3124
148 1024 6420
985 1242 9519
918 14404 3916
12919 15055 9272
19673 19790 317
563 2448 7555
1772 13147 8965
5048 17031 9996
5003 17085 3978
7890 8540 6795
9052 15374 1822
10297 17817 5245
4268 6593 7857
12449 17685 6553
11818 19316 946
5997 7401 8227
7801 11920 9878
3164 14465 7034
2899 15160 7874
14606 17012 3338
3907 18415 984
4030 18083 2059
2198 17748 9731
6390 15736 5576
1113 10891 9341
6384 16949 5085
8823 14836 7750
11801 14569 3243
336 423 926
111 2144 2772
5392 14439 2865
4670 19580 6333
8735 13357 3705
626 15452 7033
134 9443 1868
10653 16991 8299
2039 4095 4789
8102 19548 573
12660 19248 5705
8915 12059 3190
13001 17695 4482
8037 13764 1524
1679 16395 2420
2018 5401 2950
12011 16025 3502
159 7195 8305
3118 14457 6323
6407 13727 4295
4563 4961 93
540 11644 4722
2616 9526 3661
700 15351 8431
5533 18366 5765
2129 12581 5989
495 1827 7331
1019 1059 3136
6140 13122 2887
1024 18907 1064
1197 19628 8053
1779 4598 9504
4555 18815 1880
498 14315 8362
7254 11691 7908
8628 17851 5665
8845 18126 1587
76 87 4000
2268 9415 556
1372 6291 7315
124 2919 6853
88 10109 9816
2537 7240 2415
3597 5881 1522
5352 18829 8110
280 14982 9086
9778 14405 6058
8898 12989 5302
10872 13438 560
3436 19689 9878
7270 17628 9319
242 12513 3013
5072 14192 3057
6342 16570 20
18722 18947 4873
3576 14871 9726
5879 11648 4213
3768 8310 5250
9446 13920 8068
5478 15856 1974
11287 17354 6448
5234 12409 1233
3567 10782 1015
13643 15502 4709
4806 8238 7013
14736 16874 1770
2495 10974 2967
6900 7167 968
3227 17927 7812
13577 14886 9601
10775 12955 9774
8810 16933 4916
862 8947 9444
10371 15448 1856
3386 14326 4267
9281 18618 1868
14067 17630 8235
8881 17936 3705
5907 9013 8678
19211 19588 7857
10174 10479 6602
3059 7917 8903
2996 17290 1065
221 608 4828
627 6779 1086
9771 14243 8958
15565 15942 4167
1249 3892 6464
10210 11384 1061
11175 13831 8523
10742 18718 9285
1725 7565 495
2282 15538 9674
8002 19403 3289
6767 11195 268
9164 16809 9368
4432 13497 4094
512 2569 2012
2879 3960 1219
7948 17104 5006
12678 13059 9888
1891 2217 6342
1278 19506 7887
6449 17158 7199
6036 15081 2472
769 8468 6362
6093 9219 4252
8019 15678 2863
5301 6352 1875
5754 9643 1252
15211 17297 8897
4081 6096 9431
96 19194 6075
7304 13459 7354
2744 9340 838
1228 16372 1124
12211 14187 9185
122 19997 4031
11846 12008 404
1993 16258 3186
2278 7013 7359
3211 8511 9579
12841 16215 1208
9866 19127 438
4226 4848 4834
4227 12102 9013
7387 8044 33
5669 19940 3508
602 793 5137
3310 10039 8659
3668 12008 727
2379 10488 1673
11149 12654 463
10146 14076 7830
1631 4212 5296
1571 1610 9273
70 6071 7820
748 9110 6322
8780 11248 7092
7665 16773 3381
9681 10470 6650
9561 13293 9241
5376 18465 142
11053 19041 7913
9435 10142 5046
3617 17006 3939
4571 8089 2694
3402 18348 7025
9616 18740 7474
5189 7368 3272
10819 13017 2716
8715 18577 2390
10935 18791 5384
2470 18787 6893
7299 11717 2339
9536 17484 3735
96 2257 2941
286 7246 2083
4410 6338 1135
12701 13892 1050
289 381 9609
1809 1951 3394
3723 14506 7796
1456 1867 1142
12907 14271 7005
3828 10498 9777
10119 10998 231
7468 15766 8685
868 1484 9461
1291 4440 8528
6 14699 4865
3053 8696 9687
5994 15124 6550
10576 15061 143
7297 16396 4249
2301 14656 9780
5010 18899 805
3810 19845 7600
13006 16669 3051
1108 1809 5961
7362 10442 481
7248 8330 6869
2969 3065 6578
54 11881 8321
9526 9711 6183
1127 1224 4151
1924 12339 3395
11530 12599 8809
4252 9595 1581
34 10288 6407
7399 18094 9899
810 1873 4161
1548 9021 5933
3189 12861 2988
10097 11691 3330
13253 18179 2195
4649 16952 5896
10422 18241 3269
504 5356 6370
7968 15136 8922
2636 4868 2078
1605 6322 6587
4508 15472 6639
7232 19302 7738
7882 14935 2183
8377 18230 9735
2645 17314 2416
981 3129 875
9073 11962 7472
2922 6729 3248
6538 14296 7809
2279 10254 4118
6721 10472 5417
3207 3996 1921
787 6870 3610
834 2492 4426
212 1209 5114
1340 1699 9297
7351 7362 254
12907 18773 3515
5391 18168 4474
2206 2479 4768
14902 15052 1003
4230 17630 4886
1316 8388 183
5301 16087 9151
8606 15589 3444
7139 8183 8281
7461 18764 9743
4150 4631 3831
438 2088 2684
3701 6619 739
2581 13852 3982
13400 14087 1603
333 1753 6807
2840 5504 5736
12649 19384 5317
13270 14584 8016
479 19325 5780
425 5983 3809
7229 7967 3600
30 7029 3320
5222 8788 6394
15192 16149 8610
258 6166 7460
2739 13888 6850
4904 7055 7287
8209 10544 7848
2449 6420 495
4598 6895 3348
5805 11099 5869
1083 12221 5419
1328 17585 4496
4263 18352 7255
6864 9936 231
16012 18978 5724
3472 6287 9596
2378 10766 5790
1076 9060 2119
5311 10228 7207
12478 18270 6447
12412 19638 7760
8471 13790 7509
4437 15572 7223
2492 8788 1766
692 17603 2946
4709 11852 3969
2554 11848 4973
222 3656 764
11373 19747 2440
497 587 5420
10946 15105 1499
9252 11760 1317
4978 8747 5673
104 215 7874
12193 15880 9054
4638 7248 6227
950 17447 4620
4518 11592 222
8046 14393 5212
1746 7423 7462
11499 19893 8397
3394 17081 9441
7934 14795 95
235 3452 8565
1937 7211 6541
6200 6408 3596
2368 6631 1102
475 11751 9424
2559 2590 9418
1014 18876 5513
4586 8876 8060
196 792 528
4138 11705 3088
1851 15006 829
2100 10152 6361
14436 18416 2159
4600 5411 5574
4520 12709 8559
3978 6703 9788
672 3467 7584
3 5214 6643
1395 10346 1571
5163 15819 4891
6151 19732 6177
13710 16204 631
71 920 6696
1391 7950 3732
2548 6360 9887
1507 18063 5176
7385 10342 675
1703 3992 9980
11281 16729 9047
3885 10489 510
5987 12570 7255
1242 2054 4567
12798 15251 1432
10672 16873 3786
10475 18446 5773
12758 17500 3288
3375 4058 5594
4956 12149 2566
12896 12910 5129
7234 8526 6535
12995 16791 5358
3487 14239 2769
434 453 1773
11054 12686 8095
17483 18830 3096
16422 17539 1335
16598 16651 4726
3924 10418 6093
2366 8492 1847
7272 17066 3484
9824 16347 7740
8451 17090 1277
16139 18752 8243
10899 11524 4946
1513 7371 2100
3494 11514 7965
2080 7633 7140
2555 19616 7314
524 4483 3869
716 2839 6611
4426 6782 2817
2287 5082 2642
271 3603 7822
3123 6483 3426
2066 2291 7060
3087 8606 9312
16439 19536 731
1514 1990 3752
3686 17043 5184
253 498 4914
10231 10355 6767
9585 12864 2755
2743 3086 5707
9188 9490 4586
856 7746 8273
3689 11336 2980
94 368 7733
13519 16371 6102
1246 12160 1910
2328 11645 6362
9581 17772 2434
10120 17024 8287
12007 18996 4441
16730 19725 4026
3016 12280 2979
3088 19763 7025
1467 15859 2787
1284 1614 1594
8659 19118 107
1358 6961 238
370 530 4090
2840 14573 9864
2103 10956 9606
4673 6482 2484
3311 3543 3065
9570 16568 1093
7413 17247 6938
3201 11471 3261
5653 18297 2128
7830 13179 1732
1864 10092 3970
940 10861 5084
5272 11410 3088
3886 7854 6840
6695 16866 7184
11620 13819 2627
16046 17270 3904
1105 1729 1067
3649 19851 2405
3847 5694 4216
8430 12894 55
2106 10621 9933
7721 19449 3045
1982 4516 7259
349 510 3065
12697 13190 7265
2817 3563 5429
8172 14918 2389
11352 16437 5983
9633 19065 4162
5655 10962 8314
1603 2657 8507
9413 15729 1277
2433 8182 6153
12925 17190 2084
14115 19474 9076
9530 10315 6000
1545 3518 9249
1750 11696 6694
1413 14515 6184
8854 13869 3621
2811 19519 1660
10299 17994 9460
9103 9600 8658
3796 3989 450
10240 18252 2846
11572 15491 6388
1679 9111 9421
7596 13603 3835
8525 15210 5215
2892 3726 6143
10860 15629 7209
3418 13812 9376
12094 16363 3221
131 15471 6298
998 2843 6038
3351 17195 1034
1798 14448 27
14430 19476 217
8337 9803 8140
258 6598 765
12691 18352 2365
1370 13262 5870
9210 14749 8130
9313 12284 2636
1519 14266 839
15042 15635 5406
16738 16906 5539
1968 2968 4123
5248 8409 3903
4101 13305 6750
1627 4059 4365
1360 15938 3514
15088 19134 2489
5170 15592 5475
2367 8542 8863
9401 19277 3987
7946 14088 4726
79 272 677
14715 15808 1699
14799 17800 7777
12244 17987 3202
3423 4564 7561
3768 19779 4394
4470 5841 8058
239 6219 6871
9640 17948 1926
2930 7533 4524
12105 12545 2014
32 933 8051
3497 6455 8475
117 334 3727
8959 19973 3958
1577 11026 4289
18029 19281 6608
10702 17453 1393
11819 17578 1441
6655 12715 2178
2513 3720 4951
10293 19349 1255
876 1319 7909
5349 11350 5350
4939 5029 1895
1405 5802 9731
8507 16897 6226
321 2119 6809
129 5353 2808
15111 16090 2978
14133 15310 5027
85 150 862
4913 14699 1912
3754 9350 3106
15674 18435 1598
5343 7999 3123
899 10078 2963
2540 5656 1271
8026 19235 35
68 13468 5115
5293 17926 5695
7878 15113 7536
1335 1727 5981
5371 7958 3874
730 3905 2860
3179 7273 1995
11954 17478 3806
9515 18176 3335
13590 15665 3908
8708 16306 3084
1241 10121 9487
6556 6612 5073
6170 17240 8881
136 520 9343
459 809 7868
13107 19213 9321
10427 10783 4798
18779 19854 6130
333 16064 4416
6690 15944 5557
5595 16060 191
8328 10197 9303
524 10541 362
3854 11099 6909
9867 19790 7723
5355 7762 6531
2748 10481 2032
13838 14483 256
6863 13660 1299
5110 9295 2618
5119 6035 4479
13759 14835 6435
6921 13119 2402
4754 7164 6634
11930 17636 2066
81 111 7125
1998 10454 4926
4560 19557 4808
2818 10136 817
1119 1143 3701
8221 10324 1493
10909 11590 3320
492 14362 5934
4709 17092 2341
17327 19541 3329
532 7666 7067
5129 9932 6048
11407 19732 1363
3285 11785 9050
4347 7540 5384
10752 17313 3865
3153 3427 4342
3476 5733 7185
11088 11255 1752
9219 16356 7594
1151 9504 4273
1744 14759 9681
14147 16946 6912
11917 19705 1595
8725 15943 6526
8293 15255 9075
2679 18370 7507
13337 13858 5972
16154 18935 3179
10195 11096 1923
6765 12567 4473
11192 14465 3469
3518 10676 6217
3296 9372 4306
819 9224 2727
2570 7415 1747
3255 16176 8147
88 11458 4471
1811 12484 5164
131 4026 6240
10167 15674 7813
6157 6980 389
348 2439 8233
3100 3198 9181
9522 11762 3937
2299 9360 7334
1187 13760 3615
6381 9057 9515
3332 6908 573
10367 14172 5546
6016 17376 5516
10396 16056 8049
13202 18931 7712
2646 9504 4666
5741 15216 4801
14230 15200 2778
1748 14819 9547
5977 18057 740
19721 19873 4041
2164 6098 5391
4690 16189 3980
3186 9013 7936
5905 13121 8131
13312 15786 7614
90 1154 6482
2862 13569 242
4104 4319 9524
11122 15245 5662
722 14401 4917
1429 4299 7519
4314 17674 8308
988 10233 2151
2298 7561 3186
9633 10939 9684
16403 17338 9788
15768 19647 882
3289 12540 4372
957 19785 6385
2531 10747 8022
10557 13091 7802
460 9067 7225
4405 13871 844
13449 18502 9742
1976 13383 1429
1575 1691 6241
5098 18472 1620
115 1844 5870
5577 9306 3115
349 807 7274
18198 19012 3652
543 4780 4810
8133 8173 8529
3120 9759 5525
4168 5945 3435
343 729 1792
330 3637 6793
6527 15281 305
2009 13596 4462
16354 17291 7102
8885 18844 913
6270 15128 2124
2672 17205 1506
15721 16915 3251
6541 9966 6614
18806 19794 6470
3316 8945 697
3348 11289 3016
4948 6009 2246
8518 12036 5006
1440 15732 9733
7759 9751 5151
14 776 103
15386 19282 4199
4923 7326 2888
1605 4997 8455
13980 17651 7160
8558 14355 7158
14185 16418 4488
6484 6632 3909
10407 16716 5395
2568 2809 4715
386 692 3566
5600 9423 4439
2152 19464 606
13495 19597 5182
3039 14897 5054
12633 13808 4472
1481 1903 8123
5033 18374 5869
7194 12038 7846
10316 16975 2648
994 1341 415
4534 16175 5652
7029 9031 4817
14312 19270 5614
1931 13440 4186
11538 18543 5824
1210 4238 866
12277 15262 6054
1487 2700 8796
2062 17768 6471
8371 11241 6059
4679 5578 1486
7287 12354 9589
179 1276 6856
2011 3261 6192
4040 9565 9093
15019 19746 6265
14179 16533 8294
5702 8143 9532
606 17079 4387
9666 14533 7767
4909 8397 6335
316 6887 1762
1173 2502 6712
617 11432 2598
11703 18078 6441
162 11541 1952
4564 17146 3360
143 12197 1684
3145 16070 3322
360 10885 843
1308 3616 7869
2606 16508 8356
7289 8967 9249
1206 6820 6239
2418 5028 9458
15856 18012 5893
7097 13418 1441
8412 18509 872
13022 14850 2672
4450 6074 8670
1347 18479 798
1046 6392 5005
453 4003 8368
5183 6803 3026
6567 13198 6244
2569 3320 8475
3154 3535 1219
16045 18976 4559
2078 18540 3731
16646 17478 6925
388 1998 8861
14128 17247 910
6990 16864 6358
5146 11095 1620
4752 12450 4770
10420 11266 6267
8179 17841 99
8664 18089 1802
10638 19694 8369
2555 6738 5723
2453 3917 608
14121 14353 6580
127 6124 8658
9724 18748 5313
2297 2653 7602
1264 6157 7998
9214 15232 3365
3085 7446 2148
5501 14794 652
16809 18205 6589
2300 14989 9025
6974 19749 1100
14421 14767 1391
3964 6023 7021
1180 15120 9190
12017 15686 5938
3139 6681 8987
4288 4808 7364
6616 17079 2859
14201 15275 5387
6017 14481 6326
1986 12722 9657
9554 12950 6790
248 19692 9286
7949 18274 6425
1507 19329 6716
131 841 9572
10243 16974 3129
2093 15580 5532
5163 7889 189
2036 3874 4251
2706 4609 2300
5626 15102 6467
6440 8072 6775
5261 6700 8875
16988 17618 4164
13854 16729 8085
3849 19080 8778
5108 6900 8315
928 14065 888
586 1231 8949
3920 9864 3320
4262 16295 9941
548 15511 8773
3361 3853 5041
11745 18865 7303
95 1800 9452
4088 4146 5196
4871 12277 1626
4716 5523 3287
1670 14764 5948
226 6007 8975
3436 5716 4718
1328 2041 111
9390 14894 5774
5159 18056 903
3867 16864 43
1323 7299 3311
5240 13898 6019
7258 18485 1025
18107 18384 3060
9831 18143 6125
5651 8264 5002
2888 12800 9774
1583 13316 2289
10058 11551 1728
10057 11658 2595
6241 13424 5351
8900 17787 1427
7872 8798 6078
2137 9702 9470
10715 10755 4418
6905 15698 7545
696 6286 3648
3425 14043 8405
4330 10385 9679
600 1179 1510
1433 9920 6570
6677 11849 7892
2313 14940 9654
6549 13973 857
6614 17459 6036
10666 15486 9374
1649 6846 4508
7935 11369 8332
8859 12251 6733
5142 18728 5280
15452 16021 6225
14375 15613 7216
606 17652 4200
5841 9362 770
5692 12299 6938
7680 19579 4945
18086 18924 3445
3476 10525 4433
15016 17743 4663
2515 2755 1448
2908 3597 6633
5120 8498 7963
116 9093 363
12666 18246 6061
394 2949 7708
1065 15163 90
1049 4705 950
1073 1544 2290
237 14940 6511
2370 6758 6488
14200 19534 6101
2613 12201 8696
7602 19274 388
2339 17114 4453
7406 7660 1946
184 597 4013
4669 6504 1481
5716 10046 5742
2785 19952 4255
8982 19600 1382
10281 11540 2677
1006 2043 2605
2922 6049 188
16124 16525 85
6931 14113 2854
2778 14947 364
511 3815 6710
11 3914 1700
1770 4474 2299
893 15595 2044
656 3372 9322
15433 16407 7082
10009 14166 3680
7518 15804 2639
32 19070 5073
3683 14582 9232
13892 16203 938
3058 4975 4810
8163 12940 2586
2455 12610 4429
629 1719 8780
3434 3528 4057
2173 8721 1959
3515 10479 4809
5185 12169 2498
7254 12615 3511
1721 5115 9585
10171 19868 1974
4008 11444 3617
585 14176 7650
403 19288 318
4507 4720 9964
10361 10593 7246
7757 11043 8429
1550 6760 2552
1693 15057 9996
6425 16270 6614
14229 17680 1621
307 19487 108
10302 17784 9830
6094 8750 9330
3864 10136 6208
12484 16707 4682
9631 17165 261
367 16132 2981
3368 4420 2947
317 13349 1146
10083 14526 1675
11444 15336 502
5055 14915 9438
9220 10822 7654
2466 19294 8622
4436 7342 9009
2699 8261 1789
2728 11567 8249
12806 17803 7821
515 18978 6724
122 4913 1095
11763 19354 6882
1835 10594 8468
3793 4196 4009
1727 12688 1172
9446 14634 8555
18928 19017 7139
6185 16394 6810
12588 13868 5028
1408 16039 1542
6702 18249 3135
122 1869 4178
10324 16952 5168
5423 18363 2799
7246 18714 2339
6694 10918 5623
285 1388 5794
14293 15078 559
8509 15485 5788
16501 19208 8570
16466 17660 1386
3452 6910 8776
8783 12229 5266
2886 7258 7187
3216 18081 3454
16217 16947 6454
15089 17726 3011
12707 13571 2428
84 13533 6977
3844 18307 6665
7978 14760 9195
12361 16888 2903
11659 18974 1310
11219 15283 4280
4975 16303 8727
5911 17653 3326
2305 10178 3697
6559 9447 1824
328 604 3168
11717 19099 5688
555 12324 2258
6 4651 1323
2788 4190 7220
7675 8446 735
13737 14268 7579
3063 18259 5044
1749 8302 1021
3378 4618 4795
12542 14874 2700
12742 13638 5937
7401 7457 3349
215 16326 3928
2098 18401 3080
858 2120 2084
275 2451 4156
1480 1962 3050
847 10130 1932
3758 8216 2902
2268 7595 2138
11093 14144 4809
641 2981 1201
880 16633 864
3030 7014 5982
3109 17198 7963
7036 14338 8075
14364 18660 5167
2317 2586 8129
6573 11815 5992
7007 12101 4903
4858 12137 2964
559 10662 2271
2248 11293 7108
7097 10971 1894
7532 13826 9633
10407 14739 9739
8520 9169 6153
8606 18893 7022
7117 14739 5323
15384 16237 7423
7023 15470 7291
5934 15166 5488
6363 10740 1338
4985 6947 2627
4503 13125 7353
3709 9589 7642
5179 8071 9857
7853 17877 5979
4769 9622 7828
9466 11679 113
1339 7623 2251
2718 19844 1957
2072 12076 8129
14963 16399 2105
10196 11028 8015
3574 4063 2688
7477 11276 166
4728 7222 192
11049 17657 4214
4764 11193 9745
5317 8863 7392
288 4895 5561
8848 15543 3843
708 17960 5832
6511 10522 1555
17389 19015 4872
15857 19660 1260
5375 17845 3695
4159 8451 4703
12477 18555 6669
5665 17560 9457
1728 5328 9216
5125 7775 2685
564 6528 2714
12821 18292 8596
15082 18954 6593
3128 19936 2891
5537 5683 6355
101 198 616
5954 8453 5083
2560 14743 1485
3800 10818 858
7061 11940 1422
13092 14092 1556
11783 15274 4376
13552 19279 6427
7237 9611 6339
8959 18706 7063
1777 2006 2480
6989 11834 1151
5283 5629 720
6932 9970 2400
1191 12858 5673
2868 12499 5914
10140 14363 8723
22 14420 917
2029 13981 4288
3499 7430 4855
10402 17555 5761
9030 18963 9666
9187 17223 9309
13552 16969 185
2112 2294 2815
1247 11307 7058
3934 4261 1446
14934 14946 8918
8220 16442 7661
8431 9010 7480
9759 14314 8290
1973 2175 8563
197 6346 2618
4030 12351 307
10225 18276 2230
7032 17513 1300
1032 10614 4547
1070 15393 8250
3375 18658 1393
13541 14376 6096
5325 18872 2951
4936 8396 6562
11540 19055 3415
354 432 5444
723 19995 3437
3861 19146 5057
7629 17684 3371
14956 15033 1861
2373 7107 6086
13043 14667 978
7901 14168 7352
790 18517 8199
12147 17919 1166
3299 3472 8659
2824 18879 514
9408 19835 4233
6120 11580 4450
1578 5964 9838
8125 19218 6863
6333 8720 4542
8725 15827 5023
10588 12171 2244
5499 17217 5534
11 14639 3144
7723 14427 1676
5833 6309 3222
11123 17691 8665
1257 13062 2479
147 788 8453
16548 16565 4577
9224 19972 2010
7859 19717 3397
3907 8844 2583
920 18625 4986
1874 13004 6148
15411 17330 2606
3496 14170 7820
1770 11030 7856
4333 14212 985
2166 13365 2159
344 17286 3789
899 4953 5346
1602 16048 4937
18317 19488 9725
6345 14276 8952
12379 14943 8252
8265 12492 8000
548 14860 7193
603 3980 611
8427 13088 5383
10859 11899 7247
6250 17808 1031
4348 4452 2167
918 12684 5833
1 3 7560
14913 17493 9966
813 4250 8070
6825 10290 2339
10546 18483 3829
3129 18595 8842
12729 16133 2794
14632 17116 4542
1083 12754 9512
2417 5508 4825
2043 12393 8696
12527 12748 1865
3004 9629 6778
6816 18520 3422
8537 11184 1756
1544 7197 7467
443 477 8115
15766 18353 9449
3945 4912 4890
12560 16188 1921
1413 4007 2591
1946 8173 8567
1558 11412 8965
9016 19578 8809
1004 14972 4446
5840 6206 5490
3871 11675 5611
997 1803 686
2012 18545 8372
2517 3985 1997
7547 12530 2112
9995 16754 9676
8626 15026 7566
14625 18268 3454
5501 8754 9359
1984 9684 8242
5379 11677 7901
7245 8767 480
12129 15147 296
13156 18603 4813
7738 13178 5598
2672 17533 9580
9411 17525 5904
6023 18187 7909
9787 15720 9178
4942 7580 2484
11295 14476 6100
2680 9512 8945
10505 17713 10
2651 6611 3505
11858 13382 3316
2798 3205 6368
2520 2680 3560
4770 6319 2367
17615 19022 7665
1142 11630 7347
2552 3374 6768
10315 13445 902
27 218 4764
10393 14498 6166
7703 11301 51
18 359 5023
684 14672 3666
14013 18706 1467
6591 19663 3376
1488 18551 4756
159 3354 5092
13992 18310 7896
6168 8818 8887
7672 15577 9786
37 1597 3053
13242 17464 7252
16597 18051 7321
1410 18631 4669
1591 16155 9314
18225 18392 5999
17952 18668 1738
1746 3433 2141
10229 16699 8076
1473 6923 3327
13042 19751 260
3186 6623 4146
11342 18806 9995
6035 13975 5662
9180 12828 7305
4764 9356 1708
440 622 8857
405 1117 5890
14096 17206 3656
931 2265 8121
624 9019 5158
17266 18161 3284
4765 10823 7129
6443 8057 3999
4550 14363 1423
9126 19258 4709
7547 11736 5935
2315 4179 8272
2347 2435 5183
6766 19324 2237
2208 9818 8498
5376 11728 8290
243 461 2668
939 8567 9457
2668 3560 635
4636 6459 8178
2229 6823 4067
2456 8560 4709
14812 16020 4217
4453 10129 5826
1755 11057 1038
10652 13443 9156
740 13612 3019
8366 12410 4361
15999 17380 3382
7716 13991 5896
247 859 5525
8211 15689 1886
1938 7180 170
455 1020 4467
2995 10398 5729
15784 19219 5716
4775 11968 3448
6064 14712 9382
5842 11831 1548
3273 11635 3352
8249 14092 8459
5146 11946 5345
6411 7358 5137
5321 17776 6976
932 14398 5961
7228 12231 1673
2650 14766 7078
3194 16805 3289
6979 13655 2435
3709 11249 4024
9218 10218 6317
17093 17663 7309
14590 17151 5687
8541 11953 5185
5575 14079 6732
2270 19191 8165
7081 11973 9674
11139 19800 6941
9056 15343 553
5397 7535 8214
14141 18949 9115
4143 12295 585
4513 15717 2888
1292 5251 1761
537 1724 5755
13863 16514 6997
17685 18031 3542
7273 15330 2154
11845 18058 8349
8023 10228 3414
9093 11927 575
1209 2057 6806
11077 15162 1332
14176 17290 5848
6181 18680 4888
9689 11155 5366
5688 14318 7183
9628 15942 7281
3285 14587 4085
7806 16675 6554
12205 17340 4312
2613 9905 3796
3307 9077 7111
2624 10473 7140
10146 12039 5897
9988 13502 8868
1466 4779 3634
4747 10959 2478
11498 12515 2453
2522 15382 1085
2006 7507 4901
6022 10339 5626
2617 8954 4442
10205 13840 152
10753 12386 6588
5715 7232 79
986 13119 4950
7097 8255 6887
6738 12584 450
2062 3197 804
13612 17293 8449
247 1194 1499
6940 9285 6261
6117 19784 3350
4594 7142 6480
7276 18356 4542
3845 18435 6197
6147 7795 3395
451 1823 4666
5855 18276 6419
5267 9960 3829
17557 19809 629
3929 3949 2457
6528 9199 4751
3317 19685 3838
13811 17025 8058
13172 15392 9758
1703 5233 4985
17533 17914 2353
476 1534 8082
2911 2961 9979
1437 11657 1290
10100 15066 9504
7306 10293 7526
8247 19184 4786
10230 19136 4696
9305 18583 9429
1430 5824 7814
685 860 1633
2960 7839 5464
356 601 5491
1290 6444 3893
1660 12719 8402
14604 15899 1792
8046 15091 4977
7680 13851 6705
3977 13354 1662
12641 13431 8013
5025 7766 8912
1673 8110 4642
3320 3731 4746
1308 7949 6823
11109 11827 3867
2172 2286 1089
127 3134 9609
10142 15333 4923
5753 9006 9478
17589 18671 4919
15240 16165 478
10867 15981 1671
7132 13263 4157
879 19358 378
843 6482 2998
7143 9822 9585
5420 6286 2824
7219 18390 4292
59 18060 6989
11746 17896 3016
6840 9126 9218
6921 8427 5389
6827 7308 2674
5934 13310 7088
4304 17341 2934
1736 3624 1578
3832 8828 6358
8032 16488 5825
2023 2667 7995
7752 19091 4465
9666 19139 9254
3779 12808 8406
6944 8064 8433
13173 15419 9573
1734 16555 3592
2161 4660 2938
6246 17934 6077
2505 19851 1728
6157 13344 6186
8067 8268 4578
4342 5252 3368
6003 15562 9629
11388 18570 8925
10596 11667 9441
3311 10950 7238
745 2420 6011
514 1034 3085
5730 9853 7792
8934 12362 2937
2452 18094 4938
749 3617 1151
202 1999 1135
2136 5101 8778
14898 15203 8533
3915 10851 7158
2347 10476 772
6816 15326 7587
389 11929 988
6015 9222 5879
10753 17502 7319
12803 14038 6556
5149 9042 6668
808 11525 5423
14714 16740 4697
2051 13315 9971
6430 8790 5987
3030 11918 5195
1759 3955 5740
8362 16461 8308
6333 12976 8126
13376 16503 7067
687 19695 4124
8496 19197 4172
11330 18578 7754
1493 4447 7122
4726 8572 6515
957 6217 5778
4888 17265 9078
6779 19650 8109
1766 2098 9538
3083 7669 8801
2835 7072 1481
2768 7703 8743
14092 14980 3666
5722 11000 7103
14184 17936 1239
68 13200 8679
1299 3449 3749
6683 9353 5744
9488 11344 3674
1916 17026 8882
8923 10330 6313
1825 2905 3310
15083 15151 9168
487 2744 3215
2833 3899 5118
4197 8242 5818
356 1031 2943
16259 19931 790
9503 15575 3412
439 691 5902
6450 13366 7752
789 8371 9685
1946 17752 8536
9310 17070 4398
3050 13916 5314
796 4711 9703
2732 3148 6242
3362 7567 1856
63 10905 8653
7760 14884 1201
1136 6555 8973
10973 15495 5213
2461 11215 6562
4491 6351 1708
7731 17711 4631
7676 17298 6744
4224 6128 6274
10195 15011 8530
701 16982 2937
4106 13778 675
2097 8738 1428
2455 5216 4007
12009 18286 8760
8850 17025 1530
4408 9193 5266
10156 13891 6838
4477 13222 2274
6252 12678 2512
13759 16243 371
1371 1840 8238
5258 8144 9499
5308 14992 8623
1836 9921 7559
11295 17093 9616
1966 2753 8567
49 459 5985
5755 9159 5371
1292 4172 4241
7721 14432 8786
7857 14130 4697
1707 16180 1735
4117 15491 3697
1047 15465 1682
3415 14306 8403
18667 19762 3
13855 14351 6004
5478 5804 7265
2532 3915 990
346 18089 7680
5013 5513 4279
892 16158 2243
15209 19351 4929
4114 15526 5028
12389 13786 704
113 2918 6607
1270 16384 3334
10508 12111 8454
5455 16670 3007
2650 6457 4153
7283 19925 7321
4110 10088 9148
13773 18334 654
6272 19438 2716
10548 11228 5323
2348 3802 1306
9476 13376 6242
4908 14691 1307
10221 17783 4027
524 15697 7875
1469 12951 6233
12205 15990 3136
3029 10513 447
16208 18035 6899
1678 16908 7068
14291 14658 4151
2963 15496 8953
8520 8868 5771
2438 10951 7299
3079 13213 9601
527 1093 7001
1365 18224 1670
2908 9446 4509
740 1775 7154
3080 15286 8637
3199 13576 8714
13693 17609 8460
3968 8375 1481
8186 12322 739
14798 18610 2139
469 602 6467
299 2802 5808
5895 10402 4731
8362 19786 6685
18660 19568 9362
8659 10275 6943
5094 18159 762
4471 9438 5717
7905 16798 5319
12757 19773 7584
2140 7697 1240
626 15939 6173
2158 2909 6830
6837 18535 9737
269 906 4571
179 2278 4942
2666 12847 4448
5104 12501 3190
14757 19621 6442
9559 13848 3931
6180 7659 4170
2662 8096 3301
9886 12210 6739
14088 19007 3051
4467 14690 5056
2760 17403 4105
13815 18477 5574
19015 19430 6089
161 399 302
3805 9465 6702
17002 18021 5479
3727 10413 762
10231 16262 281
2000 6258 8362
1153 15182 466
5564 11203 8713
646 823 6382
430 1250 2626
4459 6916 2453
1704 3721 884
2736 6154 2095
57 105 829
4915 10091 6319
8341 14337 6677
4808 15817 5567
763 13032 3905
10304 11515 8902
6889 19718 3481
5591 9105 7337
10933 18273 1163
9581 19684 1797
9580 19990 1889
2412 13041 9554
14922 15360 5446
834 2675 2457
1419 10003 8964
5838 10942 3657
7253 14289 148
1010 1969 4164
2364 10734 4959
5452 17759 2034
13572 15129 4242
1608 2328 7927
10588 15727 3325
8197 10545 7134
2993 14771 7251
4402 13400 2544
1219 11986 3117
6926 19871 2628
2037 2693 198
1329 4601 7942
1239 16073 6358
14435 15235 3182
10431 16758 1871
6272 6671 7310
10974 13798 4588
6407 13425 55
11793 11941 7021
1662 9069 2833
464 1327 2152
2806 4223 1281
3788 16648 5407
500 11186 2505
6485 14025 2421
253 4409 5787
430 2696 3634
2420 8793 9255
11438 13920 3360
11313 15198 4298
3391 11670 5740
1642 8751 5415
11577 19262 872
2407 19607 6324
11761 12748 1449
393 3717 7682
1701 5305 1613
6345 10649 2298
689 1145 4415
5228 16844 9697
6114 12018 2832
10706 12769 7137
6275 14072 3159
3401 5210 376
1894 16522 1911
8024 18979 6643
10678 15139 3717
3404 5495 2927
4073 6140 8301
6732 10507 8091
748 13253 4701
4849 9724 847
2298 12953 6732
4027 18646 6537
175 9229 7944
4208 7240 6990
5541 13086 4516
5160 15822 9886
3452 10674 7464
16674 19747 6656
11813 19644 5909
16088 16963 3758
14718 18039 7117
2375 3798 7256
5686 12472 3854
8909 12212 2006
1636 9843 1917
11405 13000 7870
9744 10535 2673
6424 9506 9118
12106 14287 233
8336 17627 7703
3559 12580 7462
3141 7405 7103
15944 19018 6417
6408 7042 3220
10255 15493 1215
7423 13833 5774
11152 19667 6795
2728 7427 6945
980 5228 283
170 3341 2339
4260 17597 2418
15724 19443 6525
4860 12678 9122
4697 11925 356
1208 18710 9082
4 25 7542
3536 5480 1034
2635 12074 2426
2036 16667 8765
2813 13251 5761
3122 3952 4402
7711 14431 5566
9467 11351 5591
6771 18257 8987
5977 14874 3134
652 930 1226
4423 10613 30
50 133 3187
8899 11387 6807
4394 8324 6159
2328 5004 7694
9203 16397 9396
4008 19469 5170
9515 9678 7361
4751 9057 1971
470 2190 3717
345 5116 5430
724 954 3254
6977 9188 2503
1994 4755 244
4634 17134 7614
3923 5525 5767
2251 15546 3152
2552 16713 898
1030 3274 3442
8903 9475 4861
8084 12090 863
7550 10904 5172
11152 19123 3223
1581 7552 3395
1340 5527 4644
1002 6145 7536
3752 7140 7312
13371 16714 238
5446 7512 3019
9468 18099 7297
2240 11456 3072
1621 2929 7594
1761 6112 2531
4492 8223 4314
3747 11607 1827
3989 6686 2274
1210 11623 3500
3321 5321 894
5210 5403 9020
1004 1523 2045
16328 17565 3976
12961 18669 785
12188 12938 7507
59 1026 3995
3194 3720 8913
2730 5577 5642
924 2793 2124
5193 5462 3668
587 6332 4851
3156 12277 9975
3569 5868 384
3013 5454 5490
3059 5762 6952
965 5676 6670
89 492 2271
1048 1647 2837
3195 10809 8036
206 3268 3074
9493 12470 3324
8818 13982 353
2879 9478 6693
1765 9164 304
2345 6557 7213
906 16288 1554
5599 8086 8938
8524 10213 3403
5133 9283 6854
4329 16080 8772
14673 17428 1025
14515 19003 6255
5416 7608 7600
60 478 4466
2460 4192 7181
3159 5177 4450
48 8335 6746
248 7822 1135
2745 5505 6901
1239 11061 1571
481 1383 9936
3294 6252 1414
13144 14464 3457
2957 6274 2667
6821 15815 175
5823 16986 8590
4364 5351 3312
3340 6763 3104
5365 19548 5522
3206 15989 2708
166 10383 5672
10438 13535 756
4257 5868 3867
12507 13577 7168
471 2189 8645
3786 8086 1866
6766 12701 2801
7843 15252 727
504 3106 5429
2252 3374 8675
10449 15764 2670
45 15614 2553
14317 15960 3457
7827 11508 7667
165 9402 8837
1087 2071 1845
7080 8564 5962
1371 18828 7766
4663 17467 3594
11156 13872 4094
7194 11523 5960
13267 19236 1692
698 2413 8017
2784 6784 4027
1790 17783 7482
4244 17480 3414
8627 14744 1679
17184 18600 2461
3184 11979 6296
2661 17504 6941
8546 19043 1288
3092 18947 9126
9892 12066 6469
1481 2181 3866
7537 15897 8024
10591 15012 3161
2949 3422 6509
935 19959 9606
8533 9521 5916
601 2820 3537
6846 17674 3440
9529 12458 9673
3811 18380 2707
9133 13148 3428
5835 8121 9773
151 1152 2513
7511 11700 1537
11754 12421 875
9728 12116 6335
2404 8493 3645
674 10202 9534
6011 14474 9338
8727 9097 2724
2407 11685 6859
4964 5442 3435
15735 16853 8396
12465 13247 3297
11656 15624 959
934 15419 7269
4817 14724 2438
8432 18046 5392
737 808 8679
2673 17041 5389
1678 2713 3912
7625 8435 4237
4181 6037 8740
3372 6885 9389
3206 10717 3583
1739 14208 5771
3989 16961 3466
675 3888 6690
8085 10266 2641
2277 16914 7442
8016 12070 1554
2347 4410 9265
4841 19759 1128
1894 14165 1980
5156 7883 7738
12355 13604 5832
5405 18772 9216
438 5979 6415
2427 7906 9179
7811 14617 8585
2286 5739 2759
5421 7312 6311
3252 19969 7879
12500 14234 1197
7969 10673 7659
15799 17805 1090
19149 19584 7159
6169 17719 8004
11434 16548 5489
303 7078 2345
9559 18869 9194
151 311 7386
13922 17780 9905
6142 17234 340
10539 15532 3668
2210 19085 7599
387 497 454
1530 16182 8200
449 10871 9995
11631 13988 5609
1641 15316 9825
3814 16359 3741
1461 13571 2268
3229 12916 5095
1670 1869 2817
733 9555 4561
12300 15066 7678
11356 13468 4946
7446 18850 6034
6616 10769 181
2278 17543 9374
10496 17668 9905
10942 14590 1816
6960 7923 7671
7977 8695 4314
15880 18638 5408
10373 17506 6439
4424 18729 326
13527 14543 1416
1477 4580 6588
9559 9674 5424
8876 8950 8840
642 985 2053
4897 15180 3335
12812 14477 2003
2533 18123 9709
7979 10480 9407
10999 16091 8584
3553 5865 7790
6761 19287 8362
3465 16327 378
3771 11164 3698
11872 19534 446
4725 15638 5599
394 14901 9732
515 14846 5795
4689 16620 9568
4141 5566 231
16320 18423 89
2734 2816 436
6013 12077 7150
147 2722 7201
3687 17854 7359
16561 17227 3412
8231 18341 1784
16070 18673 256
3978 8843 4468
9659 18999 5705
4984 16344 2062
365 13642 7610
8495 10396 6340
2390 11633 4470
562 13816 7763
4080 13210 3966
7553 8300 1432
10123 18147 5843
14402 18152 7227
4928 18723 1616
1299 11769 2594
13275 16735 9433
4 298 1690
9420 17494 8965
12917 17496 264
5181 8271 5274
4960 13426 2366
7208 13390 3405
16615 18108 4214
7871 8514 1862
14442 19618 9169
9273 15665 7724
7886 11985 2231
4352 15741 5520
1124 18341 3158
3509 9353 1185
12962 16369 6591
2625 6786 9603
8220 10527 3346
7244 7642 7075
331 9535 6921
1433 5379 4155
890 1304 2462
3936 7866 8276
1551 10406 8662
10986 13865 4288
3662 6429 7879
527 3366 5962
10567 11251 5296
128 9931 663
1016 10076 4781
1760 7037 1234
59 15947 5235
9039 9760 7975
1162 4445 5463
1134 2084 7694
7792 19168 3223
1681 13814 4262
15668 18825 8437
15573 19064 4411
10580 12019 4957
6861 13539 5376
6961 17359 9732
8399 10043 7070
14209 14613 5926
15982 19008 342
15900 17855 8294
12715 13008 8548
4639 7172 8269
240 1965 5394
49 5700 5030
2749 12085 3286
7848 14073 3067
2807 5225 2202
9802 11043 5886
14568 17715 3458
10637 17288 3110
5275 6263 3399
5192 12958 2886
806 16226 1564
882 2068 8979
1707 6539 5100
15226 15235 1089
16231 16932 2813
324 4823 5226
9629 13281 8337
8471 11438 834
7927 15537 8220
188 822 3931
10830 16862 9116
10060 13003 8534
9807 12056 4036
11204 15650 2807
10069 17615 9589
4394 9680 7182
13838 15449 7491
7015 10497 6152
540 1218 2165
968 9231 2539
1184 3235 4927
8621 8631 1669
6686 9742 5213
2172 4455 7423
4512 11238 9223
4254 7488 3058
3219 14017 4804
3892 6951 6441
3012 3451 5364
2718 14644 7318
172 332 8927
126 3986 6292
8816 16004 7233
7531 15209 8034
3069 6870 8772
84 460 8212
12577 19106 7827
6022 10861 1631
13889 15547 4732
3700 12153 1170
10816 16959 2546
2005 9309 6416
10321 15159 7614
138 3216 2564
4648 6272 670
1397 9600 9586
3466 4757 8152
4575 10824 6675
2028 2138 2151
2086 18954 5784
4887 12781 4628
9086 15488 2433
3312 4199 3246
6822 12163 5486
965 8978 2575
2385 2398 7278
2396 17197 3715
6124 11749 6356
2870 3555 826
6403 18108 7597
2590 17856 8492
8179 10311 7677
170 183 4248
16317 16766 3142
6723 8819 4617
16381 17746 2246
15186 16363 8440
1082 2001 8712
4785 13996 6691
8619 11574 2419
695 7402 6749
3063 19681 635
1583 8586 7746
11760 15354 3579
5020 13880 2829
4758 14808 125
9124 11455 1239
434 16336 1719
2001 7488 2469
386 19460 7164
4156 12928 4457
1106 1666 3216
3410 19758 357
3522 8345 6834
48 16507 1196
409 3241 4802
5498 8046 6631
405 1669 7973
542 14821 3587
1295 4201 3013
10716 18898 6895
6974 13672 3895
6046 16661 1529
4435 14685 8716
3258 10808 7013
8246 15362 2539
8516 9485 4427
744 15803 5016
6019 11472 2436
4784 14580 893
10533 13709 8002
13498 16729 8622
17410 19570 5922
8066 10329 5017
2537 2997 7560
2454 5730 9571
3077 5717 5396
6369 6873 4803
703 2346 9803
243 8033 4894
10288 15421 4685
11324 12987 687
1838 11549 6146
2477 10280 5631
1166 8359 1568
5574 7149 199
9540 11622 4026
2009 3778 2265
4104 8636 2721
929 6416 7095
16695 17152 1835
12604 16024 3502
1262 14003 7406
2078 9364 2907
1662 16888 7205
13870 18520 6632
3491 19033 6859
9288 16009 2183
9844 11052 3175
9836 10961 452
10435 17846 2524
3745 4287 7220
1421 12889 1340
6425 15775 6355
4301 18270 2648
15817 18432 2683
18270 18786 6943
11035 12383 1760
1915 1958 1041
2566 6596 9274
4658 11223 3656
3482 19554 7152
8087 18250 6963
10481 15155 4168
9129 11798 1319
4235 10426 1304
1222 1968 2927
443 1780 2815
5335 19227 9062
443 2618 6117
4618 12288 1355
10228 15736 990
5992 13917 5111
15098 15457 4257
6709 12887 8042
4674 4940 1119
3147 18826 4871
1815 5571 5830
19247 19341 2375
5496 18620 4412
5516 9601 1844
12313 19285 700
7159 8539 7591
2447 7904 7207
6991 14603 9538
9975 16436 2455
1098 18399 602
4059 8520 959
5343 8092 4324
1691 6743 6356
11341 12408 3239
8568 11440 2426
204 19330 2361
10484 17073 9979
1172 13339 1077
880 3537 3652
765 7933 5768
11264 11883 613
7663 17983 5435
1112 19256 2319
52 2240 8660
1386 16844 7920
9320 13978 8024
3538 4130 9027
7177 14883 4029
7803 12276 7173
24 18262 4515
1336 5327 4403
7399 18821 5617
152 527 5714
16534 17068 5772
4732 8840 1775
6545 15824 555
3994 4184 3373
464 14683 6617
6426 7899 3029
1007 10548 8422
7698 11296 9641
9038 16090 8880
13346 18223 4781
5460 11790 8093
274 12867 8258
6608 9705 7861
7144 7186 5436
969 5347 9541
4013 9277 873
1902 17456 5928
1206 12812 5938
81 7105 887
6800 16574 99
1040 1661 6798
2291 19133 633
8068 8992 9800
5769 12687 1014
1792 5872 8284
759 5165 2007
8050 10747 9126
9474 11267 1019
655 9121 368
13967 14790 1856
1238 1704 6838
5521 19373 5752
4211 5715 8968
6944 8305 7160
743 6568 1942
8610 14291 2543
1483 5644 1687
2668 16232 4525
2641 16575 4533
8184 10054 8204
1408 4422 10000
24 58 5636
1383 7126 5871
9630 13470 8564
13778 16759 4723
1470 16392 3279
13587 16898 6341
893 12661 7931
11201 18909 2243
59 505 2487
161 11613 7766
17180 18936 8559
6354 9808 1526
8266 13791 8533
860 1141 8998
5120 19630 160
5271 9808 2172
10197 19357 5436
5464 8578 2429
9887 9945 1849
8562 10780 9333
938 4209 6910
3662 7930 2659
11470 17781 3659
5028 7952 9704
24 8797 3303
1031 2811 2628
5262 7145 1129
6647 13016 7947
7422 8206 3635
308 1060 3499
3853 14815 789
1512 7524 8378
971 3424 9478
16148 18617 518
1083 6251 6717
691 19887 9867
663 4656 19
1222 2149 88
3039 8016 4255
4611 13738 8536
1494 10394 1518
3183 5315 2425
982 13967 1728
6983 10277 6338
5062 6911 4007
9964 18017 5076
8492 19553 6323
7306 9075 5571
9458 14108 7617
15783 18225 3711
1154 16899 8249
822 18264 7105
6526 17666 2274
2980 6380 6119
5149 16171 4030
2159 2654 7775
8151 12093 899
15076 15158 3149
5048 10575 4202
1016 1392 8908
12080 12904 7396
9005 11516 9428
10297 17741 2679
2018 2348 8760
1096 5722 1805
53 59 1046
8390 17700 168
8683 11337 3424
4916 5651 4818
8476 9081 4730
11891 14646 2958
2103 10011 7148
8717 13592 2503
69 4217 4942
12 32 587
6543 8069 4451
3405 5465 4541
3901 10262 9417
3202 3943 6675
337 3920 5850
15976 16200 3127
11165 14993 8846
11464 19525 988
8726 18043 2835
9231 12208 7452
8573 10973 1749
1112 19937 1924
838 914 937
204 11214 9621
2747 4066 4426
9999 14390 9939
4509 9862 9976
10853 12173 4565
1403 4339 2005
2251 2831 9347
2723 5161 8969
13336 18639 6252
2945 5448 1790
13610 16683 318
6105 16273 4112
18674 19240 8284
1869 19074 8758
16182 18890 4353
4236 13807 9002
7642 13194 7435
5288 7291 9534
1375 12274 2789
15418 19840 9050
7744 10667 8116
186 3230 7759
714 10052 831
11604 17097 4071
14301 17786 7123
16595 19613 2365
2682 14371 1687
2184 15080 291
7495 18853 5609
607 18944 2340
6149 19603 4262
2655 8531 2856
2895 13399 815
14565 17671 5270
2041 8756 4800
5980 12468 2694
8900 12443 3795
3645 7651 9822
2108 15000 2991
10015 18212 2868
127 11118 4945
99 838 6588
6691 13652 5941
8602 10596 89
63 6634 4608
7347 17282 535
826 10271 7807
14668 17070 9241
4092 10429 4586
8189 12493 7580
5317 11738 8644
470 950 1590
3150 19270 7142
11134 11398 3450
16252 16972 974
12084 15200 4094
7455 17841 8450
796 1904 6544
11696 14701 5695
15369 17594 4352
15605 19772 1639
7731 10335 6840
13486 13552 476
4050 9788 3728
3868 4366 5865
5226 13927 4770
12253 15624 4794
6905 16432 2681
2159 10343 2464
16 836 9446
14934 18797 3156
5001 8996 6863
1930 14816 5869
410 804 2464
1591 9889 1229
7659 9649 3056
2686 3851 7419
1021 13857 7077
3618 9079 9920
4002 6620 9799
5085 18890 6736
486 15852 6390
11000 17276 5012
3199 5849 4992
2252 15788 7783
17610 19171 6469
2493 10150 7716
5863 17259 9395
447 683 5897
11477 13422 3117
7887 10319 7011
8684 8755 1628
904 4602 6283
13724 16827 2052
9215 9695 9124
14229 17782 651
10953 11072 7696
250 10845 7740
11889 15874 9813
19057 19511 2020
4107 7711 6336
636 6136 7791
4608 16985 4036
1092 14792 9617
8855 14573 2717
1753 2373 5802
7991 12325 3436
3338 14291 7923
852 5109 7656
3441 5425 3350
1744 6107 2438
12344 12994 23
534 8077 2901
7108 7534 1635
2962 8791 1391
535 10439 9325
14249 18035 1058
116 5963 4659
1308 11047 4819
9501 15340 7981
2830 3922 467
903 1447 3712
1293 18889 4603
9847 12342 6646
14665 16304 7637
6896 13440 8137
1583 6380 7875
5276 7521 2856
6817 18523 3178
8988 12980 8997
7024 9040 3666
8728 9301 1291
9036 9167 3349
4382 19752 6510
6236 8344 8832
6493 9428 6398
1667 10161 5373
12359 17035 5812
1949 2549 9077
12241 14755 3413
766 14795 1491
8598 19598 9036
8348 12207 9290
5827 11610 5986
976 5634 4558
6683 8263 2289
2266 10016 7502
7696 17191 481
4328 15517 242
2579 6614 3929
9054 11810 5136
14583 16859 5610
6334 13320 5175
2024 2075 9747
8919 11603 6686
3540 4829 1003
9555 19832 9201
854 8394 6327
9930 12018 7908
2105 11033 6870
6126 14510 7969
3151 3777 2522
2316 11222 1570
1703 3724 5399
4484 12859 3116
4985 16917 9211
8198 16372 7671
15010 19471 7478
761 10914 6925
3356 5617 6415
6722 12291 4472
7446 18333 3102
1785 19443 9130
1894 2726 4973
503 5202 6594
5621 10645 6724
1657 12999 5915
2768 11081 6032
2195 6152 1059
708 2509 284
7555 9508 1850
4788 7886 8247
620 4361 6350
10634 15963 1424
17619 19326 4255
18946 19470 1359
358 10241 4775
18134 19241 8277
628 19307 1114
10218 16482 8881
13065 16148 9356
13945 17431 673
2451 19918 7825
4582 6005 3064
5505 15668 2112
10536 19294 136
9963 11813 5103
2020 17562 3523
4340 9795 2598
823 5380 5972
7811 10129 5532
11235 18558 2128
1549 3511 1197
150 697 5816
16891 18685 6356
14473 19528 1121
6461 17499 7168
16134 18128 4106
8594 15625 352
1211 3017 719
2837 8747 996
3191 3516 4486
11447 19862 1607
4370 15739 5717
1365 19409 3094
15182 19338 9097
2280 13129 1067
6971 18267 6011
1805 2170 694
11311 16948 970
8014 15758 3743
16913 19045 2247
301 3040 6508
10414 16397 8094
4920 18161 8058
318 421 543
10483 18267 5375
2324 19256 5854
8252 18264 5464
4977 12287 2269
11913 16174 5325
8960 18651 619
1073 10180 7448
3504 13879 7612
559 15155 5834
11747 13825 6413
2818 7412 6302
648 8639 3897
11126 12585 3682
14247 18763 3876
7108 18736 5295
2040 2626 2711
11109 12195 1919
3521 4629 5407
283 12074 7528
8268 14514 4976
8657 16405 397
525 10670 5899
2914 5646 5414
7247 13042 7191
12370 13097 6807
5075 19263 1611
174 3015 61
605 10042 8366
4009 16823 83
1708 10886 252
1634 16175 7169
5279 8831 5480
5725 12101 7377
11138 18878 6916
12080 14598 9754
2148 15380 6631
2253 5147 5324
1275 14004 4357
6236 8796 7668
4826 12207 571
1179 10780 586
640 2090 4080
8157 10709 994
302 11268 6600
9955 12478 8642
5986 11594 9642
146 10572 6841
991 14306 5238
7624 16509 5341
10127 17829 3231
576 2846 1737
2501 19212 1224
7407 11592 9495
10335 13137 4494
4 66 4616
1696 4796 4293
2386 19290 728
306 13431 8378
2350 9111 680
6474 17418 4060
5867 19600 2652
10122 11486 1030
5395 11264 7094
7746 14957 8786
2581 7204 8697
2161 4625 4897
1045 14338 6586
927 6376 6466
4358 19603 5333
349 6054 5750
5253 5339 1575
1386 3050 1609
10552 18032 2377
4153 4578 1125
2233 15855 6717
6953 17107 5414
17883 19192 1094
245 765 1972
2298 4080 4162
8234 17662 3533
4224 11803 9466
1656 3348 8108
3154 14349 683
1860 6888 2164
3988 7373 6381
9684 17563 389
249 14950 1539
8537 19975 4881
13261 13707 1383
11556 19943 6410
2575 4539 8564
4057 14647 8082
2208 15717 1136
5491 10680 2454
11777 14842 2512
15094 19096 9127
1312 17883 2785
3719 4853 7242
3217 18725 8230
50 580 550
1149 7786 5333
1214 9659 4699
6170 10871 7634
690 1054 8536
1448 13630 5251
354 18551 1292
837 2752 1259
5754 7559 1790
2734 12141 111
3390 4145 8500
17977 18293 9841
12814 19053 8781
8167 12830 9212
2178 9974 8038
881 4121 207
3522 8005 6086
699 1760 2177
6466 17566 4926
12307 12753 1046
4070 17698 1970
5212 17612 7462
5446 5926 974
213 15989 2438
2890 8708 4449
5226 17711 4239
1560 3873 1403
5098 12683 108
9567 19897 616
6488 17382 7914
4126 15482 9058
702 5344 3812
11810 13383 8927
4464 13259 9562
1279 2440 3280
355 12338 882
9632 14875 1666
12348 15792 7598
7204 12429 4461
1427 3105 3958
10447 10964 5669
15303 15552 6776
1326 17913 974
2137 7063 1404
9593 15206 6080
4513 12512 2060
2339 14673 125
2050 6212 6488
8814 10685 8452
555 1622 7797
4031 19137 8299
9873 12455 7809
1977 2688 3598
2125 2129 96
8518 19857 4114
5104 11099 2756
14908 19425 8785
161 13917 4359
542 4198 4419
2710 4821 2363
7726 9558 6052
3064 15803 2508
14982 18090 3591
1474 8886 4510
1134 6630 9766
7598 15827 4092
7513 15018 768
598 7758 8305
4843 15155 210
1025 9644 9171
731 8708 2642
11146 11371 3052
838 18631 7392
2716 13397 550
2216 3596 216
4825 12757 6121
3913 14796 4670
3323 18618 4346
2530 9541 6187
6972 16416 7579
2901 10249 1229
4616 11742 315
5487 19764 9117
3027 11551 3694
5925 10734 6553
3061 5969 7819
2458 11954 9070
3186 18163 8383
5591 11015 7179
11820 16444 6715
11344 14936 3791
3272 13956 2307
1700 17991 3876
11108 16789 2257
17521 19937 8473
11251 19801 3234
10078 14733 7165
4366 11527 7986
17048 18829 8124
3511 17443 3083
4765 5137 7375
7778 8203 962
7090 15950 1909
7379 14098 2518
1019 8304 8814
1735 5487 777
3540 17237 2556
297 17972 9791
6257 9041 2244
2665 18130 4332
3355 17546 243
1943 13079 1598
13811 17209 9521
5673 16931 2650
2594 15757 502
6523 19479 922
3264 6948 7338
7263 18875 8191
2086 11582 2321
3905 12473 7973
2598 12651 2684
1040 18589 2482
1458 12560 5438
11065 11084 266
4956 12949 6842
6486 17741 1552
824 11393 4329
1404 19499 8912
1019 8206 1562
18102 18344 6356
4336 9904 5250
7 1243 7514
5460 18213 821
309 544 2210
5002 18493 4791
481 5096 7966
2372 3079 4185
12323 18997 909
7038 14176 9548
5215 15766 3182
16045 19759 2929
2077 8534 813
10604 13946 3283
6425 10956 7453
6782 13013 3826
1810 13608 3345
6558 10764 2929
5950 11630 40
2211 10104 4680
10213 11934 9967
4023 10233 2620
3185 8481 4547
163 1511 8166
4793 9867 2039
13767 19974 5880
4628 7355 1463
747 15645 2127
3693 6306 1388
25 181 4697
1351 10976 4711
10289 19182 1764
10841 11367 5269
517 13188 8397
3935 14151 5368
4575 18930 7424
1318 1431 3042
11419 13752 7528
3938 18902 9998
808 19438 2586
6074 8163 5016
1663 9576 1694
9433 13453 5437
789 6610 9056
1473 19176 8095
628 12415 7017
6527 11529 8535
5997 16720 4195
1385 6839 2326
3258 9422 9417
15251 19095 7328
3368 6078 299
3245 5050 38
1098 6816 7213
11487 18516 4878
12425 14313 473
2475 4954 702
1837 18434 8210
4741 5927 9534
8719 9897 3112
6708 14712 1735
5011 10600 2146
5806 19239 2251
625 2997 9007
3529 6239 4487
15944 16778 3383
4723 13700 3766
2414 9908 4861
11371 12353 4665
438 2829 7058
2081 16447 4409
3606 3844 7092
8697 18436 9452
11489 18434 4855
436 16824 1502
9476 12473 7956
15472 17742 6488
709 2024 5194
10848 15640 3689
9966 15124 1711
5225 12363 4074
8278 17938 255
4610 6640 2354
16742 19866 1620
2388 14027 4191
2839 5889 4494
17863 19178 7168
573 1215 6036
745 931 8303
11442 13093 1419
2903 13533 7113
5406 17936 2577
724 1128 7690
13278 15447 7726
10519 17914 6408
1514 8641 1400
3137 5476 9748
3072 11386 433
152 891 1797
8039 12500 7399
1688 14842 2137
6710 19885 372
4006 16189 820
3498 15236 5037
7894 14090 8860
12531 16979 8363
4575 4947 8076
14874 18361 59
821 9969 2153
4 45 4116
2224 18404 7294
16987 19732 6085
6642 9024 5628
6137 11759 3606
2306 6543 7074
3875 8058 2983
11799 13313 5138
4321 4980 7376
7677 8121 3311
3470 13511 9564
7140 14064 1226
5722 6332 8190
7896 15983 2599
5012 17574 9673
2086 2128 8196
7200 8609 9890
3070 3859 9107
11097 15317 1276
3346 17678 3211
4993 12774 2457
6769 16964 2967
1320 2167 9319
928 8780 8645
4084 8306 5133
5597 9107 474
102 15748 923
3970 7291 2080
4348 11751 6530
553 10559 4805
4142 14855 7232
1819 2209 6909
3407 9322 900
5830 8604 7469
344 3313 4015
1841 9398 730
12104 16423 706
2111 2504 9323
8017 17832 692
2598 4509 1960
2501 6114 4509
9353 14794 2232
3429 4917 8462
6341 19116 8551
126 3509 6495
80 9861 8098
1730 10811 2253
7551 11512 2183
3247 17050 82
9230 13140 654
12565 19578 9869
1602 1835 7513
14559 14882 5883
5898 7456 3085
13920 16616 8857
2064 10551 4875
5024 18102 9168
6932 13071 5613
9819 12303 2751
5341 14770 636
529 4519 4086
2163 5958 6688
5432 12508 7676
5985 12804 7233
4339 15294 9857
6856 8307 3424
9049 13573 9344
15937 16917 2002
14300 16726 1211
1483 2495 2340
8447 14475 568
1743 5414 6600
3306 5430 3170
4881 5740 6213
4531 12028 3249
6101 16674 3241
5418 9574 7918
374 794 3029
14132 15019 7569
7147 15426 8027
1027 9660 9012
9238 18805 9530
651 1165 6395
11992 16722 9587
4712 12735 1037
504 1762 180
19141 19325 5869
3034 15215 6129
4207 5359 2211
3724 14226 3755
15360 16935 9939
7620 10627 5367
747 2691 1564
1020 14453 8001
6114 9748 1248
8809 15672 9353
5483 9427 4678
10091 18949 8301
253 5732 9208
11389 19493 9777
5728 17731 3778
7676 17361 7753
5057 5669 581
8173 15475 6149
13159 16032 7717
7306 9561 5095
2110 14077 4579
3598 5060 1113
2325 2676 9963
3872 4552 3295
6568 15793 24
1717 15848 6093
5305 14278 756
5863 5904 2449
3453 4880 1111
1979 2013 7951
1243 6148 8885
9365 12987 7430
3518 3997 6346
994 1203 4000
1001 5346 9183
4650 17324 27
2913 18260 2356
14598 16408 8132
8549 19175 6024
3772 17216 5127
1659 2132 4765
2855 9507 8243
1869 17526 5030
599 3103 8233
10573 17741 5818
8994 12826 417
10301 12903 4128
10235 12220 2756
5665 12289 7237
7458 12494 5197
18290 19914 9748
1100 5108 1249
10552 18113 8232
17161 19320 4079
1404 4532 2056
17 618 5379
7431 9025 1434
1131 4005 476
4916 14785 2428
16352 16999 5984
11950 17394 9900
6983 19737 1552
4452 8716 8210
458 3676 4595
1415 15854 8129
194 309 3599
7621 8847 4285
6447 7170 650
10185 14917 7993
12187 14176 9766
10137 15925 9409
5193 19916 5543
536 15345 6630
3202 5949 6552
5982 9471 524
10066 17504 8646
8806 11439 7128
11815 12527 1439
13388 16517 6967
10803 14165 3177
5021 5537 9953
924 4533 3838
2641 3099 2916
3658 17127 3412
6 44 4985
6930 16323 6703
15821 18327 5997
660 7360 1197
10179 18131 8956
12713 19293 4480
1206 13208 2577
2167 14752 3754
15289 18667 5366
6995 15476 7777
3407 19815 457
9443 19211 1987
951 1036 7133
418 961 6610
5004 18278 3724
10720 16010 3051
5817 6074 8986
1937 4202 7362
15699 19353 3781
2921 13461 8973
13002 15449 2745
9241 19004 4674
1180 13706 3387
18895 19745 250
2253 7340 3700
9851 13627 7806
2166 10435 8399
5289 7287 8996
4843 16584 2887
10364 18068 6283
9626 18136 4810
2734 12442 7999
1738 4606 6446
11966 16582 5033
101 892 2533
21 33 4847
9466 16302 7447
2351 9177 7078
917 17728 9311
366 9701 5630
2006 14869 7449
569 15942 773
3398 17230 9717
3275 10088 6339
6986 13984 9203
8034 19936 3087
12925 15682 9999
8012 10935 6530
9451 13376 2276
8079 13412 1968
6220 7495 2386
6484 10068 3152
9615 16779 8099
7020 9873 3465
1010 2151 8049
12555 14535 3896
2096 3232 9055
14302 14740 6289
2945 8376 803
2507 5148 4706
3099 7915 8237
4779 8106 8954
7756 15231 301
6823 15411 4795
10959 16290 2250
13107 15054 4604
14912 15525 1797
10136 19581 4852
725 15353 8256
3436 13781 6727
1171 7290 9577
2472 14048 4085
6361 9225 8911
16043 17862 6897
4906 7194 8078
6442 17177 8510
1766 19024 3775
3672 19071 3021
11771 16018 6379
3464 15209 8697
1224 19943 9233
945 11473 3018
9515 13081 2137
4077 6637 3185
10868 18221 9146
113 641 5375
5910 8986 6646
11011 19391 3778
2869 16552 8581
19251 19857 545
9187 16803 3342
42 8641 4716
6367 14828 9176
2835 4754 9477
4039 14817 839
14665 15172 1601
8841 10284 4799
5556 12878 4034
9363 18178 5666
14837 19274 2930
1250 18404 1366
1394 19048 9118
2422 9312 225
6057 13874 8687
2642 4382 4959
6605 9440 1369
2688 13077 7009
218 1532 2215
542 6960 4643
156 8559 9519
8577 15880 3269
709 13704 453
15548 17013 687
10863 19152 5206
3262 19772 973
9853 18279 4914
10278 11033 5284
6434 17270 4765
4468 16558 8124
2868 11032 1398
11405 16732 9053
6395 8570 6058
168 15406 2195
4502 10786 8844
1577 19954 6816
7536 16402 7880
7656 17833 7105
2601 17811 955
597 7952 5441
3820 15281 7805
12531 15160 4485
9650 19636 6133
5400 11374 2170
5806 16495 7401
2639 12741 8607
242 426 1425
9504 11214 36
7490 10756 324
814 9919 1890
4349 14356 8663
1581 10633 7564
1532 15677 9514
4684 14868 6295
6 8528 2693
3923 18869 7522
631 8641 4851
6 109 2440
5065 5381 1147
854 1424 7968
1204 4688 4879
11727 18985 3548
4035 9616 3540
2568 10517 7239
6134 7698 1885
8094 19823 3783
13058 14109 1552
6648 6761 3402
9854 10505 319
412 17114 7468
5589 12659 6649
2450 5153 8287
5789 8433 8684
614 18093 7069
6247 9960 6112
1202 19725 9573
8413 8438 5011
787 9113 9578
16945 19685 5766
4733 17930 5969
510 1193 3572
12334 18001 5323
3982 10098 9898
9622 12548 4921
5301 14297 4083
5970 15404 6302
4124 7549 6985
7100 18205 605
1042 1901 749
336 8236 8914
14150 19016 3588
7036 14585 3649
4447 4832 8413
17482 18939 2791
10017 17868 5130
12997 16794 7684
2014 18411 5717
9309 15980 4982
16678 19226 2214
82 10095 7584
4777 5105 5027
13523 16306 8969
5852 16010 724
3012 3633 1357
2537 19389 9190
2137 2259 4771
109 12619 2795
5912 17545 438
2607 11575 1011
14389 16391 3494
4902 8168 7093
5013 7446 8636
1819 12087 6751
4662 10802 1965
44 229 3193
5457 19396 9864
2349 3339 7405
1154 4135 7016
2070 4794 3164
16860 17557 910
9181 17727 4149
854 11741 7345
5632 6187 1558
7307 15404 6691
1972 7072 6964
418 3212 2664
4624 5044 4482
4984 9669 1843
285 9327 950
9832 14062 802
1609 10477 4840
7965 11908 6448
5541 11893 8537
3097 18891 255
7901 15130 7304
16027 18236 5707
15322 16109 319
6016 16210 1631
940 18233 1621
23 3259 9722
9389 15016 5531
4751 18256 3238
13887 17286 8743
6920 7244 1898
5654 6892 3409
311 389 1941
1248 12870 9025
11459 17395 6291
13597 14416 6668
3861 10586 1026
13698 16124 7625
2982 13889 1055
3929 12306 5166
5495 19224 1840
4221 5553 260
1003 7551 8360
14099 15112 7663
2285 10716 5759
6947 13606 2138
1548 9269 3446
13834 15630 8210
4561 9058 5204
5110 15823 2952
2628 3580 9884
14152 17982 1740
5588 6753 9226
4357 11686 1938
13011 19241 6741
12086 19647 6464
8999 19690 2164
61 200 9510
3227 15604 7220
4265 7626 9799
347 465 4340
5611 7554 1458
1839 2252 4961
9847 15113 3178
16797 19833 9244
201 728 2358
5292 13355 7220
5 14358 1356
1974 19370 3637
12490 18389 7692
4240 4946 525
4630 19250 4473
14381 15865 706
5308 18388 1168
4260 5763 1663
4793 7888 2924
8864 18809 3919
12527 13226 5230
7184 18308 6350
256 2887 7722
8008 11306 54
4184 4914 8800
13228 15265 4945
18719 18754 9637
824 2950 4862
1336 18592 1083
707 17456 6931
2875 5103 6267
7752 17394 7355
13105 13577 5232
884 12698 3647
7226 18117 7280
13859 19911 4176
3277 14148 7457
563 1654 5770
2030 12493 5099
10962 11966 4650
3176 18471 9083
5034 10103 1584
16791 19045 2370
10796 13394 207
1023 2712 2483
5631 8078 9651
1590 6980 4673
2304 3653 7482
12842 19028 1375
3401 10240 8822
5289 17053 6606
3382 9837 4553
11041 19681 1849
3049 5778 948
12214 12848 8830
5030 19635 3631
7662 8685 2214
5146 16753 9748
2932 8196 1412
5527 10244 3175
7370 12524 7838
6267 10520 7250
5693 9909 6947
12698 14315 7899
2658 3654 8429
1758 6622 2791
3120 19362 752
9062 9642 9379
4746 7060 791
6123 15306 9490
9033 19638 862
2397 19043 4806
17068 19048 5388
5257 8271 7167
3998 8827 6718
4436 8419 2565
12292 12914 5538
3995 6897 2729
3468 18214 7741
10604 12067 6760
11774 15365 8327
6543 9045 1181
16620 19379 3917
35 448 6388
2773 13149 1666
16176 16634 4307
961 4078 1265
13367 16600 9922
1263 3280 3488
992 15952 2572
53 56 8369
13366 15717 9019
180 7782 215
49 335 5308
10794 14708 8838
16394 19164 6357
6108 14755 3930
463 3361 7766
2734 15648 6386
10740 19160 8065
1123 5559 6795
3276 4665 2001
14406 16238 9987
9332 19819 4605
2327 12930 9040
479 735 6088
6190 18705 7817
9047 16898 3335
484 2236 5420
121 2648 1389
7084 14360 288
247 16222 2650
14728 18158 5190
7050 10402 7724
9120 13847 2673
13285 18611 8758
12937 17213 8366
7035 12371 1910
7534 13321 6766
4633 12279 7128
17077 17777 965
9493 16360 8576
1047 13904 9548
8794 14023 5243
2397 5377 6614
1211 4839 8044
7165 12335 6282
3177 4986 7869
2356 12084 1594
6319 8739 52
432 15011 5556
6368 17793 6084
7774 8202 8073
11341 14717 9619
6972 8275 9705
6352 9968 8950
1051 13491 1036
1944 7968 2264
2919 3247 2935
2131 8142 1730
1378 12521 5337
1149 5235 5015
3701 18644 6046
2881 9377 655
2234 3437 4992
6630 8211 9540
862 2971 8883
5906 7352 2959
808 1189 9750
5059 13314 7356
11769 13350 3450
1662 8854 777
2449 9442 1507
12830 15226 2474
7516 7844 4023
476 13718 9082
9830 17689 9342
14419 14760 5264
3786 3807 5504
9653 16479 5568
721 4507 6089
1837 17007 7165
10744 14662 113
4718 14803 1868
15211 19707 1552
8603 18303 812
16157 17866 2083
4370 5382 2480
1557 2965 3741
4202 8846 6497
7483 12489 4739
7269 10007 7013
10767 19363 318
2284 13338 4075
8117 18061 5366
4747 15008 5394
7852 14916 4432
402 10955 243
1312 4077 5769
12914 19656 9488
8756 12825 7617
6999 13698 2074
16944 18386 4040
4546 10753 8533
642 11130 4104
10635 10768 9999
2283 5786 4670
1695 14407 4222
4531 8620 935
818 19421 3609
6270 8417 1820
17587 18107 645
8512 9237 1723
5733 15970 596
15709 18530 517
10526 17117 1367
362 14637 8696
5587 8784 1798
3897 18581 2635
9407 11744 3196
4828 9116 9462
2785 3008 5249
1934 7172 6158
16786 16829 6446
1062 5955 7935
2999 4955 6719
6714 8120 1838
199 1690 1738
3938 13773 4392
7085 15048 8086
10874 17882 9156
8852 13209 9078
7119 8681 2837
7154 8596 7225
17671 18733 5226
5173 18850 9532
7828 18847 7900
4443 4630 5180
40 8128 2717
8289 19187 5236
10097 14730 5561
14138 17393 8036
8814 18916 2254
8038 10878 7549
981 3002 7909
5799 16081 6517
1340 15144 6149
1076 13211 4847
5973 8105 9014
834 3293 355
3433 7230 4588
6111 19660 5515
1254 3766 7696
9218 10234 9567
10477 16412 819
6 4449 8419
15280 17282 5761
3989 16071 7969
2184 17461 9472
9077 13203 8553
6825 14363 8814
2425 5370 2578
15239 19259 3706
3334 3854 7300
2273 9667 4677
14779 15585 1623
5000 7095 8006
17117 18107 3723
11403 19745 509
6427 6977 4472
5173 18481 8563
581 10381 1898
2270 16326 2553
12092 14621 5090
11853 19153 6891
1504 2004 5783
4468 18146 9292
1841 2192 6571
13114 19685 6011
3555 5655 4832
3691 5680 9662
1520 1941 8093
10599 15977 1859
5452 14429 2800
1641 2704 9645
8106 19267 8039
4243 7711 723
5406 15373 9588
15604 19095 3336
14355 18438 4741
2476 14080 9319
16885 19389 5445
9033 19827 7325
1745 6639 1132
5872 15778 9150
4007 19421 4351
4773 8165 5000
1073 3130 669
311 3544 8240
13262 16907 8281
14852 18727 5094
9557 15108 5746
265 1656 8213
17536 19516 4918
8153 11303 4601
12918 17511 8878
13705 15479 9787
873 16889 7005
13006 14448 6898
5235 8115 4812
1363 19582 8864
7911 15761 971
6585 9123 4722
9230 16415 9334
3190 5729 4034
11767 13971 7451
14700 14934 6066
13959 14613 3758
12587 17883 6443
15776 17848 9614
4897 10627 4512
5751 11623 7738
1771 17117 2092
4442 5658 5719
161 1894 8299
6928 7681 7984
3060 4299 6836
10230 17063 3827
7372 19248 8351
11513 16510 683
10838 11659 5909
11357 17590 2795
16557 18848 2568
1338 2800 3150
130 14327 5667
7645 14814 3854
2356 12647 9650
9459 15323 1895
414 3240 8167
6755 7732 6510
555 11859 9781
1864 3442 3138
7500 14283 7416
3590 7815 5457
8077 8160 5837
7009 16132 1874
6220 12467 1772
4031 6921 7346
471 8844 7076
3745 5986 2198
16978 18927 3910
1080 2025 4730
1098 1720 2086
15258 19606 538
9087 16742 9481
1512 7936 7698
9296 19528 5110
5858 9596 1186
5036 14116 9780
963 1498 8816
2270 8630 8165
2324 18354 5429
385 5772 7468
11958 12108 4558
7733 7970 8205
6486 19099 4466
8755 9824 7589
2659 10556 1901
347 476 5461
4992 6694 1683
6232 19791 7787
15088 15291 5258
599 13021 6423
146 223 2886
1170 1581 3943
13056 17653 3431
6052 10902 2205
7728 15024 8863
1904 17237 9393
17758 18578 402
919 12272 6673
7153 8193 1456
5906 15289 4594
728 10158 4769
348 443 8591
12282 14836 4393
4819 11446 2991
8614 8946 5489
5449 14245 3926
1294 1945 4222
9359 14791 1082
783 1118 6739
2776 14876 569
6478 11242 7536
6301 12387 3380
2164 2332 1247
4414 16598 3915
5833 14801 2585
5498 14612 1736
7332 7475 1528
1742 7289 915
7708 8664 2715
3108 5184 2405
11802 18785 5707
4803 5121 8741
2941 4875 1617
916 7504 7864
12760 13678 7561
17149 18174 7840
3002 4526 4962
5671 10966 5714
4093 9756 7858
1525 13641 9122
2073 17133 9488
10335 17698 1898
4466 7365 2180
3620 4534 4793
4263 19967 1996
5584 8147 7732
1335 7532 6471
10234 11310 6991
2922 8219 2739
692 10447 8550
8437 13547 6620
485 858 2805
2084 18355 5338
4827 7381 9297
8212 9385 878
18960 19983 805
5660 9193 2945
9788 10472 6835
2628 6088 5089
770 4587 7790
8903 16440 8271
3946 14551 1663
847 2454 995
4879 8052 3886
326 7187 3536
7965 11650 4906
9688 13382 4780
11157 12555 7737
7142 15896 7351
5861 9532 3883
1147 4404 6281
13896 19856 4921
12258 16495 1963
6556 11107 2803
9430 10849 7291
7930 8026 9867
2119 2497 8135
388 704 6817
452 3668 4050
2628 2873 34
6541 19863 8543
11686 17982 9073
17205 18601 7357
10799 18016 4405
10007 10821 9007
242 523 463
3477 10428 7076
2317 11342 5111
4910 9366 6726
1619 7883 1434
5596 13853 2060
2250 17566 5279
7133 14290 5812
191 7900 3791
6344 6611 3594
1918 3284 4333
9170 16857 8362
2022 6726 6233
5132 11610 4065
7229 15518 1797
5331 7029 98
10734 13925 96
512 2509 2331
8328 15407 8668
11053 12736 4882
3620 3636 8720
2353 4719 6469
10729 15161 9710
10022 11784 1133
7799 12109 8893
13663 14792 7508
11892 11980 45
13583 13764 7021
1714 4590 4150
8448 10229 2243
300 19489 3959
10823 16206 5196
3358 4807 1060
1958 15947 2128
9270 18077 3
1322 1386 7276
8304 9909 1996
9163 17808 6428
1733 6157 1590
9465 14626 1372
18785 19288 7466
380 657 8697
4673 14389 7139
8264 12762 5702
11775 19193 6243
9900 15282 7145
14862 18412 4986
9927 12505 9346
2816 4500 4665
3194 15451 6931
3167 8607 9066
2291 6235 8862
13081 16224 6635
5418 12647 5572
2279 13092 1815
12003 14523 2317
9519 11714 9684
6832 12597 1229
6320 10113 4662
5665 12721 4762
10833 17708 8156
10075 13800 1957
5979 17795 7251
11927 17118 6768
981 9812 1553
6964 15647 963
504 634 2370
2917 12356 8541
15856 16078 5722
123 2727 9464
7110 10690 6910
755 11524 5279
7536 15728 9175
6145 7704 4705
10891 19579 7265
277 18424 2658
7002 16926 8865
15948 16087 4780
10880 11273 3420
4754 7984 4531
345 9644 9478
1930 4091 607
4970 15632 6300
2569 6386 4871
11349 17904 935
11383 18066 558
1802 7757 6518
8482 12693 3222
15468 18614 7865
15423 18898 1544
5521 11270 263
4407 10972 4145
7077 8874 2295
2457 6371 6648
14048 17530 8779
11827 13915 3537
10292 12606 3859
4767 14718 3362
7398 12638 4193
15010 17575 6012
784 5961 6883
12732 18437 3076
9305 16924 2440
1810 2760 4448
6744 15158 8050
7404 14508 483
5434 11084 111
4231 5612 2751
10625 15188 4315
13673 18297 9637
919 15550 2380
617 10412 3110
8395 13682 5965
589 14918 4125
2767 17029 2369
14088 16744 1625
9025 15117 2644
9627 16826 4099
703 7481 9354
12731 14490 6452
387 6278 4984
6790 12581 1319
4543 14253 748
1992 9658 871
4764 19314 3643
10319 19503 9880
6587 7283 2640
6539 18898 6147
8580 14671 8733
12080 17058 1415
3155 6677 8794
4283 4588 6585
834 10124 2554
12729 13372 9501
9463 9795 5738
12899 15386 2380
11122 15126 8832
9213 10728 2533
9112 10877 8608
1828 3692 4578
4611 11858 1861
1792 2089 3392
7850 19212 1830
2027 15627 7576
16319 18550 2150
1729 4619 6063
5236 9025 9879
348 397 1250
4127 10140 264
2696 2703 9235
7765 9456 4600
1337 19490 7641
5928 16368 8532
4421 13099 6798
2835 19333 3347
3838 18886 6529
3601 5809 6891
831 1776 573
616 624 8185
1383 1755 216
4570 6780 7265
1030 3483 7065
4051 12781 6495
8437 10010 3422
802 7182 7100
3856 17034 7602
1731 3217 2542
1827 5341 6704
98 162 293
4429 8105 4361
6867 19491 3722
8452 19593 309
13877 19231 8967
6649 7831 4789
4401 6779 5115
8945 14122 2695
229 720 4613
14417 15888 2852
8886 18795 7000
1118 1281 1470
5024 15025 4186
6762 13760 2251
1745 9573 2238
18141 19819 690
677 12786 2784
5013 18216 6903
9819 18744 5457
281 1858 5132
1421 2265 6457
1477 1613 5176
3414 3619 9032
5336 9396 5098
3430 16695 9490
12813 13615 3521
7578 18083 3218
8684 17358 3269
10659 12834 8442
8433 9171 9254
1591 11161 819
7152 7502 3949
189 1057 891
11405 18591 5639
2918 9604 2260
205 10333 8972
7164 17993 9344
4345 16923 9173
14518 16576 5857
1447 4543 3994
13002 18765 322
2370 5941 6056
2627 15080 1210
2999 12462 3708
3549 14040 796
9481 9889 7239
6463 16048 3774
13100 16673 3909
4277 5255 536
5417 16311 287
5246 7044 8491
13681 14316 1039
3562 7793 3446
1009 10921 2665
3567 4717 4822
7615 11912 8840
5758 18880 5111
10792 16086 8847
9196 18281 9221
5846 15276 383
504 19193 4870
16648 17180 262
12714 19320 8690
3182 5846 8899
6127 12908 11
1362 11995 8892
1702 12849 6008
14834 15781 27
10582 17059 6095
6788 14675 8382
603 17743 387
10408 10554 8711
11806 19572 1527
5458 5499 3074
4768 16819 239
10243 16990 2191
4809 16739 9832
3295 13615 7794
15833 18224 5374
3531 17773 8943
7547 13105 9472
7010 8326 6384
1711 4596 6126
4832 13817 9418
1859 16227 3812
2743 17521 8304
4810 13607 4682
5164 8392 9221
8822 17393 4892
11493 19044 7041
3745 9770 1649
440 7742 5992
11894 18536 5831
9763 16751 2346
1326 17387 8176
9231 10236 6
2421 13725 4971
8128 14456 816
18205 19223 8984
1065 15559 7651
413 4923 9490
1561 4551 5439
10204 14485 50
1479 11153 8432
5147 15285 9268
8301 10161 1333
14159 17790 9357
16883 18381 4338
10910 17472 7364
3307 13709 5858
2279 18597 2890
3404 11387 2671
12319 14734 5791
1260 3599 1427
1824 12515 2267
5777 16488 880
1500 18319 8570
4233 12362 8172
6795 12160 8731
15180 18348 5782
3367 4537 7986
8868 13397 9260
2904 12606 9610
10943 16771 8882
153 671 3256
9114 18612 5569
4466 8399 4990
553 14621 1611
10170 17224 7187
2556 18861 8511
1099 3775 1279
6602 13846 2499
1631 2264 9356
2349 6365 1337
14550 16420 3186
2773 11127 3949
6269 17844 9490
7850 10335 1226
13704 19710 5192
1470 4966 8916
559 15300 2329
63 115 3571
10742 16134 7108
10730 19623 7533
9053 12260 5790
2858 6633 4000
7194 15933 4651
8294 12325 4120
9944 13795 7949
15578 16141 5366
15811 19258 4247
12280 16679 1810
2208 15786 5927
6156 17659 1568
349 7737 2957
3548 6237 7698
12888 13018 7082
6418 18881 8771
2595 16212 4283
6781 12625 2775
626 700 7468
4854 6867 1932
6493 10985 1773
16582 18731 1609
4473 7679 2448
1597 5118 1672
1756 3890 7521
3044 12715 5272
8335 10166 116
7596 9304 1538
8214 18715 7000
1286 14126 5544
7607 19064 9373
6002 18803 6807
3908 4859 5201
522 2862 6943
3466 7564 8117
1723 17163 7451
1785 16567 2423
380 18421 47
9852 17464 135
13137 16824 624
17176 17333 6326
8403 8507 2958
488 9586 407
530 543 9114
6007 8267 9653
1179 5724 3870
1361 9830 1347
9862 16037 8088
9356 16901 8628
1573 5115 7305
410 3228 7912
9 1180 9068
8484 11887 9301
1135 3383 2982
1308 11378 8791
4586 17277 1203
12294 19174 4631
695 791 141
3209 7655 4327
6550 11168 6055
5418 14898 5535
8415 8766 2437
18011 19731 9625
6769 10245 2247
955 9587 9974
7236 10292 5210
376 659 3974
2966 9076 8132
3039 3299 9829
927 2223 2775
3481 5883 4605
11913 19696 680
2843 14422 6913
6947 8151 1445
5363 9585 6631
2816 13976 8268
5953 17767 9719
5886 7022 9307
6591 8233 5505
14043 14763 4575
489 8187 497
1148 7845 4833
9875 14081 6867
5338 8517 8332
12475 19986 4766
4012 5740 5538
15170 16692 9133
1815 19281 148
7693 10025 4758
4579 11946 8982
515 18139 5097
324 1095 8216
516 1091 7813
5328 6385 2138
85 18408 4768
17921 19243 3753
7251 18197 4013
18215 19885 4387
15511 16163 8679
4631 19724 9908
4054 16548 5931
2433 5862 8214
1781 4520 5916
1616 4295 3853
4078 19774 5836
9319 12358 3646
757 6014 4456
3602 6283 729
352 798 7400
2845 11796 5696
7893 9271 3904
12121 14386 5234
12780 14602 2378
4262 7780 7559
15269 17520 5385
2336 15295 3024
8 9951 8820
14257 19486 3204
3624 7103 3136
2911 11346 9633
1292 18969 8138
839 6149 7645
1464 5946 6894
633 12135 8510
177 1225 9888
45 13370 571
4014 10339 7977
3767 6283 586
18991 19424 5354
7366 17391 9074
4406 18519 3975
1468 5039 3084
4792 10297 4014
6890 9632 1762
14528 17148 4407
4793 9338 6955
2904 11231 6456
504 17095 4927
3427 12857 7981
10146 15948 988
16323 17199 3271
1691 10016 6296
1573 13715 2112
5717 7349 5987
607 12872 5806
3313 8303 5150
954 8280 1508
4589 19102 9996
13483 17215 5096
18185 18867 6455
2830 6382 5054
11899 17458 1696
3894 8581 7614
4062 6012 6648
1124 3194 3581
10602 13641 5069
971 7729 6443
5352 17747 242
8186 17617 8340
643 1278 675
1292 14475 8009
6270 18255 3446
8622 15401 428
4784 18352 6797
1550 10606 1031
1019 18209 6627
725 843 1086
75 83 4911
5186 12463 7639
6247 7052 3898
51 18052 6740
6705 7147 7286
5145 7491 800
214 10183 4816
157 302 3335
5132 6084 4804
10112 16223 6011
11668 13030 6691
2113 3561 2060
3788 8974 6916
10863 12702 602
11418 14275 8687
11584 16917 1875
1463 10601 6136
17854 19844 2242
12282 12695 2532
12109 17307 7810
842 19332 2572
6630 10287 7851
4 19 8561
3849 9556 7957
1286 3274 5173
9817 12869 2527
4645 4844 6694
16840 19824 1634
282 16909 5510
6272 14158 4584
6525 10729 1977
7345 18183 3076
10661 13667 1810
1905 8272 9436
5243 6245 5203
1159 18490 9061
2158 4093 8230
6826 10733 7554
2326 3764 6951
2522 17526 6915
2068 10414 8951
17805 18616 2907
3295 9374 6562
4624 17362 365
3216 6746 6120
618 16975 4606
103 187 3924
468 15833 4589
5445 12183 9528
4447 7795 446
510 1890 4465
1386 18664 9492
6081 10913 2685
1101 1456 648
12572 14775 7103
3212 5839 9732
1105 1820 6519
7148 15874 828
10680 17289 7581
4530 9797 3533
792 19145 7517
571 1502 4394
12171 13588 5445
11373 13720 435
3396 10353 3885
8621 9242 620
4036 16180 6087
16423 18986 2885
7618 10086 8844
2839 14873 2308
7884 16060 151
9678 18836 6310
6487 16362 2299
1589 5611 6867
6729 12656 4706
7906 13527 4459
146 4409 4565
1080 5526 3092
6758 18490 7344
1193 14702 5258
6349 17762 5784
3002 4594 2932
7493 19291 9406
3333 13827 9134
1669 11211 5159
4355 8838 9911
13542 18883 5980
3478 15607 9867
4846 10132 8732
839 9295 5781
7625 9427 4328
3041 15976 3124
1390 13703 8313
950 4936 3184
713 4599 1039
8804 17611 107
4520 19743 1109
4212 5144 3757
590 932 5613
10606 14878 4075
9044 19270 9697
12235 17119 6133
309 6497 3196
7763 15398 3406
17 19102 2457
6740 6943 1484
3290 10393 1214
3143 6256 5201
7924 11564 987
714 7953 1473
9026 18397 9461
1871 2624 506
6789 12598 9035
651 707 1361
695 6211 4536
179 2319 5571
277 4224 5483
15368 19003 5246
11359 15051 9719
3968 6105 8989
3611 14272 4207
2874 8705 2659
7074 19079 4742
9045 9950 4610
4756 16332 6027
1269 6687 2488
735 4623 8912
4532 18069 6692
1316 14136 5384
15251 16797 1959
11224 11954 8529
6436 15909 3607
9995 11410 6198
83 5460 992
7759 16409 9601
3431 17490 2284
4473 5248 1571
4103 16828 8006
8528 12122 1254
5298 10257 7081
2097 4003 6128
11583 18865 4820
6113 10827 4134
4573 6422 6072
3867 16884 489
4218 5946 433
2849 13326 3358
5477 13980 9428
3410 8918 9861
3922 17802 7897
3877 19851 2106
5912 13257 130
1470 5393 4744
10579 17709 4451
1555 4299 2264
172 11902 9802
13091 17035 670
8974 10415 3027
318 8252 1837
1129 11954 4123
14717 19638 5758
4561 5199 7503
79 2336 2163
1273 13534 1794
15504 19756 8617
2473 6372 6392
8127 11043 2132
12690 15342 5841
2374 17695 3586
2395 5792 7243
6501 19482 7596
8384 18010 2861
3132 4147 6411
463 14912 1924
14794 14807 5919
658 2224 6296
7704 10623 4262
5906 19466 4973
601 4494 8041
7424 12198 3047
2395 5422 6502
729 15738 3855
5575 6757 2939
7483 13458 4911
7854 13935 2484
824 1911 8534
17532 19444 9561
17448 19312 9663
4410 12859 8121
1842 4150 1910
876 3239 40
6679 19145 1909
6835 18330 8418
14200 16978 243
811 2280 532
11052 17986 9123
1483 4411 5159
6935 18029 6851
13658 14111 9155
8069 16700 751
313 17694 8037
10174 15094 9537
3 19378 7683
7463 9209 2042
11492 14148 5350
3589 4662 8716
626 16808 1637
145 279 5421
1738 17678 6182
2748 18433 4718
681 14397 1804
3054 12688 8079
7273 10038 6865
2995 8670 8748
3191 17172 1751
15084 18930 3940
3000 3236 9402
261 1325 9471
557 13315 5037
778 3180 1693
6716 9293 3660
4129 15619 9565
6459 12970 3478
115 375 626
9904 13401 5016
6029 9965 9147
6832 17670 5305
2685 11295 1827
1859 11601 1289
418 11279 9150
2182 13874 3895
8528 12093 3633
12689 15395 3031
17130 19523 7896
146 19900 8480
11648 19158 3379
6186 9357 8608
10695 18052 4369
6688 6820 1018
866 17785 5614
369 1197 5232
284 705 8865
288 320 7777
895 6243 2711
8390 16710 4776
6716 14182 5616
231 1288 2157
971 6253 13
2255 14539 183
295 13984 9456
283 935 5546
9752 12330 2847
15274 18888 3507
16690 17675 80
8068 10118 2286
12039 13077 8252
4661 8608 1269
1657 3288 7796
3294 5007 8090
103 1188 6500
11289 13775 3960
9707 18234 1484
6465 6886 5989
4320 19761 4807
8781 15800 8921
2342 6333 4307
7111 17189 7456
11243 19709 7091
17122 17827 2926
1490 3143 5845
1689 15765 9897
991 3944 2887
1349 1736 3006
5954 19595 3845
3328 18993 6339
537 979 9525
1465 17198 4487
9663 9842 9335
3 73 658
6095 8013 3218
13137 13358 5043
19202 19572 641
3913 10533 8356
4327 12448 7990
5352 10988 4748
702 9195 6889
2399 5583 4813
7318 17560 3173
963 2460 5583
9046 19852 1949
1110 7025 7427
4599 14334 8664
4218 6519 6335
630 15121 2344
15710 16088 8479
6164 15200 7128
2351 12807 8098
1089 3474 4970
8189 12505 1583
3982 16473 5935
3771 13649 3763
3536 19757 2988
2322 4928 8087
315 4876 5070
11874 12567 615
8177 19452 1074
3227 15050 7095
1615 6670 6509
2999 6791 8668
6590 15410 953
11953 12158 4613
2548 5409 3813
2122 5454 9037
448 12757 6959
3299 3650 408
9029 10132 9213
5484 12967 1959
442 4226 5426
1071 8350 4919
172 685 5120
6360 18297 7283
3200 7435 6784
2265 8452 2359
764 14121 6464
4132 18474 8620
3322 11327 6044
16334 19005 707
3679 7362 5140
12530 14329 9049
3663 10001 7941
7161 17644 8461
5979 10856 4661
5726 8159 3143
14780 19253 8017
3 1584 4805
16987 17676 8322
468 582 4024
2617 18049 4552
2094 10660 2205
3174 19686 2273
11588 19553 4513
4634 9685 9839
14550 18701 7363
6201 8215 3117
6191 15664 4822
4938 13117 686
4247 13045 3125
11369 13760 1975
9836 17158 8040
17238 19038 2957
10238 13441 4912
262 2121 6227
9306 9740 2758
606 3308 266
833 8913 9983
2210 3765 7650
2242 19754 2509
3837 10272 2049
8250 13405 2816
12353 16853 5021
11211 19304 6485
4375 12306 5669
3411 4704 9131
6900 17997 380
3601 19498 685
6044 13293 5184
7597 16697 7036
10288 10382 4527
10368 15379 7034
12324 19233 9069
4782 16390 2067
12615 15484 9711
980 4117 8353
511 987 334
16792 18295 871
3224 18096 9470
4842 7316 6254
3794 15936 27
3565 12190 1353
11483 15911 4014
2618 12033 3101
1483 10221 4113
9275 14258 8992
116 4348 6516
13825 14555 6398
1733 11639 7797
11512 11654 8868
7252 13200 8036
456 18965 7012
173 216 2010
14801 15287 2922
3036 5815 8589
12461 15243 8070
8285 10521 371
12342 16575 5158
14527 16283 4045
6390 16303 3175
8840 11180 1409
10821 10905 2958
9747 15994 1904
1206 12419 8692
15916 16164 7254
2113 15380 9389
5822 6996 5238
6721 13785 9383
842 7799 4587
672 5375 6458
1440 2951 1250
2156 10486 7494
3573 3786 1593
4490 8711 3225
2249 16317 3485
14546 14861 2826
9964 17955 4284
15188 17021 9439
97 224 3037
108 7545 906
1257 14680 1214
537 3163 915
5671 14535 297
2032 18558 6527
15247 19950 2207
5753 10697 3098
5832 14781 5305
7475 11631 140
2403 4171 1501
510 9940 9038
2182 3039 2186
18254 19963 8289
12802 14058 4778
16697 19219 5372
1046 12404 4019
8210 17909 3841
986 1710 6336
5448 6122 7460
9019 13365 9196
537 2588 4067
614 18863 1346
10608 15178 3937
6945 18422 7005
6538 12509 6770
344 17971 1205
9785 13787 5135
6128 17910 6232
11362 15483 487
15274 19898 1285
15873 18159 7297
5136 19877 4261
7175 13884 183
13138 15440 453
1745 4427 3815
17453 18335 5833
745 11350 7137
12871 14955 5094
5770 14222 1129
988 10638 3421
911 1645 3673
6943 14329 4695
14354 16818 6270
6300 19285 4717
4234 5722 4240
4174 17966 5796
751 8668 3957
8955 17995 4428
1464 15866 7015
9287 11012 6791
1087 2560 4073
11629 17552 1437
6613 14420 7973
12435 17167 4530
5112 8755 3623
10670 14926 2067
1845 8561 7250
3961 8183 8945
7763 9977 5360
2638 10704 93
13625 14598 5678
10406 18731 6646
2679 7528 8572
509 14316 2237
10021 15110 7204
3017 4392 5008
2040 14056 4909
1407 12345 1537
5920 9308 7929
6585 16729 5252
6221 7585 6207
5856 18580 5967
4732 9660 7839
722 2163 9528
4834 14383 1853
7423 13303 2533
2790 7850 3363
5231 5607 7774
1117 7260 9884
9562 13665 4225
6198 6926 4119
393 8094 3220
12724 17849 632
7953 15929 4018
689 1416 3551
3362 3835 3511
2819 3111 1892
9758 14620 9997
5514 16274 7907
3764 9836 4422
12318 18042 7718
10973 12156 2594
1202 3566 8846
1735 14716 7780
5143 5426 1113
5505 7924 3821
3756 15755 2409
9768 11906 3201
138 12784 6477
3685 5769 7286
4241 5360 7074
4226 12105 9417
1542 4523 239
6628 17598 2532
14999 18741 4103
1942 19161 723
860 18898 4279
5968 14579 6682
5388 6767 1494
7659 8162 1244
3025 4598 502
4537 11617 2261
5156 9884 3491
15415 15825 9321
3389 3863 3995
1730 17574 7308
2474 12540 8416
88 4155 1851
12433 12919 5814
3221 6661 8771
12577 18858 2362
15064 15164 130
2616 2850 9895
10183 13120 8337
9993 11600 3915
3585 3736 5644
8445 18480 3453
1887 13045 4880
6731 13196 3438
5065 11885 3922
1090 11223 4499
4681 18825 8505
6609 9373 2984
12015 18222 7419
5155 19210 5607
568 2780 2947
8569 11308 3487
3028 3683 8945
4645 5597 2103
8863 12452 940
12551 19214 8260
6087 8124 1752
5973 11253 2705
6422 14385 5952
1510 2325 7866
4918 16231 8868
4337 13054 4403
409 8716 8168
1172 7240 2059
3033 3209 7458
6620 8062 2177
5855 11475 2828
18055 18488 5374
6759 10289 3384
554 1045 413
1956 12716 4462
9992 17885 2950
5936 10089 5201
1295 4166 9027
13793 16050 4784
16684 19339 219
83 2366 7747
7788 10284 2142
5121 6693 4886
15431 18314 9008
13051 14381 7675
3140 18129 8870
2165 5858 8233
785 6560 8457
2169 19818 3593
3899 11649 2276
418 3219 5401
16624 17681 5227
7776 19270 5504
14279 14558 7481
2069 8080 1381
126 393 7177
13 6400 6802
589 1582 9772
2892 13297 5029
7128 17164 4220
6842 18872 2998
14063 16099 7729
1521 10453 1372
16091 18244 9294
5529 9064 582
4425 11196 5056
3324 8730 9217
2972 8860 7720
14310 16694 7221
9713 9762 3318
7136 14279 5811
603 3161 6044
1375 12124 2354
1351 8052 361
2892 18259 4228
1776 1905 6662
2970 10584 3367
863 1366 1194
3536 6931 1048
864 12962 4508
1702 10779 6195
8246 18940 8893
3655 9459 1784
1599 14630 6340
553 4499 6463
942 15549 376
2 16145 6183
4825 12278 6573
12561 12990 2251
5685 16890 8085
8895 15936 8862
6423 16777 6646
9443 9787 9276
10846 13008 7353
12099 16519 4619
4749 10018 842
7920 9093 1621
5311 6667 4863
949 16367 1865
7124 7470 9503
1773 4681 9560
4539 15461 1083
3847 4699 524
1281 9446 3882
16332 17419 8201
4017 7924 1424
7293 9541 5418
13580 19576 933
4522 15061 1258
376 2071 241
12558 13709 1357
2389 6033 8218
2923 7391 2186
889 5816 6381
4468 9118 222
7082 10255 6930
7739 12347 2829
6784 7272 6329
14371 16403 2819
315 2356 6720
2284 17212 4037
9986 10508 9776
5175 7327 3026
12028 15722 3407
2675 13096 9801
3936 9934 1212
573 15809 9354
119 201 8855
17305 19371 1569
7337 17221 9716
3737 9817 569
5202 10810 5606
2458 5292 6924
12423 13934 3199
5261 5429 5537
13557 16590 2707
5800 6350 4666
8264 19052 8671
12433 13408 2561
10925 18301 1646
6959 16404 8387
216 9929 915
16327 18251 1946
3304 19270 2454
3059 10085 2008
5402 14984 1889
8881 13647 8885
8162 8223 3895
3484 15197 9940
77 388 5626
13448 15002 9586
8449 10237 6369
8631 18820 8807
5505 8722 457
1562 2564 9453
12012 15607 9396
15543 16100 2068
931 11616 819
8235 14350 234
5664 7183 7175
5907 10492 9698
9086 19307 4512
7244 8984 9407
13591 18523 9811
2178 7379 8796
5899 17623 5292
9462 19419 2514
1991 3162 3155
3819 7622 6352
9217 10864 9831
16978 18598 1943
1041 10253 8735
3881 19450 423
14725 15936 6865
968 3069 1102
14818 15975 4452
305 711 7838
4053 5817 6873
8934 14059 7934
15273 16887 4162
6069 10593 7223
4686 9032 6759
12483 19086 4419
2387 14369 3380
17930 19577 9602
191 12812 4596
7223 9241 7610
12583 15565 8059
1015 4817 3526
1954 7884 3484
1793 1808 6185
7671 13717 7237
10657 14818 1895
12976 14988 1921
3588 4920 1058
3266 5551 1050
7496 18799 5309
11263 16279 9519
6454 15860 8898
7492 11202 7528
15535 19489 5827
4315 11618 5421
931 6230 1154
10005 18223 8583
13380 18333 1328
7690 19709 2071
11197 14116 7729
16392 16710 2792
3145 6514 4333
7019 14044 1158
3655 11278 9191
4038 5345 3485
6763 19606 2993
275 8688 855
2757 6070 1509
6865 9049 6190
1810 16299 2237
10136 19898 3837
4469 16716 3246
5569 18304 5569
6505 16833 2897
4798 13589 9352
1497 2459 6262
1970 13349 2127
1790 5064 1517
421 2786 3748
4371 17794 1915
2569 3640 7201
5009 19786 5919
4089 10723 7222
3954 16852 9899
11139 12946 7404
467 9753 15
928 1741 2775
8015 19115 8032
3462 4585 9855
15209 16270 2913
2554 5058 2202
5977 8255 4703
907 6740 6490
11826 12268 1823
1862 5211 7028
2229 16106 5921
14727 19683 845
1120 13014 9399
9624 9955 7899
7174 14598 9827
5192 8178 1411
5361 17392 1684
2669 5486 876
8253 12252 7900
6453 15809 4485
2786 13341 9287
558 1887 8410
9013 17083 7053
7531 14370 4295
5745 18458 2807
14904 18760 3198
181 418 9176
11248 11806 876
5159 5216 4114
10726 13732 6097
8490 12272 7640
6748 12391 4702
13166 16979 697
14815 15630 5110
5685 19851 5349
2431 2764 419
3610 7857 3474
964 7726 8573
14556 19975 3366
2645 5918 3182
1515 8680 7435
5099 12906 3147
6992 11202 6156
10458 15217 9380
14002 16682 5988
3717 16632 8845
14487 15728 3043
2607 2799 6159
8100 10284 2653
6205 6286 1813
10059 16343 4697
2877 10969 8865
9551 9925 5565
4009 8169 5143
1812 3529 4407
16754 17525 5738
1879 6349 6724
5003 14350 9281
8927 15178 7685
3014 19423 1069
13854 14628 9074
9815 10413 1345
2344 12042 5344
9206 16820 4282
636 4547 5645
1366 1834 2400
1709 17221 5711
15113 15162 1065
2221 5705 7981
4758 18044 387
3226 3849 1685
6312 11181 26
1914 2897 6389
10300 16615 3491
2743 19315 748
226 4107 9584
6722 10807 9245
4503 19475 5729
6634 9935 3921
2742 18151 6491
2715 5726 3569
451 515 3803
1948 16860 4408
5553 10179 8657
10530 11022 4673
3288 9755 995
3044 9675 8068
3624 10757 9804
4829 14528 9862
917 1709 6146
2569 5071 9378
2849 18064 572
3869 10210 3842
1699 13204 420
3617 10666 296
1800 2741 2513
3900 4437 2239
1417 7155 3403
1071 2586 3328
7088 9712 8728
16944 17747 5277
754 5767 421
9090 9705 389
7967 10392 9773
5681 15604 1098
11618 19743 9302
725 5041 8973
7315 8458 9297
7574 18920 4517
1299 3845 9453
921 7124 4014
7931 14383 4523
1516 5550 7268
11031 11955 905
5957 6431 3301
10972 12372 9588
9158 11073 1803
4102 16733 9708
1642 18300 1716
7995 17886 9427
5251 12236 2842
17378 19927 8701
6273 7977 6112
9263 16707 7628
11057 11098 760
872 1047 4359
10608 11232 9783
1006 16008 8835
17764 18864 5192
590 13903 2426
566 16681 3909
897 14469 9431
6085 8176 7968
762 10260 2714
878 1002 7342
925 2505 3933
1761 14877 8687
5543 5810 1501
4669 9921 6043
6820 10896 6626
12408 15335 4774
759 19551 2460
1207 3732 8363
488 1202 3423
4319 4728 9711
1437 8074 3362
5537 6966 5165
5170 19085 5216
3910 7391 6198
13463 16799 823
16484 18193 2352
10159 16159 2814
11816 13307 6678
1674 5290 3737
11167 19823 5191
2713 6027 4449
2003 15330 6216
4191 6803 6427
7891 11418 9549
6578 17922 6892
151 1336 1392
9175 16170 9794
18415 18876 6288
1256 7155 9744
4212 10540 5510
10721 19929 4846
15571 17600 7098
925 7751 2176
6416 7769 9365
3793 14304 2815
3307 14191 5509
2218 8478 5277
4977 12665 4930
11720 13437 7277
5886 8284 5375
9548 10308 5349
1547 17695 9798
767 3587 6931
5074 14369 5180
1140 3039 3819
7237 9547 7563
3248 6405 9113
4781 15982 245
5759 19562 8730
12684 19538 515
14267 15750 2615
6479 17763 9055
11244 11303 7026
3024 9768 3522
7813 8824 9617
3488 4711 5244
13994 16470 4827
3707 5896 8562
6485 9944 5829
59 3563 9532
1200 4684 1997
3700 4185 5362
7652 12736 7157
174 12040 7137
787 8175 4601
3805 6623 6226
12753 16821 7930
21 1937 5762
9601 13651 5623
4650 13983 286
4054 19339 8143
405 767 3893
3404 5199 758
585 1132 1834
3361 19820 2818
541 1283 5397
3202 12087 5268
1560 1919 5719
6728 11884 4418
643 18238 9920
7394 12475 3794
8959 11289 7654
1657 16183 5642
6137 14756 6328
7707 8790 8430
8036 10196 2874
13780 14385 5646
12002 16143 7815
17820 18917 1670
10405 18040 6810
866 6616 2853
1844 6590 6909
935 12514 423
2538 4307 7422
484 588 6420
1049 11211 8048
892 4531 7767
11761 11923 2637
2600 19177 315
180 8635 4156
8372 17250 4577
4666 18189 563
358 2711 7871
14358 17043 5457
1050 11091 9523
1636 10029 138
562 13444 4975
5928 13613 1925
5350 19480 3541
70 14796 6219
289 4513 6627
4614 8742 8636
6262 11583 281
3155 12596 2583
16489 16723 1259
1389 12654 8875
11340 16174 5466
6891 11040 5751
8886 11253 7985
12351 19868 2827
4251 14987 3045
10610 15901 7661
6666 9525 501
11560 13093 5885
5635 6063 5499
5967 8823 1684
4419 4740 1723
11613 12006 9244
2695 11702 2044
522 573 3281
2929 7879 6869
2514 11972 2594
15128 16042 893
1753 12069 5709
1044 4697 5167
16163 17255 9850
3596 19556 81
5215 13188 5344
9639 15015 9235
3820 5819 3513
2082 10191 997
11736 12946 7101
455 19698 4126
4173 17520 3371
4753 13086 2945
1073 1463 6915
6591 12485 9604
5269 6238 9362
1613 18219 3210
6613 7025 2340
1461 10391 2491
9256 18922 4722
3334 4634 3682
1750 18456 3950
10459 11048 6932
13391 19666 523
1234 6564 8500
5064 19784 1331
2118 2466 4720
10868 18852 1315
989 7424 1508
7958 9034 96
1084 3255 2558
2054 8580 5879
741 3390 2246
6018 9837 8237
5477 9126 7554
3629 15764 4048
820 1101 5620
13016 19588 2108
3040 16889 2489
5770 8642 7955
5908 6134 108
2978 10379 1201
3197 12174 853
9842 17398 3181
3784 8759 3152
1462 2972 6160
291 6665 7953
9918 13567 4414
1209 3941 4628
531 945 7915
10927 19924 7669
180 5510 8357
8238 11298 6002
8589 16238 1802
3947 13432 2765
282 6417 9873
7544 11011 5
10213 12474 8701
2763 7957 3085
2315 7176 5714
15469 16759 7145
12867 17745 4417
2963 17947 5413
1589 3759 7351
17548 18137 2142
12130 16693 3878
4738 17569 7353
3299 17592 6585
7092 8029 2437
7532 15208 3357
43 10086 4901
8239 16635 6092
1703 1993 7266
8276 16670 522
2469 12831 1900
6347 7552 7532
3946 17618 7388
9501 19610 8541
12028 13609 8910
12254 18097 6860
2601 4805 4804
8366 14878 799
4608 16924 1601
6296 9122 7651
7059 18787 56
55 987 8491
152 6807 9239
21 17138 9118
12408 12680 8127
6890 17091 2513
1464 17510 6389
45 1183 9075
3929 13023 8123
2421 14935 9231
2384 2637 4422
7576 9051 3335
6201 10269 6978
4044 5776 2481
6865 11344 7600
6518 12215 2745
1701 6317 823
589 640 3407
1985 9012 6864
12974 16597 4451
1219 11498 9140
343 8989 5947
3944 9264 5347
2553 5253 9935
17008 18779 7654
8861 12732 9218
4324 4610 2063
5619 5646 3901
72 868 1634
873 1201 907
2505 9022 3814
9249 10555 1575
728 2517 528
1167 8526 8639
3218 5053 9017
4399 17751 3208
2213 16109 4346
1333 4838 2165
12 71 8492
7110 12947 3854
764 9923 5557
10645 17031 3797
133 17167 1902
17559 18676 7727
2687 10802 1588
17078 18074 2236
1272 15585 1120
12114 16604 9652
3530 11669 8067
7697 17067 9913
589 2369 911
390 4422 577
6817 14899 4719
2010 13529 8679
12353 12544 1817
7468 18574 2938
12786 18403 4187
7935 9749 3044
2223 7568 9574
4405 7410 913
7465 17832 6645
7324 18722 183
5137 10772 2086
11931 17020 8566
8018 16326 480
2335 2688 4155
14140 15680 5856
12492 19553 8635
8162 9403 6313
6469 8440 452
7364 12121 491
4667 5469 9371
6802 13724 3771
1541 17579 9677
3013 17687 9706
3121 17714 7263
7254 16095 9155
804 966 3213
50 3793 4900
13771 17940 989
530 7737 9531
5747 12359 3974
12404 18547 6094
5001 16699 2167
10644 17185 4580
487 14752 4023
904 19471 8679
2309 13690 7776
8758 16490 8996
18854 18870 8488
2781 10835 163
9392 11838 1701
9100 11763 2620
981 2114 6085
3142 16922 1794
5980 7189 3907
3561 6051 5489
1109 9799 1239
2147 5728 1409
4837 7061 7329
13881 14858 2959
1099 5101 7984
12388 16376 1111
128 19219 9187
1331 2420 3907
10627 11433 6022
4419 13582 607
7301 15487 6378
6040 19292 3542
7839 8951 7804
9561 10187 8142
17093 17950 3215
1838 3799 3744
128 5568 720
2628 15386 2909
3540 15418 4137
3648 6609 7181
4151 17445 1099
15272 15651 2419
1667 12412 565
10815 12015 6242
3687 19738 2887
10536 14004 6412
2250 19426 8570
4199 6618 7705
7977 19756 518
38 93 1927
2369 9104 6298
3706 16116 5218
5407 14189 1212
5706 9793 2372
1886 5406 9456
2392 8521 555
5565 8490 6635
2378 10652 117
4676 15028 4571
5759 14012 16
9480 17416 813
7278 13359 3963
8096 14984 4089
8264 19300 6725
2587 13665 7765
16058 19565 4378
1228 13487 651
6783 10160 879
37 922 7109
7281 15393 8525
1241 7818 8830
1575 14653 6686
2621 17132 9047
8643 16068 4583
4313 6480 2614
2902 3193 3290
1563 3029 1843
4100 16804 367
2635 14463 472
1661 4235 8591
6628 15190 6683
12918 13104 6733
10467 16111 2764
8164 14526 2081
12832 18782 6146
3096 3331 6001
11768 13814 2343
2473 17776 903
460 4414 7108
3905 5817 358
195 1360 1524
8987 17026 3719
420 1864 2208
2609 7005 1650
2520 6481 1149
10468 15474 4740
1156 6130 3384
3030 10045 5595
5934 17727 3606
6604 17129 2499
104 1860 4674
9521 19694 5530
17027 17769 5286
11480 18318 1675
3222 8864 4651
359 550 5955
9861 15022 3087
5907 6842 4607
6740 8535 5012
792 2352 2830
9824 12899 3156
2674 3042 6131
2827 6489 137
7054 10248 4352
4289 7671 8061
6280 10094 7126
17 9351 9604
5526 14633 8403
7827 8047 4467
10163 16642 3479
7526 13646 7505
81 357 2585
4206 15267 1301
4084 12095 4184
9817 11179 3291
931 19903 9661
4206 8196 7547
1071 2953 6260
3864 11143 1916
9730 11358 9804
6701 9839 9751
11846 11918 6252
1743 19013 9718
591 5098 1168
3603 5377 2190
5120 17143 6250
7794 9233 1050
478 8570 7600
1312 19956 3791
8597 14981 4651
2437 12556 2622
13089 15731 9119
5713 17495 3658
13825 15102 2188
215 355 1166
4144 6001 8839
3456 9057 6504
4273 14049 7845
4284 12002 2264
8319 12469 695
948 17225 2679
1719 6786 4298
2286 5087 8731
6707 9496 9705
10701 12948 9280
3461 5590 5554
17327 17820 5233
16020 19997 787
8777 9266 9875
1463 17465 5326
3132 4292 742
3386 19950 6443
12084 18683 7447
8551 19235 9352
2350 5765 8210
13277 14190 2309
8924 11524 7683
2010 2357 7437
320 18685 5088
1220 12908 7449
17959 18021 1814
12957 13673 5825
8129 11979 8452
4487 6735 2481
3673 13269 7414
8025 15305 208
1062 9484 1156
299 7753 3647
7241 7664 4824
13302 13825 4678
1064 9879 7433
7542 15163 2370
7153 17615 5938
11294 16880 4297
312 14650 1561
12334 14500 7973
14192 19383 830
1293 18897 6050
542 9592 5925
2718 9693 7421
2581 15927 8146
6782 11591 5956
11627 16032 4035
7122 7988 4981
2840 10606 7701
2794 16387 1367
3789 15370 6589
10737 15373 1065
943 4350 571
18297 18528 2199
8548 9714 8344
5588 14566 8913
4094 18259 5341
9056 17781 2653
11130 12508 6046
2631 6115 3820
15177 17966 3036
5222 19779 3738
16955 16958 3554
527 6979 8105
1726 18318 5798
10539 16565 4423
4676 17518 1816
4245 17204 9226
7835 18680 7567
3777 19813 785
1584 15963 5131
10542 16679 3189
12784 17280 8036
8787 9570 6762
12416 16152 8931
2885 14513 6044
5978 18779 9526
13536 18557 3273
4174 7746 1104
16973 18368 9776
83 1704 7428
4784 8501 2336
14180 18955 3707
8276 11200 3079
11561 18859 7962
7143 18142 2092
4422 16939 7462
4536 9910 3019
7678 10016 940
1809 2368 5639
7987 18391 3760
2286 4604 3935
13355 15031 5028
3968 16689 9514
7429 17560 3512
94 137 9223
17237 17686 3865
11701 16539 2590
5385 17668 6470
15154 18591 986
8952 18690 9287
769 1750 6385
9826 10610 3240
9892 15737 8034
3885 13263 780
528 2133 8073
13412 19614 2516
977 1084 5394
447 2403 7856
8636 17063 1052
3168 14324 8979
1822 17131 3856
4450 8166 1470
11704 14206 7091
2323 16383 486
3425 17900 2111
1332 10984 29
1183 2499 2329
10162 17319 8922
1894 9893 3085
8929 12455 2664
5377 16458 4783
13635 15571 4142
4383 14845 5850
6104 18784 4672
5223 6028 2595
150 412 586
1702 11268 7171
6089 8326 1519
14082 19749 7958
10 96 186
3939 7224 8126
10342 17073 8475
10052 14905 6552
2874 5800 5057
4936 12063 7980
13629 16287 4479
3186 17142 9249
11613 13275 2931
7694 16993 6965
3680 7331 7610
2049 10654 7051
7690 14623 6178
1526 12157 8485
1538 13442 6942
7423 18920 7483
17002 18111 5793
9704 12550 5074
12849 17988 6333
2728 4471 7710
2301 18909 7659
14258 18791 6588
1156 13584 2074
186 5503 163
12967 17388 6399
5589 11775 6143
6460 12143 7446
3061 17040 5360
13354 13925 8234
4 11055 3236
1783 11524 6419
2333 7442 412
5791 14046 3078
1587 9339 6019
3132 4563 3224
1340 14862 2840
181 7012 9969
6882 18585 4157
17487 18100 3889
7557 13328 4923
3961 5336 3322
2233 12364 5784
10513 19411 4147
6199 18382 2564
286 4111 4005
1734 5855 5302
370 760 1364
11418 16147 1410
3826 12987 1687
11487 16264 4988
1627 1788 6552
3382 4247 87
11098 11566 9883
2030 8308 8344
1860 2715 5395
6793 18566 1332
2699 16836 2113
202 19078 4777
4652 13415 1335
5599 19796 1500
856 6689 644
13365 18447 1038
4311 13112 9805
14241 18459 1534
1333 2431 6841
4337 7494 6219
2816 7946 2178
437 6432 9229
286 5416 9303
611 1254 1713
15824 17482 699
5971 8906 3031
6956 14323 6081
12010 14750 9345
1509 17558 4662
13803 15572 860
11355 11925 725
459 4681 8363
3502 15665 1893
8114 12285 1041
4528 11881 4869
3473 7987 863
11013 11859 5405
13084 17812 5159
8725 10510 2002
5543 17270 2076
4366 8101 458
8235 8591 31
460 3677 971
34 55 6517
7262 15493 7539
2378 5827 2882
5572 16621 6768
14202 18608 2910
7982 8489 4626
1904 3901 7952
728 2692 1660
5811 7757 5449
3203 19520 6975
79 4662 4388
3011 11035 8571
8906 19108 9768
2199 13851 8823
3910 4659 6773
2788 9516 7727
3417 11577 5122
6733 12691 8784
8396 10653 5447
9167 18959 2181
5794 7816 2762
16914 18808 6475
4509 15160 5016
416 15967 4133
3984 11102 1567
11711 15830 6008
827 1173 7259
6838 14584 6210
3010 4501 72
6410 6737 9181
10519 11440 4401
7401 11393 341
984 1324 7029
16248 19659 60
7936 7977 8416
7042 9245 4550
15185 18840 6114
2427 6046 8319
977 10019 7787
6406 18884 8353
10942 14515 6022
3924 5452 2220
2667 7475 3069
7641 15121 6741
3953 14325 8354
17503 19193 4117
6342 18527 4185
7224 10474 7079
704 2738 1244
357 5353 3642
985 2189 9672
691 3030 9685
3950 15461 5302
2267 15280 7336
6056 11999 3997
5838 18879 3285
447 10863 9355
4418 17272 3518
1450 3213 9593
9346 16539 8832
7128 18069 2934
1007 9395 7290
4474 7562 2451
1642 2661 2773
5123 18552 8072
6095 14881 275
5415 17545 868
4546 16451 4323
1750 7928 8307
1569 14858 3388
2097 3016 6983
98 2746 1672
7352 9739 4282
8950 12893 1574
10020 19955 9713
15376 16384 5691
789 1985 2323
3894 5498 8928
875 9402 6311
1464 18553 1582
2242 2308 714
2111 3461 5793
993 1921 2054
149 817 2637
2234 3388 6891
1638 9259 7328
5018 6968 3434
11420 14115 9794
11020 12200 8981
4066 8281 9053
3602 13881 124
18301 19890 8173
2736 4714 5093
14778 18301 7366
12052 13155 3986
602 2120 8130
6098 12180 795
196 5452 5512
3392 13673 7997
2456 7286 5379
3821 6460 6286
3336 7484 776
10250 11381 2009
5798 12503 9587
4859 7199 7477
14487 18712 4252
15835 16169 1012
7627 17275 1835
11607 12186 5629
2726 18638 5557
5221 11316 5073
3068 9931 4904
15002 19309 5881
4062 17599 3238
4434 18085 1168
157 9437 3476
663 13428 8782
3396 7426 2047
1286 9235 7647
10777 13830 9496
10433 11576 7744
6666 15417 3452
4427 12278 3020
1866 6496 5681
22 10480 8523
1683 14993 5171
4471 11269 812
2639 12976 4068
147 9988 5103
5630 11072 4965
5482 12097 3910
11844 15870 5584
1191 1330 6337
1541 8716 9140
7351 13564 1192
10881 19780 3359
2805 3111 2598
2080 9020 6316
7006 12239 9079
10379 16002 8077
6190 15570 3624
2034 5047 3621
4257 4691 1900
12008 19177 1240
590 970 3674
3049 5146 4626
5692 17940 9802
704 956 5415
3921 6932 1904
8294 13359 3522
3090 3315 1866
5616 7570 2015
3104 10083 4038
6401 19368 6589
2746 13829 889
7086 8753 4237
5221 5521 4383
10264 13548 8824
5933 6337 3952
4242 11114 7850
2925 6749 8968
1496 2225 4840
3208 12999 8495
12967 13728 92
8403 15869 4820
7484 16198 358
4763 13018 2934
4584 16624 9464
6712 18378 7583
2426 18347 7990
2752 7892 661
5649 6631 8002
6528 11063 6477
11025 14591 3599
1641 2894 337
7954 13553 9687
541 713 1023
2743 10351 7299
2206 3564 5861
2369 8739 1557
15457 19138 2149
12141 19937 1198
5367 16990 2992
7987 14363 8317
763 1233 2586
12459 19555 3336
10683 13307 1409
2062 3823 4228
2862 6749 9470
4160 13557 2865
5384 13657 849
7919 8006 7279
11339 17271 3324
3687 14898 6783
3351 3470 7655
12352 13009 8697
1137 1672 8550
84 350 7269
2671 12007 7462
16689 18820 2528
11156 19876 4883
10221 12608 8017
2609 13409 1949
12245 18938 5408
2824 9463 7876
9330 9619 2110
1514 4368 3028
1848 4938 5380
12591 14446 4513
17698 18359 6948
16725 18909 4828
2480 12589 3235
6581 12250 6974
1650 4435 6593
10675 12292 6609
11807 14613 7998
4399 8901 7994
2228 7559 3204
11508 16263 2388
6815 13771 3199
6347 16286 306
14209 18050 6474
3106 12677 592
2105 2722 4145
8178 15425 5793
16232 17954 6793
1472 7327 4432
1063 1168 6637
547 8862 979
6097 8825 9084
12107 14089 9761
6446 8435 7036
5008 16759 8446
12311 19958 3148
4284 6184 1907
8815 13514 9366
5946 17829 5100
7361 10266 6641
5623 16767 4322
16424 18959 9015
5836 13334 4895
412 12615 6716
1311 8177 145
14109 16216 7468
237 15312 7988
7725 13317 717
2871 18324 7366
12855 19344 2600
1016 5791 8010
8107 10286 572
2231 8423 199
14614 17185 3104
5727 9763 171
8201 12082 5720
3998 11443 6121
4347 14591 2354
862 11504 6070
2293 12346 3979
1744 2567 1259
3916 18573 2208
14635 17691 8307
16091 17327 2178
9935 15103 9782
9781 14774 8967
7708 18138 2610
6636 19099 4167
1711 11662 1430
14643 17165 9908
1048 8006 8084
8785 14172 1019
11680 16688 8725
1508 2375 7050
9877 11164 2920
1619 17277 1807
749 18938 3305
4513 16921 8748
2023 4304 3356
4521 19672 8392
4690 9794 6726
2052 8891 7842
10073 10165 7388
6707 11151 6259
5541 8972 7823
6765 15349 1123
8006 12531 2047
5313 15472 3665
88 237 2189
5953 11204 4590
8362 11232 8663
8838 12167 3774
9586 17061 163
3808 7656 3289
11740 18713 3617
8183 9731 5980
2202 5399 5719
1983 11142 4177
14129 15910 6958
5211 12684 1446
2009 6097 8806
7553 10607 78
14309 17195 1408
1274 1878 2403
1056 4300 130
2566 5672 6350
413 1035 5165
54 19826 8931
1236 9689 3626
15875 19275 4406
2484 16017 4289
14039 16604 6221
937 11806 7800
20 65 4765
14727 15929 2272
7202 13705 1627
1694 5826 5810
6772 18730 1788
14778 15160 1895
462 643 7213
13551 14536 4542
4225 8657 6690
2428 10828 2878
2516 9808 2730
1708 2061 818
5449 6578 5003
3672 9365 3171
6944 19513 3209
5573 9966 4950
1717 2105 7623
12321 18838 7548
4906 5424 1638
7279 10615 3336
5645 10990 7776
4042 17093 3577
5066 11421 3390
8681 19802 2879
11468 13061 1892
7784 19612 5478
1635 6354 922
9245 10230 5795
15826 16188 1267
9002 16955 3800
3303 7414 5969
8781 10837 452
4153 8170 1244
3485 15461 7034
1123 3955 7024
739 2106 1416
5135 10279 5850
4060 6818 146
2232 4657 2663
125 3387 6752
2811 8125 7664
5063 13141 7749
11008 12723 3200
1975 5757 6316
3841 4883 9976
9017 10741 597
7594 19970 8762
564 4851 8726
4849 13001 6563
6326 17360 4748
3641 4969 704
17308 19483 2775
7987 11699 3172
118 210 2282
9712 16078 6455
9128 15729 5017
264 874 5831
3469 14661 1621
384 3210 6037
13467 18272 1105
1651 10690 7904
2521 8318 4306
3046 8306 8586
3654 4365 8075
2619 3559 9660
2336 18202 7117
1472 2027 9397
702 3073 7740
7644 13558 3007
10695 12175 8805
8578 14392 5909
3562 14182 8526
2508 9530 5877
8644 18383 4804
4589 18981 3031
3378 8899 5435
1508 8471 1342
7288 16638 7913
187 2044 8539
3490 4988 1265
456 17996 477
977 10955 6145
8229 10068 2842
920 8735 9165
8595 19510 2361
14094 16144 4079
4851 18978 3572
2459 19198 6242
3413 5421 4501
10365 14971 353
2134 7083 2001
17002 18769 4575
14516 15432 6692
4628 7780 1180
487 3330 734
296 3484 2046
2119 3013 3404
1760 11125 6804
1883 7966 740
3594 14720 5649
11051 12084 1695
16311 19558 8073
7194 18389 1644
771 17323 8376
3715 14253 8449
1217 18004 9233
3806 8945 4400
5831 8904 2435
2738 4811 8236
5362 5827 6197
3404 8027 4469
3842 5685 6949
5979 10223 2303
6567 8558 4464
10603 11118 4239
53 19416 6963
6589 7382 6777
7934 9638 8568
1529 11544 1250
6386 13671 4435
15450 17464 1711
588 5687 7879
122 4432 5925
2047 10949 1791
9881 10448 8264
16382 17962 1977
10918 10956 7301
15925 19680 1524
16114 19520 3485
8325 8560 8306
5111 11939 3164
3875 11243 4688
1280 5600 3288
4823 8677 2597
565 678 5069
6989 11450 3348
8301 8949 9151
71 4859 8734
14194 16514 4463
2164 2880 9668
777 6556 6489
5133 13371 7921
4371 12621 2846
1182 16119 7983
10363 11369 4649
2701 8031 3763
6728 18241 7818
8169 15794 4693
9184 16975 7109
6705 13658 9478
586 2606 4640
1838 9360 2036
1004 3304 4694
2612 6932 9521
12618 15447 1007
7759 7863 1392
675 18276 1156
2381 6698 740
7660 10041 7274
6470 9057 4143
799 3075 2630
15270 16405 2407
7312 16099 763
5929 17780 1876
10900 19565 1192
13846 19800 361
2587 7820 2972
1261 6595 1098
5508 6199 2822
131 8198 7172
8402 15102 6736
230 16262 3576
2989 3215 1320
3344 4565 9472
767 13631 3563
2879 13299 2008
6446 11482 8286
11825 13981 7516
339 7767 2873
12722 16537 6617
14321 15833 6259
4375 16846 206
943 17957 5683
1917 2936 9209
994 2163 510
968 3268 9790
8792 16196 5270
5616 11657 2029
18740 19192 9690
14632 15683 4477
3967 8355 7134
5528 19155 4183
4947 13090 6939
8183 10809 7742
14205 16973 7903
860 4656 6679
2045 13580 3618
6765 11340 8086
9427 18508 1551
4373 5123 4289
3909 11283 6420
1207 19053 1135
76 4170 1492
2005 19613 6545
1833 4283 6000
983 6638 2922
641 1025 6505
12805 16211 5469
314 387 4051
7774 10931 5360
12641 15156 503
503 631 6031
8928 19723 6326
12836 15596 2424
905 15486 2858
14615 19696 116
14572 17651 2683
8698 16069 2923
3434 8622 9965
12326 18449 7521
5407 5959 5406
5200 15427 4638
2967 6983 6235
18 20 9037
1048 5230 850
3986 18499 3324
5523 7770 8975
6442 15973 7476
6125 11144 5828
1093 10586 6869
13552 19582 8050
2338 2597 2238
16273 18556 2257
4070 15223 869
12799 18329 4678
4204 9035 5853
8616 10738 9379
4240 4991 6703
208 557 6049
7958 10278 1137
646 851 6900
5759 9850 718
905 5249 2597
3687 4723 8509
15706 16776 8448
278 4932 5805
471 12140 4010
902 965 2916
1621 3789 2639
8654 18110 1150
4898 12168 2493
10325 18274 4240
4523 5432 1763
6647 15265 8182
9889 10858 8
473 1688 2311
8469 18514 8999
17045 19543 912
10930 16509 3790
581 614 1281
7588 10923 3909
10155 13359 6640
7402 10367 986
5992 6239 6199
8056 15030 6012
2507 10426 5303
1320 7610 4021
1868 6233 7365
13102 18719 804
6283 15188 211
1055 4364 9556
7181 19996 3903
3926 8682 5030
866 6508 49
1106 1714 3678
12175 18691 1224
3706 13634 1293
495 3277 4508
11858 14144 4461
5380 18651 4659
8737 10303 7662
573 18506 4943
6932 17240 2396
6563 16781 8134
7685 10058 109
5422 7627 1390
5260 12136 4020
7009 10628 4814
8585 16661 4160
1341 2428 326
2508 13012 5809
3480 4751 2705
9385 17909 2889
2304 19036 9401
3479 3875 1780
5712 6895 701
498 4533 9217
2147 16079 4840
11901 13955 3819
14594 18669 3769
10276 16478 6665
3726 9498 8969
2577 18042 5936
345 7225 3406
10242 11591 3218
15724 15962 4711
6770 8737 1474
5300 5509 6644
483 1743 7601
2957 11091 9625
183 4017 9720
4418 6275 6077
3234 11897 2447
1598 19130 3875
10282 12325 4167
5208 9512 7135
17681 18859 3313
4 12955 6294
620 4627 6673
2133 5554 8251
11730 12672 3500
5649 6348 8359
11850 19332 1531
5896 14819 7743
8750 14430 2723
8753 14631 4024
9254 11335 110
8136 8660 6148
449 4254 6014
13241 16249 791
4750 8317 1303
1151 2850 770
4083 15672 4030
382 15541 1543
7883 13892 6446
367 787 6353
816 10653 8801
6928 16925 8541
615 5974 3930
7625 9657 2539
44 12426 4547
8086 13789 271
9229 15999 1131
1775 18667 1930
1736 8315 9417
4167 6141 3253
4552 10913 977
3771 7123 9230
9733 17208 1856
5152 8045 9954
2082 3182 1671
7359 7645 3885
7182 12163 4208
1917 8201 15
9503 12917 2256
5069 8447 2971
11413 13158 5963
11586 18937 3086
9820 17862 9046
148 3353 3476
3713 11373 6235
4293 18435 6518
2031 4566 9399
7900 9462 9861
1213 18989 1883
1133 1874 2321
1912 14671 5878
715 15935 4706
10869 15835 3274
6696 19659 1685
2087 14255 2918
4151 5261 6841
2338 7106 7707
5536 12147 724
864 18597 1456
6327 16208 9631
2929 3180 6157
12652 18548 9202
3082 13747 5902
1557 15522 5569
5173 12995 4368
18563 19746 1751
7865 8568 3485
1662 19629 8463
4186 4557 9843
5051 13700 7498
4524 5128 5427
4864 5264 1100
4760 14414 5182
12437 19222 6118
6037 17885 1317
1464 3445 8944
1149 1264 2547
13679 14563 6651
1045 5030 4566
7354 15563 4938
1012 19458 896
4913 19579 9154
6415 7863 575
4499 4770 5394
350 14271 7471
243 5425 7943
4705 11543 1904
1314 6948 243
1943 14555 8023
3463 14906 6867
8804 16184 8367
8112 18233 6355
15742 19979 3093
11331 11577 5550
4072 10108 5533
8664 14257 3924
5681 13011 4874
1508 4971 644
10964 15132 8646
9053 11535 1370
4843 9938 2699
5131 10730 705
10150 14713 5360
12820 16612 2357
724 737 1262
13420 19041 3553
13283 13640 1117
10963 18648 7745
385 7006 3780
3929 13982 8926
2008 9484 1068
18078 19561 8324
5936 17227 1068
4901 6185 9183
11644 12205 7136
4355 5609 9535
3918 19122 4003
148 11447 4651
8380 9443 5386
15799 16577 4433
14288 16404 8923
1694 1748 5310
7708 8185 8177
1897 3666 2034
429 9297 1736
11748 14271 4712
12129 13763 1426
3074 4260 2363
10001 16378 3476
11620 15550 8705
9894 11113 9234
3297 7436 1683
219 466 2429
12964 16220 7602
7154 8242 9172
16442 18242 7083
16512 17840 5121
3781 7756 4776
15031 19481 8582
3595 19353 6640
7974 10836 9974
5503 13681 680
4030 5107 7600
4447 5091 2509
9997 10141 1076
1295 4314 9562
3987 5231 329
2882 9676 1946
3227 10772 3944
14554 18983 6428
5246 10541 4517
14797 18547 2682
254 7685 7335
4990 16717 7858
2042 6274 2882
1088 3297 8810
3365 8293 4391
2999 5157 1379
11283 18058 7860
8223 15826 7908
5859 16906 499
3421 19924 3973
4126 8504 6297
8038 10494 1093
9607 10865 5165
13424 18274 4710
2592 17887 3553
5029 13726 4373
8485 12709 3893
3922 10035 8361
1040 16429 4176
3958 19729 1938
1463 9497 5237
13722 18822 9533
906 19859 4927
640 1635 5677
2549 2792 734
14023 17502 2246
1105 18730 4313
224 10256 7327
598 8434 4268
12789 18897 116
1196 1766 6208
456 2008 3643
11205 12015 3214
490 1321 2793
2382 18420 9761
3628 12257 5256
28 1661 3308
8228 9319 9307
2157 2570 1293
3737 10496 2264
3399 4974 9403
10104 16589 7942
8672 14459 4945
2742 18396 9152
9423 12080 5514
34 3621 5146
604 14072 6385
6508 14420 6949
10257 18974 5435
1816 11744 7086
2551 10396 2920
11159 11516 3101
11495 14626 7608
2240 8933 3726
6597 11240 4164
17507 19633 5715
1827 6656 7516
276 19906 5685
1701 17581 5068
6476 8750 7336
5578 10302 6551
1613 8957 9062
912 10523 921
17146 18544 7206
9526 17785 1093
1166 6233 8811
1946 11841 3364
3477 4088 4734
1354 1370 8779
551 6625 1849
7050 17870 3823
500 17515 1398
499 1663 904
780 7462 8913
3955 11771 2243
5177 7962 4906
4103 4635 7904
7939 8215 4491
8213 18207 540
278 11673 6558
16735 16756 8762
13379 13778 1429
2529 12255 2057
12978 17925 7352
5130 11099 4161
2332 7760 5107
1403 7128 5082
2547 11573 4698
602 1106 4225
8704 15882 9093
719 4983 5858
12986 17351 5685
1507 17725 1320
3220 12651 7006
3957 15404 2843
393 8706 7904
4271 16108 5019
9174 15463 5958
11088 18643 7588
3167 9583 6762
9025 15218 9816
1123 1548 9302
308 12717 9229
55 2112 2857
8149 17967 5295
1074 6305 676
14139 15893 7030
5740 9906 1967
215 14303 6924
7330 11212 3115
6813 16182 6867
10009 13671 7884
1296 15919 3094
9579 10673 5736
5228 8428 7396
992 17230 5712
9251 11350 7338
10743 19654 7562
1898 10841 3172
3093 12140 6255
9232 12457 8770
2846 10268 8267
5852 8929 2633
1660 16554 8221
3749 6448 7659
10158 19987 5176
12838 12883 1564
1400 9209 1186
812 5765 911
3644 13824 7042
7901 14913 8232
6523 12158 9053
5097 8466 4761
15249 19210 6344
2577 9358 995
6075 14920 7751
4641 15246 3563
15009 18786 1721
12535 16130 3286
2406 9794 9428
4771 11554 6280
5464 6136 9329
15 11726 901
1253 4156 8825
12409 17209 533
479 3375 9867
4992 8588 7292
8129 9199 2750
3903 12783 9538
9251 18398 6322
1701 6503 5092
4437 5648 6602
1198 11282 7936
992 3001 568
2782 3466 8250
11861 16834 7851
8689 14589 6020
8505 19821 4114
1713 9734 9592
12438 12587 370
18389 18545 4674
4371 19312 8117
503 19711 8202
422 19249 9503
2365 16963 7242
679 5433 1168
4993 15617 1708
4430 5360 9970
13402 19273 5932
2784 7209 8970
79 7251 8486
9902 10677 4478
19386 19773 5691
8788 12480 1879
12676 16648 7540
3325 19507 7510
3892 5628 6169
1022 14852 8765
5293 13432 7737
1165 3333 7171
16238 17212 8250
12105 13377 5788
16079 16827 8950
6647 7261 6030
10108 11277 9279
477 5790 8651
3023 19629 3531
2240 4038 2390
9248 14840 7615
1442 18349 5408
18939 19005 3975
12153 18495 4838
10528 18652 4077
2393 2430 1956
11139 11800 5436
2273 2664 8419
13246 14975 5827
5288 6728 3847
9648 19115 7170
1091 1625 4362
7593 14120 3403
1455 5553 3835
2091 4416 6012
8470 13762 3100
1339 2604 4120
2618 18153 877
3092 16201 1133
2912 8962 1779
7290 17017 8913
3531 5225 6178
9342 12966 564
2342 4942 8375
3720 10635 6960
9643 10331 2855
1725 11977 4008
2961 15671 7879
2046 16722 7459
1240 9616 8274
8623 8856 2189
4000 5674 360
890 15666 1121
2405 3263 8518
8513 17161 4421
223 356 883
1204 15576 336
11127 11657 5592
8963 16832 9637
1419 2736 2779
13268 16902 6441
2827 6928 2514
4434 11659 9854
1662 8743 8774
4322 12069 1106
1678 3461 4273
3209 12691 3845
2398 13312 3049
543 19325 408
1937 18258 9157
10146 10390 6817
17 402 7224
5653 16747 5343
4201 4655 322
2175 17758 7474
10446 12431 6497
3996 5962 7740
7339 17203 5881
17229 17568 6838
5574 12504 4515
15103 18347 198
5958 14668 1305
6766 9045 999
2387 3079 9487
602 5136 9824
15833 19631 8569
12087 18774 9698
1573 14183 5874
6308 14066 4573
1090 18895 780
2984 18156 4416
3164 9083 1131
33 1179 5233
181 17718 6527
204 714 5449
12780 17939 5773
10748 14402 775
1743 12294 6866
8727 9563 9637
11783 15984 6953
11276 12241 3746
648 8815 9600
7803 16625 9838
134 1446 5182
3437 11880 3128
8779 9742 7306
210 18575 2276
3929 13426 9774
4057 4460 5121
18118 18377 7007
4255 9227 7268
226 670 4141
5174 16631 3701
2029 10973 8035
3962 11297 5743
6243 17387 4791
7374 14178 1674
6167 17827 2526
5416 12112 3368
14187 18985 6601
973 989 2821
8000 16022 5603
9185 13666 1516
11351 13807 493
4224 5680 5340
2121 18302 5898
1063 2840 2759
2536 10475 3303
2241 10157 8973
3872 11419 6213
525 10190 5623
731 1390 3856
9623 15821 1713
2542 13368 1103
11035 14970 3020
14042 16682 392
8782 18149 7881
888 9441 1823
1440 1676 2402
4208 4421 8320
8108 16454 7344
3509 14980 6532
1663 12463 5759
6595 8691 4561
4354 10437 6139
2468 12751 4953
14462 17972 7173
5066 9715 6798
2996 9196 4127
469 3630 8333
11250 16208 6367
15782 16749 8336
17036 17876 1976
8981 17153 115
10921 12160 7056
18903 19042 6267
12537 19188 4415
2476 7690 6477
15674 16436 3174
2099 7253 6068
2196 17892 3301
604 15400 3200
11468 19726 949
528 6684 8557
8221 13734 8968
1447 4724 9967
13191 16203 8313
7417 10866 4110
1471 1642 8318
2935 13845 7322
36 5712 414
12210 17557 5553
4035 5636 3199
13797 14713 1713
16764 17853 5687
7384 10764 8971
12936 16422 8200
14071 16832 522
4860 13628 8388
11396 19641 9945
13510 16332 2048
5703 15157 2254
3196 9125 1931
6679 7062 7734
3206 9725 3395
11267 11852 1923
10957 18046 3754
7151 18803 6010
5611 14986 5724
2468 2992 8052
6802 15291 5594
5326 10212 9846
10920 12879 6596
6909 14062 823
4664 8480 2851
1953 3359 4096
2645 3415 4556
12027 16027 4737
5416 10825 8067
4920 8102 6039
1661 1742 2367
3845 7133 849
2 17661 7609
2185 5113 9914
4631 12479 2110
4065 13322 8472
803 4103 9840
16291 16381 1332
4438 15500 4684
2351 4624 1710
3094 3554 1827
3380 16540 1241
160 441 2429
854 1478 1250
3332 12629 6257
9426 9567 566
836 1499 655
14991 19773 311
7564 11607 1334
4215 14747 6842
7254 19957 758
15893 19390 4650
6361 6551 1063
1672 15186 114
1438 10352 3775
3422 3700 6141
431 7433 385
7911 11917 4108
12061 14199 2307
14440 18138 6242
3864 15315 1544
4116 14420 1356
10741 18355 6060
6948 15620 3515
9974 15566 3227
2110 5188 4222
4572 10451 3835
3198 6172 6467
2895 9702 4889
14339 15034 2777
17043 19239 4600
13742 14545 2610
11666 14747 9266
3747 5288 9151
2968 3084 5255
4614 6715 2681
4208 16119 7300
39 5355 6346
19148 19817 8275
8874 15845 2243
96 18348 9445
1010 8762 4699
2332 9709 2825
4395 5398 6834
2467 10685 6040
2107 7827 8499
5187 6087 4314
6368 7913 1104
4044 6833 7922
13458 15442 990
11977 16875 8683
13468 13930 8240
5149 7535 854
250 1138 5500
6893 7898 4678
4527 11373 9497
3422 3716 1302
7945 12637 927
4045 18827 8660
2620 12539 1605
3120 11833 2796
6575 13487 7085
9606 18194 3816
454 13285 4423
4588 11704 6806
4444 19782 2034
14897 18559 5608
16446 18225 8917
2864 10547 4834
3733 14760 188
4455 7449 9197
7705 12974 3183
14242 15457 5903
7130 11434 287
8132 19459 3987
3433 7012 5302
6592 13872 8698
5281 12990 3091
2359 14715 8682
12704 15446 9255
888 15763 9028
16289 16624 5573
9297 18524 3544
10700 14333 7558
4182 4545 4957
9879 13013 4576
474 1527 8707
6815 8473 2528
419 981 9272
2382 12372 3403
5246 8352 4644
3818 6103 6109
13559 15349 4447
11566 19625 3758
9431 10379 8161
3454 12445 981
1470 11231 2998
7971 10577 4410
7691 13068 4576
8268 9821 1478
11633 19067 6449
8901 19766 4569
13266 16786 4120
8820 9649 3678
12286 18411 3633
387 12567 5328
4487 5561 3544
365 1810 3406
5605 11285 9382
4111 4750 3945
3899 10359 3065
7034 13309 5699
9592 15232 2018
2118 11260 8314
104 1616 7965
5888 15228 1207
11106 15670 105
9838 14133 3564
5569 8454 4106
19091 19815 1922
426 1086 4957
14916 19119 3360
7003 7804 6962
3485 13106 4369
13102 19681 2127
1201 13623 1510
16227 17583 1982
10022 16375 6898
9029 15219 4733
627 16393 3093
10758 18775 7463
12878 14532 6124
5680 6991 7877
4524 14394 1955
13052 13488 7524
1439 3874 6431
4287 5586 7275
12936 16451 8461
248 17725 9743
10717 16088 9668
963 1216 7595
765 19699 6930
7476 14190 6848
14638 15845 6908
1698 14325 6950
7794 12355 4144
10226 15662 7528
3724 9482 1054
969 4804 1172
17298 19932 240
15407 17018 9895
2016 14062 3173
4602 15792 1822
7750 16382 445
14924 15132 7525
2927 19145 9185
12314 13844 9368
17328 19606 8887
5188 9994 2420
16584 16895 8165
10228 12753 1212
60 107 3479
4430 4577 6822
6301 12562 7467
10087 11431 7797
4936 15201 1234
17419 19741 128
4682 4967 4812
292 2110 8382
7734 9961 1129
6441 8344 6143
16771 18238 8691
5322 13200 9439
10905 16037 8196
3433 5640 5785
11859 15686 2253
10919 11968 7255
1419 11065 2660
14107 18770 3248
3565 16014 5021
940 11439 6430
4095 4251 6892
9097 18549 9453
1759 2317 8044
7155 7400 4198
5011 10709 7980
3721 11386 2797
3542 4549 6021
422 1567 2052
7138 10882 2437
3152 6614 575
416 603 1557
5728 7504 5522
7079 8252 6121
4644 5749 7062
5542 10087 878
1329 2528 2322
9942 13647 8185
8896 17252 8547
4803 13280 8267
10817 13065 2516
309 5741 8461
4768 17166 1699
5741 13368 8005
3028 7940 4722
11896 17834 3840
6774 17513 3093
4251 13588 6392
2850 3774 7649
11379 13007 5406
4847 14184 3930
911 16612 2728
6933 14078 3741
718 16704 6076
11140 18432 915
10223 11014 8069
1962 2511 7746
12421 14246 727
2255 11003 7100
8760 12557 3166
2266 12494 4213
589 1196 5924
4925 6772 1294
9792 16543 6076
1313 16050 2324
1875 5474 3951
4547 5415 3764
7323 8769 1481
5901 8136 992
305 13418 1057
4702 8781 332
2519 3808 4046
290 6819 3976
14649 16005 5381
3403 8616 8100
10312 11236 8879
1946 9190 8756
15777 18907 5195
4594 14488 8048
3268 17822 3192
3091 18618 4789
11523 12818 6675
10444 12962 5315
10880 19380 6986
3053 19352 2499
458 17980 5016
105 178 3130
707 1464 4825
101 1065 9317
7301 13427 3182
4034 4679 8437
2172 5573 5767
8532 10986 8739
2782 19668 9727
2223 5154 7124
2745 6062 4398
782 6827 2399
8338 11965 5398
1193 13696 2007
2048 18777 2788
5681 16558 8703
2561 5290 997
7382 14729 6941
3727 5809 5048
7683 14830 9497
11592 12595 1844
8747 10005 8096
1305 7960 817
6522 13067 4350
11753 13348 1605
1173 7725 4401
15023 18560 4285
15 6601 7865
9681 18990 7917
4009 9010 5031
205 406 8628
12358 19195 4864
6257 8269 4465
4033 10696 4399
8071 13316 6710
3662 17205 6445
12110 15344 6066
7821 12734 7389
846 18742 2280
2552 4684 5721
11558 15231 685
866 7303 7235
14472 17652 6264
331 12953 6676
17850 19175 3618
10909 13660 1421
6368 13135 6761
6951 17155 9180
2871 4636 8405
16403 18443 8133
1073 3501 6730
61 10062 8667
13684 17939 2841
7374 10924 4251
13245 15809 1882
593 11976 9619
3903 12887 5291
8230 9097 5258
19023 19888 9148
16388 18406 5186
12168 16790 6924
4958 16186 4896
16929 19429 8552
356 9103 2727
3966 11407 1458
7325 11393 1154
14437 15128 2245
13616 16486 8419
6205 9436 7057
13007 13193 6595
3964 8506 6845
13201 15212 305
708 19112 367
5776 6293 1195
9464 10818 6280
1829 2307 1311
14644 15411 8895
4909 11614 4503
3959 7281 2271
6273 6358 3397
9511 13003 5517
10746 16593 423
1688 7032 6620
1248 16978 2153
4039 10667 7367
2502 11110 2196
1674 8863 8919
9290 10744 6267
1801 8083 5504
688 15297 1472
1312 7826 4449
45 110 2225
11438 17526 7639
8578 14753 2791
3602 5082 8302
15310 16234 9974
3336 15959 2056
2898 4733 1141
9821 10605 6778
2497 12144 215
13071 16778 6869
12989 16243 4723
17012 18485 4612
9471 12130 430
8235 12213 5177
10630 14075 1044
16924 17425 8715
7021 12719 8973
7192 14304 3766
3265 5019 3248
8247 18630 3716
8830 19201 3955
2817 5369 9486
8666 18328 9621
1128 13132 1027
3318 3335 9959
7332 8554 2511
171 4687 3442
1315 3598 4441
9170 12823 2511
3303 3551 2317
3415 10647 4482
638 11955 9691
6957 18839 1710
14708 17368 7829
2514 16568 2446
12393 17433 9055
206 1722 2203
3295 14395 2115
57 17713 1572
3391 19112 6799
6911 13204 7584
13124 17723 2547
1393 1868 8851
12095 15283 3688
6809 19620 739
9351 15309 9406
5673 12481 8022
12597 18168 6000
11430 19607 3411
5904 18071 7132
3302 5526 765
8690 15555 1248
6489 18355 3863
277 7366 6184
11355 13015 9044
492 1740 7090
8894 14831 140
17113 19921 1300
2612 17059 8626
3969 17788 7921
1245 6633 5362
3267 12868 8482
1159 6157 5242
9808 19692 1263
7871 8148 983
8310 17984 6748
1479 2146 3116
5196 6988 4405
149 6329 2471
4282 4371 7186
1539 6962 2810
5774 7963 2243
1260 7314 4306
906 12380 9704
961 1126 4659
5619 11924 2846
2221 14021 6500
16876 17488 4723
4 57 2245
340 5145 2472
1002 12495 4412
153 19390 2484
4703 14295 9068
9966 17232 4234
14097 15005 621
7381 14623 411
1794 4806 5458
12252 15410 7730
4755 12861 7291
31 195 5755
1515 6050 9656
8665 8889 2027
3147 6025 3778
16467 16668 4290
367 5377 1515
6609 12415 4827
12737 15943 7243
6655 13405 2465
5984 17579 2934
5499 9274 283
4179 12014 5163
7365 11714 9055
13712 15900 8116
11282 15155 8489
2960 13931 7474
880 12653 9222
7754 9165 9426
8148 18323 9087
4913 5267 3473
9281 14033 6196
9453 15399 6711
2092 19870 868
2958 11685 8750
1536 3124 7813
4107 17932 5537
2248 5972 9726
2910 7276 229
3331 9867 6846
9149 11218 1497
5175 11175 2608
5719 15450 3861
9227 16145 7939
15162 17882 8128
4590 10487 3870
1603 3646 6264
555 12866 9459
4471 7850 5694
478 2079 4116
8029 19964 1429
1040 2670 971
1043 7298 1406
1602 13706 1306
965 6710 8428
883 3614 9186
677 11430 8553
13637 16897 4032
1172 9011 3124
1192 10191 5968
8784 10457 3679
6130 18762 6864
3242 15106 7142
12081 16365 2984
272 11259 3955
17223 17902 3285
1948 10798 3492
5262 5555 7975
1756 1977 9585
4296 17831 6073
10797 11879 336
2392 11792 6329
5365 15014 7339
2768 3336 348
5471 9542 5275
14286 15045 10
15569 16488 3661
2432 4985 2396
665 7859 6713
1640 10912 1952
4906 7242 7385
7105 10377 5723
4205 8157 5921
622 17559 3164
8700 11694 9235
9708 15603 3505
1972 17657 7147
945 1286 2050
19075 19257 1310
9771 16387 4614
6801 12257 4571
8079 9977 5790
1427 5938 6909
7707 16861 9280
6828 18092 5651
6487 13481 2033
914 15936 1172
2537 7671 6381
4604 9156 9087
3292 3497 7351
2773 4480 7386
12831 18012 9254
4664 5777 7819
7765 13064 2408
1826 5840 6047
5616 10582 5577
1044 16461 2869
8381 15990 200
2331 10263 5399
687 3687 7109
2475 15542 5841
1873 3264 8816
14333 14930 6285
4195 8051 2560
2190 9493 9146
4101 5876 7859
9663 13373 7745
9916 19780 9932
6074 14909 7936
4403 6581 6143
2598 2759 6303
7313 8565 6549
10236 10296 5462
6986 10213 854
4538 18296 381
6793 8343 7837
1261 2301 6896
602 2177 9876
1391 16149 3729
16158 16997 6779
11755 12755 9155
5566 10780 8196
10277 12289 9214
16404 16863 5597
1670 19882 4842
674 7533 9656
669 18379 9488
6701 16532 6863
12026 14029 8423
8042 16466 4496
12214 12652 273
2276 19094 281
196 11890 8285
917 1517 8921
77 12675 9396
7809 11157 623
7947 10515 9832
13544 19124 6774
5524 15124 5892
3473 7581 8986
274 18929 7940
1419 15718 7773
13732 15361
