20000 40000 1 6436
5493 19012 7138
10362 11368 7752
11121 13827 8139
2795 2821 1805
3208 12690 712
1235 2474 8227
4264 7625 9465
3070 9860 7167
10822 16205 7902
2739 12448 3816
4550 5976 8912
11093 14498 738
2838 14872 544
2283 17211 1276
480 5746 9740
3479 6637 9199
4141 7452 9720
203 462 906
3161 16241 2954
4788 6798 1775
9114 11777 1497
381 15540 6546
1508 14648 6255
2736 16409 1533
1521 13641 8761
5101 8030 9922
9850 13626 9527
2317 11905 61
562 6170 6506
1439 15731 142
650 3017 9699
12920 13287 5966
72 1804 6984
578 4143 7402
974 6423 3903
110 2143 4151
8285 18305 8559
11286 11997 556
1041 10846 3566
311 7158 5275
2 351 9257
9134 10232 3173
3106 3969 2652
7515 7843 3853
14734 15796 928
14256 19485 6680
1824 11667 4882
9094 16785 2281
6021 10338 9859
3234 7119 3218
5171 5217 2437
7080 13643 4443
8590 19851 9698
3707 4125 2962
3655 13610 4073
225 4106 2899
15874 19274 5153
6170 8405 3650
2686 10801 9508
15136 19894 4579
9806 12055 3290
6344 6843 590
941 2291 1489
2542 12657 8660
4628 10437 3140
5437 6296 2407
856 8871 4468
3449 17926 9654
10710 10811 4326
1049 11090 8416
4968 10173 6803
7811 13961 9818
11584 12168 6607
2787 5996 7411
4490 17137 4796
4960 15596 2452
4503 18223 1403
1237 1703 4530
8647 11478 6145
11293 13385 6050
1899 12825 3658
8119 12049 1232
8998 19689 2176
3971 5797 7145
952 16783 3326
10291 15302 8278
1924 4416 6924
11404 18590 2498
11754 15815 3386
10766 19362 6614
5621 14300 915
10566 11250 8636
2991 11606 3697
1690 2602 2003
809 3674 6058
5313 11842 5701
2714 10802 3032
11570 13212 2182
13869 19344 1516
9904 10471 1244
1260 2082 1509
248 758 2301
3923 18141 7464
838 9424 5795
9729 10434 8356
1266 5872 1926
14370 16402 9059
10606 18043 6253
7888 12899 4002
2965 9075 3298
837 1304 505
5555 12512 1552
1953 2661 6364
3921 15669 4558
662 15444 8310
1824 14782 2232
384 585 9256
4477 7352 2673
10985 13864 8128
11599 12063 5725
14039 14048 3357
2982 18995 3850
1590 5333 5269
11996 17561 9666
8210 14854 7303
7241 12315 7334
1613 5132 8365
9804 19893 4526
3205 9946 9524
13991 16737 4631
8917 17350 4312
12710 16095 7674
7 818 3690
485 14297 6178
609 9118 6395
1371 2283 6484
10353 18629 1886
3395 4086 917
2477 18647 9899
1966 9748 244
2249 19425 9342
357 18499 2930
1749 10039 532
7683 8297 101
3788 15369 4053
1263 6156 8037
14955 17683 7619
4320 10460 2771
2635 10366 2996
9967 18257 1711
6209 11918 1708
16977 18597 4548
12210 14925 9718
12958 14731 5512
682 17221 3468
2395 14776 7405
481 518 4075
7328 11391 1183
17731 19753 6835
894 2218 5234
6163 7782 4556
5024 7550 6141
1079 5525 3397
3440 5424 2437
6953 9113 4649
4935 8395 1158
1993 15133 6526
2022 6544 2179
3986 16191 3797
625 16807 6941
2256 5200 3764
2450 8985 1157
285 7245 2982
1385 2906 9429
641 7331 1441
88 321 4564
11377 15360 207
8730 19637 1104
13269 14583 4526
686 3686 4973
5991 8033 9761
12797 15250 2072
4072 15750 1247
14683 16662 7010
1294 9758 2065
3295 9371 5983
9374 11539 2263
7 69 1869
6646 10134 3357
4107 10969 6074
203 11213 1923
8688 10874 2521
10711 14465 7405
5375 11727 6557
16059 16812 9235
5280 8323 1510
11810 12101 2317
8559 18971 9121
16729 19724 5237
3688 7827 6798
3379 7822 3392
4918 7764 3844
10556 13090 5904
6869 12242 8542
11329 16952 9513
727 10157 9927
13770 17939 8080
5477 12388 8716
5018 17798 3287
2531 5563 4161
10091 10766 3843
13565 14659 4201
10051 14904 7202
863 18596 5200
3803 14709 151
860 15076 9940
494 3276 1027
6141 17233 4636
11056 14342 4346
297 16150 2787
4860 15479 1948
10320 10759 2532
5715 10045 8973
921 2567 6047
707 13915 5560
7953 12074 4137
983 10824 7780
3987 16413 3688
2875 18016 4888
1967 12466 616
14661 19943 1165
13485 13551 2898
3754 9437 8377
4508 9861 9486
2961 5258 9256
14418 14759 9116
10023 13003 355
10193 18932 3859
8658 10274 260
1370 19467 3567
762 1232 8283
5574 9287 757
3149 16541 9653
3751 4098 9717
6969 7804 6309
1750 2243 1449
2194 16776 2548
2959 11400 2042
14087 16743 8004
10802 14164 5526
17239 18449 3791
7095 8496 9340
2437 3717 2956
9529 19026 9755
7677 12816 2008
7172 9257 9445
2113 13498 1454
2990 2992 8580
1957 12440 5894
2204 12436 9830
6222 16470 3706
2439 3526 6889
3103 10082 5796
2539 11444 9100
158 12520 1895
8622 15824 6348
5455 6801 224
734 4622 9719
2730 3455 87
13653 16166 969
4393 9986 3237
1920 11015 1441
14532 18590 4751
10190 11666 6667
1595 8963 5441
950 8454 1119
3035 14985 7380
7340 12053 9539
605 17519 52
2020 3198 8123
1936 4201 2784
9322 16592 9068
11548 15015 3258
9798 12459 9171
2366 14224 4276
5762 9509 851
4969 17405 9377
1903 3900 6548
11035 18816 4057
9625 18135 7918
3846 17015 5669
16150 17490 4021
1035 11516 3289
6342 19266 6455
3517 10675 200
338 7766 5894
6804 11672 7895
820 11282 9474
7159 12895 3039
78 2335 4263
1025 14216 8347
4727 6472 9305
11193 12158 2313
12075 14333 8969
2658 10005 1810
889 5569 5384
3121 7713 8365
247 4695 1526
8908 9219 4830
1221 1967 8089
6202 10521 1519
8055 15029 4473
6097 12179 3428
2778 9284 4673
4958 8666 7955
3209 6256 9514
8201 8831 9101
2466 4273 428
13817 14662 6279
1202 16891 9120
2023 15063 5238
883 2882 5296
18778 19853 9376
737 7163 6357
2561 10154 8835
13008 15838 4625
2279 2667 4458
6373 12801 124
14851 16496 2320
7626 17274 7364
1989 19498 8223
5497 11868 1413
1748 13873 8263
5676 17995 2953
3412 3962 9666
8468 18513 4963
13579 19575 2689
5378 6495 3833
3850 8400 1249
5357 9493 3550
3706 10482 9228
10157 19986 9061
5737 14688 8607
1383 3135 9378
3896 12830 9210
446 17169 8800
4426 6288 3037
4152 5455 7522
9675 19989 3552
13590 19702 8216
13382 19237 9265
15432 16406 394
6549 18767 8704
4520 13066 6797
9030 9874 8264
8737 9540 2473
6764 12566 6494
10945 15104 2454
688 5624 1125
4137 5023 1112
265 18588 9570
578 2564 2534
2027 2137 2030
8146 11436 2456
2848 13325 9065
826 8175 613
22 774 1520
7974 14126 3298
14354 18437 7587
5218 7358 1451
15242 16431 2777
12560 12989 8680
2464 6721 9470
1318 1534 1933
6282 8067 1779
17049 17349 2911
7777 15675 7030
11148 17104 5943
3456 6279 9584
4204 8156 3269
7940 11925 997
3687 4655 7368
10953 18818 5317
4858 19719 1111
1297 6319 4122
5097 12682 1804
6197 6838 5481
902 18080 3990
10005 13500 7997
8660 9312 2800
6561 13088 7117
5851 16009 1723
10074 13799 287
13021 14849 2917
6945 15364 2590
2174 10213 9135
10851 15605 2275
13411 16588 6402
7416 10462 4014
14823 18841 3142
8754 11093 4112
164 9401 7252
2937 8284 4453
361 10699 3865
6527 13654 9457
14990 19772 7461
1197 7078 826
123 298 6854
1689 2259 5435
14286 15173 5684
17641 17936 6926
143 2468 1364
10976 13269 7702
2995 8416 1340
840 17529 9435
1310 8176 1408
2189 9492 7750
381 15570 2847
9397 17919 3306
7139 18381 3884
1663 13934 5973
11679 14357 9485
9622 15820 6566
8045 15090 9735
5265 8683 1460
2391 2637 7016
4426 4689 4593
17118 17521 8109
6827 6954 9172
3919 10241 7069
552 14459 7784
12762 16451 2025
1495 1603 2942
16 4993 2787
6855 15063 3455
2066 9051 5057
3926 11228 7190
7167 12342 7179
10328 11476 3110
4237 19470 3646
1298 3844 1348
8517 19856 2136
9334 14476 540
14651 16825 6410
1193 18425 6444
1272 13533 8147
14138 16902 619
2589 6349 932
884 14319 1041
437 5978 6941
8357 19507 5003
1524 2399 7205
1983 4179 2182
72 3981 9273
6137 17231 5660
4402 7409 4294
3023 9767 2033
13942 19959 2818
13202 18938 2205
8 1179 8146
7487 9642 4971
6527 9198 6158
1353 5047 6635
5505 18011 3855
8648 19810 2482
775 11300 149
1754 2133 2254
9833 10816 4311
4568 13697 5755
5180 8270 9642
1537 3393 8906
12808 13420 5171
3858 12969 8945
6166 17826 9943
8470 13789 4210
13560 18818 7587
625 8972 4334
15998 17379 9842
2742 9698 4842
5207 14532 9328
4223 15228 2215
892 7021 9145
379 4767 1467
79 10200 5865
1311 16266 2868
15905 16435 8530
1896 3665 4520
457 17979 8299
723 10125 2140
12735 14082 8636
11295 14052 8611
2413 11497 4714
6228 7819 3107
13113 13973 1825
2175 12057 5254
5473 10425 3697
220 607 7781
5187 18678 8048
7364 14163 4872
4816 14723 6249
7344 13018 5788
6150 19731 3117
4165 19382 6767
3335 3609 5047
1878 6062 2574
5848 9883 8100
6299 8941 3240
777 9922 6171
5631 12786 3867
5673 15040 6960
4875 18636 8874
12093 13248 4504
486 15212 497
1668 11210 1592
7936 13593 1358
2896 18096 3904
8517 18184 7665
11138 19045 8937
6740 9978 2981
4946 13089 4498
13594 17108 2377
8324 18958 6650
5893 10313 9198
5856 16190 5487
429 12156 8045
45 284 69
4172 5484 7059
4317 9743 8578
9642 12111 9262
424 5982 7666
19074 19256 3893
7838 8950 8000
3770 13648 3252
12586 17882 6568
4867 6267 1283
5478 7086 8704
8275 16669 4920
6213 19833 9394
474 11750 5458
1141 3712 8472
1075 5574 9662
12188 17220 5887
1919 8920 9334
775 14747 1700
10192 12050 4778
519 5735 6510
8150 18510 6930
6799 16573 6360
4571 6060 7949
967 8421 6987
4156 5298 2276
12810 17359 5685
15247 19801 5525
10575 15060 5200
5875 9133 8256
6005 19154 1162
12906 19612 3024
6953 9419 2116
242 370 8174
2106 7826 9410
9120 16313 3285
4202 6468 8694
7383 7579 2405
10214 11908 4912
1841 7918 8432
44 15613 6789
10818 13016 821
8854 11726 4176
7993 19730 9397
5271 12567 2785
104 5628 3300
11768 13349 3946
10489 18391 679
1615 4294 934
1898 14383 5094
48 5203 6074
8638 17851 353
10540 18611 9100
335 8655 9977
13837 14482 5389
2452 3916 1019
7321 10261 2310
11138 12945 7180
11404 16731 453
2220 5704 2961
17358 18727 1158
2503 14066 6625
2242 16805 7253
7379 11844 750
11322 11605 3383
4783 4997 614
3289 10392 4079
17076 17776 2594
2163 3531 5248
2014 11716 1039
10335 14831 3000
2359 4504 8551
720 4506 2516
17871 18193 2826
2959 4763 1302
5348 8523 3128
7136 15982 8044
13757 15391 9123
5589 18203 2753
5566 10841 1802
3520 10993 8885
7661 15414 2761
2457 8345 4100
158 1626 469
3844 18434 6646
7107 7533 2072
5305 5345 5342
176 6360 2757
7808 14722 8275
3593 6997 6499
2617 18152 7298
982 1032 4244
1375 12981 4129
7048 8909 3251
2983 18155 1767
8346 12239 2909
1840 2191 1199
1401 18597 6435
11906 19752 309
592 6853 6561
2645 9503 906
2989 17013 7454
1573 13082 3917
3860 19145 3860
2453 5729 2119
2541 2571 1844
11484 19650 6436
1984 2869 3603
9207 14682 3062
4455 4895 7987
2651 5724 8806
8502 10188 7969
2252 19789 2920
3430 14054 2787
8457 14993 140
2173 12844 1313
6885 14434 1581
4050 12053 384
11155 13871 1888
5808 9127 2130
5170 10164 3497
1583 15962 7006
363 582 7687
2143 3934 1743
10044 18610 244
1106 1512 9012
6043 13292 6325
7292 9548 223
2510 19039 2318
310 2147 723
1944 16852 3838
4237 15628 3289
1454 1458 5269
7947 18518 8325
7653 13928 7809
3362 7423 9682
1978 2094 9160
558 10661 5152
7412 17246 3061
489 1320 7780
626 3146 2353
5211 9375 6446
5371 8226 5102
5477 16301 9282
9513 15344 1401
3611 12025 1756
4979 15637 7707
2411 9458 6677
3704 5181 6273
3382 14991 626
3588 7136 9895
15094 15753 5078
4214 14746 4673
5211 17611 406
17284 19142 7760
4188 7943 3315
3849 17128 1956
11979 19639 8509
7683 19639 7562
6260 15239 9207
4086 6709 9296
4690 15945 4034
3981 5056 3060
2674 7753 5864
4870 5067 6656
0 3 3613
4993 14898 275
2724 8310 9956
963 7725 3391
1183 17864 6270
892 1882 8526
4333 9266 6042
9963 16082 5143
896 7778 6643
1609 2297 3975
13275 18873 969
16643 17665 1180
5855 18579 2928
78 16878 7320
5729 18598 1570
13833 15629 6290
61 9238 8688
5896 7567 8955
9002 10288 1677
5037 14070 2494
2980 4272 7365
13240 16248 1053
16509 16534 4822
10200 11731 458
2461 10889 7386
550 1207 3584
9872 14399 8746
1190 1849 9516
7848 18156 1660
12114 12895 3332
2088 14884 2596
1548 6941 9093
11606 12185 3285
15892 17361 337
18207 19430 5509
3459 10908 1605
2603 10316 3090
3936 19961 7108
9572 10826 7400
5544 12657 380
9694 13750 8879
11866 14133 2744
676 10052 7491
6636 18119 8788
7707 17534 2670
13031 13520 3244
4824 5911 4642
101 8701 2232
2840 3774 7378
9137 12484 8939
4371 5193 8808
7721 9559 5650
12534 12537 7745
1736 4557 534
528 7636 2295
5378 15467 8365
9308 10897 7639
14482 18061 3853
7085 16382 1863
8854 11461 7029
9010 17263 5767
4351 15932 7348
2385 19289 606
7976 19755 514
5760 9685 6153
214 12740 7202
17002 17891 5630
376 889 3152
10888 12593 3610
1289 3871 2886
3199 8671 7226
9833 15710 4246
7302 19113 7030
2998 6790 8336
26 2107 5275
4772 15877 3568
10205 12057 8652
1130 4004 2278
9680 16019 3748
5245 10540 2419
10508 16896 5834
17931 18809 9543
2011 9717 5911
5775 6292 8992
17003 19197 6255
10222 11013 6733
3956 15403 3592
3353 5864 9384
12408 17208 4687
7419 18078 5111
4565 4868 3818
2544 6961 9266
17952 19534 27
5765 19239 5845
3653 15879 7991
2862 4814 8341
10367 18027 100
7145 13402 9893
5037 7352 7987
10339 10765 4518
13065 17094 6200
9880 17633 2858
8364 12079 5729
4494 9248 3703
14673 17349 8476
11924 14602 7868
8387 13834 6778
11918 13767 622
2851 14205 9753
9355 12264 5935
6820 15790 138
11848 13892 1562
177 19768 5846
2228 16105 8838
577 18722 2120
15048 18270 5421
4775 10595 4307
3158 13904 5823
3688 8174 1844
7486 8195 2251
1209 16855 1261
3885 7853 2351
2143 7694 6985
509 1192 6479
6756 10924 5238
116 11494 6638
1238 16072 5204
4069 19395 8090
5811 8393 1307
16254 16838 652
14480 18532 4982
2099 10151 8644
68 672 3877
7444 15085 3423
11855 17896 1167
12434 14016 954
10712 11012 5793
18744 19082 7656
3149 9492 5128
14248 18034 1567
16583 16894 2088
11637 16357 659
10056 11490 9081
13106 19212 6272
4146 14679 2175
17680 18858 4903
4796 14515 2177
5511 12340 6372
9500 10738 6107
7151 11067 2531
4674 9331 4100
4533 7312 18
3454 11726 9545
656 11792 8517
15965 18586 2968
231 1363 4893
12985 18070 6753
4251 17890 275
4748 13214 736
4298 14441 3330
374 743 5486
2038 4476 3132
5977 6017 5596
643 11703 9128
6067 6200 3471
736 940 6648
9468 9645 6995
12883 14675 7868
1575 12489 3617
1472 1619 3982
5659 6970 4554
1290 12785 171
1069 11906 7280
9254 15253 9026
7766 12732 148
75 1705 1066
6968 7023 9444
7236 9429 9701
3493 11513 4652
56 6738 8012
202 804 1671
8986 18524 495
703 1448 6421
15738 17277 7795
11544 11831 2499
9132 13147 3847
3433 10822 6110
5485 7765 6029
10120 10727 7068
4592 5128 9104
2365 8491 7914
1081 8333 1971
334 2947 2388
6109 6905 1115
417 19603 8495
5085 16348 4370
3696 13970 6576
6893 12900 4125
35 512 8260
7187 11839 8784
14195 18182 5859
883 12697 5663
3046 7648 868
10741 16133 8489
14693 17465 2950
158 6824 678
9179 9221 4976
14292 17303 5218
2168 5010 8426
5849 13224 4088
1358 13462 3316
16026 18235 8012
1553 15031 1172
1745 7422 1475
9312 13913 7281
3067 16360 388
2056 4264 7355
8150 12092 3119
11585 14958 8355
3028 3112 2473
912 17007 1416
2325 8099 1526
9301 13265 213
1511 1602 9095
934 8685 605
13198 16359 507
6701 18248 463
7668 17586 9510
1998 5753 1886
6532 15853 8538
8374 9758 6871
623 9022 2567
13828 18265 5455
13606 17534 2705
14577 18282 5560
1150 16849 1789
14481 18793 7423
50 413 1856
855 17346 9983
437 697 7966
4258 16372 8923
80 7104 1539
5063 7032 1336
10694 19545 6021
1319 2166 5003
3774 4013 7098
4446 9992 1082
1004 3138 5890
6695 19825 7523
3700 19846 1116
12491 18423 9656
14651 16027 2447
15136 18831 8802
2633 14549 1010
13876 19230 5606
14280 18928 580
6316 10076 4119
2939 3197 2313
2837 8144 3878
9771 13778 4567
12491 19552 382
2381 12371 3083
6367 18283 2740
12908 16666 1954
3264 9309 9919
5398 13821 125
198 1057 3288
1884 14341 1870
902 1446 6744
1023 9213 2944
4 34 2667
1558 10753 1504
3001 14042 3400
19399 19490 4995
4832 10812 3373
17482 18829 5756
245 7465 7214
2558 6619 2370
421 1566 3351
360 1425 4026
8392 12656 1934
10910 19670 5960
6827 18091 1377
10202 16516 2424
1020 13856 8652
3089 8203 1690
8700 16487 7826
1673 9678 1392
11845 14984 9677
7252 17973 717
11857 14143 8306
652 4790 4137
13734 14110 7671
6203 12232 7210
542 16711 5306
6019 9799 1485
5231 7621 3360
8452 11685 5192
128 15411 844
2901 3192 7475
13834 15105 6951
1042 5429 9400
2664 3310 5649
13872 16206 5670
9736 16642 6098
265 6293 8219
3290 9264 2519
4126 19747 6727
12674 15697 36
1450 5239 8916
5230 8915 9185
14876 15240 6506
5871 5964 5471
13771 19591 7208
4939 10299 6105
8450 15558 4105
2063 10550 7032
9099 11762 5201
6597 8699 9342
1762 10823 9846
4704 5929 8416
15231 19888 9520
13973 19769 2581
3722 7263 3721
760 1582 6630
3593 18892 5890
3804 6622 3489
2066 18665 9045
2715 3945 1723
683 730 5504
614 1465 2882
6982 13292 3503
7585 10774 8427
7702 18843 6272
13055 17652 9446
3404 5464 298
10844 13077 5948
129 1128 2973
2553 5057 6245
3455 15694 1294
241 1737 7992
274 8687 4078
965 1111 1555
3158 13118 7737
8124 18904 1515
4644 4843 8737
2169 8237 5080
403 737 7353
2714 11018 3496
4429 4529 5322
6233 19763 6695
10362 11357 1090
1989 15598 9207
959 13434 5277
6493 11644 8774
17741 19194 950
12978 18534 854
2399 2634 4044
2389 14773 9226
2630 6114 1264
432 441 6644
12783 16198 8888
2534 4599 4707
12287 16583 1686
5830 12081 6392
13510 16240 6958
8833 15976 478
9087 13808 696
3576 6517 8445
5836 13462 8598
3836 6275 2957
3242 8831 4003
1022 6918 1535
1669 19881 1948
19 1231 2784
14989 16791 8997
17063 18199 5057
12697 14314 3823
2942 4981 1091
14948 18761 2353
451 5811 9700
3500 3732 5434
500 13694 9035
4805 9603 4097
3108 5470 7510
1339 5526 9704
172 188 2524
3469 3925 8855
7949 17826 8600
7977 11934 6833
10862 17349 533
6876 8417 119
874 16057 4027
1651 19449 4011
1138 5714 4272
10476 16411 633
5034 14785 6332
8774 15105 9043
173 12039 6228
8134 15641 2978
1810 1981 7603
2157 4092 7502
2444 19107 394
12730 19446 416
1090 12154 1682
2094 6749 3018
1212 7458 5666
2009 13528 4688
523 1260 1457
1339 19124 1190
11854 15731 6248
7669 13004 9436
979 5227 5641
134 8387 4087
8624 17935 1894
2655 4223 4177
871 1046 4475
4858 9898 7575
7655 11884 9267
2923 12995 8972
8739 18010 2893
730 6434 7729
8951 9067 319
3868 10163 3913
10727 15603 5796
4568 8497 1241
16915 18163 1420
4156 18073 8615
5009 18898 827
3815 10938 7269
13302 16632 3317
4191 14262 6756
11722 13457 5954
2954 16521 8985
13576 14885 9430
11753 12420 1760
2938 15191 5351
3069 14037 5218
13966 14789 9512
13266 19235 2383
15492 19163 8250
4078 17934 4291
5421 6195 5019
3933 4260 6708
8040 9491 7571
4351 18617 6906
6507 14419 4740
3286 3694 6347
5706 9948 3248
7989 12425 9652
2714 4622 4083
12856 14336 4046
4400 13602 6637
4542 14252 328
5349 7718 851
3643 13823 8773
13168 16955 7550
4356 7504 6348
1754 11056 2292
759 2170 4986
464 761 2246
5671 6774 6665
26 7556 7399
5134 15390 8528
5353 8879 1756
4282 9047 3294
11646 18979 8682
9950 16361 7966
553 796 9210
798 15595 1299
2371 4432 1596
9999 17124 4723
4973 5155 8901
19111 19869 5757
14710 15887 5067
5664 17559 3820
2703 12777 8398
3261 19771 9563
2861 11879 7387
10326 15435 1139
5952 12163 2156
778 2265 1812
2051 16917 5272
6920 7446 8608
4996 18938 5337
1507 9816 5344
5465 16570 6960
609 1041 9415
12337 12610 9986
775 13073 4052
7025 19387 8290
6290 8111 4972
2701 11309 8052
10914 17724 6282
4182 4719 1426
2567 4042 8799
5255 18461 917
18459 19605 2511
13600 17978 5629
11766 14874 9823
15 6581 6790
1940 6629 6549
6083 13172 5536
6774 12262 759
10439 18963 6906
12028 12078 3084
8495 19196 7978
2364 16962 8610
11370 14600 6270
284 784 6626
662 714 7142
5525 5755 1150
1317 2765 8252
4171 18532 2218
261 587 1138
17409 19569 7803
2308 15812 3919
698 1759 5159
1031 5981 17
8144 19541 2637
4438 19090 5058
7292 11176 7551
1517 15339 48
2978 14160 593
1571 16522 3688
380 8119 7971
1186 17106 1563
698 13635 1885
1293 16437 8803
3733 10975 7960
2747 5001 2820
1117 10081 9317
1096 9544 4167
4369 10887 9357
10086 14934 8873
13784 16360 4950
6862 9755 6933
1520 1588 2116
3 45 3995
10041 15875 7535
10042 13739 4243
4971 12274 8753
2124 2827 8603
3621 19830 2705
1019 18331 2427
5750 11622 9518
724 3973 9198
5887 15227 2600
869 6965 5301
4623 18310 4585
9338 9454 5575
11828 19294 4532
3866 6333 6000
17882 19191 5290
6116 19783 9736
7815 12470 6445
821 13338 8654
9899 17195 3081
1772 3568 1663
9212 10727 6251
1460 10390 5814
5080 19350 8516
9302 19822 7706
4858 7166 1353
3914 8995 4463
3909 5259 7731
418 876 1797
16870 18004 3993
7552 8299 6989
7546 13104 8065
16344 16376 714
5122 16744 9953
18288 18358 5336
5789 9563 8260
15273 19897 6322
3009 13426 8360
4416 5232 9012
3571 4671 7935
6346 11932 9891
10892 11567 4250
22 8206 4245
15253 18409 6106
5405 5972 4263
8231 16043 8304
10438 11917 9947
8759 9297 3650
7068 19789 8186
411 817 613
9229 13139 877
2383 5061 5588
4036 9424 5223
1770 19855 9302
14278 14557 9371
3130 10204 763
4452 10128 4684
2377 5548 9815
3629 7173 4246
2966 17652 8651
1004 1020 405
3745 6968 8025
2322 3658 4291
9128 15209 7717
12779 15421 966
11632 19066 780
5619 19500 4051
166 4164 5522
81 3628 409
2391 8071 1935
9625 13565 1645
2119 4676 3664
5295 17245 8445
1551 4009 5201
12205 14343 4293
7290 14975 6384
8818 9310 9716
5463 8577 5735
12764 16618 6278
10562 13409 9723
916 12748 885
8987 18893 2725
9439 12012 9935
3683 9021 6659
80 12583 7851
3749 6599 1272
1461 9028 4998
1354 7870 559
8674 18833 2781
5278 9330 1214
5470 8183 8623
1725 18317 942
879 11954 9493
8002 17011 1855
826 5884 6692
6554 12697 9328
1003 3601 8037
6717 18358 9194
23 2501 6093
80 356 741
2314 18983 4869
5032 10320 5539
625 699 7449
5544 14119 6411
4310 13111 3460
4556 10520 6967
15356 16827 9848
13613 17732 4063
2209 12435 4606
7474 11630 1156
2291 9021 2420
14316 19160 8747
13929 18661 432
11224 14656 6264
4905 10524 3659
8343 8502 9835
2240 17004 313
6012 17624 4904
3219 17527 17
6437 15540 8284
5168 6297 6536
733 11140 1604
6250 6402 9170
3449 19870 4950
3799 5055 1710
16706 18404 9736
1512 15592 2757
8426 13087 9348
1742 12293 4963
177 385 8916
15579 17654 8001
5525 14632 4944
5252 11714 7140
9258 10416 4151
7807 12217 3679
16 401 785
13610 13907 845
10624 19601 5166
256 11208 3441
16285 19177 4272
1722 13924 6238
4908 14000 6238
177 8785 8512
5916 5935 2027
2416 2904 8897
6183 18583 5608
7178 10019 4850
90 5062 5605
17563 18978 3853
5969 15403 9051
1733 16554 6032
8835 19669 9975
8748 11327 8771
11776 14841 7101
3705 10720 6540
6614 19426 6163
1938 3933 5480
10451 12879 6364
3313 17684 3524
6591 13871 1764
461 555 3767
1734 3854 3582
878 7664 5187
486 3329 7031
16637 17915 373
3597 19367 1649
1894 2233 5331
3082 11810 4674
8860 12731 4525
764 19698 8489
17160 19319 4163
5111 12830 9363
3951 17648 135
116 13550 3239
4924 19091 7499
1086 1240 1153
2558 4881 8069
8074 11249 7585
3004 4730 5759
11002 15600 2292
6038 10971 9819
3707 4924 3999
1307 10533 5113
2308 11587 3013
6539 18147 8827
4860 19126 7719
12450 15805 7903
14467 19989 5937
5599 7483 688
743 13510 5615
6435 8545 6767
8226 17238 379
2567 17229 9859
9613 15085 4631
4515 12738 7623
899 9692 4035
4829 18804 2641
8160 17572 1892
9656 17797 8749
5212 16223 9701
12213 12651 8718
3599 8592 5026
2664 4673 475
4865 17973 9577
4862 18225 6888
5713 7025 1108
12947 16766 8398
9264 14041 96
2013 18672 7777
2053 17301 7457
9255 13068 673
15823 18103 16
9827 12415 908
7098 12343 3457
8009 8066 8713
440 10868 1394
7167 11315 8410
15041 15311 5507
4439 19926 284
541 4197 798
2913 5645 8486
1475 8653 9785
8103 9236 4559
3565 13758 4736
9477 10118 3697
170 1551 5081
7270 11597 7832
11543 16701 34
3591 4841 1713
11700 18209 3596
3696 5972 4231
10848 19546 312
1435 2168 9074
8626 14743 4745
1563 5470 4367
1757 15088 4292
5051 5889 8927
2587 19449 1302
3 4835 5593
2553 13167 1906
10118 10997 496
4592 18692 6838
752 4612 4244
8846 13632 3102
10302 11932 4066
2470 2840 9514
1014 1135 7667
7215 17732 1218
11177 19864 6324
6869 18713 2072
4551 12448 4049
102 193 5858
7858 19716 4070
2698 16835 3744
11456 12046 7222
369 8079 2286
2232 12363 2132
1 7170 8103
6425 19658 9093
4593 7639 8169
225 527 9344
5476 17726 4379
13195 19230 1509
1072 2875 2032
7278 12318 7722
2463 8059 742
8229 12914 3029
16507 19986 4803
429 2248 1705
5038 8065 1318
4603 18182 5273
3663 18724 532
4891 11618 3053
6044 10334 8178
2126 5448 2581
155 11356 4438
8843 13579 9144
93 17174 2828
1064 13728 8877
6452 10907 8989
2849 3773 6775
3761 7509 4796
5036 13445 2861
16594 19612 8992
11559 12608 759
10779 12023 1851
2284 10715 9260
8986 17025 7449
6171 12282 2744
7415 13537 9359
8277 17937 2313
5304 8966 4191
508 841 8347
2952 10536 1457
4632 18260 1276
10170 18507 7794
8980 17152 6788
702 4193 504
17044 19542 4614
1914 1957 5955
8085 13788 2560
7127 17163 3630
5368 8521 2157
4649 17323 9902
7584 18122 9074
8907 15196 4776
1311 4076 4211
88 9262 6739
8731 11452 1879
2436 17510 3271
6896 16781 9204
1672 8109 1079
1398 5560 5147
1158 6156 2542
3442 15673 2445
6301 11330 1320
4547 5141 6787
613 18092 9339
7445 18332 4786
12464 18871 5403
2518 18671 9292
10122 11448 8652
3028 10512 7686
682 14452 8534
2252 7043 9078
108 379 523
5872 6117 1202
10219 12163 3318
825 19088 7152
3500 9826 7319
2614 12535 8885
7646 9437 3170
12312 13277 878
11939 13224 1893
9127 12350 9377
5863 17276 9957
15334 16755 2095
4081 12768 289
5175 8980 881
1277 19505 3387
279 469 4768
13437 18885 3677
5070 6329 1632
9792 14076 9502
1743 19651 5974
1965 18484 3473
328 4017 4998
2092 4633 6511
4549 8331 8107
10415 16743 7915
2467 5758 6813
482 1742 6673
9535 17483 4502
9489 19223 9488
9520 12335 8215
199 976 2426
1435 2234 978
8276 15346 2518
13307 16332 1009
1935 16648 2399
13582 13763 6956
411 1924 1435
4470 11268 6828
3853 11098 5938
12931 16215 2376
9582 10992 8758
2804 15048 202
9585 19053 990
13309 15069 5249
11847 16227 4381
12156 16120 244
7946 16268 9043
404 1668 6474
11350 14373 7693
1559 3872 5972
997 7958 7205
7608 13193 6160
10372 15357 6584
2584 14865 4861
1177 12190 3882
5820 6583 5427
4970 12336 7744
148 9404 5385
846 1829 7059
7027 13695 2256
2784 19951 6087
2603 7042 1245
17366 17568 9787
2573 6469 4118
5898 10988 6684
10941 12419 251
1281 8893 2991
454 2391 4262
2184 6190 1591
828 5189 9630
235 11730 1385
185 3229 9182
15418 19256 1898
8755 14201 3789
12942 12977 3193
8577 14391 2429
4234 14409 8571
3420 19923 2388
3967 18124 7040
6245 7889 6971
8517 12035 6920
10734 12677 7881
82 5459 1011
3988 16070 5676
5280 15720 6083
12590 15925 331
11472 12628 2994
10230 10354 8518
941 15548 5500
1191 19573 7447
7091 8502 4644
1065 12360 1888
868 6578 7214
3259 6372 8474
10467 15473 4442
2445 4681 971
14647 18042 489
10367 14286 2906
4195 4851 9855
2910 11345 5337
257 6597 8218
5004 12848 5007
110 19557 2768
10025 10306 1219
8100 19154 5720
3495 4138 2895
3667 16527 8794
6081 7701 5472
7829 13841 3305
647 13815 1547
4416 11908 5308
4409 17579 2635
9676 10221 3011
461 642 1543
1792 8742 9802
9023 11802 1148
13643 16576 1431
19689 19907 2795
2690 11389 1795
4046 13817 3643
505 4029 1448
16999 17893 9258
6135 17363 4528
8309 13965 7918
4596 11869 5488
8759 12556 4321
1377 3126 3805
1559 11458 2134
4226 9980 3661
542 2252 8402
18959 19982 2539
1744 11391 1163
4453 5099 7973
11482 18132 2310
321 6911 8043
4439 8807 7015
3361 11736 4514
7846 19241 3524
8398 10042 7069
7834 12040 6476
2236 4221 1011
1017 18192 269
7214 10357 2581
7994 10027 2050
7357 19669 7464
16629 19756 8728
9218 9774 3958
613 18816 6499
2104 13114 2273
2096 12953 3991
11394 11684 8426
105 17181 7512
1091 14791 120
438 4640 5541
12293 14398 9573
5196 11383 3165
10816 13064 8503
623 9018 7830
11817 19315 1170
2811 8311 2650
221 3532 894
203 19329 7868
3070 3217 5520
1571 4208 7815
3566 4430 8209
7316 9881 4222
5104 17563 2603
4669 19579 4706
15173 17554 5529
18778 19464 928
6303 8588 6638
3968 4746 7755
1093 2565 2100
3584 3735 4587
1371 4345 3433
4188 4835 1095
3846 5092 3523
6740 9385 5981
10002 15912 9524
5444 8940 166
36 1751 7565
3438 18967 3331
8391 17888 1971
4352 19013 2053
6486 16361 2887
37 92 6081
6989 16863 7360
3869 5042 683
965 11338 4281
5090 5152 2959
11439 17173 4200
6259 14075 7944
918 4147 9615
11488 15521 7455
11197 17860 9421
4734 17135 1708
8171 11645 1077
11565 16990 7499
1534 4884 7552
2990 6091 5545
5646 8442 8028
3366 4536 4167
6960 17358 5632
2439 18232 1375
3025 8842 3831
2018 18644 8455
272 4578 128
2801 7758 7234
7552 16459 1295
4030 12248 5308
1483 11047 7735
1382 2506 9094
1130 3266 2362
12713 19319 7989
7214 10970 1317
17042 19238 1218
166 12429 4718
2433 17382 5869
6433 19191 7720
4643 5748 7018
368 4028 2209
16281 18250 7679
171 11901 8716
550 8244 4001
483 587 5644
8245 8262 2147
390 3573 4857
8103 15402 1361
1853 8618 5439
2747 18432 7411
11983 12221 9557
5275 7520 6894
14493 17668 8594
191 9436 7411
4916 11133 4978
44 13369 3332
3682 4388 9128
9244 17861 4823
1243 2715 1451
3402 7450 9683
1662 9326 2960
2012 5874 6015
2762 7956 3596
2648 4072 8940
1295 1449 1399
2558 4398 7896
13409 18716 921
8990 12566 9121
3778 8496 4467
13758 14834 5669
5333 13397 7090
5724 12100 1941
722 19994 8228
4378 12680 6616
253 6178 2769
8657 19215 9538
7173 18112 3833
1364 16823 4295
1190 16508 773
14296 16571 8564
6184 8905 8010
13565 15653 2804
1274 2780 3510
5490 10679 8773
6768 10244 4021
5160 12578 682
3198 7687 1242
7068 13824 1377
9301 11700 2779
2158 2653 1064
14419 17873 2985
12420 14245 9645
8854 13013 3590
4671 6584 6301
17819 18916 2054
2554 16208 3126
1966 10978 8591
18197 19011 2069
1641 19122 8524
2151 14217 3155
2419 11279 5077
3116 7871 8401
2021 3081 3652
5406 14188 2418
1544 3517 3454
1811 7458 739
14418 16578 4815
156 301 2901
2118 6270 7406
2239 11455 298
2537 4306 8076
1854 11438 3844
5062 19684 5102
687 15296 3688
8890 15654 6839
12334 15264 3941
570 4825 980
6695 13399 4734
5768 6733 4234
5475 6713 611
6825 12033 1186
3608 12586 6177
1683 2444 3726
9305 9739 9611
9271 10041 9195
8288 10784 4647
6646 7001 7711
758 3339 3962
800 18973 2681
1976 10789 8613
3313 6383 8157
30 400 5784
15328 19384 4006
5674 9012 8256
5932 13743 6653
4840 19294 2000
4938 16546 2379
4322 13377 8398
1828 1892 2526
391 2780 5868
15407 16618 3815
16195 18984 5216
16248 16374 2312
1033 18450 9333
5536 18365 3209
180 7011 50
28 1426 6203
812 10345 650
3288 12539 3596
4451 8715 2642
3592 7063 9775
6512 8546 9961
3464 16326 1132
13108 18173 935
11995 16730 6728
9597 19060 1505
4315 17400 4385
11514 18443 7324
4056 4168 9046
7303 8578 5412
2127 12855 7134
378 8294 1191
13480 14657 1391
6421 8370 1750
1718 5223 5759
5467 18323 8682
33 718 281
4920 8879 1181
7751 17393 6591
1153 5651 550
967 9230 2301
1180 1320 1754
812 982 1881
9729 14430 8904
5642 16190 5781
2714 5725 7027
5680 16557 4810
364 2530 7190
365 18136 6499
589 1769 3591
9467 10991 7629
2832 3305 6456
9088 9710 922
5381 7989 7638
5462 18176 8073
942 4349 8478
8664 14561 9332
3700 8741 4024
1392 1867 9668
806 4121 7529
9157 12602 6668
12495 13471 9003
9209 14748 530
441 17594 7539
1637 9258 4845
2371 5722 649
4510 8060 798
5316 8862 4791
797 5035 2144
11665 14671 6946
451 7297 7274
2694 9482 9827
13738 14169 8848
976 10018 1355
88 16558 8522
3665 16465 7344
7337 12225 5478
15449 19338 7090
10829 16861 8353
1577 5963 5286
6517 18126 8021
4152 10827 8459
8010 10273 5585
115 164 7093
1502 4308 3760
1015 10075 7233
6665 15416 1152
121 1868 6664
3362 6938 4167
1555 17490 383
60 559 6166
4674 17311 2649
931 14397 3338
813 8212 6975
1177 13618 3949
2402 4170 7262
1953 6969 5660
4517 9249 6599
347 442 3008
4336 6629 6407
6099 15205 9628
13669 19308 2763
8186 17296 4529
1294 4165 6560
6268 17843 4834
1659 12718 6803
11330 11396 568
8268 13758 6407
7697 9183 6772
515 11400 9946
6736 18614 8119
11050 13366 7789
3688 16526 2181
6194 13061 9305
6797 16560 1071
8083 12089 7322
3679 8610 6837
10165 15415 4332
4038 12839 4092
1272 4020 4394
4272 15280 9228
1634 6353 7758
13648 15129 9673
18154 19686 6164
3140 16100 5048
9390 17984 1411
9359 12616 2316
12279 13089 8456
1268 16643 9487
156 1015 1089
1172 7724 7436
14174 16316 2666
2367 4392 7185
3363 6880 1346
783 3941 9835
19 22 511
12213 16464 6116
2794 14542 6921
10729 19622 5322
11231 17866 7309
939 17439 2567
8726 9096 7503
5296 15798 5608
10465 16909 3440
506 5723 3208
8897 12988 1475
14985 18939 7405
1947 4523 5206
3541 19819 2673
571 19435 9670
8002 10410 7971
1729 7650 3518
6068 10592 15
5787 6250 3893
18435 19092 1618
16839 19823 4796
3085 11543 4249
342 5202 8070
17486 18099 282
8105 11153 6440
8163 14525 2410
187 6697 5911
8213 11852 2617
14642 17164 1908
8568 11307 6444
951 1289 8807
166 304 4270
8615 10737 6374
5520 17213 8210
14557 17501 4663
4565 6802 3840
5927 16367 3744
8622 8855 193
1534 7410 4175
10972 15494 8019
2448 12383 2613
17752 18108 8660
1599 13322 2262
8486 19441 4424
2316 13347 8175
97 19155 6744
5886 7297 3717
3715 14515 3296
6514 13997 3144
2305 6634 897
4108 11534 1154
10091 18267 2060
2559 14156 3753
5348 16650 5820
5106 8325 1433
2289 10688 5514
1790 2116 7995
1507 4970 401
7800 9428 7994
457 17614 7471
12668 12831 4188
5800 18350 2821
8902 16439 625
12914 14948 1509
5901 17443 1507
196 4832 2887
317 1376 5600
2113 3728 9821
2081 10190 1101
4443 10746 6546
8016 17831 8261
9882 18038 8237
7749 8907 1289
5231 8534 7903
2144 10552 8404
7649 12852 3956
14782 15084 6495
3862 7073 1886
14817 15974 2862
570 1836 5349
595 1342 1594
14963 19008 9814
2101 12023 5184
2824 3975 8716
7409 9586 9948
2777 15323 2430
5249 7858 1563
2731 3147 6633
4414 12497 6298
8124 19217 4890
3837 13796 7630
9947 11340 5725
2749 4607 3818
6422 19559 1327
8673 8785 6498
11264 17126 2976
16355 17078 9967
2848 3767 8707
3310 10949 5792
7127 18068 1757
10840 11366 9800
391 19327 3364
10249 15412 9068
5219 15567 5504
19031 19230 3014
9180 17726 1823
866 9020 6078
7924 15306 1059
659 19044 5904
3794 5305 9950
12957 16748 5235
9846 15112 9025
72 1070 7855
4805 18683 6095
5927 10560 8687
11991 16721 9019
1088 3473 1249
184 811 9272
11982 12400 3891
1786 4581 7839
5778 10209 13
1207 9103 457
8713 16537 6067
1402 11388 4746
3019 6000 409
208 212 1460
1976 2687 4391
13813 18253 263
14285 15044 2352
15137 15658 2385
1845 10404 4494
2446 19139 984
3149 10617 382
5242 15957 32
15079 17630 8421
3361 3933 8658
2725 6543 4871
4868 5800 8302
1217 14847 3743
8993 9937 2552
4562 11577 2774
3469 13510 8437
1897 10840 5466
1015 1543 3847
2797 12130 1519
11133 11397 8656
1418 11064 4989
1744 6638 267
6671 6983 5040
2756 6069 1321
9566 19896 9566
3385 14325 1731
3588 13093 1333
11986 19322 4435
3596 14517 4491
2165 9211 9553
6341 18526 2174
353 7812 964
12361 14846 5205
12442 17238 495
11360 13094 6192
9500 15339 7893
9133 9932 3217
2367 2808 5189
8038 8952 2163
7466 17993 4246
11890 17603 5352
11316 19770 4925
6922 19097 2146
3669 12902 846
13172 17757 1182
2785 6564 3533
9105 14092 3373
2434 3492 2768
1079 2024 5501
14208 17960 8028
2838 4721 8699
1448 11361 3228
1003 1481 8442
10094 17883 5143
261 2120 977
11671 15226 9134
9799 11444 5981
10795 18140 9487
11785 17670 5833
1695 5677 510
7398 18820 8301
6647 19527 4467
7184 16872 2733
696 11553 9252
1326 11759 1313
1461 15699 280
14735 14923 2010
1024 11185 2159
934 7802 617
9919 10221 7282
625 9083 1440
2603 8652 9242
1948 9179 6312
2993 16985 2364
1400 14083 1464
780 1970 7006
11097 11565 2321
4226 5437 6267
5598 19469 6168
696 2616 3645
823 13185 1127
4533 16174 9451
15186 16946 2545
16263 16689 1265
669 2762 6042
13630 16275 2457
16351 16998 4731
3691 8990 5463
8849 17024 1887
5910 6022 9997
154 12119 1482
874 9401 6761
3845 4010 917
1309 6614 567
5745 14208 4149
2541 12804 9456
11620 18071 906
11857 13381 6343
1940 13652 6272
11742 13752 7642
555 16328 1126
9108 13890 8694
2164 9684 8345
14234 18671 986
4442 4629 9346
13160 17959 6676
350 3358 7231
15336 17094 4030
15343 16259 2374
5181 9207 3526
13900 18951 5407
11092 14143 7040
6595 10242 1886
6225 17763 6881
9704 15627 1528
13526 19121 9304
798 1080 1312
152 11684 8481
6402 18107 7315
1078 17889 8825
10738 15169 4949
1446 4723 3257
14625 16039 4335
1097 18794 5122
18214 19884 4650
3766 6282 8720
9539 18038 7917
4200 10659 5978
15417 16590 7116
42 14408 1662
5125 5913 2085
10542 13333 6201
1400 4936 7980
9589 15246 5933
7857 19005 9811
18393 19494 1359
9154 19528 4399
1203 4362 5743
6110 19659 7825
5526 13245 4917
8136 8896 4541
4969 15631 3492
5061 14514 9114
1307 5907 1867
8992 14483 1060
14127 15244 1687
7131 14492 2907
220 4188 4620
7330 13238 3053
21 10479 9552
4503 12232 4451
4507 4749 5582
59 106 918
5970 13563 826
5292 18321 3758
6664 14858 8980
2498 2629 9526
7314 14098 7621
1132 7737 5305
12864 18519 7849
2406 11684 9038
6071 13806 312
3966 8354 905
9714 15700 3051
5972 14134 6768
705 7403 3765
9126 10899 5192
857 2635 3660
1153 16898 2551
3810 18379 619
3231 3274 3831
609 3433 6977
558 1471 6214
10653 15129 167
15097 15456 1986
8730 18954 2801
13448 18501 3092
9285 14707 619
12690 13139 2022
58 273 4419
10985 18436 8614
14407 19546 6977
2593 9211 1359
1901 17455 2486
14342 19425 4022
1927 17527 5417
8565 14985 3039
4553 6913 2670
16986 17675 8798
658 1031 5742
1996 5916 1052
1325 17386 1283
3323 5021 6087
9618 13136 3996
12053 12415 2861
1540 8715 4869
6174 8451 4857
5230 13819 7581
853 15770 2884
685 866 2129
2369 5940 5421
7071 9959 2042
1111 19936 1566
825 2592 9069
3136 10727 883
33 54 862
11873 16891 2008
10776 13829 4875
4750 9056 8870
7675 10544 4770
2985 6976 3766
3477 14619 4803
2990 9437 8677
4561 5805 2659
2318 16516 3242
2122 18088 30
8229 9096 5764
2504 19850 8158
1083 1629 1438
12883 16714 6662
9318 12357 3713
915 16869 4693
5962 12937 1368
9318 11130 9875
5341 5629 3746
3048 5777 2601
694 6264 2373
16785 19711 6178
4491 8222 2532
3764 8263 2886
5814 11007 4308
2782 19842 58
3926 10294 2531
9389 15768 3299
4802 5120 1649
10934 19520 7342
1560 12353 766
8061 11209 1854
15246 19949 9274
1711 1905 3275
4932 9665 9491
17532 17913 2681
7842 18915 9016
10115 16019 3560
1563 5035 3028
10125 11795 7117
6722 12062 1161
4272 12506 601
9207 19608 1351
10932 18272 7324
348 6053 1037
14179 18685 3388
13433 18154 5423
10740 18354 35
3191 19899 4607
14998 18740 3434
9740 12273 7283
6284 13566 1086
13643 18614 1275
13753 19364 6843
5496 14133 9271
3591 9946 9906
7874 9876 6398
8558 10670 1951
6473 18931 9502
12408 12930 8435
1848 16109 3128
1557 6081 8482
4790 6972 8516
4300 10030 5346
4731 10764 4893
6253 17887 1553
4557 8121 133
408 7129 7109
4598 14333 3983
9756 15338 5376
404 1116 7444
11355 11676 9602
8293 13358 9423
2921 4150 7948
3512 13552 8605
10902 14106 4407
15095 17522 8195
5331 9116 5981
1462 1720 729
17389 18360 1520
10401 17554 6488
2120 18301 5414
2671 19937 3295
5522 11659 5728
4522 5431 5751
632 12134 2283
5037 15468 8184
1859 17560 9721
13076 17954 7879
2120 8829 6097
7587 16135 2902
3337 14396 7457
1051 1314 7047
662 2601 1962
10278 11726 5872
7834 10283 8767
8274 14500 9111
6450 13084 2274
1349 13758 3610
12260 15985 7208
9885 13949 965
2655 14150 2723
11536 16295 345
15806 18106 2226
11234 16355 9436
3487 4710 5288
8296 16169 6178
14660 18161 2510
833 3292 5134
785 1429 9888
2812 3634 5966
14827 16458 5137
5068 8820 3432
487 9585 2279
2678 7527 5125
4242 14145 5230
3006 6043 5940
8235 11348 1687
8252 12251 8105
6365 19484 7977
866 2862 8995
4863 13412 3600
8246 19183 7462
15059 15493 7951
3907 13960 9956
930 3640 4463
9127 15728 9396
16689 17674 5615
3295 5447 4204
10891 17309 8829
1167 8378 1224
15127 16041 2963
2163 2887 291
4030 7081 2950
81 10094 2244
14435 16177 5727
6654 13404 4037
5054 5592 5194
11014 15796 9608
148 5980 9137
10865 14535 1473
1213 2152 2539
5486 14501 9107
7677 13879 428
12204 17339 9273
14137 17392 5026
3836 10271 2110
2654 8530 4037
426 5995 3
4574 10823 8016
9979 18566 108
15055 16316 8393
2069 17406 5583
13246 19407 8081
13096 14984 9475
271 11258 2627
3715 17715 6975
7326 11048 4894
956 6216 2679
764 17840 5190
6460 17498 9592
5264 14432 9242
1172 1847 5188
8408 19880 8058
2616 7664 2972
1302 16375 4794
8226 15540 4870
12332 18518 7579
3253 10958 3270
23 886 2309
13512 13722 1984
14014 18546 6617
7038 19564 1882
10729 16757 3696
16377 19463 7350
15435 15668 2196
12711 18935 283
5906 10491 5307
11308 12258 4789
3499 11105 5882
1385 17723 3157
4005 16188 4565
2740 8445 259
6041 18207 7761
220 17156 5579
8178 10310 7539
64 235 4141
6060 13936 6425
891 18964 9567
1313 6947 9656
9332 14727 3539
2152 11277 1155
7130 11737 2293
2404 13901 566
4917 8261 6952
2141 13509 3570
7099 12687 4971
585 1145 378
13266 18503 8302
7034 14050 5437
2733 12441 5065
6696 9468 1523
10149 15005 4488
439 7741 2035
4230 10049 1269
9939 10811 5603
7665 12036 7227
9018 13364 7501
5260 6699 1409
7801 10682 17
5941 7834 1032
10568 16429 2489
2696 6172 1039
2783 19960 2044
471 18805 2647
5593 15551 952
2546 7659 7513
967 3267 2048
1690 15651 9696
15810 18121 7585
6675 6814 5335
9116 9870 9580
10961 18083 1235
3056 3754 6903
8398 19894 4214
14204 16972 2439
2924 13902 2125
6004 8363 848
2736 13736 2682
8523 10212 62
9609 11395 3466
6314 13054 7594
11509 17878 8360
5561 14585 3192
1225 3938 910
1285 8442 7763
2406 16941 2383
7142 7212 5786
15684 15743 5338
839 1706 8076
1200 13622 7438
498 1662 478
3755 3966 3529
264 18244 8786
2375 6926 3132
4510 18613 1119
1242 6147 2627
6246 15244 1024
11067 17194 2495
1062 7781 305
14144 17602 6235
14798 17799 4487
10963 15131 4028
12256 17370 3839
743 1879 1918
12576 18069 9959
14089 14190 4350
807 6150 5758
5679 6990 7250
4414 8118 5085
1874 5473 1163
28 1049 717
9359 12424 59
2634 6833 2097
6754 7731 944
5983 17578 1502
474 865 2472
2833 15536 3990
232 540 7085
178 1275 2411
244 1120 4493
6760 12245 8439
14664 16303 574
4031 19919 3139
271 1616 7751
3624 16333 4814
3084 17792 8091
4040 8151 7341
189 975 8560
3133 16393 6302
1279 5599 1959
5548 18497 7958
5327 16207 4999
3432 7256 3432
4386 8017 262
12403 18546 9816
16292 17739 274
12311 12811 3471
6450 14928 9552
2723 6028 70
3071 11385 6141
780 5289 3296
3988 17988 6936
2760 7163 2232
10924 17239 6099
93 9275 9722
436 6431 9683
14308 17194 7571
6770 16038 9040
6169 7850 4774
17563 19872 5269
4533 15696 7153
8249 13404 1461
117 1442 8950
4797 13588 4375
3463 13805 7092
190 7899 5480
1325 11902 3404
16226 17582 793
12672 12732 1999
3163 6420 6452
3100 9484 2296
7401 10844 6251
10580 13099 8881
1651 15833 4709
1716 2104 1552
3558 8472 2622
4027 14815 7352
5487 8217 1155
1528 3007 1303
1418 2735 9247
1560 14918 5295
1370 9434 6874
1838 18957 6668
8274 9587 4853
12281 12694 6175
10546 12695 8615
7416 10215 3857
2683 6809 8868
2842 18575 90
5817 14052 503
239 4486 852
1861 9463 3308
6225 10508 523
8709 14884 1425
10102 16013 3127
2096 8737 2184
3879 6590 9804
7802 16624 3230
9323 16828 6800
6040 7333 329
3714 14252 8987
15770 18710 2905
531 4052 5670
851 9652 757
1249 19108 4336
1106 3519 2095
4808 16738 2531
3543 11473 1238
14471 17651 6068
1989 12793 9138
3864 8057 245
6784 12556 5977
4276 18811 545
2019 8736 3056
2443 3438 1837
6496 9752 115
3299 6763 6176
2054 19816 6917
1488 13386 5822
8953 18189 9061
15696 16473 7933
14462 14825 4402
6168 9578 1841
922 16577 7275
10479 16671 8530
7549 8511 6456
11743 16216 3439
985 7951 299
917 1808 3400
10757 17801 8692
535 17336 2400
10236 13088 2405
2857 6632 8225
9622 10168 5593
2814 16040 3602
16087 16839 2940
9578 14404 6364
2467 14526 9874
283 704 7155
1525 12156 780
7203 12428 5890
1019 8394 1563
17114 17298 1722
12193 17387 8274
220 5432 5503
127 910 9850
9025 18396 3148
2646 19057 6447
3744 5985 3480
10525 17116 6936
829 1524 5678
755 2039 5916
12155 15350 1461
1799 5988 1092
14886 19898 2550
5172 12994 9565
1283 7620 1593
169 1388 5485
7952 10183 5106
1580 3533 6749
589 13902 2771
3967 16688 9364
1433 1638 9010
5597 8229 4936
7137 11803 2553
4593 7141 2279
4034 9615 5005
6512 19479 8921
1910 2626 8383
458 808 7207
3172 5190 3206
4157 11998 5543
5086 18722 7029
8665 12841 1079
7280 15392 9057
6176 11688 1856
8826 14992 5797
893 2302 5062
2075 15106 9886
12021 12797 1155
206 12848 2485
10294 16980 4062
3127 5315 94
8228 9723 7235
562 2447 8927
11392 15968 8321
555 896 8729
10745 16592 7262
3580 19041 5643
15439 16533 8432
14199 19533 7724
3955 5353 4328
2956 6273 4948
3687 16617 9089
12455 19961 5698
7548 9989 822
1103 14171 4940
8352 19787 419
2152 8595 7769
1419 12997 8489
5423 5751 2216
832 8512 4123
15855 16077 4026
469 1050 2221
13528 18992 2387
13184 16056 607
9232 10552 5756
5690 16750 3508
11092 15381 8365
11020 17797 687
14899 15624 3049
6433 16445 2208
1086 19491 3980
1535 13884 1333
4802 12238 2119
3998 9271 5684
8500 9555 1590
18436 19001 1929
12627 13637 8881
3266 8891 7426
10135 10762 369
2278 14120 1595
1498 11944 9263
748 4389 4109
150 1151 8398
15619 19698 7455
8607 8990 5921
724 1198 1715
260 4236 1139
15013 16613 3122
3365 12761 7401
16334 19776 1981
846 11716 2276
647 2962 3384
10551 18112 6931
3064 9673 7005
3773 5386 6136
808 2558 2231
1094 16572 6594
3455 15696 6243
3814 10001 9712
2369 2549 5530
3172 12520 5281
4505 18120 63
748 2461 3274
8487 19356 8063
1164 1565 4815
10236 11374 7682
252 3671 2549
3059 19836 5228
9585 11808 2216
2468 13237 6461
3571 8910 93
6609 8878 8210
2904 5928 617
2548 2791 5033
10419 11265 6789
5337 11940 5401
2 6694 7100
11166 17393 4308
10546 18330 3418
10675 15712 5868
964 8977 937
2047 10630 6630
1093 10132 8618
12155 19980 5685
3763 8246 3643
196 2030 6756
1520 10452 1909
7193 16578 3610
1648 18069 9632
11291 12409 5195
1016 7942 2799
185 5502 821
1518 11827 5333
2876 9322 7931
4417 9405 9192
2834 2907 7740
5681 13080 2333
5242 6244 2152
5469 15033 8249
607 7300 7188
7079 14401 7644
3978 5977 7797
7518 7689 5102
6850 10230 7365
950 1035 6188
6421 14384 4993
2630 4440 5694
5679 7396 6860
196 19764 6276
7736 15572 2044
2627 2872 4064
276 283 1393
4319 9237 9401
3152 18721 269
7259 18124 7328
14235 17822 3257
8753 19340 39
865 6507 3575
1479 1961 9345
10782 19087 4333
608 2883 3907
16483 18192 1357
14684 19176 6457
1109 7024 4502
10007 14864 464
3596 3991 9202
9371 15769 5651
7218 17994 3584
15720 16914 4530
16236 16751 7963
4905 7914 3487
5612 15494 9379
3350 7906 5389
886 14250 8555
11806 14612 3448
12908 19445 3906
2899 14906 9922
8690 11503 6957
680 4830 6853
7520 7987 2622
287 328 5335
10599 11072 8895
3198 9066 6610
5351 10987 9473
7035 8872 812
1175 16252 6824
1968 16879 4792
132 17166 5024
200 225 7411
15905 17553 6359
2275 11192 3424
2088 11347 1513
4545 5708 5941
4063 7354 7943
3558 15241 6045
391 1725 9843
5446 5627 2033
8889 10229 1863
5535 12146 6057
9516 16019 904
13819 19681 7170
2657 6616 2052
3885 17538 4455
3664 14284 4531
3677 16622 6984
672 1629 2576
247 691 6008
6320 13221 7855
8251 18263 3581
1880 6696 5508
3943 5432 148
7064 17090 6344
3860 10585 231
4580 18537 5584
2606 11005 8384
4081 9535 2964
357 10240 7702
9717 17965 6555
3740 10830 2043
12039 18508 4674
16081 16955 1347
7284 17162 5034
13238 16864 1331
7233 17727 6056
4285 11700 9086
125 819 9094
11532 15563 8215
524 10669 4200
15218 17704 8793
6449 13365 2681
11639 13299 2271
6869 10797 4308
938 1218 5496
1382 5186 2924
4276 5254 9457
10790 14199 3951
2470 17631 3765
4067 5140 3708
3928 12305 4062
10884 17952 266
3074 16389 9280
7145 8662 8705
8633 13344 4458
5448 5981 1801
650 15075 3491
1718 9720 9907
1393 19047 2555
7618 19332 9605
4839 16676 3870
7808 16742 2820
2823 18878 6785
2249 17565 4441
13606 14921 831
1958 3028 3843
12586 16358 3854
2287 12636 1965
2796 7325 2662
4624 8632 3279
7535 11501 4541
2047 6682 1133
5179 13284 5405
6069 19674 4476
6515 15823 2768
2783 18386 4288
7974 15152 1274
6527 11062 8208
16322 17371 8209
6283 10321 1451
2458 18331 9583
3000 3695 8477
3171 9205 3777
14809 18957 7839
7306 16412 7209
5038 18536 5285
2566 18073 5692
2638 12975 1846
3223 8010 8497
17999 18737 2009
7764 9120 5624
694 9277 8637
3156 5458 5269
1760 9025 5334
6570 7924 9457
1472 6776 8359
1275 3189 5126
7000 7393 9686
2236 5266 5811
4713 10944 8826
1550 10405 1773
6351 11433 9203
5058 5233 7659
6881 18584 4141
1704 10760 2949
18550 19337 1902
722 13370 2561
8825 9141 206
2147 4052 3457
5699 19861 9466
5016 8758 3871
15705 16265 1427
1513 4367 5055
2367 2677 7532
6904 16431 8519
4590 14651 2777
7548 12416 4491
1200 8472 891
1667 11867 9976
2430 2763 9686
744 11349 5753
2066 4959 4206
2796 19981 5531
1469 4917 3596
10069 18529 9309
497 507 2724
457 959 7685
14793 15416 1691
116 153 9601
9130 9450 5469
2976 12982 7519
4869 7608 1685
693 16530 9632
286 2773 6620
7081 10254 5122
2368 8738 4153
14095 16009 5583
17114 18961 854
18200 18754 7471
14280 19646 8820
11135 14106 5325
3870 11674 2919
16145 19975 7438
11100 12951 7945
1893 8462 47
8039 10229 2392
13496 14189 8643
8230 15510 5024
385 17070 41
2699 8090 6236
9364 12986 8992
3001 4593 6106
10499 15015 4798
9100 12008 9861
1506 15749 5606
10123 10827 7495
3177 4305 6274
872 3416 5500
1464 9400 3021
10914 13004 7995
17990 18725 2654
3099 9485 6275
1260 3641 5814
187 13479 1655
8874 19700 9934
1760 6111 7755
11591 12594 4051
11618 13201 8474
9422 12684 7700
6679 19983 7752
495 12045 1632
11143 11444 5792
402 1530 3061
7369 8593 4120
7840 11298 7990
2323 10234 7490
254 2112 3585
6973 19000 6365
3661 7929 6496
397 2333 8683
8025 19234 9360
12837 16122 8838
8020 15055 222
115 4347 3325
2166 18895 1784
5142 6777 423
272 3766 1866
1815 2297 2978
5126 14597 4570
4270 16627 6551
3190 4184 5270
3723 15913 1913
2028 13980 6330
4467 9117 5207
32 7965 4660
18106 18383 8878
1405 2229 9724
13339 19510 6293
2595 3043 9283
16353 18933 1901
16615 19286 2553
1233 10348 6026
5089 10100 2828
2492 11502 2239
7870 8513 8566
9288 12941 9452
7301 7388 5859
987 10637 8351
171 684 3291
14338 18910 8116
1354 2045 811
2156 12421 2678
4768 9621 8597
8843 10921 9187
13801 15537 763
11014 12425 1703
2626 15079 2464
3997 16490 3982
8178 15237 2077
3198 13575 8739
2932 5550 7342
3888 12095 9785
1696 4081 7470
395 13991 8358
6036 11462 8243
6438 17328 5841
7915 10608 1471
6593 16401 9757
2492 3164 7462
5233 10535 4148
2160 4624 1818
711 8024 2326
6837 14583 4292
681 1702 9772
6153 11621 499
2330 6887 5028
14631 17115 6258
1206 13290 8150
1142 18498 2115
438 1026 5692
9275 12850 9722
946 1542 5124
4156 14015 5513
5263 17722 7444
10204 19413 599
8759 10134 1455
1130 2122 3525
1653 9176 2421
15296 16965 8827
982 3705 7291
555 11256 9963
13033 13608 1610
479 2363 9745
4110 8893 2937
8683 9161 5026
2288 6094 3599
11924 14955 2751
8958 18705 4381
9880 15516 1834
6715 17746 3226
7576 18228 9922
1780 19807 436
8793 9097 647
9130 9227 1130
8114 18663 8568
2816 15488 5634
3479 4750 4071
766 2438 3389
15373 18654 2187
3693 16568 3182
6929 13661 2718
3902 4353 4786
18067 18512 6877
1096 19249 7821
871 2574 7377
7504 9369 7686
1364 6487 8237
17577 18655 4624
2849 12445 4214
13574 18685 5454
173 18746 7873
7089 17676 8327
11274 15442 9233
1166 17889 5473
747 13735 4979
10731 13855 9713
3228 5000 3890
13214 13906 4513
6307 16061 1014
14890 15914 4040
2823 3341 8961
2881 4417 2105
15012 19126 3543
3966 11260 2427
6856 10011 8829
4584 16910 4883
319 11119 246
11 31 2678
5874 19661 604
1981 11834 6046
3560 6050 6835
12769 15232 3348
8797 12482 7499
7755 10282 4764
763 2834 5463
367 4158 5804
517 6552 8718
16696 19218 8256
1482 5643 5267
3599 9957 2019
648 8664 1459
3387 7189 5108
6361 17336 473
1929 14101 2687
5524 13011 1253
10285 10891 7453
977 17251 2720
5399 11373 543
10631 10896 4811
9432 13452 6065
2436 8006 2597
286 7540 1994
2715 13396 4950
7381 18703 3391
5234 17640 2102
7427 13992 3278
8616 11135 7569
7031 16681 9483
4645 17406 8287
1917 2034 3069
581 2334 7723
10652 12464 8956
11742 11756 4614
1035 18112 2399
1058 13600 7985
519 4127 8081
5577 10301 6576
1825 6723 6802
3433 5920 142
7665 8922 2393
7145 14821 3774
14943 19453 6157
9172 10607 5610
2277 7012 8380
9205 19690 4609
705 4085 2613
11190 18234 2112
8824 9984 3696
4229 17629 2162
4906 14079 6852
1529 1544 8718
1814 5570 3899
6736 14532 1142
14889 16690 421
928 2447 16
7926 15536 7799
13417 17174 9955
4345 13650 2864
5950 10878 1274
702 4728 2659
7090 15239 2327
10601 18460 6718
15622 17183 644
491 747 4384
6582 7154 6471
13044 13712 6806
5239 13897 458
4248 8090 7299
1642 13618 934
12747 14648 6770
5940 19859 1815
14536 16396 8479
6614 15769 808
10632 17530 1921
357 4033 8741
3723 14225 1844
4604 4853 3749
7645 9323 5632
12198 16672 9852
7453 18381 6159
118 200 4170
15248 19209 2421
16987 19091 4884
7422 10596 4327
3981 16472 613
4001 5766 6625
1472 1639 8197
3652 3836 9864
12618 14409 5751
5819 12860 1050
4630 19723 6670
2863 6702 2804
9146 9415 1263
5201 10809 2679
748 6570 7584
6499 12227 2070
9612 15695 2112
4488 5498 1586
16943 17746 4890
8209 9279 5554
7491 10020 4755
127 4113 9279
9818 12302 7329
4286 5585 704
157 9592 132
6145 16831 7056
15485 19057 4590
7561 13747 3958
3267 8039 3759
11371 12201 1952
12550 19213 7174
14642 19889 3098
7082 19596 6471
1478 4972 7282
4496 15908 1873
1312 17119 664
13650 16747 5994
2502 18283 6568
2451 18093 3860
9259 11424 2764
4333 10404 8738
3335 9856 9134
4623 4889 2038
1923 10764 6156
3893 10275 8813
6273 10603 9937
5480 8034 901
17049 17294 3996
10781 15677 266
3074 12066 8991
11435 16180 4957
7908 18990 3928
2023 2074 5784
359 10884 4268
12550 16142 690
1597 19129 1040
11121 15244 1296
18413 19077 7495
5341 16910 7031
1294 4200 6017
3661 17204 9092
996 17474 3204
1260 7955 3514
5907 6133 7263
3603 14793 8017
10439 18078 1185
5753 9642 3437
11278 13124 3034
3503 4484 6976
932 3635 8177
14865 18212 6307
3865 13478 3722
411 12614 2207
14255 15928 2106
9260 10363 5766
1711 2660 1992
12468 12786 2815
10603 13945 6687
2021 6725 6483
13678 14562 9393
3824 6657 5228
1803 16589 1594
123 830 7363
216 1010 4020
12799 17473 5008
3827 10497 9028
7693 17506 3557
12525 19640 5498
17929 19576 6602
13590 18522 5572
1720 2103 682
9279 14196 1768
8072 10636 1983
10879 19379 4623
480 1382 4854
8313 14161 6375
10157 10315 287
431 1376 6419
1224 4511 3597
7067 14105 6219
6764 15348 7021
3108 3855 8125
2995 3012 890
1628 19934 6977
6 15782 7200
1307 3615 4956
2501 4566 3881
1923 12338 4138
17144 19493 9202
5335 6364 8220
2825 5009 2112
9613 16953 3427
10953 14688 1148
8542 15186 2874
3448 4637 2161
1147 7318 8873
15851 16192 7701
632 2913 6960
1682 14992 8493
16957 18616 1909
11195 14302 2282
297 2209 2937
7490 15813 2955
949 8696 2444
7149 10587 3
2110 11887 9275
3104 3744 445
13013 16173 7985
1372 17055 5614
3038 8015 4414
17859 19580 1232
10292 18867 7703
2161 3372 597
43 741 4800
7820 12328 8426
1440 1916 4958
14182 15950 9451
7403 16437 4163
1433 2077 6329
3641 5624 1838
9891 12065 3727
3308 5617 9178
4336 13978 5946
10091 18759 2207
755 823 915
2903 14806 7430
6620 12441 981
11884 14022 7621
9843 13205 2549
651 8501 862
5997 17570 6149
7628 12684 9979
439 1159 4717
1171 9010 4744
4605 6085 9279
7282 19924 5075
11191 14464 1317
975 1627 167
4932 5831 8755
13789 18912 4913
1664 7296 7061
3770 11163 2922
1183 2433 4290
1118 10413 4430
9725 17927 1437
916 5396 8464
2040 8755 8735
3986 5230 6207
3613 17468 9522
9247 14839 7589
5571 16620 6872
12 5043 8972
14782 19014 7414
1357 2607 42
3480 5882 8568
8793 14036 1847
585 1946 698
16139 18291 3435
5530 5947 7882
1919 19531 338
7272 15329 17
2658 10555 4433
3285 15109 634
3330 9866 3731
444 1875 7
14814 15629 823
700 2246 5424
3424 6092 9837
7487 12961 2193
8428 16314 4576
2991 13795 8967
692 1796 7266
8128 11978 706
10228 15729 3276
351 2654 5740
2635 4585 3653
9045 18650 7212
1698 13203 3232
3486 14238 813
4831 9060 423
1395 3272 787
181 9384 5009
4443 16570 4855
1475 1746 2048
5917 6054 3110
12439 14533 6375
1451 6735 1249
116 2598 5025
2531 3914 8314
11656 12300 2453
109 11993 7344
8512 11276 7048
10056 13774 1703
1864 7351 8846
9027 11656 3521
10598 19294 3327
6227 18177 3012
11989 19070 4988
13875 18078 1824
5020 17105 3120
38 137 6723
9109 18677 4860
5249 5460 8640
115 9092 7934
2552 2806 2946
8663 14256 6538
6543 19853 9788
8303 9382 7011
1214 6963 6552
12547 14609 2200
2520 11780 8245
3421 3699 8061
3476 19032 8656
3283 11861 7086
11211 12223 3422
9108 13219 5741
794 4604 3247
15966 18336 4291
6337 13291 1600
16003 19212 4618
1860 19941 6036
9470 12129 8925
5410 11486 3113
5351 17746 3137
14423 14779 5317
74 2041 6539
191 5001 5632
9897 14915 2264
1384 12848 4435
2398 7916 273
5130 6064 117
4912 16213 6862
764 2083 3966
6383 10494 4676
8869 19129 462
1493 10393 6457
1062 1461 6876
8070 13315 4965
3154 16984 2363
3673 15694 380
9665 19138 1393
380 1027 9175
8162 12939 1738
6757 11524 1197
5166 10531 7450
7820 16683 8013
2346 2434 1262
4292 7874 4266
7108 10246 6260
451 3667 6311
6112 10826 6314
2005 11013 2619
2250 15545 7471
3460 8634 2237
5373 10292 8287
6187 7772 1478
2785 13340 191
10232 16903 8971
4488 11829 1821
6618 7626 3371
266 11246 9269
5773 14570 5975
43 16244 8773
11126 19996 2841
5878 18454 1933
1039 8805 510
2320 4402 296
4633 17133 8657
7784 11569 498
3476 10363 3250
3458 5918 7245
3819 5818 3390
651 1789 3846
1206 3731 93
2225 4407 5783
14712 15542 5355
10460 12186 4560
608 10046 9397
3003 9628 6649
9638 15014 409
8450 14214 7932
5225 13926 3275
8019 12557 4483
8567 10716 305
6461 8366 2274
12477 17059 7
15717 19395 6104
3826 7851 5235
14374 15612 3030
3514 5888 6927
5542 18405 400
7005 12238 8194
1035 9533 1652
1022 2392 7049
1598 6084 9153
124 3386 4449
1370 3656 566
111 1364 9164
915 7503 3384
15448 18960 8897
7705 15714 3370
17112 19741 3169
9192 15926 1252
1191 10190 7727
7254 18888 1356
9887 10591 6792
7640 8072 1876
6050 15201 3570
2071 12075 8049
11740 16473 8545
16 264 6737
4935 12062 3384
2832 17359 6084
3410 4703 5439
9350 15308 3571
14529 18604 5086
4423 19738 4339
2279 8842 9531
1971 12633 7387
2502 9094 7867
2654 7376 2581
5840 13925 2454
758 17225 8080
9173 15462 2510
458 3152 3635
548 14837 5055
577 14659 6945
2691 10821 5605
571 9411 3183
10322 11603 4394
5441 11118 1359
9180 14482 4909
76 676 652
5337 15615 8272
2798 4331 683
13312 15499 2395
150 310 9581
8654 14062 3892
17263 19815 202
14738 17309 3279
4429 15449 7801
4066 17532 8176
9410 11552 1459
8583 11092 8422
39 9191 4036
7933 9637 60
8948 12944 3564
12526 13225 71
8612 14753 5440
7827 9033 6348
9222 18521 9266
7924 14372 3195
4698 12145 6241
286 315 9547
807 1186 3840
980 2510 6571
2844 3424 3239
11368 16356 7403
3259 13738 2021
654 12521 9317
12513 15171 7033
5067 7110 7138
2608 3495 8339
779 7461 2146
976 9555 3242
2531 8112 9539
13090 17034 5356
959 1339 6162
3441 14747 6071
4465 7364 1111
9452 15398 8964
5908 11316 4110
9507 19938 7929
5468 14951 6678
1116 17711 9961
2972 8942 3094
15365 15377 8978
7519 17132 6690
4789 15487 6297
3126 19173 8562
976 4995 203
3839 13535 8122
14149 19015 9243
2942 18723 9525
6 99 5388
7299 10719 6321
8542 9536 7944
9275 14356 5794
8605 15488 5442
8633 13102 9320
2476 10279 8327
4245 14068 4208
7015 9165 1537
14012 18705 1570
7472 11608 8031
7486 11877 6721
4539 6426 2145
1936 7210 222
5418 14308 943
16612 17574 617
4711 12614 9055
80 357 3800
6954 14716 8108
1532 4235 1741
6679 16064 5538
10262 13290 9323
4441 19316 5800
13679 19929 8439
10579 13453 7979
4993 13305 2033
526 3365 2086
13594 19742 7194
3767 19157 1484
2687 6163 8914
12361 18583 3695
251 18451 7081
1831 4247 8840
6736 17318 6601
2085 18953 5264
11401 17718 412
7575 17370 9474
5596 19608 2531
642 888 9310
2107 5483 8411
2866 3971 2754
6926 8376 4798
192 451 9273
13370 16713 7603
14839 16425 4757
4614 17417 3157
3304 6354 4255
7733 9960 776
84 3556 5918
1266 7242 8268
3320 10195 7779
2236 14726 3132
2330 10262 4185
12724 13800 4735
8047 19836 8112
482 18815 335
3960 7022 3979
5437 5663 4803
5331 15406 4993
1457 4466 9702
2663 10998 238
1291 14474 9066
10958 16289 6090
6016 14480 1157
14896 16097 3514
7523 18102 7409
6321 7934 1029
690 12721 5224
138 2899 2020
1602 17478 2844
539 11352 3377
1840 2385 2222
5769 8641 4940
9833 15358 1124
717 3427 606
2714 10315 4470
156 1851 5813
3843 18306 2343
6059 8771 6974
2647 14731 531
1397 8591 7258
2409 6039 1289
554 999 605
1142 8549 3753
5133 5987 3165
6334 17327 7019
6298 14931 919
13128 15926 7276
11313 19942 1570
3469 11037 4526
2272 9697 1232
7429 15324 7122
12421 13036 1621
4237 7342 8147
1850 3437 2737
1951 13009 2006
13162 15433 6811
11052 12735 4215
7610 16881 7554
1962 10808 9327
1033 5773 3915
402 12268 9678
12312 14271 5998
8881 15180 7940
3130 14298 2463
848 9727 6504
8829 19253 2776
6887 7419 8169
19260 19583 3735
394 2337 2241
12322 16644 7705
5462 9976 2362
1292 8250 8773
1431 2446 7939
3790 8082 3397
4608 10429 9203
8332 9008 6031
3471 6286 3327
355 9500 5030
7152 17614 3741
758 6002 6989
9269 12090 1593
13249 14244 1966
2624 2953 6403
1078 1633 7312
11017 13004 5337
1840 3803 3135
5942 10840 3659
13595 16886 9845
1799 12246 1014
2871 3484 3322
11522 13247 3122
1713 4589 3895
2395 2900 1131
2344 6556 8885
1230 3104 3658
560 917 3116
563 6527 4721
8572 17187 6565
14486 15727 5340
10568 16767 5178
6483 6631 9491
14816 16598 1978
5839 6193 6532
12536 13803 1826
10631 12559 9478
4854 19799 2017
1239 14545 2809
6746 9270 8709
5132 9282 5863
3429 4278 8336
1347 1540 4792
3990 9476 906
6578 8926 2453
26 9689 4799
8143 12617 8529
397 5625 4831
9820 10604 6063
2859 15131 6438
2337 2596 1439
11612 12005 2603
787 2513 9876
964 5675 6909
1553 5452 6495
229 546 590
3804 18673 9715
6129 17197 678
7141 17496 687
6752 17488 818
2816 5368 4054
651 5527 1729
15883 16808 2818
3435 5715 4615
8787 12479 9857
4310 6340 3123
12536 19187 7420
8407 16232 6550
2881 8430 8166
7135 14278 5202
2447 12823 6853
7804 15425 2222
13252 18178 103
6745 7740 9673
6869 17801 8202
2834 3167 4650
5097 9923 2775
363 4336 4243
1644 12496 4219
6533 14233 114
13828 18304 3923
1168 1820 218
2741 5913 1894
13123 17722 9710
7492 9193 1273
3806 6397 4915
16665 18563 8921
10862 17424 4535
6700 16531 3504
2847 9180 8334
8845 11620 8091
8843 18962 3404
83 9693 6457
4469 19528 5597
620 1016 3537
9930 12423 409
10289 17758 6567
1526 7953 4509
10056 11657 8059
3071 15269 9508
2945 14752 4795
14912 15382 2401
7831 15378 158
3105 12676 1952
5247 8408 5308
2855 5894 1469
7587 9740 1372
1898 2816 9220
10834 19482 7078
6474 14387 9995
1943 4824 8721
7911 12165 2155
6326 9925 9495
9373 19291 5902
11648 17056 466
173 19348 137
5145 11945 9057
6534 11034 8580
10434 12376 6684
9097 11321 5505
2510 3856 6853
13467 13929 9568
13588 17414 6510
10603 13514 9073
593 1098 4509
5348 7571 2582
10296 17740 3671
17507 19435 6323
5467 12682 6063
317 12991 8941
3280 19383 6514
184 19672 3832
162 17141 1363
3634 3942 4414
991 8383 5721
9757 14619 6087
1760 19679 1565
10643 19780 595
1247 1699 7373
2783 6783 7558
2055 4930 3613
6195 8913 525
1901 3224 3898
309 2931 8678
289 7722 3709
8379 9442 6790
4609 6639 8944
10085 11643 1767
9361 17907 6187
5327 6384 6460
7018 14043 4176
8592 11984 8562
13868 14324 3552
5222 9548 856
14160 17351 7425
8431 12879 1331
4039 9564 318
3952 11794 1478
6633 19353 9506
13465 16622 6853
7922 13434 3401
10453 10531 6903
2275 19093 2888
5406 5958 6597
2765 6131 389
4195 5570 8376
1413 5075 1185
1284 3243 34
1495 18451 5130
221 3655 1920
142 12196 9878
2894 19170 4598
3211 10333 3056
323 4822 9846
2092 6263 8653
5071 14191 29
706 12747 9438
1543 14341 6538
9543 11173 4891
10487 16799 6661
8999 13024 2917
11809 13382 4726
9448 11745 8595
9597 13039 319
4610 18407 5386
10372 17505 5610
1132 1873 4484
4410 17588 752
7521 7847 3894
13375 17874 8477
3270 6056 6310
5681 13188 2438
1114 6750 8429
2843 14459 6720
3302 7413 7078
15153 18590 5405
1863 2650 4841
2437 17633 1097
1764 2606 204
3667 12007 3079
2952 18093 1817
16711 18387 4036
5352 10459 5741
3664 11036 2802
13869 18519 9072
16441 16711 7097
13099 14436 1518
2899 17302 6629
1019 1134 9707
2683 6033 7642
7871 15870 3369
4318 4727 2951
78 11199 9205
5270 12286 5633
8775 9849 9035
8079 13378 6154
6033 18655 7954
5120 12247 5581
2715 9212 7038
5563 13278 9725
1122 2329 3800
8918 14415 7960
980 13446 8205
7395 7583 6970
2233 3436 1021
3020 10607 286
907 12175 2427
8797 17928 3665
1318 15347 9975
13518 17840 6278
7384 11271 9096
13354 15030 5183
4362 12407 8209
7472 13664 6787
9814 10412 1857
7580 13250 5706
502 9528 8538
882 3613 9651
3060 17039 8789
1831 13706 3369
3960 5335 8047
8709 17333 5674
12346 16836 4476
6422 13212 6962
4406 10971 7879
1172 2501 1271
28 52 1466
2004 9308 5582
3079 11217 3834
308 467 173
16192 19650 735
4141 15050 3699
857 19859 1467
1390 11481 4424
15256 19095 7652
7260 18807 7629
10074 18630 9853
497 4532 6521
3469 14850 4233
11281 15154 8950
8065 9134 1504
6825 10732 1247
1577 2584 6268
1789 17782 3141
154 675 9136
984 1241 9430
693 15278 6655
13366 16599 3584
6991 11201 4963
1451 1853 1167
6426 6976 2552
160 11612 2234
10701 16062 5669
5447 12722 9077
324 1594 1740
14278 18526 6846
4079 4724 184
344 738 7113
6963 15646 7997
3305 5429 3729
6853 7176 6303
11710 15388 240
15311 17856 5776
172 16196 4920
2142 4968 1922
1775 16381 4363
1283 19619 5987
6961 6975 6209
5665 15126 2463
366 18603 9218
5615 11656 3842
1089 3411 1635
6139 13121 4615
8324 11795 7145
5438 6819 6457
1513 11465 7127
742 6567 9329
3945 4369 1140
527 746 6149
1637 3356 8905
2664 13575 4885
582 641 9576
7881 14934 8994
6604 14484 9359
1595 13190 485
8022 13031 8576
788 1984 930
881 1932 3214
1193 18736 3607
2455 4056 2172
12344 19933 3112
12932 17844 9558
6924 13457 1584
12304 13836 8515
6155 17658 8647
5405 15372 2449
12036 13346 9918
724 2049 459
12824 15514 4805
9569 18186 6924
13423 18273 417
12366 18040 1820
10182 13119 9178
1009 8761 9128
9134 18505 6049
9445 14633 6161
12571 14774 9201
13759 17588 3232
1418 14256 2518
2826 6927 3799
2839 13297 1066
10 11026 1297
3138 10818 3191
6150 7907 1963
1957 8760 5131
13429 16205 5671
3485 18457 4375
2438 5528 2423
6888 19717 1879
4299 8237 9623
8281 19931 8207
8516 14307 949
16150 17821 1969
15288 18666 2494
2492 11719 6793
4857 7676 2036
153 1181 7534
2800 11553 870
2276 9823 3039
13073 14377 419
6555 16974 1592
8066 18326 4365
6284 7968 8497
844 9963 2685
1859 18828 9162
6653 16767 1207
7762 15258 1533
4454 18238 8118
12713 15502 897
12324 19374 8989
3937 18901 4827
8345 12159 5241
16241 16724 4557
12064 19452 4792
7066 14941 7462
5758 14928 2690
1620 8646 9678
5422 18362 5701
12289 14783 6582
1374 14944 2256
16212 18198 5396
4225 12104 2464
2952 16336 6959
98 837 8259
7432 11123 4186
668 16885 5851
4524 4600 5675
13468 14771 2146
884 13822 2587
557 7470 8126
7374 19639 1470
130 8197 3468
8635 17062 6697
6002 7031 7126
3496 12055 4709
7407 10402 1733
4201 5288 2642
7391 15200 1274
5093 11724 7908
2865 3466 5462
11296 15229 8036
8171 11420 515
2864 18030 491
626 19150 4026
10216 11344 2711
3332 16268 524
10785 19327 3843
1243 2775 8180
1176 17855 4208
1462 15046 3271
6014 9221 9039
2241 18165 9002
3943 17137 2867
3632 4297 1510
702 16578 9390
10443 13236 5124
15371 18666 1169
6593 12091 3631
5732 16034 1921
6069 15034 1877
536 2587 2362
10228 19686 59
1670 10210 9315
10242 16989 5503
14125 14321 2327
3342 15328 701
4064 8616 2840
4247 7033 9680
17452 18334 7437
11609 17806 4654
4097 12775 1672
1119 7230 956
14742 17612 3495
636 1495 1332
2112 3560 6305
4020 4998 7891
1773 8802 364
3785 8085 6072
1157 9961 4753
1190 12857 2293
6769 8736 6928
10720 11875 8282
13650 18427 96
10100 19549 9100
5183 19103 5720
701 9194 7318
13604 16065 77
819 3046 6679
4129 4730 3345
8265 12856 8365
14062 16098 5384
7968 10672 2899
17837 19643 475
11907 16966 3484
19802 19828 169
3726 5808 4138
3441 13435 967
12532 14448 9982
1996 2532 1373
1145 5530 8183
3612 4104 9829
371 13701 5649
775 11345 9214
15697 16042 9152
11948 13139 3672
3914 10850 9642
7908 17644 5326
7794 12566 1021
4292 18434 8579
17394 17661 1854
5231 15836 2251
11194 13334 3961
12002 14522 5415
3798 13502 2488
5373 16873 8130
646 12814 7614
5631 11128 6431
4150 17444 1623
407 6381 6106
9214 9466 779
2177 3285 6917
2250 12434 7469
13108 14599 9908
8371 17249 6029
2444 15132 7080
10503 19171 8901
6748 13672 6318
6150 19732 7533
2699 4312 5243
9285 19226 3580
5256 8667 2022
1134 15785 4915
12968 17477 4176
353 2293 8350
6808 19337 3587
3054 18655 2889
617 2580 8099
2177 5122 2036
12314 15077 8091
13896 17275 1694
6158 15644 9732
18570 19349 6575
11064 13717 6265
12519 19802 1636
698 8639 5628
3906 18414 1139
12839 19247 5273
5672 19267 1543
2528 6446 328
1761 16826 794
8801 13606 5711
10193 18571 5712
2620 6981 9116
13584 16299 6243
5231 15182 6028
16960 17992 2523
7942 17269 1955
5532 18365 8170
7465 18439 3058
9786 14393 3605
14603 15898 9675
353 431 6026
4691 18359 4371
3369 4808 4699
7240 18156 7387
1568 3974 7789
1535 6763 9615
5025 7705 1920
10329 10984 5664
8586 13321 8249
2403 8492 7504
730 1389 2548
3466 6153 9253
9592 15205 3328
1723 17136 3384
9202 16396 5797
1276 3949 2253
2600 10474 2222
4785 8834 107
3003 5500 8677
1634 14936 5109
5051 16759 3960
304 771 4207
13911 15097 4296
8741 17127 9104
7082 7879 5499
9992 18253 6041
4152 4577 7459
437 9188 2998
6428 16925 8883
4282 5784 9303
5327 7923 8948
4327 12587 2407
3090 4400 6438
67 13467 793
7535 16401 1185
5 118 3048
6656 12675 3282
18577 19264 4883
10169 17035 1206
1631 4123 759
3938 12659 2585
6187 17781 267
11765 19971 5632
13470 14193 2950
6417 18880 3112
16 9350 3771
12690 18351 670
5235 11251 9623
13276 14189 4674
1468 12950 2006
8376 12921 5412
13318 13923 2592
1382 3050 2863
8813 10684 41
17630 19106 5274
13185 16370 7218
286 14274 2817
45 15456 9685
10472 18541 9844
196 1648 6578
5616 8173 7008
1218 11985 8630
6689 15943 7620
3204 4982 2036
6420 18207 1560
4390 19696 9720
649 8276 4504
1376 9473 8722
1699 3095 7978
5424 13983 2205
652 12727 7204
3744 4286 5960
13703 19040 950
370 16707 4520
3909 9320 2303
2133 3323 2941
13686 19669 1776
6741 16550 2906
359 567 5129
5761 19845 8250
15269 16404 5666
13187 15045 9020
594 10808 1186
3083 12465 5348
7403 10324 302
9046 16897 9360
4569 11016 5956
11129 12507 577
3896 18580 1086
17565 18393 2041
3835 6079 1913
9755 9859 4433
2776 10055 250
21 14419 3580
9452 13839 5427
5093 12746 6306
149 696 9483
2199 2472 2713
2506 13373 2522
10119 17241 5901
247 17724 5655
59 1000 2399
6360 6550 2129
9848 17858 3277
9917 17330 5623
502 5201 1471
5744 18457 6480
6363 13622 8960
3464 7709 5465
5643 13520 5756
4109 11860 2376
7250 18196 8570
4638 7171 867
10121 10161 3467
2052 8483 1562
10744 11177 8472
11288 16238 2786
6648 15789 840
10217 15917 3355
9806 13903 432
14365 15794 9337
8912 13036 1967
6943 19512 3300
3800 6861 8354
3104 9887 5730
3591 13442 7525
5239 10942 8586
8464 19359 7066
15279 19618 9850
13222 16031 6990
17793 19586 204
1070 2585 2223
5356 16800 5891
14184 16015 2647
2102 10955 1003
7475 14189 6159
798 1370 840
3996 5902 4997
5610 14985 9915
2433 7546 1919
9234 16059 5411
4691 6583 6062
3393 19542 7182
4416 9769 9132
9268 14513 265
9381 18960 6772
2494 6272 7273
2026 13720 6208
16522 17791 2689
10465 14381 1845
4759 16897 1673
1148 7785 4453
2264 5211 2441
7557 19355 7662
9448 10185 5876
559 4049 4272
4794 11891 5654
708 2408 7314
647 2163 4143
7626 19258 1756
14911 15524 9809
7148 7345 839
4255 6783 1321
5384 5809 8068
3108 17197 2062
1230 3384 8584
14527 17147 3246
3179 6469 9989
3723 17111 17
787 13724 4331
9492 17032 6273
5465 6185 3129
747 9109 7423
136 9445 8100
5081 11074 7802
2869 8373 489
15367 19002 6677
10080 19945 1824
12325 18448 9940
12358 17034 5990
521 13938 3027
3848 9555 1596
1590 16154 2046
11900 18014 1213
10757 18774 5395
915 1830 2615
2549 10655 5475
158 3353 6245
8297 16925 1566
84 1988 8303
6192 19527 7400
129 5803 1665
9032 17975 8495
13080 17041 5590
3146 4744 103
1457 11375 395
250 10534 6517
4055 6575 5821
255 3251 5546
994 11080 6476
2511 19372 4373
2352 5184 354
463 1326 4704
9962 17945 1796
10838 19448 4950
10754 19718 5192
1148 2194 2287
4557 14456 320
2 1583 2091
2789 6213 4593
2651 3839 6010
165 14856 7289
1636 2720 4544
11831 14663 7367
6240 13423 6386
140 8844 7210
5038 7987 4932
13984 14523 3200
6716 9480 5250
11547 16264 7579
14821 15502 6203
4073 9224 7455
5546 13928 4363
526 6029 1830
1003 3303 9963
4563 17145 6493
6822 12587 3963
2396 5376 7204
4394 10639 3700
7344 9321 603
6743 8239 9118
4477 19568 6338
3484 10310 4365
2195 6151 2545
3478 10614 1436
592 3469 3885
4030 17097 4841
6364 14508 7208
4755 16331 8149
2712 16263 3400
1080 16824 3233
2573 7983 3101
11877 12814 8412
8253 17602 4988
17395 17577 335
3234 5805 4012
3612 18890 8912
2048 9034 3021
14186 16503 9498
4899 14216 9548
10128 14106 6040
6437 13483 9200
2828 17600 9766
3697 14873 9479
2791 6343 8362
2922 7390 1076
9091 16835 1969
1707 7662 1913
11391 19925 7951
1620 2540 9175
8667 18264 4300
6199 19165 7668
5765 17635 4269
5846 19323 9391
898 4952 4727
263 1807 683
1382 19595 8340
13080 18733 5215
7947 19807 1308
2746 3697 2088
3160 6938 8415
833 2491 4358
1814 15642 9215
1859 3284 9866
1328 1973 843
4408 6729 8345
2835 5086 8737
1947 2288 7371
5836 16823 6593
15823 16320 171
125 5596 3840
13778 14544 1913
19124 19675 2003
2474 15541 8628
2962 13906 2230
2414 8046 9598
2918 3094 8103
16090 18243 7516
1301 3987 7747
132 6462 347
3998 8383 9991
5120 12933 4058
3754 18909 9888
6533 16376 1908
2228 6822 9453
1351 17514 9431
5978 9819 9011
2649 14729 8292
11737 19490 8614
4992 6035 4251
2250 2585 4193
8078 16990 4895
640 6199 8401
6060 17023 6868
3218 12483 3859
8556 10564 3071
5221 19778 5249
5581 18794 7165
1723 10116 5572
972 1887 2201
1138 17995 7535
13761 17598 380
7614 12003 645
15865 16306 6238
5042 12644 36
2826 7994 7933
4666 18284 7508
2448 6419 7261
3011 3810 3153
1701 12848 4520
5355 7059 6596
10201 18801 8901
8723 12626 2828
9186 17222 1040
224 2921 8043
9228 15998 8499
7790 8576 8623
878 3178 6359
1044 14337 3677
5629 11071 3493
2063 18005 8074
3954 3980 6146
13907 16145 9769
8747 13031 423
9624 12016 330
11751 17022 8516
15145 16486 9190
3074 5133 5441
10173 12183 4055
10791 16085 9975
1283 9983 7741
2153 6352 4361
9708 19927 8096
7726 10329 2400
8774 18714 2458
3463 11223 5611
9819 12965 754
135 991 192
10862 19151 6167
11419 14114 8338
8174 19937 6302
5678 6317 3416
1658 2131 8389
5731 8987 7842
7284 18968 8170
2210 16999 5084
5974 8004 1208
7990 12324 9901
9772 10027 6686
9853 10504 8310
16678 18345 9463
4144 11006 8720
12480 14116 9879
1582 14642 7751
10653 18679 7448
2895 3619 4703
3396 17795 8021
6414 14382 9928
444 19505 8049
197 648 9237
64 795 2147
5119 17142 3893
6063 14711 4803
17972 18155 524
2981 13888 6661
1793 15075 6243
8270 11405 1006
8448 16948 5048
4653 16280 9738
19600 19653 7743
1548 3510 4753
7358 8401 4862
3609 13936 7277
6836 18534 3780
3852 14420 5283
3026 5082 8759
4033 18646 7234
1845 17178 5588
4366 17446 5451
17405 18355 3302
1466 7711 9776
11887 17194 1789
11522 18320 6983
12408 17827 6841
5138 7291 4862
7366 16071 732
14885 15217 257
962 2579 7801
11981 16277 7132
4930 8178 3947
3789 15973 1602
10643 17184 1693
7882 13891 5959
487 1201 9017
7644 14813 4623
2501 8801 4655
7821 17570 4900
10332 17445 2228
5382 11865 381
10060 10506 8857
2679 9511 9335
7748 17829 4038
10457 15216 5812
8617 12466 116
714 4246 1829
13813 18949 8375
16005 16184 6218
16067 19456 7234
14614 19695 1266
483 2542 4427
1439 9897 4330
3366 9781 1998
3552 8017 652
2099 2422 9367
8880 17935 9208
8643 18382 6839
1111 2448 1322
12730 14489 9523
11527 15659 863
7578 12243 9938
2412 15108 7493
4852 11872 4845
1039 1424 4237
4029 18082 5209
10843 10844 834
6659 7492 7739
798 15141 1107
5257 8143 960
4752 13085 9223
4477 16738 1927
2058 4970 7701
1829 19432 9825
10701 13774 43
1907 15262 1975
805 16225 4279
1046 13903 2440
6464 6885 9470
3558 12542 9902
9720 16847 8069
2756 19084 137
17647 18662 281
4039 11406 8697
1223 19942 4034
1680 17204 5335
2405 9793 1315
658 13914 8051
146 787 7675
6465 17565 6177
13009 15585 7403
12804 16210 1557
3103 4786 3138
12114 12532 5711
17429 18983 6986
1304 1453 4287
16977 18926 688
12010 14009 236
8408 14083 6864
10013 10028 7604
2662 6887 7246
1605 2978 6568
1748 8301 6656
750 7383 1196
5353 14675 9114
1556 15521 730
6521 13066 7023
16237 17211 5813
3503 3728 2182
13707 14163 5385
926 12924 769
1277 15017 4549
8705 9701 4568
8408 12514 3732
4424 11195 8847
13703 19709 5345
4700 5666 8116
11745 17895 6784
10225 15661 5842
617 4768 9104
1788 2165 2848
3905 16552 2393
4323 4609 2772
7336 17280 8816
1396 4339 2700
8077 18512 7229
690 1515 2064
10124 11382 56
1576 16130 8789
3293 5006 3405
2533 3566 1391
1232 3404 9795
9391 11837 5508
2372 16314 9656
6435 15908 4288
3256 18969 6034
3389 15317 8366
2128 12580 7278
1163 3080 2559
3644 7650 7664
2903 6871 3740
4100 13304 7995
4410 17958 8996
1262 3279 5063
3547 6236 5153
7384 10341 3897
852 7605 1755
6890 11039 3332
19775 19797 6399
627 2437 8482
1096 7533 1247
706 16126 5369
12675 16647 7919
9954 12477 2465
10784 12518 5868
9079 11339 8336
4011 6221 9012
14912 17492 4711
1304 1818 5375
8596 11380 5385
3685 17042 6229
2360 5433 8483
2533 17903 6985
2119 14719 8819
5378 7497 8167
7884 9798 6925
648 4338 2901
2157 2299 1272
1570 1609 1600
2139 2733 5097
10099 15065 8029
583 16472 8174
4523 5496 4669
3798 4146 7596
6197 17109 2112
587 5769 2667
6201 15699 390
14419 18860 1861
12118 12999 9997
30 15733 7820
6913 9969 8213
12933 14825 8352
12321 18063 2363
11739 18712 601
63 848 3019
13829 17349 4543
7921 9720 9810
9429 10848 2739
861 2970 2465
1468 9612 571
835 1498 7987
6115 7478 6749
10637 18225 6589
9079 16552 9252
102 1187 7801
807 19437 7574
4671 10274 7289
16605 17917 5276
5026 6952 825
3859 6740 6003
9863 13022 343
417 11278 8798
13806 14244 8772
7768 16258 3443
2491 8787 7864
14039 14283 1886
5366 13937 6802
10314 13444 1445
2498 16563 9875
11761 12728 5253
821 10260 1984
2206 19627 5397
661 3403 8263
14218 17850 319
7645 12986 3090
7415 8467 3234
7942 14209 623
7283 8485 4522
6069 9828 6192
6419 19665 4671
11434 15740 6176
1449 1652 9560
10306 17923 4751
4066 15049 5039
10489 14354 7435
5718 6855 2840
15749 19063 8139
14201 18607 8128
1292 5532 4153
4932 5020 4065
1325 1954 2366
12921 17863 1127
10271 11730 8014
14597 16407 2999
1544 4952 7513
17614 18283 1805
12265 15893 1135
10728 10981 9593
1400 2065 9647
10995 12273 5372
6438 8346 9657
9971 16423 4090
7109 11862 3163
5071 13293 1125
6311 7111 921
1343 4742 4035
1765 11929 592
11412 13157 3359
3342 3835 2634
2160 9149 6547
147 432 5841
9814 19283 4208
798 3074 9777
773 1136 6735
6527 12061 6586
7625 8514 1664
12146 15508 3738
2409 10239 9320
5007 7204 1500
6738 11825 8044
10468 19231 9413
11204 12201 1975
4797 15038 5792
10220 12607 4652
2040 3908 8462
3936 8058 4949
8369 13344 4184
3282 18893 2545
4588 8365 5068
5521 6467 2893
10899 12889 431
385 2949 3888
15723 15961 1229
10136 16362 6876
4287 5425 8264
4648 16951 4354
6281 12643 2396
7184 19567 8661
889 3297 3124
4548 19533 7077
5605 10215 7478
9605 16125 4103
567 11674 5054
5430 5706 9445
5675 7895 9619
3692 7274 1207
376 10035 5982
2341 7126 5858
6073 14908 2817
8422 11866 6085
3323 8729 9144
420 10620 7191
3171 18588 23
4649 5615 1278
12790 18180 4857
1098 4131 3929
17614 19021 9241
11296 11941 8437
9667 13957 4194
8798 19008 6813
5798 16080 6938
10553 18579 1093
3563 5595 7051
304 710 7982
13384 16464 5282
623 1913 4124
729 3111 9379
15041 19159 8434
8352 10763 5119
1469 3629 7215
321 5380 6388
7991 10997 1012
7157 17691 9436
13013 19913 8121
3967 5945 5437
6398 12283 2652
5799 6349 4657
10584 17621 2790
1909 8258 5624
11944 13179 7632
1279 1686 9633
10131 19381 8626
6441 17176 5436
11120 15772 643
675 3364 4260
3230 15474 8779
7247 8917 6403
13366 16415 4312
1749 5887 2665
9334 11439 1289
4500 18214 7690
1118 3983 3493
4759 14413 3462
2180 8201 8192
11530 13684 1141
9001 12314 1470
186 3369 495
2332 7441 7515
5074 5212 5928
690 18510 7889
11468 19615 4580
9075 17078 5911
3708 9110 1523
3085 8781 6020
4476 13221 7160
5898 18281 3459
1948 16413 4804
10323 12622 1608
2830 4679 5445
14748 16021 5104
1045 12403 8262
9128 11797 2527
14692 14721 1296
3846 5744 331
530 985 3927
421 624 7550
241 864 2212
10796 10821 1068
4464 10889 2764
6106 7515 2002
4722 10755 5770
1206 8764 7098
0 2065 7103
9265 18386 5962
5953 9831 6368
2777 9621 4627
281 5214 4644
3657 4315 5491
891 5046 5310
9492 16359 8807
4200 4654 1776
11220 12083 7887
1741 13710 2492
7886 10318 8034
384 2203 2762
1072 1462 3118
3902 13865 2451
7695 8140 7125
1747 9610 5162
1926 3089 4347
13066 14506 4650
13796 14712 4094
8188 11655 5361
8428 15757 4732
4972 8938 7009
4084 10288 4567
10815 16958 4013
2901 8281 7082
1841 17801 4208
11223 18649 8384
443 14968 6965
349 5038 4128
6292 7871 3472
3321 11139 3055
6909 6953 2457
10833 11765 8752
10178 18130 7904
1415 4559 5118
11339 12098 712
15830 18105 2610
866 887 8104
5755 8328 378
14193 16513 1787
10592 11824 8773
3242 6474 2751
8747 17309 2388
651 13542 717
499 11185 4833
7227 19117 9020
423 498 4665
7205 17838 5265
14189 18385 5274
11601 17918 613
61 1635 635
17763 18863 1125
2035 16666 4978
9639 17947 5323
2505 3430 9805
9595 17974 2788
1901 8861 4466
16322 17198 7511
8437 16170 9940
151 6107 1592
6094 14880 74
328 19457 6243
9400 19276 2945
284 2379 8662
5172 18480 678
1643 15619 3808
17001 18768 4645
14524 15849 3810
7405 8632 7317
1740 16970 8556
120 318 4754
3999 11712 962
1174 1957 2897
9288 19895 5441
13250 19877 3695
502 1435 8691
12009 19405 3176
246 1513 1211
8391 16490 2311
9762 16750 7792
3589 7814 9949
1630 1753 753
5957 12015 8451
15406 18870 7002
4774 13395 5345
840 19996 7807
16884 19388 9163
10468 15439 1865
3893 8580 6292
9452 9843 154
235 2033 290
16055 19394 5368
1014 5476 6081
5100 6810 7106
8617 14670 2554
5023 15024 8607
715 8670 8131
4145 12901 8649
5862 17258 13
128 9364 6718
14074 16652 654
5354 7761 3521
77 90 9787
3898 10358 2234
11156 12554 4109
13780 16246 57
1760 7379 4459
12280 13236 9234
1238 4213 6224
48 5699 6919
8327 15406 6179
2840 3263 5149
9166 17105 3951
1283 18339 2293
180 3199 2256
2475 19158 4532
1070 2952 6428
3063 8169 3260
3160 18361 1168
13637 18149 7079
7294 13451 1264
1377 2108 5717
9396 15741 263
245 7048 2201
10539 14628 3215
13615 19516 8297
4796 7942 9883
156 1382 2816
2392 12906 5190
263 5329 386
7227 12230 2961
536 10073 6975
1256 14679 381
1662 16202 4877
8803 12925 1017
1771 5846 9617
4425 6781 6605
6960 19737 2671
12695 17114 6394
2284 15964 8213
3792 4195 2557
6882 7538 2167
273 13989 681
4289 13967 3126
4651 12859 483
1783 14419 1127
1311 19955 3432
3388 10668 2224
702 7480 3667
989 14408 9121
2844 4653 3254
2388 6032 5978
12037 18815 9371
3705 16115 878
18009 18108 1150
12324 13634 249
205 11714 980
4397 17093 1323
3651 5861 5818
4496 17573 410
10636 17287 6629
6072 7167 4855
4122 13631 3465
2574 10420 7492
13860 16731 4269
5447 14632 1357
6989 12081 645
12586 13139 1259
450 514 9438
15726 17136 1125
11625 12768 7738
1729 4280 6615
1017 13896 5661
9029 10261 9821
544 1069 1423
3254 16175 5319
9998 11281 2715
559 9105 5238
4118 19045 2593
3751 16638 7126
1154 16298 7574
16061 18139 7091
7827 18846 8804
12046 18354 7585
12819 16611 9257
12479 13331 3870
4114 9354 5121
2415 3398 4014
7116 14738 4832
3771 17215 3701
602 14899 2019
9312 12283 5440
3045 4039 7614
11283 18233 659
13926 16246 1229
8632 11498 4129
12063 14993 2632
9134 11413 7052
1963 4004 3656
2471 14047 7059
962 5296 526
8066 19005 3949
4229 18471 7733
6505 15999 6955
8247 9383 2918
14106 18564 9316
15649 17232 6928
3449 4395 2705
3899 4436 1986
12079 14597 4533
14532 17237 4668
3782 14059 7411
13286 17815 774
126 19871 2030
2569 16852 2713
4133 14458 6216
5770 16184 7334
11203 14760 5408
2297 12952 7644
3133 9699 9933
18504 19908 3896
6544 15823 7175
5596 9106 831
994 13601 1168
2347 15547 4113
12243 14641 2939
9467 18098 3283
11912 16173 1393
10719 16009 7225
2276 11302 3831
7171 11698 5722
2591 5700 45
2959 7838 1967
4104 13823 7945
2921 8218 3211
371 10790 5246
2874 4515 8552
10112 19522 7006
975 6069 3306
7037 14175 396
13343 16918 3696
1432 16801 2548
2937 2960 6890
9506 11661 6709
177 826 5172
6584 16906 3349
290 781 8931
10094 10966 1860
185 2546 7195
1157 3393 4637
3158 10518 8861
17953 19264 9894
5311 15652 6338
15674 16388 999
2803 2975 4888
10025 12662 120
3421 19059 2880
7852 17876 1895
2982 3847 464
9556 16879 2785
9217 17305 8387
4762 13017 6293
44 85 2841
12434 17198 1441
12161 19501 6025
5854 7068 9910
204 230 5815
4635 6458 3607
4587 11927 8967
7973 16961 1939
12131 18145 828
2469 16565 5229
4668 5893 3090
18673 19239 1741
8964 16257 1452
12961 19813 812
3832 7489 822
5027 7951 7465
5594 16332 3428
5603 12697 2771
3852 9825 1220
7682 11555 9714
10229 17062 2551
14544 19196 8584
2106 9193 5863
7984 11553 5494
6439 7323 8581
20 127 1915
18597 19469 4925
813 6535 5504
1160 4461 6178
10007 12707 8672
3255 4392 4141
13775 14475 8577
11155 19875 8731
15939 16083 7108
902 5241 4094
5463 8321 8199
6537 14295 6128
6900 17912 4509
15438 16289 9219
14179 18954 8544
1711 18458 6354
13265 18284 4373
1035 4227 1490
2354 12693 2306
3488 6529 3341
2947 5065 1510
4336 12698 9065
1376 6839 2643
4330 14046 5898
7988 18250 1300
566 16406 1183
5522 5644 5539
8673 17304 5328
2072 2850 2827
10214 14252 1827
4972 6604 3961
4655 18719 441
1186 3817 9920
628 1718 5836
4125 10039 881
6817 15726 6212
3068 5323 5177
4935 12955 7679
5473 19833 418
9441 15616 391
4403 7074 9047
1540 14148 5751
198 6219 5788
10022 13719 4675
11919 18161 6383
10361 15721 7770
5695 6188 9085
829 12101 7675
3849 4626 5348
4699 14516 8016
5385 14544 8607
4926 8288 6537
3182 5314 6811
2348 3338 8358
7733 18474 7172
15832 18223 4688
8272 19239 9243
1045 13396 1560
18938 19004 2889
3538 17850 3314
1869 6089 4377
12170 13587 5899
5187 13819 64
4592 19958 6038
14320 15832 4335
4105 6159 1246
5231 7791 9598
4043 6832 1106
4300 5393 6897
2215 3595 3749
5995 15558 874
12407 18772 1819
2411 8313 751
1781 7852 4514
10998 16015 6146
1772 5003 6409
1670 17534 9600
3275 10241 7070
1385 2445 5341
1746 7931 3215
8731 15140 6726
1185 4920 3295
10306 12301 650
2402 6322 81
2380 5888 6522
17092 17662 4445
7949 11546 5210
658 12543 7105
82 4228 467
3780 5913 2432
8119 8902 7422
94 1799 6215
1637 16028 9634
16275 19830 1272
4230 5611 6691
1878 19717 4703
2305 13858 5019
189 3539 8923
5704 7482 2968
10003 10543 1523
2595 5571 3115
353 1806 5100
9821 14955 6223
1002 12770 1945
13859 17845 8577
8332 14822 2194
1504 17543 8703
8406 19507 6414
851 2955 461
979 4116 5933
1930 11771 2338
1005 10867 7284
12807 13968 8184
15220 19673 8974
2479 17172 6234
13209 17293 3920
18077 19560 2671
13524 18696 877
2365 18448 1972
16894 19059 7780
3478 3878 6785
3737 4194 9864
9841 17397 1328
2698 13209 6233
5689 12819 1433
14393 15119 9525
7422 7623 6130
7603 8911 7316
18945 19891 3945
118 295 7432
7679 13850 1464
8891 11622 1333
4660 8607 2305
1248 15043 3671
4891 18387 5103
3627 12256 8715
5152 14364 8868
12128 13762 8259
5386 9836 1214
4592 9037 3683
7965 14590 419
2368 3377 1774
2277 8688 1765
4332 16871 6435
11686 12191 732
1089 1496 3952
12520 13709 9271
16138 18751 8716
4881 5302 475
1426 3104 8457
167 15405 6553
7541 12129 9254
5706 8320 3822
2970 6312 7551
4699 10894 3632
9035 9166 5904
3511 3535 4211
5597 7363 3165
1230 4952 2306
5220 10639 4410
1698 7967 9185
1248 3689 5789
1473 5705 1024
11293 16879 3317
4194 19255 2129
4780 9989 7069
3254 5587 4210
1702 8907 7811
4332 14211 2458
1886 13044 6840
341 13125 8253
7472 13599 4818
4241 11113 7323
8716 13591 1621
4377 11751 1558
18013 19254 9007
891 1374 9642
1592 15628 8487
1078 10994 397
11390 11443 7671
8462 18498 8607
433 6333 9042
359 1372 230
1920 7941 3437
3113 9324 8835
14591 15475 189
13426 18094 8118
486 13172 842
2328 15059 6235
22 12905 5071
10720 14226 4895
16018 18172 5946
7901 19307 5578
7416 8303 3239
1797 5231 605
8456 15265 9348
1589 2295 3199
11381 19513 4158
5085 16251 8208
702 2345 9513
2659 14296 9715
4406 10702 16
2728 5754 4859
9829 17688 1243
889 15665 2907
9009 16870 8615
3486 10293 9972
12779 17938 5823
7129 11433 9624
2480 8982 1757
1399 6820 8030
9770 16386 6408
5776 16487 4695
10089 10843 8058
6799 19334 8276
3850 19503 3088
12407 15334 5581
2559 3508 6848
10194 15010 7743
140 631 902
8309 15172 7472
9212 13279 7446
2307 8721 6012
3715 13879 419
3218 6251 7016
5312 13971 8764
1335 5326 1567
16225 17830 7946
15505 19605 250
1243 1300 1656
8727 13224 3502
10450 12592 2592
527 2132 4033
9004 12896 7159
11665 14425 1012
1625 9950 2829
380 834 4101
7317 17559 6291
1784 19442 927
3336 14823 9467
757 3628 9247
12498 15605 3744
88 4231 5356
4480 17116 1392
13727 17088 8116
10524 15457 5612
1908 4325 8728
10959 17133 7682
2175 9884 6210
951 1432 3939
2788 15927 3460
3158 16174 4888
14793 15242 2726
12409 15621 1232
2963 16476 1549
1008 6829 905
12948 12959 9319
1212 18988 1038
7059 19870 4933
7331 7474 1356
400 4444 4473
11783 17743 971
16791 18294 5119
154 1294 7549
6830 14781 7694
7142 18141 4353
5725 8158 8320
16760 16801 332
13396 15139 5782
749 8594 333
3884 13262 2359
15346 16927 5891
5376 8106 7193
6821 15122 4969
7793 12354 4799
3272 11535 1619
14120 14352 7893
3430 17489 8879
5770 14954 96
5972 17012 1007
7725 9557 8935
927 8779 6490
2566 10470 1187
12412 14843 129
10107 14341 5684
2603 19073 8940
3421 16121 943
2830 6623 4197
891 4530 6135
3172 12846 855
6191 10783 1928
325 9233 2737
4756 8910 2040
298 8698 5819
871 17714 3232
367 1066 1636
7120 13540 998
1420 5195 147
3520 5472 6292
10731 19636 6982
7703 17691 2206
4896 10626 8192
6673 19367 7103
2040 2276 3895
717 1279 2108
10491 16587 4305
2168 15211 3510
10195 11027 4449
9675 14645 3230
371 2766 2876
3937 5047 8135
4077 4480 6179
4413 10253 5647
3604 11315 579
18137 19011 4141
16763 17852 7645
4792 9337 6842
786 18281 3558
2835 15226 3140
2908 5681 3731
18636 19992 8736
6860 13538 4180
13080 15436 7201
1181 8679 5439
1621 4344 7951
9360 18677 4169
14796 18546 7493
12571 17890 4988
7193 18562 1930
155 584 1506
14240 15850 6299
1036 1790 5722
9169 16856 5956
6676 11324 6261
10667 10957 210
2494 13857 6383
306 18218 1050
3854 7344 4892
1091 1182 9700
1791 5871 3700
1781 11610 3288
13240 14724 9986
3031 12288 9163
434 2480 294
3601 17311 5033
7316 10777 6773
1323 2075 59
2857 14456 8097
1032 2786 9078
897 12661 5589
11963 16616 9075
4649 10153 5099
15078 17229 6064
7833 7997 1778
5463 18230 6992
6905 12971 1925
16067 17770 8167
5900 10667 4697
878 9956 3959
12994 16790 2928
4770 7328 512
24 5779 5434
7702 8785 990
10751 17312 5225
10370 16842 3147
5804 11587 6302
10230 16261 4638
1929 14815 6763
3188 13448 729
296 1541 4462
4751 12449 5183
693 1252 2811
9014 13180 7450
2282 4549 7798
14419 17269 9127
2817 7857 8705
9699 10515 5277
14543 19747 3146
552 14620 4942
11377 16210 3675
1127 18891 1687
11816 16522 5135
7003 18196 5626
7278 13213 1396
3977 8842 3273
2801 13987 2656
3917 15012 6493
2655 2969 9203
792 1885 545
4950 5023 9812
3449 8380 8383
8244 14896 6434
6706 11150 117
5298 19204 4272
2496 2812 4255
4320 4979 2274
1045 2554 9067
11866 13845 3287
5667 9706 3414
11194 16521 348
5967 11147 4404
5898 14798 4216
758 19550 7922
12261 12476 9868
9213 15231 2609
766 3586 87
13556 14537 2624
14815 17793 9533
1460 16606 3112
8533 15162 7397
6747 12390 3152
278 6436 2736
2750 4983 7968
10970 11286 7589
12960 18668 2685
17853 19843 7118
12398 18098 3600
850 2106 8971
1752 18167 1762
2055 4228 589
10102 10214 8522
7325 9988 2707
2086 14254 3358
316 4658 5660
11369 13964 6284
8102 15151 2089
3109 12366 5383
12167 18055 1482
1673 18566 1927
8633 15210 7884
3686 14897 4257
4187 10356 8417
1110 2073 7468
201 8887 2495
1328 6835 1847
208 1313 6390
2217 8477 5375
6885 9800 5856
3217 5052 2009
7430 11090 6511
2348 3120 4053
3394 9583 5335
2398 5582 3270
17017 18210 9116
2909 3339 5872
10378 16439 6086
8315 11447 6043
2478 15553 5792
2248 9623 4630
8197 9966 1008
10813 14981 8402
6077 11141 2549
189 528 8609
11401 11434 7636
15161 17528 8464
862 16277 5039
4456 5846 9184
4660 11785 8993
2502 10901 9470
2534 11151 2130
6691 9044 4854
4027 7589 8007
12093 16380 2865
2096 3015 840
47 14169 5667
2636 10354 4529
686 10786 1297
451 481 9756
9970 12177 8317
4172 9174 3121
18258 19014 3756
2595 4327 7323
6361 17798 3496
8229 19929 6111
5001 9397 6208
412 1942 3192
11619 18592 8645
4167 5944 493
6998 15973 7476
11048 17670 9353
2139 2611 1893
8840 9231 544
6163 15199 5926
3530 5224 6629
9431 14059 6062
2641 13779 9353
2141 11076 5002
2324 2675 7637
3567 10300 791
8588 9225 6498
602 3979 2237
361 12343 7340
6801 7610 250
3335 15958 8069
16737 19801 9473
3150 3776 289
3460 12422 6438
15312 19440 2136
5938 19492 1438
9770 14242 7708
5722 8471 2209
2642 2741 9096
8239 10459 5075
6373 16754 9507
1272 2006 9519
636 5690 7079
7406 9387 7533
903 19470 7770
4960 19356 424
13903 19868 7859
4685 12124 2858
1437 7514 3799
3817 18580 8556
1471 7326 6739
11867 14758 3208
11060 18433 7386
6582 9255 561
2528 6259 78
4378 15882 9662
3740 15026 1864
2532 9093 5055
13158 16031 4839
1741 7288 2782
200 4255 6187
12174 14880 5877
1757 19993 5570
1483 7064 2113
2196 14120 7054
11851 14932 5580
1469 11860 3790
1728 7440 211
16737 16905 4694
9837 14132 2392
6256 8268 2731
10826 17851 5250
5760 17155 3535
41 100 1737
3095 10815 7934
3068 6869 1017
8244 17373 1356
1480 5404 3122
5047 6376 7202
5151 8044 8632
998 3892 5240
1399 3789 4472
10391 12279 2104
13704 19634 8295
4029 12350 9779
12692 13032 6382
4033 4678 8080
9554 9869 5282
12263 14152 2596
9318 15049 3388
5835 13333 4790
13501 13756 3121
1035 10650 3441
10415 14662 4436
4560 12751 4562
126 6149 3365
11087 18642 3012
1384 6838 3345
1433 18428 5311
6692 8298 6848
1477 17402 6843
2844 3632 2823
4720 4915 9878
1937 7179 4463
2307 11780 5433
12340 13640 3067
5383 13656 5908
14814 16289 2255
4506 6527 1233
7048 8688 1777
2746 12043 6033
731 1677 3566
16918 17155 6388
1322 14866 7057
7722 14426 775
3318 3757 6357
234 1781 289
3854 16732 1201
7346 17768 5452
8293 14496 3418
4362 19559 9189
4815 15487 3842
7312 19325 9189
7621 11821 9483
3111 12014 2929
9374 12758 7408
5564 15535 7210
4086 9526 7847
7404 13446 356
8780 13403 7170
9408 15129 4740
7978 12304 790
50 19328 379
1697 14062 3598
2958 3886 1162
1556 4801 7401
7269 17627 4944
4630 12478 6799
5353 7203 772
8256 12910 9832
6887 7265 7750
1153 15045 3684
10299 16614 9577
5469 8875 7894
8714 11082 6052
3661 4592 2428
2416 11000 6250
6494 13207 465
7476 11275 3394
10094 10921 7051
2613 13253 2696
9217 10233 4385
6005 13515 5879
434 18070 316
712 4598 7053
497 10464 2011
610 3223 5819
429 1249 5735
4012 9276 8093
8490 10749 2679
103 1511 2973
3878 14195 39
947 3145 9440
1303 2240 2461
3951 7038 6445
8197 18767 7791
3825 12986 735
8479 9432 5607
11121 15125 1422
242 3414 9156
14961 18700 6507
8579 18172 6208
4070 18890 9982
158 535 3079
3010 19623 2727
2107 6765 8297
2352 4718 8877
7319 19713 630
6984 17865 8004
6082 16263 9676
1067 12614 4739
511 7934 45
6853 17452 4249
2967 3083 2887
159 1410 5324
12704 14734 3064
13146 18881 466
2997 12443 5021
6585 7787 4275
47 15329 7059
9904 15139 4224
8015 12069 8911
13810 17024 4754
10994 14121 2764
7490 18844 1419
17747 18989 2648
584 1021 5008
5248 18415 8761
1237 6558 9232
1000 18346 4014
4296 13336 3225
7231 19301 2098
1033 17902 2662
11993 19116 2021
2406 18277 2268
7430 12473 8647
6504 16832 468
1870 10480 7949
337 1281 2252
1995 16188 6958
490 7917 4481
5809 13680 7683
12587 13867 983
10392 14497 5778
10478 16801 7799
2061 6788 5576
1394 3857 8253
4013 6025 2441
16858 19683 9031
4239 4990 4718
14343 19166 5674
3025 7342 1433
16674 18841 7555
4311 19161 9050
1111 19255 2248
1992 4323 8557
4240 5359 3205
842 3334 8962
6 4187 5132
7725 12194 8564
1511 4375 283
12679 19310 3845
4994 15823 8922
1627 3852 3057
6668 13642 8877
6369 17863 3730
345 18088 9160
7438 11835 4374
8263 19051 6437
8914 16297 8116
4379 13812 3976
10170 19867 2817
2920 3445 2204
8780 10738 8518
7496 14241 1225
5349 12689 572
540 17222 714
12056 12550 1167
2277 17542 2252
73 589 2429
9151 15728 1922
477 1693 8902
9014 13868 3398
5580 14280 8394
7332 7384 5056
16127 19543 3211
1724 2995 9576
15238 19258 6878
11487 16210 5167
8052 14495 1785
6332 11766 4790
397 673 3208
12842 15798 6106
13375 16502 6272
8171 16214 9125
10210 14540 1563
11224 11603 9414
1469 5159 8680
300 8620 3892
719 1906 8048
13010 19240 3683
875 13731 1166
10146 13475 6017
17317 18378 2170
328 2415 5983
265 1039 9333
15581 18325 3592
2582 15247 5597
13778 17590 9331
1108 15443 7489
15815 18332 925
18290 18389 2568
7500 19478 7329
3207 6701 3927
48 347 5404
1407 2426 1799
7008 16131 7413
12549 14290 8323
3058 10084 2865
370 892 5125
4322 6940 3528
8446 14474 7717
15104 19557 2500
7563 10674 3956
7461 14465 3607
2121 5453 4779
4548 5251 5760
7270 7836 3735
598 13020 8409
8027 17911 1269
5914 13201 9984
2781 14901 2540
10302 15639 5809
6840 13976 9310
8435 15530 3487
13491 15143 9661
13039 19652 8400
3052 8695 6946
3807 13390 3686
1497 5207 7795
6644 18004 7945
3 25 7934
300 1730 8863
11364 14797 3
13500 13832 8971
568 15941 1450
46 1425 4086
8240 12959 9583
3207 12998 3788
5479 15911 3711
17465 19709 8487
14721 19402 956
10257 14430 1214
2583 17836 7986
2430 4908 3223
42 10085 239
707 17959 5596
5593 11223 2140
2367 15059 2723
4141 9702 6500
2174 17757 8566
11682 17964 8904
9458 11342 1772
1195 3696 9524
902 3052 4013
3981 4320 7724
8658 19117 2589
11377 19444 5537
1843 18913 3272
2201 5398 5178
2132 8141 1023
4353 16671 3044
25 28 5479
7618 17261 8553
8400 8726 8285
9048 18664 2409
8942 14648 3330
9366 16629 7167
3339 18934 5377
1620 5772 9108
5924 19200 2404
9135 15370 8630
2580 7203 2758
3131 4562 2167
619 4626 2084
14184 16417 9223
1289 17592 7962
353 18550 6114
8498 9410 9995
7832 9494 1585
2148 12012 6274
3790 10459 6148
1800 8082 340
11274 15482 7573
11383 18751 4662
503 19192 8810
6076 14685 2245
1760 14876 7789
9997 10365 8288
3863 7065 3228
3363 4468 8480
14567 18920 4987
361 14636 5829
14082 16682 2026
7978 10479 8377
9430 13504 3578
14587 14623 7228
3498 4643 5647
17264 19089 1076
6465 12523 1277
7298 11716 4849
3216 19706 1602
1303 3143 3652
4456 5078 7435
508 15662 4126
16377 18940 9518
11462 16028 5254
6478 12606 4508
17752 19013 353
5552 12486 1627
3459 7214 49
17949 18253 8318
12422 18808 3043
12433 14860 6795
2983 13080 4056
3221 6830 7398
13288 17795 2084
624 725 9483
211 1208 1132
2224 10397 7577
8037 10877 2126
3600 19497 7295
816 1236 3065
2340 13751 6228
2483 7017 7092
2110 3460 9220
968 19398 7826
7554 9507 3933
66 963 8950
7515 13044 2150
4328 16079 3451
1827 3691 1055
2327 5003 4879
4559 5778 7362
1870 1922 1162
5451 14428 9391
7260 9469 9885
501 8163 933
7996 13505 5455
3647 4711 3006
925 7088 7999
2097 11537 737
3330 10858 840
11429 19700 5812
9787 10471 7057
909 16645 118
5361 5826 4361
2152 7721 4339
553 880 6800
12128 15960 5920
7329 11211 1943
11601 16756 9527
7836 17099 6130
4083 8097 3477
13186 13981 8022
1527 2470 9570
3672 9426 4992
2635 4158 8295
9479 17415 8501
1116 1987 9279
1150 2593 9037
6842 7913 6288
8577 14453 6911
1968 11234 6486
6181 12819 7899
6932 12860 8896
177 9852 7023
3422 11508 7426
5316 11737 4944
12796 13281 3181
6756 12240 2092
6184 16969 210
2136 14626 4877
7019 12112 4754
4156 13171 5045
385 19459 8566
9852 15671 113
283 8023 5009
4601 15791 2430
861 19324 502
1418 10002 9159
4961 17094 803
4102 4634 9171
6044 18775 2611
10976 11358 6913
2177 5255 904
10962 18647 9243
808 3627 828
5187 14633 4550
3853 5893 3290
9372 14026 1284
1532 3228 5308
3864 17725 677
13007 17957 1403
2155 10485 9039
4370 17793 9387
2171 11604 9700
8557 17938 9400
6190 17936 1149
1626 2311 2519
6564 8093 4859
904 18943 3327
481 19821 9790
7177 7456 9839
16752 19374 5529
10296 16810 1836
7017 17709 4875
2818 3110 9978
151 2887 7426
1249 18403 9155
3333 3853 2629
7938 18439 8998
7993 19726 6279
5203 10343 138
9911 18371 233
8635 9429 2993
1463 18279 4657
13654 13684 6172
13436 19335 5774
3305 15141 2980
13928 19224 1584
6718 7654 4057
6627 15189 7298
8150 13765 6958
9915 15506 7812
11560 18858 2160
9221 19045 9202
3487 14826 8172
676 11429 1089
9383 19409 3946
5217 5940 7087
9838 18567 4192
457 3675 9198
2426 16887 7650
19552 19796 4182
2277 11204 2113
1826 6655 8831
99 174 3789
5320 19064 2765
14640 16596 3812
227 10036 774
3648 10662 9361
9579 19989 5655
5103 5105 5727
1407 4421 4386
157 3148 876
6698 11050 1977
9329 9618 624
821 18263 4948
9778 16463 4700
4401 13075 7508
2363 4361 7788
627 19306 4060
293 15896 8576
9672 19539 5066
13015 19587 7927
684 4899 1771
2530 8838 2988
6352 10087 253
2000 5600 5714
6678 7061 8904
1716 11570 3215
250 2793 8335
1655 5517 9700
2667 3559 8123
13747 14270 6790
4613 6714 1107
7619 10626 5918
11929 13196 7438
7476 7744 3448
5712 15509 6555
13571 15128 2129
2603 14975 153
9151 17716 8927
2864 13287 4237
865 6615 3755
7676 11854 7492
263 14407 9071
1220 4281 7806
10701 17452 5281
3058 7316 3079
2337 7105 3567
8127 9447 7898
1339 14861 2729
187 206 3120
2683 17643 487
5661 7119 4406
2478 12193 7551
4545 9406 3462
14151 17981 2982
4042 5898 7864
2348 7249 2026
1693 5468 6601
1535 7636 2855
1896 10542 6454
5648 6347 8129
5326 11867 7693
4691 17301 752
7593 18660 8838
1307 11046 3367
116 3974 8796
11919 18392 3947
18278 19668 9264
2018 12084 4047
18302 19769 884
53 17512 2355
3 6 9165
16581 18730 6562
2199 13810 7858
16144 18450 3018
68 143 1439
1695 9479 9091
1157 11441 6220
8268 10467 2535
11699 12665 6618
6991 7633 6002
6322 7290 7553
9219 10821 6576
6448 11822 9256
7743 11238 9093
11657 14891 7184
2988 3214 7269
3284 6642 6479
6799 8494 5057
1640 15315 5828
1801 9005 3685
8419 15619 3403
6808 19619 5147
8078 13411 1615
12737 15449 6917
3959 9133 8059
8538 12510 935
6649 12280 834
1330 15041 7867
2081 3181 7347
7609 16109 8682
4816 13318 7535
1122 11070 4752
3217 19404 8679
1330 2419 1520
8597 19597 6400
1370 2660 4272
7985 13536 2305
8902 9474 7792
1640 2703 3269
2145 11625 6747
2568 12045 2536
829 4528 7506
9129 10892 8306
7110 17257 9857
2816 10463 8421
2936 15614 4550
10497 17352 5634
5594 5899 8577
7296 16395 4269
11384 17393 7917
9163 18593 2518
17535 19515 882
7738 9143 3616
1139 6335 2262
5860 8804 1584
8913 11294 9105
81 12371 2672
3988 4251 3571
1655 7444 1676
8233 12245 275
9314 15279 4284
6579 7786 3086
1653 11073 219
2236 7679 5693
6244 14199 2
4528 18254 9463
761 10514 5622
3535 5479 3425
3809 19844 2724
11352 13462 244
407 954 8786
2743 14949 9611
422 4468 5979
7778 11741 2756
7642 11065 8933
289 7365 801
2453 19514 7843
8340 14336 1913
6211 17931 8522
4016 15872 6306
9324 13207 3881
14019 16378 6004
3873 11942 6924
1611 2394 7264
15602 18536 2971
7963 8092 6635
7670 19079 7057
8398 12112 2713
948 1316 6977
2896 6818 4603
3431 15029 1733
7822 8506 4485
16824 16839 5869
11164 19385 3401
3601 9367 9344
5178 14660 1975
188 1006 3900
11950 15717 77
8809 15950 8135
5890 14203 3723
7210 8769 2111
5918 16840 6716
158 927 4215
853 1423 594
872 4958 4469
14108 16215 6727
3206 4241 3759
9458 17454 5663
10136 15924 2438
3993 4183 8225
128 7714 1840
286 2305 4549
683 9797 5155
10520 13978 7969
8246 18629 5268
7881 8001 1804
2663 15050 7199
8203 17543 4273
3062 13653 3756
2843 18080 3762
1841 4573 8586
10992 15726 3873
1214 18944 1076
1359 2150 5761
5188 7367 6278
3603 7696 5190
700 14637 9088
1883 7536 6483
648 19090 115
12546 12992 1181
6713 8119 2922
14851 18726 4128
15610 18855 4115
4249 5943 2171
3111 13426 3628
8002 10224 9173
2613 3228 2799
6502 19181 6916
6429 8789 7640
19 64 7219
307 1061 2469
4445 12073 8236
8724 15942 6875
3568 5867 9583
9355 14391 2166
6776 9397 9408
3778 12807 7995
14331 18363 9387
16822 17477 1866
2396 7780 6676
10107 16393 5050
6680 7859 2350
489 551 1366
175 517 9805
5583 8146 4310
7118 8680 7752
2782 5828 8776
7315 7733 8452
9719 17825 3051
4369 18003 9798
313 19651 8319
241 425 4931
2106 13467 5682
957 5060 5217
1405 17725 4903
9977 14433 3401
14453 15643 7864
4391 5307 4893
2809 3915 8244
3302 3550 3946
14146 16945 257
12366 19441 3463
905 12785 7676
7400 19685 4026
5485 8352 5870
1447 13629 5273
17955 18372 4373
4148 10788 8308
2430 4055 6582
3543 18354 6607
7059 9055 8665
643 17167 5010
2162 4047 9308
14934 17332 4033
1178 1861 3145
7912 8981 4570
1349 16662 6323
16260 17286 4718
625 15938 7183
1332 11178 3679
125 3508 8104
4195 19989 1401
6670 16304 3660
14983 16391 7574
10644 12148 6111
4787 7885 937
113 576 5769
5506 10723 5020
5430 12016 9567
8512 17160 7061
12048 16426 5986
8880 13646 6390
2366 8541 1048
1973 19369 5611
132 3256 883
5449 8624 9937
6975 17992 7658
11407 18729 4730
8414 8765 7531
766 2425 8099
1233 15580 2601
5489 12744 8458
8137 17075 1921
281 1004 2512
6516 17612 2655
4392 18573 8492
1692 15056 5347
11815 17657 4738
9965 15123 4353
17919 18144 9025
15015 17742 6705
17757 18577 5590
6170 6261 6582
12703 16083 5018
16310 19557 9947
574 15386 1338
421 9460 5858
290 12638 7835
1295 13400 4525
6247 10518 942
34 1930 354
2033 5046 3847
4401 8843 1532
16983 18239 4465
101 1914 6191
17175 17332 6645
11375 13819 8140
28 189 4169
2748 5318 9714
7347 13329 638
11510 12169 8405
17 541 7513
4501 10785 1880
16001 18172 4790
2399 2961 7193
2680 3796 8311
9366 13150 6288
1227 16371 5445
4460 13366 4947
4325 5922 2132
17987 18163 9208
2752 17955 2601
51 6959 6042
4267 6297 6138
8815 15637 9507
14404 19882 190
858 14108 6976
1985 7321 4567
9105 13280 3759
7910 15760 7047
1846 13746 3414
472 14433 9099
1563 10271 4403
8822 17883 148
12033 14023 5418
1175 4413 104
2799 4599 9507
4526 11372 6474
151 4695 4594
1117 10041 1107
3337 14290 5026
17 358 6386
16 14247 3130
5325 10211 9492
18220 18942 2566
8055 8698 8247
5573 12503 1651
11632 16616 1023
8239 17581 2490
6072 6689 2766
2895 11250 8069
1681 5171 1995
4600 18354 8759
11124 14396 1683
5566 6100 7841
4991 9426 797
14897 16563 4121
8781 13686 9344
4697 15006 2926
7091 8028 2788
1810 3331 7905
4784 18819 8836
9513 9570 4259
1265 6647 1931
1185 1416 4300
14066 17629 8066
2596 4694 1010
10106 14085 4426
3704 6360 2089
4760 8255 6122
5762 19275 1690
7018 11513 7498
645 822 4418
1149 3349 8356
18184 18866 3419
1573 8975 9117
12713 18695 9021
387 703 559
3149 17962 8127
14779 17017 490
7782 15196 5387
73 248 1879
12838 19955 5015
13982 14358 5062
4319 12046 4620
8085 17790 571
782 3770 4170
15021 17275 6201
9544 9643 2087
2031 2396 1493
1931 2968 4693
217 1124 8139
2744 13095 3548
4783 18351 1068
1693 1847 6358
4564 7183 5194
1707 11746 2960
3756 6461 7920
214 19056 7929
18 705 6991
2907 13234 3042
8724 15826 9126
11369 19286 9520
14933 18796 1204
908 15515 2257
393 9792 2544
8957 15368 4068
2665 3458 7512
15329 17429 8512
12183 16552 3032
17595 19821 5164
1470 1641 6051
839 13849 1668
3417 17386 9165
1554 4984 2891
6533 10975 493
5218 8295 2958
6195 7129 2854
9211 14921 2078
7766 15112 192
7793 11344 8510
9888 15235 4040
2365 7186 8303
14975 16079 496
4571 6506 1272
5180 16035 6562
6245 10449 6218
4104 7606 3898
2607 5494 9067
1432 8140 6208
10597 15334 6869
9672 12595 4603
1759 11124 5368
9032 19637 2215
8964 15459 7831
7696 17066 6857
691 3389 1072
1039 18588 6684
12431 18595 6572
9135 19977 4846
5811 9540 8005
1604 14918 4262
2662 16256 9881
1870 2623 9864
18350 19867 247
4146 5105 4866
4313 16157 7119
16179 16799 7089
34 268 4865
13091 14091 1881
4977 19733 3400
3566 16368 2988
12756 19554 4199
12231 15138 2089
2668 9391 1971
14593 18668 7177
5667 7270 8925
12808 18906 3617
10257 14702 6031
3152 5884 7960
8000 15040 2286
1932 18017 5123
12094 15282 9756
5148 9041 4680
10229 19135 3123
68 4216 9565
3045 9873 6580
1635 17741 1755
498 10437 7334
253 4375 5704
320 9267 3874
14900 17555 1393
7403 12025 5989
2330 6988 401
2073 9123 7824
279 3258 2972
6957 18250 3991
3417 10351 5000
874 17361 7942
5740 15215 7905
14114 19473 6687
5223 15297 4993
9419 11721 2247
7005 17920 6846
1818 5782 9634
6990 16870 4651
5829 15518 6960
640 2980 7294
7493 19724 2108
603 14071 9311
6154 19478 5299
17236 17685 1854
5419 11487 6411
16417 18995 2553
4000 13365 2098
55 2981 6271
1031 10613 4565
506 19793 6773
11243 11302 3810
10638 19836 3982
869 12488 4711
9619 19376 1350
1528 3736 1369
2325 3763 6832
13094 13454 2363
2545 3313 2040
10407 10553 4626
8133 15695 2476
1100 1455 2837
1093 17324 8142
1324 5111 8775
3401 18347 58
49 61 1975
7772 11941 2535
1733 14306 7998
4910 8644 6843
10670 18424 9713
13624 14597 8848
2095 12537 7108
2598 10202 7421
1650 9285 6445
991 3000 7414
6665 15903 7221
6606 6669 2655
1055 18917 7838
11899 12784 8528
1138 4292 1160
11134 16723 8817
12005 19559 770
6282 15187 9565
3923 7295 8629
2703 8503 407
2261 12963 8645
1789 5085 7103
8957 13755 371
3595 13721 5915
3967 4368 3892
9815 12350 2130
1232 6611 2915
9345 16538 565
699 10767 566
5025 9453 8032
4610 8646 7525
3751 5952 8909
9903 13400 4883
5671 7025 329
6853 8561 3255
9123 11454 5185
8464 18439 650
4708 5273 9175
15545 17138 3021
12952 13391 6849
1998 14746 3003
145 893 9999
16813 19466 3761
1231 15434 4302
6492 12862 4752
5017 5456 1203
489 10086 7199
4616 17250 6212
16008 18451 1656
2475 9896 7456
11351 16436 1142
974 7067 8340
2528 13094 4020
3885 9362 2046
13873 15856 765
2248 16316 4806
2674 8402 2161
9283 13814 7077
8733 17444 4249
5725 7422 9487
2205 12391 8068
39 16136 6089
12181 14960 1951
11904 13707 1841
15688 16672 3903
1082 2156 9045
6740 7481 9757
2198 13850 8040
16170 16528 7829
4356 11685 7047
702 785 6278
5762 13706 7900
282 11075 2987
16307 19500 744
4898 19387 3500
3183 9516 1899
10243 17793 8871
1291 5250 1705
6270 13480 7186
4672 11657 7390
2391 11791 7697
295 2149 2605
1972 9053 7371
2711 6816 6921
10639 18430 1800
13965 19447 4867
2856 3207 7794
10173 10478 6361
421 11902 767
598 2866 6829
1526 3724 1584
3062 4016 7973
14163 14560 3947
529 12589 5065
12060 14198 5750
3915 8798 9527
5832 6308 7364
5528 18762 9815
10783 13748 6174
6811 10327 5840
542 3955 4535
12665 18245 1136
5957 14667 8214
4188 5347 7155
452 1400 4568
11202 12127 2856
11644 14643 3234
3958 7280 4919
9979 10798 81
8174 12638 9772
15235 16363 9103
12996 17492 7630
12117 17800 5912
3455 6392 1480
2241 18889 7918
14405 16237 6713
480 5095 1907
9358 14790 3413
2007 12027 3215
921 3449 3239
1269 16383 8335
427 17904 9020
3441 7837 3086
4175 10490 3114
16625 16922 618
16710 19580 8238
6142 6866 7665
1239 3298 5930
10479 19942 8811
414 1221 8777
4853 6866 9309
3743 10505 5443
14300 16584 7622
93 14433 9209
13087 17581 9367
5033 10102 9488
3475 19769 4459
7351 9306 6550
2231 12292 9329
16770 18515 485
1699 4949 4677
5419 10981 3200
8895 17251 5769
381 429 7634
3148 11289 321
9061 16764 1037
1139 3469 9263
4447 17366 2283
2935 5239 7900
12629 19773 5845
13657 17508 6265
17501 17913 8211
10422 17726 6789
6360 9224 852
7195 12927 5890
10973 18696 3056
9202 9773 5095
11168 12792 2114
1659 16553 830
8066 8267 4040
346 7112 683
1641 6098 8625
8393 14764 124
6766 11194 294
4077 19773 9642
2139 7696 6016
3231 9691 1664
3729 4805 2401
6010 14473 2240
10024 10838 4085
969 4236 495
9188 11754 2059
4897 12186 5273
11944 13449 9364
14637 15844 9314
17588 19642 4090
198 8513 1500
6944 16172 7952
6196 14232 4420
3818 7387 5955
4961 6607 6532
289 3692 8054
9962 18032 9018
6401 19966 5967
1818 2208 4821
7644 13937 8188
15181 16521 4809
6618 10255 1227
7218 18389 9851
12504 12721 416
6957 10292 7397
471 597 4781
919 3159 8284
332 16063 2260
395 14693 7557
830 3823 1710
17457 19042 9188
1 16144 6583
11353 18060 2596
12541 17121 3634
5591 13500 7831
9412 15728 7683
4455 15687 7340
10371 12221 4605
10097 17560 3471
2000 3470 5387
1877 7876 261
4582 13699 2699
2102 10010 4737
1861 19256 8685
2836 8746 6623
6568 10983 5090
4194 16311 2816
2711 9252 5804
30 594 8137
1444 18055 6529
176 830 4384
7024 7025 6799
1026 9301 3670
7076 8873 9272
752 4043 9579
4038 10666 9727
10155 13890 877
3126 5290 3142
13697 16123 5618
8734 13356 5221
1372 10840 9885
14702 16298 3452
5833 9794 3160
10212 11933 996
2311 4215 6226
4767 10384 869
8832 19998 797
5169 19084 2793
4835 14738 2749
9521 10916 860
1865 6403 209
10391 13417 8618
117 209 1094
1860 2088 7533
4346 7539 9864
4520 16012 3395
940 14081 8946
2175 10230 7939
8563 17302 9417
5871 15777 3765
4677 17658 5258
1028 3057 697
1575 14788 1885
316 524 8451
3230 10089 9201
4583 12138 5538
5328 9828 5843
4011 10881 4465
11553 19403 57
6602 14529 8589
397 3259 1736
4828 14834 4282
7327 11652 1022
4797 19789 4654
1716 7264 2324
1732 11638 2164
1750 8289 1624
11939 13732 748
4685 6755 997
3848 19079 1051
12346 17709 609
1210 4838 4806
641 19048 4878
12659 13590 5776
2415 8309 279
387 3752 5318
7854 11859 6517
12582 17300 9419
5552 10178 4933
5935 17226 183
1702 1992 6453
4836 9374 6204
9255 13958 9438
2869 15999 8906
152 1837 3185
4626 10000 4759
15873 19452 1703
1197 10611 5367
8699 11718 4331
3045 17219 6672
6737 10431 9512
1189 3241 1700
35 5711 4659
376 2736 2256
1980 6709 3725
10492 14373 1914
3077 11421 8937
4802 13279 6435
6920 16088 1090
299 13359 5436
10397 17624 6498
11669 14849 8516
1152 19660 9384
371 5092 259
6 23 7064
6121 8441 4178
3965 11406 9928
16414 19535 6521
2428 4950 1340
4830 13165 1670
19114 19674 9156
14510 17989 9483
7543 10877 2758
3785 9117 6101
11174 12403 9495
10485 18430 4678
761 15724 4846
5009 9699 5821
8049 10746 1268
14584 14781 4055
860 19555 106
10505 10543 4520
162 4944 2908
8929 14045 261
6781 13012 4687
9419 18392 3038
10294 19255 5289
775 3585 4650
788 8370 217
6994 15475 8414
524 6427 1311
2744 5504 1757
8233 17661 8094
5442 5712 8987
898 1338 8078
6414 15557 2118
238 10292 6636
1909 15358 5133
9072 11961 4933
897 1075 5000
5333 10785 9778
15468 16758 7075
2298 6845 1229
2382 8651 2718
4818 11438 8375
1196 3060 4274
1204 18839 4725
9121 18540 8860
2208 14314 8541
14068 15785 9897
2051 8890 258
13494 19596 3134
3602 5864 325
7401 16662 7440
2270 4042 2049
4721 6201 1997
18491 19853 7729
9522 19948 8154
10845 13007 9572
12483 16706 1131
5000 8995 849
11354 13014 1137
3166 3417 6009
9583 10697 6049
1869 5162 7358
22 1022 1318
9605 18193 6276
4642 6177 576
16738 18520 4000
541 1102 865
12536 15884 9450
2543 5467 7252
1312 16049 4701
401 19240 2503
5826 11705 2088
7813 13149 5840
115 142 3923
9222 14579 5952
10345 15596 491
799 1163 1249
11055 16500 779
1602 3645 4066
148 652 4039
9304 18582 5161
4691 19508 2258
2258 3576 2089
17019 18198 4873
1831 14378 5004
7237 8193 2119
2053 18811 9517
1442 3487 7361
9016 14773 1310
205 1721 3029
41 73 5205
5264 8699 7387
495 3155 5398
7751 9712 5879
5097 7624 8110
6868 17449 9500
6477 19546 7530
8170 15408 8382
6677 15910 6693
12011 15606 4789
1393 3648 3122
6916 7057 4475
6050 14212 9717
1113 14718 9093
3728 17657 3799
16795 17853 6709
15112 15161 3667
10031 10608 106
2348 15978 7352
640 7068 212
6032 17837 5387
15600 19076 528
207 18486 494
3508 9538 7906
415 15644 3113
2546 10221 3367
10303 10747 5908
8914 13449 2048
2399 4321 9497
14139 15679 481
1728 9970 4978
2371 9942 7139
11621 12934 3792
9061 10681 9195
1146 4366 2492
10173 19179 918
4562 8282 3272
6271 14157 6276
7706 8789 8122
13578 17721 7511
16677 19225 2238
14116 15495 6091
15833 19815 4450
4541 14161 3163
12026 16026 1580
5854 18275 1703
785 15508 8558
4459 7399 9890
7939 16773 4759
2218 13447 4004
6326 16207 614
11877 12451 8019
2366 2659 4071
7996 16723 8553
12936 13400 52
5211 7908 2904
2394 2497 6303
4188 16728 6165
6033 18887 9521
3247 18934 6655
2046 9880 5516
8301 12585 4786
15468 16479 1659
668 2381 6371
3557 11639 9106
6778 7134 5740
5107 6378 3150
9839 13145 6744
16075 16180 902
2825 3397 9541
2729 5576 1553
4386 10815 7685
4905 7241 30
261 8702 885
12140 19936 7730
7152 14334 5596
12127 16465 9806
5184 12168 7554
3231 3491 8275
11990 18584 2822
362 1883 7931
354 3906 3845
15176 17965 5416
9064 11052 8369
3189 18763 1257
823 2949 4771
4358 19188 7019
2801 7774 2674
1456 18196 1614
16900 18176 8914
6848 9175 9091
11618 17953 3968
3163 16186 1679
1756 4222 3998
1384 3315 3953
13829 14352 842
4800 7407 853
601 1105 846
5847 11264 9132
4565 5884 9835
10693 10757 3667
6778 16393 2179
1669 1868 60
1993 3119 5905
383 8034 9223
11169 14695 6919
4822 10278 3253
6865 13023 6382
5080 18862 1345
5229 19746 2811
1943 7967 8332
1681 2944 2016
16962 17918 7281
4536 18500 6714
2634 14462 6620
13091 19006 4748
12458 18293 4729
2292 9035 3936
2793 11790 1187
639 2607 5255
5536 16628 4202
4496 15307 7417
1019 4210 4208
10351 11664 1753
6342 19614 7509
1952 14345 6906
4120 9571 7656
1045 6391 8145
4911 19800 5242
7535 15727 5483
1429 4619 4182
503 5355 437
5140 19936 2225
5443 15221 2568
1684 11397 8929
4096 8576 9572
3757 15593 4985
4197 14025 1378
5240 10659 8113
9783 19296 4026
7662 8624 8520
4185 5862 4256
13200 18464 3453
3179 5274 5551
3454 17675 5963
6389 13085 2366
1836 16881 6295
4925 11804 5289
4702 14712 8218
2419 18984 3357
6280 13842 4058
3293 11166 6204
9086 16741 8075
13844 16721 2803
3210 8510 9900
7843 16807 5330
4032 5394 4547
1797 2803 4684
4222 19762 9448
2080 16446 497
10536 17051 259
1731 15547 7214
8485 19789 5765
8847 13753 3561
1738 2149 4215
842 17995 5945
337 663 9632
1669 14763 2529
1936 2894 2250
11519 17358 5159
4675 5722 921
5225 11442 1901
2248 7859 9458
4765 13115 5808
8627 19935 3288
12612 14121 2547
946 12048 7841
9938 14233 262
2335 7944 7594
13379 14647 6811
10052 18796 5023
2267 9414 4249
404 6967 5531
1882 7965 4756
488 3937 2158
231 338 8877
2682 5780 851
58 2467 3763
88 491 2519
3632 9644 9522
2175 7691 5671
2852 4294 7509
1197 2599 4563
2817 17609 9536
1694 5099 1037
670 4546 2601
8414 19148 235
2098 2946 1451
4980 5045 9891
3648 14673 6096
6980 15173 527
8431 18045 7255
4536 15408 1430
11224 19612 2586
962 1215 807
11517 12322 1415
8621 15400 7781
6167 8817 401
58 11818 6885
793 2220 8735
5926 12832 6377
146 10047 4034
7730 12952 6321
256 16619 2506
23 8796 7416
516 13007 183
18593 19359 6625
1529 16181 1135
4706 19374 3003
17862 19177 9881
14497 19790 8352
2934 17958 1516
435 15397 7996
5168 15091 3493
10097 15823 5017
3415 7940 1347
6878 13137 7861
8802 16455 612
3625 17703 5905
7832 8823 9942
10930 14996 4295
11066 19424 5303
146 9987 4067
2035 14761 5759
12131 17363 9862
3572 4817 8091
2010 3260 5246
7672 9958 9774
10104 15875 7278
1633 1750 7657
8532 19058 8182
3824 6813 3704
2162 16100 6654
2898 6101 9950
5948 13554 6550
534 10438 4332
398 755 9048
1538 6961 4413
7262 18874 1662
19496 19712 6674
70 3414 4491
10090 16674 2570
17558 18675 951
4935 5416 40
290 2138 6683
3011 3632 2492
3564 7095 6738
7033 13308 1680
11559 17978 1739
3648 19850 1143
3015 18631 6353
8810 10294 7189
11522 12817 2998
4496 19074 7508
322 4620 6534
11170 13349 5374
8916 11938 5483
1554 4298 9890
2151 2229 8084
4215 16243 1031
13335 18743 990
3817 5384 3067
2327 8225 3369
300 9114 3079
1153 4134 2636
1593 1601 8571
1677 5504 6215
4909 14955 4209
9166 18958 4567
1216 2278 3166
8447 14927 4091
13715 16624 488
474 15169 9613
2269 12232 7065
1315 8387 9540
2528 11462 9072
14126 16521 730
3874 14408 8096
900 1038 5957
757 9064 8405
12 18209 7066
4259 17596 3425
5298 9835 7002
15961 16800 3442
8754 19565 5933
113 19792 5447
5150 19531 3847
2978 6710 5340
3638 9290 6008
960 8876 4596
5073 14368 4964
7096 10970 1232
4397 4725 743
17023 19683 4681
4091 10428 2924
6502 14697 3005
62 10904 2146
12169 14715 8451
2220 15278 1323
2744 16422 7825
2539 19228 3685
6950 9260 8924
7468 9589 3520
2695 4514 3599
2784 19222 5000
4443 19781 3130
7809 11082 5699
5024 7765 1651
6682 8037 1032
196 566 3422
1328 4600 3891
5454 9915 1232
8066 8347 4611
4831 5103 3043
4108 11801 337
4214 5518 6206
2262 8421 6591
11024 14590 2416
1431 6176 8804
2420 13724 3198
1528 7534 3443
210 15920 8488
4150 9804 217
11154 14164 4112
131 17774 5828
5120 6692 8541
1816 2124 212
11234 18557 3092
14301 14739 658
1469 4343 3864
3657 8837 3873
879 18955 8862
270 2987 3643
547 15510 5063
6844 16543 7765
13731 14160 985
3001 3102 8549
2490 3370 4299
2575 14307 1272
2996 7339 8967
758 13801 7622
972 11055 3607
4796 7349 6375
3787 8973 2468
9878 13012 539
3593 14719 9610
7620 8846 5309
193 3524 5514
1116 2344 4175
5588 12658 1688
6833 18258 5012
10697 18633 554
475 1968 5149
5414 17544 9595
2420 8568 5142
3945 17617 9035
2303 19035 4573
7694 13081 4292
4689 10734 9424
993 1202 3348
865 7302 3030
12506 19912 3584
1750 4573 2040
342 8988 7607
4800 9196 9937
3629 11197 4112
11618 18135 7642
1963 5603 2031
601 3491 2359
11632 14202 7644
5806 14316 9909
9641 13632 4354
1227 12694 9984
2519 2679 8000
6512 19246 1298
9967 11288 6403
9679 18908 8050
7062 13285 2434
930 2264 8421
758 9221 2447
9517 17299 8531
2643 14219 7971
10973 13797 4194
1582 2846 4145
7950 9383 2991
9389 12130 9378
6272 6357 9220
2026 15626 8537
15265 16398 8800
339 752 3120
13634 17284 7980
3245 12106 692
6509 7541 775
15514 17508 5224
11878 13182 1284
7901 8445 4824
2521 17805 9482
9901 10676 2667
2023 5446 780
2740 6323 4117
6413 6863 8685
8302 8942 7533
6510 7507 9207
570 19679 1786
9419 12319 2790
1245 10553 635
3294 14394 2836
5179 10687 9644
2421 2497 2973
7361 19070 962
2429 15109 1079
15882 16563 9178
6273 12802 468
9098 19677 8113
4923 7449 9524
8636 11414 1177
6407 13416 8496
132 233 8993
12522 16609 8863
7847 9993 9937
50 1979 8503
4381 19751 5416
1871 19087 3665
13190 16202 7900
614 904 9461
10918 12057 9908
3445 9912 4405
4740 14159 4736
2737 4810 6837
3709 15015 275
7255 17639 8978
3373 16687 7234
3214 10080 5747
1726 3365 4328
1964 14406 6465
11506 14084 3138
7127 8194 8630
5260 5428 950
946 4710 1312
507 7066 264
16901 17327 6735
975 1816 1765
765 6717 9719
9624 15734 4431
4817 11124 4207
4565 5216 7095
10914 15272 1752
396 14730 3761
25 18493 2894
3463 10497 145
692 13093 4776
2968 9650 3279
4027 11393 1758
6595 7720 1453
2070 3704 1883
14280 15841 5636
11 2977 358
11737 15533 9304
6297 10795 3918
3732 15590 7723
3533 5448 3716
1289 2316 8342
499 2246 3708
4794 9157 60
10184 14916 5923
3291 17049 4329
9561 13664 1602
7364 11713 6670
841 19846 8494
10370 14966 1339
8286 13021 7966
10657 13744 8729
8654 16855 9965
6383 16948 9467
2188 6828 878
6206 7706 2968
1189 7811 3414
56 17712 907
4155 9508 5056
231 5763 5869
2954 14386 1313
10330 14477 2562
8155 9291 2159
8803 16183 4522
7893 14089 6702
1839 2052 6327
18432 19838 6794
9415 15016 1012
1981 3304 520
2432 8181 8820
10867 18220 9742
1247 12869 1005
3493 11248 8698
819 1100 8070
8019 14035 9429
10025 11082 7012
1926 4671 8373
2397 2842 5494
2463 8700 2266
11 15425 7212
2558 2589 6941
3756 13089 6126
10369 12967 3779
1288 7829 1695
3669 13074 2186
2458 8853 9891
9227 14318 5291
6167 11217 9090
13388 18251 3992
12824 15977 3467
4984 6946 7351
5983 9970 1376
3369 17753 8054
4369 15738 6647
7069 7540 1941
470 12139 5771
2267 2622 5960
6508 16869 404
7387 10619 2198
4329 15360 7959
15296 19879 3884
4220 9611 5855
2917 9603 4494
8503 10151 20
5935 10088 8471
3562 4890 8971
8426 9674 4602
7759 14883 5331
926 15622 5891
6446 8642 4890
760 10913 1932
5486 15401 2369
13578 16743 782
9903 15897 6724
360 12551 4603
7654 13460 5719
11643 14425 5594
5380 9774 1642
9617 19917 5
10844 19403 1723
6245 6389 2851
304 16495 219
601 1171 3299
2267 19156 8123
4957 15645 9275
1933 8524 5686
8524 15209 168
8656 13480 9671
12617 15446 2807
1564 3290 3279
11190 11865 6730
5727 17730 8308
1190 1329 9693
14545 14860 695
552 8429 2486
4033 12467 6657
373 15482 2876
1048 4704 2926
17053 19828 5834
7504 17551 4902
15934 19150 8068
18277 19334 9534
1044 15547 9916
1665 1966 1249
7150 8897 7924
8959 18650 408
10547 16252 1657
2728 3544 1854
5143 15375 4964
533 7249 5050
3826 14599 3700
6853 9235 9154
6976 15317 6766
14556 15066 3220
3490 17429 1807
435 3184 9610
6910 16282 665
9854 11723 6765
9847 15870 3882
10494 10932 9312
7069 11435 2020
11824 17163 6006
431 7299 7550
4687 5790 3632
6332 14898 7237
11296 15633 4168
6943 8304 2751
5342 7998 1668
7242 9184 2275
12390 15267 4207
564 7578 1519
3536 6320 7641
2920 10151 226
7300 13426 8057
14516 15680 4952
9543 17406 8463
244 3317 4676
15086 15320 2551
4930 9063 5138
6599 17447 674
3076 4864 6949
6126 11836 3804
8683 17357 4961
10309 12952 9934
13771 15983 2069
15406 17017 1725
199 213 8682
1518 4179 6558
919 18624 9005
14145 19735 5497
4657 13527 3757
135 3387 1265
2316 11341 3583
1905 10367 5003
2104 3513 5136
2969 13298 5116
1109 2790 8382
3081 13746 3210
3391 13672 3972
3436 8722 5370
2976 19265 3205
3660 9784 1465
4608 6706 8762
3958 19236 1631
3587 8019 6578
4055 19555 5754
4027 6191 6552
561 13815 751
685 6278 192
11498 15907 7643
7152 9828 2665
5252 10247 7684
2979 6379 8180
13217 15034 3080
10230 12405 4354
4652 8602 4965
1380 18294 8289
14931 16679 7135
4483 12858 9989
4782 18117 5754
11324 14952 2321
2983 7015 8985
450 5016 7206
7936 13525 6458
104 177 4959
9981 16272 4764
7225 18116 3557
3997 9741 4668
3057 15984 7504
2793 16386 174
946 19259 3796
10244 11085 3235
1786 10658 4101
304 1344 9813
9157 9922 9138
504 11602 4246
12019 14838 6961
3263 4883 5595
1994 6146 6611
6145 14344 5507
867 8384 9587
1097 5004 9296
1180 17299 6087
6917 9061 823
2575 7251 1863
165 7840 1016
1183 11710 7740
14062 14166 5243
2862 14005 566
6938 12476 8115
7690 13067 6552
447 598 5602
6537 10915 7968
2461 12467 1072
735 15621 8274
6093 16046 3829
8883 10252 7734
9600 13650 1317
9399 12574 3618
888 9098 3065
5176 5438 5361
10123 12367 7306
6904 10382 2068
9482 18889 3201
829 7823 3080
34 144 5841
1388 7126 4622
1003 19879 6799
3781 13628 1644
2647 2739 3176
2766 3948 5451
13001 18764 1393
8292 15254 9120
2994 4652 3492
14513 19903 6776
3969 7290 9324
8224 18905 1440
12458 19554 3554
2310 14445 7298
15204 19178 3159
1015 9661 8484
9108 19183 110
6035 16337 9646
5362 5684 4148
11624 19050 1603
947 1393 1905
6063 12256 2672
15916 16039 7042
9257 13580 2646
3804 13701 1057
2870 4635 6080
1828 2306 3571
6866 7029 2219
16058 18976 4662
5444 12182 8642
10145 14075 9136
5239 7949 6608
3113 14491 577
1358 4873 9941
5460 15047 5089
15359 16934 7238
1755 2341 4879
277 4512 3895
2542 19063 134
8188 16358 5704
3175 4151 8679
933 15418 320
3931 16984 6523
12935 17320 4943
6772 12624 3386
15098 18603 6589
13739 17528 5060
7635 11637 7208
6146 14346 8268
5477 19518 7536
13490 15203 3868
15208 19107 4805
10512 16685 569
4391 7896 7472
14955 15279 589
597 6677 9954
16795 17115 6550
6853 7262 1945
4563 5822 9232
179 8634 8193
6808 7978 5400
4234 10425 7986
16747 19703 1499
11263 11882 8509
5029 7845 5491
6098 12053 3312
1020 1418 9444
10017 14371 1867
11037 16848 4029
2002 9182 3277
15161 17933 5382
918 6865 9927
7269 12018 6919
2566 8776 545
3281 6921 7439
13753 15872 6334
1332 2286 2561
2892 5935 8363
7885 14135 1035
1087 3296 8048
4088 12656 5065
5731 17055 4544
5103 12500 6211
9857 10986 6613
6299 13082 4407
15675 16955 839
12101 19316 9163
4450 7357 2123
4960 13622 335
3123 6896 2504
382 15499 1518
2800 16126 3086
777 9517 5024
1707 10885 8599
8192 16523 573
669 2618 2301
10951 13917 7511
10351 14602 4649
1699 15297 5070
12973 16596 3651
3759 14622 1541
354 1659 7772
2350 3569 3448
7160 9087 2110
2118 3785 1217
4291 9200 1362
2168 19817 3769
9787 18201 9217
5441 6316 9840
15759 17902 6865
10217 16481 9847
18799 19442 1558
7367 10287 6675
4924 6771 622
5960 6939 4955
2139 4000 6242
6982 10276 9303
13814 18476 9676
12963 16219 9295
1071 2046 4522
938 1657 2968
7207 18894 1330
3500 5263 6674
1681 7636 5635
6910 14459 7105
15053 15148 7531
944 2462 6384
789 1607 6243
11441 15607 2475
18279 19914 2405
557 7861 5464
6100 16673 4861
13982 19944 4347
2269 10053 2340
4913 14036 4125
6094 8012 4070
2053 5694 3953
6328 14635 4230
6991 12046 6391
2063 13379 9901
28 1499 8102
865 16271 5399
105 16499 9188
733 2074 354
8299 17777 7035
3015 12279 2526
9301 17471 4337
2453 15626 1630
12347 15791 8796
4468 5348 4467
6111 11223 9278
11463 19524 3279
4537 18295 6044
4764 6115 4173
3276 19824 2373
695 6285 6653
12160 12603 3200
833 2674 891
10660 13485 2555
2367 14442 6266
2383 2636 1586
8790 14461 2127
13391 17483 4361
9272 12153 3636
15207 15430 2566
978 1223 8936
4439 5442 3072
3179 13098 6439
1059 13362 7741
1294 2574 1579
6385 14249 1382
3 49 6207
1363 5382 2752
2631 9023 3233
2310 4238 7957
3982 11053 1748
5809 7915 8116
11383 12838 2039
9761 16362 6956
13217 17043 82
2395 14090 247
13008 19932 7191
485 15851 5419
213 1360 4697
5190 18062 1745
2791 11056 9940
2880 7221 931
5766 16110 9880
181 16480 1900
1067 13891 9146
1256 13061 1156
7331 8553 7412
495 18664 4025
7132 14289 1316
1972 2174 8942
1018 1058 6972
2897 4732 6652
7820 19066 8247
14692 18929 5160
754 2600 8181
138 588 1591
5096 19442 7020
1556 13929 7094
11045 19534 1782
4011 6779 4038
233 12449 3324
14812 18734 2645
9417 18578 8876
14784 15003 3832
1729 17573 4994
54 3945 3463
4446 4831 985
150 509 2795
718 3090 1204
644 4550 7529
10302 19905 2066
2726 2838 65
426 2613 157
760 18172 9333
1150 14050 2551
1268 6686 2972
4816 11905 4908
875 3238 948
5574 18607 1022
7308 7645 2971
2901 3227 5961
4706 5953 7225
3184 10547 940
5686 17564 5007
2432 12866 5671
7139 14063 8335
6272 7976 1546
9934 15102 6296
10671 13170 1279
481 695 8177
3752 9062 7588
313 1916 7844
2459 4191 9826
1959 2550 835
7613 18529 9367
3956 10748 2761
10302 16610 4699
983 18759 91
12083 18682 2427
14779 15800 3310
9972 15821 5808
2905 3891 871
851 5108 9844
7495 18798 6128
5921 8900 3673
3616 17005 5472
56 104 2720
14436 16119 4412
1576 3072 9992
4913 14679 3033
7315 7542 9183
3274 10087 5910
580 613 955
1558 9934 2622
11437 13919 8433
5163 8979 1914
4460 14615 4652
4730 16411 3279
229 962 6485
4054 18800 9105
3967 10117 7954
440 13869 4114
3045 9685 7871
1442 12721 3477
1700 17580 474
18478 19661 4897
7043 14176 8931
207 556 4735
7281 10559 3222
193 4685 2165
14872 16756 156
705 17973 3937
3817 17853 5163
14461 17971 7295
14248 19062 2636
751 1959 2337
12611 13100 2039
1042 8088 5800
5451 18132 9686
4728 4886 5712
5307 11198 7782
6923 10293 7757
2235 3821 3840
1752 12068 3672
7645 12671 4769
1161 8139 8092
5674 11141 7556
3271 13955 4575
14687 16378 4471
4009 8216 667
4648 15436 9745
2347 3801 1568
674 3887 4651
7036 9575 5118
129 1296 1575
228 1266 6901
1117 1280 9610
3250 11443 6562
4074 4615 9154
8584 12668 5521
9125 19257 1509
1724 3071 5917
11766 18878 6465
317 1510 1716
2708 10152 7923
4606 14848 5270
7577 13159 1048
1990 3161 2184
5189 7143 7205
9228 17969 4378
10350 18101 8429
10687 18233 2631
6546 17443 8783
5437 10016 3198
1161 19876 9311
8723 9895 6407
3433 4815 7987
1203 3601 2429
6091 6882 8258
3561 14181 9306
17702 18400 8905
7371 9729 4140
4942 12315 5730
2566 8992 3555
4239 4945 4024
6023 13880 953
8084 14714 8526
5809 5968 7437
6364 7006 7259
2819 3019 4619
7934 11368 8989
5431 12507 1083
657 2223 3130
6587 19702 9897
7702 7912 7054
12830 18500 7191
4855 9400 9121
1102 5865 203
6781 15744 822
2117 12091 8217
41 270 5184
63 166 3417
3033 15214 7004
7279 14323 1963
3233 11896 5164
3682 7167 37
15460 19448 6681
5838 19162 3489
597 8433 7031
11025 14073 8524
1730 12749 834
9852 12842 2868
1893 6785 3355
1439 4706 9881
7422 13302 2786
1694 15264 8522
1375 17125 4733
3237 13627 5184
7489 11536 7244
4136 4485 1536
2419 8792 3203
5470 9541 1161
430 3838 7719
11422 16368 3220
4792 9866 3263
3165 14490 6992
12979 17148 9015
2543 3733 5401
5607 11506 8701
161 9205 7909
7993 17327 5732
2504 17451 6260
3319 3604 9120
446 2402 1194
9695 13927 5463
18929 19196 3547
1274 19393 5154
1173 3952 3539
1675 4689 3684
1228 5050 972
2386 14368 4542
15236 15889 2734
3636 5153 7215
786 6575 5416
5641 5689 8809
2440 2836 7157
3109 7023 6829
4411 19475 8774
6875 9651 8410
11863 13426 7240
2513 16567 5426
1811 4929 4360
10042 11752 199
173 901 7621
475 13717 5519
5337 14111 3016
9213 19457 1961
6942 14328 7061
7651 18520 1052
3118 5781 9996
4205 9563 5349
4770 8018 7105
11693 12722 3106
33 3620 2187
9025 12216 6114
10481 12229 6890
4814 9064 2039
2330 8911 726
5534 15415 5409
1545 3398 4819
836 5351 6661
593 4759 3632
234 262 2536
11520 14128 3208
4949 6181 2809
5672 9208 6254
7684 11715 2766
5959 6827 7613
4908 11613 8178
6438 8276 5950
2560 5289 7864
13519 17722 4715
12018 19360 7449
2269 8629 74
13095 14560 3889
8166 12829 581
4968 16306 7246
768 1749 8573
211 5617 1824
700 2990 8136
3583 7039 1131
1893 9892 5205
2944 8375 8447
127 9930 7566
3349 14412 7876
4084 5572 2168
4655 13179 9541
4299 9744 982
6004 7457 371
8060 10016 7308
4205 6718 5950
13163 15263 8507
1673 5289 5889
1627 17493 2938
1271 2200 6999
4601 6663 2186
1135 6554 7933
8128 17090 7269
1441 15246 8721
14198 14246 3268
17203 17878 6317
3415 6325 1204
56 4114 2994
865 17784 8990
5415 7289 5466
10373 12898 1143
10902 15276 2144
225 831 8740
5016 7405 829
8541 15687 3365
7193 18388 9626
6786 11205 1570
11387 18569 2840
2302 3600 4450
15910 16997 7241
1122 6534 6428
16548 18563 2055
6343 6610 2091
729 8015 8505
12678 12704 1882
11703 14205 6377
3817 6102 164
17586 18106 2556
5511 14726 3938
9946 18542 5942
4403 17201 5194
1322 3743 5709
4475 14156 849
3099 14002 1859
3290 3819 5635
7720 19448 7086
51 7121 962
12234 17118 1540
207 1610 6034
1254 15567 4583
2662 14468 9215
6578 17773 2656
10011 12552 3431
10259 12216 7759
15820 15898 5867
8272 19465 3777
3086 8605 4563
487 7859 3567
15271 15506 9590
15520 18707 7826
2295 18598 8756
8616 13645 8020
9839 16954 5753
8708 19218 256
9425 10312 1379
8306 11640 2719
3404 3655 9404
5570 11758 6521
3983 11101 4341
2888 17700 6905
997 3849 6970
9558 18868 8482
8962 16831 4858
9167 10075 2297
2467 9477 2691
11512 16509 4517
15865 16833 6509
4827 5937 4204
9056 16338 2337
4673 9414 8763
16670 18414 4713
879 16632 9519
13020 19756 4231
933 12406 6783
1403 2640 2018
1800 3567 9171
9208 16127 4464
9861 18458 9537
1767 6673 2599
11601 19739 50
18101 18343 8248
2730 12945 3675
3555 15259 4254
14967 19792 4267
6191 18023 2498
3629 7441 9314
1680 13813 34
4524 12783 569
3824 4536 3278
145 222 5745
4021 5039 8351
4149 16299 617
4018 8338 7662
2671 3511 6027
35 9123 674
14550 16762 6652
7433 19712 337
13761 15401 1788
7324 11392 4058
4370 19311 2148
4522 4768 4259
6678 19144 4143
2126 2744 4339
1375 10143 7553
1483 14015 9120
3164 5686 6816
540 2507 3639
2703 14116 4881
12154 13514 8999
6614 19372 3909
6162 19120 8033
3399 9054 5470
2230 8422 9380
982 16705 6646
9247 11137 9523
4149 4630 1092
21 557 860
14989 19295 2068
4197 6011 8052
2870 18323 4329
3095 9444 7987
14634 17690 6485
15855 17854 6346
6487 19970 6304
514 18977 6089
6267 17522 8724
10179 16190 5653
13601 19660 6893
3585 7829 9822
16421 17538 8582
2537 14381 5309
541 3959 4546
18328 19270 7405
11698 16113 6266
3718 4852 1862
299 12629 3131
7810 14616 8448
545 8937 7803
6307 16873 9155
10054 11957 2193
8110 16165 9052
478 3374 4604
13452 18862 8671
2994 8669 831
9519 13331 8314
519 13780 716
1348 8134 1785
1909 13672 8353
11785 13605 9432
1575 2698 8006
17911 19657 6413
821 16871 148
5211 17820 7380
11337 16321 1625
842 8353 1258
4852 15982 1596
2725 10054 5771
1389 9995 7336
4022 4218 3035
14726 19682 4510
8822 19584 5006
1755 3889 1154
1411 3113 5636
10121 11485 204
384 7005 5903
770 17322 2048
15075 17397 3110
2960 3036 1416
3463 9045 7045
2722 9667 5322
3488 13732 1634
10291 12605 4412
2034 3600 2472
6873 10416 1098
7154 7399 1204
14109 19738 5643
4756 15234 4115
11358 15050 9567
185 1898 2482
1213 11775 3992
2254 6422 6811
1026 18148 6963
8370 18850 8645
3131 4146 7469
5713 17616 4008
6594 8690 6002
12756 17866 9181
3079 13307 7186
2705 5430 4626
4511 15203 6605
697 12889 4236
6998 13697 3294
6199 8520 3360
13518 16166 5110
5892 8439 9413
2999 11203 3533
201 2020 8826
4689 7200 8287
5348 10568 7204
4754 9864 803
6445 11481 7055
4546 5414 7762
7398 14741 2841
8495 11207 1653
661 6608 8996
1154 7079 1096
6185 12735 1671
5630 8077 2001
3374 18657 1712
1524 8357 5422
14988 19178 3999
2094 8230 4258
5602 6057 6043
1512 8342 6962
749 19190 113
17163 17210 2690
114 172 3851
11773 15364 987
589 843 7456
7374 13361 2596
7603 18636 5907
7725 16570 4279
3780 7755 8345
4050 18715 2988
2588 8991 9831
7546 11735 4285
1171 7239 2766
682 11778 7531
4233 10207 2071
2619 15670 7852
5462 7356 7245
7219 15496 1709
3961 11296 4504
2926 5915 1845
7282 10683 2650
9561 18723 7429
13784 19207 139
4150 4190 9529
1844 5958 2733
10727 13311 9377
7760 12500 7043
7567 9953 3106
5900 14100 6083
4411 17230 1896
1780 4519 2412
4829 7173 3994
8980 18634 1336
52 58 5052
2848 4172 9499
3351 17785 2475
8647 9952 9812
2867 3390 1358
2057 4464 7140
671 18328 6181
14091 14979 7407
10946 18576 5566
62 148 7849
9425 10524 5223
3374 3552 1595
12779 15312 1217
4211 17770 4855
9500 19609 3533
854 2166 9142
792 2393 5271
8001 8236 6992
180 417 7114
675 1917 9454
2448 5632 9619
4008 9009 3420
6819 10895 4325
1079 14351 9213
545 10558 9762
5513 16273 6117
9713 16507 6225
8428 11032 9445
5890 15536 9700
477 2078 1221
1640 12180 7155
8594 19509 1013
705 12850 255
898 5812 432
827 14211 4508
4885 16982 42
6055 9838 1439
439 621 6995
962 1497 3151
7269 17118 9327
6787 14707 4193
2256 11896 7400
473 1647 5825
7204 14254 2373
5257 14611 2217
14069 19093 1404
5111 8754 8100
6711 18377 6333
10881 13692 2577
1700 8075 3296
8655 18839 9115
393 2948 2674
560 722 7297
10976 17628 3265
1444 11448 7783
2370 6998 8201
11949 17393 5514
15574 17902 5717
3338 15699 3835
5485 5526 8070
13045 18473 7244
7600 19407 406
8651 11806 9808
3089 6640 8279
15221 16593 1420
662 10083 9625
4082 15491 1651
1606 7516 3168
5264 14491 4624
10580 17228 3265
480 981 6005
1281 2055 8092
2649 16425 1973
13330 19651 3925
176 245 240
18079 18959 1978
5701 8142 2878
10687 14680 3299
15098 15118 2507
1865 2683 4453
146 8560 4225
737 15610 584
17279 17878 2818
10117 13553 2375
15572 19063 9684
6471 19196 5489
4673 4939 3987
2363 10489 1265
1909 8882 7873
16499 16714 3471
6195 12628 4661
2317 17778 612
6919 15935 9458
15463 16978 7846
2447 6794 1908
516 9017 765
4759 19405 6664
6546 13714 3727
288 4512 8985
6169 12649 4900
7601 19273 6479
8648 10205 5100
5909 7383 4778
11874 12140 4356
1049 3823 6203
13537 17230 4543
7141 7487 4475
8300 10160 9555
17506 19407 4452
1139 6815 395
2894 13398 9567
4125 8503 29
18202 18464 4454
2389 8326 2454
935 14142 7641
131 146 3224
5287 19940 6250
15215 18468 6618
2073 2615 6388
16153 18934 4215
6237 10799 1068
13680 14315 2211
1586 9338 6786
6772 10623 6805
508 14315 4624
4182 6940 7774
10235 10295 1999
1216 16904 9073
7489 16066 2469
10588 16563 3713
9050 15856 5205
2111 3924 3376
13509 17573 9452
13216 18757 2787
5718 6571 9092
4731 9850 5193
4399 18194 5036
6903 15467 2974
2290 19132 8389
409 803 4565
1211 8924 8222
30 124 1440
8990 11391 1095
10083 11654 4238
7181 12162 9283
12266 14786 6822
4785 8495 6259
799 1841 444
1086 2559 1021
11575 13771 3245
320 18253 8062
3615 19763 2485
7082 16015 6399
2270 9704 2088
3007 10205 4089
1984 10264 5711
7491 11201 1080
2508 13942 7838
14246 18762 8337
2036 2692 4750
2362 4986 187
6705 6740 9857
13880 19285 663
15169 19475 7945
10917 11004 3967
6390 9911 2050
10595 11666 1093
5000 16698 4566
10136 15083 3655
6903 7572 9967
2633 16475 1486
3201 5948 289
1805 12161 3965
2799 15616 7764
904 1680 4078
12305 15618 6651
914 2247 3998
1828 9390 3001
3498 7429 6131
253 7306 9980
18233 19257 5012
8784 14171 9736
916 2993 587
12208 17906 625
10864 11584 7857
1297 11545 8202
6127 17909 5770
4262 18351 6536
2110 5835 6081
327 10032 1450
2992 9182 9503
4340 19476 8245
10040 12526 7286
17210 19770 7616
12201 16369 5530
1006 1124 3815
14882 15950 1564
9565 19633 1298
418 15192 3505
15599 19408 4733
599 3596 1080
6001 16133 534
4160 4337 9627
5102 9671 8492
5732 15269 3183
1197 6040 1612
3071 8508 7106
6365 6660 5566
589 2243 9437
4989 7885 7388
5136 7578 587
333 16126 5543
8350 18776 3475
235 454 2472
3746 4203 688
2894 7015 7397
12 14 2074
10589 16239 5961
6300 12386 147
8447 11242 8066
1789 3147 7773
16272 18555 1082
14885 17482 9066
1403 4531 4216
4702 14294 629
7617 9752 2107
10635 19809 3330
5252 5338 6298
7426 16689 6140
8299 12641 8517
8269 19937 9974
1637 10790 1642
12326 19057 8596
5133 18804 5133
8536 19974 523
6433 10530 1848
2835 4451 3338
1783 3593 3340
1932 2127 4830
16037 18327 1974
4663 8479 9623
1082 12220 8252
8210 15688 7218
9384 16408 7165
6522 12157 4826
2478 6582 2915
6645 6766 9751
9623 9954 4505
7217 15857 1221
942 17956 1912
366 16131 4649
5719 6881 7846
3191 4542 2270
1001 17812 4629
3232 3953 2057
14001 16681 2574
633 5168 1900
8711 10938 4462
4735 14994 6522
5694 11251 2672
15958 17374 4037
5367 16461 5540
11914 13156 6353
6397 11930 3076
1682 19008 9138
3680 5638 1756
1047 8005 7382
9704 10922 2343
6986 10033 400
2284 8094 8147
15594 17784 7434
5299 10202 4784
3511 10686 3863
5300 14296 2010
8793 14022 5876
566 10985 7013
18 427 5185
5642 11863 860
15789 19625 4792
1809 2926 3607
11545 14642 5018
8105 19266 39
13964 18704 2218
7705 15663 4492
219 17050 1509
3767 19778 1833
17792 18875 1963
5952 11203 3936
3475 5732 2811
4211 15902 6955
2935 7136 7862
4486 7170 1190
6189 18704 542
2551 16712 6935
10721 17250 7167
11919 11955 2056
1247 5361 3730
11008 16429 3674
16284 18054 3993
8433 18566 6786
11361 15482 3083
10933 15918 3002
6753 8241 3360
12480 15402 5025
8026 10339 4754
7934 10835 6886
74 12418 8016
1296 11806 8879
9244 10229 2344
3756 17172 9020
1441 11826 3148
6881 13738 9536
998 2680 2973
2298 5923 3817
7520 11685 1550
6561 15028 1294
3066 18044 3854
5555 12590 5789
979 9979 2737
9616 19042 6870
1962 19271 180
6651 9059 7457
415 15966 6646
5672 12480 3956
3659 8203 76
3744 10805 5058
3433 13258 9362
5540 11892 7691
10744 18824 1016
538 11990 5537
3201 4351 4184
7663 10311 9868
3436 5188 93
3255 15904 145
4472 5796 2344
12763 19947 7275
2804 14188 1689
1063 9878 2278
12779 14601 4621
1018 18208 2497
1931 5833 8053
13683 17938 2699
2162 11193 6080
10174 17134 3406
7896 12161 8645
874 14896 3818
6471 15428 1468
2266 10540 1828
8943 13062 2604
10228 16698 7886
4166 18702 2619
1617 17797 9486
384 2923 7188
7166 8327 9850
1630 3454 428
5585 19168 991
15374 17746 8977
2820 19860 8665
3119 9758 2679
15782 18224 4172
970 1073 3401
9908 11259 5346
13895 17678 1949
7859 13198 6289
13507 13722 2263
106 287 7439
9163 10241 8668
9284 17858 1466
41 68 6269
6369 14227 3350
252 5731 3810
2107 17003 3286
1475 12815 6742
910 16611 9061
982 1056 7550
8075 12035 91
14342 17845 9111
695 12776 5747
1442 13631 1807
2137 2323 6317
12727 17242 8059
14351 14678 6156
9829 11153 7898
113 184 5611
926 3405 2476
8400 13560 1107
8157 8987 7463
2109 14076 2979
1789 5063 5147
621 2608 278
10652 16990 2950
13092 14655 1621
11746 13824 907
6573 10617 8327
8860 17820 4376
8607 11526 4711
16170 16745 4532
6797 8781 8970
11030 15164 697
918 6628 639
2484 13653 1871
5975 14627 3688
7840 14547 3093
18047 19046 5442
836 10100 4492
14287 16403 3774
11825 14820 6783
8470 10087 349
10226 12314 3293
2967 6180 1574
7510 11699 2602
4129 9320 9215
2537 3067 1436
2346 4677 456
11704 16372 9651
5120 12652 1765
2760 7283 3372
3453 14842 3281
2671 16399 8557
7401 10366 5790
8220 13733 1913
1077 9382 7227
12078 15259 4641
4438 18995 2356
10368 16344 2878
2813 16770 4255
10394 13856 5170
10771 17445 9020
912 1271 679
4374 18670 978
6754 16545 4965
695 15201 6041
4895 6606 621
9142 9785 4232
1331 5228 6608
12329 18274 1145
7597 12765 2459
10781 19421 7183
6771 9431 3691
8644 18312 9776
1238 1844 5818
2170 3811 6145
2587 9341 7721
16925 17682 8018
1951 17283 9778
8177 15424 8282
4642 10069 4210
1735 8314 8492
5592 6485 8362
4427 6709 1307
1857 6575 1032
12887 13017 5760
12889 15622 7547
417 513 973
7080 7522 868
3396 3622 4248
4498 4769 1389
12545 17342 6027
1714 16007 3117
4669 15579 7780
2271 11067 9616
3977 18356 5933
13136 16823 6384
2395 2927 8694
11438 15645 3860
7288 8966 2757
197 8253 6163
3825 4803 3475
8944 18320 6878
2265 16778 6364
3012 3133 1381
1692 4860 8502
1653 3079 3660
9930 17079 3593
1041 13418 3658
12006 18995 5896
1187 3414 7289
2194 13274 2528
15520 15891 150
8010 14661 2313
7681 11562 3544
10595 14628 9859
2363 6058 2571
1146 7640 1963
7860 15800 1175
13866 19718 6128
5486 19763 6413
1307 10349 4234
6799 18961 5323
1527 12950 7486
3180 19888 9270
7280 19107 8532
5237 10616 1368
3238 3361 4650
8183 19195 8159
467 581 9495
3053 5841 5080
12833 17704 5367
5652 19414 9153
8952 13564 6550
6056 13873 1177
7246 13041 5872
6629 8210 1157
12509 12589 6618
279 1299 9719
176 9735 2923
163 4472 7404
9086 16534 1506
2763 3045 5418
792 2956 5175
1695 12999 440
2314 4178 1565
4387 19068 3141
160 15836 4173
2516 3984 3280
6276 7909 1828
3603 9742 5417
12151 14662 8602
5384 17667 3993
1062 8045 6994
6201 10197 7738
1938 7307 4604
3655 7238 6891
5061 13865 5575
11087 19406 7550
3836 16625 5962
13026 15641 878
28 1081 9010
1641 5257 4988
7257 18484 4656
3728 4229 7705
3851 16626 2530
13415 18059 2857
2942 8217 4006
3605 3843 7900
2559 4445 2926
1873 13003 4570
19833 19836 6301
1152 15181 4391
5830 19909 2398
11246 11783 4594
4562 4960 7828
4082 15018 410
253 16050 5858
122 538 3141
1478 10561 4512
7978 19774 5517
13687 19904 3244
197 2738 141
14643 15410 304
8291 14172 5876
3540 6786 8045
16913 18807 5128
10253 12151 9381
2808 4977 6287
18449 19934 7025
12527 19741 7534
2768 4121 9915
6541 13170 9288
11934 12237 9453
2924 3099 1073
4258 10934 8748
5864 14056 6805
8585 9620 4740
1732 7135 5240
4865 11038 7720
8411 13225 5166
1642 10896 8554
557 1886 7905
603 3406 3149
601 1036 2013
12223 12745 9426
985 2463 8857
13979 17650 8780
5874 8319 7939
7331 16205 3183
1688 15764 2901
9521 15392 8225
10714 18036 204
741 14226 6640
2771 3551 1092
4763 11192 7671
3853 8626 1832
6170 15121 3461
5721 10999 2021
9507 11844 5296
2501 3502 8953
16069 18672 8877
621 813 2678
7753 17611 440
3703 5586 4706
2299 14988 8831
690 19057 2247
16153 19015 6535
10899 12769 3666
12784 14996 7219
4207 16118 6318
3930 4063 5297
3975 18498 4304
6506 12401 7307
12299 14133 2319
1619 7008 120
8520 17329 4362
14812 19010 6095
10521 12205 8191
3608 9386 1680
3433 3527 4512
5412 5737 590
2297 10851 1969
3582 5551 1651
8213 14979 3122
14948 15993 7968
2131 12547 6840
2586 7331 2834
7435 10324 4349
16609 17057 3607
13431 15335 7335
2210 6101 9752
7708 15097 9950
12092 18995 3382
7819 12582 4122
1188 11348 5658
8301 9519 9682
14878 18872 7751
6682 14870 4866
10639 16143 7406
8804 18246 2489
1221 2148 1312
5583 16578 8504
1428 4298 3187
6261 19291 1437
15148 19754 6378
11497 12514 7424
10522 18800 1837
1618 7882 6004
7589 13590 8385
5227 7418 5432
5753 7558 451
8663 9675 7958
939 5308 5234
5307 14623 3692
4052 17451 3083
3450 16154 1904
6423 9505 2653
4376 6395 9156
1151 1420 811
4790 6235 1634
1216 15336 9757
4377 4833 4787
4404 19379 5120
7885 11984 2292
4274 16142 6094
5128 9931 212
5602 17765 2010
1656 12632 693
2467 2991 7776
3 297 1801
7661 8589 6025
15161 17881 8605
9525 9710 1830
17520 19936 3350
3477 19014 328
5746 14395 7536
2520 17298 5148
12393 12558 1670
8284 11952 7205
788 3006 7499
5019 13879 5217
6841 15582 3610
1362 19581 9709
13300 19402 7123
7900 14167 2647
14606 15212 8570
129 5158 3379
11407 17905 1003
4357 16162 6160
1659 18411 7940
7614 19190 8854
2496 12143 1463
1528 18764 913
3005 15917 9867
6758 10288 6596
2105 13229 9345
18063 19017 3464
7869 19647 1183
9576 12355 4154
8626 16340 383
1876 6489 3795
4991 6693 8403
3840 10104 1564
11013 17880 1314
6397 16875 829
2625 17095 7697
251 16592 6684
3898 9627 3160
7088 16567 5225
6614 8924 5144
532 17166 6747
4449 12838 5536
7163 17992 394
1682 3278 8410
11041 18991 8894
9461 11327 3
5864 11551 4116
2576 13618 1783
13102 15445 3100
12767 18867 9553
1163 7666 3124
4313 17673 5538
13709 16203 6240
650 18888 9106
3024 6551 7682
3739 17402 2537
691 7086 9574
1182 3435 6344
7717 17930 4168
6930 15181 6578
4416 10676 5151
4753 17037 5131
1650 10689 1495
1981 17266 2558
15993 19527 4919
14095 16995 2617
2056 5909 7778
596 15889 3436
9550 9924 6993
648 19664 604
1712 9733 6293
342 15155 7671
634 11367 2245
17377 19926 2124
8739 19037 1986
5639 14095 3599
2834 4753 431
2390 11495 4983
7918 8005 5785
13156 16597 6574
8899 12442 5716
1386 14744 8999
3431 5160 5735
3663 5076 4782
12895 12909 6164
5081 12175 7273
6851 18434 5387
13666 14175 9657
12699 15689 166
15790 16957 9859
3827 4565 3025
872 12009 1070
10917 10955 4768
6604 9439 1312
2006 4794 2704
4581 6004 3085
2838 5888 4215
1626 6689 7050
8316 9709 9706
1473 3561 8570
10458 11047 3585
7668 14498 9164
4858 7198 9689
15385 19281 4892
491 605 3050
1402 1892 516
12526 12747 973
10727 18489 6598
3291 3496 3823
1749 4243 9476
2468 6247 141
2093 9986 8211
2101 10320 1500
1927 16355 6529
1086 19025 5359
7423 14180 3256
834 6820 5737
3395 10352 8074
1133 3932 813
2374 16345 8191
5906 9012 9864
11765 17322 7227
6921 12424 3681
6028 18572 4895
945 15426 1198
6276 9305 8221
2262 18213 4388
1180 3415 7657
1278 11448 9450
11332 11627 4878
2030 5365 6081
942 10158 3985
7660 8356 2620
5447 6121 2940
12577 16094 3668
7695 17545 8045
13673 15522 4056
6238 14502 8620
8177 15376 4347
10860 17541 7940
1289 2620 4038
2704 3670 5249
111 139 4710
9388 15015 8843
6642 6933 4132
8082 13505 7672
10679 17288 7025
2168 5459 7911
1108 2412 44
10356 15758 638
3073 5112 3104
4013 10338 6567
7645 12235 3091
7974 13129 7145
1970 18269 7415
1631 3581 5384
1056 1334 7854
5455 9210 9167
19342 19506 9065
601 8823 7503
9649 19635 4109
8084 10265 7721
245 15696 8191
4930 6439 4132
3563 6536 7038
4658 18816 8259
5016 12130 8784
336 1183 4321
3066 6720 4015
7876 16016 6927
2878 3959 9839
5122 11413 5262
3333 12623 192
6326 17860 5629
2710 4708 7467
4419 11816 3734
12318 14733 3356
8152 19706 580
174 9228 7617
1284 2117 2283
13611 17292 8138
4700 15391 3857
1818 10839 3297
6064 12011 9409
574 2511 1240
9253 11334 5693
3136 3405 4354
7647 10129 3134
2097 5621 2768
10989 12697 540
291 2429 2099
147 14391 5458
10475 13678 6168
8683 8961 9624
3934 10858 5322
16162 19381 8140
6773 13753 1310
2022 2666 4999
967 9777 696
1726 8413 2088
114 1843 5578
17 71 2115
3839 17215 3037
2204 3669 1473
5612 9813 261
14144 17265 1193
1476 1612 295
10522 12891 6321
4932 8509 4128
7968 16944 4427
3893 5497 6821
7030 17554 2953
3554 6491 4539
4387 4751 8504
2453 15400 171
1055 15711 5351
1603 14745 4616
5232 10217 4265
6768 7510 2574
15225 15234 3794
2745 14913 2860
851 7964 4531
4148 9905 8971
3185 11445 2361
11874 11967 3424
1716 15847 125
7807 19294 1938
1508 14371 2533
3048 6496 173
3052 5946 6808
2787 4189 7046
1597 6774 2391
2995 9195 1543
7770 15263 2374
6331 12882 3507
2867 18894 946
12476 15319 7933
2467 3031 2761
8682 11336 2706
5096 9427 3189
4436 15751 9506
2785 11271 3002
5362 9584 1302
8885 18794 4531
5602 13481 265
9338 17193 5403
8830 10883 5085
671 19781 4428
2151 19945 2001
2550 10395 1093
1889 3349 591
6866 16546 3067
6589 12859 5052
6163 16365 5184
4062 11521 7362
13432 14069 8368
13415 15606 8257
5109 7991 7453
1889 2574 1303
17749 18556 3567
8822 9059 4221
4377 5148 8398
12594 14248 6494
3293 4474 9553
8806 19687 7906
2011 16920 9224
3913 18916 617
239 715 5070
4140 5565 9632
4982 14306 6537
1158 8661 5955
11485 13461 8921
6206 18879 9086
3322 4945 1054
5848 8812 2700
5909 19039 2039
2086 9630 4121
8299 18303 3338
14220 18541 1602
9929 12017 495
5233 10314 405
3454 7343 2410
3473 9846 5945
894 6242 2986
1697 14324 6324
7713 8490 2044
11871 19853 6087
4679 17709 9700
8840 10283 8775
7844 14257 569
9747 10011 6656
7872 14225 5973
1143 5175 7000
8059 18415 6905
4675 17462 2426
3678 7361 4462
1497 1952 9681
1022 9407 4414
2599 10058 7075
18437 19504 8835
336 3371 671
5190 9480 940
5967 19017 7718
14283 19651 415
13885 19610 8997
8963 11712 5710
4198 8684 6831
8858 12720 1739
12256 18535 9828
5597 6848 1973
6600 16699 2407
3416 11576 8804
10926 19923 1236
546 13014 3369
2890 15468 9371
271 18617 7946
11725 14288 826
1068 1716 7848
3980 9422 504
2682 7525 4117
2674 5847 4584
3123 7503 4172
1809 13607 7071
2606 2798 2824
8018 15677 3141
4424 5649 119
8149 10682 9212
349 1569 7460
16139 16154 6337
5894 14353 4845
4582 14459 5667
16113 19519 8409
572 18505 7039
6989 9545 559
14296 18208 1534
15364 17411 2882
5414 18913 1923
13546 19792 1003
6153 18064 2576
1026 16171 9403
14116 19019 9114
144 2940 371
3034 9178 3449
3628 15763 9574
540 3372 1075
5195 7516 4322
1107 16427 9110
6753 14932 2865
6187 8087 86
12501 16549 9886
2798 16862 6810
16912 19044 7775
17278 18020 7665
2541 14340 1980
13102 15876 5141
910 4690 196
14034 15474 1878
9381 14128 7560
7018 8436 7198
9028 15218 9199
13146 17750 7492
7828 14585 449
2492 9237 4094
16649 19085 9043
1558 13049 6420
210 16938 8441
14250 18313 3050
10114 15337 4805
852 12940 2373
13169 13617 3672
370 17060 4270
2447 16717 9824
3844 7132 7548
5843 15441 8538
15 9004 1447
10159 16842 4252
327 7611 6016
333 622 6055
635 1148 5453
6314 11770 3920
2266 2458 7524
171 19593 1534
2414 5167 9927
13130 14319 1785
2297 15443 9513
4054 17968 6580
10237 13256 3090
3528 16586 1942
4271 15790 6683
2795 2936 3695
5840 6587 2791
1843 5993 9923
3170 8541 823
1104 18729 8693
1649 2460 1672
1907 11977 9374
10722 15035 1762
2971 18205 4596
5163 7069 6501
12630 17784 1940
1511 7935 1238
9761 17568 8891
7528 10518 2520
14063 18085 8962
15018 17531 8962
1204 6043 4655
4114 12191 1609
7651 17101 3593
8211 17371 9139
4489 16641 1860
3572 9392 9952
2590 5285 718
2163 11339 631
1525 13435 9024
5103 11098 3919
14220 16639 7785
9786 15719 4760
1929 4899 50
7441 13894 7988
8657 17033 7716
4412 12672 6039
5029 19634 981
9672 12362 2279
6631 17324 185
16966 17702 2543
2555 4478 64
17690 18213 1852
2278 2833 6771
805 19216 7912
2659 12941 1248
17093 17760 1972
10339 10589 5511
3784 19905 4462
1405 6826 3938
10599 18307 7555
10478 19953 7965
1557 11411 4518
2169 18982 3067
227 313 1720
8252 19509 3427
3755 5086 9412
2516 5832 8959
2127 12802 3437
2184 5112 3217
5755 18729 3964
2429 17781 9938
4600 14744 4669
7089 8862 8777
5611 14640 8973
831 16259 2732
5 108 8741
1846 8666 4668
1018 7705 8355
14130 15136 2771
11902 16011 7380
13803 19129 6393
503 1177 8600
1937 14730 4897
5215 16585 1603
6003 12257 1371
4774 11967 4650
6090 16538 6501
16030 16739 5448
736 807 4683
2526 4095 1497
14240 18458 5432
8174 18749 3639
9729 11357 4898
7446 9819 4065
4029 5106 5157
7642 12475 1629
3155 17653 7994
160 5246 2161
11000 14960 9080
2163 2879 9041
997 1068 5577
940 11756 3496
214 354 8943
2592 4288 716
3379 7821 9517
3164 6896 3121
2969 5400 3258
5355 16460 3669
1070 1096 9028
3521 8344 3566
2136 2258 9109
8915 19782 6339
5220 11315 4752
9411 17189 9733
3723 16274 972
8300 8948 385
13582 16717 2470
2767 14939 4550
3302 12014 9445
5366 10140 500
3517 15880 6737
5961 10309 5615
8178 16173 2189
2227 18412 3380
1339 15143 386
2913 7163 3139
7699 7717 5729
7358 14922 545
1114 1535 6513
10800 19887 598
7054 11253 8316
11639 18414 7633
16683 19338 6423
4211 10539 9858
25 14720 8958
733 2022 5242
7646 17173 1596
3686 18292 6382
8308 13433 2416
3069 16446 1783
542 1108 2303
3710 15436 5641
1048 1209 4551
1263 19549 4597
9266 16412 1447
8339 9022 2929
7205 8051 6066
7312 12942 5182
18774 18957 5250
12886 13434 5503
1507 8470 2054
1385 3049 9734
17095 18642 2595
16178 18324 1472
3722 12463 8559
9366 19152 8344
7254 14485 9538
3666 16850 3249
3359 9295 2610
9615 18739 6277
12824 14983 3703
6703 18181 6610
7300 15876 4742
10768 18162 6142
1590 11160 5535
3744 11429 2396
5478 10113 5870
2315 11221 5886
34 447 2837
15874 18125 2997
4117 6142 3503
3965 12353 555
2818 3659 4400
5845 6525 6101
2203 11131 1145
3284 11784 708
6951 9398 6163
26 217 5838
4596 6037 7855
2467 12750 841
1808 2367 2904
3598 14418 5604
2762 4871 317
536 1366 4195
10594 19438 7780
5977 19803 6113
9289 10743 843
1381 2001 6437
2497 16636 6938
4883 10115 4961
14799 19194 8816
3314 16156 5275
13638 19709 1742
3672 13268 6899
12231 19872 5642
916 1197 9203
10183 10414 1698
3631 17910 8496
1295 4285 2014
16632 19235 4735
1122 7185 7805
10430 16757 7159
166 12772 978
7360 10265 945
12001 17626 2008
7221 11179 1488
7182 13043 1420
12086 12570 4992
6550 14573 7346
1106 3963 9986
1576 11025 5635
6904 15697 1942
1346 5993 3500
4528 7954 1782
1701 12715 6317
4056 8220 951
4332 4725 4140
9658 15163 7517
11822 13661 6917
4692 8611 5789
17541 18472 192
2733 15647 7268
273 4693 7797
8394 18866 8181
14254 17543 2549
15349 19057 3879
4342 16480 2196
346 17236 9670
11131 13721 1992
1371 1557 9444
325 7186 2253
11797 17979 8712
361 9923 3619
8485 18551 3740
7102 15471 4067
1863 3441 8787
7466 8357 6109
4958 7113 2650
3203 18073 5966
4499 15807 5281
3426 12856 7295
4830 13346 2857
5268 16006 2794
2370 3591 2969
668 4702 8861
16533 17067 6975
10448 15763 1652
8383 18002 413
6251 12677 6599
1336 11212 2062
9614 16778 5487
6326 15663 6614
7317 12218 8546
4224 8195 3597
638 4219 8013
5717 7436 5751
2641 12457 169
9192 9357 7494
394 4185 3523
10272 10712 1191
3465 19915 1936
2546 5593 5806
5321 18452 9740
14491 16788 2220
95 2256 5429
7664 9247 1543
5185 12462 2732
17 19 1124
426 4775 2427
960 2423 420
2711 3062 499
2233 3069 6724
7281 7933 8073
10985 19451 6610
68 75 9418
9224 19386 6909
8141 15796 4849
2475 14079 9030
5446 13662 415
2133 11479 8937
1143 14997 4106
5103 8143 8052
1410 19352 1066
347 396 7401
9710 13488 2305
4236 4783 9856
19210 19587 5015
1160 1956 5752
11600 13335 4530
7452 9665 3777
3043 9674 7210
7737 8242 9571
13510 15842 5740
4173 17965 288
8609 14290 6078
11779 12037 1865
4097 10492 6582
3120 7615 8942
1787 10924 7516
10439 16679 3557
6855 12143 6348
3465 8382 1542
7753 18963 3845
91 8860 8544
503 1761 1787
2247 14920 8587
10871 12722 2911
4448 19651 2416
1829 14404 8384
1869 19876 451
1087 18188 8992
16339 19726 9937
17278 17636 5618
1403 3544 5351
1804 14545 2235
3935 19272 5061
6907 7354 7075
2627 3579 3935
187 10101 2041
1464 4435 1239
14968 18682 9818
8624 18989 3373
3012 3483 396
2775 10630 7623
2747 4314 4888
2860 8484 4401
6190 15663 8169
17327 19605 4208
4482 15156 8901
6556 8311 8006
901 6526 3260
7740 7838 5984
11858 18761 2901
1420 7667 6593
1757 3673 8782
4240 17053 9027
3236 19217 5005
6958 10407 2977
8924 16078 3766
1479 6013 7359
178 2318 325
1293 5732 7268
3686 19737 8209
3569 13470 2585
5917 7682 9516
2971 7079 5953
2575 6021 688
5487 7304 3217
1044 5029 5477
194 11559 8450
8131 19458 3326
2606 11574 2390
8067 8991 5419
3376 11598 6756
1526 13093 9329
733 2932 2069
8063 13959 6654
5201 12788 7593
16556 18558 1407
7069 19657 923
2670 15175 4626
1241 2053 9394
1670 18492 9501
1978 2829 2585
10138 19421 3501
3087 7762 6764
10460 11852 1422
7275 8705 2694
5844 6831 9417
10443 17848 4290
56 3499 6821
3441 11546 4983
3327 18992 1043
1991 9657 5044
9406 9786 7726
8003 8589 6999
9848 11721 159
17 79 5685
1287 5332 8980
1208 10750 453
5749 10942 6211
9677 19860 1342
11434 12368 1473
4978 7558 9186
12265 14111 234
9898 17880 8637
15824 18463 4481
9362 18177 6210
6427 7746 7534
2166 14751 1280
2267 7594 7746
2756 15340 1199
2000 4516 2863
93 1933 7358
9433 11788 5245
8824 11537 6558
649 7675 4223
14706 15962 619
6976 17709 6257
3588 9539 850
7068 12416 6380
7231 13016 7963
486 1528 4666
1372 9211 5052
5927 14251 716
9237 11652 7156
2933 9546 8188
2486 6465 2067
3800 13582 5960
5338 14070 1117
2685 3850 3818
2540 2604 6794
12416 13739 6481
2725 10105 8458
2888 11899 6659
3943 9263 2044
6750 13347 5624
2273 9745 9379
4683 14867 8666
2989 14171 2076
4983 16250 4128
1730 14624 1797
3510 6801 7649
4429 4576 5302
18343 19707 6849
5730 9283 3175
1534 19707 8657
7322 11157 7495
691 10446 4992
15919 17977 4661
2555 15955 8790
14257 18790 368
44 2516 4869
14791 19506 5602
3919 10038 1414
502 19710 2533
12638 17092 1255
6789 12580 8878
991 17229 8741
6584 10266 2032
10706 13003 359
1467 9824 2369
1912 6437 436
7808 11156 7300
8630 18056 3953
5906 6841 3238
13136 15765 780
2061 17767 8698
91 4821 5597
4706 10700 5753
5270 7479 8331
5603 11890 1735
11904 12573 5985
875 1555 275
7084 15047 1752
5202 7024 4139
5568 18303 6300
10470 17160 3618
9582 16442 3874
1168 6159 3325
394 7716 4484
13010 15954 416
7151 19330 4069
118 10637 1002
4486 14048 1095
1095 2062 7885
11 9003 9792
4213 16865 3249
509 1889 5108
51 2317 9487
9452 17489 7747
2739 3169 7115
1394 12446 5715
6183 19218 8151
1608 9572 7879
9646 16808 9598
9144 19827 4343
7413 18722 967
3339 4011 4201
8498 9893 3410
1283 1613 7360
3531 9255 28
7334 17537 6271
5435 13567 1023
1141 16187 3809
2541 2551 421
7762 9550 6634
9404 16387 1939
10733 13924 6705
2806 6167 9244
3421 8854 2472
16111 16893 1453
5540 8971 3884
10375 16799 2167
786 1321 1007
419 8176 4869
13493 14670 7946
5911 13256 3831
1609 13306 3043
9969 17885 3414
638 19531 7286
12266 12991 6975
5303 6463 2943
7121 14709 391
1488 3066 7008
464 4778 5068
5021 18623 956
4436 18497 9334
8146 15852 3309
3923 10417 7973
11477 12936 8338
10971 12371 1411
9710 17638 2238
4738 6971 31
6824 10289 1639
4406 19982 1877
4615 11741 4292
1485 1972 4057
240 14807 7627
12415 16151 6862
16247 19574 6778
8346 8506 902
2135 19339 7900
1073 11033 3539
1783 2069 4307
1321 1678 1490
4680 18824 3723
121 616 5432
6161 17461 6649
6445 17210 3143
4788 12598 8121
1169 10579 2580
2325 4481 5025
9824 18047 2377
4399 16766 3524
595 2495 1391
395 15430 9699
10864 12861 8062
11720 15352 2245
6116 8186 7011
8953 14153 3817
6413 6460 1290
15734 16852 6687
5766 14710 3424
2904 8141 1170
202 18749 9640
4599 9812 4051
17573 18863 2379
296 17971 2346
9514 18175 5945
48 53 5522
7935 7976 2085
16753 17899 3377
5826 5878 7687
2919 8799 3965
15856 19659 3657
16402 17337 9280
4682 9653 6216
12520 12561 9945
7253 19956 956
1662 10739 7540
855 1714 9728
7899 9461 6333
10133 15902 3014
3534 15285 4330
2860 3759 2516
169 182 8741
7701 9977 677
9829 12928 6973
5167 8341 6765
1200 2282 7222
8527 19337 3307
3046 13903 5663
346 464 3166
1541 4522 1349
5858 11848 741
1849 11178 3044
1657 9153 136
6478 17762 6275
17317 17655 6211
5459 15425 4736
4037 4186 5992
15398 16048 8662
5032 5529 9892
8114 12771 6436
3874 8057 7132
1035 14654 1976
2248 3525 6454
701 900 1666
10472 17767 7495
3121 3951 1239
6005 13025 7484
5179 11130 8206
4081 4981 7117
1927 5653 8198
6495 11570 5639
9187 10008 7242
1427 6878 6711
3097 4748 7894
602 9722 1387
595 1216 4192
1815 2274 2392
8786 9569 8807
1390 7949 598
5258 12286 321
11501 16708 3812
6440 8343 6424
110 157 2007
5680 14803 7060
1325 14894 3053
1883 8691 7379
4300 10168 9861
3517 6861 1515
1737 17677 8696
9394 13598 7270
3925 14947 6296
3487 4580 1224
1239 17974 8629
9024 15217 8658
330 12952 1604
6571 9831 6517
2288 4962 2088
2695 7505 7598
4536 11808 7755
9860 15831 7110
1141 15915 2533
12955 13487 9850
8179 12632 5576
6731 16856 8406
11458 17394 2268
1931 6280 5626
1263 7009 6569
8376 18229 3470
1072 1507 74
2823 9462 1731
5612 17432 4793
9156 19598 5313
3616 8961 9840
11759 14191 928
1689 2509 8020
357 2710 2266
944 3810 1934
5655 11440 8833
3893 15992 8871
14022 17501 8525
9052 12259 1327
1779 11645 93
2277 2489 46
9278 13973 2911
16556 18847 7150
2133 9700 6719
2193 6772 2262
14672 15297 8448
2529 9540 1429
121 4431 9337
3969 8754 5545
13927 16945 3536
10306 13516 7162
344 7224 4309
213 14260 973
2381 7282 9026
3321 19631 3083
9824 16181 4103
8796 8920 3466
6277 14687 3727
5416 5694 8423
5059 8603 4912
6211 6659 4071
14850 19920 38
11935 18844 1451
13399 14086 1434
5402 11450 925
901 964 3606
938 6549 2573
198 5255 3610
6822 15799 111
1956 5319 9452
12718 18379 7199
14496 15722 6922
1342 9530 7747
6118 15762 4172
10687 12977 7369
13930 16860 1425
13879 16475 2410
3104 6052 7207
1446 1696 1915
4702 15262 1700
4283 12001 5451
6899 19434 3218
2183 17460 5261
2197 17747 9374
23 62 2514
1881 16709 8753
7684 9210 3075
10097 12098 658
14341 19857 3855
3717 11107 3261
9595 16889 1717
2204 2521 4953
5261 7144 5344
6973 19748 9357
7701 13657 1281
14946 15559 2521
6788 12597 9893
3501 15664 3088
7493 18933 3541
1054 12365 4292
8822 13122 792
273 18928 5465
6005 10847 1921
1477 2488 398
19639 19841 3362
5945 17828 3724
143 1907 554
2882 12177 71
4973 6346 2133
2455 8559 9563
12379 19789 9524
4971 6957 5312
4607 16984 213
10395 16055 9277
8842 13270 1859
5005 12908 7245
8928 12454 4992
6346 7551 8748
4415 4454 6818
6445 11030 6700
1136 1341 6150
831 10602 3428
15196 17698 8324
4898 13221 2985
13498 16280 8813
6340 11145 4802
11429 19606 485
523 10540 5990
3889 18620 6929
1957 6915 1608
6524 12475 2378
5468 19590 7423
1892 8256 4769
12007 19176 2063
1043 16460 8037
489 8964 2762
2094 4909 5758
481 3936 7379
345 946 971
3869 11751 3833
5424 16205 8240
13203 18834 6567
441 4225 3394
1136 1141 596
652 4541 5761
5658 8052 317
6093 9481 4151
6572 17934 2808
1449 12831 5097
7955 16888 5520
130 1947 4094
6546 17649 3699
3458 6546 5172
7668 11188 6955
3419 16751 4776
2920 13460 3659
1027 6542 3885
2817 3992 1961
2043 5013 9881
763 19834 7249
552 10558 9643
6727 11883 7232
6613 13087 2487
5982 9278 2108
4974 12348 9762
12658 18382 3157
9883 11533 5342
12627 18308 6997
4800 17019 6032
7275 8102 628
835 15818 9037
9055 15199 520
3915 18572 3686
2467 18965 8803
4918 10465 5989
3654 9458 1335
325 4008 2786
481 846 8303
617 6425 9354
9626 17839 9062
4494 9017 4188
9010 16851 5159
13952 15929 7082
7053 17312 6620
6859 10691 5433
11077 17064 6914
1988 18416 9802
9613 14868 3901
5210 12683 8380
816 8547 9304
7670 9605 1026
5771 18904 3259
5523 18859 4795
12361 15068 7976
10247 19624 3875
4573 15029 6309
9 13 5214
2489 12815 2484
2812 6520 3849
309 515 4921
7193 9049 9907
13883 14149 9420
1717 8248 2479
3457 5837 326
821 7969 9657
2921 19841 7256
7580 9494 1532
4057 12783 7869
5748 5866 3934
1565 3523 3405
4808 19958 5365
15281 15873 2099
584 8365 1587
3922 7104 8075
3843 18917 4207
10195 14609 2791
6156 13343 5573
57 63 7145
2665 3277 4815
4470 7849 7033
10651 13442 6257
2767 6520 7992
5397 14285 844
13816 14966 5910
6842 13276 7490
236 15311 3263
4071 10107 408
6661 9173 6832
3819 8001 946
10120 10772 1456
252 497 7587
7854 9339 7095
6267 15259 6273
13806 19314 9445
2535 10474 6775
14434 15234 2561
10969 16109 3325
1439 16491 3068
1930 6268 484
2402 17890 7032
5715 10003 8248
9189 11901 4093
813 8622 191
15879 18637 7645
4220 5552 323
7602 17557 5076
4882 6818 9458
19022 19066 8622
17670 18732 465
5363 13574 8731
6588 7967 7657
2887 4618 5327
11011 19212 5490
7771 11049 8508
1396 3357 1980
3444 6956 7454
1851 19239 9903
4260 12271 8127
381 10465 1637
4135 17939 2528
6716 10789 7573
12918 16814 5328
9879 18690 7395
602 3754 4506
7732 7969 469
1618 17276 1163
5772 9348 508
11956 17203 5567
2457 11953 1252
6785 17054 7750
514 8487 8629
1830 7072 7948
11361 15123 5034
9582 10747 37
9392 12332 2012
777 3058 6649
2568 15362 4793
3724 9369 6265
11446 19861 7618
2504 9021 1649
1994 3507 8843
4466 6473 3407
9013 11929 4744
9219 15204 1652
7176 13953 9885
3529 11668 3793
8726 12654 8127
5754 16038 5836
4058 6387 9179
643 2051 3903
7876 11461 3761
4461 11702 1239
939 18232 7515
4401 11135 4665
143 2709 5618
5761 8933 3921
4028 14932 7109
4364 11309 3035
1207 16519 1875
357 2763 5252
10202 19835 9476
3193 14106 566
3866 16863 1143
7462 9303 3717
2057 7114 8077
3064 5064 6033
220 6469 913
448 1550 1455
803 1398 4966
1720 5114 8784
8634 17672 3570
8702 12901 5692
654 17380 3472
7085 8752 5888
8175 9139 3555
9897 14689 6561
1898 17533 7708
263 10490 5429
4829 17177 3731
2432 14978 3937
12768 16477 794
11673 14979 4719
15531 16429 3602
5348 11349 1063
11231 13443 787
9061 9641 8710
7393 12799 9105
4318 9625 6099
2568 4038 4474
4208 11320 576
324 1520 7236
10682 13946 2629
2101 6784 3982
807 17308 6753
12944 13679 2100
1512 3472 9109
4916 16148 5412
9343 15041 9794
4841 7315 2395
4385 12018 3145
227 1226 1441
1496 2925 2880
4072 12334 5314
977 1138 7609
8389 15419 798
2170 4435 7263
810 2646 7409
16768 18837 3075
3860 6877 2476
1078 16797 1261
1457 17929 2794
1571 9175 4531
4072 6139 9184
6193 18241 5954
393 14900 71
468 12713 13
5216 8898 4974
2845 15664 3903
2384 2397 8899
561 1184 5633
199 15233 8800
2776 4001 7493
12134 14295 489
3264 5018 6730
6361 8594 9100
2726 2947 8008
1127 3192 4157
3530 17772 8004
153 169 6516
4028 19422 7740
16239 18950 7998
12555 18386 811
9230 10235 7332
174 7237 4665
2931 16054 8961
15250 19094 5984
6542 14539 396
4753 5654 8716
6376 7809 6298
3888 18606 3292
9843 12325 1284
12277 17624 5806
16140 17412 4715
12624 17742 8002
1381 5090 9458
4729 7816 8665
11462 17912 3248
1293 1944 8469
3322 6298 2470
534 9174 7244
10994 13860 6732
4282 4587 9665
5782 17340 244
435 1185 3414
9930 11401 3894
5457 5498 4301
8226 11033 7432
1916 4427 3545
12658 17631 8533
204 9238 5261
152 15898 4668
13127 16662 2370
2913 5363 9782
1325 17912 2859
9102 9599 4054
8123 13166 7250
3944 4911 5963
4250 11053 7434
502 646 5376
12109 15343 6948
1554 9500 1266
944 1285 153
14933 14945 4590
1802 8667 109
4067 5980 8123
3269 16119 4884
10714 15260 2066
15211 19367 4085
83 13532 4975
14878 16293 2531
462 3073 9632
10106 19566 9272
4512 15716 1156
7875 11338 5723
5400 12949 8842
7284 7512 1763
11200 17423 3352
3179 6853 9116
18335 19745 2861
1431 12308 5754
3485 8124 2584
789 4669 2000
7397 8471 2957
3144 6513 1208
5270 9807 181
2741 4701 3436
3653 4364 5458
5415 10824 7241
4097 8172 7782
355 600 5775
14041 19881 6140
10004 13518 9680
1893 2725 6864
2031 10163 9567
345 4967 8594
3724 16258 4270
5468 8275 8275
981 13966 5660
16445 18224 8900
16362 19274 7512
790 6523 2228
1460 13570 6756
4116 15490 9005
1352 8502 2297
2720 14035 3018
2255 3423 8105
507 15716 2739
7036 10223 8412
7931 10030 5850
4063 5834 8263
2419 6022 7547
4240 12429 8789
7568 10250 7278
14736 16578 96
5233 12408 1881
3251 3975 9489
12185 14397 6787
10849 14724 4515
2300 2348 3753
11801 18784 8175
3321 4068 3483
3001 8014 8151
818 1636 1645
7440 13230 5726
11475 14086 3242
12612 13840 632
4684 11939 9072
2440 7305 9931
11145 11397 4747
1393 19691 9594
5124 7774 4947
3576 19001 7920
3210 6422 8772
7950 17346 3137
8605 15588 7659
8705 18952 4573
5160 11837 4664
2886 9072 9414
18700 18874 5010
613 15177 9661
1248 8369 6345
281 19419 222
2887 12799 2020
4792 7887 3624
742 16720 8128
2242 11232 1722
7770 8091 3541
8956 17639 4884
619 16922 3039
728 15046 9279
1686 11239 3492
1999 6257 8408
19261 19541 6494
887 16585 6872
3486 8086 1719
1692 5890 5231
466 15160 7905
5051 16992 1640
4167 18069 5810
1628 5401 3208
1487 18550 9092
2735 6153 5953
7666 8205 4168
3795 16179 6474
9396 13287 8320
2162 5957 6668
412 3784 1791
3231 12619 8339
125 392 9649
3910 10450 500
565 4436 4341
4665 18188 6867
3402 4374 2098
16964 17459 828
387 14654 4700
10016 17867 7963
1491 5853 1852
8428 12172 7713
591 14965 7338
15414 15824 6218
17299 19248 2064
2967 13436 2180
15052 19804 7259
5241 12642 4352
50 18051 6833
10079 13856 765
1973 5692 8311
6022 18186 6218
6479 7869 6499
3926 7513 1873
799 15964 844
3008 5494 3482
2034 8283 4485
4550 4757 4227
15170 17468 2131
8113 12284 8142
5052 11114 812
2048 15833 3782
4764 19109 2510
1123 2199 4401
3153 6254 6044
119 695 2171
5065 11420 8031
6834 14481 375
3474 15130 9126
4860 19276 6156
6404 11869 8723
7930 9057 378
9606 10864 3808
6357 7261 3292
4364 8245 5148
2107 5937 4625
366 2142 7984
9573 16444 8957
15 26 7612
906 6739 5293
536 19991 9183
8664 8888 4700
3876 12752 8812
1622 18794 4275
8472 11711 1610
3081 11606 7975
1825 2257 4566
3 894 4740
1341 16154 5220
4539 7398 2740
2383 15726 3608
11040 19680 3016
2366 3575 8837
6312 14260 641
7189 18403 2359
4728 11600 7495
4815 10291 4213
130 4025 5541
1114 5736 3180
7996 18959 7678
57 14314 5738
3686 17853 877
4073 14739 2368
3202 10472 4667
146 2721 3053
4189 9342 2032
1811 18531 9400
5420 6133 35
563 4850 2968
16796 19832 7363
5501 7697 8547
188 8785 6668
1467 11158 5556
5297 16510 5238
15283 19430 1598
6082 18099 2803
13492 17376 5235
687 7394 9178
11616 13108 8956
9327 16275 9387
12223 13233 7624
8280 15005 4595
11567 14756 4111
8585 10051 4552
13669 19262 8388
785 3023 2637
839 1161 2811
334 2344 6129
652 3082 8977
7138 7280 2236
1004 11961 3901
1088 14353 9232
797 7928 2124
13672 15806 2605
12722 14654 2796
1425 10194 5272
262 6458 3368
16156 16397 7462
2508 3344 9333
1543 2878 7163
16 3359 246
796 8967 3262
1985 12721 7811
15113 17058 2402
320 19356 1562
980 5949 4440
1517 4149 2091
786 9112 134
17650 19875 6310
310 7973 4427
3987 7372 3358
2337 6311 1337
4892 10465 6857
2396 7162 3695
206 644 8855
10550 18565 3465
15471 16558 6012
11507 16262 1091
270 309 915
4103 4318 8725
3423 13735 3584
9213 18113 8238
2039 4360 1119
320 2118 5900
3238 3379 5267
4632 14817 7914
3261 4238 2556
472 794 2395
11681 19749 1090
3942 14755 4124
230 4667 4716
738 3840 7977
3319 17464 3007
3806 8821 2382
15143 16670 8031
6 15505 8042
2451 15888 2114
5607 7988 4565
307 1059 6623
2484 2898 90
4948 9430 1874
5693 10971 3904
6391 15122 3662
807 11524 6604
1678 16394 3634
3048 5145 1042
4514 13516 51
14928 19481 2646
1217 5239 5860
10131 12716 2242
2569 7057 9163
4696 11924 2994
2297 14135 1957
3377 4617 9329
4279 18465 3004
10941 14514 2963
12014 18221 5455
2157 3687 808
4291 11358 7378
1787 2519 8202
16366 16995 5585
3158 7961 4408
5574 5898 1013
5213 6015 198
350 13267 5856
2907 4865 9292
7234 11752 7221
4635 12852 727
6165 6859 4392
2563 10288 2447
14276 17488 1144
6991 11661 6646
6962 15714 2639
3409 3748 1894
3877 4470 9617
5666 13178 8983
1 17660 4903
7455 9089 4524
6484 9943 6406
6814 9222 3310
1375 2040 9493
11341 18805 9435
11578 11984 4607
2700 11104 970
4659 11419 3324
3981 18650 6471
1687 14841 4169
8494 10267 9278
2080 5788 9236
3996 5434 3301
6235 7860 8470
10809 18185 4961
7921 8131 882
2302 4735 4678
930 19902 6481
12083 13218 9598
870 17866 6995
2236 15058 5128
2107 14999 148
536 978 8134
3456 13690 4871
1335 4684 2751
6951 7853 9238
37 1911 7751
17558 19477 1170
626 885 3551
14468 19511 898
17021 17870 8912
4348 14355 515
6009 13550 2323
6198 10218 7009
10299 18648 6247
2657 11256 3337
4148 13534 2792
12958 14327 8918
887 2896 7224
11579 12339 3603
6522 16963 6528
3196 12527 1759
6245 18638 3941
14307 15366 787
6123 7152 7727
3765 6899 5616
794 15474 9676
18322 18698 9716
8820 16889 8989
15851 17082 1031
5112 15167 9080
2101 2550 7043
10533 18585 3384
5805 18733 2402
313 1941 6324
6864 9048 7660
2213 4177 8894
10156 12507 3872
1055 18494 9877
14823 18424 3347
3692 11470 8809
3303 12697 6036
1886 14989 8282
8230 18340 4247
9488 13154 3067
13671 14127 6958
1812 7644 8161
1764 4107 9913
241 5383 1747
3494 7368 9256
7658 12811 3097
58 3562 2978
5839 10374 7625
381 6832 9881
6187 12392 442
12809 12914 7207
13858 19910 3388
12640 13430 8917
4052 5816 1770
4907 7746 4788
9829 13969 6375
5663 8957 6874
584 17146 5262
6566 14552 336
4724 15637 2295
1782 11523 7750
11961 14236 3671
2650 3960 396
555 1681 8447
3169 9746 8454
3974 7106 2480
10057 16555 3083
9150 12860 5093
6689 16950 459
7322 8768 1929
9239 13970 7235
5632 5909 1753
5241 11513 2397
418 3013 3557
4992 15616 3598
1716 17705 7560
8847 17119 869
3013 8979 3045
935 7338 8418
12683 19537 3049
7491 7898 1255
13952 16434 7855
3642 16351 9674
347 7788 4486
1655 15609 5586
3322 18617 698
3550 17383 3679
2681 9601 7248
9320 11215 390
3699 10491 9886
1811 9478 7097
1611 2831 8320
4886 12780 3335
7303 13458 3136
4246 13044 8029
347 1772 9528
12082 16786 8843
5681 8197 8691
5245 5836 4240
15301 15572 3587
6729 15087 1525
7624 8434 2452
1165 8358 96
11744 18864 405
5861 11521 2019
456 510 9829
343 453 2111
16159 19081 6617
6944 18421 8025
3900 9405 6369
3889 18014 2592
8309 16813 131
3023 14562 295
626 18657 9290
6634 6937 3855
6 240 2936
7490 8393 4693
324 3400 7692
12892 16053 676
810 2279 7285
302 4200 1170
8033 14127 5750
12099 16000 4530
8508 15484 3294
11849 14736 6155
1821 17130 9968
1087 10918 7771
86 611 6591
781 2860 1015
1937 9006 2132
7964 11907 9136
3223 11785 2909
8232 15098 6514
5275 17668 9950
4663 13248 1741
11175 17764 9519
590 8335 6311
2182 6718 3618
5185 5957 3470
4881 10070 1030
3999 9553 3262
12327 16566 715
6889 9631 2906
10505 19421 2714
5597 19372 3133
10547 11227 2970
2251 9932 4293
9188 11720 5154
7459 8619 5066
5375 18464 8052
11995 19126 386
5310 6666 9227
9055 16316 4795
8228 10067 7688
6114 15226 2401
3440 14754 4392
6831 10269 6936
150 18970 6621
13229 18330 2218
1700 6316 3879
274 881 2175
6678 17531 9823
17064 17908 3611
13388 13546 6472
6657 17265 8928
2151 19463 46
11582 18864 6573
6102 7577 7520
1466 5387 5501
10554 17382 2430
5093 7635 6740
1457 12559 5946
10311 12427 651
9365 13861 4785
3294 9373 4807
5000 8542 3528
11328 16765 5232
11009 12973 1682
4910 9884 1725
1745 3432 6769
14854 18287 9703
13238 15803 8089
6311 11180 6647
16441 17058 5284
577 7131 1921
7829 15939 7922
73 543 1875
882 1079 7274
673 10201 967
2732 4784 4564
8724 10509 8274
19083 19914 8651
4310 13024 603
434 10235 4435
1522 7404 6786
5522 7769 25
15185 16362 8555
14140 18948 667
3133 12282 8211
2750 3307 5540
636 17593 5000
7923 11233 5939
5068 8446 6277
8105 19549 2076
8189 19275 2526
8235 18399 9747
12281 15281 1467
15341 16941 5607
145 19899 3815
6658 18993 1849
13492 17583 2838
5741 9304 9668
7399 7743 3928
3700 18643 3928
6463 17223 4408
6326 7423 2156
11944 18748 1350
12640 15155 5692
2285 16441 6968
2608 7004 6221
4613 18598 1295
82 1711 6681
4987 18370 4175
10166 15673 1572
1303 19831 8879
2368 9103 4917
1817 17619 7385
3272 14567 2100
56 299 2304
3197 5235 9462
7587 12267 3082
713 13207 4196
1449 18366 9973
8657 17688 630
13704 15478 1524
15139 15894 519
5758 13732 6217
4755 10352 516
10813 16928 4577
5846 10051 7779
4404 7705 123
8965 13787 4089
8544 16890 1606
6766 18633 4368
3206 12388 1036
5187 9993 8440
1123 15179 3482
1461 2971 2458
11356 14907 7774
568 18549 1055
9719 10635 9287
12153 16788 9528
7462 9208 2519
10702 19551 7399
9252 14370 881
9699 11362 1079
17522 19985 9757
1426 5937 5012
2319 19507 7973
14984 18082 1364
4573 19869 1708
6963 9259 5358
9450 13375 5846
11401 19391 444
11876 14462 5196
1822 3077 7110
469 1390 5373
1491 19650 962
5222 12473 1209
517 15631 168
1776 2005 5235
619 13667 5182
895 12204 8476
1231 1760 3046
6728 7122 7391
1362 7914 2553
12833 17917 477
3451 10673 5850
12811 14476 4014
7245 12737 5672
2942 11624 2525
3070 9177 9310
4954 10238 102
2442 8447 5472
7108 15722 3375
15041 18932 1237
3539 15417 5075
2555 5579 2917
90 145 2591
275 19905 2542
1342 6152 3065
832 8912 5462
3302 6772 9840
3609 10030 7372
5905 11176 9817
884 7801 39
5385 18998 8628
8321 11469 7609
9043 19269 8498
273 12866 1130
11415 11814 9561
5158 5215 9794
565 1784 7908
5504 8721 6905
5905 7351 7709
5378 11451 9914
1039 2669 3405
4523 19985 3118
4003 4414 3264
11235 15161 437
754 14263 5643
9898 16837 5402
12093 16362 584
14 7691 3069
1405 12138 333
3596 14353 8416
4867 16073 3461
17645 19637 188
928 18007 2491
8877 14319 6502
3979 8717 8254
2211 5642 9470
6720 13784 7218
6458 12969 2921
4020 18677 4450
13627 18529 8872
2814 6198 7496
2947 18828 3199
11764 17901 9128
5170 10471 2674
3855 17033 1019
3669 15893 1883
4035 5227 8210
5427 11715 7046
2788 19845 5826
9951 11270 2991
16859 17556 7954
8227 15270 1762
2284 2764 4068
8541 13269 5906
3387 12993 3628
917 4313 7030
15109 17618 1019
14811 16019 1516
6566 8557 912
2701 4714 9544
473 8009 323
5992 9504 2093
8531 10403 6783
242 5424 861
1495 7863 6377
2996 4340 2608
470 1486 4628
4318 5697 8537
10776 12417 7512
4562 12639 296
1598 5665 8393
2222 15377 8063
3928 8654 4988
2390 10825 3676
10520 10729 3182
8145 8830 8556
15160 15847 9636
11302 17220 3647
2018 18478 9502
614 1302 6002
9774 12386 7370
3167 4586 432
602 1087 7979
7826 9335 9009
2765 4108 7807
4691 13124 8907
5970 8905 7355
4103 8635 8856
8161 9402 7078
10105 18752 1690
605 17651 9974
7942 10303 4189
6780 8636 9625
277 15485 9911
10904 15130 4608
531 14241 7116
6188 18884 674
455 7761 3810
6291 19319 9966
6189 15569 3114
14613 17184 343
16456 17015 5613
2272 9666 9666
4037 5344 2124
1504 7616 6850
3841 5684 5055
936 11805 2265
491 1739 1791
13962 15299 4340
13655 16484 3799
5804 17084 5380
3428 17224 8608
6907 14964 5253
4043 5775 8450
1526 6541 3249
3074 15482 9046
10053 12356 5136
4495 12420 8427
1676 7782 2732
1031 2056 4658
6415 8170 9448
412 1034 2894
2781 3201 4101
6784 11410 5756
6448 15963 3187
9758 14313 8116
12245 13037 2465
3185 15897 1301
5928 17779 6429
18807 19725 3511
1291 18968 4370
2783 5998 3017
6782 15737 6089
11870 14699 2930
1875 8724 2972
596 7951 3451
3325 4269 4950
1801 7756 1216
5337 11480 8190
1247 4654 6461
9251 16009 9347
5980 8062 5367
16471 18087 460
519 3425 3501
6150 19852 8616
102 17963 6622
8325 16975 5495
2735 4713 911
4647 6271 8696
8067 11241 5328
954 6348 9011
4072 6903 5279
5312 15471 5884
2444 5340 9395
25 1037 5712
536 9936 4411
11278 18876 8197
9288 16677 5164
1196 1345 2454
146 2309 7811
12541 19717 5935
4242 15191 7759
1434 5440 8702
8756 12388 3747
9554 19831 5756
10884 12290 6544
9323 19784 2825
8951 18689 1315
15241 16300 7994
11096 16599 4986
1461 2502 5653
774 1715 1080
10700 12947 4957
8564 11671 8188
8549 13472 5785
8522 19282 5562
2479 12588 1623
5062 13140 936
12803 14431 1595
12082 17855 5603
417 2123 5359
11778 16172 4413
6578 17377 7716
4721 7539 9377
2854 7320 4633
454 1019 2791
7133 11490 5753
3211 5838 4702
15570 17259 5993
9470 12372 2412
6810 9215 383
9043 10691 6971
1937 2864 7893
7235 9435 7387
11988 12952 3710
12458 13872 1685
597 1358 5779
6096 15254 6211
5231 10379 3336
4725 8571 8488
6258 11635 8640
1843 10384 3957
6080 7059 4807
12043 17282 2627
99 211 79
6088 8325 8545
6209 19660 668
568 13420 9887
12969 17679 8184
3397 7730 9499
9395 16558 4878
87 13367 7831
6487 13324 6036
3117 8247 999
4401 9868 5095
190 12811 1732
3912 10532 7630
10871 14201 1148
3601 6282 7471
2784 3114 4562
967 10403 9003
1808 1950 9312
5055 13595 4320
5878 8255 5306
4092 15873 267
580 779 4778
13693 15904 3853
1832 4282 8786
6266 10519 3391
6059 7643 3808
1658 3203 4048
5649 7784 387
7073 19078 9219
3168 3242 4387
6886 12751 3578
12998 13368 4949
2953 10258 2209
2194 9139 8508
1749 13284 9989
3652 3725 2976
1364 18223 3350
7882 10187 7121
7430 9024 5671
2568 9798 7340
1060 17699 2127
1741 16780 1647
1141 5614 622
13188 16202 3768
3484 13105 3039
6535 8682 8882
16363 16617 2424
919 15883 9609
2925 18164 3789
4529 17712 3694
6355 11316 5922
15990 18550 3784
13494 19321 3473
2615 15385 7492
1073 13235 2374
1252 4155 632
2236 15891 4014
18675 19673 1036
4701 11647 6690
13772 18333 5598
118 16769 4194
1272 3661 2269
11 8475 3886
2575 7358 4739
12043 14358 574
5952 16187 1560
7517 8119 5657
9379 17617 2906
7271 13996 6527
1658 6590 7091
13243 16150 8584
149 1732 8726
9051 15373 7350
216 17622 6437
5955 12334 4341
837 18197 4875
15087 15290 1705
3310 19867 9021
5900 8423 2489
1917 4059 1578
768 6315 5907
8189 10598 1945
14986 19964 676
1916 8200 5938
913 11621 675
2120 13407 474
10209 11383 422
12544 15072 1681
201 428 8357
7755 10545 4606
11583 17196 4989
5102 8645 1133
11288 13774 4793
1455 1866 3329
2859 14194 3514
5266 12007 5819
6798 6896 1404
3671 19070 7769
916 1708 4488
7287 16637 2393
4764 6188 9035
201 322 4575
11364 14553 7590
2190 17609 1649
1647 14235 2265
2527 8725 1167
2297 5131 3588
3380 15548 9802
3098 10577 2374
10106 14066 6860
5371 7589 485
618 707 9263
11318 17885 2156
8384 10409 46
15914 16559 9893
47 7030 2427
504 5216 4928
8103 9806 6564
1240 10120 9933
15231 16369 4900
742 12744 1301
4231 10191 339
108 12618 3721
3496 6454 6219
6540 9965 9087
11857 13663 3219
2623 10472 6509
1078 2035 5189
3708 9588 3070
13602 15061 2386
18743 19692 2307
4334 9506 2209
12548 14642 193
6817 7604 2771
58 138 6399
14 27 5079
7251 15675 7738
3108 15047 9209
937 7987 9647
11138 14363 3977
2208 6020 1861
1291 6761 4838
6214 12911 310
7086 14865 3655
12437 15181 2013
3195 7668 8392
7952 19828 1772
523 8317 316
1557 2766 3785
5210 5394 1638
10149 14712 9322
4242 7710 2872
12343 12993 9503
9131 19522 2069
9196 15376 6705
1968 4031 8641
1465 1876 1113
6356 7767 2811
9055 10878 8294
680 4772 3334
3633 14037 3297
1448 3828 9171
2546 15369 7106
6698 15711 2530
8519 9168 3281
2809 11584 2300
350 5870 3164
8094 10093 528
661 1086 6760
148 16398 4864
597 731 2094
1902 17819 6053
432 18769 4284
4576 5191 9312
468 12574 3943
12357 19194 8065
12 471 5719
8391 10937 8400
1976 4356 3384
14659 15146 4743
238 16866 1040
7455 8348 2773
11619 15549 3162
14967 15537 5891
4044 16044 1412
5182 10900 5833
9875 10455 7386
1525 2455 5466
1985 2846 9064
15815 16601 5103
181 2228 5952
342 14953 8756
571 906 1733
6521 7023 3909
952 5767 5218
7282 16883 3956
5858 16905 9873
11323 12986 7818
10323 16951 3959
15368 19078 8875
0 8 9822
2779 6119 9382
8967 9128 9298
10893 14337 174
3142 6255 8267
6346 7866 7576
7978 18153 8978
18691 18840 6313
1952 2459 7896
11844 16555 6994
3244 17142 3034
11928 14379 8860
9015 19577 2241
14389 16172 9516
1983 6437 6301
9966 16598 4498
1933 12568 8580
873 9964 7022
16394 17053 1257
34 15296 8770
1209 5696 1967
5050 16322 1343
267 5747 5201
237 490 4528
5958 9715 3511
3851 10062 6841
3978 12695 8779
12285 18410 7764
16116 19786 5602
1533 2535 6261
988 7423 6316
14467 19351 9483
7206 7979 7678
5174 15037 7414
4513 5900 2860
956 1355 8952
1632 8353 2447
1948 2548 2288
10329 12978 6748
1677 2712 8560
8073 10052 3868
545 5795 6791
11024 14023 6439
9155 12562 8132
15084 15422 4849
6246 14013 3826
5161 12084 7348
238 5622 4389
9048 18416 8509
5267 7873 2862
13263 13264 6950
16775 16979 4298
12279 16678 7088
2665 4387 9377
291 11606 791
9907 10439 9087
2472 17775 7958
1531 9042 6103
16147 18616 949
2650 6610 2370
7736 10492 6832
3944 14994 7896
1095 10195 4758
11361 14348 3772
3666 18533 5920
5289 6590 3201
802 935 6715
11171 13001 7889
6522 19478 400
8911 19195 7391
6699 6844 8312
4724 15744 6394
858 2064 7777
8258 14143 7427
1851 11161 2623
331 4636 2934
8885 15978 3512
1201 19724 5978
1290 19767 7886
5244 15056 245
864 1921 371
13871 18168 5781
7069 14981 6057
8719 10161 7427
5 8527 7663
5793 6118 7919
4758 5659 8710
10135 14330 2169
8350 17898 7267
7709 13693 1346
14227 14498 6725
4768 8324 7984
11241 12125 88
1270 6918 1479
4362 5928 2413
11085 18515 7148
11758 15440 15
3223 18095 7212
5029 19357 1249
2304 4441 1762
12809 14642 4843
5587 9694 9789
4868 15851 4199
556 2045 5353
751 9107 3560
4571 9832 4592
10039 10054 5029
353 16023 2868
4569 14639 7766
896 6003 1476
8518 18436 2691
4372 5122 9779
10293 15770 3435
11388 19492 4503
2239 5349 722
3831 8827 5916
281 6416 2605
3940 16736 4306
12906 18772 7733
1463 17509 5681
1222 16508 5979
5729 9852 6905
1941 19160 2541
14332 15504 2252
19407 19916 5819
18570 19937 1452
4083 6101 3905
2118 7062 7674
4048 10193 5476
4370 12620 4647
8622 12666 3119
4544 17367 7113
13494 18364 8609
3903 19791 3137
4739 4979 3008
10288 19181 2406
11618 17147 8702
6 7384 8470
365 503 3148
88 4887 6392
10383 16247 3185
117 2492 8208
1324 6046 3629
2852 6372 1836
2768 18388 7610
2634 12073 7708
5265 6076 2374
182 495 9826
2727 11566 7581
2268 8555 4879
7033 14334 3044
5916 9215 5726
1484 1753 7084
8421 14366 1618
17697 18358 6660
14939 19064 4023
10333 12338 4860
4327 18036 9185
1993 18314 9940
807 16359 7720
4508 15159 6635
601 10252 4203
15410 17329 7330
11771 11967 4065
6687 17241 2549
10124 18336 3581
6329 16727 2076
7889 9524 8580
7531 15207 7372
2551 3373 9182
15534 19768 5688
8853 13868 2076
4928 7530 9447
1034 15914 2051
16453 17186 7058
3510 17442 1348
2880 11342 2993
4284 4670 5789
380 2676 1576
4566 10230 9677
8817 13346 4864
4116 14998 193
177 5891 5739
2701 16860 5274
134 568 8663
6669 10945 3522
5116 9154 5163
8481 12692 6514
4172 19467 3523
16696 19792 3488
735 8106 4388
8938 19540 8818
276 7226 6609
4527 11578 811
11122 17690 6528
4092 9755 6562
3711 13023 7088
3173 14436 9615
8711 12695 4737
1793 16536 2489
83 18232 3642
3274 6041 6048
18233 18276 1007
1477 1856 2238
76 112 3207
3125 10946 3230
3066 6906 6104
7325 10215 3885
2209 14123 2826
6067 6227 6611
49 8631 6330
2840 6006 1839
4824 12277 1403
4798 11894 3589
2286 6773 8060
5483 17349 3259
6041 9370 6593
8808 15671 5061
9992 16033 5724
4207 4420 4703
3262 6828 1291
4786 6330 2733
10845 13978 4586
316 895 9030
1910 19785 7320
7386 8043 823
2339 19394 1298
8809 14971 7270
4738 4986 4011
5647 17982 9613
4351 15740 5590
1846 1995 9683
6589 13696 3511
1707 2060 3271
2297 4079 5050
1514 1608 4824
8122 14748 8967
8386 11064 6045
2777 14946 3604
7864 8567 2326
6173 14044 2100
1726 16779 9395
8798 10166 6755
7624 11707 8187
5159 16522 6592
3580 4934 8767
15818 19978 2041
10509 12479 4616
3594 19352 1758
6135 8703 5921
2251 8400 9294
6462 16047 6885
10009 12399 6342
53 693 7520
1544 2921 9254
1227 4500 9887
768 6402 6162
11172 16515 2499
3043 12714 5667
562 1653 4002
542 19324 847
9403 12320 1669
8141 12112 4118
1206 19563 2980
12278 19096 8018
19014 19429 267
8944 14121 4697
2547 6359 6351
144 7203 6322
4665 13959 7886
16890 18684 2864
17421 18485 2070
13134 17009 6114
4758 17217 7709
12221 17985 6934
4740 9245 4598
8844 18881 9766
17552 18407 3791
13917 19949 4296
7038 11534 3169
1269 14532 2304
5419 10325 8789
1019 14452 2307
6172 13946 2292
7687 11583 3281
12892 15480 1928
986 3836 375
2454 12609 4460
499 6992 101
1743 12077 7972
14785 15540 5341
8052 8998 6561
4066 16705 174
11294 17092 4491
10422 16523 1268
2125 9465 4085
4044 16638 194
11114 15564 8007
1380 3037 1483
12427 17981 5119
2205 12665 3475
15705 16775 5909
4471 7995 2644
561 7681 9179
2630 9016 3377
2275 10510 7760
13136 19039 8482
8527 8888 9136
51 961 8040
5376 16457 384
2298 9359 2704
7847 10779 8693
3309 10038 9007
14126 18322 2905
7199 13577 3533
3395 14601 9995
2091 17816 868
2199 14407 7571
16265 18662 7786
5492 6295 1077
14647 18502 5684
4807 15816 8223
8234 13486 9801
5611 7034 1895
2205 2895 5510
1693 9554 7720
633 19237 2944
2660 11996 593
2618 3558 3481
4820 10683 9188
551 17291 28
3254 19656 5880
4779 13791 922
15097 18906 5253
12682 18545 5017
4292 16687 2367
370 16793 5234
11495 16411 7182
0 11800 6932
4393 11009 5567
1151 1749 7260
9489 18481 8506
198 7929 5416
3463 15208 6199
4489 8710 1854
10682 13306 5316
1307 3968 9872
2337 4738 3337
766 6823 3976
1357 6960 705
834 5773 3050
1415 8755 172
1676 5220 7849
1155 13583 7282
7192 14282 9195
1406 9877 4495
9777 11341 59
746 2706 8317
1159 8036 4577
3602 9622 8154
15531 15800 4031
2969 5194 2814
368 12920 327
2427 10827 5091
3441 10138 1342
8258 15390 2020
83 444 8207
8117 14092 1824
14761 14886 3928
5341 5745 5463
215 5238 5869
33 16318 7308
2829 14631 4073
3335 10940 7097
6834 17256 4393
7998 19745 254
2419 16853 3067
1648 6845 9224
6296 7747 9526
2611 6931 3272
145 4408 6553
3210 3479 5210
3219 12650 1235
747 13252 5172
5703 17325 4273
1778 7688 9122
11843 15869 5444
2762 11717 9395
7500 15361 9790
1026 9659 6172
1138 5174 8128
5895 14818 9344
10027 13341 3762
4905 18695 8834
2105 15552 2294
13859 14991 4943
7071 15529 4723
1957 15946 1029
7986 11698 8982
1196 19627 2146
3107 16538 1290
13432 19762 9002
8589 13547 4409
17806 18746 8989
845 3261 3399
5023 5866 9173
6185 9356 6360
2533 5453 458
347 1508 4317
1341 9367 3672
441 1460 9994
11589 15238 3286
8944 10542 5310
6306 9812 9151
171 5677 1767
1917 12864 478
3296 6513 5694
3093 3553 2348
298 553 5600
13758 16242 4207
2647 11557 7249
1989 3612 4550
3835 4083 3712
8211 10941 2060
960 5312 8678
18028 19280 4698
17112 19920 5213
1620 5155 4539
4424 5116 1099
4112 16031 2259
2664 3144 4321
12195 19594 9271
2554 13423 563
430 8981 639
571 4892 3904
9230 12207 6300
5153 11835 7019
121 19996 1760
974 4725 7181
16728 18400 46
1914 3627 4212
2228 12302 2939
5726 9762 2088
546 1466 6821
10556 11545 7476
3167 12750 9673
574 1623 8062
2379 15852 7782
13855 16606 9874
10779 17006 1928
10311 11235 5639
7362 13815 5135
721 2162 1010
3313 15008 8711
1211 4803 1365
17054 19453 4255
2551 4683 3450
7541 15162 9378
10379 19043 8401
10242 16973 6357
1170 7526 3826
6424 15178 7341
2068 8079 1845
1319 5664 2615
9629 11310 4536
10851 14576 4374
2936 6262 456
7353 14129 2352
7081 9742 5206
6411 10777 7203
3659 15493 5574
5740 14313 6589
52 19415 2858
7396 17455 8533
16606 17061 6769
9438 18478 9181
3001 4525 5622
10466 11588 3391
6653 10066 1631
1753 4093 108
3928 13981 4969
112 5156 5080
423 15669 7783
1330 18343 2366
17041 17963 3894
1985 7937 6241
2639 14041 1499
1490 7306 7539
5145 11746 3811
9625 10043 1819
2751 16342 4579
5052 6214 2291
1312 7712 7288
3517 19677 4893
8688 14588 4573
3363 18740 4063
4364 19295 6178
276 5137 4029
4932 12020 8395
2500 6074 265
875 6879 7170
2670 15268 6922
4230 19579 1694
387 1997 870
880 4120 703
13001 15448 7904
4378 14980 1674
8814 15200 424
6515 16701 9446
2308 10495 2228
3091 16200 1128
15609 19985 5433
9 7719 6990
7603 11738 2819
2585 14630 7829
12019 13331 3147
1947 10784 6043
1077 1600 7630
5292 7780 3609
8630 10848 5292
3074 15160 3070
13868 15183 2530
1702 5232 630
17951 18667 4052
14866 18017 5374
1698 8901 6314
1994 19015 7103
5670 14534 4287
2276 16913 6489
7737 8328 4126
2953 4273 6959
57 7822 7939
14572 16876 4503
11571 15490 6822
208 256 4739
18410 19567 8442
11952 12157 3238
5909 15132 9519
2969 10583 1672
1275 15580 4631
6658 14091 274
16991 18075 5145
8552 18557 6268
7825 15344 4344
7483 17155 1301
4551 17213 9399
2960 4963 9040
7499 15586 8730
2197 15079 7922
2515 9807 5269
8875 8949 4463
2897 12742 6931
701 5343 3847
4497 6942 7006
4031 18019 9144
11815 13306 9100
6566 13197 2404
4247 15882 5428
8600 11920 4760
1786 16695 3212
15939 16451 6881
4407 11328 4500
2581 8986 39
1390 3685 2831
5259 12135 182
11747 14270 1401
2794 7575 2681
3223 10385 2388
17400 19891 6726
848 2016 8949
502 13230 8880
4775 5510 4310
1679 10213 2473
12090 15455 6895
6762 15767 2819
9967 15736 2906
380 5125 9186
1721 12264 9705
6635 19098 9310
12937 18943 3678
4723 8919 4055
1103 15142 4674
12933 19206 1617
11486 16263 455
1705 11977 9167
3890 4327 7126
1207 18709 5154
7710 14430 6052
1952 7858 2464
5881 7884 3901
9446 15667 2997
4176 12084 3390
2548 4088 5717
4748 10017 2995
4763 7769 4152
4375 7396 399
7812 8823 3784
5557 8053 7256
5831 14780 7198
4404 5443 8210
8264 12491 8840
3100 10127 4877
691 17602 7365
8161 8318 1135
16170 18860 907
2076 8533 2865
2039 13529 1422
4179 17055 6379
1978 4729 9770
2072 10421 4213
1127 13131 2637
8547 11164 1357
531 2421 2101
12877 14531 676
10021 18010 5262
7168 9626 3611
307 3346 7504
4377 14143 3852
5607 11313 7304
7946 10514 1417
16424 16532 5041
11978 12784 1968
458 8643 1641
12184 12793 7432
11888 15873 5042
3339 7234 6961
2089 16596 1035
5913 11594 9711
4772 8164 6588
6674 9088 6834
8890 19070 4150
3017 3816 7270
10992 18466 380
1904 19579 208
1119 9435 9967
7793 17652 6825
7793 9232 5411
5985 11593 5102
5227 14277 9540
12530 15159 9151
392 8705 2927
530 944 2686
9502 12916 778
2926 14238 2007
1722 17162 7044
1514 1943 7291
15451 16020 4225
3783 15565 8513
5830 11456 6561
159 440 4235
6306 17707 560
6662 11050 922
2885 7257 8294
6962 10774 1178
98 171 2196
7336 17220 1544
3817 4133 3080
283 19680 1768
2499 14797 2700
3642 18127 8169
1090 11496 6041
5620 7109 5129
3873 4583 1505
8008 14158 6698
1195 3592 2330
15231 17755 4444
1762 2171 7800
1759 8138 159
8907 17286 1084
9667 13086 1802
14585 15985 5292
2026 5866 7336
6322 7377 8572
13528 13696 4750
4378 6816 2827
10520 18548 6210
5145 16752 7122
2912 13845 9892
3964 11782 3855
3827 17272 4091
4113 17691 8960
2425 5698 7798
3963 13024 8363
12375 12935 2639
1198 6307 7568
10090 18948 602
7203 11937 166
683 6173 197
808 12903 5934
5837 10941 4001
6646 13015 2705
1921 3973 7272
211 14347 9158
1324 6736 9276
13921 17779 4237
1286 15115 4822
7311 12410 6722
3452 15850 5721
9325 11150 7376
560 3476 7613
5905 19465 4311
5541 8166 4620
11900 13954 9594
3674 13468 4958
413 521 7604
2343 15744 2091
17155 18231 4444
2592 17676 6894
254 16284 1773
10649 18927 2380
14780 19359 9531
1456 4274 5978
47 51 6785
11719 13492 3906
2857 12962 5800
4589 16650 3351
5668 9489 1323
1521 8793 7930
10363 18067 3743
3936 4948 5448
2228 17842 8076
6803 14566 5106
817 2144 7129
892 15594 7874
5598 8085 4410
8601 11088 4340
10850 15573 704
1520 4228 5493
13483 14619 9619
16034 16558 2490
11213 17060 6265
7925 17594 9924
1170 1724 7832
9969 14505 4140
6113 8163 2654
14364 18971 7530
7196 9586 7045
8850 10260 7010
11249 14701 1734
819 4591 9180
11674 13691 8308
5979 12467 7385
9195 18280 7113
18361 18809 8433
2678 18369 4852
14901 15051 1001
1656 16794 7181
8625 15025 4809
1042 5991 4236
10324 18133 8663
9461 13943 7019
5643 17530 7325
1663 6624 6178
2108 6992 3322
7556 13327 2134
782 2643 2797
9450 11514 7326
12134 13958 3939
8517 17338 1877
241 8640 1918
772 1349 4362
5102 9559 2395
1883 19369 9098
2258 4095 6782
2205 2478 224
2190 17187 1792
8024 8900 5266
73 101 2709
6480 10060 6854
5414 15951 1475
13053 16912 119
1756 13727 6910
1086 2070 8576
11216 18867 3458
8981 19599 9840
5555 12877 5917
5843 9987 5030
6787 14674 2683
10512 19410 9752
10096 14729 2428
6801 15290 8630
2965 7691 2438
13681 15302 7619
9692 11138 8215
6867 7857 1592
4175 5184 7544
219 18430 3000
7963 14723 6311
342 728 3736
1141 8548 801
217 14268 2181
18 8392 3205
11789 17951 3547
1268 3410 6972
160 1893 2314
2038 2301 5230
5316 15757 6479
339 18559 2102
3192 12599 7786
4010 4394 208
2942 10460 192
7146 9223 4827
1736 8107 8755
1551 2409 8184
2237 18278 1141
828 4901 7502
2570 2614 9121
2992 14770 8380
12677 16767 1448
9841 13769 3558
566 1606 9957
4394 13259 5316
517 7626 4333
3266 11491 6502
4451 7337 9519
3652 13750 3228
14064 18680 3056
469 12412 6601
10149 12546 1099
6451 17608 5053
5738 14143 2614
4329 12849 2101
12544 12592 1572
2867 19253 6321
4613 19671 6400
962 5134 2591
8849 9723 5701
12696 13189 6604
11196 14115 329
3734 14372 562
1273 1877 8627
2664 16124 2756
7112 15459 1563
1822 5103 4478
7530 15208 920
3534 14841 9481
2308 13689 3062
13959 17943 1468
8531 10985 8633
14254 15472 6794
1953 8232 9395
8477 17059 1268
4577 10451 2015
2783 10449 1542
14093 15414 4115
6440 19946 102
2890 9339 1482
318 393 8161
7380 14622 9775
3 147 7541
80 110 7781
10507 10589 337
13527 14653 6763
2119 15203 7566
699 5578 3336
435 16823 7222
4885 9094 1030
14380 15864 7559
7526 17048 8083
7433 7762 3713
6814 8472 8982
11053 12685 9643
2658 3428 4051
1706 9958 709
6721 12290 6634
336 7912 4687
10247 18507 785
2761 17687 1226
5517 18710 153
7950 8316 2001
12202 16570 2073
11337 13203 3014
12850 13668 5224
1794 18365 8515
247 6209 1073
8728 18821 485
4897 12167 7157
3361 9475 7160
12218 18612 1816
74 12413 8596
5613 15543 8672
8784 17716 7348
4412 4598 3078
815 17036 7752
17001 18110 8937
5309 6362 2278
2915 18454 8096
3729 9691 7685
1506 14637 6546
13126 16286 315
10883 11065 6218
869 8660 8832
4991 8587 7426
8212 9543 7115
7885 19453 8114
11965 16694 4452
1361 13781 6743
3436 12167 7811
7363 12120 1497
1356 9895 7962
344 1065 8516
8812 14250 5298
4768 6237 3755
2366 7565 6141
4643 8528 7074
7324 13809 9899
10116 18829 56
10748 11286 2557
17751 18266 1024
10047 10718 9296
6341 14712 593
5755 10529 3858
13777 16758 9289
17668 19762 531
135 5370 3420
2220 3832 9142
8401 15101 7396
10578 17708 9900
1013 4401 1223
4227 6842 9240
2934 13844 8005
14041 16681 431
13628 16286 3791
3395 7425 1603
13396 14564 5485
242 326 9442
8800 15208 7420
2253 9417 2490
544 18780 6033
5038 10057 5525
14557 18644 8716
5885 12748 7452
14910 18119 3100
13716 15168 9006
8730 12121 5217
12393 15733 5106
616 10411 4712
6664 12481 4695
2742 17520 6552
690 1062 7513
2282 5785 5240
627 16910 9039
8432 9887 6163
4871 19677 4578
9465 11407 1027
2302 11194 1635
5300 6351 2864
3128 6637 2106
6294 8363 2801
14486 16271 6412
3886 6289 3639
1121 2332 3269
1414 5282 6391
4603 18200 6888
132 6315 629
14312 17873 9935
11982 13306 9309
3438 7095 8504
10983 17006 3657
3485 11275 3145
5585 11474 1370
2096 14350 1991
3991 16004 3415
3101 3338 2759
1926 18550 8587
7038 10578 6770
3778 6969 3090
4990 15469 2118
5443 14033 9901
1614 5478 8323
169 7488 644
599 3343 9517
8418 16112 2150
2916 12355 8837
1338 17248 3309
2153 4250 7036
6683 13361 3476
287 323 8021
5031 11993 1401
13998 15515 3943
830 1417 9476
6517 12214 5731
3413 8939 5753
2686 10380 2500
2130 10106 5982
3492 6241 8720
15008 17736 3148
4427 6169 5317
7004 19593 497
912 4232 1806
2012 7431 8494
7361 14617 2554
2681 8540 249
14296 19651 7919
7559 12010 9581
5939 8205 7898
4821 11343 2004
8879 10618 2831
2892 16816 7833
8813 15086 1984
5966 9756 4236
6533 16353 6394
6960 16454 92
18179 18580 953
7293 13562 5260
6471 17620 2306
2557 3391 8118
9878 13744 6854
10463 11007 5921
3733 13142 3456
1823 12514 863
4935 15200 5089
5299 9342 7997
8272 10861 4417
2250 2651 7615
2128 16965 6185
14699 14933 3172
953 17940 606
8770 9543 9083
1692 6683 6928
1850 15005 7866
1932 11409 2944
683 14671 1096
1697 3708 4490
10052 16726 4732
2481 5749 7804
2165 6779 1060
13924 17747 1578
596 16706 8202
819 7946 8850
2802 12816 4828
5047 17030 9603
4005 11873 1064
2126 4943 6089
554 757 3924
7182 18659 4398
8048 14530 9249
6044 13394 1320
18353 19074 5077
9605 10130 17
10244 10832 961
10402 16589 8592
218 474 6669
93 13520 9989
262 1108 3850
9642 14457 8182
18049 19020 714
9293 13127 4414
7959 8287 9127
642 1277 2620
7301 13825 7184
1149 7862 7067
12078 16256 3581
6106 10128 2946
4870 12276 4857
1111 1975 3088
1825 9540 6283
888 16844 4656
6612 18811 426
1047 3269 3552
1966 11359 9749
14335 18497 4283
11417 14634 4508
16493 19111 2552
12310 19957 4686
767 13044 2190
17382 19526 4467
9763 11376 9063
15113 16315 3011
873 4126 2706
3216 16479 5924
7261 9620 2737
3504 16344 909
6289 12798 5894
2969 13967 1056
6965 7756 993
441 13499 2130
4293 12562 5903
10161 17318 7355
18952 19873 7932
9378 11526 3520
3761 5364 6508
1197 5444 5769
3124 4638 1707
3999 17533 6016
11694 19304 257
3232 12834 5217
2906 9404 4003
442 1779 3959
9163 16808 495
13418 14957 6713
6299 6792 559
1844 2483 2833
11824 13963 5279
18679 19961 6929
950 4278 5498
10269 13495 9280
17383 18481 9819
10205 19201 6661
11123 17677 5517
362 799 6138
3413 11044 9322
11890 14645 2201
6046 13470 2808
9068 16812 470
1855 2716 4105
700 16336 1030
2228 4974 2657
13716 16381 9951
3392 12975 8961
945 6741 4100
1878 6348 2382
7154 13939 6195
18275 18711 2113
187 9567 7003
5122 12244 5089
2692 10165 2794
7805 16674 1754
4610 11857 114
5178 10142 3876
15124 18412 8373
1859 16781 9779
1573 17651 8129
777 3179 903
10392 19541 6355
6407 7041 9304
70 4977 3377
9070 19320 6300
18833 19377 1730
10227 12752 9273
2118 9451 7783
1904 8271 4299
3250 7468 3986
1682 19472 2233
6567 15792 8177
4876 6887 9078
13057 14108 4206
929 7656 2303
15780 18297 8151
2277 8367 4730
10291 11484 5710
7489 10755 7348
3465 5883 2185
528 9510 5574
5815 10529 5339
937 18717 94
2569 7414 7102
510 19151 7272
1341 3291 9451
7034 13306 9424
1614 6712 934
2576 9357 3397
68 15021 1732
8322 17143 3591
7426 17993 321
4009 8929 1042
3869 16582 9657
14739 17275 8861
9268 10693 3303
6101 14499 2725
86 419 5663
2654 8077 4176
14624 18267 2713
9526 19544 2934
8677 10669 3364
1623 14477 6664
7798 13764 2320
8601 13489 3944
9071 18922 2825
3909 8800 2916
5392 13900 4466
754 1351 3291
10280 10855 9075
878 11029 5866
1285 9043 7475
9880 10447 1997
6735 6767 1027
7109 12946 7124
4143 6000 1449
3578 10484 326
4586 16287 9714
10625 19842 4360
5012 7445 5623
16207 18034 3972
9722 14274 4430
694 790 9559
102 3709 7788
12367 16493 4464
3993 17181 9395
8800 9302 5840
3225 7392 2081
8502 13712 9252
8151 15762 5262
7339 13895 2086
6150 19710 5957
9807 15207 9522
2546 11572 9570
5200 16388 1244
10240 17758 8893
297 3570 3032
3543 17608 8038
2364 16127 5902
2044 3356 5500
819 6560 4017
8469 19106 363
314 17271 7481
16044 19758 3942
13040 17628 6175
5700 10577 1346
4675 17517 4089
386 12566 4164
2823 18853 8232
2847 11409 3940
5714 7231 1955
13250 17532 4941
4665 7895 3268
509 9939 7105
12781 13981 9252
2614 13193 5239
1636 7183 9890
351 15123 7014
13763 15095 6575
3860 16705 7147
1328 9490 4351
6962 9672 8907
3145 13736 3584
126 2522 5015
12117 12397 4352
4337 12536 8979
8018 8889 4004
5885 18338 2498
3863 15314 1696
5529 14925 1974
15832 19630 3773
16591 19920 195
2280 11602 4004
773 18419 2566
767 5584 4391
94 18083 3544
2044 19473 4204
13393 15999 9541
1039 1660 3999
7305 9074 3628
6256 11427 9234
12474 19985 3800
6355 13121 7961
6 1797 6773
11744 15920 2866
4893 12881 901
10131 10194 3257
11942 14152 8949
746 15977 2398
821 4023 2533
95 18347 9876
4896 6174 3747
7193 11522 1718
8235 16414 1683
3147 16144 403
8031 8145 3431
11885 14117 4960
1542 1622 1730
8731 15147 3953
2486 4747 2116
5818 6224 165
5150 10909 3991
6416 7586 8890
3062 14437 3498
6619 16152 3651
53 2382 5372
9874 14080 9964
6796 11594 3975
403 12268 7757
6724 15355 9894
4111 7706 1666
421 10822 1032
8421 12355 7329
3833 8770 3636
2942 13007 9236
1736 11480 1635
14682 14696 3373
7861 11582 623
2778 3248 9627
5059 6847 5912
176 575 1624
10173 17368 4418
4342 8599 8651
710 3614 2991
15623 16369 9042
4088 10722 2101
288 662 8422
1149 5264 2990
15458 19618 3004
1288 2597 3936
10895 13067 4000
8791 16195 9044
15904 17361 9240
4053 16547 258
6910 13241 9182
10085 14593 401
2787 6368 3735
2162 17349 3746
10888 12920 8326
276 5966 3645
13011 19354 7718
6733 11352 7839
9860 13074 5453
2581 2876 9449
3398 18171 1854
1656 19542 3958
14648 16004 4583
9287 16008 2935
75 438 5753
4269 5172 4767
4040 6470 5387
1105 10609 4952
6444 8574 4329
10953 12013 544
414 13664 1835
4181 4976 9968
8698 13324 6577
1246 5014 5416
257 17148 6269
5458 15611 789
5459 18212 128
1436 4369 4335
5795 16404 5364
8999 12883 6917
7266 7361 868
7427 16133 4285
10653 18748 6137
11359 15010 440
1758 11636 9089
883 3407 1829
3227 6945 4562
4118 4233 3788
1627 18201 5306
3298 10627 6046
470 5531 5293
2966 6982 749
4335 9903 757
379 1599 2459
10343 16778 2524
15232 16108 8558
4469 6103 5799
4739 12635 191
7600 8479 9518
3960 14451 4814
7527 8712 8134
3395 16239 5522
7553 7807 8471
17503 18342 7119
3873 18221 6811
10256 19213 932
15617 17642 1693
8385 13770 1078
12508 13536 7550
15944 17179 6186
3588 17333 2744
17849 19174 6673
7746 15458 5378
12570 13803 9808
954 9586 1329
3237 18966 3526
9454 9580 5955
353 5044 3606
2008 13595 5598
2285 5738 6340
18902 19041 7891
8949 10319 5914
6748 10271 4016
9736 16339 5212
13908 15967 1021
15744 15814 5036
3463 17821 3405
550 6624 5636
3456 4537 3425
2225 8969 6064
9439 17999 3509
3338 12098 5422
4172 4898 4077
1843 6589 5225
3008 3370 9377
217 369 1882
13091 18796 7706
15327 18856 479
6955 15650 7522
3663 19608 1197
2593 5163 3288
2285 12625 1538
10934 17698 449
1124 16784 1624
1176 13960 9038
543 16299 7920
5826 8108 3036
500 18452 2491
6753 11967 1519
2874 8264 9639
4999 7094 7757
7530 11405 9909
27 10429 9262
7405 8888 3818
1999 2485 1221
1534 19661 4348
2844 19128 929
1703 6258 4392
5109 15822 9021
13439 15340 4257
1769 4473 2068
7883 8852 224
2055 4649 9626
8938 11899 7557
2310 13896 9509
985 7613 1131
5906 8714 2184
6761 7254 702
1657 2493 8555
16300 17743 2344
2670 6561 9024
5658 13102 7874
6829 7484 2562
8265 14916 7491
8171 10100 997
8789 18132 8041
720 18810 5136
4854 15415 5061
5266 16729 325
8608 11810 3294
2181 3038 2749
1000 6868 5969
1781 9684 4983
1108 13392 4720
9538 17062 1587
5974 6396 1448
1105 5889 6819
2956 14402 4064
4533 11209 1602
1055 12458 7486
992 3549 6157
8250 8777 9637
6311 6479 3886
847 16287 1569
4336 4517 6576
2413 9907 8242
1003 1522 53
3339 5084 8872
3312 8302 7860
8133 19080 3645
15798 17804 3601
2383 8257 7111
11052 19040 3157
2236 9850 622
3268 18925 4607
1081 5568 4965
3343 4564 4830
2469 10443 8481
702 1234 8162
6180 18679 4547
2441 14976 1901
4075 11825 9178
7587 11462 2468
1185 9459 6402
2717 19843 2462
3982 9410 6039
558 15154 7998
605 3307 2646
15237 19072 4439
1677 3460 1937
10805 18669 5441
3484 10561 1024
8284 11982 9629
5285 9779 2744
678 5432 8174
891 8923 7376
8345 19984 4515
11292 12082 7277
635 7477 212
2852 8786 2815
335 869 7408
1218 11229 3315
12913 19655 4239
9064 11411 7813
3694 15252 3798
8667 18935 1156
13628 18955 5470
8214 11897 8636
1449 10882 8837
2343 2731 3291
7942 9162 8268
4416 4981 9901
398 11525 2074
3410 14720 6176
148 19990 5126
5664 6417 789
3903 16493 5932
9356 9802 216
3455 10922 5121
10529 12837 9575
6714 17863 7365
146 3875 3612
10779 19766 4615
2304 10177 8710
10477 14827 4839
471 14354 3690
1137 6313 4997
11901 12247 9573
8898 14902 7775
13310 15789 286
13602 14587 8368
5929 11708 9164
8326 15819 3057
5363 10022 3228
1359 14032 9168
6344 10648 7084
10882 17279 7863
9775 13681 3957
7281 19135 7215
5660 10904 4315
3765 3954 2934
13940 16219 6276
7628 14170 331
1094 4859 6106
6612 13873 903
1103 4467 2873
770 2314 420
5358 5594 3250
5682 8051 4455
8089 11100 4876
4751 17931 4196
13891 16202 7644
2123 6788 2741
3535 10744 5462
3960 4802 1036
1055 4299 2071
5162 7888 9863
1638 10735 2126
2079 9019 1936
10010 18872 397
5623 18761 1644
2634 4074 5769
1957 9314 7498
2611 17058 1265
14072 17803 2807
10738 13923 743
18020 19572 4048
6974 18501 4714
10000 14367 8908
76 3585 2625
10970 18663 7201
313 492 301
3761 11889 1384
6711 9960 2630
6333 13319 8055
12144 17733 9051
5421 7626 9945
1166 9620 1729
11048 17656 3771
16 617 9768
8282 10016 2701
18619 18789 6331
2849 6244 4450
933 12763 1927
10122 18146 2701
5681 6197 4100
9965 17231 2698
11072 14264 5895
975 5489 2820
8740 19576 8758
1289 10900 2914
4386 12190 7750
1306 2853 6451
8495 12972 6927
11668 14862 6804
1360 9829 1785
4896 5937 3997
8632 17194 4879
1482 10220 6011
3020 6276 9075
11485 15943 472
5967 14578 5741
8345 12097 1297
5965 13704 7767
1933 7171 2597
3233 5906 7942
891 16157 8964
8280 8455 4391
4972 13255 4035
4467 17365 8653
9263 13245 2807
7006 12100 476
3753 9349 4397
6722 11702 2288
3255 3781 1477
7559 7998 659
5157 10328 5841
3152 14109 9268
712 19751 9299
17588 18670 6479
39 8127 2344
8753 16567 813
16331 17418 1969
797 3779 7176
3670 8848 7828
2046 10948 1277
205 9537 4143
2432 5861 2504
250 19207 7720
1125 9310 3691
5763 8665 4599
8507 11803 8811
2321 16143 3785
185 2237 5674
2123 2742 5933
9352 18600 5887
3656 15921 8333
11073 17503 6314
8598 12679 9644
15327 17568 3467
263 296 55
3393 17080 4502
9605 11153 2181
28 16785 1852
10211 16796 9639
2889 16332 269
2455 7285 8293
7834 18679 4926
3626 13951 4582
4809 8860 6666
8049 12388 5361
9362 13040 2926
661 13577 6050
2083 9147 8844
5508 6411 3164
2568 3319 7795
5039 16362 7248
1744 18882 1386
272 17137 5463
10880 19779 4274
35 6410 6348
4858 5810 8593
4675 17599 7102
11118 11339 8876
7776 11456 7885
7936 8806 9859
17035 18662 5588
4191 18453 2258
2168 10899 2549
2818 13553 7935
616 689 9991
486 14751 9615
2056 11196 2412
1972 2528 6760
7925 15835 2888
10861 18878 8554
13926 19921 5287
357 8553 8086
3250 3961 8074
6452 10486 852
4197 16157 3008
5664 12288 1761
51 3894 5668
307 12684 5506
1325 2217 9908
16820 18235 6302
12336 18324 4705
1844 13125 1411
4934 12660 6503
7574 14263 9385
7343 14747 823
11084 17652 1788
14023 14239 6442
2742 4904 1949
6623 9629 6437
8662 15345 7984
1939 2161 6678
6820 15814 820
15041 15634 937
1847 16609 7681
11854 18766 5312
5908 10059 1560
5905 16392 5307
7812 15538 2244
8829 16796 4854
2351 6491 2345
5386 18102 7788
3497 13369 7977
2130 12207 6582
6098 17236 4767
2392 6504 1472
5478 7041 7151
2218 9026 1255
11488 18433 8695
12987 14608 6294
4583 12558 4488
2493 5730 7182
87 5516 4915
14066 17234 6854
3567 15928 5625
855 6688 9269
15137 17053 8605
2918 3246 1028
7030 15246 481
15547 15863 6236
8866 19248 6686
3558 19413 3968
2735 19816 4244
1009 2150 6199
2806 17262 5843
4970 8822 3914
4380 16201 3984
428 726 5354
11855 16368 2236
1962 8304 4531
5613 15480 7785
3233 17310 3116
804 8152 1107
12601 16554 9066
8585 14812 5767
7957 9033 5913
455 19569 4811
2761 16477 6266
4571 7800 2516
12714 19227 7289
9077 19423 2112
9053 11809 3755
6393 13687 2769
1137 6533 60
14797 18609 445
1976 14501 5305
880 4994 8003
918 7778 7957
6038 7392 6729
3074 7657 2350
3290 13123 6507
368 11410 7299
8491 9234 8586
14529 14782 9349
7972 9823 687
499 17514 8074
1468 2744 3365
4405 18518 2107
10055 19875 7469
4221 19269 6063
10387 13313 8201
4231 4983 605
18085 18923 5672
4658 7310 9136
6481 14963 6913
9983 14469 691
1384 8859 7757
9619 12648 9594
6236 19712 8478
2768 4771 598
16334 19608 5584
1630 2526 2224
9223 12760 8896
14541 16784 2373
9126 14944 9896
5946 9031 7312
5260 15990 6462
12295 17932 6105
11876 14391 9219
7725 10595 9967
4251 13955 6893
7391 9011 6867
3726 19514 8997
1863 19298 2316
4702 7217 7599
9029 13863 3827
1612 2204 9122
8613 8945 4415
50 17820 6639
5823 13578 3354
6409 6541 9132
9425 9566 8943
104 16025 6208
11254 17795 5734
6362 10739 5486
6005 6729 4687
3561 7792 1418
1982 14063 3385
5291 13354 5651
53 11880 6532
173 3014 4047
2597 4508 4801
764 7932 4559
8645 10569 2569
2034 8010 1340
4083 14675 6945
3445 3464 8470
1303 1384 4828
4541 19911 2705
5983 11727 9195
15112 18335 8979
1713 3257 2862
1445 17973 8818
14672 17427 7160
7145 14359 3204
1065 2632 6472
7265 8909 4581
4251 18316 919
10778 15617 182
693 11120 4201
11241 12789 9915
8033 19935 1827
9883 10550 3735
3304 5321 4049
575 5042 7734
2471 11230 5383
5156 15300 298
11282 18057 3743
7361 10441 4169
6755 16807 2532
992 12029 7683
1343 3333 8965
3395 9386 9307
961 4811 8567
4832 10061 8096
2785 3459 7713
5691 10097 1771
7351 9738 1305
16002 17217 9835
17312 19104 9327
8657 17519 8414
14207 15749 440
3928 13022 788
348 16104 167
1528 15725 4190
5958 6730 7947
131 1761 4861
10063 11963 9734
2895 5859 6971
3490 10053 4399
686 10556 7855
12975 13168 2625
2795 18814 4171
1218 1840 9726
14626 19497 8605
8864 14597 6932
5664 12720 6584
16299 17185 7630
540 1282 9944
4365 11526 9269
10440 16341 9742
11901 15424 8033
2350 4623 3645
8509 11191 3176
8392 15552 6315
3969 8039 938
4083 8305 8631
8081 8754 7076
1072 10179 6913
488 1107 7545
3541 4548 964
8432 11215 5655
869 4096 7617
1059 1691 4890
14359 16772 4796
10964 12863 5681
5612 9909 7493
7499 14282 764
9963 19414 9786
3667 10561 8933
8900 19765 3549
7259 14263 9972
1251 3103 7419
3961 6058 6479
3248 3740 817
4842 9937 1484
12450 12635 4232
330 9534 7140
319 17064 6171
639 7280 2173
1769 11029 9854
2281 4641 6376
1205 7616 6465
7643 15274 8923
8581 9332 8701
9560 13292 375
7084 9499 1583
104 5646 7427
6700 12610 7850
9970 10698 5779
4817 18222 8225
2063 16149 7452
5645 11824 2609
12835 15595 1750
3453 5376 699
8780 10836 7442
14436 14629 8699
3766 13735 6929
664 6082 1555
5637 13740 6609
8890 16627 5142
4106 12115 1937
16018 19347 9060
303 5093 7852
8347 11537 4423
5754 10368 7027
6426 17097 938
12352 16852 5298
1240 7817 325
841 10919 191
10203 14484 5177
2405 11829 3870
7604 15310 7769
16035 17761 284
10059 13002 5205
15911 17736 2373
9392 10554 3206
1968 14307 6714
4079 14905 2175
9341 12965 1696
8474 8644 5956
673 6305 3460
7823 12851 4424
5477 5803 1963
6594 9013 3417
3704 3841 2370
12401 18780 2959
9769 10819 788
1831 11478 8137
6886 10097 5566
1289 2213 6037
1334 19162 5956
2441 4252 6818
6947 15619 9440
1962 13487 3505
5547 18944 6698
3327 3961 5065
7254 14824 4932
12102 12985 4545
2079 14316 6204
106 8221 1851
3342 4572 737
4522 15559 7447
1291 4171 3662
9649 12721 505
118 8169 4203
1075 9059 8227
4617 12287 3208
1484 10186 4371
4472 18565 7556
6243 14062 4907
5174 17715 5395
7467 15765 5561
1301 7765 5271
347 1709 1222
1369 13261 4784
4221 6184 8217
5099 10367 932
10918 13972 874
7376 8683 922
1524 4647 556
10836 19454 3958
2853 7826 4078
1752 2372 5610
8165 16446 380
6521 9327 2062
12293 19173 2081
7577 9661 7544
1698 19682 7459
3037 12216 5945
2276 10511 3612
896 5835 34
1638 7754 8810
369 529 7436
4650 6306 5321
4359 14941 4749
2580 5082 351
5524 12331 6483
8132 8172 266
16644 19026 7466
307 8854 5590
1987 5258 3274
1886 6144 7548
6970 18176 6459
5566 16065 4037
1569 6424 1806
7268 10006 4551
6283 14237 5490
6034 13974 6840
3615 14855 128
2809 14831 9035
2439 2841 8331
588 14917 3192
1662 4764 5210
4681 14998 8728
4260 12627 8747
11193 12417 6228
5192 10751 4814
2729 4333 1160
4113 15525 1117
1434 17290 4185
1187 3173 739
9054 9151 1942
813 9918 6876
8444 11829 2999
40 14297 1168
2824 7570 603
4961 9071 5357
5712 17494 5057
8619 10011 9444
731 11275 4528
6448 19601 6310
2183 5477 8576
162 15658 3455
6167 8203 9471
7614 11911 8246
3173 8899 8546
5763 8479 418
12855 14551 9030
16230 16931 3000
417 1578 1327
1080 12084 4243
4 249 2000
795 4710 2534
13766 14405 1759
1034 17802 100
906 2856 5109
808 9924 5639
9777 11722 5622
13364 18523 3440
4261 7779 3227
17198 17564 9626
2420 8185 8973
11656 14133 3909
2245 8718 7700
1582 19080 1357
758 14028 6790
6573 19379 8644
2296 2652 3958
13858 17349 8071
7641 13710 1921
3495 14169 3738
4712 12250 7952
9287 13807 1527
2531 8829 320
9903 13065 8465
2928 7878 7884
2668 16347 5164
4041 11423 5147
9332 10863 8014
1454 15487 3308
2829 3921 7219
762 13031 914
2175 15581 9063
5636 17363 5195
879 19625 1131
5542 13844 3053
4992 11280 4621
2635 4867 3522
2664 8768 9045
554 11858 8407
700 2411 134
6008 11673 6547
5362 13064 8678
308 7581 725
7482 14067 877
11571 12060 6415
888 5815 7259
11568 13161 3343
975 5633 2115
7279 14601 4707
1998 7317 3080
5769 13114 5940
7624 9656 216
6899 17382 6834
129 7498 4163
4063 7219 335
2834 19332 3128
5675 13703 196
1702 3723 9527
5530 9168 3108
10742 11211 891
3408 16332 1405
2033 3368 9243
7963 12081 8090
404 19102 7599
174 9056 4210
8078 16081 2239
1418 9483 9735
8674 14340 8562
262 342 1025
6718 14550 8822
257 6165 9738
12608 14671 5491
13010 16003 3745
268 8803 5871
8979 10869 5882
17440 19175 4487
16036 18473 1002
9158 15078 6160
3892 4064 7703
5284 9698 7536
1348 1735 1890
1966 10135 5708
1745 3434 1824
3692 19953 3550
124 912 2366
3969 9363 1300
2146 16078 5703
6234 12706 779
15292 17990 5961
459 4413 9443
15568 16487 2345
4492 13660 4806
602 1494 2555
5559 16529 2053
4883 8773 4214
6158 15768 1078
831 3564 1543
8193 15959 9259
8549 15009 5844
766 13630 5128
4207 18114 751
7732 17957 5311
16634 17923 9147
5104 11398 1744
1506 2651 1130
3822 18846 2334
16847 18299 6498
5796 8954 320
4479 8456 7905
5670 10965 4926
10704 12733 1753
3021 16084 7104
4219 12885 128
2974 3734 1379
2254 11002 6629
532 814 2289
11059 13983 8525
9571 13621 1484
1046 15464 1527
617 3970 6087
9856 15666 9245
789 17870 439
3205 3645 4457
787 1349 4995
16766 18114 9793
3014 3577 6864
15956 18614 3734
653 1523 2753
938 8566 5716
8790 17112 5718
7236 9546 8694
826 1172 2887
2165 10905 3430
7575 19175 4916
7216 19552 8252
556 11736 9451
13135 18272 6212
4612 5479 4079
12556 12760 1670
119 2084 8970
7255 12174 9196
8774 10223 4112
12008 18285 4160
5844 19505 8827
14847 18382 4729
13422 15108 2601
5106 7705 5782
2700 3669 6840
39 115 1681
1119 13013 2420
11093 11150 798
7738 12346 8599
15321 19950 9974
321 437 9743
3902 12782 9311
3177 4782 863
2666 13781 2420
1262 6530 6493
3436 3883 5536
1098 5100 2622
9156 11633 4208
2225 11412 8727
228 550 7265
2979 3363 860
6085 13581 3472
10696 15518 255
893 1331 2572
7309 14396 8664
821 2390 9768
2295 18517 1966
2713 4220 3945
5833 11976 4597
8689 11903 8109
284 433 533
3265 11005 5097
5178 8070 8835
17008 17304 9219
3828 7975 2225
6370 6938 5359
1038 18202 3433
5214 15765 9662
630 8640 4145
1890 9738 1676
9943 11388 4989
4229 9776 8198
4183 8549 6255
472 1687 4674
7121 7987 7501
7601 9841 174
5524 15057 3646
12763 12984 3375
3266 12867 8321
1306 5481 6983
7973 10835 8235
10202 15224 3915
5725 14247 3037
649 17161 750
1217 15253 4468
5041 13373 323
3495 7367 6079
17547 18136 2826
3025 17863 6778
946 4573 7675
1527 1621 8992
1991 10880 9466
8530 13959 3583
11482 15910 5959
4251 9594 9023
1982 11141 6260
5907 12862 9799
7467 17308 896
10222 16587 4714
4974 16302 630
9432 19437 3868
6104 16272 7049
1051 1643 9473
2440 3699 8771
10922 17490 1022
14940 18675 1816
3226 8970 6099
71 867 9349
2108 13757 1252
4876 11608 766
159 332 9260
681 14676 9239
48 458 1786
15239 18725 3185
4503 9362 2730
5660 19305 7435
6792 8342 9875
3478 7220 8804
49 6553 7235
3634 15513 3017
763 14120 3265
5471 10068 8777
16614 18107 813
2373 17694 7159
477 650 8831
17307 19482 5135
9614 11991 2927
3117 14456 3908
10998 16090 4932
3259 7448 5038
3911 8869 6370
12839 13479 9981
2448 13897 6984
10613 15771 2967
5015 16385 8405
628 18341 8335
3324 19506 3081
5652 18296 2426
6248 17114 5685
11281 16762 434
1498 8763 1492
262 352 952
12982 14743 1607
10689 12814 214
1669 17299 2745
10335 14764 8806
1929 4090 2240
9964 18383 4065
13463 19896 1736
4846 7143 5166
326 4880 4581
5997 11527 6806
11001 11395 6331
10057 11550 3204
1952 3358 5064
95 2795 3711
781 3558 9127
3827 4340 7277
5103 14295 3669
7643 8166 8806
2995 17289 1658
6618 16511 5750
255 2886 8455
2680 7566 4724
13725 14239 6345
4426 18303 1720
2363 2561 8843
3709 6107 1712
625 15451 4057
4628 8887 96
4100 5875 2193
7512 15017 3384
6593 10775 828
10527 18651 6003
1546 13514 9237
166 6874 3424
2487 6155 3849
1833 9071 6279
1008 14204 7152
13219 14818 7166
833 6563 3817
12096 16291 174
6072 13702 3596
535 754 4158
11434 13644 9878
11202 19108 8186
6426 8502 6718
8222 12964 6072
2867 3866 2940
1017 1162 1697
1420 2264 2692
5450 19271 2116
7253 16094 2587
8839 11179 4823
14150 17263 8201
10909 15556 8258
2075 13255 9041
663 18354 55
7587 10922 6272
960 1632 7549
294 8786 417
15044 17272 2552
2174 10254 1054
2370 4240 4075
1530 11121 5540
1742 5413 5780
1431 2440 5480
8687 10507 1991
4459 19146 3191
8041 16465 3961
13999 17005 5014
2741 18395 6512
8893 14830 580
1927 12131 1964
641 984 1016
3475 6509 4330
6307 14065 5970
578 708 2308
13269 19572 3290
5497 14611 2910
8916 15417 8839
61 1825 4210
6867 18416 7423
1217 1744 2722
10599 12936 6893
7421 8205 3046
9706 11394 1904
887 13573 192
3415 8406 1534
1155 6129 9163
14180 17011 940
5882 18141 8427
10136 15022 6074
6189 8646 159
6558 8618 4149
12127 15256 3225
2601 10274 3760
4818 11838 4459
287 723 178
4633 9684 2733
5830 15339 5633
902 2786 3449
2166 9338 3350
1713 3119 1779
14938 15269 8967
2815 13975 711
5147 11662 7859
4336 7493 3872
5680 15603 715
8026 10114 2526
3728 10597 1375
1319 15738 1500
11810 14112 7938
3797 7350 3009
2095 10579 5129
7403 14507 3375
6402 12433 587
8376 9602 3021
3533 4041 7569
7420 17290 8271
4003 8374 8916
4969 12550 7069
1059 3273 8716
18414 18875 1590
12016 15685 6705
5563 11202 5641
1660 1741 3354
12933 14094 505
1251 3512 241
14975 18946 2618
6380 13071 6053
583 3882 8913
9858 14478 1785
417 960 3243
7595 13602 9799
17225 19300 8578
2389 2693 576
1391 1488 7383
952 6675 6506
3970 16447 3411
1172 15604 4963
3406 19828 2779
9371 11804 2512
1080 6179 7968
3040 15975 5148
1303 6838 7185
2331 12465 8251
3802 19418 6612
4231 14680 3545
2158 2774 6559
2162 3990 2912
16192 19834 1458
91 2085 8700
2620 16867 6529
8128 9198 149
3226 15603 2781
1018 5272 3099
1756 5301 6005
5794 8584 803
6493 10996 1213
1683 9381 1800
13193 13220 4159
2994 19022 9659
4627 7354 92
983 1323 6250
10779 18425 6529
5321 13452 8502
11925 15569 1842
7829 16619 3828
603 1133 4853
10281 14424 4148
17222 17901 5603
85 5938 6615
7764 9455 5804
19032 19495 5796
8550 19234 5681
2884 8302 9928
4708 11851 9312
14499 16438 8282
10137 14267 3253
10520 14049 6760
4109 4585 119
12619 15322 6977
11267 17492 7541
3400 10239 6312
3142 7795 6610
9405 10509 4048
1011 5904 6943
11123 15804 7604
1143 3311 3271
2190 12576 8238
1075 13210 8984
2844 7393 4256
9955 13964 8091
134 13719 7265
724 5446 8421
4933 10624 4629
6897 16158 5683
6615 17078 1973
6989 17235 1120
2184 2642 8033
10954 19545 1325
4496 9632 5395
6018 6227 8185
2996 19062 9809
130 14873 7116
7396 11057 7182
7346 12879 2662
3556 9980 2731
5001 5048 4595
1585 6282 2020
9826 13797 3531
408 627 9761
4394 5343 7329
6346 6966 6978
7182 10512 6654
11323 16468 8052
12482 13993 2125
10891 11279 2630
1512 18142 6936
6086 8123 5448
3575 7183 8211
3280 17655 4272
8356 18086 2935
1261 14002 9025
11826 13914 8808
2867 5701 5344
6460 6764 6647
6173 12723 1745
10364 14970 8535
2056 5082 7637
210 12477 9223
5093 18158 6077
1860 12102 8309
236 14939 670
9532 10875 53
679 5272 8605
9723 18747 8449
4580 11104 3305
3299 12255 6754
3271 13124 5693
2738 4896 2592
1751 15191 158
13397 14485 5763
6706 9026 5630
4192 5631 3245
1339 4239 1217
11529 14620 4509
316 13348 3736
558 2583 794
16945 18703 1131
1365 3442 4559
4396 6472 1986
11680 11975 3481
11608 18338 8293
1832 3067 1432
9072 19273 2510
6985 13983 3375
6603 17128 4852
477 14179 4861
3596 18536 6852
1834 10593 9599
94 11838 8479
4176 7279 4399
2178 13891 266
4557 6126 568
5379 8691 3790
277 5095 4055
2939 16581 5544
11105 17078 6821
4750 18255 2969
1676 9994 7072
313 678 1676
16560 17226 3825
635 16158 8965
3775 15427 8584
6522 16917 3854
11373 16368 3668
5556 11579 6622
1430 6679 5412
642 733 5396
7566 11425 5220
13311 17408 3196
6882 14064 8951
8926 15177 2013
698 5296 6194
9235 11636 8060
5194 8913 2754
3667 14596 4145
10943 14000 1165
226 260 2390
2828 12683 4748
5156 12289 6929
2585 17782 3107
5177 10810 145
13731 19734 3485
6401 8655 613
1377 5772 331
622 16493 3233
6462 13755 4633
1625 5180 1371
11212 12548 6361
1692 6509 20
2783 7208 6495
10994 16063 9688
235 472 6312
515 9325 6246
2199 5924 4237
2459 17055 399
12996 17370 1606
11602 19898 1441
17044 17561 1730
9082 9352 6021
10605 14877 1347
498 1518 5500
319 13508 9409
6319 10112 955
16104 16828 8200
5845 15275 6465
2688 3676 5825
7011 9663 5214
1191 5286 943
6035 15080 2987
3232 7242 8210
2878 9477 9618
9238 13658 9267
569 6638 7253
11092 17323 1092
6062 10351 4525
2488 16830 1720
2760 3528 889
6836 10487 6250
5932 16254 57
3967 8374 9638
4220 5125 5729
12547 15022 8811
4130 8498 3916
4738 7527 1407
1615 3444 4622
4330 15852 9594
3982 11677 865
148 816 434
554 12865 1053
9509 10241 70
11361 13910 1718
668 1051 4475
513 11966 2863
354 788 4921
2861 6748 8348
855 18466 2359
15145 16184 1300
6495 19205 1323
39 3262 6829
11191 11639 3216
7377 16177 789
7319 7993 1072
1247 18763 8942
8309 17983 7331
3736 10495 3630
6155 6705 8589
949 17446 7695
3819 15280 5689
1329 7139 7287
8599 13129 412
5198 18406 7172
2350 9176 5394
8060 8734 3507
5257 9291 7384
5612 9488 750
5262 19735 2317
9636 19915 6709
755 10704 4508
3355 13518 8755
945 17047 9532
6643 6645 4485
11663 14423 8249
1617 9269 7224
5391 17120 6146
15038 19395 7014
2386 12567 3997
10389 15670 371
1268 1436 4285
586 6331 5553
5180 13126 6295
3822 10655 3607
5938 15816 4137
8168 18714 3598
723 1127 6089
2533 10758 9914
9866 11218 7964
532 17637 8109
16258 18389 1003
2103 19071 2877
2737 10369 7080
4115 14419 3718
2190 2364 8016
6500 19615 3358
3595 19436 6257
10141 11917 9772
10185 19860 9861
14192 17759 5061
3553 11739 7588
9372 19432 8869
14991 16215 2528
5070 14635 5998
6300 10265 2292
720 14188 3527
5933 15165 7855
11560 15702 2756
642 702 3774
12316 18099 6861
1921 2884 8373
17204 18600 7860
5689 8132 2022
7970 10576 4177
4844 18914 5042
1737 3530 8436
479 1383 7987
4957 9999 1672
12861 17038 5563
5080 7610 3271
2619 13682 5028
6641 9023 5639
3051 5764 2071
1836 18433 9605
10765 12160 3306
3139 10594 5299
7756 11042 6686
5207 8851 5522
2802 6850 4080
479 748 1880
820 17175 5404
5514 7671 5757
10009 19575 7034
916 2062 6473
5210 17552 926
12541 17008 8452
12486 17922 6855
8426 18601 8869
4283 16503 653
1017 9538 5023
2345 18490 8224
540 697 4136
5071 15257 8132
6597 18175 8943
10189 14574 2965
12617 17748 668
1056 7415 3694
379 10926 7684
4504 14735 2224
7041 9244 9855
6033 6126 3430
1437 5319 5135
1092 1288 1574
9518 13113 8988
3784 8566 5455
14779 19252 5830
140 1948 7597
1602 16784 8175
8570 17542 7897
4850 10812 8646
15938 18184 2142
8905 13012 4367
1317 1430 8297
8993 13584 213
6707 13491 584
11777 12787 8374
5549 6302 7212
3343 13457 2953
6915 12808 3249
9136 17729 1540
12392 17432 3289
6893 16928 1144
837 6122 7529
12504 17989 3551
10049 12796 6291
5642 8239 557
9902 18956 5858
595 18195 7257
2144 12072 8403
518 10625 1352
14077 18583 5055
12150 17847 1474
3647 4469 9449
4833 14382 3974
7118 10817 7158
2163 2331 763
769 17055 8724
8378 13305 1144
12554 16550 6211
2031 10780 2502
18836 18903 3376
12264 17785 9449
2934 18079 8345
5395 5820 6192
2968 12575 7022
8576 14653 4533
2671 3326 2109
12516 15458 5760
9285 18463 5057
10693 19805 9109
12975 15465 6601
10928 17216 1913
2029 6570 8286
6174 17850 1459
9154 10178 6368
382 1044 3831
904 5248 4182
2427 13044 1823
6109 16254 4158
11288 15783 9693
4305 15580 8378
10121 11698 6976
7714 19443 7064
7821 9433 5926
17297 19931 4354
10081 13503 4428
6586 7282 7587
13083 17811 388
10781 14810 2749
788 13507 6875
10704 14347 2899
4760 13971 5409
6875 12164 1729
14480 19250 4775
10590 15011 6571
8847 14083 1417
6483 10054 3278
11475 17772 1243
15103 16716 1437
18738 19546 8150
15422 18897 8066
3333 4633 3008
6167 12622 2769
5483 15743 1285
79 7692 2974
7048 9597 9175
6223 15128 3790
8514 10576 4832
862 15388 9143
7555 13231 3631
4631 11346 2348
16530 17618 8900
5197 11136 5842
4973 6658 2429
2411 6568 1075
1059 10534 505
7775 19269 7648
1235 8019 8721
4845 10131 957
1759 13942 7249
7780 13034 8340
12041 12740 1123
2721 13522 7223
14070 16831 7056
9108 19604 4457
9638 19850 1132
2725 8592 7471
8509 13633 4777
14660 15753 821
10696 13558 8167
4910 16255 2786
11808 14564 1414
3724 10676 6273
12312 19284 6148
6184 16393 8123
10622 15007 199
890 1099 4688
982 8155 474
3103 18723 7946
1346 16252 7507
107 117 4925
4512 12511 6671
3709 10853 6640
4437 15499 4669
12468 17754 482
4672 14863 7148
542 4779 3540
3392 4004 7668
668 3301 2493
4527 6716 3863
5130 11037 8797
11847 14052 7257
747 12392 3188
1012 7637 7596
4354 9668 2103
2553 3707 7549
13339 18728 5043
4209 9266 1848
2346 12809 1127
7895 15982 9020
2885 7314 5595
5648 6630 3322
15065 16232 8961
6607 14252 6759
14508 19687 6770
3944 10299 6953
3711 15441 216
13802 17440 6109
9032 19826 9898
1015 5790 1992
1137 15876 75
18705 19189 6666
281 16908 7112
1973 9171 5084
6437 8228 1922
392 3476 3647
840 5491 6106
2507 9529 3266
1318 13369 2930
14224 16950 3132
15244 15550 4310
8114 12141 2575
11598 18080 1335
761 1009 1786
6574 13486 2592
17717 18038 9273
635 15324 1036
13306 19623 1646
4046 5207 6033
13571 14020 1165
1857 5684 169
67 15619 5023
16285 18866 6716
1132 14294 2429
3347 11288 1037
6 11318 2383
3887 4118 6545
16 16104 9014
14542 17200 6730
1588 3758 1132
10829 12159 5041
12488 15995 6656
2059 8533 6624
2540 3002 2831
4859 8562 5715
2959 13930 7593
2870 8150 2158
4512 7317 7029
13298 14236 5716
16165 17344 3544
1167 5022 9704
3256 16603 6727
6133 7697 2254
128 480 2859
6046 15755 1626
1244 8976 5999
403 19445 5278
7883 9962 8088
8742 10274 188
8 17140 8124
1014 3742 3508
428 6916 7197
6359 12088 6061
9918 11469 8934
2147 2520 6624
5148 7534 7633
14947 19789 7435
2269 19190 3061
1453 2486 3438
7989 13775 8240
1200 1353 8916
4882 10142 2838
8632 13471 9881
7699 10484 9630
2987 6249 1901
8288 8769 6686
12714 17863 994
486 6746 3500
6448 17157 3768
1033 4504 6148
9522 17384 288
845 2568 4913
5601 6615 6254
4205 8195 4854
2753 8541 1558
490 1658 2245
1897 9568 7195
6019 11998 1011
595 2595 3565
788 5927 8991
6122 15305 6733
1520 2484 9271
7526 12349 8023
10148 13843 3656
510 2801 8926
4755 16140 3478
74 812 2538
2921 6728 7668
5486 15218 3652
3494 13424 2673
13031 15657 2068
8248 14091 7857
1946 15851 3707
4402 10628 6561
3078 13212 705
961 10551 241
815 9639 8915
5752 10696 9732
1237 15329 1164
116 470 7865
4666 12406 1131
9587 14047 9146
5624 6631 988
12723 19922 6513
4631 8136 9793
9971 12436 6267
6231 19790 8007
2714 13858 5833
4109 7015 6475
1235 2405 1784
7736 19459 5788
6938 19695 6695
6798 8161 6498
13677 14639 7863
2164 5857 7317
4181 18427 9257
2326 9249 6858
1387 16446 2432
4049 5197 396
2559 6939 8711
8258 8810 6561
3367 15336 7689
11763 12519 1766
11770 16017 6579
916 1516 7653
12306 15020 6947
127 15932 4021
3357 4806 1899
424 4877 2585
9204 12596 8281
8324 8559 8548
4385 14670 2639
14834 18962 4570
1098 7597 8706
12174 17491 1073
16760 16991 2319
13279 14982 33
6359 18296 9170
4452 19602 1573
1097 6815 1301
2199 6764 3435
4546 5580 1963
2910 6162 1946
409 3227 1560
10 47 8732
8798 10281 3515
8208 8808 1624
3499 10130 4337
5180 18683 3653
18588 19878 8861
5210 12313 3409
7405 7659 1684
4158 17109 4282
1235 16193 266
6739 8534 1337
3766 18036 3275
6862 13674 4020
1242 2011 2190
15345 16396 5935
7387 8261 3873
2549 15085 7564
3765 4192 313
42 156 7672
3751 10495 9770
4527 18283 3854
13137 14551 9864
12751 16688 7229
8123 16144 225
3425 6042 9488
11598 15531 7783
11891 11979 5701
156 1568 2584
4661 11798 9732
9930 11522 5685
5772 18924 5024
9580 11850 8979
5228 13518 9157
4242 5068 834
1183 12153 3566
10908 13659 7852
6231 7167 7127
2522 5905 1171
71 712 7109
3564 12189 1968
4318 16250 4386
3360 19819 1148
4781 8848 6499
3738 4431 6428
11125 12584 9330
73 5328 7562
2438 3571 2866
90 11911 5467
529 542 716
6939 11051 591
12932 13852 5336
14467 18510 6068
1164 3332 9330
7111 16605 2177
3184 8480 5447
6373 12254 6462
15934 18601 8694
6250 11739 1751
724 9558 1244
1785 3912 2544
1478 11152 648
2669 9549 4068
2500 6113 5276
12879 14582 8628
2839 10605 686
17525 17841 1779
2461 4613 9592
5711 6894 1531
603 3846 2725
152 15170 9718
8102 11116 6560
3215 6355 4443
4675 12600 8075
1044 5136 9311
1327 7754 1152
3892 12501 7021
8713 10982 9550
8027 8166 3332
5241 19410 4242
6946 8150 6718
4739 10062 6652
11965 18373 6095
3199 3219 3484
4752 16870 3622
1591 3647 4639
2371 12297 2248
12439 18450 5415
358 549 5716
1102 1605 8175
1199 4571 1725
1625 18830 334
1113 3923 4515
9220 11279 6480
3616 8356 5561
59 6928 7394
7617 10085 4669
8757 16489 8182
799 4067 6363
6427 12005 7002
2956 6949 7431
1947 16859 9070
9722 10192 8346
10298 18524 8505
997 2842 9512
6838 8493 5266
6148 19602 8765
2622 12957 979
9950 18111 6458
2634 8537 8305
1438 8631 7305
15210 17296 3824
3597 5059 2696
16 103 9016
8102 11058 7132
12040 16996 7244
10972 12725 1968
6558 18782 4283
917 12586 9586
5292 17925 5045
16065 19797 9759
9558 19334 4669
8078 9976 4840
7804 10755 4960
6333 10316 9526
3601 9736 6636
100 891 8508
11361 12406 7154
2073 4064 1993
278 933 2583
3935 7865 2361
13172 15418 5355
634 3739 1871
16896 17829 4847
6266 18566 9613
613 18862 6773
8627 17850 2861
1336 1502 5422
131 11554 8178
1783 10514 9322
10570 14226 292
6763 12810 2102
4537 13623 4178
13235 13583 5842
4404 7409 2365
3204 15945 7012
188 15381 5966
95 239 8870
10032 14886 9654
8547 9713 9592
2361 6750 8244
9475 12472 3479
9305 11763 7667
1661 19628 8466
6950 17154 2573
2237 9810 2847
2173 6045 7084
785 5213 4004
2917 16884 1923
10177 18599 3582
12995 19592 3739
6292 8917 6438
3910 4355 3639
13712 14576 2886
147 252 4501
10985 17139 7106
3868 10209 1866
552 3847 8124
12759 19727 1657
2940 4874 4677
13222 16834 1838
9030 11388 8331
3765 19429 1730
10047 15486 9562
1625 1780 3095
689 1053 4333
927 4539 1010
4406 14466 177
1015 16041 4154
903 5356 619
4370 9415 6451
1822 14750 7542
13820 14219 9000
2756 9013 9369
4226 12101 3422
5385 16798 606
94 102 7755
9186 16802 2136
120 10048 3094
2738 13887 870
14410 15575 7111
12559 13168 9672
4001 4620 8472
11635 17510 2437
15780 16309 3908
3503 17138 5937
1096 5088 6565
1339 6860 3061
4007 11443 2914
1041 2093 5687
8107 16453 9405
4022 12202 7511
9547 11041 7879
1820 6778 5466
8533 15378 196
6332 10383 4692
9518 14973 4830
2301 18973 1949
4669 6406 850
2275 12853 1748
7415 9841 4485
16614 19899 1272
12986 18998 4653
9680 18989 3319
1338 2603 9080
3759 17362 8276
17131 19638 9243
824 19129 8237
141 2245 3132
1121 3751 2437
1542 17262 2024
5354 19000 6958
7150 17871 3921
77 1248 9634
389 4421 9008
6742 17071 6657
895 8376 2458
594 7207 2143
5970 9208 4193
13535 18556 7321
2497 6731 5941
6191 19157 8024
673 4390 4072
930 7895 4241
18762 19589 9468
2775 14875 3417
6369 6919 4412
1798 2915 3840
1021 14851 8639
9050 9516 6942
1713 15417 4392
3038 3298 4794
438 10147 3026
15408 17214 2592
490 4397 8883
2071 2734 4144
16409 19904 7214
12267 15194 3884
9709 12340 3649
710 2284 3267
1139 2179 6314
306 19486 6005
538 2765 6913
8511 9236 1
1831 2384 2392
4082 15671 5007
1459 10435 4519
509 14440 4973
16718 18110 274
3013 19422 7286
10716 16087 9931
9640 10428 7758
5276 8810 2260
564 677 3178
3893 7239 1987
15532 15817 3636
3912 7351 7869
36 1736 1674
6730 13195 2948
6071 16576 6734
659 7359 2100
6403 7424 1786
265 5094 2384
1541 11118 7525
859 6217 2704
6770 14381 9034
3290 5970 379
15229 19571 9442
7515 8771 1662
1323 2681 395
7319 16362 6161
5242 13412 9959
11594 12476 5216
7260 7846 2909
2821 15237 4904
4864 17753 433
9695 17253 1338
1062 2839 4423
5130 11369 7050
398 13526 8810
8256 18145 2611
5976 17350 3260
8203 12288 6761
8703 12105 9601
13237 19679 3954
1247 8990 6563
4620 8247 7622
1925 5325 3982
10598 17602 8998
612 4810 3680
5696 18831 5922
10065 10633 3211
8599 13358 8829
2563 15636 3550
9666 10067 8854
2532 18122 9938
5216 19456 8055
6671 18757 2763
1013 18875 3377
2607 4301 8519
859 1140 1402
8788 8930 5265
6866 13738 8112
1854 2945 2058
7271 14478 4187
677 1692 7743
1427 3624 3274
1872 19931 7887
5203 6799 1053
221 756 9733
15420 16772 2120
1393 5367 6742
7490 14516 2572
3490 19581 1699
2211 5827 1706
17736 19570 2833
158 7194 4697
7 6594 4390
357 4857 9657
3361 12840 8622
6562 12291 3332
2524 12940 2926
10205 17369 8627
6453 9606 712
4893 18770 4980
1928 4454 9752
10601 19847 7136
3 11054 1987
9247 16545 8030
13808 19753 1485
3660 9261 2974
9581 17277 8330
10098 16117 7686
3929 10324 726
13849 15845 329
4101 13508 1968
391 12069 7195
750 1489 5484
12043 17767 3525
524 13076 96
241 15889 6932
5587 14565 5050
1062 1167 2850
2779 3099 5088
4466 14689 3802
11666 14812 325
6109 13198 6280
6841 14120 8090
3925 9153 4229
4357 8790 952
16993 18738 1612
1278 2439 4650
3900 18027 237
2506 10425 8722
5476 9125 6445
3375 10022 1844
13024 13800 9051
2589 18538 2235
12148 18387 8279
3950 7308 3392
13234 13668 5073
105 16846 8112
11642 17636 7928
16391 16709 3747
8428 15688 7787
13365 14044 3447
1742 9872 458
10608 18698 2186
3933 10012 231
10444 17170 2786
501 4957 7648
730 8707 5968
7784 17825 4216
11401 15248 1457
11103 19608 1203
2292 2294 339
4122 10807 989
3995 13263 6321
10233 11309 8457
5694 6645 8174
4423 18728 8625
7326 11464 1699
13596 14415 8965
11267 12858 4076
3265 10241 8829
18784 19287 9868
6268 7957 2852
2396 19042 6260
2998 18995 6161
7649 15543 6112
6587 13311 4016
5187 13087 1294
3436 11879 6660
14307 17451 912
868 1977 6728
11290 12836 5380
3824 7473 1722
7517 11535 5726
4732 9201 6806
2832 4521 11
9502 15574 9482
49 3792 6525
9161 11108 3968
8709 19996 1001
4239 14684 1815
1761 10362 224
10571 15655 6515
9955 19930 9458
3251 7549 2302
9853 15339 9460
1 3671 3914
2589 19310 9244
589 931 3982
539 7401 8945
11774 19192 9193
3497 18216 2726
9967 17398 4610
1683 4007 3252
13256 18760 1639
4926 15704 1935
2597 12650 9622
580 2158 9431
5978 10855 7487
1463 7620 7745
70 7508 7804
855 14354 2696
7681 19446 7259
5235 5636 9143
6293 14910 8
407 8074 2974
1875 5597 4954
8463 14727 1893
15552 19286 7487
1446 6620 9148
548 809 5181
271 12279 2069
6920 8137 1199
11147 14194 299
3602 17321 1996
8283 13632 9018
6032 14928 510
9962 14838 6068
1747 14818 293
3052 18715 5501
605 1166 5472
5561 11257 6007
410 2071 2358
1355 2631 4411
4464 13599 3607
6558 10161 6841
1329 5901 6829
8245 18939 6285
156 9436 2220
9922 14104 7599
11219 18706 6420
1485 8894 1957
629 17437 3983
1749 18455 665
534 5309 3717
9491 18401 4935
319 10481 7636
17175 18338 1007
7532 18519 965
3160 7039 897
471 16910 2426
13366 13907 8622
8280 12265 9052
5968 17162 1224
5697 7346 4485
8683 8754 4063
3381 10647 7006
4917 16230 5092
4404 7150 9498
3967 8359 1575
1113 7634 8295
960 2997 620
13447 15001 6418
12530 16978 384
1701 2023 7525
3112 3378 3796
4030 11324 9656
1524 9894 7017
972 1109 2298
3371 12934 930
320 4724 7138
1185 5905 7365
3609 19943 3604
4885 8299 4751
3789 16303 6430
151 449 8495
7584 12591 3828
10648 16089 3912
53 1082 5841
6782 10746 5865
7244 13707 719
5056 19991 4142
15332 17954 3958
1187 1371 371
14616 17723 9605
8543 13160 6605
7620 15698 3110
1020 13588 975
10186 10895 5129
1616 11060 4333
7432 15847 9830
6885 7987 7288
3694 4545 6133
7577 18082 1321
11902 18747 528
13301 13871 111
1133 3366 2181
59 769 6116
4135 7509 433
4530 18057 9287
15935 17457 6217
11350 13806 8846
3290 9196 8802
8768 11734 1227
31 18744 8244
2116 11855 6943
7908 10474 5499
2015 17642 2503
13061 19375 1380
3033 13356 965
9520 19693 3792
105 872 657
535 15344 3772
8086 18249 4959
11343 14935 9820
2846 3280 1859
269 2242 5144
10985 17478 5243
1973 8728 6037
4224 15176 8505
4175 14172 9796
3694 3710 1088
207 2749 3320
1278 1894 1358
1857 7893 2796
2785 7984 5226
9151 11020 3781
1716 3564 1512
8656 16404 6435
12912 19240 994
3594 8279 656
7494 19436 561
8556 10711 1409
4299 12665 7443
5045 15981 2385
9407 18863 1633
6 2419 5701
2057 4099 3459
146 2901 8470
12283 12343 3564
725 1211 3507
12275 19245 2662
2311 12995 9852
12714 13007 3580
5971 14593 7926
10606 19931 838
623 18242 893
18133 19240 5094
12901 14836 1840
17094 18531 5502
2907 9445 7419
2980 11445 3244
9854 13099 3932
6282 11632 940
472 18420 2835
1463 17771 2554
1235 9688 669
605 615 5253
2369 19110 3362
5102 13617 7307
3549 7927 2154
12903 17426 6402
635 6135 7682
97 1554 2770
814 1609 6387
1972 2873 5970
3397 6343 9604
11006 11913 252
9352 14793 906
8617 14251 1170
373 1013 9152
5894 10283 4091
6084 8175 1610
102 375 9601
14388 16390 1208
511 2568 6042
7154 10255 5598
635 17172 2814
3491 13341 5014
6469 9056 7135
4281 7675 6445
359 14902 4964
11319 17811 5168
134 19762 1413
2789 7698 9638
5102 6708 1296
586 7992 451
3517 7603 3425
2853 7873 5935
512 4726 8244
4757 6442 858
2231 2708 4234
9130 14638 2627
879 3536 1476
2376 10065 6950
5530 11346 632
6006 8266 800
1743 2009 8760
2437 10950 1919
7653 10978 6272
663 7907 7828
1203 9927 826
14127 17246 6892
957 11537 4155
641 10216 9029
150 1335 4693
2177 6596 2000
9071 17695 7907
7855 10988 2177
8761 9239 7178
3 41 5815
4782 13433 7045
9815 16170 1410
9048 13062 1586
12614 15483 5698
6557 19507 220
1075 1821 9986
2696 5609 8375
5378 11676 6337
9618 18684 773
2834 6307 6248
9869 19037 5937
3426 7216 8879
5100 12330 8757
6592 15354 1097
1216 18003 7900
2272 11237 9413
8391 16368 9446
2928 9702 1408
10507 12110 5870
5431 13036 5940
2106 9416 5219
3752 18388 7509
3981 7593 8282
9917 13566 5754
5883 10231 4885
11594 15678 4787
5278 8476 3255
397 402 695
9623 13226 805
3355 5616 9132
2420 4951 1708
753 5766 3042
1121 17188 8011
1282 1795 7300
6930 16887 6530
9195 17308 7365
5862 19402 5283
129 150 7623
5986 12569 6340
3216 18724 5661
10447 15756 5402
5008 19785 4716
1868 1935 6419
4129 16110 8643
13074 13411 511
4166 19989 973
3051 12250 5375
5892 19471 1512
6840 19856 3036
5823 11450 9091
6522 13367 2387
4051 6043 979
5528 9063 5828
7482 12488 2070
15820 18326 4791
15860 18597 719
9022 12317 6320
5658 17985 3558
1124 4071 6537
3744 5501 3534
185 18110 4085
2383 12062 6494
863 9021 9555
1188 5109 6872
4681 4966 7900
3841 11070 4395
6948 16170 4512
2415 9394 7169
232 6671 9152
269 7700 7970
3981 9629 9508
170 3418 3610
2721 3574 2985
10145 10389 4878
1811 18372 8019
10027 19585 8542
8795 14561 6247
5130 10729 1299
4737 17568 5376
2269 2658 8167
2769 15068 3272
11416 11929 6270
201 7970 1252
1663 3831 9435
274 406 6398
16539 17517 976
9253 11779 3737
4160 7268 1663
2372 15456 2454
13602 15134 8703
13500 19643 5390
3720 5123 7375
398 832 8712
6130 11853 3855
1047 19440 1827
797 9863 6023
4571 18142 3056
12656 17051 6138
5720 16308 3275
534 19542 623
2685 5949 4690
3395 7937 5802
7947 10656 3848
8011 10934 3255
1057 8500 2094
2308 8767 7578
1426 4265 2610
4641 6203 213
13875 17751 592
8560 17937 5268
1623 10313 3311
3448 7268 1636
7110 17965 9221
4884 15024 4589
13243 17560 1467
4358 7168 6714
5086 5219 1402
9991 10615 5120
4351 7553 2084
368 6770 3354
15032 16731 1954
2461 17201 2417
3589 19567 4834
3717 5979 8823
909 6457 9410
5333 16588 7457
16319 17831 5288
321 2570 2133
12314 12795 8670
3866 4988 6398
13651 14799 9388
145 11492 5245
3940 15358 2236
712 5126 8769
12792 18747 7466
1166 8525 5002
179 2159 4330
3065 11297 2468
1876 6151 819
431 6226 7954
423 2343 1379
8778 9741 5461
2583 10809 1621
15087 17911 9274
2024 5819 4612
7800 14759 9486
1298 4902 3765
3949 15460 7738
2180 5870 7522
4643 8561 9373
9327 16153 9139
13897 15699 4379
5162 15818 8827
51 191 9613
18234 18669 3024
13731 16193 3559
1087 8759 3799
41 7077 9396
9591 15111 6182
6815 15325 4925
9111 10876 3606
170 4686 4186
14277 15243 8946
8989 9549 3090
2612 12672 1105
917 18012 9589
4549 14362 5363
1204 15460 5970
16586 17578 2779
2793 8957 5810
12525 14665 2184
2293 5454 2062
8647 15640 6786
1416 2238 2800
2696 3168 509
4512 16025 2929
3205 10716 6169
6933 7763 6746
8545 10678 7314
5062 7896 5977
6823 12723 2160
3047 5897 4886
14 36 770
2239 8651 4882
5575 10703 8014
5836 10410 2617
3053 12687 798
14951 16073 8963
4529 9796 8950
10174 13567 332
1039 9045 8013
9996 10140 1294
10555 16325 5046
2425 18346 3357
5296 19731 1055
896 1149 2541
2245 4284 1459
2147 9025 3949
3305 7120 448
1245 4404 9817
6026 14639 6367
3066 5886 5075
9286 11011 6706
2609 15830 1069
3883 4888 8940
3627 4182 242
11665 17470 4263
2093 10659 813
2070 6946 3572
261 11513 9492
1353 18444 9887
1241 12932 5113
3284 15416 2415
6643 9144 1498
4097 11803 237
3760 7026 8638
13886 17285 8713
1058 17723 8118
1983 18835 7808
6485 17740 8683
6397 19244 178
3894 9578 8794
8642 19837 6887
973 15896 3165
9690 18372 6708
5727 18172 506
1360 17501 1245
3486 14510 3901
5893 14139 1689
15943 19017 7536
4907 14690 8731
4026 17941 2249
9887 13240 1742
1888 14184 6408
2406 19606 2803
284 10942 4729
13035 14187 2400
9687 18458 5259
8699 11693 3539
1187 14970 8859
10486 10736 861
16472 19093 1444
2883 16056 8536
5017 7180 8265
9237 15291 1602
2172 2796 3457
2841 6672 5421
2742 3085 1206
3087 14398 7154
368 1196 8870
6 50 503
3139 18128 3733
572 942 850
4284 6257 2574
4750 5495 1610
6196 18052 7555
9889 14564 8852
7262 8657 7637
10813 17972 3712
5492 10667 7535
14741 16284 6695
1925 13120 8476
9646 15368 2800
12497 14663 3026
6914 18475 2865
4356 11521 9482
482 3926 7848
3369 6055 8142
1447 1854 5125
3514 19128 1676
7736 18897 7285
7546 12200 8339
11950 18149 8540
7462 7934 7691
6462 19621 6177
12845 15561 8413
3961 5089 7370
17481 18938 4390
3101 5709 7697
1633 5120 5869
6840 18635 4269
5699 9305 329
12320 18837 677
14611 17398 3570
1918 17603 8333
5296 17736 760
5855 9765 4291
6872 7699 1815
5706 6564 3898
4984 12269 8528
6051 6543 9824
4363 5350 5352
11546 12204 5593
548 13764 9951
10532 12132 501
14086 18103 1396
8506 12646 5238
16154 19076 217
5176 12519 266
912 5231 3534
10472 10556 5255
13129 16318 5505
12277 15769 5905
8200 12480 3169
14635 14984 605
4689 16188 6027
7441 17424 8043
4099 16803 2661
15775 17847 5196
12621 13037 5294
2099 6400 3602
8795 15750 5304
5 7 1806
8618 11573 414
3804 13736 7849
3293 19806 6187
1842 6500 9769
375 2070 3089
8680 19566 8412
3040 4256 1011
5328 10937 8168
223 513 954
11154 13090 105
11034 14969 6639
3227 17896 7755
4843 19600 3512
5503 11429 7253
230 780 9433
8400 15930 8786
98 170 9905
5868 7477 7438
6840 8328 674
2616 8953 8645
5997 16291 6335
14094 19573 9369
1654 10206 1887
5453 7111 5733
769 9802 3564
5201 7452 946
557 9383 6137
6340 19115 9269
11556 17008 4933
130 1459 2865
3596 4217 7030
9926 12504 4797
11075 17379 6865
3623 7102 7291
5926 15456 2081
1403 19498 6130
7472 13625 8310
729 3751 3375
1330 16448 4898
640 1475 1486
3167 14323 1882
1446 17408 9444
7408 15339 6001
900 1068 5850
69 10162 8387
4779 19903 5236
5582 19291 8386
5565 10779 6089
5150 11941 6956
1183 1860 5904
9675 17049 9996
527 5276 8202
3136 5475 5146
4196 4411 2037
11993 13893 1952
6773 17512 9453
3947 10468 2693
7867 19830 4247
4639 16847 6754
3677 3695 167
6084 14836 2307
3220 6660 1277
1269 11069 2371
10491 15762 702
1018 1173 8373
861 8946 4232
1099 16007 8361
3198 4513 9135
15870 19002 6184
4480 5308 193
5224 6161 5154
4579 13428 2032
11040 17666 2431
9982 16864 4124
4010 14893 5907
2763 10400 9573
3578 4463 7257
2221 16919 8284
6473 17417 3703
16290 16576 9635
9712 13142 262
7582 13311 1332
132 5637 4811
642 4760 677
580 10380 4512
8096 10615 9478
15280 15610 6266
3746 17569 931
7236 9610 2177
337 19058 4483
10656 17777 8054
2198 2270 8506
2498 2936 4335
5024 11322 5575
3389 5647 2029
12875 17697 318
141 2591 4130
4314 7291 882
69 4710 1503
9540 10939 1101
2507 13011 6399
3419 4938 6188
2783 13052 991
4674 7895 9349
16274 18134 4407
6150 19561 5692
13146 18925 8371
2999 3235 1002
1332 1529 202
33 450 7868
4561 15414 696
12793 17518 5324
5287 6727 1137
1635 1734 3877
984 2863 3185
6018 6893 7649
2638 11867 7915
464 2621 8079
9563 16709 5779
7811 19113 1583
9515 16925 9854
1971 7071 404
172 215 3875
2187 9562 161
5708 12051 9125
6120 14899 187
5454 16669 1617
11131 16717 7209
5914 19675 6852
2025 18384 3077
12802 14037 4248
1160 6290 5217
504 5017 2922
8768 10085 4714
5900 8135 5636
1724 6739 264
878 9552 9073
1097 3070 4421
8597 9805 5950
1852 3416 7882
8684 9444 4431
5300 16086 780
1861 5210 1524
2104 11032 4399
1524 7949 9638
148 10828 1912
9511 18974 5188
7750 13924 8633
6561 10601 2029
2590 15981 3190
2508 11638 7967
1781 4525 6458
1242 2914 7041
3422 15442 1271
1457 3899 2632
308 543 7450
1095 5721 6655
314 5450 6770
10495 19873 4686
3745 14101 8593
16593 17381 9318
9726 19231 65
3045 8305 3795
3158 5176 6709
281 14168 8641
8902 14421 2485
5858 7431 8827
17097 18316 6061
9515 14166 7659
3117 4266 4630
436 7631 33
2662 7453 4478
1339 15534 1108
4719 9611 597
4961 9282 7126
846 10129 6043
419 749 10000
4588 19976 2600
5432 11500 1542
11138 13155 7606
9269 14819 2892
4178 12013 6305
9849 14126 5981
679 10621 3282
677 2215 3082
9648 16449 6023
1039 1347 1561
929 8224 9824
4205 15266 8358
1345 2206 4946
10930 13154 8071
8249 15693 2341
3457 8125 8905
1730 3318 6328
1812 13994 4284
213 1245 1626
9208 12452 4561
6495 11890 9689
7257 12080 6939
10296 17816 8922
2218 17389 7803
3000 14692 415
326 4468 7329
308 5740 1410
8095 14983 9170
2217 4386 2036
7658 8473 8254
316 829 6483
5217 6616 1519
461 11521 5575
3876 19850 8813
3383 18637 8916
2833 5395 2616
1684 3580 4475
564 18509 8175
1071 7718 7010
3943 5360 9303
15001 18393 1942
3193 3719 6437
7841 15219 3266
2009 4534 9838
4622 10021 8888
6404 19496 4124
5294 12041 6551
1115 6445 5915
13 2044 2028
1237 9099 5532
147 11446 7679
7373 10923 6438
1614 3794 3086
10405 18556 1213
3670 16742 8226
5770 16300 3508
3850 19412 1420
2431 8173 8832
2659 6936 7018
4551 10912 3103
1239 1380 616
10746 13459 9808
2029 9766 4560
7296 16914 8845
12376 19402 4037
1175 4258 7609
6879 12774 8193
6146 7794 4396
1388 2707 2714
525 972 5511
3488 4202 2731
5855 6309 6271
217 1531 6486
8455 13076 6273
6783 7271 4919
7922 10175 225
3472 13704 2012
2457 18566 2894
15410 19205 4209
18010 19730 4089
5115 14444 1574
5320 17775 8988
15920 18459 3288
8552 17422 2529
16837 19396 7913
2572 14440 8869
1438 2921 2202
10122 18379 2410
1848 4926 7126
1157 15430 6930
1461 10930 1942
3083 3338 2107
12200 17343 9864
6010 16404 9246
8806 19183 6960
2753 7963 1944
129 14326 2670
17326 19540 7144
15106 17286 6331
5813 12324 9233
1976 8075 1067
2083 14898 7783
18085 18523 4166
2366 7187 6306
3490 6087 6772
2567 2808 6006
2840 16283 9599
6964 19756 4302
5709 6531 3467
166 5559 7869
1247 6929 4148
8954 17994 1031
2690 10987 9969
6267 12400 7593
78 271 8628
14084 16949 5231
4634 8100 3601
4985 8312 9634
265 525 1922
9669 14958 6831
11326 15927 1808
6382 19965 9219
5633 7046 5594
11754 12754 9727
12640 14269 2127
6015 17375 9579
7127 19504 2696
689 13048 7993
765 15220 4917
7457 17824 6132
1314 1664 243
11888 17731 608
3880 6243 2288
1486 7246 1048
15556 17386 7512
266 13424 9862
120 8316 2727
5096 8465 4071
1187 1946 5013
9180 13684 3646
11784 19212 4979
16491 18009 7610
6858 19809 9431
1181 16118 4672
10747 13033 1623
2724 5871 3894
3820 18862 3221
7497 11253 9606
18300 19889 2713
14737 14845 1997
10620 15206 2063
5792 8984 1935
5937 10903 4421
433 13783 4099
12088 13294 9099
10400 19981 1004
6845 11654 1749
8021 18081 175
468 3629 4788
7008 19247 3709
5330 7028 9222
16466 16667 8832
1100 1119 6007
9199 18410 423
7777 8202 7659
3098 11856 882
3999 5673 4284
2119 12437 1066
4369 5381 9901
5297 10256 8477
1468 12791 1508
3120 16657 5657
1512 14923 6093
4598 19689 1868
779 12468 8107
4512 16920 6091
4203 9034 1347
7562 17939 9865
3015 5457 5318
460 14209 5013
2132 5553 2585
3599 9368 3873
1537 16675 7999
1743 2566 6215
351 4731 1735
333 693 6981
2767 7702 8807
6855 8306 8004
6932 17869 7483
7044 13796 6275
9308 15979 9375
2830 15789 4191
9924 15308 8239
5871 14385 189
17387 19558 2062
5917 6488 3067
11180 15987 8894
8914 12551 2855
7901 11413 1895
3837 19400 7943
1607 12238 7160
469 16015 7219
14713 17083 4477
10194 11715 8436
8455 18050 182
16858 16873 7449
4208 15149 254
16884 17710 2529
4101 16732 959
5317 11335 7252
13324 13862 6770
13816 19900 4018
6415 7768 2565
4447 9977 3081
552 4498 862
3734 14726 2589
2291 13710 4499
1580 7551 2644
1677 16907 8813
12780 17768 3010
6871 12345 1814
0 1 9191
7060 17734 4995
4061 13300 4394
2603 8028 7463
2209 3764 8179
4276 11757 5133
6666 10766 4032
6155 14632 5028
1649 4434 1528
550 2671 9741
1421 18488 6512
1024 8013 1197
13231 16141 9799
11378 13006 6177
8513 9906 7385
15673 16435 1207
1772 15927 2674
1522 6145 6221
588 8578 4388
171 10335 9768
2567 8833 7732
6925 19870 2364
7457 15106 5469
9861 16036 3609
348 2136 3471
7698 11762 8500
1283 10831 8103
4622 6851 7304
11574 16360 3686
5115 13246 3542
343 15548 3745
679 4226 6125
2747 10480 7288
703 6078 2210
16079 17525 7711
16438 19535 1304
8630 11815 5074
698 9967 9117
380 11489 364
603 2346 1156
104 1018 4828
6854 19923 9761
12261 15295 9204
4619 6412 4223
7571 10642 3228
295 6246 6940
1160 11907 4225
2508 5515 2273
4007 17748 4248
3807 16426 4941
3296 11827 5397
917 5374 7303
548 2182 4084
3313 3922 1916
3201 14472 1356
1620 3893 2968
10808 12720 3736
8049 12195 7326
1294 4313 6713
14785 15495 1577
8954 16890 7046
10500 15837 2411
155 920 8036
10204 14261 1964
3052 14171 9323
2952 19928 5789
6149 10263 2767
4713 12762 3546
12590 12887 3463
992 10935 8864
3460 5589 9533
9889 19866 1389
9380 14223 2843
621 2010 9829
3725 4360 5709
2175 4326 1627
3513 12850 8029
835 3020 4255
3543 5390 8985
12393 13600 2876
13221 17486 534
12400 14885 7899
5528 15942 5199
4488 16926 2955
5735 8196 59
6711 18946 3081
3627 12958 2048
10653 18226 870
15376 18134 1872
9391 15833 5312
4519 15127 4106
1118 1142 4720
5680 13010 2543
7412 11390 3630
4727 16480 6204
4030 11845 762
367 15349 4829
14707 19991 2750
12757 17499 1550
3805 8944 8192
2998 12461 5424
558 599 5397
143 227 3488
3337 17388 7768
222 355 2887
19187 19472 5910
12125 16904 3669
2894 2900 629
1291 3053 2412
5345 14210 603
4455 6020 9132
14573 16496 2363
4459 16042 5585
5419 6285 5496
5145 11094 6048
2615 7934 3927
1986 2057 309
8836 12848 5703
18664 19769 8018
10275 16477 1117
3133 5875 8576
15702 16866 5523
10094 13464 3879
2092 15579 7532
2536 18107 9138
14512 15343 3643
5144 14764 9739
13260 13706 7204
6367 15952 4538
12315 14608 3368
8672 10147 1085
7365 9524 8546
1716 4832 350
5628 10689 5477
4519 19742 2720
5859 13912 362
4376 7789 7582
398 8157 8817
9943 14885 5173
1126 9782 1619
7937 16419 7392
11496 13588 466
3652 7901 2322
3324 14821 8324
15709 16087 2115
6580 11499 636
230 1287 6010
7648 19978 9727
11311 16075 5922
2835 7258 4066
3059 4298 2297
17627 19672 4457
1096 18046 1836
12768 18870 6066
890 11484 8655
2405 8374 5391
1950 7156 5869
4488 5650 3419
2468 17898 990
1701 10778 3840
268 8536 1647
8099 15380 6437
521 2861 4878
4859 12677 3603
2352 14558 4968
1248 3891 9435
1411 8063 3516
8516 10957 5638
1371 16165 7994
1335 18473 1034
13551 19278 7220
7927 8774 6829
3343 4827 9139
11967 17366 7700
529 3435 2491
9209 18673 5579
1156 1213 9298
8653 11004 7575
16665 18052 205
1949 15714 1456
1134 5571 5331
10205 16868 1057
13700 17431 773
5351 14521 8072
770 1485 3398
706 17455 9272
6198 18381 5397
1852 13153 6807
2871 4932 7868
7199 19684 1466
913 3154 4860
13006 13192 9012
5941 14297 9405
8376 10222 8850
2940 16644 9058
7578 16628 6556
817 19420 7567
6109 14865 6562
7785 15543 1574
5936 18303 2538
15825 16187 9358
7846 8648 1807
12854 19343 130
3619 3635 6212
11677 13931 717
11902 15174 8104
747 2354 5775
2042 3597 4972
3026 10468 9870
921 1549 2882
1093 18138 2477
7283 18747 7414
2597 2758 8692
5652 16746 591
4983 11061 8143
333 8970 9234
10423 19528 6893
4608 5889 5663
6020 16551 1664
8793 19539 11
2124 2513 1515
2520 10357 7498
662 19520 423
5439 11421 277
1417 11844 4858
10863 11296 8577
18927 19016 7446
7273 19881 4308
2438 15680 7947
1040 8435 9735
4458 6915 9369
1833 2760 6893
1932 16600 1436
3243 6986 6141
14962 18134 3314
11739 12350 496
2050 13314 7888
5940 11171 3103
13519 17227 597
625 3184 6556
8413 12012 50
11363 15197 2298
8460 18012 7922
4261 7771 5055
1304 5710 9607
17618 19325 6430
4260 12341 1699
3508 8055 2942
4801 14107 2631
15030 19662 6242
1213 9658 723
6757 18489 5505
1186 9246 6090
2165 17513 3588
2450 5294 2331
8699 11486 8575
12091 14620 3104
4058 4290 1321
176 7358 5065
7376 8120 6078
189 7371 2497
3251 19968 8867
2264 15047 3926
5169 10483 880
9804 14367 4528
10651 15664 6432
169 560 8852
11263 15554 5686
4053 10856 3069
683 14815 7280
162 879 9665
9583 18855 4245
684 5117 7026
4223 6127 1921
272 6517 9909
3814 7627 2370
121 19136 4710
16408 18861 8115
4038 14816 4923
7161 7389 451
8478 18094 4031
5827 8592 494
15340 18207 9442
12605 17085 8465
15172 17953 8037
2627 15385 7921
2445 15685 8149
263 16154 8077
2789 14240 6073
6376 18069 9985
2858 6943 1877
3908 4382 4084
9993 16679 7075
6281 19977 8833
11510 18383 9286
445 7105 7383
9963 18016 7199
1581 4108 3348
16623 16844 9602
2251 5792 78
4412 5635 5711
3603 13984 556
6231 7810 7968
3635 12667 8855
5891 6130 5122
13311 19083 4740
11734 11794 8298
2268 5019 31
5573 7148 8693
2653 4591 2299
9876 13902 3436
7271 14708 477
3121 3802 6226
6463 10250 347
7350 7361 9283
8557 10285 7399
1339 18813 6867
322 8589 5327
861 9284 600
4718 4884 7094
3777 11035 1637
7453 10829 7055
3297 5519 5689
331 2177 3949
698 12571 3368
11479 15627 9820
5120 19788 2675
5942 6992 6820
5238 19825 2517
1519 13979 3852
4824 16730 4099
3871 4551 3092
4851 11619 9764
945 15984 1246
839 9518 498
2818 11781 4794
11780 16864 2551
18366 19627 8160
8651 10237 4065
392 3716 5584
7912 14558 5166
2906 3777 737
12333 14499 4695
3726 10412 6064
2518 12149 8085
4701 5802 3660
1797 13363 1385
397 18681 367
8287 12105 781
10740 17221 272
16899 19097 7585
11265 17287 9564
6507 9978 6810
8467 17038 1981
1614 6669 9027
15362 16151 5581
317 8251 5532
10705 12768 6401
3739 15160 2770
10096 17336 5717
8395 17398 8859
16039 19276 9478
13155 18602 8876
17341 19359 3841
4295 19329 5766
934 12513 3378
1298 3448 2410
9 14020 6138
107 6301 5567
1351 2932 6448
5860 9531 1799
11974 14652 6308
1726 15917 3337
11148 12653 347
495 3684 838
7400 10050 4396
3479 9633 4099
771 7273 2748
11098 16068 3750
4983 5500 3388
2221 6202 3767
830 1775 6694
9154 19397 1409
5602 6846 2702
13142 17174 8470
1859 14914 7152
6433 17323 876
12603 16023 8065
8008 11365 5098
6703 12595 2731
5718 15449 9384
12706 13570 4282
6983 7881 4678
7075 15268 7385
1462 5636 7697
5715 9393 6219
1355 2273 3145
13522 17860 9312
390 12502 4151
35 8969 577
5851 8928 9061
3287 19145 9150
2042 7741 3786
5735 8054 7886
11372 19746 3008
10978 11699 6543
13639 19586 7595
4469 7300 1312
4890 15767 9260
3436 6055 6520
10473 10784 2228
13189 19078 6187
3531 17065 2268
7465 9174 2937
11982 16786 4187
126 501 3340
437 2087 8687
6709 19884 317
7463 10022 3484
44 17173 3163
2907 12818 8226
171 208 2341
1630 8070 247
8742 11311 7596
724 842 323
10931 13878 665
8061 18353 3962
6949 18559 4441
13693 16317 5392
9053 17285 7568
7555 7759 1637
2075 14345 5783
15242 19161 8013
8663 18088 9306
6922 12948 8798
1035 6154 453
14016 16564 1210
1326 18324 4764
4882 13469 7675
3372 9542 3378
1783 15238 8888
2962 19473 7733
1689 12184 9840
76 665 1367
8849 17683 5234
13642 15501 9165
14399 18037 5476
5494 19223 8922
863 13519 5741
1462 17464 5456
893 3505 7605
2969 19131 7040
3397 18977 6934
1639 10911 4929
1744 9572 4135
10889 15697 1856
3035 5814 6168
793 13744 8323
11460 16123 2036
1165 7094 8677
4082 15634 4096
7078 8251 1298
3578 14329 8606
4457 11574 5961
1993 2195 7564
591 628 1231
2058 17821 122
6590 8232 2549
7411 8180 7604
12707 17358 2933
12264 19807 3077
16019 19996 6023
2869 3554 7781
2815 18616 350
7340 11678 7207
6442 10591 7607
11782 15273 7910
11297 11464 1089
16625 17993 7718
10972 12155 2372
1462 10600 5857
8036 12176 9223
6298 18013 8662
8361 16460 4075
1248 7507 923
3629 6441 5004
960 16132 6348
2643 5377 3560
17674 19753 5176
33 10287 1237
12248 18587 5441
1717 19883 3426
5954 6878 8566
7055 10878 4892
2709 3079 1404
308 6496 8384
8935 11121 9828
8754 9823 8341
11210 19303 5856
1951 11973 784
2191 2291 281
6031 17136 8534
5193 12017 1969
3040 19712 9163
4679 8330 769
7870 15745 2823
8944 14811 6182
5189 5208 9760
14921 15359 3582
5958 16909 8872
75 234 610
4822 15124 5590
3312 4150 9320
599 1317 7786
3173 15802 6278
9374 12508 8829
1001 12494 9117
1108 12212 7626
4913 5579 2042
920 17092 8225
8551 13162 2048
8354 11183 5650
8993 12825 4233
4704 11542 7426
456 1579 4507
13311 15775 8887
9048 13572 2207
2445 5717 8580
8827 18254 4655
2458 6429 2046
1948 9377 7485
12820 18291 8141
9866 19789 5418
12322 18874 4696
2024 4074 4647
11702 17773 9627
4989 19288 6080
15736 19252 6956
4850 18977 1044
3434 4148 2785
90 620 5931
104 7269 5621
2596 3537 7660
2208 12051 865
12842 17564 7557
979 2909 5936
11469 17749 9920
979 10027 326
5498 17216 7002
3314 9138 7681
2989 4428 3766
1734 13237 2682
16564 19487 1649
502 3213 92
2361 2772 1238
1187 3279 9698
8576 16842 8108
1199 1295 832
2323 10649 6429
4271 5338 6397
11948 12116 5886
9025 14298 7724
843 2959 2576
2879 3024 9163
1750 11806 4361
4273 7915 3321
3531 7049 5937
60 11373 1712
4427 12364 2528
4953 11952 8857
416 11816 4405
10638 11428 6704
14435 17539 898
2888 18207 5222
6646 15264 5676
5000 6694 5769
12163 13398 2215
1292 18888 6421
5073 7170 2663
4801 15410 4738
4279 6863 6242
5097 15251 3066
9360 13560 7783
1312 1467 6208
4903 18059 8955
4964 13956 5249
5105 10629 772
5653 8618 7783
2644 17313 1454
1863 6671 3922
995 8499 5076
4570 8088 7912
2359 3911 9338
3688 17089 7623
6731 10506 4261
11710 15779 4590
12916 15175 6243
3619 10603 7677
15979 17784 7908
3317 3334 6806
10952 11071 5510
3852 8756 9477
2297 7560 3213
13289 18756 8555
1960 12699 2049
6739 9665 4928
13669 18220 1702
2831 14079 8004
2278 8058 4926
2171 2285 2683
802 17229 2599
3629 19491 3117
3822 13125 3587
5155 9883 2416
4190 6802 9946
1489 2994 9722
9580 13521 6271
2707 7698 5218
6696 18502 8340
2212 3859 5163
3118 3951 7000
693 1587 6521
14351 15605 7111
12096 16859 530
6743 12528 3303
2343 2724 808
596 762 5619
234 3451 2565
9697 9904 1208
5752 8554 2680
12204 15989 2059
11368 13759 7328
15623 16722 7873
4093 18258 3630
4384 9376 7373
861 12977 5938
7379 13444 2976
5641 19627 2728
5245 7043 8725
11230 15312 7034
5540 9616 1960
1149 1559 7555
8391 10902 245
3889 15563 7738
3740 15633 5663
11983 13284 4632
2748 12084 2750
12561 19642 5616
3406 19814 9667
1370 18827 6779
11100 11249 4103
7314 7837 2015
4008 8168 4052
15147 19305 1130
8561 10779 3668
2906 8025 4835
10912 12891 8504
3622 3895 6993
13223 14131 8829
1568 18265 7356
1607 2327 8976
175 18294 9284
13322 13964 6950
5051 5446 6158
2141 4862 2492
6200 13822 7451
647 8814 405
3525 18591 6329
524 1132 1693
2621 8461 8481
7286 13815 3914
13683 18669 284
8706 12489 3298
30 2268 142
3390 6511 5086
2386 13711 3721
8511 13858 821
155 18791 4972
2305 6542 1295
608 17520 1089
3963 8505 6944
3161 4874 8314
6676 11305 4254
1695 12716 226
9712 10631 3886
16297 19226 8498
418 3118 2310
3884 4999 3311
824 8360 4957
17091 17513 4360
2553 11847 3806
195 791 5336
11760 11922 3389
1573 16538 5493
4910 6100 4657
210 660 6179
9637 10738 5123
8737 16101 3362
1334 7531 6336
16892 17624 634
15522 17987 2117
6151 10872 3062
313 606 2768
8347 14935 7176
8406 16480 7619
11453 18137 7809
273 394 1629
14716 19637 7704
7963 14275 3931
9133 16307 7677
7827 14282 6997
8269 9600 4245
193 1962 3
10465 18708 5164
153 13527 3332
11039 11731 1151
10873 19009 8136
2706 17833 1422
15343 18503 8806
494 13513 4168
829 1503 9423
4921 14390 2556
8346 17452 5558
5913 7014 7279
1360 14582 8717
14726 18529 7327
5772 14311 346
5911 17544 3932
4354 8837 3704
14062 18899 7406
8222 10570 4752
1625 7159 9740
114 2101 2097
3280 5528 9633
10191 16317 1337
1961 2510 5117
1423 18643 4602
14020 17335 3442
8802 19180 9027
830 6910 1185
8148 18436 7644
4900 7175 3044
2138 6840 5867
6632 7873 7016
1047 16448 1962
12647 18545 1340
1142 8126 6870
3221 3865 3069
6975 10562 4774
1203 4687 287
3569 13494 9672
580 2794 1673
13058 18186 6354
11545 13798 5118
8480 12485 6338
4772 5435 4272
8234 12212 3992
647 2326 734
11883 15835 8107
12447 18661 5228
1992 19305 7929
1187 12414 2064
2278 2395 898
2411 7096 9193
14555 19974 1275
5552 8397 7032
4264 8511 9113
791 1551 8757
1301 5169 2947
11933 19686 7009
4472 5247 6546
1968 6326 3995
6985 11202 810
3479 3734 2012
14204 15466 2690
4771 9000 9024
14495 16852 9493
11843 14316 2432
4319 18428 928
3316 4317 9014
5915 15429 4106
15179 18347 821
3186 3249 2851
37 46 441
15147 17457 8309
17782 19140 2172
8780 16352 8
7307 17924 2435
3240 6732 6069
2189 19395 4982
2024 14969 8880
8102 13304 9194
5311 9685 6585
3997 8826 9543
584 14175 4717
3475 7211 3004
10008 14707 2493
3782 12164 5604
4997 9919 2581
10780 18079 3497
2194 7107 3295
2083 12368 897
997 11495 90
10159 19511 5850
10032 10993 1323
7258 9220 9014
3421 4162 5868
452 4286 902
355 1030 5804
5566 15773 6259
15144 16574 5032
10482 18266 6603
6765 19323 1666
220 226 5602
116 19350 1285
9641 11426 7077
2693 5618 2811
323 15372 7110
3379 16539 5860
12278 15884 1256
7254 8312 7026
3087 19762 8325
1005 16007 4469
5454 19526 4900
5573 7157 7295
1778 4597 6805
12296 17419 9545
1359 5080 6314
1854 4583 7257
5999 7043 3960
13367 18768 9189
687 6901 2864
4995 6413 424
10175 12519 2051
10994 13239 7585
5044 19822 5755
7095 15734 1409
9209 10378 1634
1064 15558 948
6432 9614 2025
881 2067 7548
5007 16300 3763
2687 7543 7942
5538 9772 7792
1233 14883 169
298 2801 3634
12742 16567 7214
5469 17571 8937
8442 15395 2838
293 10780 6712
11906 15901 7479
12633 13184 3527
13815 18985 4277
2678 10736 1640
4235 15908 9854
10033 19169 1675
10868 15834 8453
304 2080 4924
4571 7828 8280
10421 18427 1380
9683 17562 9477
4604 8585 1753
6173 6518 9391
417 4336 6548
8535 9662 2914
4247 12902 5104
2285 9360 6846
3420 19650 7313
13408 16754 4224
7762 15397 6779
13021 19143 5361
18600 19335 1455
10785 13953 4326
5511 10499 4493
9008 18773 3195
1718 4547 5050
930 6229 1541
752 6489 41
7536 18421 6898
1158 18489 2691
7150 18802 3997
3863 10135 1394
4978 10647 8143
9214 9694 5681
7439 15374 2167
1712 8518 1838
286 3235 6784
1385 16843 9473
6573 13147 3082
4082 7775 1843
3110 9514 9632
553 11538 2452
2045 2451 7237
10903 15146 7729
2137 6529 5594
4952 6712 5669
16882 18380 8023
687 877 8143
4610 6537 4753
6289 8064 8255
4955 15515 7127
5972 11520 5596
1146 12474 8353
299 19488 8814
3593 10905 8521
4019 10053 2071
10668 19844 1490
67 2469 830
6579 10614 1220
2698 16218 2558
2698 6143 8878
10269 13187 6064
15181 19337 4093
8394 13681 4334
7794 14753 2514
5583 5978 5044
5044 17401 1504
4011 6925 7896
16500 19207 9876
1316 6428 3863
4109 4657 42
5537 8148 4051
183 11611 394
12418 18533 6659
1292 6027 9712
8117 16018 4390
5200 6476 4908
10027 10199 336
6660 8188 8080
5198 12998 8319
3010 11034 5863
4827 12156 8964
8367 17372 2893
2390 6876 8917
4061 6011 6462
5139 11152 7443
996 1007 5064
3643 8827 9025
10597 13378 4009
5173 5674 2781
397 1309 4580
6661 16815 3957
6970 7364 9514
126 6123 465
12610 17991 7320
13931 15509 3361
14574 15574 1142
7581 15090 1890
970 2019 2906
4374 16845 8459
15542 16099 3936
8263 10662 8496
4384 18205 1973
12693 17698 2123
7794 8744 5172
8542 13133 4368
5887 10793 4551
9585 19984 884
1395 3477 9844
6405 18883 1770
376 18496 916
9773 12938 4397
4192 16069 1899
4313 15243 9635
8458 14754 1220
4126 12078 7221
9530 9990 5796
8900 10357 5119
2803 7958 2412
346 2936 2649
9115 10110 7085
3714 8904 2213
176 19410 9239
1696 14099 8257
1041 1900 3704
9655 19147 4890
6338 12724 7561
1120 3244 852
7829 13178 3541
9068 13719 2501
8404 9624 4121
4215 7332 7039
13113 19684 1939
2938 11748 8208
2821 8325 2317
4102 16827 9551
1740 14515 7526
13718 14766 964
10961 11323 7521
2817 10135 1344
10056 11736 5026
6199 6407 8623
12639 15145 1687
693 2181 5812
3841 10752 3607
605 16613 2442
7374 11550 7176
5645 6094 2036
3290 10068 4024
3050 7222 6244
449 7043 3030
710 1457 1258
292 12914 6951
6916 17572 8780
2343 12041 5516
713 19874 8337
6757 18320 8388
10864 14993 5153
1388 12653 5752
6934 10700 615
4296 16771 2971
44 109 6194
621 17558 6255
3360 16548 5361
8489 9652 1292
15393 16580 9846
864 1430 3021
6498 12814 210
5869 12090 7062
5366 16989 1347
6445 18060 9455
2517 4985 5648
1001 2835 2815
2114 11601 9719
4402 6580 4507
7019 14598 9837
15208 19350 8960
5251 11616 2830
4853 5205 3922
3167 11068 718
1082 11683 6520
450 643 5782
133 316 5879
4153 7550 7142
4241 10104 9187
11901 15626 3645
1633 12452 7845
13162 13184 5586
10483 17072 8076
15471 17741 4072
12878 13423 5737
12204 14088 1845
171 1863 1587
1004 1722 3002
7805 8586 4142
270 5787 2359
4841 13647 4953
13689 15766 1359
3245 15527 1455
6626 11066 4191
2548 11083 8863
4790 17447 5244
3311 10004 8153
5407 8368 2035
697 2250 9068
103 1615 8877
345 2231 3657
15547 17012 2418
5494 15011 5470
9583 13253 9918
5322 16759 6232
12039 19234 1331
11871 14256 2875
12063 14372 2414
13647 19281 3180
4010 7568 264
17202 17517 2633
6472 8235 6901
2002 15329 8662
104 1553 6244
7719 12717 8832
433 570 3705
124 19416 166
713 10051 2391
69 14795 7807
9401 17641 4674
3451 6909 5270
17451 19523 6484
580 1322 4656
11692 16641 1273
6544 10541 6929
6688 13892 566
11612 12190 390
126 13502 3385
16832 17282 1253
406 1076 3829
13857 18014 5827
3082 7668 7905
994 3608 5298
6790 8276 4855
3233 7269 4554
167 3474 6638
4194 12383 7474
602 7303 688
12034 18822 1927
1033 2556 474
6782 10159 7533
1582 13315 323
880 2913 319
8937 19194 3217
3268 6177 9654
1972 8768 3287
2066 3745 401
9 95 904
9605 17708 725
5834 8120 3880
5467 11180 2490
3365 5004 3901
9764 19643 5632
5092 13474 5764
14131 15018 3343
1186 13759 3828
4208 13147 5142
1562 3028 7798
4141 14854 190
1993 3135 8117
3268 12800 3973
6409 9082 9024
9680 14852 1871
286 1176 7055
1203 6602 941
16746 19192 3333
3119 9859 94
3154 14414 5380
17067 19047 450
1713 12342 8182
3697 8643 3843
10695 14088 3109
4095 6060 8633
4513 7255 1969
98 10779 2083
13895 19855 5924
1190 1336 9984
4814 6252 3457
3329 19322 1933
194 5774 746
1296 2225 8840
6842 7335 2173
2286 5081 3221
5167 6202 5607
129 11893 9710
5056 5668 9909
10930 11663 4459
16399 17331 4752
13238 18625 7911
14225 15966 5314
10843 18005 4993
14578 14867 4382
8337 11306 1537
1671 1704 7854
241 9607 7267
10063 11258 326
2649 14765 6299
3886 18671 6798
13112 14577 7510
1976 4157 541
1872 3263 3690
14292 15077 2904
427 6328 9985
1170 7289 2953
8392 17614 4882
10681 18398 9289
16044 18975 5627
852 11936 4664
9669 14871 9994
2368 5155 8905
6195 8868 2984
15544 18866 3828
514 18138 9832
6727 18240 2596
6377 16668 8001
8622 11699 3993
1592 15987 1052
3120 17713 8696
12418 19395 4898
420 539 1959
1529 11141 9226
9223 11162 4351
10624 10658 3011
837 10124 5799
4498 5544 3011
13221 17509 3132
3385 8500 9481
6895 17009 9001
2015 14061 5810
10238 17045 8346
341 15386 5905
958 3269 5255
15173 15638 9462
2536 2996 9332
322 7632 8402
4330 8524 1693
8218 15083 3388
1811 10088 9233
3982 9914 2636
2266 14544 9565
9668 10097 8275
932 3456 7393
7195 15333 6891
3463 4115 3380
12741 14607 3644
9385 10709 8295
4030 8083 1936
1357 10607 2332
8112 13469 7649
7839 10701 4830
8447 10228 1718
3718 14924 1338
6955 14463 1271
11901 17386 6882
4523 4811 656
13323 18908 870
4214 9630 1626
8011 18297 7989
3133 13184 2060
1729 10810 4350
975 3468 8328
15417 19839 5281
4685 13150 3722
1672 15200 9468
2733 3048 9875
5654 10961 2191
3169 14247 7187
3577 15924 8029
4431 10738 4435
941 16872 4833
2434 4366 3698
4609 10513 5425
1426 6715 5464
8450 15418 8201
10923 19016 6996
45 129 2570
1157 1575 405
9831 14061 1178
7022 15469 6393
4078 16819 8869
2019 10843 6375
14526 18871 6156
638 17944 8806
7700 13387 9950
2599 19176 807
8817 13981 7487
4671 19963 9929
12421 16185 8070
567 19194 1576
3416 16011 1999
7884 10297 7053
519 13805 8136
4430 18226 5698
6775 11716 1568
6119 13112 1526
923 5047 6323
1126 1150 5487
904 15485 579
58 364 2030
10519 13788 228
4100 9245 6708
1765 19023 6281
427 18256 7321
864 1367 3464
4434 11049 8875
7122 8975 3148
242 18352 3978
333 11270 7487
654 698 4143
64 14539 3100
368 11774 8945
241 12512 4899
4039 9561 7260
5008 14209 5262
2146 16821 63
5869 10646 8133
4052 19454 274
6346 16285 1510
9914 11985 801
5840 9361 4492
4624 15942 3354
8826 19203 4302
6874 19932 4116
4287 10174 6082
10758 14142 3885
9404 19488 6676
3903 6508 3021
5435 19968 8171
16810 18902 8166
3406 9321 4207
438 15795 769
1480 1902 4219
6124 7731 2740
4300 18269 2483
4985 7173 2063
4961 7279 348
17394 17649 1788
2521 15381 2477
6562 11148 2228
1525 4429 1213
10072 12884 5682
12500 13645 2847
429 7614 9219
9843 12760 9423
2973 6962 565
16133 18127 1981
4198 6617 1509
2185 11841 3563
5796 7040 4508
7237 9371 2370
2947 3901 8122
6229 19343 6580
2367 17646 653
12390 14691 7308
5799 15915 8448
5503 19197 3693
539 1217 4917
4716 10052 9909
7630 13639 3238
1738 14179 2637
701 10250 5164
9877 13438 7091
4837 5247 2535
4030 13376 7942
16318 18549 4399
3096 3664 8342
2315 12906 5070
13958 14612 7786
8648 19479 6010
8987 18458 3221
12001 16142 1238
1138 19647 7882
4731 8839 1721
1977 8141 6843
2967 3341 4849
6469 19469 3208
2870 10432 8403
9393 17597 7227
313 386 5745
6686 8806 8921
2554 19615 7182
7261 15492 2044
8487 17347 3970
9576 14077 3328
3573 15323 5521
8564 16816 7108
113 2670 617
1703 10428 2001
9871 18129 5938
10207 13101 8292
8501 14744 6070
1197 2185 5848
509 922 216
11747 15802 9325
11956 12766 1949
3204 5434 6505
4426 12277 6736
3491 15956 3509
12914 14759 3597
8199 15870 6910
5904 11017 8375
12738 18029 1466
121 733 1753
34 715 7128
5878 11647 9987
1457 17160 103
10752 14778 5695
15272 16886 4106
2385 13079 8065
14827 15043 9216
143 925 6707
12983 18005 492
4945 5827 3945
610 8277 6595
10728 15160 8749
2499 15748 1148
938 7101 6474
17329 18662 2920
10884 15539 9880
8640 17860 7917
7822 18127 1997
1095 1115 5832
7089 15949 7179
8412 13320 5976
5298 12012 2317
3754 4520 690
7457 12493 7175
6242 17386 1020
47 116 1904
3539 17703 56
2707 11574 516
5775 9911 4466
7949 13491 3032
2 33 1101
14654 15066 4721
4523 12607 5929
14287 14867 4381
16832 19038 9726
1694 18503 2508
3079 11904 8201
490 1683 1777
16753 17524 2458
11651 13141 3030
6139 8671 9468
15020 17071 6747
10842 13840 6808
5497 15460 4144
11169 19550 2465
8265 12118 2650
4892 10310 759
5966 16341 7392
4587 11703 897
13823 19959 8503
1156 1556 161
5832 10622 1225
2344 13512 9268
2432 3939 3640
9168 16453 3222
3527 15073 136
9280 11639 100
4102 10889 8841
512 1901 8826
9463 13507 5299
10569 14880 855
5637 8094 4729
8911 9892 3219
3744 9769 9685
364 2725 4315
2233 3387 2704
11017 11646 4652
4009 14085 2764
13288 16460 3885
8636 17834 3689
3936 4079 2813
2105 3166 469
8767 10295 4422
185 1239 747
3242 16360 9503
4223 9799 2986
259 6014 9132
2551 10145 482
53 19825 1204
13338 14822 4513
9700 16096 3748
12298 15153 851
12831 18781 3475
5423 14947 6700
7572 8460 471
9630 17164 1645
4366 12035 6373
2512 3188 2868
8092 12574 9594
5439 17618 3942
16420 17475 1026
10216 15537 3716
8927 19722 7432
11326 18090 9904
246 2684 2889
6959 7195 9444
145 1012 9028
515 4236 1442
546 8861 8651
806 14363 199
17321 19517 3704
447 19441 9336
1922 2310 8452
8642 9108 439
2165 6665 5290
7082 13056 9929
1738 10707 4271
12225 18679 5123
7758 9750 5460
2366 7458 5712
4409 14259 5014
12576 18857 9614
722 5288 6309
5137 15703 62
851 1782 3629
10672 15299 2208
1915 13222 5860
2279 2922 2906
8434 12980 1853
13187 13685 8304
2095 3231 3276
856 8117 5319
5334 11314 9899
927 16752 1377
914 1773 6025
3078 9521 6070
15735 19552 2076
12914 14088 1393
4639 10873 8000
784 805 6910
4571 19792 6671
16278 16406 3464
7681 9257 1427
4515 6456 5872
2093 3140 6509
819 16132 2260
5948 7723 8519
17026 17768 6612
1327 17584 943
2195 17891 4212
10086 11430 6322
2550 9046 5876
2576 19796 6045
5131 6083 8248
1788 16160 6877
7832 15501 1972
3202 19519 5234
5051 5068 7151
2924 4651 9346
1661 8742 9085
4546 16567 3713
52 2782 2236
632 1593 9019
7632 18964 8799
3915 14048 9549
4304 6331 6558
4249 14450 4787
17747 18170 7540
3458 13935 4025
2520 4959 2706
15018 19745 336
5299 13237 7277
46 2558 9946
206 1005 6545
1094 18981 698
10700 14664 7229
3308 17290 438
3528 15996 6104
1601 19195 8022
16199 17510 6254
1694 3303 7186
6323 9028 5846
8813 16054 4835
3791 5601 9070
8719 12091 7148
13834 17107 9629
6473 7105 6296
823 11392 9526
11935 14494 1412
8721 9964 7302
1099 5107 7283
4347 4451 8770
10038 10788 266
9840 15701 3343
1300 6754 4581
8515 9484 9548
10527 11254 9036
12878 14221 4223
1139 2490 4697
5539 11703 4510
949 7471 2974
50 6016 8441
9506 19422 5409
4227 5094 959
2723 17410 4883
3596 5880 4718
871 1649 9432
5085 8605 230
1378 13173 5027
10002 11974 108
4978 9901 1220
10852 12172 7827
910 1644 9296
9767 11905 8564
7842 10209 9840
2889 3826 4469
3870 4449 2331
1475 15580 2694
13401 13728 6285
3787 3808 4990
10263 13547 3893
4188 8255 7349
2115 19304 5653
6807 15294 4199
2077 11586 901
5927 15920 4769
3293 6251 2086
12387 16375 7596
2205 3563 5214
8326 15500 9451
7254 10305 6869
13042 14238 8892
10850 18881 2724
2 1479 1867
9280 18617 4314
2894 13194 5720
4051 4527 805
1027 17801 2648
11421 19549 2152
9219 9499 5553
1710 3681 7919
9727 12921 5636
3407 8051 7699
9865 16523 8352
13010 17798 3108
4983 16343 8114
7324 9479 8464
4465 8398 3151
1183 1656 1324
10760 17415 2217
1975 7848 4594
12286 16573 8592
8576 15879 6252
4793 6224 5059
4943 6111 5620
7986 18390 3264
8187 17824 9905
14374 15878 3442
4862 18229 1867
1748 6592 5998
2960 11851 9699
268 666 7058
5704 12640 2422
2373 7766 2733
4055 9971 3983
4155 12927 6820
1955 10931 6682
1969 12506 5056
6204 6285 9151
3732 15248 9894
5436 6215 4174
245 881 9357
2420 10360 6927
8209 19090 2638
2971 8859 230
3330 17719 8849
4473 7561 3635
1615 9057 4494
5526 10243 7771
2538 3346 8855
2780 15274 9215
6489 9467 6726
1151 1865 6728
17892 19236 4359
726 1640 3760
18659 19567 646
351 11191 270
2589 3857 5577
57 13734 5063
3294 13614 8044
3524 13340 2075
5213 19970 3546
15510 16162 3188
9129 12581 4894
7758 16408 8328
3074 12866 964
4633 18802 3727
4112 9840 7289
10257 10784 4881
1527 1663 4355
6747 10069 8423
7542 19019 6683
6468 8439 9047
10759 10908 6903
12 8487 8230
5972 8104 2560
873 2092 3288
6249 17807 2169
504 7384 4333
8950 9945 2804
6406 13424 6543
1028 9475 1603
111 486 52
12247 15846 265
7150 19644 9467
5596 13589 5176
8127 14455 2871
8002 13120 5528
20 3825 4085
6274 7555 4901
6787 8440 5909
9640 17237 6169
10223 16966 4390
14011 16432 1044
2593 18025 5596
4690 18100 1078
4916 8821 7321
7948 18273 4894
165 10586 7797
1032 16896 2955
1277 7491 9934
122 9613 3175
6165 11626 7150
8570 10534 4978
1398 1561 4801
3917 15452 9728
5 14698 6718
655 1742 8217
2154 2230 2054
7 16227 6792
422 945 8036
740 3389 5126
7570 7738 7422
8306 10662 8485
4148 19117 6836
2911 8961 3413
4310 6048 2942
2989 3630 1651
5182 6612 2887
9406 15729 3032
801 7181 7799
3881 13325 3696
6287 10239 3928
10291 11566 4189
7246 17879 627
192 1373 4447
3306 9076 3421
400 2817 3939
5286 19407 7952
4962 6189 7421
7074 7793 3071
6947 7118 5197
3069 13946 4676
6203 14337 4260
5445 19259 2784
1112 10890 2893
3700 13036 6327
10606 18842 2156
3137 18634 9354
12830 18621 1114
2189 4395 7404
3871 8234 8236
3121 13486 4352
1506 16192 7806
14564 17670 9045
853 8393 5566
9667 12720 4672
1645 19612 6871
2230 9671 7518
6934 17958 4249
7409 14753 5371
10531 11742 2877
10847 15639 7435
4595 6524 4785
8933 14058 5865
3879 3967 2263
1561 2563 6180
322 14887 8370
4505 18975 7792
7030 8262 168
3828 4572 5716
602 2675 6666
8198 17678 8818
6183 18676 7646
3712 12206 6505
2511 3075 8030
2005 7506 5840
152 1043 9445
6625 15589 2956
6584 16728 4016
3574 8916 8177
10757 14594 7613
11732 18639 8885
10451 12049 9190
8244 8834 2418
18659 19413 5698
2352 3297 3010
2399 8556 6053
4800 16909 7425
5076 9640 2019
586 1590 8497
7503 18720 4206
11569 11840 9322
2579 9874 6171
10196 19356 8803
10979 16093 6345
1004 3772 7061
10881 16225 5619
2554 18639 9126
6834 18329 7889
14532 16672 3022
2722 3322 267
10273 16700 6550
1018 8303 5081
16796 18797 1358
5917 13326 2865
6629 11566 5858
6648 18620 5644
1073 6304 8254
5804 11098 7883
5316 10628 9763
1756 12246 6550
2061 3196 282
2518 17545 7066
15 7950 7704
1758 3954 9944
721 1222 9606
2039 2625 4016
17121 17826 880
10694 14841 1575
3307 6382 7033
4847 12126 5881
5504 18922 3563
3848 6552 2835
2437 19213 3556
6496 7254 5948
5404 15381 9087
6708 12886 6267
16029 16729 2842
9918 13621 1993
4000 12038 4111
469 14445 2242
6482 18326 9338
92 9844 4386
15630 17993 3497
4818 15575 2141
1807 13317 9637
4395 15992 5151
500 883 7477
8652 16008 5391
10665 13447 7910
9503 11213 7913
3867 10219 8942
10008 14165 7257
1287 10064 8537
9880 11390 5727
2865 15786 6070
15173 19370 7643
7768 11956 4868
6492 10984 9674
10135 19580 2830
604 7763 417
3661 7999 4644
610 4989 5256
1834 3626 8137
1401 14775 8242
3849 7112 2187
4776 5104 5348
1887 4310 5728
2390 11223 815
1093 1724 9540
171 331 6338
476 836 2137
7934 9748 527
4595 18713 2854
1929 9904 6727
17148 18173 2282
1374 12273 1710
6964 13799 1247
8742 14327 5396
8770 9498 3390
528 4518 9516
3913 15341 9317
11402 19744 4920
10946 15734 273
91 8808 7859
1859 2714 9231
2297 2303 2946
10494 12782 5024
432 6927 2067
328 1934 7919
0 339 4156
17539 19627 6987
13171 15391 2106
8511 8650 8364
11428 11825 5764
4520 9418 2270
853 1477 179
2280 5000 8828
329 3636 5724
9603 15307 4082
8643 18894 8276
6012 12076 7658
5061 6910 2604
3977 6702 2290
8222 15825 8781
2536 9780 2485
2526 3306 5828
5337 8516 4410
2050 3236 3645
12354 13603 1007
1299 12933 1354
1551 1573 7363
154 238 5384
497 4378 3790
8183 15195 4199
7929 8025 4652
4223 16425 9467
338 1267 6390
9525 17784 11
14479 15373 1818
2422 8941 5573
2061 3822 5743
5283 17449 8857
2631 11801 432
13630 14697 6257
42 5798 814
1486 2699 6620
8172 11849 9963
6711 11500 5147
2608 7897 2189
4064 4942 4277
4005 7184 3023
2854 9506 1516
2613 17908 3205
7713 9338 2911
7167 17485 4560
1996 6707 1572
420 2785 6918
4554 18814 7060
13843 18287 6169
1750 5540 7846
11544 17130 2062
116 6517 2492
97 13515 9632
2407 11147 916
15148 18974 3077
3140 18789 8896
7720 19127 5279
156 1431 2866
3058 12354 7375
5933 17726 6317
1794 3351 9902
10603 18594 485
1137 9689 7233
1801 19694 6863
6930 14112 562
3497 17610 5776
16117 19606 6608
1746 11138 4448
15422 17298 1697
2707 4101 1755
3787 6659 7921
300 3039 9850
6890 17093 150
8679 15000 9543
1927 4729 8212
4684 18135 155
944 11472 5959
2321 4927 3560
5280 14099 2746
6814 13770 4684
18200 18845 4166
2576 18041 8299
6770 18256 3836
5516 7433 6513
10670 15775 3051
124 271 3932
8219 10526 6012
471 3281 8156
8599 14907 9978
965 19469 8437
9527 14151 652
6181 16244 9951
5654 18127 5609
609 4098 1145
6409 14393 8229
48 334 8290
4181 4544 106
3250 7856 3466
5856 18516 8243
575 2845 3270
10306 16768 5325
13012 17582 577
3576 11064 6206
568 10288 4579
3488 9422 1424
1977 10530 2370
2929 3904 7502
5397 7347 2780
5100 17950 3664
9613 19167 2584
4327 6587 9113
11762 13925 1525
4019 13511 1429
2539 8762 5995
13733 16628 8594
734 5658 5786
3891 9898 5634
786 8174 4647
8339 17693 1390
1459 4244 5326
10347 15970 1396
5956 6430 379
7991 14067 2485
1223 12712 9628
1303 8959 4903
15836 17809 2158
4054 4853 8076
15935 18277 7684
11423 19512 46
9784 10323 4659
7335 13749 3119
1100 10858 3317
684 859 1065
8385 15778 4445
10152 14137 3159
9417 10413 2031
1037 9370 3501
7464 17128 3990
6704 13657 1130
8058 11369 4634
8875 14118 7387
172 16500 2963
1106 9918 2826
7406 11591 7411
2411 10557 5286
802 922 6701
4852 18396 7662
16816 19991 1671
1081 7333 9534
9804 10858 9317
10836 15316 8786
1240 13952 8915
9952 16532 9424
7338 11582 6909
2365 6310 2302
11968 17143 9207
4511 12799 6772
2471 13741 275
5718 12858 8683
6262 15298 3719
12010 16024 4036
453 13284 1255
1192 13695 2452
11612 13274 9176
9497 19494 1094
11345 14351 2138
5367 11129 7959
4694 16431 2663
5023 13730 4342
5092 12976 5437
14614 18780 5401
12281 18605 2696
5108 13657 3821
3131 4291 7026
9050 19316 816
5415 7607 1230
2804 4753 3492
492 6662 6135
2045 16397 4501
7196 19819 802
10089 16409 7721
12165 16758 339
4646 14799 2862
6350 11851 8146
3027 4884 5113
13244 15808 2088
6880 11444 9800
5299 12150 4396
14231 14962 2306
5651 15813 1121
4545 12165 632
17369 19212 7698
8584 16660 2630
4647 7838 5368
2556 2719 8720
13551 16968 6539
290 424 7483
17040 17354 4267
7028 19824 3828
1766 8276 811
3105 13848 5538
2192 2590 3391
4225 6719 1672
9710 10245 9368
2263 8542 6849
11159 13587 2471
12975 14987 3486
12352 12543 9738
6380 17723 9401
10924 18300 3076
4071 4836 4086
5725 17155 15
142 5796 4268
3053 19429 6192
483 2235 3248
865 4321 6480
60 18189 576
1851 19988 3770
514 15454 5712
103 214 6346
619 12095 6673
2628 10495 5605
11366 16080 7470
14360 14671 9742
15741 18020 5313
8216 10371 1096
7253 12614 2202
648 798 2896
1727 19934 7114
244 4555 5711
158 17192 5956
8158 10365 4646
147 674 4040
2247 12994 8550
1653 10284 2349
5252 10999 3762
2261 6009 9410
14157 14232 3495
632 729 5621
5058 19259 2645
538 18817 2560
4999 19480 1609
1463 3444 4529
7712 15307 9853
12477 17788 4840
3418 10444 7824
1771 2069 5026
1366 4119 9595
2510 10582 6823
7334 16501 8762
11249 19552 7333
366 2746 8304
3601 18273 8717
15286 16702 1882
9638 16857 6167
2435 12211 524
11106 15807 7448
9627 15941 801
1127 19249 1569
17931 18158 2151
890 4736 6468
3955 16841 7920
5169 11644 553
1253 14922 5471
13743 15969 8154
83 459 9570
15954 18894 2666
11138 19799 633
1889 13932 5012
2727 16412 1541
12861 18284 1914
1019 6248 9751
2338 14672 4685
13871 17350 5060
12143 15679 5620
2677 15408 2693
1156 1986 9588
2597 6907 8714
617 2645 9790
0 39 1182
6129 18761 7217
6439 8071 2275
14077 15044 2761
5110 11938 6638
6015 9188 4294
3067 14766 9420
10268 16502 9619
6389 16302 1696
750 8667 8729
6950 11794 4393
13033 19337 741
6425 8918 9870
30 9891 3164
604 10041 7208
10360 10592 6098
1980 8582 1728
1362 6415 2280
6374 19156 2392
11056 11097 1174
1188 1257 2220
1724 17789 3666
8834 15169 9540
539 13948 208
6771 10060 6353
2877 3056 9293
2232 15854 1736
3917 8315 5261
1916 8914 7343
3242 13330 9109
1445 1707 4174
14628 18370 5364
251 4216 7607
8043 10622 6575
2454 5302 8807
1074 2115 9529
2780 10834 3001
13569 18819 11
3190 16714 8053
5898 18176 6072
8577 14752 8335
891 7217 664
5364 15013 2355
9294 12645 972
5458 14275 2243
186 773 6180
207 837 965
1336 2705 9040
3186 7161 5947
13629 18438 2100
5405 15031 5799
12776 16329 1824
253 7684 2644
604 9889 9615
5568 8324 6223
152 303 502
6075 6566 7899
1870 14801 6235
5011 19862 4904
301 407 5863
8584 10503 8295
1020 10287 5417
10281 14374 3324
9132 17911 567
5922 7524 8394
3107 5770 851
8948 17613 5342
1435 6150 7816
17295 19895 3495
6586 8324 1687
5152 13608 9913
1 3964 2815
569 6700 3867
10512 10788 7742
61 12821 6874
12837 12882 5678
2066 18415 6443
2345 9882 7845
268 9043 9378
2242 10113 671
4941 7579 6519
17237 19037 8053
13139 14812 6844
2457 6054 6335
7219 18603 4655
1023 15102 7429
521 18911 8312
8147 18322 8168
16343 18827 1414
12006 14146 6016
336 2822 2020
256 3796 534
3817 15712 479
11894 15378 5026
6157 17755 6903
8611 19618 5754
4119 14605 5567
5199 15649 9507
649 15365 8784
6502 10520 4044
8581 9053 8239
15516 19888 7492
15742 18519 6160
6755 16906 1686
1998 9281 2413
5095 9264 8142
15532 16394 50
3068 10284 7378
484 4492 7859
15398 19652 6707
4273 6887 3410
678 12336 108
18894 19744 9295
3653 19871 9383
11787 18384 1659
7937 8083 1691
606 12871 1748
2751 17310 9440
11555 18966 4809
17751 18487 7886
4069 6246 2606
11835 14838 1893
11064 16994 6254
15 17889 9312
9923 11068 2696
13271 19624 3641
4455 5307 6812
6392 15874 6546
12083 15199 9177
2591 4776 9370
7577 17864 564
2328 6603 5817
4436 5647 4734
2265 6426 7333
953 3545 2541
1830 10424 8159
8029 9718 7420
4772 4803 4135
11338 17270 9392
13893 19153 6018
1741 2257 2394
5582 10154 8618
5630 14775 1265
1310 4267 1444
2138 18814 1050
411 4594 5238
11229 18645 6373
3675 5053 7644
6384 14691 4568
5560 18447 323
62 6633 54
4135 12114 5936
4770 11553 4583
9807 12334 511
13817 19328 8806
3122 13545 8914
8220 14918 6925
10714 15812 4560
4843 15062 3004
204 810 783
2006 16179 2932
1743 14758 4857
2908 16350 1287
12084 17575 9863
838 9294 1034
9714 10686 9148
8271 9475 8450
3960 8182 1434
11200 18908 3425
8226 10565 7193
968 4803 8213
3018 4224 4390
869 1500 582
7228 10735 5171
4631 6066 8888
16679 19336 2895
3479 17407 4160
211 7498 735
2730 4425 8568
404 766 5122
4196 8241 8139
2302 15674 2744
7362 14027 9000
36 921 6806
5223 17857 6926
2142 19926 3581
7219 7675 4199
4707 12713 292
9226 9768 6972
1160 2717 8844
15061 18201 475
2770 3276 9670
10433 13583 7859
18562 19745 8874
14127 19219 3063
996 7985 3121
5668 19939 6954
7899 15699 9876
13083 19889 5473
8781 18148 6234
1737 4605 7382
2713 3022 914
43 8208 4035
14821 16277 2354
3174 16426 6441
15664 17690 7572
8333 16093 6418
1612 18218 6737
3026 15556 6024
7199 10296 217
4067 15985 5693
980 4876 7838
9275 14508 8394
7804 15173 1437
2968 3064 205
2916 3214 5366
2499 13112 8914
2562 9520 8939
7918 10980 4942
985 1709 1812
14578 15593 8690
8146 14758 4296
4869 6369 955
5750 16145 435
7397 10484 9499
1799 5086 2003
2461 6287 5373
10916 15067 4737
952 4818 9227
2268 5124 3403
266 9167 5204
3371 17309 6985
1754 7854 9848
9886 9944 4547
11050 12083 2042
702 1372 3507
1549 12048 9974
7083 17687 7938
5 974 8579
12585 19884 5654
11898 17457 5148
3904 5816 8518
7792 8744 18
5979 7188 7517
8346 18851 7042
8225 16392 4703
11491 14014 8646
7299 17060 686
288 7974 5609
4783 8500 8702
4069 15222 5971
6773 11075 2191
3411 8832 9744
16637 16704 7784
12230 15781 6448
13601 16787 8407
16588 17798 3561
1880 8435 31
756 5474 2814
0 2 4513
3188 19489 4669
7534 15069 9035
13047 15208 1038
5254 5561 3240
8267 9820 6357
1749 2581 846
13095 13426 9965
7515 9508 3249
3121 5280 937
3922 11921 7302
2226 14618 6019
3040 10623 7239
770 9101 9793
18637 18844 5865
11338 19295 5337
4418 12851 443
6295 8793 2410
18424 18941 1155
3910 16629 5090
1317 15487 5861
7467 18573 8898
695 11187 8946
899 2403 5261
2392 2429 1018
1762 17823 1997
4435 18666 1104
527 11875 1732
7730 10334 1555
1629 8305 5233
125 368 1631
1414 6207 1700
2537 3756 10
609 14892 6720
4345 5687 4350
368 742 2928
5551 5989 3984
15823 17481 3230
11018 13971 4442
6438 14761 3160
4360 18542 3469
4176 18017 459
5499 9996 3389
1052 3184 5856
1263 17969 6194
1800 10166 4489
5234 13714 410
2424 11535 532
10168 14399 2971
9823 15476 55
7664 16772 215
3526 8403 8150
12032 13405 7745
7582 11255 4062
14299 16725 2506
1568 14857 5831
8785 9385 520
272 12682 2861
905 12379 5094
10313 13894 1268
2065 2290 7431
7354 15106 3873
3249 10433 2467
4177 13921 9100
8919 11683 8762
3436 12330 2924
4713 6837 3479
10399 10681 2669
6748 14138 9344
2213 6651 1033
11193 13506 2078
590 5959 929
17986 19038 9828
3149 10085 3533
18269 18785 9189
6195 18806 6642
18054 18487 9655
9830 18142 1655
2081 5284 7831
4272 14048 5630
3536 9090 4953
17649 18109 433
645 850 6434
4662 11416 9211
4925 11355 6202
5065 9714 1606
3610 14271 3505
2072 17132 3048
168 2076 450
1930 13439 7186
1523 11500 6642
231 1158 3146
3745 18644 9590
6590 12484 8945
363 17000 1811
17073 17205 4986
10869 11040 8470
13932 18774 5108
6304 17382 574
9632 10938 6782
11539 19054 1878
14221 19005 5619
4692 9717 3624
11351 11789 8111
10071 18374 1204
7583 19296 6854
178 3896 9773
2946 5667 1094
1482 2494 1006
14441 15145 1355
13284 19029 7074
10745 17150 1116
16368 17480 7738
16097 19304 7575
5307 14991 2793
14207 14543 1636
3624 10775 5866
7146 11028 3307
2064 13594 7881
6385 15955 3177
57 2173 8596
2452 19246 7854
12138 15178 7023
11694 15545 6451
17609 19170 4850
4575 7439 2061
4711 16327 5931
421 18791 5472
4164 6995 565
4657 11222 8518
4265 15367 8578
949 1456 2393
840 17101 792
10919 12755 3873
9712 18025 905
700 16981 5485
5852 10370 8533
4907 10122 564
2840 8046 6474
1335 18591 4186
6772 16542 9753
4303 11440 2311
4496 5150 7242
4008 6405 785
14184 16494 5677
7591 19411 19
11351 12854 5062
12833 16121 6334
5357 18018 6490
5822 16985 4154
114 467 3512
4604 14965 1616
3073 8786 7245
540 9202 2961
5810 13163 4496
947 11750 6371
2660 13674 8584
1003 3424 4473
6605 6830 8070
3565 6769 2587
9733 16209 5620
14394 16400 1789
5336 10713 2079
4747 6527 4084
826 6689 6561
433 16335 395
9178 12674 9263
3456 3978 9263
10379 14309 4992
6292 9900 5051
9893 13954 3020
2847 6532 6512
9635 19439 6641
5369 18376 4384
1171 5869 7036
29 6038 773
1408 4590 1929
871 18604 3105
3021 4621 7990
5445 5925 8040
943 8710 3933
9564 15915 9395
16042 17861 7719
51 2239 8937
15444 15454 8415
1030 2810 2272
10379 17598 7249
5081 7012 7487
13958 18059 4186
427 4060 5977
12407 12679 336
5541 9461 9960
2590 2867 4952
13272 15701 631
975 3443 4999
7382 15692 4090
1304 7959 8308
14401 18151 2004
12076 12404 7960
3588 4661 9767
1903 6452 5362
3091 18946 484
9391 10487 9093
965 13185 9440
3586 7286 3760
1537 13441 2988
6270 8658 489
7489 11604 8486
10875 13202 4212
1339 2499 819
17649 19827 4079
222 604 2374
9255 18921 9684
10888 18020 939
4914 15620 311
279 14981 3054
120 489 5247
8073 17028 405
7310 13611 4834
2401 4656 7868
6097 6877 1112
1959 15354 2076
738 2105 5358
4235 5566 4509
13675 14723 1140
4284 5602 1007
8154 18179 698
2681 8979 4894
11729 12671 1464
2551 10880 2460
9150 9572 1054
713 4809 4953
4753 7983 7313
901 13410 6616
9471 14031 5288
14962 16398 3714
5220 18675 3221
5409 17615 4869
2105 7930 8945
5495 15952 3274
4576 18290 266
10980 12705 8599
5739 7814 5370
141 1966 8304
3314 4082 5289
1647 4045 8534
6500 19481 4930
4247 11374 3269
13924 14028 2594
5928 16975 8481
5761 9451 8538
7145 14153 7660
6439 16932 2214
7930 17464 8203
8418 16212 2553
8086 19667 4822
1325 10690 4165
10384 14114 5071
165 6804 758
674 8055 9163
5972 18174 604
8220 10323 5633
3928 13425 104
3168 11265 3690
661 4127 5804
493 586 8556
7587 13316 3120
10626 11432 1233
433 452 2226
15708 18529 1210
4245 18922 4836
6025 7183 315
1139 3038 1017
674 1794 3884
828 18209 9827
1507 9906 6332
12061 14560 626
978 12929 5397
287 10681 3425
808 13629 2191
1711 10816 7107
791 19144 1434
2607 11573 4400
1114 2325 2014
5546 8128 3324
2077 9363 5584
13120 17570 6966
12596 18167 7835
7830 15987 8234
12779 18839 5165
9009 19593 4772
2132 14711 3679
1101 13035 183
9216 10863 1593
7168 8947 5315
3802 15534 303
8819 15596 2993
15310 16280 6404
1293 14262 4299
5098 12905 4276
10481 16417 8236
3597 12335 5592
486 13681 676
714 3275 5673
973 3965 7726
7674 7983 1783
5908 7841 3327
707 19111 6003
16059 18046 3542
8422 16595 9406
766 1008 3285
10700 11480 5439
9712 10246 335
4426 16393 3954
4707 11079 6451
2942 5416 4718
1277 11433 9348
8492 16644 7109
8569 14886 2148
805 10417 791
2118 10085 8852
9581 14696 5049
17157 18362 8144
12102 17407 4880
1925 8071 9805
7520 9172 8385
1605 3845 9178
217 2736 4979
5214 18102 6410
12253 18096 9315
1593 12209 7322
4865 14132 2379
7800 11041 9330
7983 17877 9636
6488 19873 4156
6311 19473 3646
9403 15620 2477
3792 6163 3526
4110 4749 8245
2554 10308 2942
9155 12671 9648
1716 17514 3679
5783 15053 8149
10822 16673 4966
3857 19256 4371
12504 18506 4080
7328 8948 105
2373 10833 3110
9558 9673 7391
14259 18243 4155
2055 12460 5953
3960 9317 2082
7631 16823 3422
6958 16403 3873
650 4111 9391
734 921 8828
4392 9425 7687
6892 7897 7308
2698 7155 7062
7584 9390 1985
853 11740 7252
224 13383 9962
335 8235 2173
355 7540 402
7550 11511 2908
8899 17786 4780
8126 11042 2324
2408 8180 6500
5 43 8774
13526 17206 6939
16943 18385 5066
5702 11261 4076
5773 7962 7382
3164 8211 752
391 6974 6081
15302 17719 7691
10614 13921 7077
4446 15089 3803
7346 11739 5769
12200 16393 125
741 3180 2412
436 8687 2937
2316 2585 6499
2591 6626 9733
14828 14978 5822
10032 15015 6467
8692 13677 5041
9674 12072 9097
2476 16519 1808
5 48 5417
8163 9870 2981
6842 17073 2887
7707 9631 3987
316 7373 9279
631 16729 9639
11793 14114 7691
2143 2352 9808
13486 19327 2832
6612 8129 2642
343 1645 3613
3792 19048 9593
7507 13620 4437
1609 16424 226
4640 16183 8397
6815 18519 9777
4699 8835 3843
730 14664 9257
3404 17146 3522
17007 18778 4607
5390 18167 3556
3566 10781 2124
4541 5590 4054
120 4346 3501
1467 6687 5677
6405 8293 9355
7977 14759 9734
4136 10426 6438
3480 15170 5972
5376 14146 8498
7437 7936 3010
5348 15117 3340
13537 14630 5469
4326 12447 3292
2507 6136 2563
1274 18818 6625
12665 19164 8321
1981 4515 5340
3499 15850 374
14062 19111 7746
2018 7832 4055
7417 10353 5556
22 122 8217
13558 15348 5615
6763 19141 6886
4326 8586 5444
1343 13333 2213
14759 18899 1057
166 3034 6964
10045 14487 5576
3928 13395 1461
3107 5183 4026
6917 16812 1305
317 3542 9088
8318 12468 1630
9571 13827 3897
5692 9908 2766
16801 17621 1795
1640 2893 2694
247 1052 5961
315 1346 720
991 16760 405
2804 3110 7496
7211 13793 1436
5616 9161 1395
944 16463 9648
14249 15737 9986
12896 17037 4528
5543 12278 8254
1806 12426 432
2529 4161 8116
5056 19670 1353
8510 18475 2954
524 10189 1932
996 1170 9987
1572 13714 972
5393 7315 7088
3260 4367 8550
4222 8561 4309
5282 12623 9193
1385 18663 1086
6841 7437 1923
287 3143 5616
1071 5734 5979
11416 11555 844
6483 6701 8172
2278 15793 6586
6442 8056 7260
8334 10165 5426
3794 10960 1291
8506 16899 5629
3552 10853 2231
11230 13898 8503
548 8324 751
18159 18602 5334
3703 4444 8098
5068 6322 5304
15078 19664 755
5745 16402 9520
2612 3262 8019
14425 16665 2438
2312 19161 4051
4913 5128 927
5550 9496 4999
2199 11518 1834
1360 8672 520
669 1180 3326
1112 12580 1053
4288 16002 4442
16745 17448 8261
599 1048 5310
4363 14369 5105
10435 13302 1918
14449 18943 1065
2382 18808 6915
5967 14577 8775
5047 10574 1035
2713 16832 3051
1085 2153 2501
1747 9473 4816
1174 17376 2981
5606 7327 553
15675 16825 5242
2168 2211 7409
2046 4399 3837
7091 12302 9297
10804 19468 2130
3606 16035 9781
6570 8155 7525
7926 9705 8308
10942 16770 6019
8918 11602 8498
9 135 7326
15347 19217 8917
5903 10773 6835
147 361 6399
252 14194 8065
14669 18489 7531
11295 14433 6746
1245 12159 5776
1936 15770 5007
9257 15978 9132
104 19863 28
3315 7023 2164
8156 16092 8204
2516 11093 8275
10640 11435 6259
250 457 2578
1337 2371 6728
220 1319 9187
5054 7344 3443
898 19203 1752
9246 15210 5328
5756 14878 7995
10973 16032 8898
7830 8101 1464
7889 15298 6291
588 1581 108
3874 14310 9442
3517 3996 380
1902 2730 2174
1708 17220 21
6876 17664 60
13237 19916 4257
2670 2806 2585
3130 7683 6776
4092 5965 4228
5515 11546 6498
10635 19404 5161
17897 18046 6632
6760 19286 7755
2606 3250 8800
1184 7601 1134
6621 11885 2189
5817 6005 2078
5564 8489 8328
6032 10694 2667
11048 11199 2922
732 18833 6799
5386 5575 238
8813 9862 9267
2475 7689 4980
5312 6075 7659
485 2989 394
458 16763 6954
2749 8974 4076
4976 7174 7298
729 3904 4318
1658 2983 4925
9291 9395 7162
2207 4754 4900
14887 17759 4796
1757 17077 3746
14664 15171 2439
954 1040 2223
686 1379 8029
2967 16860 3017
3763 15480 1649
3369 3884 52
2546 10941 6352
575 11399 2409
3700 14623 3563
5594 16059 5662
6535 14584 6668
3489 9711 8381
11394 11668 3309
12031 13616 5575
1704 2466 2236
2389 17180 7827
13388 16357 3648
4537 16777 8890
1082 2100 60
1764 3741 1892
8605 18892 1262
2750 5702 8008
1337 9717 1549
4307 6711 9667
13165 13343 7149
3697 4932 5616
4982 5489 5602
2090 11369 7249
1734 18092 964
330 18420 1354
6590 12385 3082
4574 4946 6090
8275 11199 4346
263 873 6276
1674 12880 9897
2079 5139 2563
7179 14388 5971
5024 12162 5978
9081 10915 4139
1015 1391 6485
5334 11189 1548
6945 9348 6298
7752 11086 1799
5969 18084 9751
5154 17757 1101
1591 9847 6531
1810 12483 8284
8372 17122 1451
3665 6731 6253
10151 11466 4622
9094 12283 6861
8102 19648 6527
16979 16981 7767
529 6510 6901
6196 11512 369
7437 10222 7953
2931 8195 5867
3987 9142 4416
4911 10631 7293
3686 4722 9286
10800 13109 2543
11759 19066 9449
5054 14914 6232
1428 15813 2159
62 156 9179
2586 13664 898
743 12303 607
126 8609 9661
12309 17415 7472
390 4433 1450
3316 5691 4225
10779 18123 1302
5006 15439 7583
14 15 6407
4865 13641 2135
939 17594 7549
4253 17673 4328
4398 19807 7642
2724 14574 9471
2130 3246 5223
8749 14429 2289
1688 13601 218
312 17693 1329
3667 12275 3738
5403 12695 5855
278 3883 9866
4026 13754 2443
8675 16149 6219
4657 15184 8388
49 4631 8063
2353 16777 9382
2228 16673 1695
1797 14447 8245
5756 15367 9969
8982 15995 3427
5222 13523 3141
1804 1896 8896
5221 8787 7647
10492 19806 7379
12594 15506 4441
6569 12033 9062
1495 2779 2729
15902 16235 9455
1547 9268 8769
15723 19442 8808
5929 13171 2710
9890 14287 7105
14121 18187 4506
2672 4984 3334
5626 16712 3649
1626 4058 5619
1133 7598 309
3925 17077 9033
402 2638 9899
5799 6065 4475
2788 10286 1580
1491 7499 5104
7404 18913 2101
3084 7445 3983
2796 5539 5822
3281 14394 5958
2799 11018 8723
4693 12222 1944
1662 2054 923
310 3543 8031
667 1728 1987
9786 15655 5243
119 254 7095
5078 7310 8215
4950 5139 1775
17355 18739 6251
6511 16405 2750
2752 18988 6602
276 1103 7721
4042 6109 6983
9923 11846 3539
9318 18604 6414
8188 12504 3541
5183 5896 9942
14875 16913 5491
2496 4307 2104
1209 4194 5612
5230 5606 5937
5608 14894 5969
3373 7438 4341
45 14772 4105
15774 17459 1055
2875 13035 4413
8251 17646 9269
14717 18038 4698
3363 18967 9112
4050 12634 865
741 7574 2639
4521 19538 861
4366 13458 3264
6216 7808 4601
2368 2665 4095
3403 14446 160
14516 18243 4199
16885 19440 9001
5122 12342 8599
4049 5144 556
3373 11611 4110
2 1452 1504
611 7777 8733
12854 15477 7981
2707 12034 7913
6682 19282 2500
120 554 2492
1489 3142 3136
2314 7175 9298
3393 17848 4084
4955 9818 6205
6722 8893 4042
14267 19099 1598
216 13996 2551
9487 11343 172
3183 7498 2772
10336 16540 4756
354 717 937
3792 14303 5298
8602 18302 4116
5026 17087 874
11096 19358 9259
17383 19020 1151
58 18059 6230
244 18268 7923
4627 18542 423
4208 17295 5277
1313 2612 2238
1487 10819 7392
12080 16364 4141
10393 16408 9540
9108 16100 9615
178 5881 9350
11694 12176 4957
8270 11762 2686
8424 13565 230
5182 14777 9842
8598 11006 8863
3532 7823 9520
16710 17868 7121
16928 19428 7859
12453 14812 971
3918 8803 7214
3102 9957 6406
7423 17002 1683
6588 18932 3209
10350 16900 2259
2427 5604 2155
3757 11908 2922
1479 6493 8031
4201 8845 4322
706 6494 5650
18430 19062 136
1526 13261 982
9387 14060 6190
1738 15521 7204
16933 17317 3465
8448 10236 7672
429 1122 4882
5309 12448 4245
5393 12909 9618
12463 15607 4866
1660 2269 8585
779 9470 2997
535 19284 68
3705 13633 13
1691 18649 1995
1525 12576 7540
547 13955 9240
7153 8595 3187
318 9314 4236
12815 16736 82
8170 10804 409
5606 16882 7176
137 279 2841
2772 13148 2860
19607 19663 516
1045 10682 4310
12638 14907 7222
3883 17811 1025
9921 18292 5457
16567 17079 8031
477 1254 2777
3606 6201 5151
19385 19772 4126
3004 3637 3921
4624 18321 1529
11776 13068 3449
7985 9116 6936
2875 11531 1547
6861 11336 3633
54 986 880
9613 18959 1080
4567 5411 9769
13215 16186 3428
529 5775 554
11729 17130 870
311 1390 4005
15309 16233 8923
80 130 822
12870 18406 5954
1331 9346 2828
6394 8569 8076
316 1926 4204
11400 15651 4070
12512 17595 8249
10368 11881 5161
2520 12080 63
6295 11818 3233
243 1089 256
304 13417 1798
1922 17983 4503
6866 19490 4305
247 694 3152
6557 19965 5273
3503 4924 3983
2311 4057 6573
457 2852 4681
2016 2482 4939
10123 16288 60
1404 5801 5706
8413 8693 2418
569 2028 2089
2262 15849 9722
8497 15107 3760
4437 9638 4483
16987 17617 3347
2477 9751 1914
5737 5821 623
3959 8548 2843
632 2793 8727
3124 12738 8876
6217 13302 7354
2672 17040 5498
13699 19910 8159
8355 17368 234
18424 19050 3519
2057 14095 3593
2609 3139 6873
1875 3370 6665
14447 17946 7379
1827 18811 5478
6332 12505 2598
5686 18906 5334
4989 8086 4045
2482 5170 2324
10040 12323 1897
1193 1827 283
845 7537 2224
286 2254 3367
273 14140 9906
6590 19662 5665
8765 10933 3035
14954 17738 7700
7754 9172 2246
16925 17438 3423
1823 5130 5203
6715 14181 3451
598 3102 3117
8351 9992 7784
1608 11308 3034
7226 15750 11
4202 4707 9021
1297 10332 3488
11909 18732 9239
2473 11091 9632
8310 19723 8445
1171 12726 4232
4685 9031 2250
10099 19588 3461
997 17308 1303
3752 11623 2157
4369 15486 893
3321 6539 7540
10374 16721 9653
6834 19065 8318
104 11949 986
3800 6186 5802
7900 14912 1104
2994 11226 9552
14511 17011 3374
13634 15570 107
4559 19556 4933
5358 17902 6407
15781 16748 420
276 18423 5356
6224 12395 4092
8525 10814 2065
1250 3818 1216
4846 5061 6731
3478 18685 9345
13724 19112 5698
6092 7263 1984
11531 13226 4554
2455 16222 4397
5018 12991 6982
10431 13138 8392
11247 14996 131
799 1676 7930
14808 18906 5663
7888 13135 7143
11495 11856 1631
3227 15372 7330
2609 4827 8419
5933 13309 8447
3138 4280 6249
2784 15094 257
1183 13709 2022
1663 6943 799
1245 5034 2954
3089 12566 2491
1837 9700 7352
1596 14661 306
6456 14745 2290
13589 15664 2886
2573 4007 9741
2535 5346 3756
8526 17799 5392
559 4159 9404
2634 4931 9348
5020 5536 5340
14486 18711 5675
7853 8240 2012
3117 6255 9261
1277 4311 9464
2866 6307 5758
10449 15330 1021
8053 13291 7829
3626 6483 8539
908 18643 8231
8821 17392 3418
10021 11783 4860
5960 8988 9839
19012 19911 7370
1515 5549 1870
2960 5161 3515
2117 7205 7928
1840 9867 1241
11113 13345 6286
2050 4211 5568
2862 7970 4573
2480 9489 948
38 251 1186
8567 11439 954
358 16687 1324
2598 6125 6256
1130 6167 8281
7260 9231 3701
8596 14980 3898
7825 8841 9769
6245 17933 2991
5017 12162 997
6880 8951 4557
6974 15257 6334
10822 18628 2197
14569 19862 4572
89 151 1285
6940 9813 8771
1208 8612 3435
7243 7641 9308
5480 13424 4946
3163 18622 7483
8347 12206 1131
3395 19617 9761
5658 15429 2097
1182 14284 6464
5041 8097 193
11877 16060 4724
11959 16655 1912
2366 14624 7971
1673 9718 3202
1082 12753 7158
1253 14213 9722
85 1095 1508
10263 12375 3654
2892 5445 2611
7571 8963 3785
529 1985 7397
1888 3836 2704
9396 9830 7879
15895 19594 9452
2032 16556 4122
954 13743 58
613 15871 7270
4147 18503 1361
5046 6521 9341
885 5816 6818
15546 16146 3989
2473 19139 5505
11123 12120 2348
4134 7442 6066
5717 14469 693
12826 15331 8720
369 1570 7787
5079 16295 3329
6055 11998 1204
1783 17836 5058
10603 12066 7639
1360 13785 2203
1292 2804 1171
6832 13332 6701
803 13800 7129
6857 7209 8967
4211 6079 4840
6169 19676 5107
4357 17980 6099
6426 10717 337
3299 6303 41
9438 17033 5761
898 10077 9864
2960 18757 1571
13239 16746 4580
13055 13743 1883
8603 19447 8826
713 7952 9791
76 6958 2117
256 10866 1437
524 12329 2533
397 14122 6230
4621 8042 9469
5905 7839 4071
14080 14721 7249
10951 19802 3563
259 6857 9773
3405 10214 7806
8588 16237 8629
3554 5654 6522
4791 7562 2368
492 4443 9258
1625 12104 1485
2389 11632 986
458 7997 7751
1272 1848 6990
5976 8707 8492
5779 12008 7358
7079 15092 2536
7806 18915 2690
1055 8424 4541
10577 12739 3761
9556 15107 2856
13476 15586 1515
5881 6383 3768
9507 13050 4672
488 8186 9871
2264 8451 7958
16976 17008 2124
1915 17025 6799
4709 9091 6917
3236 15218 3266
6031 6401 2852
4346 5876 1621
17 119 1868
1474 8993 3277
1463 5945 6785
1412 4006 8942
3902 17724 8288
11700 13859 3156
4477 17669 2633
3395 9586 6939
135 11900 5392
13895 18761 1569
4418 13581 1013
8703 9397 2644
4315 12871 6017
744 2419 2550
15943 16777 9835
3140 7404 8607
2192 7962 6710
130 3225 497
5340 14769 9203
5195 18481 9820
4790 9853 9049
806 18716 9287
1770 19036 5625
1580 2452 6710
919 8734 9005
4184 8526 1027
3785 11404 2555
412 4922 5201
432 1740 6142
9277 12142 4546
8035 10195 1936
955 12615 3712
7727 10320 8862
2960 4035 7736
10618 14268 8208
7165 18581 115
1262 9684 7697
8370 11240 9578
5876 6608 9328
1780 13836 2188
11170 19677 6017
689 724 6875
5859 19130 5385
3818 16848 3036
13330 14951 1015
19056 19510 1083
5393 8729 9123
204 405 9160
5938 7707 4546
558 15299 3607
9740 12868 6228
11370 12352 9748
17562 19804 3393
5241 7428 9833
7320 7929 4551
10861 16400 542
11203 17421 474
11007 12722 7658
6816 18522 7926
4067 5356 1299
5035 18375 9425
3008 15405 8152
2281 15537 2486
15037 17351 8989
10572 17740 2907
553 12090 1120
12066 16810 8729
3461 13719 4909
16293 18342 8181
7422 18645 6613
7949 17125 8477
16933 19366 3956
3953 5295 4897
4567 11764 6773
7757 11123 8307
6555 11886 9784
13549 14415 2665
16179 19124 3032
7842 15251 7473
7255 10618 8264
15397 17071 8938
4422 10612 7184
1162 18259 5529
1867 14522 5381
15019 18721 2239
6518 13683 5978
6789 8128 4280
12589 15911 3202
14834 15464 4331
667 5547 230
1932 7349 6202
117 16877 1071
8030 9146 9765
14848 18957 1841
3355 3861 680
7190 18044 6674
2379 15106 8162
5699 14650 7378
10769 14500 5477
3028 8642 5371
560 6449 2860
140 8645 7728
12268 12336 239
14621 14770 7038
3285 13597 9346
2880 9376 2664
214 16325 7995
4442 5037 9654
16108 17828 7469
4805 8237 9871
4514 9559 2412
1728 4618 1039
591 1409 2059
5191 12957 9054
110 3243 4520
4767 17165 5846
807 4737 8370
6911 17367 7097
4654 19591 6816
3601 13880 8902
10020 15109 8498
1167 11303 1744
13190 18042 7973
10334 13136 1984
631 911 5703
14517 16575 3014
8915 11876 6081
716 7846 2445
5909 6132 3014
11620 18879 4392
1542 5886 5315
5008 5992 6229
2607 8647 5564
4374 12305 5030
4681 5400 3243
4256 5867 6385
8801 9393 8607
5853 6977 7757
4209 4933 9518
1525 7009 769
8931 9051 1712
12199 15584 4315
4399 16548 6331
4986 10280 1496
5420 15620 7190
1537 14388 625
2736 8678 5142
3919 6497 8098
12460 15242 2950
3489 15031 8980
9678 18865 9808
60 3877 2747
3976 18335 5713
811 5764 2046
8803 13853 6841
1295 17598 2278
6166 9808 4599
11607 11723 4106
7759 8419 3170
647 8638 414
4984 16916 8927
13 775 1545
8470 11437 1443
12781 14084 13
13700 17845 9070
8409 14260 4068
1575 19999 7385
11482 12827 5932
2397 8114 1306
1575 7375 3909
13586 17697 3989
14843 17349 4763
2830 15630 6576
7128 12065 3739
5665 18432 2204
4700 5992 8118
3515 17403 6289
5275 9063 1614
6845 17673 7481
601 2176 688
4591 6477 9274
4559 13549 4919
17031 19224 7580
3759 10253 882
283 336 7259
8420 11094 3344
7131 13543 2326
179 7781 7685
680 1165 5370
2062 11031 5283
15110 16089 4314
2721 11654 3011
283 1071 7177
7 1955 5835
1997 2830 3837
13880 14169 3180
87 4154 6294
960 12037 4895
607 4870 5925
11933 18892 6897
180 17717 4254
3067 9930 6287
3876 12740 2049
934 16194 7173
1406 12344 9376
1343 3385 6396
10095 17268 7969
2296 16300 7846
7953 13151 2776
5016 9765 398
11467 12997 7744
7884 13934 6314
996 1783 4655
3699 16258 4526
10157 10850 7741
5008 9584 6583
763 2889 688
4038 10923 5312
10269 13181 553
211 2750 6519
3963 4385 8478
10250 13258 7160
1729 3812 3149
6291 9952 3433
1567 12126 9537
9428 16929 1821
12075 18744 8308
525 16110 4460
8101 19547 4601
13305 17348 6866
6103 18783 7017
5984 12803 953
8741 15479 6970
2685 10347 2696
2662 4107 7547
6607 10782 3584
3087 9348 7393
16353 17290 5547
5322 12306 2522
4158 7484 4965
2155 8255 1828
9888 10857 8209
5490 17901 8012
11256 17399 5869
3304 6361 3597
51 14787 7403
5788 10839 5404
2161 17566 5038
12818 18396 5376
1895 9006 6368
8323 9415 4410
1461 1812 3517
2832 3360 3944
1446 4542 6608
1549 6759 191
1778 7685 4178
1321 1385 4302
6536 13920 8661
7019 9872 4130
1386 3447 1655
5196 8453 1057
14740 17666 3670
706 1463 4170
126 3133 395
1588 15663 5774
3618 4521 7809
8443 19386 7640
9372 12331 1586
2470 8331 2876
9727 11976 2159
4461 13835 7238
850 4279 7932
1323 13078 3046
15 216 8074
10166 11836 3134
9298 17663 1107
14357 17042 1975
10000 12344 3939
3544 17742 8830
193 366 3260
2611 14808 4143
4312 11948 5483
6854 15503 731
7637 18794 8724
786 12962 2493
3494 6904 2375
5905 15288 5794
5456 19369 2704
3633 18758 7079
9136 19964 6535
12369 13096 1544
56 1268 6323
12564 15427 5741
7328 11852 6953
6915 7221 4618
18514 18722 6579
3969 17893 6512
4341 7274 320
9240 10578 9142
8602 12374 3679
2399 12357 4660
5853 18858 2816
15703 17975 7540
18625 19584 7213
4833 7336 3112
5123 9927 98
7602 17625 9148
15507 17104 6804
10237 16124 4750
12422 13933 2451
1048 4328 9503
1006 1093 1480
1013 2081 9006
2626 11140 8171
1209 1340 9051
15237 17606 3026
40 195 5322
4193 11732 6646
1945 17751 4306
2880 4142 4555
2819 9634 989
260 261 4432
22 9077 7741
5604 10095 1473
10783 14173 833
2732 12585 6926
7756 12538 4084
4309 14104 3922
139 7778 5843
10946 16857 1787
685 720 177
1616 6793 4759
8732 14346 4696
8152 11302 5842
1308 15303 4135
287 19996 9333
506 7247 9111
186 4027 3722
9279 15975 3953
4769 6318 6067
438 15324 5844
7941 9757 3797
1607 3625 6748
8010 10173 2115
3938 7223 9355
8861 10949 8113
15385 16335 3491
1656 16182 4764
1772 5148 8403
7363 14912 8227
12151 19664 3593
12361 14268 4680
1338 4542 1397
2766 17028 5212
1085 3328 3246
2899 8269 619
3143 14383 6385
10194 11095 4459
5492 18778 9057
5226 7562 4638
1578 6671 9602
1103 15115 9241
1296 5460 5379
777 826 5832
9300 16884 5638
782 16001 6786
2587 6812 8449
3654 11277 236
12526 16408 8837
8410 18222 3157
5993 15346 6473
1858 10714 5282
5106 16761 4152
1572 5114 1614
8365 14877 7988
752 1848 9601
4103 15349 7916
3039 7309 8995
1445 10431 7719
4173 7745 1840
572 16357 3940
3247 10854 1001
11092 19937 7357
1181 4240 81
7826 8046 8007
9262 9354 5873
2245 3125 6032
6446 7169 9005
2591 4271 5095
3046 4019 4721
5028 13725 9815
1407 1538 4651
5221 13072 8617
11895 17833 5448
9073 19162 8294
2810 19518 6354
203 244 5500
1470 14617 4750
8795 13334 5061
131 19411 9152
3254 5725 8793
2440 5005 1002
7585 11963 4857
4357 19602 3532
16579 18685 5442
616 3288 4649
2063 14514 7927
2664 18129 2857
1236 2061 1378
9593 12926 9351
2988 13101 7177
1519 13867 6850
8257 18198 7752
2064 17359 6673
4384 4993 3155
6440 17992 3422
1851 10632 6528
3413 18050 8455
12031 17145 1996
8107 17810 5675
385 691 4033
7444 17199 2563
11460 17548 3792
3699 12152 2184
585 1230 7084
5804 9941 7830
793 15583 706
107 17840 7314
1206 13289 8460
547 14859 5720
1467 5038 7153
9136 18130 3889
5482 9426 8040
6896 17667 669
328 19705 9884
7445 18849 901
16164 18788 4587
1630 13766 5773
324 345 8773
10648 18406 6678
1310 3280 9823
9458 15322 7412
3120 7710 4807
7684 8953 2548
1432 5378 31
8060 11704 4822
2697 17305 9025
9929 11019 2582
12451 16506 5370
16 330 1061
613 904 5128
10743 14661 3899
1580 5482 4301
6023 10354 3281
233 709 5693
3785 19574 6854
1077 4614 7573
17684 18030 135
1890 3599 5104
7749 8403 6075
7952 15928 1767
1935 3677 7953
3530 10765 4975
2434 2713 2755
14130 18886 2354
7377 8673 7597
96 17315 7581
509 1090 8648
8506 16896 9997
10956 18955 2776
7496 13863 6741
2902 13532 7197
10904 16036 9118
9279 19206 7694
8476 16750 1473
14903 18759 2795
851 1395 4429
7066 10780 7590
119 359 573
2673 8089 82
3464 8090 2859
2661 3062 2193
5113 16032 1814
3848 19099 447
12681 14111 9292
3021 8190 3471
1840 9397 3745
10547 14958 3097
14104 17260 5310
1502 7886 6878
7695 8172 3697
577 651 9598
7034 12370 9427
3344 3702 6662
575 593 277
504 6873 521
1504 8113 9989
3828 4329 2023
4568 8011 8343
3745 19543 7960
6716 12369 3672
14939 16967 7744
786 3286 7376
7778 12199 6128
16216 16946 4649
1166 1315 9274
8073 10764 1738
6960 15262 295
3865 19633 4168
11346 16590 3454
6350 18193 6778
4123 7548 4744
240 478 6949
3229 10453 9170
4527 15305 3903
16869 17601 8740
3128 14785 8041
7775 10280 855
7679 16184 8146
10394 15904 6568
12797 17745 9803
3412 5420 7345
8979 19297 7736
3583 10770 9104
5379 18133 7945
732 18252 7553
10954 14719 4924
2870 15501 5829
9461 9655 2679
2505 19775 1960
10691 11824 8275
5902 17860 1880
3818 3932 3672
1847 4937 2460
11416 13319 4467
10377 15070 5036
8185 11482 5930
6778 8344 4900
5784 15602 2314
2267 3087 4517
1674 1763 8188
9887 11424 2296
10258 10912 2928
334 8751 794
4189 5105 9410
7645 7652 1437
12521 19974 2507
3697 15732 1064
1409 6267 8342
12352 17892 212
399 15144 7979
7849 13627 4405
2285 19752 4639
7083 16892 1780
10016 13782 6126
6955 14322 3868
3068 4452 2070
253 4156 3359
5212 11351 6893
1504 4128 5014
3298 14578 304
2317 2809 9005
1104 3226 1231
7273 17183 4389
966 2358 9072
2913 19885 6303
8023 10387 362
8795 10839 6667
659 15676 5126
16628 16703 5241
6732 12690 4320
5706 14598 9626
2542 11476 8585
2251 15787 77
3255 17489 8267
238 6218 1041
10483 18958 3526
2153 6567 3217
7821 15697 2725
15842 16374 1305
3736 9911 3633
6795 10590 2418
9242 14652 7600
1255 3295 4294
680 14467 4559
8103 12787 7209
14526 19188 9065
3876 9103 5164
13051 13487 8806
10538 15531 6725
1469 6959 9380
3259 16943 2788
1136 1671 4721
510 19886 5086
3771 5619 8487
8567 9002 7893
828 10173 8862
7080 14940 4620
10114 15246 8496
13164 15980 7177
619 12303 1448
147 3352 9222
7636 19565 9467
5800 12601 7964
1200 8117 4939
12724 16128 3341
2378 6642 1607
15849 17647 915
9795 12694 4040
3787 12412 6019
4714 12537 4988
6395 6709 3851
7737 13177 6965
5808 14807 9766
5590 11984 9221
6 8926 7073
1072 2038 3453
2477 2742 9670
7614 17063 778
628 800 6709
4315 14486 7782
7301 15090 7073
4530 12027 2993
8743 8820 2128
16236 18552 2520
8236 12167 4148
11520 12103 7380
4409 12858 1206
1724 17414 3825
271 10822 2709
7908 18036 5077
7134 16545 2731
4118 15236 6795
17581 18536 809
3751 6699 4193
1544 5551 973
4613 8741 365
10583 12077 8181
4550 6281 483
4415 4663 1936
17546 17938 4507
601 9467 8238
14278 15151 3023
4030 5341 1371
17405 17912 5889
10178 17289 1474
7471 17170 2842
12949 14912 6973
1080 8884 5232
11354 16059 3772
765 14794 888
3911 12815 5253
4195 19841 8428
3359 5760 2326
1821 7301 5587
4297 10965 5076
2957 14979 5792
6466 14061 2463
236 2432 8482
263 8300 1507
6246 7051 7497
8121 16741 302
1492 16404 5307
157 178 2528
83 179 4253
13342 15657 2526
321 532 3579
8752 17692 6267
1436 11656 4570
7365 9565 1796
7370 8381 8217
12237 13150 2280
4643 8531 1286
11473 19429 1576
14183 16055 3407
1845 8202 8260
2097 14029 1342
242 460 2493
4401 13399 5628
1280 12002 4728
1436 6697 8600
13332 15480 9344
5426 6800 2169
1552 4675 6594
12147 19463 1736
4689 12839 8419
5198 18020 458
6071 11614 7699
17105 18291 4472
4549 14144 8259
4311 10054 6319
5277 17692 4788
17791 19890 6467
6751 8868 233
1155 19876 4449
981 3939 7212
529 18498 7477
4092 9206 352
930 11615 6850
4075 4491 3623
4164 12852 6971
15046 18040 5211
15548 19121 8230
3189 5561 5494
3909 7390 1633
7503 7911 4081
4307 13837 2463
4691 7346 8720
402 434 8388
13437 19146 1537
13364 18446 9714
10140 18301 6490
853 2331 2604
3862 5729 4518
9700 17147 1690
417 3218 9359
5 4448 5908
4221 12534 7810
478 1567 1887
13750 14136 7383
4632 12278 6816
7981 9329 4100
17084 18522 6192
3176 4985 3928
3609 19126 8850
3100 14874 6822
11845 12043 1309
4217 5997 5069
7486 18736 7271
11030 11954 3511
11877 16433 9922
3119 10628 8838
12815 16612 2497
13736 14267 7368
573 11742 9699
5734 8415 1909
17326 17819 8314
6867 15316 8397
120 847 8701
14858 19707 7002
9011 17404 7202
3989 16896 2453
3107 6172 2749
6768 16963 2476
8571 10163 9737
4230 11244 2393
7164 18859 1943
3403 11386 5221
2459 15086 4483
7575 17919 6551
5607 8572 6725
1157 3145 9753
2914 5869 8771
4386 5690 4206
502 630 4829
4988 8623 7256
1042 1650 1894
9442 19737 194
19476 19517 1721
1082 6250 2247
7019 9061 3114
14513 17189 3605
13885 19685 7758
12950 13807 59
38 162 4577
1338 2369 5519
14836 16217 8187
9439 19861 5520
9563 13885 4535
7274 17664 3997
12359 15250 1275
1387 11283 7933
8822 9791 5153
199 884 8524
4571 11600 7196
16022 18410 3868
7483 9974 5553
10677 15138 3808
936 19033 8365
3471 4300 6592
94 3947 7702
4953 15788 8020
12962 13764 7492
7266 15172 1980
7862 12187 8541
1741 17422 3475
8775 10998 828
3197 6171 4426
9852 18278 4304
12474 19849 5238
1821 1881 8479
968 9241 7514
4963 5441 8542
11228 13048 5990
5095 6097 3935
7219 10994 2631
11860 16833 4610
366 786 4941
14365 19450 7693
11773 13321 8671
11290 14525 2856
11594 15770 4294
13473 17818 6209
9683 16941 8333
14602 16550 9141
1146 12681 2555
3967 6104 4368
1279 10576 8525
8830 9254 475
7115 8360 6523
653 3408 3735
2431 15727 9002
9065 15305 9685
12606 17970 4665
947 1758 5593
1348 14016 9800
5597 10213 660
6237 17264 7383
13301 13824 435
443 4181 792
13072 13436 9512
5306 5482 27
102 8395 4598
1060 11600 5961
4128 15618 7058
537 6965 1932
3590 3885 8270
15751 19655 3524
3369 7690 411
8982 9279 5543
1086 3824 4434
4421 10423 1771
2411 17036 3874
1708 1756 5139
14235 14437 5877
100 952 3165
310 388 5989
6931 9969 138
6074 14919 3971
15724 16813 1364
4520 9901 820
5643 18914 901
4498 10455 5799
14454 14552 5950
2091 19869 9648
4154 8533 4676
3189 19459 2474
3340 3544 8582
1061 5954 1570
7536 12440 5865
3310 16097 6128
12742 15869 3769
13018 19490 4501
986 5807 4624
5466 18998 9213
1882 17127 193
78 7250 1002
445 511 3751
10266 15791 5595
7707 13371 8900
1809 16298 6986
3079 9285 5611
2170 7617 8439
2366 2442 9999
3767 8244 3812
1051 8565 2411
2105 2366 7149
104 292 362
15375 16383 1911
2266 10325 1957
17717 18571 7761
3971 10874 6456
13457 15441 5926
1754 3194 9102
3533 5366 6128
11249 16207 1886
172 8213 2464
17465 19882 6229
795 16355 5342
2208 13506 3432
3590 16137 9966
839 4923 6423
5805 16494 7109
6695 19658 4360
14334 18635 3198
15526 19497 4556
2327 14973 9931
232 1248 3258
1366 4976 1364
6995 8625 3871
16789 18705 379
6166 7554 7902
349 3130 3355
12228 14428 8976
5161 11818 5183
9111 19764 7533
3708 9703 9841
211 5435 7903
1784 4966 8345
8303 9908 1382
9037 16089 9260
3254 16867 5181
7422 18919 1921
7031 17512 7382
2505 4040 1777
3945 4784 3517
15424 18694 2044
846 2453 6535
9243 11216 5912
9790 15480 6685
8587 12999 5444
359 15901 6993
16940 18236 4854
7072 7098 6322
13497 19539 5921
6119 11579 7071
345 3649 706
9064 11190 9814
1655 12326 1382
4480 14798 8851
9419 17493 2021
17855 18521 6751
1135 3525 900
1072 3500 5851
197 1377 6197
482 1272 112
3487 8111 8441
5174 7326 5927
10018 11603 7176
820 14009 261
178 237 1199
4022 15413 4025
2079 7632 3394
3275 11258 223
10057 17279 5152
3367 5436 9526
8253 19553 533
11040 19233 2023
539 11643 6416
5539 17026 4951
10370 15447 2558
1432 14937 4209
2935 9456 6390
94 4552 3923
6287 10393 2529
3823 16300 99
2377 10651 6930
10338 19974 43
6498 18312 8470
3573 7746 4732
6379 17759 1872
3933 5304 7913
4808 19066 646
5266 9959 8833
14955 15032 1132
515 1090 8063
6246 7799 7653
6816 10869 8921
2013 18410 5845
8982 17486 264
454 1269 9751
2096 7765 4971
1547 17868 657
11602 19735 8229
1126 1223 5684
17200 19189 6706
13540 19880 5651
1083 19437 6994
3381 4246 2186
7080 11972 8218
7022 14503 6061
859 4655 1039
13420 19049 3560
11255 16704 9789
18338 18760 3532
1282 3165 6773
8360 8951 5165
2994 10397 4723
2940 6397 4303
872 1695 5383
4020 19547 6497
2892 2935 8882
258 15314 5675
7075 10239 9902
6990 7864 9579
10056 19811 5344
5924 10733 6754
8633 10143 5184
7300 12922 1773
14882 17056 177
1297 6408 1316
1798 17436 4459
11056 16520 1001
4528 13021 8154
12637 17623 4462
2315 3116 7589
85 3713 6858
2837 12071 2749
5821 11526 6424
789 916 9942
1996 6201 7699
889 1303 318
8595 13398 5421
8844 16539 2039
5093 10155 8059
4 13488 9345
1740 5201 5343
1728 1824 2273
9978 12439 7219
6910 12660 5327
10902 11721 3877
4894 9343 2358
5672 8614 4670
4233 8407 5478
4464 7055 9930
1897 4700 3411
2889 8178 2482
4223 5679 5789
10602 19151 2052
2177 9973 6625
4797 14814 2402
1537 9392 4718
3448 10201 3996
1171 13338 3476
633 1265 1220
12547 19261 9019
2674 3820 2196
1729 9763 4556
15460 17877 7434
15914 16107 6836
11205 15398 3101
4518 13342 6471
13661 16199 384
3403 5494 2773
1266 10204 2246
13575 13703 2368
1354 4535 640
2950 7408 7089
2324 16542 2069
6279 14414 7930
685 3409 9816
9580 12645 4268
354 17469 5051
371 7247 4796
7099 18204 1633
4146 5743 6559
958 4456 8050
960 9152 579
276 4223 7150
12917 17510 2286
9761 18008 2025
12841 19027 6501
184 1597 9976
6808 18451 9719
1965 2752 5543
1863 3868 1818
32 5922 4252
13282 13639 9781
411 16903 4490
8815 11307 9893
6822 15410 1391
11468 13328 587
16902 18278 2633
848 7651 7153
274 2450 7748
208 446 3405
5235 10440 5705
3100 15520 4626
5729 11525 1695
4502 19474 5580
8548 19174 4088
6686 8465 1991
13488 14300 7387
873 18662 200
1235 4930 9480
1134 3382 417
12365 19717 5935
13143 14463 3031
16333 19004 2247
1993 8543 290
2520 8317 4060
19246 19340 3294
2541 13367 474
2826 16443 7229
13265 16785 6753
5511 5780 2836
1261 9990 9101
641 14761 9320
759 3367 1045
1573 2428 8617
4979 12144 4784
2377 4808 4565
2139 3131 1105
3708 11248 2510
4285 13157 1537
12041 14694 9287
2331 7759 2628
8851 13208 7772
12576 19105 3025
11086 18670 1232
6179 7658 1024
8156 10708 1684
6104 15676 3945
3560 13451 5478
1890 2216 2290
1373 11041 4284
428 1880 1903
49 740 6620
3246 17049 7351
1413 2533 7774
2720 14455 5273
7806 10396 4206
6205 14832 2519
1062 12760 2668
662 16933 1999
12474 19376 2099
3892 8158 2067
4222 11689 6605
6 1242 9755
2185 3093 9487
4531 18068 2004
6525 18352 1475
1449 3212 6784
4301 6444 5680
9985 10507 9494
9296 16347 8656
1651 2370 8214
7190 11340 6883
2973 18869 3587
857 2119 6494
8272 11799 9155
8505 18016 8938
765 1845 4431
12069 14029 204
4404 13870 4386
1108 13083 880
753 19434 4451
879 12652 8177
13996 19397 3563
7040 7512 218
301 12222 5032
1823 2249 5783
7450 12876 367
2433 11593 5964
8946 10893 2457
89 943 2592
8404 18807 4725
1913 5066 3956
2234 15752 4362
14355 18163 4337
471 1283 3143
3163 12179 7502
16688 18819 1261
12643 19708 7764
5983 8015 8092
17763 18167 7801
2632 4639 8791
5518 18980 6628
14495 19877 1953
4839 17498 3361
2355 12083 7179
8386 12911 1520
6953 15770 2774
364 13641 9426
351 797 9515
9052 16197 7552
10298 17754 6931
7305 9560 5111
680 14396 2570
9510 17728 7857
11287 11906 8437
2297 3477 6334
802 4102 6977
1287 14036 7971
11402 13688 4203
6150 18697 2658
10607 18804 2865
15562 16106 6690
1488 8916 5218
1275 8675 5732
1518 6127 9324
7227 14995 681
1294 8496 568
12226 14357 3345
2957 11684 1768
3079 9712 5157
4547 19216 8223
5376 19403 3366
3013 11686 5099
6584 9122 2813
4995 5662 4450
842 3375 5722
855 7745 3444
478 8457 4344
14207 18779 3160
5448 6577 5194
961 10805 8671
8489 19676 9698
2645 15564 638
7926 19460 6234
6141 12673 881
132 12653 1837
3353 13256 3987
775 897 4788
4093 14644 697
5295 15885 3842
7245 18713 4536
12863 17511 9631
4359 15560 97
1114 3975 7291
13990 15198 5222
4285 19415 4513
14584 15351 8477
1425 11125 5765
9201 11564 6439
4413 16597 8185
17151 17434 2166
475 902 2263
5494 15355 6651
4406 15022 8315
4158 8450 7402
4243 17479 5727
5831 8458 530
997 2416 7084
3400 5209 7362
2136 7062 3575
5313 6230 835
13913 17849 8440
2509 2729 1215
3653 9411 3316
2121 16650 9444
7410 15529 8522
2848 11040 1029
13612 17599 1447
2367 3412 4808
6336 14817 8050
1207 3253 6453
14232 19512 9923
1820 1994 5042
5568 8453 8635
4462 13933 2853
2987 9443 3744
4892 11686 9300
13118 19068 345
1283 16773 7723
3325 8955 6520
2907 3596 999
12159 18318 8345
17180 18149 408
7217 8652 1011
2619 6009 8474
316 17491 3438
2010 7805 8922
1352 2464 8555
1548 17142 690
6385 7048 959
8840 11786 4678
7253 16077 5104
2739 15179 363
4099 10013 1336
1590 9888 8510
1677 17292 8997
6524 10496 8157
5122 16880 4225
7703 17615 9759
191 276 2591
8168 12516 613
106 9060 5109
2067 13904 3452
15240 18720 187
172 2974 3983
7909 13446 6732
14692 15022 7860
340 4299 4009
15920 17831 2616
2601 12335 1849
2779 3719 2937
3631 4270 3607
4469 5840 7103
1694 14406 5717
4643 7801 6066
11766 13136 7804
2265 10015 9925
9385 15349 6134
2868 8133 2428
550 6758 2802
2733 4097 2210
2449 5152 598
5242 9851 6014
5035 13304 59
611 1614 7930
13131 13323 9378
6410 7357 20
1061 18307 9007
3808 18118 9141
1111 7309 9084
2844 3121 8659
653 6345 2105
7181 14977 7049
912 1745 6011
1224 18875 1667
3411 17737 4053
7185 15884 7252
11070 16991 1862
6470 12666 244
2827 5087 7594
8723 12801 5579
12369 13899 1250
8357 16309 9466
4893 5461 8334
7766 19954 6297
4506 4719 3887
768 8467 7589
4648 12287 8166
11820 12108 9108
4168 18972 4158
2223 18403 3889
1599 13805 8718
3180 4531 9
333 1011 7143
13075 19300 1242
1257 1525 231
6574 11283 1883
3450 4174 7787
365 8972 5542
3305 11679 9673
1216 8653 5615
827 9858 9409
9215 16814 9542
2638 4927 1487
11302 13788 5840
15954 19946 5593
14540 16512 8302
10469 19728 6290
1363 3324 2047
4400 4666 3933
11554 16880 3054
3976 10399 6476
3096 6886 5561
3122 6931 4385
244 320 1049
1217 12330 8710
19090 19814 6236
6845 19271 2167
3406 4305 1860
4939 13276 5417
9767 14153 820
974 2121 2158
15604 19771 5416
5010 13443 8645
11063 11458 4836
7889 8539 1953
1490 2032 8860
9528 11179 2834
6329 6428 5584
682 6320 5932
10609 15900 8199
5132 13370 7176
2035 2292 907
4156 8047 4161
10777 12318 9766
3250 4261 3044
3787 16647 2580
134 152 1289
8219 16441 5122
1426 6091 6393
4747 18116 6170
5693 9953 6676
771 1088 5616
5998 15862 8827
13812 18847 9692
2039 14055 1145
8319 19562 8508
1503 10079 9712
2895 14307 834
3580 10172 2072
7751 18682 6609
551 18936 3526
14383 16312 5781
371 6753 2967
6774 13306 7976
2770 6994 8
7756 19496 3532
15489 15948 7778
3500 15787 2140
2627 11466 1553
10593 14262 4633
8491 11808 5733
3968 17787 29
1081 6175 1405
940 2890 8180
3953 15692 5682
6467 8371 3225
3877 4014 2940
2759 17402 2442
7621 12541 5285
14544 15720 4760
8007 11305 6213
162 1510 4179
4171 19819 4409
9157 9822 139
11417 16146 2958
5143 5296 7242
1463 15865 5631
556 1216 4483
176 1224 4969
7675 17006 9166
9645 16262 5486
14182 16686 7647
11419 19630 9569
9150 12557 9102
8203 15632 3016
12499 13964 1465
8259 18682 1693
161 11540 7943
7305 16111 1584
5390 14123 6281
2494 12190 2939
2466 10684 6819
6831 12596 3882
1740 14837 1618
9668 10181 1002
5002 14349 6041
5142 9667 8609
2371 4212 3442
9506 10724 3691
1343 2533 7980
426 6218 4865
924 2504 684
633 1824 8507
421 973 3871
9823 10365 8802
9556 16452 6556
671 2557 2903
6235 8343 3841
1638 12797 9181
8713 16389 1381
5448 12759 1561
8795 8879 6636
13631 18632 4685
3500 4242 4143
7002 11129 200
3398 9546 4624
2279 13128 7460
6017 9836 1501
215 9928 5846
43 66 9969
3332 11549 6700
32 1178 2842
16216 18029 3383
2019 17561 2845
1543 11729 9691
1799 3925 1851
15073 16421 4536
3937 16991 9707
2909 8283 6695
10858 18169 7845
761 6798 6037
6073 8162 8883
2165 9907 8
7268 18869 16
4452 13581 2412
249 13089 5718
8355 8625 1934
10459 16677 9450
5136 10771 1302
6106 10282 471
14087 16227 9019
1121 2098 9839
5145 8754 8873
16271 16701 3271
8052 10148 1806
4241 4606 8043
3807 7845 9007
197 4660 3615
18253 19962 3350
6676 11848 4909
9381 11555 5549
5052 6383 8336
7107 18735 9631
4454 7448 9192
7250 8322 8288
195 11889 3462
10866 15980 9825
15193 15528 1055
3645 4554 558
3060 5968 6933
2430 10388 1966
17051 17319 8498
10450 15050 9074
1955 8899 6303
9994 17943 8075
1490 12172 3380
38 3475 8561
996 7355 3663
11903 17729 718
4314 11617 7773
3606 15084 1239
15143 18556 3561
5039 10567 5023
9051 10113 2448
208 6165 7728
3887 6991 3435
10702 16740 3907
1034 16096 2689
4938 5028 4333
13215 16073 6857
6889 15712 5787
14273 17254 7631
1296 13728 2013
14093 16143 8072
8025 16606 1060
5353 6593 2217
3657 17126 2627
8026 12931 7967
1574 14652 9385
11205 14030 6648
2725 18637 7002
5164 8038 8387
13505 14728 9590
7329 14581 9729
5169 15591 2812
8028 8507 5216
8804 17473 990
16189 17645 1153
4051 7026 1456
811 1308 9798
12157 12431 9887
2828 18914 193
10702 16311 6492
12392 13375 4720
11331 13984 4064
4183 4913 2879
4874 16691 9988
972 988 7072
6549 11167 165
1734 5486 9452
1836 6058 2267
8683 10155 1871
1682 3202 8469
12434 17166 9024
8581 14592 6126
14 224 4937
2699 9403 1888
413 1077 1289
5425 16395 6410
8991 17355 1028
4875 14400 7706
770 8692 1975
8295 14679 4007
8401 18059 8039
1223 1949 6851
2053 19975 1774
17571 19101 7109
14897 17428 3679
3512 9409 4779
9065 19327 9126
16224 19061 3551
510 18329 345
2773 4796 8716
8810 14919 7012
8436 13546 620
5453 7087 5447
6680 15717 7728
243 3115 4921
9379 15471 599
12518 18249 1005
3083 9820 8945
4327 15516 5676
443 4526 8219
3127 19935 1508
5074 19262 7380
9471 14794 4256
3253 15209 7470
433 2797 4473
7175 8163 7596
9015 9891 8679
7070 7255 3818
348 484 369
4136 13578 3235
2884 4837 3198
10127 18033 8373
5483 19319 1516
916 16608 8510
980 2113 2945
1626 1787 2409
4038 9802 1895
3027 3682 4218
10591 13625 7241
827 6762 956
5915 11223 2520
17958 18020 8730
2098 7252 7993
9771 17523 250
1373 3279 2933
3838 14191 1189
2353 2373 2152
1544 4302 1074
7835 14984 4916
9085 19306 6847
5504 16323 1768
6031 10215 1573
650 706 7216
6409 6736 8824
11708 13834 9000
9835 10960 181
260 9086 3035
933 12547 1647
7049 19243 501
2510 15749 46
11766 13970 8489
3644 5232 4892
1014 4816 4659
360 1532 551
10493 12124 5296
10470 18896 5908
4675 15531 3258
6749 10852 478
12262 15759 5351
10497 17338 2684
13553 16093 5146
6228 18625 2703
3423 15934 5162
8610 12146 6128
3359 3862 1306
996 1802 7638
1590 15446 8104
3095 19326 4261
2635 2968 3917
1726 12687 9292
10451 18488 5734
2783 8291 5026
1274 12167 6931
8449 18749 83
3232 12398 3289
2989 8168 2028
10413 16396 3389
4005 10902 6915
2739 15861 3965
702 1309 4931
13150 15931 1993
15947 16086 3996
1704 13743 616
4751 7082 1160
9407 19834 4029
898 4711 2050
1573 6984 4296
11048 16606 6220
1454 14938 3699
14016 19225 8058
1878 7312 9837
10103 15872 2250
9939 16226 4990
781 3660 9179
2921 19918 2575
831 13976 7472
3901 5192 3465
5413 13204 3743
7081 12813 9380
3699 19618 2032
14571 17650 3807
2858 5426 5595
878 5269 5599
9389 14893 8167
329 13200 6059
1856 4316 2087
4923 5892 8426
823 8643 7371
156 788 2016
3494 16305 9519
19672 19789 6261
3425 9303 3713
8058 17584 5087
6214 14418 9027
6529 12320 9197
1535 3123 6487
15936 16916 10
10316 13141 537
11421 18764 7093
7707 9413 8796
7080 14812 6548
992 3628 1297
780 16713 2635
986 5019 1502
4232 12361 4956
10013 18035 4696
8081 11455 4208
8420 16626 2513
775 8960 3260
5618 5645 4232
4661 5264 8407
10752 19052 6531
8111 13478 8630
10464 17285 9053
1970 3775 5765
5993 11650 7427
6548 13972 7039
6283 7051 6664
263 732 2923
9637 14667 1862
1861 18789 6086
7017 14772 4240
35 17334 7333
4687 12288 1762
999 4507 7081
2798 15946 322
12341 16574 6885
8858 12250 5818
6794 14553 4126
5845 7763 1807
1405 19529 5527
7009 15720 3237
17617 17696 7558
688 1415 1881
6150 19584 8435
3275 4664 3959
989 13705 7967
16 185 8340
16986 19731 9743
8272 15597 8336
1622 12969 2441
15891 19332 9121
940 9229 58
886 16253 8167
11166 19822 2502
1284 1490 9080
9044 15389 5309
13233 18652 8916
8160 19308 6745
10 14638 2729
1084 18262 3768
3614 6693 2370
130 8466 5076
1477 4697 604
10188 14344 8043
4054 5757 5007
22 17231 5554
877 17941 3139
1359 15937 2755
6579 9010 8799
1758 13420 1302
3713 4978 2979
823 13476 7157
11813 15407 3061
17069 18884 8120
2358 19750 8099
16481 16530 7808
258 4988 7373
11561 16379 5145
13419 19040 4261
112 7797 6781
526 6978 8441
10427 19368 1595
12108 17306 4861
1057 1063 5970
1819 12203 731
3855 10427 7580
2806 5224 5125
10104 13883 9122
2045 12027 2030
5430 15644 5275
57 13883 8077
16290 16380 4615
258 8636 8124
11655 15623 2932
830 1762 5906
3433 7900 180
17604 18770 8297
5384 13097 1815
2351 12028 1611
347 15071 3881
10846 14292 864
1581 13471 6271
8174 14174 2334
3716 16631 6492
7179 8504 668
3543 10318 8422
3937 7462 8382
1505 4691 784
381 8422 7408
9442 14608 2461
14138 15892 3638
1450 5472 6197
2841 9059 6122
1991 15326 3928
858 3493 6863
5598 12616 2056
4824 12756 5723
141 3931 2053
3468 14660 1964
12476 18554 6313
3460 8704 4488
2684 3840 4288
7265 14573 6091
6439 9752 7111
9229 16414 8724
10980 18016 1474
6125 14509 4991
5558 6287 6364
2207 4221 4532
4965 6888 178
459 1378 268
470 12468 4334
13032 17384 119
2578 2699 1762
3616 8818 788
6414 15246 6648
624 2641 3740
2657 3653 5829
3171 5124 9118
16710 17347 6990
7461 14750 9353
7840 8772 9150
3415 3688 4595
2873 8704 2607
6686 10420 5673
162 325 9973
3390 19111 657
9226 15277 7412
112 5375 7181
8131 17034 2769
1678 9110 8702
13064 16147 8929
11528 15802 5007
13936 14826 5548
19798 19865 8028
10381 14877 7819
5557 7793 8971
194 220 47
2864 14088 8915
3689 12375 6468
2679 11763 1141
6905 11857 5272
1721 5309 9577
9740 16439 4850
4905 7193 2725
5443 14779 369
10000 16377 995
5832 6374 1921
4836 7060 9374
6397 12883 3333
1926 18446 5859
2877 18407 3716
8369 10379 5437
1560 10176 4607
10950 11618 7582
2795 18133 5657
8689 15554 1656
19720 19872 7065
4087 7770 873
9000 18308 4354
7532 8148 244
6055 12217 9685
11 70 6760
16726 17174 5347
9807 19691 9581
4987 7267 9135
833 10190 6469
12184 12747 1038
1231 1999 6732
6191 14936 5415
4406 19654 655
10258 13509 6971
6712 14856 6505
578 18666 1306
1894 2776 2012
13659 15363 1224
43 228 9301
12966 13727 3307
5524 7864 5631
2191 9837 4381
6208 11803 1609
6864 11343 3720
111 5336 2823
1953 2406 2676
11151 18593 1077
953 3928 3895
4674 9753 1906
1937 2178 9656
541 6959 7830
6621 13948 4880
19 1397 2147
4034 5635 4957
7349 18225 6981
1647 16964 4062
2261 8550 4573
5531 5680 2029
1784 14599 9359
7116 14342 2061
3457 8339 5267
643 13110 3609
3902 13634 4002
12066 17632 9994
6809 7952 2826
6341 16569 9024
1295 8290 4956
600 11745 4217
2280 13683 2404
12191 18446 6748
6090 18024 6381
6577 17921 2717
980 3001 6880
7901 13988 4251
2150 4572 8387
4040 16329 1356
13577 17198 8262
2659 3440 7034
13226 19729 5414
7183 18307 4736
536 1723 7299
14377 15615 6395
2069 4793 2865
6077 13219 162
1136 15761 2860
2883 4372 3521
3069 19860 9283
818 3986 9257
9216 16113 9644
4593 18021 6706
1150 2849 1198
928 14350 3970
11140 13217 4235
8444 18479 2570
4738 15038 624
685 13301 4955
11881 12340 1393
2315 5253 1599
2481 10714 9457
9307 17749 7701
8287 11530 4374
11476 18956 4142
11094 13501 4064
5336 16617 4093
3793 11401 6509
6486 15236 9810
7062 14373 1318
2136 9701 732
2003 10237 5446
1206 1247 4338
6376 13228 7076
5660 16265 8772
8857 15147 4534
4965 8256 8823
6520 11024 5841
34 1654 4316
9271 14709 1593
3811 15743 3599
14838 17504 2445
379 5885 8055
2247 14795 8837
13021 13038 6040
3061 17718 5692
425 5381 1649
16775 17240 709
11440 16947 9631
3820 6459 5151
8548 9130 5105
670 16981 441
7408 15570 2278
7353 15562 4955
1664 1717 9189
3550 8008 9387
371 8972 2532
19035 19777 9863
9694 14485 9033
2303 9844 250
15469 17468 921
11121 14975 4001
11631 13422 418
11665 14746 915
14019 16634 4914
15903 19343 2119
12484 17678 470
917 12683 2429
11848 19895 2367
7764 13063 4346
287 17082 8618
2579 19067 3026
4016 16765 8405
5173 16630 4120
14096 15004 9310
5207 10319 2102
5098 8471 347
4211 5143 5099
2714 18910 9936
550 6012 8554
6321 14903 9112
1182 13200 4048
1619 16259 2417
10281 18538 725
6725 15745 421
10327 15814 7153
3385 19949 7711
18666 19761 62
17114 18287 7644
4409 15864 3180
6104 11408 276
7757 15137 5607
14802 17567 6741
10548 17660 7418
3866 15045 1091
525 11032 3612
11400 12772 5135
8380 15989 3074
11635 18809 6678
15020 15907 7308
3262 3771 5746
7112 15396 8653
484 857 5690
1231 11979 6008
5459 11789 1101
15405 19100 8513
5292 13431 4853
1307 7948 252
1964 16516 9619
13325 19859 4699
3815 16987 2964
3384 15690 8915
11760 12747 1424
11915 13232 2077
1083 12286 520
3448 9602 4904
4503 9267 8355
8541 12779 957
5226 11785 366
2219 15449 1216
2927 14060 8932
1129 7515 2401
3953 16851 11
8251 8521 250
95 1327 6303
1968 16553 6237
13052 16902 8884
7875 10084 5810
408 8715 8133
2872 16200 6565
4991 10684 6973
74 201 2498
8573 15138 1847
12378 15589 7397
5012 18215 1057
324 716 6736
875 1318 9914
487 3929 9071
3484 15460 4794
5005 15039 9124
3030 3968 519
2710 4593 8451
15103 16854 6848
791 2351 7878
13441 14173 6228
16612 18461 7084
570 1501 6487
7186 11138 2751
14508 15841 5282
260 4201 5708
2305 6476 4283
575 1731 8260
10673 10717 8040
7884 13123 6643
14448 17636 4707
12094 14588 4599
1823 14547 4757
6849 13177 493
10065 17503 3163
9146 9469 3631
3199 6434 4107
151 526 8351
7786 8935 2629
5114 10699 4876
11470 18315 1530
8422 14591 7246
4477 7713 7273
4698 18635 4889
9135 9712 2497
164 3678 372
5288 7286 717
11158 11515 1662
8460 19688 4962
1850 3682 460
3991 10126 9600
10306 18921 5924
6851 13441 7061
1100 11492 3937
10332 17210 6244
8958 11288 9332
562 4084 9647
261 409 8518
7232 10262 4847
10139 19206 4257
12798 18328 1653
2890 13394 5572
2512 17763 4009
5251 16526 6692
105 165 4485
3321 18029 1866
16804 18838 9344
4947 6008 8695
10524 16040 7703
3837 18885 4732
190 10745 5294
4043 12158 1950
3476 10427 3545
3376 6983 7277
9776 15379 6552
7176 14882 4518
5631 14172 7802
3276 4086 9660
9991 17884 1904
1454 6329 7521
7801 13383 5604
2684 4184 4246
1182 2498 4421
3862 18228 7256
7462 18139 3910
5023 18101 3738
13594 15362 4679
4963 10136 7213
166 1396 5416
1200 17137 2541
2742 16240 8243
14994 15480 7424
17896 19982 7183
5557 12778 5564
15554 19863 8838
8168 15793 1577
1353 15579 2113
10656 14817 7919
6148 11914 1884
7419 13117 2700
1540 13579 9236
626 16392 1450
7194 18267 7566
12746 17578 7110
9055 17780 1673
8 9666 1631
4572 6421 1646
3457 4080 2155
12489 14147 6877
17413 19395 4037
10178 13260 5468
2424 4296 1256
14896 18558 3477
3321 11326 7288
7649 17328 4115
3760 16859 9132
3682 14581 6370
12783 17279 1196
6351 9967 8837
16393 19163 7400
3073 8777 7402
4896 15179 2954
976 1083 259
7192 17956 5658
2933 16155 8662
748 18937 5243
3363 5545 5227
1987 9552 9737
2910 5618 9457
154 13969 7072
8494 19616 1492
2861 13568 3765
115 5962 697
3085 19172 6402
3 44 635
316 1413 7786
5854 11474 2036
5841 14186 5402
4359 12905 2455
5523 18836 5659
1314 3597 8679
1170 3027 4711
2791 5896 6447
4228 18007 8432
4414 11687 2492
1588 12433 8988
3567 19837 3938
2518 3807 6577
205 1152 1638
2180 3092 4209
2910 2960 9726
1876 2969 3422
11087 11254 6419
7798 12108 7412
3704 4357 9351
3317 7978 8885
50 18246 2982
817 2639 2374
516 668 2741
12991 16743 609
2649 13889 202
1083 5409 7209
10169 15042 1146
7352 8210 5892
937 4208 1740
1752 1835 7471
14793 14806 1885
6765 12700 1068
10532 11571 1771
3828 5031 9608
1289 3202 6531
5481 12096 4504
7971 12034 6913
3958 19626 3268
893 2449 2242
872 16888 9405
7167 9454 5875
663 7142 7802
8822 8836 8843
14827 17493 9552
1054 13610 468
12104 12544 9378
5839 6205 1818
14489 18509 4214
18003 18666 185
5248 12827 8591
1582 8585 1517
563 5205 1416
10763 13266 8918
6313 11928 3234
16162 17254 6603
97 7402 9321
3680 11649 9956
16350 16615 2644
1800 19587 1955
10103 16588 6589
3791 5263 7567
1237 6805 3348
5883 7069 2437
8237 13673 777
6367 7912 3719
13795 18588 7374
7 3509 9614
2700 4861 8082
11780 12910 2312
1658 7585 6094
2241 3106 4898
1863 13868 6173
1486 10502 3143
9750 13849 238
2286 9916 5552
14579 17069 9761
12717 15394 3814
6346 7012 1413
2763 9870 6682
97 2745 7238
9401 13950 3700
14907 19424 509
1361 6924 3440
527 3760 8800
640 1024 3846
2137 12515 7141
10888 18249 3127
10467 10825 2722
478 1617 4304
5979 6793 296
3849 7254 9888
6392 19814 4889
5466 14997 2192
6824 8182 5906
2184 6833 8731
5758 9004 2030
10850 13736 2903
1377 1410 3834
3935 9933 691
9470 15185 8035
4650 10883 9733
5417 9573 4699
12780 19973 2917
327 3271 3316
28 3860 7678
977 1421 6436
3923 6093 6497
4237 6944 3179
4472 15737 6990
4521 15060 924
9386 19288 4534
209 18574 647
94 2525 4992
4706 19462 9357
14667 17069 2241
13656 17798 9377
8402 18868 2555
3679 16393 7116
5797 18851 5948
1963 9383 8134
7392 7552 1630
3166 9582 8562
2977 10378 6460
18664 19603 9602
10249 16161 7282
1314 16999 6988
1282 5372 2623
10034 12022 4741
503 1730 257
3385 6100 9221
6367 13134 4071
6684 11084 936
11141 18664 832
3430 4651 6662
9137 17128 321
10084 12766 3778
2051 9913 488
4285 12951 9997
8068 9065 1096
2346 4774 9040
7679 17156 2690
4 8153 7403
1540 17578 6284
2483 9921 6223
1523 6751 5071
6367 18456 10
16387 18405 3473
14089 18489 4714
11831 18122 1756
8683 13762 6698
5233 19928 1236
8828 9606 5802
12479 12648 9492
923 2792 8693
9139 10518 7968
14140 17209 405
31 19069 3051
3608 9133 5718
5993 15123 2033
15892 19389 2007
11214 16967 540
8312 9772 2134
5099 5270 6901
603 1980 8602
1262 7475 1113
4557 10276 3741
9442 9786 9730
14360 15232 5826
2225 4851 5775
4065 5012 4157
2779 2929 627
14007 16848 8895
2645 7383 9645
11559 13092 2133
14088 17954 99
13543 19123 142
8122 10059 4043
482 17032 6560
15449 17463 5091
7257 14922 2368
12217 14448 7366
2787 9515 367
140 2342 632
2739 19003 1909
311 13294 5263
6325 17327 9802
15304 17133 5966
1686 16277 9873
10783 15733 5076
1785 4702 2798
4599 6811 8766
3773 5073 3012
9041 9494 1578
933 3018 2836
482 7015 4557
862 8864 9318
6607 14647 9160
9304 16923 9959
5088 7295 3498
7701 13405 840
78 4661 8499
8655 12994 74
7598 8283 7352
6307 7651 3513
3703 11572 1035
1723 3880 1774
14975 16560 8667
5372 7213 2737
5129 9598 2552
6913 17149 9266
7773 8201 5765
7608 11637 6811
8234 8590 1505
10295 12449 7520
5823 15251 4837
4662 6960 2285
1034 19927 4726
15647 18775 9365
15620 15805 6016
606 18943 8537
1868 17525 4647
137 760 4421
2167 2471 7729
11565 17311 9480
3069 8087 1394
110 5180 6559
5502 9121 5216
1644 16701 3173
7256 11290 2993
10814 12014 8267
12066 17592 533
1040 6485 8545
15368 17593 6700
15899 17854 2688
1191 4712 2505
4035 16179 6636
1090 15298 7441
998 10558 9332
4045 4050 1204
116 333 4942
7933 14794 2237
6560 16979 2916
1364 10705 5817
5565 11470 5711
1506 17724 9405
10287 15420 9274
1597 1965 4049
4603 6796 1115
2419 4342 7664
3214 13828 9142
3763 9835 2868
1301 15736 6475
18088 19972 6962
6980 18936 7115
5516 8217 9606
822 3583 6117
5648 13920 6614
4291 19579 228
1150 4005 8098
9299 10608 1742
8892 14092 9316
4051 10072 8980
3538 14597 782
269 610 3629
1507 2374 5591
6235 8795 5662
735 1191 4820
2766 11378 250
370 8488 4922
6076 15928 3808
6557 10763 8300
3681 3829 4672
5430 11586 322
8632 14373 9356
18806 19097 7810
306 14048 6676
7423 19338 7739
2269 16325 3759
9777 14404 1794
288 380 6375
953 8279 1824
17418 19740 7264
50 2271 6444
1429 14989 2539
8148 17966 5647
6084 10757 1862
941 13552 4219
10399 16022 7873
6824 14362 9100
6563 17974 8741
2974 9805 3745
4746 15007 1561
9835 13531 1062
3950 16450 1826
11952 15658 3858
8970 19780 4381
8809 16932 7555
4437 8537 2761
8579 14670 4221
10517 18765 1112
13541 17966 521
2017 19672 5799
1747 4333 2305
265 777 1003
5044 15361 4904
8012 14893 7490
7155 9381 2993
1458 2272 3870
11706 15634 6595
44 1182 3202
9833 11584 9180
14911 16147 1488
4569 7244 7853
5829 8603 8448
3211 14943 783
976 14260 6785
8086 10457 2836
10139 16015 3418
4006 4561 756
14136 19456 5432
1303 4642 9490
18762 19726 6079
2133 7082 4125
6093 14597 8177
8405 18642 8259
2071 11273 3967
711 18134 931
3958 19073 7163
14555 18347 8307
3522 5389 3799
10962 17905 639
279 18686 8826
2717 4910 3755
2038 4094 892
8076 8159 5776
6424 15774 2305
4124 16966 6065
6365 18469 3555
2625 3380 2733
4491 6811 1188
13854 14350 7208
9841 10206 3637
172 15135 2222
18720 19922 2100
10284 14991 595
8867 16076 2401
3936 11635 2982
6031 11962 274
1148 1263 3543
909 10572 7020
3478 3874 9810
14514 19002 8279
7605 12601 9960
925 13774 7331
1601 13705 1309
988 12574 8437
16778 17462 2883
8242 19502 4507
13528 17191 5371
5541 10086 1687
748 8909 5781
11844 18057 9296
1373 1375 1360
661 2742 2410
14229 15199 9296
2043 2924 2101
1343 3188 6254
1518 18206 3816
12429 19095 7482
6506 7178 8305
8300 9027 7548
5493 7880 4648
2177 7378 6123
16445 18781 5050
709 951 7611
1799 2740 8555
252 4408 5262
721 14400 3914
2166 11595 3939
11441 13092 1582
15174 19950 8274
5581 13992 9003
11716 14154 5931
4838 14894 1556
4262 19966 2237
13509 16331 3382
7981 8488 8087
608 13310 8407
8478 17399 6954
337 18704 4654
12 2155 9262
2674 13095 4831
3934 14150 1907
6970 18266 8651
8172 9970 6279
3832 4486 4520
4123 7322 2307
1255 7154 39
9746 16226 4655
680 12565 3114
15806 19173 4506
11280 16728 5290
9257 11936 8103
9472 16536 9178
4139 17651 7163
3189 17420 3645
4815 8143 4840
287 319 5330
16251 16971 8807
6312 18076 3525
5510 7992 7325
512 6314 8111
7904 16797 5029
1302 6540 2277
1908 8273 8316
845 9926 3928
678 2375 7131
2535 6419 815
11335 19526 6724
11760 14964 1634
5466 18705 4439
10381 13706 8905
17708 19276 5495
15465 16248 18
2510 4999 1258
8782 12228 8435
2914 18880 9160
1370 1839 6527
3801 6780 4876
2724 7313 104
6105 11103 2569
1816 11440 275
12244 18937 4034
911 9393 5524
14530 17669 4400
347 2438 2282
4180 8157 9237
7428 17559 7201
6472 6934 3384
15816 18431 244
591 17456 6620
2980 19048 5368
346 395 7941
13099 16672 9270
18559 19596 5293
2944 5447 3924
6920 16965 2633
1205 1220 2925
7209 18154 1933
4849 18827 2387
6623 7421 2306
770 8516 9909
4 14427 7173
8102 9165 9727
15864 18682 3823
9530 9731 1575
3526 6198 1841
9036 14066 19
3960 16649 344
4249 8940 1701
1566 13956 4498
690 8962 9233
13997 18138 5736
2303 18562 529
13353 16742 6334
3295 7842 90
13365 15716 5689
13347 16591 9651
10535 14003 6177
1758 10906 7519
2991 9902 3695
5618 8331 4619
1260 6594 8158
2357 7830 5242
10956 11467 5039
11256 16935 7872
3463 6309 6305
6556 19280 3870
17443 18781 2837
4109 10087 2983
15062 16534 1591
3977 10838 9309
4709 13189 212
50 2413 8400
15336 17765 1735
1746 12826 8847
187 6534 2218
2252 16522 735
13551 15873 3009
5554 17283 3784
11015 11618 7554
6279 11226 2643
2698 7818 6210
13005 14447 2210
9547 10307 9060
6737 8071 6625
9876 11163 9182
3043 8653 3131
9899 15281 5966
1173 10576 654
1284 3516 1077
3528 6238 1804
7252 16528 9379
11583 16916 4874
4179 13744 668
4083 12094 5076
473 8404 6529
4053 19338 4589
10741 18717 6155
4447 16842 7100
10044 13275 5084
13200 15211 9532
2971 18584 1796
1191 12371 1025
1742 2212 6045
9799 19486 9904
331 5763 3176
2844 8269 8514
239 10520 6758
2033 2707 7338
10767 16071 2637
14101 16452 6955
4125 15481 1888
8 16465 3487
3695 9905 36
1947 13827 853
1786 10677 2535
5978 15710 590
3146 16719 9461
10942 13745 4057
1620 3788 1907
9449 12936 4548
11630 13987 8473
652 686 8202
10462 19792 2142
1685 12759 7118
894 1354 8289
3592 9264 8864
628 5449 1580
4398 17750 4018
12898 17576 8546
16790 19044 929
3053 17355 7927
254 14204 157
11331 11745 3129
7940 18897 7851
13567 13629 8701
5978 7618 9673
5834 8435 4500
6427 10041 4313
6120 8597 6964
1038 4834 2670
4417 6274 7034
2361 11951 762
4235 13806 7213
13495 15120 1593
5020 5920 3781
4679 11423 3832
1620 16170 6429
14320 17016 3938
267 19675 5998
3257 10807 6083
2472 12906 8352
1176 14558 1033
10100 19615 8291
8532 9520 4057
8717 9679 7158
8443 18806 4436
4684 10958 6782
4787 7738 3990
6053 9437 2825
6092 9218 7174
7096 14625 6114
12863 18526 6735
670 685 1542
8365 9263 6563
2326 7519 7863
3422 4563 8970
8520 19343 4324
9063 9604 3839
4778 8105 270
4676 13670 6047
8670 16223 4005
349 14270 4573
2582 4449 3480
18709 18912 7743
1763 1974 6430
5565 11136 8802
9334 13012 1469
2323 13188 5835
8722 11057 351
9080 9130 1626
5917 11651 5758
6687 7573 5449
2494 10973 2686
1056 10847 9568
6856 15830 2871
1871 1991 7476
10449 11991 6169
10644 15035 488
774 7047 3925
7128 10894 6697
4275 14151 1823
1219 12907 1557
8367 16848 9997
4058 7571 2605
6037 7223 34
894 11461 7725
3441 10074 3137
7692 10024 6074
1211 9532 7942
4752 7847 4877
3765 13769 615
8867 13396 6372
1235 5933 87
5162 13754 2622
1069 18679 2949
785 2349 3107
135 519 3959
3062 18258 8808
11064 11083 9965
8309 12765 2454
3483 17704 1715
277 394 8500
2244 8097 5124
6629 10286 6117
4764 19174 1194
11565 19624 4380
7087 9711 7167
676 12785 4010
7475 13423 947
3443 18268 1779
3417 4565 6783
3287 8852 4699
5409 14614 1248
4756 6970 3236
583 16579 6830
694 6210 2499
3829 12358 9657
1734 10229 8844
1189 14506 6577
1106 5739 2880
2763 3396 4908
1511 9391 8218
10108 13817 939
193 2214 8488
1076 6798 8176
10448 17484 3815
1177 15493 245
3995 5961 2865
1800 5765 4610
6524 7469 6670
9794 12729 2508
4774 6035 3498
163 3045 5886
12830 18011 4950
2210 18368 6445
4617 19357 8476
14504 17006 1262
7268 19828 301
7145 7171 6344
6903 18282 2726
5092 18624 3960
703 11213 589
301 9533 2358
306 2013 4672
563 10795 7617
84 18407 3726
4928 16296 5223
2336 10526 3793
2154 19242 4571
13822 19708 3756
1011 3930 38
714 13760 2829
3133 3557 4014
311 14649 4808
4764 12567 534
3198 16377 3671
3196 12173 4172
4815 15613 1634
3154 14100 9922
156 2524 7614
12788 18896 7831
9850 14270 8364
6387 13143 9351
3417 9651 1451
8290 12890 6618
6807 15384 2778
3089 5921 2546
16838 17050 7233
5508 7630 871
9028 10131 5301
6051 9647 8563
1930 5431 8402
3367 4419 9030
11505 14833 1509
13795 15284 5648
10590 18502 2995
18204 19222 7028
3695 7427 3665
167 300 3333
4065 13125 1192
6153 19125 5523
1656 12998 4607
4837 8162 121
6703 16304 453
14316 15598 301
9872 11503 5215
1209 15436 7695
3361 9737 5834
5740 17558 1683
4580 11492 7345
84 482 9610
3104 12151 968
8961 8997 795
4103 7466 5651
8922 14915 6846
1359 10863 4538
2129 8917 641
12384 19551 3534
1205 12418 9628
7215 19418 5687
4882 17388 7728
1544 13171 2200
76 203 5562
4511 11237 2572
2086 12425 7777
15556 17270 580
6794 12159 331
15789 16609 176
1878 6747 3172
521 12675 1020
1546 2201 6784
7323 18721 3234
3152 6513 5330
14582 16858 6446
8500 12828 9799
117 824 5936
869 5873 9525
11783 14642 9657
2655 18650 7246
5003 7900 1796
1382 7125 8468
12098 16518 9043
6497 10340 1987
1964 9218 7830
2529 3606 5211
7857 9390 633
2640 12893 4364
12648 19383 7467
1628 3638 4324
8068 15369 517
13136 13357 4193
4318 9854 8188
7001 13505 6090
3476 4087 4168
6025 7835 9600
4376 19207 8671
6402 11287 3652
471 17541 4503
683 2891 7472
14295 19639 6185
8193 17650 6330
14727 18157 2050
4173 14830 612
5409 6803 7007
12114 12333 6590
1227 1591 8619
1487 7379 8892
3485 14362 1776
2194 6151 457
13866 15871 5714
8336 9802 6102
1160 13781 3103
3797 8968 2214
8748 10400 2995
4272 6601 4840
2389 18902 7684
826 12533 3137
1087 1521 7485
6741 11342 7910
2568 12373 8228
10828 13649 7027
1074 7025 9008
2898 5190 800
1903 14472 7795
12573 15801 5455
2582 11728 9628
5078 7453 1589
2028 10972 8558
1157 19678 6833
513 1033 2143
6493 9253 6932
2732 8544 318
5124 19720 6325
2081 4558 3295
130 840 4920
8937 8957 7245
11032 11224 4591
4589 5930 9115
5867 15260 806
1911 14670 9711
2849 15353 9592
14955 18262 2256
3683 9926 6749
2684 2706 5034
8204 11879 841
2579 6281 7636
7158 19106 2794
2718 4141 3522
5940 15005 4982
6071 14529 9976
2285 4603 4217
13741 14544 4956
323 1293 9401
2013 2253 3139
6954 7153 8897
7285 19567 6379
475 838 3555
8182 19430 2913
8536 11183 6128
16032 19609 9305
11041 15393 1944
1538 1589 3735
4447 5654 3635
7837 8051 6045
1181 4333 2102
10169 14710 618
7763 18326 4066
12300 13611 911
1903 9947 2037
8918 19518 9804
4658 6266 6383
16235 17453 7043
4666 5468 3080
7049 10401 4335
17769 18659 7896
7774 11358 5738
13877 15708 3714
2147 2481 1468
8937 11760 4360
13267 16425 623
12316 19229 2574
10204 13839 6962
14654 15523 243
10774 12954 6335
8031 10429 164
2488 3102 8028
5459 8743 3978
4915 17979 4973
2452 3603 9542
7792 14479 4127
3620 10952 3803
13519 15206 6411
6519 15249 7753
1992 16257 4755
7383 11293 2443
443 4665 9952
13497 16728 5866
10001 10199 3017
9278 11714 9102
1225 1923 5628
523 10008 4092
6262 8441 649
5953 14325 4200
5216 7818 5062
18569 19345 4673
980 9811 5068
7302 19147 277
3130 9232 8950
2450 5876 3331
1081 10053 1400
2940 11502 9762
3834 5726 2375
6562 16780 963
2586 16552 830
3787 5555 3057
2400 3440 3631
2700 17219 3809
5044 6539 1871
4209 12877 4919
16623 17680 5864
54 5588 8085
582 776 604
8013 15757 1568
9272 15664 5072
12210 15771 7037
6646 7260 1402
5303 5444 8341
2475 11671 5630
6351 13852 7242
1836 17006 3176
1185 6024 8346
4021 15793 9026
10743 11675 4442
3921 10034 9697
5965 6719 3369
2110 2500 2038
8263 19299 3788
9591 15231 789
10838 19297 35
15691 18803 9910
4132 5208 9183
1129 4538 9073
3133 11317 7635
7383 16730 6378
1877 10365 1607
1184 6813 1565
1701 1838 53
961 969 5142
159 671 6959
459 9066 1925
4763 9355 6299
2518 2577 7954
9023 9805 9132
6719 16851 3956
5536 5682 9671
3100 7760 8794
5788 8432 6107
2838 18287 8989
7826 11507 4213
7953 11768 1079
1772 9359 7848
1927 9844 4198
8838 11495 3542
702 6197 3308
663 9832 902
6805 14078 4522
3646 4887 5000
8223 11692 5035
16623 17067 7632
3761 12365 1511
8389 18286 684
9662 14199 5043
1022 1402 3606
583 1956 4428
3130 17643 7472
5128 10801 4358
7938 8214 2140
8555 12212 775
5665 10506 3888
7909 16065 8348
14457 19271 2875
3389 4144 9761
6828 17792 3685
822 5379 1541
495 19918 1390
3925 5556 3603
2283 17036 5497
1248 4112 6153
739 13611 4724
93 367 8914
6648 8184 583
7794 9376 4528
6495 14995 202
3349 11786 6969
12432 12918 4985
6414 8925 8891
1345 14287 532
4233 5721 8815
628 11433 3637
4258 16896 8096
3011 18024 5449
1680 5147 5045
4235 11820 370
11262 16278 7851
387 1439 7191
8530 10463 5285
20 32 984
2824 14520 8473
303 574 5573
913 13662 5243
2948 3421 4002
4653 4741 6570
5240 6228 1392
4934 12960 2706
642 18237 2540
12820 13174 5116
2672 10301 5347
4606 5539 5159
3967 15504 3164
3348 11440 3305
1560 8892 8830
13 29 186
757 3703 5421
1907 6769 8920
3918 4719 84
5988 8385 6341
2939 6067 3210
5742 15467 897
8799 14833 1404
803 965 4983
5775 7901 8138
16515 18353 9506
17465 18403 6530
11450 19467 4720
18314 19664 131
3702 9450 2410
510 1534 8995
4188 11596 3205
5006 16102 3856
4772 9200 437
8433 10985 3035
6764 16234 9099
14575 19061 6362
6637 7123 3867
9611 16328 723
3678 5423 3499
4287 4807 6163
15 990 8544
4625 9651 4134
2958 17898 9576
1360 15054 8492
6200 8214 8760
1016 1620 5553
5696 12047 3779
2627 11937 2585
3364 8292 4837
321 8375 5048
765 6685 3157
7446 14553 3302
626 6778 7993
10562 16105 8697
8777 19134 3197
247 7821 1617
558 15608 4902
7585 14019 3691
7035 14584 1191
7216 14172 5809
10744 18570 2152
11420 16737 8684
2568 6385 6739
4945 12226 8422
1153 7612 6732
181 1785 1809
5149 15098 5124
6540 18698 1672
10282 11685 5254
1061 9483 8705
1662 10721 5797
703 2737 9443
3115 7899 737
2975 3320 3297
3360 8728 9343
1856 13248 4401
4240 19281 3578
394 3721 4506
723 3633 3975
7715 13990 1684
1516 4196 3381
3769 6253 445
1826 5340 5659
11433 11557 9457
2133 4405 9788
9963 17954 5685
398 479 6494
211 7854 2670
13599 19613 1265
3127 11796 8917
10652 19079 345
7260 10994 9
5174 11174 4333
762 15294 6867
1304 1552 7082
4523 14393 9190
7400 11392 8847
2054 9190 3858
2942 7704 6628
3445 6047 6210
1222 1791 8369
15273 18887 8540
5186 19074 5332
1509 2260 5459
1947 1982 8268
2335 18201 9347
14080 19096 951
10276 12288 6809
786 12520 6651
2745 13828 8330
5760 13218 2025
3182 3864 8396
1835 16405 6090
12744 18998 8522
1562 7099 1214
1817 15888 6540
4969 10529 8494
12223 16972 9840
2740 7467 9615
132 523 8021
3992 6822 9833
13868 17345 3960
4159 8562 3604
8538 19402 6361
9360 13083 1530
11115 12846 4431
1105 13546 7937
6826 7307 5061
34 8053 144
7 2939 8589
1245 5984 8269
1484 7730 2744
7707 8184 8698
1235 9123 4762
320 815 9438
511 2508 5708
294 5897 8916
2578 6613 3184
2347 15799 4172
2968 10331 6831
18542 19207 1554
20 869 9612
11617 19742 8345
8954 10666 6100
8002 9045 5392
348 7736 6657
4860 11169 7131
2731 6015 8588
17082 19830 2924
14659 14956 6112
7194 10660 1993
2761 7577 6870
6305 15673 9874
1583 7485 9821
2184 13683 5090
1901 17717 225
9495 15018 552
121 664 1761
522 1469 8354
1492 4446 4467
4065 8280 6107
65 4252 3603
6098 16803 5076
1651 2418 5038
6065 19673 7165
9955 13578 8822
12252 15623 8908
671 13642 7288
11549 11681 1520
4264 5051 6442
4080 6450 6520
3964 19998 6269
4908 8287 1246
10023 13526 7487
6394 13325 3199
8869 17260 494
3815 4772 9946
775 4431 2858
44 6294 3462
6454 9442 830
84 307 1107
6047 6658 4506
5868 12262 1210
6344 14275 5477
10487 15856 2297
36 243 6517
14293 15491 8886
6402 7315 4605
9686 13362 373
296 7335 5859
6218 11930 1376
115 9469 1058
10820 16346 7243
13180 15139 1718
2479 14401 9129
13127 19935 1483
11459 16153 9312
8774 9397 2050
2243 16500 5871
751 6225 7656
10304 11037 5267
5984 9184 8590
6980 14087 2277
11871 19533 4902
3787 7751 1385
14935 18492 6505
2925 6871 958
14361 15217 3679
12390 19525 5122
6946 13605 2695
10077 14732 6609
2910 6736 7938
6380 9056 4058
2878 6794 1737
215 16091 7614
1156 8830 2727
5659 14854 8028
2231 4656 2222
3109 16457 9080
842 14608 4157
861 11503 612
11284 15871 7312
10231 19729 7652
9073 15599 3415
3334 10208 4821
343 10435 9193
4800 11073 3346
2639 3109 8938
849 3457 1039
31 637 8966
285 4110 5307
1304 16820 226
7510 12126 3762
1046 5271 7254
2546 16755 7086
17721 18047 9279
12323 19232 7076
12417 18384 5835
1097 1719 1652
500 12136 430
2278 10171 1493
17183 18599 4482
4480 14757 7263
6748 8189 7374
16750 17576 6551
2206 3732 9192
743 15802 4811
6162 15125 348
7380 15099 2412
6971 15662 3264
3027 7939 1727
1832 5785 1901
1441 18348 2205
4162 4311 7528
1603 16685 6240
2578 2976 2832
2819 3989 2766
9819 17861 1203
2391 17967 4559
3485 5711 6841
4497 18636 9196
3081 3109 5454
898 8002 6603
13598 17574 401
5507 9556 2684
12812 13614 5427
2926 4952 8668
663 2500 4104
30 128 938
4644 5596 5351
9724 13651 9968
12618 18697 5807
538 6232 7645
7085 11859 4923
2471 7502 9019
4717 9120 9354
2024 16723 435
5400 9690 2746
202 2881 5650
12591 13487 2183
3841 9467 3173
38 98 5858
15887 16065 7008
3815 10279 157
486 577 3645
1472 6922 8059
4282 10211 1865
60 293 6006
2226 17324 3692
7999 16021 7909
385 11265 3889
4363 12377 1643
2950 6388 6683
11908 16375 6305
9361 15194 7041
2158 10342 8464
4623 5153 3962
2620 17131 9848
10494 11881 9882
14002 19439 8923
9854 14693 9883
5009 14624 8790
4934 11883 6548
2784 5887 6617
94 384 5045
6722 8818 4001
2338 4421 2348
7593 19969 8531
11012 15466 8802
5186 12829 5163
1705 1868 2024
9922 18419 3961
16281 18711 515
2825 3862 5923
6990 19960 8585
6125 9214 525
13782 17253 5071
4321 6153 9633
290 2350 240
2366 3131 9577
7465 13386 8670
861 19281 8380
6897 12317 7733
182 2322 8057
956 7190 7080
8881 11959 3920
5076 16615 3684
4848 13000 9233
14673 15145 5164
3201 12086 4002
17957 19052 1216
2394 5421 3377
8063 12669 452
3022 19628 5722
7215 7815 4002
952 1203 8725
2792 3897 8972
237 7664 9129
323 1450 1737
6397 8588 4007
7814 8616 539
6343 17196 2582
6895 10300 1581
298 17930 5369
5712 13673 5654
4165 12377 5517
12567 13413 8015
795 1903 6584
3365 6160 1046
7338 19594 7137
4445 14790 4357
8053 8367 7348
4364 19120 9370
13539 17712 2761
6233 6741 972
4327 14718 9137
2995 16882 6192
6553 7359 4985
10173 15093 8866
742 1798 6400
2017 4268 9122
7847 8994 6854
5064 11211 3988
2504 19513 4585
54 3780 2319
9440 15003 1418
4993 7732 3300
13462 16798 9908
2910 15233 3108
3429 16694 7023
12715 12912 2415
4689 9793 107
12418 15516 2307
1945 9189 1421
177 680 2676
3875 16418 45
138 11147 3132
2741 15838 7661
2229 10145 658
528 1343 2427
272 6337 9946
26 3963 6877
1378 12517 2364
4874 5142 7277
4321 12068 4759
11339 17876 8461
891 18829 3587
4957 16185 9063
2964 16678 364
8025 17247 869
18765 19849 2494
142 11441 3756
7146 15425 1090
7467 11181 1968
2266 3158 6711
2867 2919 4037
3485 6300 3166
7340 16640 7303
10193 17975 7610
2266 15279 5872
4859 13627 4821
5813 7241 3275
14042 19100 7144
6017 13953 2790
1244 6632 3366
13933 15060 8980
4545 10752 7037
15580 16903 4470
10377 12270 7919
2132 18574 641
6213 11244 2845
15271 15650 9928
13845 19799 7969
7999 8891 9399
3458 5116 8415
7008 10627 9239
202 3311 1979
361 8756 7495
7710 17865 4013
12666 13054 4741
354 12337 3044
5548 19794 6334
10305 12259 4186
1733 6477 2956
7596 10604 7528
886 11459 6797
7009 9160 5034
11655 16072 845
8840 16821 520
14216 17922 133
10403 15096 3503
936 3182 3357
382 580 7807
2502 19715 4151
760 6085 8287
14195 14694 7137
8828 16781 3654
4367 13191 9818
222 1433 5734
1023 18906 8705
8361 11231 4194
4998 14988 9149
1086 1805 9859
767 3950 2053
5545 5672 7224
3560 8115 1828
3273 19392 4991
2252 3639 2928
5685 14893 7762
1200 1219 7415
299 536 676
11996 13445 3885
4320 12284 5308
16528 19888 8544
16441 18241 442
5280 12502 9359
4334 10119 5676
3398 4973 2080
5448 14393 9054
600 18374 1954
63 1108 6630
3076 5716 355
7451 8801 9072
3586 12229 3205
4867 15264 2111
11533 12299 8199
3116 19039 815
11801 17535 4998
17726 19439 9205
12360 14807 9006
6816 13610 6646
2489 7572 5094
16317 18689 3070
1429 13416 4280
1135 14570 3420
2097 13043 1266
18025 18609 6447
4757 14807 3992
6908 11466 4073
5480 10434 4329
4441 5657 4254
5017 6967 944
2665 9203 4618
325 3776 7491
4838 14943 9105
3845 6222 4863
28 81 2003
59 18949 5771
13431 15005 5160
37 42 9877
4737 11142 4340
1677 2851 7658
11204 13802 9645
4310 16692 237
825 2582 3030
14300 17785 1319
1616 13156 7119
14629 15052 8201
6636 14925 1978
1035 2476 7493
1322 14297 46
4207 16272 6170
5592 8014 9536
1357 3110 3636
17479 19764 2353
4617 17533 5092
4096 4849 520
2599 14706 6005
4098 6703 2182
2452 18850 560
3614 3761 8649
7365 17390 478
6712 15840 3519
639 1634 1152
1125 5052 1939
5133 7451 6927
6891 13877 9316
772 4460 2939
2842 3108 6117
4514 18636 7868
7135 18087 7033
6119 17439 8069
75 4169 8152
1256 19404 9454
896 15710 6557
4315 6561 5020
8023 18978 4657
9217 19353 3473
11467 17429 8872
1007 4493 8240
7835 8361 7152
3572 13851 2710
7455 14511 7605
2966 8788 9230
7468 13947 4087
2980 4105 6826
7383 10763 3570
9550 18121 1517
11579 16444 4195
864 1084 9513
12926 18947 827
11826 18987 7972
16017 18937 938
1509 18861 8501
1095 5887 9264
2283 13337 5751
2874 5102 1992
6659 18798 3569
3401 10906 9161
10292 13098 7601
9569 19968 8268
4078 6573 9805
5919 7289 5279
2658 5418 5147
5626 8790 2848
16270 17197 7984
9481 13966 2158
412 4316 4350
1314 7286 4180
1967 19013 5070
8125 18087 6370
4407 9192 8446
6827 9333 5587
188 13541 9126
11909 16998 3247
8637 17867 225
16830 17038 8634
8012 11803 7802
8628 15960 2300
7689 14622 9169
8836 15625 3637
6199 7323 4705
3948 4652 2866
9627 11595 4068
1699 17990 6475
18324 18528 4828
10480 15154 7887
7104 10376 9886
6004 16100 826
2377 14681 2274
15274 15356 5098
4535 9909 3206
8543 17814 2686
683 19537 365
7223 10473 8429
11138 11986 1845
9318 15636 2087
4749 5824 8722
1824 2904 3603
1183 3234 2071
2005 14868 163
16380 17745 5532
1087 9636 2858
16463 18414 3945
4099 5260 9544
10107 19908 433
3976 13353 1494
440 1963 7719
8305 17910 7066
172 415 854
1041 4033 8332
703 13096 3114
7214 10796 280
467 2090 8380
7742 17737 3308
6390 8920 2616
6397 13841 3307
5040 11304 1186
238 735 4030
5641 7653 2147
18783 19227 5504
10881 16621 1912
4064 6266 1097
901 6873 7690
7562 16210 3901
3666 17587 1832
2815 7945 6146
383 18415 810
3135 8758 8304
3481 12894 6658
555 11344 7920
10831 17425 253
8685 8945 6470
3477 15606 5388
8093 19822 3351
5324 18871 2883
7362 12405 9958
14332 14929 8700
11931 16938 1328
5082 9789 3456
8676 16678 2718
3237 3809 5225
3262 6358 1741
7175 19027 1663
5747 10283 2223
16024 17449 4074
7030 15498 3481
9148 11217 8349
5031 11149 9163
162 1527 7435
759 3321 3224
12128 15146 3875
5999 10239 4340
439 9736 7784
4008 4066 1099
4531 17159 55
6505 17986 6005
641 12780 1178
3949 9289 9217
13211 14362 2688
11147 19474 744
1060 16748 8612
11960 18280 4975
12248 17185 4711
937 15045 205
3284 7766 288
12955 15614 8308
10025 18288 4956
6122 14452 8470
5381 14424 5304
11091 11855 2767
889 2916 6595
3190 17031 6044
997 19929 7337
12072 14536 8751
16882 18076 228
5222 6027 5228
1801 9899 9814
15267 15529 216
9719 13540 4371
2313 5772 6782
7423 12197 7854
3662 16804 3115
3367 7646 8243
2485 16162 9399
8531 11446 7976
4135 7003 7518
3343 15910 1875
6394 15601 5168
816 15612 1762
12278 12545 2782
10087 19137 2593
5394 7719 2618
3599 13140 1655
11926 17117 1050
1297 17543 618
12324 16662 4483
1876 15084 2237
4991 7528 9078
4303 8996 7018
288 10743 2070
536 3162 2562
2514 2754 9274
3432 5639 7373
2671 13261 2949
9284 12556 3500
5327 16430 5636
8296 14539 2589
11297 11988 2686
15031 18823 1072
7070 9366 4439
1765 11427 25
3344 3711 9108
1514 2247 6992
10945 15145 6628
285 18388 8500
1031 18307 5070
3467 18213 7615
3245 18928 9401
4955 12148 6233
746 15644 1379
6621 17489 1643
9338 12987 6702
6469 6641 6955
33 94 7022
15577 16140 7153
10123 11413 875
6001 18802 6561
11883 14224 526
7424 9115 949
2977 3755 8130
10 16 734
14319 18173 7718
17849 19104 1446
2550 16289 9014
2737 13509 9133
10297 14868 831
15381 16718 352
879 1563 3058
2327 11644 1534
13743 18798 3732
2472 6371 4696
8020 9464 5199
1853 3739 9670
4163 10842 5388
14026 15629 6498
12924 17189 3751
383 17669 8209
895 6188 5939
1145 18896 9226
3671 19359 4309
258 2072 222
2063 17262 6427
2713 4846 5432
2235 5062 9140
72 679 6200
1666 12411 1776
2524 12500 8812
3040 7465 9952
4756 14407 1129
3473 3791 6446
8353 11262 3114
673 5079 2853
1734 14715 3779
2072 2941 536
9532 19892 4224
7384 17470 6069
904 4252 6044
7122 9418 8338
5229 16258 8474
5514 13372 1865
6002 15561 1329
9092 11926 7963
9162 12279 5936
1423 19566 257
2446 7890 3978
2009 6674 8855
8919 9257 9578
9371 19258 8641
3452 3540 2915
1936 11931 6797
8424 16614 4249
17 3666 3222
5407 13059 4293
6346 14034 9530
15758 19978 8467
14222 17987 3529
6665 9524 8158
5805 7833 6114
2026 7229 2092
3485 4717 5757
8987 13887 769
4769 18619 7188
1844 8560 2813
984 1823 8053
638 10460 1973
368 14227 3419
10498 18853 6936
10373 18532 5852
4330 9224 2618
1095 7256 1931
1165 19300 7061
10602 11117 8947
770 1881 5555
9991 12762 8976
14062 16497 2680
2536 7670 5041
5597 10948 4324
3577 9617 3799
5801 10784 9960
4133 8992 5174
9643 11184 9757
7966 10391 2170
2879 10799 6257
357 585 654
9162 17807 6548
5920 8149 6063
4050 7596 4817
3696 12762 5344
19030 19841 5891
4303 17340 96
259 390 8772
7399 13869 388
2350 3252 1543
3908 11282 2
6324 16601 3921
9293 9408 7719
817 9581 6837
316 12362 1858
4560 9057 1249
8829 19200 4305
4517 12914 6241
5025 16612 173
8773 12276 6513
2353 13366 1758
16091 16270 1022
1284 2312 7299
0 687 5969
4615 5166 564
3604 7399 9698
2595 18432 9825
14417 15807 2470
9362 12525 8209
728 7429 8888
271 14590 5354
8319 15448 3831
8463 13969 4890
10140 13230 5269
1937 14728 357
127 19218 2635
3552 5864 5178
118 4122 9361
4713 13339 1709
717 16703 1713
8063 16250 5760
1666 10160 4706
462 14911 414
1078 3222 7130
17170 18186 6945
875 10164 3829
212 12703 1574
1819 15705 2249
14187 15463 6127
15964 16623 7905
3408 4209 2335
3096 5463 759
3441 13940 7806
6691 9403 5351
11548 16137 7137
7852 12105 5466
9427 13524 8407
959 4248 9606
7297 8138 2502
3372 7472 1509
495 14443 7305
7662 11612 6627
2184 3113 9952
27 40 617
6759 15345 2916
2477 15356 2744
1536 9764 6267
4005 6999 3632
3155 5955 1507
3664 17101 6724
3770 3824 9781
7987 14004 4599
6648 16757 8421
3221 13079 9557
8248 9353 7903
6899 17996 630
9860 15021 3897
446 1595 4967
984 2188 4258
70 7608 1278
833 10123 1931
6197 6925 1446
3301 4373 3091
2746 6872 221
1867 11830 4036
10314 13513 4812
12384 13582 3222
12149 13886 8487
1125 3342 6229
18572 19636 2060
11549 12337 247
9626 16825 7504
10356 15642 5409
5670 10462 4847
12904 19266 1793
10824 16876 1460
156 569 4993
9706 18336 2606
5473 12494 1477
784 8517 5381
3287 12747 5448
3525 16800 4179
16944 19684 9676
5810 13454 3601
5949 11629 984
17426 19184 7076
1872 15638 9937
442 7209 5851
1322 1703 265
911 19949 3795
2099 15241 6098
3593 13806 5978
655 852 3065
2315 3626 8111
698 4262 2995
395 1810 6728
2165 7003 4031
299 7796 6189
6330 18458 9974
1937 14401 5182
36 113 3012
1143 1517 2603
4312 17624 7340
1554 3690 2063
13137 14049 7245
342 1486 3497
2517 15024 7464
2290 6234 6845
4179 7277 8738
16084 18748 8889
2292 12345 4791
126 11117 1154
17460 18406 6200
2644 5240 2322
1625 16038 4656
17618 18114 8984
2436 10896 1826
10287 10381 617
3787 6585 9583
4591 12444 2341
2549 19050 3279
12952 13186 8407
5003 14154 2362
2759 2847 5151
2567 14271 6130
2773 3394 420
7302 11312 2041
3481 19553 2305
12910 15636 6504
3530 10180 7121
8758 11561 2258
1923 2305 4268
10743 15723 5743
5753 12873 9474
502 3011 2550
5779 7874 3147
11544 17233 8740
11165 11607 9645
4694 5310 5825
630 2210 9392
7392 11363 6109
3358 7218 6280
7070 8680 9359
8655 10005 8249
4475 14725 689
13949 19762 9348
2180 3053 8442
1830 3185 4502
9237 18804 8202
2698 8260 8076
3421 3715 6407
14226 16050 2366
1006 9394 4082
4753 5857 1234
673 7532 8536
5215 11022 9175
884 5317 4537
10088 13638 346
1564 3837 5687
4177 9018 3783
14537 15800 4068
8106 18067 7178
9375 11946 5823
15093 19095 261
580 5801 28
60 2219 8482
13390 19665 8635
16923 17424 9081
7199 14308 5361
9212 16826 5272
1704 5398 7539
317 12868 8759
7339 8482 5054
1882 5734 4507
5442 6398 1099
8695 15776 5444
5494 11844 7827
3662 6941 443
6326 7812 7659
9454 12160 6145
6608 12414 8122
3959 5139 3448
9479 12218 4443
999 16235 2388
6113 9747 6974
7165 7290 3515
1021 1198 2546
9109 13690 6033
13298 14471 5732
8195 12463 2223
15142 19960 5016
11800 14568 2223
4545 16450 5625
1791 6565 2108
5018 9940 9249
11791 19913 1104
13155 17765 839
2693 3680 6314
2083 18354 5380
2017 3538 8446
1276 10353 2966
9480 9888 1146
16815 17796 3198
3570 17843 4260
11417 14274 2881
1122 10842 3417
615 623 5279
3396 11164 1409
8819 12193 6034
494 2963 7223
5805 19238 7668
8176 13556 1519
10245 17986 1335
4482 19481 386
154 1028 246
13000 17694 2640
8537 12011 519
1004 3035 7346
2619 5388 7953
2473 13615 9212
8411 18508 8065
13056 17456 8624
1236 10363 3405
10899 19564 2793
15019 18889 5394
428 845 8172
4381 7990 2223
8934 12427 3721
3264 6320 7195
16977 17317 1507
309 391 8410
3055 8038 3690
3354 17545 6654
8065 18545 793
733 3009 6333
15001 19308 3440
2322 16382 6845
71 1003 3573
5810 17249 9125
1332 2430 9650
4108 19272 220
2360 10787 4411
2097 16974 6381
1589 2086 6333
3648 7903 7012
15107 17037 3422
6425 10661 8320
935 8021 506
1448 16895 4695
9683 19387 1001
305 11316 9802
4310 4424 1655
7097 7126 5831
881 4003 5337
9007 16482 7870
5050 6782 2154
5903 17024 7543
203 713 2332
1942 18596 6374
464 1406 9029
9484 11626 2253
1662 9575 5791
14908 18882 3740
9205 16819 8770
13723 16826 7002
4223 7472 7611
7123 7469 3362
7871 18597 8827
3926 4451 3183
271 8546 1051
467 5256 1043
10689 12589 9990
4115 11054 781
6844 12432 4779
619 14012 1350
20 9204 6237
6695 7401 3265
6680 8069 4510
7696 8677 7042
13376 13521 4073
398 1441 510
5993 10907 4271
593 783 1293
4857 7517 3232
7770 10998 2916
1395 3205 6991
3536 8075 7836
15193 18111 4962
13636 16896 907
14836 19273 6578
3136 13349 1069
585 9953 5047
2745 9929 5834
602 1470 9394
5151 19511 1609
1713 18097 1047
4126 7416 1882
11382 19906 7524
7743 10666 3126
2043 8238 3772
6200 10268 6278
280 1514 9589
13576 19333 7462
14801 14874 3416
488 14426 6476
3456 16373 3677
5141 16838 9543
10757 18063 3671
3981 10097 9678
8864 9990 3856
10699 18116 8801
13120 13259 8980
1750 15210 4565
103 14299 1504
3240 11260 934
14919 15535 6445
10727 15560 1390
10341 17426 7188
10361 13101 6461
6514 19474 8699
3490 19032 6826
5716 7348 8898
4760 15486 4679
10511 11605 1
455 18964 5945
16222 16807 9243
17366 18626 5929
7403 7587 5290
2714 5225 6198
5280 12989 1422
52 1666 2909
8888 11326 6134
1331 10983 746
3435 19688 8567
165 11301 2703
1027 1572 9235
11388 14744 399
10627 13311 637
314 2355 2926
2004 19612 7889
6083 15300 3537
9652 18577 8489
2522 6782 5101
3435 13780 7773
7809 18451 5592
3718 4740 8407
4868 8866 3054
298 1169 667
273 2575 5711
4784 13995 8210
211 19579 4750
1488 2940 933
5649 13699 5301
622 2114 2058
193 207 1600
6813 8001 6155
1607 4663 3858
4871 18505 9726
3194 12346 504
11275 12240 644
3954 11770 3486
10699 14332 815
4925 14283 2642
4823 15948 8845
1063 9199 6701
4432 7921 5486
5417 12646 2172
6238 15118 2313
12146 17918 6764
4618 6299 3013
17707 18777 4411
1852 15997 6075
3195 9124 3759
14605 17011 5843
160 13333 9006
3031 3742 231
8327 10196 3865
466 4789 3080
4680 8647 6721
5023 18021 6443
3165 5670 967
3800 17852 9782
1791 2088 3373
5145 15247 7326
4062 7002 7934
2233 10879 8683
2159 14697 7144
1770 3350 2137
82 426 6087
3084 17846 8979
12839 13991 7054
3012 5453 3968
13364 13604 2050
8237 11297 8009
9686 17051 8314
9514 13080 4038
156 280 3381
6532 18608 496
2457 13019 9838
5886 18143 9044
3884 5218 5970
4807 15019 2235
3544 10678 7156
5635 19714 6548
14549 18700 3795
1604 8669 8233
4181 7076 3614
9519 14340 9393
4764 10822 2956
1273 4001 5532
7875 16072 9680
14687 19239 9116
8717 11285 9154
7575 9050 837
2282 12486 162
2568 3639 897
2165 4071 4942
1571 1743 2652
4324 6850 5660
6589 15409 5798
4168 8072 5775
1047 19448 1508
4333 14690 5411
1016 1244 8671
397 5718 3496
5621 12105 3459
11817 18605 9661
2878 13723 4724
2000 12794 7120
997 9865 1369
1598 18350 8549
13535 14168 9596
14145 15126 1968
13447 16102 3209
2567 2619 1785
179 5509 1759
1437 3572 1687
2953 3003 874
6961 13792 4755
9561 11506 2117
15578 16546 7725
987 1121 5344
11774 15788 3070
15899 18159 1356
617 11787 6448
324 511 2796
3058 7916 3233
1171 6778 4604
1492 2255 5658
11320 13115 9358
995 10931 984
15924 19679 2765
16435 17210 1424
8245 15562 2212
7432 12720 1586
9882 10893 4382
7532 12896 5751
19201 19567 6525
15397 17213 5492
4097 13932 8937
993 1340 9673
11912 12718 5755
631 2004 395
10234 11617 5954
11314 18923 3533
2117 11259 1614
3228 5349 564
9112 9400 6750
11241 16186 4801
283 3429 6616
18739 19191 5040
2091 13638 9441
1361 12180 9251
7795 14144 9627
6457 8538 5524
2421 18757 5114
1856 15002 1647
6119 13874 1388
5442 5733 3393
2644 3883 5857
10790 14903 9142
195 250 6706
3143 14902 3069
3751 7139 6323
1074 9352 3261
8557 14354 2996
1304 1898 154
2376 13361 8223
217 10322 5794
1336 9816 569
11418 13751 6950
2525 13482 6674
836 2897 9109
10414 15517 7072
18263 19747 9545
797 4492 1862
4281 4370 1345
7558 14227 979
12436 19221 2616
1733 5854 6693
3585 4522 8584
13390 17778 3978
5564 15948 8033
12890 14954 6791
201 1998 3618
2280 13487 4673
3403 5198 6518
6616 16053 2850
5690 8838 7901
10862 17532 554
12918 15054 1405
11413 18469 6753
7701 10224 5843
13335 16517 1039
1600 6849 9432
4919 18160 7712
17590 18417 6580
2830 3976 3227
11910 17629 3136
9890 11197 7115
1949 5183 7402
9934 14466 5420
10729 18413 4921
3907 4858 5245
2022 2616 1627
2891 13296 6160
3797 15082 6341
7358 7644 7452
167 12602 7480
1329 6212 7449
13417 16631 9281
6302 19864 9848
827 957 9759
928 6415 7395
2119 4136 9111
2449 2649 7982
4903 7054 7705
7980 14840 8024
4571 10450 3977
1078 16982 5191
6989 13755 4335
14228 17781 5579
2069 5590 4375
1022 9991 4312
9628 13280 9170
1799 16728 6309
4588 19347 2801
11685 14853 5055
5424 17322 3176
11861 18067 5732
8181 10169 1758
537 2860 2392
3780 17417 953
6841 13584 2930
11964 19812 583
2122 2700 84
9797 10399 4390
11819 16443 4536
10726 16707 133
5699 7552 4292
8192 8819 794
3856 5011 3509
4563 6465 3500
2418 7422 5501
10634 10767 6221
13285 14242 4188
8469 10320 9493
2858 9129 3094
6498 8138 5837
2676 3556 2160
4059 6817 6916
6766 10809 3922
1136 1160 591
213 7018 9903
7042 14388 8536
14386 14617 3748
7983 16247 2861
2998 5156 7990
4400 10603 560
2390 5975 873
4273 7052 9429
5066 6738 2945
2964 3278 9733
9992 14804 7524
5887 15795 440
9942 16504 1283
18160 18998 8182
8124 16863 6678
1843 3453 4292
9132 16785 3855
4439 6501 356
2085 2127 5758
3 8706 9130
14519 18730 1269
2348 2539 3622
8354 12372 5452
4846 14183 3714
2205 6018 7989
3949 16816 9639
284 17598 4352
14801 19348 2229
8395 10652 3191
10018 10169 7670
469 7913 5201
211 1688 7822
1277 3577 5285
9772 11826 4252
197 3724 5510
7492 8331 7838
17793 19441 7105
4870 14279 7460
132 5008 1474
877 1225 6641
7851 10495 3886
4092 8641 8892
6807 15776 5418
7096 13417 9699
11402 18466 842
6662 9088 4738
6341 12022 4658
2598 18758 9483
205 13416 3658
1341 8239 8783
3997 6953 1555
5172 13626 6231
4079 13611 9009
6970 8792 4810
446 1106 3981
7533 12196 7376
5515 9600 516
8265 13790 2182
7931 13960 9085
9158 17527 6283
1424 19407 4299
12907 13329 2654
8683 15710 9449
4716 6288 3321
1594 14554 2866
6820 9748 3850
3446 4160 3768
1424 15993 9942
7864 16740 8254
12022 18824 6664
10795 18367 2238
9709 11665 1081
1340 1356 9787
2333 18679 8683
3752 11680 3739
63 11959 9520
4891 7730 7104
1612 8956 1059
362 16028 3618
9875 11001 2037
6863 9935 3447
2290 19409 2281
1927 5136 7231
5237 17069 3280
4176 7252 8193
2671 17204 6586
1791 5322 4567
628 4377 432
18355 18485 672
16105 16939 6386
2100 17680 1878
11370 13840 7593
12731 18436 2209
9906 16482 9585
8805 10443 278
1864 13475 7685
14740 19255 1870
1971 5385 447
4114 6901 4421
24 3352 4945
493 1549 4855
3388 16508 8979
6481 10168 4116
2547 5408 3549
4476 16091 9184
3216 9148 2822
15503 19755 4320
5394 7329 2983
850 9457 6574
12148 13383 7647
2001 3766 5862
2041 10716 2129
2454 15372 6406
7548 17516 2756
7873 12871 3884
7330 10473 9380
1185 7527 3465
12740 16724 7003
3109 7615 2919
11031 19901 6907
227 12748 4532
4003 17792 7682
18299 19241 204
2693 10672 7193
8314 15849 1854
93 7654 7885
4727 5514 6831
3879 14961 8957
2875 19292 4731
4547 14563 3859
1567 15016 922
146 198 5124
1140 2313 4143
4016 5869 6344
3929 4989 4866
8057 8263 2816
9700 12831 9568
8849 11287 5086
2 5387 6437
10366 14171 2323
3800 6223 455
4559 12916 3735
3336 5750 7186
12912 19382 5658
8746 10004 9321
1677 7744 9252
3417 9938 7282
8212 18206 9737
1021 2202 6065
3155 12276 6993
184 770 4941
6096 7672 8333
5423 12549 6920
4521 6916 9667
9055 19551 4928
35 3786 5745
1515 10349 2384
669 19297 4858
5334 11063 392
9580 19683 487
1150 13815 2402
575 789 9721
4802 16405 2195
672 15609 7836
4973 12989 3734
4063 19174 2409
9171 10728 299
1069 4185 166
10361 11306 536
2659 13681 4155
2529 8431 4433
8147 9125 8726
2105 2431 3329
14790 16856 3428
3768 5971 1682
2605 4823 4675
1148 5234 4124
1736 3065 3180
9674 11865 6870
10519 15944 6227
5656 6171 7792
8718 9896 873
16861 17983 6684
15090 17603 1083
45 6030 3496
1027 4146 3789
859 18897 8970
9669 14889 3264
9854 15397 1972
6582 16067 3904
108 168 8967
109 247 1853
8556 13666 2801
2379 8782 298
2616 18048 6888
4863 15525 1806
9574 12178 5295
325 609 3418
633 7647 2379
218 4275 2291
1412 8361 1426
245 619 8317
10079 17869 4177
9294 15329 8026
3222 18191 1998
4399 17320 3896
8593 15624 5968
7856 8413 7680
4889 5741 7058
11719 13436 813
11104 11708 6967
216 272 3699
17851 18560 1676
5261 5554 3096
8924 10347 8661
1558 2261 2771
1479 18812 2208
10221 19147 8313
2154 10791 5027
10227 15735 8758
8337 10364 7826
592 11975 7457
2724 4894 1563
6074 13493 883
16852 18193 5434
1477 7435 9966
6300 7084 7249
6976 16654 1010
3194 10808 7376
5010 10599 2998
940 979 7692
1478 3944 8107
1005 2160 2149
1733 2059 9986
2470 7266 6259
13824 14554 7899
5026 5373 3715
8726 17134 4475
221 15163 1409
7293 10418 2794
2545 6873 964
3487 10775 8883
11576 19261 4330
18718 18753 7977
5176 7961 1657
7936 19511 3443
3383 4346 8635
4492 9471 5789
5466 11987 8687
7294 9085 7854
12703 15445 9366
5469 10815 1811
5659 10216 9556
5927 13612 3163
6739 17335 7646
3218 5815 1824
1509 16955 1962
2743 4007 6037
1035 10638 7332
53 12250 6409
799 6662 9853
17239 18183 4694
498 9525 5131
10227 13195 1591
10402 12208 7811
5485 6661 6901
455 17995 7300
6269 17892 3842
17708 18486 1392
16488 17136 3151
631 898 2047
2539 5655 6615
5463 9605 9982
10568 11026 26
7190 12514 5517
16798 19078 5369
7393 14602 102
1709 8081 1565
1338 6787 2800
5590 9104 8174
10704 12114 8765
14939 18759 654
18462 19225 8062
1925 14736 7505
994 1194 3430
14107 16289 3007
2939 4176 4754
5615 14436 4815
9529 10314 9785
1098 12218 1428
3718 5536 9380
9295 10946 5665
3195 16251 9648
1063 19180 9958
1937 9242 2005
1508 17557 5778
1840 1852 6318
5965 12129 2538
9619 19356 289
14580 18140 4211
6107 18455 4779
9015 12972 591
6597 13912 4335
3728 17658 3656
11063 12554 2514
225 6006 6019
1298 11768 3527
9557 11454 5356
646 1327 8885
1485 14669 5890
424 5496 1042
15662 16983 3318
5868 13733 824
8183 10053 6754
10963 14875 7787
970 3423 1123
8603 16521 7497
399 632 9052
8226 11176 11
3613 18704 4069
3723 9481 7288
9259 12728 7281
716 1773 3125
15059 17278 5632
14178 16532 6455
3003 4839 5153
1467 16790 2439
10991 15384 6586
11561 14330 1695
12413 13622 8619
8733 11990 8291
815 14288 8787
5595 13852 1619
12323 19750 3259
1605 17364 714
5237 8342 2125
10054 15828 8446
11354 11924 5982
9428 14488 4217
10427 16028 3397
10073 19571 1269
17502 19192 1827
5262 14041 5116
12024 13298 6555
612 11553 7161
7245 12647 7598
1055 12803 2813
10518 17913 3449
7675 17360 3723
1282 2177 1205
13206 15289 7817
2225 2865 6465
8374 9666 3635
11002 13077 2107
3942 13311 1748
3381 8804 5113
17871 19482 7247
2484 2487 9185
6663 12077 7835
706 11864 8778
1 19719 1691
9724 17270 9901
5297 10290 659
4390 6857 7083
1553 3816 3453
1854 3086 9117
4750 9902 4710
11969 18542 8042
2421 19015 7073
4027 10580 7046
1721 11099 4652
52 55 1081
8311 19674 2969
13716 17518 7978
11753 15411 5566
9138 12522 5518
154 5644 7781
1641 8750 5019
8737 14376 8564
6192 13044 5965
15923 17647 6875
3065 4398 8099
6261 11582 6503
4402 14876 9705
2749 3230 3401
1371 3977 149
5011 8737 3210
9083 18470 6905
9274 15894 8321
9125 13173 6219
10118 19379 8027
12291 19466 2635
2380 5844 8161
30 194 5380
505 14524 9478
299 544 7300
2630 6268 7750
16516 19476 3691
13369 15271 7633
2365 18468 2596
1829 5318 4827
1399 9208 8080
2654 7655 3555
10333 16258 3034
5505 14371 3201
3449 8761 6146
6452 16464 1364
3463 16223 276
5396 7534 156
14841 17637 513
129 2441 6273
5614 19754 1643
1303 9032 641
2782 12195 5442
4437 16130 7533
5948 6570 8302
5775 18375 5103
10157 10871 5419
564 5165 3014
212 15988 602
13950 19135 4848
1949 6675 5619
665 1146 9516
7393 12474 6276
5162 5492 6395
260 782 331
7278 10614 4573
3752 12836 7305
3010 5182 3909
894 19655 8987
1364 19408 3464
448 10870 8883
2535 17556 5868
3079 9551 1887
462 3742 8579
14546 15634 2042
6649 17258 1239
2641 18235 6674
5000 13945 9884
249 928 3218
13123 15147 10000
1353 4387 8170
947 16056 8021
6985 11552 3040
9405 10715 6934
4587 9622 9849
7908 15969 6676
74 82 5961
6547 19982 5610
7697 11295 8199
1107 1808 6851
4184 17100 5733
2668 14741 8892
8405 12397 4546
14123 19558 5022
2535 19128 4866
3267 17821 1082
3889 16806 5988
1134 18939 9377
4709 18858 8352
644 1412 7361
682 10070 8174
5758 19561 8855
5764 16734 2784
750 18432 2191
835 11381 7485
3056 18012 5829
87 11457 5759
7159 19809 2648
6612 14265 8740
4120 4644 439
4001 6619 6519
2050 2478 9468
10907 15461 2793
16169 17026 5215
6477 11241 5666
15186 19371 4805
7035 13377 6748
493 12723 4693
6217 10315 4325
9408 17851 4424
1955 12715 3558
6420 13027 6625
14375 19184 3114
8047 9726 1226
2877 9695 4893
10014 18211 9541
721 13207 1738
57 13706 9422
9490 11079 373
4277 10474 8576
2556 9342 9355
4711 12734 1093
1947 2388 3087
9513 16510 8755
653 3022 7220
3295 6902 4912
5475 7459 916
13609 16682 6383
7341 15339 4590
6335 7041 1010
6853 7412 122
4578 11945 9560
7145 10693 980
205 3267 1197
14531 16496 2937
18035 19827 2950
1149 10192 8997
6245 10929 3353
2087 11128 9972
8045 14392 782
8478 9519 125
7153 8241 4294
6976 9187 4476
3472 7986 7558
3262 7408 3969
1083 8444 7837
1688 16889 4104
7693 16992 7499
10525 16029 1658
3876 3879 2803
9865 11765 2744
537 2203 8589
6331 16535 1032
3095 3330 2223
7859 14308 5742
1830 11321 9605
3614 7453 3820
15571 19521 495
3739 13809 4516
7707 18137 5153
483 1060 3814
4002 5683 5475
5089 8296 5074
6695 16348 2659
6816 9014 870
5236 18667 8334
13956 19964 3412
12220 17719 2417
5739 10463 381
4439 10468 4382
16423 18958 8622
11443 15335 7362
1333 1399 3871
11225 11996 6801
13858 14189 1733
5909 8985 1391
2708 16434 6809
9872 12454 3357
169 2079 9418
11180 15692 7052
908 19579 2554
93 136 3815
2377 5826 2296
11197 15231 3228
5158 18055 6481
1029 3482 1611
1697 17821 5974
12581 17255 3416
6391 15902 7552
5960 17999 557
6063 7091 7022
2390 6778 2753
10107 11029 4029
13831 18455 942
2708 19130 4136
6715 9292 4783
7592 16225 6132
7649 14330 9462
11647 18795 5753
14778 15584 2519
7151 7501 9751
11750 12192 6028
431 5923 3149
3286 7081 4350
810 2686 9362
368 1328 5152
2499 5324 1114
7739 15485 7592
766 2757 5215
9308 15531 2216
16864 18447 1339
9835 14651 3510
1971 2858 107
8604 19380 8101
3038 13460 1440
5629 17096 529
7564 16912 9419
3361 3834 4812
13711 15899 2500
5016 14819 165
1971 17656 3152
15545 18685 7037
4867 13495 7807
254 967 9691
3392 3548 1998
5184 13462 8889
4614 8946 2618
3652 16874 9344
882 9035 8273
12262 16617 3699
3604 19476 3099
2165 10434 5874
694 4675 8151
2903 11230 7456
14043 17451 9505
18 2428 3904
3401 14693 195
8446 18600 4028
4016 7923 3572
7707 8663 6193
13183 14393 9199
127 1206 5545
7514 14895 3017
12022 19110 2705
6808 16465 2225
3081 7681 1265
1129 8816 7543
1469 8367 116
5046 19742 1945
7861 17860 8375
1422 7665 1774
2111 2192 5059
17045 18477 3174
2858 3179 585
87 125 4976
602 3160 3306
3446 5723 2821
8499 17702 9014
12580 18741 8280
5630 10514 1747
5726 9402 3255
3615 18126 3854
16542 17654 1705
11795 16908 1602
8137 12541 5343
16596 17952 903
8399 19338 8260
7412 19267 4196
5109 9294 1677
3310 16075 6105
523 5471 4826
357 10439 5664
960 1125 6339
17526 18583 4858
7319 14018 8786
4693 18582 6991
329 7324 2338
1375 3010 549
14900 16773 774
4146 9173 9747
1690 12994 4916
6441 15972 7342
9422 12079 8398
5236 14216 7994
10212 12473 2084
11491 14607 9162
1970 5661 8266
1589 8222 3139
4493 15618 4856
14441 19237 7671
7237 9778 1633
14734 18701 6459
1494 10249 8243
1376 5112 6853
1618 13799 2295
7472 9927 3309
5400 12835 8262
4728 16834 7481
3909 8332 3802
7387 17234 103
7121 19562 8271
10126 17828 9888
1244 2562 5517
5118 14890 9657
3263 6947 3518
8459 8849 1696
18853 18869 3081
5988 11326 4702
7996 9250 537
11102 12944 1392
6039 19291 1021
2612 2966 2426
4801 9084 624
3154 12914 5889
16453 19977 6999
1342 15547 4702
2492 10149 498
8874 15342 940
80 6652 714
42 286 5434
11269 13893 4192
8759 14813 1813
6535 13252 7051
13254 19256 2741
5416 11839 6275
20 1936 6479
1905 7627 4943
15739 17411 9387
6020 13698 3423
7199 19397 1869
7744 10925 8513
4717 14802 1487
5485 9306 4550
8863 15604 7539
193 2150 1146
2205 2632 1773
2349 7251 1756
5749 14894 3746
7401 18940 2468
6723 16242 7970
1676 3608 9789
3729 9601 7454
982 10664 3830
1958 5821 7534
1572 14182 7741
1906 7298 7734
8037 9654 5880
1208 16189 3515
4486 7386 840
12343 19620 7040
14330 15498 4815
7925 16693 331
6775 6975 283
1129 8701 3429
4334 19119 9953
7130 17771 2462
3439 12703 4411
9057 16109 3720
4285 17261 716
15949 17307 8774
124 10145 2983
1200 15808 4824
4102 6826 5581
1959 3210 2725
686 14888 8070
3149 10993 2937
6117 13661 6943
47 190 2472
2813 6277 9944
10999 17275 8974
8644 10045 4759
3612 8634 3658
3293 3683 101
7674 18256 4668
6890 12492 3364
1286 16867 6756
1098 3774 3554
13566 17432 1720
140 16607 185
6954 15415 527
14064 14273 8299
3107 19932 8166
11433 16547 4730
1478 2145 7904
8609 9926 4691
3392 4173 5976
4099 8986 3317
2916 17540 7497
7930 14382 3531
1720 19568 3789
10784 16606 2900
8049 14334 5699
126 10927 175
1344 15567 4085
4317 6722 9026
2178 19057 8404
515 4749 1712
1392 11357 9278
2901 11048 7484
3381 8633 4735
17872 18873 1447
9700 15477 2730
7272 10037 984
5366 16762 8054
9817 11943 6908
2924 6748 5541
31 932 8113
1409 18630 6790
5236 9316 9227
8260 17957 5193
3428 4916 6921
5982 15665 4205
13419 15223 2715
2912 9682 3504
578 6886 5683
15131 18978 4307
6300 10723 9798
1484 17825 889
6486 16262 4028
298 7013 3651
924 7750 7882
994 15166 4013
2849 3847 3799
6681 9998 2897
2514 14834 3744
3138 6680 5875
4627 17809 204
10090 11698 2982
9988 10687 1669
5420 11519 5936
1179 15119 6313
1932 8773 1441
459 3676 9314
10285 14618 2178
240 506 7619
12267 16224 4418
3096 11832 454
906 12246 2851
3394 12066 5993
10277 11032 2145
13030 18900 2843
15596 19268 212
5403 7076 9401
7254 10002 3927
4915 6690 6456
391 14423 97
13937 14412 7259
1202 5024 9669
3090 10056 5575
7902 14913 9850
362 989 3293
6760 6836 9718
11587 15875 3950
4448 7557 2301
7460 10407 7653
624 2996 514
10525 19788 2374
9595 12984 8568
5382 6492 3315
5012 5512 6471
7791 19167 1637
699 7817 803
2202 3175 7086
3904 12472 5585
2137 5245 2535
10788 15261 2625
10261 14403 5871
1490 8591 476
7815 9300 8436
4753 7163 8121
3475 10524 7454
5758 14726 9988
13800 15175 7530
2167 14989 8464
4058 8519 886
2124 11086 8143
18234 19313 8347
4881 8084 884
460 8504 9991
9239 17361 6213
803 1447 3620
1846 6715 5187
3190 3515 7720
3110 15036 73
9674 19982 9841
2902 11406 3967
703 3943 9816
7130 16944 6167
11851 12213 9703
11310 18391 8432
10466 16110 9422
16601 19010 2230
627 9216 303
11003 17215 6824
12861 16451 5992
439 1630 733
522 7984 3540
1540 10576 4969
6703 18638 8489
1966 18895 3423
1782 3874 8342
5812 9276 394
4749 8316 9589
456 3706 670
5192 5461 1741
4820 11898 6608
5483 9358 3676
13274 16734 4186
4637 7247 5747
3352 5051 5443
4422 11039 2123
9640 19880 2653
16770 18237 2229
2511 7619 2251
4785 10673 877
1838 10139 825
11615 13322 3971
2782 16296 8581
2335 15294 8715
7964 11649 2174
265 3053 366
2746 4065 9887
4149 11898 3576
160 398 6610
12960 15980 8805
9597 14393 6661
2262 13174 5637
6008 17634 7145
6608 9372 2423
1395 12389 5201
12757 15107 6778
2436 19240 5726
1407 16038 3000
802 1229 9191
7292 13373 3817
75 91 9410
6861 14041 2682
1613 3168 6363
2918 4674 534
2040 5542 4366
4271 7406 7154
3325 5743 461
14208 18049 7622
2624 6785 1334
4508 8786 6479
4419 14864 2977
8459 14202 2171
3333 17632 8668
5916 9145 5243
4920 16319 268
7953 13552 3103
14083 15475 9375
12651 18547 928
156 2296 3300
6339 9579 614
3475 14081 9267
2036 10377 9881
1165 14000 5436
6312 6314 9286
4288 16333 8534
12905 18343 4383
6493 10688 9767
892 3769 5961
16123 16524 5003
3283 15972 1761
16432 19914 329
4243 17022 6481
9827 12890 7876
3739 13882 9581
118 158 1980
11240 12749 8615
6580 12249 4107
886 16703 9949
3673 5215 9011
2139 17546 6779
14264 15565 3302
4835 15808 1760
257 13478 9384
3256 5745 8578
6169 17239 6401
4710 19396 1969
699 2569 2518
441 7278 9302
305 11115 8097
1218 12900 9518
10529 12030 3422
4393 8323 5591
6000 12374 4774
449 6356 1191
4503 17670 204
14150 19297 2159
5811 7007 9711
3052 17292 1276
6010 19120 900
13263 19141 7124
7435 11619 4486
2664 11417 8200
1271 17607 147
8007 9193 5723
3400 5339 6788
15530 16245 7572
8876 13880 8335
3927 11662 764
9915 16705 1431
2184 11746 6483
4264 4947 1389
1800 8494 706
11372 11840 3331
6437 12400 5496
1119 16934 8621
5011 17573 9915
4455 15827 450
486 9695 6750
4510 7178 6772
7830 13119 2312
2468 4046 9188
112 2917 5273
4769 10524 6442
9335 12968 7866
7438 7502 7182
5508 8799 2825
10019 19954 8680
15013 17109 70
7883 12014 626
1020 3909 4297
15120 17936 6952
4738 15342 8093
14423 18783 4912
2514 6138 591
9351 17049 8830
5007 15789 4651
6234 14320 1067
3597 18060 6192
11716 19098 6799
10099 17422 1250
3921 3973 6280
785 3503 8788
8942 17428 6890
7988 13050 1646
10169 17223 4267
390 9556 7058
5520 19372 6115
13980 17759 3366
3273 6151 8127
9452 11803 3481
12977 17924 4234
532 4829 2260
11194 13852 3322
645 12659 5779
9798 15048 7714
1678 18232 4856
5507 6198 3885
11151 19666 5249
12703 17162 6782
1759 7036 6308
2597 6413 726
3132 5427 9395
1028 1928 7833
3722 8840 7824
6711 15004 2551
7530 14369 1926
2270 13107 6528
590 653 4297
1853 9728 2457
3118 19060 8097
584 8716 9717
5733 11688 7388
6546 8990 7909
2757 12262 5050
9052 12128 5683
2463 4437 9288
11476 13421 9177
7973 16544 9889
2323 19255 3705
6525 17665 7028
5217 6475 399
5274 6262 8516
13753 14222 6784
3909 4658 4299
4032 10695 2546
3670 19197 8170
7405 19373 4031
12068 16281 5429
553 1044 3952
12825 17316 272
2605 4409 8297
7216 18133 4939
8162 17190 3220
13811 16596 4639
14633 15669 102
10730 17897 6146
13245 14974 5322
3501 11963 1714
4441 14221 5385
10280 11539 6945
11158 17731 3576
12472 17733 4419
4433 18084 2828
13482 17214 7421
2365 7879 3433
370 2002 2548
15219 17124 8942
750 4344 6392
13037 16547 9646
3354 19235 7775
4938 9608 261
4961 8988 1981
3112 16285 7867
4184 7292 2819
17802 19077 7147
4340 14040 2827
689 16600 9324
668 12033 9461
15819 19018 8063
259 2289 2414
632 11631 1522
4775 18539 3607
2839 3406 7017
13870 15461 379
4745 7059 8179
7662 17982 4192
980 14595 449
7975 13944 5524
18887 19279 8708
15837 18459 9644
395 8814 2292
12683 14234 1115
1498 19532 2247
2 5213 5530
7474 15102 9105
625 667 9328
6062 16829 7248
6653 18863 5171
1770 1912 9408
10447 15615 5228
430 7432 2142
448 903 9936
3664 9835 1616
1962 14073 3754
9928 13191 4389
14590 19245 1173
1978 2012 7555
6001 6743 7064
1281 14018 2432
7428 14692 3321
3144 7353 7371
4101 8290 8237
154 1946 9864
5281 18051 6339
9356 12031 6986
2451 2728 491
9310 19034 1615
6738 18179 2658
6492 15911 6558
350 3084 8153
11644 14195 1639
357 1401 5889
16708 17947 4429
1350 8051 7422
4280 18183 5002
12326 16369 4434
1177 5852 8652
3811 5111 1218
13334 15126 965
3574 17311 7297
3176 4469 9106
10109 13971 6388
9352 11498 9543
15957 19760 7323
14035 17497 6785
3392 8825 3112
8538 17973 2297
2347 11144 7426
3323 10220 9515
4953 10632 3465
2369 6757 5465
1511 2125 9332
4626 17242 7519
1635 10028 9686
2345 10272 835
18490 19746 5870
7624 19081 113
12162 17390 7558
6803 11490 7022
7525 13645 5132
4440 15223 7821
1495 1545 874
8826 11200 7285
4324 18714 6979
5669 19676 7319
9618 17676 7212
12945 13756 2174
1059 9102 8568
3576 6108 1904
8987 12979 1624
5953 19594 6887
126 131 3889
4355 19418 7576
9123 19732 8019
1358 4503 5092
1128 16456 5101
15231 19320 2114
1813 19015 1149
9044 9949 8368
1780 6283 708
2877 6436 9772
13083 14813 3130
7027 9041 7156
6357 12494 5379
107 7544 577
7059 10107 6173
1278 6015 3788
14915 18297 5464
914 3698 98
8162 17354 1123
14047 19497 3208
8016 12004 8027
1610 3768 127
5898 8389 6586
425 13810 651
11427 12922 2637
3017 4948 6638
4919 10803 3556
15160 18312 5963
7783 19611 245
8323 14127 1650
3119 13391 9262
4471 4777 1195
17757 18299 4513
5099 11894 3894
6798 7140 5141
2963 5807 1184
2074 2236 34
16853 17441 7574
5315 19193 2024
14 21 7272
2688 6775 4942
8485 18692 1884
1815 11743 1301
4291 5860 3643
7516 18327 8503
4414 18184 2121
744 8635 2691
2704 10819 8698
2359 5303 5429
61 6724 8668
1716 17194 8370
3029 7013 3197
13824 15101 3713
5480 19501 3254
4989 5157 3724
3048 5179 7375
2684 11294 7360
3983 14255 1850
6223 13487 1468
650 839 3613
8844 18125 8597
3246 12500 7954
9942 17585 6808
300 8735 6380
62 5196 928
5141 13141 4076
9775 13876 5854
8552 9998 5212
1289 6443 5334
8835 18941 8199
3069 4806 1163
929 937 2952
886 2505 7894
6155 9066 1941
5007 16758 6781
17 126 6063
2881 9675 2589
261 13066 7159
2429 7682 175
4459 13191 4418
366 531 1856
2666 4668 2493
8450 13558 9053
8048 10346 1216
92 8840 1651
2111 2293 482
258 1672 5624
8555 19763 6410
1264 2536 7589
3249 12878 4971
3564 17046 4303
719 16669 1501
4112 19462 2922
841 16360 259
625 2135 6601
11904 15303 8865
13031 16656 8994
6713 17192 9494
3679 7330 5763
8725 19018 7753
50 950 2929
496 586 1378
5417 14897 3033
3435 15251 7120
11555 18559 3307
629 19135 9680
1996 18303 2408
12741 13637 9323
182 4016 1835
6503 17632 7535
3489 5564 6255
5514 13781 4362
16373 16622 6784
1043 1858 5788
1275 2606 178
12302 19425 3253
5776 9505 2913
11621 15430 2011
5168 6557 4918
1221 18976 3604
2916 15568 3749
8956 17530 1139
391 19484 2259
7209 17419 2673
1239 9615 4024
7837 11520 7535
714 10837 1680
9551 15085 1140
572 1214 9146
2269 5172 6265
136 4117 2120
7536 11648 5807
3700 6618 2909
923 2260 8991
8580 10120 6733
1066 5506 9196
3619 9380 5355
12036 19646 3656
7454 12452 648
707 11641 4787
6448 7839 48
3563 9531 2451
4086 6085 5415
11831 14931 3172
2010 16984 8761
818 9223 2633
12796 15200 9635
2131 7355 4788
12759 13677 7025
1197 16486 4039
5294 7536 1183
578 2172 8510
2650 19716 7527
4722 13699 320
12516 17632 5725
1463 8364 3147
100 197 4218
9243 19554 3959
14473 15465 6884
5532 7117 2741
4299 4969 4728
2682 19583 2691
1740 4199 7055
477 998 9865
2812 11589 7043
14186 18984 3587
6168 13425 3220
4445 10826 6002
7009 11252 4099
9320 18855 1822
7271 18919 7650
4565 4940 9759
5026 9972 8198
934 19958 3492
740 16138 8262
9672 9807 8114
17849 17886 1563
11410 12451 3068
10276 12925 3635
11220 17960 8125
11037 18724 1675
5463 9376 3084
401 10954 798
84 592 7062
3144 16069 2233
6428 12299 4386
6517 18046 7010
9459 18705 5878
3351 15213 8944
13110 15309 2720
75 7134 5176
6085 18470 4853
1734 11650 6995
2110 2517 9082
13911 18188 1573
7297 12580 4826
413 5955 7251
184 11373 8206
637 2061 4786
9845 11259 9244
5572 16893 9574
5973 14099 3759
12447 13986 8416
12657 14768 8658
16995 19505 9660
6397 10671 1942
1197 11281 5386
6885 11541 3143
4007 15816 5269
1979 6255 6697
1967 13513 2936
6104 15729 9738
5836 6168 9947
1647 17321 5023
2449 2732 9324
153 2633 8652
169 2386 210
17622 19434 8309
1864 5417 7422
16786 19297 7972
4860 16533 9849
7809 8463 5457
14021 16673 8342
15596 17128 1983
1360 4906 5229
4485 14090 3882
8245 15361 3672
1960 13776 7004
13835 15161 7850
360 614 2052
5094 7982 9671
2031 18557 3273
7400 7456 906
6771 18729 3191
8122 10015 2743
4338 15293 5851
315 6886 6901
8464 8672 635
14861 18866 8621
3153 3805 9392
10714 10754 2883
5870 10479 6700
12055 18517 2602
514 14845 6483
9332 11379 9934
12836 18192 1377
7487 13794 6074
2367 2644 6963
12424 14312 5702
18 12037 2898
9989 14879 7107
5754 8586 9673
3941 16798 1098
9648 19374 7753
289 17070 2767
10118 19342 5784
11218 15282 2688
7126 10167 8190
1579 7287 7260
2123 18099 2515
3515 16529 2443
10190 10522 7830
6319 14042 3702
7572 12610 5175
1339 10396 6301
4165 12412 552
456 7707 7414
756 3586 7881
12538 12542 6988
8491 19552 3388
3857 4259 2154
8073 13046 5570
7765 14450 3534
3921 17801 2969
16088 17316 9475
6538 7395 5816
744 11617 4198
4770 6663 4320
2676 13298 7805
1076 17355 2842
11353 19140 7838
14252 18946 8992
1238 8212 2908
1774 18666 5164
319 18684 9975
10438 15962 2687
1028 3559 5307
3768 15746 1316
2274 15413 3630
130 2783 7341
4976 12286 2892
4824 9157 3181
8224 13296 9742
3019 9877 9366
9737 13164 3035
755 6110 5476
8643 13942 6047
1302 13167 4494
1158 4762 4118
7352 15529 2970
556 13314 532
4377 9947 7689
3382 9449 8437
6320 9347 1551
4761 15074 1666
16697 19643 7783
206 2236 6457
1746 16490 1567
6124 8664 3668
7405 10666 7564
859 4083 9537
12047 15191 2375
4286 7315 8294
11947 16300 8916
4842 15154 9669
8327 16748 9304
10462 10990 9329
5818 8429 4744
3709 11530 5047
13895 14573 1812
2851 5649 6795
282 1250 683
5360 17391 5758
3177 3413 4620
539 6474 8925
2705 4608 8588
7661 8684 8455
1558 14113 5726
5220 6416 363
3311 4198 3795
3410 14997 3444
10846 15861 9460
7387 16821 520
6835 7548 3670
13271 14359 1603
6124 11143 7790
7853 15789 7768
7777 15200 6535
9375 15473 8219
497 14314 645
2266 7276 5074
6625 12241 5575
7182 11159 5742
3943 19504 350
6790 19865 3108
1732 16062 5565
8982 10099 8030
2340 6805 8416
14869 18703 4221
1959 4163 1021
6739 6942 119
10912 18521 376
102 1394 2633
11999 13003 9269
155 561 9668
7 13804 9357
5000 11740 3887
7618 9857 8715
11467 13537 2523
1908 5222 5279
4010 8301 164
2126 19080 9323
2675 4100 661
1937 2502 9036
9226 16144 4696
4942 19822 2989
17304 19370 5539
1984 9011 2605
2361 17045 3471
10220 17782 6116
10143 11147 3101
4318 5857 766
134 4935 1037
9659 13282 2998
6459 8662 3513
2163 6097 4837
9692 12190 8276
3671 9364 3319
18670 19512 4081
13014 14014 1149
9835 17157 342
3640 4968 5927
697 2412 4989
2900 10248 9682
7493 10080 3524
3461 14376 6499
14913 16160 45
6829 16546 9975
5183 9783 6802
5454 8076 9515
4857 7637 9336
13179 19375 8183
10237 17384 2051
7450 19383 6230
523 3019 2544
1123 9365 7858
8596 13949 9804
15 835 9745
3005 14710 1599
6844 10727 5586
1102 2164 8300
145 2857 9488
2583 13694 8604
3966 5226 6529
12728 13371 7262
4062 16265 7224
9588 15344 8321
15546 17534 5924
10669 14925 6374
2207 15716 9703
193 16315 7515
11769 17929 8851
13190 17845 3962
2861 19649 953
554 4646 4863
2356 12351 7651
11529 12598 3243
15375 18664 4110
12458 14425 4772
541 14820 959
11412 13416 5105
30 5570 8643
2555 2867 8707
6607 9069 440
11792 11940 7895
15416 19540 8214
7001 16925 1463
9724 18852 1899
9667 15543 8908
237 11374 8879
13315 15983 6075
993 11772 643
239 2014 2468
3471 4023 6016
12406 14276 9448
10776 16090 2780
477 8569 3388
2321 5663 704
2812 8243 1274
2600 17810 2825
13887 18402 6117
15571 16808 3451
4110 8249 3916
9256 13890 7989
4701 8780 7150
8985 16050 3582
11242 19708 3528
2990 6531 6003
10256 18973 8030
1293 3342 4135
13881 15376 8015
314 4875 7373
8242 8368 1759
3454 5178 726
4389 6917 6579
1176 1536 9294
979 3737 842
4006 8627 4094
5445 7511 1548
2591 17886 756
3009 6792 3373
8172 12991 4859
2759 17817 7131
1974 5756 6931
14187 14681 6220
10502 17894 4167
14038 16603 9829
1887 15153 4718
11531 16143 1012
3942 8075 5612
910 7588 379
4278 13415 8522
10152 15188 5251
3104 10953 4756
7547 18273 5294
116 4798 3802
2351 7150 1212
6492 9427 8255
2581 2774 8197
6707 14711 197
12905 14197 4190
3316 19684 6440
7872 18279 2521
4220 6373 6469
541 9591 6711
13845 17846 1403
3610 8970 1891
9346 9462 7472
6685 15066 4974
13802 15571 4082
2797 13856 4588
3826 13183 9754
6717 18162 3460
8810 9170 850
519 10521 9195
9553 12949 7053
4273 15353 3864
503 633 9333
1358 17415 71
1246 11306 6242
8733 17823 7594
873 1154 6541
768 863 697
14588 19127 321
2898 5507 6436
7661 11556 1570
947 17224 6036
8781 11917 1630
851 5136 8778
12405 15837 7160
5788 11186 6208
3369 5765 8064
11721 14937 9700
12350 19867 5240
4318 8856 7978
8484 12708 8933
10539 18296 6977
2819 4406 1060
6 175 6041
8944 18822 5122
9228 14607 9540
208 13450 7377
3399 19715 3821
5612 14350 103
2591 14540 704
1153 12855 2549
5097 11047 1872
2599 6678 1826
6156 14548 2177
4493 16154 1868
1723 10269 1385
5629 10498 7442
46 16232 1109
17786 18725 1692
14927 18738 3079
738 2247 3906
2964 4271 344
3312 7075 2506
2708 13564 8012
1262 17188 8770
5816 19388 3919
241 18114 8976
4390 10034 4848
985 1014 5963
845 18741 5844
2733 6360 5035
5871 6228 7776
5776 13467 4930
11110 15523 994
6169 18504 7369
9417 11736 4383
5617 12711 2635
8269 17482 3327
4724 5124 4210
4157 6327 3545
3350 17194 8273
4103 15455 1429
308 382 3820
2011 15193 4153
5857 9595 6724
1051 5499 8867
4997 14871 4440
6981 13043 616
659 14017 7849
5221 15370 469
7053 10247 4890
3795 11931 1252
11603 17096 7697
5921 11966 7818
4087 16867 2139
68 2701 3708
11604 13314 1741
2565 3654 9938
5820 15809 4774
1925 10355 5401
3388 3862 9130
5615 10581 1513
929 16239 8043
4241 9856 888
16834 17951 6964
1159 7722 8567
8543 18101 3295
3647 13816 8716
10615 15360 7542
9592 16489 7116
13114 19788 7142
2003 14121 4436
2219 11140 8786
5740 13367 7338
2009 5614 7748
1855 6475 9289
1918 11991 611
7389 14350 9618
4003 11085 5964
8158 18742 1958
1105 6252 7003
3215 4639 8574
4175 6168 7840
11445 18710 5496
8289 9191 924
12563 16764 96
10523 12814 1733
3146 18825 54
9125 13992 8008
7083 19232 4999
7271 17065 72
11818 15004 7858
11054 19009 2822
2710 19455 9126
7629 15001 3564
2344 11725 830
2537 5562 915
4147 17580 8597
196 6345 5623
4247 11930 8622
1977 9604 255
5777 6203 9532
2575 10913 4735
6484 14024 7689
208 1768 346
4431 13496 2715
316 483 7297
741 4207 1854
15659 17349 7673
3173 10463 9419
131 15535 7415
14724 18691 4232
19140 19324 7529
2678 10918 1623
12224 16971 4587
1327 6403 1796
4629 12569 8868
7961 13723 5339
6199 8609 9573
6707 12137 631
1437 9885 6545
3765 13568 4230
4992 11999 5280
6680 11662 4497
4129 7632 3892
4046 6815 632
11637 13706 6378
1707 2048 8677
2047 18776 2146
4220 6641 1825
169 16081 9825
2162 11730 617
4944 9156 6384
3879 7334 5963
1054 19304 1916
10583 18892 4757
13806 14110 5549
4814 9028 1445
8754 15371 271
11306 13332 7217
264 8142 5218
7397 12637 5963
3517 17076 1376
18006 18788 4592
6901 16235 574
1222 4407 6613
5213 7438 5335
1104 2407 2382
1660 13985 1901
17172 17520 133
1706 6538 9063
3804 6376 348
7944 12636 7403
1114 1963 6992
8343 9252 7046
5141 18727 895
1643 3659 2130
10495 17667 7587
210 344 6169
440 918 2236
4670 12127 1542
639 8708 6219
522 1129 9345
7424 12910 3393
8570 15284 8558
2911 8577 4817
5401 14983 3523
723 953 5639
8819 19719 3331
15430 18313 25
14848 15479 3800
9432 18275 9153
3819 4662 1608
346 4992 6693
5386 13337 5451
11828 12083 9222
12077 17738 5158
896 9351 3851
1454 3876 6348
4029 6168 4526
7944 16473 4025
2 10 3780
9735 14269 3023
335 6654 4403
12747 14272 6401
6226 9898 7238
6187 6530 5613
4480 13168 951
1472 6461 1855
14120 14556 151
4652 5091 1690
1744 4965 5372
6119 7016 1322
7641 13193 4363
4736 16695 9216
4916 10600 2460
6648 7830 7570
8923 13838 8532
4498 9039 1316
11848 16381 8569
738 16600 1378
3616 4155 4246
33 8199 4315
16339 18246 4444
2627 5269 5750
1701 11267 9990
16694 17151 1959
1396 4166 996
6839 9125 6049
5568 11395 2317
3789 18680 4345
17 2323 2498
2149 5025 4583
909 6433 9299
3748 18556 1595
14206 14337 1588
6665 16484 3291
3836 8451 4346
7703 10622 8399
584 3097 5964
597 14857 8069
9052 11534 3011
3906 6823 1024
601 12750 6936
3319 3730 3154
14761 18386 101
13851 15840 7862
601 2119 1453
10193 13711 140
3375 17581 3004
10300 11835 8313
11181 15018 9484
9096 18548 6903
17927 19453 4328
3602 5376 6601
779 13416 4955
11092 11364 9483
581 4971 2454
5754 9158 1433
12431 16983 6815
4793 11060 6955
2121 4639 5463
2512 6002 8254
6849 19142 9513
11375 13927 404
3230 9470 7950
2734 3541 1085
489 9313 818
2764 6832 6684
5483 12966 5928
5839 10372 2351
7689 19708 6654
4430 7925 6716
1754 16594 1298
273 340 189
3682 18860 9813
2094 5311 6791
605 17078 4155
460 1292 65
10861 11265 459
3837 6863 4267
7674 8445 251
9360 17776 9983
637 11954 2431
5919 8931 6203
5186 6086 4666
4343 13559 9227
1415 3320 1389
5513 16685 783
1502 9453 1172
3221 13484 7767
2476 11184 331
14338 15033 5368
3023 11735 4659
7514 7624 9754
6682 9352 9160
11100 16515 6647
12829 15225 1307
452 4002 6309
7889 16923 843
2299 9562 1310
487 15444 6010
4810 15466 8269
12211 15843 2214
4155 18262 495
476 5789 4892
2387 14255 2093
1744 1748 5018
10304 15718 9408
2825 12046 1756
4675 10005 6129
960 7686 9764
5299 10427 9628
6694 16865 7230
1048 11210 7971
2755 9498 5567
1809 2759 9600
16647 17078 721
12760 19107 9946
7209 10562 9777
34 541 9286
9457 17848 9533
713 4583 4957
6290 17890 1859
898 930 4570
3145 12511 9135
5772 15445 3554
4207 10121 3219
2623 4838 6732
16186 16207 6126
7635 9238 6273
4766 14717 5741
6475 6763 9407
12564 19577 5262
4805 8621 1247
2436 15353 4496
11456 13246 8236
9473 11266 2851
127 5567 4740
825 3644 3454
734 15902 8386
330 2662 7775
11338 15963 1392
4368 11195 5208
5477 15855 7448
13551 19581 6525
6269 18254 9468
646 4680 7920
12745 18456 3167
7851 14915 6945
5996 16719 1247
321 13999 5844
2705 10023 4174
3906 3970 4195
2803 6498 8319
5811 11270 631
3453 12444 4723
6426 7715 8930
847 10479 3361
303 445 2368
3813 10504 9253
48 107 6183
3440 4205 7892
1143 12309 9903
3651 7035 8565
16564 19314 4665
7573 15387 9843
1724 3841 9312
2692 5037 3545
848 6455 6304
4757 18043 7598
6231 13147 5343
7188 19078 1866
13888 15546 3202
613 3852 6068
7682 8049 6221
10742 19653 6223
6278 9471 1269
415 602 7694
16230 19320 6800
1583 17393 8397
588 1869 4801
11071 16728 2587
15856 19431 9689
99 141 3455
3995 7667 5475
536 11488 3403
6285 14573 4183
7093 18976 8777
7159 10342 5394
136 922 9827
6614 7641 8127
7841 8635 8633
13181 16870 8173
5175 8671 1429
3110 6175 1346
246 16221 2652
2645 11989 8643
2311 9649 4310
6753 10108 6015
11698 16528 3484
12152 18494 2689
4952 12625 597
3755 15754 8760
1666 11248 8241
1019 3136 1869
9197 16159 77
7478 13177 3253
2343 14130 5007
5718 17778 8079
2316 10668 7925
4249 9036 3348
6947 19180 1051
4773 12240 8519
2649 4787 2503
3546 6689 4579
13 547 148
7531 13825 5780
885 4342 9288
926 2222 5084
11083 19558 4398
422 9081 6550
6541 13148 3434
4769 12187 334
266 329 3962
2300 18908 953
8370 13621 6167
1380 10095 1126
3961 14756 1223
10873 18501 4201
13196 15825 3053
2149 16915 5704
5773 11142 1375
7295 19722 2555
5670 6063 937
379 2411 3205
911 9680 84
12325 19496 1153
3310 11589 8522
13005 16668 1405
955 8624 169
10738 18696 7858
15851 18743 2446
1896 11156 1199
921 14725 6950
5146 15284 4162
1713 5967 2512
2559 7621 1335
5811 18191 1247
9183 19648 7050
8935 11477 7031
4989 13245 2312
14595 17463 7123
9991 17281 7163
13475 15750 4169
13819 17584 9133
14003 17618 4175
225 2555 2992
5696 17866 811
3322 4376 5367
6440 17158 297
184 1237 7424
8876 11485 185
14104 14212 377
2337 8999 8364
9110 14604 7535
2567 10516 3592
11285 11575 5407
643 1098 8011
8916 19369 1491
11024 18129 6828
1139 13470 6456
3920 6931 4710
4628 5701 7741
1675 14293 2250
5630 11530 2150
8901 16080 1528
6720 10471 8500
5051 19228 8206
632 6341 1517
3260 5391 6330
2842 14421 8157
6726 7149 9339
3271 7016 9387
4617 17774 1718
318 435 5126
1292 14691 9466
2872 7175 6116
567 2779 6503
4103 15117 4004
7165 8064 4329
8429 12893 7497
3209 6762 7342
2065 3514 3072
6852 18146 4142
3988 16960 6076
2038 9571 3782
6552 7460 2060
6538 18216 6764
2956 11181 4157
318 348 167
11778 17472 1273
1272 12735 9282
6236 16384 8696
4771 14687 9076
7590 18366 3405
16327 17564 92
5814 13482 3460
813 1637 1320
7883 15635 6319
14820 14821 8826
3998 6795 6871
1108 1405 408
3845 5958 6639
561 13443 6843
9804 19372 1404
12772 15199 3929
3514 10478 2220
3210 6152 5289
16454 16472 337
9816 12868 8147
14420 14766 9014
1654 10725 7232
5330 9141 1501
12456 16937 5144
3304 12402 4254
15783 19218 731
15918 16122 9869
1514 6049 8642
72 121 3191
3384 12122 3111
2042 17501 9758
7849 19211 6534
2008 2641 3677
8612 13528 2972
8189 10865 623
4388 6545 4695
17003 18103 9134
16078 16826 9001
11759 17476 6419
2750 12787 110
6613 15994 5695
2462 19238 6855
7113 17806 388
1735 3623 6226
1488 18662 2508
8854 16492 2022
11357 13290 9574
3282 18742 7802
1460 3580 6652
1883 5829 2627
595 15785 1849
2216 3289 4545
6159 17930 3873
345 416 4789
9546 16035 8771
8182 10808 6207
2237 3746 4082
284 5778 8265
14176 17586 9385
1150 6192 2050
2145 7162 2330
10197 18094 8566
10307 11574 3528
5586 8783 974
4995 6519 9231
13385 19226 1028
11434 12026 7804
5625 15101 1825
1279 7348 4077
2124 2128 8443
4536 11616 5206
13475 18607 3642
12337 16664 5328
96 16684 568
4 5 8545
1916 2935 5340
3224 7931 874
5559 15818 8036
2568 8838 4417
879 5765 2429
852 8943 3153
2759 16279 8673
17580 19843 6330
7810 9827 9050
7163 12387 3346
499 16297 9195
1018 8265 6474
15807 17349 5023
4597 6894 455
5521 7892 6878
2484 5987 2394
1837 3798 3648
4264 5910 1971
4520 19671 512
5627 18438 3626
5131 11609 7310
815 1679 9536
11402 12558 6212
5653 6891 7286
3579 7848 5586
11485 13706 464
4746 16500 1184
4354 7795 2983
571 11185 7062
3842 10189 9656
9899 19549 269
3269 4192 5537
13050 13505 6863
2293 11539 4680
11876 18578 6675
997 2761 7510
2772 4479 9635
5711 11337 6931
12089 13379 4109
706 17915 1237
1675 3800 7400
1781 14703 4039
126 15678 9204
5579 11034 1263
9102 17945 2955
7350 13563 1882
8620 9241 5813
16090 19473 130
9028 18124 4855
221 4819 6773
16173 16397 7068
17299 19464 5730
7797 10041 2912
5274 18833 964
1942 2753 6954
5333 8434 2699
11891 15960 8026
11719 19805 3953
9818 13771 7877
12963 18047 8787
3225 8108 2058
5248 18566 727
8931 12450 1374
8905 19107 4855
6347 8986 1400
10940 18638 212
13380 17247 7494
176 552 9677
700 1097 6686
5383 11182 4912
6006 12854 2728
5286 7080 5377
11314 19743 3167
17531 19443 6547
2293 12892 2171
8501 11351 9350
4186 10336 8684
10532 13708 6456
11404 12999 8852
3587 4919 3941
9173 13675 3881
628 5355 2852
5869 7799 1709
622 19609 2885
200 530 3466
11024 19170 5612
6235 14894 3643
10126 10279 5050
72 302 5186
5837 8246 8844
4319 15931 6346
3520 4628 3881
7595 9303 3662
5192 9100 1099
10998 11132 9182
7539 16264 7934
1371 6635 4718
5488 7202 8180
6201 11465 2086
16302 19766 7320
8795 13617 1707
1109 1900 9157
6101 11531 6289
4458 6386 5260
8189 12437 8766
11798 14628 3620
9560 17268 7408
16068 18923 7679
14793 16374 851
712 9753 7649
1118 17858 6645
15770 16929 394
9659 14739 4167
1691 1858 511
11368 15355 4362
3113 13366 4124
6506 16222 7959
8254 17578 9763
7484 8613 668
12494 15751 6096
26 37 4141
5426 6026 2672
9631 15996 8290
1390 16148 7919
7312 8564 1892
7745 17648 12
5035 7434 5799
909 2025 3645
7123 8267 8061
15069 19988 959
7516 19899 1957
10745 13215 9690
2763 7093 7411
4840 19758 543
4675 15027 7145
4058 13012 3796
11101 16859 3614
2811 17969 2809
11946 17326 4380
2129 5850 1963
541 5110 1543
261 1571 476
17108 18694 8450
98 6192 2331
5540 13085 9798
2530 3419 7018
5239 6836 2540
1158 11689 1979
2687 13076 715
6329 12281 5681
14182 18920 4473
2349 9110 7308
12819 16907 4139
7131 13262 213
5555 10853 4716
9847 11546 4243
7793 13175 9215
1440 6667 8521
10067 12021 7835
8937 15722 7132
13820 14845 5585
13782 15181 7569
1101 17754 3905
881 8448 1424
1702 5229 7106
700 19869 250
18140 19818 2440
3680 5813 8892
9962 11812 9178
12730 13860 3617
4631 14631 8902
7054 18556 8798
6107 14754 4791
2409 7147 2949
14698 14944 1191
18660 19107 421
10488 13772 7789
3352 11192 3226
2802 2982 8459
5303 7856 1690
11511 14078 1527
6431 10943 862
6506 9981 9783
420 1919 5091
3734 17380 6920
8031 16487 4557
7209 16725 8563
14042 14762 9271
1036 3778 1206
9187 9489 357
13924 14456 8451
3205 9724 5721
2891 3725 4675
11869 13071 8528
5667 5999 8984
2799 8091 658
2649 6456 9133
4638 5738 9487
3603 19292 8201
12672 13613 4240
6097 19684 5473
13263 14215 9565
8337 17107 9536
5997 17108 4140
486 1264 6863
1444 2451 5347
1454 5552 6539
7345 9186 2596
54 6633 7268
492 856 1653
2417 5027 5223
5345 11935 3617
5400 13083 5057
333 493 1352
559 6299 6863
4832 12458 213
9992 11599 4588
2533 4568 2471
13540 14375 7268
8030 15882 4888
12373 19913 3945
9188 13105 6384
15929 18279 7724
17026 18861 6037
3116 6744 7663
13079 19383 9325
6700 18158 8273
12570 15110 6706
13564 14318 287
13692 17608 2045
1655 15826 5170
4736 9283 7291
7393 10037 3907
6204 9435 3925
16061 18011 7702
6473 12432 6043
6006 10498 4801
4969 6010 8029
11378 17681 8347
14450 19800 9149
6498 8858 2861
6533 18253 8283
1619 2782 1099
3878 5807 1850
1002 7550 3383
5420 11367 2737
9433 16151 5652
5725 10637 5212
1300 2154 1526
4929 9909 4036
1513 8640 3468
2421 9311 7867
5451 6446 1668
9658 18998 8923
10326 12976 5623
4581 13110 6882
17508 18298 9553
1304 7814 8278
1931 10546 4305
5972 16973 5072
5235 9024 4525
16954 16957 3035
5917 8394 177
1276 12906 7849
1745 8183 3596
2330 11439 5181
12051 13154 4097
15776 18906 1790
9251 11759 8128
776 7595 2764
1251 1527 6454
414 5583 4315
7461 12508 7593
8353 11091 2267
11011 18227 4065
5970 7253 4504
756 17869 4676
7791 19045 5708
3369 4994 5128
5610 6589 9912
9983 13077 5569
11818 17577 349
11300 11729 7226
4685 8445 1173
5576 9305 9210
1340 1657 1097
6778 19649 3206
3128 5882 4569
12950 16628 4301
2162 19249 303
513 14950 2017
12974 13565 282
956 19784 4360
7173 8563 9324
2637 10703 9662
5919 9307 6122
721 2031 3439
18838 19718 2651
2024 12988 6131
4909 9365 6648
3952 14324 1805
2631 5521 7014
287 5856 3616
2091 14473 8006
887 9440 5531
30 285 9402
7962 11257 1284
8606 9690 4151
2311 4653 2742
5788 8022 3091
11316 15404 3286
11535 13820 9647
1122 4447 1989
4679 10882 4857
3974 5324 9398
9184 13665 3891
3481 9780 4179
725 16354 9344
11868 19965 7618
2921 11533 8929
7136 13574 6456
3777 18911 2861
452 1348 8732
141 2552 2116
10622 18267 1922
6109 16084 4433
7647 9954 1911
7526 11422 4910
894 17398 1802
8542 8837 9479
657 11986 3235
2518 16993 2161
1220 7145 6660
11925 15067 7655
198 1689 4516
7034 15663 4736
5687 14317 4012
10035 18233 9536
4657 5173 7099
2570 10271 6236
8156 13947 4554
3880 7475 8185
4785 16941 3165
6575 15691 8509
5050 13699 4600
2170 12012 3824
11685 17981 787
2514 12911 4608
1004 6068 5201
7344 18182 2820
11448 14432 6292
730 8797 2899
11374 19658 8287
15957 16532 5142
5974 9287 9245
14472 18397 2087
2147 18042 6383
13284 18610 7243
1574 1774 9752
2747 2920 21
2045 2934 7451
16713 18075 1822
4400 6778 3919
9753 12422 7381
6169 9512 5175
7230 16669 9161
13556 15718 5818
601 1487 9893
6170 8609 3007
434 16391 6619
2710 16132 3001
1679 5748 6325
573 8078 3405
2278 13091 1098
7466 13874 6146
20 3650 9093
7609 18190 2649
3929 5573 3987
2355 4213 6980
3100 19471 8527
10922 12510 7167
8062 9502 2820
16972 18367 5075
5409 15489 220
627 12414 5845
5304 14277 3763
520 19251 9997
490 3059 863
572 1667 4774
6704 7146 1909
9217 19751 8373
1007 7756 7796
3265 5550 155
15550 19189 3435
3812 10740 1996
1837 17054 5749
4944 13831 234
6988 11449 9325
5017 6761 8045
7557 16323 2308
8992 18691 8221
3369 4424 8625
3071 17507 976
7446 14340 7465
449 1493 3407
7749 18819 2039
2219 12711 6240
2954 15922 3897
1208 2158 6936
3581 12664 4241
2876 13919 5135
8531 14846 773
834 3365 2707
17685 19100 4106
4147 17681 7816
10141 10575 6395
2065 5100 7628
2580 17880 5775
163 5985 7060
1835 3662 9990
13833 18744 1576
2490 12885 3854
7954 10430 7051
5165 14437 3153
3235 5546 4103
8483 11605 9327
12906 14103 3567
2267 12068 9241
13374 18867 2987
940 4610 6588
8538 14528 612
7694 17365 2210
10118 17042 6077
3668 15330 8232
13856 15363 8704
3013 14253 5043
281 16623 1418
342 15434 2909
542 9655 7339
10859 15628 2886
12878 13377 2299
836 2751 6420
314 3446 9233
11596 13981 9916
5408 9547 3912
3696 11647 8281
1130 9912 8667
3555 6259 7500
332 8554 190
7572 9478 2639
4721 10767 1968
11667 13029 6033
539 10829 6345
410 1915 5693
2747 5677 6009
427 14721 8402
962 2459 789
4769 12377 9553
2014 14656 260
3335 7483 7172
3244 8640 2891
5467 15416 9547
11244 11331 3595
13682 19512 6330
1400 11152 8485
12148 17917 5591
4467 16557 7279
251 14967 6826
1426 2943 5436
1788 8684 8197
7967 15135 4122
14169 14280 8067
8665 18327 898
720 3927 4289
2178 5095 5310
6508 14477 3661
8930 10071 6932
4446 7794 6384
5645 15655 8913
12319 12604 1508
6557 12402 9145
11648 12207 3406
3914 11059 6476
2451 13260 2953
7658 9648 7991
2585 8603 7392
9869 17646 9118
2447 3042 580
5644 10989 7231
18970 19612 9212
7810 12812 4115
10758 14286 6248
540 712 5408
1034 11594 3023
4667 8435 1048
5758 19375 5382
2667 16231 9574
5306 10706 204
9601 16503 7106
5786 11092 1479
7077 13113 9517
442 12584 2324
14235 15587 7117
2693 7586 5669
10753 14576 6642
568 10883 5609
3887 11494 3344
19831 19980 2955
4848 9723 3371
4007 6448 7220
7781 9734 3715
478 19324 425
9998 14389 8260
335 16811 7779
1117 15626 16
305 1163 9275
8660 16144 3775
9106 18692 6726
6510 10521 2908
3813 8827 3683
9801 11042 4928
9425 11960 7602
9133 12013 5817
387 5071 4662
12653 15774 4329
5810 7756 7379
5045 7235 7308
6337 6490 1261
8518 12206 8593
10567 11320 9933
12374 15701 1380
763 9922 6429
9838 10856 2987
1968 5265 1896
5546 18689 9831
17178 19022 8364
603 15399 425
2320 10626 6039
1539 7989 7975
11433 16030 6422
2252 5146 8290
10069 13836 2010
8603 10559 1351
4975 16542 1980
762 15693 9819
6185 12848 3383
6812 6835 6866
4900 6790 8640
14889 18166 1337
1260 4501 7913
3331 6907 5153
2088 11894 1329
8088 15087 4622
3852 14814 9678
10433 17048 6366
12305 17448 6265
10180 10373 3724
13216 14590 8921
948 6898 579
7436 10434 2085
5677 12696 114
1147 7844 2791
18 849 1808
1950 3701 5102
4354 5608 5408
926 11216 5502
9475 13375 1429
7573 18919 4075
1661 15343 72
3320 5320 544
2032 10078 5482
3660 15580 5120
6445 8434 7561
1980 5559 7054
1553 11074 6722
482 928 8140
2714 5010 8708
8718 12577 5970
8559 8670 4315
10736 15372 6580
2098 11424 8896
1183 19887 5897
1189 17746 1457
1538 2634 4176
340 2983 164
2518 3521 7636
8829 15156 374
10188 12647 5652
11121 16165 6753
5816 6073 4685
1402 2326 5062
162 9993 1153
2805 3320 5052
8309 8484 1320
11262 15410 4218
3793 8739 2719
8091 9311 9067
14416 15887 7512
3678 17692 7742
12898 12979 2717
11916 19704 5657
11915 17540 4112
2197 5315 4998
10523 18709 6370
8083 17024 7612
3909 7980 4963
2565 6595 4282
213 10182 5344
4887 17264 5326
3884 10488 1106
1456 6634 2013
5930 17550 1045
948 10946 7993
10556 18547 2294
12801 14057 8834
810 8205 4398
8701 16797 3939
189 17118 4698
9372 15745 3662
4429 9957 426
14594 16902 4117
11044 18431 293
10136 17812 2335
1352 1740 4881
1203 19606 1252
9146 18023 3044
7152 8192 6376
8467 11033 9161
8659 12263 1774
5154 19209 5080
6093 14769 8224
15462 17612 3612
58 15946 3695
2921 8419 5100
2004 6865 7757
1918 6293 3632
637 7392 5557
108 4714 2700
2557 2578 9531
11348 17903 6416
1514 8679 2629
722 5660 571
6305 16100 3066
11690 12678 6251
8727 9300 1261
10221 14697 7358
784 6559 844
10840 15559 8089
7168 18113 4761
4929 17199 6477
7634 15448 9984
3446 8390 6072
4472 7678 5894
10330 15788 2914
13890 16686 2960
2957 5225 4327
14715 15880 5914
7180 19995 2786
4595 16106 6847
4919 8101 8901
9319 13164 7513
2367 6630 2557
6806 18067 1492
4543 12956 7757
6719 10268 3405
13101 18718 5406
1025 5337 9707
8545 19042 7101
8453 16419 5485
10736 12803 4514
4497 6512 6351
6889 17090 3478
2689 7576 5794
9268 9667 6342
6325 17129 7544
11226 17916 9017
6240 19426 2268
13807 15072 3912
3846 10314 5875
2885 17350 5414
6690 13651 1220
2576 2888 4708
4854 15022 8466
4773 15360 7674
16082 17689 9964
3706 10709 3066
10369 12687 6820
19219 19333 6780
94 448 5178
16248 17102 2792
15208 16269 1046
2753 10817 1902
201 19077 7323
9874 18933 2916
1247 10415 4874
501 17830 443
1856 3500 1133
1539 12728 4211
1040 10252 1050
1058 12266 1105
4922 5612 281
2391 8520 2335
2231 10947 6395
1693 2832 8495
1620 18004 9398
2435 3711 1973
1218 9770 1259
7084 19402 6737
4706 18681 9943
900 18239 2419
9228 13126 3649
3764 11129 2296
5329 15480 4869
5594 17085 7591
1528 11543 8870
421 19248 731
16326 18250 8462
8714 18213 144
11550 14452 1322
4687 11940 7705
1382 1754 3735
13662 14791 1619
762 1682 8605
6748 18828 3418
1050 13490 9249
3499 5072 7815
1608 9516 51
2480 19820 1458
1307 19041 8545
1302 1778 3319
12605 17485 4298
14957 18928 1290
3839 10826 9122
4069 7909 3306
3439 8092 5265
682 3815 912
188 1056 3979
6780 16799 308
3060 12621 7695
9463 10723 281
10107 11276 871
5894 10401 9089
8933 12361 8547
13755 16856 1712
1247 11772 958
6401 11112 7653
2560 2813 4257
2272 11747 5195
6627 12054 3706
387 11821 4375
3272 11634 1851
12534 13431 1346
6864 13967 3454
7488 16462 662
4438 7195 6503
3360 3852 8831
395 7582 3827
5987 11299 9373
6934 18028 9744
7770 11619 4543
10417 15440 1479
1389 13702 4198
3324 11414 3865
9503 15167 9602
9332 12669 4534
13513 17071 576
4674 12158 6845
12473 17140 3426
714 15934 4728
11034 12382 7209
6169 19452 634
16014 19674 6821
1558 5954 6358
16167 19175 5159
454 16403 6312
1366 18599 3832
7580 16338 4027
9220 19116 9950
6985 16840 2428
523 4482 3099
1348 12913 6330
1742 19012 3909
12085 19646 111
6620 15128 1617
2499 3099 1483
505 1273 8713
8845 17549 2066
2514 16493 9447
10960 13005 6902
12300 17212 3570
9652 11041 5155
776 4591 6865
4409 8522 7637
7610 12135 1515
6210 13030 4400
10694 18051 3501
190 14970 9299
16422 18985 9576
15001 18195 2177
12959 14366 8797
2429 18417 4749
10550 14487 8759
2947 13674 6157
272 8013 6730
12265 16281 6060
5631 6186 4914
5182 6802 2075
5978 6832 6015
12263 15427 3642
5122 18551 322
2213 6569 948
7682 14829 5541
8383 11851 2240
1210 3016 979
3651 4845 4702
7226 16307 8439
3961 4104 3524
12086 17105 1944
7015 11221 2051
8038 15146 5976
14990 16163 1751
7300 15486 9318
7034 11981 6755
2790 15927 4091
806 7867 3127
16316 16765 6137
874 10251 3316
8077 14211 3867
8927 11458 9709
18299 18586 1359
14214 19900 5674
17866 18780 1670
7264 18345 519
3725 5511 6895
12377 14202 2400
8437 17188 7819
3315 12031 1538
6744 14606 272
6337 18747 7436
9080 12911 8974
9258 14155 8368
435 2518 4576
2577 9212 8963
1019 14909 3673
17416 17640 9761
2810 8124 9483
5998 11152 1873
13192 15544 2830
3217 8717 1126
4811 11718 8330
8229 18197 7570
3665 18635 6970
378 16305 7232
8337 11964 6749
1327 4781 5898
8133 10907 7025
2035 3873 4978
208 10187 5399
3883 19640 4077
2717 13669 7549
12599 12742 5383
2252 7339 158
9083 18409 6110
7560 8589 1131
5658 15144 9027
14705 19980 3751
11567 17056 9152
896 14468 5374
6144 17997 3890
15603 19094 8100
7838 12311 2956
315 3679 8766
1003 4672 3770
1247 6154 7974
11926 16675 921
9843 11051 3410
11960 18089 3962
2024 10073 8000
13947 17411 9789
7194 11061 9670
316 19711 2371
4880 5739 853
12422 13200 8491
2204 3956 8622
11585 18936 6360
4643 7181 3876
1013 16897 350
1122 11187 9057
2130 8141 6790
8281 13152 239
502 1123 417
2534 7840 2024
3867 14631 4580
1656 3287 886
1075 8706 6287
657 753 1399
3215 18080 9616
3309 12391 3052
4415 6714 8406
542 5334 8972
1045 5463 2717
3257 5558 3333
259 13641 2760
2861 7767 8379
486 5872 2248
1156 3935 7481
3455 18673 6755
14923 15131 561
1271 15584 1704
9479 15710 7379
6492 7986 5430
4627 5378 501
8726 9562 9205
8736 10302 9077
11726 18984 712
6965 10098 3830
11916 14948 6510
245 4692 7388
5207 13839 7676
3662 10000 7153
2513 6004 5239
13224 19013 8306
11692 16892 1683
5964 13514 3675
699 2945 6918
1385 2099 2452
5055 12979 6705
7338 13546 3557
445 4755 2608
155 160 29
3 18 9935
6931 18338 4735
9297 13380 1580
2501 11109 8739
11626 16031 9
5730 15705 3042
449 2196 5489
4959 13425 5343
3963 6022 6282
4809 14747 5127
1195 10538 6952
16893 19782 8056
7851 10262 8876
4955 6307 1963
12144 13096 4429
3205 8263 5457
3564 16013 5950
924 12471 2483
4024 12177 1166
5930 10316 5424
4768 18349 8028
7923 14329 1707
7125 13538 8555
1247 16977 5571
15332 15882 8993
3362 19131 6203
6173 13875 4534
7188 13955 8537
5800 14110 2530
3176 18893 2761
5159 15821 1373
4166 5250 6823
294 17640 820
9166 14127 4479
8888 15656 9131
2874 14878 5594
7213 16512 3900
3366 16334 719
3600 19386 2816
1101 18746 6452
16817 19784 6749
14666 19706 6353
2146 14676 4692
1953 7883 2563
52 827 2802
14532 15081 7362
3218 16917 6249
3627 6352 628
1993 2141 1395
100 1064 48
3535 6930 7222
18192 19092 7484
2203 9564 2455
6316 16765 3750
18 711 7788
1145 5204 2401
1812 8775 1101
2151 2304 1174
214 473 2958
9255 10036 7381
9366 18299 1693
5405 14229 7235
9309 18550 3478
8984 10298 211
5685 12471 6439
2845 10267 3693
814 1850 279
597 2845 8370
10451 12163 5561
11387 14828 9710
3239 12222 8231
5921 18991 3662
6147 12817 8019
11567 16297 2283
12388 13785 5509
11073 16974 7559
1026 4419 6070
28 14306 9720
581 17618 9439
15105 17076 601
1971 15208 7679
18366 19474 7548
14771 19626 8828
1113 18347 3784
6678 15575 7681
6192 11193 3734
1485 17732 2545
7140 19018 2628
5543 18432 2758
8498 12528 234
11168 18803 7126
171 2244 5694
5651 13128 3732
15810 19257 1414
89 2874 4541
1195 1765 8245
4589 9256 763
2896 8259 9150
7527 19986 511
11827 14948 2430
835 9721 7810
12291 12913 2235
3169 18585 4327
687 1228 7722
190 3920 2312
3574 10677 9182
4573 14386 2120
8813 18915 7194
8640 13866 9825
5199 13600 7731
8833 11068 548
15507 19568 8509
7305 10292 6455
16119 18306 4507
614 5973 4938
3016 4391 1661
6991 14560 9181
12313 13843 7184
3989 11496 1309
3234 16972 3602
10451 14153 7140
2483 16016 6580
2020 7059 8469
2621 19198 1539
6475 8749 5724
8691 17720 942
4881 4956 3710
4934 5237 4339
868 7511 5437
9732 17207 2150
5171 14747 7629
440 8412 8929
1513 14433 9179
11389 16675 4945
1755 4097 4733
4905 5423 5423
3563 7559 9901
11494 14625 9895
807 15569 3310
9747 19805 5813
2381 3672 8824
5615 14613 4664
4007 18000 980
655 9315 3889
2685 2755 3107
4588 19101 3721
11852 19152 308
476 13074 9044
8283 15180 6755
2707 16642 5927
2157 18973 5660
1459 4867 6261
445 1969 4221
5731 6284 7808
2707 4091 4683
11739 12210 5552
15749 17951 6356
10908 11589 7752
13254 14629 6682
588 2368 5330
9419 12797 1361
5375 6336 2575
12935 16421 3439
1691 13050 1284
14658 19365 2580
13747 18731 8697
1136 12654 7171
125 3985 6618
3090 18617 2663
12174 12796 4700
2384 8337 3896
2401 5793 5295
16765 19009 350
9227 15190 4118
12511 15110 6235
2824 7526 1063
10567 12985 9290
1200 12502 6519
7052 10442 8118
1948 1996 1114
2422 9641 1303
1416 6515 9781
1314 12982 1323
2943 5875 7046
10279 13444 4349
8043 18547 2094
8450 18128 1939
1366 9111 7680
4185 4556 8068
9405 15046 5939
7758 19191 510
6047 12508 1670
7247 8329 360
5599 16994 184
439 3792 4798
6336 18084 3895
402 1381 7103
632 5692 4236
442 18372 8982
12891 15718 9916
1093 1586 2258
186 12973 182
7760 14272 1987
1499 6768 8820
125 282 797
15894 19157 6315
15340 17872 882
5200 5621 8869
1971 2723 9383
7788 13612 25
12537 13390 5761
3276 4675 2573
6861 16141 2189
3600 5808 7251
3863 11142 3436
6162 8348 4678
9800 14430 6999
8813 15542 1384
5471 14335 7570
8015 11000 5841
3887 3958 6077
10841 15939 3338
2367 2969 8450
12073 16459 2879
16327 19106 3818
2793 3826 8644
10178 15453 7016
4620 9629 1280
4527 11880 9421
764 9276 8670
2766 3037 552
14181 18973 4810
4791 10296 1109
5387 12252 211
3175 18470 7991
55 5462 1217
3034 18927 5689
9384 17908 7288
1775 4204 8743
1468 1562 3602
2976 9214 8453
6189 11319 3232
10390 16561 9627
226 19372 1891
595 5281 6776
3874 9258 8299
3338 6612 6811
838 6148 2408
12659 19247 9148
6227 9093 987
2307 6365 3896
12563 13381 3546
6359 15934 6779
4170 16575 9669
5480 18577 7402
2120 17001 5788
1588 11444 9948
970 7728 6531
3433 8621 458
548 907 6164
9243 16128 5870
6488 18354 7571
1885 3302 123
6728 12655 2104
1039 1558 1719
6694 18027 8376
6508 7727 283
835 9412 9573
8109 8442 5138
9136 9886 1611
1893 18164 3345
4583 16623 3727
10298 17993 8097
11051 17985 9358
293 2854 9531
1229 1952 1808
3119 4368 4602
2853 18344 5472
1063 15000 4909
155 14266 1237
3600 14913 3786
10586 13743 7732
5910 17652 4418
1641 2660 660
6812 8993 5207
4867 6260 7806
12457 19596 3983
4300 10584 3002
5321 6819 9982
7142 9821 3821
6394 15585 9360
3712 5096 2801
3439 10031 1328
8660 17701 6781
1580 3015 7718
146 17466 2814
67 13199 3768
9131 9354 5109
1850 6220 2335
13155 14058 8168
11489 13310 3014
9391 17807 3005
410 6167 3355
14961 18258 2651
11149 11853 1111
16597 16650 5028
12213 14717 9439
12177 19010 1615
15767 19646 4684
3770 4457 5324
9535 15971 3558
9810 16847 7208
49 132 7658
3256 7431 4206
13844 18870 6561
3901 12553 2414
7032 19360 5474
8936 10432 8980
71 374 8635
1461 2146 850
92 241 6828
129 421 2398
1153 2206 5691
12300 18202 5163
1915 2543 9537
11605 19883 8917
7868 17048 9339
1301 4341 9641
1482 14148 2272
5370 7957 9814
4218 5746 2827
56 76 336
11151 16834 5106
73 533 628
13987 14910 9475
1942 2767 4890
737 13623 3347
8633 10508 9475
8986 12572 5321
2480 18876 1951
1092 17968 7969
1812 7369 6622
1635 9842 8366
946 12346 8664
8654 16774 23
204 10332 5460
3978 7317 5957
1812 2979 7686
15321 16108 9787
10438 18398 5348
3434 5097 1510
3205 8757 6910
11223 11953 6573
6584 15065 7157
13517 13886 9300
4064 18554 8757
3072 7336 8623
1794 11739 5474
4148 13029 5648
3884 19527 774
10004 13829 8465
5090 5107 8699
6385 8499 6462
6108 6867 5836
2877 3014 6050
6868 12229 2159
2165 2275 9464
2704 4442 4309
6038 6875 2328
7324 14050 9544
2879 12983 4207
11312 15622 92
703 12686 4733
470 499 5330
10796 11878 6788
9285 19641 1585
7952 8551 7646
13124 14805 42
941 19382 9495
5277 13485 9519
3746 11606 2387
62 114 5408
130 15470 6054
6814 10731 35
2858 6850 5801
654 1362 176
4434 15763 7578
5635 18326 3991
2624 2627 8940
1434 4113 1943
10078 10917 836
15088 17725 1032
375 9587 8732
5144 7490 3477
1609 14008 8251
2653 6367 12
486 2743 6541
3437 10629 2309
6571 8482 4747
9867 13499 6622
1560 4550 7651
3880 12000 3815
10300 12902 4192
3586 4570 5475
415 1156 6946
8791 9875 5158
6555 9342 4174
5868 16669 8915
17345 19241 4258
10239 18251 8168
9368 17597 1242
766 15100 1775
14799 19367 2590
6422 13047 1664
5689 16147 573
3160 8996 5762
12 20 8891
2704 3740 3232
1925 2126 8303
6909 13591 6261
641 11129 4516
4883 10781 9090
17430 17772 356
14193 19239 6598
2425 9441 8740
5393 16250 1240
4831 13816 7856
6382 17218 182
1365 18209 5612
4678 5577 1783
1145 8595 3180
600 5189 8988
7786 12237 4994
4009 19677 5468
13145 18848 9065
334 466 96
2755 6294 8483
192 8755 4750
908 8933 5848
1662 12462 5273
17799 19784 6788
14549 16419 295
11180 11681 6702
4191 9149 5
7131 9892 6424
15564 15941 2993
2008 9252 8908
639 11429 1801
343 7685 7140
7932 18082 1426
5152 19494 220
10900 13160 4151
3788 9839 8554
6086 8700 9375
3925 8681 2221
12068 14158 5345
696 1280 4260
2763 15998 1307
3154 12595 8808
13625 18569 4550
2804 13265 2031
10644 15932 7534
2697 6007 1433
10328 13522 4383
948 15876 7153
2105 10620 7055
4017 9159 1087
871 11853 5865
2207 9817 2041
2282 12288 6345
17144 19160 622
9317 16343 5067
9957 19046 8991
15137 16744 5440
1193 3873 6269
9458 18363 5806
1019 6617 295
4382 14844 7938
1018 3469 6786
1309 3546 4439
7299 17884 377
2604 4282 5277
1955 5129 8823
3977 13208 2793
3869 12108 1025
15233 17779 6374
4061 5233 1459
3749 6099 6174
1482 4410 1921
10868 12484 8460
5232 11418 2705
2970 14571 2493
1697 12709 116
11756 13452 8208
16381 16684 5641
4298 12218 3849
4056 4960 1876
10421 16328 8414
6812 16181 2019
10015 12327 6129
6547 10648 7438
9808 13157 1558
7625 19091 9025
4070 8690 1766
1588 10607 2824
4828 18298 7410
5113 10143 9837
7640 15120 2196
2600 13838 1359
3020 3025 7194
17645 17883 17
848 3107 8497
17428 18135 289
134 4359 7055
4342 11384 8071
2688 3646 183
351 915 4836
6256 9040 9020
1612 6311 2658
7748 17021 5182
2699 10847 2433
12613 15742 6852
5009 17170 725
5980 16128 6064
2351 3724 8988
6910 10623 6291
2830 19424 5740
12209 17513 6257
4710 9719 401
12472 17683 501
10734 13378 475
2049 4540 1330
6289 12741 2800
14228 17679 3378
5161 12378 3197
6438 19668 693
6830 15227 2692
14797 18606 8825
12833 18175 8724
6072 6580 8951
3261 19075 90
6915 12231 5873
1986 19528 5032
5952 17766 8373
9681 10974 9852
11520 18315 4785
11236 13916 943
7293 17324 5003
755 10084 195
7428 19960 3800
5491 10092 1148
134 1908 4707
8541 18405 1044
462 3360 2383
7652 9547 1784
5702 15156 200
16402 18442 3960
4351 14266 4884
1376 6848 1942
349 461 9623
5700 18100 8428
3811 13251 7001
2855 9460 9412
14304 14631 7156
1021 9434 5321
6551 8277 7163
5591 7951 4844
11672 18322 7433
4741 14422 1859
11817 17895 8280
5431 14946 7036
3693 7281 6746
8102 19030 8349
582 1670 8496
282 2216 5943
3240 8905 7336
41 7160 7782
5700 6900 7975
2134 6983 8623
10031 19462 8917
16156 16757 166
238 17010 1523
13755 16351 508
16647 17179 1346
7290 11568 8620
1797 5241 3130
11096 15316 4449
1526 1662 398
4613 15283 6376
2573 8919 8733
5778 5938 9798
132 3993 3988
270 1238 6841
9617 15907 21
2388 10225 7670
8766 17001 3515
4927 18722 176
8392 15769 2602
7736 15292 8829
1564 6834 4774
7995 17151 2193
3975 5493 35
9795 19465 4061
1931 6883 1743
2868 16551 2787
1352 3337 3465
1069 15859 7097
3889 5822 3444
17286 19289 5570
15519 19326 1554
5087 11012 6358
583 12962 916
1135 3047 5770
3783 8758 6171
1474 7972 602
202 1669 1212
10127 17136 3053
16320 17414 3905
3698 12779 3172
3877 15364 3795
14162 14789 9141
343 11158 4318
3125 3383 3257
3888 10610 136
1255 15395 650
3513 9914 5230
11818 12060 2807
7135 10492 5455
2861 18237 2624
5448 14244 1618
5691 17939 4325
4869 18496 9526
9816 11178 9808
7619 8541 2603
12662 19444 814
9097 10080 3142
8813 19365 912
457 488 984
5341 5994 2985
7464 17831 7623
2049 13522 9331
12160 15287 3824
8749 15244 4635
2836 8105 3738
3684 5768 7555
3802 12571 47
3393 5054 3917
6300 12561 7272
16444 16835 7950
260 1324 9354
4217 6518 3841
7218 15288 7262
3661 6428 4149
3082 7689 22
3112 3670 6516
6096 8824 8024
2804 13299 806
7404 15250 7249
2722 3232 2308
6527 13070 3092
11670 11694 2670
1106 1757 1492
8973 10414 1595
6445 7734 9389
574 1286 6235
2617 12032 5853
6041 12605 9597
8943 18201 5602
6635 16696 6364
11866 18118 5710
256 595 4214
4970 14026 5612
559 14601 9315
719 926 9523
1159 15525 6776
6064 8779 887
9262 16706 3760
1722 14941 52
2497 3813 1632
7797 12197 6350
6665 19546 6214
323 4826 6599
16799 17458 3680
2707 5210 8192
2787 3887 7508
7659 10040 854
3078 13502 7763
1317 1813 224
3029 10044 8773
16950 19268 8371
2528 12254 8545
6094 11818 8194
4949 10964 8585
4225 15185 4591
6702 18209 3388
11066 12025 1391
4707 19163 961
3921 8089 8135
5959 19856 2091
506 1114 9802
5661 16650 5582
13155 13616 5368
5098 10560 9768
12436 14164 4383
16045 17269 4583
520 1451 6612
3851 10666 9054
10031 15137 3916
10315 16740 5997
896 1205 3970
266 860 2172
3928 3948 2708
4234 18543 6179
4423 9880 5522
176 10121 7022
14208 14612 3061
4732 9972 8434
3292 16491 8189
13599 18301 8365
5002 17084 5724
4853 9457 3991
2210 10103 8631
117 1800 6279
7979 17388 9646
7545 19138 5773
10890 19578 9034
3084 15363 802
5966 8822 9906
2008 7236 6014
8297 17335 8528
15029 18438 6752
569 1444 687
3978 4762 2578
1937 12933 6201
8895 11674 855
11796 13052 7476
2451 15946 3093
6854 7097 7349
7193 15932 6664
12356 16198 7846
7137 10881 8772
15890 16164 4432
11742 15991 2658
1630 2658 271
6894 12463 8037
13633 14104 7803
6190 13768 6602
2815 4499 5258
3447 4139 9215
14927 17859 2286
7724 13316 1520
9410 17576 1928
3387 13028 8365
9303 19786 5779
5802 6900 135
3934 8420 1184
786 13572 8973
4478 9472 9699
2456 6508 2462
4731 9659 6211
2148 4398 1659
11595 17359 7648
9994 16753 6937
539 10150 8079
4433 8420 7294
1271 15922 5277
6479 10065 1630
5343 19797 476
8831 15917 7650
1154 19115 4223
187 1550 4854
5888 11113 1897
10114 17217 9740
888 4051 3502
6682 17541 2532
3909 10514 6470
5725 5728 8991
11845 12007 4583
3139 7398 1704
13029 18627 1761
8621 10549 7148
16250 16448 849
7758 7862 6145
10156 16438 1449
4994 11829 8505
5576 7053 1326
10538 18210 3556
13880 14857 6376
3531 16022 7834
1019 14512 4530
1710 11661 2132
8993 9666 2386
8017 16325 4209
420 12106 1262
11801 13351 4653
8166 13748 2030
3171 18228 9546
12995 18540 6518
7113 17900 8323
6929 16322 410
8028 19963 6231
9114 14866 2110
15346 16385 628
4424 4519 97
13526 14542 795
730 1307 3918
4177 6205 8797
1483 2048 652
1772 13190 488
149 411 4024
54 2111 8516
9509 18891 8040
1926 1990 5521
5932 6336 1619
9451 18356 444
1904 19426 4175
4658 5932 9901
11481 16624 2335
1462 16779 573
3523 15456 9945
6129 18970 1074
7781 19156 1838
11647 19157 154
1292 3404 4849
6919 7243 8270
4912 19578 4023
5907 18256 7509
4362 5282 2324
1874 17872 6178
11126 11656 5820
7678 8151 1871
884 2359 2760
11161 17337 6054
11405 17802 7906
9650 19133 6041
3182 12151 6682
5097 9272 3621
125 7661 4790
4487 9033 7194
5908 13247 248
1841 19635 6039
11843 11984 8790
8082 18456 7485
12712 19292 2183
114 374 6428
9272 17652 1691
1053 3268 3927
5472 13968 3678
17040 19728 275
9411 17788 7557
5210 9072 5382
4434 14684 5819
14617 18889 5239
10822 12954 8805
1518 10603 2081
3070 18604 9320
12997 17825 7810
478 18440 6357
4312 6479 4254
9655 12125 3540
1868 5510 7753
4900 9340 370
4225 4847 2151
7159 10642 2481
17125 17603 6747
16393 18464 8136
11742 12127 3533
2904 12510 3227
3932 16067 6792
3217 10674 5392
29 13710 3795
15367 16139 9864
5177 15821 6336
1207 11744 8260
11340 14716 3423
5417 15706 7197
5317 12228 5297
2585 2937 66
2953 14722 8172
7373 19398 5461
4875 18677 5998
10314 15423 8287
5832 14800 1453
1123 18340 9136
977 2877 8507
16075 17008 9165
7800 13764 7028
5075 10800 3179
7441 13972 2499
11173 14920 7943
8059 18683 196
13764 13941 9547
1285 3273 4200
11408 19750 9581
290 6664 7035
13479 17454 85
662 13427 7633
2898 3190 7200
1040 4368 7807
5978 17794 503
4070 8478 9906
5287 7290 6882
2739 10137 3643
3332 18240 9633
2006 5641 6958
1616 2376 7436
12113 16603 4581
1228 18399 7126
901 6578 6967
2517 11346 4370
665 17314 1142
2809 13473 6052
8196 10544 6706
6221 7855 4659
14777 15159 6588
17003 17486 7083
4643 13883 4193
12466 13127 4177
656 13568 9775
12057 14371 1176
5996 7400 2296
14403 17033 8007
3883 5908 7320
3789 6157 7587
4243 16525 343
7094 18726 5991
12521 17862 9797
356 635 2748
3114 10898 3856
1408 3670 2331
6748 11822 626
2831 3294 998
2742 19314 414
4061 17598 3091
1216 16021 3839
2969 12599 4905
6487 17381 9388
734 763 3034
336 3919 3616
5692 10322 3363
4948 19784 9467
4585 17276 8065
12258 19700 4619
11486 18515 7774
7338 17202 8823
2191 2226 3947
1412 14514 9554
11736 19117 9126
1336 13919 9827
5950 16949 7448
8607 16483 8158
2529 11388 4762
15124 17963 9611
3559 7547 6698
2849 6690 3076
1053 1891 5640
7218 16222 176
12348 17409 6401
3362 5300 8550
5597 17679 5898
12330 17540 4993
1180 6738 6403
21 35 6304
356 9338 7003
6525 7317 2420
2781 12309 5585
5590 11014 3853
4026 10451 4288
4157 5931 7499
3156 12027 3862
1473 13889 9662
6005 8813 9562
11406 19731 4961
4718 8863 6341
115 176 1889
829 2690 8494
997 2855 4001
6989 13641 5481
16929 18907 1580
3374 4057 649
2363 17880 2630
10409 17506 7447
7889 10787 9306
3835 17491 5240
10849 15321 8992
7968 14220 7978
948 8278 6337
1941 8936 8461
5415 13166 5316
573 3126 3422
395 15882 947
683 1598 6432
12736 15942 3261
38 6955 9160
4470 9437 5209
18169 19669 3088
11117 16217 6387
8950 12597 5706
6001 14879 4029
2038 18041 8625
5783 10008 4869
3388 10246 8776
3608 14740 6608
12054 13594 3465
6167 15697 6440
4599 18695 869
1668 3088 4301
52 7826 4240
6553 15146 6195
4592 16873 8467
1421 1637 7204
3376 3957 5848
5542 9834 1908
3119 19361 8361
7891 12554 7445
8178 17840 3427
3704 6542 8693
11859 14949 3689
121 16474 3998
351 7635 1141
17094 19346 732
4727 7221 4159
1486 3316 8207
9457 14107 707
15799 16643 561
388 4334 828
10464 15754 112
69 266 6838
5893 6357 9044
12890 12954 2808
2344 12364 6324
11040 19321 1736
2403 2965 2447
17324 18182 4767
12966 17387 5215
10606 17851 8876
920 7123 9647
7288 9607 3953
989 4419 1527
5114 5242 9231
8200 12081 8274
9064 13865 7298
4254 9226 3638
12165 15811 8630
3298 3649 7345
2739 17682 2909
3597 4389 4869
9751 14873 5065
10934 18790 6420
6702 14684 951
2052 2691 7491
3429 5283 2846
509 634 565
2450 11721 7140
995 5652 7592
10879 11272 7108
2770 14031 2119
11518 18498 4321
1032 16270 7225
1601 1834 6543
8265 19281 771
1008 10920 1144
8828 19099 3147
6629 10758 9227
5684 16889 7706
2454 7302 2469
151 890 7742
10395 19839 8869
7402 17910 5323
7927 16548 1257
601 792 1284
9878 14613 4711
6588 7381 7255
1675 2573 9292
13488 19787 1091
40 2418 5840
17047 18828 5381
5239 19476 7618
152 670 9425
5679 12312 8848
15002 18966 4789
2658 17100 5989
310 1210 4150
46 403 898
4532 4861 2788
13154 14036 3416
1935 8479 558
1081 1255 7535
7335 11285 3355
2559 8959 1816
6071 9998 8893
8011 17074 9095
11491 14147 2143
11981 13986 6779
3982 8541 168
6897 18200 595
5198 16303 6498
5437 6789 5363
335 13429 4418
3456 6649 2510
2435 8607 4041
1700 6502 4852
10090 15635 5151
6424 10955 7395
6870 14630 8818
2870 3061 9022
5520 11269 183
7702 11300 4517
6318 8738 8228
14515 15431 1038
12503 18091 551
4466 12301 1767
5668 11871 4541
3483 15196 5339
15169 16691 517
6551 8579 2568
9791 16542 2103
5519 6116 8549
190 5301 6027
11473 17775 1477
17368 18242 8342
2442 8880 3343
2146 5727 8432
7753 9164 2960
6685 9741 573
5819 16068 2024
8436 12099 8290
6909 10654 7352
457 11596 1621
10375 16894 1231
13137 15439 3449
9152 12950 6313
547 655 4088
5862 5903 3752
7633 8377 2320
1988 15268 3013
206 2694 8819
1792 18805 4601
265 341 7604
3299 12172 7074
4007 19468 7013
16258 19930 7802
9127 13601 9443
4830 6105 2483
302 1261 73
943 1884 5919
49 13179 670
5609 13549 5363
16741 19865 7145
9 89 5977
8119 12424 2092
1663 13711 8530
7176 8020 9038
1703 3720 6203
498 1604 2397
12701 15949 8591
10751 13879 1902
1620 19700 1864
2878 13298 5380
3310 4489 6418
16547 16564 7772
280 1857 8292
8873 15844 691
609 18997 2240
2598 9875 5387
6724 10012 6675
1355 1939 9260
9331 19818 3868
6761 13759 1971
3051 5987 1908
3636 15540 2637
1889 11239 1534
6517 11558 8968
11815 17800 5711
10276 10853 2716
9096 11227 2480
8064 19345 9022
13697 13760 8927
4691 18964 991
2848 3132 9998
7398 18093 739
348 509 5368
15008 18785 1648
463 4625 7660
9038 9759 1480
3324 3541 279
15721 16450 2889
6325 17359 712
2971 6390 261
14861 18411 6766
7190 11333 1235
1736 13892 5216
2834 7071 9029
7158 10234 6516
3235 4458 3158
447 12756 7604
2933 12306 7546
14495 16682 9048
7658 8161 4745
250 10563 3943
3571 12192 5568
1469 4965 5444
2781 19667 7758
6206 9784 2198
1814 3270 9463
769 3327 1592
4269 14006 3544
7655 17832 2257
149 13311 6257
9496 11115 5232
1949 5620 1222
11437 17525 8859
12167 18567 3451
1097 4134 117
1618 10288 132
1104 1728 7205
11356 11584 8056
10941 14589 4281
6956 18659 6643
10897 13267 449
4863 14215 7076
4079 13209 7550
4272 17276 1918
4599 5410 3822
724 15352 9699
4753 8447 5552
41 205 7663
3786 3842 8800
2546 5360 9587
276 1325 3544
11004 12688 3877
15008 15756 4771
5753 11793 8439
9567 11480 3486
2075 4477 6015
5004 11983 873
2615 13400 7390
6127 18260 751
254 463 3450
469 9172 4428
7849 11215 6238
12537 13224 855
6908 14061 2324
6896 7549 7707
11607 19017 6245
242 16493 7372
1613 11197 5305
630 3260 8155
10607 15177 2176
14684 15173 1491
2871 12406 2426
1665 13432 1764
1766 8011 5093
7768 7928 3034
6635 11691 3876
10219 10385 5594
784 5116 3022
6109 8757 972
423 16857 8804
6656 9822 2201
10956 18045 7853
8922 10329 3658
15160 17904 7079
6385 13670 1552
5507 14411 5456
4937 13116 7067
5216 7735 5856
9364 18303 9016
13171 16614 7133
6612 14419 6943
2841 5072 7804
8140 16457 4012
16847 18930 315
4918 19088 4943
770 5063 3328
977 4263 4499
13313 13692 9376
1166 11907 5900
1918 2386 9444
9088 13801 1780
5557 11786 265
5489 18596 2855
3130 13299 624
337 15020 929
4488 7303 9874
674 18275 1180
570 6681 5515
4270 16542 7794
3871 11418 1034
1133 1492 9726
1091 8721 3235
4083 4509 5291
71 123 3897
2061 17985 779
8185 12321 904
9590 17148 387
4574 5761 167
7618 9073 8137
619 4360 6001
826 1297 5788
14001 16706 219
1518 14265 7621
7106 7443 2869
3937 13772 7227
544 1659 7750
510 986 3675
3008 3395 9033
14691 18150 3892
14713 19520 9699
410 2473 2267
10917 15924 8453
7447 19379 6600
978 12445 1092
2951 5399 8411
3330 7065 2881
14088 15853 7337
1374 12123 9429
7310 13268 9012
9655 11562 3310
4022 10232 1028
10233 15581 4291
3938 6080 9955
5413 14050 4893
8251 19289 2894
1911 15884 1781
380 8022 4439
4546 11725 7767
3132 3674 4740
5029 10144 8578
4418 4739 5529
4786 12965 5310
3409 19757 7656
998 1951 932
3928 17894 6139
1055 1861 252
1256 3153 6308
4936 7469 5650
6444 13227 24
7719 19657 3873
470 6684 5485
10090 13951 5883
652 1130 305
2621 3455 2754
1246 2664 3572
4213 16618 4573
213 2149 5411
4133 15464 9588
6942 12984 1568
5316 15993 9544
2099 10995 5028
6423 16605 8194
4234 16045 640
3900 4048 5653
6832 15075 8755
702 11635 1021
383 3209 3299
713 947 4841
12713 18177 8089
9638 17047 2230
431 629 2978
7724 19733 5743
82 2365 8421
1954 15766 1797
1070 6964 5028
15900 18236 4619
17976 18292 8553
301 11267 8379
2024 16840 3586
5971 16978 5453
7386 18698 2047
33 1227 5430
6332 8719 7408
9217 10217 1484
7036 16289 1068
1837 9359 7999
10121 15928 4011
2068 2603 2016
1212 13901 3661
13467 16690 2791
15301 19153 6392
4112 13259 7175
10645 14231 8515
6316 19118 1859
1641 18299 8103
4490 6350 989
14539 14929 4462
516 13187 758
8993 12832 6245
280 18916 4853
10020 13281 2106
2308 2747 4819
10837 11658 9571
4529 17086 6895
4525 8011 1538
2045 8550 805
3321 5236 806
56 4277 8606
7678 8719 1715
2926 19144 5124
5906 6080 9266
5264 5285 2319
4471 12933 886
5656 6208 2959
587 5686 2844
3920 18893 7679
1894 12364 9583
14310 16169 1439
548 1793 2902
12094 13309 696
470 11874 5481
2372 7106 8938
6027 19007 9719
1853 19983 8743
151 242 7337
7890 11417 6490
8894 17671 4416
5064 11884 5314
4409 6337 1611
1011 1110 6782
1000 1519 4303
8055 18218 2191
3579 11001 2995
8251 8421 2450
7552 10606 5459
2316 7729 5749
9510 13002 3170
277 6782 5744
12167 16789 4993
1690 10015 9182
3361 7566 3934
4126 6957 9907
8261 15298 8315
6647 6760 167
6059 15878 93
5895 6627 6004
15302 16053 7584
9677 18792 6862
1720 4869 7431
215 17411 9280
5488 13988 4610
8610 10992 7012
14863 16653 9816
2725 13244 9006
5574 6756 8532
1373 5613 8479
9180 16541 9834
9902 19879 110
13527 16607 7973
4198 17704 3301
9375 14998 8923
6972 14665 6403
4297 7233 9157
2201 2423 3092
4368 13993 2413
17246 18660 1330
1072 16253 4082
6155 14449 3821
3200 7562 4072
909 1509 2213
1538 14901 6847
18464 19530 8314
11782 15983 5011
6999 17165 5016
53 1399 8866
9806 16697 8518
9036 11538 4644
2798 17697 2956
11009 14378 7350
2622 13569 190
12449 19714 5693
503 2269 3118
7020 12718 8294
26 7766 9507
13401 19272 424
3849 19554 1632
1350 10975 6835
16578 19597 3471
3597 8768 3305
779 1878 2942
6910 13203 9887
3731 8231 9461
11658 18973 9269
1563 15116 7360
11931 13530 2117
612 8362 2057
12835 15117 2516
6049 11549 4198
821 8747 4615
12695 15587 7818
6959 7922 422
4450 8244 3252
11604 12021 9386
8220 15943 3707
4715 11775 4148
6391 10257 271
9411 11243 1775
9910 17974 5907
7593 16368 1551
837 1078 8793
9010 11186 5540
1651 5017 9996
662 4655 9875
6024 12663 4920
4237 6331 9172
1916 5874 7124
10906 16297 6287
1825 5839 6536
195 5451 8068
3141 7297 9109
13261 19690 9989
3715 5553 3476
2266 13017 7867
313 5969 6980
5406 7941 7129
4290 10457 3768
10948 11958 6045
149 10040 2675
1857 13054 7450
4256 4690 529
3601 17795 5477
8361 19785 4295
1771 10448 1572
4437 12807 5565
10187 16537 2021
2328 16161 7645
13803 18953 8624
9569 16567 4611
2488 3791 4453
8847 15542 732
5422 17150 6001
5821 6995 8830
17027 19807 1188
386 6277 6930
1752 14817 452
1763 3170 3250
11340 12407 5971
2346 4409 504
1777 4066 641
7418 9501 3009
4595 11574 1302
905 938 5615
202 14882 9077
1238 11060 4867
4381 14319 8991
9112 16350 5096
553 1113 3713
1740 7476 1324
17202 19161 4368
4937 16944 5630
9703 15729 1334
3759 11467 8021
11095 11807 2554
5411 13400 3241
4217 16421 2262
1868 19073 28
4982 10359 4870
2209 3798 546
9317 14651 8708
5405 17935 902
6460 19791 9471
1142 4030 3409
3858 15795 3967
16401 18478 9678
7375 13688 5876
1630 8626 8946
9706 18233 6134
4757 8406 4431
5904 13120 7124
2593 15756 5056
4106 7710 7310
1881 12736 9724
11931 17910 4022
8304 15933 2713
13427 16481 5885
4353 10436 9971
12716 15293 8775
6136 14755 402
4692 12736 3863
5579 8031 8193
875 4816 8434
4966 19850 8817
206 10309 284
6909 17288 4508
2371 3078 303
10965 19985 5681
15326 18984 9169
1379 10294 3584
6955 13770 7149
8794 10336 8714
5394 11263 1284
1751 2198 8798
12690 15713 6261
1572 6261 7101
16381 19528 3889
5763 19604 7994
5578 5963 2349
6080 10912 9670
9577 14635 822
779 1422 8588
8036 13763 3288
596 10500 2989
12993 16148 8341
49 958 4008
2797 4295 3161
10616 15047 601
874 1076 7582
12897 16492 9927
5516 9442 6859
11656 12249 2241
13876 14381 3289
2241 12838 6640
4735 10504 3829
11478 19721 8036
3195 15042 8005
5 11 4269
11805 19571 7405
1223 3830 6537
5734 10278 2346
5360 7130 7432
1411 10122 7252
7228 15517 9764
1580 10632 3830
218 995 6529
12104 18186 4865
2522 18147 8114
3183 11978 8414
3342 11227 9059
4212 13480 2285
30 645 7136
7642 12099 7572
7286 19145 5570
1650 9469 6941
2388 7092 8119
837 18630 6487
4626 13183 8272
7540 8063 5263
12757 13627 9134
11702 18752 3998
5921 9830 7799
3194 13250 557
9885 12209 9663
3598 18091 7534
8211 10857 3177
8468 13167 5012
6368 12487 269
46 181 8977
3774 17103 9306
11297 12295 5172
3911 8317 6022
5867 8538 7262
11872 12001 8184
1911 6963 8770
2183 15079 3947
5089 5425 3771
10029 11448 797
3379 4012 2440
10203 12952 1355
7800 11919 7112
9352 16515 1952
2387 14026 6318
7141 15895 3540
12056 12388 5028
941 2095 1104
127 221 833
14199 16977 4670
2044 13579 6277
12642 14478 6670
2593 9162 5483
14334 17438 9420
2173 3610 344
14887 15768 1996
6746 10730 9645
1805 4159 3342
10652 11447 8502
4402 7211 5452
1750 2609 2757
222 255 7697
14159 19673 476
3600 17319 2219
9842 16952 1880
6778 15971 6502
1784 16566 8206
10035 11605 3101
609 12122 5556
336 6076 9511
11705 18375 5428
11417 16053 4334
1436 8073 2530
12539 19967 518
170 5074 8544
204 1357 6489
11493 19198 3239
9647 19114 8088
3413 9619 3679
18767 19878 4668
2194 13898 3630
13285 18448 896
3191 4808 1496
1997 10453 359
572 15808 8216
13378 15684 4587
15175 17962 9387
7966 14068 3891
16651 18190 4356
2099 2377 1097
12889 17472 3342
6657 11613 3781
5444 15183 1197
14355 17216 1025
5303 19087 1924
9396 12195 7520
3747 17144 7047
5776 7172 5793
559 3781 6594
3445 11137 5653
14315 15522 7523
2575 11680 3106
2121 9814 893
4989 16716 4864
9556 15174 6936
10990 13143 6006
16102 16578 3795
5237 10598 3159
4580 10506 6462
748 18112 5470
2693 7100 7318
6034 14588 1540
13611 14394 6674
14866 16915 8819
8218 10442 4787
1795 8809 847
8444 19202 9080
2492 17679 9141
8273 15984 774
14429 19475 870
12378 14942 3648
899 11115 2970
689 9353 4405
14255 15858 425
8009 18636 3327
11555 19942 9555
650 1164 1727
17288 18525 8345
2878 14567 3048
6706 9495 3604
11505 14749 8219
11767 13813 6139
10653 11996 1095
1626 16396 852
6532 16589 8527
8272 10273 112
5113 12712 855
3888 7133 7792
9368 13907 6680
7129 8920 226
439 5941 1884
6406 13726 9417
10135 19897 7874
3696 6194 4253
1717 11895 5667
9891 15736 1499
3547 8418 6229
7147 8096 6978
1006 17256 8662
9269 9932 43
60 199 5859
1191 1199 5436
9748 14193 3393
15910 17127 9489
7168 17364 820
11821 13426 9409
8245 11563 3425
7228 7966 2967
811 6851 1451
11798 14047 4459
2148 5346 6391
9193 12755 6081
1888 4933 5073
5834 18857 4808
1859 6887 2798
2116 11044 8899
3414 10646 1155
12172 15314 7480
8504 19820 1648
2853 9291 4256
295 1537 288
16071 17312 5366
626 15953 1347
8611 11659 7817
15500 16537 1839
13080 16223 1680
1346 5784 2902
867 7768 5201
11 59 3610
2448 9441 8440
3409 4171 8187
2913 18822 9405
7829 12806 3888
8751 9297 7805
5108 15168 3172
2249 17410 434
7916 8756 9918
8073 18966 5953
16903 18667 4144
5044 10533 18
10765 11584 6708
3922 18868 8159
12459 15113 7917
5618 7739 3966
14735 19316 6144
11775 15703 9145
4428 8104 2525
947 1190 6649
1555 1618 7943
13692 17777 3326
5977 17014 7665
1673 3867 8835
11022 12497 8202
346 5648 5220
9243 19872 394
5599 9422 3280
6459 12142 7143
7289 9443 6590
1243 3994 9732
2457 5291 7877
5410 10607 60
4823 6337 9034
8293 12324 742
4834 5937 3799
3006 10976 884
6526 15280 9149
15570 17599 227
3059 10315 7023
2700 8030 9192
1251 19320 4676
12759 18023 8611
3200 9086 8703
622 19647 4266
10254 15492 351
275 362 5837
15936 18533 7503
11704 17016 13
15765 18352 3164
152 681 196
2972 6164 9079
2356 18827 5142
4694 5943 904
458 13147 2282
3619 8940 9282
301 5556 7710
12296 15468 4764
14096 16927 575
1336 19489 2700
853 18842 4923
450 7548 2710
9003 15489 4402
2753 15057 160
16263 17856 9056
5602 7427 4606
10432 19298 6122
10795 16028 2697
1628 7211 5168
2152 4709 402
11912 19695 9081
16785 16828 6941
1603 12531 4755
2648 19081 9226
9662 13372 9150
6939 7105 9982
9915 19779 3864
1950 14426 3398
14636 17451 3225
8898 11386 7817
9508 11543 5818
1737 16114 9857
11883 19377 5257
1964 2186 428
6974 12988 6633
2712 17182 8696
9780 14773 6475
17805 18059 2857
12947 18718 1976
1223 5669 3117
956 2732 8993
1484 4885 9246
6920 8426 922
2852 15366 4824
982 19394 7513
4568 8026 9898
5016 5758 7315
153 573 781
8922 17569 8736
2191 18970 8694
11063 19118 7949
1021 11767 2315
9222 14206 1985
17424 18392 873
2394 5791 4471
1208 2056 699
2381 18419 6013
14833 15780 2148
5361 5828 1691
444 13602 4563
19096 19281 7422
990 3943 5659
679 1842 2478
1377 12520 558
2022 2985 5388
4668 17728 7776
3122 6482 3641
18095 19071 1513
16466 18636 8463
565 1007 6819
1285 9234 568
1406 7806 2032
1542 1960 8300
824 853 8070
13922 15980 9584
6783 11692 4870
12470 14007 1574
4457 19644 4155
1509 2324 6530
1659 12591 9722
1361 11994 4269
13050 17040 8376
16375 17261 8820
696 2590 8586
6021 10562 4886
339 5144 852
2738 14541 119
2134 2187 3809
4173 5043 7600
6760 9368 1068
3762 5946 6938
1325 15541 730
446 10862 3170
13552 19852 2575
10591 15182 3033
1225 15504 3402
4966 18515 6799
10664 11806 2416
15925 19520 3767
1335 5367 5670
5135 7454 5286
147 2319 8530
3290 4422 6571
5227 16843 3010
3256 14552 8600
728 15737 4130
11862 13905 3607
16015 17036 5954
3282 3291 8939
1204 2954 8314
13063 18663 2530
8639 11463 2800
4958 17038 9166
5371 11185 8739
7497 12517 1500
7754 9812 7688
1897 6646 8210
2407 2968 8734
1865 6495 7107
0 140 7373
2826 6488 6341
649 9580 5872
9248 10723 7221
5515 11319 4770
12315 13183 4391
2858 17567 4429
6938 7051 8217
8701 18348 7009
6264 18537 1610
8592 19994 2750
10665 15485 7641
2501 12613 8276
11162 13382 4826
9004 11515 9424
3110 3171 1470
526 1092 1328
5041 5943 2572
2240 10156 3
14106 18769 1184
1649 2727 7222
12694 13485 7248
13461 17596 2947
15855 18011 581
10686 12521 1530
3485 14642 387
3820 14918 8564
4272 15965 3066
1888 13294 9562
11471 11946 4114
6479 7575 8851
11587 15855 4098
3527 14868 620
17393 17446 5490
6226 6643 5214
901 1476 4523
4823 10140 8897
13643 19214 1776
4468 16715 7696
3989 10222 3339
16552 17159 8153
3205 10767 2760
13810 16940 8222
17359 17964 4135
6168 10280 4024
13330 19492 1605
8214 19354 7857
5385 19560 2162
12936 14261 9544
1064 15162 3752
1818 12086 3639
3489 6056 1202
5124 10440 1945
19225 19582 4688
76 3348 3419
1205 13207 7621
6129 14182 7770
4351 10784 883
4826 7380 4907
7174 13883 8807
5043 10549 6543
4655 5938 5914
15464 17744 8125
5592 15948 2008
8209 14569 7376
17126 19659 3351
7665 12589 9354
3011 3450 1822
20 868 5732
776 15849 6982
6483 10067 1321
3136 11843 9764
9853 18177 4327
3785 3806 671
993 2162 1536
8052 14117 6481
5895 7773 3178
3461 4584 9889
16070 18300 2896
4 5041 9768
16063 18570 3473
14828 16840 1059
14240 14963 1237
2171 11571 3763
5449 12290 6881
6065 12837 4926
612 4799 1669
793 17986 772
3560 7010 6304
706 11286 5933
11093 16363 4528
2222 5153 4647
987 10232 4650
7128 11114 1211
2221 4853 2600
2488 9900 4251
3626 4749 9361
503 3105 7895
5349 19479 9577
13141 18785 6391
12284 15211 3870
7320 8732 3788
14203 18943 5802
10508 17142 4375
5858 18337 7877
7056 12045 2081
2265 12493 4567
3330 16893 2185
15463 19107 2571
2395 4848 6317
14731 19303 8389
3987 8090 688
9355 16900 4245
8857 12296 6530
11286 17353 4461
3966 16002 6377
84 149 5556
13742 19755 4235
2300 16931 9287
14339 18366 9100
12647 19378 496
214 14302 9124
12813 19052 7073
11136 19817 9150
554 767 809
4912 14698 3093
5058 13313 5776
11716 15904 4250
11622 15754 3308
2761 6381 666
11806 13482 9489
6802 14164 4583
3883 11902 2841
12559 16187 525
5227 10645 7239
5287 13077 8973
7220 16432 564
3270 14956 346
9623 11886 1837
10379 17822 1799
878 19357 2634
12729 15542 5964
3271 16513 3454
4023 7612 7422
10568 12005 7416
3573 10328 2459
10644 15619 6552
338 516 4702
4629 8563 6558
3362 13487 5399
1450 1700 742
13277 15446 1901
3800 9760 2433
11000 14428 7301
15863 19901 2830
631 649 3853
1162 2748 1771
4372 7202 2819
307 12716 5068
122 15963 1223
9212 10621 2523
5415 12111 5308
4350 19211 5738
1812 13210 9067
9989 18908 5039
7372 18118 7372
57 14358 3269
10878 13155 1640
9359 15164 8334
43 4405 7451
443 1291 8756
1295 8080 8110
17875 18341 241
1663 1929 1535
1786 19913 683
2580 13851 3556
2036 3255 5016
1738 14207 2382
4785 13634 5582
4574 18929 6602
2048 5154 9702
798 5535 83
14095 19770 6880
19114 19665 3782
6923 19349 6743
6585 7246 2897
12911 14990 7982
18595 18886 6657
4857 12136 5710
1442 2480 7407
172 2134 6662
13280 13296 587
1941 8116 2744
9374 14092 1858
750 1055 5406
5521 9997 455
2133 6646 627
230 3700 6499
2516 8188 6508
11277 16891 2259
2822 17792 8388
12982 14827 9850
13290 18809 686
3834 13134 2530
18317 19909 8663
6168 17718 2977
14567 17714 1386
2320 8548 646
6559 9101 6704
3428 19102 4426
191 11323 9709
839 914 7634
3387 7333 8010
1178 5361 4419
1536 13508 4976
1771 14662 2426
15811 18110 2070
819 13130 2162
1839 2167 7027
14701 18252 7538
2639 8185 4694
1630 4211 3896
9870 19199 9318
1109 4127 532
6175 13273 1701
11265 14229 6242
6901 19149 9715
1233 6563 7900
3029 12534 204
6529 13596 8082
3097 15984 2295
7727 15023 9688
1755 1976 1617
2246 2547 6879
690 19886 2464
5268 6237 4478
12733 17157 8935
10649 17532 8598
7378 14097 4073
6047 8700 5724
8515 16459 7636
1491 3452 2524
11990 13961 1330
1945 11840 1435
2401 14003 4084
18033 18635 6405
144 278 8622
9113 18611 8622
8350 10082 9916
7752 12916 6889
1953 2818 9607
13919 16615 1450
7440 9150 3567
3215 3631 914
15268 17519 9685
149 289 6877
10469 18295 538
893 11332 947
909 11469 3046
2998 18525 1514
7603 18311 7289
4115 8486 9109
6842 17132 3970
12567 17709 6517
7671 15576 5040
6973 13671 5317
3478 17195 9557
1438 3220 4125
6004 18963 5593
6110 8561 2391
4253 7487 436
4976 12664 9980
5087 16503 1651
10621 17909 9154
308 311 5063
3141 16921 4801
7549 10903 5966
6332 12975 5784
7058 14167 6112
4463 13303 9228
540 18442 3482
10442 16013 2806
6390 16861 6556
2363 10733 4256
572 12024 3623
912 9119 1646
1360 5129 6143
10555 17924 5596
6058 12372 4162
1609 17167 4419
8432 9170 3747
4727 5895 5701
2227 7558 8480
11824 13980 2305
11266 11851 1807
5327 12063 1378
9118 12657 4069
5450 14172 1352
8512 12111 1370
1814 10239 9928
3617 9078 5506
3051 4767 5806
1434 2193 5103
4442 5391 2722
3095 16213 8267
5097 6348 6539
8925 13633 9937
724 12199 4123
3254 18696 1555
7381 15437 1559
17447 19311 1841
2171 10172 668
4728 9017 7611
1910 14140 2806
15804 16251 7619
107 265 1722
7501 8349 1689
5856 6580 9130
6136 6648 2996
458 6677 7609
4876 9567 7142
1515 7695 9007
345 7812 8300
3613 6499 5193
5035 14115 1366
6255 15777 3901
8862 12451 495
1860 2832 5752
10830 13095 9117
56 5275 298
7143 7185 8006
2301 8591 7189
6050 10160 4377
10609 12483 6932
10168 15127 2378
1685 7914 7928
11567 14018 7148
3589 4761 7307
1083 2410 8383
3328 9420 4311
9132 9493 8319
2885 7505 2473
2181 15327 3150
614 2768 7934
13809 17123 6645
6697 17798 2009
1328 2527 382
4588 8308 7366
3251 10535 5314
242 246 5213
1876 10762 3995
10421 12800 4985
4603 9155 9802
4004 6751 897
13445 14178 5016
14162 14559 6519
987 11386 6304
7373 14177 9659
6558 15189 4165
6699 12763 995
10658 12833 4615
4828 14527 3078
614 17341 4964
269 6519 1439
5142 5425 9784
7670 13716 9847
13883 19616 6627
6748 16450 7946
2647 15526 970
15151 17227 8735
2722 17547 1380
4442 4505 2015
1188 9596 7626
748 1408 8561
2087 4613 6601
291 2109 8176
5569 9907 9480
8779 11247 6956
2377 10185 8550
247 19691 88
8890 17161 7040
6346 19236 1704
1469 11230 156
4868 15022 4697
11402 14335 8569
9598 16040 9323
3498 14603 4817
1243 16297 8081
8191 16376 3315
3807 19937 6672
7115 8009 427
1318 7824 2972
5524 13725 6652
1938 6329 5195
12713 12774 1832
12098 14826 1147
904 1041 7784
5650 8263 3738
902 994 8868
6044 9603 5262
1903 17236 3415
344 5115 533
10583 19550 6243
11769 18232 9198
1200 12018 987
4693 10384 9933
12997 13117 368
348 4010 3954
9578 10672 9161
1209 4237 8631
411 17113 4334
563 10488 5929
123 17369 9921
10987 13169 6344
5504 8921 968
1213 19859 4587
10715 18897 2752
4666 16382 5897
164 10111 2820
2246 12403 4298
209 8339 6752
1890 19208 7829
1475 14746 3719
1726 1777 3419
11284 11981 5781
13119 17416 3355
606 17535 2728
820 9968 2337
12924 15681 2689
254 11109 33
660 6590 8818
4585 8875 2388
3646 16112 7612
6279 10093 696
12689 15341 2608
565 16680 6509
14311 19269 1739
782 1117 4614
8522 16938 7367
15144 19574 8078
4583 9194 3490
2654 12790 9538
10557 11985 5241
1203 8020 7985
2856 9737 6507
2334 9636 7190
1141 11629 2102
6071 12841 685
9617 15544 5598
2376 17550 7009
5206 18695 274
926 6375 2125
9410 17524 4927
2219 17794 8716
8602 13739 8208
2387 16165 7058
5770 6128 857
10423 11541 7250
1268 14646 3829
6345 13223 28
1264 15601 1289
3530 19673 4637
2152 4129 763
930 11003 3211
2244 19662 3744
15022 18559 4745
5148 7049 5099
560 16436 8232
13837 15448 9333
15963 19956 2172
9884 19106 5760
519 5362 8439
1900 11753 1612
2302 10748 5648
9599 15572 857
2563 9176 8595
13042 14666 1060
2172 8720 8029
322 14159 7274
15806 19385 2707
2742 10654 4660
4560 5198 7843
277 19749 2409
5830 8903 1989
2334 17818 4766
11858 16498 8900
8003 11343 2136
9550 9826 4451
1907 17037 3819
4799 18880 8090
16408 18593 7498
6453 15859 5862
3675 9975 6802
8036 18064 1784
3846 7843 6378
3665 4433 5996
11044 15911 1770
4321 10845 6599
18837 19546 8388
1819 3452 7681
11279 13857 1379
6458 14124 2032
5569 16463 9299
3372 11708 2980
2101 15860 7191
4989 10641 2675
12 67 7973
10650 14441 1734
9234 14819 5507
76 12674 3417
2289 13885 5108
4364 6789 9663
2007 9483 2318
112 13735 502
4857 8829 1084
5385 19828 898
2118 2496 6730
194 1359 6335
2799 14343 9821
2620 4132 4416
6000 19385 9808
7803 13334 1437
5310 17152 4908
965 12903 1784
4677 9228 7827
927 14064 9973
10555 14291 5127
1304 14796 6941
10538 15684 2617
12972 17215 3173
9096 13176 3161
335 3367 8686
8401 10754 3380
6388 19967 4744
8100 18353 2836
3648 9379 9432
10198 13804 755
140 626 6803
3819 17951 319
12342 16470 6894
6096 14211 2637
6444 14287 997
1439 2950 5095
3758 7130 7579
4461 5488 168
6506 8486 5391
9399 17957 4893
4031 13242 8111
8451 19592 516
2345 18582 5970
146 9530 2533
2036 4124 9049
9846 12341 6814
1798 4596 5664
5109 7640 5939
13944 17430 5888
2081 6713 3597
12103 16422 2638
8458 13616 6807
336 4775 7844
4186 10007 3916
637 844 8958
405 14037 5698
5839 9881 7446
1092 2342 9381
9298 11006 7323
5580 13897 596
7791 10148 2574
8326 13211 92
7445 11706 7525
10671 16872 3889
4327 5681 8395
9530 9801 9535
9025 16809 7763
7715 10517 6644
8743 12302 6745
1397 4867 5995
12216 16944 9134
1013 4582 249
1319 7609 1841
1601 16047 7560
1133 2083 2540
8038 17548 5865
15593 15641 9599
4668 6503 5902
101 15747 4678
16980 17541 5993
8536 15750 5431
1228 1476 4221
6203 6579 9290
274 1443 9658
3846 15402 9874
1239 2682 7792
4772 11175 1125
1097 13619 2210
10167 13428 8431
16685 17565 3523
3653 15157 4410
1390 12148 8080
1389 1611 8543
3505 13581 886
5182 16673 2721
386 496 540
7876 10277 8526
1670 12322 7809
15162 17581 7248
4011 5703 3459
12 6399 5589
6947 15312 751
9973 13904 1199
4989 5029 7304
10723 11947 9901
8159 14435 6011
1268 6858 8179
11153 18466 902
3778 6880 138
3360 13257 3460
5775 7116 7704
4945 13727 8484
6315 9917 5481
514 4766 7417
13633 13783 3890
723 736 8273
14079 18136 5763
5172 18849 8033
9464 14625 8317
11430 16961 8120
2031 2576 1761
7048 19296 786
463 12310 3667
11983 13676 5689
5 7084 685
11472 17523 6639
9457 17855 6693
2045 16721 631
9789 11792 8019
483 2151 30
4393 9679 3378
9802 16628 3295
228 1564 4850
6391 6422 4335
8984 12455 4768
716 11855 8726
3217 10398 4450
677 8315 4494
5657 15271 4092
8913 15966 9642
1856 3462 8913
15940 16379 6824
2783 13413 119
6681 10549 8218
519 12460 9847
379 5549 7886
1559 2451 7464
1084 9095 9556
1473 12791 7685
14065 17854 1045
529 9326 7674
5327 5357 5163
3429 8548 4176
11670 12611 4169
14569 16345 6992
15009 17574 7604
6826 9166 98
5042 10929 9288
4571 18608 876
293 10782 9715
3104 9893 5165
9261 13236 6264
365 399 4152
2141 3136 1643
1192 14701 3978
17684 17688 8623
12409 15962 8477
95 19193 5227
1090 14758 8081
7750 16805 8007
1372 11421 1058
672 971 1473
8922 13626 8435
6572 11814 5866
672 744 8572
14639 19505 8107
5413 8188 3725
6322 6425 6613
8406 11998 8700
2386 3078 150
611 4855 3680
11332 14367 1500
1359 5719 7176
10234 12219 4606
5290 10096 3339
2041 6273 9724
733 4194 543
1231 3101 3733
2181 4495 8981
3120 14580 8880
4398 8900 4739
2112 15379 8070
7121 18334 3138
948 10240 2681
2341 11105 2185
2347 7187 8011
14695 15819 3647
5276 8175 2555
6601 13845 3090
10729 12158 3109
6781 11590 374
4507 5797 6638
1232 10164 4108
596 8336 6859
10296 13419 1862
1731 13876 3856
18605 19740 3390
1848 4429 5108
1250 10849 4202
2634 7780 2155
1494 3621 1734
8031 11139 1014
4014 4333 6870
2891 13977 570
1599 2091 4373
3699 4184 2293
13276 14763 4614
1918 7236 7517
1256 3091 6323
4046 13876 1966
10607 11231 5005
124 134 1037
2752 5324 1027
5142 10648 6123
5373 11056 2576
12232 14371 9291
5181 13939 3148
5152 6516 5949
6619 8061 1036
14185 17131 3568
11466 18480 6454
198 376 5714
739 13193 9366
2904 4569 5859
16288 16623 6937
1201 9452 113
1669 17367 3916
12663 15000 4679
5943 14241 3681
2401 12128 2772
17509 18755 8044
12688 15394 9951
1688 11853 5642
801 4856 5149
14047 17529 3407
297 365 3506
640 6276 9328
11706 13875 1829
991 15951 5483
2532 11820 1252
14929 18866 665
2117 2465 8527
286 2066 8269
19211 19387 9721
718 8015 8039
5600 7089 7380
8263 12761 7655
7092 11436 4305
148 6328 8966
7043 7741 3829
7408 10765 9178
1939 3042 2888
5678 7904 7820
4554 15583 7983
75 822 4007
1259 7313 8588
15456 19137 2695
2421 11827 366
10745 13724 1283
6257 9286 8630
864 4018 465
4353 15759 6846
2923 13918 7598
6311 11097 230
775 7382 8929
815 10652 5794
1172 17982 2557
6093 8749 2908
9711 15186 5617
103 8804 794
5200 14844 4903
15097 17616 5199
1134 10525 4018
2306 11482 8299
7639 17686 4741
14158 17789 8455
3736 9816 1037
14998 15725 889
5794 13226 6967
2261 5837 7817
12341 19996 906
1751 7190 6548
551 8244 403
12079 17057 622
1439 1675 8045
6133 10431 8267
13864 16239 1548
242 8032 4734
4759 8713 265
5150 7240 7429
975 6579 1514
8257 13204 1287
11355 13467 1804
10381 10977 3476
4980 7395 418
11768 12611 9121
8263 10955 5773
3872 16791 6245
2222 7567 4624
1589 6979 7977
7286 12353 9296
3985 18498 3040
14320 17954 4750
204 1655 9865
8395 11674 3051
14783 19684 970
10285 11812 1328
17319 19972 8892
6678 7439 3280
13403 14958 4987
6255 14604 5605
1922 11279 534
3503 13878 4120
10759 14767 7368
11738 14357 8464
10654 15138 6426
1317 7888 1337
10481 19127 7427
2562 4609 7313
13731 13919 4620
7871 8797 9312
9429 10914 7396
12677 13058 4174
9479 11298 7513
639 7116 1242
4024 12002 3175
2589 19122 3363
6060 9623 3272
2980 15318 8748
362 389 4509
1749 7927 633
9823 12898 1655
11580 19808 1343
7795 11391 4912
18627 18654 6607
123 8933 1293
3653 10655 8527
12517 19865 3435
13782 16874 8025
3789 4353 7386
9680 16880 1312
10694 12174 5675
4325 11157 8522
12192 15879 7619
1144 19400 2763
678 5262 2081
6106 9278 7754
4471 9771 3988
15303 16493 8703
3997 11442 4840
8274 8839 7082
18005 18509 388
121 17392 25
242 423 3884
2118 2417 8233
727 10160 2955
9739 19061 7094
2923 5221 2164
1678 12809 6638
7581 18060 1959
7810 16528 8617
7277 19205 2949
10547 15995 9595
10303 11514 4068
1119 12123 3107
244 764 8135
15339 17259 1712
8068 16699 5902
2595 10203 6902
3575 14870 7953
3755 9753 4517
12491 13685 8980
3418 6930 7135
5147 5293 7306
964 6709 308
15250 18959 7237
13165 16978 7954
3285 6362 3447
5220 5520 2672
4827 14898 8110
11829 17787 8875
7630 10997 6718
4229 4632 3541
1934 2443 4357
4742 9574 4881
13518 16370 9186
5636 5879 4436
3273 11815 2954
3020 3385 9644
3720 11385 2822
8526 19378 656
9576 13179 142
11702 18077 5900
4248 16536 259
389 15865 2755
103 5695 1767
8131 8528 9598
7377 8253 2055
2855 8674 7518
9371 13723 9258
4553 17317 7324
2647 12868 4405
825 10270 9177
3595 19555 9729
4674 18090 5781
4958 5325 1394
1010 6864 2606
106 3032 354
9914 18754 5052
4643 14123 7082
985 13118 2914
6078 10725 845
5439 12633 9577
16057 19564 6003
9001 9686 3614
11914 13571 4158
12113 16268 499
18644 19409 4681
17804 18615 12
11711 17419 7992
4791 10298 4099
10239 16830 8932
10281 12324 4095
4478 12710 5451
6232 19536 7277
11539 19715 6408
1141 16026 667
2815 7147 181
12267 17207 462
9062 12050 3975
2202 18738 1005
2812 2984 1323
8388 17645 8683
4610 10252 4369
2374 3797 215
4203 6059 2189
5415 6890 3466
10409 11184 7299
761 3422 7434
7496 8204 1709
2956 11090 6930
14028 15817 9630
3258 9378 948
5810 6466 5055
13991 18309 3655
100 1685 2203
176 6344 64
882 18063 4613
5280 15359 4364
6574 12134 4685
11065 13768 4899
6150 18244 3841
1098 6265 7510
16319 18422 4734
7148 7711 9036
14085 17835 9707
1549 2722 8611
301 18048 7181
9621 12547 3036
3586 7801 2639
5953 7970 5176
10666 19798 6598
19852 19885 7973
13511 13969 958
2331 9708 4041
1043 9681 8808
2934 7514 9471
947 7645 863
2166 18801 4909
5245 8351 8401
3516 5654 3592
13609 15526 5350
1418 15717 5737
6580 10487 5861
6555 11106 9126
69 2328 685
8867 18421 2979
3188 12860 4112
8898 9694 1361
1360 11463 7461
3739 5540 1373
8412 8978 9461
2147 13008 1740
4341 16474 6532
9047 11634 4598
7543 17666 4767
949 1047 2817
2426 7905 3560
437 2828 4946
741 1175 8387
422 5106 2624
614 18794 1241
5 7590 8679
1924 5875 8550
7229 9707 4027
13469 16559 5658
15210 19706 152
11351 16594 4808
9847 18982 7850
10021 16374 9928
1347 15102 9792
8313 8842 2061
14217 17022 860
11987 15349 8018
5832 11337 5612
10320 15158 1950
8189 10124 7038
7108 17145 9057
2424 19557 9448
221 571 7507
156 4287 2949
4643 15002 4839
4043 13717 7126
11129 13131 1707
348 3030 4209
11365 15627 683
2155 4506 4167
10922 15625 7672
3180 15170 3293
1851 2266 308
6845 7526 1280
9555 11658 9103
239 9952 3047
2903 19155 1721
4056 14299 4482
10492 13503 6618
4126 10139 2170
5256 8270 8016
5829 14857 4591
1445 2184 9701
8199 14990 6325
4282 14162 2502
3185 18162 5169
13070 14185 8874
2744 6061 5911
521 5414 2605
5182 12527 239
5109 8634 2107
9784 13786 711
702 18784 7786
92 11359 3161
4636 13051 8543
8132 14814 3727
15009 19470 8967
8163 10293 6543
2279 19229 9522
1417 7883 8759
271 3605 8997
11415 15936 602
5362 8348 4875
6804 12188 4192
13139 19159 9701
16387 18560 9404
195 11291 3994
9749 19838 1593
8532 10217 3079
5561 11694 1594
9704 11390 7046
10671 11165 1626
518 12457 3021
6113 12017 4891
7692 18903 5384
174 10245 5576
3390 11669 4637
3216 19854 5478
1766 8330 8305
7454 17840 9846
1320 1811 9192
6700 9838 1087
3479 8114 9958
252 5677 5127
8945 9334 8525
6178 11726 3921
13848 15744 7333
4628 13492 7296
240 418 1289
812 4249 5660
5705 17709 2545
1 8398 8439
2224 14396 4303
3944 11172 9065
1505 13125 337
7726 11380 7046
2433 3659 502
406 3642 2284
16581 16604 2586
3089 12877 8527
12252 15171 1647
6914 12974 3982
23 18261 3322
7183 18053 1600
13721 18821 8010
189 5523 2004
18065 19474 2645
13193 19353 446
3619 4533 7284
2592 5860 3027
3210 11081 5109
4846 12607 2224
2081 5752 4076
641 17180 8765
3655 5449 5244
655 12678 7552
137 5113 5014
604 18194 1013
5494 13861 9063
9072 11776 1397
2378 10487 5267
13215 14775 7967
15180 16103 2668
2219 9967 4379
3146 6024 9440
3264 9067 2540
12588 14270 8478
1363 14126 8490
3216 16326 6707
9246 16231 2262
1779 19761 3336
1318 15792 6303
11863 14261 8478
15946 18321 6657
1480 2180 1767
5396 12002 267
1796 13788 5596
9186 15307 7562
11880 14248 383
5454 16129 4373
166 274 2527
36 4745 8569
1474 15905 5077
7380 8449 1609
12557 13708 3848
10648 11895 2546
1722 15886 5753
6337 12189 1726
9497 10977 9922
13584 18247 5434
14382 16236 6957
16962 19111 8294
11021 17948 232
6876 9543 9811
5110 6163 3734
6937 13523 9696
1466 3461 1659
6422 16776 8801
3144 3727 2168
6425 7898 9316
1332 9074 7935
358 9998 4228
6406 14901 4670
7512 12557 8903
1223 12089 840
1475 5951 6188
5459 16506 8162
5061 16934 1552
529 7736 1741
8553 17183 8316
6901 8040 4002
1209 7083 7871
755 1953 4062
11777 16076 7725
469 949 7418
924 8623 9457
3193 16804 1202
14849 19853 3733
11383 15388 6267
6453 10722 9634
1415 16653 9556
554 12323 7165
10424 10595 7427
6425 10530 1390
6407 11581 8869
5474 10099 3940
5119 8497 2227
2416 5507 4637
2708 16147 8522
8822 10247 1626
653 6189 4820
3801 5440 5921
2682 5678 663
2205 17925 5683
13282 17706 8868
7031 14406 4915
227 13305 8842
125 4609 8141
208 2848 8471
1066 8286 9115
35 587 5314
4372 8373 5037
1715 10785 3785
2285 5086 5211
7945 14087 1210
4685 4879 3500
3900 10261 4693
5527 19154 1189
6764 6791 3659
13507 14519 8735
13466 18271 8037
1244 2814 1239
2171 4454 7713
2903 12605 5908
3713 12258 4103
12778 19979 7448
1075 3050 9129
4915 15971 8328
11311 12990 7716
14988 18687 795
1416 7154 8249
9687 13381 9004
4152 8169 5936
5116 12702 127
6687 6819 7733
1952 4445 2921
16157 16996 6989
1922 12857 3068
4138 7110 7348
5957 17423 2255
618 6324 4551
10310 13517 6684
596 5095 6023
4669 16265 6807
12456 19818 9552
6195 7475 4469
13792 16049 5358
4027 18462 7148
8528 17294 1161
16673 19746 8835
609 7582 4203
170 17013 608
8130 17391 1374
7343 7641 8423
17116 18106 9868
1530 1770 8175
5226 13266 9227
7557 19188 917
893 1855 6963
8180 15610 4615
11467 13060 6028
14631 15682 9495
469 2189 2272
4571 8469 8521
1286 7212 4121
1269 10337 469
1507 8678 6993
16724 18908 6206
1497 11098 3248
624 3174 9998
1135 1406 6239
16965 18483 3919
1156 6522 4435
3264 8711 374
7258 12032 7935
10465 14849 677
5085 7270 6448
3022 6051 6488
1146 8880 7509
5903 18070 3265
8359 11393 7975
1371 6290 3819
10888 16108 9346
11163 14382 1998
5768 12686 6339
1506 19328 9333
804 4352 9130
13251 18283 2684
12259 17418 6094
9094 10290 302
3513 10386 2200
2546 5326 1463
8959 18749 2537
5235 9243 2668
1042 19246 8286
917 5487 7636
3078 8435 1829
3432 3902 2971
1122 5558 4862
2053 9689 9192
12840 16214 731
405 17122 6264
17372 19776 5535
12723 17848 2950
7656 15768 3674
3189 5728 7117
7057 10559 5056
11145 11370 5062
9092 14195 5416
1623 14307 6014
1908 7600 7484
14007 14499 6101
59 2781 3151
10073 11122 6302
7708 10800 9980
14061 19182 3553
1838 10864 3723
7658 9973 3695
5896 6769 3244
13639 18816 7272
923 6306 2214
11538 19375 5890
11811 17345 421
6542 9044 5159
4463 13258 7534
1528 18873 6832
9603 18835 1347
13949 16942 3070
7334 8071 3997
5531 8399 3015
1136 18983 6606
2901 3722 4730
7923 11563 4760
2596 19320 7028
814 13803 4210
2265 3584 3932
937 2050 8477
9871 14508 7048
364 1809 9475
14963 15687 3483
10791 17735 1838
9024 15116 5570
16982 18508 4882
14037 17351 8476
1156 16334 6979
13530 17947 7801
1022 2711 7684
15236 18172 8454
10683 14815 6573
8078 12922 5490
17476 19341 9456
8469 13761 3910
2611 10019 8690
5974 12139 6262
5782 12175 4735
1310 9237 7978
13247 15502 9285
12180 18301 5823
9810 18693 4518
10552 15325 994
7182 13429 2900
4130 5877 6365
7204 15438 2255
4469 4494 1838
10832 17707 174
239 1964 8510
1585 10432 1096
4299 17290 6792
4449 8165 4975
6764 11339 3950
8837 12845 9778
9645 10677 1636
9639 9827 7792
3020 9820 7654
2358 14714 1665
16619 18176 1427
5817 12306 670
276 7365 3492
5112 15080 6487
1472 19175 1845
2619 12110 1549
6552 8372 792
4351 13226 5179
12372 15066 950
12985 18996 2569
11469 17780 2437
12477 18269 1049
8214 12856 2757
16 19101 8122
5752 18112 2465
10445 12430 1735
849 3490 5985
3627 10731 29
2729 10268 7888
8161 8222 3062
11978 18762 413
8047 8775 2659
11825 12267 5976
825 9249 1038
3359 9445 6894
9544 13730 1553
12418 16759 9027
4819 5960 3848
8103 16556 5744
8296 18357 3584
14203 15796 779
5271 11409 8777
6991 9865 9869
1855 8477 6626
2157 9298 9377
12322 18996 3478
9818 11479 131
87 5118 1250
8417 10196 1228
1054 7204 8777
6627 17597 9721
2984 13999 7370
8415 9481 8252
9564 18698 7823
9203 11532 6251
1050 5465 6530
3287 9754 7899
17645 17766 3806
325 12958 365
1467 6077 8579
2512 7151 8630
6443 13313 927
5951 18512 6171
6193 6895 368
14555 17552 5753
6940 9974 8176
3573 10259 6093
5774 9340 4776
809 1872 2241
3684 13246 6375
238 1765 6598
3828 13440 7864
1739 2436 3149
7698 8022 4823
6452 8363 1484
8994 11774 7264
18316 19487 3251
6690 8057 1313
11583 13632 6876
1291 7516 6430
2474 4953 6447
3284 8642 1119
8145 8649 7624
28 1002 4137
3392 6140 8388
6347 12838 9449
4752 10317 9365
1316 15149 1726
10353 19301 7020
1999 5036 4624
4367 14113 2525
8464 11724 7145
8289 10002 6351
2791 19767 2011
12949 15072 7784
605 7735 1811
13477 16639 5227
3328 13249 5504
9642 10330 5489
4524 10681 2350
11227 17002 8737
2367 4978 5534
4321 16384 5747
8695 12063 4012
8617 12797 1069
9376 16152 7416
18 14356 764
9850 11624 7430
14460 17368 6407
16759 19131 5380
4748 7785 3862
216 608 1841
2037 11730 1842
6549 11902 5617
7689 11249 1015
11244 13327 4916
4126 10286 5365
4343 5017 2840
1830 15179 7275
655 7184 4743
6765 8727 5024
331 1301 9850
4377 14544 6725
468 601 682
2096 4002 822
1253 3765 1052
15034 18304 1914
3011 10552 2071
131 3764 4741
17675 18491 6681
1893 11571 9237
1321 9058 4986
14339 18731 1747
1578 12563 4941
8513 12393 9554
5674 17641 2779
12 5395 8952
6747 8877 3801
13717 13933 3757
2932 16266 7899
1035 9136 9818
2848 18063 8992
597 7757 4761
14797 19290 8860
1699 5342 4359
4520 8524 9045
1826 11560 4267
4404 12233 6549
8045 9562 8666
2183 4487 7281
3417 8566 2328
8290 15721 5500
5129 11098 6597
1632 19098 4975
890 6141 732
229 17862 9890
6766 9593 3931
10082 14525 7901
9711 16077 1706
1631 16668 6838
5668 8296 1905
8892 17399 1641
17618 18771 927
14885 18229 1669
3199 7434 4103
2512 3719 7322
1951 3137 389
5198 17891 9466
166 314 4527
9100 16161 1110
4244 17203 9708
10591 14778 8784
4419 19041 7552
11108 12194 3933
16435 17288 1529
7947 17103 4862
16512 18209 66
5674 14326 9005
11390 13271 3859
7013 12985 194
826 1104 9100
790 10947 3090
4273 7708 3314
1260 2300 315
10759 16976 2363
12701 14856 7253
1605 5033 1625
2929 7532 5496
1495 2224 7228
287 4894 7002
1204 14339 8526
7264 15783 1656
3815 13097 7161
2634 5607 4147
3142 15321 3591
6151 13374 3703
8524 9307 5097
494 2015 1650
157 3506 3463
5024 9609 1961
10930 19858 9191
13646 19965 1376
8039 15112 2975
3413 16499 5425
1112 16401 4876
17024 19122 2087
5691 12298 1247
5023 6945 2491
995 2510 1551
7768 9793 5965
4194 8154 4758
4050 12780 8484
718 1927 9921
3708 12087 9489
1513 17353 1455
4044 18826 4138
4365 19913 265
4507 15471 9854
3724 12133 5513
5416 6899 9002
1458 13831 5276
8971 15532 3880
10100 13030 1622
4571 10373 717
7332 16777 6143
5815 8152 6278
979 5706 3725
9607 9910 879
7350 9332 2322
7880 14519 615
7874 8220 3156
84 258 7481
3226 15049 4546
14908 16037 4537
288 9774 1391
2469 3985 2636
3691 4168 6006
4432 11495 1410
11289 11338 6639
9963 19111 6699
2860 6460 3581
5282 5628 5038
10961 11965 1399
13973 17877 2112
10798 18015 7016
385 2068 956
4189 16734 9082
70 919 3161
562 565 4923
12253 15560 8718
5214 6735 4439
911 10522 9086
601 1238 84
502 19049 6820
14589 17150 6923
17722 18708 84
4589 10486 8872
4922 7325 3243
1285 1897 5628
5885 7021 1456
10237 13440 3721
1556 2964 2120
4661 5513 9932
10005 15452 1797
5894 6735 6208
650 8013 1652
13167 13337 2303
6961 15774 4842
2091 11371 1140
2241 2307 7358
342 2628 5983
3977 18423 4491
12920 13683 3202
13267 16901 4748
5543 6338 1209
996 9619 3637
8588 10076 1986
4042 12079 4683
836 19542 435
9169 12822 7865
949 14014 9979
11965 16581 9051
13976 19834 7270
119 371 7349
842 4335 9406
9629 13469 7424
6266 16707 5894
6694 11110 9118
9445 13919 5050
1175 11165 6567
9529 15301 9173
3424 14042 4571
4648 17367 1515
498 4834 778
1150 1312 5100
3880 19449 7177
8503 15265 5648
752 8985 1810
13200 14384 9208
931 12105 8151
3459 7921 8003
6080 17825 9875
7339 8496 5484
11643 19202 4057
13827 14530 4933
16683 17774 1762
10637 14691 2126
70 87 3190
16619 19378 8341
233 590 8124
5735 16020 8669
7427 10843 7646
14435 18415 7179
3202 5480 1524
13879 18084 7470
151 6806 8958
3849 17729 8552
1733 10014 6687
1208 3940 6540
699 15350 2283
2450 19917 2638
8019 13255 7500
12135 17656 8492
1248 11918 4810
7575 9150 7049
8735 11514 620
4412 9312 5478
1172 1654 8556
5314 17740 6144
1116 7259 9096
1267 9985 4992
788 6609 4817
4126 14375 1995
4519 12708 5118
2709 4820 7732
1010 3786 8832
4420 11651 2386
1464 17197 5347
11712 13312 2728
5485 12631 8603
1485 1673 490
9719 12444 3426
8891 17340 447
1766 2987 601
5705 9792 5065
14669 16131 6292
10370 16075 4751
357 1274 2570
18637 19775 9376
8171 14917 520
10151 16037 6241
1744 4426 2483
7774 19071 8763
3641 9823 9393
6757 11876 736
3642 16943 2325
169 3340 524
8882 17813 4985
7749 11405 5527
2373 18691 7746
8253 9229 8
58 1025 3826
3739 16886 3852
909 9081 6914
3205 3870 2591
3470 13355 1224
9283 16900 6248
2440 2494 4305
2397 3392 9308
167 718 6589
16181 18889 6800
5625 10769 6030
6352 9961 8132
3732 5248 8834
5436 15274 4414
10734 19481 5688
8218 11830 7524
3042 16221 4265
6397 19389 5434
3510 18801 285
3642 6898 6079
6017 6843 4442
7804 8004 2794
8310 18221 6873
6844 14822 1474
8316 17539 5712
2161 10566 2799
1446 2529 3296
5428 5432 4425
6805 10238 9907
4682 7191 2053
3866 14417 9433
1693 9466 122
16058 18820 6043
1150 7799 7880
67 167 7322
1425 18857 3131
11965 18350 9991
11887 15977 4279
941 1042 3092
7494 17267 2071
14875 18441 6518
2839 14572 5494
1716 17202 3387
8005 12530 9921
2034 5382 9433
3389 5800 3451
2490 5849 2940
436 701 5504
831 1067 8860
485 8727 4721
14730 16170 5686
155 7612 4891
2458 19197 3855
9025 14863 852
7047 18586 2991
990 14305 9251
5127 6644 7936
7119 7831 7687
6605 10035 6446
3509 16543 7949
4619 18689 9218
7499 18630 9326
16169 16665 261
4005 15406 5016
5480 17681 6519
2847 9797 6488
8537 12154 9196
15517 17872 8859
584 1131 8431
10622 16564 9729
8431 10681 3834
1083 4964 6740
3420 7435 558
3867 9972 5480
7581 10209 9730
1875 8358 6066
6704 17025 9375
4486 5560 7575
1786 5727 7108
11601 12171 1292
7292 11089 5928
1398 3237 6181
122 2140 7054
4362 8934 866
3934 4293 4441
10249 11380 8460
13294 15001 6617
8564 16014 6311
7398 9304 1506
4538 15460 2095
9326 18426 9981
2255 9738 4073
2965 5119 2833
10587 12170 3898
3823 4483 4043
14840 19701 1301
9465 16301 8254
85 17356 9138
4588 4720 285
10081 10598 4302
9389 19051 8757
14128 15909 7875
3173 19685 8537
5097 18471 6817
5250 12235 5248
6627 7372 4367
3045 5685 319
7198 15593 6086
11893 18535 3707
7109 13996 8240
6341 7294 1696
2001 10721 7417
12009 14749 3606
7517 15803 5445
8172 15474 9997
12378 12558 5071
9464 15683 6392
2212 16108 8827
12482 19085 4829
4554 15275 8530
2465 19293 2335
14553 18982 1267
3069 3858 129
1573 10326 52
1616 4588 2851
12419 12861 8014
5279 17505 1439
7091 15570 8588
4020 5949 3089
5112 19602 6839
3436 15391 6223
4843 14621 6347
11115 19174 1798
14187 16135 7753
2960 15844 8924
2397 18771 7405
3698 8829 4622
6074 13360 1857
10177 15630 9607
8970 10990 4247
3413 3618 4506
12 874 5484
11814 12526 5481
1958 16661 5832
5121 5914 1806
4883 6254 6042
5637 11317 713
9391 18207 8967
1165 6232 2710
9089 19084 3745
2681 14370 4750
15371 19724 1790
4775 12094 2274
11284 13009 5979
590 5097 4064
343 17970 7097
5435 7242 5575
1785 19059 6591
2277 16792 3938
5734 14464 805
5544 19600 4856
2665 12846 4413
4004 6737 2195
11847 13963 8131
12403 15935 9919
230 9678 4524
13718 17435 7277
9829 11708 6609
7762 9976 1069
16939 19766 6564
211 1716 7415
4739 5855 7573
255 6636 255
7169 9461 5103
3604 12730 1459
10154 13358 759
1927 11830 7563
8487 11354 5815
8863 18808 6385
4158 14035 5912
1468 4288 251
6775 19736 6961
3902 4756 5312
3548 6239 6011
1927 18076 7052
6985 10212 7460
264 3501 408
554 1621 7217
4225 12629 4714
9597 16162 9934
5542 5809 7890
17634 17666 6361
537 3723 133
9705 17563 5599
1869 7087 6106
1189 17014 1755
2377 10765 8608
246 545 7180
11392 13291 219
2052 10615 1479
4627 13179 3190
317 11968 1061
9183 11583 168
8776 9265 5846
14447 18579 2936
5419 16070 8341
100 2697 9477
4789 5211 7054
4238 12734 3079
1589 15517 3243
8637 11973 5264
110 324 9978
7885 15947 2536
3185 17141 9330
2212 13577 6749
7124 12428 6382
16437 18460 2927
7093 15244 7469
995 1273 713
430 2063 4868
283 4049 1401
11113 19350 6287
1463 18552 8097
6939 9284 6526
1531 11342 7607
5833 7351 3158
8850 9165 4838
7996 10092 902
3105 11091 746
5890 8887 2453
6237 17976 3950
6906 8443 9253
3 4 7661
13255 19882 5120
12086 17154 610
4052 18795 1341
5225 10454 6543
4074 8074 8945
1058 16416 4504
1462 9496 9809
7047 10211 1129
376 875 1014
4493 8314 1755
1568 18812 177
2522 6456 1007
4436 15571 7626
6862 13659 6696
13064 19063 7494
9743 10534 3637
6547 10365 977
7272 17241 7040
73 15051 8801
12120 14385 7038
1356 18058 5947
10474 18445 9618
2422 5493 1010
694 2586 626
2398 11063 1358
7944 13177 3961
13665 16108 7943
3788 9388 1331
9631 14874 3147
17990 19231 113
8587 12754 3313
7821 19751 2519
10579 12018 2221
6952 17106 996
1787 4502 543
7766 10304 7075
13575 16760 1089
4732 17929 1562
207 16437 4258
12112 15006 3426
1920 16181 6732
7805 18750 3111
13253 13989 5005
1571 18006 5353
8183 10778 9941
593 9733 2183
3138 10886 485
5967 10785 644
2695 3203 4872
756 6013 3371
1958 3726 9209
982 6637 3308
1028 4276 1394
6371 6681 137
11382 18065 6471
6368 6872 5076
9244 10692 2612
1340 2427 8781
6297 9293 1889
18770 19616 4736
9374 13314 744
6410 12041 6794
6132 10252 5041
3499 5581 5251
8336 18565 4815
1470 15365 2724
13025 17544 2045
14815 19342 4057
409 618 8375
6219 7494 9785
686 19694 2507
13506 15619 3593
4862 19890 4644
396 3762 8089
2181 13873 8474
13948 16467 5033
1273 15392 5210
11710 15829 4049
727 2516 2178
12662 16884 7048
1649 11544 9954
171 6860 2076
11457 12777 9149
3794 14858 4788
3039 8717 9303
176 18382 9810
4328 4496 3850
816 18835 4698
8847 17341 4197
12985 17350 7529
151 4553 7968
6580 12738 383
11335 13077 1447
2120 3376 3466
2199 11719 1380
5570 15507 3143
11360 15379 9088
1256 13757 268
2170 3306 9667
2096 4716 492
11851 13998 4629
4295 17830 1871
6051 10901 7645
5007 13461 4464
52 1971 2959
5173 19443 339
6946 16694 4850
9982 12199 8057
12125 13051 2231
5082 6591 8582
158 4283 3566
3507 17029 6091
2329 12742 1648
7912 18665 8640
137 3215 3120
1772 15970 723
1411 18004 2801
1156 2102 38
13041 19750 1963
10443 12961 4023
2969 10285 5282
8732 15647 2201
2875 4075 35
6271 6670 2468
1235 5914 3580
4893 14829 2629
4750 6680 9702
5864 17736 5866
8572 10972 7228
446 682 2377
3371 6884 3479
7328 19814 9765
12787 17457 4830
7252 19317 4007
14593 16588 3431
235 439 617
5800 8034 1220
215 317 4711
1807 3221 1281
7307 11168 3593
17372 19739 7265
10426 10782 9247
333 583 7494
8527 12943 8525
3000 11950 7290
11151 19122 663
14439 18137 8504
387 1337 4695
8431 11485 3128
3575 13700 7558
6236 12127 9575
4294 17225 8490
16323 18171 879
11802 13465 8562
3722 4362 7715
1054 13841 628
4656 18721 4616
4775 9770 8513
2445 18336 278
12480 18816 2546
737 17542 645
2483 3095 7849
8140 12272 2036
2620 6124 4254
10341 18070 9926
453 1684 6503
10545 11540 6177
3515 11692 4785
1678 3362 409
314 4961 9340
10326 19998 3019
1675 7913 9598
231 2769 5174
5841 11830 3970
3039 17925 8764
2365 4430 7923
5542 17269 9202
4163 10557 259
1178 3463 6469
7074 17661 6832
6811 12028 1153
250 13206 1413
8364 19397 4107
2423 3582 3561
4863 5263 748
3771 5107 4166
4078 7464 3942
7232 8527 1747
478 734 9716
383 12383 8964
3000 17211 73
936 4108 5670
229 4909 3965
6337 18854 1522
15120 19187 5195
332 1752 9358
11523 16707 9656
163 317 5323
5853 13559 3889
5590 13408 7185
5010 10708 6070
12724 14669 5340
4044 10790 1449
6327 15415 9706
111 946 6208
379 18420 9121
5871 6596 7366
953 14898 9534
4908 16892 6705
1067 3486 3949
13137 14086 1186
9248 17517 4554
173 3955 846
8198 15970 9731
1141 4383 4794
12279 17094 6372
2577 16816 16
5028 16858 1112
3153 14348 2387
358 4415 6161
5513 13149 5486
9166 13486 7925
3864 17506 7135
2864 7160 5686
5489 6061 5481
11232 15111 4559
5738 15828 3585
423 16729 2527
515 936 3688
4715 5522 3291
1045 14531 3230
9485 10656 4009
9406 11743 7308
9737 10897 1785
1266 8583 1142
6043 11293 9969
2451 8689 8741
2452 8784 5409
765 5984 6469
1856 12992 920
6830 14658 6815
11368 12568 7
10764 16096 7980
4112 16588 1606
2997 14298 3703
16734 16755 5928
11759 15353 2882
3012 17686 6598
11619 13818 6267
8565 19714 61
2764 4450 7953
9909 11079 7282
1815 4009 9908
2562 7315 4530
3340 18467 832
11556 14993 9982
1061 3693 7011
8076 19277 2769
2198 15267 9648
1121 5463 152
7625 14820 6858
2969 19260 230
12411 19637 3161
1289 4902 875
2135 5100 1874
3472 13908 3589
794 7360 1392
6294 12088 8287
324 2505 1889
5236 9738 8312
9016 16925 5088
5003 18277 3683
98 9687 9536
519 578 1038
9902 19415 4384
6152 16776 8011
12252 17619 1875
740 3546 4900
1170 14252 5110
4094 14722 9861
1079 11168 6757
5535 19504 7586
2287 9493 9268
2894 9701 27
1757 19404 2325
11941 14016 3460
9584 19796 1305
3386 3835 4904
650 1577 6547
10378 16001 1574
13071 14177 9268
13754 15999 3855
14316 15959 8740
5518 13466 5944
3027 19646 1353
8894 15935 7077
10280 11158 4491
12713 13956 7896
11008 15930 6505
5891 15310 4355
121 4912 9659
4055 17095 5692
4413 5303 232
7155 19120 491
5244 8750 9428
8639 11389 7762
19351 19765 998
976 17998 6828
1264 10959 2159
4102 15160 4558
2746 5083 4646
1921 18413 3743
6204 18318 3045
6254 14896 7687
165 10382 939
3251 7604 2712
13668 15401 9580
306 2262 5157
16122 18307 8261
4331 18465 1164
16808 18204 6955
13853 14627 627
2502 3187 6739
4013 10663 214
7158 8538 9967
4812 13801 830
4338 19733 4906
4663 5776 2950
2927 15965 8121
1125 12781 4256
4829 6586 8714
9807 18499 4619
9422 9845 7202
15849 19044 1320
11475 11950 1477
1060 19952 2020
5385 15748 8786
3659 5697 1767
4793 16714 4717
7061 14630 5311
2128 4840 5401
12 563 9246
3367 6077 517
1749 17105 7083
11223 13002 1993
14800 19665 7574
10919 16810 8053
14114 15387 1124
2201 18397 5879
5500 16044 5000
806 5210 5735
4810 14319 5585
7433 8498 7061
19050 19692 1111
4260 16814 4118
5987 14518 5692
3740 16153 3915
12974 16099 2568
14054 15105 959
364 2536 9236
3139 7183 3943
10804 16092 6468
2250 2963 997
6106 18290 4996
5155 7882 8526
1705 2933 2239
9664 19286 4946
10581 17058 4666
2356 2912 2142
3179 4335 8030
5324 19663 5459
6610 18112 6840
12480 17714 1012
1335 9840 1172
5420 7311 9061
7885 16693 2742
2135 19959 719
14183 17935 7050
12662 17902 6772
196 232 2117
9462 10485 2174
3880 17542 698
8069 8914 3833
3808 19492 9440
8951 10731 3983
4234 7742 8356
2266 2916 9730
2870 9154 477
4066 15112 3960
6982 6988 9452
9936 15566 4172
4835 10277 5329
2048 3140 8506
14558 14881 7969
3152 9573 9474
7283 18013 5425
617 16974 64
3619 6603 8672
6075 15940 2146
6524 10728 2553
10203 19219 5030
2184 17415 5787
16614 19562 266
7563 8922 1916
3623 10756 2149
3542 15951 6568
2490 14189 4437
649 14515 9996
890 1701 7928
13353 13924 5030
8389 16709 9315
10920 12159 1814
4588 18980 5454
8694 10976 5130
3268 3449 9342
4092 18100 1055
6042 7378 1894
2764 3795 31
2087 5348 3746
14499 18124 4793
8936 15935 3058
1782 7366 3075
9743 14792 4021
5020 13614 6681
213 8284 1035
1105 1665 3458
3052 8211 394
15618 19824 2130
7824 14321 985
4649 13982 8711
3902 12886 9760
9913 14391 1678
6260 7663 9374
10006 10820 8263
14451 19119 4933
17561 19210 7268
10301 17783 666
3030 4054 2804
13912 19289 5352
10998 19421 6030
396 14836 1469
198 1491 2189
3608 5990 7208
4708 17091 2068
2640 16574 6100
6145 7138 2447
207 2778 4808
11228 17826 5848
15220 19821 4320
6379 13395 3947
9278 11256 6379
6615 10768 9332
2267 12951 256
5777 14773 2114
5209 5402 2779
662 1803 536
3110 4021 1905
1476 4032 9639
443 11412 635
943 8908 9791
1396 9599 3005
6833 16836 6106
3534 19079 4140
13903 15699 8587
5644 16847 6175
1504 7863 6339
9790 10289 3150
5473 6704 4088
13748 14525 9108
413 11682 9104
10527 15697 5529
2154 3055 1449
779 17500 838
10385 12068 5560
4245 19001 9353
10194 17134 2787
16831 18472 2759
5811 8129 7344
2258 3663 4557
2544 3005 7462
620 16305 6647
2124 2232 4972
6453 17041 8579
3332 15686 8735
49 579 1820
1143 6414 9024
1817 15201 2638
3901 16194 9890
7104 8837 9782
5660 5688 1647
9603 18320 2052
6925 16695 2888
8188 12492 1635
9660 13801 274
3808 12886 6183
5084 18889 9589
2449 10573 8165
3495 5458 2181
41 8640 3199
11333 15114 1924
8470 16930 5263
10601 13640 480
8427 8540 1443
1320 1353 4741
10407 13132 7664
4361 13066 4972
1993 4754 6126
9079 13164 8390
7058 12602 3064
2147 4072 1505
2844 11795 8557
4067 9753 2736
15420 17735 5522
10763 11593 8885
9160 12260 2570
2722 17252 1829
1503 2003 3514
4741 5650 2539
9389 10988 6111
2025 2986 3459
1825 10545 8805
14571 19605 2802
19471 19515 2839
11222 17932 633
3776 16026 2602
10210 14891 1229
5713 7776 5858
3822 9274 820
4015 6948 1978
2160 4659 6977
2921 6048 6384
9204 16670 8418
4884 10327 3966
4559 8777 7159
4006 19420 7065
2835 10187 2844
4132 17760 651
662 15395 7806
2781 13922 1947
13848 17646 8290
10241 11590 6248
7799 19261 9544
2635 4790 7375
8440 13346 7122
4290 6663 7265
1282 19067 2816
8923 11523 4111
16165 17081 541
5171 9753 4741
860 1993 8286
2222 6981 972
7134 18866 8980
8333 17120 8143
5210 14250 1055
10676 19297 4412
10222 10856 2979
13809 14784 1751
17366 18998 5303
711 3345 3202
1120 13042 381
7458 12956 2970
8707 16305 2482
10052 13553 3881
4588 12187 6015
10576 11728 7064
5672 16930 3539
5854 6581 8148
11725 15287 8829
2600 4804 2494
371 4061 7082
7715 11361 8200
2897 2910 9684
5 17458 5724
1361 18614 4798
409 4423 5769
1514 2541 1362
17030 19010 2031
4137 11704 5332
15257 19605 3310
6410 11629 6704
3649 7810 4332
5752 9005 9416
10158 16158 3273
12328 19560 6194
9020 12379 5061
812 4787 6582
16035 18047 2776
1346 3470 4000
7926 13923 748
10518 11439 415
7243 14653 6717
89 638 52
113 2214 8646
4717 11087 6773
15187 17020 5749
3950 4289 752
3886 6922 4135
4596 12461 9023
2882 16976 1934
198 288 4806
1320 18236 843
14436 15127 949
17485 18504 5473
5011 19373 5137
4632 9539 5760
7985 12149 2345
11221 16590 8610
9827 19414 116
4341 5251 8937
13553 17504 8801
365 9700 5760
3805 12360 3738
10988 11598 4507
7568 16909 1964
6934 16944 8191
7780 16802 7130
242 562 2999
696 5974 7797
7492 16911 6332
10535 11677 654
2797 4147 6272
5273 14820 5353
1015 12870 4231
5844 12438 3951
3740 5403 3818
4711 10440 3997
3986 9646 9017
3106 17838 1678
28 1126 8864
8946 16134 8221
17045 17089 8978
845 4626 7404
476 558 8298
3813 7981 3971
1195 14867 2855
5365 15074 6167
3543 12390 2935
2872 4041 9655
1048 2398 5573
5239 18264 4978
2358 18755 6113
7318 9683 3764
4977 11547 2731
6580 13718 5772
384 966 2464
3490 17114 6814
1394 10345 5512
4486 11646 3040
4881 19754 4964
14132 15309 5341
1488 6856 9355
6112 6418 4252
8943 13406 858
5727 7503 600
4691 19063 6543
2432 10794 2303
1033 1890 4503
4203 15093 8914
576 10842 106
10442 15003 2283
301 13753 2085
17090 19597 5262
3094 18788 8284
7674 8456 3564
14943 19239 6283
11596 17344 5401
10739 19159 6321
17229 18797 7669
190 4830 4885
6550 7304 5520
5357 12627 3812
648 4198 4669
4505 8121 3575
8464 11319 148
7149 8507 1786
249 10844 5974
12195 14814 6040
12921 18495 6395
3165 7394 1823
3298 3471 5792
273 7444 6614
4780 8097 8101
24 13799 6439
10434 17845 1538
477 5574 6804
10093 19102 8881
10270 16785 6522
591 5851 7930
3891 6950 4559
14293 14806 5642
2053 4978 6304
1453 17361 9032
10701 13144 4630
3060 12449 1103
633 4080 8007
1733 11627 3230
5577 7257 7689
10478 14719 4325
2729 9873 5303
4461 10512 79
6291 7485 894
7501 12461 1405
3062 18595 2968
9624 12719 1801
2727 4470 7260
1577 12650 6766
285 10492 9863
4906 17111 3257
7623 16508 4286
3007 7868 4664
3631 6951 3267
9921 17545 3221
521 572 8380
3407 18525 8784
6895 9953 1048
11112 19196 6161
7930 14205 34
4004 5134 5190
4273 4490 4925
351 17711 7782
2099 16705 289
12401 12439 9641
3336 6514 7808
6298 14085 3433
1936 8927 5155
4798 10496 957
1596 5117 4877
10376 16789 4528
5255 17304 1800
9597 16862 9721
4662 17466 9850
1249 19667 5568
4639 9353 7177
5989 14805 2174
4836 14038 7462
807 6567 3426
3917 19121 6527
12618 14455 7298
3796 5505 5768
15554 16622 3844
9125 12675 7612
8182 8227 7589
6841 18871 9096
12186 14175 3657
14062 18542 8470
11348 15047 3062
1043 4696 8324
15978 19979 3735
36 485 4151
5438 18867 1214
13995 18394 5878
3038 14896 427
10175 17228 9390
5758 11306 2430
1178 4080 1060
5125 14476 5614
5794 18404 9728
3406 3674 4859
8914 12058 6137
1136 4023 5652
3945 14550 97
1806 2401 5286
5596 6102 4607
7886 14497 1202
12776 18547 3663
7870 8147 1007
7175 9423 4133
2239 4037 8847
11182 19829 6623
350 11663 373
200 10893 6935
194 267 9775
9585 13995 8143
2913 3742 5108
5504 7923 1024
7812 8952 1586
3543 7745 1595
2640 3098 3620
10598 15976 5852
1840 17701 3749
362 5819 8103
9274 14257 7585
841 19331 7934
9533 18905 9709
2727 7426 985
4084 6550 5225
1202 5813 8498
5215 14155 8352
3697 15846 8630
5423 7199 5542
4655 17890 5837
655 3371 2907
6834 10252 8732
6271 16217 4037
2185 4354 7407
7754 16401 6183
213 270 1461
7185 19629 9626
6 88 1815
7546 12529 5999
6110 12524 2345
644 7419 9939
4359 6852 1506
5061 18119 5277
3884 8695 6961
2871 12750 1632
11997 12050 7064
3539 17236 8158
1037 17232 4248
932 13643 1540
3531 5671 9170
8755 12824 3726
6299 10230 4772
2864 4224 1116
876 3033 5837
12938 13409 2536
4921 17613 2424
3298 17591 9872
8660 15253 7333
16711 17223 3425
3415 3520 3375
6299 19284 6780
992 1920 3861
1398 6334 8243
5605 5973 5010
1519 1729 9894
28 6126 4411
3688 11335 3309
4829 16499 382
8907 11994 8754
18016 19679 4710
8973 11069 5854
2900 19072 1980
9409 12037 8085
1225 2942 9421
1862 19813 6870
14290 14657 5637
15759 19787 5868
1429 5823 6614
7386 15365 4856
17265 18160 8816
4222 7811 8065
1676 15916 2458
4224 7535 2607
3078 9879 3145
9703 12549 5641
302 7077 5457
202 2008 6233
5254 9600 6844
559 18697 8679
13949 17914 6753
7629 18561 4489
317 788 4620
13962 15383 1493
1426 12022 221
4943 14959 5668
2929 16314 2348
11894 14623 1756
5004 8861 7438
6614 11078 7156
8457 8870 724
9994 12649 8950
5579 19516 1955
7381 10837 3464
1655 3347 8274
1800 2298 309
5610 7553 8438
4621 9001 8768
12845 15798 4505
4082 5049 6231
794 3040 3435
2375 13369 4584
11933 15348 2310
629 7580 3585
16848 19970 6612
7695 17190 8059
12754 15258 3560
14305 18019 209
3198 5848 7788
1005 2042 2779
1975 11578 8292
2744 11888 7473
414 4322 3113
2163 3951 7990
17085 18311 6139
8660 13630 8998
626 1864 2976
7207 13389 9247
15467 18613 3458
2316 2931 7516
6985 15890 2524
12221 15482 3418
5331 19770 1501
10859 16990 4506
1573 1888 7637
8005 14881 814
4780 15981 34
7890 12120 194
2632 17122 1536
8829 14003 1779
220 1585 7006
4955 12948 7537
3201 3942 4797
4114 13076 2900
2341 2809 401
1218 11497 1222
4131 18473 2627
1140 8416 7534
1419 3297 8797
3722 9735 7190
10909 17471 1285
9560 10186 4981
13061 16918 5801
2058 4521 6894
343 17285 9207
5415 19735 982
6785 14481 8246
4843 12548 5503
5379 18650 3113
5729 16554 2500
1536 4130 5227
6156 6979 171
10689 18902 6328
2454 5215 6061
7058 12515 9125
9001 16954 6756
6260 10741 6769
16674 19609 66
1693 4396 5317
10317 17859 4956
5433 11083 9258
4279 4309 496
13876 17827 4784
4095 13477 6907
18805 19793 1370
392 3485 2302
284 1692 8856
267 15756 6378
352 5030 3825
765 6574 4775
1702 18148 7328
172 12841 1491
491 4332 559
6936 7400 219
1282 4688 1695
9381 15594 9203
9354 10553 6207
3155 17398 5510
1663 3617 2173
11247 11805 9573
3896 10171 168
3720 4358 9302
9466 11403 4577
17170 18247 208
2857 7748 2030
2459 6301 7557
1003 7827 1065
358 3696 6701
1222 11588 255
2265 19134 706
5673 6472 3528
2294 17814 8087
11255 15435 3062
3749 10603 116
665 17608 9257
4162 8927 2261
61 11668 320
12445 17382 8588
2657 2776 1960
14813 17447 3670
10918 12505 74
1085 15779 3128
4668 9920 658
2341 4941 861
5763 19964 6402
3747 4770 8190
4420 5176 7503
3055 6529 2251
4758 12915 2943
14165 18460 5706
6434 13467 535
113 997 6522
1325 18039 9389
5820 15660 5825
5232 14049 8077
238 12590 7006
5707 18632 1855
5940 15024 8267
2916 7665 3290
13070 16777 7768
635 4546 8212
6768 13802 5409
11105 15669 6816
115 4762 3927
1335 9930 1537
13030 13859 6817
33 4250 9135
1885 16906 266
7439 15955 3924
2431 4984 6811
2441 10427 6725
11386 12411 1896
13220 14529 7856
521 3309 2187
16135 19442 6427
621 820 8551
9289 15438 6553
13226 14053 5142
7205 14535 9896
4845 10714 2828
436 1243 4403
44 337 5590
6764 10967 1316
14266 15749 8346
384 5771 2916
2042 10025 8041
18117 18376 5475
6560 8563 2280
7525 9171 647
2416 10103 3030
8183 18905 1045
242 1054 7057
1724 7564 2360
3668 18295 7312
423 4537 8687
10349 11447 5568
865 9717 5776
10544 11334 1959
275 11831 9470
911 1333 2672
18072 19791 9510
10665 18733 7199
10224 18275 5322
17391 17450 9741
6902 9607 1756
1324 5521 6989
16398 16710 3734
4227 10857 9907
8275 17248 5871
2254 14538 2220
1934 16138 82
5898 13843 3890
582 2777 9100
458 4680 2711
2146 5742 1960
3247 6404 2936
5035 12671 9885
5110 7789 2814
1444 2696 6994
15121 16580 607
1800 2091 306
473 505 114
24 418 1290
2193 3117 5859
648 6555 4205
14778 16233 5425
11750 13608 5685
4561 12119 2573
466 9658 6274
1867 4306 5709
3317 8031 9177
5047 5761 274
2207 15785 8648
13766 19973 6163
3038 12897 3740
3006 7080 7921
2099 4955 6698
1941 17650 4642
2000 7487 9052
9465 14686 7623
9964 11670 1690
10277 18641 1948
8527 12092 8384
552 14566 6329
10152 17278 330
4313 4336 4821
173 12000 7119
14981 18089 2082
5598 14093 1316
4069 19390 856
7712 13455 9159
7597 18158 9864
10726 14274 2606
5570 15281 2482
1911 12235 1852
507 18634 7278
3328 5477 8984
1045 15534 6772
2380 6697 9406
1011 19457 3711
1412 1414 2218
9653 15928 460
7406 11435 6453
8550 15869 4065
5113 18369 7177
5053 14761 2763
9006 16827 6071
4415 4624 5309
4287 5419 600
12996 16793 9178
104 15761 1106
1455 1874 2577
537 18443 4716
2264 9827 2718
3793 15935 2737
1069 15392 3962
18832 19910 7172
2941 13469 877
1900 8048 9044
5451 17758 6108
1617 2878 2671
2717 14575 5798
18428 19717 3242
585 2605 5642
7812 14353 7605
16375 19806 4660
2160 14022 7723
11145 13693 8594
6053 17681 3225
865 14925 2337
9845 19950 575
2906 5217 5340
5234 8114 439
883 4670 6387
14220 17385 3954
6111 6240 3841
2409 12093 1396
10178 10501 7539
213 882 1570
4032 4601 7861
17920 19242 837
7596 15170 7055
755 3092 9666
8496 16970 2227
7059 14591 5564
2078 17095 7825
3970 11550 8127
4658 12448 2622
120 2647 8315
4754 16012 7160
3037 13768 8774
1506 16866 2080
8890 19690 9143
45 275 6700
12848 17987 5699
9078 13715 4685
13162 17553 6000
4968 16324 7809
12787 14853 5166
8280 11127 9367
5207 8391 2728
6552 16174 3907
417 2457 3273
3690 5679 9394
2347 18477 9420
3380 4510 7342
6958 14096 788
79 11522 4149
6220 7584 8803
1888 18905 7974
1767 15395 2274
8010 14339 477
613 6302 1858
7253 11690 7103
594 6695 1427
2464 8859 6887
5105 16294 7828
4172 4462 2318
6442 14241 513
4492 10025 3050
4634 16406 6885
6643 17757 3265
155 8558 4988
5100 16228 419
12311 19697 5984
5907 19187 7890
13905 18114 2629
3402 8615 2303
6820 11690 2709
7164 8209 1732
892 12660 6348
536 1147 7699
11881 17808 1355
3731 15408 2786
2508 6112 2547
11973 12507 8840
1084 9126 5211
5370 16504 2728
5622 7758 2526
1748 3497 1463
1879 3299 6981
2819 3547 5203
2116 8662 9297
2665 4780 5472
3872 12421 569
7353 17777 1280
2653 8976 3238
451 14757 6426
8732 13345 6260
5828 12865 8965
2350 7714 8265
3713 6145 5896
4828 14331 8492
229 16261 8565
8395 11072 7720
2569 3026 8993
11642 13239 2458
5291 6862 8902
2564 7364 3359
17682 19430 1486
4387 7156 9071
6333 18989 8217
17052 18472 8507
1386 17563 5885
2024 2137 844
2800 7447 1347
7498 12080 5252
6836 9549 9058
6771 11233 9206
1051 5466 3401
4959 7020 7027
3597 14012 9489
6506 12389 2084
2876 10968 5921
16063 17607 8950
6982 19736 8967
719 14015 6489
6460 7485 6994
1236 1521 3373
596 10249 9456
7906 11362 9699
2102 12059 7065
7489 16903 9904
13943 15971 6922
3567 17416 4881
13871 16466 12
862 19614 7131
15389 16434 6859
3791 4018 3543
7974 13364 8445
4068 10062 3890
4514 4905 3333
15268 16793 4513
4932 10384 6443
1104 1819 6218
4492 4701 1246
1635 3467 387
3307 4418 7443
2734 15091 3503
972 8587 7978
2424 11096 4689
3771 14188 4892
1956 2016 6879
4446 9808 5158
227 343 4180
8675 11463 9087
2185 15246 4226
2223 13720 6778
2559 14742 7558
1713 18659 8487
7270 19000 7616
326 5839 8613
5131 6164 8141
2820 3738 5860
3444 5057 5333
1134 2281 2866
7438 19764 9272
3254 5435 1196
11638 17790 4472
10263 14509 1168
813 3250 4054
1256 2944 8318
4304 5299 9242
4296 7529 9725
3040 11789 6212
15707 19480 9917
3761 16959 7223
4825 7993 9994
4123 14841 3838
2251 3373 338
12378 12635 9129
12741 14240 3480
989 16387 7999
15375 19774 8471
964 6166 5620
4924 18533 8160
10318 19502 1841
14768 16736 5095
905 16287 900
3525 12789 5959
3032 16456 1408
12767 15555 6659
6416 19533 446
287 12885 4608
1549 10605 2768
7161 11526 694
8498 19184 2419
7596 16696 7972
93 10419 8967
5692 7876 2894
15037 17196 5622
5769 14221 156
18658 19651 5682
7695 14200 8153
3215 6745 9182
1942 3646 573
9727 12115 5110
6239 15082 3011
6348 7847 2618
5527 9217 3187
18754 18973 9856
3294 9137 1072
3949 11148 5421
531 1793 3342
2035 7420 992
1029 3273 2463
1369 9375 2425
6813 13464 5813
6162 19997 2430
15534 19488 7260
8802 11828 2519
5976 14873 4158
4322 13137 3895
1792 1807 6226
4901 8167 7044
9462 9794 1512
3305 9733 8692
5074 9607 9737
610 1253 2860
2456 6370 5133
4013 14447 9389
620 7265 9119
3821 5149 8579
5724 7293 8685
2985 5008 4407
7853 13934 3345
1549 3316 467
70 4858 3892
7894 8068 4515
13001 13463 831
8099 10283 5921
856 2897 115
11983 18719 8793
4550 7599 5853
11417 17767 9899
11001 11796 8111
9442 19210 2675
5587 6752 6419
1226 6504 8972
4754 12860 1751
1331 8878 3671
1751 3578 1357
2109 2361 2590
6654 12988 8114
5831 11908 2236
6306 9435 4966
1159 5025 8091
867 6224 7895
31 1155 163
2294 10828 8166
2857 12961 6574
1528 4036 7493
9224 11011 8283
3079 13396 1475
13427 15643 3885
565 10598 1307
14456 17025 6931
1824 2338 3619
5738 8709 4498
2799 4662 3124
718 10708 6420
1336 5256 9519
12143 17673 3916
11056 11236 9272
10845 12676 317
677 4024 7555
1488 13254 8965
3150 7391 9996
15592 16305 3978
10000 11404 6795
12916 17495 1822
126 13609 5245
6422 10695 7857
10915 12053 6553
15033 15648 946
11143 12734 8227
4995 7393 9878
557 833 7034
1133 6629 7874
3666 7362 3338
19148 19583 984
1584 12938 2059
1743 10886 9731
6270 11842 5576
10208 10778 9341
3343 18032 5085
5650 9466 7750
8946 15657 3243
3665 14144 926
5295 11123 2772
601 5135 2865
7105 15438 6333
14897 15202 3705
3541 17373 7033
2696 15113 1868
1539 11577 8299
3049 13915 4789
4762 9503 573
14847 15809 5705
15056 19227 3190
8413 15433 4482
872 1200 1524
2570 4189 2420
915 9131 2950
7856 14129 3502
5888 7385 8305
757 5986 6323
995 18640 4295
6581 17901 93
3715 4466 4722
1395 4206 3661
7501 10888 8431
2835 8216 5765
246 4591 5989
5604 18792 7331
3350 10313 3136
10342 13628 2887
9208 9782 1064
150 2782 8053
4891 9208 9504
12276 15261 1880
3092 12139 8362
9012 17082 7908
1191 12630 5665
4363 8801 1587
11812 12594 4000
1506 18086 556
13858 14899 7315
7332 15905 6853
9179 12827 9816
1647 18946 2415
7014 9137 1522
3939 13045 8110
3725 9497 9086
13300 19661 6058
4090 5586 5302
7917 9863 560
806 12676 9878
1344 3206 9319
11479 12625 3013
3946 13431 3057
14110 16804 20
11467 19725 4873
11972 13468 9726
3073 3604 4213
2095 12826 5250
12436 15127 8068
288 2414 1974
3629 10171 6448
3086 7020 1233
1651 8723 1015
6008 9731 4709
203 3200 7013
2506 3749 1770
5353 12548 2967
666 3004 968
8464 12930 7812
11958 19266 9601
4329 7165 9774
12317 18041 4916
3816 15006 9444
13 80 1856
1508 15995 4267
6269 15127 1868
12517 12540 8235
13020 15432 3705
6390 17171 8678
3866 16883 7857
5514 13283 6602
10000 11378 8903
1450 2788 1065
2397 4926 4828
3268 7027 1086
4396 10341 8958
8658 19792 4167
1772 5598 6464
5504 15667 1061
18388 18544 8523
3073 4259 9285
3346 3827 495
9237 11082 9674
8752 17138 3289
3768 6409 268
8345 9723 9368
7475 11305 4094
34 10807 2012
4460 18806 1219
3138 8122 5006
6613 17458 9888
191 700 6342
10929 16508 7887
1256 3498 7199
6717 15870 2472
2460 11214 6362
450 1822 4252
13411 19613 2863
781 6826 1875
3813 16358 1252
19438 19874 8897
2877 8835 9431
1000 5345 6075
2682 17871 7354
5831 17947 838
5633 16835 1124
5888 16346 9185
29 74 4031
494 1826 404
10334 17697 3186
8084 11609 7359
5181 19851 9579
413 3239 1208
2673 3041 438
1885 5405 4834
3206 3995 9013
2473 12539 33
1782 7926 3508
844 17025 5137
15872 18158 8659
4946 5270 727
1708 18146 1673
9790 18381 463
8001 19402 7830
10886 19039 5296
5589 9945 9273
10137 15567 7820
1833 6435 6322
9266 18736 7092
2670 6027 3381
1285 14125 6650
1213 2360 9241
1068 15923 142
2767 11080 7913
3492 6238 5046
8764 9380 3939
80 1548 2694
5615 7569 7025
582 12421 7474
10462 13303 3272
3524 11981 2716
667 2811 2390
2743 9339 5384
6823 6951 6893
2518 9544 2339
2574 11159 3735
27 1660 2941
1576 19953 2083
8098 14783 1135
1224 1298 1050
470 8843 9609
1070 8349 3394
2671 17532 7796
3496 12285 1142
3756 10668 7005
616 11431 9777
1982 9070 231
6295 9121 8685
7515 13574 9461
15745 17741 8528
16247 19658 4865
1166 2387 9687
5010 6279 6550
4726 16365 143
294 1290 4249
1013 19312 9780
1610 2844 805
13661 15969 7600
10858 11898 3051
2515 15079 5961
2358 3905 481
2761 17799 6869
1342 3233 6578
10315 16974 8321
342 19848 6183
3306 13708 4151
58 60 3395
2730 5655 8809
10528 15134 1581
918 8485 6407
5555 15804 9899
7892 9270 4161
4097 14510 5933
7876 18806 2988
7727 13626 3330
3404 5752 2195
13850 17206 5896
4652 5271 3269
14310 15128 6370
18771 19249 8922
7706 16860 2078
6555 6611 6587
4838 8730 6639
8008 16490 7738
338 363 2183
5460 12478 9735
1154 6386 2416
2235 14010 875
2182 11568 7472
1983 9683 3248
3736 5702 7809
10568 10808 4118
14885 17606 5417
2334 2687 1921
4825 12206 3610
5509 15892 4426
11528 16005 5114
1055 10575 9297
9430 15181 254
8460 11402 3515
12251 15409 4474
12199 12347 4768
2850 12884 1003
1131 10570 4886
6318 7495 183
5067 12874 9151
536 13728 3444
1695 3708 8281
7884 11111 9743
11260 15044 3831
4200 4737 2684
16018 17804 739
2941 7487 3982
937 2058 1603
5985 11790 6807
6489 16467 5736
9082 15885 5317
846 5297 8016
3163 14464 5780
3030 4964 3809
2350 12806 3600
609 11833 3320
10941 12582 6394
6344 18717 8610
877 1001 7460
137 2456 6850
4194 8050 7287
17664 18211 7848
359 6409 495
11011 19744 3348
279 4100 5869
434 15369 5419
5989 19865 4496
5062 8675 7255
12914 16852 231
1910 4147 5724
3973 15372 9596
4026 18645 5790
2708 8461 2119
731 2328 7207
6366 14827 6447
8340 9267 7760
3186 5804 7509
14347 16919 7223
5599 9590 1766
6971 10555 2946
3243 6699 3969
9145 9693 4973
18027 19775 764
3287 8517 2440
2584 11709 5420
1529 4699 1499
7389 8425 1317
9872 18203 5673
4449 6073 7874
821 19515 9054
9463 10817 6227
8923 17602 4620
16962 19840 222
565 5893 5212
1004 1472 7462
744 1350 8397
1977 2668 9441
7627 17012 95
7169 15086 8565
5315 7642 6541
6907 12820 3596
3950 8600 1102
3054 10233 9424
7597 15826 9418
14937 16885 5513
1268 5032 8060
44 10467 528
13054 17051 3088
232 15385 829
3743 7915 6361
12105 12574 2159
3871 8041 5574
12089 14666 8559
2653 3288 9788
6846 12757 7584
1947 10797 6643
10421 13153 1571
2222 2768 4891
8929 18023 6177
7297 16970 631
8920 9903 6696
8436 10905 3732
8190 9643 9887
1802 17259 5176
7634 19417 675
727 2691 9980
1979 4254 9047
24 180 510
2752 8066 7255
4504 14339 4567
8196 8745 1432
4043 5765 3786
18289 19913 5773
6681 11823 3288
11226 19312 5594
6761 14243 2566
9862 18063 5129
500 14668 6535
6371 6891 5358
761 10259 2769
6837 7971 1773
1900 2957 8095
5785 9030 3096
2042 12862 1335
5654 8222 4726
2641 4381 6093
6725 12044 1847
874 4393 3484
4477 7184 7740
4137 18892 1277
4641 12476 8243
17011 18484 4946
1943 7811 2100
1417 19336 7965
257 2248 7140
15975 16199 7314
3520 18823 3869
1590 14357 6611
1169 1580 2817
2866 3901 2642
8542 9831 7822
4492 19916 3426
609 4718 7060
6316 16539 9312
11752 13347 731
5579 15723 3752
7893 8228 5184
8815 16003 4914
8343 18100 6767
2 72 2755
5720 19522 5707
14880 16832 4586
187 821 8273
3589 7238 2980
7323 12701 7733
13337 18499 6102
4331 19777 1910
2300 5759 6362
1551 9886 2434
7905 13526 8287
5981 9470 4441
982 2027 4026
2556 17312 2979
7970 12189 7025
4963 18739 2787
7411 15650 1594
9157 11072 107
9240 19003 238
809 18485 4090
5843 12824 9864
3587 9408 9606
5122 7514 2484
3896 7253 3065
3797 12457 1093
3791 19786 6938
1519 1940 3261
4603 6470 2128
340 4751 1732
18278 19167 3970
11350 16240 5084
3239 6239 3088
4634 5407 6840
3815 15610 7184
5357 11520 2627
2046 11710 3904
2381 5282 1067
4042 18801 2405
2904 10652 4216
8483 11886 55
17028 17807 9933
13318 18849 3045
3633 10249 7259
3271 12917 3065
10558 11490 7265
2091 14413 5429
3735 9955 2389
14067 19557 5983
1092 10585 4162
1841 4149 8314
9327 9789 8507
13974 18559 1277
836 12000 6153
3609 16879 2084
5 18582 9076
173 5411 6000
6140 13688 9249
2975 4089 6694
6309 7131 6184
15787 17760 3621
2426 5533 1660
523 9399 9460
12153 18191 8658
5528 11997 450
7110 9576 2846
10960 15783 6388
0 12 9421
419 1863 3835
503 17094 5215
9537 14021 6143
4563 13746 7209
2182 10223 9376
5709 10287 3221
905 19858 6298
709 5505 6038
6622 8198 1034
12257 16494 27
550 1432 217
5811 16726 8140
1784 14835 765
3807 7655 2365
4627 7779 5870
136 16410 8130
1823 1978 2636
2273 10540 839
6888 19820 5406
2529 14823 5539
6771 10511 4123
14195 18919 3903
1771 4842 6750
8213 18714 4365
3769 12669 3514
18227 19525 2489
3714 19426 5475
15291 17055 8863
1515 15008 3987
9029 18962 4726
671 9475 677
8068 8309 1699
1348 7141 7777
5405 5571 3202
1953 8315 7561
10406 16956 4394
7670 8952 8058
13864 14504 6871
10119 13795 1926
9930 14553 4524
4756 7890 2014
16559 19794 8051
1641 15671 8475
2941 14731 3727
6544 19263 3958
3530 5663 4289
3356 11266 6608
15294 15619 1393
1093 7023 1441
5686 10275 2178
17852 18496 4951
5906 19440 1255
3654 4416 7909
8510 17247 5350
522 3804 1895
11449 16442 9731
4219 11437 6226
2580 15926 6809
17001 18020 2808
24 30 2978
6714 18129 5027
1322 2271 862
5228 6090 1912
11440 13828 3106
2177 6572 1598
19201 19571 3123
4465 16572 2963
1222 6014 1271
6492 7805 35
2430 17358 5115
16645 17477 5695
8913 12509 7536
7002 7803 5981
10425 15578 3874
10637 19693 2860
1414 15853 1995
2611 15716 3806
1472 18483 3335
16610 17059 3908
547 10834 3084
1184 9237 9487
7720 14431 5073
626 3054 8881
13154 18788 9343
2310 3516 7868
4429 5359 9321
10145 12038 4798
6124 12459 6130
1499 18318 4416
11396 19553 5557
5133 12215 191
1047 1646 9303
337 3815 362
952 7669 6909
14414 15367 7723
17950 18891 6531
2991 13785 2032
494 3081 256
15712 19878 1299
10540 19135 2618
3088 14338 4479
4064 13321 6435
3665 7709 2402
9725 16035 6634
3421 15511 2066
10239 19548 7125
8176 17311 4926
15456 19191 4808
15066 16268 817
3514 7350 3701
6348 17761 1493
8494 10395 3320
2117 18390 5934
2782 8324 2341
9523 14686 3329
10246 14281 7067
6304 7391 6048
520 564 1363
226 10406 9050
15218 16162 5384
1917 3283 3865
343 14244 4342
2236 5057 7185
12557 15874 1752
9173 14267 7594
10559 18240 4273
5381 16449 9681
1499 4033 6912
7491 16110 1595
7846 9448 6526
6256 7095 9075
17273 17769 7507
374 4911 5972
4651 13414 3179
1852 10308 1923
16720 19244 4473
6073 9510 3469
3700 10532 6217
2657 3787 4306
8490 10948 2727
40 1253 1747
9705 13869 8147
200 1311 4471
863 12961 5164
8590 12907 6240
13275 15463 7813
5347 10560 389
6768 15997 8233
2395 5527 9181
3261 8464 3937
6478 15867 7334
6687 8637 3615
4992 12773 9515
7920 8686 573
12632 13807 5546
1488 1504 5516
2536 7239 8049
11857 13626 7712
12673 19306 4666
2791 8816 4801
2260 6001 2778
4058 8883 9547
2443 5781 740
1663 13131 4041
4915 5650 5391
1348 16191 3980
3495 3622 7936
2951 9477 8131
6633 9934 7614
16764 17754 6482
7201 13704 242
10276 11979 9524
9818 18743 5662
4115 19007 4917
11492 19043 7519
13404 15981 8308
1043 1780 2151
1203 2404 3186
9562 12227 9684
2985 17610 9788
2176 14233 882
4 968 4372
1642 9634 6385
4783 14579 8022
13050 14380 7802
2753 6083 7225
2460 5971 844
1710 4595 9742
776 16511 1429
375 658 6241
10483 18986 1620
225 669 5870
2006 11700 3115
209 6544 7274
2017 2347 3652
829 9688 4810
553 924 8529
15673 18434 5525
1228 16716 3435
3127 16502 1792
453 11102 6793
11124 13604 305
3543 19391 4462
8722 16996 7102
18158 18653 913
7749 16381 2124
12991 18548 1506
11998 17093 3251
10145 15947 6614
12106 12418 6470
2330 16755 697
5829 7225 3016
8967 15401 2246
946 6935 5006
1179 13705 9733
13141 15174 5151
4706 16701 103
3259 10794 4199
5342 8091 2888
4850 16926 8455
12209 17556 7160
10427 17507 7158
5678 14473 4488
6702 7084 3909
6274 14071 5395
1468 12373 4715
16155 19106 3566
1442 4172 4439
2143 7696 606
3383 5306 5182
397 1996 5054
9004 16919 4472
4627 7677 8123
13290 17483 5869
4080 6095 7846
3190 17171 2648
2449 4800 415
1312 1815 5652
7159 10685 4817
14900 19143 5614
14239 15868 4186
1414 6366 5824
14457 16969 866
1829 6074 6054
506 1702 8796
1505 10412 6471
9329 12444 6059
5217 12453 1486
12278 12428 9589
13953 19459 6856
2957 5257 6192
7237 9664 9093
3692 19875 6265
7945 8532 8294
4106 17931 9532
9797 18768 4387
693 948 7767
1523 6891 6335
2612 12200 1762
6336 14255 6712
14159 18342 2598
1813 18883 6441
123 2918 1952
3946 5567 3360
6442 7547 1684
138 6721 3322
12898 15385 843
6599 10264 7869
8976 16157 8356
1455 17704 9249
8116 18060 6239
7164 12334 9458
13222 16357 5893
325 825 1441
5040 8468 872
15137 18245 2672
564 1586 8670
619 1710 798
1542 11429 5005
4147 13233 8368
12554 19540 3026
2867 4765 6244
2426 6045 8475
1061 6497 1219
875 5138 4559
5572 9965 3731
9713 15063 6925
2694 11701 8861
9558 13847 910
3603 10760 6358
5502 13680 1620
4414 14498 4770
51 277 6267
3722 14505 99
7482 11219 1802
3681 14331 8369
1482 6122 5723
3282 11878 608
277 4931 6580
5005 12469 8658
8856 15370 5313
2657 7376 7602
2899 11654 7998
5915 8999 3365
6221 14439 2148
1218 14941 652
1644 12253 6589
1182 11271 9025
1090 16128 1100
8590 11344 1391
5915 7188 7021
3464 17709 9190
2660 10188 5938
9530 15473 8987
14526 16282 7364
2506 14255 2859
2236 9185 5387
2163 4375 6326
15620 15838 9657
1926 3729 6790
11137 18877 9286
2701 12099 6425
8939 10813 6716
5735 7560 9572
1920 8462 3129
5687 10643 5532
7227 15026 189
863 4367 4251
2980 7518 2300
12531 16410 6467
3381 9836 6775
5406 19132 8875
7106 7284 4164
1800 7938 8085
1155 12381 8778
8477 11965 8315
11769 17478 888
51 133 8949
3234 4380 3320
11866 19645 9941
18518 19349 8773
87 10108 5041
7110 17188 7303
3963 4257 9452
2317 14251 5196
16837 17891 1626
4386 16373 3287
4539 6808 5948
1217 6008 8975
13556 16589 4718
1205 6819 111
2190 6310 5774
1891 4073 903
16602 19140 43
713 871 3311
7140 19530 6019
7968 13788 1025
3252 4231 3060
3331 12628 6125
127 372 5002
6443 7266 9774
3765 8811 2289
3360 5540 1728
11595 14481 2595
9191 12491 5351
8215 14031 1427
16407 16896 6078
4721 14409 9470
8067 10117 4418
2437 9007 7545
3811 9795 3648
5479 16975 8405
1360 19845 9679
3836 15573 1510
17716 19537 6570
10405 18730 7892
5898 17622 9654
14777 18300 857
9507 12050 6036
4283 6183 9374
191 10473 4508
13672 18296 8332
3125 4199 6733
8273 12085 5280
9642 10418 6225
11294 14475 7216
1496 2458 4200
7675 17297 770
1348 19094 6938
6045 16660 4945
4569 18891 3445
9920 13260 4433
7531 19808 4663
62 18019 1448
546 4291 6633
1473 8885 7963
4406 5469 363
6052 6162 6061
102 186 7708
8805 13780 90
2706 16214 950
10795 13393 2290
9941 13646 6511
1979 3420 6488
4805 18470 6101
6703 16893 8696
1589 5741 388
14158 15302 4453
15376 15706 1946
2239 8932 4013
11601 15380 1481
3993 17994 5742
1863 15451 4255
9775 17195 1382
1464 14360 2677
2174 3701 2605
651 929 188
11619 13766 85
1798 13448 2854
3268 7548 364
1933 4906 6710
4366 17063 1700
3823 18994 2299
7173 14597 2044
2275 8604 9322
7478 18037 7082
2468 4214 3680
6389 15735 2639
803 854 5073
2974 9063 9232
1906 2903 938
7252 14288 4810
6187 16762 2586
1545 1651 4429
379 656 8780
6867 15104 4057
5148 16170 1959
3119 19928 4809
15439 19153 2498
4531 19829 3511
1875 8965 9585
1709 8060 1974
746 2999 3617
3692 6305 7650
11683 12764 318
3134 5422 9964
2700 8110 7246
5992 19623 8429
4149 16904 2552
2586 9313 9996
3062 11073 6614
9622 18775 1621
8575 16287 108
8616 18743 9830
6243 8442 9330
7270 7646 6208
15515 16276 4682
2653 18951 261
1465 4778 2981
2944 17432 2947
2808 10136 1146
11927 12144 1675
853 9788 502
738 11105 9438
2993 14246 7654
7880 11768 8622
486 19755 9009
11305 13352 1789
3631 12927 8249
6818 18368 7821
17035 17875 6724
17643 18673 1095
10362 12456 6882
1892 12441 8468
304 9061 4009
3032 3208 1172
3997 8794 8555
2299 19881 7139
661 1712 6810
7381 14728 5028
5465 12460 1542
1047 5229 3135
2767 3335 4178
5677 7828 5168
4328 8777 2799
1574 1690 2339
366 5376 5623
3537 10808 5794
8210 11969 559
15122 18165 5788
374 870 8570
8714 18576 1386
16927 17323 8776
6756 12917 5266
4620 12793 7187
5820 19602 3454
9016 10740 6454
10119 17023 3011
4648 5103 2428
149 537 6977
7897 17401 6665
10038 10072 9195
970 8281 2903
2339 13976 1310
2005 8103 4280
1225 12912 8727
118 377 3326
56 2298 3697
11587 19552 1824
8884 18843 3168
4281 10072 5688
58 4618 2258
14638 15646 1323
7392 10742 7220
15320 19018 735
9528 12457 7579
11830 16881 5044
758 5164 1021
1513 1989 4795
4803 15781 2700
3537 4129 5937
17196 19054 3349
11762 16292 3928
8115 14683 3080
4433 11658 2084
3818 7621 4156
6816 12972 3050
2404 3262 1932
14653 18363 2902
8123 9855 2138
6579 6653 4809
910 15449 1201
14726 15928 864
7806 11124 5982
721 9263 7963
3296 14644 8075
7991 9376 5167
163 12308 8129
4207 7239 5992
1724 11976 4903
17427 18015 2964
574 11023 2271
7087 12235 7108
10606 17335 1894
8073 9157 9633
19 772 9739
1913 2896 6153
8007 18564 7022
5201 12733 5323
7171 7414 7423
3452 4093 7291
12610 16748 5488
9269 18076 1338
1402 4338 2627
8072 9070 7353
13341 16768 7642
1525 18993 9857
4118 5048 5979
1449 6486 7828
1560 6972 113
7677 10015 2251
1245 11455 1957
2884 7306 8129
5589 10256 2105
3472 7580 8015
6526 11528 2688
14162 16488 166
3601 5081 192
1437 10351 4214
36 1596 9745
364 3336 7392
503 9853 5561
8908 12211 3843
16946 19722 5832
7452 10056 1555
2733 4109 4872
8782 8949 1260
12036 15870 3695
7386 8847 4703
109 1174 6669
49 11823 9457
473 1526 9216
881 17566 2685
1490 17431 2714
491 14361 8596
1886 11042 6593
2009 2356 2891
786 6869 6355
6080 19811 616
1770 17116 5083
2724 12007 1485
6018 11471 858
14081 19748 1422
5681 11568 1556
4262 11451 4376
8552 9047 6427
8669 14482 6339
4900 6184 7063
5117 19620 2480
3504 7206 1151
6910 12257 720
7806 18939 2400
2445 6339 5673
4888 14991 5914
748 899 8723
6227 19287 917
5864 8598 4288
4773 13539 4855
2580 19901 5761
5281 15476 9666
11615 14330 9309
15596 18432 185
11636 16332 2815
1079 1576 7058
4093 17152 1446
8694 10350 8918
4634 4891 7661
3313 3847 7480
5120 6131 8290
6889 19365 8563
4646 18408 2618
3298 14122 307
1025 4982 2230
12961 16368 1300
812 9848 4547
3841 8057 8250
9015 17137 1393
2017 5400 6096
2225 4152 2951
13240 15890 6562
3770 7122 3415
182 2018 5444
2510 2934 3437
6427 13446 5057
11487 12285 3371
569 1427 1861
6785 17543 6086
14970 16885 978
11679 15419 7352
2221 3404 8199
7559 11656 1166
1318 6062 8659
7951 9015 514
11948 15463 4233
15200 18699 4450
13481 18210 9838
1917 9673 6863
10562 18807 4542
183 596 5023
659 970 2244
10515 14770 5534
7358 8668 3144
2679 11681 1676
5715 15753 3222
3814 14692 8665
8239 10643 2479
452 16700 8453
9504 10668 4577
11629 19967 2010
7553 10884 3397
1415 10059 2583
4469 10267 4986
17098 19028 6148
1285 4758 2606
1741 16001 7820
14353 17343 7856
6789 18384 985
544 2655 2159
7723 19066 3789
14219 14696 5346
3300 8340 4937
4136 8552 9725
3888 14278 8952
6127 18310 8252
3297 17021 8000
1466 3051 7193
14188 14289 611
6424 16269 5383
6830 8906 7247
7011 12429 1031
1956 6197 2167
8910 12410 5833
2682 7005 7560
838 6528 9966
47 16506 8070
3995 5447 2339
2220 17429 3829
9206 9937 8842
5255 6039 2794
5718 7037 4542
6859 10936 9512
70 2704 4825
2608 13408 8696
1113 4183 1865
4190 4645 6778
7517 14403 3422
3716 4324 1756
4767 16818 7467
9861 17419 8115
2326 12929 9449
1120 2400 4890
8227 9318 1921
9085 15487 2591
7041 10156 8567
11954 18747 8965
30 7449 8809
8604 17799 4446
1205 16101 5490
4375 15396 5611
8088 15357 686
9045 19851 8372
12349 17424 1997
14440 15385 2112
3866 16549 9676
5944 8069 7566
1145 1474 3454
7021 11134 9359
1422 15568 8242
13613 14535 7901
2436 18025 480
4594 15726 296
8105 11118 4813
2482 6553 5598
2144 5363 9580
3659 7875 5904
11538 15653 7909
2536 19388 9178
1141 4334 2484
701 3072 6100
6916 7479 8945
2829 6381 10
14504 16753 3505
14488 16878 3316
5308 19990 6368
14217 17032 3560
14333 17437 2367
3415 12008 7665
698 1330 7347
475 1533 6768
8663 9822 902
17077 18073 4764
18241 19088 6166
604 1480 51
5071 11460 5023
10452 13200 3666
1181 18725 1467
896 6650 3376
1354 2336 4756
9374 9871 5092
1302 16879 7896
6023 14776 8887
11902 16492 9786
8709 10076 3053
10923 18398 7252
11139 18431 7321
295 3483 4669
2140 4854 9314
9698 19363 5999
4833 5557 1738
2023 8600 2141
756 19536 8076
351 9932 3327
6403 8147 260
16175 16633 4146
16511 17839 9995
1006 10547 5662
6015 16209 7305
2648 15211 1708
5156 10851 8857
5213 11342 5890
2962 17946 3656
3432 7229 8121
18688 19847 5158
2267 14296 3284
3521 8231 7129
15667 18824 3999
3058 5761 1423
11969 14106 4709
2512 15096 5935
496 4684 8272
5379 7035 5183
18536 19573 2237
12557 19350 8498
10833 12490 8290
891 12225 2668
2019 2299 9457
9334 13740 635
16755 18656 8178
17116 18121 4067
1435 10549 4709
1582 6379 4217
6780 13220 5826
1067 2197 1038
105 4650 9156
6305 10390 3019
2817 7411 4361
7686 15464 3382
14973 18707 5896
11851 14512 5525
1391 2435 1886
2862 8588 170
5392 9665 4467
234 7978 5729
1918 15865 5716
3097 4249 3448
2913 7253 9382
2466 13703 1548
2247 11292 3352
4528 18799 8459
5653 7695 5345
906 9716 5137
986 14751 6976
6766 13957 5961
5937 11029 1673
1256 14025 7078
720 4135 3289
14143 16219 2435
6272 7800 4024
3136 13750 6317
8439 19105 7309
7457 19318 5687
357 11439 5185
2393 13103 6732
1074 1982 8165
4233 15462 9674
6397 6817 6941
1743 6106 553
2388 10809 8214
11307 15409 9115
11976 16874 585
1224 8535 2888
4238 15503 1761
4821 8485 5755
8907 17589 6997
1937 11932 3542
5978 10222 2154
4507 8063 8349
18721 18946 3414
8108 13544 575
17 8592 6806
27 16671 1332
9710 11292 5848
11980 16470 4888
10925 18232 5366
270 19416 7183
13114 16524 7281
1071 1438 4085
1022 8876 6554
2220 18421 4312
9316 9898 3796
5746 12358 7111
3052 16317 7140
1883 2907 5897
9993 10597 8868
5870 10278 3634
2601 3632 2478
8749 11394 2453
4881 8830 1085
1557 15036 4901
1089 10540 5626
6474 16430 4442
1828 5844 152
1039 16428 6588
319 1753 79
66 183 4950
6841 13467 6887
5464 17750 450
2101 11552 804
10860 14828 8449
14884 15566 1499
3882 18979 6261
1253 2190 3350
5474 14129 6480
3368 16524 4542
6169 10870 6197
10453 13727 3395
923 4532 4666
5391 14438 6419
12846 12873 3829
76 992 629
9963 15243 2457
9360 13337 4751
4210 8838 3838
1690 6742 8058
5329 5880 9758
999 5185 4985
4612 12897 2353
3231 16190 8082
13943 14912 9979
4857 15347 1290
15030 19480 9504
3409 8917 7526
1097 5534 4786
13325 18907 4696
8591 11535 9429
7421 10708 7814
2478 15402 1633
12129 15246 5464
3682 5568 5491
2536 18239 3893
403 6159 8402
3732 14759 1792
7036 9028 4977
7012 7552 6705
51 14110 1662
7111 7869 8013
5088 16812 8912
3115 14958 4642
10550 11860 4746
8448 10010 6823
15060 16710 3867
5049 6464 1089
5277 7723 9609
12162 17341 4923
8788 9098 9478
15987 16184 4919
2534 14924 478
3912 11737 1671
4983 9668 4157
3101 4236 378
11643 12204 2998
10437 13534 9585
443 8980 2824
8854 14572 4292
3211 19841 6989
8823 16675 3016
1227 13486 9218
1363 7554 5389
2005 7415 2674
6509 16198 7088
10545 18482 2934
2425 12760 1578
3020 17786 6358
468 17934 5825
1378 8379 7995
1757 6621 4465
174 502 9254
3844 13128 8406
3852 8270 8433
2366 6432 9573
2513 11971 3592
9585 17060 2938
9174 16169 6077
9382 15918 1728
5885 8283 6186
2344 6285 4578
4918 5412 3368
10581 11415 9629
944 3676 8925
14703 19828 9441
11699 16853 7238
643 2972 6011
15302 15551 3085
6920 19863 7792
1436 6832 2937
5832 19189 4938
97 161 1151
8632 19024 1135
3154 13365 8778
10509 14550 8533
5100 14286 7158
5440 17288 772
4764 5136 7587
2230 6727 988
13612 15990 5879
5006 8196 7319
17053 17380 6556
9243 9344 6668
11762 19353 5423
9429 18821 4697
5826 11609 9971
1275 10190 5987
5476 13979 5195
12240 14754 5740
3924 5769 8308
644 2415 8126
2884 16307 7067
11698 16514 4124
3775 12084 4172
641 6726 7754
112 640 7122
11250 19800 6515
12106 19798 5778
1500 2129 9078
3317 10794 8109
2050 18123 9538
863 2538 8801
3465 4756 1481
13924 17007 8743
7230 17744 3666
8803 17610 7103
4241 12828 1239
3403 8026 8679
1086 6724 3749
3577 15459 5744
1564 16662 3674
12663 16535 8882
4464 14789 6313
10819 13881 3310
7991 11307 9168
2729 7201 3215
4862 14800 5118
2408 14252 5818
16381 17961 2943
2953 17435 790
16872 17849 3412
3405 18257 5902
1009 1968 7752
3634 9791 9685
4339 13250 8536
8834 12364 4398
1242 18207 5314
6734 8003 9703
10475 11784 6242
3171 6980 1856
4518 14917 8653
935 2227 1201
11961 18108 8973
12273 14502 5213
7091 13109 6562
12542 14228 1708
8392 11162 4631
8249 14879 6744
2898 15159 6274
508 1733 8530
16156 17865 2937
8199 13641 675
2050 2907 1428
6888 12988 4007
4057 8778 8760
5267 11787 1530
2502 15848 5266
7951 9635 6838
3450 4682 2274
1070 1143 2512
11141 11283 371
11004 13780 8238
6435 6831 9499
2979 5626 8623
2586 7819 7559
2220 14020 9616
1680 2009 8567
1807 2951 5985
5455 10103 5371
228 719 4241
2040 7680 8786
560 9689 4697
18110 19349 1735
993 15006 3697
2276 18688 1682
769 4586 8403
14087 19006 3
9513 19580 6004
11164 14992 7265
685 15204 990
12011 18357 7680
11866 15869 4279
5655 10339 2243
445 4698 4929
821 2938 5028
4656 5356 704
7722 12140 6607
684 7726 3334
9851 17463 8454
10808 13161 3007
7465 19621 4153
7243 8983 7321
7387 17741 9148
4139 5120 654
4104 14178 2716
800 977 5323
1620 12939 1306
3232 19479 6242
6957 19397 1307
7337 18531 4027
9417 9676 7875
3066 9780 6233
13088 15730 3136
15091 17876 447
7570 9512 6899
11310 16947 7068
9705 17596 4151
5573 15626 8953
8699 16102 5771
531 7665 7299
35 10184 9601
12496 17342 7001
10504 17712 1670
7730 17710 4509
8780 15799 7154
8709 16050 8637
5404 18771 8714
1739 4487 8460
19628 19970 1481
11865 16733 739
3301 5525 2139
8915 10321 6467
2065 10044 5808
139 229 4731
939 10860 6685
14945 18078 9362
109 468 6943
5786 7056 762
6883 15111 5717
8811 17437 5319
15211 15389 7584
8601 16988 1240
7172 7304 6173
159 4893 6830
8927 9389 9737
3749 3976 4571
137 13811 4942
14794 18094 4448
11694 19920 3190
1966 12875 6442
423 3682 3931
2832 3898 4170
1062 4096 3301
2574 4538 6739
2597 3643 3051
8632 19502 5056
9938 9986 4105
54 14677 5574
4845 15315 6089
3514 10922 302
2879 6698 6702
7362 19755 5479
3546 6885 762
13373 16280 281
9144 18186 8362
122 6012 466
6605 19638 8713
6990 14602 6382
11875 19919 2626
12038 13076 2453
3257 7822 884
3846 13897 2095
6624 8428 829
4179 9916 6319
12178 12354 6677
1351 1560 5567
18763 19769 3905
2519 5233 8902
1353 2523 3481
3863 6158 7337
635 9029 1163
14472 19527 1797
3517 8330 1889
952 13934 9554
2011 15621 5446
5298 16818 2457
4757 13958 8964
42 939 3657
2400 14925 148
314 17975 4164
6410 14565 4959
8178 11298 2034
9706 12828 4242
1150 9503 7927
2559 3608 3325
800 16937 7134
4759 8293 7251
7914 13459 2544
869 5565 3117
7865 16002 2628
4 14357 198
3881 10845 7942
4062 9732 6358
8022 10227 3182
2894 5101 1871
640 19596 7310
3914 15154 4588
10256 11050 55
7920 19423 7021
290 2802 2833
2193 3910 2152
145 10571 1281
2830 7742 5407
1874 6170 2505
8555 10940 2421
8805 11438 5787
2209 19084 3634
17092 17949 9255
12936 17212 3360
8051 14779 4298
9214 10851 5740
17721 19367 5415
3079 15285 872
13817 17368 6324
343 3312 1449
10420 14485 7682
2821 9040 1613
349 15108 2298
1424 11915 4415
12486 12523 9697
1874 16347 2832
4109 18703 7137
1761 10470 3159
3649 17555 376
15875 17248 1911
7065 10140 6643
902 12155 3717
5897 7455 2927
12399 19804 8301
8267 14513 8091
1545 1786 4701
14618 18870 847
1205 12811 6732
6131 6576 6537
2845 3157 7944
14663 16631 6990
4822 8676 4516
1927 16654 9886
8612 11688 7464
7223 12656 6656
19022 19887 5909
5945 18881 3758
86 360 7117
6272 7372 7256
10085 14402 3854
3098 7914 2006
3868 14901 1917
2160 2378 7870
1256 7083 2673
707 2508 9118
5835 14542 233
6144 7703 7703
5506 8365 7462
8642 16067 7103
11161 13282 6417
2531 5919 3220
6196 9788 1215
2626 3021 5774
5522 7592 6795
80 373 6945
7187 12612 283
59 477 2339
520 1017 2418
431 5064 6525
3878 18997 9122
7292 14430 356
3399 5243 9082
6075 15202 7542
1105 6358 1034
715 2838 2426
4600 17524 8765
7411 11179 5761
3296 7435 4402
1661 7298 5566
3263 12641 5591
1485 2475 8987
1749 11695 3134
157 17166 1226
11027 14146 30
3420 14527 3187
8713 10689 6807
6740 10178 6159
130 7607 7694
4076 6636 9396
17672 18180 5170
3542 7384 7361
1199 4683 1971
5655 9353 3717
3364 7842 5430
6916 7330 3254
7425 11980 2503
4112 11160 244
4173 7261 7614
1636 16893 5767
13104 13576 3152
12299 15065 898
14205 16292 3442
11511 11653 4861
4231 6908 863
4131 11841 5172
4678 6134 3223
33 6911 3395
825 13725 4644
14191 19382 7536
2708 3721 7312
1512 7370 238
2800 13178 3019
270 1468 7297
3895 13470 3072
5459 7132 7594
89 93 2531
427 13925 4314
13072 18909 1827
702 2610 2274
8384 14905 3500
14813 16529 894
2644 5917 9020
847 8597 2045
4031 4991 3976
5340 9758 785
11937 16994 7507
4317 9816 3995
550 3150 8913
11017 15207 5642
8223 17074 2124
903 4788 3668
1579 3600 4851
1397 2609 9975
3545 10625 384
1123 3193 5490
7380 7629 6952
16314 18219 6670
3039 10513 2271
3514 7558 2837
561 7089 8036
226 2037 3074
11690 19922 3324
5427 19703 353
4701 9297 6693
2719 3078 304
638 17452 7213
1393 4863 1554
867 1483 8938
75 86 3403
15081 18953 6854
4353 4773 8772
1824 6377 1025
309 8411 6255
1269 1361 7600
1106 8586 4466
7735 11222 7181
1849 12109 4450
8119 11686 6746
14618 18467 1135
252 7115 6901
5565 15150 1571
3221 18012 9936
17538 18157 1414
83 6137 3457
1905 3799 2667
361 5832 175
2909 8122 8590
5495 18619 3312
1313 4231 3104
1512 3786 5522
11588 17964 2708
13665 15903 5672
1072 1642 756
11125 17979 3867
2751 7891 7168
3716 4803 8645
3174 4000 1866
9612 19577 2801
2883 7404 727
1969 13348 5429
4421 16938 8675
10087 19884 2670
453 1235 2553
10604 17576 3457
6683 7858 7667
11837 14919 8837
1211 13166 1845
7869 10442 5962
8420 10330 7766
15698 19352 3594
10406 14738 4094
5286 16792 5960
180 344 1692
8870 15265 8017
10439 16084 4027
4139 9195 7482
1539 7046 3414
1275 10572 1679
440 8669 2461
579 12327 6296
4278 10181 6941
3508 6880 1288
376 9935 9126
290 4619 6469
2077 18539 3866
1588 12847 8024
11096 11333 3161
7333 14977 6509
12267 13274 9606
15521 19214 5916
6108 12586 3537
9662 9841 3440
2448 4026 9673
3606 8631 2707
2256 11042 3428
13577 14623 9773
2469 18786 2513
696 967 1537
8165 19981 875
11195 16095 6335
15140 18081 3645
6683 14434 9534
4746 7138 9338
2991 5537 2724
66 857 6859
2313 3433 3435
11422 18744 8396
14237 18320 3297
112 383 959
174 1155 7269
7731 9788 2438
4574 8950 5392
7885 18787 8679
9659 11628 5389
9580 17771 3912
1266 14160 4237
583 2823 8740
5485 6075 9389
16403 16862 3583
5035 5538 5771
1033 6745 3466
1718 6785 6690
8372 10593 2641
7628 17683 7442
2797 3204 1554
5873 13198 9265
1657 3300 1128
8466 11661 1980
14919 15866 7738
369 759 5832
7494 18852 9216
11415 16717 6415
4192 12853 9179
2437 13085 8585
4781 16389 2759
402 19287 6311
12129 16692 7879
2722 5160 1197
2422 3091 7659
7394 12569 1090
6398 10194 7159
18062 19956 8004
2615 9525 5489
5586 16518 2345
9514 9677 9194
3225 3848 7386
557 1014 9905
420 443 340
3595 3718 3668
5789 9815 7599
15453 19839 454
6827 10297 8200
1138 14260 9995
4525 11049 5609
7512 9331 9825
5793 7815 3741
2740 5956 2268
13279 19854 5095
8995 11468 2817
11784 12376 4561
7024 11464 7678
1513 1958 4946
7787 10283 6034
783 5960 181
12734 18058 9374
4569 6779 9905
147 1023 1816
3324 7129 7671
1989 3999 4314
4112 17518 5408
4099 5249 6439
1375 19140 326
14294 18459 1416
12849 13777 6588
12025 17543 5424
9515 14051 8840
6403 9087 2053
2535 15636 3335
9255 16314 2003
7526 18540 9709
2364 4348 9407
8869 19794 8584
11194 18947 7790
2171 5572 8362
7200 8643 378
3573 4062 3698
12756 19772 446
652 6034 5599
5163 8391 9732
8631 11845 5795
9033 17420 9568
354 15125 231
9393 19102 89
901 2512 436
8429 18139 7150
8120 15738 7201
4076 5543 7359
7096 8254 3412
6911 10598 1784
228 12589 256
3967 5541 4468
4003 13997 5705
2508 16834 2062
409 5107 7610
8065 10328 6340
857 7515 4470
2176 17254 7763
69 6070 3966
10200 15263 1432
12971 18897 5843
9295 18759 7227
15820 16706 1616
8239 15997 2594
2914 9608 9433
5227 8427 1690
3610 7219 8965
8067 11559 264
9153 9575 5274
11228 17679 2366
5876 9154 3405
8209 17908 4214
575 8007 1862
1740 3869 9169
1568 1846 7724
10117 10241 2231
5469 12872 5520
1307 2689 3158
1199 2131 1185
13504 17750 6591
16875 17487 9603
12047 14646 3346
2955 10739 7075
2201 18574 6921
10674 17976 4155
6294 14756 2462
6480 15776 8276
13728 16887 8662
5287 13728 4288
10701 17809 7879
13171 15432 5962
939 11438 5296
7240 7663 663
2500 8207 4781
1896 9177 1234
8072 13062 5235
16681 18395 7975
4737 11322 5463
8670 13243 7694
293 908 3223
2207 10394 4262
6365 10990 8437
10068 17614 4411
9642 16003 4957
2994 4458 5376
7190 18000 9732
899 8685 7070
12828 19450 5926
4365 8100 342
1501 12428 8294
1110 18514 8548
4593 13644 8269
2813 10509 5394
2581 7936 5030
3926 11601 3286
6828 13628 3067
6077 16355 2202
4934 6996 5886
3957 19728 3458
7212 16958 3110
5791 12812 3399
358 5297 2886
4300 14201 1564
955 5282 8979
8288 19186 5100
10622 15585 1089
8895 17719 2813
1576 8191 5226
2274 6396 8337
157 10022 834
7235 10291 8220
290 7678 3931
14396 14766 9116
6371 19476 8534
1352 3588 4036
5396 9288 2807
3624 16749 9589
8248 18655 7182
13422 16541 7491
13520 13671 6152
14 11725 2165
6993 11982 2539
5247 6481 4927
15983 18110 1669
12382 18225 5213
12104 13376 7423
7550 12540 9223
2922 8379 3058
656 9919 4804
6988 11833 6441
3300 11623 5364
3746 5287 7318
3495 17108 8927
8629 9299 6292
1954 2205 7233
8703 14916 8034
14727 18397 8772
2651 16303 8212
7349 14232 7827
83 312 1631
10457 11229 4732
216 1310 1170
11849 19331 2546
6389 10907 6416
9224 10841 7614
213 17511 2564
15981 19007 670
6414 7862 9586
7863 17194 8152
588 11007 6675
1091 10861 2151
7752 12377 5784
478 7125 4628
11302 11773 2433
8132 14971 3246
8842 15460 5486
15530 15986 2575
1730 4148 7278
3369 17365 3715
2119 18307 6356
10980 17623 826
2083 6399 7597
9180 11692 8492
5326 17780 7677
13503 19184 4248
7890 10399 3142
2784 3007 4617
3720 18131 2246
8768 16889 8440
976 2327 8712
4205 13663 6691
6353 9807 2419
817 14078 6749
3383 18153 635
963 9392 7746
14008 19738 3579
5351 18828 2829
1044 1112 125
13522 16305 1239
9677 18835 1719
4475 7029 2469
898 9726 7164
462 2783 4457
1983 19414 3216
5546 13238 357
2121 3750 6834
10219 19560 1196
11453 12302 4802
1967 14511 6631
13647 16447 7973
7249 8974 3587
3957 8575 3013
8045 17607 6895
1003 10408 3895
4371 19708 1529
4679 7206 8716
13002 18712 7013
13241 14081 2539
1083 3254 4427
9598 12595 5016
3312 10628 2436
3769 6451 893
9163 11275 8002
17404 17921 8622
2451 18971 5922
777 1352 5017
9467 14295 7560
4330 18213 9571
3643 13833 5396
354 381 4803
1511 7523 9803
7691 9522 4894
4417 17271 4685
12738 17950 687
2022 2380 6146
8943 16858 5631
2552 5821 1568
14110 16090 199
4977 8746 4026
6367 17792 2265
897 17910 2721
12877 19881 7095
796 1727 1835
708 2023 3502
37 455 7406
4623 7700 2907
208 231 7205
2213 18223 6632
8745 14122 6859
12063 19910 2183
6269 8416 3175
2738 8479 452
5759 17053 2524
3509 4866 7220
6276 18418 1340
2729 7544 6355
671 5374 2648
7 9950 2683
15 38 6943
4837 4844 1760
5443 8698 1041
6263 10029 9274
3661 11891 3656
14049 16517 7152
348 15429 6963
4465 10749 4168
1770 13705 1319
11398 18138 1304
13170 16586 2927
11484 14464 2815
8845 8847 9062
3350 3469 6117
3345 17677 1355
8024 15304 990
11535 16924 5111
6226 16770 4257
11955 14606 8042
14068 15471 1119
3797 6692 4871
6099 12870 5830
2594 16211 2375
8468 15009 4412
17142 17268 1844
8494 16153 700
8584 9741 7591
518 6685 7207
1765 2097 9538
2401 19451 2455
5083 12155 602
1400 1574 959
12629 16795 4324
9997 10148 6356
2363 8249 3239
11239 16010 2426
170 16983 2361
619 9000 9979
12728 16132 1077
5092 7660 3652
441 14760 5768
11109 11512 613
374 1411 5435
1732 6156 2319
8248 14279 8660
1581 5419 7920
2407 14846 8024
250 7454 9027
3322 6595 4029
9973 16937 7173
2524 2868 4515
2148 4400 4403
2277 4304 5617
5321 13199 5714
664 7858 5772
493 18735 1775
11076 15161 555
809 4335 3373
13627 14509 6617
1746 17107 3029
2087 18267 8422
11380 17722 9641
12748 18549 8880
2783 19395 4781
1417 12445 8093
5391 11413 8258
1561 3441 7861
2180 4153 5436
6586 17778 9541
10275 13715 873
5063 19783 5928
11550 13057 5938
16817 19130 887
1449 9870 99
13106 15053 6798
1244 5670 633
15239 16164 9800
5934 8857 1014
7314 8457 8284
7380 8731 2007
296 2110 9126
690 3029 1019
15913 17195 368
4099 12217 1856
67 202 6838
1436 12097 5752
10116 14320 8968
7081 17465 7160
4240 11123 1942
9121 13596 2543
2645 12293 1687
10587 15726 4525
4502 13124 4533
4586 4669 8204
46 210 10000
11219 15624 5636
8203 11274 5871
1053 15161 8564
4189 5786 4723
14700 18863 3279
4281 17002 6341
2454 12732 7931
9436 18845 2243
2593 17526 2487
10742 12552 7766
2202 5993 8559
6136 15317 1526
9673 12135 8533
11407 17505 8998
9573 10445 160
7640 19811 2172
3582 7342 5436
8677 17131 2429
4087 4145 1849
9947 15939 9333
2573 9596 6910
40 4269 2659
5404 11458 3659
4088 18335 9704
4105 13777 3303
17199 19966 2628
756 8052 1129
3485 3863 7947
1679 3044 3635
3823 5121 3499
9665 14532 789
2781 17343 8378
142 159 9478
3801 16129 518
8558 18640 6717
12457 16259 9867
3891 5627 19
7108 7397 88
5429 17203 4255
9106 10174 8536
1527 3308 1518
12285 16651 2425
3466 19783 1728
2427 5675 6338
2781 3465 4007
6916 17661 5076
470 2457 6323
598 5406 5571
8314 11397 7617
7064 14704 3711
1720 18489 8249
10592 14049 7105
933 3163 2274
3924 11125 6119
15800 17879 4030
7040 17085 7775
4312 5410 899
13399 15209 3149
2851 18319 4202
903 4601 8908
6207 12079 7396
12235 13956 9428
6072 8096 2679
11845 11873 8760
11423 17990 1805
10188 14385 1046
3332 13826 168
15773 17603 3424
2819 4252 4818
4679 9575 4730
1363 13771 2958
8238 16634 7148
469 745 2503
12870 14954 4942
1337 18670 587
5944 6854 4451
3439 17127 4541
3190 15354 9417
139 2287 6675
14572 14958 5850
4078 14664 3127
3256 11598 8846
8519 12637 988
9563 18778 2835
915 3281 7452
5943 10726 1749
5646 9075 1924
3081 5328 937
2292 4870 9621
13544 14189 4426
9653 9803 9939
4978 10848 9976
5757 18879 4565
10139 14362 2005
4979 8740 9347
816 15084 8969
1518 1674 6252
282 12073 1790
1357 15521 318
59 2308 4112
2165 13364 8284
11716 19668 8758
4278 5026 4353
2049 6211 9002
19 1204 7435
9813 19749 9534
5800 16529 2789
1322 7298 9050
7336 15835 8116
15720 19415 7759
13244 14370 831
2246 5712 4071
416 8095 7123
15279 17281 2365
16223 16274 1687
6044 17379 291
5078 15735 5609
12555 19390 2340
11009 12083 4262
3138 17441 2856
16435 17254 815
5929 13626 5270
16457 16497 4800
15083 18929 2694
13109 15270 3795
14887 18711 9822
5695 14048 2991
628 6381 2868
2783 7860 4945
3407 4151 6588
1341 1776 5941
4203 8717 89
9518 15133 4608
17892 17893 535
3287 3833 7807
5512 7266 9241
11309 14697 4586
6016 9251 7580
12071 14485 8644
10871 13437 1590
6071 6080 7142
9060 18603 3450
331 1601 974
898 14809 4094
3625 17957 8450
3240 4911 6544
74 253 5695
3578 6180 4352
5440 15649 1639
183 851 6840
9412 11377 476
12949 13654 3728
1456 9297 5865
12210 14186 4770
4958 15369 4794
755 18653 2681
10465 19627 2464
12306 12752 9446
10 3913 3156
5416 14391 6863
5297 7755 5869
6439 19916 2464
2133 7002 1229
370 11303 3056
6295 9775 7419
1197 1251 7077
4188 14896 9920
979 2454 9799
495 4555 6736
2738 7951 6390
483 3303 5012
5262 10908 4992
7986 14362 7783
1228 3293 6469
7758 18072 7716
2523 6732 9395
3099 5278 5897
8020 16453 3117
2386 15404 7011
2873 5799 1628
2863 10546 6283
4793 8916 2052
4686 19957 9124
3938 11776 651
2029 12305 7696
4067 17202 7740
6569 15755 9813
6335 10300 2020
4811 6120 6336
9360 10188 7791
2253 16168 4036
8555 16404 9617
2711 12210 2717
2506 3439 5802
7138 8182 3436
1466 15858 7923
17287 19872 7656
12511 14487 3350
2410 7578 2438
5796 7999 23
7816 11510 2901
1372 1746 1635
632 13024 1391
7452 9235 9325
5318 18177 1058
13411 16296 4659
7900 15129 4819
1789 2099 7981
5015 17026 467
13525 16033 3712
2789 7849 4603
5774 6985 6646
1598 14629 7637
9827 13345 8137
8714 13214 7875
772 3668 2856
1725 7734 3178
7555 15749 8997
1148 17767 3666
7193 12037 1291
1234 1697 3349
3373 5939 6510
15017 18832 8832
2495 7358 6398
12543 14134 5373
3300 17931 5812
7862 12064 9077
4552 9577 3413
2574 17457 1491
5770 18264 9036
2857 6758 9290
4023 7430 5986
3519 13052 4558
3180 4078 2289
608 7784 7502
5976 8254 481
999 3972 242
2317 9513 3929
7938 11898 5136
678 2168 5610
5900 9161 5175
13098 17151 9747
1763 12363 6686
7679 15909 1003
4278 9052 9201
521 19534 6327
4210 5714 7908
5296 10943 6870
17223 18511 7969
1901 9396 2522
865 16229 1570
3143 15840 5399
4439 6269 3116
1054 4363 9211
7976 17357 7671
2348 16756 7478
271 2175 6925
8402 15868 6415
13657 14110 4472
3 56 3102
13094 18222 9130
3256 7417 4973
6622 18112 6594
3761 4038 6724
4359 12635 5915
10624 15187 6032
7623 11220 1059
13765 17483 284
9137 10404 1850
1048 17665 8247
3226 17926 6350
9842 18429 1424
2027 16399 4255
10068 16376 1359
12141 15589 4775
10008 12316 8277
8009 12516 1114
3432 4719 8881
442 476 9356
754 14051 673
6031 15035 7825
223 1217 3064
2870 7910 2112
4126 4785 136
8985 15406 5103
359 1045 3523
10757 14494 2598
3456 14972 5972
3545 9557 5532
2224 5323 2128
827 7446 1197
2682 17351 5816
4965 9945 6356
8295 18923 1121
5837 18878 7168
17237 17856 4106
584 8474 352
9772 11964 719
3181 5845 996
13806 18749 4486
1368 4371 1607
447 2324 5717
793 18028 3094
2186 5958 9097
3426 7053 1067
7888 13401 6011
4629 19249 694
5869 19714 970
6743 15157 3743
6965 7578 2247
1402 7127 6508
2526 13288 8094
366 17604 8058
1664 7403 543
6896 13041 5375
1104 19315 5854
1249 7025 5464
2424 12691 2269
6369 13076 5325
4613 14223 619
3177 7698 7448
12455 16782 7612
4647 13922 5834
1463 12989 6413
9105 12094 6302
7724 8888 3897
9315 19613 3682
14505 15341 3876
2899 10485 5295
3922 9104 2711
1489 14530 1919
7861 10627 5407
3718 4962 7528
8680 19801 4976
2404 14607 397
6978 13654 5899
6867 16349 5414
11532 12807 7191
6932 14077 6807
1731 2789 1611
25 263 61
9370 15168 8366
1547 9020 83
2442 10613 252
3178 7272 7169
1881 11345 5480
8284 10520 7377
1793 4805 6916
1072 1543 9754
9430 10378 6631
6231 16067 5324
14836 19086 4357
230 13962 7668
7236 16301 571
2962 7638 586
7508 10229 4080
168 1482 994
1252 15696 6600
7671 15500 8642
4580 8698 9642
13938 17389 6841
9933 16045 5238
6804 13790 5341
15885 16802 3231
4578 5415 1737
50 2389 1224
7494 8609 9495
9542 14792 4494
12582 15564 4616
980 3128 4293
3749 6113 728
16635 18745 8378
30 291 680
200 727 4060
348 806 2652
9280 19342 1030
6678 8842 7094
2149 6213 8786
2407 11507 8697
15858 19849 4897
14498 18411 6586
2961 8790 6466
3233 6396 5333
2194 13776 5750
6721 10806 1575
6028 8581 1609
18115 19688 2377
7032 10680 1125
14098 16207 6717
7327 15521 5414
5657 12872 1094
10341 17072 1972
3917 17661 4162
4572 9336 3533
12025 14028 9466
7009 8325 8108
2542 15283 683
61 1899 2164
7102 12243 6381
7414 18306 389
2260 2320 1539
3062 19680 4881
17871 19298 1383
846 14325 6410
12079 12903 8564
8281 15233 8082
677 10356 1136
400 897 2454
233 12462 2512
10907 19756 9127
12360 16887 2785
1814 19280 7242
13324 13686 8230
8486 17800 550
7093 17018 5333
1108 9798 4699
4810 11190 7634
11378 14695 8536
10563 18306 5251
7967 10928 1292
17540 19285 1259
17190 19028 1790
1749 17357 111
3821 3871 8500
4439 5490 9841
11677 19607 8781
642 12592 9212
6956 17861 8038
10134 14797 207
3484 4167 6086
16873 17069 2177
2318 13295 4926
6357 17319 1046
9935 18956 1970
10959 17552 7462
14571 15425 974
2673 12308 2438
11604 14246 4449
5287 14470 4239
8317 12395 1403
2866 18205 108
1828 13209 616
13058 16041 7914
823 2013 9058
7756 17034 3812
4917 11335 8927
8328 18389 9562
6807 8517 3280
7441 11077 882
4306 17356 1666
3117 17335 7598
2068 9854 4461
439 7673 3958
12511 15173 5669
8948 18791 6776
12076 12564 974
388 3478 1404
9807 12750 6080
13541 18882 2060
16063 19024 125
13462 14249 6488
11908 16433 8452
9319 12618 7797
4889 13073 8299
4292 6391 7809
3222 8484 3598
5976 18056 96
7597 12307 4114
12930 18187 2756
1888 19714 8785
13273 19470 4359
11135 17979 4419
281 4218 2363
55 290 6052
3148 4734 2508
7008 8526 3591
6873 16088 4510
3840 4882 9766
1476 4579 4092
12105 14286 768
249 2688 8305
11339 16173 210
1582 13400 9171
12111 16319 2642
6333 18766 3052
1247 4073 7392
8310 18377 550
4816 7143 216
1565 7391 6121
1702 4175 4670
12956 13672 4346
17669 18968 6187
1242 13476 7579
8171 12019 1229
7704 12973 315
4400 4621 9117
9632 19064 3694
9041 9823 6553
10415 18242 7819
9046 18656 9070
15350 19820 8383
4486 11912 7179
4537 19956 6715
4274 4890 3791
5576 9628 2307
5202 16474 3876
8140 10214 2257
17662 17674 8473
11663 16602 3234
10779 13865 7165
22 11048 7986
2666 7474 8124
574 9079 3083
7762 10198 7375
17442 17467 962
2819 3141 1909
3581 8438 2518
367 9304 8814
503 1832 777
3829 4829 2556
12935 16450 9791
15029 15092 2244
12860 18252 4332
6090 7496 243
285 751 1598
4658 10230 9521
523 15696 2650
8722 18660 502
1209 1625 922
9469 16463 7338
1506 18062 8191
8804 18568 2321
2920 14953 7973
2052 19337 2684
147 6671 2482
7835 16948 5438
1282 17263 266
5879 11714 6842
11785 17141 1552
9461 19418 4329
1783 17209 8912
2663 10866 1562
14605 16849 6356
2304 11590 5250
4436 4788 7514
1496 5794 821
6476 18598 2210
12538 17818 4791
5403 12302 7966
11001 14709 4185
5953 8452 909
152 19389 9548
86 7649 3182
342 19416 2929
96 223 813
1311 17882 3283
4729 19946 7453
5581 17502 3826
5713 17080 3345
3994 6896 2929
3704 4206 40
9296 11169 4680
22 3258 9967
3763 16026 2620
7773 10930 4547
3558 12579 8166
14822 18855 2039
8408 9087 5880
14346 14977 1463
11861 17451 2127
1161 4444 1388
4271 10138 4697
10969 19656 4711
2776 19333 1764
7447 15343 5269
4809 4914 8397
8182 14347 5368
11750 17495 7424
10629 14074 3042
5721 8146 7528
2863 5729 9998
5700 7158 2586
2836 8972 5016
4569 15781 1694
3509 15803 5437
89 1153 9056
3040 3518 8095
12419 19852 7017
7183 8958 8535
1476 6044 4195
5580 18551 2326
6192 11475 9417
12906 14270 7328
15374 16865 299
2095 15460 38
1596 15095 7213
12473 15081 4878
15332 19697 473
8951 12354 702
10025 17564 8210
630 1455 9534
997 2624 3112
7943 19309 1735
828 11678 2146
1493 7493 2251
7109 10689 9007
806 11038 4487
6607 9704 3383
1288 8710 3766
6562 19253 4861
4436 9140 4665
6352 9536 7058
8319 8697 4409
116 163 7092
4909 7182 9452
7910 11916 4855
10421 18240 1502
1473 16156 7956
505 1925 6488
12546 15313 5194
171 7876 3689
413 19671 1711
3227 9951 4074
150 4575 255
2415 18431 2354
263 487 1620
9632 10268 4191
1409 2784 4494
7179 11077 7168
6433 17269 6036
6956 18289 8303
4785 10517 1419
4344 9849 7113
3669 8027 2577
2652 18981 7690
8973 11430 7726
9616 18030 6408
3218 16644 1400
2241 19753 9748
619 13310 433
647 1407 1797
12861 15479 7399
3813 12643 2137
10352 14885 372
7643 13557 820
719 6923 5037
5684 19850 8860
1983 3289 8363
6250 16877 8076
4544 7001 59
3480 17158 2153
2035 4766 4116
3300 3587 7294
1700 5304 6085
1583 6425 5628
428 1619 3606
1123 13272 7074
124 10537 2983
14760 17457 5138
3164 11619 7376
2397 13311 3311
4729 8037 9564
13550 14535 1226
8885 11252 8190
3016 12758 2599
4337 13808 9673
2550 8918 8196
3813 14882 9890
2097 18400 9107
116 5532 1276
3336 3912 3211
6873 15042 2457
3536 5448 2967
5938 10361 9319
10511 15180 8645
6224 15334 5133
2079 3325 474
3303 19269 923
1781 9261 2080
2225 16970 6530
5173 15416 4805
3686 8223 7232
7279 19834 6909
7779 9942 900
2390 14358 7469
12802 13524 4015
471 16897 730
11199 16330 706
6287 7050 9323
441 13497 692
48 5077 1960
3561 16078 4509
14299 18130 2232
14541 17035 8462
959 5720 8551
5301 6494 6495
7225 7674 8098
12494 17710 2253
277 294 2183
6419 17279 82
1042 7297 654
17761 17882 9869
13849 19368 7513
688 6750 5883
6313 16582 3085
10101 14559 8857
3317 3890 4875
705 14433 9168
722 14784 5613
9492 12469 2751
4873 9254 636
3832 4859 4086
17292 19182 6688
9810 18503 7676
20 17137 7233
5685 17789 9857
15657 16658 3424
3296 15540 9344
7919 9092 2002
339 14908 1211
2711 12289 2340
3465 7563 568
9584 12863 6600
14429 14570 3170
17506 19632 6213
1401 10169 3249
1541 13427 3241
3105 17009 7918
12401 16459 3029
3900 13726 7569
15326 18952 8027
10800 13501 9012
3463 4044 9530
8458 12846 6395
14417 18524 9587
5490 9135 1037
2046 3714 180
8182 9730 5869
16371 18337 6129
6772 8535 2211
2302 6072 3755
7502 16567 9939
15423 15773 5367
1161 1258 1564
6933 17552 8001
3844 5634 1248
9465 11678 9353
3257 9421 4678
11388 13820 8301
12174 18690 9208
11155 18160 9777
3486 7663 3778
18270 19824 7753
913 15935 581
1154 6846 6149
14046 16001 7717
6765 9044 5095
3822 15151 4579
193 308 1113
11220 16139 9963
21 192 3295
2887 3363 24
9746 15993 6093
13916 13995 756
1379 5177 2449
7708 8617 1111
277 11672 7951
469 3237 8885
2982 4245 7430
1681 3172 6346
2172 4488 4000
10950 12767 9183
4190 18360 27
10621 12966 2356
1123 1862 8132
6595 13604 6024
2777 6141 5127
2098 8865 4765
3548 14039 8243
2841 9847 5030
14421 19987 8233
7489 16281 5818
3536 12751 417
1007 7248 4128
3306 9389 2756
16359 18821 7237
6792 18565 5197
970 6252 9748
1602 2420 1249
10918 11967 8232
382 14896 4079
1341 9385 2056
12554 14534 5379
3805 4515 1434
14232 14713 476
377 15715 2428
2312 14939 5984
16149 17923 9900
8931 15426 1552
12645 13130 8210
3777 16658 4595
3258 14378 8129
16087 16962 3599
6399 13882 4285
13615 17320 650
2008 6096 7993
4249 13718 9766
2320 7661 9409
9146 19771 5543
4858 13837 6630
17488 18265 6552
1533 7419 524
442 2617 8646
2989 11699 7128
12664 18511 1439
7883 16059 6967
5825 13304 3177
3629 17353 9953
233 12261 3838
432 4602 2916
12859 13118 3412
10720 19928 4985
8892 9062 6703
576 4928 5997
12337 17653 1197
14798 15058 8956
5032 5279 4480
3076 3245 2577
933 1118 3754
2105 6124 5366
405 1828 7777
6395 6938 457
4253 7058 1987
0 9 7133
13368 14265 6610
10198 16507 3724
10856 17187 3051
4115 10523 8986
1717 11515 7362
9934 11586 3781
5399 13688 8973
8038 12499 2745
3708 7397 4674
4459 8333 3387
2326 4043 250
2064 6342 3700
6965 17846 7806
13733 18276 8399
7492 18071 8996
4976 14564 2887
837 913 6283
4900 6333 4810
1348 2843 7999
7083 14359 6446
9973 15565 5033
2348 6364 2533
7275 18355 4847
9364 17097 7447
4237 13330 7078
12393 14176 9311
1976 16430 5630
103 346 7449
10634 15111 773
5881 11145 9717
10573 18533 6339
392 647 9203
3147 10683 3087
4489 13388 9999
5830 8674 6530
3352 18892 2276
6985 10146 1968
3477 14862 2386
12813 16533 3152
5022 15328 8099
1693 5825 3465
7238 7975 8049
6586 11662 3896
4310 16865 9055
14449 19029 6289
459 11585 803
4290 13899 4706
7802 12275 8237
1442 2036 8954
3123 4686 301
10714 14362 4795
6075 6554 2250
3734 15573 4604
3167 5371 1797
14724 15935 4852
8436 10009 8256
9812 13379 6727
2912 18259 9577
3339 6762 4085
208 408 8911
9310 19428 6897
2935 16808 8078
1994 3783 8510
16154 16183 3775
4921 6546 3021
3506 15029 6379
11930 17019 8697
807 1188 9233
14930 18357 3018
7543 11010 2137
1925 2902 3185
14411 18072 9146
8602 15831 5375
7407 11890 6646
1018 8205 3778
1486 14122 8581
11839 17132 545
323 1094 3342
1830 2920 4716
5274 19679 9176
6256 10977 9477
8055 12339 839
4559 8029 1601
2651 5615 4799
1310 18569 4034
2361 3594 5666
4736 11403 2930
12989 19666 1366
778 1931 9118
6268 19364 225
2186 2609 8687
16196 16779 4959
4681 5717 1369
496 13698 7009
11010 19390 2215
8931 19154 4643
11513 16427 9519
11916 19260 3269
3462 19830 453
873 3074 687
13321 17409 5206
5478 8970 973
2740 17904 4914
11270 15201 5284
12036 18439 4765
7421 14583 8124
10292 19348 1398
4523 5127 9053
12866 17744 6058
15408 17261 2195
7037 18902 8844
8561 8587 6816
11058 14892 7880
17685 18150 7105
6859 18575 955
12534 16129 5441
6760 7647 7805
4878 8051 4485
3302 11482 6133
5851 6304 2170
3833 17419 7401
11931 14052 8607
2364 11571 1425
3326 7710 36
3544 15316 324
1772 4680 1890
1452 2947 8663
4200 6503 7564
3155 5567 9514
1332 4837 6295
948 16366 2693
18945 19469 7522
640 15282 4851
4346 14590 2440
5134 10278 1147
1768 11697 7968
6542 8068 4879
1483 5679 3548
188 15845 3540
9970 16309 7239
10111 16222 1885
1496 11360 3783
6162 13186 1552
4307 6914 3402
9342 13713 319
2521 17525 7468
688 1144 6649
10404 18039 8287
1243 14102 8684
2029 4785 7069
1708 1845 6112
9209 13508 9573
3508 14979 5011
1992 6757 9578
6873 10650 5766
5334 7463 5969
153 2491 3572
6508 17717 5323
7623 15611 9898
3135 3753 4921
8916 19902 4083
11628 17551 6302
3051 3282 6985
486 534 605
13970 19819 749
4507 7335 8914
453 4918 3588
4245 6097 3649
174 219 8413
269 1764 2791
4817 10183 5130
3539 4828 7684
5033 9059 5717
3757 8215 4982
1948 12881 2214
3930 7332 7584
620 13312 5027
8844 10492 8969
446 5462 724
11031 14684 1357
3418 17473 9190
8412 8437 4771
7386 11303 2795
6142 8208 438
7014 10496 1011
5345 6993 3494
5050 12522 7093
7168 11773 8636
4180 6036 6751
3868 6889 1965
6320 19729 3193
5518 11138 9864
4038 10064 7405
82 1703 7016
17388 19014 3164
3410 15849 910
4217 4574 4149
491 2157 7345
2143 6088 1558
1126 15119 6691
1960 10146 6964
13592 15524 2664
8033 17272 4482
5382 18575 1843
16879 18964 950
4625 6198 802
137 12783 4840
8308 11897 6448
829 6428 8537
2395 17196 255
7536 12186 7304
1064 3611 5707
477 2807 319
6246 9959 1631
5195 9138 1621
7098 17674 9722
3293 4692 5531
1591 2383 3238
4206 5358 8743
103 1859 1898
66 654 3409
3154 6676 1941
1517 2065 9025
213 3100 6291
2346 11908 6668
1271 10439 1026
274 1276 7625
7199 8608 1055
5320 6973 5166
9683 16157 1840
7160 17643 260
789 4642 8360
4615 6806 7663
13116 18674 5759
3455 10981 2138
11356 17589 3446
17145 18543 8210
8384 10373 5204
10273 19574 2952
455 629 9884
3919 9863 1740
2532 4792 9226
525 10066 1938
2059 7942 6741
15699 17961 6464
17771 19892 2164
1399 1459 9510
14188 14454 7220
9127 18028 9799
2397 16594 4340
1401 1814 1458
8958 19972 4961
11554 13131 3178
6746 9982 9244
7157 16927 2358
10050 17475 7220
3232 4123 1356
10805 17737 3637
4259 5762 7692
7676 8120 525
582 768 4473
2954 10366 706
2730 19219 1168
457 778 1663
1202 10352 2924
8211 9384 3919
15988 19763 5230
4030 19136 6350
6554 9287 7722
13652 17021 54
3 24 8800
10173 16637 4945
3245 6139 9637
4890 8748 4862
2741 18150 1083
7752 19793 6931
1572 2870 6267
11923 13163 7355
2208 10821 5232
9806 15580 3647
6700 6932 7280
1129 1256 4176
115 7894 7457
5916 16751 5770
8949 12892 5099
5459 12148 4650
11752 19456 9083
1637 16220 1584
3126 8970 2370
1771 7913 207
417 6740 2483
4529 7203 9651
7960 12719 4673
2453 9253 7482
1660 4234 1375
7289 9214 8822
3413 11791 6606
1553 14594 4553
9722 10820 1849
7632 12205 948
8393 17027 8830
12192 16326 3631
5521 6374 2214
9295 19527 9748
4760 17121 1412
4347 7929 3175
11262 13176 7838
2249 7499 7250
4128 5098 6947
2251 5403 7899
3284 14586 8429
1609 11602 2791
5663 7182 752
12752 16820 9379
9522 13636 791
9 993 9490
7533 13320 862
8475 9080 4806
248 14949 5388
3996 14424 7167
4550 18200 6718
2857 19470 2565
12243 17986 5538
2093 18239 2729
5693 8466 7741
4006 14072 6760
1379 2805 8327
977 4497 1181
2008 3777 3917
952 4897 6388
12541 14873 1666
11108 11826 4307
3016 13357 1265
4625 10145 9922
6502 12316 3488
86 8116 2572
0 3481 8369
4267 9078 9019
5120 19410 215
15475 19215 5308
1706 16179 8838
368 878 6357
14168 19311 3930
17790 18918 7766
896 4612 6386
8608 16724 8065
629 15120 6795
2551 8570 2001
10365 17394 9987
4853 15272 4605
8413 16361 9040
8819 14513 6088
52 78 7817
29 7028 3335
4367 19608 5420
1617 3747 1389
3657 4291 288
3341 10964 2650
5797 12502 5190
1874 11353 7724
885 12994 2673
16957 19944 8758
10434 15102 8366
11570 11589 1910
5700 12123 6766
8118 11505 7128
354 801 965
12733 19675 8576
17562 19707 9548
730 11493 5243
3293 5863 6614
9351 10560 8044
1863 2169 6282
408 3240 7869
9216 17538 1594
277 14387 52
18990 19423 5556
677 3156 6084
6021 10860 8073
9292 11779 9619
7513 18369 9705
7080 8321 8950
1290 8725 1036
3315 18064 2264
380 5667 2935
2085 11581 1730
9496 11821 5337
68 436 5015
6237 16164 6046
429 2695 655
3492 4020 4992
1178 5723 9540
1691 14636 8883
4003 13770 2959
12590 14445 9750
6800 12256 7356
429 1404 3450
737 7868 777
9513 18512 1507
2106 6921 2474
1560 5101 4023
903 9514 9082
3887 19396 9342
579 2424 5264
5512 10548 5504
3397 17229 5568
1436 2837 6089
8133 16758 7165
9427 12076 113
265 1870 1868
14150 15450 1552
12889 17301 812
15813 16684 2083
7422 13832 2480
982 1473 3741
1741 15495 6497
9250 18397 4739
1859 3183 7013
3589 11423 318
14194 16659 4075
8614 14061 5366
2175 5587 5394
3620 6892 4432
13199 13814 243
1893 14164 5769
10432 11575 9488
12027 15721 7617
5151 5707 2074
10263 13480 4040
6943 8063 8533
1559 1918 4104
1037 5454 9999
239 940 4670
8815 15009 4222
5422 14105 935
11311 12220 3609
1253 16274 1820
6446 6668 645
1907 12165 1723
4299 11673 596
7191 14303 517
2995 5438 1367
11826 15100 8696
16727 19433 1798
7357 19576 2635
209 1259 3196
520 11329 9462
6508 18405 5249
9281 14680 6158
1326 2339 6446
1851 14383 7935
13851 16210 6719
10937 16456 1838
9192 16116 1738
17143 18952 4392
7460 18763 8086
2065 3305 9156
10345 14413 9078
9459 16545 2837
9945 13998 7225
2554 10862 5226
578 683 9532
2668 5485 7900
10989 12047 5180
10873 17881 2717
7972 18325 5236
12602 12996 5561
4877 18773 8036
1871 10226 2254
16245 19939 7549
990 10285 7909
9150 15039 6517
7749 18557 6149
12778 16150 4847
3867 4365 9014
10050 11859 355
737 14793 4588
2995 11762 5515
2888 15911 7696
5307 18387 9567
5545 8111 819
533 2998 8419
3197 6598 5761
12883 13522 7969
12733 16233 9472
481 828 8553
5672 14304 8814
11459 16548 2578
6490 9055 3706
2112 11625 7300
5281 11453 4677
748 3036 1623
9430 9464 8006
3599 12722 3723
3587 19411 509
844 6478 4472
3163 9082 8563
15798 16576 1898
1393 8214 2553
9296 19078 5090
7244 12631 6891
3108 7359 5783
1858 11600 9292
1029 5860 6571
12919 17524 6011
60 2112 4832
2800 18049 9662
12474 14949 8093
2234 12366 1859
7341 19522 2800
2528 2994 9645
3082 4290 8039
7115 13773 723
1301 6640 9588
7498 12987 3336
93 12236 4741
2807 7135 9319
15228 19661 5445
8170 16657 7325
3208 7654 1132
12351 13008 9150
9741 10156 4351
8383 11845 5000
10011 14576 669
806 17510 8240
12249 14844 8281
1265 14997 5094
86 12356 5746
672 1817 8213
5314 16081 4918
1054 10773 4601
79 9860 8878
3029 11917 9787
8738 13299 7005
9633 13072 6898
926 17482 4812
8193 15991 8864
3609 7856 971
5224 12362 4722
4325 11063 9334
990 3293 4034
760 1192 7451
13949 19204 6066
7222 9240 3758
15225 15255 6443
4326 5518 9614
1077 11811 4512
854 14998 7738
13443 19922 2092
4166 6140 5719
10280 17752 8299
2780 3573 7984
10114 15877 6836
3170 16349 3827
7186 9877 8351
1975 19302 683
4539 4627 5909
9773 10956 2795
12501 13390 2568
1828 17711 3150
5923 11497 5667
2 19377 3854
8873 17628 9650
9458 9487 1895
12968 16221 8167
249 1137 6510
3988 6685 9781
10503 14091 3138
18073 18097 7416
6509 7090 5457
3514 7758 5837
4277 8791 1874
1573 4953 1772
465 5016 7346
6931 17239 7076
3386 4363 2198
9894 13310 3910
2109 5187 4730
1054 13878 2086
8590 19473 538
9024 9678 9481
987 11423 7698
5933 8533 5110
16002 16600 1186
6410 17423 9780
1213 4438 8816
3248 17064 8165
3167 12279 5429
3887 12789 7468
9824 15932 4558
6715 18954 8205
3460 11982 4466
1188 7752 7589
7230 8327 1901
4906 7956 5461
6612 7024 1683
8422 9589 7787
2536 14575 5258
7307 9894 6423
10406 16715 2886
15333 17977 3943
11294 16061 3431
8292 17433 2205
3406 11726 8863
31 2340 9393
1741 8679 402
966 15017 6673
8647 12869 1456
4343 6204 4594
8559 13188 4769
2717 9692 8591
1043 4611 4393
3529 5527 2991
7394 9676 5489
1915 18479 3926
5694 18413 4222
2091 2479 1082
10341 14925 6739
2539 8921 569
6033 13899 7536
32 204 3380
1531 15676 1247
5534 6723 3915
5206 14890 2585
642 5151 1736
12731 15480 1528
1861 1937 915
5771 17942 2715
10546 12379 2405
6343 13813 5707
4439 12281 8741
3071 17641 1617
15890 18287 7864
3489 8304 7561
10557 15779 7840
5023 14598 4962
2558 4791 5714
6737 12583 7858
45 430 9122
16878 19814 9488
1465 14091 1898
12474 18952 2180
9172 18528 4793
17163 17878 1996
635 10712 7732
8719 10407 6471
317 335 6991
13661 15141 2739
3135 6599 8550
3226 10771 6620
11217 15953 2805
3695 14301 5338
14895 16968 9297
599 1437 878
3471 17125 805
10300 16044 2945
16901 19383 6835
1764 9163 5089
4094 10527 7790
3964 7428 8271
1470 10719 1663
2063 4474 995
1150 15551 3886
1988 11148 3536
8450 17089 4906
2041 4673 4780
1665 12042 7737
4878 9527 7351
617 7747 3883
13744 15416 6281
800 3480 4921
2282 18658 1963
583 2531 2803
917 14403 7291
3139 5970 9867
6690 12051 8135
8932 9319 6817
5453 7597 4050
15365 16791 34
9542 11834 8543
8497 13607 9073
8156 9744 7357
6689 9744 4405
1774 3946 9007
742 6165 463
5092 12508 7076
4980 8720 5111
1640 10934 6726
12715 17024 1434
2623 8595 2060
7088 12247 5279
1432 9919 5812
4279 8440 3791
1256 15301 3594
8508 11642 4333
1746 15061 8362
392 8093 6233
2680 2751 4065
19491 19938 1797
6309 12885 98
5714 11281 96
9124 16625 2331
7368 17888 8668
3859 6625 4882
10820 10904 8720
3 4299 6469
5617 13570 9710
658 14355 1133
2632 12210 8893
2317 10921 7508
1551 19925 45
12529 13711 7021
10224 15827 4150
3348 10234 2243
9166 14384 3959
10072 10164 5196
12494 12855 1060
3352 8229 2128
701 1454 3
282 934 7276
8373 15686 1996
3414 14305 6428
284 1387 1590
3040 8504 1372
3874 11242 7466
14199 17243 8697
3570 18766 7139
10162 10375 5702
7761 8350 6243
1363 18009 7145
2206 10979 4986
14330 18854 9346
5620 10644 4665
15472 17127 6931
11768 18801 9066
5387 6766 8862
1653 17239 6635
4804 12195 5572
2928 12249 1815
5739 9905 2317
8484 17859 9684
5955 11706 1229
4848 14460 4662
9061 13760 4762
5630 6906 8156
13030 17725 1957
10399 12792 7251
8335 15602 6768
2679 8386 1553
8574 17273 963
11174 13830 2370
14930 18241 8541
1103 14365 5722
212 2553 9464
834 15161 6910
838 10112 5279
346 475 9175
1536 11786 4705
4623 5043 7265
6136 11758 2658
949 4935 8865
10446 10963 4780
14752 15459 3420
5991 6238 4531
9434 10141 9478
4879 11258 607
588 1195 6300
1374 2017 4871
4295 14135 935
10871 16228 558
8505 17602 6518
6177 17737 3222
393 6484 7865
6251 14493 1544
8509 14846 263
15376 16904 4145
9439 12874 2295
885 17924 6648
1555 3726 8779
2315 7434 3537
227 688 3859
4238 7958 3362
7525 9054 4193
2696 4752 6012
1128 4616 6883
4763 19313 3076
5110 5316 2440
4367 13833 4448
3898 9140 8050
8837 12166 483
7030 7177 111
4137 6942 2751
144 10374 4315
154 259 9637
4947 15018 2380
4866 17717 3110
17979 18242 5965
8812 9934 4125
2867 11031 2369
9986 12147 1625
2073 16677 2644
1575 4560 4099
4466 19886 9354
7263 17966 6452
1055 4872 4984
14750 19185 1319
2665 2850 748
902 7854 871
6656 15176 3643
13143 16476 9880
5859 9280 2640
11595 14082 6147
5812 13284 8733
12049 13049 1415
358 11043 8794
5001 18492 6585
3377 8898 2554
3372 15691 9501
1788 10289 5738
211 18968 2380
13930 19884 8832
42 14066 2533
5032 6173 8608
10139 14930 4578
6452 15808 1861
2728 19588 3392
9830 14624 1830
2556 9980 7576
2278 10253 2150
5500 8753 6063
12749 19694 9879
2772 11126 1250
9837 15512 264
7331 13561 9235
6501 12949 4600
7895 17842 7641
877 15968 8532
7719 8019 6798
4929 10686 3347
465 4975 6529
2370 4123 6891
499 7319 573
5739 16735 8185
9417 9973 216
8706 10477 7265
9646 15223 7065
271 14651 6495
3573 9920 3422
777 10909 7100
9148 17892 7602
5694 12164 2542
6341 9398 6704
17922 18082 293
3022 5439 4361
7311 16098 3722
3632 7374 309
660 3170 8967
2919 3856 4789
5304 8110 5115
1128 11953 2695
2733 2815 4613
3394 5206 2852
6095 9986 7000
7147 15293 1470
490 4465 4186
8632 14610 2251
7661 9640 2238
1122 1547 690
1630 2263 2784
2529 13742 6903
9119 13846 5457
8970 17965 5132
154 1807 6457
11373 12382 5176
5634 6062 9032
2241 18672 5098
15064 18671 9490
11210 15599 3521
6006 7570 3218
4298 14911 3269
998 2871 8442
5751 5942 9254
2881 5238 819
14733 19803 3949
12067 19311 891
4269 19818 5639
523 6542 2260
17121 18574 8972
6792 15196 9344
9966 12052 9173
4727 6382 5857
4384 16290 3994
1917 12682 322
4111 5017 6056
8849 15366 1210
106 6090 3708
16602 18745 796
9295 18231 7239
2660 17503 3774
2300 14655 3909
7377 19678 536
6094 7128 287
5416 16310 8491
5604 11284 1039
11280 19536 3446
2501 6394 2665
2055 15837 4822
3991 12551 8840
8825 10671 5111
936 5842 8847
7604 11219 9221
15775 17967 383
9218 16355 4870
15184 18839 262
11390 16531 8690
4117 16193 8899
1139 12351 11
9154 11930 8892
2254 13712 6008
663 1211 27
944 1766 6095
2597 3590 8382
4672 14388 387
2110 2503 8711
11220 14752 1527
9616 16339 3074
3871 7972 239
720 1029 2191
10247 19516 9832
2082 11141 7794
6218 11021 5374
3056 18820 8943
2535 13922 9472
1469 5392 6384
2290 2880 6126
1187 9151 9418
12533 17515 3812
3052 19351 8304
2157 2908 4682
1980 2537 9221
9224 19786 4892
11395 19640 7041
3232 18768 1649
2615 15031 5992
11249 19469 5831
2247 5971 2346
7807 16942 8176
3414 14066 6
4593 14487 4971
4508 6220 816
10570 16509 8984
9174 17562 7651
2177 6187 9490
12333 18000 5439
12129 13544 50
3150 8709 8432
6620 13525 9268
3966 16427 1333
13728 13742 9357
6446 10133 4338
12875 14804 7364
2446 7903 5858
10033 18053 2890
1353 1369 2671
7340 8738 5791
11035 17098 1427
8971 12661 2267
588 639 880
11580 15324 8570
2631 3967 8172
2390 8238 8731
17148 17430 5782
6196 8294 7986
2021 10213 9260
3767 8309 9610
4091 5888 8882
5033 15064 3256
5203 16161 5569
2712 6026 4990
3166 8606 1611
1991 8410 7187
2123 18471 8511
2978 9709 1279
4701 6783 2499
3599 6548 9356
756 2592 1337
1654 15672 3186
1817 16573 3949
10519 13585 9490
2903 17404 1226
16241 17000 5192
14200 15274 8916
9667 12656 2329
455 2007 3571
6575 14228 7108
15138 18985 7533
1812 9366 5790
12232 12292 4000
1290 4439 4651
3009 4500 4120
2305 5268 7949
7616 11928 5366
6558 9446 4247
3535 8233 1810
515 9209 5927
14605 17532 1568
13701 15194 2957
11629 16074 7698
8149 13352 7082
9113 14476 8771
2714 7447 4283
12106 19392 2775
4789 4797 7468
1384 6550 1932
10111 14719 1773
5335 10464 1609
2506 5147 2448
8756 18480 1672
6882 8542 7521
6631 8008 5272
1678 17657 116
823 1910 1538
14111 15724 7000
15383 16236 5544
6927 7680 9373
4082 7227 6807
494 3645 5201
8772 15196 6943
4950 9995 8117
11191 12233 7451
3903 13523 2423
6509 11592 47
2615 2849 135
11858 15685 624
5234 16143 6326
14216 15213 2958
322 10987 407
2627 12003 9114
7957 19544 9653
5431 12359 3870
2411 13040 1347
4907 11911 8088
967 3068 8628
3233 3718 7305
7425 18555 7912
2303 3652 9068
8774 15299 9301
2674 2756 2982
9289 14352 8791
4479 9809 1203
4243 10864 4631
6332 8881 141
918 12271 4327
11055 11325 6055
9750 16440 5535
1872 19285 2437
4924 15310 9625
46 120 2247
5835 9621 9974
453 19096 5210
6601 6825 3974
16401 18288 8132
5388 5427 9829
2061 9857 2775
2852 3401 4605
16159 16471 680
12281 14835 6913
5154 7088 1445
430 19825 6631
6780 12624 8268
14444 14962 9719
114 154 9307
2323 18353 5505
221 3811 4575
4267 6592 497
1162 14346 4833
7749 8189 6867
10490 11355 8332
635 6936 4766
15567 19985 5538
2272 2663 9133
38 5354 148
3317 8130 4758
11150 19393 8982
7007 7332 5097
2681 5446 8216
44 612 7813
6233 16815 2138
9660 17643 4768
3468 7619 3753
2816 3562 4013
285 3529 4387
7039 12923 8679
1546 15410 9908
146 13106 5931
12278 17255 8214
708 13703 5916
5883 18140 3853
4976 11475 5836
10675 14201 3646
1446 4813 4456
313 12602 729
4264 9026 7400
8519 8867 5696
6198 12396 3904
8402 8506 5234
1780 13946 2378
9380 13130 7559
3840 6067 5385
3047 6231 3024
612 721 8820
12892 16294 3204
2251 4743 3136
14888 18922 9633
9807 19732 8138
14721 18010 7645
3342 18422 6894
883 2192 8510
16185 19141 9888
2131 3008 571
16028 16262 7977
8037 10493 586
5605 12519 5354
16288 19094 9074
11571 14518 3975
17472 18782 3084
16030 16245 4014
6893 8991 1762
6923 15132 4407
4939 19497 6955
698 17998 6456
10201 15919 4927
15961 17773 7981
8176 19451 988
2555 18860 3271
8531 12753 6296
393 13039 2112
9913 17272 5987
3059 9300 5806
2026 10761 5150
17155 18052 1508
9666 16051 9996
6892 6912 5096
1274 14003 6455
12600 18248 5054
11695 14700 1696
7528 13757 7614
438 690 6648
319 5402 3581
6372 13315 5069
5809 17092 6443
8537 8602 242
2060 11564 8340
6593 6623 675
196 18036 8009
8527 12121 3446
9154 19800 428
299 404 6797
46 6905 1031
5574 14078 6627
5695 16844 1086
3884 10657 4911
4438 16384 7639
11728 11866 3898
1103 3293 6740
958 9651 7286
15705 16467 800
4818 11445 4816
8111 18232 3335
4056 14646 4804
9914 10330 6011
4824 17587 6691
2062 5853 2060
11638 14958 6916
6310 18489 602
5390 18527 8687
8603 17165 1875
1657 19461 6136
7190 17337 2242
243 1909 2532
1024 9643 7810
4440 6036 2572
995 11371 7851
478 2183 8561
510 3814 7957
664 11575 5173
1047 12876 2527
1369 5950 6694
1240 19579 1634
4582 8606 5510
421 4232 4584
5659 9192 1977
4450 8219 3076
6287 11147 1810
1260 18627 9436
1412 1464 5203
14566 18970 9061
819 996 8230
5923 15171 7554
6421 7032 6951
3132 14206 6915
14069 17795 8951
99 13722 2907
5928 18295 6562
3706 5895 365
3520 5868 6120
567 5331 4606
4721 16891 3924
927 1740 4589
11918 19151 9528
1695 4795 446
11011 11225 4465
4809 16720 9492
666 923 2685
1543 7196 648
14 10212 7103
3230 16677 9732
3781 6116 6519
9301 14089 828
3369 12337 7581
6720 15784 3533
5972 11252 7517
2377 11502 4394
216 17769 5445
9719 10289 435
16497 17140 3885
8953 17068 620
2329 12067 6087
4239 11387 2885
12965 18305 8844
1387 4812 2308
4291 12495 151
268 11664 6310
4915 14784 2299
1341 12888 6867
2516 15799 4706
7289 17016 4459
10538 16564 4565
11789 17896 3092
1430 3907 7344
160 13916 5258
5728 6257 5784
11496 16828 2932
4446 5090 9406
654 1020 9134
2884 14512 5159
9611 16915 9911
363 13100 5980
3215 8886 9867
7038 9615 8732
12776 17017 5781
4440 4882 4328
8313 19565 3124
9152 11223 8313
3715 11152 3184
570 2630 1039
4049 12203 107
17228 17567 1109
4497 7088 3757
2042 7232 5613
5808 11733 4075
700 10686 9697
4780 15986 6133
8985 15715 3196
1447 2995 3406
9842 14460 2457
223 10255 1484
15380 19507 1214
14179 19131 5201
1142 7545 987
10492 13026 1473
14327 17223 9461
1256 4980 506
8521 16420 9035
3883 5798 1361
4587 18087 4536
16508 17269 5571
11233 17062 5483
9845 17110 5246
14521 15052 9719
974 15166 8989
12086 18773 4207
2976 15101 2659
14232 18766 4742
3117 16824 4610
13387 16516 6027
1158 3799 2488
1779 5948 8912
267 1694 6692
2269 2353 5384
3647 6608 1959
13302 14638 8529
5476 7920 3607
337 456 6198
546 3836 992
1389 4412 9601
13378 13777 2284
4842 16583 1571
3928 10462 8006
615 15564 1254
4693 18294 7081
1809 15376 6128
2543 4379 4820
305 13430 4134
13024 13399 6072
4338 12198 489
6450 12159 433
4105 6987 3358
11124 19674 9428
11616 18827 9861
8620 8630 7897
1469 16391 2106
2919 5253 130
13521 18395 4744
1081 5913 4451
1869 9535 2264
8218 12588 9802
12348 14079 670
12700 13891 3027
7139 9247 1837
239 545 4123
16426 16708 5758
1226 9108 7503
14844 16356 2163
2285 11245 1794
2891 3459 8617
8308 11013 6392
10092 18337 2132
13727 16167 5841
2986 17590 3586
6859 16418 7243
14034 14104 7596
2405 4567 2861
6831 17669 6411
1339 1698 1924
8185 17616 5919
1144 11456 6296
10058 16342 4262
520 3186 4973
1602 2656 8041
10722 15577 3047
3876 6638 6502
3887 12020 3855
4896 5343 2939
2067 10413 4911
10570 16825 2484
2556 2588 8534
489 13872 9561
546 2831 9663
5596 7070 8121
403 983 1910
8595 11182 40
10008 13670 1909
718 4982 8418
12692 14610 243
9396 19997 532
9108 16912 9123
665 12533 5159
122 2726 6851
15075 15157 9155
356 5352 751
11585 16837 8037
7847 9181 9537
7384 10710 7683
14892 16393 2042
12579 15117 5350
11929 17635 8716
8067 14473 1637
3291 17864 5421
16437 18026 6182
10977 12437 4718
1089 18894 1804
1688 12550 8079
6554 16767 6865
18224 19250 8748
2156 2569 1751
1489 17061 3940
11322 15764 9402
15948 19065 9471
9994 11409 5037
7641 13069 1693
1311 12770 3660
2999 3247 9565
12549 17378 3478
11922 14707 626
3335 11934 5016
2206 6206 9147
2899 10951 5305
1134 1792 1827
10076 19711 1289
8715 12125 9150
142 581 3895
4525 14589 3633
11679 16687 3031
15910 18643 7896
5146 16011 8480
11147 19089 3379
8416 9132 8608
5578 13598 4369
3143 9175 1018
9707 15602 5614
10384 16919 5232
16641 18000 8865
558 1767 7777
1604 4996 2711
8785 13856 4776
2563 4330 5616
9817 12310 2157
8476 17971 13
6456 14740 183
5016 9281 9456
4838 6686 5546
17384 18907 2847
772 956 3507
11954 16965 80
5567 15595 2286
5758 9849 8252
3566 4716 1269
556 7711 7796
6184 18197 8090
14599 15999 6500
6716 17298 3960
19517 19700 1484
6036 8843 5989
2648 8958 4807
8601 10595 8921
659 11316 4307
1578 4242 7456
7991 11952 7091
865 12143 2926
1673 8862 5845
6035 7430 9897
9358 11760 2887
3846 5693 3006
5814 6515 3845
3442 5806 6339
6125 19460 9525
7607 16081 4487
15250 16796 9335
6588 14182 658
9248 10554 3218
3090 13644 5043
9306 9584 641
787 3399 8356
3561 10447 7990
3185 6622 4748
7585 18610 6889
14077 17949 4813
3244 5049 3173
249 17238 5583
5299 5508 1949
11145 13332 7427
1334 6797 8664
10942 10964 6335
1457 2820 2344
1372 7931 8479
1338 7622 7128
4069 17697 8098
6538 18897 4970
12242 18716 1583
4209 8745 5935
7849 10334 3763
186 2043 2988
2090 13898 8087
90 3335 5070
10420 14808 615
11574 16020 1074
611 12848 7095
7846 9433 6509
15987 18485 8668
74 17926 953
3428 19591 4613
4094 5817 3813
12805 19612 9037
5946 9198 6959
18548 19046 408
7557 15581 9213
11562 17096 1959
4823 10115 5426
2530 10746 4919
1858 17954 5120
3008 7410 7283
13333 14034 6784
2728 12843 2359
8292 8883 6464
4844 19940 8620
13750 14921 6044
4337 11366 707
7682 16302 5140
9755 18403 9049
8072 8409 7941
17699 18322 8461
932 1506 4661
92 7858 3143
8587 12058 8017
2241 4715 4805
3833 13507 8322
4038 9827 4024
2460 11994 4552
3276 14147 2205
5918 19952 2273
1863 10091 4513
5334 19226 9839
11236 13286 7363
6376 15707 3117
4211 6936 4822
1115 2645 686
393 14348 3125
9854 13655 1975
373 793 8040
2359 18286 2957
16011 18977 4912
5016 18066 6227
10600 14326 2758
4908 8396 266
15705 16870 9983
18683 19970 7650
7956 11124 2509
12588 15797 2049
1653 8601 2816
8186 8828 5021
833 2859 6485
1338 7228 5669
13238 14713 9131
3675 18773 380
4292 5244 685
6988 11860 5184
2322 17693 7036
2834 5069 4527
1727 6989 7034
9311 11813 9069
17807 18644 2067
13207 13599 9711
6961 8179 8353
13813 19870 334
6525 19907 871
5162 19243 9470
1362 16484 6254
9335 9606 27
6884 14753 1353
4329 10384 4014
11905 16249 3101
5930 15016 4113
2060 18038 8992
4171 17556 6516
12146 18638 6398
11437 12789 7797
3863 14011 8868
3024 4597 8036
2813 13011 7012
3969 5161 2010
6978 10615 2922
11107 16788 8589
9850 12743 8070
4041 17092 371
4344 16922 5158
6516 15807 4045
5616 11940 3175
690 5284 1409
11420 15021 2958
4300 5934 1904
13 17 8692
13336 13857 7254
6497 7045 9389
14092 15363 5238
9330 15434 9383
3735 10311 4587
10502 12136 6458
1730 9588 1250
2069 4475 7494
8803 14640 1593
5006 8628 3225
11502 15637 3485
7663 8316 2826
2120 3522 4284
4983 10466 9439
8822 14835 3037
7442 10975 906
2950 4638 1214
3892 14535 915
11668 17386 297
2468 12830 6527
2879 5094 2207
4898 15497 3098
10583 12632 5305
942 16237 140
722 1011 1501
7847 14072 9038
754 11523 2186
16488 16722 8289
17074 17777 4778
300 3921 5372
4528 14557 4019
3221 8863 3841
2147 15379 6336
14756 19620 7460
14418 18792 9196
5084 7047 4067
4925 8253 1346
14547 17607 3937
3157 9262 7005
13779 14384 6770
10932 17661 1205
2856 7707 5135
1381 5656 6232
6421 14638 487
5155 13406 1285
10204 18183 7297
16443 17270 4261
7606 19063 183
1250 1386 453
9845 16384 3815
8452 11100 5833
5969 6522 7137
4160 14416 5094
1617 6440 1129
1237 3637 3421
5852 11431 3673
15397 16450 4695
1334 1726 6270
3193 15450 4717
6305 13330 4240
3240 8515 5796
28 84 3957
5107 6899 4428
1723 10492 7015
9383 18559 6791
15191 16148 4073
3417 13811 1437
6219 12937 7973
2122 13815 4530
2136 3929 3623
1939 2594 2067
13379 18332 7250
13221 17342 8945
8499 9911 5360
8621 12210 93
3138 18129 5678
4740 5926 6646
3535 19756 8572
572 3927 2237
6245 14470 7204
7592 14119 5008
418 3584 4909
6513 19055 1537
283 14237 7929
3024 4350 5252
14241 15456 6207
1823 2152 5967
927 9996 7839
11661 11938 9528
10125 19421 1853
985 1284 2533
608 5380 3363
1771 13146 7774
10075 18309 9884
16877 19220 4225
3128 18594 4119
5977 18778 3220
18033 18181 632
6874 7197 4018
4261 16294 3551
18296 18527 3511
7839 7902 1892
4959 6527 9997
17527 17920 7907
7443 18569 4422
13229 15022 7718
12294 18538 2594
1711 2207 8846
2816 12056 7780
2960 15670 1113
3776 19812 3821
4545 12290 2409
1460 1771 3201
14055 14361 6477
7827 19109 7286
2254 11542 7074
12143 17672 9417
8619 14796 239
12742 17442 2532
141 4825 4103
6301 9344 723
11560 17331 4279
5680 14350 6682
3647 9167 1494
9807 18731 1244
1244 11140 502
9003 16007 2261
9076 13202 3491
8059 14858 9321
2994 4139 3995
1682 8295 7308
2170 9417 8416
5454 18548 1851
9242 17652 5814
8838 12890 8771
3006 6426 2362
12437 12586 130
2780 3149 9895
14363 19799 8337
8461 18980 3915
985 6388 5644
7277 13358 3453
4033 6572 4880
4787 16286 3438
235 19731 3922
517 1428 4499
5239 12178 8505
3984 11000 2984
53 10820 7419
4670 12968 5607
4826 8187 2947
7810 10128 3487
14620 16173 8945
1346 18478 2103
11749 13978 940
12529 14328 8260
3922 5524 1752
6036 17884 2705
2696 4330 5952
83 349 7866
2957 15124 8868
7463 18578 4403
9319 13977 8168
4615 6456 2059
381 625 7458
3091 9259 2177
8990 11613 2828
7847 13670 5374
13321 13379 3384
10960 14195 413
11451 17688 4462
12036 17120 2950
173 9215 5201
10498 17140 9027
9749 19165 4784
1114 4331 219
2885 4276 7747
3854 3982 2142
13497 17708 4886
1558 10272 9008
1033 9919 7675
8179 12743 8870
9183 16974 8233
3542 18660 8457
3306 14190 3593
5393 10043 2276
14962 15737 5401
1097 18398 5227
2782 10685 5504
7976 8694 7481
11460 13400 1381
6320 7596 7177
7509 11827 6802
3540 6998 9772
5693 13158 5029
9022 17586 4220
12356 15899 2998
4926 15988 7729
687 2038 1372
4827 15876 9294
4981 6496 582
2118 3012 5056
3257 8984 9217
4147 7659 7720
1975 13382 7221
13248 16703 3318
2533 6393 5811
5064 5380 6044
2788 9748 2354
9280 14032 361
11184 15134 4228
6576 8099 6662
3020 5007 3367
4522 9447 1194
7342 11141 1048
808 1726 4508
11593 12234 6195
2909 7275 8893
7745 14956 1784
3609 8729 6340
843 4611 6463
287 5377 376
2763 3933 6183
2702 3191 6573
3896 10459 2251
2139 14834 8085
3039 16888 8862
726 4873 6646
1146 4403 9276
1014 10571 7353
13131 13162 4619
3801 8000 842
14365 14952 1621
7309 10526 4863
8628 19645 1865
8430 9009 9503
2589 17855 9560
10538 10979 1083
3094 5588 524
6347 9694 3882
4008 16822 8201
17179 18935 1424
12056 16607 5418
11845 11917 933
8789 13980 1258
3284 13586 241
10288 15206 1357
2329 4878 8218
3974 4276 2186
2122 4785 6381
2437 4373 222
709 3384 6930
16438 17011 2829
15294 15797 6329
99 11096 2819
6920 13118 6720
955 14429 4037
2962 15495 9776
3771 8716 3026
510 19125 3407
2698 9242 9801
12643 18005 1212
7308 18530 9354
6406 15594 8855
931 12244 1569
4435 8418 9716
7876 8252 569
1807 14050 5606
1473 6023 6924
5276 18677 3199
12975 15012 5537
2228 9371 2707
3105 3264 4666
5598 19795 8671
19109 19499 2561
9794 16284 1646
3342 12924 8387
14283 14483 915
8402 13034 1946
13201 18930 2454
454 19697 2008
5400 7741 1889
9893 11112 8885
2881 3657 3895
168 11777 9940
1549 8980 5626
4202 6302 9586
2948 9871 6369
8515 19129 8807
2565 5671 457
15666 18543 9453
2803 6789 9396
13258 18362 2068
5616 19743 819
5297 12148 234
7626 11170 7175
13433 13555 9698
3772 10367 4512
2048 10653 9407
178 2277 9811
11850 18924 8796
3890 7695 5292
407 9592 2514
1111 8119 3155
12900 15771 6352
11089 12950 9831
7720 18048 1943
10567 11155 8735
2500 19211 423
11759 16120 6865
5379 13414 1102
1675 2973 4452
3205 15988 7838
8703 15881 6873
6594 11562 7934
10281 19110 4162
2077 19562 7223
18762 19259 6759
5796 8591 4419
5577 7477 3380
1259 3598 9602
9250 11349 4596
264 1655 7610
11277 16765 8059
1873 2516 3526
1655 2771 3484
3782 4235 6185
1559 2970 7237
246 13001 1895
1396 4604 1921
589 16052 1058
14789 16048 1050
6791 8272 5309
1173 4705 9519
1812 13980 8898
4991 6291 7528
10674 12291 5827
13367 14597 5421
7256 11204 1154
39 1505 8583
2441 11783 1328
2442 7602 2071
1473 11696 7729
10441 16269 2792
890 17874 4333
855 1738 1158
2445 11354 9191
9710 11206 3485
14459 17605 2993
1907 6182 855
10917 12951 1509
1327 2040 6190
964 2718 2237
1029 19330 3837
11285 17367 3246
2029 8307 5569
18915 19835 2897
4107 7790 9352
11283 19851 6262
1201 17332 2127
9161 11222 1517
766 5292 3748
2633 16387 1915
10626 11332 7201
3452 4879 5919
14098 15111 7222
9309 17069 9899
6093 8568 7404
8506 8573 15
13761 17007 2775
9810 19740 8032
15603 19574 9855
14714 15807 2913
74 353 2202
7467 7977 4703
8007 13456 6490
652 5605 1823
1606 2023 7028
5732 15969 5921
7951 8474 845
6578 18403 9399
923 12976 7899
12447 18760 9827
2364 18895 1411
4088 7186 1684
17556 18073 876
11546 16787 7900
12174 15491 4485
10747 14401 9287
4011 5739 8410
3622 7813 7053
13311 15785 4295
483 8657 2807
3189 3532 3198
230 1139 9176
6708 16916 876
527 6683 4114
10 12001 6097
4122 12228 7640
664 2911 4702
789 18516 697
325 1091 5110
4586 10764 5349
419 6958 419
3561 10514 3474
8407 8550 8573
14713 16739 3366
5353 9506 3182
839 10971 7435
85 14003 3147
5812 16271 6156
8772 10507 9380
1352 3589 5988
16696 19912 8845
6982 7931 3043
12143 19449 6159
286 15099 2653
1998 8685 1813
13615 16485 4697
9503 13186 8865
153 8084 5565
3068 18945 5143
4857 18566 4407
2732 8582 5738
4378 15992 6724
15351 17212 9281
5364 8848 7685
4210 19502 1069
5895 10878 9074
77 96 1345
2420 3527 5344
43 105 4282
10867 18851 5645
1957 10007 2400
1042 4648 5711
3616 9916 1065
9466 11350 7981
1886 3793 387
3051 10986 1685
1546 17694 26
13 97 6389
12506 13576 3491
2256 9345 748
14655 17752 9584
2464 5587 9245
3438 4843 5729
9525 15375 3921
222 4919 6491
5802 16911 3569
2866 3402 3803
184 1074 4408
6931 13070 8657
1598 18080 4673
498 500 995
1250 2241 8068
5786 9973 9804
7684 10057 9862
8439 16949 6146
114 2517 9378
428 9296 572
5015 15784 3842
7360 9532 420
1471 2026 296
6744 11105 2513
9652 16478 2239
3287 11337 3403
5980 13962 3328
8869 12560 8728
3096 18890 5277
4782 15111 421
6801 13723 389
8420 10658 9773
7645 18108 1098
3303 5725 9302
677 7602 8973
2298 7000 9297
16465 17659 4517
1054 11532 9453
12448 17684 4014
13282 16843 4523
5044 9041 7268
5395 7794 905
10137 15688 3301
4304 8051 9588
9843 10641 1803
562 4022 9708
7443 15197 1716
3462 8112 9427
1740 5986 2842
1936 18257 8701
6537 12508 6112
1206 19052 7628
3630 4928 760
13347 14430 4359
9558 19295 9783
1404 2096 8835
12239 19391 5192
9406 9569 2426
13226 19561 3909
11021 17168 9431
3552 17073 7968
4142 12294 2714
125 281 7342
6058 7628 3933
3749 17296 8687
3283 16663 1501
130 196 6043
386 636 6626
11232 12013 4774
8763 10592 2460
729 10255 8363
9434 13448 3423
3826 9438 9711
236 16430 3362
3552 6538 5165
6028 9964 5216
2835 8847 6198
13941 19783 823
9858 12189 2352
6543 8125 2814
4870 17073 6678
14363 18659 3737
4339 9794 5191
746 2690 4449
2345 2933 6216
16396 17239 6427
2349 5764 9549
3260 6320 6892
6099 7194 1392
9272 10789 9794
11800 19075 6288
3187 6438 9744
6778 9782 5510
13767 15002 4846
14441 19617 7098
1089 7753 2176
13335 18638 9365
10 19609 2815
3766 7455 5509
753 9003 5277
887 5261 4930
2280 2884 7277
18467 19381 5375
1003 14971 5349
2254 5129 9798
12346 15893 6931
5152 11995 5180
2203 14860 3819
12082 14230 7563
7237 7340 9113
2098 18733 245
4934 19345 8730
349 2321 515
8325 10244 2615
4759 11591 9055
6538 17493 7026
1588 5610 3522
3990 15348 9617
9680 10469 5244
3300 16517 4827
6665 13580 8562
13862 16513 5829
5759 13909 9532
6608 14227 1997
12690 14101 5362
14432 19148 7157
1361 2825 7137
2665 19578 4601
5070 11196 6226
1864 18844 7930
3708 7124 5762
2078 2911 5623
13629 16273 286
12665 19056 8143
2473 3918 3893
13311 18922 758
13993 16469 1834
128 8922 2818
16334 16632 5397
2341 6332 5268
9654 16877 5719
2022 4303 4418
9517 18180 9920
1661 13909 3794
6887 12907 7654
10099 11421 5642
6651 8211 6328
776 6555 8430
15400 16525 2874
6013 18481 5646
1106 3195 7815
3739 16051 1670
8915 10102 6810
5625 12972 2853
437 3790 6909
3859 4802 423
7147 15873 7422
7245 13099 6420
12575 14138 8048
11678 12208 7767
3735 14306 2637
4339 7656 315
12435 15267 4156
3280 12369 4577
5618 11923 563
10799 11749 7871
5068 13842 5457
2108 18754 9523
15928 17437 138
4486 6734 4975
1420 12888 1925
2768 9050 3541
128 5352 6219
6408 12481 6627
2619 12538 8636
601 1484 281
6036 8033 2583
8387 15027 1259
4935 12455 8875
953 12900 5466
7233 8525 5751
3833 6835 7985
3435 6518 2827
16274 17134 3045
2437 11468 7661
817 17820 501
3151 11841 5885
955 2602 5499
5769 17698 1684
5225 17710 1723
1425 3122 9244
3435 8532 2044
2839 5503 3281
8419 19810 6869
8996 11110 2594
2187 10371 893
8877 17464 5709
11501 12308 5167
758 862 9850
117 11151 81
4617 11308 5344
3419 14021 9235
2505 2958 3513
7877 15112 997
1458 18314 7101
4150 5260 4126
10608 18235 3371
10798 11656 2945
14799 18690 6915
15416 17528 9604
18716 18923 9362
3224 12900 3210
1834 8765 2340
4683 18014 2491
11158 11284 4722
8468 17655 3682
7371 19247 3950
13070 13548 6932
10255 11734 523
7346 17281 8500
233 13629 1331
1178 10779 4720
3811 5232 1315
270 3602 1508
1804 2169 96
5428 18473 2558
1165 8968 5879
445 7996 2246
10798 15623 8237
2888 16155 7554
1001 6144 4048
2921 3151 5620
7459 10109 2108
5135 19876 2489
166 10486 7955
7942 17700 108
14917 15890 1201
2355 12646 853
7023 9039 3181
4610 13737 3152
1394 1661 6160
4809 13606 7953
14047 18834 4414
2805 4222 4628
3795 3988 7915
12122 15002 7669
2277 9725 8357
11330 11576 6002
1967 7240 1802
11300 12999 2765
8725 18042 9873
2414 10318 5
5652 17162 8701
3179 9012 3085
276 16685 5714
16 378 7145
774 11045 4417
1607 4695 5413
1393 5831 7351
1648 5632 2142
14299 15949 3878
2144 12524 7353
7060 11939 6585
425 1085 2437
13751 15517 3357
5223 9280 4901
7820 12733 6092
4737 14775 7266
733 19720 522
3310 15244 1900
8033 17525 7532
9803 17806 7388
6117 14558 8541
3357 12627 8910
725 6547 6860
6600 19022 4804
178 659 799
247 1189 1601
3528 7652 7651
1430 7742 56
2090 10443 8491
3757 19429 9239
4378 8430 9118
4137 8733 8127
735 739 2513
6365 11117 6389
3732 4733 9075
7932 11091 8123
11139 13425 9231
3112 13958 4422
7211 13245 3335
253 7363 6978
11048 12514 2481
6255 8032 7600
11873 12566 2745
2891 18258 823
3956 17341 3407
2547 5407 6864
1452 1628 4451
3558 8049 9140
6932 7085 5947
7552 11580 5347
3452 16828 9935
502 13819 7654
240 6580 9218
1844 7661 2063
9814 18618 3901
3128 9731 1634
6596 11239 907
4235 17358 3814
9989 19896 1575
2727 16020 528
241 522 8639
115 155 9017
79 9693 3208
6636 7486 4346
3040 8355 2165
5136 9050 8492
8653 10987 3854
4449 6420 5557
1414 4750 3797
3595 4034 1902
1964 10190 7727
2216 13931 1588
235 1801 2236
6334 9833 1120
8696 18435 9652
5442 14788 8067
11363 12167 9913
2436 12555 911
5198 17623 577
4746 9169 4719
748 3616 8679
2139 2544 1817
1481 10637 2938
5229 5423 4187
4139 8805 3044
3404 19067 9574
100 494 913
11874 19487 6645
15084 19603 183
1886 2515 2086
6639 19732 8566
12158 17056 480
7792 19507 4155
7147 13318 5856
5907 9766 8635
4217 5945 6313
212 2228 452
6697 17186 491
2589 18166 9371
10898 11523 3771
14014 15803 9677
15661 15698 9706
1412 18117 7263
4030 6920 9155
5288 17052 3213
13878 17756 4900
7296 9072 989
11667 18222 9531
1442 13902 3974
2978 11350 6094
3641 3865 2167
5535 9669 4580
10027 12594 4023
7022 17096 8679
1608 10476 7776
7879 14986 8996
12542 13593 8488
5963 19166 163
13810 17208 1701
2565 7947 2620
1918 3489 6085
8508 9890 1794
8149 14230 3907
1702 3991 5489
3733 4106 1239
985 3997 1409
6895 13439 7329
10052 17157 2959
2036 11790 7984
7293 11197 1111
12095 19423 9187
2696 10792 3907
11019 12199 6022
5191 8177 607
289 6818 6378
3376 3837 3542
2554 6737 7804
5196 17662 8142
15917 17153 3215
5450 11363 3744
10535 19293 720
11735 12945 2909
17568 19747 4137
10995 19618 7181
4676 9962 1099
744 930 2419
6470 13055 565
313 1168 6242
14456 17396 2887
10644 13053 6412
466 9752 8570
3057 4974 7705
8697 16068 518
1401 16661 1927
2341 19888 6298
6073 14097 5218
1138 12512 1212
12692 18316 2372
11315 19073 9456
1837 11548 555
388 11928 6635
1592 10093 117
3586 10943 4571
5498 9273 16
1417 5288 813
416 1467 3963
4109 16726 4089
4737 16465 6725
4438 11970 7765
2311 17326 4378
66 802 651
5139 17754 879
42 111 7109
7061 17497 8525
3206 16209 8830
10096 11690 6686
6468 13072 9047
3332 8121 4583
7945 10992 2614
851 2787 3290
6593 19083 1843
3912 14795 367
2505 9696 472
3334 4846 8591
15834 16168 6683
2011 18544 6733
328 1262 2764
4326 9221 2081
1730 11433 6146
5516 7041 6001
4398 5303 2343
1035 3315 903
1187 10167 7108
14309 16693 358
6987 19787 1524
1066 4550 3719
2998 4954 2208
5425 13643 1650
1956 9312 1149
9319 10592 4740
8906 14833 3384
2962 17862 5595
1967 2967 3606
17556 19808 2499
5732 7794 4674
9194 11110 5530
2686 17690 5286
1074 12282 1675
2029 12492 4651
410 15791 5955
2424 5369 3087
1661 8853 4607
7381 10676 5012
7677 11008 2830
16231 17953 3156
1693 1747 6131
11101 12828 137
3034 4471 4352
916 4230 8061
12634 18846 7126
3739 4524 9604
7618 12059 8403
993 6280 4467
1091 2460 3479
13204 18945 7505
533 8076 2585
6564 18768 1301
6443 8308 4184
748 2930 3291
6707 10327 9661
6886 16152 7547
908 9832 6260
7529 9323 1916
5840 6243 9804
6737 13468 9751
80 1478 6252
1585 3739 9718
6130 18159 1168
7613 13955 2190
1741 10124 6250
4457 6196 1050
11407 17197 7600
13150 17814 3791
696 10752 4651
576 9749 2622
11479 18317 9119
1633 16174 3658
817 6302 2188
7651 12735 1166
131 12318 8839
3403 8912 6504
4888 5277 7845
18897 19236 2264
8478 10381 695
9823 16346 2679
1252 19483 4298
9451 10291 8731
6610 15174 9705
966 8810 9280
7390 19627 5554
12106 14088 5233
3704 13247 787
9320 16483 9875
1618 7820 5326
13149 16789 742
7698 13833 6443
6540 16740 7447
7599 9660 9352
8648 13722 8210
10793 14707 2309
4230 10422 7683
5099 12374 7437
4255 11947 5088
6095 7522 7449
6644 13436 1814
11146 12593 5825
4555 13754 8452
10972 19324 2481
8337 18746 7414
9361 13648 208
2624 12224 1156
4806 17405 3647
654 19039 4824
16366 18658 4678
2286 3881 7433
551 1305 2370
10908 17349 5938
5910 12887 4297
6271 19437 1561
15937 17413 7973
13182 14310 830
11094 17536 6050
900 2587 5925
5370 7872 7421
1280 9445 8146
10094 11025 5956
9825 10609 4035
8489 12271 4981
10150 12837 7701
1300 6076 1367
3448 19399 6589
233 19890 1065
6367 8360 571
1365 1833 2199
2017 4217 8344
9026 15778 8913
2520 8529 5341
3345 6680 2653
1390 17044 6046
781 18639 3820
999 1233 3036
9055 15342 3738
3375 7745 3554
14861 19285 8105
7251 13199 5798
3737 5074 4423
3662 4300 1816
1009 18490 9226
10597 14128 7567
4167 10811 785
337 3191 5131
10346 13945 3189
524 7137 8036
10577 14499 6762
7236 9790 8931
13140 14932 6044
7482 13457 9526
8671 14458 3273
2041 3903 1104
8161 13963 9776
2303 16551 7428
7197 17835 2336
5228 8579 3707
4197 8360 3079
296 2094 7962
6762 19605 2092
11908 13384 7462
12380 14410 3019
8359 10938 940
845 6233 5639
2090 4415 3760
10644 17030 3935
2355 7879 5028
10941 15120 9514
2250 2830 3512
4750 16595 9223
18279 19823 3865
3153 3534 2590
5012 15906 6470
3424 17899 986
15915 16163 9287
5510 7474 6385
19204 19480 3240
7774 10458 8034
6791 11552 780
3261 9215 8073
15303 17695 2516
15499 16905 5394
16306 19822 7856
14095 17205 1052
9563 19986 8979
272 306 3856
13468 17656 1470
16090 17326 7091
10454 13235 486
221 1755 2111
4661 10801 29
14175 17289 2329
17307 18277 8922
4056 4704 3085
6821 12162 2664
10131 11382 4783
2591 8981 4142
10467 17157 5850
2733 12140 4672
11061 12256 2595
729 3555 586
2127 9486 7171
12721 16536 1519
12432 13407 7958
3639 5599 186
5369 6812 8126
13030 18078 8475
8277 17991 6552
3639 17696 5057
368 520 7980
16862 19830 4479
13027 18055 9249
58 504 2931
9769 19408 6965
12045 15636 7610
4709 11302 7051
13812 19722 6178
1072 3129 8485
7682 10194 6942
8048 12072 7483
124 14968 5793
14545 18023 5074
9368 16892 6333
12739 12904 7710
2259 6255 7659
1949 9829 6588
8014 11637 2074
4348 5591 163
1165 12766 6399
3922 6903 6143
14205 17603 7446
1282 13321 5360
6326 10200 8234
16403 17218 3236
8309 17803 6419
4400 7763 412
5188 16278 3078
11946 13277 6019
2984 9955 3224
15084 16586 2840
1037 2945 9969
10541 16678 4157
14353 16817 3889
3109 14026 4923
938 12073 3322
1604 7333 5784
851 2673 4147
2493 7826 2564
44 10242 4005
4336 5396 5302
11662 18837 1364
521 2648 1410
16312 17781 1687
1858 16226 4988
7613 11321 6552
7244 8766 87
6032 12257 9883
6681 15243 8344
2049 18452 5395
5209 19771 1332
2509 13195 2113
1947 9094 4777
1287 1435 1335
2991 17244 1500
1292 18896 644
76 387 1038
9416 18950 9805
12936 16875 1534
7755 15230 6841
1961 5316 6219
10634 13319 2178
11596 14665 9229
5435 12494 9303
5727 13458 1713
8788 12495 699
446 13621 3031
868 16481 6081
546 591 9345
3785 17545 4662
7986 12181 860
16176 19726 725
5141 9343 8363
9850 16919 1893
8791 10807 1041
778 8541 4869
413 692 863
3302 16906 5405
8783 10456 5159
11402 17660 2002
6558 8887 2076
1989 11445 458
1730 3216 31
7079 8563 971
5523 15123 6517
2867 12498 7539
7183 19669 2882
1751 14197 6768
11957 12107 2910
4163 7237 4626
1367 18622 7952
6934 17291 1660
5463 6135 5449
1505 11794 6975
5846 17655 4388
463 14682 8571
12722 17216 9768
6569 10290 8823
3103 18494 6773
1442 2459 7727
1208 5912 5122
417 3211 8784
949 10298 5447
9524 13719 2181
344 9643 2762
15476 16695 6475
1279 16237 5016
4037 14813 4133
2327 8154 1567
16135 18921 6008
2033 3607 7259
11180 11955 6210
12832 19025 72
16222 19284 9181
5738 12115 4401
9089 9704 341
3472 18484 7029
13219 13934 60
4268 12101 8416
2252 5670 4550
10771 15768 6114
17701 19242 8319
6845 18796 7787
14048 16645 8353
218 465 6022
3853 11249 2220
145 987 3069
12540 14317 6741
13586 16897 8354
1315 14135 4117
10037 13217 4185
1657 13139 7079
5370 18999 1244
1186 9931 3642
2258 15481 9672
6219 12466 9685
3770 13236 5302
5131 6175 7336
4674 5389 3997
4660 8908 3285
4543 13789 9355
3137 6935 3518
976 10954 9593
2490 16302 8832
17817 18378 2934
9400 11992 7290
886 12635 2451
13411 16755 2773
17561 19815 8072
6251 14910 275
12201 13735 868
1332 13845 4323
3656 15715 8307
11658 13511 3388
1530 6948 6983
2729 5713 1672
329 397 4282
4494 4543 1574
7188 19470 9713
11847 18012 5691
5278 8830 2323
5392 11232 8928
4827 9115 6311
9712 9761 1582
12474 13237 714
135 412 5793
1378 16578 2054
2131 2988 2637
8389 17699 6891
17946 18152 7328
7369 12523 3434
576 6588 9794
3188 3388 8981
4216 11929 9053
5416 16171 124
6712 19296 8173
5481 8989 5093
4181 15837 7366
13241 17463 3986
15268 18629 8130
1115 4933 795
10377 17008 5512
642 5293 7997
6593 9812 5379
5192 19915 6286
4953 16213 776
14873 18360 2009
159 14324 9587
3648 17469 7477
7563 11606 4252
1480 6503 1012
1670 2572 1835
1683 4311 5629
9991 15673 5557
15729 17658 5073
5801 7564 4904
703 4180 5881
5844 15037 3238
8435 16936 1168
15077 19238 3476
2281 10061 8782
12464 13246 2047
1164 1270 7647
5118 6034 9496
6129 11488 7744
6961 10344 3452
12841 16153 3020
13227 15264 5681
11178 18950 8523
3773 9259 5171
1427 3782 812
15082 15150 4068
3971 16871 5103
2509 19553 4965
1502 5345 3910
206 4243 5584
3404 6870 6337
16379 18833 9140
1706 13848 1192
17900 18019 3359
11034 11693 2598
2074 15137 6316
3729 16503 9079
17209 18022 8077
14532 17635 3624
1387 10258 3621
6509 16872 1900
1355 3973 1240
4223 11802 3674
3215 8388 4626
1753 3134 9802
5198 19153 5415
2207 5277 1904
5292 6692 3522
3875 5743 1866
3200 11470 2015
491 661 4038
436 9021 6589
894 2545 889
1767 8351 4237
1507 1945 4383
4737 5789 8824
3581 14999 3952
1553 16302 7850
794 19031 8968
11557 15230 4840
10391 17819 8495
2211 11309 92
2727 13673 4820
5116 14528 358
5488 10268 2934
653 1791 9464
10447 17460 7583
3079 4903 7990
14976 16260 661
1423 3661 8002
8303 10528 6477
3225 18849 3599
2029 12051 337
4721 14332 9687
12190 12769 1023
355 9102 7299
5583 12253 5861
2129 10191 1557
1297 13267 2149
5 4650 1198
12371 13929 2992
2420 14934 8317
15300 15992 2586
12952 15219 3336
3462 14905 1409
6391 11376 4228
7536 15896 9470
11597 18107 2865
599 10910 849
1945 8172 7279
15473 16653 3324
10683 11275 6783
15138 18089 7655
10004 18222 8697
2115 2267 8550
5659 9953 7269
133 9442 7462
11244 16803 2528
4250 14986 4883
3263 18646 8017
1095 7573 1949
15328 18884 5408
13011 17587 7876
8161 11389 2110
585 5649 3028
5366 17780 5380
5536 6965 4513
6944 10324 6948
470 2188 4828
5686 18176 3235
2879 6245 6974
3228 12915 6593
3416 10587 6609
14800 15286 7998
7352 11114 7994
2168 16577 3204
600 2819 2388
3987 19955 3199
6123 11748 306
7035 14337 6474
2627 6087 592
4744 10169 4145
6325 6360 5793
3923 5451 6793
3372 7163 4432
6917 17995 6637
15967 19334 979
9013 10514 9084
8596 10981 9761
11723 15027 7036
12819 15805 8446
4159 13556 3148
3618 5569 1907
5580 17012 9366
898 5783 5100
12463 19836 6641
10488 15255 4322
5375 8211 9015
284 9326 4895
2885 6403 6716
4672 6481 145
2069 13603 7468
1010 14131 7988
1372 6108 717
987 8285 7366
6269 12367 2600
2304 8842 8010
5323 10348 572
9408 18927 199
1845 4453 3104
1073 13000 171
8835 16087 5720
13052 14765 6121
10418 16318 2354
7456 18962 6070
5003 17163 3979
9360 16263 1259
15102 18346 2208
1905 13208 8307
602 17742 2178
7704 15103 9782
107 10992 8967
2701 13046 2610
1809 2168 4167
857 2221 1430
8752 14630 9908
7562 14895 8084
3115 17648 1019
463 4262 8725
2772 10962 7050
980 12821 2920
298 7752 1807
8601 12024 3305
10633 15962 8748
5825 17090 3356
7478 18621 8392
2965 15976 6726
11806 13616 7842
9246 13659 7388
2907 5199 6259
796 6726 7823
7526 15423 1123
5783 11349 2047
6891 14177 3665
80 1368 2189
11301 16666 4590
10133 17395 8663
8398 13478 3774
2376 13854 163
1203 15575 3289
3218 14016 3617
14909 15185 5980
10171 14025 5719
77 269 4177
4123 8008 6958
9490 15935 1446
13648 19131 8806
612 2824 78
5334 13818 1408
9442 17911 2403
4288 5845 130
7982 16745 6350
2742 10350 5165
5783 11022 8931
7831 11467 3626
7693 14916 4406
9709 12551 4289
372 9727 6221
1786 3265 7800
3161 9550 4765
4057 5148 2272
668 18378 1627
1124 7740 5810
3093 6480 1788
2546 8943 1895
10725 13731 7213
9258 12117 4542
2446 13127 6690
3044 14493 2878
3637 3998 2730
16563 16808 818
11372 13719 5003
6047 12767 3171
11033 16491 3209
1547 17257 4950
9069 9071 7623
6601 6870 7548
2948 13692 1638
4250 13587 3336
5251 5722 7776
16823 19500 3577
1105 1713 3390
1132 19678 2879
300 1332 1892
87 236 5478
2623 15126 922
10253 19766 5795
294 13983 1267
16182 16214 3800
10695 18048 5969
4543 6970 452
4523 11915 1244
1889 19234 7034
15001 15106 7024
1930 7912 1416
4435 7341 5850
11272 12970 146
8689 12486 2663
6126 12907 6752
2016 5731 7664
3185 9012 7749
166 13862 3200
483 8995 6316
13101 19680 9976
17803 19397 597
471 3176 8762
6609 8040 8726
9508 17008 6563
6712 7357 4748
11101 12220 704
2988 13143 2775
4975 19160 3172
317 420 2282
1679 19384 6455
2812 8990 5017
934 8077 5831
3521 8004 1621
2158 5483 6037
5214 13187 1105
6732 10063 7904
2695 2702 4306
916 17727 8586
4395 16269 8075
8182 15460 9660
1519 7108 7117
3 12954 9397
14407 14566 7740
4707 14480 3007
12614 16896 8805
14757 19057 5909
4297 9863 8526
5987 10417 5877
6137 7509 4804
14192 14655 3031
13209 19431 5435
2405 11945 1342
18712 19015 7913
9296 18523 8539
3106 4514 1265
10908 19892 477
19451 19482 6145
9987 13501 2842
2717 14643 9165
624 15585 2361
11812 19643 4079
12608 19427 3572
4009 9014 6242
533 2905 4501
8338 8438 353
605 5983 2001
12805 17802 4575
2162 18002 6692
3568 13598 1180
5014 16533 734
13379 16646 2046
4799 8985 3404
8365 12409 6804
16515 18961 740
2834 9100 5649
6461 17026 1695
14132 15584 8073
2627 3420 1644
10484 18535 8376
3079 9773 8449
2493 9233 9233
708 3265 4400
4270 16107 2435
6684 11794 8236
9231 12456 6197
3185 3782 4469
6482 19160 6949
7756 10649 2303
5866 19599 4464
4712 7134 4239
6539 15881 6963
886 7019 6777
8557 18365 8568
2702 3076 1250
5119 19629 4435
8337 9949 1711
5497 8045 7879
901 2560 5925
12119 17379 1791
2734 3431 8264
5122 16146 1977
304 8697 7301
13676 17218 1524
7514 18649 3485
5805 8481 8306
8888 19033 3164
9535 19293 4688
8061 10469 3288
2644 3414 2597
14735 16873 5069
15513 15709 3348
448 4253 9151
13686 14258 8734
965 2559 4463
888 4588 9668
1621 2477 6489
2921 6363 7921
5769 13267 2846
2005 18034 7983
795 8149 4649
7625 17971 3763
11791 12823 7818
16596 18050 4693
1991 18714 7109
3099 3197 9478
11140 13399 4640
2837 16419 2036
10718 17274 4694
1870 13917 9521
5864 6605 1007
3366 14445 1392
6606 15538 1156
3094 17249 740
9807 13592 7274
9510 12042 4143
1444 2813 2630
16416 18678 2407
5431 17125 763
14915 19118 1876
4611 11641 1192
13151 18950 361
1342 3045 2972
2984 5496 1098
7111 15274 2822
1311 7825 7172
15330 19401 6736
2707 8589 3576
3167 9745 1320
4288 7670 9472
12746 14730 3563
7201 12596 2008
13370 17622 8286
1615 6031 7516
1933 3651 2873
12536 13635 6617
862 1365 6259
152 350 206
174 7014 5683
3151 6613 9209
6370 11123 510
1019 10962 9790
3304 17410 5270
10762 13899 2029
9161 19755 9690
578 2800 4477
18 9560 7134
842 6481 4183
5640 7285 6939
219 12698 7742
10544 12552 7903
2421 11493 6679
2612 4015 3618
549 861 8086
1874 12384 1551
6056 9268 4289
14790 16836 6420
1337 2799 1135
9495 17791 1492
9307 13497 6545
4054 19705 6000
11280 18259 2922
181 6434 6505
13048 14546 5469
16345 17453 4051
7049 17869 5360
2109 7960 503
5909 14289 6031
2099 11028 6326
3895 10110 2424
2027 14705 2858
7094 16493 116
8197 16371 2683
1804 5259 2923
8643 17495 9965
1177 12113 7521
7957 10277 5406
6971 8274 4638
6971 16415 6235
1017 5865 9037
13170 19522 850
9223 19971 3324
492 9126 8975
11808 19358 7476
3455 9056 5828
6486 11579 6869
442 19039 8050
94 4242 2238
3860 18104 2257
395 5858 869
8496 16562 4678
13547 19949 5853
3337 3990 9379
3749 11491 6703
9717 9936 6049
5694 10435 1137
1883 18837 6900
9052 19972 718
12289 13383 2597
4640 15245 8509
11023 14737 8448
6486 13480 5805
8540 11952 4010
3043 19357 2916
9539 11621 2639
11866 16238 1150
1279 10683 2493
3231 15697 4240
735 7061 1763
1142 3398 8182
11012 11858 8
2084 15967 2311
9661 9670 8999
4417 8870 912
11339 18621 3790
4255 10613 1281
5835 6657 3909
8127 14092 6640
3617 4912 986
2461 19580 6199
7041 8757 6012
977 14953 5303
640 16308 4021
1941 8209 7365
4453 4908 804
13602 16187 211
1185 1212 9556
9844 9988 3903
4581 6691 5030
1257 5733 49
1285 3177 3678
10337 17104 1224
1937 9448 1293
7028 7100 4508
431 15010 4461
2638 12740 4659
4861 6019 7662
14128 18371 4943
3438 18674 2396
6927 16924 8134
4607 16923 109
8904 9430 1390
2490 4070 4020
7235 10219 4814
2431 4907 4160
8736 11587 326
3719 10634 5809
373 6043 2705
6211 7912 2889
854 12835 9401
19138 19543 1780
520 657 701
6588 15654 9217
3585 16689 4840
14360 17620 3819
4172 17519 3769
1661 9068 6665
8730 13861 8969
9426 18507 5936
4056 4459 3406
2682 14555 3218
4857 6948 4711
2157 9159 1474
4452 7776 6644
6985 11653 7601
887 15762 9625
756 5623 9720
8383 18009 6077
4776 15109 2447
1634 5418 3875
3799 10817 4167
3486 7348 7135
7122 11910 3313
1536 14270 6294
13261 16906 6673
6888 17295 8251
4319 19760 3500
3391 19154 8359
8331 9942 1531
12187 12937 7743
8015 10426 2723
9865 18585 4024
7595 19402 110
918 15549 6148
3883 17716 6014
11498 19892 791
3269 4576 1303
8106 10285 770
3119 11832 4030
554 909 1543
15628 17311 6446
2618 4204 6353
762 6365 8801
12785 18402 8541
654 9120 3930
746 2672 2539
14551 18242 4547
5380 7452 271
657 5283 1131
13726 18443 1930
6300 16944 9417
8819 9648 3253
15741 19978 977
285 5415 9230
8258 10011 1856
6131 19199 9954
4530 8619 1671
5879 18838 3885
5500 14793 4208
9902 16854 15
2163 16216 2256
1619 2315 2971
874 9626 5963
6490 17424 3086
2150 17569 9046
11851 11858 3476
1759 5936 6235
9943 13794 6518
37 77 9399
14970 15991 9861
16736 19843 1883
4378 13937 2321
11282 14926 5878
2674 8026 4706
4108 7028 3274
2346 10475 1685
5790 14045 2918
696 12636 6841
3710 14555 7707
6625 7901 724
8135 8659 1456
2970 3851 9631
8577 17874 6157
599 1178 9202
841 7798 5902
4625 10734 5569
8064 16774 4368
4404 5028 1751
6432 18802 3485
18593 18916 8463
4049 9787 9843
12719 19180 7498
909 1157 5427
5359 13245 1100
1817 13344 5182
173 1440 6118
15425 15550 1317
10292 14263 8944
3101 16267 2547
14707 17367 6651
10702 17043 4566
1424 2362 4938
556 14141 896
831 8870 9154
23 57 575
13090 16482 5394
907 11103 7471
11329 12426 7943
1201 3565 1904
4265 5330 243
6706 17783 8023
5251 19545 6867
3344 12249 8367
2936 14512 6355
125 670 3093
4570 5348 5550
10248 19527 5533
528 4900 3924
156 305 4874
9668 11531 644
2670 12006 8646
400 7941 1370
3748 6447 2699
4984 8990 705
16679 19035 5360
14500 18095 2357
1771 12533 1262
1472 15078 3553
2509 14132 1117
8303 13544 7745
2051 3354 3780
14928 17796 8926
1092 17204 1068
12035 19665 8324
3239 18657 1068
3956 14264 9183
246 1193 7136
7211 18276 9535
3431 14602 4003
10862 12701 4651
13853 16728 5386
4041 9328 4433
4827 18448 8923
16572 19699 5310
7280 16919 8177
12774 15136 2034
4688 16619 1736
1017 1278 4712
577 17023 1426
11172 19367 2363
9527 10592 3476
5408 17107 8705
3780 8803 9234
1294 6453 1683
4067 8874 2429
7155 10037 7602
215 3918 9172
381 5843 7083
30 16635 5121
4175 15120 4776
5362 13898 8582
4952 6412 6640
16217 18346 9974
7744 11179 680
1955 8035 7600
3579 11646 2509
9819 10674 1076
1835 9920 9562
7285 11159 329
335 422 1946
6485 19098 3944
12796 19738 6428
1346 2130 4517
7172 14590 2682
10523 11059 7335
3145 12536 7858
361 14312 2882
6112 9817 8810
5349 11232 4391
19462 19927 1379
9369 12154 7860
2802 12919 7908
1372 14672 499
46 83 3973
1528 3928 6297
11439 16496 1093
2332 7718 5165
8630 18819 4710
95 1419 3553
1641 3987 4373
1214 19213 3893
579 7637 8361
1209 11622 4176
8499 15810 1938
11405 11909 5237
5014 15521 9533
521 5338 4927
13227 13999 5677
4224 8656 734
671 3466 2246
3489 4987 4313
1775 1904 7327
10839 15989 4268
250 11754 116
7733 8369 6208
639 2089 3643
16977 18452 3214
15363 19487 2793
5720 13544 9761
12499 14233 5256
14885 18115 3308
8759 11504 9307
4834 6471 1293
1600 10987 2264
4811 16681 9403
964 8473 7942
5721 6331 4945
6202 7362 9152
11300 17701 5514
6100 6293 5146
7083 18277 6385
3141 7919 6949
4517 11591 5435
630 3680 7086
1965 19213 2920
13067 18060 3101
133 1445 7608
1221 3127 3726
2842 12982 4164
1942 14554 5715
6900 7002 7516
9955 19360 5685
7657 12942 5068
6956 18838 7336
672 7841 6551
9625 12557 9062
3968 4137 921
1807 10452 7206
2371 18904 1093
4355 13531 8811
4889 12828 3364
2271 5037 4734
13638 18055 8779
1214 2029 1849
7766 14063 3823
5991 13916 1398
3751 17609 904
1827 14212 8913
3342 12242 2243
5199 15426 4906
3218 19317 7904
4116 4322 4491
15063 15163 540
5566 8895 6558
2278 18596 8762
948 11509 1429
1031 9634 2057
4541 7434 7352
6119 8096 4161
6050 6807 5107
7439 13774 5082
3370 3504 4698
13426 16176 4225
9018 9947 9093
3271 7521 5858
6237 15454 5685
8872 14001 1320
9128 13098 7006
14113 14258 2843
2568 5070 7904
11734 15171 5019
10600 16598 5958
19192 19446 7588
703 955 6762
5195 6987 9816
1669 16367 9302
14348 19286 9229
1325 2892 2857
3475 14778 5295
777 18632 676
9230 11687 7030
1229 9129 1967
15528 18864 6924
11814 19802 3115
10933 13385 6867
5122 7234 7884
1741 16051 3094
4111 12354 5736
278 7253 7396
11162 11363 5712
3310 3542 7338
3927 4053 7562
14546 16236 3172
8287 9406 6255
2927 9611 8770
7008 13627 8267
12811 13370 2633
199 15933 8221
10367 15378 7659
77 9197 5176
9860 10153 1564
5474 19300 1186
6432 18173 911
747 8160 7042
9420 17686 8232
1777 10008 9053
15583 16710 4761
13147 16640 6344
6605 13685 995
11697 15048 7751
5329 15620 3563
352 1831 1721
2183 7859 3286
10078 12227 9428
1589 11198 6280
12241 18321 9329
7579 12184 901
10805 12537 8825
3531 10382 533
2454 3302 9867
1081 2000 7292
1748 2678 2750
166 11988 9538
1661 10461 6322
7546 17443 5092
5080 15944 6602
6298 18252 7936
5005 16333 568
5706 8720 8250
1060 17327 7851
4139 12835 6020
2460 11476 4114
1185 6098 9592
9568 10976 370
3016 4319 4674
9981 10653 8117
794 1388 8202
1758 2316 9503
10177 18141 7242
9865 19126 1168
763 4069 1708
1122 3954 9970
382 15106 5932
2515 17372 8970
3089 3314 8486
9786 13056 4478
1538 1938 5691
5546 12953 1879
3309 11267 7540
3315 17770 7510
426 10640 6169
13674 14675 8765
5445 6709 7737
6756 17924 7171
1498 14121 8250
22 9644 5788
1239 3088 8950
11700 16538 6030
4336 13053 9279
5490 17115 8651
1687 7031 3531
3064 3495 2390
2457 19135 7615
6383 11810 5408
5965 12528 3975
3712 11372 4838
11879 16714 4077
282 11288 1956
8335 17626 5436
10392 13328 8419
927 11607 5827
11970 14488 3847
2812 13250 7170
3906 8843 4362
8038 19379 3403
10645 16626 3835
6730 7875 6012
112 15347 3100
2030 4565 4120
14341 18265 877
1670 2139 1133
9293 11319 1779
4369 12085 8913
13971 15918 6178
1541 6071 564
2984 11817 8375
1139 16562 6960
12027 13608 2855
8928 15839 4008
4107 4925 7879
6080 15871 7459
4623 11145 8274
8811 17952 2189
5384 12515 360
11864 15339 1121
3543 12225 8518
7751 19090 4421
12988 16242 883
5839 5897 336
1253 12219 5592
18094 18628 9637
4982 11778 2779
268 905 6441
1963 2514 2514
2040 15505 9854
771 1378 8774
9084 18215 1106
7468 15259 4273
1361 5313 3845
13423 19018 3049
7624 9426 408
510 5676 9157
3898 11648 6817
1171 7749 7224
3846 4698 5343
2089 3355 322
81 18005 7474
724 5040 6497
9139 19505 7740
43 12425 5881
223 16497 6838
2494 9018 4515
151 5015 198
694 7401 1305
320 16301 999
10992 17289 9487
9577 13132 9824
1620 2928 8569
1661 16887 9698
2490 10448 5874
1044 12918 4573
3096 6376 780
949 15519 4416
10529 11021 1131
3497 15235 5233
12307 14703 6527
7059 15786 5449
5486 12589 5773
4515 15460 775
10435 14714 6866
17497 18467 9637
17129 19522 6953
7790 16331 3746
12213 12847 9600
1295 15918 9838
5938 11473 5182
246 858 3128
7416 10865 7306
5086 18482 2276
10535 14775 9774
10487 16240 5121
6592 12067 7007
14679 19334 7268
17867 18993 4141
467 15832 3701
13702 14351 8035
3241 15105 5743
7565 14869 4791
9140 14870 1674
428 1592 2526
11678 19634 3368
11406 13012 6601
628 2430 2821
15855 17729 5603
3432 7011 1516
11996 18969 493
2053 8579 5340
3874 18492 5898
17058 17542 2759
8634 14317 3303
5364 19547 8973
3706 9466 6213
9 4015 5623
72 173 3856
2588 3488 1713
2053 7192 1103
13195 18218 3020
10618 13729 392
751 2280 7881
18290 18888 1823
1353 14108 2402
1446 11118 8320
8052 18426 7344
11465 12636 6532
47 8334 5759
2680 6656 4561
1433 3114 6139
5588 11774 4953
3260 10229 7173
11799 16771 6798
10892 18074 4127
1870 15521 8333
4347 11750 6367
2532 5838 8336
2229 11172 1976
16593 16794 115
6693 10917 7056
2097 2726 6267
4686 8390 4415
6545 8098 6477
4337 16144 3174
13204 15787 6068
1048 14711 3301
1985 17971 3200
5959 19229 949
9688 11154 8557
2605 16507 8968
5682 9687 9967
1671 15185 8313
2812 5514 4110
6088 11729 8318
16791 18203 7322
6735 17880 414
5304 16989 5553
12607 18633 3199
10752 17501 1713
8110 14326 5687
6780 14218 8971
5313 7679 8200
16189 19720 522
9847 10817 8388
1970 5119 9945
13326 13771 2048
5336 5588 2254
611 11095 1931
14349 14466 7734
10660 13666 3395
1424 1631 1923
509 19596 3754
8510 9291 6010
7965 9432 5724
11138 11799 8052
12057 14015 5594
6540 19862 9846
5367 8274 6596
5622 16766 823
5298 19064 2851
14703 18964 4096
6384 7877 4556
803 2325 4737
6816 14898 8067
10860 13778 6039
952 10905 2367
8270 15739 849
8234 14349 7609
3570 8044 9914
9384 15503 2110
3170 5273 8472
6682 8262 9840
3063 7112 1332
384 5333 4684
7064 13911 1710
1090 1624 1827
10744 11460 1241
3138 11087 2429
4914 10090 1250
1811 3528 6257
11181 15465 566
1275 1546 655
818 3063 311
12788 18589 1334
2235 19201 6842
5561 15742 758
1097 19991 4650
11712 16178 1063
1765 4313 114
4630 16204 3775
10743 18842 6141
18104 18902 385
3590 4388 4108
1604 15232 2307
14222 18357 6242
5456 19395 1544
11719 13865 1356
8014 19114 6060
13868 19143 3515
3773 4964 3227
6681 19147 4222
10593 18210 3835
10324 18273 6467
8889 18000 4889
9334 17961 2777
9255 19102 4600
3703 19980 2610
1868 11870 9266
811 16611 9151
4346 6296 5255
3011 15249 2681
6166 16011 7300
6517 14411 6346
6654 12714 8275
1992 7353 2243
2309 10281 9445
2558 11714 4699
6221 7215 2825
9617 11203 6834
15614 16312 6040
7872 17444 8499
1833 16496 4314
16544 18373 1104
4024 8596 7922
1280 2373 990
960 4077 8683
6066 7951 8240
812 12065 854
1838 2251 5500
2519 6480 4678
3623 18702 9497
12289 18351 1302
11329 18577 927
3767 7527 8660
6362 15154 1605
2309 4801 2796
5207 9511 7085
8738 12423 3816
1185 11610 4423
3296 11486 6806
6899 7166 2034
8864 13122 5608
9112 16346 8917
156 9240 4834
8303 19746 188
1518 7542 9197
170 855 3183
5822 19547 5903
60 10061 287
3253 4777 3987
2661 8095 5302
5374 17844 8698
7601 10454 3091
7817 18494 8682
11224 19044 9255
11632 17552 9028
246 10765 5573
91 10780 3544
3152 3426 7558
550 17909 4957
4394 5397 4576
413 2885 8707
1126 5267 2528
2619 3494 9272
185 4168 3403
7888 8929 4644
914 960 6109
9416 12254 4447
11083 16163 3758
5048 8171 8161
6383 14906 981
19472 19651 2998
2372 4605 4410
3487 9507 4576
6602 15829 1478
3992 18817 6449
12323 19314 4569
5569 19287 4120
7166 9764 3678
1322 1788 3633
3093 13480 5328
262 1072 3544
10743 17691 3406
6868 16023 9382
12858 19925 3945
534 6563 3065
4097 5640 5699
3149 19269 2018
7618 19587 8314
6017 16579 7965
9710 11624 1207
4831 19427 105
7745 12562 3564
6013 13437 4106
4683 13387 1922
2529 14701 4957
14917 15073 3360
2449 13984 6962
4453 11269 4369
3572 3785 2127
2999 6036 1510
470 10588 1982
126 187 6898
2317 4023 4733
5340 11642 3093
510 1539 7463
9013 14601 6124
1577 17849 7877
6118 18841 1955
442 4921 7524
18372 19369 6431
4765 6821 7275
13184 14726 8461
9368 17640 9743
13073 16563 9668
3621 6380 7595
1465 19732 6930
1654 5002 6848
1750 13512 6908
18131 19454 6950
8895 13350 4144
13910 16015 7528
16907 18069 1054
2552 5252 1172
11953 17477 240
214 508 9895
7455 19214 3173
7577 14357 1822
8626 18473 445
11045 14364 7525
11927 16567 9185
171 19399 9368
4942 14128 8887
2889 8707 2420
7492 19290 8165
2352 11079 1212
881 15131 3479
8969 12210 6822
3952 17633 7467
1838 7080 7797
1993 11529 1234
7009 12805 128
5475 9754 4812
14 6600 8382
4474 12813 1129
13203 19066 6143
1767 8016 8691
10551 18031 9439
8662 9716 8196
6797 12835 5785
7968 10504 2253
5770 6366 7255
8552 14241 2660
1727 5327 3248
14849 17635 5021
4050 8404 6430
15921 19363 6892
4654 16505 9453
206 765 8044
4334 13140 4198
1334 8815 7980
1300 7103 2797
7544 13908 6021
15163 15270 2052
682 1101 2437
5166 14977 575
13088 13292 1557
485 8522 5522
5851 9038 6121
11312 15197 7062
12825 13528 878
1817 3162 2322
17218 19969 8185
15717 19076 8547
4623 17361 8267
1250 6096 2516
1019 1983 8461
3152 12553 1699
4732 11769 8005
12265 14887 4722
1259 6950 3840
2218 7164 3093
2379 17142 6392
7150 11175 7649
4646 19216 5406
1648 15218 3930
2928 3179 2728
9521 11761 3741
9398 12458 6076
2303 3096 915
9175 13624 8069
17125 18887 7746
7822 8196 727
7112 19774 7100
948 13901 3166
40 327 4213
91 218 5924
986 13950 1294
7748 9603 6076
74 9317 2324
5335 9395 3951
8814 13513 3764
13005 17867 1481
6734 10180 992
3315 8944 1057
5336 19633 332
11594 16196 4046
1550 19288 3976
13131 13216 5381
14302 15149 8100
3616 10665 8879
5817 8160 8756
6217 14719 5195
9937 11660 8048
8087 19078 3192
3488 3917 4789
1867 6232 6675
5905 7693 5315
1024 13030 6986
7907 19826 2499
1524 13640 5016
1089 11222 3130
505 13060 4825
968 5346 9317
5578 9051 3182
12836 14381 8437
132 3478 5767
7102 18001 8739
8653 18109 9727
2124 11481 7124
2550 18776 4398
7631 11370 2399
9503 17326 5398
723 750 2007
10752 12159 2788
803 12494 8703
2614 14857 997
1307 11377 6941
39 1871 5048
2524 9561 9497
17015 19496 1844
5506 14009 8096
18470 19828 817
15055 17789 4350
4810 5492 1605
1719 2357 4401
3451 9139 4285
6 257 7865
5714 18969 7917
2041 16991 5031
2103 11819 8628
4979 18191 4864
1301 8724 4465
10009 12670 4399
2148 6897 6710
2208 6159 6445
14504 18183 6066
1390 16946 7389
352 18370 2280
17546 19561 5721
12802 13985 685
9218 11292 7235
5598 12070 6264
1379 7497 6676
645 15153 3618
84 6854 1421
2284 12580 6761
2593 11517 9180
7649 8656 8405
19250 19856 8133
11204 12014 6730
7000 13207 8667
15999 19330 2841
739 1774 4251
4778 15975 1882
47 4140 9619
7669 11871 5291
9121 11170 5258
829 15537 9148
937 12651 5186
5310 10227 6924
3693 8850 4896
1982 11755 8552
1190 1246 2727
3419 13466 1458
3507 19737 1154
225 4103 2245
7028 9030 8419
2983 3450 7057
454 4384 6595
643 10026 6845
9751 12329 305
4127 18926 367
4437 19438 1195
2362 17262 6280
1712 8459 1311
2921 12050 8895
8208 10543 4503
2447 17222 2271
2293 2826 3397
505 15707 5517
5364 7519 423
1095 5630 6620
1386 19274 2153
4024 18385 7367
5979 11146 2196
2632 2685 8919
4746 10958 6267
6333 6840 5504
1804 8659 1472
1820 8173 4449
8036 13868 2225
5158 10953 7639
1893 16521 2791
19147 19816 8302
1566 6909 9974
3813 5830 2056
7483 16197 1141
4168 14116 6778
13664 15542 215
2405 6734 6869
5463 14975 4723
5108 8408 4612
3187 5949 430
9068 18496 5177
10427 11004 1044
1299 1392 8715
2116 3179 8973
3372 7783 3766
2338 17113 3248
3559 12596 3716
9974 16435 3955
9815 10519 9486
1942 13078 9621
587 12003 1027
7679 19578 9959
760 11483 2511
102 13218 3442
418 980 4441
2505 16639 2511
10276 17504 2317
10919 12878 4482
7377 9834 9691
13038 16986 1710
5802 7530 7829
15227 17611 2446
18609 19217 9055
6392 7344 2203
1826 6692 2115
10047 16411 1572
6541 8633 6799
1160 19269 7584
1885 2021 2547
6926 9204 8851
400 410 3688
1407 8469 739
5112 9818 9406
7780 17625 8022
8925 10606 6000
3804 9464 3411
2294 7437 7132
5641 6214 765
3026 11550 1248
12236 15768 3863
7292 9540 6184
229 6505 9044
3057 11950 7090
10900 11493 140
12616 15600 1300
2042 12392 8626
2083 2330 7921
2413 9446 5362
1635 1895 8482
1199 2657 5242
11537 18542 1263
368 3831 983
4123 4769 6748
4912 5266 3116
10920 15261 4405
13968 17221 2471
10406 10776 7186
5391 19811 2810
965 3124 2243
499 8692 4306
10162 16641 9704
2204 18553 4659
3013 12183 2846
916 2614 6500
11203 15649 4723
5032 18373 2245
7155 14239 2472
14231 14340 4412
11798 13312 2484
633 3058 9068
2521 3121 4234
16032 16846 621
600 4493 411
6760 12394 5458
708 1434 7730
6400 19367 7291
8799 19630 5755
14577 15808 9656
2104 2721 2027
3486 7451 3778
3 65 4290
2802 4455 1515
3701 18217 4827
2667 19358 7243
2809 10170 2465
589 969 2934
1438 3873 283
1740 10910 5163
12861 19951 9055
4173 7328 8116
4241 19759 8489
3063 15802 7474
4597 15077 9222
8085 15611 9426
7466 18973 9087
2083 7591 3473
9507 10859 6196
4169 11369 6711
4094 4250 868
3520 3758 8750
11904 13353 7813
2933 3381 5537
1835 17616 9726
5269 11194 229
7809 15288 6846
331 15506 1497
2715 12436 2608
1120 1403 3861
16135 18717 7939
6009 15091 8128
4911 7601 3870
2947 14174 6264
1256 5342 9459
8489 12398 5694
18138 19326 4116
10188 18612 1429
6593 18178 971
15164 19659 1406
4704 12070 1306
6701 14755 8428
522 5432 9186
12314 18026 8553
4640 5058 4032
9366 9729 3124
1604 6321 5968
7994 17885 3679
399 941 6864
2612 9904 7142
2720 7124 2984
4558 16537 3955
10714 19599 3285
2460 9523 3492
4223 12710 7975
4476 19995 9585
2514 8067 6073
5493 12271 336
1297 9510 6329
13896 15020 7339
13208 13759 348
3968 4512 5275
12029 17662 10
5113 18551 3661
4467 18145 2396
502 9558 6713
512 2534 1952
7306 15403 7385
1003 12613 5723
6318 18435 5921
12489 18388 3164
3870 12798 9235
16252 16582 3505
401 2047 7147
732 9554 2050
3243 7044 1310
3752 16058 4614
490 7368 4571
5294 11215 5790
982 17054 6909
8155 18580 9280
3743 16728 5651
2982 4818 2033
9379 12715 1172
9518 11713 6381
10132 19531 9087
1045 19821 7351
1491 17996 7386
1752 6863 9254
4420 13098 7819
7150 15393 2408
5820 12380 6047
2846 4075 5577
11491 17235 2869
3745 3888 200
35 414 5399
327 603 7109
4558 5067 5841
12917 13103 8816
8540 8849 6285
6729 15273 2560
15087 19133 9146
13766 15878 7859
1652 7500 7745
978 8928 9932
3224 12527 7936
2423 17638 6143
3092 16797 6303
10752 12385 6549
10330 16724 5462
7058 18786 854
13345 18222 381
1094 1306 7837
2859 3409 6896
3014 7045 9876
1885 18109 3729
3508 9352 6779
10141 15332 9155
6869 17819 8196
18224 18391 9214
13216 18837 5597
4996 15427 4842
11789 14041 9656
5794 6562 9488
79 17333 6863
3363 6714 8423
5758 14011 4496
6405 7138 273
252 1584 281
5398 7838 8285
2366 2770 8921
8513 12741 9396
1250 14192 623
11632 17699 9832
369 548 6774
11557 12505 5892
2705 13078 8986
5008 6060 7940
3942 8414 7773
13731 15361
