100000 1 82622
9791
6317
920
3072
2542
3228
9783
6823
8256
5913
576
2479
9230
8949
3845
7572
5205
9004
3173
6468
1949
7625
735
1553
5271
7410
1563
2711
1049
1690
4161
8240
8709
887
5876
1909
7235
3238
5613
2766
9609
6918
1969
7029
3525
3497
9851
1336
6984
7289
5430
8816
4066
4117
3412
5094
6970
8881
1041
6985
6029
6661
9401
3565
9242
3350
8529
513
2480
393
7593
8566
2446
6964
5189
7879
2727
4958
2167
1047
166
2505
2227
8831
2196
7433
9312
6650
4234
3487
5318
9682
6429
9463
61
1944
698
5695
9238
1531
375
7513
9344
5857
8187
9565
7019
3941
2425
3308
1309
3543
7799
1151
3297
4887
7477
9178
6161
7653
8824
7108
2190
5682
3878
1485
646
7941
2380
3330
7547
1211
4522
1020
7783
7046
3149
7297
6840
3793
4139
6318
9636
6231
6080
806
1924
9758
4931
9442
5739
8990
587
3013
8859
4673
8574
4938
5869
7172
6995
9817
6451
4857
9551
5557
4963
8799
1381
7951
3308
892
1479
9641
6249
7873
7871
2811
6605
550
6427
2373
6839
1736
2532
1514
7
8159
9425
9902
5231
8907
9425
3023
826
9634
4225
1648
117
4272
3909
4410
4715
5718
1131
5795
7899
8941
2152
1926
5608
4637
6278
326
5401
7015
5933
3319
2389
9953
8351
5245
2156
1115
7124
5744
5638
5057
810
8907
6155
8717
1965
9763
460
1517
4232
784
9561
7964
6356
7492
4216
7906
2660
3488
9641
3017
2666
9829
2482
4843
8792
8573
7853
4237
4675
4322
6298
4936
3031
1661
9056
7041
6118
212
3977
3979
3637
1673
8056
9335
5504
6923
4707
5142
1203
6614
1819
1632
7160
3890
7178
5592
7903
1085
666
6480
5904
5717
9547
2231
9296
5909
6744
5357
3024
1694
9441
9174
442
9373
2955
9248
4678
7349
3476
34
57
6461
4483
5226
2080
1396
4477
4769
85
629
7882
9212
1939
7979
4400
5796
3418
6081
4134
5729
1192
924
696
9821
4060
6011
2677
7285
4024
8451
6370
4680
3457
4774
8212
2857
2238
6846
4615
6280
5031
7664
1122
8373
6145
5023
2912
5480
213
1020
936
7705
310
7489
9004
6769
7494
1186
7768
9084
2585
497
3160
8509
8958
3106
4634
6881
913
9339
6398
7978
4059
8491
387
1151
3442
791
3317
1506
4648
7664
2024
2675
1469
9158
3289
5826
9011
8236
9472
9963
6908
3596
1661
9865
9819
2507
7238
521
2116
6540
6126
4468
8601
8293
252
6092
809
5010
9261
8938
9591
4333
8960
2734
1794
3030
9129
7630
7771
4963
7328
5519
4464
8346
5256
3660
1139
5570
793
5273
6650
5813
8314
4551
1072
1919
6729
4422
4267
340
542
3513
6654
8912
8588
8210
1948
6522
213
6273
9187
4741
3191
9559
5823
1965
3368
1123
1236
6681
3647
5045
1924
2759
8739
6775
9519
5012
1139
5010
4177
4034
901
2004
8976
1453
1148
5395
5347
6155
2316
4142
9153
4387
728
6400
3203
4278
8558
9028
47
3211
4081
3184
2081
9287
8637
3906
6986
7182
5492
983
2719
4369
7932
4871
4103
966
4004
5044
4520
1947
1324
1737
9505
1379
5308
2086
2214
1185
5230
2507
5525
5406
9303
5976
7254
6020
4865
9680
1655
7148
2107
2957
1624
239
3715
7724
9565
4732
2098
5203
4133
2582
6791
726
882
9104
7743
1965
5493
5043
3455
7142
4592
3568
2824
7478
4406
8753
8850
7329
1823
28
2949
9559
653
7386
6555
3233
106
4694
7446
3633
7416
1996
5613
1974
3731
7591
252
6951
3260
3522
6489
4859
1000
3344
909
8866
9437
1037
9166
8942
9355
8553
9661
9314
6987
5733
9448
9040
3868
9690
2083
6778
8619
6238
4936
9900
198
7274
7545
1540
82
3442
3969
2769
309
8919
4858
6582
869
2699
2454
1887
3708
2356
7851
2818
6402
9562
7283
7358
5114
7927
557
1244
3922
6021
655
8871
9433
5075
4873
6795
2017
2262
1048
9216
8755
5553
7071
1166
5389
3444
3391
492
9613
4641
6359
8527
9069
3774
711
2249
477
5952
1682
5334
1242
9981
3910
1778
444
5784
7357
1465
697
3255
8092
8682
9712
6336
492
1250
6481
8124
4005
6079
8463
3388
6842
786
975
7592
6774
2582
5921
1920
1602
290
4251
1360
4381
905
1009
5538
7438
1044
1797
4009
1278
36
5679
1658
6854
3111
1536
2223
6375
5884
4874
4887
942
7762
1417
5129
9576
7251
4051
4561
7808
7591
8372
3127
3257
1801
5086
913
71
6477
8424
3717
8082
697
6297
3415
6886
1723
1294
9042
4951
8332
2414
8939
1561
2345
8742
3205
9814
2839
5978
8074
877
2666
6051
2422
2299
6294
5639
6321
3976
9890
8511
6125
696
2815
8335
8248
7829
125
9920
2996
2085
4855
9431
5606
7546
2027
6768
7560
8123
8502
1899
6165
8087
3625
5879
9586
6918
2972
5743
4169
508
7394
7346
2430
7534
2414
4704
2543
1
598
7839
426
1227
3559
1708
6915
7340
250
5426
1425
9174
6828
5562
7878
3978
2286
540
2244
3954
1827
2307
8254
5411
4497
3391
1898
6364
1118
1912
2033
402
1678
6032
9722
1357
4016
2324
1382
3922
5712
4424
6635
2533
4034
9959
3008
9298
4473
6033
9144
6656
9948
6337
1498
9148
4472
9525
9634
1051
5068
7034
9885
5037
4281
2186
6656
5715
1997
9984
3711
6450
1060
4921
9286
1151
9678
9689
6271
7088
8113
1750
1092
6750
6205
3613
7683
9839
4702
9877
9431
2150
3336
7954
6060
5604
670
8156
2164
1011
6986
776
3952
3974
7581
49
6739
7361
6043
8646
8646
1971
1021
1692
9155
6404
6254
8885
6826
1502
7917
5341
5682
4545
8949
7150
3609
2855
1119
6255
1290
9976
4125
6400
4511
1680
5459
2
1064
2747
1204
7389
1072
3949
3206
6374
3070
1345
9764
5168
1699
1129
4750
9420
5234
6692
8589
7606
6724
2789
5725
500
1111
5088
118
4942
8667
3116
9355
5391
1206
8161
5333
7446
1952
7522
1152
2563
7360
1336
9068
9470
5113
6207
5855
3363
7590
6611
5105
2421
76
77
4834
5419
5011
563
7264
1317
3781
3339
1007
3862
1461
4670
4684
4643
9374
1080
145
2533
7374
1975
3161
7766
1249
885
3075
633
5132
2335
5212
9562
4395
7023
6287
3929
3268
5505
9623
7826
3627
3204
9834
9200
8766
2047
1929
1879
6995
3241
1091
6072
6060
2279
5858
3014
1292
2535
1933
6167
7147
6411
2229
7021
1284
6107
3866
2890
8212
6642
7379
5632
6180
7900
2422
7351
9676
4543
222
5970
9906
6389
1830
7599
5134
5218
841
6664
8414
9291
5716
7751
7421
3413
2482
7445
6910
4302
1500
1188
2869
622
671
6205
9477
4363
5328
86
5241
6744
9472
1530
3175
4303
3001
8548
6380
3430
1425
502
5883
7096
3130
6131
6925
385
1873
3875
4329
9490
8944
5123
6595
6232
7234
3257
32
6165
6679
1729
7180
5932
9878
3622
7152
4993
4540
1451
7267
711
8020
4117
3302
1743
9632
6989
2349
6060
1985
6525
8688
5127
5782
316
6549
5235
6917
2693
5427
8554
5505
2812
1590
6649
1715
9521
2729
7295
283
1936
4818
3427
313
6755
8432
6642
7486
9719
5662
8041
1889
9780
8692
2140
5879
3968
2209
1522
2622
7670
8541
5536
4756
7575
8510
684
2053
8952
4376
3653
785
5792
3039
5650
4534
7187
7139
6820
7384
5860
6788
6158
3075
6233
3743
901
8224
6144
5131
1548
2065
3941
3095
3652
4599
7006
524
5834
1983
8193
5590
6167
5522
2693
8076
2123
5717
5400
8777
2509
9905
7445
7090
5440
3745
9178
793
7134
2581
245
2054
152
2670
7425
5076
1288
2071
8333
5289
5892
4122
7041
4241
791
7909
495
720
1720
8813
3094
5244
2589
5578
1695
9059
9649
8196
5468
4172
6012
3092
2185
5414
7678
9406
1454
8153
8189
5562
6866
3996
1684
5173
3678
7817
5570
1365
7552
4384
6517
8804
1539
5993
5549
5231
4947
1320
9972
2453
5232
29
1734
7899
7186
6032
4588
3541
4463
8391
8992
186
320
362
6079
5599
5229
8678
4276
2905
666
8655
5205
9211
2737
9873
9277
7498
2961
5825
7845
254
6791
7679
9900
8080
1190
9803
3748
4605
9916
499
9697
3081
1157
5072
5389
7827
8609
6892
9260
9584
4899
1877
9222
5690
6911
1851
8533
3331
834
3747
3077
3737
6161
6669
5839
5096
2706
9066
5341
8604
4707
8402
6763
8277
463
1239
8669
6325
8136
9329
2654
4925
1836
3720
7056
6138
9971
5621
3532
4696
2189
4025
7815
8767
4428
6421
6733
9945
7018
9479
2294
8218
5594
8611
7814
5937
8657
4851
3074
540
9708
6355
467
726
5285
4007
2479
8379
5102
5169
9555
6933
1831
5342
6071
2110
7546
1362
5751
3373
3376
5694
7799
2088
8707
7900
1794
5126
158
5307
5644
2421
9729
6145
1136
6101
8553
6249
8017
9504
3183
4945
2223
3440
4339
9182
4092
2638
8643
6454
5875
918
9873
256
6621
111
920
9039
4583
1416
3206
3791
569
3496
4670
952
9136
4877
7952
3417
6146
5137
8086
1359
5225
6026
1908
4531
993
7001
2449
6170
5697
3731
5765
6435
2482
3708
210
3303
8218
8479
2935
6720
1938
1747
4435
3367
8799
4587
5045
8409
3657
5394
7558
5253
3575
1458
9888
5761
2653
966
7110
9347
5751
3776
4958
5407
8302
8988
3278
3789
791
8289
5591
9780
6022
5398
1942
5941
7428
2584
5741
7700
646
8846
2469
2054
582
5367
4260
5087
2107
2750
9655
1430
3033
4375
5750
1470
6488
2694
9542
8780
9809
1563
2566
2467
9763
3721
8026
2203
6456
4632
6240
4408
3942
307
9547
4165
5142
7728
6347
282
3920
6936
4109
3228
6179
5532
8111
9981
7097
7995
8352
4946
8291
7662
7489
464
8019
959
5736
4331
4887
3155
4727
3696
8262
727
5843
1421
9835
83
5731
1794
3534
706
8703
3560
7492
6104
8250
4413
5363
5103
1264
2479
5282
2977
4391
116
420
4090
4782
5173
5608
7284
2269
5471
1211
960
2614
7114
2608
30
6439
246
3646
1117
6459
9744
649
8992
8012
2658
2671
8973
9051
752
7261
6460
954
7262
7673
2314
2625
413
4096
5022
5092
9088
1093
5408
1844
3159
5916
6844
3130
4298
692
514
7070
9316
1223
3956
6251
95
7782
9447
4022
9857
4794
9007
3288
3793
9721
9626
9650
8123
6953
8009
8510
396
14
1800
6871
8949
2727
5485
2314
2455
8916
8451
829
7716
8035
9521
8827
5755
4974
8168
6827
408
896
5248
2463
8414
1496
8122
8649
8373
6627
9146
6466
8358
3027
7120
9934
1506
5506
1927
6493
9271
2026
2535
5417
5202
1247
7044
1661
5338
7988
285
9315
7108
6692
2124
4628
6937
7252
9907
6449
2780
2435
9562
5059
7435
7827
8117
6850
1705
2586
2784
247
8849
7352
8764
1047
2329
4930
6639
8888
9563
3347
5035
7155
4094
6111
3679
3764
7294
7115
5617
3627
3457
9866
8249
1266
2834
9389
1612
6218
5988
4275
7749
9475
1721
3535
2346
9330
3503
9879
8418
2120
4322
2396
5964
763
6150
9033
8214
9324
4031
788
6405
7522
8836
1068
2924
5603
7626
2367
9049
4918
8560
9082
6054
5975
5215
3343
1672
5063
3229
2200
6350
436
202
6536
4407
1072
4184
1251
7763
7220
4820
918
9081
9715
1946
9845
7303
1515
6006
8708
8999
2587
6015
7771
6844
8437
5792
4205
5725
5073
4883
8437
463
7813
6935
7644
3593
7306
4833
1160
7250
7394
5015
7002
2223
7352
3646
4403
2392
5755
8713
7755
3528
2819
3166
8535
3873
5168
1203
8997
3825
8825
6623
2092
6749
6026
9747
1914
3742
8844
9910
7955
9300
5367
9554
6524
3651
3423
4978
8874
4862
6069
4486
4265
7389
6441
8272
9440
5030
5434
8910
7552
3020
6604
1892
3303
6505
9666
1949
8035
2194
9821
6530
1554
8044
4109
2959
8371
3111
431
2767
4765
5465
7717
9424
5837
5187
4146
2843
2466
9366
3121
7317
2115
3243
8821
3159
9172
5267
4718
4454
3393
6832
5117
3352
3506
3448
3741
287
3083
8704
6404
3490
8351
2328
3799
96
6086
4029
9311
5617
812
8412
2317
7900
8851
254
9288
371
4693
7918
6938
7803
3872
7798
9051
2412
3244
4542
6271
3269
9723
3174
6651
7327
2363
4962
5120
593
3225
8306
6523
253
31
9604
3279
9748
9450
8334
9607
379
9893
2856
738
6840
7043
1122
7052
1191
4282
7901
4358
17
2666
7708
9497
594
5850
7681
185
7985
6572
4955
7968
2795
6300
3613
9635
3961
6451
5672
1898
5859
4102
9181
6467
5662
218
836
4723
4629
5543
7256
9238
8373
5713
5001
2834
159
283
6560
8596
7805
9059
5681
8991
6998
8108
7338
3662
1341
9572
2158
4906
6948
2724
7470
2514
8767
965
7942
9470
3237
7206
2300
5297
4068
9084
3179
3702
2457
3642
1698
4380
8327
8642
6843
8797
1256
7334
1261
8374
8321
5928
3565
9020
8300
3156
2672
472
635
2501
9569
2471
1777
9078
4193
9337
3772
2974
5823
5365
7207
386
7543
6139
8520
6833
6379
1823
9352
7504
2984
2678
4790
4341
5872
4657
8733
6561
8366
4013
444
7482
3058
8752
7140
4431
6683
9597
5119
2523
8476
656
4730
3776
8154
6748
4567
6811
3463
1930
8747
7982
8934
1705
8096
5898
3580
1687
7983
4402
880
3110
4557
9647
4510
4964
8523
659
6650
9820
3549
2046
1931
3308
9665
9007
7357
4407
965
7095
4134
2996
1287
9847
4406
5103
8123
2395
9349
1955
2765
278
2038
745
781
8928
549
5136
1996
6737
2509
2493
446
7437
5374
1733
6260
1335
1341
8935
3982
7319
8844
4770
383
6020
9131
9661
3089
5058
2737
7901
9018
8582
9936
4457
7337
6152
6070
428
6246
7868
1050
4909
1903
2169
5302
260
4440
9619
8843
3033
8212
755
2547
7519
6035
5799
6478
3568
6501
9384
8872
7737
719
5108
2166
7351
6923
3898
2220
1873
4223
3589
646
1750
3201
2976
6461
40
5447
9716
4719
4609
6793
5552
6327
611
7097
9110
9390
1485
2045
8432
8218
5299
647
2170
6706
8278
8619
6280
6414
9636
2264
2485
7479
3064
5906
9687
4935
3651
2554
6043
1360
6567
5617
8987
6754
9502
9599
6850
8604
1349
3661
101
2156
6410
6236
6201
2489
5232
6233
7237
7576
486
4649
1929
7865
9049
3566
6213
1960
8460
6571
4560
272
3334
3276
5474
1763
3622
6222
3416
6403
4604
3149
7171
5324
801
2065
9096
6785
7805
605
1013
5977
8739
9997
5852
5757
7937
8358
8698
8023
1532
2788
756
5286
3401
9906
1241
2315
8193
1839
1233
8205
427
7763
3866
7359
736
2560
4770
1289
3270
4863
8207
1236
8500
7638
1496
6256
34
3502
7362
7818
1662
9399
8094
1083
1757
4318
8169
6680
2577
3095
5391
3576
9412
4071
849
3318
8066
111
1345
8290
8214
9368
2965
1692
8940
5572
2709
8379
5780
9039
6970
1524
1381
1885
7671
6982
1015
5863
2085
4984
861
5375
2430
3897
5894
1141
4656
2906
245
8636
1542
2368
875
2233
9234
8589
6195
9101
3957
7709
6651
4978
8373
2466
829
6082
3336
7465
1621
4804
6729
8594
6817
419
1368
6617
193
5096
1086
3949
6888
4024
7694
2157
98
7829
3177
4855
3546
2876
4261
2755
7092
4642
8024
1928
9286
8988
1991
7742
272
7368
7648
7581
5098
3222
9216
8284
3660
4803
3921
4556
5466
385
2798
5881
5815
4353
6158
2318
4739
8816
9492
2594
2749
5763
6056
8565
6917
820
9348
7466
3865
8927
3590
4230
2814
5850
3754
7521
6932
4013
4355
537
4123
2657
6729
9683
6418
6297
1128
7445
7666
4604
591
7419
7923
4728
381
8631
6659
3651
1340
9882
7067
8066
2588
2360
2936
7545
9270
6714
4782
8602
7522
3212
2850
8027
9934
4315
2809
1483
6368
9969
1242
2569
1727
5501
6555
7679
7707
4418
4959
2875
5217
7176
9657
290
995
4012
64
4267
8813
2140
4859
5248
1128
7053
7002
7781
229
8861
1368
1931
9498
4998
1832
6970
5726
932
4657
645
4794
8097
5583
8885
8081
6389
6491
2993
1474
6419
6938
3038
4568
5675
7812
265
7666
1395
4546
3544
2606
4489
5538
842
5416
1462
5376
5516
3773
5672
8983
3167
4259
5816
861
4186
2575
6262
3884
4225
2367
9141
6645
5451
5102
8930
3133
731
2172
1843
5922
1449
6926
9968
2434
9878
4795
8385
2175
4294
4276
7770
64
9044
657
6800
6090
5867
5628
7054
8606
3274
8063
7539
9254
974
2755
8411
4496
5876
496
940
3518
536
7417
2543
2143
7122
8369
8629
1457
8
9544
9145
7671
4842
273
4447
3179
7952
7616
3707
8899
4380
209
9374
1716
2498
5415
3228
8441
2672
1137
2344
5370
3212
1618
9267
1884
4411
5352
4226
1645
373
9170
3570
5677
6147
9959
2939
8714
411
9631
5333
7251
3781
4365
4075
5603
7159
4560
5528
5397
4847
851
3807
6741
2972
6721
4200
1675
1540
6595
8244
9129
4852
7152
7317
871
2098
2958
9134
7260
4136
419
4404
470
7428
2867
5094
790
1170
1489
3303
6820
4694
8591
8041
2963
7770
2266
9192
5325
4316
3697
2589
2986
9202
137
9198
1704
8175
408
8556
769
9460
6566
3836
2407
2848
1939
3654
2925
9167
5160
7374
6936
7787
4199
4470
9289
4633
786
9010
726
4868
7131
7280
6718
3472
4383
6554
8090
1795
7073
3446
992
177
6057
1622
4062
1405
7861
6832
5425
6529
2440
345
9401
3990
1206
6079
492
617
8203
3400
9122
2568
7910
6593
8365
4694
7653
6255
8406
9183
2316
5431
3548
3641
1891
2377
8034
2249
9314
6179
7750
4488
8778
1969
1226
3877
39
2314
5854
3524
1932
2572
4782
5212
7689
4288
4432
5782
5341
1487
3112
4574
2507
1629
54
1141
7091
9100
8729
8777
267
7011
9457
8849
2953
8409
149
877
8184
8235
9614
1530
2517
6154
7859
4342
8780
4638
3493
3975
3495
9047
5524
7365
5419
3998
9503
2647
8649
1660
991
9548
6305
3786
4566
9129
7106
3462
5715
2431
9239
4235
2415
994
6811
595
1935
4976
1371
6659
6677
6536
3835
4316
7408
8693
705
7737
5414
1904
4060
5307
5590
625
3322
3013
1372
1756
5825
1898
1205
8384
477
5274
4770
5812
433
1358
8070
4076
8234
3067
587
4020
5299
9718
9816
8079
8433
7947
3500
4787
4615
9820
2820
1451
8506
7124
9392
7942
7571
9509
9216
8095
7055
1577
1780
5703
7341
9437
4644
768
5539
5210
5720
6209
8660
2714
4630
410
4530
501
6393
9150
2766
7807
714
145
8107
2424
1336
9387
3662
3897
8654
2844
5165
4732
355
3554
8086
7020
2450
7597
3370
8371
3211
4597
5878
1530
6288
7172
1056
5547
5322
854
4700
7520
1148
2953
4329
6137
5508
1349
6823
261
5788
5574
9600
4801
4413
974
3616
4014
9516
6945
5408
484
3347
9987
8850
5452
6215
3650
2621
2140
6534
4840
7872
3328
2629
4460
8544
4094
1295
6134
9022
1842
5337
3790
1519
3103
6513
9055
3008
7444
9883
3247
9379
1025
8533
803
685
5772
2824
7046
745
3934
165
7498
5867
1316
1931
4754
1719
9556
3076
12
9626
3096
5604
4993
2139
8348
603
1913
8565
196
7983
4262
3889
895
3950
9833
8115
2602
8683
5638
248
2965
1200
3613
2383
6533
2980
7993
7843
5841
9562
6034
1854
1774
7589
6982
8656
988
8564
6999
1535
8647
5786
2234
6047
2642
5906
3570
4213
6017
6197
8064
3733
6577
7642
2998
5435
4511
5571
1808
5243
4031
8046
5739
755
812
4276
4636
9938
2765
2540
1668
7085
8155
5685
156
4301
3283
4540
5410
4657
5671
4181
2693
1397
9305
1057
9888
8583
507
5158
6341
3586
3256
5311
4888
4139
4156
4216
2996
1469
3442
7143
6008
276
9044
5032
7805
245
455
4129
2003
4817
2657
2928
8293
8004
1838
784
6209
2867
6390
2342
2747
5123
1603
7128
4865
2635
9403
1888
7498
7181
8294
2525
1037
4704
16
4397
2731
4739
6559
8233
2838
2514
2446
3084
5976
4678
7672
9591
1590
1735
4054
4546
4029
433
5423
5482
2837
144
1083
8068
7097
7332
8342
2112
2598
9664
6877
2636
2092
3486
6231
1972
8922
566
5394
6023
4801
6164
8233
3170
8458
5817
8603
2452
4345
937
5663
461
389
6213
6133
1796
9849
6478
1769
4563
4939
308
6447
8316
415
2335
3163
7611
3760
8002
5634
5363
8857
4870
3097
5077
2231
5176
1676
4716
7438
3455
21
327
2027
1533
1171
2630
7058
8214
1235
6826
7690
5807
5082
3690
2636
397
1306
9828
7930
9204
3315
5836
6761
7499
3967
3694
3085
6346
9077
7941
9424
7116
535
8981
9873
2180
4216
405
6460
6091
3088
5152
1190
6936
6495
2977
6826
1208
7295
9002
7484
7792
9677
7124
5365
8709
4988
6374
2655
7669
9958
2223
5287
1257
5191
4157
278
8765
1281
3901
9166
6809
549
7848
6088
7538
1882
9216
6844
790
4144
9097
6119
3582
7179
2869
4303
5245
5594
139
1033
1861
8602
2087
4057
3607
6293
372
1539
1324
6529
1789
2457
7640
5130
5622
2973
258
9795
5086
110
8667
2212
1307
814
3559
2120
7172
8861
9595
6823
8309
2872
7469
3905
5731
2985
8892
6270
3448
1598
7650
7164
5570
6452
8933
555
1418
4067
90
6236
6316
2954
7571
8646
1482
590
707
4757
2337
2502
3010
8707
8290
9245
696
5703
1986
9643
9961
5098
8865
684
2050
405
3805
2373
3438
664
490
7466
3207
3307
4672
3631
2645
368
3784
1694
6876
1065
3699
2062
9757
586
1948
592
144
9459
1684
978
8408
1020
3435
5821
3741
2065
7876
7256
5510
4643
5950
2925
1853
8516
1113
9134
915
723
3362
7473
5685
6490
7205
9903
3106
4221
373
3241
8736
8145
2725
3707
1041
856
7339
4959
1286
4339
2129
1159
246
1591
934
1030
4708
8859
2294
6351
6667
6402
4407
7410
1795
6235
5937
36
9191
5861
7283
1123
6207
7276
2688
2577
3976
7854
260
3686
758
7691
9440
5475
1923
3487
5216
8995
1611
6213
6422
5504
8018
4738
9482
7912
400
9923
621
5402
1414
1561
4732
9557
8703
8019
4722
2578
358
9632
4644
6221
1276
7415
5511
1796
4276
2737
5513
3641
4697
6717
4161
6777
6137
2136
7324
9194
7771
4956
4738
5235
494
858
1666
5990
5494
4163
4495
4320
348
1793
4246
6783
8004
3559
5609
2486
6375
1467
1152
4525
8870
7865
3066
7317
4526
4220
4520
3438
5036
4934
5318
7555
6488
9802
5654
8505
5569
836
6752
3028
8137
1494
2346
4850
8129
787
5544
5897
2982
3789
5415
635
9060
2025
2703
112
1485
8041
5684
982
371
7657
2026
8650
3620
709
3811
522
27
684
5295
3551
5075
3238
1797
9063
9201
4265
6626
9586
9131
5430
4306
9799
4665
8644
5084
9420
1592
5388
8632
516
3723
2466
4391
8710
1363
2245
8434
89
9183
8374
8902
5117
3025
9158
8385
5094
740
2369
2333
576
664
5945
1353
1715
2959
4641
2087
1556
4055
8132
7227
7034
6315
4237
8302
4661
4802
6631
3234
2187
6208
1601
9723
5034
1706
7552
5350
5901
2246
9723
4664
6506
6648
7836
6736
3896
1941
4809
4120
7980
4170
7883
402
313
640
2843
855
8966
3609
7250
6575
734
8290
4602
8449
5389
1923
5045
8259
7221
6829
9484
5453
877
5350
1419
4086
4951
7105
2354
5890
8870
5204
2980
4655
3178
6866
1466
5694
1954
6875
4578
7129
7061
3517
1429
1126
5344
6940
3418
2354
2638
3678
5624
9281
2418
5254
4476
9765
5031
520
1514
3892
6688
9506
3289
7273
6649
1095
2428
7800
8754
4507
3314
8919
68
5165
7270
4293
1130
5948
8514
3891
188
5907
6213
3569
6494
9795
1306
6216
8894
8609
9168
4307
6118
1477
1475
6366
3117
9230
8576
1703
281
6980
9104
1855
5552
3116
3791
8938
9702
1858
6833
2520
5504
1730
5674
4878
9026
467
9310
1379
9642
412
1375
2337
4884
6657
4646
1703
9125
4753
8561
7785
4137
3696
5273
3635
1522
2716
2664
7763
5330
8830
2501
3253
2870
7703
7931
9620
2433
1078
2974
5410
9156
444
4288
491
3642
7883
1728
5276
5176
1036
5731
6282
2508
3866
7521
9116
3501
4584
3133
7173
4413
1593
9191
9404
4602
8172
611
8801
1358
1930
5555
6109
2318
1200
4347
7647
1161
3371
9176
9612
7841
4711
7252
7445
394
5235
7140
5650
9435
3056
7929
6895
1660
7017
1092
2995
8
9773
8377
8892
1014
2287
1229
5912
2996
1853
7229
9180
1806
9888
9823
3217
8432
6382
4901
9075
2844
381
8513
1433
2519
7148
816
7320
2886
6924
7363
8799
9503
5823
2879
6889
8806
9675
9493
9702
5741
1524
8800
1992
6351
2788
3529
8133
8510
252
5117
8867
6981
6092
5646
4513
9836
903
5895
4866
4233
4241
1957
5441
6025
7731
258
9927
7323
2044
3323
8219
3728
8651
256
2881
4363
2981
8996
1756
5508
8756
9254
1471
4151
1801
1991
8479
8958
4889
5295
9224
2497
8710
5448
3880
6528
1204
1553
4283
373
7976
7409
9976
680
7755
9573
8998
5882
4866
5090
9641
8875
7295
3873
3800
6568
9187
4641
7445
8664
1426
4326
9021
4535
4117
5039
5235
5576
2673
4997
8864
9470
8874
7739
7205
6569
3703
7096
5004
1819
5792
133
4049
8470
364
6541
8162
7878
9637
3960
1538
663
9929
3341
1696
7645
9969
6924
4531
8128
2593
153
2199
4668
648
2126
1872
9430
7707
7732
8567
4801
6295
211
1450
3003
1577
8217
9729
1590
4572
6531
7419
2485
3771
4863
3122
9868
742
3983
2013
556
6853
9823
4952
5213
3443
9880
6967
4621
4199
2976
3892
3458
1320
3590
5547
9423
275
4751
4392
5519
6427
6148
5561
1629
1793
9265
4254
2605
8741
6780
2285
7361
5178
4064
3613
7576
6451
4593
6668
8521
8722
9350
9663
5570
3433
1030
3500
5479
3412
4945
5610
6371
6581
2664
539
2642
2505
8703
5329
5139
8204
9439
649
3560
1329
1538
199
9874
8234
7335
7074
2269
5053
1527
2571
5490
2008
9388
5999
2070
7100
3214
4344
195
7939
6287
1074
5908
9353
9590
862
1310
2176
6525
8746
9473
8822
5794
9012
7962
1734
9807
4086
3276
4279
7693
512
1270
3735
1681
7832
8763
9497
9212
4420
4865
2301
7147
7818
6801
8764
1122
5287
1881
6343
5576
11
4205
9060
5336
9643
5693
6972
8489
321
9502
5665
7404
3300
6032
1257
8763
204
418
403
798
6178
3375
2874
2073
273
2522
4489
9645
8772
6970
9924
471
8375
8024
2143
7789
7256
4794
6995
3270
3280
4171
4076
408
9242
9524
1786
7451
2127
7313
7497
7536
5877
750
2776
4804
1729
5280
9168
5398
7938
5384
7916
3655
8093
6668
721
2691
824
678
4196
3341
228
3879
3812
9625
5267
4820
7528
7352
9772
6151
8214
5335
538
9999
538
1134
9394
1747
4457
1116
7368
3653
744
4744
1015
2953
552
4016
9736
9170
6784
5611
9704
8781
1753
5896
6553
5258
9329
8578
6520
663
7633
6879
9477
7678
358
5191
1572
2279
8025
5427
5675
6303
934
3489
4305
2720
6425
167
8160
6287
3847
8586
4248
7632
9332
1087
1959
7934
762
3211
3994
781
5440
8413
2444
6295
6476
9809
7780
7496
998
5559
664
8629
9234
3125
7338
3258
4381
3675
75
5388
6701
3741
353
760
8313
6498
4420
9433
6241
1078
7437
4725
5087
4284
8058
69
5879
519
4472
2445
2723
6245
8332
3542
1261
8780
6312
4625
6338
9097
5902
2277
8236
5840
7992
4068
8756
6972
7476
9171
9878
1888
9857
4063
9951
6984
4887
5810
9980
7966
1796
2739
8651
177
6124
8924
2457
8022
2428
295
1550
9866
9047
76
3285
4370
780
8716
5081
8191
8337
8101
9131
5711
9967
4886
593
2497
684
4906
5095
474
8926
2323
8350
6101
2500
5920
7758
592
9191
8365
297
9945
7909
2355
9942
2844
9113
8318
771
4901
6975
7483
1442
4617
9993
5611
4894
6432
5469
6171
8528
7770
3331
5954
2556
47
5840
5749
174
7050
5516
7463
1263
6942
6805
5648
6175
3442
5760
1492
3561
5420
8003
6023
6475
4004
9345
2566
3389
2202
6030
3318
4894
5226
6916
1121
7217
8973
8163
2756
6919
8396
9447
8956
9829
6072
4863
7324
847
9227
8518
2381
4303
5815
3825
7857
4346
5795
1670
4213
8020
627
5297
1420
5874
2418
1894
4892
333
4519
7530
9654
2272
4190
7558
8755
2968
1637
466
2237
4869
9859
133
2698
8989
1644
5264
8661
3699
4113
305
2327
8542
2559
256
5250
2416
4609
1016
3054
4022
3100
1735
9446
2439
2125
5299
680
8593
7483
4275
4430
9373
7715
1684
9653
2877
536
3477
9617
6401
3386
5817
4870
1623
8961
9447
6235
4308
731
4456
1220
1269
5801
1844
9037
9002
7629
3616
5968
4696
395
5626
9492
6126
9367
5433
8842
2164
1084
3752
8336
754
7302
9292
8918
4983
9003
4523
2871
5495
1400
4701
2266
3653
9508
3919
9792
7454
5086
6277
7627
264
6497
8557
6768
5501
1875
658
8103
4933
3611
6642
2248
9414
1127
9279
7836
1311
5988
4419
3547
8876
2841
754
8619
5930
1067
2000
5109
4300
9925
7717
8788
6762
4790
2828
9740
6567
1276
6611
5186
6901
9065
2779
7302
6805
178
3704
9231
1448
5329
2744
9127
9069
560
133
5105
7657
7730
4165
7328
573
3843
2358
2201
6425
9108
1659
6235
6438
1816
9434
5048
5837
3458
3852
7249
3837
4118
1490
4099
2606
2810
2262
9097
2007
8377
3007
1433
9610
330
388
6974
2909
9752
4143
9428
3484
2325
2850
6621
1428
4340
8841
7387
5616
7820
9161
7598
2527
938
4002
713
1705
4644
6401
7504
1305
7726
5062
2737
5473
4813
2448
1763
5530
9878
8210
6841
8078
8088
2528
8366
7593
9887
6725
7810
5805
6487
246
8296
6166
2792
488
3774
6162
6275
5735
8211
2857
8277
5053
4533
2432
5821
5354
484
3009
2181
7740
6399
501
8742
9391
6254
6591
2438
9585
888
4284
9848
667
4735
6247
5374
7003
1066
4650
7014
3186
4720
8052
9019
2551
5109
8231
2326
6341
3040
9537
1200
7717
170
1502
7101
3933
4996
811
93
8744
2493
3814
5641
8399
7888
6374
2621
7055
3279
1725
9435
1240
5007
7798
65
349
4592
1051
2034
9965
3572
7533
1901
3159
3312
2668
8999
6247
5744
1353
428
5138
5238
1715
90
3465
2198
56
6732
2246
8343
8030
6141
6817
2338
7257
6193
5381
4722
6173
4533
4680
5469
6463
2264
7213
4000
1836
5117
5785
1433
8683
3643
1344
6324
1883
8570
7786
9249
3228
6739
8899
3938
6266
1429
4636
7207
8993
7286
9432
738
6634
7726
4353
3948
1292
472
4078
2987
4848
7598
26
7974
9151
7934
4818
1528
1146
4668
4480
8588
7066
9073
9918
4271
521
2035
2605
9789
325
9045
6014
6787
6794
8025
7967
1868
2502
4478
8479
3984
9064
6110
5034
3393
7806
9640
9007
3497
4851
789
4474
2831
7671
7043
502
7283
864
5466
8447
4164
3347
4098
9769
1520
401
3339
4554
200
5936
8946
8459
6193
1574
2144
4030
8820
756
51
3323
6894
5962
8318
5534
3806
4855
4343
6066
5322
4132
5188
541
9741
664
1232
2291
572
3624
2464
9719
9842
8647
5544
4417
3292
2261
8773
3976
2339
476
2784
8150
1918
4630
7574
1847
632
4801
7339
1670
7880
4633
5939
5848
9653
8875
3056
1676
5949
7307
2395
7381
9187
114
8577
8870
3634
379
5492
8709
6004
5325
8121
4170
8038
8588
3999
7292
9375
9419
4428
6633
1242
2253
6451
1096
8307
6193
9613
8451
9601
7481
8285
1324
6931
8291
420
1632
9659
4989
7947
5873
6730
9426
7799
930
7714
9811
795
9867
7336
4311
3523
2509
27
706
2066
4645
9240
8145
4126
6755
3140
8879
9049
8549
7801
1631
3642
3769
7662
9015
1461
3633
9063
6321
6879
3403
5525
1235
3490
6053
5086
232
4438
555
8367
9402
3917
5588
3301
8567
5328
1395
9027
2605
1312
3009
5321
8683
5267
2274
1390
5921
3494
2696
246
793
3291
2066
9311
4563
888
4864
4998
9365
4042
119
8030
6418
2603
7795
2848
7987
348
4900
9856
824
514
4657
2740
743
887
1693
8077
6630
7149
5841
2948
109
4185
2235
9011
4440
2885
5917
6681
6815
9523
9675
1309
6670
1558
3155
5824
525
9724
8018
7635
2493
8813
1049
3618
4131
9462
8637
1810
899
4584
5731
2784
6775
2238
7873
2803
5571
3433
2077
544
83
3979
4302
1869
6003
9132
7551
5441
7721
8279
5986
3821
1706
6468
4024
3618
7674
6316
9432
3568
2669
7690
2017
1607
7646
4225
1220
5741
316
4498
7620
832
6383
3764
8490
3974
8716
2434
2470
1591
4944
5832
8702
6554
897
2139
7116
2008
4610
2646
8327
63
3420
7293
1677
1349
6331
8
4768
9048
8810
509
233
8288
5462
9000
1844
5594
6191
5428
4812
6867
7385
4442
3979
9013
8160
3131
1718
4006
2469
4289
9517
9019
1420
8587
5148
1491
6077
9737
9559
6516
820
9304
5603
8332
3460
9534
7386
7596
145
9314
3734
4169
4028
2262
6141
8523
8289
9736
2138
3050
34
9537
6833
2874
9200
4048
9633
3907
4982
1791
6343
4980
8720
120
7805
2659
2570
6258
5850
7975
539
5278
3619
9940
391
2513
8190
9488
1666
9055
5214
7839
8865
9214
5061
4418
457
5290
8224
9648
5667
3022
1280
9102
9865
3993
397
9738
4506
1277
5
6267
9966
7231
758
6961
8339
1013
5866
7576
5159
7781
3889
4730
8590
1381
3256
7639
7188
8421
4941
4585
2975
3726
5928
8847
2461
1611
7582
7960
7944
8509
9555
4294
7195
1355
9614
7643
7432
4938
994
488
1443
9854
7098
501
187
2991
5843
4225
7607
2852
6883
4123
4153
6388
6520
2786
7279
805
9928
654
7840
777
6893
5066
245
6195
9573
7786
4298
9247
8521
5673
8832
8658
9662
6095
3225
22
4621
5204
50
5619
7872
2364
7422
2708
3167
4957
783
6923
7776
4246
5019
2756
6288
3096
6811
7686
3766
8271
2078
7204
917
1919
1191
8174
4523
6869
882
2134
3875
2007
7499
4567
4519
465
6516
1820
3926
5392
2684
2532
9871
4392
730
3712
123
7066
8666
2132
1703
7917
4686
8506
5721
7254
3749
1349
1660
6581
8131
4222
5691
8516
2527
1769
9463
8983
7081
4295
8699
4409
451
9861
6
5126
7253
8416
4901
9849
5699
7517
1464
3227
793
777
9770
1410
4628
3594
1141
2684
2571
509
3836
6711
6060
561
8758
8405
8088
9904
824
8754
4856
1321
259
5121
8450
7963
5927
7149
3040
3471
5064
4053
6233
2504
2453
2481
8676
3748
566
5695
2592
2398
7896
998
2161
2295
6750
6839
5239
2964
4949
65
4693
5543
6180
9184
8884
1820
1467
8242
2820
1786
9490
8820
289
4376
6313
1764
1089
6664
7959
7094
1980
7640
3047
8036
2267
4071
8415
292
439
9437
6186
7694
7827
1197
4414
6676
4235
9454
2009
2414
5800
8805
426
9184
8857
6064
9394
9504
8316
3593
8626
5042
7493
4374
1247
1277
629
2082
8278
7309
1677
3726
189
467
9273
8394
9919
6198
6099
1488
2496
4517
1559
6881
3804
8179
7018
776
8152
9281
3093
3813
3415
3821
2206
4465
9432
9478
8276
5841
5667
8826
9471
1785
2119
8640
5725
4777
7787
3066
3024
2157
8361
4228
3029
9834
7306
5750
1687
6493
5114
9801
4037
1013
3859
9915
5156
4809
3499
3465
5629
1028
2314
2832
6831
6988
4379
9682
9465
5761
447
2826
7142
1962
9507
8986
7088
7867
2928
9587
870
7163
8389
1613
3084
3215
1828
1678
9377
6018
3893
5678
5989
6882
4096
6104
9186
8817
8730
1330
7792
6249
3454
2633
6469
6445
1321
5340
1726
8019
9657
4501
3665
641
5922
2702
5372
5459
6171
4802
7216
8156
1570
9793
9708
6230
2326
5049
5486
1287
6622
8800
567
2632
403
7225
9901
7089
8411
245
7864
2939
1691
8469
5380
1673
2842
7806
4288
4170
4440
8556
3800
824
9784
2251
7463
3721
4657
761
9377
2438
3215
6895
8825
8792
9352
5527
2121
2568
4964
5676
2368
349
1719
1755
5297
8551
800
6747
9868
999
8720
5590
7650
1757
9470
7993
7818
7990
1550
8052
3320
446
7074
2929
6128
981
2977
8588
2888
4227
4871
1047
5202
3490
1912
151
6279
8914
9972
3534
8406
7495
8261
8090
5991
6678
8523
1190
2621
3765
27
9357
6609
1293
337
9131
5527
8364
1030
5668
2594
3973
1217
6992
2261
525
8050
5760
8490
2073
8141
7758
8604
9050
9915
6022
256
379
3719
1240
1586
724
3495
221
3047
2651
4171
7540
6282
1119
1501
9821
368
3208
5272
4095
9805
316
5794
8513
5748
202
2459
5655
7509
9543
1130
2984
9681
4391
2735
8342
9656
4758
1313
61
2418
5277
9936
3768
6098
7895
5066
7386
7878
3747
6030
3340
7208
1413
1585
6527
7766
6427
2421
5417
1156
7379
7764
2758
6326
6262
1359
1684
2903
8205
4447
4650
6971
3532
1698
4647
1821
5402
9214
8866
2086
7546
3988
678
696
3522
4240
2033
2921
4573
9203
2054
1926
8274
3337
6718
7544
6480
5353
6796
4266
6449
1138
6960
5649
173
5110
2393
8167
3820
7445
2474
1133
2627
3205
7690
9518
7511
9919
7279
579
3348
4707
9258
1250
2226
5510
3303
9475
3553
192
9652
5766
5818
1690
7120
646
5307
7476
7264
8215
1768
6259
5889
4284
2759
359
2744
5983
2544
1637
6323
4625
6040
1963
4159
1111
8224
9867
5367
1553
7972
5292
720
9982
1489
2033
9140
5127
3897
2830
1608
7201
2485
7031
376
995
3815
9297
6155
4926
9249
7812
782
9066
1593
75
6640
7426
8174
8217
5067
2770
1187
2421
3411
292
5535
8151
9045
7514
4094
9776
7679
1893
526
4406
5119
9805
9598
5314
5400
7382
8630
1946
9139
5040
9045
9377
6270
6411
3680
871
2995
3593
6940
1434
5481
8113
5113
4441
8728
6589
3547
542
8744
2171
8661
7897
7414
7685
3756
8784
7481
1724
4947
5550
8303
922
18
4127
1554
643
6933
7575
777
9673
2670
8061
2040
75
912
2139
7252
1266
3707
3068
2364
2096
3285
1684
9180
7102
7694
5151
9704
8296
5522
8090
7512
8412
4113
6408
8270
3952
5684
2916
2043
6603
7122
5730
2701
1047
692
8145
2911
9543
809
5485
9138
529
7939
6524
2668
7861
4189
1714
6388
7723
5344
6363
5531
2271
7365
5481
2660
6741
3039
5239
4771
2147
2987
4357
158
2462
1087
2524
4226
9926
6075
1900
2417
4987
7624
6432
6881
965
5356
7608
6932
342
8945
2525
2602
3475
1936
7578
4314
3363
8100
2402
5968
8972
9853
6086
3425
6653
1614
8130
4124
4383
8830
3321
6893
4308
9315
7485
5555
6993
9870
952
8100
1712
6579
7071
8522
8398
7000
3066
829
182
6258
88
2722
5595
4814
4020
8550
8874
4180
7853
4068
9075
3029
6551
4558
2370
269
8796
7013
8426
5001
9558
6140
8886
3963
6706
3937
5032
5641
8950
9113
2410
1767
3471
7259
2043
945
337
4630
6188
4631
3596
4351
2928
5289
9277
4622
7776
7204
2418
4814
3735
7832
1241
724
416
6497
4934
4843
3261
6867
2571
4839
3546
83
198
2227
6690
7216
1052
2778
2631
2600
4761
6940
1812
7824
958
8756
9629
2732
9547
5153
9170
5098
9202
4542
6880
1466
1547
9326
9637
5891
324
8563
559
2589
9799
8965
854
4507
9821
5227
583
8438
5439
5584
5707
346
1940
9456
1374
555
9718
9267
3987
1455
2317
8899
6288
2328
3648
323
4719
636
4651
1267
4201
8910
704
5447
4749
4307
5964
7794
4475
5078
300
4607
1470
1671
6707
5366
700
2558
4869
1109
8670
1901
7345
4751
9590
5285
5205
5427
1590
909
892
5106
8937
3525
6061
3661
5063
1796
5661
4002
7472
215
4677
1653
899
8894
2369
5582
4919
8078
7988
4744
2732
6695
8302
7376
2274
8310
9458
2125
1737
2056
1265
5876
1533
2223
354
9212
4340
7255
4452
6193
2394
893
6024
6003
3317
6779
1996
3975
2059
2242
5029
8856
4445
3036
3479
967
705
2351
4247
4278
6350
302
5702
1112
4699
6921
5055
2033
6938
1373
7079
9711
6441
8720
4251
5659
6715
6885
7987
2123
5229
3135
4768
9478
6695
4227
2446
8898
7575
6804
8767
1643
7819
3614
8333
9631
2700
5672
3246
1913
8967
1791
7513
8670
6576
3477
2421
2793
406
5882
9519
2113
561
2506
3903
2202
2122
6287
9516
7047
5042
3506
202
1169
1452
1860
8443
2106
1904
6447
859
1464
4505
7430
33
3067
9608
6732
9204
1779
9964
6988
4357
7477
888
2536
2346
5338
7917
7996
424
4326
453
4601
6994
5130
4117
8990
3977
2427
3077
4654
60
1783
2443
2601
5
6958
7750
9273
9441
2607
8783
3311
163
3013
3749
8268
6485
3745
7420
7716
3173
7778
3884
8556
7694
4646
2462
2667
6759
483
6416
3422
4397
5354
1423
3842
2305
6740
1805
3892
9144
3904
9938
8586
6178
1064
7889
9993
1119
7958
3875
8534
538
6830
7478
5110
9887
1265
7757
3000
5921
4010
1443
8499
6817
4518
1256
714
1048
1665
3730
7583
5509
3526
3017
7696
3419
1779
9918
3150
9085
3294
24
3356
3098
5010
1337
9479
6047
4573
8480
3096
4593
6015
8195
192
210
3445
266
750
1718
2238
506
6980
1768
6389
4665
7741
8697
912
4463
5328
8338
9535
2984
8888
3052
5676
7351
5318
180
7444
8354
479
5198
3323
1691
933
5658
2908
8657
1036
8072
6611
234
5793
1090
867
474
4506
6927
4574
2316
6635
7575
430
855
4407
4548
9654
921
8334
3821
544
8803
486
5761
7228
8115
6975
9617
2114
7572
713
6069
3307
1101
1392
5919
9596
5260
9456
1750
5270
4580
1635
4970
8708
1819
3778
6290
4992
3632
8700
5653
1599
2772
9186
6996
980
506
7990
8795
5285
724
6791
2950
8784
7910
2413
8491
9513
9642
8369
8405
9810
9987
3305
5696
316
4825
3344
8157
7461
1391
6673
9350
7894
6457
4516
9583
393
9508
2785
9813
4958
6648
3983
3666
4784
8324
5224
7089
5864
6171
5069
7523
6483
1250
9405
1664
3107
9324
125
3008
5085
1811
5255
583
4058
240
6363
4629
5140
6022
9913
8148
4155
6342
5350
6404
3204
6529
3099
9251
3039
1578
8748
683
6741
8053
8971
9546
3844
1604
7512
5600
6645
8520
9592
4435
5174
8582
2546
5153
7589
9780
7315
9464
3447
4373
6124
1866
1966
5158
1043
3492
4757
8353
8936
2901
6737
2353
9414
7675
2336
6344
1493
5414
2928
5222
9044
4435
8479
5115
2099
7597
3736
4969
6740
9452
2213
7313
6574
4467
4309
7765
8661
8887
1758
7026
2572
9777
2645
2970
9684
8493
5044
512
8253
6912
2142
5517
3181
1634
8827
8656
5542
7784
6093
410
2950
4128
4296
4541
7417
7687
5159
7082
7235
3337
4265
4241
8624
114
6955
9900
4884
8399
3217
3054
3862
1911
9727
4262
627
9619
2486
4916
6502
8317
2331
5973
4148
8627
6197
3743
5800
7565
3757
8489
9543
9429
8467
6806
6617
3568
4505
5486
9625
3512
634
1945
8954
4213
8588
5291
9437
7793
8553
4993
6040
4512
3378
484
4064
1621
2537
7843
8234
9227
1267
5282
7883
6047
328
3064
7565
6041
4073
7191
849
8840
8186
8109
8392
8436
8974
7148
3089
7397
1207
6034
7539
992
9756
3144
8273
9647
658
1848
9417
1093
2439
1606
5998
2056
6130
2752
6578
8244
1450
8312
6980
9479
257
3538
2634
2393
5895
7857
5211
5269
5198
942
8666
4458
188
559
5292
9734
6296
3565
9193
1506
9843
2289
9183
8105
7836
9264
1410
664
1622
3929
6466
1220
8311
8621
1096
8548
2353
4523
1881
7279
3044
5781
2069
7508
1644
9965
2315
3308
7307
3530
2921
6910
2102
9687
6490
7111
5958
5676
6053
6338
3973
7472
4184
9515
6687
7402
4173
7884
6594
4185
6739
9737
4117
5914
6060
9398
5982
1643
8224
6136
9816
8547
818
9114
7277
6421
2169
3241
8418
6735
4850
5646
1223
5091
6259
4370
7505
746
1509
1877
4968
9479
5113
6766
3788
2466
3052
7721
8793
2053
297
477
3927
3446
846
9751
4561
52
2136
3927
9813
2467
9077
2094
6216
1256
4814
1726
5916
2852
6984
3659
9847
6727
4914
5446
8677
801
1732
7823
4504
4257
8615
7308
7755
6244
383
8256
4859
2928
4626
3433
5680
6613
2832
8440
7942
6152
3586
9598
8784
7439
8043
3702
3349
1441
9656
5731
9389
180
464
4324
760
802
573
3164
1746
2575
9786
4588
7221
2006
4430
179
28
3353
7960
2254
1366
79
841
5521
713
2877
213
4511
1835
5565
4177
4889
3264
3064
3678
1533
556
5088
1709
9318
4860
7926
8355
8937
4214
3813
4463
1398
2997
9322
1211
9144
637
2289
1686
8068
9598
6760
1552
7073
860
8866
3228
9772
9793
564
867
6168
6245
4223
6709
9939
8642
1513
6707
4290
114
5034
8493
4100
5058
5255
5728
8257
4838
2729
295
4166
7163
7654
7120
4537
1204
8359
2611
830
8286
3864
5497
1419
3329
2295
681
9403
717
8853
8990
3506
5395
1039
8369
7239
8993
9514
8448
6988
5771
2238
455
6861
9880
8908
719
6573
9636
1242
3469
6080
4224
9527
4964
8315
1801
6020
731
75
4905
8062
6314
3822
3444
4187
3568
3160
3565
6430
9417
9285
2435
5594
6961
3934
6284
1902
5508
6191
8281
7868
5046
6032
7239
1498
7972
6919
1942
7621
2943
4348
6163
9093
2814
8905
2533
3443
4908
7920
7455
3106
3762
6240
6135
3501
6766
7828
5815
5890
2436
1153
206
159
7401
6392
6977
8454
7993
2110
6957
1245
6267
8224
6538
1712
8529
2118
3760
8548
3388
688
6765
558
9135
8733
4840
5683
1302
6374
414
5856
4507
9069
3695
6375
9171
8705
3134
6719
9958
9563
8771
1959
8688
3885
1604
4995
475
3024
2599
4830
6032
6521
9585
7305
4402
8608
7905
3147
4840
5159
4622
6988
3990
8346
7553
5165
1648
1576
3025
1576
2071
4609
4630
5035
8569
1493
4502
1407
809
4140
2669
5064
3481
4357
3702
4513
1679
3974
7659
9836
6606
5556
9035
5848
8033
6734
3603
9174
8663
1941
1752
3494
9074
9454
5970
7375
4792
7177
1705
8069
5464
849
1589
7222
6843
7254
4053
4389
4094
573
1060
3144
5726
7440
5626
2991
846
2845
9093
1341
3146
2320
984
5358
383
977
6706
3680
6846
216
9839
1434
4244
8240
6521
2016
9657
5434
8633
1359
8668
7268
3848
6165
7861
8371
3421
8631
2145
7532
8490
728
4581
4732
847
323
653
703
9365
2522
1411
3974
4992
7748
2967
3729
6472
103
1356
2735
2995
5801
1173
2266
4713
1553
1526
3149
7162
5744
2753
9022
9743
7475
220
6297
1706
2169
984
600
5506
7930
8158
1832
8099
4505
1690
7363
3357
4054
1839
2440
1032
5968
2281
4985
3510
258
2339
2711
4510
3529
6532
3909
166
6311
5150
1945
3225
1611
425
8302
1874
5745
6031
534
5973
1607
9461
6478
7676
1862
6891
1181
3903
7486
2757
6893
4838
1833
2593
5417
9823
7478
6946
9051
9220
2976
6986
7762
4873
2736
2270
2274
4933
4666
66
3357
9576
8553
9153
9124
1830
1479
3278
4458
5108
9075
4096
2012
7673
402
1263
2013
3889
3517
7173
3077
1119
9292
3830
3141
8997
2143
4155
9933
6326
8836
9411
4348
3281
7028
6443
2158
8950
5514
1241
1058
2237
6119
3087
633
1617
1002
9962
4465
6907
3224
710
2487
1591
944
5099
2471
4892
1865
5818
5436
9025
9259
3473
8436
3325
5593
1140
875
3542
6920
9524
3024
7643
6794
8529
9627
5161
4085
3835
2853
3848
972
9038
2826
7654
1708
1756
7874
2637
1898
5606
3777
6652
1948
2539
8383
6923
9184
1203
1964
9017
154
417
9513
4240
9455
2249
4403
3389
3544
7614
7971
9671
6218
8
4850
3212
5370
4782
280
5452
152
2261
9733
6572
5900
1720
8447
5024
5228
4726
5523
2177
9946
9420
4562
1704
2102
2240
8548
3367
4929
9884
8033
7003
3630
9895
7997
6705
3824
5171
9408
2490
9055
93
1486
9590
8183
971
9712
5052
8025
1374
7475
5156
4108
7332
8755
6599
4186
9810
6924
9456
8734
3580
4014
2418
7094
8433
142
6920
4421
5889
103
112
5277
6466
5479
2052
3993
4795
7305
5341
1578
228
7388
6328
8704
3790
6409
4451
3112
6125
4488
3061
4720
8121
8693
8420
8240
1990
2497
1076
4972
5292
2445
5932
6199
6056
8170
955
7643
4050
9158
4990
4870
3952
81
3654
1692
2959
8399
3596
1611
8564
250
8660
1004
1688
3347
278
1454
2433
922
1701
4829
5152
4508
7859
1374
3782
1436
4516
7103
1340
5261
6203
7339
5529
6740
4541
2079
9408
1554
9923
8098
5318
9294
3039
8770
9061
9318
4221
3844
5541
4701
2406
6609
9389
6482
7513
1752
3198
9116
1158
6024
8540
1902
4775
5946
3775
1424
5151
7466
4846
7797
2051
8584
4315
2930
4357
5099
2777
3603
3363
6621
9242
3420
1692
3140
2604
3926
2708
9294
7028
8170
8933
1675
3809
3404
9357
5169
9150
9951
8764
9720
3642
518
7047
3344
771
6206
2362
5108
995
6499
9306
8515
9184
8309
9441
2767
3759
3932
8774
9101
2161
4657
9357
5378
1927
6337
5907
2178
3625
8329
3340
25
3461
8149
843
5258
5072
8617
1791
2102
8903
6926
5848
2515
7829
4790
8860
6982
2090
9297
7547
8343
4186
728
7146
5987
7490
5597
9334
2166
9686
2409
2748
7851
8440
4179
9303
6486
1190
6580
797
968
5316
4013
3604
3323
1499
3959
7695
4360
4115
856
7505
3873
9938
2326
1027
4309
7147
8221
5427
7737
4230
6355
7744
5312
4281
2098
371
1029
3121
614
6041
2439
8048
1571
6711
4881
1276
9030
1706
6606
5364
5482
8513
1528
2907
9554
624
4249
3697
9710
5964
9262
8830
6416
5509
2676
7857
9550
7142
4562
1516
7659
9565
2712
2569
9854
9977
442
1073
5132
9075
2012
9914
7604
2132
5241
563
2417
8986
5328
6036
1571
4081
2181
8834
1573
6912
5075
2574
7562
9536
5751
902
3274
9353
3540
3423
897
1297
4582
1563
5655
4013
5174
233
1654
4478
3510
5508
4757
6557
8954
4119
4223
6320
547
4296
4780
4309
8282
1816
6026
2057
4385
1907
5123
9662
2345
5378
885
9716
6188
2500
6709
7448
8406
5355
7872
3036
2769
8936
2408
2343
8464
6651
1765
6185
2039
5792
4318
6333
3052
4080
8685
6686
9611
5126
542
316
6734
4286
8535
5601
1637
6121
1871
1187
2315
7617
5655
2118
9073
17
1142
1834
7867
9203
848
7340
8901
6133
5991
801
5098
6440
5487
1465
4642
2016
5078
5796
7512
2356
4560
9073
2265
3090
8832
2676
3567
4197
718
5771
4698
6844
5621
8058
2620
4087
3068
2591
2431
6975
3611
2102
8962
1549
1273
7792
967
6609
2242
535
1826
2076
8107
5924
4232
6774
3309
8029
5274
4966
4733
9059
1578
3106
4972
703
8846
4693
9959
4058
1520
1596
2628
8962
4476
8395
3780
4506
9880
5186
6710
9923
8838
7900
197
3650
2028
7792
6611
4988
1743
7830
8026
7925
5432
3123
8276
10000
3922
2339
7153
1563
8506
6454
2479
535
767
5261
9417
8607
7206
1949
2885
746
3147
5127
2058
7080
7435
2723
4277
1882
313
8215
8706
2120
6581
3428
4328
8472
1209
9569
2739
2931
9603
8
6880
1217
5439
592
8781
5462
1102
7340
2486
1510
5214
6637
7296
9769
1203
422
8266
9113
9680
1974
3498
8365
6724
967
8593
8346
8600
9665
5508
5903
7330
786
1239
8532
9486
3600
7024
4333
2580
3541
1008
1905
2169
5040
2770
6814
1676
6852
7175
6515
7807
9860
9464
4577
2686
7455
9290
8632
3445
3571
9522
3426
7442
5403
9951
1414
7165
4920
4396
6822
1031
8305
888
1212
4671
1797
6487
918
2960
7445
8018
7236
4901
6266
3300
3148
7721
8738
22
4972
4074
625
3915
6462
7088
4275
2481
5455
7302
2549
1224
9473
4495
6460
9264
9212
3602
1814
6021
2835
3130
2401
375
2845
1371
8197
4672
7951
4455
522
4250
7241
6924
5944
8949
6948
727
3549
6488
7894
1088
195
9866
9092
2165
768
7109
5807
7142
8219
5634
2697
2661
3439
9502
3215
1471
7151
6612
745
6396
3237
2496
9893
7705
8911
655
7415
2855
9003
8585
3437
5935
4712
3425
1985
3778
9570
20
2095
6595
573
435
5444
887
3789
1227
2497
9129
8535
2459
9820
6220
6810
2095
2110
388
5736
3625
1632
2865
3146
9698
843
3502
6880
990
7590
6132
4246
1794
8198
1627
4727
2814
8269
433
8092
992
2476
1700
8647
1615
1577
4085
8804
4217
3600
8423
2996
7967
6751
3614
1226
6384
1484
3544
6333
3834
388
4967
61
7798
1608
3582
5780
3617
3427
8655
8597
8802
8691
6755
734
748
8803
8716
1057
5016
5985
5632
7533
786
2245
6607
18
3632
8924
6655
5110
5607
104
2280
5806
6538
5924
3117
5872
4288
2144
3416
9980
464
7732
7088
6056
7732
1866
7691
6760
9140
1966
4127
5930
4163
682
4415
2372
3514
1256
3818
3382
8852
7065
4258
1570
1713
7160
9085
8624
4472
8657
9548
7152
513
3120
6439
2396
40
8377
9184
390
8022
5330
3160
8394
1837
1306
371
4675
3417
9246
4677
5330
2572
6072
4737
4307
2318
6680
6532
7671
6812
2401
8333
3950
6835
2038
9835
7333
799
7322
4209
4606
3945
9029
9295
1995
6137
6486
7596
1732
7535
2176
2246
1022
1489
686
148
484
8335
7528
6362
7083
613
325
763
4877
5673
1483
8333
6398
5544
5198
632
8945
7028
6954
5364
872
1480
1756
2959
9124
8948
6149
7418
199
4566
5795
4154
3415
3478
9683
3295
562
1451
1203
8594
4020
9707
5231
3289
623
7187
1946
3194
1792
5823
7471
1369
9388
1019
9497
6271
2484
4835
4919
9263
10000
7632
6515
7699
4472
2050
611
5129
6247
440
2532
8392
5789
8944
6772
518
3602
2389
4525
8422
6930
9058
6814
1501
6573
8882
8849
1673
6696
2131
5705
9198
7595
7329
4080
2138
756
2275
1270
8919
896
9806
3547
6347
1318
5225
2987
9778
3409
9047
7179
3743
1152
8691
8571
4300
2260
9498
6090
2671
3203
5543
4508
530
1282
3312
9142
7864
2360
121
9784
6911
1504
1091
1751
5070
9710
1091
8948
8785
2761
2109
2516
6280
1164
2987
4215
3213
7516
3695
8124
7084
7362
354
2682
1841
9390
7259
1880
7183
4048
9254
5631
6362
6594
1288
4571
5844
4905
9880
6955
4354
9368
6701
1399
6699
9427
1102
4426
7736
5876
7347
7899
6875
5361
7633
495
2992
2019
1488
6954
7038
4448
7731
7064
911
1544
1213
8712
1750
8200
1093
2789
4328
727
8066
936
5945
3052
5083
5174
6427
7024
9887
7222
1290
9016
2654
2064
3232
9272
619
9457
5803
6945
7959
8076
5055
3427
4917
598
9314
2772
7172
5187
8436
887
1189
3541
5071
513
7183
1479
1844
4744
1615
4944
6405
6624
3112
4979
7523
5034
1172
6726
8639
5993
6005
8089
427
7331
4797
8349
352
536
3001
3909
6542
3641
5883
5668
7103
614
4543
5288
4469
7861
6720
9843
8028
5932
8555
2034
3478
5875
5397
2573
2490
2871
3133
4057
396
7256
8286
1242
1144
3076
5435
6882
8365
7365
5376
717
5340
1724
6543
7000
8270
754
8594
6428
6207
3549
761
3842
5606
5844
72
6163
7029
3704
4631
346
9412
8394
9230
5089
1340
7281
4800
3074
7731
6988
8761
5081
66
2353
9706
5873
3174
367
6114
8550
5668
1275
4129
2962
9283
7399
8200
8457
9383
3402
3124
8560
2725
2796
4212
8557
2557
577
2350
3344
275
3336
5560
3450
5137
8828
9663
641
4343
5564
4149
6852
641
6659
3320
8322
5888
5840
2110
8214
2847
1439
4546
2215
9774
567
3538
6605
6048
8385
3276
2615
3048
4710
2770
6901
2039
3669
6275
6323
7564
3422
8117
7730
997
2601
2125
9749
4894
8253
6469
4926
6126
8194
9770
4310
5502
9331
3617
2425
3647
1628
4232
8128
8239
7256
330
4639
5973
5390
1661
6065
7043
9652
5723
9184
7023
2545
9654
862
2222
5554
895
1732
8819
157
1878
7969
610
6346
945
1876
4867
379
2165
4885
9870
9772
7770
8631
3615
5234
1295
3269
6341
117
7248
1392
8279
4490
2356
1275
4315
4649
3636
7216
7665
4727
5155
6290
2148
1977
7815
2647
563
8779
3250
8417
8391
3388
2040
1801
6857
7895
1415
5593
3387
1915
1576
2263
5832
1364
3964
7281
8004
9950
2006
9715
8743
7898
6226
5889
7970
6083
7358
5202
2116
3909
2692
4395
2226
7408
3237
2858
2821
6724
8364
9752
4840
6032
9613
2848
338
2439
4910
1485
7736
9571
9152
8458
9300
8634
1482
9554
9915
8874
1325
1410
1986
1637
8794
2439
1864
2646
2222
5851
5870
6061
9499
7338
2579
1321
9879
1201
4374
4297
371
778
7953
4229
1784
3760
1981
5961
3612
6986
3192
3972
6695
1083
9317
2627
7512
5157
999
6189
112
8511
588
5340
2335
2303
1069
8887
7398
3707
3251
8715
9313
9240
547
6391
4286
6602
9951
3395
9061
1212
2521
2499
7763
1078
3045
2578
9957
4597
2389
497
5242
2132
9942
1474
336
5975
4539
5048
7855
225
2344
534
6158
9062
317
7421
5503
7903
8228
7221
2985
6189
4223
116
8167
1881
6198
7751
6628
7413
1445
4340
5711
6030
5976
7627
2105
7930
5506
9110
3656
2266
9595
4395
1187
4021
1552
5611
8851
7385
470
1503
6568
2572
7753
1441
5718
2789
5236
4378
4953
9390
4997
571
340
8217
4594
8480
6076
6111
5900
2721
8833
2103
2095
8244
9830
7883
5894
1333
6581
1713
6927
4777
7909
8476
3913
7523
210
1792
7165
7353
6137
6116
2739
2166
2415
7433
2355
8117
2193
5763
8034
8624
7190
4944
4278
9108
91
9565
3211
2058
6349
4414
7410
5852
4322
1583
3333
6433
4655
8528
2797
648
6984
1121
8958
5573
9656
9413
5612
959
3409
2077
6075
9203
295
4638
1481
5711
8653
9779
3625
3680
6896
2973
5501
8627
8415
2618
5267
4879
1
2460
7613
5456
8437
1270
5160
3584
3479
6718
2236
3243
9358
3846
3054
7498
8099
6202
2353
6596
8352
2215
1956
8224
7066
7877
2029
7528
4848
8499
6495
4786
2988
5602
1523
8098
8773
3287
9605
1195
886
8538
7743
914
2428
3844
8223
6372
3847
8838
8999
3061
5162
9994
2005
4808
5299
4948
213
2468
4850
2767
5730
6609
7375
2313
4506
8004
5507
5024
5833
5698
8223
23
2038
2006
5112
4397
4844
3746
5402
4910
917
8082
7891
9713
6542
3831
2403
6508
6069
4850
4037
9845
552
1843
219
5161
8878
7910
3097
4600
3369
4999
1252
5489
5131
766
7733
5687
8389
9651
4332
8255
7526
7635
5016
2055
9077
4995
9097
2705
9342
6803
5028
5908
6846
5482
2480
977
9185
8232
8225
9634
6527
9191
8676
1824
2891
3667
913
8182
9090
1750
6872
3906
4913
6669
1763
6183
2575
2045
8079
6418
4447
2282
6140
3782
1767
2867
5938
3117
2576
8601
9100
1851
4810
4501
6622
7529
5654
7587
181
4661
2166
3665
5384
1069
419
9591
611
1299
2098
8522
1755
2189
8166
2135
9315
1333
3771
8687
2983
6503
940
2535
1164
9432
7321
1689
1957
7653
9138
1456
1409
6977
3379
4167
5240
7147
130
1133
4975
5511
7039
3421
3098
1040
5075
7179
2692
9976
634
1427
4420
3503
2451
3874
4378
7593
1864
4091
3807
8446
1931
4990
9136
4809
4332
8112
5072
1165
4352
8513
7583
3022
6955
2632
7394
473
3999
6817
4423
801
1597
9602
8995
8419
6233
3716
9924
6941
2071
567
1247
5133
5920
3675
8048
4774
4225
6575
5949
7377
3819
8872
1436
5408
7739
9587
7856
9069
7208
9499
3710
4649
6993
2664
1162
1202
4856
9577
5228
8759
5451
8065
3351
4174
5073
3387
3164
5293
8839
5519
8999
5134
9031
6707
891
1235
5939
1602
7774
7479
7064
3075
8740
6116
874
6361
5697
1444
7423
9736
5864
277
7421
3428
6923
4231
1741
2687
5360
9515
9862
4878
1816
5981
429
2378
6017
8622
2463
9552
1269
2630
6989
5431
3238
3688
8252
69
3937
137
9712
9594
1077
5834
9983
7070
1269
5512
8846
2290
7236
4961
9120
7625
7636
646
1275
7020
4040
6611
1427
5411
4954
2488
8824
5023
9501
5742
5034
1460
375
2032
2640
4413
6416
6107
1591
3081
4005
7147
4216
2973
4222
6392
3582
9380
8730
1340
408
2727
878
465
5733
2907
3176
4357
6780
7396
6576
353
5085
2396
1071
3516
9761
2978
6124
1014
1932
445
3613
1008
1310
8601
4757
8988
2241
1148
4728
4635
898
4418
7718
5675
4273
4119
2432
9540
3875
7551
3216
3803
450
6439
6112
6911
4418
2916
4458
613
9322
6411
2911
232
2760
3939
689
601
204
6400
5597
4217
8112
1435
3518
8674
4025
2028
6639
2006
9494
6108
5385
2531
2008
7865
4533
3504
8797
7749
4829
9467
2858
6208
281
9828
2125
3372
8424
1233
9360
9946
5196
1440
6764
6063
5935
9459
6381
3633
405
9521
6046
7775
8536
3122
6149
496
8792
9670
7270
7498
5279
695
8675
8033
1341
4316
73
691
1617
3759
4875
4365
8733
800
6065
3323
8494
564
8338
6229
6959
8540
206
9669
3886
7754
552
4225
832
57
4743
8583
2264
9487
6903
498
2908
8162
262
4515
7065
8307
2996
4255
1838
4059
8674
9131
1424
8924
3660
127
3669
8232
7842
6573
2088
897
3056
142
4765
5053
677
6076
8483
5725
6367
5093
7064
8618
9331
3797
7314
4921
6060
2583
4825
7735
7127
6078
7716
7003
3516
3034
6546
8169
1376
2061
2605
4302
4928
2153
4080
7722
6043
9771
6817
3936
5730
1845
3990
8015
3571
3413
8654
8886
1149
1155
8468
6484
5514
4843
7911
744
467
9770
8106
6663
4042
9617
3756
9237
5219
5550
919
6638
1232
2258
729
6760
317
4377
9189
5929
6480
3724
2477
9935
2377
2745
2408
5609
11
5302
5995
3048
8934
536
2234
4548
6323
3330
8744
1769
7746
5004
6015
8599
5231
3958
5736
3343
4591
173
58
3107
13
1800
7575
479
7587
6284
9260
4500
3437
4617
3154
7914
7515
5894
597
1931
1577
5227
184
8813
5298
2508
5085
6934
79
4984
9825
9155
85
9275
1948
7005
3042
5473
6929
4439
4023
1026
51
573
4512
5095
4279
6789
4467
296
8309
7488
4890
5212
7922
2428
2305
2935
1177
9489
5264
497
8284
6935
7417
1279
6413
905
8804
8874
2968
354
7914
450
7032
9377
8594
8499
9920
9767
2651
7622
4114
3393
2428
5816
9751
9266
6399
6597
1529
1892
5594
1575
2380
338
3222
4245
5636
8815
4928
4479
2634
819
6340
5193
8247
4242
5203
1786
5354
7205
5519
5651
2752
7634
1576
8348
1873
2848
9383
8962
6860
5901
6500
1
8863
5892
1096
5839
2682
8638
110
4362
4607
7574
2349
9463
8490
9320
7577
8292
7982
7187
3361
6243
3739
4786
6891
7368
1454
4912
8992
1741
4661
7964
2561
9906
1217
6117
4915
4804
1657
5717
3741
3984
6059
2482
9987
7785
3031
6047
9222
3740
4272
340
6035
5799
9544
6170
3322
1624
9060
1039
4632
4903
5834
2931
5332
942
8706
2066
1133
2127
4841
8770
4659
6770
8668
8397
1314
2704
140
5470
2499
5262
6878
9654
9025
4749
997
9550
2617
1713
7127
7402
4558
7164
7473
322
5276
530
5925
1981
4803
6287
7587
1972
8724
2003
8312
2343
8322
1353
7929
7605
6901
6256
3525
1750
265
5744
9766
2073
8
1700
4022
2404
9180
9637
4246
3599
3539
1107
8680
2117
7789
1074
7040
9517
2499
2935
7564
7784
4097
1161
2578
2398
5295
8962
6889
9181
152
6208
9853
25
3229
5342
3207
3213
1296
3109
7984
4096
2345
7448
3570
7711
9995
1181
7202
5538
1921
6995
2827
3538
9089
1916
5154
8087
1358
3350
1503
7698
4648
2632
2938
8668
5200
1886
1462
1520
8107
2994
8082
1480
9343
7394
2887
3614
2928
4738
9248
423
8575
5671
8638
7433
5756
3214
9876
9710
5191
8337
4599
4803
4987
2657
7132
4154
7546
4219
4173
6156
2319
5219
6033
7506
8570
5401
9225
7846
2614
3992
8194
729
5660
9841
6376
2964
6772
1743
5303
4697
9892
1421
8741
2970
5813
545
7748
9083
4358
8575
4886
7725
3448
3999
314
3189
4888
5122
9008
4186
4864
9886
5680
2551
9375
9312
4758
2458
3483
992
4908
4584
9414
9245
1574
740
6186
6871
6318
6989
7305
540
8717
5420
6324
7200
2113
8069
2694
7129
1115
3125
5281
6132
8691
3895
3948
6602
517
3783
8832
1939
6514
1690
1167
4651
9309
6529
876
3006
5867
2316
1066
3436
3998
3526
9793
8880
8791
343
7141
3342
9990
7609
8066
633
5283
3692
695
1877
393
5926
7794
2891
2171
9835
5153
2210
2576
8536
481
5519
7530
9641
190
5596
356
1352
7183
3122
9220
2523
156
7027
6547
8495
7163
4823
6119
5583
5959
4359
5594
5481
8428
4046
5601
592
1073
2553
8674
9386
5083
6193
3819
8428
1699
9864
6432
5078
7729
3643
5059
9253
6876
8493
9999
9115
4612
8565
7893
5316
9353
7204
236
2224
8183
8540
3754
1676
3811
7989
8661
6499
7640
1633
2780
762
3521
9335
2968
454
9290
583
4524
6387
4869
8124
2523
7260
7166
3363
1349
3687
1123
7638
7622
3151
1865
2509
6299
5809
6420
9894
9779
6334
9823
4156
8274
9242
2918
4533
7933
496
4678
42
4413
8158
3951
4813
5852
3121
4267
3718
2618
9241
6858
1641
4398
4532
6653
4193
949
4898
1654
9672
8543
2301
5274
3134
5751
2915
9483
2793
7298
6029
4041
1684
9204
4461
5361
4545
453
1090
19
4312
7845
3901
4387
8633
8542
569
3277
5887
6592
6867
3919
8818
366
3626
8146
4174
6631
1797
5094
2654
1039
8211
3975
792
221
7377
4472
9050
4692
6353
3452
2695
5463
694
6189
2099
3501
4629
9589
184
6511
736
8568
5818
6896
2871
1212
9959
3338
5430
1985
8947
1205
5391
9070
2121
1541
9745
5730
36
3179
1986
7954
216
8729
1336
9060
447
1179
3215
1904
5322
9947
5561
5397
9622
1834
5704
5497
9659
896
9344
5019
2547
1956
8504
5250
4266
8211
867
7796
9631
5464
1877
5695
1203
9689
9513
4676
8394
2976
949
7978
7705
7856
5646
4582
890
9661
7230
1263
188
288
1450
4009
2296
8288
4743
6936
8515
8916
4203
9420
4415
6093
4204
4162
8110
1345
967
1525
958
8775
7352
2342
5885
4543
5579
9521
8166
9550
4038
1741
1916
8323
318
1521
3260
1782
6115
588
723
1217
9146
2941
9459
5193
7870
8125
4930
7043
8575
4584
3977
984
5287
105
8692
8554
6554
2711
7684
1527
8714
3003
8417
8770
3976
8579
7504
6224
8930
2907
7615
4543
6887
463
6094
3599
5826
1903
9614
2128
4259
3319
8054
4872
2420
1447
5772
9127
2254
4193
8043
517
1874
2566
8625
7960
6657
6149
3672
8598
6011
8752
8481
5792
1322
4561
3550
7995
4261
1808
1174
3674
9523
4615
671
8110
2494
5803
9188
9439
3181
5078
6274
9645
4551
2948
95
9316
8141
9619
4933
6123
766
6702
4997
8724
9143
6228
5290
7298
3446
5179
4468
2926
2315
9747
4715
6280
7982
9766
271
9003
2445
401
3068
1056
4881
4430
65
7662
9620
2844
6105
867
2542
8086
1730
5192
1948
4477
852
1721
5910
5008
2121
3379
9178
3544
931
3455
5897
5209
181
7166
4821
4105
5471
5924
8420
243
8945
8745
5094
3505
8602
8671
7427
8740
3983
9777
7638
6827
7340
8720
692
2104
607
7067
9478
1968
42
5423
7206
1448
6907
2338
1060
7709
681
5954
3424
9319
394
5484
8327
5697
9959
2713
2501
7011
3093
5279
2657
389
8084
7309
3915
6708
134
4614
5049
1657
1824
9113
8591
9431
4854
5885
3278
6388
9033
6499
4417
6478
908
8927
6531
11
4177
2222
4131
1241
181
4993
1640
7705
9964
35
5670
4145
5550
6870
7536
6478
4317
6300
5932
6017
5431
2899
7929
3925
8919
3798
4548
834
9896
3771
1458
5154
4801
1515
9741
71
2693
8286
1787
9215
5975
5740
450
855
130
7744
4786
6763
1205
3553
8745
3989
4896
7017
4786
5056
2526
4351
8295
9936
568
6442
3422
1440
5683
5655
7564
8142
7077
2822
8777
1967
5954
798
7172
3782
5348
5074
8921
3359
1354
530
6514
4478
8573
7519
1243
5996
5068
4489
3259
3895
8509
1931
6057
3231
8863
9985
1340
202
8496
2994
9484
533
9347
9886
67
10
7741
8947
1726
5000
1085
7484
3876
3703
2593
2538
343
383
6900
1768
9966
2754
1470
8513
7912
4841
9128
3102
5159
328
7736
4087
2240
5364
7317
3792
7444
5578
4806
2500
7659
6122
7248
7283
3502
5934
1891
9884
8532
3475
7657
2107
7035
5301
6887
4007
8644
2687
8726
6969
7095
7235
9726
5277
436
1504
4433
5909
2170
8470
1693
4796
8076
766
9668
4911
7705
5365
7962
1789
2342
3456
8667
2134
9215
8154
3267
7550
285
9233
6512
1848
2566
9801
9098
1437
963
3762
2308
1868
1603
2762
4427
4457
9330
7120
4744
1457
4008
9309
5700
6759
9364
4746
672
2850
8472
2035
2916
4984
8737
5610
6824
7602
5226
1846
6996
6476
5359
3647
5906
7180
9545
3547
6800
4994
8542
1420
4994
7700
9822
898
442
3341
9454
7875
865
4469
9325
4650
6265
8130
6562
1823
3962
3157
7376
6653
3105
2515
2557
2853
5048
6795
3439
9844
2974
1107
1674
2263
9557
7103
4744
2036
2241
2914
2037
4192
7349
9469
3809
9612
9483
5594
9545
2389
6425
1619
8356
2954
4046
2750
3677
512
4196
5525
8328
3669
8061
4557
5414
653
9470
3186
3418
9752
6428
3386
4743
6379
1566
4027
8937
8583
8491
8021
9917
8787
2338
7289
4818
9298
9423
8050
3463
8295
2536
6136
6446
3590
5946
1194
5425
3957
6306
2186
5144
2772
9906
518
6435
6842
1201
3003
7138
5588
5428
3788
115
6354
7855
9827
1820
1421
4771
3896
2959
8787
1446
5658
2675
1758
2509
5166
5547
3528
7500
5783
375
6921
2619
4914
2215
1674
17
392
4689
4120
3568
9174
1378
369
4858
8053
5326
3080
4121
2812
6807
5710
4508
8347
2391
8655
4355
8908
1881
3442
7227
3779
1272
1576
5900
3157
9556
5878
1764
8276
7616
2404
8146
817
4539
7188
2674
8398
924
9154
3245
6206
8152
7710
8419
6710
6294
4075
6299
6849
1444
8831
5920
7941
5675
131
6959
9490
1427
311
9535
5325
152
5045
5927
6390
7444
563
3923
7737
8023
7685
8131
1736
9678
335
5872
8746
1559
5362
5732
4128
8686
1711
3171
4814
8044
5648
5903
6186
8493
8214
9923
8598
7224
9956
2838
5804
7743
5939
3026
7801
3568
5482
1110
7077
1506
5821
2682
7175
2837
3543
6324
849
2786
7546
1891
6768
686
9085
9338
4216
2848
8964
7135
5102
8118
7722
6222
960
439
1777
8435
9874
2750
3257
796
2619
259
3605
6669
8895
9563
6564
9231
3893
7953
7385
5097
5703
9346
4632
1639
1663
945
1084
6176
7207
4829
9567
5326
9404
1438
2031
9238
8626
6859
5875
2391
1557
2887
2945
5934
6155
7550
7992
7892
4845
7396
2334
4154
7786
2143
955
105
3645
3577
8999
1274
1964
6817
8815
3378
6497
3028
1342
9857
6502
7637
2293
9492
4495
6029
7543
5432
9961
9568
161
5660
9194
801
3736
1758
1245
7931
1916
917
4471
629
3669
1658
9790
6219
8916
880
4369
8459
4983
6702
4238
1630
8110
8545
6669
7875
3662
6466
1867
4002
661
4269
1014
3657
1291
3391
5534
9697
8093
3857
7076
1230
5501
7760
6455
7061
1665
5628
4180
2367
6022
1762
2144
6929
2720
8917
3240
8229
445
2139
2769
9192
6175
608
9483
1942
5827
6289
4975
8835
5313
2560
1766
2799
743
1403
9874
3883
3364
2264
7144
1055
8485
9595
4705
6395
1176
6915
8244
540
8740
7746
960
3117
8261
8667
1774
1591
5842
6729
776
4262
2924
7280
8763
5815
4238
860
762
8327
2471
4739
8831
1975
9164
2124
6680
2783
4948
5714
1520
1431
6141
3527
9947
4603
7666
16
1663
7071
3740
7079
7842
3292
7875
8604
1607
7820
9067
649
8040
2227
8329
6678
541
6799
8427
7710
1048
784
9236
9435
2250
4521
8327
5297
8868
7726
1925
7490
7210
1487
2797
5305
4368
4392
2898
5368
6841
7371
6
8876
6083
855
546
9427
113
2407
4386
9209
9143
7729
6376
5219
9559
1708
9646
657
4833
243
9996
6123
5588
7619
3736
3017
2199
8161
9359
7478
1587
8667
2494
2101
2471
417
4951
4332
6760
2321
2563
1221
9399
8758
8019
7459
1186
6170
2809
1463
3923
8116
3256
1024
2533
7198
3449
3779
7358
8432
6523
9317
2219
5199
864
9540
9461
7988
2099
7221
3319
9361
4889
8752
7139
4384
6451
2796
7128
5415
7724
8420
8630
2753
3848
3033
5816
8297
3536
143
2497
5375
8360
7968
4385
1298
2264
9897
4258
8398
5348
1802
9578
7242
72
6201
2635
5625
3470
6751
8657
8994
7347
7503
5217
4377
572
1544
8957
3591
5183
8600
7572
5144
7487
8185
4992
4718
6487
9779
2928
7669
1301
3810
299
8637
3817
4433
2712
9927
7404
9974
7356
199
2724
7526
5300
198
118
3303
9928
7558
9097
7913
6351
128
1069
9915
6336
4738
1924
6717
6061
5935
3192
6821
2550
6334
30
3434
2881
6052
1406
7329
6001
6161
4967
8637
332
9273
7114
985
8218
4288
84
1549
3106
7223
6964
2199
5805
2810
911
5746
9775
3724
3230
726
7048
4294
4463
711
7014
8180
8153
5228
9927
1019
4371
5257
2526
4935
4688
8804
5967
4514
4405
2925
9391
7673
6348
8680
53
3763
7098
9031
3113
825
5572
7307
4039
5638
2130
2195
9282
937
7148
7681
1247
2331
6031
1725
9873
6148
186
2629
2833
1219
3589
5162
9259
5526
8935
319
4467
9012
7924
9358
4227
976
5625
3284
6275
4139
3080
2497
9464
2040
3707
1901
9116
8018
521
586
4120
5780
3234
1208
8995
2586
5687
529
3228
2052
4062
6129
7352
5757
431
7346
7376
506
990
9986
9230
7366
9382
7425
105
4769
982
7823
3962
4437
5755
1975
7408
502
7686
6445
6353
7940
5832
3355
2341
1587
7531
4042
4197
5794
7983
4439
8600
881
356
7368
4194
5313
1120
1646
4234
1372
9303
2812
4401
4197
4643
8699
8600
1960
9880
1432
2039
9211
9368
2071
2881
431
6797
7879
1223
9151
8421
8076
4101
751
1307
203
7060
8010
319
975
4863
3724
87
8639
9741
3689
7832
7809
4920
6418
9959
1625
9162
4673
7843
4976
3034
9146
2389
3995
6123
9318
4825
7209
9480
3148
3517
7081
1673
9078
2861
2901
1004
7738
8380
5560
439
7325
9008
7021
9566
6232
4662
4730
3923
8988
7412
2248
4543
9697
5174
7882
9417
1609
8241
9494
6392
2719
4045
8427
5609
3678
5826
3813
6513
2131
6368
1648
7628
6738
1750
9620
2611
3257
7954
8213
911
1254
587
500
2328
3938
6243
4715
1079
8285
8384
3349
2202
6524
1078
5137
701
493
5954
2363
3263
476
7068
1752
96
3048
6792
3867
8858
1837
4168
4257
2442
2286
5454
6297
9988
7414
3958
5270
1883
9856
3284
3327
1917
6495
1563
8194
9406
2964
3924
384
1169
4696
557
3047
1542
8141
8624
2826
1788
6099
840
8778
5998
930
1024
4866
7648
9265
4480
8089
2599
8253
8101
3204
2608
5615
2111
513
8539
8334
1543
1610
5090
7714
7978
3665
2758
2901
3422
252
1515
1501
9780
1270
6377
6168
8611
3869
8708
1123
1160
9504
7085
6975
6699
5415
3235
7949
8349
4155
1846
5074
1908
8627
4880
3828
7407
7047
7554
4506
4759
4709
5520
7901
4890
93
4695
8610
4739
7996
6825
3345
814
2372
705
4559
2543
1445
4289
520
2185
9834
2295
4010
7202
8403
8647
2411
3066
1181
8167
7681
7374
5701
6682
372
7496
5779
2628
6571
1412
9570
1840
4720
5651
9834
5601
1434
4630
9947
812
2718
7171
9491
3476
971
9905
16
5477
3223
7016
4106
5948
4363
3107
8999
8908
9763
3165
8463
3675
5339
4474
9881
9968
4615
1319
6691
9795
7724
4747
9957
8551
676
6892
1045
439
7806
9649
5518
9755
4562
5814
8466
923
6658
726
3973
6563
7358
8703
2715
7647
5362
6788
6502
2526
8001
8217
6283
6111
2863
5386
4271
8287
5005
518
4337
8532
790
3870
9455
4175
7032
1438
7248
7663
5397
3442
5219
2829
1408
3022
3434
7386
4282
9121
6626
5163
8682
8922
3863
6920
6765
9505
5692
3649
159
5783
9230
3369
4957
8959
6330
3674
2790
9130
4520
3684
8961
5497
5715
9591
6905
5124
8996
7344
8328
2842
9856
2364
5586
5685
5812
3825
8508
9776
2297
5309
5939
7691
7645
7747
696
7254
7638
4812
1202
614
8802
1845
5620
9125
3671
8086
4957
618
7719
6654
2718
8105
6429
2392
7781
1897
1473
572
9162
665
3964
4344
3836
3458
9636
5464
1025
2127
5711
566
4583
7707
4030
4794
5693
6505
7442
3227
2789
1537
2693
3368
8817
9888
4224
9974
8226
7856
9780
1566
5979
1726
3931
9855
1999
6768
1199
5202
3958
8363
5206
6
6909
7242
6313
757
3530
1306
1215
4176
3188
9330
3802
8678
3257
3559
7616
2901
9764
2054
4679
1081
2568
2692
3233
9523
3439
9748
6531
368
6629
2683
7772
6830
6712
4061
4109
7358
1123
1562
9306
734
2112
4431
2728
6254
8234
8007
1420
4764
2664
6185
9542
1919
7265
6915
95
9674
1244
2784
2338
8753
3970
9003
6471
2976
5177
3223
5527
9995
9366
1413
2306
3068
1693
6894
6560
4570
818
7982
3673
778
7038
2618
9332
3297
9515
8853
8765
9185
6212
4304
2592
9145
7157
7882
8261
694
4706
3423
9793
2240
9003
2483
4561
6556
6785
5221
2058
1425
3494
5440
4405
8154
8320
7432
94
3228
4646
6978
5330
1881
9861
5276
6773
8128
5895
7758
2644
1049
3155
4157
373
3555
3360
6440
5843
16
7196
602
8984
6269
4554
7226
285
2069
3109
6239
2653
8229
6278
2577
2140
7903
5129
8250
8739
925
3768
135
1586
8267
3926
2656
1738
5416
8383
5858
7692
556
5058
3883
6153
8276
1593
1200
3670
1116
847
3466
1204
8078
8542
2412
782
3002
4823
6369
1101
9985
5753
7888
7914
5537
2091
5188
8021
8779
9233
5038
1153
5573
7016
7133
6166
8020
7370
8072
5233
8119
1389
1537
9281
357
4201
8407
3847
9376
1657
6241
2397
5876
7811
7038
4760
9244
486
2259
8211
3571
4650
9514
1134
6872
4995
773
6073
7497
2294
566
5092
8824
8444
8080
2166
5062
3935
2988
6863
8662
8668
267
7063
303
3683
2175
196
136
7433
308
3613
5941
407
3567
2939
8526
8571
6560
5127
9308
626
1458
4156
1755
6881
2597
9476
7211
3362
8575
2787
203
2075
4744
2805
4816
9472
2313
8263
2299
8406
4275
7496
6483
623
6833
5178
4720
4735
7132
8604
2215
5981
4013
4277
7
4973
435
8654
9904
2540
1720
1742
896
9377
1076
98
6539
9857
6960
1224
6376
8779
6824
61
2088
2008
6952
6198
2255
8865
1199
6528
1454
3764
826
4050
7584
284
5476
2150
1331
4110
9248
8487
8958
7067
4196
1378
6967
3897
4970
4931
1030
4660
3074
6531
5961
2033
6837
4084
4650
1521
3410
3969
3535
3568
489
7606
4072
848
3809
9648
5050
5200
8583
6451
5249
5286
7230
6166
937
9731
5755
8638
3222
265
4652
212
9379
1771
8761
3617
5201
2132
1574
7914
218
3479
7205
1547
7930
6997
721
2774
5
1158
1336
780
6022
4553
1384
5939
4461
5510
3375
508
2240
4024
416
1677
6953
1213
9904
6231
3829
5585
4398
4611
977
217
6339
2292
4852
37
2094
8460
245
3871
9422
4270
4193
7003
5753
4754
4450
1850
3738
8040
5821
992
2956
4737
4965
6028
335
9513
8613
988
1955
8156
5498
9258
12
9740
1599
3018
5551
9335
2986
5278
4524
5892
1584
6535
1387
5763
8013
2676
4061
6782
4194
4646
2732
8688
4685
6332
5990
5597
9979
2003
5537
6147
8461
2342
9702
2394
3095
4723
9672
9390
6951
8796
889
1020
5415
6286
9533
1201
2112
5283
131
5883
7687
801
2851
4509
2202
5919
2873
4443
4299
5893
6070
5141
7954
2203
1433
4462
8866
5492
5390
7642
681
5935
5578
1270
5571
4354
7401
7228
9923
3737
3227
6563
5730
6261
3183
9450
5080
5092
3203
1407
9163
7483
92
8691
9254
679
8901
7199
9790
2728
7271
9331
1178
2463
6737
3582
3662
6075
8455
6326
8639
6952
2539
2761
3059
6671
7101
736
58
5838
1178
5310
7452
5969
4389
5595
5977
6404
8415
9668
9717
8172
2771
5502
3049
3425
5033
8950
9335
7558
8441
3977
7785
4514
2280
1998
817
3488
1059
9605
7656
8270
3639
3479
5655
4540
3756
6443
750
5965
7421
3245
2016
3940
3238
2284
5989
2325
1231
6660
9373
9835
99
5561
1078
1436
1380
4636
449
8018
6847
3332
750
3121
5629
2758
9242
5437
7371
9919
6083
8040
6215
6004
9836
3613
3759
2060
9588
4158
5320
2777
8944
140
6028
2381
9057
7749
3460
5519
7156
962
4270
3979
3830
9015
630
1792
6759
4450
5659
7014
3849
8234
5821
3874
3442
6984
2660
6389
5853
1588
3633
3300
3751
9826
5465
2925
9936
1811
3864
1999
4418
6214
4235
4931
8937
4548
8315
6024
6438
5094
5451
3289
4651
3433
8082
9612
991
9231
5977
8353
5337
9496
273
2457
7145
9877
2654
2600
9547
503
2051
9939
275
4921
8418
9439
4871
6080
4852
225
524
7383
2308
8477
9213
3706
1567
995
3246
5993
7135
1469
9039
3231
55
3165
4464
2451
5571
5660
129
7885
1916
5928
9484
7638
1576
2795
1839
6455
678
483
4595
7920
1776
7348
4605
8098
3860
4481
9043
1409
4950
1161
9030
2798
3453
7040
2894
2679
2007
2877
8885
9654
7656
280
588
6302
966
2557
4846
5185
6165
6113
5117
2933
7749
7963
5004
385
3580
8087
9757
5968
5737
48
4316
3122
4472
9330
6309
1418
2424
1326
7458
8592
5616
6505
507
2662
959
7165
5882
2235
1053
6602
803
6066
1083
3305
4947
8110
9108
2649
8116
1322
9651
6888
6678
8942
9430
3028
5235
6759
5417
5624
4128
4749
918
3982
8563
5413
9527
1470
8348
1296
3423
630
6271
3968
5262
9097
7349
6402
3135
403
2739
7067
7179
8318
1954
8741
4996
979
504
1056
1362
2442
8784
3124
3592
8621
3177
7586
8766
530
9713
5464
9337
9753
123
5703
9808
498
2084
3844
9183
1558
6707
3094
1079
1591
7872
6453
9390
4486
780
3329
8101
8268
1954
5436
8784
7042
2032
5543
4739
6312
9722
9452
8707
5854
536
2798
1355
8958
1949
370
4398
6222
4580
5232
4503
946
2850
4088
9897
3159
1773
1649
3700
2059
5959
7190
763
8822
5781
486
2800
6004
3527
4191
2051
4016
1821
837
9949
9077
3950
8934
585
1926
5163
3957
1904
3292
587
9944
8542
8494
6238
392
4974
9402
7858
5228
9523
2590
1113
34
827
3549
6988
1919
2607
430
1172
3650
9512
2846
3356
1178
8813
9438
9889
3627
2636
6434
6176
5603
9413
7740
3995
6216
1693
836
2803
6145
9311
1171
6579
659
39
2577
386
2493
386
8649
3514
5332
8993
4813
2189
2160
819
7480
9931
2346
4031
5231
7028
5795
5053
2863
2017
5198
2464
1752
9843
5351
8893
609
5334
5058
224
7114
5087
3552
3794
3361
6616
4848
3458
5153
6453
8160
7524
1914
3801
3975
8349
5067
8471
3353
2636
8391
6461
4000
5068
8625
1386
7286
3898
7458
845
9470
1324
1742
5892
5589
878
5075
5839
7342
9614
3558
1357
6637
9262
7824
8770
430
9371
2694
755
8190
9657
7221
7216
2683
3813
3460
9691
178
2594
3813
1303
844
3936
275
2488
9431
9493
4718
3023
4649
4199
4419
2069
8360
1640
5904
512
5709
9437
8509
6474
9085
6639
7330
2551
1948
8548
8656
9764
1974
8524
280
8762
3894
5
4683
659
6041
7398
6236
5937
874
3175
9543
3923
2617
7651
8151
8704
3621
2551
5150
5671
6412
9305
2007
382
3865
6355
8549
1039
6705
6942
3567
120
1353
8928
3348
5867
4548
9411
8010
9139
6079
4044
5203
2397
2108
9920
5138
4858
3184
6522
120
4985
1090
7569
9293
6904
3188
6426
6511
4888
8132
4966
2064
4562
4232
5185
6056
6841
4286
4527
1215
7579
339
367
3424
24
6232
1601
864
116
5033
3407
6026
4589
6718
3349
5678
1579
5661
9006
6799
6334
6319
4629
8590
950
1750
6587
8116
3923
8455
7513
2264
4022
5421
3621
8940
4608
5450
1024
8018
5474
3569
5196
2034
5162
3057
7798
1931
9275
5675
9139
3315
1057
3509
4516
9302
8850
6817
4827
2883
3367
6216
4125
545
3511
2319
9500
5673
5072
119
2310
3321
5927
6592
4462
5354
1149
3121
7714
2376
8495
3925
9350
216
1580
1764
8369
1389
2895
6909
7656
710
8054
7692
4326
8464
4645
4147
3561
8310
3250
8667
1553
9027
909
3195
6763
6749
2792
920
1763
2378
1488
6102
8142
9040
8091
7736
3253
2453
5410
2035
6824
791
776
2739
5320
9450
5890
7829
2562
1428
8950
43
4328
2823
6431
1302
504
1524
9266
82
924
3820
5447
9253
3001
1448
8151
9765
8181
1381
9411
444
3003
655
3004
2324
6756
8083
4771
8436
3319
3405
2097
10
9018
5625
1995
9075
476
3805
3923
8178
2880
5333
9337
7743
7891
9589
8630
4083
7935
1460
2833
4813
1715
223
4814
615
6747
4643
702
779
2061
9874
5998
7690
6647
6439
2407
2329
260
9113
2663
7657
3455
6567
7800
6473
3214
2417
369
7359
9695
3474
1201
5354
3710
7847
4026
5124
2604
8381
3608
3532
1196
8598
7475
5358
1140
4577
3076
5513
7283
1230
5883
2434
9410
5293
2410
3035
3190
4691
989
8694
9766
6389
201
4598
4974
3725
5263
3530
3206
2106
2922
7227
3368
6820
7181
4131
8186
1593
4892
18
7922
9822
6978
3122
4687
1669
5908
9125
1660
165
6123
5612
8439
8357
7675
2013
6747
9047
5880
7382
8132
557
1445
4258
2337
1464
3710
1254
1422
9520
5241
8893
2763
6667
725
6462
3241
7998
841
6393
2300
6177
7858
8331
8625
3518
2027
8486
6843
7792
4366
4212
1315
7897
5955
9520
9744
377
8118
6140
7357
4454
1031
5933
967
6227
4790
9385
53
7612
7886
3142
7489
358
5197
2813
9934
9042
9554
8037
7013
2735
9069
494
3364
6401
8534
9697
8256
6113
3574
7312
7913
1290
499
5225
5994
2199
9676
8048
5409
2877
9851
2275
3315
3730
9860
5322
1362
5287
9768
3552
9107
1257
8741
9327
2836
5941
4339
5263
6267
9946
6018
2716
4569
1500
8463
546
2848
5412
4728
282
5821
4279
8557
9811
9026
7550
9919
8324
6332
3878
7014
6049
1606
9070
3766
7926
6611
4375
6881
1773
1192
8303
7201
4165
2845
36
1470
6903
5066
4979
5256
118
3885
674
4048
2364
287
1307
1639
9088
445
6839
7423
5919
3733
1975
5227
8239
7174
2999
7287
725
2604
4386
8524
2927
7930
6183
402
1177
1528
1860
7478
1363
1462
4710
6073
1064
2065
4519
947
6141
5729
2065
3430
9735
2039
6089
8574
318
8520
1155
1099
1612
9438
4274
8757
1419
1003
6132
3063
3116
8602
3359
2387
2357
2322
9276
4224
5196
917
8828
5185
5091
7454
6384
3165
1409
2250
6660
3173
9503
1119
8462
6296
7038
8099
1237
7637
681
4446
257
5209
6793
5335
9446
2218
5286
8690
415
6032
7763
2289
3644
4513
6162
6828
5318
148
3069
5278
8302
4123
3394
9198
8917
2872
6017
6146
6884
3959
5732
2144
7075
5569
908
6012
1841
631
872
5659
3807
8933
9941
3513
8754
827
5918
9559
880
3509
5743
5771
10000
1059
5261
3608
1817
2057
1363
1183
4269
2991
563
4552
3207
1542
252
3601
14
2020
6967
3812
1124
5169
5836
439
1339
8596
2643
4474
810
8756
4533
6701
7716
344
2295
9803
4495
4839
6169
1370
7617
6410
7863
9252
1785
2504
5009
9554
3481
4259
2692
7800
3877
8216
2420
6264
8281
6400
3965
3574
9398
7071
904
7398
9927
8312
5773
6335
3757
5156
4404
9522
3157
1399
1001
3548
9182
9072
5474
4280
5446
8923
6784
2572
2128
7659
367
2500
7407
6303
5714
7481
4219
1341
4586
6842
1007
9377
2963
9370
7338
5074
8701
2680
8384
8347
7010
4255
6684
5131
8927
7199
9463
3484
1291
5534
88
7842
7255
4685
6212
1655
819
5565
9335
7496
1460
1999
6385
3740
1542
8282
9448
5642
1276
2110
9974
7770
9322
4733
4870
3101
9026
8859
7838
8842
2980
1812
3983
4005
8042
1830
6449
2322
4250
2509
6579
3370
1713
1437
4739
2584
8966
4610
5170
9827
7532
6178
2864
9101
8653
1263
4608
3836
1249
7519
256
244
4741
4041
693
9366
377
4188
706
9609
9671
6589
425
2357
5262
6507
7601
9732
7429
9594
8202
7
1038
1251
4734
5954
1656
8426
7319
767
9235
4096
7507
3172
7745
3679
8714
7477
7063
5267
3
5274
3714
5024
953
4696
7536
713
4458
4053
6222
4558
5267
549
6192
2451
5055
716
9962
9979
1013
9484
9076
5345
7551
286
4825
4466
9748
39
9253
753
5488
441
2250
5050
3938
8806
6822
6847
2815
4671
93
3442
3379
229
5143
1943
9314
2695
1653
498
6920
5706
4337
5249
896
1141
5624
2368
352
3851
8524
3382
2229
6293
9988
1404
3408
1164
4104
1075
9414
6438
4556
5533
1783
3649
9140
65
2521
7938
5707
3773
9563
600
3571
5151
6300
9011
7820
2300
6446
5024
9578
7119
7010
4189
6349
8530
6070
6698
2088
9291
5355
8486
4949
9802
7842
6375
2933
5810
6047
4004
4567
9129
3411
6969
3932
5392
1351
3630
3069
8585
732
9519
9487
6877
1064
7121
4148
3435
6676
2334
9614
1203
5860
7029
2854
5351
5402
4967
2094
4304
2232
7124
359
7801
4494
3428
9020
3441
5614
9677
2278
7612
7092
1265
7263
6860
3075
5750
7442
3707
6838
5966
5542
7899
6626
735
9087
4310
7253
3982
9525
1096
9342
9570
9568
2407
3945
1126
9803
8696
4584
7175
6862
7350
2930
982
8148
9888
7825
1011
3468
487
6080
89
6095
7196
4370
2129
5620
9899
7474
1568
267
1682
6984
504
1882
7465
7707
7265
8899
5001
3841
7564
5726
7065
7034
9517
3496
5783
8835
8138
8814
8335
6056
5541
8062
6292
8368
2126
6898
6073
254
8365
982
3543
834
2001
3179
3335
9305
9080
355
8302
3775
2726
8063
4499
4043
4191
626
7810
6128
8322
9859
2122
9064
3348
722
8114
8836
1614
8434
5058
3021
7966
5300
6058
8796
6489
3999
2915
2271
934
9507
9760
6112
5657
5238
5153
281
9803
407
6049
3611
6302
2966
849
7320
2366
7768
6017
3122
5170
1133
1411
2327
7628
1726
8077
6453
5563
8127
3640
7771
4282
5900
4289
6172
5905
3930
1424
5362
368
6580
2328
4840
3349
8151
6736
4718
4740
3496
4827
6818
7764
7299
3799
406
6418
179
3217
3769
7611
1406
343
8679
4047
3485
1058
3321
2749
8125
6444
4415
4166
4018
8869
1132
85
1763
561
705
7899
852
3108
7842
9048
1329
4791
3019
8916
3138
4788
1854
82
2920
8245
4441
1681
8595
3535
8484
2501
2727
3208
45
3485
2099
9659
8596
1629
410
7006
4000
5841
4821
8436
1744
5844
4174
804
459
1131
7174
117
4767
4283
318
1151
4189
5327
3579
1373
890
4856
5610
5013
5598
8495
4804
691
5580
6631
2703
5017
8477
8583
1619
6600
8944
2183
5026
2991
1423
4301
1917
7950
1427
6155
8428
145
2302
7919
6214
8342
8325
1081
3419
1054
9973
6736
1914
7325
6870
4193
5789
7869
8017
3925
6300
888
9213
1045
3534
4709
5907
8030
9036
5433
491
771
3614
567
9904
8297
5046
8003
1596
7731
9595
773
917
3221
9736
1988
529
7197
2575
6487
2145
2415
6901
7268
4373
4145
2848
8623
7626
700
7170
2085
6313
1498
5941
7731
7190
4329
927
5871
1711
7788
8144
6412
5686
9931
3062
2839
1935
8952
9957
8021
3141
8136
5935
2211
8333
4840
9022
3245
7282
9324
4295
265
4601
6190
7318
4334
5837
7094
9492
5880
1791
3600
2098
2382
7775
8696
5420
4186
2607
7140
799
9200
4069
8252
2621
9013
6522
973
1510
4127
1680
6007
9330
5654
4742
6570
5835
4881
9170
2859
9670
8280
6392
6421
5161
7076
6903
2593
5911
4607
3120
5499
6453
3327
2215
1969
7730
3119
7078
7230
9064
8197
7994
2578
9891
3029
4623
5559
3175
3696
1043
5465
8218
5040
2607
9203
3405
9602
7865
5363
295
640
3301
9391
5961
8808
7418
3377
9938
9193
7986
6614
3999
3872
4933
6283
446
9683
5186
4267
5531
9296
3555
3929
9075
2500
9624
1503
7508
3597
8039
7944
9464
498
3494
9101
2853
7103
7179
178
259
5842
2745
6724
1293
5091
4301
1846
8562
1205
2012
37
6593
9623
9243
6951
7573
2300
7956
239
219
9501
9473
3481
7815
6244
5608
5039
7859
5211
7361
5383
7235
1729
7022
2570
2398
3012
4532
8810
3700
4383
6318
2565
5251
2902
438
3942
8027
8309
1005
8403
1941
3090
3572
7954
6885
7190
1792
6277
4543
8736
7595
2569
9976
1796
1280
7408
9328
2290
8
9032
3046
7082
2784
8533
5264
3393
3103
8177
7734
5099
1766
9651
8549
5757
2296
3028
551
5405
416
7264
9518
5144
8747
866
6270
6928
1114
4395
1079
2528
6332
6200
9181
7098
7216
2621
435
9496
612
3812
1717
3572
5323
4798
1841
9277
7072
7318
6308
7237
5486
1297
884
1666
4602
1147
7050
4570
6526
8889
3820
9529
9828
6180
5876
3048
9534
8722
2944
4620
7627
4683
4189
1106
1955
9336
8584
8496
6698
2434
3450
9483
2858
2441
7454
3994
9974
2327
2414
2763
3491
5270
4628
3562
2969
7624
769
5820
4494
9834
3321
4679
8900
768
8183
6553
7371
4401
2182
6089
3269
7567
5385
5804
2690
3180
9514
5269
1892
291
342
3366
7312
610
8447
7055
8789
4275
7586
7867
4648
7973
3643
9083
8153
336
78
5033
9444
4117
2080
2869
5830
5819
502
6540
2260
966
3903
4361
6167
2009
2048
4615
42
4009
8241
9564
4401
853
3270
3258
207
7019
7542
6769
8504
7579
4311
224
3963
6355
6360
2709
4668
2575
563
6862
1265
6763
6983
583
94
6287
3349
9174
5676
9883
6524
4801
2491
4794
6825
4028
7333
9453
6083
4389
1084
6296
2166
4095
1791
3580
667
3219
4040
2826
3115
9191
7615
1716
4987
3012
4676
9414
6872
1639
8538
2302
5027
6139
2691
3123
9741
9797
85
8601
4893
8780
6940
6321
9746
8584
7583
2957
2173
5529
2241
3405
8592
6477
4200
103
885
4708
657
5452
8396
3292
8427
2333
7829
1455
7987
6511
3122
3293
6973
3225
9399
9019
5440
7022
8541
4341
5272
2984
2439
8421
6292
3655
6215
354
5158
6153
5119
5619
9146
7167
3579
4207
6085
523
6103
8705
4753
3643
1320
7134
6558
7494
3360
8862
9667
6374
4664
6314
6321
1461
1084
6210
9975
9343
5570
8384
9818
6067
9272
9011
7248
2340
6675
5368
2453
1364
2278
2127
6954
9425
7569
5230
1334
6677
252
7142
3315
7228
5368
204
4403
7541
3077
9832
2430
9221
2516
8006
7530
251
2273
4462
4159
2482
7747
5837
4194
8614
8974
5325
6376
6832
9114
7587
5381
4830
7696
5108
5726
3140
6261
9117
6599
7569
8999
925
9529
2135
6427
2792
3093
6755
4896
7877
2568
887
3631
3236
451
6868
6437
507
7366
5573
6929
3573
4455
4763
1724
8120
5587
8319
7329
3001
8907
9675
6572
2635
3364
3325
4545
8029
2311
1032
1496
3704
694
986
2027
4016
978
2466
582
2898
7617
8875
9279
9814
6764
98
3357
624
6819
367
8676
4088
853
3942
3466
5423
6895
6140
4018
1907
8948
3467
2144
1332
8485
531
4409
9280
9349
8930
2822
5975
7512
2207
496
211
9640
5564
5097
3302
4138
8144
3702
6835
4705
73
1570
5816
1486
918
9249
979
2950
8209
6194
4294
7747
4762
5755
1670
6725
7987
4228
2913
1454
7942
533
5918
1366
4142
6406
7291
151
2674
3667
4002
4702
5771
8156
2342
4184
9922
3078
7509
9785
3869
7857
4285
4929
1139
4966
1121
156
7760
833
9984
8007
552
6986
1006
1708
3252
6100
8922
8613
6129
3574
3448
3295
8593
3868
3729
4047
1100
5902
812
6342
7898
3603
250
1777
5997
509
3441
3188
3292
2925
6404
9886
1829
3172
5283
9365
7340
7811
75
6834
8584
6815
8124
2264
1264
5643
2549
371
615
7761
9151
8056
8290
8643
8298
5865
3305
8100
4459
5054
9593
8983
4584
6056
5995
7201
7812
4391
5869
7737
5205
1739
6613
9446
9681
1444
2883
6239
7645
341
8431
3415
6503
7245
8242
9855
253
9365
4891
8710
4059
6430
817
4763
6379
7121
3787
4990
5199
7297
7820
8562
580
4933
4836
8666
5987
2509
6157
4014
8289
6844
3640
1500
7162
675
5099
52
1760
7482
7832
9357
1150
1883
2039
6804
1544
2361
7295
8251
2301
1217
1174
8107
9307
7196
5099
7157
4136
3387
7452
5452
5763
5674
8644
5807
5661
6320
9221
8821
4423
4959
7518
1581
6053
4524
9022
4250
2807
3375
1129
4211
4967
9119
2550
3783
4818
9229
1649
5925
9295
4413
1758
2584
7932
6034
683
8297
6911
3795
5165
3990
8680
894
4956
6076
4075
9692
7481
8802
8219
655
4134
1602
9426
6904
6068
2972
272
4130
313
5185
7196
8485
8817
5781
394
8883
9379
8148
215
4448
407
3100
336
3947
8499
6947
9456
2113
3225
8813
7818
1568
4073
4287
7922
6669
8755
2554
8983
539
1387
2865
9053
5415
1776
678
2844
6543
7714
4163
8868
622
7309
7861
5131
170
5662
4670
274
9645
8665
2056
1514
2735
8005
2081
9286
7644
2660
2992
9794
8237
375
3366
3810
1900
3720
2946
6910
8977
3346
9222
1547
7868
18
5591
5326
7988
5174
3222
6733
6773
5228
2871
8266
7555
4325
9454
7564
277
4291
4264
2822
9959
7174
267
3560
3561
2806
222
6559
7436
8203
7561
3273
2314
9919
3677
4406
5156
8287
3588
9325
4713
6752
5440
8041
7295
5927
4648
2830
4533
981
9798
3893
3913
8671
5378
7134
457
5280
4851
1496
8912
7351
2365
4857
5880
753
7044
7858
4608
9260
4465
8555
2721
8763
2241
1614
9329
9475
8918
3618
5430
9422
3099
3190
6682
8476
9001
2955
1497
6462
6609
5985
7954
6118
5622
4310
4632
5905
6527
4707
4376
8542
6542
8614
7266
4963
8447
4885
8898
2672
6756
1680
2116
2088
6384
4839
3189
5122
1805
5469
8402
817
2723
3162
5012
715
4394
6514
9069
4719
7229
918
7657
692
9320
1131
3135
4176
1828
7164
5449
8151
3605
5903
4374
3794
1631
3790
8381
7311
2816
1231
6671
783
8815
1125
9638
3833
7173
5820
2311
2450
1563
5117
9246
323
7348
7467
1628
1973
5480
6011
861
1811
8896
1997
1626
225
5599
3715
3592
8910
4971
5519
9714
3201
7342
4832
7675
8416
4805
2312
6406
8990
999
2459
3614
3585
2454
323
6967
5873
5640
1701
1632
9364
9809
7752
5511
2216
1483
4318
3541
2548
456
973
3980
7173
9099
3450
9115
2528
7207
641
3067
4278
4236
86
3178
4465
1943
4794
2543
5888
8823
6355
4388
1628
3347
678
5445
2150
1947
6973
3218
7612
4433
209
9114
1391
5650
3088
1966
8351
3168
86
5419
4574
4856
4537
2013
5577
8355
6957
3305
4478
2198
6520
1767
9173
3538
6898
2742
5019
4194
106
3832
4974
6249
1811
7279
7752
1168
9483
4604
8249
6811
2047
2329
3689
83
6589
987
3413
4559
6679
2748
7721
6085
7681
6979
2841
4198
7548
7221
9942
2802
9666
8293
2075
5231
4475
180
6806
6034
5952
459
3325
1836
7156
9717
4733
5262
1597
8777
3736
4420
9856
996
3639
2215
6033
1934
7208
9041
8126
8990
9991
469
9499
8222
5168
6761
193
5420
150
2551
137
891
4592
2751
9172
7027
8442
8085
631
7706
3388
1254
2493
8324
7465
6504
3218
8281
9136
2705
7608
861
3268
8305
9959
6423
4453
3952
7969
7029
4650
1980
8599
4095
6987
5932
4914
2076
6084
4029
451
7693
2331
9505
6935
1981
1998
2257
4549
7626
4473
6793
4208
3096
9425
865
2947
3756
9045
9742
1199
3584
2405
1980
6628
9663
4724
3650
5188
4568
8439
4113
6821
1673
7948
3219
4220
6787
9031
7841
3192
9014
5086
8344
9607
1608
2827
3487
2109
2077
5775
9102
3299
9421
2048
2276
4571
9123
7482
7611
5579
5187
4205
1027
824
8203
225
8558
4163
37
5456
1430
6774
9390
2553
619
5022
5604
7731
7397
1353
4674
5303
3289
7941
7014
2106
7767
578
8690
3945
5330
9137
939
7627
5168
6302
4536
3856
3940
4495
2428
2057
3122
2415
6793
3726
1756
7009
8280
9808
2388
1835
698
327
5259
6632
7887
1102
8511
4968
1253
9074
7055
3779
5460
93
804
5936
95
3489
5552
8582
5172
5676
772
3495
2825
9066
3132
5122
4210
6507
4436
3816
8557
1012
3694
4690
9974
7780
3800
3656
3595
9300
3411
7096
2242
205
7395
1583
2662
9271
4654
823
5596
9475
2420
7561
7523
2889
5348
9668
7645
9083
3280
8098
9898
8119
923
6684
2133
3649
5205
7190
9102
3172
32
4549
841
7285
3819
2154
9644
9074
4496
5698
2141
1248
7564
51
6496
78
5751
5107
370
2075
6961
4820
5200
3397
1115
117
9907
881
47
7775
1464
4196
9807
3570
1458
6491
4303
1642
3181
2671
1456
9681
6188
4150
8115
2018
4782
4403
6416
7341
4817
9641
243
5231
5448
4812
1640
5508
9733
4461
4390
7113
7767
8293
3349
7575
13
8698
5560
1398
7932
5872
9741
8427
6927
1535
5924
5058
5175
6798
270
3891
8467
4324
9637
6091
2810
9274
3240
7196
5874
7304
926
612
6479
7646
3315
5854
229
9
1138
2786
3081
6469
3362
3476
6500
8944
1095
2436
751
4767
646
4613
7302
5495
765
8325
982
1994
1885
6383
7105
443
1660
4886
7822
3758
1536
2795
1175
6973
767
1953
6145
9122
8025
5775
2067
8286
2347
8971
8574
8248
3748
5404
6725
5815
4262
1990
5840
9842
8471
4514
3681
4201
5663
3626
8477
6730
6913
4037
383
8746
8979
1710
3973
705
2051
85
1690
7411
1183
7182
8591
6959
2969
3459
1081
7566
8684
4861
9086
4016
8883
3086
2
7415
4692
2894
5356
2682
8327
7654
8894
823
8333
799
9311
2838
3968
4896
2137
4886
2305
1381
3137
7786
3969
9337
7738
8478
8418
4351
1306
7437
8348
1050
2580
8025
3587
32
4438
4718
185
6067
5462
769
2078
6553
3085
9107
7956
5417
4646
6029
9559
2709
9594
6597
4164
18
3097
5578
7402
7725
8209
917
5237
7212
6633
1024
7842
8916
1388
7429
7213
287
6916
2119
699
6143
6718
5612
6793
10
1477
2246
9948
1532
5116
5555
1408
8845
3570
127
5580
9607
6659
1150
5290
1904
5328
3567
5369
6455
589
806
5759
6852
8319
2174
546
8289
8075
7270
8043
4683
8475
2625
1875
3965
3714
9355
4696
3731
4405
227
1888
3503
558
1549
1701
7769
7331
3022
6703
4564
8730
3327
6732
6780
4018
3323
5586
3195
4994
867
2880
2012
5091
1781
4510
6258
9814
9825
8175
9778
4750
5036
9134
4756
379
8863
4233
5930
6924
6309
1227
5957
7023
1206
5838
9600
388
4808
4582
8085
9717
3971
1381
9288
9264
2752
6606
9702
9754
6322
2600
8911
2691
3870
4126
7135
5474
2455
1509
2070
4419
88
2149
4887
7355
9062
7255
6557
7532
8959
7988
1657
7039
6021
6603
9048
4190
6759
6435
8362
3284
8893
2604
8545
9229
1067
9637
7534
201
9589
3559
6479
8467
425
9321
213
9593
9251
9233
3727
6150
4837
6502
7228
5398
8971
9820
7361
2952
7085
2877
7167
2351
2271
586
3405
5341
5595
2040
3398
7394
9729
101
7220
539
2907
5305
9907
9306
5749
9228
2185
2655
8292
5707
4493
4820
3383
9713
3171
5055
7309
8615
9217
9736
8294
6263
4129
3350
5121
9467
2303
2972
1275
9147
7691
2831
2153
8858
2824
5374
8462
5384
2422
2759
91
9466
4014
8628
8216
1814
623
9691
4802
4985
1698
6516
7182
3990
7190
2665
9876
3167
8203
1083
7169
9665
8090
722
4718
6916
4065
8871
7244
4477
8554
8257
4599
4669
5878
3926
8703
6415
8995
9570
3462
8162
7490
3136
321
9277
5466
7735
3995
4602
6996
2709
2899
979
2854
1343
7165
975
3125
9025
2029
7147
3095
1156
4868
839
7629
8882
6559
5334
5964
7153
8092
7455
8431
8310
6878
6012
3829
4598
3897
7013
7230
3406
5298
4611
1713
2733
9538
1902
9710
9418
1166
2730
8577
317
8858
6886
9903
1140
7623
590
5906
7
7561
8313
1990
7798
2212
9668
4058
8798
3591
5123
6054
3954
5507
8432
2260
3372
2737
8864
369
8460
2999
9347
1727
5660
3786
1898
8102
6692
6953
9263
4908
8345
6202
8247
395
2071
5800
7003
3000
821
332
8636
7586
1685
2436
4041
4737
4361
4741
7416
432
5954
433
5223
1897
5480
8515
8012
6178
292
9066
6832
2871
469
1920
2829
6894
3613
7915
3719
8441
4264
722
7267
4588
1046
3184
9452
4882
8408
7875
9123
8066
7794
1466
3182
7485
3971
8242
3592
1854
3172
3859
496
1868
5723
1483
585
8128
5569
3973
4694
2669
6901
610
7218
5441
7125
5269
5837
6260
3702
7019
6052
6030
9575
6600
4154
1097
6028
6220
3167
7678
5364
2451
5204
2223
5231
4292
8133
4554
671
9655
8986
9083
2786
1044
5331
6876
8614
3255
2492
9865
9903
3625
9316
333
679
9169
1989
4331
1194
2133
8841
7859
3135
6672
6877
3275
5643
9643
1713
3666
39
7025
5071
4257
5483
6009
4630
8339
8412
5460
1991
4303
7387
1627
2684
1350
9061
8067
6024
9061
8782
2747
821
5827
4172
3960
370
3477
7371
4484
3635
7452
2602
1275
5160
1190
521
1408
4739
5518
2093
1350
4070
511
2967
4106
427
1338
5375
3278
9389
473
6386
4803
4440
3116
7939
1491
6593
4600
295
4334
493
3548
5303
2913
5320
9622
7925
2184
9686
7967
201
6938
7156
2058
5982
7116
1422
2126
4136
8314
4773
4482
1468
9340
5996
6321
6415
6976
649
8053
6948
6141
6783
7416
9069
2168
2253
2939
8858
7491
5392
1345
1226
1951
8747
8213
2242
503
4530
9458
7203
6187
9
297
882
4526
3494
6109
4567
5407
6748
4281
4629
9733
6249
2749
8844
3440
7633
1158
3441
37
6222
528
2903
4165
7382
3531
7998
1336
5885
3685
4465
5581
1589
9492
7089
251
5386
1909
9512
4831
8022
7790
382
560
9405
9467
9882
914
2152
6612
9604
5556
7263
9016
5483
7154
3284
1580
3510
1068
8396
81
1359
3380
5341
9322
6659
8033
1569
9050
4753
426
577
1323
4212
5558
9209
194
7402
3656
7349
2793
2424
9630
7437
6507
3720
1212
5777
1030
5967
1169
6631
4545
443
116
3683
2073
2171
7235
8868
838
9532
8723
4862
7277
7615
6615
5889
6311
2082
4251
550
5220
2230
9781
3887
9487
1628
9884
4385
1547
8547
6063
454
3785
8854
6689
2501
896
9406
9450
6100
9762
8364
4418
5977
1645
8060
189
3863
6783
3533
3471
2615
2470
2770
7762
825
213
7013
3414
5322
5192
5692
9503
8055
7763
5007
32
3914
1610
3968
7449
2092
4459
4901
1800
5660
1453
9890
9354
3490
6712
4889
2108
8339
9202
3178
3030
5079
5769
745
8730
5367
2689
660
1523
6197
9134
5529
7518
7007
1101
6703
4724
6819
685
2191
481
8660
1685
1797
3738
8947
3830
6586
975
670
1833
2667
5364
4183
5706
3562
9577
355
1745
3969
6040
3758
3002
3843
6217
3181
2287
3013
8729
6511
2065
1761
5052
5075
1640
6211
9105
3361
4796
4222
4777
4929
6450
5889
2597
9635
7648
7064
3134
7562
5938
8437
1053
7241
3900
1401
9540
5805
9646
9606
9999
7789
2001
9795
1468
3984
2942
2235
5683
1290
2909
1118
2372
4700
711
5204
4940
8946
2340
5074
5941
8632
4493
4647
3731
5267
5847
5629
3339
6716
9062
3094
269
6176
6054
8
2723
5275
7770
3098
9701
9700
3049
3324
8949
9516
237
7116
4156
5483
118
9075
2983
893
7335
9373
9752
2721
8057
1557
8513
1362
9908
9305
5836
7020
7483
7678
2493
6588
2406
6747
5823
2030
3800
7931
4716
9513
6005
8061
5603
1767
605
6395
3630
5826
4632
5262
7710
545
1203
9078
5704
1278
5742
7265
7871
744
9439
3853
2853
9771
7500
1572
8623
5503
9352
1853
6969
9851
4612
9714
7405
66
7448
4650
379
1049
4786
526
7238
4697
3969
7345
6943
2679
510
9382
1957
9936
2419
3645
9105
5218
5824
5361
3752
208
7198
4815
1880
2763
612
1032
748
8367
9720
2799
8485
2952
1102
5422
7535
1537
1448
1504
4496
2781
3615
3816
115
1191
6955
9766
5737
7412
5410
1481
8202
7130
461
9630
2073
6346
6473
8325
8025
2222
7979
1678
3444
9809
2404
5307
8593
6455
2773
9977
9691
9486
3339
6729
9224
8665
2210
7346
9373
859
6711
2979
7722
3134
5213
3853
8135
816
2670
4066
4053
3968
983
2173
7248
8611
6596
7606
8409
5674
8722
9852
6580
9880
2713
8656
889
6252
4841
3601
8943
661
7697
4889
9426
3975
7983
3927
6190
4208
7015
8972
4814
1707
4661
4992
1083
6135
5936
3482
2992
7288
5281
4939
4033
187
2870
9943
7607
8567
3484
9074
5154
2127
6565
4016
5792
7946
535
7569
5027
5102
468
7380
5109
8256
7131
9840
3116
5245
3686
7779
2443
7894
234
9196
4420
7906
3168
7083
8674
425
7126
3151
4233
6437
2331
1025
2984
3711
2214
8315
4331
6435
1413
825
7406
8563
5580
2497
8771
7677
3896
7868
5083
5463
7959
3241
3281
3535
7165
1768
6477
854
9506
3096
707
562
8349
3447
2088
4095
1263
8508
3291
1628
7436
8336
9599
4710
8852
4605
8277
4614
6234
9014
410
3871
4089
8525
3032
1922
9521
9397
205
2063
1777
8616
8722
6290
4658
1829
6084
2612
4769
4700
7993
1506
5239
1740
2915
5626
4629
2729
7003
8076
396
8167
2616
5871
3625
7668
5060
2814
7255
18
3114
2515
7182
206
1585
6383
6148
3052
2397
4423
2801
2118
3883
7892
402
8254
3218
2103
1041
7798
4704
6832
2388
2752
4768
7143
9295
3947
6767
488
3666
3577
3720
7254
4297
8049
3639
8339
4175
2747
5425
1898
7330
7906
2939
9222
7887
4624
4984
5586
4201
3012
9582
3230
2305
290
9124
1467
8218
3938
5638
4141
5661
1665
756
2357
200
4169
5400
9511
8631
366
1324
7981
317
2211
9712
5771
9483
3368
6589
4107
7432
6422
9469
2449
9202
6185
9108
6846
3170
4571
4905
5986
9557
7602
4038
4760
9077
5559
4216
6981
1430
613
8904
9678
4587
6432
2299
4238
3067
7619
213
4313
1758
2503
5228
6855
3603
5184
4203
5087
2863
8572
7193
9465
4949
3856
1692
2846
72
8837
7684
7743
6072
7422
7475
2570
1688
3380
7737
6305
6236
6132
7939
7695
3676
5951
1479
8309
3661
5565
6931
1943
4840
6865
7676
7914
270
8140
3814
223
8890
4238
8914
8352
7650
772
3329
9707
7587
8111
8637
905
6840
9789
773
5835
1603
7206
3948
7162
3385
9377
4094
6445
7239
271
3412
2330
698
5468
4968
6410
3942
8901
1544
5264
418
140
5348
2952
6822
558
6643
8017
1975
3061
4679
6779
6374
3542
1255
7680
6043
4235
2766
6321
1269
7818
5031
898
3248
1435
4957
8788
2609
8456
9850
2130
2705
243
7827
6635
5200
9257
3575
1535
4681
8121
4107
6649
4515
6410
9111
8359
9419
8667
6839
7694
892
1182
5001
2190
3238
6174
7868
3651
8990
9394
808
2829
4191
7154
2819
1178
5844
4474
482
459
2518
3444
1001
4532
7525
5067
4064
9857
2648
6568
242
3648
3860
1614
9516
1970
1773
2874
463
1829
3026
2650
2291
4294
7909
4168
1233
720
6976
1417
2112
2330
178
4484
7097
1661
8629
8065
7734
7706
3884
3729
7143
6528
1193
9869
2732
7536
5118
5234
1411
2315
1682
6435
3837
6433
6311
8899
2983
9312
535
710
9912
9755
2797
1458
6796
4250
2313
5476
1408
4262
735
2841
6701
6853
5428
8919
5408
5884
2564
1862
2741
6294
2722
8346
7216
7576
6165
3150
2526
4101
4031
4752
4534
7537
9334
1830
139
9144
2601
457
4157
426
7177
3376
9903
8865
5959
5887
7940
441
1406
1825
2244
7548
6755
1805
6199
2291
3162
628
8819
8542
6587
4531
3931
386
6674
489
4014
2861
2675
9484
3784
399
4530
856
3796
1522
2325
933
5563
4464
5691
6835
8614
1687
3669
3447
3693
6206
299
5438
3746
3360
6178
6356
9756
2652
428
7644
8031
8491
4426
9638
2273
3511
2954
1167
8296
1142
9547
5939
3344
2934
7928
1073
1592
2426
4135
6559
773
6411
9478
4524
1919
3333
3156
3659
8893
1108
7435
4325
2802
6066
9227
7987
3991
4688
583
6473
9761
6284
8077
3926
7733
5469
2401
9236
7274
1677
4265
520
1465
2361
9025
6105
102
3724
7324
5989
9491
8450
8777
6367
8174
5890
9778
1454
228
1209
430
8319
2265
5002
5304
1368
2175
4141
8482
5683
9436
5214
940
3829
707
8426
6502
2016
2859
4377
6487
9619
1181
896
5884
8871
9055
7368
4431
8699
8171
1130
3500
123
6839
1139
1949
3089
8231
5373
117
7253
6011
1433
8502
6476
1965
5274
2313
7208
9685
1435
546
2265
8246
3237
2937
5760
381
1792
4371
8701
5037
6813
6523
6963
6785
4874
9781
8358
776
3876
766
4079
2248
8885
9706
4775
3455
3852
4206
4487
914
7845
7470
5572
9281
3025
7581
7036
1508
4321
4899
9306
9519
7207
5908
4761
2410
1043
6173
9497
3909
348
7960
2315
2420
9340
5743
2611
1582
493
6456
3288
3160
8414
3654
1901
5361
1546
8145
1420
7106
6874
8538
1287
3961
5761
9273
4227
3123
4513
4626
9770
9405
8868
2476
4796
7552
7275
2660
1914
9140
5305
8130
6193
7779
8639
8594
589
961
4017
762
3926
4577
7851
762
2774
4620
9456
9952
7271
7496
3484
9092
1265
7230
3304
8994
379
397
8789
5246
3394
4453
9083
3908
7607
9538
2119
3715
473
4752
5058
9158
5697
717
3290
882
6501
4309
1053
6274
1460
6837
3424
1415
4646
9682
3064
519
4950
4541
9900
1622
3700
8631
6998
2050
9781
5786
6970
1931
4246
8736
8965
790
4561
8223
316
6450
6867
6197
7416
8700
4482
4304
9811
5599
5662
7179
1952
2023
44
7007
1437
5455
2590
3455
2407
1650
4291
1490
8514
1775
9677
1255
3795
2511
6301
856
113
8222
6928
3798
8349
3380
2821
4837
2879
650
2433
3562
3802
8764
2945
6196
2238
9220
2984
2662
837
1708
8328
2385
9583
6264
3617
8615
1325
5262
3099
260
2379
4487
9622
4070
6392
823
9074
8105
7054
6894
6884
1217
4652
6447
2456
5380
2625
2140
9878
8895
1780
1853
6972
6517
310
6041
9185
9832
4858
5398
80
5398
1514
5718
1800
9723
4396
8103
1098
6871
715
6926
2711
8156
3225
4091
1015
4369
5817
9065
2034
1785
2887
6172
7882
3421
6956
1142
8993
5746
3729
8472
1027
3625
8841
7800
2573
2955
4710
4088
7752
6100
2294
2301
9903
9701
4608
5428
2853
2444
7657
2593
5426
5165
9970
6222
4512
9834
6669
1871
86
3529
8729
1936
3040
4658
6476
3442
277
4518
6715
4121
2382
3866
2632
5685
1864
8798
2645
6781
2246
9729
8343
6053
7013
7573
6883
7149
514
4410
5426
4300
3096
3592
5088
8851
8721
4162
8652
4399
2227
7409
7590
6359
2022
2410
9239
3993
8815
3115
6518
2893
1285
1903
1382
3937
5340
7352
7914
6063
3773
2750
3247
1608
9022
2742
6243
7602
5663
5828
5216
5806
6758
6603
9423
6227
9169
1753
9069
8278
4851
2054
2930
5643
7043
9118
3531
4087
210
3099
696
873
7512
6226
8239
1364
2774
3137
6924
3028
4034
9851
3077
3158
4617
9794
9502
22
9630
1971
4310
5245
1480
5599
795
298
2295
3031
4530
4616
1600
4454
8522
6032
9613
8402
8458
3195
9972
1103
7823
8761
9200
3409
2504
4317
7933
1032
4908
9384
9479
5757
5888
8528
6116
8994
509
6785
3902
3882
3461
2255
6001
6582
6897
1709
8857
5941
6647
2188
7537
6472
4777
9801
150
3490
744
3169
2168
2488
6988
7300
3418
3067
9012
1445
7325
7078
1841
658
5647
9534
5447
2560
6056
5048
6986
4215
5102
3078
702
8384
6730
4191
237
8336
3393
3752
1072
8507
4349
2832
4363
2517
8181
6340
2423
2829
4086
2726
154
4641
7393
2500
2232
8619
3424
7373
7119
274
7170
9259
6157
4306
7292
3648
7348
3165
7937
4750
7389
7986
7141
9235
4568
1487
7183
1680
6772
9825
3569
6080
6932
8130
2680
5023
4448
7579
4243
1399
3824
8913
3039
1893
1649
688
7444
8505
4900
8500
2314
874
9138
3300
8617
2603
6381
9809
5041
8391
413
6661
7116
7011
9261
756
2999
3854
7396
2268
2410
2282
4253
1497
2835
8165
8147
1651
7719
2335
2373
3855
3890
4387
4660
2565
9347
6582
41
7818
658
2052
7105
9227
1033
600
3621
9220
934
821
2745
9222
1065
8913
8205
6901
7810
9270
245
8822
7747
2525
8500
4125
5888
8933
2188
6857
8224
6986
8851
6737
6120
7628
6029
8100
4362
1128
4307
1533
240
449
8051
9418
6832
3081
5313
3085
7036
599
6834
6341
2989
905
5071
3161
5078
2549
5727
8815
5756
763
1687
1888
6589
769
7135
1729
6363
2861
8082
218
8006
2809
4609
6773
4096
4762
9355
1112
556
4526
1966
6022
5242
9265
561
2125
8970
9741
3069
7382
5940
2144
7960
1463
2086
5614
9506
5407
2037
4697
8053
2378
373
2668
3365
9348
9389
4727
9392
4545
7527
983
2381
6673
697
8752
8349
8110
2635
5319
6583
6573
3851
3536
9425
6294
8161
9919
1138
9169
2863
6063
8161
7264
792
1559
7018
6344
929
2936
739
4933
3825
641
3743
876
3650
1524
9491
10
3558
1134
5148
5071
7330
4426
5002
1964
4300
1086
5353
692
1443
9645
2781
8601
6797
1819
651
3769
4458
9991
5909
4107
4193
7441
9523
612
6258
2117
9090
5301
4042
5156
5471
3806
1631
7173
4133
8261
3338
1390
1797
3953
9940
5463
2844
4820
6395
832
34
3092
1399
5015
1673
3942
6485
6810
304
5613
9363
7507
3603
5746
2182
5668
4150
1654
8668
371
8302
1255
3188
561
3031
732
3046
571
5650
3784
882
4684
892
4526
7923
9138
5444
1879
1375
519
995
6860
8311
2768
2976
6058
6188
4615
9396
6536
9414
7246
9167
1040
2718
2700
7178
5303
1068
2648
677
58
3682
1619
3876
808
764
7572
7005
6357
6141
5996
8048
2103
6604
9915
3753
5511
7428
4129
2032
977
7212
9537
6765
4585
1867
4748
2325
2670
3247
4921
1504
5662
6724
7891
5006
6108
2063
7207
3028
3578
9741
6459
2780
7212
8330
6073
8009
2652
2202
3853
3417
7403
2110
1287
8886
8955
2011
525
7435
6699
7763
5906
8421
7489
6422
1764
1788
3700
6923
2020
4370
7428
372
4986
7376
7991
4726
1935
3982
2439
7253
5587
150
4361
4582
2777
6471
3816
2616
9326
974
3302
2255
5422
2389
3308
3942
9139
6572
2806
7068
1858
9321
8507
5410
4171
4374
7649
680
5565
1290
1407
4100
5993
3900
4650
510
369
5201
6703
7972
1463
9491
633
1154
1834
3475
7353
1483
3048
4200
9348
6204
125
4033
608
1354
3258
3401
8491
7395
6301
7146
8711
3374
7443
2802
8360
7574
2575
8645
1184
6544
5785
499
1519
9953
800
8767
724
1483
4517
5720
2664
868
8781
4359
8009
9680
6126
7275
8838
171
2952
8111
4245
6372
7244
8656
5987
2215
2999
8954
8134
8696
9692
6879
4336
5588
6398
2046
4128
541
5664
9448
6658
6987
9713
3286
1199
2831
4432
8107
9751
8201
6320
6381
6185
2274
3967
2757
5277
1962
9397
581
7282
1660
6602
1340
7461
9337
505
4952
9078
7113
1449
4906
5395
7269
759
5356
8797
1578
7784
6201
244
7896
6734
3300
6669
619
5919
868
7331
1630
1170
3182
4577
376
146
7391
8283
9398
4521
1779
8323
2061
5581
3490
3159
5007
9883
8811
1435
6744
3539
2799
9649
2888
9994
3445
4326
1164
9495
43
2107
8442
8756
1394
5788
3117
1734
2263
9756
8573
9799
2070
1788
8465
9169
1573
3388
6499
583
8638
3983
803
5325
8250
1686
7619
36
6025
3958
9284
5622
2000
4532
5256
8349
2475
458
9405
7914
8311
814
3909
5464
9244
5960
2402
8842
9359
3328
199
5998
7801
3101
673
9214
2773
6454
2847
454
8028
5454
460
8842
8254
3849
6478
9313
5589
6716
7152
3547
73
9219
2071
9085
570
240
7306
2606
4141
8975
5705
7867
8886
9743
6417
5072
4465
8608
4329
3082
6156
6531
1451
40
5668
3854
8453
1530
3470
7287
817
5566
8779
339
4611
6409
8848
6379
5427
7803
6747
9074
1346
9428
7266
7900
4789
7655
3528
9192
9865
1312
2588
657
7310
9296
97
2734
5618
773
5772
523
322
6762
9545
6376
9683
3958
8184
2843
215
8757
9860
2197
8843
3388
9976
7328
8019
9365
2918
9808
2777
2069
7800
6446
6505
1817
4300
6040
6266
8292
1999
6024
2502
2622
4551
4003
3090
9197
5682
6977
9783
6360
7128
6075
1123
7598
1046
9762
5742
1054
7264
1113
1033
7075
6511
2208
5275
8593
1140
4504
7762
4685
2573
1205
1890
1204
6512
3598
3318
4148
6305
4304
5048
7463
1637
8349
1606
4570
7392
7655
4357
8265
7409
8329
4208
1639
9674
5042
2132
58
5187
7363
3423
614
7602
7198
5368
7143
3019
9066
1045
6607
2303
8647
6146
7967
1350
2108
8990
5020
8281
9188
1646
8638
1086
5173
3732
8390
9054
2455
9664
4186
7853
3093
4267
2387
7981
5920
4229
9325
6533
4111
7683
1464
3280
1367
5647
9090
753
6445
4667
6994
5303
8479
7192
8081
5424
6157
2031
3382
4180
8204
6255
5835
370
5787
2616
5990
8116
8792
708
9191
3833
3589
7851
5961
4045
8997
1261
3110
1893
3164
1772
4245
1667
4384
6197
797
3424
1688
7095
8812
2757
6956
2873
8153
8877
9314
4429
7525
91
2500
3729
8513
3540
9783
46
1426
3874
7841
1692
7918
2136
4611
6338
4933
7811
5482
411
4585
2289
1217
8870
8740
5367
8453
8526
5323
5398
5840
9889
8020
8752
3962
1121
8453
4702
2175
6807
3323
849
5539
9327
271
299
6307
9761
2838
1633
3114
5937
6646
1190
4777
1340
7373
6258
4477
8441
415
9590
5216
2811
7767
9801
8265
3458
4565
9450
1554
2715
11
5369
3730
9702
6072
3553
8236
5958
1087
8177
9617
9377
9244
7167
3119
6523
7460
4928
1410
8956
85
774
6354
8708
5782
8908
5542
8252
3108
7861
856
7981
2503
3899
752
7978
7647
9677
1160
885
8432
5501
3772
9110
6997
8812
9944
3834
18
9687
8822
2631
2238
4110
9827
2415
3179
7528
8323
9062
2471
2554
1692
8467
7637
9042
9672
905
1579
7871
5778
6328
8579
4579
7895
5464
9938
77
4896
222
5283
8075
6213
9131
4255
1460
6181
6269
7108
9827
8006
758
7824
5941
9486
3490
4814
5633
2409
7823
6586
8573
9275
6977
2634
1393
7353
2338
3904
8040
4729
5995
2936
5537
4905
9491
3261
206
6887
4187
4452
1862
7069
7025
7031
2118
9782
9734
8142
8423
4736
7944
3992
9232
9284
2482
8467
9537
5951
8044
4016
5306
6061
4450
2876
263
5015
7575
9391
2604
6164
4216
5678
5791
3863
1705
1691
9835
8222
5013
8850
8857
4122
9349
722
7815
701
3555
9268
2905
5033
1631
420
6128
7263
351
1269
2506
4796
1234
5511
7169
4467
5008
3652
4677
2080
1388
5282
899
7995
6739
522
1235
2535
557
9494
4234
4592
8194
5542
2358
5670
4882
3467
8386
9268
299
6557
7252
1018
4728
6614
7340
7580
7514
4561
1660
8436
8222
7543
1462
9863
9568
945
2636
3623
7154
2368
1755
453
4119
2864
6569
7777
7798
3878
9014
4882
7362
4037
4635
6993
972
1523
5804
2767
69
601
1481
3221
1649
2557
8977
4187
8686
2838
3877
3356
5299
9647
2087
3346
6643
1403
7544
5470
4773
7210
1969
1980
9933
7550
6996
6553
44
4475
5732
3228
9754
6176
807
6470
8029
4859
2346
1666
2235
3977
771
723
9580
5424
1786
3862
7541
5254
4277
6922
45
2371
4744
6468
7936
8275
5876
1570
3560
3037
6703
3541
4397
4239
8052
2446
8524
381
1697
4341
6640
1221
721
1181
7992
8008
817
3115
2339
5835
7940
7902
1606
9753
9933
8204
9453
5093
506
9438
3033
111
2788
2056
10
7298
6792
2597
1605
5374
723
3743
5978
5904
184
3508
6000
8793
4030
327
7473
3628
8401
8757
3356
4706
5344
4853
8244
9721
5265
3898
1916
8528
4161
5979
967
9029
2378
4756
353
4927
9671
6881
5595
2354
9950
2910
748
2256
3638
8775
5097
5776
7900
5524
9609
657
4926
5374
6938
5709
5174
7182
9281
5163
2916
256
6537
3879
6341
7586
6129
2084
7768
4312
4525
7598
3275
4259
3288
1180
6213
6354
53
1450
6591
5684
1537
3989
1520
3101
3526
2328
5852
6805
8989
416
4981
1539
8739
9500
8815
1572
8374
4081
8122
6239
9990
386
5997
4744
3437
1376
2071
7830
3913
5884
7014
813
6732
5304
3077
2578
5405
7151
2764
6454
74
1361
5743
1779
9618
6373
4684
5683
3534
1243
7594
7459
1322
7708
6196
4098
5293
1334
7702
3586
2493
1105
927
5586
2478
3450
9023
9551
5068
9274
5265
1160
7648
6649
5716
9409
1814
3485
6701
5768
8714
833
4643
6530
6645
5593
3250
614
5238
1592
9231
9700
6116
4011
7045
7837
5506
7489
6381
5458
3336
5257
1606
7524
5154
3502
477
8917
3320
6566
2691
9362
8595
1667
4225
4940
3195
5189
2
6472
9026
5612
1242
2689
1564
4245
2718
1706
8330
4291
2745
9607
4425
5311
7287
8896
9534
8836
5629
9579
1263
393
9182
3427
3101
782
2052
2823
1545
2197
2510
5737
8019
728
3610
8832
6355
954
627
4039
5414
5227
9538
6737
1330
6690
2049
2107
4687
6236
9010
7873
7947
9426
5576
3233
7552
9893
3441
9350
8635
7714
140
5215
9678
511
6458
5238
8584
6528
9686
5169
7929
6106
890
3544
4940
5739
8840
8579
4593
4974
9326
6319
855
4328
2881
6515
5855
8690
5486
2764
1890
4038
7501
2417
2381
516
4022
2072
753
8701
3377
848
4240
414
5760
7371
8706
5423
8918
3276
936
886
5763
8373
9401
2794
2181
2213
2367
487
3356
7277
7980
5068
1131
3582
1723
6826
3992
2266
588
5728
5021
1470
7182
8196
1518
4021
1013
6979
3807
9809
4137
3920
2387
4336
3248
9215
8200
2862
3344
3636
9307
568
6519
9910
6009
2680
9211
1407
710
5689
4627
3407
8846
1996
7011
9659
3345
6325
3169
3101
5085
5317
8288
4009
8933
7800
9964
6682
6836
9989
1403
1813
5904
823
3990
9731
6052
2308
7680
7593
923
6141
5497
1023
7483
9702
850
8182
1374
6155
8742
5965
255
2996
724
5296
4077
5117
9947
3792
1183
5205
8696
4627
2021
3840
2931
6413
6548
2019
4378
6012
943
4329
6467
3839
7158
6437
758
9566
8146
3751
8847
1829
2881
2376
599
4054
8809
278
3198
3940
8403
9724
1607
6938
9804
1777
7044
6681
375
1192
7796
671
3742
5472
3517
4584
2290
104
9823
7945
1327
1580
5674
3014
2252
1505
4428
8309
8096
218
6450
397
1257
4395
1262
3419
3378
3175
3428
1033
9151
5870
5816
9849
5263
782
8129
6575
8610
4515
4576
2815
4660
5646
18
3840
4001
3507
802
4801
8924
677
3067
1768
5670
1738
5713
568
9498
2713
9945
976
7530
7031
4799
5138
4849
2094
2398
6193
6717
2657
9005
3914
8085
2701
1227
1575
4381
7606
9063
7075
2333
8681
1672
8344
3968
1245
1757
2141
528
7796
2843
2990
7425
9575
8253
4059
9257
3515
8205
7589
5710
5886
6683
4425
3118
2104
9292
3247
1941
7449
234
1865
1004
4338
7227
9928
1922
6365
5786
5978
9794
410
7265
2075
3587
5783
3064
8957
8594
7845
8332
2408
24
7889
4659
2928
4613
203
6870
1392
1465
9735
3265
2752
4381
1338
6047
9294
9425
5671
3534
5816
7230
8092
6755
1262
4331
3046
4872
4090
3876
7698
5657
6201
7301
8915
7330
6289
6904
1387
9770
4202
1760
2415
1721
9917
2260
9116
482
3768
3049
8996
3104
4370
694
9945
8252
2700
7505
6917
4473
3615
2066
1351
7477
852
7526
368
338
2988
6994
7035
3041
2440
7439
5344
4330
845
3175
5688
5793
8351
1537
7327
702
9285
25
2406
9073
8050
7624
8118
9062
1632
7075
8334
5036
5379
8246
4314
2546
7532
3659
1131
1952
4930
9361
8726
7663
1527
8117
8776
1714
447
3429
2510
2629
2988
2524
8690
2897
2729
9482
6826
7864
4976
6744
377
1733
6281
3079
1056
2113
9915
7383
6046
6753
1404
9198
6833
4706
6924
4149
9928
9054
2509
9315
8388
1465
601
7255
5335
7706
3393
4589
7287
3273
5840
5902
6690
12
8327
3440
8912
5148
9683
2751
3984
811
7090
1620
5666
8688
1612
4043
8349
901
5260
2721
7401
5364
7847
9418
4048
2823
3176
6986
4028
9428
6802
8699
4086
3870
6289
8748
1917
7758
2792
638
7629
8212
546
2251
2000
2191
8089
8471
4920
5770
5403
9978
4988
2097
9151
8265
1214
6705
4731
8477
9249
7338
641
8806
5740
396
4175
9753
5573
1042
2086
2129
8402
1114
4503
6372
9851
140
1832
9951
2448
3171
8573
3249
5150
5904
9385
5161
2295
8061
9462
3216
7341
6979
3553
6652
8000
4537
83
2654
1903
8186
1850
4222
4889
1437
4814
6494
2717
5442
3254
7209
1261
6910
4994
7010
3993
4770
2056
6104
9803
2499
4848
2255
489
6612
3195
5245
381
9947
202
6919
2250
3443
1595
5795
4288
57
732
3011
8253
5536
2364
9998
120
6822
3582
2058
2282
8401
4173
2525
1253
3209
6710
3986
1646
7474
5875
2538
939
8715
5162
5652
7942
899
9301
5294
6244
5970
8949
4510
2803
7135
4408
2898
9514
9262
3841
1483
7132
1219
7396
3564
411
6549
854
2819
1412
7945
7430
8315
5578
4582
7829
2024
828
9625
8252
764
6333
5063
3112
1026
3454
4076
5605
2609
8772
267
2683
7182
5707
7308
6777
5928
212
15
2347
2531
2744
9787
7199
5211
5636
7815
8748
9842
4938
5992
9701
7180
9267
3555
5054
2293
9755
9349
6158
178
759
9501
9208
4113
54
9849
1642
7762
4400
9798
6612
8994
4730
1749
8442
9737
3936
6698
3563
3064
7071
6370
6132
432
6330
4189
8959
1824
1606
7083
1230
3839
2529
7764
3479
8379
1689
624
7040
5661
3112
9532
5045
6860
7786
672
5911
1792
4525
7390
7966
143
4508
8022
2199
137
5564
7824
1920
5495
3496
4614
8151
5047
6191
368
4589
7539
9889
6834
812
3110
3820
5620
293
9817
9661
7269
8359
4994
8697
8874
906
9512
9795
7465
3477
7294
5717
9189
1260
6012
7278
6178
6723
4562
2073
9891
6404
1859
6774
3388
1200
91
7073
9018
7688
4614
7547
60
5359
4172
3285
3634
7032
8918
6334
4581
3179
9059
2477
5682
5180
5248
2408
5203
7175
214
9068
1518
4174
1998
2356
1519
1358
3806
6129
7552
8240
6815
4323
9651
555
7289
2263
8593
5521
4759
2930
5136
5823
2736
9035
7417
6341
786
4398
1819
6026
5259
8669
4171
1043
3530
9477
1609
1822
5244
2790
5080
4266
4111
7375
6773
9663
1609
7566
3884
4003
4779
1524
7198
5941
3764
9739
1936
9926
249
8868
782
4648
4746
7743
2321
1139
994
2517
1547
8357
3200
1363
3715
2722
6930
9365
9433
1919
8097
2845
1883
4618
2152
3993
9972
4845
2988
7111
2513
273
9700
6023
2698
9126
1281
9063
3123
5193
1849
3220
2111
5383
5560
2300
8991
3679
7940
633
8822
5051
220
6093
2050
584
4509
7374
6204
4161
8332
6025
2872
3902
8353
453
8410
2786
5385
7097
255
625
1318
432
6382
844
480
9923
4311
9427
6831
7579
5508
6260
1636
8856
6625
7744
9616
799
5584
7052
6777
3832
7991
8353
1692
1895
8406
6512
7442
258
4892
3789
9153
5400
9603
5778
3577
8816
4501
6375
585
6098
6870
6609
618
7939
826
2387
2785
7051
9748
2834
153
4951
4081
8786
9923
9071
6031
3788
5611
4493
9616
6438
963
3926
9713
5017
6899
4375
4739
6816
7381
4782
5326
8122
131
4276
1642
1833
2295
1944
7416
3882
6616
2949
7374
885
8021
6566
6751
4906
4659
6775
3805
1196
2659
1624
2247
9161
4121
2456
5103
9125
7820
6803
4802
5069
6018
8785
8011
1576
6115
6418
5357
4885
4499
485
576
1799
879
3321
7067
4464
2814
3901
2482
9538
1145
8185
1735
220
499
6157
8886
7823
8612
6070
7097
8460
7753
5040
861
7669
3415
7824
6158
7806
2187
2659
594
6985
4868
3332
1393
7928
4244
9603
6370
5854
8367
6558
6154
9686
3787
2738
5415
4158
7024
6754
7796
6586
278
1934
8979
7761
7702
254
5978
2647
4900
5225
6557
3168
9168
3906
3815
363
227
48
5466
9701
7948
8036
3696
3398
5819
4462
1731
1421
2157
2961
269
601
5760
5437
5958
67
6588
9082
7644
4671
9462
1434
3971
8932
8690
419
561
8639
3508
8002
3275
8089
1704
2176
4578
9669
3222
2549
3570
2287
660
6798
3359
6497
9204
1335
3027
5738
6367
4884
7844
5481
8042
2323
1378
9874
6365
920
2768
6257
4520
3911
2359
6980
1390
9465
7575
4369
6140
3249
1013
9349
2029
7817
9080
5601
7533
2978
3552
6473
7731
9662
6956
7048
4456
6053
5582
6135
1999
8680
5289
6102
1197
27
4328
414
753
786
6307
2066
6498
9395
3464
7350
4706
6
3765
2853
5670
6636
5059
8221
9745
9463
113
9259
3731
7871
3897
776
6004
4066
7774
4678
9647
406
4654
6759
5103
6298
2081
2039
6299
7069
6614
4138
9702
5673
4900
9581
8617
1276
8834
264
9491
3704
4908
236
4098
2744
8942
2713
52
2165
2805
382
861
5274
1739
5379
954
3989
8667
989
1832
5699
6516
6464
6612
9063
5501
2881
3788
6920
5796
685
7286
9004
8216
3189
5739
5082
2134
2360
5159
2494
6814
8575
3877
6097
4071
7167
3690
2378
3556
8442
5925
4443
7915
1703
6008
7806
1248
8258
1367
7974
5658
2464
2920
5696
8384
9336
8385
3820
1814
3883
4390
5803
4195
5368
7033
7531
6185
7905
7553
5137
4672
2042
5526
9615
6923
8108
8086
4003
3949
1133
8229
5686
4954
1568
7252
2168
3468
8654
7612
1529
4976
3501
2335
27
9449
4958
4284
7922
5663
5010
417
6099
897
6098
4915
4755
9671
7377
8168
7524
1914
6310
1018
1362
7642
7844
2696
6291
6832
3308
7112
5930
5406
3732
6058
3204
9671
4674
2039
4113
7257
1273
5089
1863
7142
9832
1361
942
6542
9550
53
8420
1266
9561
4849
425
1235
5604
5552
8945
5490
920
9082
6940
6395
1135
6546
5551
7174
9503
1391
580
8022
5216
6577
8587
2381
9740
3896
4008
6633
3733
3114
7330
6726
7404
4667
5787
1799
7471
8163
7049
149
3199
7305
9014
2927
9101
765
5039
6556
6653
3389
1548
8272
5988
855
3458
9347
435
8298
7953
5949
6831
7604
5748
2154
3579
6418
9429
8644
124
2317
817
1864
7087
4659
7357
7143
7010
7001
2030
1136
8545
277
1917
3431
7821
7131
5597
6298
721
4029
5202
570
9897
6919
8637
754
7929
8360
3911
876
3494
892
4005
8557
5849
3196
9662
6304
1907
2653
7795
524
6209
6204
1643
792
334
7594
1902
3327
304
5533
4230
3567
1687
7085
9592
681
159
6443
6602
2617
2977
1928
6513
8878
7108
976
4748
6231
1964
9782
1315
9653
2700
2459
524
6785
8022
6519
7338
2934
2842
8784
4617
1487
9131
9424
8934
1054
9294
775
9495
9440
577
6357
983
7207
2770
7509
169
4872
2747
2158
6425
6630
8349
1600
7094
8212
1425
1679
683
3295
5923
379
443
3577
4442
3817
7905
8334
7957
368
5136
1793
49
3579
1234
527
3366
9208
304
7915
9994
5515
234
6590
8473
2561
9788
8200
1199
7006
9408
76
1026
476
1035
6337
5986
1399
8228
1342
287
3803
706
7518
2027
9135
8662
2327
6760
9170
4363
5019
626
8629
4384
552
8007
1352
9727
8977
5203
9915
5144
774
4492
206
9930
3956
2528
2766
3102
5740
7839
9811
5165
3498
6878
3965
3861
9781
8694
785
9154
9886
3095
9790
9872
1776
7552
74
415
1672
6672
9845
1274
9309
4460
9736
1423
6384
4373
2274
6287
5941
474
8355
3008
3110
9801
6337
4707
6443
7710
4999
3100
2901
5479
3156
964
8628
9130
2842
6767
4700
9819
2630
3703
8133
7149
9445
3008
6898
9743
8983
658
5444
3792
4427
9121
9346
5344
1239
4585
4130
6861
6180
935
8859
9330
3975
476
102
3697
5609
4654
3700
6505
2389
9560
591
7007
2450
4293
3668
7639
8059
1974
2184
2728
3494
2176
7795
2379
3076
2216
7025
1766
4623
3681
7415
1248
135
8287
9775
9678
4946
1465
204
3009
3582
7585
5453
1367
4967
271
5596
1450
252
8340
8221
7205
3993
5210
2655
9502
7823
992
7123
6515
2480
4400
9370
5224
8598
8520
6691
8592
6444
9383
237
7484
3496
77
2404
3947
7474
9950
839
9079
9116
4586
2135
8875
2563
6000
3798
6759
3222
2699
8939
5199
3914
8279
2837
2506
7839
6815
6862
8004
251
536
262
3102
7335
4677
128
1837
2792
3078
3546
6085
2725
3478
7207
6671
1208
2580
9069
7402
6775
4089
6891
4879
6847
760
7828
8897
3787
9179
1187
4263
7486
8234
5889
7312
5731
9924
7126
8290
4950
1433
3920
3528
5007
3848
699
4559
4412
228
7461
8053
7484
1676
4627
2403
8846
7806
3734
2701
2853
8442
5585
7841
7875
3022
362
420
1093
252
9003
6337
9728
1860
9424
6072
7643
583
8305
7209
5829
9236
4502
973
6622
2
2576
7391
9294
3095
4919
7091
5034
6269
5437
4610
5008
6557
9449
4169
1881
335
1436
9211
9318
8691
6241
5871
1545
1568
9517
8736
1449
7614
8812
5633
4163
4415
7562
1810
1205
3924
8662
9917
5850
9161
5177
1129
2660
6203
8644
5846
3007
6606
3311
9708
678
5675
9551
591
8475
9116
2458
8126
6589
5159
9956
6327
7695
8279
1554
6385
5497
4998
3893
3663
9280
9768
7212
7088
2285
5829
5604
8588
6536
5721
5949
4403
3005
4903
768
7144
9087
3784
7781
549
6507
8951
1698
679
4600
3955
5220
5615
7334
7009
6474
325
1081
107
276
8781
630
3141
3473
211
6559
3519
390
3433
2728
9475
6483
7149
5863
4228
5725
8387
9346
8645
8697
1873
4850
5550
7885
7657
7068
9531
2957
5727
7622
7871
1694
3194
3881
8716
1961
8370
3746
613
728
5310
7297
3162
9719
7284
3999
9868
4030
6239
8628
3192
1313
7319
4065
9908
7257
1979
6320
4176
735
8287
9350
3343
3952
7345
4887
7278
6290
8002
1174
7647
2174
8298
186
2063
9222
2691
9363
6456
1481
9364
7126
8336
6683
9959
4505
2470
5327
5708
9289
3795
6884
5087
3107
7594
6652
8058
1631
201
3981
9015
7038
3241
7118
1724
2294
625
1735
299
7837
664
6402
1120
3659
2755
2211
400
4359
4728
7502
3852
1918
553
4138
177
8483
6313
9980
5151
8664
954
6276
3330
2939
480
9518
1363
2445
8747
5245
8922
5101
3111
3269
572
7146
1656
5787
9735
6396
2145
9072
5496
6937
7585
6945
7929
3501
1896
6562
6039
2941
2194
4636
9347
4039
5793
3422
512
2131
7086
3079
4944
6197
3835
3643
7980
825
576
7476
5422
7688
2611
4492
7393
6837
4897
5132
4677
1631
9299
2654
795
341
9655
8165
6028
4024
2667
2195
2836
5153
9740
7223
4286
8807
1477
3210
1043
7555
6137
1135
1196
888
558
4066
6422
7874
2256
7842
9704
7187
395
3623
794
7335
4663
6499
1913
7486
1311
4020
4469
4149
7592
2354
7704
1811
5280
1282
1883
1561
5731
3768
6969
4959
1892
5661
6401
7661
3932
5901
458
6251
4914
6324
3502
2040
8005
9625
1112
4532
1794
7575
6896
282
7905
8781
6517
589
1768
635
7924
5250
3020
4269
6702
5519
5823
8076
7940
5788
9062
803
6639
3758
1678
2434
1582
8804
8282
9182
4363
8186
6002
5875
8131
1939
9717
2231
7694
5794
7510
785
6415
8123
9835
3248
1810
3151
5033
3035
6833
486
6856
6911
2098
8062
5141
3075
8419
1837
9988
3097
4918
3570
185
6090
7328
8079
4136
9923
3980
4136
6303
5404
2404
1537
6246
8498
2102
3497
9858
1477
7361
5814
9572
4146
4080
7224
9853
847
5374
6765
4857
3491
2637
5168
1261
4818
3443
7679
4998
4437
3447
5248
1447
8938
4809
680
8134
4266
9392
2503
3170
2996
4494
2818
45
3430
3635
5473
7394
4141
1819
3276
6668
3844
6811
7022
9451
4170
345
7050
6782
5898
1962
3926
3300
7533
6883
8854
901
7258
9493
1955
1575
5512
8167
6924
8659
2969
8616
9923
7923
2326
9035
8930
2780
725
5153
459
9788
9613
125
1084
1234
5444
5976
7774
447
5394
1141
7141
3535
9877
2131
4602
1228
1910
6880
4725
1264
2830
4252
6296
6648
2409
799
491
2641
5412
8657
9148
648
4794
2331
2896
4349
4011
4732
2310
6149
18
7516
1694
304
6466
5455
4507
9460
9363
5060
2284
728
6146
4968
2817
3335
9113
3607
6181
8312
6174
1740
342
2534
4614
3634
7309
8827
2106
9813
5469
3760
7818
9105
4884
4698
7729
9292
6160
9750
3421
124
4382
5431
232
6679
461
2722
9956
2866
7767
5188
7426
1302
9380
8122
9745
4115
6086
2948
8489
9444
750
2996
8944
4366
7872
1827
1757
9977
1314
9879
6881
5412
2269
3940
2551
2323
1871
54
9766
1356
8941
5235
7540
3123
2647
9582
791
9853
4606
5999
1969
3513
2251
718
3777
8317
9115
8181
5657
6547
1153
9627
8163
9753
4641
6377
8613
8830
9014
7409
1101
7172
9180
9762
3169
2488
3166
2715
3509
4148
2999
9046
5102
8125
7947
6728
2260
1724
827
8055
3455
7950
7626
4970
1263
3888
7789
5591
9027
4224
2469
7171
8380
5017
3918
7074
7712
2590
9801
1622
7314
7015
5507
677
5386
4973
4812
5536
4193
4000
2393
3523
6309
1967
8032
84
6412
2136
3031
2960
9323
5801
4120
2753
7888
1114
5874
4416
4653
1635
9423
2959
5754
2628
6496
3056
695
2723
9600
6146
4291
5730
2708
38
6361
4104
4424
6592
843
3293
5416
9765
937
5661
342
5306
3197
7543
553
2254
2156
2411
6638
4185
8903
3911
2785
3600
7039
5825
713
5676
5102
191
580
7317
4934
3246
7686
2347
1067
8654
5321
4274
6830
8308
848
6701
1526
9759
658
5218
416
6651
4355
6151
9737
9656
7022
4766
2444
9199
806
1427
8309
3130
3831
7105
1986
7979
8413
7254
1935
8674
6646
2963
1790
4377
4744
1893
6856
7415
5114
4002
8657
127
5704
7852
9973
3459
2048
4505
7489
8389
9174
9457
3255
4895
5711
9476
5680
4795
4234
2690
9102
5020
6999
6727
9648
6366
2613
49
4943
3439
4374
2881
3337
6519
7387
2263
7186
4327
4110
6406
4422
4519
5244
3115
6352
8630
9002
5831
8956
3293
5296
7276
7312
8946
9823
9903
9148
754
107
5926
8860
9349
8192
3536
2900
5797
1920
1993
9927
8434
5539
8873
2174
536
687
6233
9572
5086
9694
8333
1714
256
6353
8794
178
1560
3937
7296
2627
2153
7325
2129
3781
2079
4395
6934
779
7739
2227
5367
9473
9399
3774
2037
8067
3076
3346
5685
2853
8263
6982
6063
2913
9521
5529
1242
4660
3101
2920
5273
4061
4169
4109
2806
9804
8352
9949
6853
9056
9846
9931
4168
6200
7334
8681
4225
610
4307
86
8764
6451
4341
3272
6748
4150
8479
9911
8933
8572
7798
6642
1374
8955
3861
1748
9557
5461
285
2912
2454
4616
5212
8247
6178
3897
8424
9052
9738
4753
1880
1539
6669
3010
7048
7670
8597
891
4995
4924
3746
7162
4835
4924
8647
5187
5062
2063
9957
3770
2952
4733
3367
8021
3352
1939
4797
4043
8936
351
2411
9656
4000
3307
643
9690
4284
2879
4170
235
6569
7802
5224
2689
2712
3669
6920
4876
5340
7892
2141
8869
9991
922
5323
7093
8836
9235
120
9794
3614
2996
7096
9295
9983
3276
3276
9669
5535
2769
1629
472
8619
6108
6241
757
2848
278
7253
2591
8899
3426
7903
4815
9736
1852
8137
9505
9563
9516
3739
106
3937
4382
4685
9168
6519
9436
4977
1239
1497
1765
8028
1173
7497
9593
7367
3835
6411
8599
2280
6804
9730
4095
8501
7388
95
921
349
4552
5114
1033
160
8008
8718
9064
4409
654
751
6925
6845
1868
430
6638
3455
4195
2603
5166
5544
9456
8212
4724
9364
6686
6196
3035
2125
1301
5191
9792
3165
222
3790
7213
9525
1491
8090
9025
783
2504
6844
8679
5638
6735
1433
3898
4614
7474
7825
672
8884
1763
6416
3389
464
9393
4129
6961
6926
6468
4766
3161
4490
2083
3411
4396
5414
2095
3476
6599
5524
2080
9552
4029
1498
2747
955
1248
6951
9611
8107
6335
5459
6461
7132
3988
6830
7890
760
7161
4281
4025
7614
2565
1462
9694
6209
9576
9331
7637
1025
8063
9598
9586
6292
8471
337
9521
4339
6591
169
4321
5472
826
9430
2624
7279
2745
1155
5946
8594
3627
3182
95
1531
2881
9215
8666
6455
8618
770
4705
7618
9129
755
8363
2358
7776
9509
5268
6333
8598
5848
333
3142
4840
3683
4664
2578
5113
3238
4889
1988
8075
241
3660
2728
8053
153
7240
7865
8381
1844
9122
3079
868
8704
9216
7301
5305
5861
6943
2673
3795
8106
7737
8239
917
516
6990
9351
1210
9390
1125
3053
6588
6046
8246
9290
9353
8091
3965
4003
8083
9741
9256
1931
7283
6268
8943
4398
2570
7372
8189
5709
3879
18
941
9062
6233
7715
6032
8388
1502
81
7256
9226
169
4583
5048
7327
2323
7819
4493
614
220
3255
3053
1825
6239
4416
7417
5066
8203
4008
7402
8084
6939
2560
6777
3314
5121
9795
9255
2814
44
6294
6208
7470
5009
302
4669
5465
1554
956
8948
2340
9793
121
4421
9387
9847
7673
361
9057
8765
9168
2076
2949
657
8190
9748
6730
3395
8964
3466
997
6935
9752
3980
2655
7036
5624
8958
8202
110
627
6125
428
7005
596
7728
9175
5948
6748
9047
8417
1936
8981
3964
5240
6144
6181
8655
4770
8493
2317
9207
6260
7296
3224
8669
9495
235
1892
8186
8865
9109
9716
4780
3793
7386
8489
1235
2206
6753
1620
7903
59
3772
8805
257
9218
5945
9059
1622
2036
6205
3242
3281
7207
5692
8900
5937
9046
7689
9492
7654
2095
6096
6504
5496
9710
9202
1386
2538
713
9248
8492
642
9171
51
1853
3084
1651
9886
4567
9739
3683
6501
6101
8280
4603
2110
5453
1441
6636
9938
1989
6309
4990
7124
4754
879
6250
5201
6433
698
2632
8773
5974
9441
1464
9858
187
3242
92
1988
2154
8382
9753
6064
1413
1964
4078
1446
8671
4231
4418
5008
4660
5638
471
5048
7692
6431
9626
7696
9955
5445
7862
2138
8696
8462
5414
106
8620
9070
3135
9631
7291
1759
6853
221
1670
4912
2381
4741
1257
1519
5382
4907
946
4602
3612
6123
6217
7197
3184
5966
3012
905
1011
8904
4919
2786
9564
9409
2854
5170
2555
8002
4807
657
8139
6277
4681
2014
1755
9261
4335
8279
1824
1686
6670
9087
8519
7078
220
411
5628
3979
1628
4468
645
7452
6589
2295
610
4238
4405
883
6262
723
5401
2122
7804
3949
2285
2597
4477
5566
6741
4445
2441
6928
545
4678
870
8180
2008
7652
4209
6251
9129
2682
2744
584
22
7722
782
8529
825
8150
9028
1854
5259
7844
1263
3790
8277
1072
3465
3608
1917
6213
1920
9364
6901
7501
1636
8683
4891
9833
3817
800
7989
6665
2740
1778
4397
4308
732
8393
6067
3200
1203
6217
8346
2130
5047
2306
7271
8174
5794
1375
3265
8600
1198
4286
874
7637
3928
7722
2982
6657
5098
1934
740
7230
2374
5468
9709
1943
9629
3170
2652
3481
2928
4978
6077
228
2757
2828
4119
5671
5510
2112
8877
5612
54
1305
7954
17
3972
7994
3960
127
7511
2446
4466
4635
5325
6164
6891
2074
7506
6778
1911
8542
7007
3427
2019
274
4663
5465
4565
9675
844
5280
9941
5272
6502
5071
465
9968
131
2448
9813
920
748
5348
353
3622
2782
3232
4290
1931
7123
8506
5485
766
1231
9322
1273
3616
7713
693
4095
8046
8408
6984
8950
1240
528
5819
7845
6878
2146
5518
3388
5836
8067
6391
4356
1966
7135
8454
837
2111
6311
4559
8397
4648
5678
9280
1701
2291
5464
7016
7601
8917
1692
2893
4650
5771
6219
1910
5052
5800
2034
1832
6227
7443
1053
238
2060
6356
2280
4831
7260
8766
1541
8131
5549
9835
1794
4172
1634
9749
4607
9649
4730
2825
6815
289
742
2219
1794
4261
296
6423
8285
7014
8352
6174
7586
9280
185
1681
6011
6306
6869
3832
5738
3752
3868
175
152
2020
8942
1315
5267
3124
655
4019
2900
9203
2123
2402
1262
3503
562
8477
2898
9874
7578
7762
2061
7505
8206
561
1316
2271
5925
749
7917
6066
1030
2606
4450
907
400
663
5840
3224
5162
1851
3917
1679
7192
5581
5125
9535
5346
9917
6442
7403
7572
4861
9376
7262
3990
6805
4938
9849
7974
7886
2346
5149
1824
2910
3908
5184
2861
1365
6974
4584
2847
5599
1897
2606
2909
9552
8839
9228
8852
1307
9443
4383
3614
2676
4519
9207
5770
6332
2643
2553
808
7322
7663
7296
1461
4995
2271
3079
87
4377
3386
8334
6580
7173
8432
2341
9170
689
8745
4969
992
7125
1660
4842
6613
4075
5009
6688
8449
3576
7858
2781
7714
7128
2919
9318
461
1422
4955
4212
1952
9482
4507
7017
2481
7129
639
8749
6073
6074
2370
7041
415
5253
8914
3320
6885
9960
3868
8362
5593
8434
9803
9036
5646
5553
4386
2433
9249
4480
3209
6923
2211
6339
4442
7526
790
9194
246
497
6546
7527
77
6948
4634
1086
4899
6719
1082
5385
2063
3650
4630
2424
3033
6364
1396
686
7378
3267
6168
2713
4748
7220
410
361
5103
6532
6893
320
6361
5126
8086
8561
4335
2683
4114
5426
8055
7228
5037
2969
2860
9572
2021
1186
322
1258
3694
3382
1264
6992
5019
4908
2157
5373
6031
6629
4790
2694
6822
7796
6689
845
6848
7109
1217
8829
4612
7631
2600
7070
9331
8755
3494
5987
7024
2174
2859
2519
3341
9889
6750
3709
3573
1427
6639
6595
2626
229
4384
9835
2844
9891
4164
9289
7850
4652
1423
9473
3028
1105
1467
210
6054
8393
8880
8084
294
6795
8038
4096
5608
9410
9975
937
4291
2413
4620
2905
7891
5673
8599
2917
1469
4681
3623
6445
2166
4623
4610
3009
382
6360
2042
1943
6762
253
7763
1604
7701
3258
4199
7933
3683
3102
2887
3201
9885
8936
8531
1616
1062
1820
5315
6363
8404
9056
7255
6260
8207
2178
9813
241
4954
544
8936
7026
6938
1990
6528
9408
5595
9853
2050
9769
7169
1741
4702
496
4773
1237
7417
7456
3519
2130
3966
7054
9091
386
9171
4930
1878
4882
9445
6177
8042
7227
5795
8581
7318
6485
2329
296
2872
366
8946
1959
2090
136
2810
8984
2910
2891
4452
2786
3036
2119
1993
2475
134
880
7251
9240
7326
2532
9663
1147
4975
3019
4305
7307
8733
5244
6981
2016
9985
7420
847
9818
7509
8397
8650
1477
8145
7456
7119
6805
6277
6663
3181
224
287
4668
6549
1306
5201
4032
1415
7303
4018
8182
5694
8145
3388
2594
3853
3092
9379
5500
1960
6127
4182
7282
1377
9972
1335
9357
3927
228
7674
8182
2456
9983
5214
6815
2605
1784
1908
6981
6992
4285
8216
9115
5856
9030
520
9268
2120
9440
5775
5392
3336
2686
1441
7139
5394
8470
3954
8683
6850
6746
3943
362
5408
558
7193
183
4628
4847
2437
6048
9471
3111
2936
5707
3413
8824
6490
8510
5463
4534
7776
475
647
2200
6698
6972
2979
4193
2348
1680
2519
9861
4047
2603
280
8573
210
7100
307
4462
2678
4453
7839
3267
1591
9788
555
1865
311
6844
4502
8009
3808
9003
5115
2093
9697
2307
7450
1152
8956
8407
1074
3681
2985
3665
3026
7051
6851
1126
8021
6566
767
2794
7570
8878
8080
9884
7980
357
8798
2615
8065
1204
5020
7049
3680
5781
3069
7658
304
7333
519
8480
7722
4689
9831
1414
3895
3410
6794
7753
2655
6770
7311
5796
2442
648
8252
5054
9838
5531
8180
6194
8166
361
3849
1930
9489
1931
8671
7552
7732
9155
2353
8639
7153
9427
719
152
2807
4008
7425
9391
9289
1493
2957
1360
45
4171
5442
3333
7194
7486
6750
7331
6954
8042
4604
6487
4287
1778
3091
5067
7934
2690
2715
2662
8943
9240
3949
9800
4081
7065
1568
3467
4737
1770
2389
3276
6973
9346
2917
5193
8123
4119
4488
269
4013
9037
8317
5099
8045
5136
2141
6399
1404
5975
9732
7924
8366
8652
1189
897
3620
635
3782
1214
6892
618
9057
1824
7037
665
7342
9228
8948
9524
6737
6412
9930
7945
8620
7114
202
1432
7271
2883
1892
6794
481
9216
4616
7893
6787
982
8259
4931
2245
5789
5064
94
3815
8465
6674
8233
8611
5608
1776
1097
9547
3490
6463
2177
9080
4678
9877
5915
8911
5987
2047
3015
1378
6347
9123
2424
524
6906
8499
964
5270
6863
25
4034
6543
3600
9563
8242
3678
9941
1485
6054
8677
8641
4471
5085
4232
6786
5219
8451
642
8830
2722
73
5692
7151
6517
7864
8430
5599
4901
9509
2640
9723
6840
4639
2031
3592
8377
3258
3078
7080
3881
2785
6746
3180
8265
3664
7554
4019
491
9400
4328
9796
6399
6091
481
430
1432
151
1465
8077
3014
7035
1952
3054
9438
3185
5612
9464
7593
2014
7538
2071
6185
4795
3261
7277
4050
3222
8726
5027
6933
6480
9407
9915
8324
2391
7446
5794
9494
4525
746
5333
9509
6922
7481
9905
6548
6314
5630
1605
379
9611
9229
1362
4028
7167
9538
5296
5663
4097
9394
4521
5711
6594
313
509
6312
6535
5215
685
8648
198
7035
4631
4291
3493
7708
2425
5781
4321
1387
1013
3949
2080
7429
698
1193
9167
6035
6816
3532
9275
4179
4538
9925
6894
5611
6200
7629
8239
9830
6372
8304
5831
7174
6117
6658
5786
7773
2564
4822
5305
9904
332
1761
7698
3372
7212
173
8565
9936
6206
3029
2
1472
1599
8138
3151
7219
9291
8627
7501
3178
6052
4731
881
572
5956
255
6560
5973
4531
5095
844
8517
1123
3197
9935
1029
7705
7863
9604
8703
5683
7247
5581
9847
8057
3992
585
996
6213
5978
5031
7741
6545
6168
2200
9349
282
3397
3767
4503
3481
4974
5412
1544
1226
2364
7469
5820
8881
1386
1692
3026
416
8136
4479
9620
4404
1967
313
8334
4490
2127
449
3048
9942
1274
7489
902
3447
5101
6040
2564
469
1805
7563
2805
9846
9021
566
3815
1717
790
6262
4391
4963
4010
7391
7878
6077
290
9251
232
5661
5598
3843
265
3534
6295
5949
7171
3968
6900
7546
9010
8853
8838
5367
7124
9824
6923
8547
4183
9844
2388
2157
4742
9123
3838
4456
233
8400
6424
5306
3481
8315
7941
5151
923
5403
8993
4792
7244
6411
4510
4584
160
7320
9939
4004
3606
2588
3476
1912
1093
1756
8540
3059
9092
3801
5761
7399
949
161
5356
2701
9545
6641
7121
1672
2878
4703
4264
6947
5627
7603
8615
1278
9824
5646
3266
3145
4474
2289
4083
8268
8266
2087
5515
246
5375
18
9203
6239
888
7341
9121
2572
600
6515
3103
9906
6317
9256
8881
2817
6169
5546
8865
8311
5517
4505
6776
672
7184
3677
4410
509
5927
1493
4942
6442
5585
8924
4330
3836
5999
1907
4719
9294
103
1296
903
3515
9713
80
8238
9820
9403
4025
1635
8694
2117
9030
8772
2148
22
5609
2807
6122
184
5047
1444
3362
3338
5735
2040
3196
6227
9129
5403
9353
4346
8470
1720
429
1890
1263
2142
3256
6806
8397
9418
3157
2188
4500
9416
1450
4255
4486
1912
2833
3926
3886
1576
7536
3923
9005
7440
5919
5318
2591
1543
1324
1661
5129
1448
5956
8720
6003
6621
1014
1239
8573
5180
8146
4128
2183
4149
2879
1461
5218
4050
6882
133
1812
8924
7911
5658
9112
695
9766
8732
5243
1877
5506
2418
9720
164
4405
4146
6628
845
8063
5861
2933
4370
5630
8121
383
765
8746
4086
1103
6457
5218
2258
1211
190
7535
8606
6418
6304
1498
9217
7195
6121
9511
4321
3236
9291
5686
8384
8138
6072
7647
9543
7924
1905
8878
5870
3316
708
1619
2384
2161
3345
3988
9310
6664
6834
4170
3384
9723
5352
1733
4557
6019
1253
65
103
7951
1276
450
7557
6171
7609
5822
8367
7538
5522
9931
7883
7041
3427
6412
7470
5421
4312
9002
5836
8347
6464
8222
9856
7547
8683
5818
4907
6659
7565
1179
3904
337
1554
8892
9385
6978
9106
636
2234
9252
9786
7865
388
6024
1400
622
6912
4496
779
2495
3169
1158
703
7300
7552
5535
4816
4743
5289
8411
7528
4454
4024
4134
8896
8352
5333
3461
6571
5553
5976
562
9797
4556
2580
2748
3266
2603
8186
5999
1781
8421
645
6595
9290
1450
7813
3724
7994
4504
2356
5813
6276
7094
3744
975
3751
7207
1453
2136
3002
7992
5723
3026
7667
2577
6920
9825
8197
3936
5681
6227
8103
839
76
1797
7397
8960
2335
1213
4655
2447
1179
1298
8772
9752
2420
7429
5579
7486
180
6592
1453
1844
3184
6788
2763
543
2589
3828
5721
6486
5118
7774
1797
4026
7674
2942
6582
9014
9563
1137
5321
1614
7145
6490
5621
1182
9214
2703
2105
9130
2892
1
4634
9230
6190
7235
8220
8592
2239
488
3318
6543
4150
8794
804
2701
5554
5148
2016
9190
8863
5841
9613
1395
7839
5546
7363
2388
56
8128
5362
5431
4029
7025
6299
3576
4983
3314
6907
3709
5942
3684
8525
962
9375
96
3307
1424
4428
378
9775
7827
3807
2252
4476
4064
9233
4394
3632
1746
4790
6078
2570
7664
3827
7030
2253
9099
749
6244
3162
3724
8813
6148
3318
7069
2108
694
7366
4377
9034
6051
7078
495
5816
3760
737
6071
5929
5246
9551
8306
1511
5714
2452
4957
2604
5680
9387
1704
8150
1519
3312
49
3711
690
7894
6054
4773
8818
7951
3358
7672
953
1023
9705
9548
7636
1560
8434
4224
7513
5175
1693
7084
2752
5937
3497
6140
6505
2676
7147
730
2879
7049
8418
3061
6642
3250
7543
6453
4329
460
2745
625
195
3452
653
1642
2303
3233
3795
5763
2955
9476
1627
3025
8251
6949
5736
6696
8608
9854
8806
1347
764
6413
2374
2782
5850
2528
8695
5003
5930
3139
3908
7593
5709
1299
5263
6797
7098
4904
465
8417
511
4105
8129
9255
3290
3050
7400
5827
1499
224
1999
2998
4243
7427
5517
9353
9048
2606
7787
2663
4306
7043
3609
7531
5668
4212
6849
1706
6104
1980
7612
9991
483
5024
1021
1107
2938
5326
8998
8496
4141
3498
5117
8118
4576
6558
7454
5045
4577
8937
4612
7288
9704
5560
7742
6555
4867
845
464
4753
9951
8412
2840
4988
5862
1971
3844
6983
5847
965
87
8905
3517
6328
4284
5490
4130
9523
5623
3977
1977
8873
6885
5775
5020
2289
2440
465
2688
1302
5832
3226
4086
3838
6731
8096
4364
7230
6241
5474
5101
145
4940
9271
1751
8314
8689
1665
359
9682
7824
2956
3242
6002
4935
8265
248
3917
4558
5042
2634
2044
7273
262
5730
9342
4555
5536
4231
2274
3415
1688
2623
9746
6580
7129
1240
7367
512
9805
2594
8698
8920
7946
5149
4393
794
3755
4336
1543
7798
16
7222
3818
5789
2467
704
2901
3058
9186
2630
1406
8414
5212
5006
7364
3329
4756
1160
6491
5054
8528
1512
2090
7458
1942
7949
4458
5429
2632
2570
2842
6774
5396
5123
1071
5434
9401
9391
3309
8106
2734
1957
7540
5404
3505
1464
195
1729
111
9858
5017
9535
345
4536
1275
5540
3908
8659
3837
2465
9753
2385
4550
4220
6180
2539
7046
8447
8744
7558
3142
8532
2254
1497
1466
1704
8630
8049
941
838
5628
2033
4842
5638
5561
1977
480
7246
9111
4784
210
9577
7035
2535
5356
3281
9058
3954
639
1664
4498
9030
3444
3222
9670
3586
4167
1331
129
7122
6684
1206
1685
5719
7024
673
9521
1324
7152
7331
4552
7858
4310
1237
3893
1050
8794
785
5771
3615
4493
8234
507
2505
1683
8597
7667
2100
1865
9985
2924
1387
2739
9761
283
9092
7844
4512
5300
1863
2129
2781
8367
9092
9176
5798
452
6951
2674
4487
7828
6498
400
8189
2470
6080
2369
6871
6514
6381
2785
3567
8986
8034
4022
9959
6631
249
7650
5181
6734
5640
3448
1897
4528
3344
1142
1349
348
5822
4337
1677
6680
4168
9437
5812
8834
6647
84
6432
6349
2578
5539
1894
8755
5969
1010
8019
9047
9890
6160
5165
5837
2369
9052
3924
8614
1696
990
3096
2207
3160
4071
534
5242
3267
524
3637
2539
1164
5535
9893
1922
8542
2027
9092
551
2576
5449
5331
6123
5404
626
56
5477
6392
5842
8098
3581
4326
5366
6716
4074
6163
7005
9335
1065
1048
1090
6976
1884
8342
2628
2942
9770
5097
4025
3239
8190
2410
438
4741
6580
3325
6208
3612
36
8930
7545
7968
3814
8263
221
1229
1604
9996
3541
849
1938
3730
8728
2562
5795
9144
8637
136
7273
1752
985
7524
2428
845
5486
6979
1651
2482
8662
5801
3415
5087
2688
8550
8546
4554
5180
5697
6837
4878
7856
4349
6705
4671
4043
4254
8810
9213
5676
9786
7912
4482
7910
1889
9429
113
2149
7792
3757
8853
4172
7658
9115
3964
7016
46
576
7494
4397
9384
8321
8764
9637
4167
6643
7916
4891
5532
3242
7075
7576
3539
9498
4665
7567
9888
1482
6417
1424
9850
2599
2904
4693
5805
8225
1518
1303
2916
5625
9293
7972
6143
2516
6892
8903
9134
2511
8530
7960
5674
6131
253
3178
6767
2149
7043
3124
9184
4388
2077
6424
7112
3317
1939
2974
8637
6120
3955
7716
3779
9741
3106
5572
7064
9037
4865
8141
271
2860
7693
6317
8584
8493
4482
4567
7510
635
8331
190
6074
16
2090
8659
3143
5258
766
7997
5192
9455
4484
5093
2503
4944
5310
5129
1127
2580
2444
7479
4761
1840
367
6361
6446
9458
4103
3221
3010
6835
7116
1950
594
1874
9234
8592
3350
5643
5327
3957
5186
1185
2166
8708
3241
7156
9796
6814
5693
1955
3706
254
8546
9820
8306
1462
9572
2266
3791
8457
264
9294
568
9448
3467
7357
5064
9743
8996
5772
1237
6126
7609
1225
9875
6836
5269
749
1796
5014
3159
2031
619
252
8702
7903
2608
5068
798
3885
6115
3373
3045
3124
126
2129
9826
3099
9696
1418
6178
9614
3992
2488
6840
6026
33
1282
5958
3962
3674
7620
1305
1173
9846
1409
816
2450
767
3006
7877
2298
764
2217
4545
9173
7858
3082
2735
7361
1914
1511
4660
5912
7765
7491
8014
2090
2235
3896
582
6686
741
9405
2890
3891
2037
601
9301
4389
2803
3229
2104
8598
2340
1281
3918
9364
5762
5733
6314
5940
4590
8398
1918
3388
8874
5785
7315
6159
3498
6705
8505
264
4575
7342
3567
9182
3722
7531
5158
2514
920
3919
9651
3510
6099
6406
9021
552
9644
1993
3501
6231
9682
4882
263
5438
7519
247
5667
5737
1782
9458
97
6174
4113
8538
7356
5038
2737
1927
5452
7498
9673
4264
2351
8773
3017
6586
1158
7964
2093
4102
5399
6124
1766
6037
2837
2242
7767
2654
1546
5513
4258
5697
6243
5986
2289
9072
4971
6081
9802
4888
1109
3303
7392
1494
8318
3609
3034
9017
595
6121
2998
5815
6845
3952
9548
4285
3761
5390
1961
1276
3315
523
7563
2190
9151
8801
9497
7658
6695
8075
6690
7633
1156
6921
3436
8365
6044
6946
4785
8965
7970
5083
9460
1537
464
146
1665
1608
4511
3863
4124
9813
4455
882
8230
7341
410
440
8212
9335
4968
2767
6047
8609
3565
9994
7356
7474
3319
8088
2266
7282
2662
8514
6212
671
3664
2252
9619
117
1063
2750
5548
2297
9501
4584
9121
9067
8891
2051
1417
2761
3606
5789
9690
5351
5597
6000
2627
984
4205
340
3655
8217
280
4948
8722
3125
4889
6984
1896
3351
3129
3386
5997
1439
6098
1726
1020
8374
9615
4003
676
7241
5411
6554
4163
6003
7503
896
9281
4380
7871
6180
815
3780
6364
3939
276
3440
2762
7278
1182
3744
6469
4042
2989
9313
416
7452
3149
1834
3851
1632
6020
6180
8479
3057
1903
4628
2444
9492
539
161
9346
8191
2798
9190
6850
7862
5260
7099
376
9653
9623
147
7380
7014
9168
9067
3022
6048
3581
5861
409
7858
4932
2005
6100
8094
6152
1054
6073
2293
8821
1813
4206
6316
9935
1943
8125
2805
3098
6238
4218
8907
9674
4869
5150
4876
5196
3070
2085
5544
4675
1795
5594
4449
7285
1898
2867
2309
3767
5277
8573
2522
9871
2225
5606
2091
171
7764
2326
6610
4764
685
4943
5852
3901
5924
7157
5679
8581
5862
8637
6518
3498
9145
7598
9003
5990
9638
8223
3596
5826
5638
855
1993
8405
141
6241
802
6281
9118
5078
6703
5132
8604
7660
8894
2125
9268
8327
7298
3804
7244
8243
5817
2903
7366
7107
7984
6469
4844
9478
1038
7918
7721
8666
6794
6853
9386
4915
7237
9544
9294
373
2622
1708
6344
5302
6057
6867
3272
8821
4557
5336
973
524
4599
602
8807
1145
3671
2045
2888
5409
313
9356
9489
6126
1298
8737
9961
3218
8288
2826
6146
5595
8751
3048
9708
7661
5380
6895
1843
9765
5994
2379
8846
3301
5175
4913
756
5642
8011
881
1342
5850
8284
9628
5574
6788
764
4188
5760
469
6310
8182
7824
2759
7745
7510
5324
2846
8169
6763
8993
6898
569
1572
7205
136
1048
9705
7395
5461
6072
2430
6986
6354
8208
606
3460
5252
2462
5279
5577
648
5977
9034
2260
5724
149
6597
3458
4212
610
9177
6271
8571
175
7027
3744
6493
7863
6160
7824
2548
6956
8271
4805
9847
4454
5732
4732
9233
5010
7689
8165
5859
3754
1589
9222
8242
7553
3785
2534
2928
5613
8595
4902
3948
7607
7073
6897
2301
7680
6228
9925
6613
357
8810
3353
9839
7727
7772
861
6718
5790
7608
5791
6494
1341
1225
3025
3175
3470
3576
8
5370
4761
8181
1320
8513
5665
7763
2592
1805
7366
3304
1298
759
6245
7453
6928
449
4325
6218
9254
5429
4714
6844
9211
3835
3142
1965
5117
9486
4806
8933
7349
4782
9191
9199
263
3658
8830
9262
491
1198
2595
5734
3824
9557
3434
7984
5926
7760
6762
4527
4380
1148
2092
5582
7610
9253
1829
5952
5403
5961
4673
6770
3113
7785
9792
2760
4280
6595
9004
3022
9722
341
6040
2460
84
1084
1740
9217
4139
7303
3986
6039
279
1596
3955
9121
1063
7308
1887
4164
2446
4322
4097
6658
1054
5626
7106
7559
5201
2302
9060
8638
7825
3426
5906
5403
1422
1260
2595
6513
4496
6065
7471
9896
62
5428
4999
15
1782
3802
2738
5209
9030
8340
4627
8319
7963
9930
2992
2010
3230
8972
4796
758
6218
6349
9835
10000
7013
9918
17
6867
690
8726
3176
6937
2248
6665
7719
2311
6441
2244
5007
4852
7743
9924
1136
2915
3520
5785
3065
6938
5148
8024
9045
8889
4639
8319
3946
4218
2475
7240
2910
6291
9677
4285
1509
1800
9528
5613
6951
4363
8196
7584
5873
5266
2528
9021
685
1862
9161
8817
1204
9193
6879
7326
7308
4086
1541
6234
5235
6998
2373
5484
3583
3440
709
4266
499
7492
7385
1727
4022
9684
7014
2187
7298
9162
5661
7254
859
1927
5526
9698
7029
5505
5410
2807
4909
7321
3905
8735
6508
5187
8484
1059
3652
8231
7533
8615
5870
7715
5215
3849
7634
974
2873
8047
9138
6402
171
1111
4061
165
8372
2131
8271
8063
7692
6812
8733
844
4444
5586
7369
8818
996
5194
1080
1044
5732
1612
4642
1407
8708
8713
8753
7508
1030
2265
8808
4250
2189
7989
4348
3309
3459
9231
2266
4865
4877
335
858
9454
1389
1294
3552
7788
3428
6367
2034
9782
274
6251
1842
2852
4511
6019
2243
4830
3462
2310
3927
6148
7268
408
5161
9913
4001
2184
6032
1868
2294
3018
8045
1083
5468
9978
8381
5881
9695
3944
6768
5423
8553
5258
3846
2479
2230
5175
3903
7123
3914
6947
4001
2706
5679
7601
3720
2464
1227
2362
5554
1645
5654
4597
5959
3052
3362
7596
3926
671
1628
5092
2779
4701
4129
9774
7882
9616
3368
8924
8273
7820
8820
4257
3859
378
7153
5065
5827
6486
434
2873
9705
59
5686
4026
6467
7349
6788
2211
3716
6934
7623
9402
988
495
9169
4946
5774
1445
970
439
4591
6496
5515
8014
1348
9010
870
295
8906
3293
7653
9538
941
3295
6524
9823
7351
65
9932
3795
2966
6198
9423
7275
5717
3515
3993
732
216
1093
7072
7223
3542
7891
8582
7278
536
1017
5053
964
6086
2661
4651
1174
2228
7770
3422
3802
2935
738
6240
8959
9677
6432
817
9196
2365
1407
3881
1461
1175
37
8817
5904
3245
7422
4386
4998
1542
932
1587
75
8984
5691
7217
7594
4077
2276
3177
4769
5928
6374
2431
7247
1495
6857
1846
3287
7923
436
3535
4847
7114
1054
8320
2133
1627
2683
475
3152
8656
467
9989
2607
9626
3331
9778
367
9290
1381
2679
9387
6499
9517
8166
3737
4690
1018
6140
482
2564
2021
379
5703
5622
6101
9920
8253
3547
537
9940
114
9018
8378
5821
2289
2869
4580
5338
4613
5931
2685
5143
6797
8643
4181
1512
7115
689
7734
9224
962
3401
2809
4650
8771
9612
1181
314
1083
2165
9147
9491
560
9319
6312
2781
2950
2385
1625
9535
3092
1490
1976
3709
4537
3989
951
6107
5708
2881
9588
415
7638
9318
459
2910
1999
2558
2543
7259
1941
686
7431
8385
5702
1248
2747
4036
7365
2138
3455
3327
5070
4763
437
4437
2641
7709
7138
6238
5142
8090
8885
649
2821
1814
8416
4153
3941
8599
4910
1158
4348
412
9153
5614
7476
5728
5580
8335
1519
7685
6319
6072
1487
1500
3081
5604
8375
6187
3879
874
804
5959
2723
816
7321
3887
6340
3073
2459
5264
793
1182
7233
1917
3914
1416
2668
6119
1540
267
3347
6419
8582
1829
7863
2107
731
2158
4795
1588
2907
8794
3227
8239
4013
1590
2697
2287
6433
487
654
4956
6326
9321
9905
5992
8741
1591
1207
5863
8966
9090
6990
7181
6718
7766
4312
4515
2845
4251
2276
5802
4676
3298
8488
4624
6257
1465
7251
3601
7926
8963
8692
2690
6602
5138
6812
1791
6594
6678
4421
6753
7096
8745
9472
9627
3794
9772
5013
4931
5014
2589
7402
1856
8328
1415
742
3322
8734
6118
5546
6410
1790
9726
6514
1147
9533
4181
6871
4025
1431
993
1082
2888
4615
763
1703
5742
6690
8457
1152
6817
5347
8799
6780
2502
3286
4967
4237
6403
314
7146
1013
409
2312
9116
1323
2778
9933
8836
7201
2247
4463
2508
6936
617
1185
9562
1514
5216
4434
7216
8055
3977
9978
4897
3135
6357
2325
4045
6242
7091
5014
9859
779
1449
1624
8003
5158
2814
8206
9858
5264
846
9889
3201
2312
8294
7157
8662
9630
5651
7947
9347
8407
2709
5540
9186
8271
2462
8364
7930
5142
8562
6354
4274
2701
7137
8280
7710
7483
3994
5706
4855
3566
9433
7463
2093
6096
4395
2195
3210
7248
2765
8794
9998
3855
3269
4887
6005
8979
7808
9036
8274
5036
7511
2990
3287
1395
6567
9540
7283
7148
1830
4160
8709
8362
6580
5226
1723
892
2011
6795
5649
8429
2811
4947
9792
6496
4563
4345
5250
3467
2446
3604
2272
6944
1770
6809
3513
8557
6787
7936
9148
4750
4739
9989
6147
5880
7649
251
9650
2751
7894
2401
1035
5633
8439
5969
7540
8933
57
4950
5108
1595
9329
20
4241
3217
8984
1706
263
4671
6845
9683
1651
9940
4732
1059
7480
7314
3087
4069
2988
7004
2025
6667
2749
678
2677
9863
3654
3050
3107
3086
1307
7426
1660
6878
6651
9477
6828
7415
8702
5570
2969
5254
9648
1415
5792
2219
3324
7905
2238
2979
2784
2910
2445
3325
3736
2176
3828
9992
7850
76
4898
2043
591
6163
8523
7768
7002
5022
7177
945
5812
7684
5470
5498
6912
7891
1227
1315
7146
1261
8774
1481
7333
762
5875
7006
6813
2326
9130
2537
4080
6938
5743
5838
2960
7039
2240
9183
4357
9298
6814
1993
7310
1707
3034
5817
6044
8802
7027
9866
9706
7372
7469
4149
7973
9128
3980
2598
5112
9516
1379
4063
6662
4990
7506
9905
2124
8423
3060
6934
7577
7486
9354
8801
6304
7843
8163
7189
657
7405
8919
4950
7394
6153
5222
4006
4403
2710
4191
5931
4944
9390
4281
1872
6916
461
7630
4207
7224
9621
7797
3939
4625
8221
8183
1544
1764
6624
979
9128
823
686
1598
4374
1799
9301
8665
6490
4903
4285
8783
7256
6944
9082
102
31
2035
2830
5877
2391
5049
6398
2
9139
1012
2043
4894
4620
7895
9761
5173
701
5826
5425
6531
1091
1528
1619
6113
5521
9668
4538
4737
7093
8596
3427
9552
2286
7882
8481
6287
4582
8876
3573
2930
3976
531
2000
9242
5891
1104
1378
157
7100
3293
9315
8238
224
1978
5241
6683
8309
3549
4877
956
4082
9701
1680
1391
356
184
1400
409
4504
8364
4019
9074
6057
4757
6899
1475
7582
7317
8675
6296
5302
5427
7351
5388
6624
7865
6244
5166
3519
235
86
7617
9332
835
4034
7155
7759
3714
6262
5408
1885
8921
9143
9071
1063
1741
4302
8368
204
6228
4629
6876
6428
7404
8318
3113
6891
858
5782
6401
9627
472
2942
2357
5091
4928
9189
3678
423
7868
2736
6985
2115
4678
9985
9768
9728
1406
4280
6345
5798
9126
6934
8949
8147
6492
7323
5674
7289
7301
9050
5725
3609
5186
6222
3175
9068
9380
7835
5321
969
3015
6694
3266
95
22
9683
4877
5351
2273
6512
4772
5621
8550
3311
457
2260
9590
3037
1797
8319
4971
2835
6936
4078
3361
907
6960
8315
841
6660
9547
4680
6594
3866
4545
9479
4727
2445
1992
9141
343
6683
7491
9286
3504
6249
3950
9657
280
1960
6566
6927
8424
3765
5416
7403
9613
2257
2924
9653
4969
3407
3405
8433
6380
2895
7657
1281
3613
2358
2956
1778
8968
4296
3934
1895
6393
4161
4893
2495
721
3516
664
9190
8081
2645
3682
5767
1990
6810
6960
2040
7408
7434
8059
2141
7429
5830
2271
6739
2044
2206
5852
1649
2636
2825
4537
4602
7183
6897
8948
3329
3903
5385
9783
2359
1225
3713
9443
5758
2149
7501
8902
529
1557
2796
5367
7813
7973
6184
3169
3743
2200
9133
4852
258
298
2880
9463
535
6477
6034
8960
7694
3504
8891
649
2209
8910
6619
7078
7734
4505
2256
1077
2364
9634
7609
6581
4902
8482
586
6780
8251
6235
935
447
3378
4572
9858
4467
8072
2240
3793
5019
8348
8509
8064
6553
9669
9382
3617
6181
4506
1135
4531
1642
6948
9714
4962
1990
2259
5769
3349
8292
7397
1757
3944
8034
3660
442
5277
9039
7422
2337
5649
7100
9927
1855
2212
8231
2842
171
5955
2343
7691
5162
8943
4038
9466
36
6437
9299
4292
2951
3394
97
412
4795
6623
1824
6651
1372
1802
6094
9509
5984
7906
2157
1671
5338
8170
4376
6377
7272
3817
2810
523
5202
1832
4581
7149
8085
4974
7403
8067
512
5981
6475
7752
9259
2676
4409
7435
6191
7124
8715
6517
6316
956
5598
7481
3609
1114
1006
1567
146
4169
3924
8542
9565
654
4594
1518
7070
349
9779
6719
9736
5684
8460
7371
1902
3190
32
5810
9213
6975
4255
7533
8743
188
7066
5315
6605
8571
2724
6720
1062
8560
5749
5353
6595
9745
3293
7050
5444
4085
7397
5501
6102
2827
5139
5934
7439
7083
937
9045
6216
5460
2996
1130
5340
7506
2995
8335
7033
9748
3201
2310
8615
1154
9261
7193
6514
549
8913
7690
9054
7162
7839
9055
3886
301
4734
9796
3001
1643
6130
8399
4370
4818
5330
37
1540
2437
7691
4259
1687
677
5336
5522
5927
4271
4033
4679
4481
2459
2040
1086
7965
5089
2577
3886
8978
7499
5054
6907
5887
4198
7576
2505
9066
6834
3915
6238
7244
4009
8081
3446
6582
2275
8778
975
9554
5319
275
4052
7046
7358
8993
6229
7530
4807
7685
4166
4765
513
438
8929
1576
391
3151
4385
9738
1209
664
7695
6851
8415
8760
2532
1297
5894
5070
7988
1942
549
6065
5871
2123
8248
3537
3431
3115
3815
6868
5319
7218
3805
557
8013
9141
9889
5003
8002
7850
1593
6779
5642
5187
5062
3282
9517
561
8926
1163
4128
1339
3100
9904
9962
475
1352
7740
4436
6001
6369
7789
6700
7567
4335
8937
8107
8337
7404
4697
5276
4788
581
1698
4309
2337
9636
1086
353
1033
358
4578
8689
2624
6247
7903
5636
5233
9223
1470
6921
9505
7187
8364
3481
8448
4432
1664
5299
5645
5352
336
6787
396
6886
2746
8623
5265
8626
9470
1117
2367
6152
3159
1811
6265
6217
9662
3978
5024
8429
7494
1493
765
5862
5227
5775
4361
9386
3464
4789
9065
1250
6500
1388
7716
9898
3203
4494
5429
7027
9773
9901
4138
5919
3914
5254
1885
1566
1038
8605
7259
9472
4938
3148
7310
6537
9070
6238
1435
1467
2938
6157
8667
6020
598
1048
3269
1952
3532
9443
4303
5990
8921
4846
1191
9244
4198
5730
3996
8348
7445
5274
465
8149
2956
1757
8935
4871
9224
9636
678
7567
4294
2730
7403
2968
134
7676
1208
9114
1573
6235
6718
8963
6945
9900
2037
4673
8528
6368
9572
5390
498
2422
4210
6717
7048
1390
1162
9480
5959
7370
2281
2016
4081
2388
1013
6222
8674
6288
8914
2380
1441
8312
9814
6375
3579
8878
4428
3152
8745
1962
7758
1756
647
3771
714
9211
3368
7750
4313
1555
9851
2251
7554
3435
3213
7957
775
7480
8939
2385
4851
7852
4367
2946
712
565
3333
2281
4428
4921
9919
6651
5425
8902
5830
6376
1274
986
4708
7900
8160
975
1935
7170
8694
7160
9540
6389
2912
4035
1322
5604
5778
7664
6135
4343
7168
964
2525
5549
1755
5379
950
9389
735
2499
4712
639
4580
192
9836
2943
3176
4623
741
6697
1111
9295
8478
5202
5183
4947
2190
7764
500
9522
5012
734
4474
7286
3160
3990
360
1004
8138
1982
7838
7081
2179
2168
4966
2029
5212
2436
8156
7693
8060
453
1330
5604
3255
4094
2256
8058
3059
8458
6141
4002
4480
6323
540
9405
3866
7327
1056
6982
5239
9969
4066
3936
8696
4683
1991
9148
6608
2319
1241
621
8289
7004
2314
8850
1964
7315
6117
2115
9111
5713
3217
6737
8851
9011
8698
1063
4072
8906
7945
5592
1146
7708
8947
7380
6606
7063
2580
8842
1269
7729
3512
6607
6754
3934
3065
7561
7583
5314
1194
4796
3365
4976
8767
6245
8305
6238
7291
4165
524
9290
6256
3618
5179
223
4503
8713
6989
7184
2062
5841
8952
2789
7416
4215
5696
803
3343
1300
6555
7222
4183
5561
5005
367
7096
37
1139
859
6899
6562
3622
5488
9302
8168
7870
1518
4648
1219
2553
5873
4591
5488
1710
1448
9069
4176
8009
1245
167
5178
9273
8941
114
6392
2141
2761
4215
1981
327
6263
3437
2286
7395
2273
7444
3899
8954
95
3577
1768
7716
4588
7358
5503
7341
2411
1766
1022
3873
6677
4291
3430
6553
5918
9951
2331
928
9180
5552
2383
7863
789
5687
4785
5290
3311
3264
6478
1123
5458
181
6481
3777
5172
8517
9432
80
4673
3287
7930
320
9618
277
3121
499
1949
1873
6357
807
4511
7905
9816
509
3486
925
7800
3239
9429
6533
4549
8405
5946
8798
2791
4035
1666
4736
3434
9199
2557
4120
2575
8642
831
6266
6881
8849
9376
4296
4810
7939
1697
9889
7208
2529
5078
4696
3266
7598
5408
8598
8310
5145
8693
9264
9064
3172
956
1911
4000
2340
2785
6938
8664
704
2448
5252
2622
9602
7186
3929
6166
8574
2305
5092
5778
2248
4030
160
1946
9612
260
2868
9848
6282
8359
5691
8224
7728
4812
1296
8760
963
2233
6290
6075
2124
6147
2583
301
5385
8505
5585
255
4121
4308
4593
5048
8128
2963
1416
416
5225
514
8793
2387
3978
9031
7279
5077
8374
8139
1250
9836
7452
7637
508
733
5651
3063
3073
3527
171
4213
3811
5360
7511
2241
4558
2260
7085
6923
8899
4347
580
3113
5073
5885
2716
7721
6042
9895
1377
9207
6761
1303
2284
9072
7688
4863
9419
2245
4584
8078
8035
1688
314
8934
3700
1613
9287
1568
232
6321
5678
3713
5928
3539
2727
5527
445
981
834
5759
6189
3486
9347
8693
6517
4190
7715
9725
680
4683
6427
8672
498
8924
842
6392
4361
7766
2734
4618
9879
361
3887
2684
7297
6387
6134
4585
3782
9670
6248
594
2546
7485
5452
2198
6017
4410
1064
2200
2137
8176
8445
5452
3838
3274
4893
7404
2608
1542
2498
9796
2586
5755
8421
5897
4259
4953
347
4440
721
7420
4446
8277
9107
2275
606
7702
8472
2425
3080
7235
6777
4887
3478
4873
579
2073
8234
9069
5142
3151
9135
8532
6364
459
8891
9197
3217
9871
1179
4429
3430
2434
5576
4657
6571
2831
6517
414
2684
7526
7599
9333
2230
9480
7199
5474
6729
9958
5413
7944
2633
4122
7806
1484
5580
8010
2390
3188
1943
15
5716
5468
2788
1697
1816
1301
3540
7358
4333
8747
9893
5374
4754
9081
614
6514
5941
6221
4215
2342
1074
1137
3685
7223
4446
2506
996
494
1429
4959
4697
7346
6069
9354
633
1039
4662
8401
6071
9783
84
2440
1798
3555
585
2603
2
1813
9388
2388
8894
2711
7283
2258
2780
9578
3103
1460
4706
3533
2970
6902
3041
1459
9104
7386
5046
3508
7724
6823
7805
4305
3686
6563
776
3432
4278
7534
3214
1112
4533
1718
4999
9609
5852
8598
3566
3605
7983
4746
1318
2739
8921
855
7269
6416
9616
8345
7616
4423
4516
5242
6226
1950
9864
5126
9364
7209
7529
3720
4234
8241
5706
8599
2490
4581
6480
6714
9563
4670
7435
3546
6654
9609
8141
5561
6495
7661
2668
9715
8071
2331
9502
9945
4846
5450
4350
4725
6662
6206
9886
8861
2897
6556
2094
175
4950
9024
8683
1259
7824
4308
7275
7950
9396
9652
9041
1202
883
7695
9244
6730
6769
9711
1373
7707
4864
7517
9172
2954
9827
8827
4681
8595
4000
6479
9264
7868
4529
1670
5925
7781
9350
9099
2084
8216
1030
5114
5026
2469
3698
783
2787
8465
7696
539
3218
8739
2026
6349
9316
7246
8139
4618
696
1677
8880
2695
2718
5002
687
6973
9980
3942
8733
3051
1305
4326
4803
1405
9280
4600
1429
2071
8264
7320
4924
5609
11
4434
7798
2371
91
4239
7748
8605
1217
180
9169
8286
1396
9102
2586
1261
6118
6519
498
2233
2099
3399
3162
7592
7492
9021
9584
7213
9416
2028
8744
8905
3054
8753
2545
1925
1581
1079
2109
2895
8365
3104
5715
2834
6919
954
6476
5845
1591
1181
2232
3288
8434
9522
9260
3973
2105
5422
7209
9358
6622
9097
7289
5012
2231
4113
3992
4446
1285
3453
8026
8244
4249
7642
7532
3435
6093
9484
6832
7903
1836
9459
6576
1192
730
5151
5707
6596
279
203
9011
7078
3301
2434
713
7905
6598
7176
1291
495
2790
5574
9660
9319
4838
4907
5707
5409
9163
3861
926
2107
5636
9302
9404
2849
4339
2980
6916
2443
488
6932
6834
8375
572
4637
4730
2955
5929
8827
1284
8023
1566
4224
9430
2508
5448
5332
4989
5472
7095
8182
1011
1655
6156
8187
4523
6791
9787
4550
4958
4280
7784
9291
1919
9485
4592
3785
1650
847
7178
7472
3389
2736
4293
3692
2495
2837
9009
165
926
9358
8399
666
2370
841
9924
9749
8091
7998
3406
1219
815
2768
6279
6978
6116
7363
664
300
6710
1299
8932
8823
4261
874
3619
4626
1509
7503
5152
5554
5098
3126
8675
5051
1541
6034
1917
8855
8761
4272
7261
477
1989
3930
1615
9286
9433
1889
6215
5242
9357
2031
5117
8204
1499
9024
1745
6028
6350
5663
1557
3408
8042
8100
8717
9494
8153
4561
3236
7882
4817
5933
3681
4438
7
4487
1386
7825
4753
9614
8734
3832
9378
8542
4012
1500
8066
2703
4164
1299
1903
5164
2
539
2164
1366
1802
1133
171
4979
2892
9033
5986
3651
4215
9954
7895
8679
7865
7633
7351
2508
162
88
1747
5509
1035
6748
3360
3958
3778
3214
4860
7657
7302
3894
1784
2695
3857
5113
9849
2190
897
4795
5722
8688
5490
2467
2595
1892
6360
2404
9940
193
6292
1438
4335
4753
7682
1345
5234
6193
1645
6522
1525
3052
8353
6455
3958
8973
5268
3784
599
6895
4521
9184
7877
6905
9235
8454
5026
2187
8344
4404
1285
3352
6177
9375
7919
9042
7529
646
9750
4338
7606
3891
8962
6024
7681
8703
5822
2843
8831
4936
9559
7257
3789
7835
372
7064
6008
8770
6293
1018
4658
9467
6881
5163
4734
7961
6193
2212
4654
1321
136
8409
6578
7827
8516
2695
9963
1701
1111
3783
510
7524
7883
1648
2429
7551
1037
1252
2546
4134
7453
3563
2560
1599
3703
6200
9829
1554
2864
8464
9112
3165
2621
2489
1098
2457
9057
3562
3358
7457
5081
1685
1027
790
4144
7354
3001
3864
9006
412
17
1834
8921
9208
8737
9093
8031
8229
4652
8357
2941
795
3351
7562
4265
3236
4839
6144
6142
8969
9549
8470
6390
1932
3158
2472
3797
136
661
1722
5035
9334
3725
5867
9239
3161
2154
8232
2479
3881
966
7308
8452
876
7523
4783
6029
1084
8218
5361
9335
599
5260
9652
8829
9728
6598
491
2281
1018
1900
3873
587
6567
7832
2154
5004
1257
146
3531
4292
6059
4951
4862
5341
6565
8170
6751
7065
768
7050
5430
3432
5701
7567
5038
1496
583
835
9328
7639
973
9036
6084
3382
8494
4792
831
9496
8736
307
5536
5006
2467
6749
7753
9674
7324
503
940
9997
4085
7842
9996
8167
1498
9238
7018
6106
1440
5405
3789
5215
427
5579
4244
5266
7470
6695
2362
8456
432
5999
7550
7306
6943
2791
7708
1248
3964
5589
9136
2806
471
3533
6118
2093
7076
3775
4255
140
575
5113
1068
8685
237
4176
4075
4802
514
7517
6605
8120
977
2915
8863
3103
942
6478
8154
4341
8059
2428
4643
5047
7395
3995
7995
5196
7737
290
3238
1879
8870
595
5261
1744
4248
7343
1524
6408
5714
9920
7008
6489
6280
8070
6326
9184
440
705
3622
9162
4717
6937
897
4102
9867
3687
9949
7952
4556
4086
2909
1646
780
6143
2985
3435
350
899
8738
1487
4136
6415
7293
896
8624
4593
2700
7094
9995
7955
6419
156
4427
4354
3866
4785
8103
9994
9161
4900
1556
9227
698
543
4080
9790
9336
745
9714
8701
4207
4044
5236
8450
4221
148
8011
5620
434
7031
2257
5956
6458
8517
5029
4475
9484
8913
5998
6197
6139
1306
1090
9952
8634
3446
8202
5190
3555
5573
6779
3166
7594
7245
5630
2741
3957
2508
3060
563
4012
1263
4294
8738
8879
1974
9665
471
6930
3870
4612
783
5003
7738
1122
4376
4154
54
138
2701
9419
4407
1238
432
5601
5929
614
1770
2231
6772
2443
4880
5906
6013
1405
4849
2632
2961
3161
374
4720
942
5416
9818
6533
1652
8494
3708
7861
1320
5842
2010
152
1810
2128
2748
6552
9624
8284
418
9128
9355
1061
8767
492
1284
446
3075
9110
1357
4583
5614
6194
1205
6599
8043
6064
9826
3535
6412
7634
4721
5163
2441
8857
7644
1329
9292
8477
1763
619
6079
3443
9753
8572
8264
5764
6923
1689
1821
1868
5153
1172
3061
7975
8889
7104
1565
7447
8804
9471
473
3690
3354
4701
5500
2914
5573
3828
5496
2907
231
3023
8580
9149
1763
2257
1884
9436
2554
3061
5173
671
4699
1569
1245
7296
4275
9103
7156
7367
7261
4395
6076
6721
4665
1685
4902
5873
959
5393
8160
5841
1430
1927
5629
7698
6316
6225
4653
1087
781
4271
1390
5905
1150
5746
9447
4564
9492
3194
6076
9467
1605
6641
4345
7226
2387
2260
6172
1006
6262
1082
1424
5236
6752
5856
7958
3868
5240
7610
9215
3769
2881
9240
5455
1309
9165
7872
4112
7372
8657
6168
7749
8565
5490
1492
4604
4350
5148
5779
1698
7740
6635
5375
2625
1004
4933
2463
8973
3125
7068
3904
750
3180
9342
6331
9370
567
6770
3148
7914
7587
9011
7870
5654
9269
943
1865
8521
5131
2135
2960
5224
4850
6029
2531
4948
5962
1812
5421
1383
8405
875
3188
4712
7132
9129
4534
2701
1489
1198
6838
2760
5265
7531
6652
8414
5798
4408
170
7909
4637
1435
9416
5561
7742
9372
7779
1522
7956
7859
6183
9591
4298
4583
4479
247
6447
2312
9179
4598
7733
9382
5004
8557
9914
2540
3950
7768
1347
6403
705
758
1217
6842
1172
8598
6585
8332
5440
2713
76
3605
193
238
8423
5647
1592
9094
2618
3734
1756
7033
8707
5479
9169
4265
7374
5630
8790
6387
2459
522
4653
234
7646
4048
9725
8245
3238
3241
5701
9128
9157
1103
488
2601
9684
5291
4292
497
161
6269
1865
1482
1691
710
6364
6388
2317
2844
4115
5968
8587
8343
1835
4559
5174
1731
4440
5209
4318
6075
5170
5712
4430
9225
9004
9166
8098
7856
3588
5538
4910
7055
4307
1168
9533
9119
1557
4793
1996
8569
4365
9209
9423
308
4608
6231
2917
6120
8190
1335
1643
7398
2157
7973
5745
4152
271
1392
4420
7008
6571
9527
3954
4092
7724
1386
3786
5986
1693
5145
6334
1608
5727
2242
9417
9113
9790
4302
8879
4851
6002
7827
6308
8348
4574
8801
7680
5999
6208
7369
1095
6064
4936
8891
5762
8080
6916
9090
662
8491
3746
4506
3359
739
2783
6733
1618
8361
4248
4511
9714
5928
3212
4934
6228
7872
4436
4030
582
9452
4195
1913
8663
5908
7560
6220
260
3737
5768
1713
882
723
7948
4780
7778
5538
4973
9505
167
8128
4566
4219
5203
6175
6315
9568
1812
8839
250
1969
2330
1727
6897
3967
3261
9230
1892
5911
4306
5164
130
7108
8131
5929
416
1201
9075
2774
5752
4251
3239
8006
5174
94
8641
2012
9004
413
2198
65
2392
8626
7041
1857
6857
9778
9256
8915
311
7044
9325
1453
8515
7213
5274
4005
9877
8253
6922
5519
7845
4038
8668
2848
1040
6161
7088
6010
7341
8415
3572
7502
4480
2480
8871
3350
6041
9739
1658
4284
3059
7985
9987
6987
8670
2917
3156
7785
724
3693
6300
3913
106
3901
6660
3387
6457
4655
2088
7353
4494
9284
1602
2111
1437
7622
1112
509
1919
4364
5403
296
2886
6768
5276
2555
7686
6263
7407
4163
8105
3048
5890
5743
4315
8257
4053
1766
6795
3626
7205
6525
5473
7503
7950
8735
4858
898
4781
1664
3909
2724
3131
6442
8827
2918
8297
3863
4697
3640
6487
6592
3824
2870
6200
4961
8102
5716
7981
7856
2002
375
3829
3640
3611
5681
4213
5868
1714
1560
8282
2146
2049
6642
6954
4559
8850
3466
6998
7394
7705
8481
4746
1757
3596
8453
2795
292
3151
3507
6150
1609
5170
1484
9625
8102
6576
7209
1588
5456
1418
875
9196
6852
7402
7478
7118
9006
13
5333
7660
1421
7034
759
9551
2503
8087
779
2657
5892
4616
4903
3990
8381
1988
9845
3530
9119
8418
5511
8573
906
92
8192
1367
2465
6438
8202
4669
2799
3263
5968
8676
4084
1203
1166
2240
2938
9672
9982
8868
91
1676
9961
6579
2518
4001
794
2512
3025
5848
2233
4653
9502
2515
4275
266
3813
3566
82
3930
8590
9117
4565
3436
2267
3634
2761
1830
5035
7383
9203
3604
1664
1622
6803
3281
8022
2935
1129
9391
2467
1706
6229
1253
2077
1401
6404
3583
4438
8286
7316
3714
1590
6305
7924
5137
2090
213
2309
1768
9728
6734
1417
620
5162
5453
4800
5618
770
1474
739
1555
2436
7127
7069
1948
8917
4162
7960
9323
6247
3336
7673
7678
7678
9815
5027
9299
5984
7333
9075
2549
7848
9241
1985
6449
525
5130
3649
964
2488
5118
7630
6951
4263
9994
8620
3586
5973
2418
5597
707
3471
508
7417
1032
6746
5683
8465
7351
4696
1804
143
9031
9390
9467
8421
1612
4664
6059
7992
5882
3118
2546
1403
6811
8818
1405
4606
2058
5684
3306
8001
3217
8295
9571
1051
9717
9656
9494
5872
532
3695
4955
2552
772
4799
9398
545
3159
3184
8802
2400
4056
859
3123
117
4924
421
9224
660
6895
3946
6336
9833
2922
6811
6615
7218
3488
7932
3755
9252
1699
9102
5924
6226
9514
3217
7984
4542
7973
9136
5017
7106
9985
5126
1023
6556
1451
858
3647
8182
3475
2014
6602
3899
3616
3114
3974
868
1779
4781
4756
2763
202
2928
2860
9104
8850
2669
6469
5798
6003
762
8387
7592
6422
7785
2267
1367
7831
322
7803
9394
4067
4461
871
9771
114
9231
1352
8524
9295
6224
2571
5876
8238
1390
1108
7408
6999
2575
3909
3624
3239
8188
299
4659
9157
9336
4718
1175
9514
5651
2284
9284
953
5801
2696
1310
9956
8640
9642
9780
669
7027
8848
6676
7987
7926
2554
1727
7628
4010
4043
437
5040
6207
1545
7978
5327
6174
9273
9753
2959
5357
8530
4387
3472
7319
7520
9942
3564
7169
3072
3337
7045
965
3599
2449
7195
2090
2366
1825
8394
1663
1252
3100
3478
1643
1610
7068
4096
5926
1093
597
4693
891
178
2283
957
375
3452
5947
3578
7794
3019
6777
1417
8535
6985
1787
2270
2685
8625
5173
1973
1206
5268
4725
439
5384
6137
8313
6786
4933
7373
5137
762
2816
6477
8651
620
5137
4274
7468
2618
4467
4879
6201
5649
7615
8683
7965
7814
4258
5246
8964
8808
2800
1210
650
8200
5484
3681
4874
8888
2864
4072
6959
4706
8612
6344
3599
1607
8242
6507
3151
647
2280
6163
765
8034
6711
3612
9764
2954
1336
3116
684
9550
82
6004
9879
8650
3015
9481
1541
9792
4774
6716
8864
6941
8412
2489
4086
1234
5346
5379
4467
8333
9959
3255
1045
7656
6199
7065
1561
8084
7816
9265
1238
3329
8046
8363
4955
8635
2416
7734
8569
5
6848
7755
5911
8959
9240
8769
5649
4112
1063
5115
652
1030
9152
2671
276
6074
6193
9691
183
590
559
633
6850
5596
3000
8708
4226
2414
6615
1728
7208
1189
1881
8831
9707
9389
4650
313
4022
3728
5099
8253
8000
1284
4171
4768
1566
4762
7037
1791
3627
4688
5739
652
4430
2407
2192
3856
7916
6709
8452
4190
8474
7962
2806
6537
904
6655
312
2528
7718
5678
1
4193
1427
9713
331
6296
6053
4335
344
7528
7393
7766
8919
849
6773
926
5951
5349
2893
2119
17
9004
5351
8191
8995
5095
8122
4052
5502
2738
7777
9509
4348
1651
4406
9844
1325
1903
1437
3816
6061
2197
5307
6421
2079
5089
7648
7931
4050
7431
6272
5105
7810
2492
1960
5046
1491
215
3911
9120
614
4250
5482
5098
250
4994
4431
5571
5283
5717
920
6209
8585
5683
120
4343
7556
8607
2583
4386
1534
3169
3733
8673
2998
5729
8296
8683
1467
9767
5482
2391
4576
2847
5523
2377
5346
9304
9992
3644
5201
3371
7676
6588
8622
4236
9075
1316
9265
9710
4385
1703
8228
792
7655
6121
7710
5585
5425
3357
4797
1309
7760
6827
2348
8849
6272
3047
6468
4405
5838
1676
547
8674
8692
5223
2193
6391
5622
4967
3079
724
880
7431
6275
8174
5316
9111
6730
1110
5829
220
3882
9389
6459
7184
7870
9612
2461
6383
9560
1859
7759
9292
47
1608
7053
7562
9240
8660
3336
6897
7652
525
7905
1822
7250
1236
2029
9305
8164
4986
3762
4075
2761
4933
8098
957
5898
6651
9264
7320
3172
1664
8993
6996
8673
3429
7034
6767
243
8635
9263
8911
8876
70
7863
4474
1528
8611
797
3575
6224
4869
486
2597
7110
9724
8926
7999
9391
1172
6079
8170
3447
6094
2484
5179
9420
1721
2832
3458
1567
6987
8017
2933
1331
4759
4817
2020
8494
3353
9763
2065
7787
7014
45
5684
1051
2980
5911
1532
673
6196
7590
5054
1580
2068
7676
2698
6350
5116
6786
80
9380
3644
4225
4636
2328
8348
7112
7007
1570
7425
9800
3974
1788
8860
4893
8669
212
9106
6569
9940
6915
3061
5855
8351
5201
9148
3180
5775
7422
6401
104
4417
6588
6190
144
539
5995
4082
1593
187
8186
5186
5634
1205
7271
2088
2524
424
2483
2513
7211
7133
495
7048
7058
8995
8393
8080
2115
2192
4729
681
1606
3171
3259
3083
8551
5221
3329
5883
7158
9583
5530
7375
9247
1050
1052
9660
8259
7881
6386
9323
423
996
5135
9378
222
5796
9441
7805
4484
5463
6665
7579
6581
3090
1863
2299
3964
9945
6613
9155
13
2713
5918
2560
1820
4137
2170
78
3370
3266
8234
7627
5425
1660
4082
1869
3492
8993
7149
3606
724
6345
8187
5848
1873
86
2553
2043
8565
534
8304
1333
132
4117
4550
8243
5480
7354
821
3399
8111
6393
3140
5942
1614
4432
7598
5971
9789
602
6425
4408
1960
9270
5300
5341
1190
4977
4045
4272
6013
8553
7003
7483
4581
9903
2923
8791
4518
3878
3890
946
7607
9913
7183
5150
7272
6933
897
8758
2200
1543
9410
3429
4877
8402
5068
3571
6858
7205
100
8239
9831
8031
1200
4704
1657
6618
8873
7232
1657
6958
24
1857
6497
7938
6626
2399
6854
251
9138
7096
7964
4173
4008
9018
1026
9900
3774
9571
1475
6856
3479
3565
5400
1038
2220
256
1690
8467
9670
4130
7726
7069
4218
129
6415
4816
6113
325
7244
5960
6546
2636
7765
2595
3521
5197
6193
384
6494
3308
7003
8306
8741
8878
4117
8324
5759
1332
5647
7041
7645
7141
6874
6958
8189
9264
949
9380
9046
6300
9481
8739
6328
4232
1391
6947
6894
736
6916
3921
8831
5654
4962
505
8268
1377
8252
1554
429
4256
2348
3341
1462
6520
2553
8997
4203
5903
2488
9063
3058
9285
2054
7853
4450
6295
638
3418
8639
7261
7959
1708
4848
3388
2933
3518
1275
688
3878
4479
9351
9633
2879
2580
5535
4446
1084
5341
9715
8855
6799
4152
673
1004
1338
3145
556
3552
4265
2444
422
1211
886
213
2198
3951
5784
9702
1520
4025
2183
3698
1631
8403
8991
165
4049
9777
3989
1061
5557
1492
3770
2058
9462
6016
3543
4121
5584
5091
8118
3257
8871
460
2041
441
9549
174
677
3387
9912
7750
8279
5730
364
1590
7399
2529
1699
6930
1269
7363
9654
6246
7544
8515
55
9898
2434
8767
1830
6323
5559
52
2469
3955
2439
9944
5999
6585
8592
2049
8063
3070
9780
5985
9451
2102
9672
2958
3077
6289
8839
2282
6259
2834
1786
8118
8093
794
5657
9154
8259
461
9628
3019
3646
6522
1169
5635
3973
5976
7052
6739
7871
4996
4090
413
6494
9636
3014
4326
8154
9222
2122
4523
2403
1188
1173
8985
3249
7511
6941
1775
8649
5306
4757
4947
3710
7392
4080
5635
3429
3127
8542
9530
4862
7315
8142
1090
9996
2499
5741
2992
5913
7865
4670
6523
6332
9904
3923
442
3608
1300
1158
8147
7897
2803
263
5571
860
6786
9057
7600
85
7755
912
986
1625
4196
6763
5951
9021
2493
3208
2864
2426
2803
8923
1849
7218
2959
4702
6901
1746
9551
4308
6245
1564
6377
8445
4840
5253
3833
3768
5491
4331
4285
7681
4273
3851
6225
6273
9908
7436
6871
3131
9873
6115
1065
1821
6699
3667
7615
8984
2621
7533
5773
6094
2994
5613
3840
196
8829
9622
2817
1114
1331
5379
3742
6866
8987
3706
8299
6013
2804
1879
1418
5392
1605
9198
9859
4601
5663
9304
724
537
7003
4024
5537
2995
8391
2570
484
7089
5948
2703
9601
3888
8593
47
4769
3595
953
8436
3204
4831
134
1530
250
2669
5152
8826
4
5529
5069
6555
9023
5155
629
7859
5624
2597
8718
8503
2363
6535
9799
7675
4972
5090
5043
8040
3151
7295
4754
3024
7503
6301
2224
4236
554
5796
9900
6409
1226
290
1282
7716
6250
1199
8861
2836
891
6571
8518
8588
666
8777
587
8044
8773
472
4815
3661
4942
2513
416
8327
9138
2668
5487
7208
9261
4938
3653
4151
8824
741
1554
7936
8717
838
2663
4044
9198
9185
1625
9479
5490
1536
2284
3862
8634
736
2471
9149
4154
5430
4669
8897
6485
7033
2190
3865
4511
5661
8102
7547
4920
586
5261
3988
8498
6840
5543
1936
1878
8601
4671
2845
392
1682
5868
3665
3587
3221
2595
9709
8952
1302
6291
8017
5021
6417
39
831
7234
4394
1190
3305
7614
7405
5198
1783
5392
662
4249
9990
7325
8160
6197
7687
5065
7772
8395
9355
7458
6086
6959
6737
3559
2071
4808
8838
2565
7219
3558
5699
2617
2089
7888
9138
7543
3624
3292
4071
1124
4067
552
3129
3853
1450
6988
9064
4537
3942
2217
7361
5959
304
1562
9343
5096
4808
5110
2689
3139
662
2937
7604
2241
1787
9035
7848
8255
4456
5870
1922
6800
5283
4926
20
8897
7927
740
9567
9033
3169
1586
6982
165
2737
9411
8913
8353
6453
9609
3958
5976
3889
6330
9764
3852
6391
9064
4130
3375
7530
6187
7623
8284
660
1837
6693
3149
760
9463
1651
6262
8606
4986
4825
9932
2968
726
4071
5777
8980
2959
5782
311
7651
6345
1409
4408
2054
7560
384
3351
5460
9803
6207
6314
5236
8191
4525
3810
5828
2650
3808
9329
5639
9536
9453
8003
1618
6676
5568
2640
283
8381
9901
1769
9586
8452
2036
5384
4628
1762
364
7897
7681
7746
4707
6212
2459
587
8259
7737
9314
7990
6278
8166
6883
4616
6542
8165
2002
8994
4128
1628
6054
6975
3601
1357
3481
3673
8803
6043
1092
4850
5515
9515
6404
8935
822
9502
4707
9909
5684
8864
648
5428
2569
2589
7778
7619
3439
8170
3538
9804
6667
3879
7502
9768
4966
8898
2767
5980
6054
892
3133
5787
9486
8546
1226
2133
8593
3696
689
8571
4341
8763
9864
1323
5605
4561
1956
9735
1977
727
4965
249
1226
5486
9611
3952
1086
4381
8141
4948
1156
2248
714
4517
2677
1757
1356
4023
8420
7316
7930
5178
4671
4750
6551
3866
1147
6537
7266
6468
7666
749
8905
7985
7002
562
9789
5655
3300
6199
9452
3679
9768
3433
7059
6179
6051
3765
2297
7026
4906
9055
7684
1717
13
5409
6346
8474
1493
3638
8405
240
3966
9076
820
6505
467
4134
3218
5464
6586
3299
7238
1792
6055
2750
5498
4428
809
5056
727
6397
5340
9121
5977
6310
8528
6118
7546
2153
4305
3201
8118
6397
4207
6774
9702
5769
2040
6980
1396
2504
3782
4400
4256
1466
1751
6374
4401
4775
5600
4539
3173
6442
7598
76
1989
6365
3811
9157
7000
7279
5223
6593
2993
7678
3291
1784
7736
1081
1389
5738
3710
7724
291
6509
6634
6976
8522
6707
9543
3117
7018
3514
2400
6472
7740
3414
9886
1736
9272
9278
5594
477
2734
6452
9719
2719
3852
2395
1722
6216
5114
6669
6951
3611
6697
9677
3614
9880
4906
4376
4782
5260
564
2871
7269
3690
6386
6471
1355
890
7721
521
9694
8956
5835
2822
9821
6996
6937
6836
84
7253
2487
2881
8605
9052
8727
5576
2618
9714
1062
7658
3101
3920
1555
3621
7556
1067
7227
211
4368
7321
2355
3786
5532
5377
5300
4520
9170
1964
5927
7849
1601
6335
9826
3951
1795
5954
4401
3967
2988
54
8919
6658
5714
2290
1042
9983
201
5883
4685
9518
9725
8883
5704
9554
5274
4508
4195
9239
6573
9916
6433
6243
3014
6882
2206
8571
4525
4133
8055
9890
3978
4703
8699
4402
4699
3886
1474
2585
5192
3505
5897
1215
2605
8443
3151
9092
939
8288
4646
8481
4621
1099
2332
5127
6077
8587
7085
7673
2832
9956
5580
596
1092
7977
1312
4890
5198
5849
5188
8453
8918
6353
1280
4722
8467
6143
2993
9165
2815
7422
9223
9408
9820
3637
7886
5456
1865
4130
730
3388
6024
487
1731
5745
3277
2258
4566
408
8744
9331
7525
5275
5540
4945
5248
3523
7617
2226
5329
1461
287
401
7123
8866
9885
7570
7324
7018
9811
846
7470
2503
9555
3499
7056
4163
111
5461
6280
6037
6194
8745
1960
977
701
1565
671
4514
7085
1330
2781
894
9349
3223
6934
8063
4194
2545
9943
9272
5534
6301
9465
6276
6934
7366
2737
3342
8239
6869
6823
2942
1892
9275
3977
7191
8765
5719
3724
8903
2336
7725
3263
3963
7997
6898
192
1949
6929
194
7380
8953
9430
5328
6321
4683
4903
4857
4098
2614
3192
4586
7238
183
498
5714
2133
8017
9163
5371
3768
6290
6548
5198
7801
9441
3563
386
234
9085
5184
7613
2721
6870
8829
4907
8311
4692
471
6703
8668
245
3390
8694
1481
6566
2288
2022
9296
6682
8509
4062
281
8078
7078
8106
468
4974
9469
9493
255
1252
4155
384
5907
1272
6155
4389
5592
8671
6027
487
6327
3120
7596
2658
9591
405
6451
562
5948
7216
6994
5372
8644
5919
2386
4112
3053
7263
8296
1649
7967
8718
3301
8146
9009
7450
7609
1170
6308
6675
8289
6168
1665
9489
6666
7289
3289
7926
3763
2108
8011
4027
1002
338
5102
3722
5660
4532
2503
4425
5897
6044
6507
4244
4456
279
8304
2963
6751
6343
8857
9062
5339
2465
4471
7250
520
4447
2873
4986
8519
6496
7815
389
392
8882
5011
5181
742
3059
5361
8814
3979
5985
5665
8495
4039
2531
6822
6249
4449
5166
545
1484
9763
2350
358
5872
8398
6066
9357
6271
8107
5004
3823
8791
8882
1599
3793
9588
1756
8022
8478
6370
809
7970
6719
2585
5656
3392
5691
4920
2404
4060
4202
3419
7342
7716
9710
5543
3364
2937
6460
8540
1439
4317
3192
9425
2584
242
7580
2666
764
8083
8072
6059
4422
5948
689
5583
968
4691
4960
7669
8628
1851
468
2431
4303
7052
4449
3329
3750
6907
5004
4230
4389
8221
3202
1074
2320
5284
2981
217
2577
3074
239
742
7485
5772
2221
9328
260
6018
2625
4780
3927
5961
7180
5342
8626
1942
9012
9748
2472
4114
9545
4128
4171
9411
3391
9009
9504
8664
5657
9407
6966
1625
958
5504
6781
2526
6877
7378
2972
4704
7667
6685
5497
5703
2301
7029
5035
4675
8400
8204
369
6213
6322
261
6912
1182
9868
6899
1980
8069
193
1647
5275
366
9428
8746
1214
3317
7355
6342
4119
2578
5090
9000
2943
3738
6589
1099
8570
4729
8180
8372
3417
5859
6118
6068
8128
661
1464
6867
7906
7959
3923
5296
3095
2136
1411
2975
3719
2678
4090
1740
304
657
2834
8205
442
7428
7756
6283
7698
2911
7743
7703
4293
6175
2294
8782
5054
3923
8085
4453
4239
4764
2304
6828
1128
8845
1199
2528
9348
5419
2332
2971
1834
5988
9626
1926
5428
1800
8612
5051
6653
2724
9080
521
7441
3766
5978
3370
7843
4207
5809
2901
3290
7809
1420
4239
8154
6107
161
2161
6792
99
6036
8770
6417
799
7439
6189
2520
2148
9009
2224
2906
5667
9731
3609
8403
4892
4345
7759
7765
2101
7565
4781
1824
3346
1087
3403
8975
3446
6860
8381
1443
2285
4748
1916
7180
2174
2661
1678
321
9255
3026
3530
1332
77
2256
7803
4172
3765
6274
5076
6733
8527
8300
7234
1867
723
55
8316
5238
6574
7235
5382
6833
902
3504
7508
1549
2358
2055
6301
7117
8833
44
1521
7017
5055
9684
1132
194
4458
7578
1434
7116
6499
8853
2988
5626
5656
4043
8245
4989
4339
9508
7474
862
4260
764
8381
8666
3577
1093
1637
4297
6569
4651
1165
3016
7699
8704
5342
6908
2086
9317
5131
9405
3248
366
7372
8602
7392
8662
9162
1014
4825
9066
6558
9496
8227
98
8833
6343
3267
9810
1356
3688
672
2106
7747
6397
9927
5613
3751
688
4572
1500
7699
7041
3604
5886
8042
281
4081
3585
8984
9952
6028
9657
1934
7491
1789
1855
6760
6160
2530
2245
632
881
3990
9555
3368
102
3078
7104
6502
640
7337
2866
3884
8362
9076
5100
743
4652
6311
373
2239
1967
1921
9562
9518
6047
6147
2469
6595
5139
4942
6767
8631
9441
4551
7677
542
7359
9206
7250
3263
6550
1917
9727
58
6639
1564
9636
3646
3429
3917
2381
1628
7780
1696
8074
7296
8322
9117
5765
6450
4834
5734
9192
3777
3759
2850
7522
8449
9538
5426
5751
7864
1293
5595
7937
9274
759
4209
2193
7879
1386
2727
2172
6979
3849
2259
6919
1409
399
6841
464
8760
2348
5379
5938
4217
5347
3069
8450
6411
2984
5432
4051
2557
4778
1492
3996
7486
8277
2301
9195
1344
2295
3694
6519
8947
9076
1007
5331
3886
5906
7391
8584
3038
7366
4466
5978
7730
5499
2522
8807
8991
7778
279
1134
3234
2361
6654
3995
7778
523
7804
4887
3283
2750
6269
9803
6404
7153
9020
1244
5022
3269
3244
1521
7592
8303
1476
6896
3830
3825
555
1716
5435
2648
3292
9582
5315
5925
2607
7249
1181
1678
6766
9485
1673
6732
2525
6228
801
5759
8357
2098
5248
8256
5860
7908
9882
1587
8868
8323
6813
8355
3880
6899
1460
3372
6099
5318
3055
4100
5828
2842
5592
2335
8990
629
9741
1750
1961
2664
4199
2776
3410
8220
3538
9768
3776
1979
1861
9959
9154
9499
3306
6812
7346
6274
501
5293
8603
9671
8869
8302
8002
7762
4913
1642
6865
3533
2295
8665
7207
2982
7786
9150
1630
2841
9588
2722
9249
2076
36
1113
6143
1399
1653
3122
1485
3550
970
30
306
7052
5332
42
2654
4161
2620
2172
726
9158
3644
7571
5293
410
2214
2201
8829
3986
7792
9253
5822
7210
2537
5010
3967
5616
9125
1961
2451
1843
3281
7709
921
9141
8914
149
3318
7417
8755
7788
1994
3896
6615
1600
6641
9606
2194
9873
5481
7689
8293
9099
6367
1971
4774
7349
8334
8264
9367
6629
7340
1264
7571
5773
8214
6271
949
2237
9831
7008
411
5360
6830
9473
3176
5541
9271
942
9020
6228
1009
2777
1107
4782
7104
6643
132
3280
9031
3589
8346
714
4081
8584
1320
5979
2755
4381
6216
5619
7220
1943
2906
8438
6018
6769
9888
4309
4996
9806
2276
4177
6761
4227
4127
2695
5181
2657
244
7404
8432
2977
6011
9690
9797
5248
6210
7685
5816
8282
6751
8639
9205
6556
4414
1003
7725
2401
2676
3296
6067
7014
6453
6833
7725
709
9719
7258
8031
33
7400
7270
9267
6676
1233
4147
8353
883
3922
2894
521
8245
2570
519
3791
9415
6728
7440
1357
271
5250
3332
9964
5277
2065
6286
7334
6856
6890
3650
6782
1569
8067
9648
9595
392
4480
1916
9959
6294
2406
5923
8658
1403
844
2754
4424
7907
6357
3721
532
1048
4183
5300
2833
3004
3161
8192
4177
5908
2013
9814
5980
2975
9895
1617
3973
3379
3446
9804
1482
9063
4770
2279
1301
8855
7601
7852
3819
9694
3224
9544
2360
279
9086
4363
1611
3232
9510
2506
1763
4610
7166
3045
600
7294
7736
1175
4443
134
252
5241
2565
8294
1180
1045
8449
1873
5612
8301
7212
9305
3482
7383
5711
9631
6620
773
1901
2341
525
277
7325
1951
3565
3437
8461
5725
2173
1335
8486
779
8299
5850
9553
4502
4175
473
6726
2761
1665
8278
5318
2167
2961
8187
2057
1615
6419
7239
3505
7189
8760
792
3141
1877
1929
1226
7387
5986
5130
6712
5531
3852
6276
848
7134
2977
960
5907
3505
4562
3977
8234
7908
4951
5109
1888
5166
789
1838
1970
7785
8892
7507
6363
5021
9633
8463
4914
9173
9332
531
8360
3152
328
8187
3924
454
9700
3892
5921
4542
1285
9466
3943
9739
8118
6453
8791
229
9038
6382
5454
2214
8993
4283
2972
678
7540
2325
8842
6719
7264
263
5463
5439
5656
6693
737
6609
3486
8044
2766
9169
3474
626
2369
1226
8120
8346
4823
756
3045
961
5191
637
2572
8054
6520
2144
9464
3210
7950
9804
2171
5081
1177
5412
2857
163
7522
4922
4974
6426
8005
7006
1789
9492
4330
3054
3507
8842
3107
887
2164
4494
2741
1577
5443
6729
278
4508
2208
168
5171
2748
8587
2959
3280
137
6997
9169
9440
558
1184
9008
7104
5637
7627
2375
9999
7330
930
1248
3437
35
7364
6465
7660
8451
9943
5581
600
1884
1022
7500
3563
8092
7178
2019
4312
1555
9314
55
3413
3058
343
7891
1952
7054
5222
152
6364
6419
6410
8097
6104
670
9091
3335
2273
6872
8297
6125
6760
1145
7245
933
3492
3359
1258
288
1774
9146
5709
5783
2447
5462
4979
2177
8781
1556
3284
428
2086
8832
8994
5483
2807
3502
4600
911
9735
6239
8092
4111
9953
5888
2438
4694
1373
3635
1474
4930
103
9397
8402
8467
5426
8657
2449
346
8706
9384
1941
5393
2892
2814
469
7246
3811
6106
1311
2353
9671
2158
3802
4872
377
3243
401
5778
7213
8693
6930
6353
3235
9170
7984
8590
4698
5875
4874
1917
1156
6646
9285
7383
3942
1525
2515
7756
4871
4935
5159
5673
6908
8092
3668
5674
4882
6522
1978
8540
6426
9856
1725
7407
1488
7605
2812
4125
1809
4136
5652
2945
5988
2488
8302
5082
6070
677
4553
7207
6553
9635
4792
6897
4858
94
5476
1889
2011
7000
6828
8887
3737
2516
2223
786
4908
9876
4929
270
8011
499
7877
4575
1085
3077
3096
4934
7839
5095
1263
4217
5850
3537
5361
4577
6251
5034
7063
114
7022
6999
8901
7298
8246
9838
5599
2298
4225
6565
3623
8840
1611
6998
6337
3167
7136
1918
6689
6231
7287
1955
3778
3971
8766
2223
2290
6890
4396
2437
632
6944
5016
7252
7541
2036
5905
4504
3383
7886
3995
8011
468
7508
3929
1291
1377
7360
1345
1051
5105
4593
9443
3180
7622
5310
6202
4779
5690
94
7116
4639
1879
3915
1781
1377
4005
3347
1867
45
3986
5330
8177
6080
2483
4732
8501
2278
1384
183
9552
4923
9104
9224
8835
2543
9318
4953
7073
3330
4025
7409
9056
7956
8577
1760
3570
9984
7716
7787
7841
7309
4424
4956
2438
3163
2846
6827
4661
8884
8460
5541
3011
3852
3797
83
4520
1415
8795
6504
2344
8351
7930
8394
4097
1485
1586
353
9046
9760
8864
1999
6569
2644
8392
7186
2919
7498
2321
3974
9989
8971
9167
4514
615
7230
1628
229
4175
4228
7983
8634
3329
3026
7765
5620
8107
794
5124
7228
152
5755
298
7687
8807
201
3177
6380
7403
6179
2384
6693
4834
9728
4191
5959
8423
2413
2655
1766
9523
3384
8066
810
7513
1727
4951
906
8008
5536
3052
8187
6226
8981
7963
7592
4880
6853
5242
6150
2532
5637
3526
6282
3702
2849
9999
1387
116
5930
954
4916
5236
9057
9275
831
8519
5744
603
6245
762
3822
1850
187
6741
4513
2698
5047
1694
7790
553
3643
9290
6297
8952
6881
3992
4360
8667
5338
5268
2225
2372
2264
9512
4913
7981
1308
8531
6618
9193
943
4260
1928
6417
8328
846
9222
3093
6661
9447
7483
9115
4292
8644
2302
4881
5885
6762
9706
7447
5366
4717
6849
2549
7286
2582
2808
5317
9815
6996
4359
9155
4514
1950
4233
672
2522
7900
4895
2250
7260
4805
4101
8569
225
7146
8867
4938
9877
8328
1607
3187
1935
875
1323
6157
4436
544
9449
8189
1176
165
3033
4444
8984
3007
7840
5808
9931
2206
3558
4268
1815
4249
1608
5880
2315
8834
7789
4585
8626
5229
3092
6301
143
7144
4601
4048
5592
2789
214
7050
3395
1019
7045
6679
2276
8199
8320
8896
5711
7969
1164
4835
1029
7197
1404
4496
6789
7687
5757
1190
3463
1036
3342
1234
6196
2356
9407
1130
8895
537
4912
495
6959
9820
4314
5354
1173
5123
1274
8021
7902
7109
5332
4606
6816
1780
7461
3034
6599
5869
7377
7007
6562
5951
1344
9141
2135
6012
3385
7060
7428
9784
8685
7916
8438
7814
8115
9993
9574
634
8058
4729
2329
2209
7236
662
2474
1369
6155
3949
8802
2858
5630
6216
6226
9565
3199
424
4145
6830
6333
5333
1080
4246
8818
5461
5046
9488
4868
5503
9004
1046
2960
3932
9123
5225
3163
549
7186
4594
5278
7746
8156
9801
1944
855
7424
947
7853
9054
1330
4759
748
280
7329
1139
288
9772
8210
352
2423
1923
9619
3431
5609
134
977
8664
2407
1309
478
949
4921
3009
6457
482
9178
9140
1120
4625
755
5083
9765
2426
3671
2254
6377
8039
5650
9122
9762
8187
9197
3378
9468
5585
1771
922
1709
4439
720
3831
4835
179
286
6315
6706
1025
7180
4940
6332
5923
8703
1372
794
1594
9532
2354
1387
7290
4780
8628
6612
2964
3360
8041
2289
9768
957
4639
3252
7399
4144
6216
5248
7375
9102
3372
2659
4390
1572
2364
9869
5582
8612
692
3697
4406
9903
7736
9265
4443
6560
3366
5527
1678
8331
7406
8970
7087
6133
9202
96
9062
8441
97
998
3320
2522
9022
4665
681
1055
3276
6487
1154
7406
5098
9123
3217
8921
8893
3072
2973
4436
1126
7353
1783
2088
9917
4322
1095
6748
2500
8482
3589
1244
4042
8851
9575
7272
1139
4460
3465
6737
233
8607
3777
5990
4192
9243
9215
1351
607
6149
8575
2372
9071
1462
4103
725
2705
9268
4101
4034
6931
763
4252
303
8548
288
7037
7676
7818
2751
6327
2808
5338
2616
795
8357
6874
8051
788
8722
9004
3993
5691
1106
3776
4705
2804
2363
8660
7389
4619
6402
8555
4438
4920
9395
9291
6898
5744
5200
1096
4446
1867
4873
500
8110
9999
2345
9905
3239
4497
7455
7338
9890
6012
8903
5750
9130
4226
8624
1178
3249
2661
3046
6302
5961
522
6330
657
2550
5925
8520
1724
2852
7637
2837
4263
9637
3407
8437
8073
7332
3113
5242
1566
7150
349
9269
4521
4110
3250
8708
8436
6371
7923
886
6509
3097
2135
41
9291
3327
5744
9979
6678
1415
1561
4169
5118
9600
1961
4186
7406
6524
4175
2031
9903
6985
7775
4200
1167
1775
1674
7888
9028
4657
3797
7860
90
9238
2025
9952
7078
594
1380
7006
4209
5842
7884
8800
5813
8846
1951
251
5476
1640
601
4342
1088
6173
3316
4067
5176
5355
856
9755
3968
7252
6605
3690
5976
4131
2850
3153
9545
6278
6741
3041
6807
1174
9850
2354
9281
676
6219
9704
8081
1118
6669
8640
4676
2826
560
9884
2857
2859
7491
7451
723
8637
6523
9549
5230
7340
4971
2879
5477
8355
2995
5006
9318
5119
9447
6923
9590
9744
9377
4967
4002
656
1689
5598
7395
8475
1765
302
6771
4710
2067
27
5908
8987
2655
2412
1925
5418
1891
4563
6494
7350
1327
4215
4300
1184
9230
2866
1963
3376
7547
5228
4570
1257
4023
6780
6601
1875
3092
9779
76
9657
6522
8945
8181
8789
6553
3430
9364
5168
2434
4052
5839
7355
8865
6334
8661
9819
5453
8286
6959
8204
775
2730
8304
7447
3496
8960
6279
346
2318
2239
5676
4698
9915
5015
9523
7598
2117
5319
5245
8017
4693
4475
994
3905
4352
6348
209
9049
5340
6734
5228
381
5993
7423
7683
9748
3726
5122
2071
6008
8481
2076
5296
4616
9272
6844
5963
1277
1494
5522
5878
4078
8306
337
6318
2838
8764
9918
6766
3787
8224
8798
6487
9178
8801
8164
1129
5225
1377
5382
8325
9585
2875
7173
519
904
6582
8736
6957
713
9056
7940
3504
7488
2638
1680
8884
6421
8461
1132
2581
2523
6325
7332
4554
768
7149
1517
1400
6733
7167
6192
1848
711
6271
8287
3250
3285
8688
2866
5815
8380
3542
9519
9708
9
8855
6026
2200
9979
2282
3230
6119
551
2220
2218
2635
1419
2257
5267
6596
7332
7262
609
535
441
5768
3932
8038
4886
1324
3168
704
8044
1667
7088
9550
3906
8993
6820
1727
6620
7498
9817
9437
9516
4522
43
1900
9277
989
9963
601
5286
9005
1374
5515
4745
1242
7973
7769
4761
7717
6508
8473
901
7973
5576
2713
2311
2013
6415
3235
4002
7091
8586
6293
1256
6015
2128
5151
6163
9674
5730
6331
9552
2758
4931
2848
2066
9354
8084
2395
3136
7740
7324
1421
5603
9717
9804
6957
1248
1391
4560
2358
9721
5860
6975
5756
8053
3977
9195
9013
6109
4466
7178
5692
8966
1656
5042
6897
6888
2446
1646
645
7897
4229
6308
1986
1533
5273
5320
8663
4260
3661
2893
3460
9636
573
1316
4487
7095
348
4129
1881
6111
3696
1891
7803
523
7261
762
2419
7303
5861
5489
5556
5343
3370
1771
9955
2249
1420
432
7077
2536
2597
4842
2795
3674
4958
4583
1060
8591
6227
3966
7912
3868
5364
1990
7399
3242
716
3871
5377
6624
7098
9163
8241
655
5065
9752
7261
4916
2565
3512
8483
6075
3912
7623
7608
5781
720
7073
1530
3097
5824
6911
8706
3744
9113
4392
4824
9436
7934
5229
8857
6845
9676
4950
8777
9070
5121
1525
3994
1286
4920
537
9943
2155
8382
8672
854
7553
6457
1512
8836
9481
7491
904
5356
954
1275
476
4159
86
2655
9044
4768
7918
3375
7742
6340
7075
2949
8608
5982
7477
9423
6111
598
5815
123
13
3092
2311
2904
9644
6432
5671
3146
4243
4311
2087
6945
4388
3005
605
529
64
1058
7468
4307
3566
4649
8898
1250
3096
2913
9118
643
7888
838
4177
3297
3694
3691
3973
1692
9606
2644
2547
79
5228
3653
4151
4833
5091
279
4031
3874
9222
571
1420
6662
5419
7020
8982
8524
6515
5494
635
5919
3910
8867
7249
9605
2169
7370
9837
4733
9188
1276
1183
3220
9219
49
7843
1888
5068
1117
6651
8782
4989
19
8280
5757
805
9738
6781
9050
5806
1665
4186
6950
3274
4111
19
6426
2421
2143
398
7455
4182
8902
5831
8512
3659
3156
7853
1189
7372
8695
9205
1834
4297
8889
8387
9026
4609
1500
3025
8136
2148
4352
8998
1433
2564
1284
6763
2868
2199
8345
3960
1072
6752
3274
2532
3786
1592
3952
3571
4890
1095
7765
1049
2553
7805
2388
2690
5978
338
4335
7077
3323
1054
1334
6885
3231
8282
1114
7156
4812
4963
3022
6315
2586
2065
5170
9773
1912
9268
1198
8385
3034
888
5360
7935
472
2498
5112
9187
6904
7163
5577
8839
7487
7221
1225
69
5192
4844
8000
8585
1709
6690
1893
168
9580
9205
4007
3601
4442
7313
2004
1091
88
3338
7446
4776
8675
9456
4023
6128
3917
3483
5767
1130
3405
2092
3471
1
6664
373
3202
2343
9029
7673
1886
2290
4165
9253
5025
811
2675
4225
1599
8887
4648
8106
4112
7744
9935
7820
9790
3680
782
9674
6241
146
875
8698
2107
4894
7294
9923
1427
8660
569
2141
7720
4744
1807
7201
3636
1881
9261
8742
4992
4250
6039
678
4570
7068
4488
9230
4601
5140
1433
9647
8138
7017
6926
7311
5814
6160
1874
181
253
6224
8066
2439
4834
919
5971
9983
1355
8422
5370
91
5521
2405
24
3648
2016
5272
7364
1145
1830
7571
9907
2653
8572
9623
2571
8508
8780
7084
6470
2247
4089
9182
3388
8151
7316
484
7125
3631
1314
166
5848
8778
2689
2299
6995
2359
5485
7590
8444
5762
1188
4601
5845
1814
9809
1030
7627
8538
2778
5861
3482
6602
4116
9246
8064
9919
8887
2421
4892
172
4370
601
9113
6541
7787
9977
7501
9588
2550
8654
3034
9259
3228
6942
1544
7196
7458
1676
8185
317
3886
4690
3596
225
8070
8516
6947
6457
6218
9695
8917
3257
4483
2687
9363
1851
6284
3218
6523
6109
2366
3273
5073
5837
9109
9122
3896
7684
4944
8751
2020
2
3133
6606
7192
4317
8922
1580
5510
2548
9608
4036
1363
7876
4946
583
9373
4281
6341
1348
5109
8434
8890
1851
2332
3885
7544
7539
2111
5833
9422
6608
2199
7263
5477
2598
8416
1622
2556
2478
2566
7625
6394
9436
337
4029
6368
7699
906
2145
9144
8515
4495
9267
7843
1233
9663
3840
7057
5215
6490
5327
8185
7898
701
8569
5548
791
3468
4716
4719
1432
6238
2968
956
191
9151
3459
7410
4464
4294
4910
3078
9526
4732
4714
1447
9601
3656
6107
614
2217
1519
4592
3937
5865
7378
338
9176
95
6084
2589
2732
8505
551
5606
1057
9310
5297
5930
3499
5444
8663
2618
1183
6508
864
9056
9818
5376
8367
1652
1205
7082
6562
2311
1487
6655
6412
7843
2493
1871
7892
8863
7879
5137
6550
676
5529
6022
7196
9323
1588
4862
374
3738
4457
2502
1711
9485
3354
6705
4335
893
9057
9330
8068
4875
6693
1273
709
5209
80
607
6797
3314
4069
9576
8773
8975
8420
7450
8000
3801
8921
3822
9015
1835
2187
3714
1785
3154
1122
2489
5425
3498
2131
8446
6691
3194
9314
9739
7549
886
7083
2575
3569
457
9945
9638
2038
9551
9803
5549
7695
5478
3771
7449
8043
197
9989
4607
6439
4531
5435
4514
149
8629
5641
7757
912
2440
5535
892
7377
1015
9120
5392
3182
8288
7977
9623
9152
5725
1612
5918
7780
6010
1674
3589
2970
8269
9486
8375
5126
2593
9716
7087
8696
7892
835
846
3337
90
3424
5349
2671
634
5732
8833
5828
5028
4218
441
7764
9191
5068
1678
8722
3514
8988
7933
1499
7455
9413
4737
3892
5329
2321
3007
8443
414
4824
2481
1619
3257
8196
1132
141
915
300
3466
6241
8537
9600
7759
9668
1254
825
5001
6314
626
3012
1062
5362
3357
3193
2573
3167
5155
7328
8794
5291
9357
7243
2329
1028
7491
8529
8795
4116
6214
3662
8313
3417
9936
5110
8594
7945
9554
3127
5207
7779
9843
8629
7682
9990
983
7027
6924
6511
1499
6523
7734
774
5526
8836
5095
373
4891
158
8787
3610
1951
2372
4457
4037
310
1611
1571
7428
5707
570
8673
9370
7015
4683
8663
1378
7062
6014
6284
4902
4883
2276
7769
7273
599
2386
9015
588
8409
877
9891
4510
9333
1840
131
4550
2903
9245
4201
1264
9111
784
5148
7006
1717
5125
2839
6260
2114
1602
6453
1286
3455
9870
421
2476
7275
882
1932
8181
1139
3452
8938
2085
4254
851
7824
8641
1688
5766
1414
9192
6241
4100
4438
5290
2072
991
5540
9759
3610
4428
3715
788
1508
1064
1630
9
5362
6162
2208
5071
5698
519
3954
5227
2197
5741
8513
1578
9150
9658
3414
2515
1811
9243
3781
6942
1309
5198
9613
3491
4504
9039
9771
738
9524
4871
882
6272
91
9972
1627
1982
24
8917
4027
5468
3941
3463
9763
9499
3778
1033
8447
692
2844
9117
2069
8028
1504
9895
4385
8342
3916
5265
8908
2058
5891
6288
2608
1956
8349
7697
2015
9882
1583
1214
4858
3764
3910
626
7410
6550
9564
1409
5944
5109
3912
8800
8214
7402
7903
6758
71
3241
1146
9366
7151
7015
1852
7236
729
6280
2521
8788
4725
7024
8404
2263
5117
513
7847
1120
6444
3573
2333
794
7159
3791
7360
9605
6709
513
6227
7002
8711
9360
6411
5608
7255
5346
872
5242
2992
9532
2636
938
2674
1498
4063
2729
6966
2788
2499
5882
5108
7655
4315
5433
5397
1766
7766
4601
2739
2990
9150
506
8038
5975
4807
7447
1358
3522
4064
3281
2609
10
3220
1078
8983
5690
4653
7791
966
5722
9641
9731
4629
7485
6437
7668
6736
2343
1274
9548
1856
8007
9979
115
9927
4530
9953
9440
7660
2313
2115
379
4350
4079
2704
8431
4101
8840
7533
2859
6391
4872
7671
2028
9298
3889
3138
9143
4771
5509
194
2969
5975
6249
6471
4092
3645
653
3269
4628
5138
7103
6924
947
5797
5180
7969
4197
1700
5681
8903
9375
2953
2060
9148
9601
7199
1051
6286
6603
8245
3990
6706
6770
7110
9599
6550
9036
8479
5836
2604
7065
4734
7505
3739
4752
7193
6199
1368
5364
5712
7404
9622
8132
5101
2559
4845
8661
1205
3464
5630
6621
7712
58
2058
6953
9514
5653
3048
7456
4061
8353
3962
9781
822
6803
5878
2259
2729
8551
6250
8068
7330
3868
8654
1871
4955
7384
5762
9907
4056
3856
8545
726
6318
9900
7760
2146
7393
4435
4496
7439
6746
583
7526
4964
140
9340
1501
8785
9509
9459
5386
5149
6490
4655
3692
4157
823
4113
4321
2052
2179
2909
758
4216
5883
4467
7959
4470
9194
1878
1337
4307
4351
7557
5013
1711
4271
9478
317
5237
8285
5996
9287
6879
1358
6620
6722
3164
8509
4881
8845
7721
943
5387
2345
1966
3412
4483
7237
2388
8404
1985
8699
5031
4719
3265
6477
2450
8080
6794
7435
6512
1337
3807
2557
2162
7649
7143
5552
2094
1555
9965
1712
9364
9028
5655
1735
5969
4888
118
2739
7154
7776
2015
3302
4170
7727
364
4002
2042
4280
2017
5416
2594
49
3753
1669
3755
8951
6015
1624
5856
1406
4294
7381
6030
8400
55
7380
4452
4655
8374
8448
1537
2494
2950
6145
3525
2568
7675
2902
3931
7525
2707
8642
6230
5233
3182
5335
5242
9815
5920
1953
3697
7374
2420
1822
90
4508
334
5289
2121
2913
5463
4408
1602
2385
8789
8749
1187
2296
6301
1549
6656
1815
7021
2794
2466
2811
2838
3467
5466
7001
4428
8729
3517
6167
8923
9767
9025
9222
8758
3408
1667
596
3360
9376
4430
8586
5913
9189
3011
9465
434
5887
8137
4215
7871
1284
2186
1134
1584
3393
7861
3313
2098
414
4342
1004
3794
421
1525
8154
4739
4968
7942
2193
7249
6227
9441
5786
5304
5702
8552
3342
4579
1174
6328
9733
6379
7221
3819
2989
7324
5239
9368
4797
2067
2976
8553
6553
2881
4793
9183
5203
5672
4865
9743
5542
2601
2594
691
4715
2115
6656
624
7831
2873
443
4216
1531
8283
5731
4202
5076
693
1316
4050
5873
1691
675
7321
5546
7481
3064
9482
996
3609
5180
5030
9867
5930
6108
9341
1652
4480
1017
2010
2267
5916
3225
9487
1453
438
9227
9552
1398
1097
7089
1090
9589
243
6039
7463
4635
8713
7041
2065
2042
5377
954
2597
2532
2846
1506
6704
5883
8502
8143
6812
3465
7056
5805
9073
4757
8252
6520
9462
3928
5555
1464
6370
6421
673
6455
6169
6893
7176
8514
1785
4393
2176
1411
9830
4207
3100
5775
9790
1874
1306
9579
7508
7547
403
5386
2943
525
4146
9163
435
6978
1474
9286
9384
3921
8754
6733
3898
5802
1321
980
394
546
8321
9740
3399
1460
9976
1889
1566
6305
1024
620
9026
236
582
1679
2066
5091
267
1663
7542
7192
1225
37
869
5200
858
3962
6950
2248
9352
2287
6355
8201
6674
8606
7696
9592
7354
8194
832
2090
3365
1551
108
9039
7521
872
235
5539
4705
250
703
2718
8819
1167
8946
3396
3622
5707
3477
6395
3530
7920
3149
8444
4237
179
8444
6694
3596
5153
5662
5646
4077
9336
4106
8426
1765
8190
5423
3347
8399
3137
3467
8762
2148
4992
2709
5653
5570
840
838
5325
6595
5653
5200
1619
3909
8569
8424
9071
1256
2451
322
9749
8796
1305
6583
9753
162
6122
3173
7644
5764
2142
1021
9118
1421
6180
2889
7318
2841
8475
482
6911
9025
7459
4735
6429
8599
7448
348
748
7057
4426
4964
5350
8460
6854
1548
2276
1720
7630
3051
4062
2411
4011
4222
8968
1024
4650
417
4608
4764
806
1265
3151
899
1535
1749
4056
3007
4283
7321
3722
4197
1879
1189
1875
783
4036
7490
5068
7327
517
6783
4077
8329
3053
5268
1428
5119
1992
9091
1543
6830
6987
9821
7227
379
1644
336
7985
1598
8573
9308
2609
530
5311
9384
285
6457
1750
9737
3515
7899
4769
2151
4397
2177
1593
381
7967
5886
9321
3770
394
4949
6171
9644
7271
2228
499
7445
2596
6090
1178
4200
9290
4130
6548
1438
6026
3702
419
9190
3914
147
512
6409
6041
290
3673
8446
9700
5660
4510
7353
3479
1214
1427
284
9064
1000
3134
4155
2802
5095
1439
1438
4316
4273
2424
6757
1963
9726
6535
6372
2832
5332
3280
8034
8069
3948
264
8419
4553
2195
1020
1061
4085
2373
5144
2683
6005
8011
3225
6246
8221
6585
1317
4518
6731
8815
9861
4830
7318
3106
8563
849
3024
6007
7469
1833
7975
648
9039
2913
2236
1236
7202
6164
472
4604
1847
1555
7166
6758
1022
2843
7806
6369
8416
813
3565
1254
3296
3332
1095
5457
791
8975
9995
4498
5646
1682
8300
563
4432
329
6238
7331
1809
6867
2308
326
3257
2441
7663
7897
726
1238
3416
6976
1981
326
5665
1350
3755
7993
8869
6900
3650
6727
8825
447
8103
7730
4931
5132
8469
8095
8941
752
3491
7895
1124
2650
9663
7596
2718
3822
3907
5447
5257
7766
8568
5033
6611
8647
7327
4195
1933
7565
1692
94
9050
8370
5080
981
5868
4698
9141
1023
5515
8235
1235
3201
8459
9758
2037
6329
9882
3191
429
9464
9027
6564
1807
8984
481
4375
5722
9034
5918
4130
1004
3968
2983
6722
9483
1364
1462
389
3230
3494
2725
8617
5731
6997
5262
3598
311
899
420
9778
598
5514
1346
4461
620
3310
997
6503
955
3726
5049
298
856
5506
6238
8448
1421
8098
3742
1240
8107
7936
2475
6732
534
3095
9522
2456
4530
5849
3001
4953
4751
349
4784
2894
280
3076
5251
7453
6478
9352
2525
4201
6695
1681
9624
953
1785
5525
7262
67
2335
8798
8594
4841
4321
8307
175
8705
6073
4009
787
3122
7554
4816
401
6248
3152
1890
2987
6915
9210
8489
1863
7343
986
1232
2457
4645
6203
446
9326
6653
5892
1759
7687
8390
3551
135
9857
2602
1506
1038
8419
1007
4940
9466
3449
5634
2526
9155
8148
66
8742
3687
5870
2104
6657
6700
1497
7294
2344
6528
9288
7575
4792
7420
5523
3217
5792
5864
9567
6637
4420
9606
182
8480
2794
2908
286
9795
6610
5103
2463
3050
6428
6625
4444
7277
3278
6521
3021
7050
3764
6588
484
2091
8035
706
377
3849
4783
4087
1166
1087
8121
5995
7364
2289
9433
6819
6589
1422
1138
4537
6728
8313
1318
235
582
1084
3008
1235
8852
3394
8903
7066
9540
4006
3259
2020
8163
3505
1276
332
2743
4004
4385
1095
4064
3288
2424
614
5165
9591
757
645
6432
2407
7791
8613
8669
9251
2245
5100
3388
6192
8813
3173
2735
1652
6605
8188
188
7784
2326
6778
7977
522
6406
6160
9958
9200
3109
8256
2900
9275
2678
3615
6293
9547
1003
1523
7433
6139
707
6077
5275
6927
5665
2190
9008
1575
7901
967
8573
2869
6576
1664
6868
2552
2492
1886
79
3162
7203
8578
2334
8257
1212
5086
6318
684
352
6759
7282
4703
2996
4597
9849
5313
8362
2068
3289
5103
6012
1627
5582
2754
7330
1278
7582
261
4320
7667
8019
7186
2862
1046
830
467
3096
4168
9329
7773
6967
524
2915
9204
3999
3240
5732
7464
7735
110
8275
8907
2697
6375
1145
7991
1151
3667
8242
2654
5031
502
9292
6911
343
8467
3346
6560
2482
6419
211
3724
7361
4351
2468
433
9953
8964
3107
3584
7677
9947
8204
272
1061
5587
5658
2729
8910
1724
4630
3055
5499
4756
249
62
7931
4621
321
9272
6749
2039
93
8633
6622
6007
485
8768
1611
1580
9622
6731
2812
5937
6922
2563
6967
5416
8365
8415
6245
6434
4146
2053
7095
9026
1012
4613
1200
2588
8306
5455
1416
3909
6215
2874
1657
9446
7758
3952
5500
417
9371
3015
110
7873
4017
7069
5575
7526
1693
4500
3666
5856
373
9039
7166
5157
2707
3265
9570
966
5507
6923
1802
684
7813
5150
8040
1724
8719
5801
7430
9209
401
6656
2250
7133
4187
9285
6085
5746
2910
579
3135
2895
1315
3208
6855
4271
5667
2871
2848
1468
3384
9794
2985
2447
9937
7487
9673
3896
4467
9790
2136
4062
6574
2564
2971
1545
2091
1936
4453
5763
3502
486
4494
2502
372
1244
2712
68
4696
4086
2242
6733
2082
450
5454
4821
7464
1818
1028
8860
4902
1929
6604
7543
7180
1797
3443
1832
9083
9528
2466
4826
506
6964
9063
5757
2102
5409
6178
919
913
7950
7347
5305
6901
8872
7173
725
487
2454
6858
4890
3418
6528
5380
2204
2737
1078
3449
5246
7358
4341
5103
7401
6042
7813
8915
6627
9680
3692
5606
177
2169
4443
3295
3885
5256
7275
9382
2409
5597
2546
3861
4766
9912
7744
6621
6612
3576
9093
8144
6161
3849
9699
2132
132
9011
5528
6004
258
2869
9020
542
5122
6707
2452
66
5860
936
5365
3121
6282
5287
3220
1346
6434
9314
591
2808
1872
1660
6227
3974
9175
8269
6067
9629
4343
9019
8889
2013
4951
3482
7920
4984
6577
1282
9833
2314
7629
3497
6083
2801
7310
8694
1862
1366
4013
6170
2649
7507
6787
5832
3115
661
8083
6877
8872
4270
482
2366
9152
5790
4684
7870
1855
432
8285
6168
8509
4369
8227
8678
4753
2441
3195
6619
6467
7300
8216
6826
5670
383
1619
9149
4888
8195
970
2509
8976
3311
8898
4967
1305
4968
7257
4769
4737
9656
6990
8157
8119
9979
9408
2080
8202
973
7873
9114
3652
8539
8384
1304
516
2609
6320
8507
9
7221
4821
4905
2635
1876
8540
2601
5511
2621
7165
9808
1132
5418
7110
2862
1374
4309
7839
9191
798
5203
1717
9697
9168
3497
6517
1624
5214
8180
57
7481
5950
7956
6388
7408
5401
4709
3061
3179
5089
4195
5822
4233
673
5682
5
3412
7773
2142
9394
4728
7502
2044
4483
7489
2052
3013
745
3143
7198
2555
9140
153
5848
6988
887
7215
2515
6882
1427
1506
5586
4710
2564
8469
5077
4548
6400
2915
4962
9078
8616
2111
8098
1813
8590
7344
1832
7696
2370
8477
3651
7615
6431
4387
4201
9513
6188
6523
461
7892
4253
2460
8864
5749
736
1529
8511
2255
4833
9785
8462
194
7486
4519
5623
9411
8320
4147
5211
6948
1810
4133
4483
9980
2270
8173
7684
2363
2795
1840
4087
3413
2872
610
9651
3177
9790
5060
4486
1420
8589
3818
7690
5969
6453
7171
3600
3203
1370
5141
6749
6546
9752
7846
1347
3924
3456
606
1697
4967
1796
3985
1667
6120
2753
545
2421
2440
7218
283
3896
2896
908
8845
5955
3676
2404
7451
5771
3259
3161
2743
231
3352
2277
6618
4109
2755
6487
5528
2342
7169
4616
3340
6062
6928
8573
5145
4672
5172
6925
6239
8513
1978
1383
3386
7944
2524
7678
1871
2563
3465
3050
950
8696
7700
2766
570
3741
390
7052
4408
6085
1424
9544
6364
7398
2159
4257
4409
9052
2296
6490
961
1669
4320
1784
9260
3643
4908
7299
4709
3414
5488
1304
3947
503
676
6261
3080
8594
4412
3246
9567
4884
823
36
708
7548
2775
3308
9319
6576
1940
8836
9112
3251
9951
9536
7495
2961
223
4530
2942
753
1755
2286
7822
2334
1082
3843
5642
2504
9915
9870
9474
4187
8836
3943
6951
7158
4545
9537
3696
6588
7770
9842
9747
2395
7821
2909
8633
4647
4791
6722
1344
286
3163
6976
5010
9335
5002
1509
1576
824
4743
5372
7244
5928
1985
8356
3864
8014
4625
2456
7182
764
4150
9815
3543
9805
2382
5099
2117
6536
4480
2372
1717
6581
2818
3396
6484
70
6086
3780
7046
7484
4560
3316
343
7200
9974
5317
7082
7315
1355
5462
9275
3754
9078
442
5373
7765
825
9533
1029
7140
1283
3858
3266
7828
4606
4863
6256
3459
7053
5728
5814
5357
4263
2804
4779
4279
6773
9433
2795
1596
7381
1638
1431
1378
6646
1948
2191
7189
5984
1972
4267
4219
2388
9113
7583
6936
5156
7030
207
3095
3902
2972
4151
2064
6004
7489
8183
5649
3524
6053
8585
8540
6026
2808
9677
701
3668
1860
2207
6281
5445
7334
1660
3216
5112
238
5310
2829
998
247
466
9328
7972
8671
9409
4275
8005
6052
3318
7926
955
7941
2799
8193
1708
5156
1619
3191
6292
9993
4253
3789
7308
3687
4057
9258
8476
854
1309
4832
7794
4972
3196
1553
2214
7759
3623
8317
3109
4950
5479
9252
7312
2980
9891
7991
231
4743
7895
7573
8567
9383
8896
8646
6204
8253
5104
5403
2093
1788
8017
4171
6473
3374
829
1872
3756
260
9267
2722
679
1337
6277
9086
9075
8717
4448
4644
7500
4078
6600
9612
939
2348
9359
85
7433
6741
7890
2942
5176
5328
4777
265
121
9654
7797
7729
8642
6417
2389
1133
9580
7236
18
9385
472
583
3931
1500
9238
8001
2335
7517
5764
9189
4557
2503
4516
5595
438
4147
9365
5347
7808
6520
3837
7986
9321
197
4893
2456
3649
8715
7195
7546
8046
4093
2734
3791
8108
9346
1385
4149
9945
5479
9173
6904
6613
948
6057
2838
3311
9050
7244
2020
3036
4200
1177
215
2096
8215
7675
435
302
3073
7851
6045
2405
2134
6283
6755
7992
7154
7188
5820
6555
8413
4926
1914
2932
9053
8857
6004
5089
8500
6473
9932
1694
8219
4425
3780
8658
8283
3787
2706
8149
6586
4022
6102
8126
8699
8660
6883
6348
5709
3205
9871
649
3354
1019
5649
2925
7460
8593
2912
2341
3266
2441
3581
4880
689
1272
6015
1430
4026
6703
6822
6282
5095
1014
1733
5083
2172
9872
633
4331
1905
337
2373
1620
5707
689
8158
4887
6700
1257
9269
508
6428
2648
562
5450
3233
5998
3301
3960
7985
171
1835
6636
1614
6243
1320
228
2573
433
5729
1094
8702
1526
7985
6594
1108
7957
9872
2914
8876
7738
7253
9605
4486
6599
8881
8209
1164
4035
1709
955
8743
6306
4037
7914
2862
1544
1729
1699
8501
7107
9767
8538
3554
2016
9724
6378
6152
2681
378
3439
7085
9792
9938
4314
9661
5136
6
6563
1383
6071
6681
3954
4780
9638
4145
1522
5367
8084
9046
3725
879
649
7429
296
5875
7980
3925
7463
3204
6810
8299
16
897
8916
3106
802
4749
2848
6743
2891
9571
922
3303
3334
1478
6926
2634
8424
3043
1732
3836
2831
9403
3722
3325
5209
9905
4632
6845
9056
4090
624
7244
8630
6943
1816
8726
1127
2176
428
7704
1409
3411
7947
5087
3003
8754
1466
5929
2874
8503
9819
9209
7257
4991
7646
4691
5384
4719
1352
8024
8868
9690
57
7805
466
2589
101
9733
21
75
6956
991
4650
4838
84
7265
5571
8982
1129
352
9851
9858
5945
901
839
4645
1890
5193
7636
8590
4245
7300
7250
8541
1563
5741
8603
7072
1674
6839
5998
9172
1239
9341
340
8474
2713
3754
186
3264
6789
8719
4693
7968
2707
8745
2824
7766
6087
1114
4582
5351
2111
6445
688
9204
7221
3570
5662
682
4990
6639
6723
10
7079
7911
8407
5314
8161
6087
1615
883
1463
864
4060
6176
9178
5946
4161
3865
8632
9713
5691
6518
4284
9366
7754
5149
5895
6669
4573
3999
2742
4190
5644
3282
1058
3460
6829
5221
322
4138
2597
6262
2555
497
1748
2001
8459
3931
9406
968
1433
8877
8826
9776
4031
5230
206
7384
1656
406
271
2633
1487
160
1821
5626
8675
6934
2779
7003
9799
9656
9130
699
5961
1058
8683
1242
1799
5947
2844
2978
6960
3831
629
1171
9778
4502
7470
8095
2009
1055
9393
2736
1584
3613
8362
635
5743
3056
9414
4939
4648
9247
6129
9941
7856
6815
7045
8582
8991
8954
7680
1863
3447
4121
6456
6187
1883
6894
4137
6995
871
2895
356
2325
1588
2693
8015
3759
3305
2900
1920
5638
5
3941
4673
9718
1050
9382
7423
7996
294
6210
2898
8198
3037
2555
3865
3218
1264
1391
8599
6962
7832
4853
4236
8988
8505
8681
780
8230
9239
4625
5134
6623
9217
3782
763
5250
9686
1942
8284
3388
5132
6471
9678
8133
1160
3900
9582
4149
7945
2643
6955
9281
26
7858
7768
7149
6579
9792
1038
5712
5627
4883
3590
129
8264
5467
70
2223
5496
1201
7840
1672
4296
7990
226
6627
1766
7913
4217
3224
2990
4680
5051
9826
5440
982
6030
9338
8229
5390
6622
6929
9884
7437
4360
7475
3709
3061
8885
5129
969
3664
9705
9729
4005
187
4236
7677
9407
2905
7598
7876
7384
1983
1310
8372
5914
5569
2959
8108
639
1486
2963
6244
455
2831
5412
9870
9596
6060
8358
7041
4542
3300
7323
7473
2633
4163
356
6602
3555
4553
1377
2305
3424
1864
1248
7141
2183
8803
4228
7441
5919
3328
1220
4314
9306
429
513
4758
7116
8547
3925
2016
1157
8133
6756
4819
6526
8961
8331
6862
6377
8243
4251
8655
6961
6119
7458
5916
6073
6724
8524
6777
5489
8028
3350
9455
7102
1932
8580
2490
344
1979
3128
5533
5931
8569
4102
2044
2837
948
1810
462
9299
8911
7794
1727
8389
9821
313
5290
6102
3066
9972
5502
2847
526
9269
328
6276
1211
9962
7554
1923
2996
8318
3368
3923
6287
5294
220
1807
9360
8764
4855
2620
9138
9161
5622
4348
7324
6861
1241
3688
2388
53
8543
5233
5967
1635
1658
1015
5359
3499
3093
1667
2752
8899
3565
6999
2715
8680
6342
6214
4423
5041
9604
6976
6125
1829
460
285
6554
8358
1445
7083
5754
8760
8783
7769
6134
4449
8982
2841
3102
8675
2197
9894
5681
1638
3268
6811
5678
2083
8915
5161
2044
8694
6437
8014
8189
1167
8311
8655
1791
7444
172
6143
5109
5555
7942
6943
901
396
3980
1971
9575
5056
7567
4018
6960
8689
5243
1934
5202
1719
6265
6700
1474
9973
6651
5590
4093
8575
7677
6880
8308
5688
4986
945
7124
6377
7603
9174
79
1035
4403
1066
6335
5713
767
7881
4886
8300
4745
9003
1590
6704
5367
173
954
5861
915
5507
4103
4767
6269
1486
2537
3202
4379
832
6890
5937
3748
8301
6179
9715
5582
9960
1534
3407
2330
3337
9328
3134
9356
7066
6160
5901
6422
5955
2132
2818
2709
5006
1306
2881
7616
5023
4196
8100
3106
6669
7688
3712
7205
3626
5988
6612
8652
8628
85
9557
1372
9427
7976
9325
6321
7044
1504
2566
9570
3950
7156
164
3828
3379
3714
9092
4653
4364
7939
3231
537
2436
8624
3298
115
2866
453
4064
4506
9742
9625
6036
4022
516
6768
5690
8910
9513
9765
2574
7642
1897
1427
2694
7344
4802
6041
2593
5245
3262
4647
1459
9358
3538
2544
6662
6791
6008
3262
2839
9424
2746
918
1531
7326
2867
313
4337
4408
478
8637
3829
1666
7161
7987
4919
2956
2506
8294
343
862
6419
1717
8745
2723
771
6485
4690
5574
1189
2708
2694
7334
6342
1448
5738
671
518
8388
2753
9956
4035
3615
8617
1709
8266
1452
8736
885
3257
5030
2361
3232
7623
9011
7186
7151
3878
109
7303
1794
2963
8850
3038
1408
3917
4128
5425
7951
4320
6574
6909
4271
3553
6132
6576
249
7895
3277
4903
6164
5730
4365
1155
8372
7004
670
4699
3366
2718
4308
2968
9217
8321
1650
2628
6454
464
1388
199
7769
7534
3905
2422
7944
4337
8913
3921
9119
1842
583
2622
5595
5609
8379
8897
6918
2789
782
9333
5416
6316
452
7685
6786
3018
4296
6400
8095
7155
9318
7621
3383
6325
7525
432
6207
9931
2531
9770
1445
2140
6913
262
1920
4571
4491
2467
3578
8477
22
3387
1333
3322
8372
4115
6109
9783
6949
9028
5250
8884
3867
8114
4390
5176
4117
7102
9595
626
6742
2219
4200
2266
683
7637
8830
9095
4354
8083
3397
625
9453
6223
6196
9713
5463
9637
9143
4207
7109
4464
572
5417
1110
8972
1849
7322
6707
76
8319
5852
8688
9106
3989
9378
9483
7930
1947
4868
6472
919
6576
4596
2238
2815
6471
8203
8530
9114
7280
7255
7480
2879
3586
2060
5095
9130
6116
3464
2120
1335
3114
8230
3377
1453
5837
7220
1818
2024
4081
2056
1005
7025
7375
8758
9228
5791
6330
7985
8746
6049
4229
8505
8108
5445
1941
4195
8318
8958
1279
6999
4954
5946
1372
2197
8787
7014
184
297
5119
361
3692
6963
5241
7716
4967
2679
7529
5061
6205
6103
3288
5358
2863
5164
3867
2371
9972
5359
5907
886
516
3337
5543
4908
9048
6397
5183
7292
5532
1831
4595
8056
4659
5105
7848
3956
893
1833
5233
1401
6224
4074
3962
4986
8874
3240
4337
7239
1757
4057
475
169
183
2498
3304
4503
8393
6467
6446
812
5144
3872
9720
9258
5384
1401
5839
3233
8156
6500
5655
4751
3598
1171
9620
4029
450
3011
442
8139
3238
4052
1159
2411
5488
8500
8510
7496
7643
3936
7562
8931
814
5045
1495
7839
2026
9383
2149
1759
914
3173
1472
2553
5034
5088
8985
8505
5058
6437
2163
1878
7615
937
9777
6165
4349
6026
3057
3036
2245
4159
4430
7232
3417
1805
7166
60
8192
1127
7423
8937
8467
8240
6584
926
3505
4657
3859
2386
792
516
2875
8106
3393
6401
8888
9219
8493
9412
2268
1757
4497
7969
5855
971
941
8800
3486
3511
579
6729
9648
9529
2687
3094
5706
7500
8705
9865
5534
9615
3775
7868
1476
1154
3549
761
4115
2752
4123
9899
3546
348
8779
7053
5371
898
7472
7633
8137
2009
4273
2200
1275
2079
6430
4498
7445
6022
2352
8857
8508
5038
2580
9870
2745
8451
8860
8117
4417
6820
5410
8996
3819
3658
9679
9459
3331
7010
749
7366
7923
6017
7811
9240
1780
9319
9074
1263
7646
4959
6044
7311
1932
4440
2784
3081
6191
8527
6165
823
5455
1486
3376
5040
7036
9940
8975
665
8201
7096
606
7955
436
5062
1301
9685
6829
3951
4806
6375
6505
5730
1430
8353
8177
5719
5621
6503
877
7479
7639
5126
134
3189
3812
6465
5219
4276
5792
1919
7424
4646
8627
4605
3431
475
278
6709
3790
925
8958
1376
329
9602
3012
8560
5925
9838
5254
1950
386
6541
4607
4734
6621
7514
5754
4862
9274
6556
9990
2087
2110
6346
5942
2353
1837
3565
4132
506
9071
17
8292
4402
4556
5247
2539
5323
8876
8899
2775
8301
6078
2439
1591
3078
9155
2160
9641
1384
257
2453
4732
4242
471
8921
2249
3357
1655
6428
487
2140
2476
3409
3617
136
2739
1101
7716
6230
6932
5436
2950
6816
575
1688
5960
1433
9803
5401
4692
4762
2582
8748
7273
4301
7860
145
9833
9965
2104
9005
9572
1469
2600
982
5876
9061
7325
9927
3587
7719
4342
6057
2871
7360
2804
5980
9026
6502
1536
7234
8707
4422
9188
1659
1213
9613
3890
162
7553
2491
5375
9881
8705
2929
7759
1384
1917
6219
4825
8960
369
5058
558
1102
9668
3325
9399
8015
1640
2279
8267
8941
3313
1683
8328
6688
6306
3273
191
1370
6818
2559
3302
2921
2897
2334
6669
5981
7239
7913
6414
8137
1925
2142
2358
6376
6361
9767
7139
8891
6419
4572
9275
4671
3241
2635
1803
7439
2475
8974
7369
3956
1640
8525
2592
2756
1653
7213
3177
563
7629
8512
9793
8858
3903
380
3463
6155
2038
5264
5581
5561
1442
6085
5723
3741
8407
6099
9660
3598
5539
5202
569
6047
9173
639
8445
5399
6591
4224
5560
8425
3338
4918
2105
3570
3760
5242
1396
2581
828
1011
4797
9181
1354
9176
5048
4091
4354
9588
9084
54
4051
5680
9182
3503
9345
2412
7140
7991
3239
9678
8542
6849
2961
6685
3792
2841
6838
8624
5586
6189
4524
2952
3553
6457
9204
566
7356
2049
1936
755
8242
2707
7560
1256
2626
19
2989
6504
4499
3935
7682
6364
8627
951
7202
9607
1242
8628
718
9077
9934
511
5461
8414
6825
6801
1695
6722
3431
8144
354
2586
2876
7742
8611
6823
9857
4776
8297
2652
1364
6035
6597
1427
2974
9549
4568
1677
4469
2953
6730
3534
8081
3513
5638
6257
2044
1922
4997
3380
6534
2025
9232
4853
2988
9001
7882
1026
1999
7506
9821
8157
3087
9078
697
1727
9331
5746
6935
2802
549
4760
7509
3236
4223
8259
3998
3192
1946
4033
4793
3505
7932
5709
6122
8056
7071
782
3693
664
7379
6025
2314
1676
5400
9124
3841
6120
1944
8099
2835
8547
9301
3534
3909
3969
3460
5011
6708
5306
9217
9806
5422
112
8141
1069
4557
4619
4375
6019
2658
1309
1960
2614
9980
201
2456
4423
2333
4172
9618
4942
1536
5671
5843
7156
6391
3638
4429
5650
718
3783
6295
4152
5883
7228
2157
6424
3862
3133
5178
4093
5812
1664
8728
1136
5269
5584
7305
779
516
6583
7936
9464
3832
4079
4327
690
4129
6193
5159
1040
4139
5691
3385
1450
2901
8806
4153
3877
3272
7950
6326
2032
5636
5166
7601
642
1539
7063
3685
8413
7435
3190
6780
7857
6212
8066
4407
92
5286
6427
9792
2203
6046
4337
3400
7738
3477
1197
4724
3130
8942
9900
1067
9628
6013
9508
5124
4934
9789
4271
9392
5751
2503
3332
808
5707
4963
2943
2738
1758
1436
4815
2676
802
1370
8866
2089
7811
213
8486
249
6119
7248
9439
7031
8566
5822
7985
1964
2716
3185
6339
32
2836
8384
5304
9455
3996
60
8944
7599
6386
3296
8037
8920
5404
6501
4139
6540
7646
3932
7655
4113
4599
7111
7619
740
8921
4899
9134
3539
1153
1893
4650
5205
429
3223
4317
6263
6990
1051
3034
1140
1836
7285
60
4333
6345
4930
2339
9313
7951
2637
1288
6759
9826
5279
3373
2465
7175
4034
4794
8399
9814
7875
4875
8072
3207
5805
8586
3654
9573
9087
5695
8108
2045
1044
4905
1919
4750
7611
25
3313
9357
9058
3981
9376
1727
927
7979
7581
7844
7857
6002
9498
5679
2635
5994
9127
772
4125
4534
9539
1154
3892
8890
2060
4611
6185
9523
1104
4267
8851
3864
2966
2
7068
4467
8449
1923
9952
1145
2378
6046
5122
2944
1737
9873
3269
374
4232
6861
879
1587
9425
6934
2069
1480
2718
7343
2375
7985
6018
5915
5523
3099
326
8102
212
5707
8123
3994
6350
134
5018
8642
6827
7769
9226
8573
599
9176
2241
5864
334
2959
9508
3744
7134
8275
4837
658
7729
3325
624
5336
2437
3613
910
4553
4647
1669
5244
5720
7005
4022
261
8533
9780
3828
3243
8757
5426
5509
3946
1893
4148
5541
8373
3508
4626
9952
4621
6702
3186
2706
9534
9716
992
6688
3938
4280
5819
5803
9931
411
3680
5745
8151
457
2797
2813
9009
5154
3511
8672
7634
4339
1366
6311
4761
6726
2684
1965
7983
3811
1003
22
381
6205
6800
8471
6700
7535
3598
401
9812
5624
2758
3288
290
2984
9357
4199
1986
4682
8986
7665
9172
231
1325
771
1363
4180
5247
3421
5236
8687
7353
963
7783
593
7204
449
1784
2709
9649
1224
2468
6650
3719
6663
6621
2042
4360
2801
9121
6155
2240
9602
3559
6548
641
1519
3935
120
602
1784
1269
7599
2009
937
6090
9754
804
1924
2213
101
5240
5540
1785
1801
8532
5728
2508
9833
6607
7696
2412
2765
8714
5274
9337
9296
7563
9826
9369
6539
7951
7722
3118
9188
8529
9253
6796
3982
8115
1013
8287
9310
2077
3400
8150
6976
4416
9640
1578
9788
5158
5701
352
8088
6120
4704
4714
2294
2410
2982
3367
2426
8675
4141
4729
1032
8623
2204
5637
9944
2975
6882
194
707
439
7393
7194
9399
4660
1549
2356
7702
6919
2365
6778
2283
3583
2899
9555
7582
9405
4526
2601
6326
618
1926
6278
9224
4579
9119
3338
2043
9518
4135
9999
5063
36
9570
2532
6142
7610
1622
9951
6161
2482
6841
1631
3983
2227
8221
8721
7750
6799
2534
4820
5761
1253
6775
1591
9245
9170
90
5021
6721
7291
135
4711
2520
4089
9655
3053
1650
6942
8052
8462
4581
2717
4644
1550
1706
1831
8272
3770
3995
1530
9601
3406
1843
2417
5683
8369
3908
8466
2000
2650
1085
8381
8005
5527
7415
7292
75
1409
8235
4310
5556
323
2488
3531
9338
3643
8589
3769
7267
7618
1254
7353
2250
7247
388
9386
915
9689
6111
8055
1966
5646
8615
9914
9396
5397
9474
7047
8323
4271
5586
1770
8380
8489
6974
7350
8903
6839
3845
171
4474
8189
9809
3997
971
2543
2196
1580
5074
6754
8125
7229
4269
1551
2808
5577
2212
6933
3305
3421
571
6943
6291
7065
7769
1618
7414
525
5665
5331
3669
4111
8955
929
4979
2625
6480
5296
6146
3363
8813
2980
6181
1221
5096
561
7260
2629
4250
7908
2287
3105
5428
3738
6001
2639
2413
1343
1129
8800
9876
3237
5260
8905
3329
1735
5615
7841
57
1516
606
895
2191
5261
4777
9823
1673
5556
2090
8439
6383
9595
334
1814
9077
5276
8744
3762
1104
7561
2522
85
1483
4230
3715
4404
8027
8895
8354
9962
90
1949
7999
812
3699
7323
2641
3089
487
598
169
1130
6232
724
687
951
3859
5880
7158
3582
5440
4980
7284
10000
6289
9002
2908
7067
3939
3082
6485
3008
4063
6895
721
7569
2902
420
6722
7590
3893
7928
4186
5466
9996
9284
138
8202
1163
6161
2401
3356
9524
3116
5562
2106
9760
547
6544
1601
422
896
178
5848
1321
1406
8096
7576
8169
3501
9864
1424
6298
7313
6573
2122
2244
3353
5168
5986
5029
6547
4374
8137
145
5643
7170
9921
8129
9283
8256
5702
6706
5303
4855
5458
3535
9195
5266
5845
2290
6231
3309
6245
8666
7942
5395
9438
394
286
5046
9789
5380
3545
8822
8072
9260
425
6424
4449
6088
8331
1071
4574
7716
3538
7721
7164
9634
1167
2852
9015
1020
7924
4441
5527
285
742
2667
344
8598
7478
1871
5211
3720
5010
156
8332
9923
5305
8080
2485
1708
9556
8489
9110
6607
4059
3924
7055
1152
1
3922
1022
1256
955
7685
7470
3957
8513
7138
1938
9316
3409
9259
4480
2997
4019
3303
7249
2138
3926
888
8873
1206
2078
2103
1311
5012
930
1886
7461
3277
6325
1832
6319
2489
5915
2937
3610
9119
7608
9112
6174
4856
9406
5628
999
8589
8973
5621
5352
1781
1393
3611
4549
8098
6987
6418
388
4367
9785
9780
5658
7607
1267
4186
8717
446
7401
5215
8702
1844
9699
7442
5500
7104
3226
5697
1964
6989
4598
1827
633
987
924
3178
8186
9252
753
6695
9336
7485
803
1596
4908
1519
7464
2638
104
4128
5203
6635
5588
8639
2458
2351
5362
8063
8571
1985
5580
1123
4867
8120
570
8638
1904
9848
3922
4887
7563
7230
1768
7939
9661
4280
6670
2507
2667
4522
2806
6483
7834
954
33
524
7814
3736
6651
9791
5329
6060
8718
1864
7148
3993
4797
3204
6952
609
3105
8855
7610
8511
6047
8158
8854
158
1770
5784
4622
2957
1299
596
5356
9603
139
1985
5079
9737
6276
2542
4009
3278
3395
724
3323
3582
9829
3781
7220
5323
6197
9964
9580
2497
1093
2922
9631
114
7610
6935
4868
2973
8164
9646
6908
2567
8813
9103
8585
5545
4704
451
2631
5702
3817
5074
2347
9742
1167
5192
1554
9135
3485
1022
431
2853
4762
2207
1331
5812
5253
1657
149
3040
7707
4900
5628
8721
5319
435
7871
1991
9539
6049
3750
2225
7648
2088
1591
5939
2574
2597
9864
5648
1609
6625
6043
155
2415
9479
4087
6414
7024
3463
5378
6826
6654
1685
6055
9466
2050
7092
9395
5676
218
4936
3069
834
3604
6986
4574
2649
789
9900
7806
219
9887
6644
2754
7388
6881
3530
8080
2557
3077
714
9501
3987
931
2508
4897
483
334
8636
7557
1425
866
7750
5513
9203
9093
9520
1789
5132
8260
5167
1898
1124
560
7357
3809
9924
5994
4611
6365
7691
7046
2215
6353
5578
1370
3326
2892
8734
3086
5636
3829
6649
7775
4931
8053
3136
6059
7617
6494
9509
9387
7780
4939
8809
8530
8813
5507
3904
94
5193
4507
6682
6335
4650
3418
4676
2565
5857
1759
8536
6784
3219
3996
8047
15
5233
7675
5299
2212
9217
7036
833
7794
4317
9195
1430
5979
6035
2110
721
1373
3703
1661
4335
1920
2320
1336
7351
4463
2597
4164
240
9672
3131
6988
8834
8602
4704
7875
4286
9024
1383
8878
3932
3537
3471
6079
8658
5651
4898
7766
2634
78
2858
1692
7473
7792
3727
2794
9935
7586
2781
3417
5988
1059
3481
9055
3931
1414
2837
4344
7638
9052
9534
8822
4231
7994
2657
8330
2305
5612
8540
8122
3488
85
4311
7420
7258
8440
600
2476
9147
7640
2087
5977
336
3690
5037
9619
7395
5999
5985
107
8235
533
1640
9603
2691
3220
10000
3543
667
1968
8633
6439
7572
2704
1031
4748
8063
8521
5453
7878
3445
746
1786
8955
8843
7884
9983
9061
7036
5285
6592
168
2763
556
2257
1772
8077
1152
1305
6301
8939
2572
4176
5024
3812
2244
1725
4176
5586
1608
3054
4971
1992
970
9032
9123
1659
1412
4014
2456
1680
7120
8423
1075
566
3843
8161
1744
890
8096
7226
7713
2415
5290
6750
5338
5644
6628
4701
8005
2459
5358
4552
1607
1569
5943
8626
4330
1612
87
5894
9300
3080
1139
6324
8939
8721
4509
192
4148
991
5416
9593
330
9203
6481
5145
7482
5371
4724
9159
1973
5719
7784
2762
6513
4020
2701
963
849
731
3994
2068
2091
2305
3877
9275
6080
4442
2896
188
8215
4211
6077
7400
6930
8627
5843
3319
2269
3098
59
9551
9714
5774
8723
9636
8001
587
3449
351
4228
6889
1325
5431
7865
6750
3438
9590
5769
9378
3233
4274
7141
1609
7117
348
7822
9189
7236
7689
2762
7689
344
3614
7817
8693
6323
9058
4902
8752
5910
3123
4385
6161
4036
3718
8273
3132
8307
135
6892
6592
2361
1402
4489
874
2151
3505
1672
6349
7484
2856
8607
7772
9337
8589
9563
8986
2875
304
4277
9932
4073
1274
4479
4237
5864
8503
6562
7039
147
6060
4205
9209
1200
4754
5246
6660
4707
6253
5723
1945
7394
981
464
1781
9399
6302
6551
5935
8334
2643
9288
7565
6862
5669
2844
7167
5083
1797
3453
6307
6931
1568
9131
111
7439
7950
7494
8370
7406
6324
7773
7948
4946
3092
6638
7381
6634
9289
1025
4330
6110
5810
406
7843
2000
6770
7940
1819
5305
5729
7451
2023
8333
7696
5292
4197
1408
663
6678
6555
9995
3924
1808
9818
6393
3739
5640
1150
3
7580
4708
2423
3216
6923
9153
8422
6673
3801
7030
7937
1033
3152
140
5052
7672
6984
6538
623
1661
7186
9389
6556
5285
3126
3890
3973
1693
5659
2155
9232
7394
8298
5567
6150
8213
7508
2101
7641
3613
4373
6877
4866
9245
9840
4699
6395
9847
2746
451
3006
1698
6630
205
1708
6975
1554
817
544
8655
3284
1152
7584
4728
1116
4228
105
7989
8799
1505
7153
2265
9982
8141
4752
9586
2289
4899
7870
6973
3954
9464
959
6605
6792
3576
9485
4031
2305
1038
2163
7263
656
7958
7584
1302
7947
2264
5657
6902
7632
8580
7385
4431
4190
9916
3206
8038
316
5163
6131
1688
4346
4290
5822
3642
7273
5798
1812
3481
9219
8839
1773
2082
7185
545
8216
3586
5226
674
790
5134
7331
2495
7668
4058
7843
7546
7474
8289
8462
7202
2651
7994
4240
9428
5356
9056
1971
6079
1973
2873
2812
9287
85
6424
3829
2291
7657
8455
1342
3714
205
1057
8531
605
4634
2995
2155
5744
5021
498
8063
4249
2864
7139
1573
2098
5967
6502
846
7851
5036
6109
4249
374
556
7746
1862
410
9442
8303
7240
9612
7424
3717
3639
4760
5901
1124
5530
8324
2206
7228
4437
4422
7089
4603
9345
365
6345
5267
2302
5056
1201
6475
2781
6287
9642
5252
109
2758
1285
3826
5772
9990
840
1933
4588
3463
6329
9728
2183
7071
5923
2461
8998
4477
4275
3248
4672
2274
2531
7983
7322
8061
7516
349
5730
8501
8152
7383
5715
2594
9143
1267
3805
9317
2812
8393
4362
3818
1779
2379
9395
9582
7180
8470
7104
9957
3514
8671
8767
920
587
3894
6397
2344
2744
749
3330
787
9580
2992
9959
4461
4591
2892
2378
1951
923
2931
4275
7229
4309
1368
4080
740
194
9727
7107
6501
7592
8080
83
6339
3237
8663
3133
6092
2861
2140
4744
1728
5043
7377
3011
2426
3106
6754
3926
2748
5189
7422
9353
6343
4617
3447
6014
6458
6011
3407
7148
7684
8609
9096
7366
8498
9915
6415
5460
5152
1328
3920
1767
9274
3620
8889
9088
342
3300
7406
5319
3315
1594
9926
8829
968
844
8055
2423
6370
5404
6051
2243
2762
9640
6112
2027
6474
6985
3688
7630
278
2871
1330
8977
3410
9516
2912
5766
1571
6074
1813
497
2784
5526
3200
5094
6245
1864
752
7562
1328
8120
4807
5960
1377
9334
1828
4020
548
2514
8008
8815
1117
9151
4553
5563
7657
4795
7780
1046
2274
2022
6531
353
5511
3599
8827
6855
231
2728
8541
2488
9655
6477
7414
2418
509
8763
4406
631
7386
9544
7261
7523
7875
6854
7995
7660
9348
2256
8692
1034
2825
72
8844
4194
5949
7957
3133
6338
2764
5607
60
1241
9482
5898
5717
3466
3080
9351
141
2920
8288
4619
4918
5742
7479
2487
4151
2389
5748
9560
1470
2533
9169
4945
7192
2810
7637
5925
4972
6983
7897
9992
320
5340
7363
8651
7672
8228
8371
3882
3472
1033
8298
3627
5412
5381
619
4137
2946
2017
3339
6852
1469
133
9530
1447
2191
903
8240
2997
4732
6779
8310
9236
2495
9367
9237
1938
7008
2365
2577
5430
7455
6503
6829
4345
3535
1850
6033
6205
9265
8145
9463
2998
4600
4815
895
3211
492
6916
9577
9279
3481
9182
4435
5290
1225
2040
4413
6556
6361
917
5239
6051
4118
9321
4807
4430
7614
4513
6376
7658
5957
3953
7070
7804
6965
4512
4285
385
4252
3817
521
7563
8324
6036
7455
868
889
9697
5914
4982
863
6924
1169
276
2325
3359
5251
5951
1569
2702
9166
1302
2863
5525
7957
5689
808
6465
727
8990
5694
9847
1901
4529
7131
1655
6072
5599
7386
1739
906
3808
2263
6658
1332
3668
497
1487
1961
7861
1770
9143
900
8458
9372
8773
7009
6033
5314
7335
4243
6286
1911
1050
2062
3907
6679
1585
624
9950
5607
5314
4501
8770
4898
5180
2148
6797
9900
523
5387
7966
7503
4987
8826
4194
8883
4303
7602
103
4981
9702
5031
620
9186
9615
3458
5333
8656
8260
4769
1128
7655
3031
3603
7514
417
580
456
8381
4115
4093
9537
1523
3349
5858
1138
5165
8726
5227
4277
206
661
9515
4709
1422
697
9091
195
7520
5626
6287
1300
8593
491
5571
8253
1379
4
3423
9432
3576
8113
4482
4133
5935
5014
6930
4372
8591
9309
9533
6252
4853
6233
6163
3926
5846
2636
116
932
3731
9008
3567
292
105
7007
6231
9566
5636
3156
1267
1253
2236
1229
8340
7502
5058
5767
5674
359
1148
2002
6568
2204
673
5074
3534
4444
5047
7826
9163
9915
5914
9355
3816
583
5853
1619
3468
8869
4116
9880
7416
1822
5256
8866
9986
2482
8548
3212
3853
1132
1780
7360
4799
7326
9093
9110
7287
81
8575
3163
6632
2129
8123
190
525
9579
3374
9481
1631
261
4284
6061
25
7323
8528
1465
4810
488
5270
2150
2611
910
8236
5462
7635
2203
3470
5288
7919
3126
4841
9438
9097
1076
7040
3311
6942
1608
713
8751
8094
9494
353
32
5202
5807
4834
1655
7052
5988
2699
3149
2400
3812
9251
8273
4704
6860
6377
5480
2173
4916
1831
2379
3039
6479
184
5018
4678
4351
6806
8487
3965
2006
4452
4735
607
80
1404
2613
4899
5924
2639
7973
4542
3000
6606
2249
2352
2867
9930
6291
2041
4470
8847
3613
7614
781
19
4764
6294
3512
4778
5220
3806
3911
186
4583
8592
4916
4025
6882
8360
8766
7889
2235
2461
3079
976
6085
7010
1950
2330
3138
9142
7376
5584
8636
6182
8712
7546
1995
4325
120
5150
2082
5798
6886
7630
3120
9679
4380
8225
9515
7154
9351
8450
2797
6200
5380
7361
6835
657
6117
5079
7116
9283
9369
294
8902
8207
9556
9997
7010
668
1844
1265
3722
4460
2646
3691
5564
9460
8409
728
6918
581
3255
9561
1917
4033
1973
3248
8060
9134
9805
5992
3782
5957
1872
5550
2853
4402
9415
7139
4116
2731
4276
22
8884
4817
2618
5265
4290
2985
5475
4559
6700
6364
4122
3029
111
830
5384
7378
7534
1220
1212
3502
6767
2928
5116
6226
5082
9400
6248
9865
5998
2972
8074
9944
874
7486
456
6457
8696
5323
7515
9175
9755
1699
9991
8683
9939
20
8210
5064
4078
2952
9741
5342
1728
1233
3138
9777
1536
5265
7277
5567
3923
1892
4583
4244
5617
4800
4373
6866
9311
5022
425
2363
130
7948
319
8162
2693
5263
4895
2183
3748
6862
9591
4263
1035
8642
5922
2889
9936
2376
7516
3712
1688
8198
1958
5971
9823
3602
4124
9826
3716
9563
2486
7125
7845
4540
7047
2550
1847
2054
5416
5250
1222
3450
1443
5683
655
6315
701
5615
1004
5919
8988
5361
9065
8332
4818
6988
1714
514
3857
7919
4351
8258
676
594
2450
1170
8354
6311
5656
6113
7374
9216
8685
7289
7948
7883
3531
2649
8542
5600
6379
947
798
1241
3010
4582
8558
4965
4633
251
1659
7695
6945
5083
328
6256
676
2888
4441
3791
192
5717
26
3787
9197
3402
4119
4625
6234
2075
1595
4046
8173
1984
9962
2620
372
6219
8694
4728
5117
5395
6801
4056
8
927
9367
8746
2922
7624
3235
3693
3477
9546
4554
3010
5218
3538
8540
3725
5621
2234
4091
8822
1206
7640
2320
466
1079
5737
1895
3128
5126
3020
9487
5016
9984
8554
527
382
715
8842
74
3866
281
1665
9839
4057
367
1814
6126
5087
9454
9898
741
9211
4384
5757
6125
3801
3518
7964
992
6755
5902
1332
3943
8769
9720
1722
3651
1428
1443
9107
8801
5461
5355
4741
895
9576
8905
6430
4742
3467
527
2355
9322
3754
609
2273
3738
8009
1046
6624
4794
2382
8467
6050
3714
6280
5372
752
8204
1307
9605
3344
3091
2939
7467
9747
6358
7479
4812
3354
4883
9140
2850
4927
4634
8639
4539
3198
5863
4614
3465
4048
2430
50
703
4107
2234
8978
6521
1506
720
8421
5787
8866
4731
8611
3294
8947
6422
7018
9070
7808
4559
9328
4396
2726
3845
8699
6274
8502
6509
5006
3602
5724
4256
1467
547
9652
2253
3349
9965
2331
5563
4462
9356
2480
7209
4997
3692
4880
7298
4616
2161
4416
2860
8816
5518
1226
6404
3052
8044
866
1844
2746
1132
1813
5997
3575
7198
7844
5323
228
3863
4264
9807
97
3711
739
5306
9245
7065
1509
2289
7171
9188
2091
3923
8525
1214
2712
5992
9471
8412
2528
5469
8423
3946
9016
575
9877
9661
393
1631
5522
5226
5041
9515
8613
3573
2020
8068
7499
8478
5929
2805
8145
5570
3972
8769
9429
979
8099
1873
9073
9723
9277
6580
7039
6882
6414
6198
9868
6733
7729
181
9142
942
7952
2348
8656
3262
5008
3743
6138
7775
6942
8349
2549
5068
9322
467
4955
6421
9003
5498
6229
3131
8045
2270
977
4073
1165
6923
5576
8611
8546
2873
1489
514
7152
4432
748
587
2828
5116
5050
8709
3457
1196
8374
9968
8348
8389
2054
5940
4586
846
2888
4729
6706
4166
1129
6248
9740
4433
7023
9459
900
2264
2499
7679
8612
5186
5405
567
5176
4726
3724
303
5757
127
8996
4065
2028
6667
9478
3394
8507
8651
1105
7392
3029
9544
1138
3513
2070
1893
6329
8729
159
7477
2321
6426
9391
4256
8785
3368
987
4472
5415
8254
356
2103
2453
8307
4966
422
6273
4568
5285
9863
5081
5520
4540
9955
8050
3643
5973
6152
5615
4240
3154
4546
1653
8720
4149
1219
2774
4298
24
1542
578
9244
7921
7578
2002
636
7434
2755
9881
1434
6440
1833
7783
8082
2285
4454
8496
6050
3504
2834
4174
8151
8982
2631
1075
6068
8603
1435
8635
7291
2922
1937
8311
9823
4501
5262
3272
4424
629
4634
4172
1749
4814
7453
2891
8913
9262
8328
2095
7694
9921
7895
8225
4165
7010
385
7415
2763
6248
3027
4436
9794
1492
2261
3448
2816
8921
9192
6563
837
7112
5738
3898
4422
6255
7738
2694
4620
6556
449
9649
1386
9036
5572
934
2215
2124
4261
8245
7357
3158
7093
8778
5235
2817
8433
143
5800
9574
2678
336
3573
3767
8892
4411
3146
6931
3257
5034
5215
7538
5087
5902
5191
2403
8917
8863
9138
338
209
6847
8766
5867
3374
9588
1643
7396
4500
9979
6523
5039
104
5009
2092
8167
3407
2835
5266
8778
5090
1784
2327
982
8990
8412
5931
7690
1988
8615
7863
8757
4213
2395
5657
394
5577
4661
5440
5186
4799
9885
8027
3590
9689
9717
6405
1416
8579
5082
4188
9856
4555
8010
3867
7796
8378
1726
3456
1982
828
1612
9300
6066
853
2127
5735
1103
2066
320
2244
7837
9811
1160
80
7535
1501
9265
2795
3444
6225
186
1216
3373
8275
2542
469
5224
9504
5792
2253
7399
5745
2936
1621
3726
4755
9495
9381
8259
8923
60
6203
2524
1766
3633
1911
4791
4949
2137
5806
9746
645
9867
8862
8730
8709
3371
5366
9136
8085
8680
4508
7114
1577
9981
5010
1495
5251
1439
4448
6647
5435
6839
9005
8861
2253
8852
318
7071
6943
2618
9396
4145
7715
156
5901
1925
7768
7582
5853
2072
4073
4979
6925
6785
3065
2429
8254
7283
5140
4562
7071
6785
2341
9708
5677
1650
5040
6293
6365
9668
6241
7839
8423
5062
336
63
9665
3318
6449
7491
8572
3090
5022
4273
6703
7777
7674
3892
1092
7833
5088
5366
1924
7308
8403
7511
5710
2024
9201
9900
8177
3221
3268
5826
8124
2597
6700
1940
6385
3763
1360
3330
942
9421
7616
5992
1693
4084
6480
1972
4006
681
6341
2255
6345
6048
4969
6282
1613
7759
6554
3969
7024
2937
4378
5703
9705
4224
9017
5428
4575
4114
4823
7358
3357
9327
7834
3920
6886
4227
6392
3988
157
5550
9841
3142
2717
9058
3276
1198
4223
751
8597
3452
8073
8649
7026
6957
197
6673
2155
5374
6488
8079
7663
3303
6586
140
5790
4441
5598
7890
2985
6557
7411
2446
5782
1432
1571
1538
846
2023
6559
9807
1592
890
4773
3353
7388
3113
4240
6002
9683
3792
1254
9194
7515
8893
3791
2942
664
6063
7013
9244
9820
4818
1967
112
682
5497
2796
1318
9479
9911
2333
6355
6593
85
3361
5902
5874
2844
3320
5529
1520
7278
479
244
9926
6180
3950
6210
249
8307
242
1257
5352
4297
1729
5757
4952
4561
3311
7774
7838
2061
8117
5690
6932
3052
6572
6274
7073
7779
2729
8082
4218
1689
8890
2426
75
7198
6480
6332
7988
398
6862
9074
5718
3795
939
3945
3061
877
4564
6353
8051
7451
8714
2745
4661
352
7637
6047
8474
1843
1618
261
9888
3359
3715
5610
5910
4870
7262
7605
1012
3784
1209
6877
8322
638
661
9972
7576
6854
3291
2758
1192
7415
5115
3302
1720
769
7687
1682
7622
3318
2726
8715
9227
7981
2325
9999
6741
9251
6663
2295
8814
8014
4596
2448
6415
4786
6193
7470
3185
8686
3805
5138
2767
2565
4805
9673
8763
5920
5291
8705
3533
9419
6006
5786
4090
9604
2026
3430
291
2877
5456
9712
7436
1486
5033
4931
536
3896
8610
1286
9210
7289
9796
2604
7672
4995
5715
8119
8667
127
3583
404
5388
4535
8030
7892
909
2640
4702
4597
6240
8667
8197
8247
8906
3744
4072
5222
4423
7921
6025
9461
7829
3378
1004
678
7488
3335
1645
136
4196
9379
5945
9404
7332
7709
2960
8988
6075
4642
1628
7337
2176
4410
4542
8527
6956
6269
2104
8516
3357
7912
3841
8966
2322
2621
9745
6239
3073
1465
3765
2539
9837
9750
8651
9905
5723
5663
7582
3801
7441
7212
1833
6702
3207
8614
8207
7159
1374
6826
5353
8882
4456
3265
3714
346
4847
1215
7042
7887
7227
1068
4020
6475
9332
7509
478
6340
8639
3347
1597
9260
1110
4168
869
7513
5365
7224
6267
4289
6751
182
3856
1913
5698
1431
8218
3959
4346
497
9931
3137
2694
9546
6104
8060
3913
2860
1580
7019
8830
4202
8989
8612
7634
7127
3346
1562
1853
1135
8068
7808
7678
6868
1915
899
1215
8078
3806
8941
1402
3743
5749
8352
129
9308
3533
9805
9841
7842
4026
9121
5232
1000
8313
2567
6337
3637
5082
7549
9271
7923
146
5073
8264
3475
3594
3071
1699
9864
1220
3790
2420
9436
3592
4622
3251
2859
3606
739
3518
8314
8164
4324
5873
2195
9786
7178
7150
1123
2557
2444
9025
4789
2743
6824
6533
1773
5662
2353
4288
8275
4015
1488
5278
1062
1177
8985
2549
3638
313
2242
1408
7383
7861
6126
549
2417
9518
6939
1764
5232
2369
9111
5429
410
1394
6362
4843
6599
2560
4626
489
8311
5519
9725
497
2822
7395
7539
8451
8071
968
5192
5768
333
9477
2823
1115
9244
4491
9851
3809
2163
3660
4149
5192
9181
8640
9028
7651
5971
7122
4722
4973
6626
2488
9292
7319
6024
6194
5699
2813
3914
1262
6686
2613
4638
1909
1268
5785
8173
5742
8148
4478
8384
4917
9091
9797
5605
9200
5388
559
4654
766
4095
664
7879
5931
120
6178
5377
4097
961
9360
4410
1461
5349
69
3528
1400
9092
7841
4990
6236
9711
6889
358
1558
2646
243
156
1791
7226
3913
8352
9378
3794
6420
6883
818
751
51
3970
5542
8960
702
9411
4221
3240
3179
1115
6084
3772
7354
6576
3660
9810
6571
4801
5212
2766
2351
2777
9326
7112
6316
3507
4345
7261
367
1678
5353
536
5723
7864
4959
7715
7220
5189
6860
8934
1749
4957
3344
3662
6038
256
1927
3393
8470
1899
624
8263
3017
2898
2516
6969
9079
6692
1893
1099
3543
6686
7842
5118
9733
9530
481
7187
9059
5682
1270
7888
3259
7925
8563
4170
7949
3999
918
4672
9220
6158
2695
8816
9608
6578
3149
8624
6382
5480
1159
444
4316
786
2075
2026
4309
8272
3345
7553
5328
128
4000
9121
4796
3518
3242
1435
1672
7491
4189
1495
2640
7111
774
788
4820
7265
7981
6787
2681
1275
4782
6084
8531
5798
1680
6261
3345
6997
8691
9723
7395
1752
9000
8077
5096
9422
6177
4390
1036
5422
4281
5017
1558
290
9567
5818
945
8784
9666
4500
5911
935
5408
2168
6709
6914
1634
2778
2388
4444
5835
6870
117
9409
4138
9765
6482
3203
2974
7789
6821
9317
5305
8304
1612
5826
3396
3079
8671
6949
2779
9953
3691
8381
9908
8617
8165
4012
8413
6309
1303
627
9973
4040
8282
6009
5383
6090
7082
2941
9966
299
6173
3776
7747
9144
4939
5307
8372
5197
2364
4055
4639
9169
1184
878
3180
3652
9567
5022
9072
3951
629
8632
9103
9422
5666
5585
3542
128
4615
2673
1958
6374
6650
5367
5376
141
8084
5478
2601
4238
6563
7189
2804
6307
2741
7118
2900
4080
2388
7787
2812
8076
3655
6749
7042
1601
9518
7413
7059
1770
7180
74
918
7511
1667
5022
5167
209
4926
4264
8809
4697
6507
9273
5590
5910
3863
1708
7205
6022
376
5603
8426
7969
5710
7013
6873
7869
4473
7694
5244
3435
2148
5097
8829
8021
820
3280
7316
5073
1429
9888
6277
4202
9800
1165
6801
5626
1904
9466
6678
1262
4481
9110
9438
4775
853
306
1417
6315
4028
6536
7984
8196
3157
8438
7392
3278
1786
2338
6961
7407
1671
9403
1722
8998
7409
7461
3970
2810
2087
4630
1563
7324
1173
5102
3969
4289
2879
9421
5810
9836
3660
7565
9786
4680
7725
5113
7794
7599
8085
3642
8173
4043
9307
8563
1738
2907
9725
101
7146
1615
9325
4851
1997
3829
1605
7388
212
5380
4268
1437
9319
2745
2133
2503
1981
6361
8526
7295
7973
1867
9348
7318
2441
8504
1925
7690
4242
3268
3904
1004
1469
9533
7649
3719
8634
2577
5747
7134
5258
9389
6096
5479
7459
1919
3702
5044
5736
8821
3703
7590
6911
9406
1228
3092
9430
513
9976
6898
177
9821
9777
6173
4352
3887
6595
708
3775
8079
6578
3668
8076
8184
1274
4467
4246
4539
213
2044
7600
7232
4865
4585
6218
1343
7761
7756
5738
6299
3324
4943
7668
2357
7517
7444
2418
193
4455
1917
4151
7612
7150
1267
3838
469
3799
1377
4782
4773
3881
1799
8043
481
7078
2403
7443
1238
6529
1940
3001
2919
6901
8381
3003
4419
22
2037
4162
6890
2210
7436
8281
2263
9065
8973
3917
5501
4986
9293
2813
6546
7892
3115
8737
3163
6614
8975
4318
670
2719
1890
6594
8900
4005
2941
4605
5539
1459
468
5182
78
5404
4779
6143
6673
8536
7539
9978
3559
2746
7446
4380
2945
9409
9650
2375
2931
804
2307
3814
9824
3122
3250
5050
6654
8002
3575
7586
3145
4031
5723
6805
609
3004
7867
4284
8281
5814
696
2728
7178
8500
2625
3631
6951
3583
1966
6943
8506
3954
7024
3298
5459
9328
1321
2435
8299
8270
6229
7038
810
8966
1675
3234
4782
8673
4387
7307
2677
7238
5570
5183
4952
8273
6214
2708
1801
7095
1015
7781
7746
2544
963
194
9896
2253
4044
7546
8445
9998
1191
2999
9788
1299
1564
5791
913
7052
6741
6030
178
2062
1258
6234
1824
1516
770
5916
5634
9743
1237
7376
8548
5932
6362
1347
8973
4055
6
5543
9146
3003
7478
7374
8728
3400
958
9234
8795
899
5254
2689
5434
3622
350
7367
6052
2442
6197
3598
5031
6136
5108
7908
6744
3421
2726
9059
9969
832
666
8145
145
1119
4275
2973
7472
6709
6489
4785
6822
1994
1703
7814
9010
9157
8865
6009
9913
6305
5718
6983
1699
2915
4907
2397
4433
1847
9502
4831
3242
6094
214
161
991
8892
1899
3602
8171
7322
742
9027
9923
4470
8326
559
5870
7505
2051
1334
7854
4005
889
1932
517
7020
3412
1827
7086
4618
2848
57
6708
875
4820
1924
7466
1632
5238
8116
7229
1521
1396
9962
8284
8590
9487
7779
3803
8041
5328
4539
4852
6608
2668
9816
2533
9994
4810
5676
4554
4358
5826
4277
7076
2968
1920
3281
664
9962
7827
7821
2140
2587
7407
1364
7285
5046
4362
1466
4926
8353
3831
9583
3348
4969
4624
7357
2858
6349
6931
1224
8812
376
6311
9249
8568
5916
5309
9453
6056
6056
4348
3337
1129
7361
7982
5304
2491
5549
1415
2646
5441
7923
4065
386
500
6173
2408
935
4121
475
3267
1372
7561
4642
4327
6326
7887
1914
7086
4592
990
5014
5236
8877
5754
6489
1654
846
8453
396
3060
2006
9564
8122
8861
9787
7100
6633
5146
1724
5009
5777
5622
8874
8651
913
2411
1403
5501
8645
569
395
4738
4940
1966
4715
2862
6428
3198
5105
7170
1712
4182
6521
2727
6627
9705
1778
9574
6524
4967
9990
7142
658
6130
9228
2687
7443
626
9212
2358
8357
9921
6367
2274
6009
1031
5561
9988
8560
9158
6426
1585
7954
9846
4764
7308
9527
9302
8746
4541
9135
6276
3049
515
3695
4195
3629
3781
9298
9257
9412
8867
9147
4763
3010
1393
7786
9931
1946
7188
109
540
57
6484
5040
8682
9230
4176
3053
3176
4288
5670
3210
8640
378
8093
7475
8122
321
4171
4057
76
5451
6289
7616
239
2213
6821
1505
8643
5727
3629
9167
5745
4200
6601
5042
7086
810
2255
6791
535
2292
3655
8123
5203
3797
3114
1379
5020
8077
5574
9496
8523
7838
7570
2111
3512
9755
8753
2845
4687
1002
3499
2231
8318
5751
5538
9148
3623
7836
4324
1283
8933
1177
914
8963
2251
5462
8082
9614
9948
4322
4717
7909
5310
335
4283
5049
4823
5489
34
2220
6243
1077
2525
6205
9674
3814
9905
767
1818
7830
2087
4648
275
8437
3090
3339
3438
3847
1548
9837
2751
992
3897
6798
801
910
7396
7759
378
2904
3701
5212
3719
5140
9751
9000
5368
4760
1859
850
4661
8429
333
1412
6417
5964
4014
216
9849
512
6802
1196
2302
9923
4433
1959
2553
8710
5854
1440
8175
788
7459
8676
4525
1361
8730
6673
9433
6423
7323
9430
2736
7577
4409
5603
5261
4196
5827
8061
401
3246
8200
2253
7317
9598
8172
4854
9672
9375
2427
5071
4879
6712
5405
2347
6201
3429
6915
1062
5846
2500
471
7786
8251
5627
3479
957
8166
7057
4744
9352
3385
3920
4909
7182
7192
2313
9375
8166
4126
3775
1922
4859
174
4545
1824
2667
7402
5832
4634
1615
7572
4518
9107
2470
5852
1459
6887
8763
57
2574
3654
6580
7083
9695
8824
6604
5328
575
2383
7056
9073
984
1220
1547
8092
7789
7938
5765
1986
9290
5118
374
1917
1740
8
1073
2595
2713
7798
1380
2316
2725
3937
1355
1295
6237
8147
9940
7160
7050
3200
4868
1080
3211
1809
5183
7650
37
9007
8156
7628
7569
3596
2081
3754
1309
5978
8145
1626
4025
690
7862
2212
8171
7323
6007
5011
7414
3762
1513
8354
6593
8487
1594
7138
7762
2960
8957
5575
3004
5559
2421
7000
7547
991
2423
4809
3584
4883
4814
1922
5959
2234
3393
176
223
3909
3731
8396
4054
1444
5335
3144
2955
5133
7336
2213
5054
7240
1026
7585
3724
4585
8077
5218
2823
8021
9645
9861
3869
6225
1798
9195
6872
2573
8078
9381
8381
5039
307
9762
9637
1590
2733
5152
8524
609
6671
9306
5557
4595
320
3076
6002
9948
638
1207
8545
9481
3455
2379
1881
5927
9207
2615
9135
6076
9402
3006
4136
2657
7828
7584
9103
9840
5311
4290
2292
6573
8185
9040
753
8545
6128
4650
9470
4245
2962
8864
7277
1213
276
3388
9469
8380
8269
9042
8607
6260
7426
4098
7563
604
6975
7783
7131
5376
1358
123
6403
5914
5673
2808
9777
4719
8981
487
6906
4357
7511
6036
5456
348
4328
252
9559
9113
7054
4270
2888
5392
651
9613
5041
1148
5626
999
607
3516
6816
5708
9352
1879
8262
9318
7103
2178
7607
6408
9410
196
156
1236
8031
4237
9941
9234
9470
6687
4580
8595
9398
5730
514
2825
9266
4255
5576
7986
9939
4529
4133
3243
1076
9283
2163
3026
2250
5319
743
4062
2018
9960
8919
6495
7999
1434
8096
494
9071
6572
3404
4832
5098
9671
3958
6766
2416
5452
1090
915
275
2074
9955
2865
2072
9544
7958
1770
8590
1170
6945
4234
4134
7009
2191
9500
2268
6013
9312
2247
3178
4108
3176
2412
7747
2585
6378
9371
3985
5704
1128
6805
8831
8211
3887
5751
9425
3819
5540
7819
6310
107
2658
3278
3594
541
7061
4740
8995
5531
2787
626
9066
5102
5598
5721
7411
8977
4
4838
5287
2006
8215
1745
7075
3195
1023
5307
7854
869
4453
1932
7205
3310
8514
3380
8789
8368
8780
8938
3230
2821
776
2478
9458
4940
8997
6461
4246
9417
5197
302
7252
102
1112
951
4368
5623
7950
7721
9458
6670
9783
2209
8299
1441
908
8954
1271
9221
5400
4272
8751
234
638
7810
6411
1455
8705
4263
5843
7565
3007
116
3953
7030
6157
7622
3290
8337
7042
885
9616
1713
4744
1920
7799
4163
6504
1367
6167
5156
3816
2812
7732
8217
9613
1895
202
5683
2230
8235
2835
8273
9047
3475
1524
5566
5282
1235
3235
9014
3455
7764
3439
4995
6224
919
5083
6760
2963
4845
8033
2699
4249
4461
4978
5896
9360
3086
5478
802
4788
467
6755
3780
7830
4971
2525
5532
2182
9615
6227
792
4634
8952
4517
3928
9114
4966
4551
7551
9159
4629
5500
5066
974
9541
908
3002
6782
3846
966
7396
3387
1806
7251
837
8104
2385
9484
6798
4549
7382
7857
6727
155
1318
7026
9279
9140
7869
2718
1996
3509
3078
6678
4852
2102
4557
2485
4325
5625
9310
9334
7470
3971
2509
6509
8357
7893
4258
4409
2709
6251
23
1910
8920
1844
6641
3004
2676
1731
3691
9490
5262
2238
1002
2483
270
8550
1119
4500
7573
8390
1972
9422
2467
9575
1798
9546
3607
5520
9128
8048
7777
474
7482
1905
1294
2875
2468
7743
4101
1702
4837
1327
954
2849
9921
3461
6506
1303
9830
4852
5272
6256
4533
8820
8594
9165
8803
7840
6276
1403
7213
5732
8613
7666
579
2132
4664
8109
5032
5823
1836
3160
4031
5865
8999
9113
1152
2120
6297
9438
1794
8572
5290
8561
7168
5471
8954
7593
2217
8565
6716
7176
6059
6279
4428
7977
7317
5356
7384
7551
8546
6924
1003
2606
7294
9324
6408
8759
9216
7010
6870
6352
356
226
5146
9738
3115
9032
4742
3456
4703
2956
3007
386
9817
3717
7945
1162
3317
5633
3655
7252
7078
3489
2350
44
9435
4112
99
8376
4180
9255
7936
3108
1673
663
1441
8487
2996
6384
6329
395
6910
4641
4484
8827
748
2548
5282
3164
8371
9190
3115
6146
2107
8743
1060
9167
9453
4724
1031
296
3671
1093
9800
2248
372
6452
9853
2436
3286
6197
423
2602
6699
302
9628
514
8765
8932
4954
3568
6385
4553
9219
865
7028
3709
3957
7200
3831
4234
3247
8437
1570
3444
6317
6954
4169
8588
9120
9916
5180
4801
4357
8176
5529
2818
7462
2347
3556
7214
5198
9561
178
2229
8597
2797
9965
5532
8671
1917
6648
8754
9597
2676
8454
769
858
2647
8351
957
8199
1316
3229
7328
570
79
5073
2511
9491
6457
433
581
5962
9054
8762
5784
3061
6573
3158
8110
9543
3146
3162
7838
2969
2283
2961
2256
3169
934
2125
6574
9844
6240
3099
6569
6482
7602
2462
737
2810
9545
1925
9104
4905
3265
2108
2023
3340
9909
4127
1639
8185
9249
5220
4800
6630
6836
4488
1962
6950
2222
4413
734
7605
6764
1442
2517
7607
2894
5309
3444
5704
5202
6960
1933
4409
3842
2049
2251
231
5792
399
2435
4750
567
9836
528
1907
7467
2477
2564
2986
8733
3815
116
958
4764
661
9819
2384
733
1855
8232
57
846
3508
872
5831
8244
3178
8424
4075
9243
5172
9578
218
7320
7633
2658
5562
9307
7779
3483
6587
9796
4218
4906
4922
7186
4761
6526
2606
9825
2557
3879
5239
7272
2855
2416
2398
596
8517
376
2634
6205
2786
8447
342
197
4409
7524
7786
3022
3163
4721
1795
8431
6221
5769
1766
5070
50
3872
6236
7122
1831
9309
6941
9029
6688
7467
9994
3734
6860
7162
3264
9422
1678
2045
4726
8824
5576
7242
7384
3230
6618
4003
9977
3649
7380
7367
5318
7431
5525
835
9085
3623
6299
85
582
6654
9975
4246
15
2015
3752
2312
995
2493
4583
4666
4151
8905
9490
1463
9286
732
8123
4334
9553
9383
2636
1013
8302
7647
6846
5191
6112
5423
5976
7274
3404
5271
2012
4900
2016
6180
1671
7145
2063
3319
1949
1262
6524
5093
8441
4512
9618
2408
7357
1922
2490
2554
2133
3575
7782
445
5026
4980
4977
4384
1722
6007
851
1755
455
653
6198
6688
7459
5919
7430
796
69
1169
8291
329
1751
5844
3401
2686
9907
7154
623
4805
2396
9265
4881
9487
8749
9330
5036
660
1291
7042
7547
7753
8003
1573
286
8541
3084
397
4911
1580
3359
6727
2969
6171
1215
2132
2620
6693
6937
3564
3434
7491
8241
7023
7540
1047
4172
2375
3580
7571
7490
2547
6325
8771
6772
5404
2324
80
6358
7591
3541
578
4341
3889
4180
9569
9369
5765
1636
1632
5849
6608
2643
5077
5448
1633
3360
9365
6719
7488
9298
409
5047
5969
1768
4168
9155
1763
9421
987
882
5286
7481
6004
928
2513
9909
5750
5998
948
164
2806
7378
4398
3564
8688
8131
2791
78
4566
9163
9315
9584
8838
1463
1436
5619
3701
2079
1801
5794
7488
5509
1840
7154
8242
7940
5017
6189
9847
4453
823
2474
1691
5431
2416
333
2228
4702
8812
8298
1402
9453
4549
4475
6729
5831
5479
6000
6787
7537
7076
2542
3276
7284
2114
9578
6968
183
5055
2824
6004
6717
4112
9315
2512
8978
3627
2936
4729
8952
8278
2412
6651
6546
8762
1708
1077
3685
1708
7092
6444
1266
9547
4346
3660
627
7018
8599
2044
4440
9187
9556
2468
7387
8590
8368
2846
5189
1640
2068
6448
6916
3900
1548
9490
6859
1363
8444
6187
5890
3219
1148
7627
8786
1010
7176
3704
8075
8710
7601
1838
460
4205
1649
5927
2274
8354
1378
9453
9353
7828
9463
2750
7819
5308
1670
8638
2536
9770
2999
4612
869
3819
794
4466
7660
6174
2958
6856
9215
6035
7179
2037
7887
7235
5018
3320
497
2375
3135
1715
956
2889
2560
3335
7506
6461
4389
5748
2231
2093
8836
84
1613
4000
6957
1807
5453
8003
2614
3491
5569
5194
8818
8126
6909
8404
5835
8242
3474
461
4663
6975
8194
7828
744
5954
7042
8975
4249
8868
7843
6631
9668
918
10000
1180
6590
3196
201
6426
8279
6978
3129
3176
6880
3275
3403
8013
8927
5133
5135
4131
5514
6390
4268
8517
8175
9986
1565
2717
1516
3070
830
5723
3058
4624
6473
8816
5162
7822
4508
2762
42
7743
3581
7583
5890
8892
1014
5276
325
6679
8822
6590
8350
8124
5947
3438
5815
319
1309
2580
12
3567
3200
7612
2340
617
8607
5819
6334
5227
3780
5256
2888
3405
3284
5274
8028
4627
7720
5395
3431
4110
7129
174
3191
3342
3034
9027
6148
698
8344
6615
6572
1395
4310
7849
9859
5186
579
1893
7339
3750
4490
1932
1616
3746
2136
1984
8508
6957
5021
9355
5288
4963
2563
3156
7404
9102
9588
7760
2380
3146
8485
4546
1991
5335
6140
1173
7098
4037
4434
8096
7595
8036
1633
3608
2705
7898
9242
931
4057
7570
6810
4662
2887
5910
7285
3406
5535
48
7358
19
8453
8126
715
3339
8974
4643
7544
3614
836
3772
5880
4148
6094
8125
3689
9912
2440
5279
6280
7625
880
1090
514
7057
4640
1085
8851
1346
9193
4599
2203
908
3926
4418
5231
8835
2720
4742
5410
265
9401
2273
1878
9877
323
5917
5150
6970
3869
4119
6553
430
8681
2074
2140
3255
4396
3837
5873
5100
4487
7754
756
2028
9891
2543
6179
2476
4070
6102
1273
9777
5462
5502
4261
3385
2043
4146
9062
7434
4831
4158
2401
1333
5726
4532
2655
2942
8106
1415
5069
7928
5910
2179
7586
2081
6885
945
582
1504
352
815
7709
738
7681
7463
6225
3985
4339
8312
7011
7470
506
8255
4884
4664
5377
2259
5876
6906
3246
16
5150
5381
6790
2447
6548
1062
1430
4074
4262
90
2869
3670
8654
5413
1693
7416
8997
2251
5441
3236
3288
1055
5390
1378
457
5787
9093
1911
4990
9840
2200
2321
9849
9208
3882
6200
9251
3401
9916
747
7935
5049
4733
7342
4496
9547
6635
9561
3769
6278
4991
2744
9355
8108
6151
8660
4650
5427
473
6042
9286
4695
3376
5617
2789
2465
842
1413
172
8890
2109
3405
7084
6265
1867
2627
1040
9827
8142
6334
6989
6677
20
5532
2195
9851
224
2799
853
8704
3291
5933
3264
1017
6084
713
2818
875
5157
2646
2696
3763
1276
1870
8150
618
3001
3860
2804
1017
9520
8134
9826
7647
8123
3247
8241
5586
718
224
8918
3311
8333
3219
4231
1392
2135
969
8763
3451
3431
611
4675
5438
3339
5057
9010
4866
5826
2726
2621
7205
9971
1714
9227
6102
1133
1231
65
650
3271
8463
6412
635
1928
6808
4308
6425
6909
5535
6718
1074
9251
9567
8575
602
5152
565
4545
6879
6061
4356
7420
879
920
4904
672
6037
7652
2505
9192
6399
5894
8127
1153
1580
3448
126
3202
2928
9203
5281
1542
2157
4249
4993
4731
3782
5080
3473
4506
8170
9829
3266
2543
7019
7321
6317
7882
2985
1054
6468
2272
8417
4689
3308
9442
7662
2140
3352
6881
8931
7914
1444
5819
7292
6286
9615
9130
8616
9929
9202
4681
8108
1356
3442
1243
1351
4395
5645
1400
9939
4369
8341
6914
3290
3252
3291
9142
5625
5229
2092
8695
5802
8664
3371
2016
7592
109
2278
7525
2152
3546
2834
9803
1417
4787
4983
4543
3808
9347
8539
6010
9122
2423
323
2385
7604
1322
6123
9300
9608
1775
5017
920
6584
2352
8052
4843
2868
4540
1151
6227
2986
3722
3468
5829
5471
7906
6688
9158
4442
1068
8476
134
380
3294
429
1717
2066
2597
7478
7490
8668
1929
3217
2941
838
1149
3622
4019
2163
2655
6118
8393
346
3130
4100
6323
3337
2345
2848
3654
7909
1078
967
7426
5179
2640
6329
5391
7404
8675
75
4164
8333
6953
7956
9192
6518
6942
7028
5601
7739
5301
2565
4021
7177
3186
9209
7032
4966
1099
9895
3182
4001
8630
6270
8308
3908
6649
5854
2728
27
7359
5803
965
2677
8933
2631
9841
3560
1445
1348
6300
2936
9234
4808
6988
7731
2832
8288
6561
543
7941
7059
6099
5378
8930
6484
5782
1185
7788
7944
9031
428
4590
9201
4358
2380
8194
3503
8855
4902
1883
8215
7973
4676
8377
188
4166
8503
688
9095
9030
811
9098
2275
4530
9484
630
4577
7721
2552
7016
2259
9913
7918
610
6141
2514
3619
9310
3929
8874
5795
8201
1280
4739
3513
1819
4825
7464
8886
7211
6453
3089
9837
9472
3796
4352
6446
7847
634
7913
7174
2907
7582
9923
7093
5302
5770
9767
2308
1660
6499
8371
655
2624
3299
5732
1203
4732
9703
6497
838
9336
390
6064
6223
2051
3172
1031
9688
9407
5504
4903
6422
184
7969
8099
8880
565
2751
395
8677
4913
7265
5299
3917
9552
7048
6968
4390
1597
7423
1785
456
6034
6633
7278
6923
2502
6115
8063
3105
5554
6596
9925
5800
6801
8481
1808
4625
7623
5329
3151
3650
7820
8698
9455
1465
1169
6226
7548
9073
2669
4765
5302
2259
1209
6266
5703
6798
7197
6085
8419
3971
8705
1438
6768
2179
3248
6843
3540
5648
7822
2814
6494
4249
747
4692
6516
8055
9311
7810
1262
1293
4234
104
5763
5174
5090
466
6356
9696
8962
5276
8805
9628
1218
2930
7593
4754
7283
1550
6040
5726
7149
6820
139
9279
9118
4725
886
718
6929
4278
964
8215
9167
338
2826
9610
3938
4232
4731
6222
6669
4869
7301
5464
4310
6822
108
4302
2310
3986
55
1081
8236
3123
4514
2597
8882
9090
7708
8835
8191
3113
9210
2388
8861
115
6671
4688
3042
1004
409
8903
6406
1804
6674
6325
2560
1842
4508
1330
4510
4750
6293
2534
199
7944
2238
1673
6034
4842
7640
7076
6660
9770
3844
7521
6629
8232
4744
6362
3965
7726
1834
5779
4494
2984
972
3890
2142
8923
6732
6838
2903
5522
4144
8230
699
7020
399
1702
5814
1627
1147
8917
7004
7386
6661
7862
4577
720
6671
2173
9586
1053
690
4141
8672
1742
4968
9967
4302
9682
2076
7030
7393
1474
8862
341
4651
1860
3997
6119
4620
5298
319
2857
6825
8229
9951
8345
8747
4183
3792
7357
1924
8341
36
5287
5212
3226
8238
5241
5372
117
9077
4133
2108
2606
73
3786
6723
8258
2316
6325
3963
8199
6386
3855
281
1110
6096
7298
1210
7104
477
8857
1930
1413
8155
2931
374
3427
6073
9802
211
9123
2005
2499
1636
7662
5437
1722
7088
3937
7058
6596
1680
9740
3442
7065
6299
7382
4599
7433
1572
292
286
1331
369
7445
7747
799
2204
4063
7312
3152
6934
6636
1744
3922
35
6123
2328
9066
2686
9263
6239
2550
1661
5262
45
311
8775
8932
5948
9395
8023
1107
9643
1129
267
5654
3061
1742
4407
6713
5827
9681
819
8819
4139
3369
8648
5237
1273
5744
800
5211
9877
9291
5329
7399
3198
6104
1556
8090
1127
5111
3913
1577
3548
9656
4369
2686
8474
8127
4977
1875
3119
4289
2141
1975
2564
3065
5290
7544
8178
8472
7178
5296
172
261
6056
1354
7240
8036
1992
2844
3774
3580
8693
2722
3660
9860
926
7560
2177
6211
3472
4773
1728
5712
1294
5988
7387
8718
8348
8556
6956
7713
1677
1542
7942
8333
6463
8626
1562
2088
753
6290
1138
6256
9312
7170
9432
1204
188
3881
8114
9566
6490
3535
8123
1040
3880
860
5318
4618
8910
3870
9004
9727
4451
6051
1334
6218
4762
1407
5757
8595
3465
4896
8033
7784
2322
1045
5160
4089
613
9275
5189
9586
4379
1632
2685
8295
4822
5167
288
7281
8687
2411
2740
4876
1273
5303
9414
7281
6040
949
6918
2281
5033
6299
2204
1991
350
147
2466
2233
7364
8832
2899
2668
2263
2009
1959
4340
6605
181
8787
5577
9304
145
815
5943
9132
2071
1333
7377
2746
9162
1559
8910
3897
1319
5670
6628
2720
9707
7672
8206
1347
301
9763
5051
2618
4426
7114
8256
2170
9633
6936
972
4605
8260
2515
8354
5697
7312
239
3500
6729
9099
9641
4316
2653
847
278
6388
7310
6023
4489
7632
5438
304
9369
9271
7045
842
3300
3095
5429
3737
8499
3385
1340
8401
4633
7052
8827
4907
966
626
8539
3840
660
1264
2761
7473
4849
3627
2407
3090
7202
8446
9146
4403
4089
2069
4242
8688
6941
7291
5244
7942
4480
8483
9091
5367
2381
10
7359
1517
3230
7885
6720
5190
9563
2123
5022
7093
3437
1555
8620
6317
4182
3273
1616
2523
4033
4189
1177
1405
3335
4964
6493
8132
2637
8590
5594
6389
5379
2724
7174
4704
8019
3529
2139
9202
3094
2666
3538
7992
6887
2937
4272
229
1889
7072
5976
3595
2624
3577
8918
9566
9702
3879
9053
7163
4369
660
9527
5670
9013
4159
3738
238
1579
8562
8617
3239
905
9877
5916
1267
2396
5645
6098
1596
6339
1453
7836
9249
5069
3605
4369
3934
3908
8180
7434
2905
6815
9060
9907
8190
4495
9059
8290
4272
3372
1722
7752
8023
4669
2998
6581
8100
4492
7205
2001
5426
6017
6625
8232
8747
1307
9946
2911
2885
7828
8669
3800
39
8703
6321
892
3079
2493
4311
2028
7930
9152
5089
7289
7805
8717
147
6819
5922
2883
5890
8321
5999
2907
2486
1869
5841
7717
4390
3812
2544
2699
1555
3296
3412
492
8671
9026
6803
1664
1773
1897
8753
6285
8559
6206
8565
6851
7365
5373
6237
3904
8599
7939
2375
2821
2147
6123
7556
9491
8496
744
1280
5108
1277
1068
5067
3893
9498
4741
73
9613
5291
6527
2796
9402
8636
4916
3919
8959
2417
5484
5430
2826
3514
4666
7951
8087
8577
5475
2960
4842
1977
369
2646
8384
6783
3503
2531
5430
206
3565
1543
9648
2328
8370
5645
4535
2430
5622
8642
2789
3406
5852
4824
1294
1032
4848
4873
7082
785
2765
4198
8639
5132
3612
7532
214
8171
7606
8026
8453
5571
6272
273
9570
8155
6120
1555
3258
275
4230
6533
3703
193
1971
1513
7160
4526
6597
7057
1321
3644
7786
9369
1295
4179
6853
8750
7288
5032
886
9490
8590
7678
4071
5438
4469
8897
3915
9702
6956
278
1106
2904
362
5313
9362
4893
4501
8384
7264
6879
9758
229
954
333
5368
4779
5256
6821
5346
7222
3329
6645
1627
8973
8306
9899
5862
6190
2381
46
8972
1115
1666
405
6636
8358
1998
3908
8796
182
1490
9528
4801
3825
3844
8473
9477
3386
6
9271
2250
8380
3653
8710
8605
1319
2336
1716
1181
1218
6916
2333
3895
3994
8276
4932
8384
9416
7881
4048
9326
5321
6982
384
2285
2140
6040
8898
4727
7197
7602
5460
9667
8723
8401
1569
1515
1993
6847
6772
7135
6048
8908
1510
6307
3452
2411
9872
4566
2928
3415
292
135
1162
5104
7557
1328
3359
8137
1572
3919
4551
5154
7495
5958
9280
4408
5387
4760
151
7501
8223
2752
7060
6558
5254
7259
7249
9414
3862
2918
1635
2430
2040
1725
4406
9185
9353
6224
739
7691
5000
9480
9989
4750
1849
1675
7829
2385
1723
4901
9975
3904
2765
360
4537
6319
5626
9555
9557
3256
7961
635
6459
9304
7920
2976
2098
4557
4907
4104
6406
3848
6699
1579
6651
2773
6695
6009
7080
2614
7323
1283
8571
8127
7467
7129
32
1853
5779
784
1090
6051
6934
4662
7573
1707
7918
7240
1253
9623
2492
387
2920
2196
1702
9253
8279
4056
3072
362
6392
6245
3303
9134
7375
8123
8839
5376
7021
3734
7055
5785
1942
8360
9821
7485
6515
730
9829
2070
6041
5417
2978
8214
6534
6491
6786
1214
7871
7955
8469
9284
9343
3388
8287
8747
8497
30
3907
3307
8293
6350
3856
4020
4101
1361
8023
129
9614
5597
1607
3358
8431
1510
2432
4077
6272
3919
1328
7671
586
6015
5503
3248
1689
521
2290
8881
7686
871
8202
3250
1449
571
3310
7077
1307
1941
3267
7456
325
2785
677
2374
4001
9043
6206
6100
98
4838
3991
7657
1458
87
1197
1731
8795
350
6889
8122
2183
2824
6316
560
5508
7938
1084
3951
7449
6544
4407
1199
736
6229
7794
7916
7554
8146
5527
3223
7285
980
5407
9057
2822
4299
3660
7036
138
6350
1953
9043
8241
8752
6218
9284
3635
3343
1266
8496
9025
8509
9749
8347
1598
9089
8055
8167
577
703
8691
841
1475
1202
8438
9908
155
6803
5008
2096
4518
9689
6480
1380
8437
75
3538
6689
8638
9701
269
3134
6330
1777
506
407
9577
1368
132
176
9303
9448
5466
6212
5735
3168
607
6197
2373
5510
2207
8939
7563
22
6861
1173
134
5963
5210
5092
1528
9966
1687
350
1089
1287
5893
9143
4717
1002
2825
6395
9213
8505
8930
8503
9982
8046
4537
5079
3993
6657
1916
6516
6039
7878
1924
5403
3658
8308
1556
6548
4358
7749
2122
1046
604
9818
1313
977
9476
8069
2259
7960
8765
4375
512
7293
2469
3862
6946
6681
4106
7938
6625
6814
6469
1676
1067
9937
7036
5072
3639
8177
5858
8079
7617
9518
7887
3805
2221
6508
1487
1978
4020
968
4546
1766
223
5952
8138
5501
25
1787
1122
5133
2693
1048
7502
9648
9811
1089
8869
5697
7699
6867
6030
8778
901
6756
3593
3056
7824
7193
4240
83
8843
4582
6807
7975
2163
5514
9623
4838
2230
5614
607
8094
3629
9739
952
5849
8741
3040
6897
2264
7812
5278
4575
2070
9199
4029
6417
2351
9640
7512
4880
7934
5376
5392
341
374
8338
3398
9839
3528
4599
6723
1415
269
1389
2184
8337
6697
1765
4714
2703
8111
6269
8218
2354
7080
5357
6307
9966
2330
2865
4293
3980
9218
5876
7650
3239
6909
1671
3972
4749
7289
2867
8942
4990
9741
3842
4968
9582
4760
3065
2756
1335
5128
9344
3492
291
1761
7900
3643
66
8884
1253
2044
39
2270
2659
7427
3595
6675
9096
9355
1612
852
2653
8493
4386
9996
5954
9921
792
8525
7604
6688
1781
6605
2961
7700
6900
6878
2546
6760
7981
829
3657
8413
4907
92
1608
4319
9615
8047
747
5537
668
2275
336
7322
3873
5873
8861
1553
7370
4553
3211
4408
4956
5518
8163
2057
7438
6153
1185
8449
1923
1121
2546
3464
2644
9544
2992
660
1486
6639
4989
3147
8790
3742
4554
3604
8783
79
5261
1192
8142
6322
5418
3048
4840
218
2204
367
3367
2738
5303
9835
7959
557
9550
9738
2019
5475
3988
3894
5818
4415
6962
1641
752
4268
8628
2352
1894
9512
41
1476
6156
2054
5082
1150
4336
9763
9730
3252
5952
6829
286
5413
6220
1016
4767
9290
5193
2108
9709
848
87
7041
8319
1528
5805
4660
87
1008
8830
4767
3237
9058
32
8431
8653
1863
2631
5045
2326
6713
3354
1021
1401
8412
7875
4345
9081
4071
3039
5994
5038
3283
5851
7515
7756
9716
6910
9019
2438
5896
8125
4737
3529
2318
8827
1042
6900
8287
6670
9832
8275
9859
2354
6198
7091
6300
2455
110
8685
4044
7720
7143
5193
8973
2136
674
3393
9576
4939
8836
7198
5275
9772
6715
3371
1139
8886
8769
7506
9753
2575
3074
8196
9191
1336
3155
5997
7297
4359
4690
2798
4980
8221
8209
9575
4992
6094
8955
2799
1731
9395
9424
9324
6293
5509
444
3931
8281
4820
2868
7689
9082
9591
7600
8171
1028
4926
1983
3130
1605
5896
6259
7965
820
8621
1210
7652
5351
2565
8051
5352
7029
4428
7014
1327
5405
4784
2383
1138
9352
3911
351
2006
6162
8196
2224
7787
142
6421
4021
2754
4649
2656
8702
1930
9731
2187
1272
2854
1397
3195
4245
5772
7676
7214
586
6883
4717
2500
3076
4679
3024
6686
3701
1466
1835
5665
9552
6399
9730
1174
8912
4687
8218
753
8695
3538
2793
9745
307
5669
9548
9919
7547
2089
3868
4096
1664
4106
2466
78
5434
8274
6588
8889
6305
3815
9410
8567
2375
9935
1221
8308
8223
5228
9431
7649
969
7878
2074
168
9413
7626
8901
1904
9605
727
3932
1422
4341
5390
3797
616
6255
4281
8996
6692
4691
5818
2694
6836
9658
1240
2430
9485
7842
779
8821
1264
3919
3784
8344
8127
5787
8304
8349
5892
4796
7273
7889
6994
8094
2965
9105
591
702
8188
8595
9647
309
6303
8740
6399
4113
5907
3920
2731
2118
5510
7646
5494
4210
7105
8875
5898
1633
7175
7496
9747
7594
3175
3639
5291
5951
1562
9271
5129
2251
8854
8475
4866
2399
5159
9698
3754
8002
249
85
8311
5557
7372
1605
8900
5107
5648
2774
456
9254
5706
8207
7612
9656
1719
1660
8952
7063
2010
2151
8988
879
5870
8636
9933
4374
4968
4582
5450
398
177
5461
8374
3365
3573
9775
1213
1320
6516
9092
6592
4419
5237
2410
820
5703
5784
2988
1364
1892
6120
9446
2419
4293
7458
4509
6235
4736
3516
5734
79
7382
8294
7277
7708
6395
7701
1255
7873
3782
2717
4189
703
9280
2679
3743
8676
4286
8393
405
6103
4889
2842
5637
828
7994
906
4546
8599
6406
1395
834
9076
5411
3170
7833
7098
8616
2426
3872
1442
731
9742
4814
703
2181
3783
3874
9512
2308
3802
3297
4351
742
1879
7756
7826
8574
1678
8789
3198
6242
6162
8218
4855
6936
3555
7502
2522
4497
2109
5966
702
5953
323
3610
4381
9771
9677
2789
811
9705
8436
4921
7486
2913
967
9563
6482
8069
3703
8413
46
1982
212
5337
9663
6492
890
3204
5185
1824
8797
577
3630
523
5375
9353
5998
9784
2154
4872
9733
7513
1391
4948
1539
8353
6468
4352
1279
6215
363
5553
7598
558
5709
6888
6284
6170
1794
7508
7287
4595
3945
569
1032
9679
4577
8034
7295
2424
3742
1518
9073
306
6308
2625
4932
4171
4356
6640
2331
708
3506
9227
1910
7148
5117
3883
8661
4781
8192
7723
3934
6221
3094
4446
4085
7480
7581
6429
1794
2124
9162
3395
844
2864
9836
1182
5423
3045
8100
7630
3893
2061
1869
4920
7913
6753
8645
7046
2065
1927
4686
2342
2502
6530
3060
6751
9735
8407
7451
272
1353
647
5942
8427
5272
927
9804
2854
1687
1631
3130
4295
690
207
2998
7370
5365
5569
2233
6616
9744
7610
8193
1279
6739
1774
7411
3877
2283
3292
350
9558
7792
5227
6505
6351
6519
4822
6580
6403
9238
9959
2560
5224
8306
7264
6057
5912
4868
7181
6183
8040
4935
4673
6701
7041
2428
844
6526
1751
4969
5854
5429
683
4660
1259
6749
2028
7356
9411
1948
3254
2645
3812
8213
5026
5573
1237
7844
4883
8075
3723
5795
8129
8688
9917
8222
4911
3119
2144
9839
5756
2771
8504
5025
1281
7441
3861
8442
8643
6591
1572
1780
347
3572
9721
5840
7196
846
8024
4538
1351
6960
8545
7236
4396
7864
6337
1429
440
5864
7134
561
1388
2510
5979
4186
8145
22
5217
5782
5767
2725
870
348
8507
6951
6289
3194
6567
4872
1788
8230
1124
6689
2640
1719
4815
9772
6793
4644
7457
1342
1480
2648
6334
3815
6051
6383
5989
9887
7200
2559
3396
4362
7689
7786
6093
9075
2602
9675
5959
9292
3489
5338
3808
8894
5187
8942
5687
9062
4526
4445
7185
6719
4508
9553
2943
5243
2398
4715
1962
7903
2694
2646
6139
1776
3745
6728
628
9375
7888
8889
3417
9710
7480
8186
370
4854
1815
4515
1875
4858
8152
981
5086
8596
621
2946
17
3145
6735
3965
5749
1037
3984
6331
6590
6972
904
1273
2632
8964
4519
1822
643
1224
3954
8374
3556
121
2535
3173
9456
1208
5347
4135
7260
3971
5053
8492
8766
590
5912
7410
1346
7461
5163
9339
4845
8707
9911
5195
6324
9254
6966
9545
5324
7893
7780
5857
2401
8451
6891
7779
5660
5056
3924
167
9093
8060
3906
8379
9756
262
8095
1032
5612
5530
5115
209
5243
3677
1809
4122
8980
2702
9324
9350
8071
7479
1900
2369
9678
9791
9293
2310
5771
9732
9912
1975
1655
4505
129
4434
9740
9871
7376
5804
2563
6070
9512
9884
6030
8173
7414
4568
1748
922
849
6589
252
6372
6627
4462
3207
4227
5590
7856
5732
3099
6190
7673
1068
4612
3203
9554
4237
6485
3063
6862
574
3484
4096
6173
1414
4125
1948
9844
5909
9194
2992
9417
5482
4668
3255
3788
4432
1235
1846
4528
6020
1400
8395
8336
7086
561
6647
5062
9066
6366
5590
7537
9508
7029
5595
8475
8028
6388
212
833
5776
1876
9299
153
8998
142
2503
2446
5909
4296
5193
6898
5326
7265
3431
4929
6451
9938
369
5558
8292
2713
3254
3049
6951
6378
3934
2924
7481
6872
5986
7926
9890
9814
6193
2046
8279
5778
8830
596
7229
6784
1653
5827
6984
7874
4408
27
4370
894
6519
9553
5367
6172
6232
7293
371
74
9724
3435
824
1457
7951
4605
2807
7907
653
8098
1087
597
7755
2345
7212
8767
438
9152
9509
8732
8787
9032
7139
4771
6525
2260
6735
381
7807
9016
7501
2187
2282
1459
3484
2751
7871
6326
5660
4946
6428
4115
3933
7736
147
1619
6614
3493
1378
9497
5830
5073
7930
1920
5017
8898
3925
6551
3588
2046
3437
7102
8474
8599
4539
7471
4733
6470
7641
3561
4922
4436
5293
3951
5949
3738
2526
2172
9539
8672
1599
802
9519
4623
1093
6961
5712
5059
8019
783
2195
7427
6375
9551
5739
6356
6416
1996
4484
7309
3229
8763
3698
3627
1497
29
1046
5211
6939
2564
2690
3187
8181
482
4144
256
3621
7696
6330
1489
8252
1113
7503
7413
9886
8441
4282
9771
1400
3004
9151
5359
8934
219
3274
8528
1392
1628
5140
4080
6336
6784
6073
1004
6808
9917
8505
2455
3800
5279
9164
1317
3735
2967
4071
8813
936
1900
1157
897
6170
2594
3304
8545
5253
8472
6364
7752
3320
8489
3482
9578
527
6302
8712
4589
3758
8672
4512
6420
1533
8311
8668
7367
2714
1259
3730
9403
162
3142
4016
7114
1803
5457
1497
3515
8906
4484
1485
2182
3868
8468
4299
6922
5386
6108
41
8051
3855
7412
4447
2580
5624
312
581
3041
6740
4588
2979
9327
6675
2516
8831
9558
3746
4209
5349
4764
35
6275
3318
8695
7305
3937
2456
5813
8452
5725
8010
4290
5820
8294
6058
3126
7521
7919
5798
6700
1997
2277
5581
7670
7129
7956
5946
4870
8815
7579
7111
6464
6905
8405
8132
2793
6995
2424
4188
3051
3586
9641
2720
2677
9356
6813
6174
666
626
2735
6590
5066
306
2572
9433
2094
3486
2175
5654
129
5606
8445
4737
7859
3360
365
4817
8624
1853
4863
8408
319
2560
5346
6275
6405
8341
2994
4164
6090
4293
2125
1462
4470
3271
581
3516
6079
5343
5624
1397
6085
3651
5068
6858
433
7381
1701
8630
9435
1738
3849
8608
5885
9079
6256
5961
5945
1999
3543
4775
2865
2279
945
1376
9072
8180
7729
9002
6684
4680
3570
4659
2942
7384
6125
3576
409
58
957
3248
8620
197
7
5622
5710
1952
9551
3320
360
1575
8787
696
4066
3997
9969
2922
4764
2564
4007
9340
3347
5679
6331
9282
7537
8579
6973
6405
7620
371
2694
3865
1976
4193
7218
241
7828
9092
1038
1771
6038
5822
576
8124
8814
6763
1713
7320
8920
9310
7238
4145
9802
7676
5161
4527
3810
8990
7551
1272
4525
7206
3503
7072
5550
1168
3088
8086
3484
8584
7108
4008
8703
3146
406
9340
9254
4641
3123
1678
6076
9958
7781
1598
5809
8237
9537
7805
9978
7322
18
667
4627
6098
313
8956
4789
5418
5999
194
3242
5900
418
15
3156
1844
1819
9134
3297
2201
1337
2438
4320
3481
3767
7488
9060
9467
6561
7318
3515
5231
9396
6461
8579
6780
3607
7882
3043
2028
9298
1453
7693
5939
1479
5745
2098
8648
8518
9798
9437
5904
5656
6473
2235
9424
5973
9349
5047
9184
1828
4908
654
9076
9571
5497
5728
8250
9883
1724
844
292
6045
4994
9463
4973
6155
8897
3870
5558
9085
7504
7034
5259
8725
3853
2800
9649
9975
4640
9086
2075
9005
9081
9496
5880
4615
8083
7814
9968
2875
6473
2684
3484
6563
433
9954
526
4230
2018
5571
2773
3610
4138
8818
1016
254
7038
7153
1125
2874
5050
5595
5822
5823
9670
5065
2005
6797
4236
8345
3640
9168
1934
4299
6531
2486
327
8619
3094
7017
1723
4113
9340
1360
5980
456
5343
531
1986
3307
6737
6548
6388
3659
7512
2008
302
2393
6408
1689
2283
5632
354
7734
8127
1941
9344
3220
1131
6042
461
1168
1110
1739
6202
7946
9984
3510
8907
196
6637
2382
9244
9607
3409
1940
8320
3082
524
59
1160
1003
9758
9115
4935
1467
5543
9721
4497
3579
3441
7780
6725
8036
6051
6821
3044
7963
6387
9239
3175
3415
3583
4738
5773
6213
9047
1750
6655
6666
5275
9259
9070
2828
4246
4361
8840
9284
8540
4520
685
8710
1975
9861
2342
143
7294
1968
7815
4851
6266
3728
8839
6957
9331
4615
6343
7469
3457
2881
5658
587
7158
2977
9869
1566
4429
822
211
1642
1498
9389
887
3907
8323
731
2515
3009
2293
2977
9886
1716
678
826
3484
4018
7121
4771
483
4300
8614
2012
2977
5561
5020
3328
1486
9222
6466
3744
1620
6423
1479
9588
763
5558
7717
7093
1524
397
3540
1057
5864
9412
1437
5485
6626
5619
800
6000
7528
8781
4983
381
8087
9197
5361
8239
1083
9597
8532
9980
809
4579
4737
9134
61
2130
3103
8276
2596
8458
81
2911
8197
1959
1871
38
9846
4385
3326
616
9211
9667
4105
3048
8264
1469
789
4351
2756
9602
317
6512
2710
7829
1165
3405
6492
4532
4031
8166
5359
2022
9403
530
2763
7987
2716
4208
5785
8494
3760
894
3788
5264
887
801
6702
4810
1204
1604
8980
1900
7495
8932
8383
7708
2884
9926
1428
109
7622
9134
5608
5945
4136
3190
5548
3933
9643
1897
3253
5992
118
4720
317
3598
7111
7001
2148
7433
5345
1639
6808
8565
7729
4263
8054
3814
5771
9472
607
2100
650
6198
1139
2357
4212
3548
8383
167
6412
511
1817
9489
8832
8445
7819
4085
8394
9196
7263
1407
8297
1101
2027
9623
22
5105
3315
19
3951
2425
331
8902
4280
3148
4868
8220
8395
2711
5369
6803
5287
8269
7646
2889
5420
8555
7794
2177
2621
7420
1972
3159
7271
866
6032
3957
2986
1393
9730
843
8653
9170
1373
5131
2658
2816
3306
954
5775
93
7508
4239
8071
9375
7353
6246
9281
3480
8730
8427
7409
6021
8395
9199
8809
1053
684
8600
3931
1800
96
4663
2292
5043
5025
4486
9885
9287
9650
1644
2324
5998
8743
7113
6451
5540
6998
6812
5188
785
9796
542
8615
3804
6774
1279
4421
7270
2686
7162
6450
4650
2544
3161
1666
1104
1308
579
649
8835
267
3552
6540
6203
6150
8317
5747
7482
7113
4930
8507
7822
9559
511
4175
1694
7067
8427
5560
7028
7218
607
8354
510
6877
9794
7737
3799
3866
5260
921
5432
944
9893
2143
1613
9730
6304
3882
813
8668
9225
3815
2499
8271
7509
6298
7783
2537
9504
9776
9635
3008
8987
2061
4767
6452
7998
5433
5057
3962
4793
3282
1192
8872
9080
124
2308
1246
6963
1013
410
1760
6907
4886
5698
3041
2156
9191
5558
3426
5044
6539
6853
9545
8972
3799
40
5846
6236
420
7901
2486
7890
8212
6802
3984
8583
7469
5669
7256
473
3577
9764
6233
7794
3249
2860
7814
372
6303
7421
8621
1442
176
8962
9079
4020
2096
800
6446
6312
9284
5802
5622
3953
9247
6346
2755
5993
9724
4188
2217
7176
7481
7472
8680
3269
6296
8888
5222
254
4657
3397
89
4305
3796
3098
3229
5178
6415
3138
4666
7096
4514
770
429
9151
5858
8864
9166
1596
1221
3620
3857
9170
4250
4072
5700
3202
4808
746
1370
6881
9201
2441
7573
901
4187
8976
906
3538
7854
8219
2289
4733
4205
8295
8439
5197
5379
7486
2601
5713
2381
2168
7876
6148
807
2316
1034
471
1676
458
6501
2218
2093
8800
5075
1670
9630
10
7604
9653
842
3741
8008
7047
4160
5183
5479
1216
9059
8734
9653
2780
9934
1423
1644
1863
254
5814
3535
4499
6218
3751
1082
703
1829
7972
7807
3155
162
8301
941
328
7835
6071
3016
9119
2880
3917
7734
1260
7137
9934
2831
6307
3057
3865
4042
5041
2774
8344
5396
3694
8193
9744
6392
6057
6676
6325
8720
3912
4604
9643
96
1833
5129
6159
5150
1347
3005
1591
1725
2954
8220
9602
483
4749
1834
9897
3009
1946
6434
712
3032
3465
4495
6260
9327
6768
5568
5123
2333
6100
4237
1450
6332
9365
2090
4270
9336
1181
3349
5115
7012
6657
8488
1913
9692
4515
1312
7605
8560
9840
2345
8357
1992
3799
7879
2392
7990
561
9825
8932
561
2571
782
2425
1907
5686
5966
2053
6909
4946
1563
7750
6723
6608
2104
3830
650
935
4551
1905
1336
1781
8147
3669
3623
1812
691
2605
4324
8656
5462
5361
4247
3403
6374
3794
9004
3752
2783
3696
406
2097
5584
8049
8503
8031
5712
3826
6413
1365
5343
9127
9039
2467
495
3901
173
3613
1324
677
8627
9623
1629
455
1467
4691
9868
309
4898
8266
5921
2824
9785
1600
2050
3400
307
4560
9724
6536
6873
1514
4009
9605
2546
1552
7244
2473
8563
687
8524
4496
5039
9861
6394
4076
5266
8380
3093
5904
6018
8553
3432
8136
6894
8428
488
9446
9401
1781
5821
6684
1833
486
5195
8573
6937
1028
7879
5260
8803
2772
6247
8892
6685
6325
3720
5010
4590
1499
6452
3705
2861
6540
5659
3761
2202
6208
5170
9310
5930
4468
9757
9109
8320
3728
6485
3827
5597
8003
7530
3797
9879
260
1013
6232
8739
551
3055
2725
2303
8768
7795
3679
9054
3872
9558
6763
7717
5244
6580
3507
6727
6751
1846
9295
5895
1695
8760
5402
3547
7578
9047
3182
3040
740
6881
4955
7516
8074
3022
1683
7650
6497
4986
7713
1036
3488
2405
7734
8288
1348
1401
9641
1098
7991
2083
8219
8327
9549
8360
3770
5060
6459
9872
788
5905
5342
1056
4238
5024
6919
7040
774
3400
2633
6061
9372
7447
4876
8209
2619
5023
3501
7526
1784
9852
3856
5241
1004
786
1071
478
7207
5896
2339
1403
3755
7194
7577
2329
8097
1702
46
3072
1452
2167
1003
6882
3948
2433
1187
5175
7794
1783
8360
2429
4083
6145
639
321
2994
5916
2904
2919
1861
9050
7217
7238
6152
9136
8094
6572
7461
9313
4558
4097
2581
1730
2256
6855
7296
6213
5684
9085
2161
5683
3213
6297
4575
6901
3622
2907
2548
5774
6350
8965
6149
4285
5461
2290
9549
7830
2331
2679
8239
5606
5707
3411
7429
9111
3181
8431
424
4945
1737
6649
2617
8621
8899
5548
2252
5331
8569
2769
1947
3849
9976
9986
248
2102
3554
4759
5393
4938
331
550
4846
4058
7667
6303
1170
8730
5521
962
7769
9565
9447
3582
7374
6721
9167
4145
3669
6949
7499
3987
6556
4622
3216
5665
5073
6975
853
2927
7572
730
1588
598
6174
7854
7353
6485
4877
6367
2826
9792
1622
9005
6859
953
9563
396
8369
2497
8639
8630
6845
4452
4049
9882
685
538
6231
378
5244
2102
2859
6756
9963
282
8387
9655
8079
5752
9190
310
7890
5160
7229
1362
6064
6592
2027
7666
272
415
6411
9967
7595
3102
3439
7632
6493
1287
9826
190
8215
8323
4139
6746
208
9820
5504
7485
5110
9977
5798
715
1360
998
661
2011
3936
6131
9857
4265
5331
4673
6532
4847
2567
1901
6573
2239
5288
3569
9585
4288
168
5636
9603
7027
8642
4633
2062
3494
5208
8002
8733
5401
9377
5857
9263
4151
7798
4459
4891
4232
6138
6810
967
639
4517
7928
835
642
6016
5678
9950
5218
4255
63
3832
8898
2412
4552
4892
6693
9687
3236
1267
2943
6966
7159
4996
3053
7577
341
2303
3898
8839
828
3398
2697
8905
5455
8661
7529
3768
6784
3979
2512
5146
6832
3606
1905
3246
9521
5065
4091
8292
5955
3259
7166
8948
2626
752
872
9832
7248
7148
704
8728
1523
5486
185
1369
2140
8852
4324
435
131
6664
5449
8920
4051
5806
4612
112
8063
3452
717
7259
1741
2591
726
3547
2945
3723
7461
6187
214
7020
1324
1172
8511
1496
7842
3463
1653
6416
8052
2573
8879
4471
6641
8561
7887
5490
8938
7879
257
207
9246
6323
6308
4142
2232
2649
8760
6113
4368
3413
8768
2447
4616
1743
7242
9335
8503
5915
7834
1174
7131
4948
1778
6266
9043
7937
1767
1156
8077
8566
6107
5832
1885
6923
4061
5105
6864
3750
6391
5794
4974
6812
4315
177
8364
3931
9999
6199
200
3300
4748
6781
1147
337
2939
4445
3776
1138
2824
7245
5400
5836
3547
3526
2670
1265
9870
8236
6085
9021
8830
7612
1119
6656
9171
785
4477
9917
8837
8583
7772
3198
2004
219
1027
3729
4094
8467
5815
2651
3893
3497
9262
1753
9641
8253
9602
8161
3933
4067
8026
616
7268
1484
6783
6139
4008
9417
4928
4964
4411
9230
3885
2609
8106
378
6162
1988
6914
9080
976
157
1517
1337
1500
5893
6599
7513
1686
5577
2963
8418
585
2726
8453
2057
346
4910
444
136
8207
8083
3688
5961
1271
4567
2637
6261
5353
9541
559
1178
1992
2743
5085
4863
1721
6227
8837
5686
1525
599
6500
5566
1960
6658
1313
1061
3739
6356
1501
9669
7588
7508
3682
1670
3656
3259
3364
8134
1917
7537
664
6951
995
9823
7563
5097
7329
6194
9637
7429
8034
7506
355
5689
5934
4729
6256
8048
8826
9684
8763
4290
8790
374
6005
9503
66
6566
7969
1357
9342
7349
8916
4366
1825
9495
7128
7779
2493
7234
2475
9147
482
1991
8539
3474
7866
9884
7
3615
8303
8781
2621
3838
9662
2833
2542
8622
5664
5065
2319
9118
7367
6402
1520
8264
3721
706
61
6570
7696
9917
7819
3193
7437
1904
7338
8696
4353
8917
444
7702
9178
6562
1140
8698
2726
8755
4828
4508
9486
8744
9012
4752
8888
3245
3184
1900
1468
5975
8341
5310
6266
7671
1176
9560
868
2433
5066
2181
6095
7825
6139
5526
9103
4285
7718
9827
1430
3163
3339
6652
8800
168
8705
5676
4221
1552
4937
5911
2360
969
2694
6194
4312
279
8281
8265
6005
8664
5963
5903
6423
5643
5309
1643
7791
4437
4627
5940
816
1692
3730
1004
5166
6250
8539
6196
4518
973
8217
854
9078
3986
2415
8612
8198
5214
522
5229
6649
6083
1255
3214
2318
1540
3504
9241
4232
1230
8018
1756
8977
5737
8265
6214
2276
2722
1493
8021
9609
2972
8241
7865
951
5362
3007
9375
3505
4887
1990
9516
2671
8576
1471
3671
9924
3634
9822
7484
3810
8956
8216
8722
9578
3003
3134
5009
9696
1107
2362
8770
9457
7116
8377
5765
4431
8297
7243
8634
4504
6951
6507
8774
999
2634
6439
4161
3519
9981
7395
2065
6884
48
1665
3162
1904
1008
6061
543
876
1990
5195
1793
9428
1711
4213
4788
5794
1573
1383
1622
2245
3671
2149
2677
1126
9344
3228
6483
5735
9332
3307
9584
6302
384
758
4289
2556
122
5646
8041
4548
7509
6498
3276
1737
6178
5534
1769
1552
6987
1021
8407
1858
5762
5214
8700
5165
6115
1802
6131
9888
4999
8333
441
5651
4459
5849
4214
4211
1692
8865
8296
6573
5537
450
4482
7341
1206
7479
833
5525
8639
7117
9539
1544
9030
4650
1184
662
5074
9094
7048
2010
6964
6832
1206
4193
2078
287
2373
170
6027
615
4419
708
2248
163
8292
7572
7748
6091
1751
6717
1133
5423
3033
9815
2873
1316
443
678
5010
5795
9067
3060
7401
1982
8100
9160
8560
8885
71
8227
5716
8123
1606
9598
9436
3458
3286
1087
8777
6112
1504
6150
1806
625
5806
3413
536
37
238
3548
3039
2866
4163
4402
9720
7690
8984
1547
4614
744
6275
7734
253
6993
4909
7373
6228
8474
9630
2923
9624
6555
6253
8524
8611
539
9718
2154
8577
3112
4965
9942
7964
9626
2766
2030
4487
844
6126
7284
5403
4224
3803
6857
1377
3057
471
2472
7438
4964
4427
4852
2761
2529
5430
2455
4732
8675
4540
9528
83
9420
1077
7293
6767
572
6566
5844
594
3836
1831
3497
3638
7962
1283
4001
1050
508
1514
7802
7004
6398
8042
6224
4107
3358
2113
4751
3982
1253
7294
5845
1667
4667
6932
6742
2772
1208
6724
7560
2042
4310
2465
4944
3526
4221
9583
2199
8113
9295
3803
9798
7167
8283
5051
514
441
2644
9822
3813
7279
3790
1764
1622
9319
8030
7561
7486
1823
8843
49
7012
194
981
5754
3946
7936
9886
1258
7738
9823
2610
8682
3992
9210
9900
6334
441
6881
7922
7058
753
6686
1654
4712
4765
3781
1548
6296
4855
751
8760
4016
480
2292
4947
8856
168
3915
8347
4001
2605
4064
3961
9946
152
3532
1856
3693
8048
6009
5343
4379
6691
224
5903
3904
2368
5824
3473
3178
8809
448
3830
7235
730
9313
8115
3552
216
9417
3144
917
9071
9775
445
5341
2479
2770
2245
2966
2962
2193
8791
5093
7524
7230
9254
2098
4311
1767
4274
7241
8167
3393
6909
7274
7741
8162
7367
5493
1506
750
1438
2619
7366
5683
1350
7793
8258
6748
4306
6099
8710
6051
2144
3357
2429
1906
1653
5284
5493
8506
3062
2223
1746
695
7699
7044
1497
4674
4018
7594
4237
3168
3819
4029
3188
5612
4168
2844
5006
9130
6237
9953
1708
1738
4406
1688
2952
223
9401
1172
4716
1767
6236
9392
8948
7274
4517
7193
7643
2856
43
4833
7516
9071
7406
4976
9840
3345
8125
394
7694
6678
8923
8203
1044
2996
6863
4494
6841
1353
1298
3209
5667
869
5233
7775
182
5409
6291
1712
5281
1186
3292
1320
6211
7432
8220
5591
6440
8323
7764
8871
8686
2973
2508
3501
6394
7052
1318
2695
6975
2554
7819
646
2740
5671
7153
2526
3453
4156
6146
7834
3607
7706
8860
5795
4871
9522
7125
3580
5241
9374
9268
9007
5601
1953
6676
6936
1477
7983
8214
2805
1603
2015
7260
8732
530
6682
6515
5618
7970
9703
768
8791
2125
8176
1247
7897
7101
6584
6053
5986
5746
2744
7830
2194
8244
8712
7082
6941
6045
7581
7711
6568
3366
1505
4788
389
5371
4860
7770
2366
1279
9940
5874
7297
7712
5576
7743
2420
1148
5801
7567
5312
4650
5204
9028
73
144
978
1672
4206
7360
136
926
4582
1435
8591
994
432
8695
6716
8635
3441
1666
2567
8920
3243
5629
3073
4423
2853
8796
1079
6374
7230
9720
5170
2586
5373
2247
5117
9650
1477
8197
1231
6388
2617
1016
1792
627
3141
729
3667
3002
570
5636
4351
1922
4907
9583
7988
9516
6956
3254
3500
7480
3014
8440
8476
6684
7755
4045
8146
2284
7523
4165
3273
1849
792
4473
9376
9111
1714
282
7304
8716
7116
8917
3498
4552
5876
4133
4677
2452
7840
5562
6527
4001
7830
4634
3148
6493
6093
1344
9772
9813
4044
1205
3192
3386
6707
373
1444
163
1198
3156
2882
7144
7015
3646
2569
6578
8940
6172
8846
7256
9065
1123
8163
7892
1734
9361
4028
2321
4206
2750
8017
4080
3851
2081
9738
4938
2423
3031
9268
1647
9560
5841
5990
6525
3992
1985
8513
4841
4121
9314
443
7223
9047
9002
1378
4381
4726
3907
3175
6156
4833
3371
6957
358
3659
818
9815
2729
387
3590
8195
7547
2766
2053
4619
2743
1467
3676
8223
5770
1244
3508
4291
6915
9855
2028
5487
191
5249
6653
6527
4864
6261
955
3718
6279
5283
8417
7732
8866
8281
6359
4226
7541
19
9459
2222
1943
1254
3427
9029
4070
687
816
5790
2000
5096
9373
2682
9519
8408
9610
2233
4563
6962
8778
3534
5047
5635
8170
1244
8417
4687
8333
8866
5852
8498
5170
2395
1717
3228
607
4625
39
9952
4774
4586
6851
5813
564
1292
9556
7123
2634
5076
6298
3341
1939
7910
4217
9841
7071
2472
1937
8491
5368
3435
2582
5078
6498
3044
2939
9687
1114
5866
2772
1191
6906
1764
8502
3023
5798
948
7231
5338
3172
8700
1804
5468
5508
3221
9221
6494
4995
9840
1857
8392
1611
6106
5747
8441
5897
5708
3708
2325
9867
5762
4289
630
5458
5848
9900
9517
3937
3869
4356
5969
6599
4102
7705
5089
1752
1676
3877
6077
3108
8798
6749
3614
3136
4782
2038
9078
2139
7755
799
2760
3500
6167
815
2207
4568
594
785
5355
7477
7978
2257
6939
8354
4400
9985
3552
1410
9815
2965
1348
2118
9152
8077
3705
1744
8478
7015
6654
2667
9848
8565
9335
4483
3461
9880
2153
6429
2381
3349
2307
6834
1700
5817
258
6531
3807
5041
8498
7273
8266
6035
5544
814
4190
2315
4173
9583
4369
7705
1010
2673
6424
1470
3190
6777
5177
9598
7209
4219
2534
1667
3240
5879
7171
1366
7560
8941
250
7564
966
7041
7510
640
4660
5802
3967
6109
9200
1125
5657
5197
4770
9822
3342
3957
8521
4430
4221
8777
1825
2615
108
4854
9473
7324
7175
1402
7282
6186
1286
632
9597
5038
2476
3722
4644
6619
1568
3650
1022
3519
5
4560
7720
1618
8275
4781
9943
8573
3091
1017
6962
4234
8554
982
7306
9745
2152
5771
9956
3077
5244
9254
8868
4227
7444
3248
6155
6048
5904
6390
6264
6156
434
1156
2727
3815
7236
8947
9260
211
4877
4431
9858
3704
6547
2481
6344
7596
733
8102
1363
6225
7214
6225
9483
2107
4884
7530
8629
5616
7542
8308
9569
2951
2121
914
6679
6513
9365
8124
4192
9014
3046
8107
800
9297
9027
723
5298
4629
4465
1170
9791
792
3881
4087
9251
4232
5601
5462
510
2891
972
8588
3828
4329
8344
6833
7882
137
1452
4385
8841
6325
1574
267
9221
3012
8349
4106
2831
682
3960
3115
2355
8887
5843
3085
360
8775
17
8399
2213
1465
8989
9876
7259
1129
9536
1198
4653
3527
9674
2686
9399
538
1811
2831
5630
1656
567
806
9057
5536
3748
5988
1995
1025
5460
2127
2024
9652
4102
3251
7472
5142
9289
2948
6751
1383
1350
4906
5355
7686
5214
3753
5757
7217
454
7248
4295
8851
685
4919
9557
6793
8112
4264
6177
825
960
5144
4765
4940
1134
9927
7783
4736
731
5970
8158
982
5213
5999
6215
1116
9495
2238
5343
5030
1146
7583
7482
9174
8263
2219
9066
4363
3192
1474
2715
3801
7811
1545
6324
4477
8957
747
8840
3117
5787
2302
879
1160
1290
1016
2848
3129
5076
9230
7594
1281
8745
6410
6925
9239
3916
4595
899
979
6323
9353
164
6519
1157
4138
1559
83
9440
3803
1953
8358
4622
4179
5181
6545
730
8862
9330
6555
3178
11
3458
8547
9656
6083
870
1103
3895
654
8607
7576
9434
4715
6875
6969
9393
4386
5684
7563
8990
4049
8702
7199
1854
7376
3547
5234
5937
3843
8460
8317
2882
8125
3110
8328
9473
1976
7931
5795
7705
7686
4184
5460
9464
33
3146
9263
4534
7957
693
7123
5085
2065
464
585
2108
1541
7956
5263
7789
2849
4118
6624
3187
3533
4175
8143
3281
4664
4773
2560
261
4295
9688
2950
4813
9075
4043
7021
1838
2927
8522
8816
8372
4718
5001
89
6184
8601
6281
6196
9128
4766
7350
8987
5969
8022
8199
6220
4380
6858
2421
3046
9444
4311
4549
5863
5223
7228
4564
1181
8068
6711
5657
2878
5516
5899
3744
5969
1685
5627
9263
9299
2798
3129
8835
7674
4248
9420
6624
6226
6882
1797
6629
3225
7140
1353
6144
5450
3147
9248
7546
1997
576
1652
3851
1610
669
1540
8162
9488
5621
3135
8012
981
7739
4573
7506
7538
8811
2663
7841
1526
2891
96
7534
6428
3135
1187
9358
6541
4382
4969
9168
8438
2266
335
2468
3165
3997
2236
557
4522
7561
6637
1795
3448
5627
6323
3944
5209
5585
8163
8851
1994
9933
9559
5346
3299
4855
178
4857
8979
3761
6366
6670
6274
9318
2278
3125
9980
1263
3647
1442
652
5642
4675
1156
234
4734
9869
1948
1078
5543
9281
9471
81
6835
2757
7912
6021
4434
3030
6249
49
3880
8732
3402
6023
4337
1780
1308
5910
8251
7980
9045
8255
9608
5150
9036
1188
9245
9033
4917
731
2954
4623
4108
3167
8115
4169
7156
5561
6029
3548
4612
5734
39
968
8860
7551
2444
887
4283
456
5647
1334
2711
256
9117
4854
9946
2276
2320
892
7268
9986
6019
3906
8769
9064
5816
3547
8095
2427
4746
7442
4097
5475
2565
4557
3817
8144
3365
5043
2354
2164
8908
221
7213
7461
3238
302
2717
6874
3122
394
1757
7220
3162
8519
1583
6982
5963
8530
5961
11
6951
4989
607
2948
1403
3053
9547
6784
5798
399
3
3429
3241
3833
2087
7361
6865
7928
4970
5426
7754
4734
6129
154
740
9478
3191
5348
8817
9769
5275
8610
8674
8992
2252
1843
309
3692
6404
1736
1182
2156
5451
840
5003
1103
7679
8266
705
5600
523
5732
9255
2593
2348
6026
4531
5905
5955
2736
390
4784
1135
1898
951
6443
7505
2698
2621
2007
7725
2119
34
3747
8788
1304
8442
8534
5194
4516
8533
4619
6757
8670
5478
3207
1507
1921
451
2931
6079
1155
8080
3147
7153
8386
946
8231
8154
4093
3049
986
5275
5280
740
8827
60
4779
4374
6448
2711
663
3396
986
5109
7837
108
5616
5494
396
155
4289
64
9349
5016
8524
9311
8078
1190
91
3838
2414
7772
9451
6716
25
6183
4831
3842
5927
3975
1447
6227
6763
5878
7270
3114
291
4431
1386
1055
3809
4778
6894
1111
4817
193
507
3935
7774
7889
947
4849
3285
10
6142
3355
681
499
507
264
787
2237
5975
6682
6814
825
7694
5122
2029
5348
2179
8648
4548
4634
5722
8165
5570
1972
8017
2244
1863
3481
1532
5712
236
7289
8932
2351
9369
2861
4995
3965
6748
2864
479
735
3571
8626
4165
8647
2364
3154
7227
5644
2817
7002
2966
9987
4860
2663
9564
6553
8138
6376
6435
94
1641
6579
9655
8372
6162
2456
4204
1124
3764
7310
309
299
6859
6302
6662
2396
5918
1392
7801
2155
1125
9397
4520
1683
516
1711
7416
5505
6427
9896
1436
965
830
3734
5285
4937
6794
9518
4016
4500
4731
5045
5736
7172
8728
9805
6798
900
4180
2477
5809
6677
4352
502
1387
8514
247
2025
8031
9734
986
9409
2170
1840
8837
2987
8230
856
2157
5220
1476
9862
9377
9908
4631
7710
4334
1348
7288
4735
9767
2290
1821
1807
2475
3765
6662
4325
5461
311
3374
1229
1173
6988
4959
6869
4327
3131
6139
2800
7796
831
7387
2561
6077
6565
6196
3153
3305
1586
7897
1203
9857
8338
6556
6035
5932
5025
8325
4084
8347
3170
4752
1045
4414
9092
7999
7335
5536
1900
452
2434
8189
1104
913
1591
7699
6613
7332
3873
4184
6536
6148
857
9421
8470
5349
6645
3293
2279
2835
3759
6109
771
4792
8605
1227
3279
1401
2962
7365
8021
7501
2357
4607
7835
9874
7829
4461
3978
378
7161
9757
67
3373
6286
3288
7735
6499
6572
3610
209
1052
3619
9361
1609
645
4462
8624
1290
293
2991
7323
7178
2099
592
6440
392
9405
2915
8458
3377
6501
7016
4957
1061
8062
6099
9091
2563
4056
2109
6311
2732
1288
1490
7279
724
946
7742
9706
7626
1330
6819
3590
9724
8664
3193
9961
3372
6860
2078
1413
9822
1987
8865
8433
9032
5534
8101
318
147
1142
516
3556
1698
8475
3855
5422
4808
9085
2860
5791
4191
5969
282
7486
8539
3401
404
7904
4441
603
1876
9437
6230
735
2349
9121
8485
7856
530
9889
7973
8528
6748
2163
6302
4970
1400
8816
2730
2928
2217
5221
829
9642
7591
5807
2557
8975
5509
6534
9063
5980
987
773
982
598
7015
1185
6288
1292
3487
8468
8232
890
1422
3455
4170
8152
9194
5128
4144
678
3361
6012
7088
3121
9751
6711
1289
4109
588
9183
3162
9867
4937
9509
3361
9885
7713
8413
5068
187
6184
5195
2029
379
3354
8828
9933
6662
223
5954
2092
4530
8915
5267
9763
11
6237
4975
11
8148
6612
4832
2066
406
6025
7365
2768
469
3715
6883
1607
2420
2531
7572
5443
7428
5506
5681
967
2870
5069
7810
4341
7886
5473
5600
7416
5587
5599
2850
5751
5658
4680
6996
7880
2917
1542
7166
4226
8122
2191
3863
5896
8552
9984
728
1646
5474
320
9623
7086
6940
2116
4896
8313
9
2147
9161
9420
3606
8570
4103
6342
511
8973
3301
1237
2747
1779
9287
8335
5670
8495
22
6611
4639
9535
8592
6699
976
5
1181
4213
9212
6309
6830
5621
661
2536
7494
4852
2678
4675
5898
1200
8649
3824
1402
8679
2865
2121
4449
8220
9495
7392
952
4870
1492
9220
7932
7581
9146
9528
6856
352
2868
2434
7662
4376
1035
2584
3301
8187
5409
38
684
1876
5304
2288
3877
8700
2975
2494
6713
2146
8246
4752
9673
4654
2571
9139
1027
7059
44
5522
8580
5800
1720
2239
4849
7574
3064
2130
7351
3549
7510
126
2895
3881
3131
2249
845
7900
2435
3298
1439
6957
2653
2175
1842
1305
2196
86
1869
3852
8526
8593
3504
4958
7583
5347
2293
6175
4391
6785
7593
3858
1990
1254
3931
9510
8122
5852
318
3162
4612
7407
5012
9988
1075
8157
4219
8956
4508
3140
5485
2840
4959
1263
5788
4554
8564
7747
7937
3150
9544
3524
2108
3299
7291
2691
3781
3860
4359
5466
4749
7831
4095
6175
6353
8252
8858
5959
8752
9778
5752
8474
4069
2172
3602
6340
3709
6212
1871
6597
3301
1974
1871
8818
9953
8195
1055
7986
5732
8805
3240
5257
3494
978
9016
858
8239
1241
7554
7975
7197
4248
3975
8505
2235
9964
653
8169
7684
615
606
747
4913
6979
5243
5146
7239
3635
5325
1055
5875
4577
9980
5323
3763
5243
5032
5333
7472
6182
6731
5938
4702
8057
8136
5957
9978
7792
32
4868
7419
7459
5868
122
2827
1884
3136
7346
3195
5379
4451
7811
4884
5726
1619
6619
3999
6357
6241
7047
2730
6320
6095
751
4762
6813
900
1190
7016
7561
48
5309
1077
5986
9903
6223
302
1543
6632
2692
6356
6777
8327
8364
5398
4785
7210
937
8487
5287
1497
1893
5362
4229
3351
3729
1653
6895
1037
4625
6059
2935
9837
668
3714
4578
7632
5814
4591
3911
3977
6610
35
9936
4544
854
6055
8781
5385
517
7321
6794
2543
8315
147
1910
4714
7164
1978
3791
8743
8487
2312
9207
5798
1119
753
4276
1559
757
850
8558
9423
92
371
7352
7189
3364
1658
9788
9834
6935
9717
1780
6180
5197
4298
5121
6018
503
6166
7570
445
7465
7119
66
8133
8051
4198
7517
6938
1564
5595
9236
6635
7284
7160
1048
2963
3386
8680
9485
9326
8261
4565
6165
1113
4622
203
3956
4429
5325
9485
211
3628
3097
3545
5428
7176
9806
6863
4277
3168
332
6343
3304
889
1082
7265
8099
3227
8542
4837
9793
1320
2041
7433
7414
4602
5582
3194
4306
216
8123
6705
3197
9781
3359
7031
2265
818
2014
7795
5015
5204
779
7896
6636
4237
1574
1249
9467
5831
9950
6909
2367
8417
5396
4602
6746
9732
1392
704
1610
197
2937
7351
9607
6153
5210
3751
9146
1153
7062
7334
7161
7765
3429
9420
1472
9055
1189
2734
9986
1210
8506
6362
8262
7875
414
7385
2676
7560
4719
9243
7266
8640
8388
5148
8987
8665
1228
6829
5125
5225
7913
602
2799
1029
9976
854
8438
5381
9731
605
9945
8329
8762
8958
3365
2710
2336
6434
8921
5930
6216
5933
864
5177
4995
5467
4291
7321
7704
4257
759
1195
1837
8374
1039
9331
4157
4319
9819
4324
8543
1746
1244
9445
5919
6793
821
1639
8873
9758
2600
172
7101
8154
7291
2319
5038
6361
5796
5395
815
478
689
6069
8779
7209
4922
2235
8869
1462
8965
8889
6698
6788
3704
539
7471
5443
7991
7670
1043
222
9157
8812
5445
7609
2237
2688
1682
5791
892
1624
3096
8282
2564
9167
2969
4689
169
1928
8327
6431
4702
9534
4904
85
328
9230
3972
594
6967
1763
5456
2767
7328
9915
8653
3176
7141
7601
3185
1638
6654
3213
3100
1309
5134
7301
4938
1932
1736
8068
412
8801
6842
3271
4769
2007
1215
7931
2364
4098
2089
685
3905
2781
8074
5217
1904
8546
7290
6939
5008
1447
89
1043
2031
8117
9036
1855
4200
7885
7116
2572
734
4074
1352
7037
4905
8763
166
6191
2974
5162
2024
4111
7479
491
2462
6350
8448
1369
6420
6921
5270
2987
6393
3271
5702
3657
4901
3199
4522
2461
9173
7947
3731
493
9660
9002
6356
2102
6825
6354
5987
8314
6377
9849
2177
4671
1051
8771
5015
8118
5435
8060
1181
9046
1184
6406
6591
7665
7290
5086
3918
9970
3168
6477
1892
8378
3540
8276
9706
7856
9833
2231
8190
1557
5844
647
7483
9631
5201
4179
3502
9669
5102
3998
2492
7760
4103
2949
6674
1212
5312
8622
2889
4523
8340
9831
7441
7066
865
8706
7330
3948
2958
9685
5330
2145
1701
629
8320
8886
7015
6424
6274
257
8899
7827
8073
8478
6518
6135
4851
2900
1282
9306
3623
128
7378
7372
16
1285
5785
3051
2209
9784
4299
8942
7924
7486
6490
1328
9333
3494
1748
5139
2438
7858
713
6796
7745
3069
8941
1737
7283
6808
6714
855
4072
6273
8303
4666
2733
595
7406
2137
807
4190
5120
4924
5573
3772
4863
2215
4470
6775
4879
968
6871
6377
8269
882
4382
4065
3853
3285
9001
4277
1245
9485
3918
9709
7916
6873
2992
1656
3954
5623
7839
8109
5941
3202
1459
4716
698
1879
5725
876
6955
1892
2001
6428
4270
3872
4816
7416
3764
4468
6217
7084
6936
2088
5197
3409
9089
5297
4935
2928
7327
7843
3733
5545
1267
9866
8195
3787
1700
2722
7917
2748
8469
1940
2194
644
6975
5532
4866
6901
5296
6127
921
4592
1393
5085
5655
5985
7960
7474
2038
8980
2485
6245
1798
9047
7009
5750
7493
5684
9726
1477
8830
5458
7930
336
5474
8527
1317
2368
654
1056
4050
7996
5897
629
8220
2121
2397
2553
2200
9424
2412
5363
8512
7558
8598
8142
4457
1643
7945
7825
1923
8884
1573
6947
6621
3729
7425
4501
6812
2785
1883
1151
9426
1243
5593
7772
847
9324
4148
1201
8651
5458
250
2832
8835
5867
592
8039
8937
3075
6600
680
9944
9758
6716
6727
661
7591
508
6142
324
5145
9172
1536
3100
6077
3871
6298
2088
853
596
2755
5152
5812
2551
7704
4499
8092
6186
4793
8552
3333
1472
6959
446
128
4756
1152
1096
9485
5508
2778
4307
6819
2696
4636
2640
5684
5877
7907
5584
1667
3146
9121
175
1638
5713
8757
3206
5220
5685
8799
2204
7572
2779
6040
345
5591
9066
6453
239
6461
5589
5366
9897
3140
1403
43
8353
7822
7310
2609
6758
2415
9079
365
2934
8992
3948
8391
8774
3526
6417
3500
1187
7541
7464
1958
5548
7047
5980
824
6705
2349
5492
359
2728
8721
4619
5089
8751
183
8648
5440
5888
7738
8476
28
5748
7457
7837
593
475
164
7315
594
7828
4141
5558
9011
4428
5681
7468
4570
3684
489
9098
3104
4828
2603
8493
1317
958
9512
9582
8039
3372
7208
9876
3602
2567
8602
9657
6246
9134
1345
9559
5731
4330
1944
6522
8762
7112
8079
9879
2554
2200
2543
2901
8725
2836
6887
9857
1489
6894
2229
5304
1355
9216
524
4334
3397
3784
3759
1053
8498
2543
4901
710
1851
6639
601
403
2222
7388
2594
5684
4959
1949
8493
2540
2960
6352
3176
5025
9357
9279
8292
1932
1163
5446
6453
6201
9270
1017
2573
2087
3211
2147
8396
6022
9096
2665
1651
4676
9703
6500
649
3291
9908
2045
7563
3307
4682
847
9279
5262
6857
8621
6164
7817
1448
5581
5246
6993
9238
31
2067
465
5228
2765
2640
2278
988
2523
1807
7715
2432
3562
3063
2878
474
235
2980
6257
5946
5954
430
280
9482
8453
398
3910
8481
7654
194
4810
5711
7614
4782
7835
2682
9673
7238
5286
3763
9175
2003
9316
7422
245
3496
598
1235
2308
4924
2857
3278
6554
1753
5655
1467
3309
32
9649
5564
1173
6977
9040
5627
9144
6225
8657
474
1511
1108
7818
7008
234
5974
2003
591
9226
9361
1429
896
1798
7979
5818
5037
7404
4107
6882
9956
8337
8732
5876
8365
8224
2513
8712
1753
1900
7462
4408
5323
1664
9848
6813
1649
768
6729
589
2529
5168
9819
1916
2379
1666
1895
5782
7958
9969
9429
3403
7861
8696
1912
6979
1997
104
6165
3649
9957
9248
4518
3387
4739
5153
7136
3888
8670
8534
6377
7093
7428
4313
6820
7681
3554
2987
7772
8449
2195
2106
350
7962
830
7391
8099
979
9998
1216
160
5954
8379
2060
1005
5498
8808
7281
6345
1222
7481
3950
9709
1607
1522
3395
8642
6139
2811
2954
2247
9858
3751
6703
9564
1411
2160
8211
9419
6704
9272
8178
6412
2906
5266
2799
8455
9844
3747
3624
2972
3340
1118
1184
6424
2897
9525
202
7260
4223
3302
7919
6414
3698
8626
5775
2464
2219
1459
8476
9023
6318
2553
2550
6043
9273
5687
9957
8741
3464
1724
9391
2003
6707
2598
5851
6429
6648
5407
584
925
5646
7210
9840
5056
6833
5890
1057
5612
8318
8986
9860
5422
2357
3373
4976
1230
3856
3498
9999
1274
3793
806
111
6790
3757
4984
7387
6537
9177
597
3382
7933
6114
9549
6953
4646
3408
519
4293
5021
8978
3333
8163
9717
1977
8995
9395
2693
3122
5821
5458
9591
9782
135
1269
9852
9723
2793
3806
6935
1267
8080
3701
5986
6652
3109
7287
243
1704
9228
5510
6792
1026
9563
5325
9085
8089
7510
2345
6019
7560
4446
8959
3488
6009
2224
5938
3922
6581
1205
1764
5737
1370
299
8017
706
2277
1025
4969
8621
3167
7891
121
5920
7712
6991
9487
6128
2730
496
4909
9438
1761
132
8773
8749
787
7439
9981
727
4149
968
1674
9197
3985
894
6080
9133
6362
9287
2655
2094
4009
1772
3504
9333
8309
4333
3642
7546
8680
1436
8846
1190
2491
3492
2055
8792
4734
7929
486
9943
8938
9528
1441
4282
2804
2261
5718
2867
100
353
8314
2264
7519
9231
94
8352
6456
3928
6856
4714
5918
9460
741
8595
1863
2287
2121
5924
7585
7133
1281
6766
9769
6067
7910
6545
7087
8339
9651
9992
4306
5244
4825
5575
6218
4326
2229
3857
2505
564
6672
67
9410
9844
9865
5635
4070
212
5496
3317
6286
1226
1180
2706
3190
5177
7868
2766
654
8581
9061
6954
7518
5214
3691
4983
3916
3964
2958
9961
6717
691
8278
6856
5006
6074
758
4079
7779
5601
4045
9695
766
3393
7766
443
3408
2447
8995
6783
6414
3389
1437
4551
1563
253
9872
7437
284
2537
7520
4618
7059
639
1002
4028
3609
2218
5849
674
6300
621
7127
9078
5213
4178
8575
4054
5779
4773
5161
8561
6172
7310
523
4402
4543
7153
5722
9746
3708
1330
5247
4658
5897
1427
5350
5713
5711
8923
7816
6077
5759
2222
3812
9272
2861
2551
4013
5813
5889
860
1797
4221
2551
998
2560
5478
9481
271
1634
1285
111
9740
8395
154
1921
5428
726
5268
680
4748
7994
122
6625
5120
9272
6284
3782
3666
7178
8014
9865
6543
8963
7566
6399
3561
8850
9241
2907
9621
4185
262
2734
5435
5678
9041
534
7753
25
2232
1532
1281
8457
5271
9138
9710
8474
7167
7163
9731
750
755
1741
5776
3103
1622
2953
9426
3334
3593
5748
6169
276
6274
4968
8997
8356
169
1199
4404
2100
9144
2692
9176
7057
5022
8475
9853
582
3582
6492
9089
7483
9510
7510
417
8121
2565
8744
4719
9039
1178
4018
7749
7754
1494
8735
2706
9036
3393
9206
6626
5792
7536
9176
5371
825
7726
6285
7908
3401
8801
2825
2744
9684
9933
8576
2722
180
2527
1348
9782
6989
4899
1140
2875
3130
1736
4145
233
1933
7793
1693
1600
4370
3719
5995
987
818
8769
8075
8442
1422
8647
8307
5956
6022
8838
3309
9430
3294
6580
8649
7076
5581
1785
7027
9131
9872
5353
9057
3958
2749
8735
667
5343
7043
8482
7179
9857
5950
3507
9714
2715
5139
7461
4041
1608
6185
4720
2876
507
5693
9868
6194
9046
9882
7080
5918
3386
2600
9979
4165
1972
3897
6367
8547
3105
4802
1022
2201
3911
224
9410
4020
340
7076
2077
8983
9619
5986
7578
2909
5340
1376
2041
2951
5837
5164
3742
7491
3791
581
1010
5960
9373
3267
5767
3087
7252
3090
1266
291
8645
9348
8057
150
5570
3175
5046
7992
4946
6596
1479
325
2533
203
2129
8606
5129
4857
5174
3013
6827
5795
2265
127
8164
8363
2747
9431
9520
9983
3374
4129
4858
8792
8873
5041
5262
4046
3963
7351
8469
8976
4806
3301
4398
28
7562
184
5227
9301
4860
543
6973
3089
9952
2753
8347
8673
4498
5028
4410
9604
1012
3092
3710
1406
5725
5899
2003
3565
357
5889
4075
8419
2937
6339
1747
6045
6413
1586
715
8788
4727
7145
8673
7962
994
5910
77
9811
4456
3887
4510
9674
2094
1152
7643
612
7227
3212
3398
8483
3055
6999
881
169
309
9192
7685
2125
3731
5841
8779
1045
6532
2404
2765
6772
4093
3987
5204
6890
5656
4083
931
8452
6403
3259
1307
1658
5436
3721
8692
635
3371
4074
4109
6558
1628
6894
1519
8316
8110
3073
4140
2780
6023
2668
4155
8056
269
5456
6644
7210
9179
1115
5747
2711
9129
8472
5707
7468
5596
4012
7551
1946
1363
5140
2827
7814
7944
1192
1080
9382
9576
934
6309
9252
7023
96
420
7297
2802
583
4381
7972
2532
1703
2073
994
7779
1239
9261
3113
6000
910
3429
4307
6754
9414
911
6749
6092
555
8592
6481
7859
7613
8168
8663
5137
7803
5012
1427
9182
2018
4438
5857
3462
2193
3630
5850
27
5718
923
3809
8663
2539
2501
7456
4474
5118
908
289
4812
9763
7727
1033
4885
5776
3036
1762
3740
6626
5316
3179
8981
6127
9255
913
7636
9095
4419
7887
7092
4305
508
9032
262
8107
2462
2894
391
5749
7619
677
1915
313
3264
7640
2801
5495
2909
419
4582
338
602
4534
9703
6398
544
837
2493
138
5222
2567
294
7546
9655
1846
857
6877
1923
3687
1834
8793
5598
3111
8566
7855
1696
4753
2992
880
8336
7509
7947
8635
9115
7319
8886
5251
2016
7201
3791
4692
9195
2398
1837
3084
9447
7314
7482
4127
9824
7323
7948
5631
3744
6276
7466
8262
7113
2038
4366
9478
2180
5651
7109
825
540
5987
5251
8827
1313
9633
8619
7152
437
6916
1018
4347
5592
8958
4076
7700
7476
9696
5033
4690
940
9526
4767
8023
9062
4657
1892
1052
116
6097
5162
9043
3104
4539
6564
5793
2096
4984
4529
8553
4259
2977
6312
4235
9481
4553
8890
8771
7056
5394
5973
7069
8129
5239
5129
6387
2927
8844
4760
4886
3347
7631
9174
9686
7242
4089
4369
8783
6868
1467
5307
7348
4356
8048
4523
3172
1706
1600
1488
2191
993
4684
7892
2437
824
928
1293
1302
8458
9497
8703
9140
1715
103
6309
4213
8492
96
3794
7480
4231
6669
9951
1231
2952
4148
6762
5210
2456
7325
5171
9557
5631
3454
6199
5290
6199
5480
3652
2509
5841
6723
6672
1100
4153
1430
7798
5267
6441
1888
7343
1481
4699
5663
7853
9904
6140
8017
8094
5456
1975
5724
3129
9366
2073
760
7377
8336
8425
9455
9461
2933
9636
1363
2529
524
9723
3694
555
2180
1268
6104
3328
259
8578
8663
2269
8624
3361
9406
8818
7950
3236
3247
5473
1990
8068
3610
4563
7418
5464
8585
6279
9006
1592
4225
369
2043
2558
6681
3863
3204
3841
815
437
1071
4594
444
2309
4514
4974
579
9604
7985
7627
4587
2117
8491
3724
9001
5813
5023
7450
8168
777
4763
49
3305
4970
2681
3493
8713
6731
7703
6254
5775
2510
4470
2203
7328
1745
6405
7841
2386
4025
4208
6335
2023
2582
5574
4091
9688
4594
7004
5689
756
1971
6303
7872
2224
4293
1572
7451
6919
2463
3514
5106
3589
9523
7934
8220
1209
5253
4231
8780
5345
9921
9995
4115
952
8404
4441
1977
4637
1582
5963
8878
2758
9711
3953
4529
583
6099
2815
7354
2802
9713
1911
7511
9604
6011
4365
9807
5250
1701
9125
5878
8319
1570
6217
6555
4540
4280
7733
8069
8708
9058
7581
9684
9532
8256
5627
534
3874
5481
8944
4685
3335
4789
1020
5200
3271
5383
9557
310
8340
1636
4573
5375
8070
8712
1700
5708
3782
342
7427
7317
73
7997
8684
3499
385
105
2257
8683
2523
2130
4300
9898
8537
8320
6443
7746
4900
2362
9725
6131
7869
997
757
3373
4789
2050
9387
5722
6175
2653
9826
6687
2290
6879
665
9600
1403
6658
3191
8350
1791
6038
1570
995
1804
7215
1028
2814
314
1408
6316
8432
2732
7960
2142
406
1933
7153
8238
2240
2050
4941
489
4232
7719
9992
997
7053
4770
2945
8262
5638
2
3420
3667
8923
8973
8092
1518
464
4238
3265
1733
700
1010
6066
8698
995
5775
3376
5602
5338
2517
9142
1121
7475
3213
6151
2037
395
918
6574
1743
8768
5758
4115
6429
4039
7055
1052
742
3202
4451
1300
2121
8409
2279
4180
8497
9586
7736
1421
2837
4333
8986
7697
9778
4713
5799
4160
4914
1933
7446
7809
2632
1496
6544
7388
5353
8439
5455
9515
7062
8999
802
5934
382
54
5405
1503
9894
4860
4982
3701
5454
542
8943
3780
795
9215
2129
3288
2496
9464
3648
221
3153
4752
9112
6382
1853
5372
3835
5758
9515
885
9467
4148
7089
3176
4807
4974
2226
8679
429
5534
6931
6099
8105
1117
3623
1196
9619
908
4723
9227
8465
4451
5151
4497
8370
4835
192
5988
6135
8497
7752
4921
630
6311
3792
6170
477
4119
4640
6219
3059
9745
6437
7824
6986
175
480
1044
9527
8688
5941
3957
7248
8286
6496
4703
1131
9195
1566
5410
6922
2731
6418
6021
9705
236
5262
7542
783
1601
9293
9474
478
971
4580
6786
5282
861
4482
6632
7037
9417
3503
2505
7631
817
7702
4441
5020
5167
1589
5988
2246
6019
3680
4923
3492
5652
1559
629
1647
9115
1675
6154
19
4622
1116
196
6577
6910
8816
6302
2632
6505
2744
454
650
57
5855
2933
5244
4279
1598
4618
2086
4024
4387
4376
8495
7913
9702
6933
21
6032
777
5487
8666
6969
9830
4869
1726
1926
9081
1347
6159
8840
5302
9067
2747
9811
2353
2524
2586
1032
8555
40
6176
6568
8569
4047
5649
7075
8065
9812
1304
9532
5418
6051
87
9595
5032
1651
6011
7597
3607
7091
4414
2772
7948
1663
1845
6445
9351
8104
4669
1890
3239
7892
2560
1780
5321
6786
1173
2938
9274
6186
6855
1678
1541
2424
4631
9836
1862
2562
8261
324
2858
2758
8528
5767
7359
7649
2400
835
9748
7841
311
3080
985
5177
7366
4783
2527
4470
8678
2362
9810
3546
9314
1666
9662
776
7478
5737
5100
3403
8772
6513
1235
6964
6328
506
972
7314
9791
7233
7549
4636
6370
6372
6984
8455
2388
289
1890
1372
4082
4627
9785
6454
3713
9357
1424
5212
8589
4998
1797
7637
1092
2146
7673
1026
6527
8504
9113
842
881
8441
9466
3911
9662
1341
5204
2128
1422
4177
7651
9452
1624
9755
179
5652
2403
7812
5488
5848
6093
5512
3908
496
2171
106
1557
8699
3783
9841
9382
9759
7657
9618
209
3953
7350
5029
4879
3273
5316
2857
7843
983
8964
2191
4648
4723
8701
7791
9459
8605
7663
4115
6845
5781
9886
7162
6929
5833
1584
1223
870
8333
5900
1702
8981
7602
9746
6149
6094
3300
6021
3200
5836
8824
4160
60
7103
2675
7280
6536
708
7885
9214
1092
4170
5465
7292
8860
3975
270
2390
6965
5223
1333
362
7347
8677
6127
9836
6703
9111
718
3679
2633
832
4758
734
411
7376
3842
9296
28
7692
3430
1124
2821
1053
5388
6100
2284
4484
1656
6372
6028
1379
2150
2485
4998
5222
8058
8610
863
6929
2214
4491
5430
753
8754
3560
2563
6163
1247
7231
87
5967
5481
6032
1823
3126
1902
716
1956
8719
8785
6522
6683
5488
4591
4734
8366
5216
1334
4696
1141
4276
9945
2013
3667
4167
9830
2549
5216
1122
5189
6128
5536
4278
5298
7519
546
3637
3839
9862
8393
9009
5935
6927
2793
673
4723
5117
7142
7906
281
3012
2729
2625
5310
3827
5288
3226
1858
4975
8144
9308
710
9096
8418
1576
8191
3688
7107
1907
1233
6820
1968
7536
6043
4990
8328
307
1013
5676
1725
6666
2354
2339
4647
7810
7458
7817
6768
1536
1574
1454
5942
7944
563
4138
60
239
5526
7676
5791
9446
63
9635
5512
1352
359
4972
5957
6686
8639
4202
2850
5449
5721
7769
6488
6966
1125
8535
5033
7269
9942
796
1604
8579
103
742
6426
4896
1637
8833
2308
9680
3540
8904
1291
5853
9704
4924
915
6582
3302
7274
9388
8958
6781
1267
7426
2590
2964
9212
9051
6857
3340
7502
3297
6948
8391
3804
2711
5748
5030
6585
7618
6173
2657
1164
5197
2817
7111
7967
5634
3
4152
7898
1196
5864
8276
4328
6119
4619
124
8965
5992
7176
6494
2900
1015
8235
4173
7198
4018
9621
2657
9328
8197
8097
6417
5778
3991
9446
2907
735
9206
9861
8979
6200
1701
3879
7136
3145
3516
628
1660
3490
343
2337
4647
2138
7466
9226
5290
1701
9645
3829
8775
2604
4872
1851
290
9834
8067
4913
7345
1957
8544
9603
1855
9404
5751
549
7341
4711
4970
3622
7824
4931
7885
4525
4842
867
9275
1033
8824
5278
6943
4671
6604
1701
993
8898
8825
8253
7012
4625
4813
8711
9108
4994
3852
6982
5950
213
4714
9703
5542
6650
4290
9975
4401
5443
8493
2202
294
5189
6012
9861
9272
742
1426
9907
7058
6044
642
3792
477
9790
2439
4545
2669
2510
3953
2913
2091
8610
1777
1583
8055
9769
1331
3895
1258
7835
9053
9584
147
1353
2919
8277
2696
5098
8085
4308
460
5265
2174
8825
6571
613
7482
8647
3249
8678
2662
3170
5744
5755
8519
8095
5058
4846
5189
9372
2818
8825
4209
3594
1438
4914
3274
3778
461
3845
9298
8941
6958
8782
97
727
5620
6675
2039
7636
6151
7385
9194
6104
7606
8022
3348
1563
6259
6871
620
2805
7361
3978
7592
9218
3999
2466
9103
3722
488
514
2840
8359
5409
6565
8702
9535
7589
9757
4152
7860
7830
8113
2058
5559
1539
2875
6803
3405
1518
7240
7437
3810
1068
2771
1129
6295
8640
3352
8852
8560
2070
863
8826
5816
2486
8068
9855
7908
8054
1734
8566
9756
6253
2740
2699
7661
2235
3416
1204
2843
8270
7050
4032
6693
7602
606
8379
8242
2144
6872
2473
5713
2051
4198
6536
7041
4444
3961
3088
9927
8594
7447
6926
4462
4812
2223
8091
7909
2907
9463
4314
4363
2062
5442
4819
880
3374
7807
4775
5838
8350
6901
6883
5428
7533
8635
6087
1699
881
742
7044
2180
2263
1296
6398
1361
3464
8942
2468
3319
8306
2162
9704
8233
4914
9282
4225
4523
2277
481
2665
6674
4109
6825
3399
7953
2412
6354
5302
5923
9973
7454
6832
2039
6799
8488
3220
3033
5692
4714
3618
1171
7485
8683
3782
5398
7839
1313
1938
1125
603
6010
236
8006
2291
2882
6844
7227
3908
7508
3467
4797
1903
280
2426
540
285
5709
6566
5636
4101
2461
5399
2613
3226
4757
4115
286
8675
4021
3612
3393
2836
4178
3795
1397
6141
4074
9814
333
4694
7045
4887
116
752
3030
4761
3963
586
1310
572
2087
9056
7251
1870
5680
2552
8680
8063
4819
6777
1174
1151
6818
2415
6201
2827
5180
2625
4717
9874
9962
962
1338
4356
5125
1337
2495
5197
9853
4785
6557
3004
1498
5398
4584
7144
1219
1597
9367
152
9491
956
9335
6868
6455
6311
7656
5073
6965
3929
2204
6213
8902
9823
8329
7109
2931
2961
3690
5109
8132
1466
8889
9441
9802
1349
1303
7449
3830
24
6025
5793
8605
1974
186
4860
6460
9191
7357
2968
6744
9942
6406
4038
4310
8653
5357
3096
9751
5634
9025
9538
9724
4649
1945
8280
1458
355
5291
9253
9138
8875
2437
7463
9543
791
7376
9539
5022
3451
4520
8225
3799
3991
1444
4435
2675
560
7899
418
2066
2157
9357
6011
4225
6213
9166
2890
4212
9590
4311
2899
6018
6009
8
5380
4459
6722
8999
3196
9982
5976
2721
5232
3711
4622
114
5312
8621
7234
4947
8449
2387
5012
6889
8855
3813
5597
4765
8763
822
3697
942
3853
4732
6534
7177
9644
5272
8532
387
2252
2121
9514
6987
2582
439
4286
3747
2803
9271
2617
9477
4232
2095
5746
3382
4531
1914
2045
4298
4907
6515
3330
7954
5393
375
9399
871
7312
3266
2708
7549
7873
5260
6934
3880
5346
7643
6797
3286
846
1734
9940
9536
6040
4702
7443
35
1584
2761
1569
3155
8318
1639
4086
6409
776
2346
6501
477
2437
4457
8211
4117
7686
3979
9164
273
1077
3960
7007
1673
7230
5314
4002
6031
4379
8642
6958
3912
7036
8707
4576
5254
1858
6057
226
7598
1947
7132
9206
8442
6776
8462
7111
1132
9066
7899
6908
7210
9946
7523
3252
7979
2566
9227
9455
7313
2668
4687
6448
1704
9399
8696
1626
4581
7608
7690
8037
5344
9448
830
6251
7384
1673
9
6778
6797
6444
6818
9104
3379
1292
3495
4812
627
171
5601
4873
9119
3135
5907
8622
3346
7824
8407
8523
427
1515
5225
5137
8475
463
3300
4406
1124
1798
9510
1949
7855
3194
4767
6593
1788
5329
4827
7134
1964
8773
2239
915
9914
9161
5344
5734
3313
1216
5368
212
9322
4534
9267
4158
1337
2783
1985
2975
8257
4899
5664
3351
3175
5137
3525
4684
4651
5527
6641
4552
3726
24
9698
9256
7616
8140
817
7251
7365
4868
845
2588
5160
7011
62
9727
5937
8783
1725
401
5850
9636
8579
1611
424
2341
3170
9759
2598
5700
1604
8612
7468
3209
7001
3809
6498
6716
1288
8719
517
9853
8034
9464
8088
3794
3003
3065
9196
8817
2904
1537
5909
1294
7040
4141
7809
9483
1859
4786
9456
5622
3590
9903
1973
1884
2157
119
7992
7136
2755
1684
9287
9615
2355
5880
877
360
4637
5830
5789
9108
5207
5627
7499
1236
2839
8228
637
5847
7285
5842
3042
3702
9796
421
7249
154
2593
9077
7915
2726
943
9114
7219
1375
2118
7485
5857
985
1983
5726
2212
1797
254
8710
7525
2441
6411
2962
790
9102
650
22
6029
3489
6039
8675
7901
4462
5882
7385
6495
4306
283
5723
994
4199
7116
6158
1890
540
725
8579
5415
1869
7914
715
4582
6331
1804
6631
5463
7194
9096
9195
1618
4006
9348
7739
607
6089
1735
1991
7698
5532
7189
3289
6376
3703
3799
3885
7147
6964
4403
3760
5377
6160
1977
4596
528
2898
8656
8682
6792
2350
1634
4568
6675
7777
1259
2388
3549
6127
9161
4238
1955
3446
5296
5721
1003
9519
7170
9643
520
9817
6816
432
7635
4279
9542
3002
773
443
475
886
8447
7990
5578
6833
680
9612
577
5203
2495
8476
5552
7392
772
5076
9369
2025
5738
6488
6302
7130
3217
380
578
4005
8215
9893
9198
4329
1327
2312
4047
7788
8987
294
9652
9664
1048
3476
3288
6855
5694
8153
4615
78
3033
4920
2050
4015
6702
7229
9095
8115
7851
8603
5007
8463
5948
810
5810
4481
6847
2420
2916
1326
1681
6909
5830
9364
6433
200
5228
6295
1487
6405
7790
4377
483
807
696
961
1668
3738
6028
9542
9498
4977
5534
510
9444
2396
5812
1820
8147
5157
8955
6916
7248
7220
2281
702
6173
5925
4445
9099
2233
9713
4164
188
8816
8064
8269
7118
1864
1148
3375
5426
1006
7820
7346
5386
9568
1599
8819
1002
8274
4017
8989
4029
6981
404
1674
5171
9141
9041
2076
657
8329
2685
4923
3559
6865
1198
27
1166
9096
8236
8240
1506
4374
2208
3552
7164
6616
8002
903
2062
3724
8003
5816
8246
9911
3987
2472
6154
5279
9450
8710
6317
8373
5222
5271
4260
4833
6019
4037
4076
1755
8468
7559
2395
7600
7365
1432
562
4019
1727
5494
2392
5106
4901
6165
920
8814
4801
8779
5425
2855
3903
3922
1480
8905
8247
1423
7131
5601
5937
4259
8066
8804
6151
7472
1458
2245
411
900
488
567
4734
3792
8839
1283
2449
6916
1699
5521
8138
6566
7781
2869
6981
5045
3044
7702
6911
1903
5357
4841
614
6565
5359
9743
7405
5210
8423
6953
8054
7918
775
3492
5235
7752
7586
1885
9489
1063
8075
2435
307
7376
5189
8511
6331
2969
7645
4974
3779
8264
2167
6270
8432
794
1819
2323
1001
6019
6264
8114
7143
9914
7410
7614
4852
4178
6265
5372
8313
9594
143
3370
1236
4759
8552
2612
2797
2094
5239
1375
2513
54
8740
4607
5092
6319
2958
8006
9515
5295
8252
632
2069
8441
604
2464
5015
5374
6817
6575
7849
4930
6629
8365
9703
3350
1699
7335
7605
50
8370
6763
1692
5695
8570
5897
7145
1247
1272
6132
3851
4081
8395
6971
6358
4511
6066
1843
4395
1572
9657
3382
8378
5533
8274
5981
6180
5435
7784
5666
4680
742
1385
2493
1498
9714
8618
2987
532
5526
4414
1877
7242
5155
517
4479
9558
5141
4820
3945
3067
8095
3678
6730
4156
3313
8853
4158
9808
1508
3568
1886
4388
7030
8676
4092
9179
9061
8998
9934
989
2017
7415
830
9503
9465
3267
7891
1409
5363
4339
8297
4756
3256
7295
9601
4723
5665
9402
4183
9279
8201
8223
6045
6769
2449
8755
7282
15
9011
5485
1587
4185
4496
9334
3560
2038
626
4162
8124
4961
7765
81
8128
8614
3353
8155
4562
6514
2858
794
6141
1311
3577
5476
3869
4116
3112
2373
7716
2939
7563
541
6640
9351
4828
5674
4199
6993
3311
5328
8962
4572
2315
5744
3133
336
4568
6380
8763
5992
4530
731
5166
9265
5175
8695
6968
483
1725
7306
9090
5222
3452
2869
9679
2171
4775
7161
5068
370
3444
8835
7937
855
3747
1208
9774
5315
5618
1058
1385
3639
355
5433
8954
8204
786
3428
489
6645
1588
310
6612
2225
9664
994
8046
4257
3942
3328
7324
2766
4710
5893
3621
1843
3553
105
4219
1486
7275
5512
1107
8399
1425
7189
9994
5208
6242
1926
6829
9599
9467
803
7236
9453
7238
8859
4955
3557
1037
4868
1124
5350
9503
6028
1317
4206
1330
3691
2121
5745
7881
525
1648
3164
2160
9168
5006
2155
1193
7826
5489
6781
7547
908
1764
2805
5830
8257
7692
9377
7555
9304
7324
7754
7380
5788
1454
3500
5527
5949
9878
480
7180
10
7640
7163
7632
9733
5854
1505
9717
3333
4040
9648
2833
1098
7355
4646
6546
3351
7238
3699
197
9824
1754
6582
9661
3123
3298
2827
9118
6895
3942
6339
5870
253
7085
6723
3292
2463
7973
532
3176
151
6447
1480
7450
9301
3488
6148
9788
9029
7793
5826
2585
1311
8192
558
5920
3027
5041
3450
2753
1057
6845
4427
8668
3780
3312
5031
3755
5328
8613
8088
1055
2541
9233
5587
2489
3628
6417
6935
5543
5488
3192
5796
7940
6810
719
1108
6444
6763
257
2468
5238
2207
3016
1206
2523
7141
6032
443
8797
2215
7412
172
4727
736
6325
9683
1434
5660
3842
2093
1207
80
640
4369
2285
7386
1265
6278
6220
6083
6005
5853
7686
3212
4826
3659
2547
8594
5552
8357
6088
5312
8655
804
2577
8657
4116
7249
7851
9207
3391
8348
5796
9518
8186
5806
5935
4907
1011
9316
7990
5
4336
6752
3007
1187
4074
5673
2305
2689
2240
7917
1061
1983
3023
7926
38
8306
3494
7952
376
8567
2599
5165
4505
9664
4184
3198
337
6569
1612
7038
9742
7618
6814
870
5386
163
1455
8593
2351
816
3719
1680
4414
4167
4301
1130
2735
7381
3213
3790
1716
5079
4380
7601
3954
260
9142
196
519
7405
7439
1445
663
4024
7348
9096
8506
3453
9244
123
5397
9668
9946
9284
7473
9159
1154
4814
4773
8475
2488
4672
4051
5319
2876
8455
767
8752
1649
1578
246
1642
7418
753
3095
8428
9886
2963
5958
9009
9947
7658
1112
5168
3777
9068
8947
3515
1786
9345
8600
8179
5878
8285
5327
9947
4101
8732
3722
7161
5094
4249
7002
6870
92
9029
2096
4538
1345
6453
9654
6724
3720
3986
9678
1711
7780
4447
4416
5933
1366
4248
6945
2287
9607
8676
1205
8088
6763
6336
8691
1309
7347
5325
6048
8290
3188
5903
4792
4072
4747
3757
9197
6802
8732
7786
127
8448
7357
246
68
2672
2230
9209
3134
6563
3246
9628
4437
5715
4788
9273
8965
1456
983
3423
217
2866
4636
1834
9404
8693
7657
6826
7198
2016
4482
4845
1345
664
6370
6142
6795
9498
5824
1794
2843
5732
5597
6294
8739
1664
7929
5933
9265
3696
7898
3765
8340
673
247
1021
3359
4414
2070
9291
7610
9182
3966
3708
9390
6455
1509
3920
3249
7440
2316
2754
3795
3265
1893
5736
6212
7885
8744
8114
7689
2391
9986
4241
9578
3318
6733
8106
1994
7706
4766
4114
9465
3909
3072
7733
6335
7933
6867
2286
9505
2077
9975
5
7319
3730
3700
6104
4157
2648
5947
9083
4739
3476
3315
2497
1900
7414
2850
4263
7911
3221
5867
8148
2996
6525
5062
125
6553
9199
6980
1758
7623
6190
8236
4706
8242
4973
9881
4005
710
7002
8868
76
1773
962
235
2495
1034
2545
6020
3376
2128
5130
1475
2660
3020
580
2976
4021
1084
4266
7676
4933
4656
913
5354
8217
650
2711
4568
2164
2868
4694
840
977
3578
2816
1051
5076
1015
2950
7458
5775
1490
6300
8583
8193
9276
6085
6390
1961
5305
5380
2587
9681
627
579
6859
8223
9752
5206
2067
9441
1926
2280
4361
651
3285
5547
3363
9963
6597
9421
6706
8880
1744
6225
5510
1442
7973
6739
975
6863
3790
6959
9011
4600
4255
622
5565
8685
720
9476
9403
2384
7296
7261
8531
4009
6450
7026
1491
1544
7487
7632
9423
6131
3280
2514
8208
4675
8710
539
6948
2440
9800
149
9553
9217
366
1700
3555
4303
8636
569
9245
5881
8562
2290
6127
2995
9508
3103
7333
7623
1397
9657
5386
5098
4151
6108
3807
6
1587
3778
9562
336
252
8490
6724
3955
7553
3584
4869
7626
4946
1541
5044
4258
9059
6092
5216
2123
46
2756
8502
7598
1396
6271
6707
5322
2945
4698
6864
8572
9157
3778
9067
6329
5493
6040
1801
4165
7027
4566
6266
2884
4232
6791
9661
7736
6733
8600
171
8300
2623
6664
7756
1066
6965
2088
7369
119
2057
8504
1951
7998
7993
2117
6892
162
1729
8096
1683
6449
2652
8717
8642
7531
9994
2846
7633
8959
7487
5066
6910
8205
9018
7414
2262
788
8738
4363
4561
7770
2715
8908
2383
8570
4161
6569
8306
4293
1070
2359
9781
6855
1993
5390
3380
3424
3920
2011
2982
7901
1353
6807
6198
8286
3653
9740
2061
5874
8967
2078
831
14
9912
5975
4088
1822
1926
6499
5752
8663
1955
1163
1721
8757
7402
3462
821
3218
5688
2429
7172
9924
9185
3427
8204
6402
5594
3024
321
3725
6275
9045
4752
6647
196
6595
5946
9529
59
2881
1409
5054
8379
5213
9309
2467
1982
3914
2156
2268
8631
9509
5688
8624
9187
2292
7235
9063
5573
7456
7943
6041
8084
7683
7095
1098
286
2656
5725
6175
6495
8869
8574
6189
9715
8112
2096
3491
6728
6621
8463
1675
2976
9185
9445
8463
9787
7624
1964
606
8233
8462
9297
9002
7350
6041
2987
5662
6883
3165
6392
6200
321
8446
8958
7059
9222
5137
5360
2057
4353
6809
4966
6514
3129
3265
5853
8199
6322
4115
220
6263
8547
8241
1151
7223
4711
4853
4959
3823
3492
9402
1040
2476
9735
8475
8701
3230
3265
4023
5674
5508
6159
8199
8435
9835
3809
687
4461
763
1428
6245
7366
8177
2034
7148
3838
6710
6537
3730
1467
3118
1646
7362
7702
62
5114
5325
5407
6782
7784
4779
9758
9335
3176
3997
5777
3196
6859
1345
3000
2777
8951
4116
5652
3944
8593
2343
13
3465
165
3866
2339
3448
2986
7883
559
3882
6666
1698
9775
3325
6068
4682
2771
8610
2790
871
7929
3133
5764
7597
8045
2993
6087
8052
7378
821
6657
9069
9730
4284
9931
2121
5249
3697
6733
4484
5579
9937
569
818
2894
7555
9811
6963
2603
5861
5154
1237
682
3705
135
1113
8845
9763
1022
1153
6048
1407
9079
323
7498
5558
5929
7085
8467
2804
9578
3349
6387
1645
7298
2703
471
971
3795
8995
9688
5793
4248
4322
2584
4553
646
1401
8713
9014
7486
1532
5298
6662
9011
4831
9131
9632
5010
195
8721
5899
9666
9639
5518
7396
4912
9573
9905
1655
1720
1521
2240
4437
1456
6124
9007
2255
6841
7492
5797
5850
8396
8522
5810
9733
1113
1146
3977
1737
1922
4089
8313
7817
2777
9595
3668
2960
2550
3064
9384
8793
6631
9312
2282
1853
7045
6983
3249
1969
5960
9178
463
2496
3222
7930
8295
5922
2937
3008
5034
1652
5242
5508
1739
147
7706
9445
981
2581
3028
5986
2871
7935
9100
8855
5148
7988
1610
8441
6827
7765
4224
5482
2362
3510
2733
3481
941
7905
7848
1129
5088
1670
1747
7432
8321
9001
7799
3333
6092
6636
8317
6720
9621
4231
2633
9541
5437
2121
4927
4327
5070
3696
1280
9559
1822
2533
5702
941
6974
8277
9744
2406
377
4310
6616
7326
9864
2430
1672
5004
8024
909
9109
2196
7770
7383
965
2416
6212
7865
9676
5641
7350
3819
7375
9107
1689
7618
1596
1576
4096
3931
4750
4501
4590
9625
3731
1442
5124
4515
2898
7087
8670
8632
4437
5220
9047
5937
9631
6147
3410
5461
1188
7564
9063
3796
3863
2286
5381
2689
3335
1385
958
2964
2930
2867
2380
5366
2114
4022
7353
4375
6826
6075
2767
1464
7375
3006
7086
7615
8709
8769
1336
6961
9292
6181
1915
6746
7197
9014
2264
9681
972
2192
3498
5282
6725
9761
4158
3374
5817
9084
9020
3669
4654
710
255
2991
6007
3396
8082
5941
4654
4575
1535
9089
4871
124
5030
2547
2255
9016
7859
7475
1792
5651
9792
1053
1575
7078
7090
3701
7633
2987
530
4727
7432
3674
9594
8663
1524
1990
6346
2165
8310
8594
5034
8277
1001
6358
7136
9113
6576
5730
2602
8616
1924
4419
7453
2646
5395
1566
8701
2277
9227
133
2392
5893
1945
2213
2526
7388
6950
5962
9124
4221
1066
4902
1308
3712
9810
1090
7606
9224
828
3022
6668
8852
9143
7000
8920
695
2476
1947
6268
1205
3481
4193
1140
1769
2178
6719
4440
2424
4915
7493
1428
3289
7124
5597
1905
5400
5675
9014
9272
4081
834
576
1060
9104
4633
1215
8091
9832
3152
1716
2572
1697
4234
222
1353
9602
7120
2845
3391
9264
3472
9828
5515
3991
6138
5441
7205
2404
5432
6493
2571
5604
1983
3217
8324
5030
342
6556
7689
6217
5634
7980
7962
6121
1785
6527
1865
3896
9860
2482
4972
1723
1343
4808
8796
1039
8086
9385
4441
2542
3816
2106
815
1231
8419
26
7623
3417
6426
3455
463
7023
8235
6210
6734
5261
9921
4421
6000
7867
2736
9133
4748
818
3619
8402
7116
1730
5778
5507
9305
4663
5596
3541
2900
7586
7149
5989
850
8603
1098
4219
7735
3867
2320
9101
7181
8892
3661
7503
8464
9338
8477
5082
1817
5816
2202
5952
942
8850
9
9495
8577
6232
452
9305
7103
918
1415
307
5716
6546
3119
4849
4550
8502
2231
5334
9422
3566
9545
1594
7050
5435
7230
9555
7766
1936
6285
2920
7842
7953
3989
8425
7602
8631
5262
8772
1872
6276
2917
1014
8051
4298
2839
1722
1994
1323
900
1483
9647
9039
9571
4899
292
8720
33
7261
6471
5957
6172
7205
8361
6076
9544
405
1312
5837
5687
2455
802
5541
9697
7703
8390
7220
2938
3510
8197
141
277
2957
9745
586
7989
2915
4575
7776
6328
3067
6310
2266
517
5216
9129
8698
1839
785
1755
8504
3097
5316
4654
2213
1069
3923
8734
7942
2030
6231
5729
3217
1089
7306
8314
6179
5082
4413
1838
3614
3949
1122
4475
146
4434
2540
7176
5326
5449
3547
335
6149
6577
1835
2988
9908
570
3127
2065
2289
8664
4285
3407
4812
4514
8686
9003
7086
5040
9622
1716
466
6319
5703
7001
1390
1939
4239
2364
6518
1603
8103
7798
904
4213
8390
6314
6573
1
3156
6000
7098
5447
529
3642
8901
2424
8972
132
9131
4507
3492
2869
2228
9824
5204
1673
6865
2066
2987
8938
5077
1673
3514
8660
2456
5806
2814
6205
3555
7142
3613
8513
7432
5016
2609
2562
3609
1084
3768
7323
3458
5658
5997
1406
3623
9143
7097
2790
4421
653
3982
4086
9936
4587
4977
4488
6745
5983
8608
6066
8731
4869
9395
7059
5254
9895
225
6121
184
977
3317
7563
1928
5775
5767
6674
2047
7036
722
1024
3753
3200
9333
9393
3917
1969
4265
4040
1763
3176
3661
6565
604
2465
6884
2248
1989
3734
5446
2740
6087
9966
4271
8011
2852
5771
6964
2744
3044
7813
4106
7954
52
5240
2993
6472
7314
1081
2476
243
9117
288
2361
4985
353
5297
9981
3869
292
5751
4307
1890
9858
3205
7570
1481
9878
6371
1760
8865
8479
1818
7696
6177
8546
988
5049
2634
2370
4973
1108
14
3239
7672
5459
9546
2192
6007
5477
3951
6565
4138
7459
3418
4152
9995
5548
875
9231
757
551
9898
3949
8409
8491
4957
364
4129
24
5827
236
9971
4650
9224
8225
8009
4592
1851
5207
7166
8227
8657
1851
2564
2274
958
405
4833
7712
987
918
7530
993
3975
5014
5864
5747
3223
5659
7337
4976
2249
912
2043
760
1152
8038
2831
6161
7271
1923
1834
5184
9622
9209
9418
5260
2180
5388
8717
6906
5195
2120
402
7968
1640
9328
1690
9718
4526
4252
8076
2993
3252
1585
1933
590
297
5934
5198
1036
3626
3283
6459
7396
2456
3721
3675
6109
8955
8957
56
1598
5322
6078
1332
7239
3781
3090
765
1071
5533
565
9878
8459
7755
6664
38
2330
5531
7039
9381
1972
7894
4156
4022
1559
7146
1067
4934
1224
9177
4358
2222
6046
5430
830
602
5725
9356
1626
9930
3433
1632
3558
9233
4992
8701
1253
2331
8246
5956
4025
8275
7615
7355
8593
7100
3833
2009
1348
5575
1240
18
3719
9397
8981
2819
2427
5119
4105
2933
1618
8195
23
8299
5717
4046
6435
8883
9528
771
7398
2938
3452
43
4525
8363
3067
8528
961
1000
6546
9554
4710
4934
4818
1674
3673
3069
7436
4061
8538
6036
3829
5746
8047
7288
6976
9648
9099
4448
1689
4465
1008
8623
6732
2152
6032
9997
3487
2681
9010
1029
9573
5020
9599
442
7944
636
2805
5600
8265
2108
5544
3191
7139
7976
789
2079
4670
1553
7646
4936
7252
1044
3497
2581
8421
3833
5801
6800
9018
9390
2966
9356
308
4565
425
3670
6728
5892
999
6599
9774
3310
4744
4528
3534
9855
3835
9030
2092
9728
8043
9676
1272
7266
1261
602
8946
7303
439
4522
9715
4689
9676
2284
6461
5270
2085
1328
697
9053
3452
1193
8229
9420
3259
8618
4117
4453
6853
7121
9427
5800
1540
3357
8853
7490
5351
6048
2425
9459
5913
8437
6523
7255
7711
7064
8860
7685
310
6057
3841
9612
8139
6968
1230
9744
9970
1379
2788
5777
994
2818
9839
1722
4422
5739
2592
7654
3627
9270
8228
713
5197
5071
1515
80
3900
7429
5189
4334
6838
6596
6039
6745
9341
2643
9815
4583
8965
1361
4178
6246
9983
5309
6214
8662
5131
9710
8829
1724
7067
2307
1599
5377
8577
1081
7312
9869
4433
38
5588
5177
8586
7207
8286
6480
2597
6934
5639
4663
7231
104
8122
6140
5947
2136
8770
5700
8852
701
6183
1538
6142
3371
2462
37
5006
9214
4395
4223
72
8604
9966
9154
2491
8779
2916
2649
5446
6454
5403
5793
4864
3019
7580
9611
3407
2979
33
5312
4801
5416
7234
493
9552
566
2489
2025
2455
6908
7311
126
3274
9304
3336
8334
7453
6685
3476
9377
4471
9376
9725
5397
7143
793
6902
2463
2926
9021
7784
9865
6574
883
6098
9475
8594
8918
5956
2852
3261
7657
9487
494
9057
2493
6111
8848
2824
4125
6754
3135
1680
7951
8273
2202
1352
2286
4944
5119
3143
7550
4294
9278
5136
3569
7153
1865
2985
4262
3306
616
8320
3126
796
3072
1939
5091
5057
6578
8761
5406
7373
1585
9956
1246
550
4750
7112
9209
3712
7301
1323
1505
4026
8440
6640
8961
9378
1783
2752
6896
7703
6990
2681
9517
5117
9749
9453
1860
4420
8434
1678
5667
8357
9872
3469
9648
3141
917
8662
3089
853
4808
971
7285
4487
4473
6291
1422
6262
9986
1794
9978
1634
2591
4815
3811
3665
8746
6753
3034
9673
8744
1849
8441
8705
3969
7249
9282
6877
1100
8587
5878
9490
1170
5168
6953
3927
8216
4212
3401
7310
8464
7783
8612
3133
2185
2470
7833
4036
9499
4061
4638
2789
3192
8600
4514
262
1885
2668
8634
3933
9025
4017
8651
6932
189
6219
4276
7915
9514
3618
2577
3355
4022
6195
2324
5983
4208
3286
7659
7675
9375
5467
56
5725
7720
8151
2415
4279
1739
3017
3363
686
2404
8592
2658
8919
7251
2565
7614
8492
3695
9288
8710
9212
460
5431
6094
8368
4408
6011
8953
5854
3753
7446
3585
7191
7059
4261
3049
6671
7032
4447
2364
9517
3777
9846
2455
6828
2766
3004
5269
726
510
586
8376
2491
5864
7626
1306
8082
829
1290
6236
3179
2464
9219
513
4890
5788
8635
6472
411
7248
5741
7260
577
4680
3434
2333
2465
9188
4859
6552
6539
8419
3097
1668
1692
6961
7452
9788
6457
8542
2439
8158
7463
8064
2509
6668
9610
7767
2469
1336
2921
4296
8043
7468
9040
6131
9002
4166
6986
3878
3044
9673
3893
6804
8839
257
5727
7394
7489
5655
6835
9699
8241
9931
8183
2693
139
2609
5167
7911
3910
1211
4745
4021
2285
3706
9860
2940
4553
7496
1774
9819
9839
6173
3366
7629
2331
9929
4089
9261
2541
9005
9415
2651
3628
7286
8306
7916
7977
990
9280
4341
998
8349
3330
8375
2397
148
8809
5482
7593
4148
5631
3468
7008
9467
8779
9465
252
9362
7023
4912
2682
5186
5512
3719
6211
8181
5348
8907
5080
3342
1124
8571
620
774
535
7487
6835
2793
5399
9513
3928
2767
7444
7714
7037
9027
926
7211
7430
6591
4523
349
5832
3395
2267
7570
8098
7520
4803
8870
4677
9824
5793
1150
9138
5162
4328
5945
9887
6146
1301
1248
269
6707
9565
5596
4177
6183
2422
2521
8408
1630
9670
6303
170
966
2879
9817
6568
9269
7433
5764
7448
3839
6436
3940
8580
8893
4407
1285
3891
77
4177
9122
4599
9892
3969
8870
2736
4588
9058
5731
1000
84
5422
9945
1110
6055
9959
3434
2832
3239
9020
2455
6940
3881
8729
7160
1500
6967
5812
9996
3178
2788
7614
5609
1226
3356
243
1816
5168
8996
6681
1121
8797
6110
5422
1935
5031
4909
8747
9170
4426
4605
1418
2913
3596
5599
3487
8050
205
7454
5897
9822
1789
6132
9379
8170
1845
7723
7476
4058
7355
1139
9949
8141
9136
8892
5786
2434
2778
9300
8353
6292
7589
1075
3362
3050
7347
4267
9448
1955
9077
2031
4758
3949
901
9597
7644
9279
5778
4436
8981
2473
8952
6041
7825
4400
4216
4069
1381
7215
8274
8748
4192
7511
4994
3449
2412
635
5492
7590
4442
960
2681
851
4171
4085
2095
7990
3148
8163
9711
5562
105
7231
7990
3510
5672
4165
7372
1581
1522
2393
7783
6037
2609
9165
6163
7303
2734
3550
3948
9526
3670
1476
8390
3851
4904
8088
2883
818
2200
955
1625
200
963
1949
9159
2674
3959
8698
3873
4352
4612
1085
6784
7059
842
5697
6468
4452
4108
4859
8044
2243
819
4966
4071
5898
3895
1020
7667
1579
4229
6335
707
9742
3412
8246
6833
4710
7358
3983
4895
4803
3896
4194
4144
7265
3180
5892
6155
2438
1012
3694
3677
7427
1238
1700
2429
8537
8666
1363
811
7081
5886
4446
7410
6892
9611
1265
9862
9706
9387
4936
2455
4999
7181
8750
4593
83
3592
2681
8369
4460
3833
5995
138
4967
6778
647
4327
8012
5874
5327
8299
606
4874
1600
1382
9650
9091
5824
5651
5902
7693
1376
903
7026
5075
9715
3945
612
4720
5313
1397
8811
6098
7497
4937
6695
6752
3531
3675
8998
7464
9744
6289
8481
4130
7394
6960
1787
3347
3961
9225
8060
8815
5963
2743
5239
7187
4391
8770
1581
572
6426
6720
7860
6180
8840
6047
5621
2772
4362
2606
9413
7258
2473
8777
4021
1192
6769
7905
7388
6381
9688
2378
518
1425
3079
5083
8403
714
5793
1442
8527
7874
7746
5903
4678
2138
7366
6279
6929
6370
693
8068
303
8172
47
9247
2635
7006
9029
8286
9447
5931
4118
7919
4608
1486
2553
6421
1355
8478
2373
4170
525
9125
234
8395
3493
6110
8705
9043
8018
3961
8521
9834
1556
8249
6912
2472
4716
9328
432
2078
4448
5824
3635
2293
5984
8053
9686
9199
2574
1190
746
2046
538
5947
7831
1283
4470
8392
4560
3870
8261
3973
2110
7420
2730
896
632
5687
4638
7388
3887
2788
329
3701
4796
8851
1332
5488
8173
7944
6733
9933
2644
1534
3820
3664
5466
822
5410
9639
5452
306
5148
2218
7410
6563
2631
4616
184
7533
8525
8852
4609
1236
4089
8692
9
3998
2300
2528
961
8817
9251
9705
4009
7463
8279
4824
6258
6579
5669
3516
2162
4456
6617
4900
9784
4256
533
5011
4272
5393
2484
9417
906
8718
6136
7022
4614
6524
5582
6875
2775
2151
61
2452
3928
132
9641
5461
6624
2806
573
4500
4699
6339
1987
1997
877
1720
8988
2752
7477
909
8668
4387
518
4098
822
9130
9864
7375
9932
4679
5251
2309
6292
4881
4547
9710
1970
5736
8212
662
8683
5949
9251
6010
3590
3773
254
2671
8058
7596
5435
4979
194
6569
8496
8707
4766
7031
1505
4775
2296
1814
2317
3826
7636
4356
6308
8228
9546
8603
4258
8105
3435
7242
2372
1587
1947
9364
1471
294
6467
682
38
2843
3901
8991
1184
9066
8751
4503
3337
3063
7375
5966
5936
562
5601
7422
1454
4468
1631
6933
1103
3402
5202
2743
690
4780
2553
6561
195
1635
5127
2498
7536
3566
3064
901
300
8676
3041
6364
6260
6151
2509
9784
2297
4634
513
5297
52
3382
4784
6075
8266
5790
876
1342
1775
9003
3792
6958
719
2261
1061
3537
7784
3991
9255
5620
536
6654
1127
5431
8717
7173
1159
2679
2344
6680
8906
9291
6234
4519
6602
6185
9934
1726
2572
9499
6503
4802
8646
7698
2064
3415
8933
1398
217
3217
1444
5061
4880
4143
5423
414
7883
5500
2381
3404
4520
403
9176
1492
2780
7287
8773
5943
7458
3226
5415
9380
2163
6596
9936
8045
3477
8176
7887
9397
2296
2016
7879
8825
4578
6353
26
2851
3505
4650
8651
4136
7297
1525
3127
4338
9069
2917
9214
9947
3347
9427
967
2231
3092
1095
9549
9845
366
6231
8004
2562
1458
5886
98
1354
2922
6050
8782
8033
3214
5091
9295
9713
7658
8115
2158
2042
118
3629
2078
1655
9424
3001
5648
6852
6312
4134
8716
8264
3878
8835
9597
1127
3701
4047
8738
9757
3819
2586
7727
9045
5222
5447
9317
1602
2691
8308
3133
9843
2617
1144
4283
908
5022
4911
1522
6583
6411
485
3938
7421
297
9185
7490
8981
939
4606
6224
3526
6230
2136
745
9581
3346
2060
1218
889
8982
5436
3699
6398
2470
6349
4637
7331
2493
3993
1279
2577
9482
398
6058
483
1280
4936
7396
592
7564
9229
6064
1732
1930
3477
8082
9460
4438
1495
3219
6854
5167
3005
8727
2931
4193
7319
5774
9202
7497
148
4075
3466
5492
8794
5963
5484
8872
5686
9486
3836
6780
3789
2498
1562
7296
9237
7357
6545
7048
2709
9555
1832
3192
1372
4516
5821
6551
2505
8217
1814
4863
2651
8462
626
2827
6849
8148
7876
5370
5045
7336
127
6471
3814
8821
7266
2896
6294
7877
3034
6834
749
9903
3335
6287
9009
7345
738
2159
5106
2448
1594
3701
7894
2690
3752
8969
8892
8972
5790
1715
2510
6270
6772
9732
5153
9924
5161
6159
2036
7138
352
8558
582
8539
8098
1009
3649
373
3820
1463
3121
8841
5586
5384
4058
6450
6225
9303
1155
4882
7733
6685
2427
7919
4444
6124
2205
1951
6286
2206
157
8842
2798
3669
5338
9372
4862
2929
9536
9124
1612
2945
6182
2476
2869
3849
7743
979
4839
1345
5830
9857
8782
7377
7688
4057
4694
3072
2451
5545
647
965
638
7535
7843
3215
3236
3319
5668
1531
6239
1709
9548
61
8691
8840
671
7984
587
9953
4878
3385
336
2241
5021
2890
4147
1992
3767
9289
8894
2769
1079
8527
2779
7601
6449
2566
625
4417
7609
5338
2946
8250
4486
9102
4529
668
738
9291
8271
9675
8463
8308
9292
4655
2118
9928
3095
6768
586
9441
1622
4981
5765
1380
2369
5642
4213
2011
3513
8754
8309
6075
1399
2224
9620
1522
456
4403
2506
6158
2435
7730
1017
6646
8747
647
1131
9684
8561
6091
4578
2202
766
4563
7949
4811
786
3418
836
8827
9414
1484
5471
5032
8951
828
369
9992
5610
2022
7630
7674
3341
5581
3623
7389
9998
4589
2326
9721
8734
8468
9532
1741
1313
1279
6878
541
9919
2886
44
6787
854
2628
4725
889
2693
5644
4989
9313
1380
3968
3729
4803
2839
6360
141
897
2803
7797
8595
7637
5882
199
3248
2593
5780
8038
9108
7606
3733
6676
8126
4161
5473
4229
9302
7870
7482
2049
1522
6003
7437
5517
5886
5265
1599
1728
7065
7343
7747
6383
2566
5598
3243
2745
9977
6418
9637
305
5630
7036
5869
5672
9770
311
3499
3983
8798
8494
5099
6478
9712
1831
989
4865
9777
1036
8007
1648
2192
3578
1014
1267
3930
6727
5634
1367
8239
702
1119
3026
2434
4499
9732
6034
3408
7985
2251
1746
7085
1943
7594
7872
9997
7416
5875
4781
753
6671
330
8592
777
9996
7625
8164
1128
6605
6030
6403
3569
7901
9604
1391
173
6464
5131
3995
3084
3540
7355
9430
3719
1950
4804
3381
6436
2255
7417
9070
4116
9871
4225
9554
1582
9054
402
7325
4793
5790
7499
6282
1178
1394
9425
8435
5835
2014
4539
3230
6857
367
5037
5823
7444
6463
6130
6276
9133
1875
4501
5927
8238
1685
233
6456
4642
7719
4758
8948
8496
1698
5342
9203
3949
8792
6380
1897
4426
3333
2807
826
1161
4139
9500
8874
1807
8049
8608
7292
8746
4222
279
6926
2230
5775
8302
5437
5094
7490
9237
5526
4869
5935
4344
33
5820
7864
2232
7733
6670
837
7077
3990
2288
4627
7114
9799
8037
9373
1032
284
202
2048
7223
6565
8203
1099
6882
1771
536
57
33
5254
1208
699
2988
4577
5113
5972
8340
5062
1183
7579
2777
3836
9539
4389
7550
7824
4519
6746
9242
6370
8010
4653
1041
7976
8520
5341
3918
7564
9728
8813
2732
4568
4041
3942
8616
6827
4306
617
1459
6184
9328
8704
403
4985
5081
6110
9911
4753
7775
4518
3557
5014
5439
7409
9651
8632
4459
5641
7334
2210
8424
3685
7320
7786
2814
3978
31
726
324
6620
7374
5759
6023
4378
3853
828
8773
3751
4929
9082
6933
9602
8488
7568
3284
2242
7818
8550
9570
7815
3
4799
9498
5284
1989
1348
5329
2474
8078
5142
4790
8248
3173
7979
3603
1142
1865
2387
7053
3590
3223
8456
2012
6424
4415
3999
5883
2312
7455
4648
6210
8497
9065
3822
4176
4932
3711
8101
447
5142
291
5909
7677
6099
2588
9141
7931
1059
5168
3827
8358
123
8876
2127
85
6231
2669
262
3470
8956
6679
9016
4326
4764
2857
251
2811
4991
3599
543
7565
1552
4627
1018
2863
3900
4094
3559
5223
1713
1464
5378
9778
5400
32
6828
6680
5544
6717
3586
4593
5244
8350
3217
8862
9704
338
6018
634
7876
7381
9037
8761
897
4065
8991
7576
7644
4869
6820
8142
6519
9108
7010
1904
9890
2569
1245
7666
2685
1581
9216
2684
5740
9494
8810
3962
593
8560
1993
1728
4605
4271
3459
1901
5411
7314
8712
7751
2930
1331
2417
4007
1003
8686
3496
1084
4971
7861
1436
762
6524
2921
9185
3942
4289
9485
6504
8041
309
5461
504
1158
5009
7241
4720
8385
854
1019
699
2185
7997
3368
1721
4071
1829
2731
2154
1982
9612
6578
5310
6312
2490
1666
3050
634
6230
5592
2914
1854
1577
9773
868
1249
9922
2596
6744
2766
3348
577
3005
6336
1661
8516
2582
6915
4824
6557
3420
5967
2409
4044
9962
1668
6924
6330
1632
2406
2075
8667
5262
2784
2342
1142
500
304
4335
3604
5439
2531
6234
8791
5329
899
4754
3253
7846
3128
3283
5715
7484
348
6312
6330
2097
7680
2559
2416
7178
9400
8437
7825
7055
3071
5789
2059
4896
2536
7280
9248
7065
6161
164
1844
2569
9111
3218
8431
6658
4735
147
226
8891
4032
9235
2229
9332
3584
5133
2804
1554
1104
8564
9700
9917
6697
6708
6586
6196
8320
5468
908
9473
5265
8059
9032
2992
2171
664
5031
3322
555
4888
3090
4445
4246
2225
5756
7636
8351
7477
3810
2324
8133
5036
7776
7660
1922
4328
3114
9546
2751
1566
3890
1222
8663
5639
9418
3442
9747
5327
5430
1850
2091
1742
5154
8689
4988
4050
4049
8047
6151
6758
9877
780
4293
3596
3467
5827
9298
1523
3922
5354
2650
2321
9016
5947
9364
8598
6799
8535
6305
1385
1994
8216
6161
2692
1411
4115
4734
803
7435
3966
8860
6633
9666
2605
4186
5766
8632
4107
8520
3730
9823
7946
887
6269
4171
9552
8122
6296
4616
6620
1957
5510
6361
8985
379
8173
567
1323
6204
2690
4577
662
6150
1337
6007
9749
9344
5550
2760
6717
3387
811
1060
5342
2454
9255
6105
4281
9732
4171
2059
8628
8930
3652
6901
6260
3651
85
378
763
6987
5927
4174
5037
6483
634
5157
2792
1778
1710
5742
5540
7286
3312
6057
1822
6682
5325
814
6960
8254
5131
2697
9728
8969
7702
1546
8411
3245
3992
6231
8083
26
6061
4491
9588
3273
2419
586
5249
6239
1454
734
5232
1237
7231
2105
1707
4419
6950
1878
6161
7050
3339
1142
7789
3288
6739
3795
7299
1260
180
8398
8515
7660
366
2901
7944
9218
2108
9600
4717
9549
2709
7568
5670
319
7482
2271
8472
3114
4025
2681
6984
5363
6294
8563
7494
9698
4519
3562
5694
4531
4923
4063
584
5238
4291
3822
1267
8792
4834
9376
2862
9751
300
9227
4006
6467
7697
23
6192
2317
7361
1590
8646
3467
4904
4331
3600
4474
3637
6646
3839
2331
3521
4293
1893
6851
9501
4728
8562
733
9335
4753
7849
1285
2446
1297
1411
3990
8170
7362
8044
1171
428
1125
5067
3783
2370
8040
1145
4616
1407
2100
9565
9920
5236
424
596
2679
6455
5101
8211
341
6455
968
2749
5965
7624
9122
9259
9774
1501
4445
5151
6186
16
7425
7317
4891
8064
4133
716
1520
3469
4053
9300
632
8473
7484
2428
3973
3780
1735
9792
4262
6747
4575
7381
4403
112
6660
7104
6699
7036
8365
4251
2468
8228
301
4705
1085
3306
6268
9601
7562
1072
9020
2773
9970
4355
2406
5891
7839
2753
9589
9514
5046
7277
7480
1072
5350
3863
4890
1220
2459
9108
7486
3754
3883
4746
4005
9149
8099
1823
47
1858
963
7467
5863
6191
2643
9473
9755
2615
9799
4605
6616
6807
3912
7095
1908
9005
5135
8373
9827
7240
7696
2215
2419
7412
1444
5615
9960
5868
2836
6180
7124
977
5197
5701
207
2279
9659
8491
1040
1493
9506
8583
8537
1741
7772
7474
7030
7980
4997
1299
2736
2248
6442
4823
1595
5514
8129
4024
2603
8157
4453
8173
4223
1443
5721
158
6874
3886
8178
4353
8538
5307
590
2220
776
371
4406
6993
9740
8713
3542
1112
743
2265
2578
2874
8498
3827
3942
3892
1299
7160
4758
9903
8946
855
5031
4586
5297
1326
5825
703
4769
5934
3400
2182
5704
7378
6742
5904
6250
1320
6902
8408
1557
3992
8793
4936
6341
3664
4019
2637
4423
2252
650
1931
6439
1315
8902
181
5669
8759
3794
4558
1952
3582
9990
4761
5572
3760
2918
1467
7100
419
1256
5093
7694
2450
1230
2771
4634
2525
4362
7973
8187
3932
3629
3084
5928
4950
1444
4363
8286
1483
989
4457
6387
9695
6227
2752
4866
4616
8740
562
5176
9629
5172
2293
6523
7188
8383
6141
1941
8349
110
9399
9020
1149
6077
2930
1515
5833
7578
28
6219
2346
9416
87
4823
2127
8147
5209
4428
2625
9467
7195
827
1839
1807
2420
9708
8624
8336
9442
8669
8099
2542
8068
7685
6386
7757
2311
7566
1868
4271
5342
7760
5246
1059
2907
5553
5421
5811
2233
2815
5003
2308
479
8526
9776
3351
6520
7709
2107
9983
8486
8902
4843
8988
5082
1859
2987
2986
5452
5279
6253
3651
4006
9247
4511
7577
9219
231
6736
8388
6442
1786
1635
8640
7856
3522
138
8200
6377
524
7370
2458
6465
119
2328
9312
1924
2284
9614
8929
5955
3846
7428
5596
8316
4093
4005
9808
6085
9681
2890
9456
5953
5398
5278
2850
7420
1621
4868
8122
7852
3381
1812
5640
2290
5640
1895
6123
228
9368
2657
7034
7276
7517
4384
3045
5255
6625
5978
9397
5679
4332
6457
9791
1609
2070
3472
4814
1547
1556
1932
6262
8525
5445
555
3256
9402
6372
6462
3490
6295
9540
6788
8203
8995
2906
4789
8969
9011
381
8927
8876
8788
7781
3872
7040
6345
8135
5177
8003
1957
1973
6826
6988
5594
206
3536
2814
9205
3996
3648
6446
7925
6196
3560
6767
4504
304
6015
4219
349
9894
7563
9898
663
6389
497
7460
4443
6912
1335
963
9350
7440
5762
7637
5080
5324
2339
4273
672
5792
7977
700
4803
7277
764
439
7830
3543
8010
5420
1237
4847
8346
5071
7667
7232
3128
9225
4628
3367
9291
6507
8717
1581
4975
2082
9245
1196
4447
3955
9046
1546
4761
5281
3947
7886
9413
5737
2146
1947
8896
9860
9494
8929
7434
8996
2455
4486
1362
9420
2933
5704
5499
2724
3974
9345
4534
1471
9588
4850
2297
21
7013
138
9174
955
354
2689
8648
9190
4235
212
508
4874
7934
6243
9696
9829
3360
1543
3826
8310
3493
748
7977
6678
95
9131
440
2986
6675
3867
6643
3524
2213
7463
1008
917
3815
1431
4617
5191
4059
1093
6727
9614
6482
146
7852
3475
2901
318
3777
8830
7445
6672
1556
7007
9721
6186
1962
6146
7419
6136
899
6823
8428
6025
2296
3934
7081
164
6093
223
8306
1126
2606
8983
4769
3468
4230
8207
3339
6607
6749
7147
3154
1167
9527
7522
2186
3971
208
241
6941
6932
5330
8582
313
4783
1782
7037
9166
3441
3500
3040
6477
6080
828
1868
4489
1393
5422
5070
8191
6887
8254
5192
4598
8724
5491
3770
2243
6854
2920
8243
4270
3712
4396
4845
5874
5146
6629
6315
5290
5379
669
7677
8739
7300
4156
8405
2197
5528
7365
5072
6168
1641
5871
7054
1730
895
6095
3294
4683
111
1474
5191
3928
6477
3071
1243
6470
6307
2257
700
9002
2844
7197
7923
4264
3673
4480
4995
6470
7361
8965
6894
1544
5215
1510
7475
9488
5401
4474
4664
1522
1908
9384
2047
341
4869
9145
9754
6228
498
4148
6298
3834
7135
6836
271
8225
3319
5816
5959
3087
5411
4333
9283
2087
2494
69
8219
5272
5777
3708
3535
8947
3074
3912
9718
4121
8824
7072
39
7279
3487
865
8399
9093
5126
2571
2341
7767
5114
1167
160
6624
7334
6252
5406
5872
1669
6110
7912
1094
4659
7192
8004
6348
2077
9474
386
8043
6810
2932
89
2661
3940
2013
9260
4517
2083
9990
1525
1717
1282
3107
376
1891
2066
8524
3219
9938
3144
1859
546
8559
9876
2036
9765
1888
1599
357
8694
8811
3677
2913
9627
418
130
8678
843
483
2845
7935
4886
6191
8859
6343
187
3931
5745
4306
9377
9942
1131
476
5344
7596
8524
8058
9144
5010
82
4733
4593
1228
6268
5197
1975
765
7800
306
8081
3436
2821
1925
3108
2811
504
7142
2339
8333
2625
3228
4107
2525
3051
8214
5529
2838
1750
4342
7114
7235
184
2244
4850
8631
6985
9641
7969
570
7773
3207
403
171
9116
4699
7662
7570
9654
2413
8820
9678
3576
446
8370
1973
3783
9744
590
9669
4845
7643
4468
8121
2756
4896
4307
3018
4896
9601
7683
6716
9531
4717
4708
5368
413
5391
1112
5906
4382
3936
8982
5085
8666
2258
9528
6804
6473
9982
6095
6920
4272
5449
5725
3631
7634
6960
1273
810
8189
7691
3299
2678
3708
7443
7810
5960
190
2147
2181
7077
484
7671
9449
5126
4137
4370
1825
4229
2850
4431
5060
6630
5466
1039
9444
6817
6790
4238
1447
2803
2555
9863
8782
771
7487
3270
5712
6627
808
6373
4775
9200
4805
2834
3426
5315
9916
278
240
5224
5000
3818
9327
2307
4782
7395
1453
4945
1579
2887
8840
1431
3012
7153
4821
8784
9776
9194
7421
2293
163
2379
291
1321
1617
3476
3106
5899
6066
2193
8527
3009
5523
8632
9870
967
3950
5749
8065
1667
483
3531
1503
5196
3975
7524
4126
6933
444
4606
4677
6993
3115
1789
943
3490
6810
9378
4632
8485
5365
7461
9026
7111
387
8840
6086
7753
7793
9410
4057
1494
1010
7505
5948
2576
3101
3346
2853
4434
8345
556
5924
6778
2589
145
7738
6218
3725
6545
760
2461
2381
193
4351
8843
9762
836
5855
5537
6578
9530
4847
8254
7574
4997
5613
8059
4271
1118
4220
6132
8817
6850
574
5117
9927
7657
4478
7052
1942
938
9933
8341
2270
1581
7224
1128
987
7488
6753
1743
9075
9162
8482
6180
5095
75
2268
5212
4232
7974
893
8589
2517
4292
2964
2230
8628
3635
6001
5415
973
4624
8246
9544
2430
3670
6984
723
3062
3178
5801
4319
4020
4574
6662
2617
7031
1384
452
8361
7070
3509
9216
7165
6533
1066
5347
2561
410
5360
1683
8259
5553
5160
8243
4023
3180
4907
7093
3624
3467
2416
8600
5990
4612
5278
9655
5389
8357
8611
1454
261
7349
6279
6886
3499
7683
3199
4139
5175
473
6688
2786
6640
2949
6925
6708
3564
979
4965
9232
1716
8023
7248
2197
8538
2033
6678
8134
6659
8318
5449
1896
3744
697
153
3410
8002
1622
429
2083
451
9903
7451
405
1768
7865
7587
8517
3274
2759
4612
6739
5039
4410
9011
883
3531
5748
4074
2319
2035
5458
4131
8008
465
8488
5232
6655
5932
205
3762
9488
9894
425
5023
4005
6273
1915
2554
741
5332
144
5299
7866
4585
8129
3223
6304
6612
9798
5722
6691
1681
4551
824
4720
8473
3561
7743
1518
3312
5260
6249
3237
6878
735
1039
1312
6922
2527
3657
6822
886
4444
1155
5679
4812
419
749
7817
35
2759
9680
8999
6402
6767
161
578
4127
7227
7462
1929
8646
6281
4647
9490
8546
211
887
4019
5407
7507
1354
3249
9127
6982
9704
3434
2729
7579
4337
2235
3927
5818
9867
2385
4856
6647
2464
8685
2172
1590
2790
6281
5778
4276
623
6997
2222
1159
9360
6840
23
6508
6981
9275
1855
8813
3486
1141
7337
2379
4955
210
2142
7251
500
6263
5686
6853
6295
3208
3792
3244
1594
626
5366
7218
6525
7614
2756
3197
3960
3853
7206
75
1662
2714
5855
5984
238
530
4399
9213
8881
2929
1528
67
8743
3111
3777
5054
454
5821
3747
1109
6595
514
535
4843
7262
37
3548
8486
4914
4320
495
3046
7583
3910
8562
5482
6144
1134
6789
8374
8444
2544
5729
6020
610
9694
1546
4250
5533
7907
1867
1411
8259
9581
9802
4483
3761
9054
8318
9307
5158
3366
4141
2897
6189
2303
9023
374
2305
289
3108
3207
2197
2961
7313
2744
4437
8926
1279
5288
9772
419
8598
7761
7738
9281
3492
6364
7820
787
446
8883
5281
3876
1102
6463
1205
1454
3069
405
3297
5377
3787
1944
4028
7519
3402
7363
5689
8823
1959
5779
7306
3856
5267
9948
8977
2424
564
3571
378
3774
8576
6333
1258
740
4266
8709
3901
6352
8348
7305
3940
5286
1395
6043
4360
5902
7364
9491
9439
7755
633
29
9233
8995
8619
4316
2321
2644
3888
905
3279
6616
4256
926
5906
8244
1997
1346
1806
5984
659
8741
5375
7755
3116
6375
9212
1349
3426
5969
6342
2097
6330
1036
5451
9659
4660
2975
6632
8388
2282
3043
8023
6621
9615
1459
8405
3077
4703
2420
8018
932
6886
1823
495
5903
8689
5346
8184
7300
1894
3087
9350
2039
1802
2978
5671
246
9137
2948
6674
6220
6578
7674
8404
7806
5586
9681
2459
3697
3853
3048
7726
900
2146
8316
2898
4486
4879
4053
4494
9084
8599
1147
4297
3395
9724
9494
8563
6879
2823
6338
73
8537
5917
4884
988
4952
8590
6993
5636
8930
9014
5854
766
6157
7317
8143
1418
2281
4733
9875
4534
6875
6714
4118
746
6467
4193
4402
6984
3727
4813
8874
4109
5922
4199
7269
7147
9403
8578
951
332
2169
3986
8973
1247
158
2888
557
9987
2073
735
599
9350
3848
6592
3272
596
1429
897
9998
8689
538
4985
6935
2587
5776
4541
6668
2383
169
7239
6535
8698
3831
2999
8748
1922
4942
6725
887
5313
2161
8938
9420
7264
274
9542
2688
4210
1427
6294
9840
2973
2976
3862
3272
4904
891
2424
7924
9105
4874
6133
331
777
8813
1295
3022
304
102
6415
6525
3058
4969
464
6874
1363
1673
9282
1865
9913
187
9291
6466
9871
1660
7704
6309
2590
4311
3785
658
1039
9562
3884
8296
3678
7998
9719
922
6589
6693
2450
448
9335
6623
7861
8374
3590
3906
4933
7179
7448
3592
8859
6534
351
4155
3461
7942
341
9566
7219
6352
4538
2486
904
6803
2119
9536
4547
2179
9825
2419
9951
9559
2974
3787
78
7882
2819
6244
2285
7783
3770
8965
4331
3905
6742
1153
7075
9806
199
34
3834
5402
2860
2367
4220
2335
9239
5803
6718
8107
2761
6105
1559
3770
7258
8284
7372
426
2118
5391
9313
3967
4133
6158
4975
1348
3585
9976
7453
9361
8376
18
9815
8568
6707
6434
890
2512
2496
1985
120
6440
4582
4545
1640
9445
9461
4756
8891
8120
7178
5094
3982
4079
8443
8360
9220
9202
6695
434
403
9978
4341
9891
6446
8604
5937
8271
7146
93
2096
3349
1265
4396
8401
5283
9883
7152
1916
6290
5449
109
2818
4333
5322
3203
7620
8565
1478
1490
999
7283
8181
5625
5387
2108
4339
5673
575
3173
9671
5593
8674
1955
1259
9738
323
1547
3645
1622
3733
4539
4166
5448
5338
8561
7329
804
6014
8375
7065
6735
9902
4871
2006
8167
6457
4938
6708
2964
4786
7965
8712
5698
6299
1338
5619
4275
5766
728
6565
1867
7656
5011
9127
306
4519
7285
4207
8994
9188
5370
4569
210
1268
8289
1555
9606
5578
6285
4096
6379
5080
3790
8181
79
3588
3883
8364
9262
280
2542
3048
3516
1041
9445
1380
2882
2070
7544
3515
6438
2507
2799
5355
9129
5987
6831
8302
4970
4241
2225
4931
9032
591
7024
6560
4753
585
998
5263
5091
7809
1697
5214
9047
71
8010
835
5110
3888
7264
6169
2925
6472
4
1771
5488
6342
9697
2811
5370
473
621
6461
6680
1308
5255
8304
9639
9866
5663
2907
2346
4353
2306
8077
491
7971
1419
5113
3027
5796
8536
7496
6391
4032
4320
7582
284
1747
4565
5996
5969
6543
1007
5605
7012
2100
1691
535
866
9140
2080
4848
2370
6705
8670
2362
9874
3571
2895
4885
5567
6673
9942
8969
2266
5563
4208
4788
6683
8502
3581
5857
9499
2028
1493
2099
1071
2527
1230
3169
3073
876
6011
7075
4720
6336
8750
8824
78
1569
6111
2354
6572
8214
8462
2876
901
9893
5444
6742
7771
4732
5188
4722
9128
3741
742
3053
6296
2843
2482
9558
6444
2656
9040
4738
9219
5093
5206
530
7118
8990
9665
9707
2952
1063
4703
6004
1885
9118
8545
2233
8041
8769
8645
6759
5631
4035
5032
1195
9331
1768
5592
7659
2288
2758
4454
4945
3503
5322
7896
9307
8646
5870
5590
1058
9830
2759
9456
679
3325
3575
2712
7742
2422
6183
2986
5197
1122
2482
3930
4366
8615
7022
4449
5704
6486
6602
7188
2749
5714
4879
3588
3846
729
5444
3666
9063
2488
1618
6472
9363
5013
7936
1165
9162
1848
2934
8986
6733
4031
5942
3076
4607
7603
9461
3455
5601
8690
7901
6860
3198
4208
4305
5451
8733
496
7425
9222
8737
2350
5650
5309
6066
7683
5847
7449
8740
9777
3391
1380
3238
5022
2106
8258
1375
5413
6121
3591
6242
2313
5886
4160
7259
6620
3836
3897
9015
9679
9693
3841
9589
1215
2188
7610
322
3603
1336
3279
9017
7344
8546
8208
5674
3014
3909
708
3113
6152
5728
9040
4126
5294
8121
1749
660
6275
1643
5095
2199
2743
4562
5119
1270
304
8271
8005
7151
4877
554
3662
6861
8166
5348
9676
1750
3377
1123
7550
5449
7514
5703
5660
2146
3592
43
6443
6171
2760
7924
5388
7120
5472
5994
3428
2587
1929
3305
848
6169
4730
2408
191
2432
6171
3110
5388
9180
9939
2551
5490
5998
1118
9786
3745
6046
6947
7172
9550
7299
9318
6687
2969
4553
660
3955
8123
872
1476
7401
186
383
8796
5951
3983
3335
6813
1450
4084
7080
8517
8745
2823
7854
4679
9708
7445
6153
9788
6299
3619
3580
6117
8298
6239
8001
9115
2858
8636
5088
1743
3708
99
5486
2100
3342
4505
6569
1611
4428
3900
5731
6733
9621
17
8628
7675
4694
5492
8573
8536
8664
4576
6402
412
9282
6276
7485
3545
2673
2743
4474
9781
3818
7872
7498
1016
8649
1099
9992
261
571
7454
7663
2179
3000
6186
1136
6671
2505
1500
2655
3640
4208
7253
4231
8714
7338
6640
4937
8214
8927
5765
6627
8640
7342
5076
5312
9663
5976
7537
3112
8326
5387
4460
811
8231
1170
616
4314
942
8229
466
5486
730
5342
7191
5910
2391
3902
8389
8963
9239
8961
9152
5365
2446
6824
1878
691
7442
9318
6118
7278
7079
2987
8363
8963
8675
1121
7026
7553
9887
2644
3875
5078
7981
569
8137
5453
5919
6573
8904
5544
44
7408
9308
2778
5495
8611
8640
133
2076
4060
6604
8822
4311
93
4278
3655
5949
2003
2965
798
3673
7051
8800
1805
3241
9904
8429
1399
328
4810
5606
2224
1479
8561
6
5022
7629
5986
1467
8199
6129
4155
8145
6918
7726
9811
5523
8040
1768
3872
4218
9874
365
7425
9292
9889
2228
31
7037
2832
4527
5047
2055
4945
7735
5440
2674
6454
98
8830
668
6045
4935
6691
205
7849
4412
1161
1364
7184
5298
2913
5820
31
1655
2625
3727
4653
5321
4297
884
3408
583
9663
1507
1998
7906
5134
2526
2549
3655
8793
8054
1785
4640
9888
9593
4434
3215
4420
3171
5067
1701
559
6475
6067
8528
1869
7433
6351
490
6254
7754
3653
5029
8935
2412
5871
5663
6079
7926
9112
7996
2912
7839
4014
6348
3433
2643
1851
506
932
5566
7345
8993
2616
3456
9457
487
7733
5810
4187
8481
9800
3367
5699
1065
2058
9332
4609
8068
3668
6238
973
2754
34
6026
5738
2518
1859
174
8482
4171
5560
5175
4609
5464
7911
7879
240
6029
796
9882
4779
4856
8072
9277
2851
6490
2506
6704
957
5893
7012
8727
6132
2868
4049
2212
7877
9136
2394
1
3917
1176
6494
8844
355
1401
2969
303
9486
2384
6844
9563
6811
9644
936
4111
836
1514
6744
6711
8043
5976
1339
2356
7458
5219
2631
352
4578
1971
8993
7380
4203
3580
2357
8589
5317
1592
3949
1148
9778
4643
8617
1446
923
5261
6932
6244
1488
3224
8004
4785
364
76
2315
5500
8758
7746
3747
6516
6805
4965
4001
1508
8234
6391
8113
1929
2305
3255
4508
4622
3967
1988
2564
3346
2637
4706
2015
7030
3370
3622
7977
6244
648
3560
4695
493
5427
4364
6648
9974
2192
6089
8608
7244
6590
4248
2259
922
8397
5073
835
9605
9334
7711
8822
5849
2706
5
2290
5851
4179
7561
7789
6683
5556
905
8147
3177
7502
3303
3413
9308
2300
6963
2819
4951
6576
5420
2
627
5891
6649
5177
9923
3885
2034
5588
6723
3717
1637
6548
1943
3253
6185
2938
4880
9612
5279
7898
8088
5492
2234
4683
5385
1259
7594
5723
3479
422
7830
7765
6121
8675
3592
3476
2135
8959
7634
7930
5111
2559
7151
7039
4754
8548
3099
8286
4821
558
8276
8266
2255
6684
1004
2574
8983
8553
7840
4252
9558
9066
8378
9621
2479
4998
3419
3947
4263
8484
1859
6193
6937
9614
8048
4850
6480
1482
6057
2186
5440
1885
5306
5323
2094
7397
1866
6691
6158
5627
3443
5494
8693
8380
2936
592
5202
5984
9020
5409
9585
8932
6711
8461
2661
3998
8715
3926
6013
1081
4521
4087
7737
9046
1294
7034
2124
3715
9994
9695
661
559
4100
5504
7193
3383
3502
2250
1039
4898
5923
6318
4051
7652
4865
5540
3284
178
8080
6764
137
8180
1249
2224
1705
6082
2379
4640
2752
1070
6132
58
812
1102
1618
7315
3105
1472
6663
6761
943
8951
7943
8395
4563
5452
4362
1421
4843
3830
8053
5670
1098
7050
4940
4160
7517
7005
5821
79
3186
7602
6759
7290
2913
2383
4674
7344
928
6622
5694
1160
9865
2296
9384
2506
7663
6463
3029
1193
6765
648
7297
8179
6344
3454
7154
4613
9231
7574
4886
3251
4580
9593
7089
765
2710
493
7550
5299
9757
1809
4137
1790
6423
1569
2513
3751
8758
6069
2105
3366
6347
3812
8026
5460
291
7058
1120
6301
5753
4031
5085
9339
8464
9538
2264
6884
9766
5451
8241
7248
8597
8323
1902
9929
6893
8244
9667
1388
9507
3984
6155
1068
126
8740
761
5238
7459
2296
3828
7121
8051
5655
1861
3913
542
1608
7983
9162
7818
8685
3352
5302
2577
8949
9707
9302
4145
406
8771
3247
4568
5346
9907
2797
9954
6492
7835
8347
4755
6877
7461
9797
8574
8272
1539
296
2250
4921
5020
9162
9476
1285
4371
4867
2172
9059
1874
5065
7591
5289
2582
9557
5983
9909
8492
1577
4659
472
561
1332
5209
3643
3311
8847
2512
9274
5614
1749
8496
7872
913
448
7495
4243
8705
6820
7744
688
8822
1549
5951
7667
4318
5136
956
6591
6593
4941
6540
8661
4714
1613
3135
3905
8531
7449
6952
5683
4695
975
3629
2182
6563
3680
9250
3193
6423
4523
6532
1668
7890
1324
6594
8122
412
6814
7275
33
4090
2449
8298
2604
8664
4713
4652
4179
2892
8386
7533
8606
7780
5387
8838
1290
5235
8723
8966
1937
2249
8853
9112
8395
4059
3106
7967
1236
1614
8843
3470
2128
9084
3575
1121
4282
882
7038
2553
1939
7954
778
9452
9600
4692
227
7222
4935
8029
1751
7538
9810
5529
7763
9997
2956
3519
1081
5914
7003
6120
8096
1575
1048
7638
1832
2272
1770
1752
8324
6569
7633
235
4675
9882
3718
5308
2602
1080
8072
8724
4640
9649
6524
4802
6735
5256
9723
2143
5997
736
3841
1989
8786
726
6836
7401
4937
4365
972
4082
8882
4492
9835
8848
3228
5537
6248
3410
4259
1316
6185
8704
9050
6781
4359
9503
9112
5102
8989
3663
4516
2071
5067
1607
9760
9892
9247
6109
2951
8573
9655
9350
7449
128
2825
641
840
6421
3734
8513
8163
2306
5605
9529
1562
9770
6413
4862
9771
4924
1873
5482
6755
6184
1834
2654
1744
8428
6443
2313
5927
6340
6603
7825
7318
2870
179
4819
3146
2813
1247
7718
6667
1866
4742
8103
755
4418
5397
8609
1547
9749
8136
6037
9094
1160
5888
8925
5836
934
1895
681
1266
2765
4239
5832
3490
8411
1094
1269
1478
2572
136
5031
5352
7866
2100
3595
3693
6079
108
8580
9516
5604
7622
1185
7477
8866
5145
3758
3437
4480
5945
3373
8379
2021
6902
301
7650
93
6629
5006
6039
2390
3333
8495
9172
9907
4677
1284
1823
692
3427
7885
1379
3817
7576
5465
7906
9163
6110
7792
9022
4878
7043
6196
4286
8962
7553
347
7654
6992
3273
1598
5173
3690
9655
9885
5878
1203
5956
5554
3796
1987
7734
660
586
617
7108
9991
5090
2330
6323
8314
7801
3459
698
1963
2987
4945
1192
6304
2942
762
250
6925
1095
2396
2394
2871
8816
6342
6435
1357
8927
3673
5429
5034
9342
5228
3945
610
7880
9575
5687
8284
7289
2177
2970
3303
4422
985
8818
9215
945
5793
3443
713
2744
5552
1489
6972
1981
1677
3148
573
4046
2015
9951
4400
4705
2640
4066
8464
646
3045
7537
2457
5878
2582
2020
5929
201
3386
3191
9756
9039
4039
1856
9215
4551
1378
2282
8170
197
9809
6283
5531
59
4969
4854
4867
6686
6265
9059
7903
1085
4830
5211
7558
9442
1155
5029
8201
4704
6790
2003
2178
9179
6822
699
5743
8920
1191
9248
231
5884
4164
9610
8372
5400
4691
8716
7760
5820
8266
1331
3000
2368
1352
7569
1230
1462
6065
4170
4951
2366
6305
1377
96
8404
9985
780
9868
9061
2347
8119
2073
4348
9995
4148
5515
9157
8589
7291
7506
8159
6708
1538
5159
3087
4830
4755
8857
1846
5302
5175
6838
3298
9090
3495
4247
6499
5083
6069
9556
7905
552
5251
7442
3356
9080
9045
159
7028
3521
3592
7838
4579
7363
4431
561
1
3251
6965
580
1504
287
16
8658
8132
5351
1749
3377
3910
7497
3404
4967
7414
1277
7565
5904
4294
2430
8491
8389
5834
1803
9952
7832
2362
7892
8571
4094
4760
1742
9407
5601
5651
6278
9302
3496
6816
6582
4609
3690
6067
1756
9445
5876
5253
4471
1009
7319
4162
4858
6851
2685
3640
9179
7776
793
5009
3338
9205
9665
156
9193
3870
3964
3010
6929
3474
4083
8479
3908
46
2969
1558
3515
6166
997
1936
2639
3608
4437
814
848
3509
2991
5955
1138
7444
8867
9514
4956
556
5273
8827
67
7194
4167
5697
1585
1979
8387
9717
1782
5822
547
7060
9562
1824
3421
6541
6326
6542
7425
9793
1543
8959
5312
491
6839
6022
1811
8711
5999
6275
2864
4856
3134
5067
6246
6584
5640
9793
8143
1788
6619
6909
5270
5563
7607
5505
1070
8635
995
7003
545
7067
873
4348
8591
7182
9880
2457
112
1671
3518
8856
7090
1719
7994
3711
3615
5649
657
8483
5515
8164
9848
432
7448
6044
6083
5400
1884
3643
3264
6197
9458
4871
3818
2670
2811
4387
7732
8822
5451
8398
5640
6213
7519
9845
8943
4386
7629
4944
6359
1725
9021
8080
6868
2983
8589
1607
8382
5715
1309
2174
1801
7389
8865
4707
8740
9667
2931
4963
9393
6922
1847
1040
7443
7487
1481
7579
1150
3602
5479
4630
1496
7555
8193
456
803
4888
4898
2794
803
9037
4818
6312
4355
4186
6447
3148
8563
2858
2581
3583
509
8668
2766
4246
6787
7812
8950
6813
9329
1702
5335
5647
3408
656
8323
1133
123
6908
184
7879
9886
6105
6938
3261
5517
6924
9316
1130
7448
306
8577
1071
8050
4895
7945
8456
7673
6207
106
7706
7164
4077
7499
3324
2951
3037
6325
1769
700
2708
1988
3330
6791
7780
7668
8756
2988
3947
543
886
8941
2875
1347
5039
8427
2254
2540
4661
7228
2981
5922
9306
9701
1809
8074
7376
2739
6882
9299
9168
175
2021
9996
7884
2880
9458
1978
9296
2784
714
1549
9616
3003
7589
4720
8231
4035
5110
4410
3304
4883
456
7737
8476
3636
8549
4983
9505
2472
1435
8796
8636
7129
5991
9302
9309
6806
6679
6363
9842
6026
627
3854
2340
8471
2698
4779
9189
4836
1648
3014
9650
9675
571
3706
5669
2073
5052
1546
2592
334
163
360
5669
8470
5340
7591
6425
9851
6045
3197
9234
8014
6316
5338
507
5387
3947
6499
6403
84
6156
4641
2405
3282
758
6711
3654
7926
5894
1296
5047
7448
5909
2400
8485
9642
8953
9889
5869
9222
9294
7058
982
1832
3816
5466
3371
5922
1869
6209
332
5271
4159
9044
2665
9045
4537
257
2254
9537
2420
4126
4456
6517
324
6945
2356
5773
9323
4622
9670
3730
3665
116
3599
8941
2617
936
693
6417
5190
616
7479
6465
8107
9813
5163
3484
6624
7634
7855
4236
2200
4613
1707
8688
7768
1004
130
4448
5499
5552
4412
4420
4752
782
2005
2180
2013
4880
6382
113
4187
1695
2974
8549
7470
5296
943
682
7810
1787
78
8661
3902
9917
6988
3408
4198
7916
7955
2569
4341
9439
8527
6064
7328
4486
7601
7674
9081
8227
675
1675
1805
5275
5630
6058
8765
6495
7396
1322
4982
5222
7838
9827
1820
3494
8508
5345
8058
572
9506
9936
4264
8019
1718
3818
2920
8593
9517
7978
5511
4695
3369
3744
7543
5424
2266
1369
8755
962
4005
8407
1785
2970
5043
5944
2685
6081
7280
7043
1782
7872
824
6257
3152
6838
3669
8517
4223
106
9000
7083
865
1675
8381
7329
4969
8844
2334
7433
7764
2098
9127
2369
2734
7739
4871
5064
4479
6959
753
4800
6409
6145
7555
9886
1085
7388
4267
2616
9881
4446
6763
841
7702
6877
6111
7383
6936
2066
9689
7061
1629
969
6920
3806
2526
9659
5233
8600
5684
8889
6524
7417
2563
8492
8196
169
4017
1434
463
8643
2806
5055
964
9113
4885
3040
9953
544
5140
1815
1749
3950
6969
2677
8826
1204
6792
7487
9794
9724
9182
5229
3584
9327
7096
5104
4225
4160
1470
4625
6297
5364
4244
1411
3078
3982
7828
5942
1636
2672
3136
4088
3242
1702
710
381
4308
2524
349
5000
1507
3251
7997
2663
4913
1706
4991
947
7367
7413
8917
2034
1114
9822
7063
3868
8176
4589
8938
3050
5260
6501
4578
8846
3254
7828
1948
7282
9724
9650
7847
9413
1124
6877
3526
3082
2443
9121
3631
4316
4607
3546
8415
7752
7021
1404
131
1318
4189
7754
1165
8730
3351
4980
9393
3989
7526
65
8692
2001
2343
4506
9592
9517
9473
1403
6952
991
9512
7744
2892
93
992
1354
2073
4244
8628
7050
3111
1255
3760
6353
5590
8212
7947
2909
1568
5640
6044
3556
3214
1990
6382
8857
6216
4338
217
3750
9418
5443
1411
4590
3576
323
1949
8929
3111
1172
5488
8689
8856
9092
8428
8751
9047
3029
9141
8615
7909
1334
8655
7154
4765
7418
3583
2018
3303
1835
6653
1180
3110
9623
7291
1356
7261
8028
4165
6036
3496
3372
2135
8341
9342
9503
8392
4111
1840
7884
7562
6973
2422
6982
2300
2369
9758
6993
4879
9868
2039
9466
4441
7384
9879
1432
9662
6148
9041
8601
5549
483
8893
7065
2315
1053
3206
2385
5793
2888
1603
3444
2952
5730
5753
4769
1102
9854
1996
3182
1247
8250
983
3867
2240
6153
5651
4738
5514
6708
4001
9613
8623
2127
3959
302
2192
5946
8587
9270
4008
8189
3834
9830
9759
2374
9643
3174
4853
6973
1174
5215
8003
8739
7673
2072
6530
934
4296
8183
9986
3877
8671
9711
8133
236
701
5516
9622
1865
1373
6009
7366
3796
8517
6836
4674
7259
5647
8624
2295
6156
7521
269
9607
9981
8091
7391
7630
3538
1608
4332
3335
8419
4059
7052
2579
3396
8953
2985
7824
5518
668
6399
5766
6137
6267
2199
1031
6318
3119
9028
3841
4031
2043
8419
7188
3140
1348
6679
4715
7959
6802
5445
6270
7318
7585
2711
7435
6450
1159
9008
1476
4721
1475
546
5903
1759
2739
5284
1222
3521
3392
6643
6039
6142
8464
3883
1441
6653
238
8061
1332
1895
1787
6331
4865
6716
6635
5535
8831
3734
7640
5937
3882
9815
454
4692
9031
1838
4942
6813
1174
8862
2110
6760
8869
4099
2561
1382
8889
2002
2232
3018
4359
8889
1321
6666
2211
4651
4457
3219
1960
7979
8803
4701
2367
709
6797
5317
2603
5255
4403
393
9561
6949
4778
5033
2195
9478
7746
7658
3173
2447
6010
4363
5803
1728
9885
7562
9887
2018
5361
3599
6245
5861
4310
7739
8573
7074
739
3820
5402
9209
8070
9264
3312
1245
2972
298
1030
5161
8496
8273
191
7358
1733
3024
9095
9020
2263
7997
9695
4728
5901
4639
4836
7367
8937
4908
6909
8562
1520
5568
5445
2823
8120
3779
9920
8381
980
7018
2259
92
2251
9692
8210
1907
201
3786
375
3570
9932
7083
6209
7401
8658
7911
6637
1043
5321
9545
4786
9812
6547
1553
7679
6308
764
2471
1564
2425
6194
9557
3607
6765
6809
2100
9067
7764
4756
9932
8760
9596
6104
6786
1177
4726
4020
186
4513
9751
653
5189
4416
1898
6789
992
1064
2896
7761
1128
5080
6537
7274
253
710
8432
4882
7215
1295
4776
5784
8802
5218
462
6640
7441
3975
3585
3525
6917
266
7239
954
2797
2561
2384
3445
7265
1080
9626
5108
2882
5595
6090
3381
1002
9412
5312
9494
7699
3013
9344
9972
4106
7451
4457
4983
6543
1551
8187
669
1140
9924
7771
6121
4944
4632
6900
8751
9432
6944
5293
7286
595
3368
3321
1712
8987
219
2375
9028
4177
1109
7204
9859
8749
6064
3896
6816
8692
320
8206
129
3508
5666
7291
6379
155
4195
6043
6017
5144
4370
6168
4829
5993
5902
7001
2082
6134
5580
3755
2779
6045
7485
6965
207
5360
4870
5244
5226
2170
696
9807
7226
2535
3463
4137
5673
4077
9194
3812
8728
9411
155
9689
2033
3631
5372
7458
1914
8500
8573
628
7826
457
5342
6033
3817
4330
9922
9123
7418
6211
2025
4030
2837
3933
3209
6840
6389
3220
9912
7157
8213
9177
3397
6238
1537
2166
6317
3773
5583
3560
1428
6674
2425
3949
7959
2907
673
8388
5601
699
3065
3792
4310
515
678
2623
913
6320
8875
74
931
6851
9201
7668
2389
697
1635
5633
8140
9829
4038
2279
9657
8901
9682
4311
2400
2008
7160
6867
2548
339
7838
6398
5125
5491
3065
7230
1689
2732
1218
5856
610
5807
3017
8522
6000
2121
2462
96
6789
7706
3892
6809
8673
2145
7881
6384
7189
9241
9320
6608
8096
7801
8298
5088
8349
8039
6632
8254
2140
6896
9386
2258
7435
3382
5399
6096
6016
3820
9099
1017
5405
7591
86
4576
6814
9929
8914
3529
9284
6884
4658
9531
7161
6650
746
3230
7329
3312
5688
3355
8194
4798
75
7831
8414
3170
9462
9842
9661
7116
364
6896
1076
7110
4908
5253
6938
5127
2900
3336
6647
7961
8689
3658
1152
9863
8840
3071
1793
4453
92
8768
8081
8308
2598
9910
479
4823
81
253
3412
9843
5603
8002
8226
8523
6671
5196
9548
5678
2780
4770
4090
5675
1531
2502
2674
6151
6141
2019
3328
8077
4548
8258
9295
1208
2014
6803
4804
5021
5905
2455
8010
7794
9551
2191
5488
4649
4431
8806
2663
1751
9475
6611
6679
5519
7468
1310
5155
9525
203
5335
7494
5984
5207
5817
6743
201
8618
443
4031
8723
2465
5264
255
2946
4095
53
1163
8168
9294
9142
1145
64
1342
8643
7077
146
6177
2320
4429
4986
1218
5251
269
2649
6723
74
6283
8001
6123
1481
3576
5455
5985
8076
6289
9161
6345
4584
7595
955
8569
9787
1507
3165
5896
2511
9328
7477
8050
6802
6104
6901
5687
864
3450
4489
2555
160
9047
652
2224
2214
8507
2749
5770
9113
9952
3208
2815
5540
8403
3170
392
8092
4895
4269
2677
2287
4317
8288
376
6759
8165
8481
6036
966
6734
6363
5622
5254
1127
6465
1146
661
4489
8743
9444
5951
8398
4456
1344
353
4238
3856
1784
4169
3800
2615
4825
2199
3075
6321
7065
1348
9654
5738
4641
8041
4403
7161
5456
990
810
6355
6781
8119
7682
4218
9585
8197
8045
6010
4906
4533
988
929
9793
1661
4387
7142
6622
1613
1933
5461
2106
367
9517
2757
4728
1909
1281
6666
4395
551
3644
6193
7850
6449
6127
4121
2257
4652
3650
8174
3296
4338
4065
5205
9598
484
5742
2574
2673
7026
30
3145
4447
5993
4905
8412
8349
4364
2686
5828
7366
4807
2018
3547
5901
9249
204
7903
8232
43
7958
8433
1566
1124
6933
801
5509
2125
3759
1690
2162
8683
2799
7433
1064
8580
726
4460
5559
3641
2855
8865
7931
1095
1273
2618
4667
5710
7965
9351
4745
1775
971
7992
5135
6927
8844
7190
5680
662
787
2458
8278
6615
3982
1359
3655
5721
1769
4197
1106
4242
4637
2196
234
4691
8875
6943
1844
6243
8825
5116
9746
3358
5053
8272
5944
1087
3224
7953
2213
5741
9339
3691
7754
8213
5447
9472
2771
5758
5262
8366
9228
6800
9588
8140
5991
6677
5735
7189
2036
7122
8447
7111
39
4865
8681
1102
7014
1745
5265
9902
5309
7095
1521
2858
4224
3936
3409
6789
132
8227
2457
2107
9766
2792
4588
9710
3318
9737
9868
2028
9564
9451
1836
8110
2515
4120
2130
7539
7276
5992
1289
5666
5367
877
7007
6204
7063
5108
1875
5367
7920
8182
9442
2891
8662
7151
1875
5432
2431
8373
1922
4015
6913
8782
3337
8891
4063
273
2282
6554
3642
2235
666
6446
206
6805
1512
3297
8163
5229
3528
5958
3117
8222
1348
9819
3467
9791
5158
6204
4212
5844
8280
3454
6835
3204
1011
2250
5373
5923
6146
8782
5511
7883
6636
577
3011
1169
6581
9655
1995
9777
8631
7546
8968
3688
2941
297
1169
4113
514
2375
6854
6506
1103
5326
9370
8314
3705
235
5532
1376
242
4148
5072
8623
8703
8172
4525
5763
7461
2120
4378
6031
44
4857
7222
6269
3611
1985
5625
7336
3980
8437
8518
2487
6697
3648
4380
8519
6008
1150
9347
5779
4481
5118
6264
5904
7095
1160
9838
5830
8012
3187
6898
5150
7440
566
7351
252
6035
4607
3243
5709
9171
9334
8354
9564
8975
422
5878
8088
4583
7473
8512
2039
1053
8213
9549
3967
4502
6426
9679
8423
5375
1349
1270
452
3013
604
8066
4458
7147
7632
8269
2546
7527
8939
2856
5130
9985
8951
944
42
628
471
7159
6490
6720
2720
2337
1841
3985
8336
7074
5375
2087
6811
80
3534
1835
5934
6703
8649
8177
1172
8445
5408
5220
6367
1746
5798
2369
5687
7678
9772
3325
3222
7922
9364
7793
8540
7147
3713
8957
3712
1899
4710
7210
5696
9060
3974
6016
7227
486
5597
3904
2692
6827
7462
803
2012
8760
7568
9586
2191
618
6961
7858
3156
3306
7442
3172
3500
8839
2733
3688
948
2834
6612
2341
2873
9832
2865
495
2612
8932
2931
2742
1901
3219
2850
4685
2935
55
8674
4569
8438
2175
9158
9671
8581
3406
5775
2659
9709
8616
5338
7920
9106
740
369
1184
133
7768
6093
2536
4126
682
3288
1177
3907
9923
2884
1962
4594
4740
2252
8609
647
4606
7321
70
7020
1616
4514
8998
5627
5614
5506
1124
5601
7831
4168
6105
3209
5330
9962
7915
5600
4942
6729
8380
3321
6791
9673
1749
9655
5041
2707
1371
2949
8815
859
3595
4919
9887
2520
6940
6391
5693
5217
1686
6863
2968
8497
9672
3292
2433
9546
4243
3663
5531
4713
28
1655
2106
3490
4569
816
1721
8495
8214
4832
1823
3615
3848
4212
8742
2233
1605
8175
4414
8603
6428
9524
4979
8637
7424
3864
7815
7656
1913
5852
1351
7697
7531
1399
4045
3855
2332
3036
5783
7631
5454
2673
1702
9075
8792
9873
2308
1644
629
8699
6404
1980
933
9713
5918
4374
800
8147
678
3701
2024
3097
1357
5328
5369
2022
3381
3954
2941
1699
279
7278
277
8327
6427
7936
2525
6875
6503
8476
2955
3344
5156
2834
1122
4312
9521
5254
6641
4652
196
182
4867
4423
1079
6857
1183
9155
9561
8951
6365
1225
6364
4834
8549
6756
4508
5221
5746
7467
9585
1319
7744
8330
8160
7743
5591
9618
6863
6677
4247
7501
7216
3328
5251
744
7916
5373
6700
4218
5343
6166
4493
7416
4403
660
1301
7189
537
2948
8309
1163
3100
6864
8266
5615
9600
7977
1992
9457
7198
392
5819
1471
1866
3127
6463
6345
388
1791
9703
5046
3154
7147
7373
7030
898
5043
5559
1128
6143
1039
2205
3814
6470
1292
619
6878
1127
2143
6364
1318
6446
278
1021
8959
1842
6372
7462
8325
2351
7283
1931
7602
432
2364
7394
3101
3150
7953
318
2653
6692
7783
377
2418
2667
1284
8431
8997
943
1780
8552
6751
3609
1516
6423
1774
8095
6254
7632
2276
8816
3103
1976
6051
5310
4108
8449
8805
4764
9201
1177
2826
6302
5660
9015
7171
2722
9039
2881
8891
659
3740
7212
5799
2340
2753
9350
149
4286
4904
1395
2329
236
9224
9234
6641
1931
5913
9822
2631
9386
1119
2382
4429
6358
9880
1985
2554
7389
7775
1392
871
3457
4450
515
4403
3104
65
8817
1296
8977
4771
1591
1402
1843
9925
6905
805
2289
5754
7381
4162
6069
328
7628
2219
7610
4403
325
2336
7508
7336
3713
8039
6215
3892
4151
4230
7228
2651
3409
7232
3929
9464
2839
59
9671
5853
8290
7837
5624
8166
1446
8711
5789
8402
3528
2175
4772
5670
4545
5918
8591
2070
999
1250
184
948
6663
4956
3526
3252
2936
7435
8341
9189
5916
8975
684
9014
9945
2200
4747
1069
823
2599
9522
2273
7907
2995
6359
1689
287
286
4760
7052
4941
1100
2121
9801
6913
7587
3240
4133
8394
7654
4103
9138
8190
2932
9585
6267
2911
6183
1450
6286
7111
8346
3982
6461
8704
9108
5968
9846
9385
3574
4218
4599
280
8010
7784
2638
6798
2795
9645
9746
7425
8469
5336
4076
9758
4588
4673
5420
8639
4670
2184
4068
2937
810
3389
6604
4945
9145
4821
7301
9534
3366
6887
8018
3277
771
3413
8772
1395
5429
3585
9766
9897
1879
6575
4772
7978
7081
1304
528
7005
3542
7659
2163
6573
6804
9613
3927
9618
6047
7533
5530
4618
8055
9320
4208
2831
3964
5208
3272
6420
5271
7529
6886
8329
4683
9374
1347
3410
6015
9982
9564
6255
1561
1544
868
3851
9354
5885
4411
7780
3661
9424
6360
2661
3517
6385
3478
5734
1245
4627
1353
8689
3418
7897
5490
1826
8860
6792
335
5146
1601
8522
1437
3583
2846
7390
446
3493
2872
5352
5325
5336
6942
1161
3966
1469
5912
383
5481
8597
6294
4147
479
5347
1303
7119
1391
714
201
2396
7811
6598
9309
1802
9750
9955
1931
6577
8010
8032
4674
7502
3088
2469
7409
7555
4535
9400
6896
5702
6137
5789
2320
5673
8325
995
108
395
5065
3266
5162
6593
1928
2609
9047
5030
559
9997
6260
7036
450
6328
7680
8520
4356
5596
5671
4988
1459
4122
2705
6636
7321
8311
5622
1355
1910
4242
9301
2472
9601
2422
2774
3987
8440
2276
8827
2014
3299
6898
1821
3903
5084
1391
4554
9072
9843
3053
1391
5540
8725
7248
2280
4842
5671
507
7023
3843
8618
7829
1391
7637
5225
5099
3265
2746
8014
4052
6664
9846
4564
5931
5460
3482
4245
3797
9261
4240
5185
3944
8599
2048
6913
3089
1151
3623
4541
5907
8621
8603
4819
1388
2930
5763
3675
4704
2375
2003
7401
8439
8576
728
4975
1497
1839
5374
1708
6055
7928
4942
2323
495
3174
580
2125
5239
110
6303
6194
1933
6355
5276
5305
3660
7035
8264
1099
4817
1738
9508
9307
8464
9010
5323
6017
5219
1141
7711
6883
6917
333
1601
6847
9996
3185
4414
2400
6031
7708
635
6584
6197
6589
4584
7305
674
9853
3149
3824
1079
1495
7988
3156
7329
6090
4713
9533
7421
2246
8698
1539
9432
44
9298
6820
2322
4926
7770
3689
7127
5371
2701
4489
4743
8427
2392
3681
1736
6406
1274
9113
752
505
9895
2264
6968
5726
1950
559
3344
4565
9825
6124
5990
9334
4787
3274
9223
8063
3986
1717
5464
4230
6072
4773
9279
8934
8018
9763
3291
4467
905
1395
4679
2393
2005
5087
6316
8498
7572
558
3190
348
920
6504
9205
5347
2921
7116
2511
3120
2966
5432
1980
795
2120
6337
2762
278
2227
5423
2474
8367
2144
2732
9313
5876
8631
7478
7992
4477
7039
3541
9233
2205
9054
278
1030
3097
5732
1585
4773
7774
9679
8119
5936
9721
7557
3446
4355
7084
7699
2870
8348
6914
9171
915
1810
4583
4177
4781
1892
4035
9870
9689
3167
7123
4491
1860
446
960
5481
8289
4745
6285
2430
8603
8410
1979
7555
5143
3661
2940
3944
1063
440
6223
1153
1254
2440
3067
8071
79
8505
2016
7011
3673
656
734
8013
453
6576
6487
2867
5655
1199
165
8575
8890
8675
8884
124
5787
7788
8133
7244
7607
542
7793
9507
2842
1476
9638
3386
1788
7016
3757
6928
732
8275
861
7905
1656
7185
6323
9320
7144
1493
1456
6108
8846
9720
7116
8932
7050
1138
3651
9002
9535
5842
9691
7897
4267
7515
7764
8158
7758
4964
4221
592
782
8343
894
2341
9216
1860
8236
8892
188
9728
9576
4497
9987
3909
2056
5790
4945
5990
6596
7550
9740
3161
6424
3009
4471
9742
8182
8101
2421
9867
4786
5086
2317
6210
4783
1803
9964
2093
4294
462
512
385
1722
5063
9053
207
8934
5901
113
971
8069
729
9413
3682
967
2367
8268
643
2158
8324
9403
3316
1995
9163
4521
8987
3720
6182
1992
4765
8554
748
6234
3360
5896
1073
6942
3742
8384
577
3295
4500
6272
2619
8261
5990
737
7912
902
2757
6059
1354
554
2584
145
1458
8649
8768
3667
4573
7445
3659
1108
773
4418
455
7324
1772
3535
5284
4558
8321
1009
2921
5049
2745
1589
5556
2108
9340
5316
9092
1199
4202
9586
8885
6848
2429
6333
173
1767
1410
2444
5650
3166
3925
6552
8150
5774
5311
9052
7104
3253
3568
3319
2602
9644
4026
2198
6002
2869
6253
474
5957
2596
822
2250
8538
6458
7929
75
3392
6671
2535
6736
6774
7418
6283
8668
3791
5938
8105
2115
6059
8355
9110
4072
4127
8377
3953
8200
93
5703
3222
4290
3982
8619
2740
6303
1056
6112
1393
9196
9168
769
2453
9905
2865
7804
2661
493
5316
1523
9875
7656
830
3869
2112
5329
4579
6781
9606
3628
3001
4427
913
7837
6577
6849
2466
8682
341
2213
1572
9871
8900
8695
8843
8218
9358
413
8669
936
1753
5702
1299
4069
7947
7211
9226
8044
4175
8536
1364
9809
8355
8322
2337
5032
997
5140
6338
1542
9154
5774
7101
1427
1741
9660
4294
7727
3451
8994
5519
2673
9451
5913
9301
8901
5182
9025
1459
6164
473
1869
1996
9232
4011
4988
2128
2166
2411
3763
5816
9257
6013
1560
8196
776
8928
3787
3492
2327
7786
4367
9431
1884
7386
170
350
3622
3661
314
7175
7194
8406
7615
2237
6488
3272
3445
9871
3667
6887
119
7270
1330
4988
3323
4373
4814
9184
7414
3615
8882
1102
5285
1813
7041
3194
4779
1367
2078
3313
2037
1057
6701
6824
9029
3806
8776
1178
5120
5041
1962
9858
7120
8670
3633
2484
580
6224
8604
2919
2662
7900
3639
7074
2108
1825
8776
6523
9807
7452
639
9800
1458
6543
2687
9574
7605
9407
5593
2670
2638
7378
421
8423
1909
2456
9104
7903
8695
3935
2123
1266
292
1565
7945
7701
2324
7049
2022
1305
2828
5756
5862
3233
4805
4087
69
1735
5986
3824
11
9668
5041
7603
8632
8685
1430
2651
3991
5224
3988
9792
5005
649
1099
2238
237
9340
3656
2657
1324
3446
3492
9158
6790
5535
9856
7693
3562
9195
9899
9635
2788
8393
1144
7907
8910
433
8069
6472
9951
1275
7106
2982
7309
807
2616
2530
6290
9990
8618
6249
8053
58
5
6229
9378
2540
689
3870
4950
7323
8455
320
8715
7277
9808
7264
5984
8458
3047
2944
3739
4822
6416
1125
2949
4546
9023
9208
6893
1768
3454
860
5140
6137
8475
994
4259
801
2218
5194
82
7482
1307
2390
7590
5780
2503
8312
3790
420
5152
8065
3042
1700
2981
9848
8261
131
3481
5513
3863
1159
5061
9844
8066
3193
7599
363
7845
8114
291
2282
763
2891
3761
4392
7891
7290
1521
9056
9037
7021
4054
277
3818
1635
8597
8882
9399
8078
7879
5215
957
9272
1407
7911
6616
1213
3115
2497
9725
9464
9262
666
973
6754
9113
4666
2601
4533
8386
7814
2387
4802
5403
6971
7642
1469
1673
1870
7747
3080
1263
3563
8772
6926
1540
1848
9420
5046
8422
9093
2550
5891
3576
4668
5584
6222
4856
9375
3614
1622
6457
9037
1854
8850
7352
6747
8430
1012
5018
7756
4316
4746
9054
5686
9696
5069
2892
8695
2632
567
8951
5572
6456
9511
6248
7014
1221
6304
74
2617
1571
445
7874
1386
926
5321
7449
2180
9258
3477
8987
4547
5946
2408
8732
7228
6782
7362
1413
591
3678
554
7570
6614
6739
8646
7757
6177
5486
3071
6419
1427
671
199
2518
4225
3018
7714
7949
6297
8613
8258
6475
9253
904
5278
5033
2075
3146
1046
1122
8937
336
5933
8335
5527
9851
4435
2153
1568
9385
7002
3471
825
2646
2286
762
187
2259
8780
3464
7654
3384
3502
2137
8667
3928
5512
9800
3861
3832
2300
633
1728
3734
6935
8766
8678
7825
4523
3153
1119
3688
2793
3100
8115
8457
4653
6350
1733
2092
6437
2718
1351
6444
2412
3755
8588
477
1730
3630
7419
4914
7664
535
5375
879
1052
2125
2526
2329
1225
5644
4250
2692
5153
746
3460
2249
8576
3517
1533
373
9671
7978
977
7810
9192
59
5676
5132
24
8032
4176
7306
8125
8120
4587
1454
823
3287
2541
9146
4470
7260
4150
6990
1585
3075
2903
1962
6484
3580
3318
2710
7880
9271
2690
4160
9151
4908
9415
2539
7238
8898
4140
3592
6617
4094
4664
9312
1914
1019
662
2075
3063
2788
102
8440
1643
818
6083
8099
7116
9839
3265
1330
5141
789
2890
340
2120
9716
5870
3003
2634
5938
6599
8109
479
2731
4753
1529
9232
9979
8613
9657
3852
5528
95
7702
340
3546
1851
8399
2563
3747
3412
8725
2299
7981
5965
2818
4518
3343
9557
7607
728
8604
1280
2508
7650
5589
6273
865
1026
7076
8148
6962
5009
6084
2075
7499
3393
9014
7822
4421
4258
4422
7946
7025
3375
6917
5178
8974
8489
6836
778
19
6730
6776
9795
3203
4448
9833
3651
5864
7318
7753
7597
4129
3235
2766
8662
8359
4654
8761
456
2117
3386
925
583
2572
6853
1435
5150
8838
9692
1120
3701
892
3302
9683
1604
5441
4659
8698
7390
2847
3207
2954
759
1943
9701
3822
7464
7546
900
3423
1
2155
3999
9902
3191
7839
7766
2649
3708
2073
4537
5955
2196
5268
7952
6097
4
4398
6232
9451
7435
1218
2868
7002
9499
3499
4167
5813
8957
6364
7430
2005
4561
3043
7343
3602
9416
866
8177
2313
1512
2967
1081
1889
8005
8866
1902
70
3190
2102
9769
6208
883
353
28
2851
4973
4622
1792
1744
3590
2728
1769
3466
3287
8715
3531
7825
2430
9634
595
4135
4517
5413
8103
5015
2646
3309
7803
2530
109
1886
3150
9096
8267
2091
6640
485
4603
2211
788
614
5021
8484
9621
6260
6626
4138
7340
532
4287
5129
6691
9755
9311
6278
564
4238
9316
2967
8292
9066
7647
8060
9623
9137
4026
6841
5404
7247
3701
4217
9512
5235
5363
18
2488
6034
6720
4291
6799
8209
7865
6675
6059
9777
4546
3407
2784
350
8502
5278
8746
1015
7408
1596
6460
5161
6016
6498
5016
3668
9287
9946
1683
2074
5888
5527
5382
5809
5355
4457
4728
2778
6418
8984
8419
1444
2580
3862
536
6026
8583
677
6444
3543
3877
1214
3256
8088
6261
586
2420
4512
4618
3853
5794
4995
3835
8153
4635
1588
2261
6801
9885
6339
42
8566
7781
9696
2170
4578
7607
4246
1099
7042
1788
1166
3882
2726
4105
1227
6329
7850
5663
5071
4030
2907
6142
7729
5425
8589
8313
9120
892
1514
1334
6266
9713
8614
6511
727
6433
4372
9807
9872
4643
9888
2587
7231
5245
469
5526
166
5289
2325
5170
1305
1668
8558
8331
1773
1791
2559
8671
2071
2406
8326
1172
7461
6727
2052
9361
3166
6924
8954
2136
7019
7598
6425
9766
5550
9163
9552
5165
4035
2416
986
963
4198
7971
4574
9598
5916
5611
153
4522
7928
8015
7934
6919
1350
8696
1852
3718
2946
6227
7079
904
2880
5500
4515
6947
2743
9353
3473
6339
5713
5242
9791
127
2026
9241
865
6745
5593
3294
9518
3005
2488
4670
3695
5033
6650
1181
243
4365
3284
6011
408
6149
8935
6971
678
3302
112
6815
2498
4366
9633
6759
5040
5483
2599
8530
7804
7631
8796
9063
5615
2353
1813
5004
3666
1451
7237
1602
8796
9111
9101
9676
3829
3612
6140
8025
7001
1994
4972
8057
7407
4073
2708
9862
4981
8323
4467
8597
3067
3861
332
2866
4736
2147
282
4698
2952
730
1425
8467
4
193
5960
1048
9834
3969
328
2983
3612
1650
1529
2157
4921
1802
7884
3491
962
5760
8913
5840
3006
4702
1113
3976
4988
3448
6033
1668
7460
4679
760
9386
2398
9160
8393
7559
7696
3970
1150
5710
3326
930
4326
9487
8526
2527
4762
5697
980
6870
2161
7500
8173
4234
8853
9011
8919
8596
8351
7301
4937
8564
8731
256
1667
2682
5341
1574
4382
2076
3612
4456
2282
3787
8858
618
366
1347
4583
125
2298
1069
1042
9217
27
8708
4861
6486
6745
8384
881
5233
8986
5288
1083
9835
5722
6875
8431
6235
9186
4635
5708
3599
6942
2133
8035
9575
9903
3130
4783
6225
1193
378
6273
5609
4046
4941
5908
8347
2251
7035
2358
8215
1015
6453
7219
8839
8603
2056
566
8411
8063
5902
4056
2373
3270
2507
2627
2864
1190
9217
1371
1188
5020
8296
9688
8456
4353
6089
5353
8803
4477
8073
5334
5309
2939
6409
8641
6947
5161
9822
9311
2660
9648
5673
1793
7685
3152
3048
4972
9532
1955
3499
1702
8904
6545
6928
7032
9289
5368
9875
6756
4272
6699
964
6767
6172
9065
2928
1565
4689
469
2823
6104
4442
5150
779
4732
6609
5051
5597
4836
8717
7890
8872
7326
8096
6876
4569
5793
3790
3728
2177
8597
7014
408
646
2189
4138
8117
2286
9665
3300
6709
1461
8259
3981
1081
2262
6963
7520
5674
8842
8464
8946
4847
4404
584
7022
7224
4626
504
9140
8302
2708
3985
4166
8645
5422
6060
8374
1544
7138
3333
8671
9315
1791
6900
6798
9303
6317
8358
9506
7112
6622
9629
5597
9708
5768
463
2200
9079
8183
5373
4055
5092
7085
5832
7212
2584
9705
9720
9341
4667
9434
4238
4181
6853
143
3102
1611
6217
2203
8225
2342
2214
3801
2611
5243
9351
5229
9916
1057
8300
9573
9949
8642
8125
2017
9406
5556
1934
4255
2610
1283
1982
6051
6597
4386
7322
5798
5358
1815
5149
4059
5025
4301
7245
376
771
465
3104
722
2218
8702
8289
2984
1879
4187
6910
1652
8428
6929
5574
4249
8798
5511
5185
3155
556
6457
7516
1934
3122
7064
3184
2327
931
2916
8133
8820
5695
7531
5394
8340
1295
3592
3926
4119
6879
7015
4382
1173
5397
7303
8300
8200
7424
9948
2180
3456
7500
3497
677
7331
7362
7966
9318
5560
7789
2257
1156
4086
6557
2309
8274
2101
6280
1469
3725
9530
6429
6686
9171
9557
4053
5598
3650
8137
7274
8681
7151
5528
1576
3231
7375
9548
6572
5480
7206
6292
2783
7472
8576
2345
6673
4548
4531
5
1619
5613
4971
4680
7920
3307
5169
2368
2080
462
7748
7610
8083
9354
1399
2259
3669
556
536
1568
3724
7908
5811
7973
5190
4000
9041
641
1794
9851
1523
5571
6601
1825
1259
7608
698
6352
8318
8047
9505
7094
9818
7045
8019
2445
7884
6189
8636
3353
2705
4571
4777
6416
1499
9224
6279
7364
3239
5486
9292
4410
4600
9563
6107
1220
5719
4569
623
75
4396
4730
5327
4841
4759
4433
4986
1986
8038
9959
2298
3496
3761
2825
5631
3677
5586
4092
9013
1835
4002
7327
1916
5994
136
4448
5664
5556
8106
9028
840
625
7726
6227
2452
9048
1047
8160
4898
9944
9762
4294
9207
6886
7612
3992
2341
5807
1633
7954
9013
7115
8964
7807
6212
490
8014
4279
7556
1788
3383
7606
1640
9796
1628
4208
734
514
7702
6446
4748
4195
1262
8600
7855
9251
3195
7658
2955
7498
2302
7861
7081
2284
2679
4579
5079
8990
5896
7413
7714
4256
1363
990
6745
5582
9921
34
8693
3761
1298
3408
4459
8289
4426
9041
1339
3773
7927
7544
5358
2463
350
5006
9460
4058
4452
3396
9341
3992
8266
9023
4127
376
2643
4532
6747
1465
6103
4271
8935
4876
8615
6582
2053
5038
8108
5586
1737
3539
3197
4046
4389
8331
1634
253
1551
915
8915
9166
8612
5449
5580
7390
2358
9275
958
1401
7310
2896
2674
8801
5504
3208
9795
2529
1361
8351
6525
5141
1299
5493
5930
7663
8475
8068
2031
210
1391
1560
6493
907
2785
2712
4810
2575
279
1427
2752
996
6718
9590
362
4869
1229
5171
5229
3598
1337
528
2082
3336
1660
7098
5581
680
6024
2593
2659
1994
8149
7001
6707
8565
91
3864
1949
7727
9165
8165
14
160
2514
6543
6739
7632
5270
2115
3510
9661
9139
6228
1437
8212
5802
1069
9009
6734
5862
9864
4973
8979
8136
4234
4220
3828
3279
9215
7396
5711
2185
6742
2891
8488
955
1369
7801
3694
7143
321
6473
909
4608
3867
2298
6483
106
3607
2782
6631
4479
3640
7974
2041
1671
4231
4371
5686
2588
5575
1309
9238
953
1637
3984
7142
4471
2529
6943
1265
8997
8136
5682
8512
5566
4958
7587
5010
1173
8405
3565
9669
158
3403
3904
956
9255
2807
48
3887
3712
116
8184
9195
4286
8768
477
326
2517
2392
7515
7277
260
918
5043
2773
3873
7699
7205
8829
499
4595
8963
8185
6460
1837
9485
376
4956
7748
1117
2266
4712
350
7750
6631
3513
1304
8241
108
3855
2131
4100
1211
8961
8540
9423
2864
9065
6228
9567
1513
1813
1035
8198
1234
5933
5587
1318
4428
365
5078
1227
6946
2107
3338
8190
5881
7033
2955
4311
3805
606
4350
597
5195
7913
6590
1337
3973
8944
7395
8352
7280
5844
2438
4705
9365
2970
1774
6880
2978
2148
206
1636
5231
3772
4333
1780
7280
8552
966
7318
6758
6504
8218
8454
3282
8076
6979
6094
1160
1799
91
4127
8716
1305
2885
2795
4661
8918
9752
985
6855
9681
2202
3927
5131
7776
5801
3539
2614
4588
3856
7689
797
2035
7772
8551
1486
8327
8026
4408
7750
9550
1798
1885
4327
2190
2325
5303
8192
955
620
1383
2466
9773
2047
6735
3048
503
8329
5154
8381
6827
9891
7289
4785
7075
8674
69
7160
9751
7348
1726
9796
468
2822
830
1512
1888
8623
9862
5785
4850
4764
8542
9336
8842
6422
3814
9675
1371
1772
1998
9944
1650
1096
8724
5748
4761
8772
6435
3492
3736
781
7985
13
949
3677
6091
949
9824
4428
2746
3993
7563
5483
3447
977
7344
6817
3740
8077
6554
7588
6109
6546
6036
7883
8383
3180
6450
5424
6334
612
9946
5875
2129
5211
719
1129
7100
5204
2323
6063
2708
48
625
198
8666
1975
5403
6743
1826
4187
41
4450
4807
7981
8302
2186
1516
3913
4623
5040
7071
6978
3027
1446
3829
4039
8081
1675
8096
9905
4479
3106
1355
4741
1056
494
5390
6708
7602
2834
2577
2114
7311
324
6194
7975
4329
9055
682
8290
5063
2572
3431
1036
5107
793
3679
4772
9782
2587
7479
8647
6
6794
7487
4054
8610
8962
9685
5003
9019
9461
3127
153
6269
3329
378
8161
4288
5267
642
7273
217
3370
2415
2037
4077
1914
9970
8052
5479
3721
1638
6238
8865
3996
1197
7999
5266
5433
1514
8958
1487
1953
9830
4050
1827
3537
3692
3612
7439
7878
8237
8008
6156
364
815
6118
7462
3321
5916
5366
219
1497
233
1749
4149
6303
1547
1429
1863
2908
7359
3850
526
6069
9040
8021
5893
9337
8365
7743
8700
7278
2941
3674
6630
3558
5186
8894
9324
5264
5243
7680
1452
1518
5664
4614
8347
7889
5834
9288
7245
7704
7821
9591
3915
6136
132
3785
7442
5681
4387
6211
1912
2731
4390
9656
9526
1796
5727
9042
4124
1778
8068
241
7960
3304
1964
3997
1945
9865
506
8862
2336
5972
2991
5436
9022
839
200
9818
4607
659
3201
6091
7505
3
2864
9504
552
80
4712
7745
3557
4877
3253
728
3015
1396
2259
2966
1480
9795
632
9793
1612
5623
7256
9695
8511
9702
2126
5044
8763
1715
3267
6506
2632
8271
4374
2508
1590
9314
4866
801
562
1972
4267
8373
6612
7357
9215
6136
3716
929
5818
8704
7907
8250
1738
6464
675
2049
3434
6143
9505
5799
8996
683
5060
7745
2455
2344
8735
1570
4281
1479
2221
3265
7312
470
5015
6208
5300
9761
3834
4645
7155
3312
6393
3132
4871
221
6030
9812
2108
7687
5990
8293
9812
7294
7221
5723
36
6984
9620
7421
1644
1990
4094
1945
8926
5701
4155
3103
3526
5994
9929
5051
5354
6768
90
2400
641
224
6965
218
9893
9530
7344
1056
8241
9124
3237
4310
312
5319
2453
8749
9396
921
6359
1985
8347
9122
9061
1063
8597
8199
6796
2525
3953
5743
8518
76
2823
4382
6842
9426
5465
6565
9333
5995
2687
8912
4965
8181
19
6466
7027
1730
7389
5127
7981
1608
1107
9459
7998
6650
5543
8338
1571
5468
3735
2852
1105
7198
860
1492
5482
4757
4645
301
8381
947
5819
9250
4071
9809
3541
5980
5196
5516
1768
2845
3122
4380
8615
9045
621
7831
4385
8859
883
3495
8945
8306
4459
8061
5416
412
7721
4990
2768
2330
9369
4397
9398
3154
7997
4597
9734
5268
6540
5875
9894
3626
2859
6324
1952
1812
9386
6918
1798
1826
9170
7465
8925
9583
2877
1038
4757
5944
3088
4257
2261
6019
8385
4711
3561
2990
3229
8859
5011
3808
231
7472
7716
2996
1939
7681
3450
7269
2042
3311
4015
4138
3326
4780
7012
4866
9565
125
990
1909
6102
7089
9083
6542
8444
7619
7362
1431
633
8596
1921
5175
7407
7733
1658
3027
6254
3037
689
8997
3477
9696
7097
4138
438
2163
8858
7885
6485
1454
1374
4860
4289
749
5274
4154
8358
8311
2623
6888
6041
3504
6239
3991
4802
7093
3064
714
3001
8460
8641
5401
8582
394
1262
9019
6161
7231
3876
4101
8547
3510
309
8250
1431
9284
8951
4175
7733
484
798
6743
1651
1257
4401
8436
454
9088
2181
2394
9765
1713
24
2007
8702
1189
5889
544
9536
6594
171
9756
6305
1808
9803
3994
2473
8853
9892
4228
1040
8512
2549
3397
293
3064
9095
3074
907
660
5822
7280
9411
9628
3785
1302
8680
7840
9808
552
3623
68
9773
7941
4462
5225
5351
7170
4651
6700
7190
5052
1844
868
7425
9514
8522
3328
117
476
9485
6950
6114
5449
6380
8663
10000
9251
8536
2947
4309
5555
8670
8571
2496
8302
1208
495
9516
3711
234
910
531
4945
6849
5564
1157
2287
1543
8360
8929
7428
6389
6256
7038
6703
2621
9940
982
6933
5083
51
8395
8995
1415
9771
6081
6144
5072
2577
1304
4404
642
4809
9493
3193
1173
9792
5316
7959
7218
6992
7663
2243
3732
4605
4446
1812
8222
1361
8030
5635
3744
4337
7013
128
6317
1148
1993
5238
5744
1757
6208
8405
3128
1827
1543
1669
3497
1000
7545
2369
8351
3466
1170
1469
5068
8292
7576
5020
3901
3433
6370
3019
2541
8136
3052
4842
9386
1823
8021
5058
8193
8785
6473
5111
2692
2970
4884
6378
2474
8688
4100
4740
2467
3982
8341
3587
3368
6260
4973
5290
6638
2470
3702
4276
2378
2553
6983
9643
108
719
974
3893
2497
1092
2024
1321
1007
4103
5445
7568
495
8897
2315
9871
2467
6132
1460
5309
670
7478
3263
9268
8441
7920
1014
2386
8275
7096
2632
4419
7778
5029
9936
7752
5541
1067
8068
8315
2951
3954
6052
7199
8867
2203
3323
7291
9137
7027
4496
758
127
6804
2862
9072
2875
5753
7227
8035
5023
6013
8561
2683
7488
9125
7617
9936
1642
841
8622
3367
1237
9420
2046
3154
5302
3836
2899
1271
6315
1080
5738
8497
4670
4232
1435
7075
2517
3784
6363
5925
3590
5438
1144
1122
1328
7614
3712
974
758
425
9929
1329
9167
4151
4198
7453
3425
6430
3986
3076
1925
9101
9245
5623
6373
3598
9713
3641
8452
9199
9553
1574
4054
7188
1470
7206
7574
1167
5677
32
5648
3252
2890
8110
867
3231
9813
4932
2502
8017
9174
7761
7492
378
2345
9340
9603
7680
9075
1837
1077
5482
5102
8678
4518
48
9578
4344
5968
9655
8043
750
2816
155
9123
2562
9730
1898
8545
9277
2133
4745
404
2133
9652
5814
9073
3696
3697
9503
2130
5298
9955
4332
2656
384
6475
321
4627
7007
5697
4997
3212
4819
5384
960
3794
1361
5765
1761
8426
656
2106
3251
2035
7328
8500
4644
6813
2390
5464
2196
5889
2255
4582
9887
9383
359
1041
6187
6933
4617
2724
7377
1230
3374
9446
9168
3735
4916
8919
8876
6473
6503
3508
7281
2161
4657
3989
5027
7419
3983
546
491
9915
6702
3123
3146
538
1936
4721
8747
5541
9965
2095
1337
7291
8205
7522
8922
2120
4958
5219
5518
5034
7707
9749
7863
1700
8125
1762
3158
8409
7401
583
9015
2845
5987
4042
350
8996
1575
4234
28
7556
4017
8004
5621
3271
4135
580
5681
638
1576
399
810
2860
335
7572
1398
559
1801
2949
2409
1470
463
8441
3451
7161
5349
7712
6419
365
1562
2955
9955
3289
7272
8175
9481
9460
5665
9490
5365
6801
6805
9552
8660
7979
2805
2230
2486
2943
6367
9121
551
7064
6714
7463
957
990
9465
5538
8740
4578
3670
6107
9234
1629
8749
5638
3270
4416
3525
1794
5443
2696
4439
3846
6233
7800
3515
1202
9576
4616
5839
8058
9497
6743
8101
8004
1648
2145
9124
1016
5570
5874
1218
5379
6553
6374
3397
4190
716
5131
2327
9968
1819
233
8362
9450
412
4838
1772
2436
4945
6253
6283
3959
4531
5528
9933
8840
4487
2813
4034
5086
2928
3509
1344
4019
8559
3343
7587
8189
6007
8433
7943
6961
9960
5365
590
7862
5495
9757
1873
4560
3757
948
6390
3306
4253
596
3298
305
6114
2876
5744
9528
4317
1361
9819
5224
900
6697
3948
7078
811
4487
8951
7127
508
7501
4231
4725
6729
7985
1703
7991
9036
4013
2193
7596
9617
5918
8537
9829
8662
5379
5754
9257
1506
5276
8799
5906
2646
5553
1043
3022
4896
9326
847
5488
609
4641
8680
540
292
6077
3642
6400
2026
2279
3189
6382
467
3111
1165
2362
1155
3996
6997
4085
8385
9614
3031
9142
8760
5371
5046
3127
2821
1871
6520
4065
9089
1192
7791
3043
3229
131
9960
7439
9575
5261
7105
4258
5006
6502
7554
5649
309
4250
4398
2214
4153
1277
6296
6210
2389
1944
6076
73
1670
3578
7778
1703
8604
5534
3463
7495
8973
9541
7934
4401
2318
3531
5463
7208
7453
2467
9003
982
9517
3572
8296
2960
923
4018
1190
2746
8477
4714
6356
9809
6223
467
717
6807
9661
9153
2227
5519
4684
2804
9859
4450
8851
9987
894
6857
1291
774
8492
1543
5145
8450
9188
5623
7572
2970
7828
5857
5164
1643
7670
3098
3863
5877
5995
8689
9251
1528
3341
9980
5504
5065
4645
6094
7522
1007
5451
1078
2129
9434
2095
5372
7175
6269
2416
8359
3925
5923
2859
6847
5554
5335
2321
7747
2532
4078
5228
8886
1826
1543
9934
6646
2749
2038
4134
1986
4456
5398
3409
313
6164
3694
1309
6645
708
309
1274
821
2166
9222
1245
3865
6582
2453
7530
3927
3468
2108
9326
7859
5920
684
6052
526
8821
5551
9511
3802
9297
7689
3379
4914
3333
8261
4331
579
461
4533
7324
1095
4363
8076
5102
615
5752
7142
5853
933
8159
7685
7349
6131
2170
6991
6282
4059
7696
7490
5628
1112
1072
2170
1178
6660
1639
5963
2569
3997
8638
6562
8223
6376
4194
2977
5456
6277
9894
7412
7188
3162
1261
3754
2705
2567
9337
721
7745
5237
3681
2954
857
3978
7697
9451
1318
9590
667
6034
8052
6488
9852
9263
7596
8413
4287
474
9505
3611
2437
4890
1681
8567
5262
3990
6884
3712
2518
6865
5653
5029
1620
5108
5266
1867
3347
3979
7663
6396
2245
5894
1742
1631
554
1459
5965
2265
5462
1979
4329
2844
736
3671
4529
8798
6285
7511
7934
5467
1822
788
6891
7421
7109
4521
7977
9911
1684
566
3350
8444
9480
2389
5710
8472
9616
1521
5362
2284
73
6403
2379
7496
1035
7420
5178
9201
5194
477
4561
4804
8532
5232
2392
2816
3604
3039
137
4423
8449
9089
1232
5475
6465
1327
6254
7988
4104
3297
9763
8561
9750
7247
6715
6784
435
1252
377
4986
9349
3543
8604
7146
1807
1856
2197
1728
1614
6937
7665
3924
5772
4856
2512
9550
4646
5069
669
9731
7516
7470
1114
361
8743
1659
2605
8688
4961
574
8551
4868
2435
1070
3475
9324
648
2774
92
3361
8973
3246
2416
3874
4506
988
3706
3508
2371
5772
5845
2349
6247
7657
8814
317
4769
5499
7598
3612
9372
6751
338
8064
3242
3903
1302
6719
3223
4356
5855
2669
778
3697
5316
8998
9506
1493
2967
6077
7664
3462
6228
845
4941
9546
8918
8579
6168
5046
1724
3758
3675
4686
6285
9599
2820
7178
104
1612
7953
162
6990
7140
316
8625
2169
3976
4560
7028
9882
777
3334
3319
7622
8777
731
4347
4951
588
3000
1659
6788
6713
5754
795
9856
5416
8367
715
1284
7931
5737
1629
2944
9064
9488
7183
6001
5192
9409
7956
3204
7987
9984
8144
1542
9673
2829
3353
696
2342
6813
2809
8784
7688
6439
2069
3650
3745
7022
8542
8942
7620
4807
507
75
5926
8986
7506
8624
2911
1571
9320
4521
6439
7808
9267
5779
8282
8756
2655
4232
799
8482
6961
471
944
5353
5653
5446
6089
7404
4024
4541
8277
7274
3919
875
1280
7829
6160
2073
9070
6853
357
1992
637
8760
4884
111
7865
8454
5293
1659
5621
9414
7561
8937
5135
6868
7194
9534
1665
1193
4497
8593
1922
9747
9317
649
9971
6035
3519
7919
3797
4697
3002
2895
9928
6969
4868
3229
6105
8564
2692
3994
4084
5506
1434
6819
3788
5455
3149
2800
5585
3434
4343
2378
8311
2336
3892
8196
2599
5096
9419
3515
7927
4272
5876
7398
5461
7981
9374
3962
7179
2819
1634
2426
6070
3383
7078
8404
5899
1118
6353
4
7326
5211
7936
9577
5936
3469
3433
3966
7442
1104
5536
4011
1807
315
173
2288
9488
1645
4630
2721
752
76
9691
8234
8455
6072
7727
2834
7823
5703
8182
195
6628
2344
9276
8862
5795
2179
39
9409
9724
7884
3579
3883
9770
555
8459
8385
8084
545
2924
5266
9037
1070
5833
2986
8546
2808
971
8949
4595
7310
5228
9399
2825
3240
7354
2886
4678
6445
8366
5395
3469
901
6672
4514
4547
5712
157
2376
2855
9821
673
8724
2877
2998
3862
4389
691
6270
8477
1259
2563
742
9010
334
6886
7400
7373
839
1063
4081
3130
7510
1865
7230
367
5214
1127
25
7691
2353
2656
3520
5643
7188
5445
6251
7261
9352
5601
8665
983
169
852
4657
9876
5748
7098
415
5830
4749
437
4362
8545
110
5758
2644
9979
7920
2560
2568
6847
8756
8696
2390
8220
2589
4549
9080
4577
2463
8828
2623
5203
9729
7869
5267
9938
3436
1463
6784
8689
7702
669
9036
7172
4365
3114
1603
8691
3910
6831
5120
30
17
4813
8533
7372
8409
4963
2815
2186
7952
421
8529
1881
9983
8896
2111
3874
3423
7614
2680
2632
9371
9969
3531
6567
4453
9696
5512
1960
6046
580
9829
7509
3639
9527
6161
3379
4490
381
8705
2119
3582
3470
8449
6658
3651
7640
801
1087
6744
8690
8342
2639
1132
9000
8034
1489
2352
9773
2056
19
4550
1919
8364
5961
32
7988
5802
8230
525
9524
2276
5216
7604
3702
5653
7447
7269
6933
562
4984
8265
1308
4991
9048
2879
716
9717
2671
5810
1568
3179
8447
1751
7884
3603
3345
4323
2855
7517
9401
4518
9921
9600
2629
1484
49
9432
3871
557
2625
9282
9176
7233
9408
7349
7382
882
8576
8051
6841
8189
7102
5902
1479
5539
3499
2000
4548
5839
6259
2074
7673
1618
3096
7749
9978
5533
7615
2224
7629
5360
3681
3297
3252
5046
9552
1692
8232
749
3063
6099
7580
1694
3219
3255
6291
6445
690
1327
7517
2296
4215
9394
6915
4344
1941
9722
367
4198
1963
5265
7573
2465
9364
9557
6650
4733
9488
5713
9452
4526
7731
2213
9934
8999
6517
6132
6253
3326
6714
5071
3519
8336
6568
3648
9242
2865
2106
9806
2985
3495
5212
9403
8082
2469
979
3369
4071
246
3435
459
1105
2371
5267
9016
2130
8008
3576
3416
5766
2071
1314
9920
5114
9411
8571
8237
3104
6917
118
5659
2898
2523
7221
1242
2790
5913
1669
2682
2808
3863
6712
7280
3652
6499
3064
2667
1700
5973
9941
7542
9646
8138
2163
9751
565
8557
4940
9120
7192
437
7962
5851
7139
5931
5855
2014
9028
2471
5326
1736
6784
8244
5211
3955
4760
7956
5923
2244
3480
6367
5163
4685
1290
9184
9617
3597
7245
3758
2607
2758
2558
1860
9562
5172
117
2494
9929
5876
269
449
4577
421
5658
4795
4189
9181
6335
8825
916
1677
1418
9611
9468
5628
2567
906
907
107
7131
6680
1470
3354
2269
16
4361
9860
8941
3245
3588
2002
9208
5233
4450
9806
3195
5716
7266
6730
2849
9044
9647
4039
3809
3414
5985
4143
6253
4040
7488
6720
7309
7334
8870
5016
5564
5293
9984
1205
6429
8844
8765
1356
6738
1969
6527
8880
8791
996
6470
877
6062
4115
3032
2531
8885
2086
9763
4657
9727
6280
3689
8915
7451
6399
9294
2027
184
649
4871
3114
7246
4219
7486
9821
3568
7122
5351
4680
3733
4712
4889
8229
8825
5953
4635
5113
7906
2838
878
4247
2522
2452
5263
9702
6134
6595
9800
3550
7716
4219
6188
9094
9155
6919
6101
5568
4082
9583
1356
4456
5807
4887
3026
5981
274
1266
5956
5439
80
3049
4555
7383
4763
3328
2142
2228
6796
5075
3995
7232
535
4184
310
23
6442
9018
4376
9752
5175
6455
9614
7152
2707
7220
208
753
2827
2086
8013
2982
8622
3677
6402
1866
6997
7763
4107
8039
7237
3621
8339
618
2812
6361
9213
725
2113
337
1020
3806
8490
7662
1442
5048
237
2002
3538
3147
4875
9306
852
6706
5595
2100
2569
1276
9862
233
6943
1630
7328
9231
5768
347
7656
8093
3339
3743
8795
6563
3632
8595
6262
9431
7375
5458
5299
949
9793
6006
320
9466
5870
1913
7845
6512
8875
3793
1072
5194
1580
714
7200
5188
4641
1772
6076
8539
1638
9833
9569
9664
2873
2445
4180
1830
6990
888
5480
4747
2894
4234
5419
969
2230
3051
249
9274
4967
5094
9555
7694
9466
2564
994
4689
8052
4283
7320
3530
5830
4093
8738
9234
2720
5175
8412
6407
6654
1063
7766
9831
5585
66
1574
5738
4253
3637
8481
7324
6895
3359
2798
9853
6296
2237
7178
4635
426
8244
8868
4922
9128
8563
8373
6911
8069
8001
5140
1811
1064
4496
9635
7952
7367
3149
4925
3830
1781
4276
8713
5011
9029
5937
8353
7101
6147
2952
370
4421
2365
6712
1137
6611
7706
3704
8183
5193
6623
9362
4475
6240
3445
9313
7834
1587
4244
9807
2654
8362
1793
1436
75
719
7656
4892
9622
3575
229
2483
7232
5055
6662
3314
3808
5471
6417
4286
3556
5955
3895
7013
9018
6113
9959
3230
9477
4753
5718
4572
9892
6701
7029
6473
5111
4537
7265
9918
1079
620
1665
7140
12
3951
6526
2746
6954
2979
165
3464
7139
2889
9969
934
4694
1862
592
1806
3567
5101
8271
9336
8120
5301
628
4116
7627
1159
6600
2198
757
9382
1555
9261
154
1216
3313
1176
7419
3412
196
521
4241
6989
454
1235
3045
3536
9847
9928
1241
9857
2567
2805
8300
8916
5288
5298
2414
623
3926
2174
133
6785
697
962
9959
2754
8653
7790
5439
8788
4619
3796
9508
4065
4734
2743
1475
5977
5516
2665
794
9014
3543
1447
781
9394
120
6347
6591
3206
4004
8520
3438
6831
3413
436
5787
5446
5963
9063
6500
3997
9674
8221
8085
9427
1141
8168
4352
1030
2112
7802
7833
6513
1565
8325
7894
256
8154
8493
3070
5681
3885
5654
6199
7665
5955
3248
5892
2428
7822
5648
5454
4443
4402
4517
8839
3331
4362
6240
4840
2746
6612
1934
7501
8435
7784
3050
7389
2529
8106
210
7980
6596
5730
7411
3767
1113
3072
3333
6340
6487
4487
2932
1562
8097
4842
5030
8277
2720
8332
946
5786
6541
5466
2237
9351
9482
8354
2784
8087
211
5501
9815
4054
995
2108
1616
7044
5780
5587
5106
3644
8975
4905
1440
8781
8956
9717
804
3436
1138
6490
9329
5379
1413
5143
9068
5893
4242
1349
1674
182
5817
5433
6279
5835
8337
4768
5915
1678
8069
2574
7039
4839
9302
867
7009
3484
1145
498
3275
733
7712
4954
240
3187
2767
623
4171
1568
2669
4520
9749
8393
8289
8481
2039
8696
1351
3296
9899
5873
8525
2683
6820
2384
95
2845
1959
2328
5024
1834
4132
3530
5445
8723
8010
9518
1424
6760
5999
2741
5844
6093
3732
8130
8994
4789
4074
5971
5225
2461
9228
9913
9309
7579
1462
6333
9002
6712
5621
2832
6928
8468
2021
2101
6224
2006
9279
8660
3162
70
9145
2136
1829
8117
3926
1558
8437
8536
7508
8345
2576
310
1177
5147
1538
6100
7368
8744
7543
7735
9204
3024
4362
7529
1257
3372
2016
9526
7118
9678
4952
1406
1619
4906
3460
5975
3322
5254
8613
1439
6315
4790
9047
8133
9920
127
511
4634
3283
6949
3390
9206
9137
5854
2477
7830
5018
4000
4675
432
7094
3605
154
6592
6931
205
4743
4424
647
1977
8084
9276
9498
2528
5455
483
4669
7507
8114
4045
1114
8970
546
3079
4979
5156
6257
803
1639
8331
3430
5715
2005
8546
1293
9097
430
7108
6011
168
66
8985
6470
7209
3590
8736
4174
6628
681
4665
5823
6266
5201
1588
9062
6691
626
9161
5714
5929
6207
9424
1012
3744
6408
2950
6018
8100
1254
5511
5290
2364
5726
8869
3850
362
1137
5018
1365
4799
7752
2012
1904
6734
3497
9989
2532
9048
876
1838
559
8142
5501
9637
153
8130
3607
40
9036
7819
5809
3040
5076
6017
3758
9672
7601
212
6237
1929
561
4576
7919
9865
8987
2626
9827
6458
5189
4048
4551
5459
8070
3084
3854
2004
6551
4949
7789
7436
9035
2480
458
1101
6250
5088
8287
1394
6084
715
6579
6194
4139
4957
1821
7164
2868
2854
5116
124
1590
1899
1543
7368
842
7927
3643
2703
9421
1304
551
5305
7716
1218
159
78
1400
4733
8464
3828
9539
9997
1864
5392
4884
7422
8533
941
2328
840
3799
3364
1217
1519
2419
1370
3288
9856
9025
6551
2118
9810
1086
1653
9379
276
6748
9149
3920
4711
3328
9196
4967
6496
3098
7999
268
9791
5247
9820
7808
3601
8067
4249
4078
3297
1072
8364
5688
2928
2883
6933
92
2232
2429
1564
1253
8523
131
2211
4222
8059
3014
3374
842
6782
1394
4307
7656
3580
3733
7010
9772
9938
510
8589
2436
8595
4574
9062
3737
5446
6311
6933
4660
1332
5121
2629
5821
1629
2995
5949
6589
7522
2402
6917
6814
477
4460
746
7827
3574
579
5724
1807
8008
5160
7987
7972
2440
3231
7501
213
4819
4576
7521
2784
9292
9510
9019
282
6727
7042
1875
3265
3928
8229
7694
569
4541
5583
3520
786
2988
3907
3826
2351
499
8610
7646
3651
2937
8046
596
9212
3081
6373
8593
3349
6394
5349
1564
9803
3733
3396
9433
4167
1330
3058
1695
3132
3203
2831
4840
6133
642
4095
9593
6211
4266
6942
4342
7853
4513
7080
6519
8325
5650
3717
7609
8739
7946
5226
6842
5324
3169
4750
7228
9203
5713
9917
8366
268
6394
7089
7720
8264
5444
8288
304
1099
2111
3769
3664
9027
4939
5975
6671
3212
3352
807
9330
2134
3105
8244
9239
2219
617
4705
7395
8833
3538
4564
7315
9212
843
5175
8142
6703
2912
7275
3436
681
6013
6368
749
3565
4529
5241
6953
8960
8853
4554
3258
1119
7009
2909
2601
8039
4785
4816
2124
1917
7613
6228
1724
7363
6962
6236
7270
300
9598
4665
4233
808
5933
2353
1196
3859
5442
4252
8501
9470
4049
8388
6392
2704
1687
9610
7790
1167
4064
8533
4053
3280
1350
1280
4594
9933
7891
195
3824
9033
3347
5918
7898
8604
7255
1268
3642
5080
4474
6486
2958
8170
8406
8423
2739
9043
8832
5971
606
5508
2058
9822
663
3527
9426
8929
5725
4567
8463
2048
9048
5997
3847
7720
9234
5021
7964
5706
5919
6549
4157
7470
664
882
3452
7997
8232
6244
8014
4273
3288
6279
9987
2687
8768
3700
9065
1409
3221
5319
427
9296
9739
7310
411
9449
2782
3950
6959
9007
8712
8474
7939
9250
5922
1031
1140
67
7723
207
906
3853
1384
2432
1825
6322
3195
7902
3302
5263
4204
9456
7556
6481
2194
7875
980
7317
4591
4641
7048
1315
389
2317
4935
401
575
3042
5295
8461
3780
4092
6600
7580
5499
6882
6980
2282
7935
2488
6800
7500
9382
8741
3588
669
9085
6337
456
6890
4059
5679
5058
1074
9245
9971
2485
8244
9146
82
841
1157
9206
8164
6361
5464
6784
8547
902
7383
1260
3702
3262
5704
1790
2412
962
9154
5162
6504
810
1561
425
7661
4393
6979
9019
5613
9870
5774
6243
8335
1868
7569
31
7897
7356
9967
1131
7465
4452
5249
5610
1399
5675
3666
4872
7235
2646
9549
8142
8202
3409
9292
5617
8092
2048
6838
7044
2764
2045
2818
1298
6006
8457
9436
4439
799
5311
8236
5195
4010
2609
2895
8578
5589
5614
5723
3156
4601
4984
171
5580
5873
2188
8513
824
6615
9706
6139
469
6872
9759
1272
4215
8516
3998
6950
2762
6196
7703
3448
1571
1449
6093
5977
550
5496
5107
2414
8078
1196
947
5350
4446
850
6751
3379
8017
8585
4088
9571
5254
1457
5505
2735
7011
5593
8754
2470
8575
9242
9967
5676
3343
299
4066
2253
3788
75
498
2038
8135
2387
5474
4809
5541
5321
7143
3130
4519
5453
4781
8930
4809
3700
3641
6272
5790
9122
9661
5804
4983
1610
870
9696
4908
3245
485
8593
3376
435
1984
2605
6597
74
9004
7060
4443
6577
8006
1345
8077
1397
2616
9126
6351
7335
4938
9895
5652
5381
4710
4621
4791
1253
4321
1720
5974
2899
8703
4205
4371
1050
2862
8599
298
1260
5476
4947
1534
4593
4585
1107
6203
8777
5366
395
1045
9383
2280
339
7981
8950
103
952
1017
6754
2372
1668
3728
7521
5125
2692
4591
3688
5329
9574
6461
6639
6294
5181
4844
6589
20
8105
2400
4750
4503
9591
912
7766
218
9324
6899
2998
5572
1052
3882
1769
5135
2025
6153
566
8482
3650
7273
791
5516
6730
5683
2541
4412
8653
9849
7824
9455
1211
1126
2631
2585
5301
7195
4058
5625
6962
3567
611
7571
4081
5461
8903
1832
2342
681
7178
1000
4267
2509
835
3762
4974
4955
1427
3405
1870
6614
6973
5334
2334
9182
7545
8762
2809
6214
6044
884
7528
1876
2120
8145
7696
8565
8233
3500
6976
1968
8598
3587
8101
6401
5422
6717
6762
5459
5980
3025
5646
5032
2282
5220
9459
1209
2864
6008
4199
4621
7016
8278
1447
7025
1553
9089
3049
4429
110
6017
4887
75
3971
2712
350
2350
9460
603
7764
1756
2088
4658
5649
2638
8887
4104
8839
8158
7127
6985
9838
6273
246
8140
5661
842
1918
2100
2222
355
7314
9264
9916
2293
2197
4274
2743
1258
8589
1212
6632
4874
9519
6878
7501
5803
2424
8373
3706
3293
6429
8660
1575
7319
8557
6703
6586
18
6102
7482
6657
6156
3823
9479
5546
5551
4818
7707
2899
5359
6880
2908
2389
4995
4359
5070
7678
5625
8572
7051
2516
9056
3874
7581
4114
4150
7110
1890
6806
2870
8090
7512
2398
8902
2428
2639
3242
9040
7480
1721
1585
1775
2321
9127
2253
6940
5554
5052
1306
4694
7203
8564
7
1706
3463
1994
3719
7440
3228
6457
4257
8685
9512
6991
1510
6149
7221
6473
3668
4419
4223
5261
4998
5787
3493
8865
6161
7052
244
7228
4577
162
463
7160
6935
8522
3454
7551
7743
3562
6991
4847
1210
4601
4947
4391
1651
1768
4331
794
168
9476
2622
7526
9908
5028
3175
5443
3633
1505
8410
9728
1365
5344
4558
2178
2320
5650
845
5749
2319
5647
500
3078
8683
1520
5279
530
1839
5092
7359
9949
413
9201
2949
586
9765
5096
649
6760
2993
3266
6488
6065
6039
2710
863
6428
9980
9518
3556
5015
614
3480
2029
7923
8876
2202
341
249
4574
3847
6036
4813
1783
6413
9539
3857
4823
4392
1773
9800
5603
7487
1201
5500
1162
4419
4146
4952
517
4694
8929
6942
2521
9147
8718
3524
2405
1939
6210
4386
9993
7264
2272
2134
2829
8438
3853
9142
3149
8577
1226
9048
9185
9873
3646
1141
9332
8910
5529
2141
6973
1493
6188
3781
3998
2267
5756
9321
7973
5944
8136
8940
4552
9376
6063
2517
1264
6781
4810
3258
1917
8867
2264
1741
5498
4809
1023
6203
9939
3078
2712
4966
6757
6752
585
2954
4943
8724
9618
2871
7584
9039
9595
9815
840
1007
5020
9716
9961
9355
7923
4157
1301
1449
6217
2366
6876
6751
7346
8690
5363
5659
1313
8557
3333
7384
6375
5253
6350
5973
3377
7607
3097
5920
1742
4637
6539
5330
3106
9760
4415
6185
4119
2550
7490
6652
1623
1765
7218
8093
3200
3976
3626
596
2874
3901
3612
5306
1083
9878
9231
9854
8326
8280
6905
276
9039
3750
8969
1768
1040
4921
5362
286
7576
2007
2548
4404
8709
2242
9419
2600
352
8850
5640
4052
4550
3222
8725
2097
3504
8098
9894
6401
1876
923
9995
4141
6533
5549
7634
255
5489
1605
9008
9837
2238
9686
3911
7219
5913
784
2236
815
5820
1462
9748
2652
2125
8797
626
4825
3867
3106
6320
6140
6660
3326
829
1718
404
1042
9033
998
3537
2538
2853
4964
1300
2097
1169
5201
4189
718
6225
6949
7400
9255
2746
5076
379
3681
3807
4300
2318
8089
7104
2781
3209
8337
8872
6830
9326
1554
545
924
5496
3052
8367
4422
5238
7457
6965
5124
1830
4070
7985
5139
8580
1002
9469
4504
6669
5593
2385
8818
7636
6841
9860
2456
6720
2741
2017
1818
5127
5943
996
360
9076
5320
3499
3297
2744
3134
3187
6837
8763
1639
3636
5071
8935
4574
3929
3202
5633
7524
5035
5912
2749
8498
7507
8977
9638
9565
7964
1863
940
8400
2388
9172
7142
5818
5559
7573
4741
9627
6018
6791
6204
666
6876
6852
217
5237
3061
7553
9904
8696
3416
2613
6626
9285
7838
44
889
6916
3411
3424
7920
8001
9083
1348
9977
5979
650
1876
2915
5121
111
7713
7571
5035
3970
9463
8663
5978
6757
7068
8673
9205
9884
4022
3087
846
4759
7591
8486
5967
990
3521
8707
1602
9568
7413
8807
7070
6458
9960
4085
2871
3670
1846
2185
7641
6968
8081
4182
2217
5109
8866
9590
9358
2660
4403
8976
5061
1547
8368
8183
2470
9332
773
6614
1207
4567
2306
9375
7714
3558
441
1008
802
7802
3822
9702
8000
9522
6657
7150
4308
8167
3553
4944
3796
4573
3790
5249
2386
1488
3726
818
3026
7180
8538
1169
4614
254
368
1871
6242
435
7942
4628
8407
6650
8866
9353
6459
2601
4008
5299
6970
6296
4816
9531
2998
2937
5845
1235
9012
6616
5282
5838
1945
4066
158
9398
8253
9861
3244
9315
2012
8670
5672
5921
2292
3268
6427
197
5191
3655
2318
7953
6082
9038
787
8181
5249
8532
6098
5960
1892
4313
6212
1429
3858
8635
5346
4994
5311
8856
3901
6359
6530
8375
2115
6893
8690
396
7468
6732
6838
907
4226
9394
7327
5348
3434
6030
1560
1396
7637
350
159
3795
3813
6707
9277
7990
477
7384
3545
1713
1986
2666
440
19
5028
5221
9137
3102
6807
5230
7486
1558
4521
6335
6635
4976
3681
2318
1516
5572
7699
5658
1524
1409
2880
769
3916
1782
7602
5080
7580
6234
871
6163
8221
1053
9898
2842
7917
6486
8948
3407
4798
6864
1050
1115
2484
248
7066
2014
6623
6650
2033
6912
6512
6194
3320
4276
4262
3767
9598
2765
7826
6363
6658
6086
8926
7622
6298
5755
9334
6900
6723
6290
2629
7497
4952
7563
2392
6281
5042
9134
9558
4788
7822
6579
1323
8723
8154
5869
2134
5739
3754
6376
5190
7084
5064
2125
2290
689
514
2260
5473
9060
3274
8337
7903
7668
2342
9538
7595
4421
7566
7655
4537
8102
5520
4865
3854
600
9392
8988
5038
3484
5165
6434
2028
5540
8378
5207
1872
768
3291
2343
6895
6818
5612
2927
3647
7381
6901
4934
4848
6527
243
7341
8892
1613
9376
4856
9501
6371
1560
9950
23
2537
5652
1252
6981
7591
7392
6942
1750
2952
7191
6828
3477
78
5709
5024
6407
3217
510
7316
1712
4624
4443
994
4990
7257
1616
426
8332
3581
8750
3345
4813
6242
7766
7691
8982
5502
7543
8992
2741
343
747
4993
551
2861
3818
3734
2352
4305
5337
759
3704
1033
5671
917
3514
9261
9800
6019
3933
5577
7034
3285
2855
5013
8027
8614
5269
9786
7091
8642
8392
196
2299
3664
4588
2164
3239
6834
7936
5510
2641
8428
893
7299
1210
6557
5692
2763
1663
899
9794
5532
355
8872
8063
9843
8419
1112
6748
9255
6169
86
5778
5779
8803
1235
9201
5518
372
9586
1186
9490
3575
7881
4962
2329
5406
9254
6212
8750
4588
9741
4985
5935
4661
1553
2154
8898
9020
7816
5722
9635
4679
1142
5248
1049
478
9993
2217
2657
952
4556
6777
2724
6231
7644
6403
8085
5419
1730
5471
1594
4200
6288
2232
9406
7555
9064
7570
2046
7178
2327
8567
6884
7903
2991
5357
7163
8553
3675
2241
4438
9797
7997
6172
488
2562
6013
5971
4966
8137
4539
5373
2936
4611
753
6803
2638
8643
8624
7232
9218
1892
5983
5161
253
5115
1206
5636
8062
3021
1439
8089
4433
9915
4746
6505
4200
9061
1827
472
4777
6702
6389
5389
3316
6036
4181
891
8611
5958
759
5432
6354
550
1892
8302
8449
3731
8993
5268
827
1368
2169
3111
92
4948
2946
6297
5307
3721
6399
4240
2415
3479
4583
3693
3565
7065
4646
4790
7801
3762
9379
2771
824
5100
1396
4737
495
8345
9721
5050
5345
5494
1967
4429
3703
5340
5040
6886
4997
1501
4113
390
2019
5849
1135
2140
3929
4983
4902
8964
9054
3395
2874
6679
2693
1574
1090
4122
1561
7019
1629
3401
8490
9127
6543
8635
4502
6560
2258
3893
2028
7399
9429
3719
6288
5449
6268
704
872
1676
9151
361
7986
2400
3958
8304
6832
4945
5384
7381
3318
3184
201
1328
2923
4663
5695
2310
3346
5356
7853
4111
5762
4636
6498
7296
7299
1197
4323
6757
1286
9389
3404
9666
8762
756
6296
9267
1634
6807
8633
9791
1313
8651
4429
9617
3508
8644
9082
7100
1202
9033
3472
6135
7106
3200
9867
8367
4582
1088
1548
6497
2318
5369
7797
3295
2304
4372
4344
5022
3218
4852
7432
5720
1607
2165
9546
9750
6033
7811
6699
9302
668
5901
1501
3268
4774
195
4268
7381
458
6672
4459
4370
1951
1335
5481
5696
8486
3228
3065
9632
1303
3820
8030
8685
3561
3030
8025
345
4647
3241
6402
6094
4679
1837
2270
8300
3943
144
2490
9569
5020
9645
8751
8656
2614
3274
2224
6221
3630
5269
8207
864
9805
7846
2669
2321
7641
5595
406
9735
3909
1307
81
1327
4350
8883
7702
3929
3730
3983
3796
3735
2003
585
5111
3595
4682
3559
9956
5755
2308
6581
8891
5085
5410
4360
9957
3118
4090
9810
3306
1015
5135
7630
5025
6648
3038
8925
4335
1878
8558
6459
1948
1187
212
2602
7421
2561
966
8426
2033
3337
7153
7967
2771
3176
3715
5445
6360
2780
5775
4863
5626
7270
5307
6978
5078
8555
5292
5561
2861
8979
1983
9895
5678
315
2491
1402
8248
9691
8950
4388
3169
7340
6351
2542
809
3576
4280
2825
1237
117
6623
6851
1748
8935
9592
2496
8888
9172
9457
3943
5470
8769
647
1815
1793
8284
1083
8905
7363
7951
1720
7534
7160
8605
5479
6067
4104
1945
6940
8685
6925
5610
8402
783
8576
515
3257
4945
1695
7908
4630
1721
9407
1621
1801
1668
9929
5916
7273
4767
7374
4263
3079
6625
1710
8897
9719
5669
165
6994
7146
8824
4298
8199
9379
967
3865
4016
3309
7913
6747
1306
1891
8703
1318
8890
3231
2772
6175
7338
7735
4298
1366
310
8595
3949
1781
8130
5179
986
955
3949
1075
1213
2721
7300
2497
674
3302
8653
6671
4418
8624
1458
3998
9262
1434
118
1441
9297
3816
9012
5917
2757
6802
1320
8811
7673
9701
7361
5624
9958
7537
8138
1014
6030
151
4635
158
7625
8684
6241
1642
925
3029
4783
4038
8831
6598
3279
5343
3957
7974
8237
1890
935
8613
5010
3964
8025
6959
5270
217
7744
6057
41
7136
7922
1964
7550
2817
8051
7742
3281
9846
7817
8454
905
3296
1037
8047
8850
7624
893
2560
2675
6509
2309
1651
5047
5871
2962
9281
4659
4883
5493
2185
5898
1365
814
9962
2890
6421
811
4716
3510
9124
1985
963
127
5031
4000
8010
8293
3599
595
2490
9467
5600
8171
3818
9077
1212
2613
9228
1586
3374
768
851
1509
5761
1147
8619
5495
2379
7049
4938
550
9462
5469
1182
1548
2447
465
9974
3285
3787
6599
1095
3533
8024
4734
5482
2496
2456
4507
325
5635
2632
3065
2941
9773
5894
7814
5714
5199
1461
6724
1673
584
7043
2852
8104
1031
6803
5108
4331
915
3762
8493
3123
803
2370
6797
5323
9614
7139
9329
8013
7302
4788
4435
1449
6164
9486
6841
1519
9829
5885
8424
4694
8160
3987
4375
8656
1705
5594
7632
4371
1226
3681
5522
1106
4243
4375
9747
4120
7510
7475
6109
5281
1852
7622
7217
12
3358
4762
1837
4423
2722
260
8236
6386
9415
503
2929
3199
9460
6721
8336
5251
4224
6665
770
5809
2048
1917
4638
5123
9541
3346
763
9242
4073
8017
5135
3243
6044
4330
3627
8525
6
989
6061
6712
7503
629
9886
8840
8680
6574
8288
9826
8610
1016
4898
9389
7660
2908
9816
6903
6296
477
6088
8063
2926
2532
5403
423
1421
6353
5544
9582
1221
9596
5574
9979
7355
295
1265
6944
8525
7161
3583
649
1040
9456
743
6204
8856
9784
5380
2554
7599
3744
4902
6070
6625
6604
3422
1880
9848
8050
5857
2392
8179
2539
1023
4309
1286
5313
1745
3935
2411
2490
3270
8230
9383
1860
1877
7864
3590
952
5716
6088
6438
6610
3572
5025
5710
9283
7874
3104
7022
4070
9482
6675
7852
1425
28
2489
7623
7121
954
4840
8046
4245
6401
9978
4100
4551
3956
3117
6127
6759
128
151
598
6201
6460
6479
3209
4848
5781
5242
3848
4127
316
9564
8988
9712
850
6801
509
5891
1136
7155
1675
3743
5924
8261
2015
7678
617
5301
9398
8976
4165
8137
9438
7408
4062
6605
9121
5120
1025
6688
4054
599
5407
4677
3008
494
156
8227
7675
645
3270
9379
9433
6399
6991
6825
3419
4906
233
7976
1990
2652
9013
6530
4265
7208
1120
2369
9376
7552
5385
8156
3041
8870
8863
1484
253
9773
9564
925
2933
773
6799
796
1935
2353
3007
8783
4535
6971
7960
1716
1680
7693
1520
7929
4362
3545
60
6269
8748
2810
7596
2110
4207
1307
9740
6971
5976
4765
6983
2366
5046
8331
2698
4616
9111
2581
242
5628
2373
4612
493
9453
6034
7944
9877
9558
5344
8809
4484
2168
7372
5842
3751
7270
7909
4590
8974
1956
338
7207
519
3346
3944
6650
145
9164
9891
5700
8951
4086
4615
7175
7997
9820
4697
2176
8216
2020
9030
1693
17
6706
4450
3349
1241
5111
4424
8390
5715
7162
2670
4352
6968
3999
4786
9835
3907
2549
4370
6854
9392
6105
7840
1165
8453
271
3705
7496
1238
2540
8479
6577
2570
9847
605
4535
8789
1704
1249
6048
999
1742
9134
598
6502
8630
5162
1456
9931
6821
1626
7737
5308
7894
9990
4520
1143
4935
4106
3160
8980
472
9303
3147
1076
4503
6178
6487
3610
7248
8007
2157
4494
9916
8185
5092
6215
8184
7426
641
8875
1316
1540
4440
5144
9059
7065
6762
9823
5767
3006
4016
4025
7927
9820
6591
9740
9985
5728
577
4855
7231
9858
8154
8026
2120
1501
2579
8974
6205
9107
5515
113
7802
2775
7430
5447
7099
6921
4720
4522
1657
9487
5546
6358
257
7412
8581
5984
9662
7427
2390
9414
1703
8123
3177
2875
440
5387
3698
3195
1698
1206
2342
1246
3533
7605
8451
1472
7374
9792
9674
4176
7617
7676
1764
994
2376
9077
1797
8013
8538
6527
8204
104
6373
2688
3677
2818
2860
7657
1528
9681
492
6460
7076
6384
6988
9384
2493
8646
4784
177
7790
8380
3981
3061
4164
9023
5534
1931
4542
9287
1881
5004
7037
3734
2269
7906
5335
591
2060
2536
9759
963
5154
508
914
2656
2050
9771
6852
4862
4524
923
2856
610
8241
5492
4689
9965
7738
4548
2014
4133
3
2260
1632
4210
8948
5461
9519
2072
7183
9241
9530
2334
1818
7346
1726
1870
6853
6712
1429
8222
1328
992
1116
9448
4899
1191
8622
762
8862
7771
9489
8943
1714
3220
8708
2812
3799
6804
7278
1734
5455
8781
7431
1161
4321
4257
7877
3542
1293
4313
750
8213
8411
751
8515
3696
1651
2626
2491
2807
9485
5661
8742
9481
1957
4791
4261
8841
188
3859
8243
7175
8206
8446
7155
2387
8307
5368
2930
7800
6222
4676
4292
4828
2293
3377
9182
2159
6228
6606
8104
4105
1234
9463
1434
4096
2683
4222
9117
7631
2521
6539
4414
4775
9841
2448
749
1927
3297
1567
9551
1378
3540
625
9760
4235
7509
6097
3056
4296
9063
3891
4987
2660
2814
2269
9755
4447
3249
4534
1832
5418
2036
8185
1922
3659
6892
2227
7999
1905
9167
2940
3555
1895
2039
2208
5646
5596
5674
4205
5279
9489
8559
7175
161
2459
2740
2823
8453
7416
7591
300
8893
2010
2864
8221
7618
7072
3129
569
2292
3192
4035
2007
6583
7614
3525
1741
1214
5754
6671
8449
1569
2395
9287
2048
9307
8350
3236
4476
9668
2792
7195
7836
1652
6159
3222
6297
1609
4563
3497
1440
2917
7821
8093
7760
4885
3235
9055
7019
1945
7420
8496
2231
7574
3417
6889
7624
614
6935
6166
9347
6283
3551
7602
2533
9093
1723
5608
611
2055
3009
6228
3927
9449
2644
4211
4839
761
1225
2090
7279
8234
7245
24
3861
1429
1119
5619
6376
658
9138
9903
1957
2070
7454
2743
1509
6537
8860
6754
4956
2448
6511
6645
5982
6751
1676
6941
8107
588
7569
4666
3122
7184
7755
60
7657
5913
9905
5428
9928
9260
6694
3113
2099
3412
7605
8734
4442
7950
8849
674
9309
2985
8173
1494
1130
4419
5695
8532
4467
4881
8754
100
8003
1990
9700
9402
6670
1822
5656
4728
6050
6295
9926
1561
1709
4263
2623
1824
2517
1025
1859
184
1818
4124
9671
8964
7178
5723
436
9558
2920
8320
3976
8342
7176
991
1196
7418
7761
8713
62
7780
2463
7542
777
5983
467
2964
406
146
964
2045
1953
5231
4165
2910
9945
3355
776
8666
4819
286
7770
621
5274
443
6837
971
4701
8779
1598
258
6112
2205
5518
6237
5764
894
488
6098
5436
7815
3737
4882
6230
9874
3245
4265
860
7959
450
7077
6324
1600
1687
1751
9578
7790
7570
868
5134
6961
2824
1687
417
5977
3171
7713
575
5675
8487
2336
9132
7509
217
3696
8797
7419
4941
7479
9391
4924
7797
2862
7764
470
8333
7376
7572
3254
1772
2376
6112
6531
505
2312
8053
2823
7535
7593
3907
1756
6409
3813
6529
4918
9056
527
585
7331
8771
793
7041
3770
7512
6423
4004
336
9900
3821
3494
5076
9897
3785
4847
3201
2106
7004
5277
2380
6657
4685
1089
1878
9150
4973
5607
1169
2170
9393
3103
3581
2741
4837
891
2900
836
1464
9444
8502
8942
2566
2325
3475
3135
9967
7311
4094
8907
926
8422
9243
1049
4948
3599
3428
7652
4439
9604
5164
1731
5769
5274
9766
7165
9579
1654
1509
3193
9805
710
7568
9022
6613
422
4605
7154
5592
1095
4345
5472
5633
1892
9400
6300
3693
2060
511
3993
1473
799
8009
1260
948
7412
4146
2370
5244
4695
9340
4293
424
9003
6211
9156
3387
2808
1919
3840
4687
2701
752
9560
1727
745
9202
2528
4973
3315
1083
1093
7410
1127
8612
6431
6490
7881
7426
3559
9412
6455
806
6440
6451
8265
2807
8598
4702
214
3551
4995
33
7789
1144
5863
9458
2292
2817
2830
9039
1615
9785
5746
5893
9297
2392
8100
3415
3703
3633
9152
1982
5849
168
80
961
3912
3293
8831
2002
4476
5985
4235
4187
8535
9540
9467
8659
3593
5677
8901
9416
8182
970
684
3031
6439
1372
9388
3636
5503
4310
930
5790
1057
3515
3235
6677
8081
6557
5408
1411
3039
8382
5393
2716
5559
871
5686
7545
6404
9512
8878
3129
4480
5762
1651
5659
4137
3815
5481
3872
5805
9293
9066
2137
2480
4772
3383
3597
7259
9993
2530
5536
9580
2434
4155
8930
9699
4845
9973
3603
8871
8296
6413
840
8183
5858
9026
9370
5005
8873
933
7168
9018
6828
8232
2790
4421
5302
2499
4071
1038
4846
2172
1743
4324
2556
9764
8869
8212
7635
1206
2158
5747
8793
8978
8236
6851
661
5543
1159
9635
7730
4979
9085
3187
3738
7436
5415
9935
9857
2309
6247
7506
2549
6124
4456
3639
3822
3468
8550
31
2828
3633
5892
6060
7515
4283
647
4963
2932
6755
3434
9567
8470
8956
6778
5279
1588
3437
3635
2084
19
4792
5223
4867
2652
8316
1283
6030
48
3066
4680
1240
4347
1432
1026
6793
1904
3815
4909
9493
8883
2433
5238
1183
2332
7607
7063
4192
9235
1496
6580
5886
7864
4907
295
2680
7492
2890
666
1920
4946
7403
2490
8740
9168
7167
8844
4514
1752
959
2521
8875
7455
8835
1959
197
2569
2032
3482
7081
2672
8946
8411
2924
2908
4711
863
2697
1
4682
9473
6799
2174
41
6239
1088
6572
9223
9341
6434
1074
6607
5511
2138
7033
6009
616
3936
5688
6526
7338
9840
6393
392
7943
3109
9383
4133
4039
8491
6435
7138
5028
9244
5957
5707
4924
5367
3796
1726
3614
7893
2945
6798
1825
7063
125
9672
7834
405
1504
4091
4844
6124
4568
1068
1902
4790
3781
5974
2284
5647
5755
5961
6765
9135
8498
6415
8607
5002
6191
9081
4210
9100
6924
4781
6385
3340
7404
2196
9749
7647
1138
7622
807
4800
5916
4163
8676
7702
1371
4724
3346
3219
4173
9830
6866
4449
8733
6229
8623
4387
4146
3038
5657
1587
2759
1613
3001
3494
7136
328
5661
6246
24
8533
1145
4383
7710
4423
9985
5266
7018
2492
1111
9585
5352
3714
1577
5924
2871
6609
7541
5724
8863
6021
8496
5225
6952
367
383
8661
7986
3877
3024
7659
3197
8717
7384
5506
2216
9911
5250
9615
9058
4690
3614
9578
5905
2600
9482
2668
8352
3992
8988
2288
6522
3412
6051
9260
5906
1916
5247
8045
9576
8883
4793
382
213
2463
4101
1319
6763
8610
5170
8918
1496
7120
6952
7904
6195
7101
9791
9594
114
6369
1729
1408
2869
7457
9339
1331
1812
7285
52
4078
2892
2452
7548
3326
9924
2167
5616
8322
6737
7186
6696
2982
1939
4903
7191
5109
1164
907
6343
1850
3779
9425
8396
1065
4117
2973
5815
4130
3861
6509
7307
9412
2452
4038
327
7268
9593
7358
1379
3913
9770
7428
1154
7039
8849
3375
2484
7522
2571
6384
6794
1189
4910
6268
982
9967
9805
3857
7699
1850
3634
4615
4482
6807
4009
887
362
7433
6287
1817
4194
4806
9770
6098
3673
9500
6952
1985
7925
8411
9422
7941
879
3131
8550
1498
4108
2645
9453
6685
572
6582
6596
8590
3354
915
7383
3414
8419
8412
1164
9950
7692
4984
4850
9810
6844
5779
6800
7188
3051
6271
6018
2240
4844
1982
6908
2160
7571
3729
2870
751
3223
5125
5280
3484
9334
9565
1695
1076
1823
8606
8765
9915
832
8084
6268
5167
1985
9303
4117
6257
2374
9440
3840
4873
1984
9344
1232
2811
7883
6425
2196
190
7930
9585
8331
2702
9706
6630
917
2955
7362
3532
941
1675
8900
2576
6213
3323
6116
8762
8584
6678
6357
2598
708
8226
8632
3020
7793
2053
6535
1916
9054
5376
4553
4071
7522
2441
480
4834
1745
3889
7532
4816
7875
9116
1621
5635
5576
8719
2412
9615
243
6458
5354
3839
5351
5065
2808
7583
6120
8851
7204
1034
5103
6421
6701
5968
9001
2315
2174
861
2235
210
3546
8505
2246
1897
408
8403
431
1481
9418
9847
6692
4705
9687
9532
5590
6778
5605
5522
1623
1033
2893
8377
7940
7997
5306
3313
4592
6407
119
2306
2650
4018
1536
7116
1370
9110
9949
5721
8147
5393
3410
5239
7742
326
5734
2738
5618
4378
5235
2902
7755
1128
4563
5211
9101
8033
4571
1226
2812
1808
8186
4015
4753
7780
1484
2383
4134
1196
5288
5001
3079
3657
5656
8070
341
5962
7424
5727
7179
8652
8291
4420
6284
3417
8453
138
2353
7423
8546
9916
5104
9656
4496
627
8032
7812
4341
728
9572
1274
9390
6957
7870
9734
84
5085
4450
4550
6214
243
7141
8206
8809
1560
444
5590
2878
6545
9213
5064
9880
6514
9985
3629
3187
6957
8846
2854
5448
9333
2682
8064
1770
1530
9738
1410
9428
9755
9712
1630
4998
4650
4380
4352
1619
7223
8910
1976
3416
1006
9099
4345
2466
3469
9959
153
2502
8331
2244
896
2912
2064
8795
9757
2072
7765
7393
4320
3932
8774
7246
4648
41
7864
7587
8553
5309
7102
8705
2781
8363
300
5169
1888
1674
1213
1522
1408
1270
1970
7739
3164
3915
6294
3812
4592
6339
6475
2693
9972
5678
884
7700
2378
9523
3238
578
9886
3879
6573
3161
4797
4140
4355
3621
5520
1192
2928
8259
8663
5292
788
7972
3208
4454
494
1930
3740
890
8065
847
1182
9901
8003
6048
6698
495
7767
7154
8704
126
4957
3369
7920
7803
1248
6093
1047
6708
9172
8188
2313
9827
408
5239
7853
5543
567
8795
3509
7902
1699
8410
4846
3322
5155
6631
5421
4770
1688
2426
3393
7821
4490
2622
4816
3103
8171
3558
4355
4176
658
8627
3988
8516
5663
2847
7364
1099
4158
5176
8071
3626
8277
3097
5170
974
8571
6918
9181
3569
4082
9718
5562
8683
3983
5256
6135
651
3377
396
4963
3607
8877
2178
9688
9855
6603
560
2334
105
9993
2781
8479
5632
2972
8577
1940
8173
3408
6785
6819
5766
8604
8439
3223
702
4654
9679
8992
9010
7562
7946
4439
5472
4973
2019
6860
9252
3369
3225
4380
3047
5875
7974
2043
1458
2659
8418
155
8182
8612
6856
7287
9660
9122
1046
8239
2806
9406
8750
5535
1460
6508
8710
6200
6516
4836
9160
2566
9810
672
3505
6780
4110
4591
4114
3375
9234
4404
6638
113
4741
8997
8422
9351
7663
1066
310
4464
2476
944
3347
8857
2678
2728
484
6581
3635
5331
5516
5440
1106
935
2926
6811
3820
8702
2
5995
5896
8375
2788
3465
2361
1979
1530
7202
3748
2251
3715
5054
759
9944
9035
6417
6295
5957
9034
1287
7342
5846
4291
4711
3582
4569
9159
604
3695
5822
5857
9962
7801
4079
258
8502
6096
2671
7344
2314
5205
5484
3201
91
6393
1198
9083
2084
1987
1813
4132
3516
3864
5905
9255
2
8935
1209
3501
7285
9808
6201
7202
4933
5862
3796
6990
2729
3032
6041
6488
9743
5637
2461
5383
9930
2597
4890
5327
4501
2474
1028
4320
6935
6022
6862
3381
323
148
9484
7603
4719
3970
7797
7696
6645
8247
8144
3812
2086
9011
1374
3350
595
5476
6929
2140
6474
8816
5473
8590
9995
503
1502
7138
6505
7726
8244
5501
63
9662
6049
9817
6156
2443
4487
5789
9630
520
4332
7188
5044
8182
6224
1334
2124
2936
5190
9982
3731
7706
7989
4969
9767
836
7305
5397
9057
7732
9271
3396
863
2731
1623
3065
3649
7312
5170
7286
9661
4657
4943
1963
5201
4148
3076
9199
7057
8586
6110
5380
2170
8163
3426
8782
4294
6767
5909
2767
9204
3703
5491
4090
5575
6104
3436
4280
7931
8830
5404
1151
4357
3410
7194
2933
8105
7037
1722
4357
5182
4479
135
8387
348
7596
2530
422
326
8053
9242
7125
4283
9120
4644
2607
4141
466
6191
8599
8601
293
882
2829
7337
9684
7230
8162
7014
9644
9400
7900
6426
3442
9721
1228
4402
8628
1223
9705
5032
7027
1277
8262
2743
6131
6689
9199
4147
583
8984
5422
9211
6800
4485
1389
7388
6345
4845
696
3439
5448
2900
916
9014
5026
3534
8741
3266
1622
7772
5750
7800
1141
947
2265
3599
1340
9073
4313
435
7789
8269
972
7803
2954
2208
4081
5951
9524
4772
2447
3382
5073
7482
8097
7684
760
654
2662
9828
6583
6218
8732
1478
7114
3360
7279
5193
771
5908
2357
3316
1119
1321
1519
2551
5089
1696
4762
6080
3502
936
8547
4172
9833
893
24
6415
4739
7770
1923
8591
1234
7233
9447
4695
6135
5743
8224
5577
7512
2683
9370
8494
2428
5747
838
521
319
588
4494
6070
2601
6752
9328
9992
7448
4953
4571
6021
6642
2972
3681
7141
9545
782
8050
7897
7235
9882
5048
2209
8549
1064
801
3988
5442
1279
3847
2349
5265
4544
3984
6418
1270
4862
3808
6573
7316
7899
7662
5940
1207
8216
9350
2515
899
4352
8950
2987
8205
7807
217
6418
3969
5669
3147
996
4600
4981
3816
3345
9399
3586
203
9312
1906
7859
9636
8834
7959
3310
233
6262
7484
8086
7082
1153
2656
1425
328
1222
9484
7256
7955
3543
9279
5845
7448
6990
2517
2348
5759
8212
4095
5405
2347
7689
10
4960
5771
7619
3565
9325
7563
6508
9807
9638
301
37
4686
325
1198
5380
3224
6483
8677
2841
3662
247
396
8390
7349
7747
2198
4197
7255
564
8571
7932
5830
9049
6577
734
7609
3273
652
1476
6431
6793
5942
9365
2428
1270
7437
178
5888
1638
9469
7122
2625
5265
3733
7745
8482
3636
3806
7464
2072
9517
1928
6179
2037
2371
2378
1435
1931
4472
218
7059
9370
4111
8149
3796
8037
2718
2993
7481
8861
980
4483
5255
6978
5761
9089
9924
357
5648
5134
6419
5108
578
9161
2242
9304
4131
2544
3384
8110
6359
5756
1143
9921
3520
4995
1274
3123
1945
3300
4379
5803
7818
4948
6576
2062
1301
5215
1203
8932
6101
2461
3584
6778
3367
2366
5324
2614
7403
5094
7932
318
1259
9358
266
4144
6132
8356
7489
1542
7869
2162
541
8909
6621
5358
4843
5107
7106
3846
9116
8374
3052
3916
6562
8340
5970
1852
5484
2937
5259
6612
3205
3701
5264
8828
5330
797
4828
3628
8777
5101
7407
2019
7718
9049
989
3753
9801
991
8091
2508
8538
9402
8695
1509
2285
3780
8529
4114
4527
9739
5749
8511
8602
2404
622
5493
1599
7297
2958
7306
8969
6524
406
3201
8758
7341
1171
5859
5815
5108
5075
3163
7510
9391
8135
1239
6864
7223
3637
8968
140
4273
6191
9876
898
3023
5557
256
8843
2330
8077
9934
3351
4961
4542
8963
9187
1755
3879
9300
9518
5251
4756
2974
8196
8466
9192
2835
7539
9030
3495
3782
5837
7955
3971
8392
1085
5202
3390
6550
4215
1439
3298
3689
4068
6133
9153
5657
3718
1736
5519
1247
3728
4504
5612
168
5234
7925
6814
4673
1989
9894
7450
9706
1661
3864
6943
7902
8985
7144
8846
1438
8429
5596
3776
3982
9024
7308
4946
9288
2485
5286
5716
6052
102
3255
8195
2912
3784
5537
745
7732
3034
3478
737
3519
8841
3416
1518
271
7085
8611
7391
5594
4480
54
9592
8906
5517
2499
112
2119
5568
4880
9797
3697
567
8704
9408
533
358
467
6838
7753
1964
556
9513
4815
742
7366
2750
4337
8
5272
9098
279
5467
8635
3092
1361
681
9777
4729
9762
9373
4827
4497
9456
2741
9561
107
485
6522
6795
4890
4385
9387
9007
2751
3082
7787
1630
2533
5992
358
2619
8204
4619
7688
1607
4334
2395
591
4688
3868
5108
2149
3996
7259
6073
9452
7292
4844
1448
3758
5048
9930
3729
9574
8443
5135
5521
3718
8274
961
2243
104
6378
3634
8198
6192
2144
5060
4413
486
5430
8452
8929
1287
2912
3480
5810
4584
9465
4034
581
9712
7596
6280
2165
6367
7573
2197
216
7153
2410
9085
6779
3130
8747
1744
5485
76
4290
9415
1787
9028
9552
6634
4556
8733
7251
6377
8952
2542
9984
72
5433
6086
4925
1092
5801
384
6519
3579
3051
1256
5734
387
3893
6916
7946
683
7558
360
4351
8806
3554
2338
5406
4143
6741
6739
4859
3344
1458
8912
4094
8578
4588
6774
6753
7741
1193
983
3872
1318
7362
4236
1568
1586
9292
9339
5606
8944
9757
1639
7843
79
6522
2325
6999
3657
6793
6111
1267
805
3090
4383
2181
8743
7913
4914
7522
1031
2392
386
100
4322
6692
806
6068
6576
7979
3803
241
6608
4946
8458
441
2392
2148
8596
1126
8032
8907
482
3301
740
6581
2772
2012
8015
5145
8753
6361
3705
1667
6949
3871
4250
1944
2677
3959
8827
6284
3516
8834
3272
6767
7390
167
7068
3763
3167
5454
6306
1727
9938
8605
1683
7785
8292
870
1478
2517
9689
4837
2587
8087
7454
987
5158
2429
2608
6159
1219
3581
3372
6561
9090
9405
9422
4052
6491
3687
8751
4511
4724
3056
9291
4229
2291
1195
6631
4068
2129
5485
7861
4747
349
9026
8486
9061
5048
5556
8460
8628
6369
4085
3150
5116
5014
6562
4314
2279
9497
9359
8864
9747
9011
9665
3381
1628
7951
2742
2468
7891
2543
6011
3279
7615
3776
3527
8869
4503
1039
4230
6691
9480
2372
7938
8156
3958
1542
8360
3272
7556
1570
314
7877
7810
4841
4798
6238
6259
1901
6697
1566
6031
4627
9238
2036
5336
8520
3009
9927
3679
3765
743
1400
6745
274
2053
5599
6746
6782
1329
297
3405
8920
8941
8752
1543
1158
1109
7403
6055
8048
3786
9524
848
8717
6185
2153
7508
9685
4807
6978
302
7706
5619
282
9216
9434
8440
5277
6970
9232
1687
776
2905
1403
720
8678
7983
2964
7111
466
706
446
7295
5189
1767
8376
7570
2975
5246
3586
1803
6782
9752
8683
4777
1614
7718
3979
854
2542
6488
7976
8822
5374
8447
2071
10000
2419
72
3636
9890
8514
8503
176
9454
1410
9769
1695
4379
3405
3807
4173
3171
7258
8709
4436
6244
8780
3827
5117
7869
2258
1778
2724
8161
2972
5435
9123
6685
6409
9804
6000
9823
738
971
1926
6216
4024
8283
7970
8897
613
1759
8636
1332
8955
2147
5067
5842
6276
3672
9445
3438
9435
9281
2482
3959
936
7861
5655
8875
6601
1788
7490
5976
5276
3356
4278
2454
9631
5554
4352
6243
6464
6139
1832
7496
5028
8542
5613
1153
1072
7635
2028
4435
8451
3133
5179
4865
2135
1876
1447
8609
9524
5888
6454
6601
8568
243
374
488
6168
5704
5617
2151
9985
6028
8651
2687
7681
2173
4558
6571
9718
6287
7953
9303
7859
3890
3482
5089
9899
2513
5143
4718
3226
3117
9926
7412
8824
3343
5406
2670
7200
3623
1862
4239
8288
6075
3595
9725
7085
1164
5903
6674
9196
7502
1857
4518
5760
2625
5485
7403
8341
3622
2335
352
6390
9688
842
8295
7108
2432
7142
7197
2116
7762
3475
9128
8446
6368
8731
6806
3499
3123
573
4
9427
1093
8596
5167
9181
4673
684
7757
7042
6989
3797
7099
4846
4586
3400
1091
5862
4626
3558
6027
4632
2634
6882
9908
8314
7000
6666
8474
7023
462
5234
1656
6700
6282
2036
7405
7477
5778
1632
9435
909
4797
4996
9329
3069
132
2293
539
423
9085
7501
730
5425
4605
3269
3410
4115
569
3763
2844
4652
88
6054
1718
6054
1575
1196
330
9212
251
3350
804
9596
7935
5485
9955
4540
9404
349
4303
3768
3093
124
4489
2969
7345
9083
2349
9418
3284
3318
7232
3592
3027
5540
1469
3946
9418
3930
4937
3156
7604
9938
6097
8644
9825
714
9797
3057
5585
9788
9423
4130
822
4600
9416
6353
5437
9013
3916
9558
5208
2127
617
9573
4433
8321
1303
8234
5552
2869
4243
1320
2171
3640
8465
5821
2484
4895
7523
375
5045
7896
9551
8021
6784
3697
8754
8609
7798
5037
1861
477
5627
4577
1884
3264
6773
7885
7991
9423
4087
4051
3310
9770
268
2997
9968
4873
5464
176
4391
6212
8747
5517
9872
1559
8931
7500
1548
4868
4380
5421
9954
9397
2933
2943
6080
5271
9094
3588
1400
7670
2935
7652
6277
5345
2713
895
8930
6915
6719
1075
5004
8917
27
6614
6213
8363
3417
4504
833
3224
8316
3654
1432
6657
8716
9815
4050
3373
4169
8326
8107
3092
4254
997
369
690
491
6293
5642
5383
990
9815
2908
7413
1364
3043
4066
4196
8332
8914
6839
5696
262
2674
4120
4803
4726
1647
7381
4315
6999
5270
8955
3546
5316
3146
8549
4482
9688
8498
4475
7474
7425
4971
8788
7397
1604
3140
6463
6912
7292
5367
8018
6279
8741
7061
1770
4320
231
7243
2671
2208
5059
1167
8387
6167
1664
6260
3440
9209
3029
1477
3513
9120
3030
9532
6428
2062
5477
4212
1012
9730
1415
9094
2508
3149
9318
998
5156
4213
204
444
63
4780
3987
3477
8519
282
425
8606
7582
3689
6012
3950
5378
2149
9025
4866
967
225
9218
5673
4503
2860
5794
8150
8342
1121
4204
8392
578
1524
1290
733
5160
5424
8391
337
729
1685
8382
5307
3545
6586
1111
1120
5583
4028
8728
2663
5288
3009
878
8968
1090
3769
4684
7134
9579
1785
1307
6149
9931
9246
4847
5841
7289
6816
1677
7407
8807
659
2328
1142
3847
2739
6936
6955
8360
7995
3801
9672
8851
3637
6442
5485
1515
4343
8577
7792
3348
3967
889
5160
4499
9807
3949
8072
6276
3058
5011
6045
9163
1292
2540
6542
26
4617
2697
8645
9285
6498
7180
6540
734
1192
6508
7082
8866
4660
4442
8109
3076
997
6943
9343
1344
6597
7362
7383
2630
4627
1097
3448
2498
4560
7074
1396
5340
5478
2306
3865
9557
5334
9214
5094
3319
9745
9258
8510
2325
9203
7564
6255
8444
2526
9503
7381
6856
178
9376
8843
4850
5907
4964
2959
180
902
8604
7364
904
2869
8146
8364
6646
4094
2026
3064
1188
4808
76
8119
7393
6423
6415
9996
2400
8013
1676
5078
6470
69
9259
7123
7805
6670
2546
4055
159
592
8180
6911
8010
1321
5980
1345
3203
3730
8413
503
5456
5048
6114
3547
3588
606
4498
9422
8389
8036
5961
6941
138
7217
9661
7608
3719
7515
1759
4096
97
4954
8250
5287
5399
5070
9355
9536
8742
3831
6935
5911
7069
4429
8275
1997
3810
5834
8448
9423
4590
665
8881
5100
1722
6049
4623
465
2163
1764
7885
874
8112
7841
9426
2473
7660
273
7931
4596
2971
6873
6683
8456
7202
8316
4539
383
4762
8841
9961
543
6729
7850
9740
609
7082
6584
5029
6933
2039
7200
5745
6015
3719
8727
6663
4181
7812
7221
9226
1251
774
175
1895
9052
5416
2098
7452
8617
7620
5672
9054
4641
3199
3756
459
8146
7076
5450
9925
8032
3585
5000
163
3323
4177
6092
2487
4485
4240
9417
7711
5951
3929
1423
9763
5362
4992
6272
627
6042
1683
4309
8944
9801
3453
364
6553
6567
7778
8142
4831
4864
1967
4586
5739
6323
1677
2895
8230
4609
3523
5250
6166
8157
6377
4192
2071
9903
5528
8350
196
9462
2517
8397
7507
5987
2535
9339
2741
1219
9442
7456
9861
1099
774
4326
6294
964
2330
8416
1680
7383
7604
8071
8520
4741
1184
9433
4182
8543
7943
6579
5285
1291
5553
1686
8529
6731
6353
4159
2644
3880
7792
3582
5889
3182
8087
4874
1907
5217
1727
7237
4033
1308
967
8062
6386
5490
7868
1923
5112
3203
88
3171
5461
69
880
418
8717
8033
2174
9301
5091
5129
5975
4951
6432
6142
744
8733
6197
917
7660
6635
9203
1124
9351
3011
6925
1354
3388
7887
4870
7019
9705
2984
356
4639
7958
695
305
4778
702
4488
393
8949
9670
7847
5090
4570
5295
9112
9252
1989
1458
840
8833
8174
6491
2551
3863
4411
984
4670
7391
1045
3715
7612
5394
1955
2903
2564
3651
3458
4110
1640
7165
3814
5894
325
9335
5763
6528
3046
8611
4044
3841
2294
9442
1224
2723
4747
7090
8761
1627
1844
6971
2186
8560
4330
5930
3014
9622
7960
393
6309
356
4812
4586
3669
7636
8832
7709
7499
8804
8945
7249
6262
3841
5209
3744
7243
8518
5481
698
626
4461
8530
5469
7876
3554
746
6569
3741
4641
5771
3647
6238
6785
3346
1139
1122
8952
4084
3279
5443
2048
102
8738
1105
5362
3503
7009
8214
9022
7695
5659
6774
4761
4596
3797
9869
8975
3821
6290
7744
7763
6638
5511
6436
322
4017
4583
9843
3123
2509
8428
3026
2818
8885
593
3082
3460
4941
3179
2295
72
3857
7793
13
4348
3616
2365
3505
1571
6640
5815
2245
9487
4943
6526
1430
364
4753
7823
1805
9196
5397
4167
740
6305
8998
2267
3556
5203
5539
796
8818
254
4319
1549
5678
1649
8316
2132
3033
6787
8715
2074
5537
1144
3343
3625
8787
7618
4062
5563
2723
221
1332
7951
9646
4018
7186
6136
7102
8129
2375
5611
9237
9104
3451
7954
2629
8808
4419
7587
5276
290
6721
3867
7445
8358
2374
9463
8309
4162
7951
1063
3580
7437
7349
1606
3700
382
2629
4803
4499
6848
79
7529
9295
1500
9808
7425
6704
1203
4609
496
4276
5145
3750
8766
2432
2923
3181
8507
7903
996
6558
394
1661
2900
4325
9639
430
5773
6165
3831
8916
1446
2209
8280
5195
5024
935
4457
4469
7022
8748
5775
7856
1248
3591
8010
8204
7268
4475
3238
5785
6411
9576
3261
775
7647
80
1323
3213
7154
1509
7316
6267
5202
4247
3457
6003
4675
2811
7543
2298
4220
9964
581
8081
7708
9620
3359
6594
5960
8521
3976
1991
5333
6402
2167
8876
5446
7359
1729
7761
4125
6334
4896
8722
8126
3265
2446
5575
9878
2874
6433
7645
9725
3395
4213
5314
4836
8413
9992
5389
2846
7018
9078
9342
9778
4198
9297
5515
4818
2752
8769
3376
177
132
7558
5654
3998
6365
1514
8082
6576
9919
8608
9361
4287
3180
8274
487
9462
4076
6087
6152
7567
6291
13
4747
5536
2272
1884
2132
2779
32
2915
5894
1401
6319
2901
4906
913
8226
7042
901
3421
3460
2080
3170
303
6500
4416
5219
4811
8614
6602
6947
6143
3349
2034
8510
1184
6619
4837
6180
3005
2986
9835
3472
3517
8685
6445
7173
8650
6637
4457
3077
1489
2476
573
9324
7923
4854
4475
5327
1029
3506
2060
6686
7758
607
6129
1327
9181
7191
5937
4169
3855
2761
8330
963
366
5171
4854
8537
8068
359
9817
3156
9014
3496
5851
7334
3792
7955
8095
922
3784
5329
5307
7184
362
9697
3634
6893
3666
4736
1467
3983
2546
9790
6595
5762
2454
6629
2505
4889
4703
1392
115
857
4301
5098
4695
9352
5556
2649
3633
4190
1076
829
9208
2161
9838
8124
9643
6175
4516
7338
5061
21
4368
6271
4416
9444
7881
1663
8133
2842
4120
4911
4357
3809
4645
1295
7069
2546
5732
2504
4956
2889
7194
6995
9114
5740
3821
4214
2839
8545
4352
5346
9748
6563
6321
761
5913
1634
8556
1281
1581
306
7950
4463
1929
9507
1172
5088
3227
8716
1305
7054
6533
2369
1270
8509
4983
9286
3518
9187
8704
5368
8855
50
3743
2751
6837
7272
1435
399
5149
5729
1239
5205
4841
9303
4693
7171
3585
9794
963
3181
5977
8183
7747
423
6400
8979
1972
5306
3440
7233
689
1545
8573
4578
7394
3322
192
6476
7793
3225
8382
4512
1199
7350
8147
2807
2289
6355
2323
7914
1675
4646
6356
9409
7477
9638
2879
2282
3068
1654
6399
4623
8402
6234
3395
1628
9861
1585
9884
3955
972
7445
4727
1468
9881
1457
1875
5136
4949
5471
2697
9099
6810
2209
1845
3180
4084
6900
4997
4465
8829
8791
1662
1926
461
2929
5763
5279
5246
800
2984
7293
8512
4418
9439
1904
7104
3176
9324
6312
8389
271
2197
4337
4576
3345
6424
5100
6380
8306
2630
7168
2548
3923
4490
4594
221
9491
8430
7204
2866
9804
2840
9282
3769
5666
8389
5100
2312
1225
1699
7393
1672
3275
2732
710
3040
394
333
6466
6818
7868
9394
6838
5014
4383
9672
9846
2404
417
586
2326
3765
8675
84
3227
7058
6926
4835
7221
4938
4695
7402
322
6568
435
3601
189
2000
6239
5141
2553
3293
4465
2881
7159
9199
9051
6719
4134
3879
3376
3540
2642
5811
4059
5036
1227
6881
284
8085
8029
1330
8388
4409
1100
3731
5195
2637
5428
1258
4518
5169
4720
8864
7231
2463
3526
1430
4635
6640
3650
5074
2748
3324
5792
8052
9864
4652
4912
5340
427
7069
6818
1769
910
7273
2671
9696
7077
9300
9429
6909
9839
6683
2545
9318
2261
9393
5969
187
4312
3464
1335
8041
8624
8233
1200
8178
3947
2616
980
9325
489
1759
4937
7149
315
3758
6066
8633
8059
3114
3398
2907
6683
3563
1014
6220
6625
8809
524
7967
7290
3591
2287
8067
5653
2428
9118
2652
7057
1475
7065
1461
2363
3250
8389
7367
3903
9095
6642
3573
5905
1825
6718
3466
8268
2230
4597
6204
6476
1038
7733
8210
1492
4223
4232
5537
4721
735
168
5525
636
4170
7384
9615
4542
3593
8452
4928
558
1541
2446
1410
9902
7430
5148
9140
7897
1148
5529
3185
1181
4939
4701
3633
1053
1337
1624
430
8055
8362
9217
1240
7197
9269
7719
5848
5099
6471
2921
3656
6253
3194
4380
8043
618
5222
4018
3376
4661
7995
6857
4589
2722
7896
4144
4701
216
9491
8439
4348
7900
745
1046
614
609
8159
3927
1233
545
6176
8801
6894
1144
178
5476
6380
7700
4837
2892
3319
9056
1811
4271
2798
2338
266
399
8336
7783
4246
3135
5987
4827
8744
514
4926
3168
7910
9624
1841
4734
2835
3922
4396
1600
4449
7650
5087
6099
3984
1044
3813
5404
7799
6478
3175
8129
1700
7397
5910
4513
1991
7459
8358
1066
4487
5615
9677
6743
4953
8886
2245
2389
4514
7204
1680
7247
2991
850
2457
7460
4286
4267
6483
8579
6667
1841
153
336
3457
4267
987
3872
424
9422
5992
2522
7099
9074
6771
9530
1938
4940
1270
5119
7083
4069
2573
9099
333
5432
6617
4994
3374
2279
2774
3731
6630
2426
5082
2052
9643
74
4328
201
3686
340
7085
4032
1453
9595
2102
5885
6047
7211
502
9202
944
724
6330
877
5356
1752
6059
3290
5027
5525
5771
2814
3032
7473
6689
1595
9830
8320
8180
1309
321
6099
696
2219
8871
392
4866
7079
616
7346
9064
6291
8168
7725
5948
8806
5932
4422
3078
8721
9486
8523
7541
5685
3080
7233
7843
2067
8301
5058
3697
4641
9272
3052
8183
1703
1899
941
2019
1137
2861
7920
3543
5415
6107
7747
8402
1069
8023
1387
2155
3236
572
3424
8543
8558
6767
5564
3346
4035
3457
4544
3273
7936
8777
308
4105
6897
4882
9332
5514
4629
7484
542
1638
6623
3855
7555
9912
7443
1654
1431
8855
4044
3388
2237
999
1366
2190
1015
1185
5895
1453
8567
7705
8669
2944
3116
938
4053
9722
54
8783
8732
5178
8395
7856
728
7801
7308
2533
4887
3795
5674
9854
7966
3666
5909
4779
5064
5430
2335
209
6177
4002
6858
2415
7523
5663
6090
1069
2396
4186
1803
7045
5042
9316
9401
3239
2631
9514
8835
1734
1991
543
8872
4121
7746
9067
8469
831
970
3087
1483
3975
9528
9805
3673
1660
5909
1844
7702
1963
3923
235
9314
9168
9752
954
6544
486
9223
5514
6682
7056
8612
3832
4210
4700
4618
6361
9539
7553
9083
4838
5688
9875
8953
8842
3457
7987
5420
4542
3166
4074
1595
5801
5721
6962
6594
7819
3558
1452
6428
4479
7296
4179
9428
3964
6490
6488
7005
9405
2668
7334
8799
7654
2481
1817
8971
1475
3481
172
1908
8863
2430
3025
9506
5647
1957
7257
459
8712
5225
6914
1232
9065
1484
2586
6221
2863
8885
2130
3807
7273
4762
2749
389
8862
4945
650
8344
2782
4761
2844
8811
7678
6411
6986
8289
4874
8799
641
4691
8653
8316
4501
5686
9445
8785
5547
8664
1527
26
1390
6863
8898
9727
3894
36
7488
3770
1225
7529
4041
5908
5877
5593
2897
8940
5006
9220
9130
4639
3793
2210
4262
3063
4286
1199
7634
8213
9233
9717
3366
783
8235
2253
9418
5760
3046
2607
7981
7088
1753
1686
3027
8837
9178
1813
1367
1553
1808
5685
6338
1059
8000
8018
7573
8762
375
8574
1999
6974
6325
711
4534
5426
4674
4912
2963
6568
4697
8850
4121
3470
7080
5916
9083
9340
4068
5789
7231
9644
9339
7787
8349
9224
3330
3296
1966
8658
6611
582
4325
7534
4763
3544
8229
6942
3431
3709
3383
553
780
2154
7303
9051
9103
3672
5489
318
5219
2795
2490
1850
2353
3092
333
7053
7899
688
4360
187
2739
1035
303
7782
3299
1961
5200
6057
9883
9523
6266
7407
6162
9033
319
769
9845
9202
3917
1589
3113
7468
6181
9516
5408
1490
9837
8080
279
646
1682
5244
6824
5787
6762
2120
4842
9705
2096
3280
6940
7061
429
1204
1054
2066
2869
2440
2675
6637
3049
5270
5255
9801
9217
4166
5180
7345
4555
2135
8796
4163
3001
4209
6897
4249
8358
6985
3427
5296
6555
1082
6333
2302
4523
1549
4447
5721
9386
2435
3364
8791
165
8688
4362
5305
231
2222
4018
4325
8092
3838
4483
26
4254
8443
5795
6455
194
8764
377
7869
6862
8546
6223
4389
8041
4411
6764
8051
5866
9517
8670
8502
6389
3812
6687
9439
216
9615
1597
1703
7414
4495
1259
1553
7577
9535
1988
4414
6946
3423
3278
182
4297
834
6102
7193
2650
8234
5868
8754
6098
2385
366
9432
6517
9928
7416
5205
5251
670
8611
3732
4047
382
1927
9522
1018
2920
9948
7850
8545
3746
7349
8904
7827
546
7115
9473
497
2851
3013
2954
3901
3100
2422
7071
4358
6670
5058
9483
2125
102
6304
9874
6223
2848
4825
1055
8063
7090
8413
6004
6070
7637
4482
1619
35
1189
3732
8921
8651
3107
2604
7210
913
8155
417
2245
3602
6805
4045
2571
4911
199
7139
1841
3988
5328
2441
1340
160
8243
215
9754
5473
751
4550
4158
3718
2340
110
7004
2270
2185
1774
5991
9382
2966
6559
5009
8320
7598
529
1399
8327
5163
2046
2550
5804
9367
696
3494
3139
797
8685
2810
1043
8005
3230
4753
7890
5333
630
3836
6530
2321
8355
6415
7336
3622
1793
4614
3274
9783
6930
8927
5125
8892
9053
1097
8463
4410
7678
2285
1169
3769
9526
5475
8901
8944
7013
6006
1561
7922
126
7215
2641
8148
1452
4655
6239
1857
8193
3846
4788
419
4963
3295
7721
825
5047
9072
3948
3671
7050
3916
5386
304
6448
2937
955
5088
1154
8332
1313
1932
4919
2040
9710
1389
7552
1974
1415
9355
7239
6255
6658
9488
1272
7978
2813
6877
9254
3098
9027
4019
1865
8453
1591
3588
3444
4053
7963
8038
1676
993
2470
378
961
7124
519
8020
8284
1069
969
9125
1877
7130
7436
4008
3733
4741
4964
4275
2230
4673
9201
8461
6968
1112
2588
6509
1633
5106
667
9855
3431
3970
3417
8349
4433
7626
5514
3454
7615
3005
4406
8152
7894
7170
3018
4670
1636
5306
4595
5573
1687
1844
8413
6031
4682
4759
9148
4096
6860
7128
1084
4631
2814
5226
4991
9929
8244
1881
7213
606
2734
5048
3527
4709
7539
2904
7149
7595
6202
229
7282
5510
7297
8158
903
2947
7774
8264
4288
1189
321
3264
6592
9112
5573
2022
1100
7347
7650
6677
8235
9124
814
5735
5402
4414
4087
5234
5878
1367
1408
7398
918
4273
3759
2946
9953
8153
6507
3415
6754
4772
2162
8050
1444
6405
4710
7434
3071
3354
6904
8361
6815
6239
6162
3801
9469
5350
5637
4259
2966
3422
5706
8498
1513
1219
6556
3894
4587
3632
7256
2995
2160
9176
2344
4195
8184
1709
1824
6713
8032
3809
7731
723
3842
7814
3912
2639
4075
7994
9506
3207
4658
4171
7847
3948
3608
5640
8447
9203
21
5808
6862
900
3398
7942
384
3284
4292
7876
9133
106
8217
2629
1659
6
2361
3644
4331
6741
8346
2333
2041
4928
4030
4496
9056
6426
9594
829
3358
1995
1665
6203
2987
4821
3725
9500
3725
1237
1471
665
3589
5169
223
6193
1451
4892
6797
2757
1178
270
5789
2144
5425
1891
8010
6601
5504
9109
2834
1145
568
44
9666
5505
4108
5930
8784
8071
3768
9373
1192
1861
225
2516
6925
8763
7973
1294
2555
2470
1221
2992
3987
6955
3400
3983
8074
7791
1285
2032
2490
6242
3706
327
8743
7745
3166
1850
3383
6131
2022
1088
9649
546
7151
3944
8207
369
6764
9675
3387
9963
4305
41
7626
5515
4989
9145
6909
9391
6478
9264
3522
1802
3643
3695
2616
2877
8938
5702
8427
6940
7402
4638
8833
6297
8158
2076
1535
2149
2404
6826
9396
7697
4220
8269
3142
6390
585
7386
4459
1796
5197
3022
4475
9415
7112
5413
2216
4717
4869
2924
821
972
7313
4524
411
1432
8764
6527
8846
4611
4935
8777
9926
6723
2859
8874
6809
6478
9920
3490
5733
3814
2037
6956
1477
801
7772
7906
4323
6276
5602
7290
1845
8274
4772
2449
2877
2683
8541
5201
1096
6487
9209
6188
8910
7508
8025
5811
1922
8028
2717
4665
9726
6996
7035
9933
9927
7923
7505
9067
708
7735
4352
4192
2772
6742
5676
3098
7736
4562
658
2878
6625
5503
1115
1495
2914
7884
6211
2690
642
468
8326
6769
7945
7944
6814
5646
5824
691
7316
6654
8348
3735
7766
9481
558
2445
597
1371
4398
9911
1670
2194
2722
6745
5283
5528
5438
4962
2484
8582
8668
1990
5524
8321
4890
3731
8139
8438
79
6563
3529
1204
5903
7345
6118
9750
6104
6061
6959
9809
6304
6279
6595
6748
4283
2966
106
3756
6288
61
6553
1895
1448
8753
6306
2378
5699
4555
9646
6508
766
3432
2571
9223
340
9479
492
170
4707
9232
6367
9437
3755
8057
6959
4868
7893
2541
7547
7604
6080
3024
68
6733
160
872
4495
1339
9130
8794
8844
4068
6820
9639
1753
5819
5627
1714
8059
3977
7867
8186
8545
5973
8207
7453
8888
7956
7506
7610
8741
5481
5316
9801
9038
3849
4680
1011
4281
1119
7216
2982
3212
4809
542
2765
8426
9096
7200
4709
8615
5917
3773
9235
8433
3804
9105
9036
4918
93
1894
3976
372
1121
7840
8359
3448
7692
4988
6835
1847
4596
2300
4638
4782
3965
8050
2233
3039
7818
2326
25
748
4939
6801
6380
5650
6766
112
6376
1081
7086
6225
2613
3260
4083
9813
1683
679
4114
6861
2770
9607
9319
2394
7563
3743
7271
6752
9578
9655
4947
3788
9858
293
8194
8890
7377
7711
4165
4060
7822
3792
5979
6790
7789
3999
1103
5777
3582
5063
2514
5917
4286
8262
8482
5103
7419
4365
934
2306
6931
6297
5134
1532
6786
1812
3036
1121
4198
6751
2041
333
4808
940
849
5754
3076
9197
8384
6214
3373
9323
4848
779
6807
5925
9892
1140
7725
9891
752
4716
2526
712
4014
8781
8251
1697
1986
6916
7918
576
5412
7495
8610
2135
5724
1334
7942
6777
8254
3850
1468
8667
1680
7936
4766
9436
4956
7524
1402
5057
3694
4038
3710
6052
4630
5508
9696
1466
5081
5332
4499
2968
4502
5395
374
8099
7056
4061
1363
7161
4643
362
6086
5487
5207
883
2807
5786
4502
8527
2201
7908
5047
1900
4454
629
7129
4207
4335
9737
4819
6398
9062
4635
6825
6333
2711
4419
3767
2991
9902
4830
3933
2151
7767
8538
4873
2711
5146
5483
8906
2965
8010
9560
4341
1417
1005
5339
5093
1277
1414
6509
8579
9148
7756
9400
6207
1389
6383
187
2373
8901
4884
1528
2193
6176
678
4774
89
9462
8198
6793
6825
9899
1078
6924
5394
6587
1810
6861
1668
2119
7567
4643
1847
2155
2647
6566
5264
2114
5388
2440
939
9588
3132
9185
2461
3498
8692
8074
1126
8297
8090
1422
1161
9136
2657
9851
514
6941
9825
6502
4358
8446
3287
2814
8666
3653
604
899
9291
6360
7060
5348
8001
8069
4448
2718
1945
5869
4892
4924
5915
2057
5875
3960
4872
1237
5331
6789
622
6078
3000
2573
2623
2657
4762
4333
6305
3828
8437
8410
2077
2693
4252
6883
503
2592
5377
4703
8882
788
2939
7514
5218
5128
7503
440
4151
646
2510
1068
4954
7572
1599
2819
8386
1931
1342
1536
436
8360
5928
3226
1686
9683
7644
4958
3658
7736
4756
366
4967
4070
8878
3672
8739
310
8326
9003
1543
6190
1392
8091
5982
9214
2399
6679
2751
4102
6377
7891
6690
4874
8864
6248
4889
8739
4947
521
5672
8493
2088
8891
3040
2561
7906
5390
1054
5843
134
7576
9561
3219
8009
3367
4784
1437
7458
4718
6732
7492
9186
1510
1921
5863
6283
2844
4025
2990
6734
7846
9126
4806
6764
1504
1330
2257
8580
1720
1960
4931
1258
6937
477
1171
8578
6886
7055
4269
4899
5370
4620
6286
1331
1033
981
7765
8304
888
4427
9323
3072
6192
4376
8515
7630
4615
5524
1070
2845
3244
8749
3456
895
4915
6276
6946
4518
9469
9274
6109
2760
8372
1907
4820
7395
2883
7351
9539
7242
1050
2698
6962
8649
618
5389
9474
5287
689
3000
4705
3274
4814
344
1361
239
5321
5270
2464
3032
4786
8571
9269
9961
5721
3749
7510
2844
5258
7718
8654
9982
3106
3058
2238
8281
6073
6242
3328
6465
7663
4119
9779
8916
6163
5356
7761
5973
2795
4464
5434
7853
1171
7647
5737
743
8837
8157
6393
685
2034
9142
7782
3373
6958
1729
4820
711
1379
35
4889
265
7642
8253
6201
475
3255
1483
1500
5205
9283
8828
5703
7922
9027
816
589
1639
2361
3937
3357
3842
7437
6309
5021
7555
3125
7762
1538
3433
1658
5661
6632
4161
3126
720
5163
7274
208
8636
4572
5668
88
7028
2376
3246
371
9196
7540
8558
7604
4367
9524
5774
7881
6888
4245
8971
7704
2452
4526
8417
8909
3359
1513
4119
3276
3591
1844
3447
6035
9630
5100
3656
7878
476
4193
2340
2642
6766
6837
9889
5444
394
1671
6607
3844
5338
1239
7387
3985
3342
8661
2810
2130
8683
1064
3973
2900
1489
526
5539
2028
4046
931
9973
1649
51
9283
1211
8596
3087
7098
5004
6984
4281
7561
8949
1278
481
7340
6499
71
9200
2536
1856
4101
5011
9711
2721
5961
3875
2079
602
5693
5642
7429
75
207
4768
7087
1536
3026
6695
1341
2180
2585
8329
2881
691
3235
1637
4310
3952
1627
3128
7799
8736
2578
4097
9324
672
7778
2203
3200
7131
2945
8028
4560
3483
6357
4545
3430
760
2111
1989
1364
4335
7792
8823
6304
4794
859
3448
6775
7003
9464
5222
7003
7003
1953
4238
8764
166
6253
5693
8489
2812
3059
7415
8858
9864
8555
317
5053
2899
4018
7068
1562
7301
135
5428
2318
7927
3061
1201
5957
1327
1687
1767
6755
6478
8294
7813
5152
8667
8916
367
7053
638
5254
2664
4681
6201
5396
4816
7998
5687
9192
15
4235
9659
4368
6234
7928
4808
600
521
7043
5918
9920
4400
1173
450
9959
7201
4748
6689
8338
3909
1820
6640
9080
9177
609
4294
8151
4462
7073
2342
3355
5688
7144
7887
1114
6869
6402
580
171
3812
1327
6865
963
8366
1602
8355
920
7038
9588
2359
4562
349
791
3980
7638
6627
8635
6564
9086
4260
6826
3249
7302
5098
935
6290
1821
3525
5651
9249
9067
9368
6810
7050
7990
8696
9006
9897
2405
8538
3407
2969
1849
4238
5295
8997
2951
6771
1027
8212
4566
1969
3913
8298
464
2612
5902
6665
3414
2745
5658
9740
9060
1066
8039
7692
1604
4046
3687
6752
7310
6952
6872
3071
728
9350
7900
4978
4116
3783
9459
2502
2233
5004
2419
2959
5745
6565
5903
102
9829
3858
358
7790
5131
2400
302
5558
518
4795
8379
1761
908
8842
1591
6818
6132
9293
4587
6456
4332
7848
7675
472
4970
9760
3127
8834
752
5020
9190
3150
712
9588
3049
6757
1651
957
8304
9227
7770
1669
1762
8329
6530
8179
7698
986
6889
3697
860
7921
3738
8561
5076
3691
9742
2058
5196
6174
7996
6840
8448
3664
7916
1235
7317
3276
7023
9635
6555
8469
8590
6076
9883
9938
2425
2102
3532
4406
5035
2628
3211
4408
4236
9104
1984
1250
2901
4769
863
6505
8683
163
2304
1200
3465
6846
2064
1017
2886
3240
1139
2548
4437
1892
2256
1685
4719
3010
5214
8210
8044
5546
9209
4180
8364
793
5739
1668
191
349
3127
1361
5181
6491
2911
8510
170
8872
3890
5435
9163
9559
7584
1026
7412
6385
1184
2003
5905
1384
6486
4429
3723
9524
1028
6003
5703
6894
1404
3397
5010
6477
9828
5760
4582
5760
4415
6056
725
6290
1732
5686
3821
8143
6198
4593
3282
5096
3328
4933
7417
6767
9441
6877
272
4563
8623
5606
9291
1448
7239
7136
6390
6348
943
6231
9261
7060
1855
8568
687
8582
3129
5498
2031
3852
2346
6138
4740
3805
30
6542
3732
3899
6208
7728
3968
806
6129
809
265
1380
5883
7743
2619
724
5889
7601
5743
5377
42
6540
3189
5706
6456
8388
7748
4558
7680
4070
1651
4022
8575
3562
3719
1769
4295
6548
5590
5953
2950
7532
3136
8242
3863
2735
2187
3684
5270
9608
9745
3237
4824
6874
3995
4386
7774
7506
7661
4837
749
8943
2769
2794
5646
741
666
1819
3840
4074
275
7303
8928
7215
6328
1961
9577
1194
1119
3239
222
8046
7911
5852
4939
1988
8235
8699
4090
3053
8598
2437
7625
7608
5466
4290
8336
5366
6257
6233
1368
7580
703
2601
115
1061
8791
1784
8672
2102
6274
8591
1400
6777
7304
7574
6197
4602
6607
6787
2817
8123
6624
7060
4845
2491
6369
2263
5696
6997
7750
9809
917
2
848
533
7960
5405
8858
8805
3483
426
2125
672
4026
4429
1130
4919
9328
7610
8789
6151
7702
3494
2571
8447
4403
2300
6907
6781
5894
3174
8045
3652
9760
9553
9799
1308
6808
1876
5381
1449
1290
4936
4086
9435
6107
260
5999
6714
4630
1571
6539
6299
3852
7001
5676
8730
2992
6979
4763
7209
9199
8786
6532
2910
3685
8036
5180
9685
7968
3807
8182
7797
831
9069
963
5711
9361
8229
9021
4777
7201
4103
6280
3836
2952
5463
1830
421
8233
6491
9201
2208
6056
7190
3175
9949
2856
7749
704
2920
162
6705
7938
4493
5060
2463
2126
4651
5808
6377
8090
9766
9580
3062
4996
8241
1912
1768
2164
4711
2900
1046
5548
3099
8019
4625
8057
9363
8199
1003
290
243
7563
7726
9486
2707
9184
5063
1560
3640
6875
3440
1052
9834
6515
1222
6052
3400
3377
7444
1978
7563
8010
3411
5261
5906
257
1503
3895
8345
6901
4287
1588
6455
3746
7362
6121
5354
7592
9700
8203
3768
6350
1750
1618
7194
6086
3295
5734
391
3399
2892
9173
7925
7137
2385
3726
5577
5137
9864
2988
8314
4654
5138
8756
9782
3660
9298
6465
1618
6748
4258
1969
4157
2625
6387
3840
6729
9061
2577
5973
1864
3179
617
7697
5719
8265
4018
5949
4076
6267
4404
4990
5012
1881
3511
7976
203
1826
7181
731
9938
4558
2616
5104
9285
6757
4130
7274
6520
4837
3153
2956
7921
8594
5924
3044
7334
4385
8679
7883
7542
7320
9187
6636
8791
3338
3424
8832
9044
4011
723
137
7481
9254
5324
7399
3473
4247
7240
6733
3240
1051
9213
6555
1988
3586
567
37
8789
7230
4455
9078
6923
5151
1700
3951
8412
8637
1014
1730
8401
3594
7841
5244
4559
4098
8268
7162
8240
5488
5622
8910
697
9290
9042
3260
4151
6442
8912
1990
2222
8214
5380
7907
6314
7249
671
2647
455
9976
7823
4907
9819
7687
7587
1624
7475
5084
5916
8404
1944
2731
107
7760
6026
47
477
434
8315
5599
1848
5553
160
1041
1766
5132
4353
9960
6188
4164
5101
4639
958
9510
2701
6549
2019
5286
1334
7331
683
2116
4916
7921
8058
8765
8693
3001
165
6521
6717
1520
9814
1229
8254
5865
1449
2603
9771
9190
6247
3817
2290
7729
6799
2443
4229
7326
4810
8214
4301
4628
1792
7700
7672
8730
4400
2742
9708
251
8294
1544
6896
9361
5280
9065
9306
5508
1896
6936
6559
4558
6597
4595
1518
5863
8619
8503
9228
1766
5487
9900
6035
4328
7331
1650
1997
8660
4420
8931
3121
4296
2269
3868
8463
2929
9846
8767
1564
3909
3574
9697
5041
975
1891
8169
3029
5581
3218
7480
3743
4412
5044
4415
4302
1950
9304
5891
4991
4672
1841
196
1861
2216
8809
6306
8588
6553
7161
4395
8516
3747
7711
9164
5486
1211
1955
3769
639
6760
5314
8772
4344
1882
3589
1018
6187
1006
4032
236
6074
2360
7163
8565
1192
1307
1430
6084
8270
8169
6593
7478
357
4124
3318
8227
6945
6127
595
7442
8603
3703
9504
7444
679
9321
2905
753
6077
2427
661
8459
5040
2802
6102
5091
1390
9321
2016
8397
6432
1679
2217
6982
9502
2689
2644
2320
900
1048
3679
2536
3380
8987
699
5429
9548
9139
7807
8186
3508
4999
6652
9277
1311
8359
2849
2495
8230
6544
5572
5492
1636
2102
5449
6029
3199
9272
157
5903
7834
4825
7579
6651
8056
9354
85
5085
148
9687
3439
1484
508
7426
4404
681
8914
8914
6123
9741
4706
3911
3991
262
8284
1102
586
9723
4740
275
1896
6167
862
6493
4551
1031
7330
3372
8333
3395
7004
9297
735
5658
213
233
5876
600
967
4423
2201
6082
3568
1205
3033
3138
4815
1211
4434
7519
8245
9808
8595
2539
4739
8055
2042
3806
9924
6591
8493
6377
800
5554
1661
6847
4117
7607
3297
5682
6177
746
8201
4178
4120
7253
6386
3305
766
5815
8968
650
4466
4157
9720
6659
5409
140
6630
2724
1183
477
8127
3536
2186
131
9398
2560
4731
1328
6965
6195
3412
495
4540
4964
5284
5387
3765
591
8920
3902
7783
3060
3849
7243
7649
8843
3631
5387
2672
6698
3142
1576
6508
1558
2980
3422
307
3004
4912
3227
2751
9701
2298
4534
3469
1467
6573
8127
3107
9332
9182
391
4258
5973
5548
8505
6284
9743
4245
8710
2086
6511
5477
432
5606
6837
1746
8063
155
1704
3225
8222
8497
397
1798
1846
4635
3168
4269
1266
3065
4431
7533
2733
3596
6324
5108
688
5360
5026
9869
9441
4201
4227
760
5107
5113
3629
81
9110
8280
6415
94
7154
8021
8478
1149
9539
5538
6829
5932
6413
2038
4635
6136
2743
2249
6516
6229
2425
9112
8493
4313
3012
3922
4599
8817
5520
9454
9374
3848
2505
3727
9759
1079
7417
5624
7244
8053
1787
7752
6750
2126
4993
7994
4078
2970
9942
3345
7453
2457
6721
6783
2482
2147
8954
7504
869
5895
3535
5543
808
5039
6261
6450
9631
4187
1867
314
6076
8974
3321
7493
3328
2635
3057
4113
7303
5522
4550
3322
1323
1531
3746
509
8731
1434
3902
1442
2093
8989
8274
3079
4301
8925
5442
1128
8514
3178
9211
8343
4939
9427
5820
1646
6314
135
8040
9708
9460
2476
6793
9958
4726
6155
309
6493
5142
4395
7176
2848
4871
3279
4402
5787
7255
3496
785
6468
4164
7380
7856
6612
403
8694
786
9215
9835
1949
6890
9427
2548
213
7610
4195
1828
3529
8467
6898
169
1772
8203
1345
1113
7147
2959
4837
7080
3980
4739
4888
4144
2016
4155
2926
1317
2998
1772
7
7014
3796
5085
9426
2869
3155
4988
9487
4094
9337
3947
4609
8174
7748
2283
9559
8271
3179
7170
8598
446
4097
4783
4631
9102
5200
208
5593
9311
745
9112
9302
2382
7344
556
5917
1291
4528
8217
481
5394
5607
2705
4353
4715
5171
9899
4189
8851
1618
8053
6845
6552
6595
6572
5706
314
802
7342
6130
7070
8137
9566
696
6178
4051
6757
1117
8815
6335
376
6214
8795
6611
6900
3790
304
3031
1696
5839
8966
3895
212
4923
423
7728
6010
1318
9285
3031
397
7785
97
1631
9492
9858
8935
5202
5904
557
1156
8271
4675
305
7262
7705
2326
9930
2619
5333
3831
9046
340
2429
7991
1106
1308
8744
8818
7461
4725
5252
8343
2432
6146
9950
344
6717
6702
2621
8472
3130
3558
3608
732
1646
2307
9173
7038
640
4666
6285
5032
477
9306
6266
5732
6722
8182
6165
3999
2888
4915
7883
5481
5415
8718
6356
2060
7965
7321
328
3988
2124
680
5459
9012
9539
1509
2267
2253
6925
7796
9285
8043
5660
2723
3104
1367
4729
1279
1617
4930
6111
8815
3332
3807
9657
4361
6852
7655
7570
4880
8019
6871
1323
2822
6465
5979
1548
7228
1626
4669
3471
1327
7145
9818
7463
356
2554
8186
283
8350
7085
1978
771
1539
191
7984
3762
5096
6143
8404
1392
4643
5639
6791
8483
5685
2178
8054
4465
3779
121
4482
6699
4464
3720
8756
4273
8962
225
5875
5226
6214
1884
6306
3192
8429
2509
1397
7213
3039
2957
5413
483
7196
3549
6203
2409
4285
818
1596
6235
5794
7686
8750
3260
1402
428
7858
405
7395
8232
2178
8272
8577
663
9427
221
6981
1248
9453
8005
9902
5645
9707
5808
40
1201
762
4046
9761
4305
7108
1788
9054
5109
8431
3563
5504
94
9019
3360
2684
4363
3031
2345
1315
9873
4236
6609
6605
6258
9665
2216
1236
2676
1634
6376
3282
5475
9958
8670
2659
469
9831
7988
8879
6025
305
5536
8954
8438
2644
9169
594
1525
5188
7648
1582
4759
6347
9417
2947
5721
6431
5326
2850
1205
2873
3179
8827
4857
8127
7366
4021
4914
4077
6738
3723
276
8376
3797
947
1410
4470
330
8654
2299
1899
2199
20
3369
2634
3561
507
1137
8913
2284
5037
2297
4768
6475
8573
6894
1648
7702
5249
7733
3842
3847
8882
4525
272
2566
4952
949
5814
1276
6902
5187
3442
3632
1786
6817
5616
9122
2980
5274
82
669
2911
19
8653
481
6815
8778
8160
1222
42
8279
9102
1800
3427
3757
6382
5568
2775
8514
1930
942
5461
9327
452
1357
4381
4845
6307
917
3275
171
378
8270
1371
7781
9398
1275
8844
5644
2413
5219
4608
4565
7812
9331
9546
425
5672
5417
460
8656
5337
9101
5633
8945
2781
253
8443
431
6048
2097
3126
5535
4271
9650
1185
1064
6711
4248
8065
849
224
3983
4457
7025
88
6328
4489
3522
2415
8628
1008
2177
252
9032
2408
3163
1933
9246
4793
7573
7287
4333
7153
5818
1443
118
8276
2939
8374
3553
429
1120
4344
6539
864
4890
8085
9627
63
323
5138
6615
3460
3818
3451
209
7404
5357
5310
4119
7867
7012
3238
6739
3589
4875
2116
6102
6769
8960
8848
5565
3761
1356
5642
2725
9608
6026
8576
9668
9674
2499
9142
941
5836
8100
6474
8958
2645
1324
8281
997
8572
4338
8738
1547
9443
572
9261
3291
9226
5789
8902
2544
6
4918
6242
7613
1980
1100
7588
6935
4835
9234
7901
9343
4703
1905
2109
5464
4958
2287
2856
4996
2510
6069
5154
9599
4369
3659
6066
7702
3538
6402
3328
919
6458
5467
9668
4348
7811
7610
7461
8975
526
3878
6651
2566
802
1156
480
4213
9422
4920
7692
1387
1761
1760
8010
4954
2938
2086
6433
3722
334
9149
8478
3746
9058
612
8914
8035
5927
2381
3729
9294
7257
3939
9248
441
5966
6034
2263
2463
2950
2863
1753
8047
742
4969
2772
3774
6216
5843
4541
2451
3114
2383
9076
661
9120
7648
5791
32
6913
5048
690
1115
1705
2038
3942
8277
9678
9046
6179
6677
4568
9285
6876
3931
9681
873
833
3264
4129
6517
7309
9646
3436
2876
465
7063
8721
4368
2836
7943
1836
219
4276
520
7732
8765
3006
2023
7908
6926
3333
227
846
9581
5477
3104
514
5151
6364
2537
1776
7584
8656
5792
7026
8399
8013
6359
9776
3532
3763
9907
4647
5331
7964
4788
2943
4421
7911
1315
3103
7875
7239
2570
7926
2596
9990
2205
984
4458
8202
3300
9719
2614
580
7916
2514
143
3264
3712
5987
9489
3038
5631
4203
3915
9889
5657
9438
6365
2722
2367
8335
4731
5454
7552
1094
9278
2023
5701
5583
7689
8269
3543
8896
6683
8048
6640
7856
717
6527
1667
7760
4103
4110
4489
7577
5482
1451
4595
1891
2684
7047
6530
4035
9997
8251
1724
7069
3089
7354
3144
3351
1510
7535
3169
5900
6635
2544
569
9379
4263
7355
2107
3877
8750
4662
432
1981
7924
4049
9660
6975
6811
8176
9195
9782
3061
7177
6213
9046
867
7493
8933
7862
7788
1021
9578
3110
4015
4638
8100
7374
6270
65
6094
4960
5100
9627
7039
8453
3729
5614
6874
7805
8628
9276
2987
4438
4820
2280
9474
2479
4466
5564
87
6306
524
6122
9950
3586
3004
8614
6685
9440
7623
2620
4419
1315
6824
1687
3832
118
9791
9530
9164
3579
2695
9987
1407
1836
1927
5463
9483
5048
5853
4652
4965
3629
4991
2852
7514
9849
2846
9200
834
1370
1755
5074
540
523
1827
5026
9571
9444
8639
2221
5824
3733
7262
6674
642
986
5971
122
9090
5178
5319
9872
9900
8709
4321
1112
3375
9431
8722
3214
5222
7717
8904
331
9627
9775
7587
186
4200
2981
9045
5350
7488
2862
4581
1963
1253
6550
5820
4811
9301
979
6309
8378
892
2952
4096
140
3261
7762
387
6861
1986
7897
8760
797
404
9276
1468
5458
4749
7223
2673
2597
511
3000
311
6487
8110
9230
7486
2749
2378
1287
9229
7946
7589
8254
9466
4485
9316
1595
4729
7466
3848
7459
7705
4172
8329
1346
4278
6039
1894
6812
7509
6945
4285
9207
5383
5506
9820
8377
8842
1231
5232
8663
4985
6173
856
3221
9492
5921
4035
5988
9802
3831
992
721
63
7247
167
8532
8605
8010
4762
5892
9311
5878
8965
8961
5481
3049
3869
424
6723
8202
1014
2716
4856
8090
3781
3603
436
1972
4962
2778
6049
6623
1784
1631
4468
5773
6621
4101
5775
8562
4972
4517
735
8343
6566
3204
592
8249
5761
4998
918
113
2188
9699
5322
1617
2573
739
1581
2392
9376
9894
7716
6991
2623
5389
7859
420
6359
3732
5628
9899
1470
7600
5660
7024
867
3834
3326
4791
1576
5988
7850
9951
2466
1176
9462
5938
3310
1150
5619
8964
626
2231
6617
6850
1923
405
5843
2122
8994
6054
8188
1081
5980
6589
3412
8024
9672
5476
469
8245
3184
3648
4263
5092
815
4706
7072
4920
8913
7038
545
7761
1280
6300
797
9633
974
7916
2542
6384
755
5759
9770
996
8963
5744
1771
6796
1598
9963
814
5578
693
8688
9448
7952
5983
9687
5507
1412
8865
9632
2742
1187
603
1684
6009
3627
6114
9473
3221
9606
7346
9369
7320
8341
8314
8283
1030
4534
92
8832
5931
4245
8177
5887
2004
9618
5086
2242
913
4900
1376
4532
3854
2802
8036
2796
9903
1836
5054
6223
772
6606
5740
8475
6969
3058
8519
4493
6695
3112
4969
8864
6574
5491
1846
572
6965
5931
1534
3624
6048
9261
2723
5346
8632
646
7852
5704
7812
1651
2931
7115
2152
2408
1640
7259
4696
8879
3321
5528
1667
34
9507
7104
7909
9305
5735
1071
6597
463
2809
7553
7907
9260
2426
4546
8527
346
4695
191
3298
1383
3056
394
8896
4633
7991
5368
4415
8013
7894
521
9226
9445
9211
6075
210
5571
7124
4706
7850
3779
6873
7517
6540
8804
8882
7077
5165
2869
2263
2076
5557
4200
5024
9320
2933
4852
2435
7063
5449
7091
6752
4766
3881
6466
9349
9927
8858
5306
2884
8859
7829
8649
568
1713
3424
8781
6899
7100
6787
70
4541
7422
1837
841
3131
3682
7107
2657
2411
9135
8372
8430
6159
7463
131
5095
3589
3714
6612
6389
8242
2961
7900
4285
9076
7752
8386
1364
3579
851
1336
9101
9641
3917
8817
5100
9488
7176
1329
5927
5634
4685
3811
2878
3920
4038
8856
4116
6788
9481
2914
3356
9509
7938
3415
8274
7158
6266
779
9888
4921
5916
1948
5052
5043
8270
7330
6670
3838
9395
735
3389
407
8176
2351
5140
5719
6444
7670
6530
1819
6536
2347
4485
8391
1927
9081
5964
7924
8799
8806
752
9622
6873
6271
2246
4945
6810
3752
5399
6026
5731
5648
5459
9619
4671
74
8300
7731
3870
6948
1473
4536
9742
1559
8597
6339
7723
3729
4721
119
1858
5513
277
9354
8806
7787
4364
4116
7589
9526
1228
6932
2267
8972
9576
1897
79
5162
6131
4610
7038
2312
6515
5171
6300
5457
5918
6429
6591
8636
6299
1408
6493
1122
2475
4228
8123
9213
6757
9032
4577
7432
3562
3023
93
6319
1621
2425
1396
2359
6675
5637
9102
6749
742
2277
116
2852
9252
9948
159
348
4126
8423
7967
9478
9192
498
766
4006
6660
506
9815
29
5622
7483
3613
4728
9810
3316
4926
5831
4595
2288
6931
612
3511
9367
6962
1547
9106
9847
5788
1126
2822
6578
1800
4724
5071
1221
667
2631
1600
512
8631
6513
3497
8350
8360
1284
4540
7745
2860
2092
7794
679
4031
3547
9861
4137
4186
5643
3520
7217
6492
5283
7395
8652
403
2305
6406
4391
2767
4918
2746
5061
6267
3407
3534
1113
2924
7293
7155
9852
6618
8153
9471
7487
7355
5823
8260
6289
4236
4836
5641
7221
3371
5503
4579
969
5597
9819
811
8806
5703
518
6232
1615
9292
6960
3390
2027
4934
8242
5414
3343
1060
8169
7668
9271
4046
2387
7096
3895
1428
5326
5833
9440
491
5335
1423
5890
8157
1646
6929
1842
4561
5633
1706
8374
875
3578
9751
8726
8155
8594
9880
48
2612
7838
8576
7381
5495
1520
4621
1465
8658
9249
7269
3818
8009
2825
5757
604
2222
8908
9646
6906
3137
9588
9400
9560
8086
8397
7042
9354
7514
2765
9730
7290
3210
6578
1718
5636
5679
4870
7170
5105
1454
3039
7122
8975
115
2302
8183
7332
8659
3910
4215
7016
5010
9386
6537
5601
134
5766
6705
6093
883
4320
4779
4552
1806
7185
262
3089
2875
3624
4058
7434
6408
5517
6106
5321
1423
4677
5441
6522
671
4305
8266
9294
4149
1714
8188
4372
7141
3690
5159
2162
4366
979
2639
269
4676
448
4905
4937
9069
4491
1240
7171
6985
2373
2278
7413
4540
5425
1784
6817
1053
7960
1455
6195
217
5610
4900
8532
7481
7379
8089
2493
2998
2307
1272
8236
3308
1221
2371
7007
9274
1005
7580
6536
5129
9352
4836
577
1507
8611
4662
4724
9533
9721
3161
8300
8229
1197
73
7683
5384
3666
6133
6177
2698
1751
2946
4997
7810
9686
5051
4062
7031
6095
6880
8629
4545
6147
2737
5715
3710
5635
2030
7254
7644
2486
3287
6062
4004
6223
4585
8778
2743
4281
6513
5782
461
9081
6632
9259
5011
4093
2048
6349
7669
9742
7761
5758
9123
4443
9179
3381
5249
434
4236
5837
5629
6267
4718
1304
3989
7408
7255
2459
686
4158
5324
2375
8082
4055
4617
1514
7721
7085
4030
9327
7118
2911
3377
9658
4204
4202
858
5740
5292
1697
1627
3074
9465
4497
5886
3422
1648
8584
5560
6488
8025
1143
3716
8568
4346
6119
6839
3981
4155
2783
6325
2547
7008
9157
3022
1498
8992
3219
3596
6619
3238
3847
5053
5868
6761
2669
6424
5897
1673
7276
3631
4734
7153
9425
3367
9215
4917
5433
8039
919
9342
2268
9303
7071
8907
2301
1839
2612
253
1293
8677
9404
4341
4125
7019
2277
8662
2252
7176
7572
657
1733
4859
4321
2473
1697
2268
3362
8240
3488
6045
4809
4895
1897
850
1972
3939
1273
1999
9534
9028
6029
3264
2584
4753
4046
7954
8943
3853
4284
63
244
3896
2655
6361
4706
4567
4897
6596
9192
6179
3614
3793
714
7778
4522
1483
4508
1839
2084
1053
5837
4543
3237
8728
3932
9660
7939
6385
7312
2766
2119
4421
2663
9778
4175
1106
769
6693
239
4631
7587
2105
1050
7564
2034
6335
9627
1442
6629
9646
4035
6142
4196
4274
6927
909
8315
1164
4714
4859
7959
1952
6125
2471
804
6483
7010
1416
6446
2738
584
6641
3245
380
6813
7069
2926
9129
2998
6168
2233
805
1291
5595
715
8713
3719
8408
1269
2426
4300
9759
842
3380
558
73
7819
7010
4002
3818
2076
3489
9528
5761
8922
7846
6200
5269
5982
2757
6311
4676
105
7159
6350
2420
5464
9570
9550
4517
6026
3015
5983
7149
7649
5765
7772
444
4683
2452
8615
6394
8704
573
4907
7767
4144
3633
6671
918
6557
841
5042
8530
6106
6460
1658
1638
4037
4451
129
7021
4082
8064
7972
8997
7763
9662
9693
5684
6458
8972
1484
4476
7077
9918
7737
8500
1032
9752
6422
177
6000
1668
4640
1540
1228
9007
9179
6799
2376
627
4018
2104
6640
6471
6457
4039
4398
4049
3666
6808
2758
3481
5021
5698
9218
711
4657
8219
6298
3458
3977
7781
8316
3677
4897
7115
2769
7437
457
9999
5386
3254
5703
4962
8178
4322
6778
1802
9107
9081
6879
4137
7053
2274
5198
6188
7269
9144
6935
2026
9849
1552
6580
9948
8485
8659
3813
3753
312
3078
9742
9902
8067
6241
9679
1125
2174
4244
7637
1081
9677
336
7780
105
5800
719
7672
2114
4720
984
5555
7099
3341
2187
6050
2819
3587
622
7798
2553
3105
6245
8326
1070
7334
9691
6801
526
991
5906
4536
5940
4059
8719
4711
5917
4727
6079
587
85
3431
1087
3397
7222
1946
2833
7457
1450
105
1167
5004
4513
7479
8046
809
6021
2775
6918
7429
419
2899
852
5529
3693
4368
265
3948
8915
3730
9899
9614
9321
8691
7247
4288
7479
602
7450
3909
1647
4677
100
2657
5998
989
8918
9315
1851
8537
1903
8235
8445
4917
1003
1499
8227
5276
5627
1468
921
9033
8486
4677
7478
9343
7490
5247
5234
8581
555
4031
1516
8044
6872
1586
9398
2695
1198
9665
233
9703
4920
1843
8912
5560
2468
1849
986
1558
5722
8930
8855
8685
5697
3445
2246
334
7463
6701
1370
1755
2402
1468
5897
3275
2209
3496
53
4234
7019
7700
1520
489
3875
3573
2170
6766
3458
4234
1639
7334
1025
1284
8531
1882
4027
2014
7767
8391
6391
2011
5127
3350
6208
6199
403
8572
8478
9547
8690
196
4428
5436
2447
9630
3032
4570
778
9207
5445
155
6487
5565
3665
2474
9059
8537
2650
4134
8217
50
5752
6001
3304
7166
5832
5946
6078
1613
9160
3667
7976
4741
5309
2934
6992
526
501
2883
4286
9354
7545
9372
2771
9688
9192
701
635
479
6398
4874
7514
9479
4126
233
655
2524
8782
3120
9667
5411
6724
2920
9496
7787
8299
8659
1854
3226
2514
7623
4362
1661
3280
714
1501
7145
1203
7932
2384
5222
9087
2550
9039
3064
3761
5067
3669
1082
8777
7797
6548
9599
2359
1505
2197
658
5781
3955
2658
4912
3488
1689
7796
1125
3995
6061
1891
1645
9475
3229
3776
9617
3003
7114
7052
7791
3902
2230
6683
9624
8128
872
1891
5259
7212
2533
7848
5596
1453
9769
1615
3611
4452
435
6446
5385
508
252
1631
2144
9854
4002
7780
7807
5932
8377
8762
6206
8739
8796
3230
3514
1647
8635
6405
3093
6908
190
7737
4573
4146
1715
3912
7976
6319
3602
4337
8132
5672
9749
6414
8162
8132
4123
5083
4
9354
2258
3014
9069
7176
7016
5419
1122
2209
1304
9225
727
4099
3263
3901
8073
5854
6815
308
8438
5486
2310
3266
4235
1931
3635
9607
9502
3197
7507
9947
1700
572
3958
6294
5678
9456
1442
622
1392
3526
5143
1817
2594
8684
605
2191
397
1386
6984
4500
8188
3992
976
4460
2904
3370
7343
6225
4314
2004
3086
6753
9502
426
8876
5900
5577
2931
4279
7164
4540
2653
7232
1981
3650
7047
4497
2562
147
480
1181
9836
3814
7508
7451
2885
3547
5286
8755
9787
758
6757
932
3980
4876
676
9268
7628
2034
4738
6079
4923
9268
189
8990
7544
3313
8409
6837
8489
4474
1175
3296
6993
6727
2723
3769
9750
9513
8681
2920
4118
4014
878
5911
2300
7502
6462
207
9577
8013
3490
2890
3424
5493
4928
3262
1583
7432
1545
6162
1809
2857
1811
4546
495
610
1390
6589
9826
4138
8405
523
2284
8324
2269
5488
1319
5069
5773
6877
4489
3860
1072
1489
11
2182
2104
2378
6608
5444
7833
3771
498
3842
5025
4310
4892
5000
4347
1878
9399
5877
8483
8873
905
2091
562
9497
8156
4697
9723
4513
9865
2146
617
3877
5232
7244
1769
1798
7765
6249
5704
9032
5756
8234
4396
7407
4994
9261
5468
8938
6490
8787
2968
3420
7876
3975
4912
3916
4155
2732
87
7901
8598
4524
3432
9055
1049
2755
5602
6496
7911
5685
2666
519
4804
85
3854
3685
3921
1288
9710
3415
7658
8926
991
7456
237
8177
2596
6571
7922
4521
4739
6329
6033
7826
8713
6347
3345
7125
1274
6623
2966
5800
9600
9628
739
9440
1827
8830
3168
2582
4060
2168
9150
456
9629
4260
6730
4903
4956
8233
3181
1602
8639
172
5048
610
848
4866
1788
9582
8665
9000
3212
867
6813
6584
9960
6067
5466
4772
7959
3048
4042
2991
1924
2935
3814
2310
8025
857
3380
3990
7554
3059
7583
6147
664
3181
1150
2286
2216
7371
5789
3474
7419
6958
6111
8592
8517
6459
2553
5437
4630
1702
2984
5344
2297
6301
9485
9733
9198
647
461
1134
8678
2512
949
7134
5671
8848
7600
6929
7871
7986
6813
153
1376
3778
953
7434
915
8736
1973
1694
8340
2893
906
546
6288
2730
9165
6823
618
3936
9630
5292
164
3420
4244
5504
6858
4876
4164
8790
4448
1978
6505
4931
906
6429
8816
5101
5390
98
1107
9376
1400
9532
3477
3921
4400
5961
2253
2756
1930
3271
7442
5497
2276
5510
534
5834
3508
6851
453
6382
6714
8516
7529
3414
4559
4941
7984
9994
7165
3432
2566
2461
6376
5486
2143
2998
1483
1156
1287
7544
7120
9117
1924
2546
9786
17
6574
1561
3380
5839
1747
159
2266
226
8679
5992
6913
5694
1153
6864
164
5832
6197
8891
9821
1073
3292
212
1677
5489
4141
7401
7180
6970
2341
5831
5285
9156
1456
8414
3220
152
2721
2577
4925
5498
1960
469
6298
6499
6966
5783
8355
4625
6586
7821
6494
6595
9105
8847
1996
7212
2560
7872
753
4079
6334
551
4050
1598
4912
2840
8644
3794
7074
851
9331
6938
3622
8634
9958
9895
9886
320
9743
9798
1431
2288
2377
4183
9393
6528
6869
762
9926
295
9284
5562
7219
6128
6871
9052
5987
334
4781
9531
8853
2920
5264
7280
402
5403
353
1449
1617
4546
1139
9422
2774
3239
5955
9115
2005
9194
8246
1607
1786
6243
9059
7267
1193
570
9698
7567
9189
8046
6912
5231
6491
9098
3501
1211
4313
9535
2552
4019
4191
5259
9286
2669
6824
4525
1851
6422
2863
4552
4698
9979
2784
7251
6799
5590
9290
793
4901
5079
3467
7379
1649
9504
4926
7069
6030
5622
1212
3528
9559
71
9796
3939
5224
147
1606
1279
1308
7216
1256
2183
996
509
6416
7314
9360
2996
2460
8386
9858
2823
6636
4760
639
4416
71
2947
6211
385
7339
6450
5104
5369
5572
2937
3152
806
4292
6991
913
2114
5455
768
7047
5464
5549
9642
468
7791
6500
789
1315
806
5744
5138
3952
8937
9011
2591
3545
2023
6420
685
1012
1208
9284
624
3129
1528
6943
5610
3270
1689
132
8298
6372
220
6269
9246
412
9043
2697
2964
2326
2551
7029
2538
9334
5197
9797
5244
6872
9427
8630
3531
9238
6968
6586
2402
3848
9260
6711
6695
2779
7294
4526
6352
2021
9921
4368
3765
4654
604
9058
3216
2434
8168
2249
3597
9006
6877
4554
8611
6302
8352
2374
1664
9535
5590
8673
5794
6839
2573
857
660
5265
432
3013
7306
7929
4489
5493
1347
415
7834
6409
8810
1375
7294
1169
8522
2344
8004
2532
3558
537
5324
7644
2464
9271
127
9674
7230
9398
9167
4363
9239
3610
6455
6595
6294
1967
7106
2929
6054
6067
1340
3413
4529
1471
5057
4906
9714
7605
9613
4592
2877
5192
2464
3573
9071
2380
8323
4015
1125
1175
4591
1547
2615
6911
58
2500
1272
4455
6976
6924
5467
6092
7132
5927
4934
2684
522
4192
7142
1932
8851
4816
1761
910
7435
1723
3681
3819
6692
6728
9070
270
7651
3841
1768
7789
1438
423
4447
528
1292
4623
9307
8021
4166
779
5537
1360
9694
8627
3584
6295
3831
2438
2131
9080
2874
7584
7635
9422
750
366
3745
5062
4173
9901
9991
2585
4914
5533
1418
2663
9588
3186
4602
7452
1947
9792
7842
5559
7665
8188
761
5488
4613
2752
1553
5398
7386
9992
3837
1748
4950
184
1851
1752
271
1667
3031
9071
6428
9268
1234
9040
6093
7004
1016
5704
8226
3364
7861
123
4646
2987
3343
1117
2903
9926
4929
7882
2945
3442
1021
895
8380
6561
4450
678
4192
410
8520
5997
2218
7341
8263
9030
7122
1256
4984
6172
4912
2175
246
7760
4648
2118
9188
7882
3754
4808
6698
2615
6926
1645
7091
6395
6491
8915
3942
8977
6851
1521
9110
7103
6040
9825
542
3544
9998
7121
4483
3988
6684
4149
8324
2335
125
2804
5133
8263
9106
5005
980
3455
8030
5939
6337
5205
4046
7992
1705
2267
3819
4184
6427
4850
3828
9116
3950
6420
5393
3903
2695
9509
9539
4530
4316
1608
6191
5128
1197
606
4611
8108
5103
2004
9784
1955
2550
736
8135
7654
7564
7336
6060
3759
5387
2169
2169
8601
8280
8679
8269
9525
5991
8334
4395
7276
631
8338
1159
2662
3645
5037
9579
9969
3206
655
8371
120
6159
6621
4192
1531
1471
9835
9061
943
7429
6272
3578
7971
4511
5884
9873
4109
9232
861
1943
1618
5843
4389
7916
8362
10000
8202
1352
2463
6379
6908
408
4059
7181
1844
2624
9898
8462
70
1240
729
3078
3410
3942
6330
1497
887
2202
9343
9293
680
4353
6791
8917
2915
7859
1492
1725
3078
7753
8741
7325
5795
7647
8876
778
1840
2148
9691
2873
7070
2324
9787
9073
5963
9977
6954
4441
5683
8814
199
3223
8721
4468
4038
8791
3232
2084
2432
3760
8191
2310
1834
8381
1920
5181
3228
2422
2711
2913
9359
3693
1174
3964
4058
9627
6968
454
5047
8056
6483
9926
8298
4047
2443
648
578
6173
3274
9454
4718
401
4229
3497
6653
2586
9601
2178
4956
9756
7937
2855
3353
2938
7509
4770
282
9710
879
173
8385
6254
4242
8102
104
3768
3035
3710
7372
9394
7722
1576
4754
7277
5340
7992
5505
1214
7465
9000
1888
6616
9746
5413
6492
6937
3479
8534
8900
2974
4956
7522
9092
8702
5502
4792
2961
9202
4839
5399
4121
4290
1076
899
4538
644
2061
6230
9520
2529
3265
380
8027
7350
6019
6818
8881
4588
1354
7806
3695
1881
5083
9141
3618
4980
1477
1395
6281
6377
7442
468
3057
2230
4590
338
2407
3319
9862
6277
3638
1637
5961
1540
1419
2325
4828
4680
4352
8598
7127
2096
9581
4591
5355
8280
8315
9608
7873
3976
6012
7354
6327
3969
895
5089
6957
1745
7387
6910
7639
4492
7596
6469
3502
1478
6612
3656
4902
587
6608
2976
7616
1647
4024
5428
9194
9056
3391
5048
5193
8581
327
6338
6437
3641
5188
5508
3356
5451
5127
9828
1615
2267
6192
8523
95
137
5297
5953
7259
9169
7566
5993
2400
7226
8329
1132
7842
35
7716
6862
8548
9553
5107
4229
7008
3749
9384
1734
495
8708
5184
2302
9466
4737
6369
5458
6378
635
8433
8506
4103
5616
634
8097
4804
5144
9891
8115
6957
3235
3981
9164
7366
2293
9525
2938
9207
1686
9833
177
8241
1927
469
1253
5514
40
6257
6295
3473
7123
4103
1292
4838
4348
9045
3510
3891
6113
3908
1201
1665
5446
2835
8976
5352
3479
5235
5523
9058
343
5642
4463
7009
6913
220
1330
3123
2525
1646
1618
6619
2320
5717
2832
3306
6475
3367
7276
6820
4702
8484
8750
2951
8386
2742
4975
3872
721
8857
9346
9178
4214
7950
163
5923
9336
6277
8438
7838
1481
1967
6321
868
4740
696
2187
294
7694
405
5560
8389
613
2017
4831
9752
1287
1363
3360
1595
5322
7285
4703
6600
5907
5027
8795
5554
8140
1568
1117
9410
1871
9608
4390
2618
2010
1665
2323
8638
6419
8273
4891
6289
3839
3672
5702
6597
3076
1432
6936
1434
8282
7117
4749
7098
9194
7324
7960
8027
8198
7844
6716
1027
579
7380
318
5173
7074
7920
3223
1405
9121
4673
9261
5009
4042
6297
8931
8012
3989
524
8343
9427
2546
2284
28
2426
137
8842
6238
9822
2680
2963
2113
4079
3285
8636
1448
9389
8500
5133
5700
7709
8498
7201
9164
6122
1729
4454
6751
6701
1650
5170
4292
7206
4070
2654
5138
12
7241
6850
5510
5390
1567
4751
3277
1942
9796
689
7259
4393
7439
2380
7296
9883
8537
9618
8891
3691
7011
3323
7934
4867
8047
9182
2586
6252
43
2215
3451
4784
4031
3594
2808
1344
1015
4486
9216
2928
3140
6370
3836
1906
9657
5970
7652
2442
7591
8758
7890
3780
9309
5215
9475
2943
7007
6306
9125
5653
8400
7640
4834
335
1515
5295
9377
9964
76
8518
5217
3518
990
6359
7245
4329
2158
1081
3687
8698
5843
138
7076
6839
6658
7707
8984
8861
773
2270
2724
27
4481
28
184
8931
3514
3729
178
2447
1657
8471
3581
6216
767
5275
7331
7953
8802
2717
8194
6177
3722
5957
9051
2811
52
69
2663
1880
5795
1934
7624
813
1626
8389
6848
8666
1787
5857
6140
3676
2520
7234
6525
3235
7004
3347
9238
6832
4144
2882
3302
3672
5717
9791
3319
4396
8133
4376
645
5805
6227
4904
3644
6026
9908
7250
7471
7368
1613
5522
5512
9626
7609
7304
26
8470
8764
812
969
2449
2500
4510
8854
888
7215
6994
8404
5599
6867
23
6942
1153
2092
6375
8131
3654
5887
2655
6841
7977
2963
7315
7467
3710
5177
1748
9878
4490
7231
7176
4002
4118
5149
3023
4526
4955
3106
1060
5749
8645
7989
4278
8912
7699
3090
1440
3082
3076
8369
5676
5788
7525
6975
7926
2630
9830
8127
4483
7862
5611
727
1244
6520
4150
5395
89
1230
1052
1768
3258
8869
8416
8594
9449
1597
2068
5272
5956
7336
3234
4371
3876
4801
5555
2896
6534
6654
5045
2046
6857
9567
7278
1786
5834
1517
64
3355
4022
9274
3662
1405
1775
2159
2112
4795
9041
6909
222
7842
5324
3304
761
2469
4173
876
2013
2419
5066
8434
8730
3207
9638
9272
4540
8590
295
7338
9205
3147
3185
2206
9535
9945
5381
4120
7857
1850
1484
7341
5607
6788
8202
2874
4664
1377
7761
821
6827
4796
4500
7609
5096
7732
9919
2548
9853
7349
5619
2221
9266
4324
3610
3783
8500
3205
8072
303
5180
4090
4702
9706
3620
8243
3042
2672
7312
2906
6301
9305
1745
1345
7700
3116
7990
3067
2514
280
6969
5882
4124
6475
7172
9032
8001
5786
2579
8710
3844
1846
6312
1038
6540
8087
4875
4155
1572
7409
5286
2399
6844
5500
3836
213
9966
2966
6625
7535
4218
9033
1048
6864
5766
3966
5171
4198
3107
2256
1316
8761
9056
6491
6307
8823
6628
4373
5896
7805
8098
5161
9746
505
9788
8073
6816
1046
2399
101
4427
816
5799
1305
5157
2980
5377
3796
7246
6674
4156
7834
3669
29
3063
2972
6315
9977
5589
7707
9833
7585
6989
8737
9198
8163
9286
8433
3011
5727
5740
9169
6891
2576
5900
9418
3693
6520
9287
5092
257
8562
7686
8433
6350
4137
9028
9407
3205
6134
8324
5050
9822
6416
3483
7275
3359
7768
6500
9398
7187
55
8688
1684
436
5125
9872
9876
1336
9653
9213
6951
9069
3388
5995
8107
702
2663
7363
8610
7529
3763
5893
6680
4162
7073
8724
9507
9822
8151
6778
6491
3171
2643
9095
5041
1487
1619
3433
8238
917
3696
139
5947
2890
3700
4022
3775
7478
5128
3155
9563
1949
7401
6410
7109
1106
960
3283
1435
6625
7627
9973
566
5795
5907
6958
1469
2712
3523
494
8674
4648
19
1827
7662
9413
6237
2601
9744
1965
4191
6357
6071
4831
5684
8098
4334
8922
2311
6848
6890
8233
8411
8398
6295
1662
2321
2614
2360
3603
6731
3787
9903
7725
4350
2438
1906
3231
4369
7027
2023
7972
7953
8752
1939
3112
6031
9932
7550
9964
9774
4370
1457
2115
8465
7552
3272
9706
8645
5317
9833
5850
3472
1096
7559
7787
22
3151
5583
4650
3299
8513
5034
6127
4575
2511
8948
7930
103
8438
221
5947
4004
7626
2524
8114
2036
1512
8877
7937
2328
3355
3381
2336
2358
2037
3911
5721
8005
3270
3515
9099
1972
9073
2240
2861
3297
799
3104
5392
6437
6521
8310
1361
2779
8623
6060
6975
9578
9111
3632
4556
2597
2007
4788
8856
1441
396
7560
4433
1134
2026
8565
2232
1325
1369
6986
9454
7901
6382
8517
7754
4860
9033
8500
7626
6214
9391
621
8550
4308
6176
371
9991
4163
9668
2055
2194
7947
3293
874
5310
962
2800
9021
753
9662
3928
5014
2912
7901
2048
9398
2423
1514
5016
1927
1608
9841
1131
6763
2971
8868
4619
2643
108
9268
2133
1829
5679
4722
6370
595
4837
3864
1058
5751
2602
9077
4334
7329
6665
5708
2542
8485
3361
4506
5269
2216
9879
8644
1821
6386
4917
6059
9303
135
8104
748
3523
7645
2359
2991
1735
2780
4840
3957
2945
6780
7689
9300
9265
3418
5027
1409
4717
298
5322
6483
4726
7623
8777
3898
2603
4595
5655
7331
2973
2501
4511
5492
5098
4616
8418
2228
2179
17
1558
7115
7143
7711
5868
8533
8898
145
1978
993
6903
4418
6096
7005
1492
3762
2094
6175
4281
3621
6645
6042
2054
7983
1828
1666
1098
5329
2017
9200
4310
7253
6397
9323
8927
6639
5215
7041
7637
1620
5958
2925
5517
64
4111
6931
6640
8026
6862
7021
3042
2392
4570
7475
3535
9799
9632
8682
4194
3828
7801
3555
2429
961
6456
9354
5572
4935
4763
6997
7292
335
3199
5678
7992
4007
8641
9923
7393
4027
4653
2271
6262
4715
3756
4143
1177
4486
2804
7088
9409
6528
5079
3338
2150
2616
1974
6705
1148
543
497
7042
9975
4572
2183
4843
6719
3543
514
9780
8214
7010
3316
2618
9786
3169
3989
4617
2658
3959
4318
826
5156
5606
1694
3480
8049
2474
5185
8065
2884
8236
1842
1332
4069
7054
42
6129
9723
9201
4078
3760
1566
6503
4852
9172
9531
4079
2010
6626
6499
9384
9686
6276
2593
1839
2154
9040
7290
4163
4810
502
3253
1791
4829
7378
9068
9060
1210
208
5441
394
6778
7669
5432
9207
6636
5382
5519
2944
5189
1312
2480
1041
1650
4785
693
808
9893
2300
4383
1
7919
1278
9534
7303
4420
3189
8289
5501
7631
5465
5598
4374
9809
9729
6522
3141
9017
8265
3120
5090
5843
4676
6242
5073
9162
3242
4120
3960
2269
6628
1301
9324
4366
2708
379
5644
8636
7138
5726
7587
1476
3244
5655
9155
9930
4557
3347
4374
2270
4237
4141
3805
1276
5078
6174
7023
7445
7574
6695
5328
7310
9460
7294
4018
5191
2643
29
5788
7389
7780
7347
5638
6888
454
3147
3719
2576
1241
3698
20
7072
1712
6202
9114
9595
8245
2470
8292
232
9592
5666
3781
5067
9712
7230
676
2658
906
4769
2995
4945
8359
4572
8742
3377
7171
2101
6595
8900
5795
7632
2794
6176
969
2722
7040
1671
9550
6297
3012
6775
4704
1321
7942
5949
1753
7910
2008
88
6736
4521
2488
5991
5098
7621
8377
4284
4226
3434
7975
4124
55
7202
1285
815
4935
9799
9355
6657
380
256
4799
3572
8608
4450
4072
2922
1791
6061
6796
6454
7205
9892
6296
2179
108
3024
5181
6428
3862
4270
6938
8199
1596
5543
7045
5141
3300
2225
2026
5898
6394
3614
7377
7439
5307
2749
9200
9528
3786
9193
6633
1376
2935
9477
3815
7746
5362
6602
2039
2853
9745
5477
7688
4038
4110
9041
1495
9847
6576
7547
2951
4204
8747
2013
4504
6299
5590
8638
8407
425
6144
5307
6791
8559
536
3310
7762
5058
5314
605
2726
8484
7623
361
4231
169
1036
1195
7276
6379
9774
5611
5521
4759
7951
3484
1061
5605
3478
3012
4941
8477
3727
6195
4048
5484
3684
4720
1167
6718
5660
115
4819
3088
9245
5621
329
1495
7983
6107
431
1512
7859
1577
9183
8271
6681
5995
1773
5786
839
1858
5315
2450
231
7413
376
3440
7404
4504
8303
847
8265
2176
6257
6649
7780
1099
9212
5576
4566
5025
8039
2352
7121
4357
2501
3085
2082
3105
4553
3867
2082
1009
9888
3090
6759
8671
3998
4777
5648
988
8646
9506
3815
7803
179
7103
5979
6559
8876
2605
5156
8932
7307
3156
6910
3089
8494
3909
7417
2354
1074
4936
6569
7291
2571
104
4561
5797
6845
685
1138
7122
167
5875
163
9190
5252
404
5583
1891
7386
8192
9136
2648
1937
4400
9220
579
1361
556
6649
9899
6828
5927
8253
6145
9015
3522
5862
782
1908
2316
4512
625
5000
7074
9753
5247
2623
6247
8139
4646
8879
1922
4331
1718
2816
440
5781
4746
5915
4344
9505
4239
6440
9905
4220
3215
1500
7073
7670
7770
2481
7092
6027
8035
5701
7826
5667
6229
8646
6985
1492
8063
4225
1063
2120
2508
5291
6547
1034
7973
8210
3450
2078
9939
7498
9773
3591
1049
2304
6420
3173
5451
4502
4950
3218
3909
2735
9050
9686
5168
5844
2857
2442
3957
4409
3687
6355
9001
1464
6673
829
9910
6086
8150
1028
6656
1149
7811
7011
5442
1298
6036
7316
1042
8032
3181
1747
564
2406
2221
1263
6301
4928
1911
3618
6050
3794
5145
1763
1601
9661
2284
7534
1173
9612
850
1171
4060
3716
9225
9576
3742
8476
657
9560
6236
9778
6311
7128
4176
1521
7150
5752
843
9760
9213
5845
8891
9531
9210
7953
2345
282
5485
1301
4657
5688
6810
5212
3209
7341
1518
6307
4371
8169
6751
2517
781
6051
5483
6520
2612
8601
1444
4808
3027
182
2137
9270
8336
4053
2096
5964
8869
6330
2286
2535
7442
2395
9030
6950
1645
6466
3578
7535
8416
8048
181
2196
2807
7995
4295
581
6251
6771
2377
9561
7923
9345
7727
3366
818
8396
8907
4695
208
4055
3701
5609
7608
4965
1185
3685
5009
1831
4877
6019
2209
9801
5
2847
7896
6609
788
3361
5235
8473
4124
2864
7648
3806
4653
560
4548
8851
3802
7984
4953
8240
9783
4435
6886
2871
4962
728
3001
142
6518
5605
8989
429
4599
1478
4907
6188
607
7755
8460
624
9803
7443
1383
7416
731
3328
5836
1238
4885
3310
4982
3511
4467
3584
7347
2566
7162
8566
3997
7159
9672
8756
1857
3577
1138
1539
1129
8344
8492
6282
7779
679
7432
9549
4778
2179
8199
4103
7553
4111
6759
8233
2475
1574
406
500
408
3073
4105
1189
4037
6574
7476
2549
8528
5699
7757
1416
6508
8396
2200
5481
3602
8510
8982
7671
1691
891
9286
9597
3937
1247
757
5766
4132
2365
7997
2840
2725
512
6102
3001
5299
3650
697
3837
4713
6302
2175
404
1878
924
5639
9261
9435
4900
56
9417
9718
9559
7648
903
1568
2614
8220
2176
4564
5897
427
549
483
9871
7653
7642
8304
9667
2042
4661
7758
7425
4034
30
7658
1648
3640
8405
4058
7641
6717
9720
2531
3449
2006
1513
2732
5865
2675
3505
4220
4098
3316
1695
3261
6093
8193
8028
6273
2892
5469
3839
1685
5343
6785
279
6089
2809
4792
1263
2571
6571
3417
6867
8663
235
1896
8558
8329
7257
2863
4285
9277
2812
3611
7958
5913
1338
2169
9353
3216
4651
6871
3689
7886
3901
6424
451
7919
1124
3805
397
3949
3747
8249
3740
4775
7501
6755
6683
6806
1101
7943
3926
2281
2958
3673
2094
6964
9282
3879
3016
3690
4453
5037
5526
1939
4665
3338
3531
8152
8291
8617
8671
2076
7037
546
1579
5149
9196
1644
212
4126
5557
5481
3682
824
9897
6
164
9918
5956
3784
2075
2272
1915
8809
601
3773
3064
5201
1087
708
8239
7009
9299
9242
2773
3896
4814
4627
7937
1365
3801
9761
4196
5196
8070
2095
7347
4783
8317
9767
1006
6242
8089
9866
1732
7883
7502
3628
3445
7313
9457
8151
7002
167
5709
2648
5316
3504
5658
641
9202
2311
579
5873
1393
268
4631
5893
6043
6771
3176
4524
6410
1532
1154
7714
8238
4775
2215
5369
7739
8190
894
8164
406
9448
9666
449
5491
453
4041
5415
8751
7004
4331
566
4915
4364
9216
2330
1813
4794
1054
7953
5698
3544
1522
8220
702
178
2008
7856
655
4277
5849
9730
1830
3246
2682
2403
3407
4511
1458
3865
1430
4398
6742
4839
8771
8389
460
1544
912
6042
3406
6737
5359
6567
4708
8731
1054
9676
9501
8214
1693
4052
9156
4634
8943
7040
7409
5351
5290
9465
6165
143
9508
3422
87
6403
8584
3247
2365
6607
6756
8421
4137
4005
3377
400
4497
5709
9741
6549
7456
5161
1390
6541
855
8978
8522
7064
6870
4282
9231
9902
6541
2973
2934
2598
6189
2685
1495
2455
3975
9952
25
2912
2785
6907
2023
8918
8210
6867
1735
9730
2389
329
5456
2241
76
222
8354
293
61
5135
9906
8757
1693
6520
6813
1078
7486
3515
9274
6255
7988
89
3586
9845
1485
683
7003
6367
9066
4095
4212
1317
1250
7628
6796
5974
7079
4857
6618
8897
8992
6980
4800
8647
4507
516
6054
9977
5165
935
7489
803
4337
742
2903
9172
1732
2218
7822
9301
4735
7263
4359
8676
4041
4489
9423
9680
2002
3526
8612
3505
9801
8646
6914
5143
8858
2378
4543
1184
4682
1679
9159
6447
5447
9295
4050
6740
4045
8400
884
2582
198
6194
2331
5215
8156
8047
289
8888
9026
5162
2253
9792
6394
3529
4555
6031
3831
8451
6497
1299
1883
673
4867
1977
3080
5061
3918
913
7882
8591
9611
2023
6800
2691
7145
4905
9812
1550
1773
330
1323
3209
5783
5420
369
6127
525
183
422
6455
2862
631
5283
6334
7365
6369
871
2589
2716
2080
8411
1285
5887
2987
4164
9084
7903
9882
778
8105
5696
3561
9119
4256
7788
7068
5945
6574
7421
532
8442
8516
5256
2238
5345
3377
5363
6709
411
4303
7039
6970
564
9821
4233
915
5066
7187
1141
2065
16
7057
9849
1371
3335
7991
7513
5426
3115
4035
2850
1951
438
3000
9977
2834
206
2701
6276
3769
7113
3625
824
3953
7699
6080
7308
4151
1667
2652
9541
7053
773
7331
7597
9848
2319
508
3366
880
972
1333
5925
7360
1398
9499
9891
6362
9788
1116
9049
5349
5316
8304
4812
6575
2326
6649
360
8578
7309
3454
5594
4045
8469
467
4962
4963
5085
4704
5733
7628
2479
9317
1944
1416
8211
1892
8429
2138
4844
694
5414
5136
8149
8492
4987
1564
7311
1269
4902
7812
5675
9780
2238
4556
9917
5158
2096
9500
5065
5386
8719
2346
2607
5005
3942
2158
5475
5632
5887
9597
5462
9650
7770
7162
4304
4487
1154
9462
1893
147
4398
5094
4591
6838
2548
3467
7268
8347
9888
6851
9285
6829
1705
5968
5465
4609
1234
1338
9465
75
1032
1007
4738
4895
8309
85
3221
8238
4278
8268
6992
9545
5652
2432
311
9004
4799
8237
5771
7359
605
2948
8228
3578
8824
6119
4002
4663
9839
8178
8723
6205
3859
7395
4756
7413
6257
3373
6527
6520
4085
9169
3783
5884
5589
4024
3099
8232
4290
6158
412
8346
1466
8764
4570
4487
4569
5249
8718
5653
8802
1522
7453
6428
2694
5332
9159
9738
4177
272
192
8735
5540
7443
5584
5249
339
5524
2811
8706
6928
605
9434
6294
4448
7726
7889
3845
8102
4384
6884
451
1238
255
3199
7666
8102
8333
2747
8908
4006
9393
1742
1861
7392
8522
4954
7028
7544
8200
4048
4319
6426
8921
6448
2319
3750
2646
5669
1232
2614
2536
2229
2644
756
1119
5199
417
7974
6000
59
953
7181
9913
8760
2767
9186
796
7266
2483
8088
3454
9668
9728
2029
6361
9350
9836
6226
8731
1917
7494
9231
8543
2343
9427
2262
9204
6128
9841
722
1424
2755
8603
7743
2790
401
5281
3269
1495
1897
7730
4845
4227
9440
8066
5449
4859
4012
9502
9405
4317
8586
5615
4678
8400
8967
9702
257
3322
5836
6474
3206
8930
5635
1248
2154
1962
8892
5986
1098
4456
9334
9683
9141
1325
3310
8573
2489
4389
7240
947
6579
513
8252
1901
1522
16
7920
3561
4021
4623
126
3614
2231
5581
2365
2082
6045
7623
5866
1901
5479
8061
2174
9201
6939
9957
2209
9896
8689
3695
9895
4748
6437
2557
5806
2995
5275
3684
2161
7958
7040
4986
6139
5532
5447
5750
7878
7069
3000
6956
4671
3733
3143
9074
7215
9940
9705
6850
7308
9664
4889
4592
291
57
182
5910
6261
2067
8518
2024
5647
9791
1031
678
6783
7725
252
713
5206
3103
7102
6086
7822
7079
4439
2078
6337
3730
8006
2462
9540
3543
823
7035
6008
5975
5501
8756
674
3934
4833
4115
9325
1965
7931
7889
4147
3507
450
388
9282
5588
9903
1432
1150
3383
4004
2271
2908
3873
5821
8591
5904
7037
5232
8411
6797
7711
4454
4403
2906
6520
9191
753
5618
6621
4685
1404
2804
1736
6028
2959
8124
8826
4346
368
3508
9232
6902
8628
5858
262
2248
6081
4332
9404
1638
5791
7976
849
9961
6436
8534
8861
4427
4016
4280
1466
4658
7256
3817
3778
4501
9909
1904
3968
5462
3659
6517
4234
1644
7784
2740
9402
7994
3355
8088
1956
6770
6548
2838
5756
5299
4173
3271
1726
684
2434
6160
4560
2008
8218
3211
6258
119
9883
115
2757
8379
5402
2967
8730
4485
8032
4074
7437
3221
5526
3592
3880
8058
7727
8237
3012
3514
7081
577
8039
7673
3505
7978
2698
682
830
5177
9847
2514
9526
586
2986
3886
6675
536
1201
2339
4284
7413
6464
6386
9933
6608
255
390
1337
6436
3114
5821
7540
3186
6741
6405
8601
7770
7279
1659
8875
9160
8016
5952
9547
7156
6098
39
3128
947
5262
5539
8746
6050
5189
4242
1345
858
7193
8073
1733
607
5413
5941
4662
6651
3350
4053
5218
3371
246
7798
8823
8384
9315
1158
5001
6456
6066
6251
2011
7826
9047
9311
1824
1318
5957
7210
7826
5682
4452
5098
7135
315
8013
2585
908
4268
2210
1473
6477
3110
3467
8608
217
4282
3896
7561
2817
6115
4666
6222
1616
2852
3055
3588
3565
4422
4937
991
9652
8621
8465
2368
2655
7203
9271
7474
9944
9350
9972
8835
7367
1615
1599
8082
7167
8568
6238
8695
4525
9282
4070
462
8014
2273
6035
1947
6428
4067
6711
5849
5231
248
5739
2163
8143
9266
6101
6198
7163
1305
3224
5749
3643
7027
9074
8361
1507
3156
6682
2201
8338
7761
612
6612
80
76
3887
5055
6411
6271
5607
3085
6113
9281
7503
9863
7317
7033
3421
9233
8899
7117
9162
8729
4019
6644
8601
8153
1005
7106
1290
4978
5976
7724
6910
7800
1309
3466
7303
9473
7644
4931
5043
3246
769
874
1247
7528
7799
1892
9989
9351
5252
4295
7529
4157
7765
9885
8457
4684
2662
7438
8494
8500
1857
3793
4350
9778
3448
1263
9978
5148
4074
8488
7790
8626
9800
4136
6006
7506
6871
7453
8091
5749
8361
8484
2479
4128
4620
6430
8228
229
5719
2970
4803
2629
7366
8248
6798
6568
6444
6863
3632
6716
8317
6791
5791
2312
6309
334
9191
816
4695
9567
5598
676
5654
4318
8093
4661
3877
8830
3349
5744
4658
9888
1521
6578
9784
487
4459
9972
4314
4583
580
6653
5889
605
4575
1532
3852
9337
8880
7201
2557
7953
3445
6432
1781
4910
7116
796
5871
9801
9308
7275
631
1983
9193
4101
2545
5225
2241
8162
411
336
4452
8048
8988
991
4193
7597
785
3005
9281
6316
3552
8381
9835
5156
8570
6704
1084
6021
6461
9839
9171
3732
1671
120
3151
416
6126
5515
2524
3206
4021
4624
6543
4615
1614
9189
4191
5821
7048
5837
5824
5930
7329
7586
1560
5771
6255
8433
5369
9857
8027
2866
7941
3442
9741
2561
7087
3944
619
7152
7068
1662
1652
1800
6874
5258
1690
4312
9696
8618
6876
9207
8258
3792
396
5735
4649
5725
7551
2493
8520
8820
2525
190
8882
5405
2228
1660
5442
5479
3751
3846
4045
7315
8283
6601
7212
8341
8882
763
5173
8095
4172
9752
6507
5122
9059
3918
7152
5670
1954
702
3818
6179
9150
7205
2267
3745
5746
1771
3686
1753
1603
490
2666
5598
7002
4387
5793
6095
1833
6931
2200
4508
7328
2355
3074
4486
8611
1243
8201
1178
9454
8465
4025
3004
3235
2471
2127
3485
2028
1325
7803
3721
309
363
3414
4807
1177
6904
1883
7251
5890
5550
635
613
4781
3239
1415
6880
6080
8443
7261
1950
4562
9563
8174
7187
445
3668
7993
2935
9325
9791
5628
268
6771
3075
6674
1492
373
1196
9731
8700
883
1656
2187
9286
4837
7688
5180
6419
8925
2558
7266
4098
2148
826
4326
3713
7833
3366
2520
7304
8061
1629
7240
1966
2692
2990
8994
6481
7330
6076
6162
2645
4569
8077
9219
3004
1765
2645
8566
2656
7524
304
9549
2915
5439
1853
9330
9833
3048
6002
1283
2952
8655
2541
449
8609
2172
5253
732
8489
3719
3635
5955
9721
545
3369
1487
5798
5133
3981
884
1668
4781
9262
1774
7976
8487
3511
1840
5157
5109
6883
3252
3794
4996
7471
2462
5727
5419
4642
922
1879
2642
6236
7762
1106
4714
3906
858
797
3771
7205
4345
1365
9404
6202
6730
4784
8718
1388
7689
6199
4234
7938
6022
1469
350
1802
5294
7797
7042
4858
2157
4586
2069
645
1413
4424
989
7908
5400
6103
7069
5521
4700
6964
3126
6128
8169
4587
6506
1745
3298
2722
5436
5624
5514
3942
5366
9285
5826
1065
5594
3890
4335
9349
6838
22
6560
7678
6306
2204
7466
2751
1078
8368
5849
1884
9095
3780
6010
9209
5202
2083
1259
1265
8785
9338
1062
8552
4068
1601
7837
6282
1337
4142
7425
5714
9792
1274
436
1206
7466
709
8453
6218
4672
2040
9882
2014
608
6445
2459
5632
3937
2693
2449
153
5672
8350
2400
5355
7592
6901
9353
1088
3711
1463
9664
6101
1127
4058
6059
9284
3127
2617
4845
4457
5453
4631
6327
8093
7706
2490
2252
3433
1030
9342
944
7841
282
1087
219
1923
9467
625
2752
5732
2701
5378
6015
7445
4707
8645
8721
5464
9083
6331
8269
8875
6952
3178
6637
6352
2559
9913
6309
9737
1215
6354
6090
9437
2106
8266
3998
7435
9231
2906
4348
9951
7004
4775
204
1410
8720
4987
3763
6565
3891
2588
8093
9195
6190
9276
5197
2251
1996
3461
3757
4013
4685
2825
5860
13
325
3823
1136
1445
4986
5563
1033
9928
6506
5421
6674
8911
7069
5597
319
9542
9171
161
5303
4751
7143
8952
7842
8688
7954
2658
5105
5840
5959
2721
284
9715
8146
6776
1620
4267
5847
9166
877
2494
8389
4282
1201
3139
6425
7023
2220
9240
5794
1459
8128
9246
6774
5938
8363
3133
6671
9053
5066
7681
1656
9475
9534
7255
1959
2068
8256
1506
6480
10000
1089
572
7072
9232
4790
3637
1871
6566
3431
645
3689
3449
9796
3527
5124
2028
3456
7721
9794
9549
324
5972
1207
4307
3587
2718
3600
1538
2041
874
671
8260
6520
2287
2296
642
6952
5323
6912
9845
121
7807
2810
9720
1902
3242
7570
7607
9149
9325
6372
2847
878
1184
3140
6459
9738
5037
651
2573
4784
9594
4603
7153
6228
8524
3655
7561
8736
1689
4010
4358
9785
9063
31
7743
260
6644
600
6117
7831
1409
1208
3973
8491
5005
6240
2726
6872
1923
6898
8624
4955
4381
5471
3759
9036
7878
5856
266
7349
9251
9616
6889
5951
4460
261
5932
2622
4316
2699
3292
8349
6364
1656
2101
6543
7966
8922
9105
5057
1357
3670
7170
5379
8720
9391
2459
676
4042
7140
8895
4840
8791
2758
4548
455
3739
9532
9790
8816
7478
9852
9586
5437
5138
8353
5056
191
1610
4195
8026
2291
7803
8033
81
2401
8330
8407
7728
6300
8346
7717
6272
3615
89
7651
1436
8167
1077
9684
1544
3500
7022
7528
1412
2446
6926
9405
9149
504
1597
5950
7466
8227
3003
6764
3978
8713
4833
5381
8881
8793
1482
4195
9347
8248
4759
7693
3948
3159
9580
4587
7417
7230
6377
8847
9495
5970
7724
3761
2689
3209
5578
759
8412
8910
6583
3133
1048
6855
3872
742
3424
4901
9685
5576
6407
3384
2278
9539
9062
6975
8876
6515
7179
3917
6288
3298
8690
2350
2874
6536
3107
4370
724
7383
5314
8808
744
7979
4618
5351
8242
1075
666
5124
4353
4648
4067
2661
9612
5750
171
4922
872
6808
1714
2227
5652
3940
7388
8027
71
5071
8880
9062
9466
9546
6200
3843
9060
5404
1621
537
7730
3804
3174
1322
6386
198
620
5979
4137
6901
4282
2580
4892
6129
4248
9172
8669
1104
1203
5924
1522
374
8617
9131
2568
1530
642
6242
171
8722
7189
6871
6502
3540
9921
7003
5714
23
6562
572
2685
8492
3685
4328
2447
4732
3031
7988
866
8851
4988
2098
1332
7057
73
626
4004
4920
1516
8144
5053
3824
6500
998
1366
3633
8873
1802
5585
4622
3519
6076
893
8828
3431
1021
1592
6495
1417
7913
2219
3511
1762
5386
8412
2514
8670
7408
2286
5458
2753
2738
8198
2784
5119
8584
3678
8314
6322
9447
7471
8622
642
3551
3052
7035
8989
719
3969
9063
1063
5311
7188
653
9791
4272
4672
4022
9494
1719
1375
4086
4392
7826
9173
3036
820
5366
3182
8263
400
7511
3903
4834
3416
2857
4553
7108
4339
5093
5889
3420
6418
6072
6178
5145
2024
2046
9999
5658
4913
9580
272
4273
4048
5495
9448
9998
5607
7138
5479
2419
3415
4167
8559
8531
8791
1548
8856
906
5145
3539
1 948
