100000 40000 65095
1
1
1
1
1
1
1
1
1
1
1
1
1
1
1
1
1
1
1
1
1
1
1
1
1
1
1
1
1
1
1
1
1
1
1
1
1
1
1
1
1
1
1
1
1
1
1
1
1
1
1
1
1
1
1
1
1
1
1
1
1
1
1
1
1
1
1
1
1
1
1
1
1
1
1
1
1
1
1
1
1
1
1
1
1
1
1
1
1
1
1
1
1
1
1
1
1
1
1
1
1
1
1
1
1
1
1
1
1
1
1
1
1
1
1
1
1
1
1
1
1
1
1
1
1
1
1
1
1
1
1
1
1
1
1
1
1
1
1
1
1
1
1
1
1
1
1
1
1
1
1
1
1
1
1
1
1
1
1
1
1
1
1
1
1
1
1
1
1
1
1
1
1
1
1
1
1
1
1
1
1
1
1
1
1
1
1
1
1
1
1
1
1
1
1
1
1
1
1
1
1
1
1
1
1
1
1
1
1
1
1
1
1
1
1
1
1
1
1
1
1
1
1
1
1
1
1
1
1
1
1
1
1
1
1
1
1
1
1
1
1
1
1
1
1
1
1
1
1
1
1
1
1
1
1
1
1
1
1
1
1
1
1
1
1
1
1
1
1
1
1
1
1
1
1
1
1
1
1
1
1
1
1
1
1
1
1
1
1
1
1
1
1
1
1
1
1
1
1
1
1
1
1
1
1
1
1
1
1
1
1
1
1
1
1
1
1
1
1
1
1
1
1
1
1
1
1
1
1
1
1
1
1
1
1
1
1
1
1
1
1
1
1
1
1
1
1
1
1
1
1
1
1
1
1
1
1
1
1
1
1
1
1
1
1
1
1
1
1
1
1
1
1
1
1
1
1
1
1
1
1
1
1
1
1
1
1
1
1
1
1
1
1
1
1
1
1
1
1
1
1
1
1
1
1
1
1
1
1
1
1
1
1
1
1
1
1
1
1
1
1
1
1
1
1
1
1
1
1
1
1
1
1
1
1
1
1
1
1
1
1
1
1
1
1
1
1
1
1
1
1
1
1
1
1
1
1
1
1
1
1
1
1
1
1
1
1
1
1
1
1
1
1
1
1
1
1
1
1
1
1
1
1
1
1
1
1
1
1
1
1
1
1
1
1
1
1
1
1
1
1
1
1
1
1
1
1
1
1
1
1
1
1
1
1
1
1
1
1
1
1
1
1
1
1
1
1
1
1
1
1
1
1
1
1
1
1
1
1
1
1
1
1
1
1
1
1
1
1
1
1
1
1
1
1
1
1
1
1
1
1
1
1
1
1
1
1
1
1
1
1
1
1
1
1
1
1
1
1
1
1
1
1
1
1
1
1
1
1
1
1
1
1
1
1
1
1
1
1
1
1
1
1
1
1
1
1
1
1
1
1
1
1
1
1
1
1
1
1
1
1
1
1
1
1
1
1
1
1
1
1
1
1
1
1
1
1
1
1
1
1
1
1
1
1
1
1
1
1
1
1
1
1
1
1
1
1
1
1
1
1
1
1
1
1
1
1
1
1
1
1
1
1
1
1
1
1
1
1
1
1
1
1
1
1
1
1
1
1
1
1
1
1
1
1
1
1
1
1
1
1
1
1
1
1
1
1
1
1
1
1
1
1
1
1
1
1
1
1
1
1
1
1
1
1
1
1
1
1
1
1
1
1
1
1
1
1
1
1
1
1
1
1
1
1
1
1
1
1
1
1
1
1
1
1
1
1
1
1
1
1
1
1
1
1
1
1
1
1
1
1
1
1
1
1
1
1
1
1
1
1
1
1
1
1
1
1
1
1
1
1
1
1
1
1
1
1
1
1
1
1
1
1
1
1
1
1
1
1
1
1
1
1
1
1
1
1
1
1
1
1
1
1
1
1
1
1
1
1
1
1
1
1
1
1
1
1
1
1
1
1
1
1
1
1
1
1
1
1
1
1
1
1
1
1
1
1
1
1
1
1
1
1
1
1
1
1
1
1
1
1
1
1
1
1
1
1
1
1
1
1
1
1
1
1
1
1
1
1
1
1
1
1
1
1
1
1
1
1
1
1
1
1
1
1
1
1
1
1
1
1
1
1
1
1
1
1
1
1
1
1
1
1
1
1
1
1
1
1
1
1
1
1
1
1
1
1
1
1
1
1
1
1
1
1
1
1
1
1
1
1
1
1
1
1
1
1
1
1
1
1
1
1
1
1
1
1
1
1
1
1
1
1
1
1
1
1
1
1
1
1
1
1
1
1
1
1
1
1
1
1
1
1
1
1
1
1
1
1
1
1
1
1
1
1
1
1
1
1
1
1
1
1
1
1
1
1
1
1
1
1
1
1
1
1
1
1
1
1
1
1
1
1
1
1
1
1
1
1
1
1
1
1
1
1
1
1
1
1
1
1
1
1
1
1
1
1
1
1
1
1
1
1
1
1
1
1
1
1
1
1
1
1
1
1
1
1
1
1
1
1
1
1
1
1
1
1
1
1
1
1
1
1
1
1
1
1
1
1
1
1
1
1
1
1
1
1
1
1
1
1
1
1
1
1
1
1
1
1
1
1
1
1
1
1
1
1
1
1
1
1
1
1
1
1
1
1
1
1
1
1
1
1
1
1
1
1
1
1
1
1
1
1
1
1
1
1
1
1
1
1
1
1
1
1
1
1
1
1
1
1
1
1
1
1
1
1
1
1
1
1
1
1
1
1
1
1
1
1
1
1
1
1
1
1
1
1
1
1
1
1
1
1
1
1
1
1
1
1
1
1
1
1
1
1
1
1
1
1
1
1
1
1
1
1
1
1
1
1
1
1
1
1
1
1
1
1
1
1
1
1
1
1
1
1
1
1
1
1
1
1
1
1
1
1
1
1
1
1
1
1
1
1
1
1
1
1
1
1
1
1
1
1
1
1
1
1
1
1
1
1
1
1
1
1
1
1
1
1
1
1
1
1
1
1
1
1
1
1
1
1
1
1
1
1
1
1
1
1
1
1
1
1
1
1
1
1
1
1
1
1
1
1
1
1
1
1
1
1
1
1
1
1
1
1
1
1
1
1
1
1
1
1
1
1
1
1
1
1
1
1
1
1
1
1
1
1
1
1
1
1
1
1
1
1
1
1
1
1
1
1
1
1
1
1
1
1
1
1
1
1
1
1
1
1
1
1
1
1
1
1
1
1
1
1
1
1
1
1
1
1
1
1
1
1
1
1
1
1
1
1
1
1
1
1
1
1
1
1
1
1
1
1
1
1
1
1
1
1
1
1
1
1
1
1
1
1
1
1
1
1
1
1
1
1
1
1
1
1
1
1
1
1
1
1
1
1
1
1
1
1
1
1
1
1
1
1
1
1
1
1
1
1
1
1
1
1
1
1
1
1
1
1
1
1
1
1
1
1
1
1
1
1
1
1
1
1
1
1
1
1
1
1
1
1
1
1
1
1
1
1
1
1
1
1
1
1
1
1
1
1
1
1
1
1
1
1
1
1
1
1
1
1
1
1
1
1
1
1
1
1
1
1
1
1
1
1
1
1
1
1
1
1
1
1
1
1
1
1
1
1
1
1
1
1
1
1
1
1
1
1
1
1
1
1
1
1
1
1
1
1
1
1
1
1
1
1
1
1
1
1
1
1
1
1
1
1
1
1
1
1
1
1
1
1
1
1
1
1
1
1
1
1
1
1
1
1
1
1
1
1
1
1
1
1
1
1
1
1
1
1
1
1
1
1
1
1
1
1
1
1
1
1
1
1
1
1
1
1
1
1
1
1
1
1
1
1
1
1
1
1
1
1
1
1
1
1
1
1
1
1
1
1
1
1
1
1
1
1
1
1
1
1
1
1
1
1
1
1
1
1
1
1
1
1
1
1
1
1
1
1
1
1
1
1
1
1
1
1
1
1
1
1
1
1
1
1
1
1
1
1
1
1
1
1
1
1
1
1
1
1
1
1
1
1
1
1
1
1
1
1
1
1
1
1
1
1
1
1
1
1
1
1
1
1
1
1
1
1
1
1
1
1
1
1
1
1
1
1
1
1
1
1
1
1
1
1
1
1
1
1
1
1
1
1
1
1
1
1
1
1
1
1
1
1
1
1
1
1
1
1
1
1
1
1
1
1
1
1
1
1
1
1
1
1
1
1
1
1
1
1
1
1
1
1
1
1
1
1
1
1
1
1
1
1
1
1
1
1
1
1
1
1
1
1
1
1
1
1
1
1
1
1
1
1
1
1
1
1
1
1
1
1
1
1
1
1
1
1
1
1
1
1
1
1
1
1
1
1
1
1
1
1
1
1
1
1
1
1
1
1
1
1
1
1
1
1
1
1
1
1
1
1
1
1
1
1
1
1
1
1
1
1
1
1
1
1
1
1
1
1
1
1
1
1
1
1
1
1
1
1
1
1
1
1
1
1
1
1
1
1
1
1
1
1
1
1
1
1
1
1
1
1
1
1
1
1
1
1
1
1
1
1
1
1
1
1
1
1
1
1
1
1
1
1
1
1
1
1
1
1
1
1
1
1
1
1
1
1
1
1
1
1
1
1
1
1
1
1
1
1
1
1
1
1
1
1
1
1
1
1
1
1
1
1
1
1
1
1
1
1
1
1
1
1
1
1
1
1
1
1
1
1
1
1
1
1
1
1
1
1
1
1
1
1
1
1
1
1
1
1
1
1
1
1
1
1
1
1
1
1
1
1
1
1
1
1
1
1
1
1
1
1
1
1
1
1
1
1
1
1
1
1
1
1
1
1
1
1
1
1
1
1
1
1
1
1
1
1
1
1
1
1
1
1
1
1
1
1
1
1
1
1
1
1
1
1
1
1
1
1
1
1
1
1
1
1
1
1
1
1
1
1
1
1
1
1
1
1
1
1
1
1
1
1
1
1
1
1
1
1
1
1
1
1
1
1
1
1
1
1
1
1
1
1
1
1
1
1
1
1
1
1
1
1
1
1
1
1
1
1
1
1
1
1
1
1
1
1
1
1
1
1
1
1
1
1
1
1
1
1
1
1
1
1
1
1
1
1
1
1
1
1
1
1
1
1
1
1
1
1
1
1
1
1
1
1
1
1
1
1
1
1
1
1
1
1
1
1
1
1
1
1
1
1
1
1
1
1
1
1
1
1
1
1
1
1
1
1
1
1
1
1
1
1
1
1
1
1
1
1
1
1
1
1
1
1
1
1
1
1
1
1
1
1
1
1
1
1
1
1
1
1
1
1
1
1
1
1
1
1
1
1
1
1
1
1
1
1
1
1
1
1
1
1
1
1
1
1
1
1
1
1
1
1
1
1
1
1
1
1
1
1
1
1
1
1
1
1
1
1
1
1
1
1
1
1
1
1
1
1
1
1
1
1
1
1
1
1
1
1
1
1
1
1
1
1
1
1
1
1
1
1
1
1
1
1
1
1
1
1
1
1
1
1
1
1
1
1
1
1
1
1
1
1
1
1
1
1
1
1
1
1
1
1
1
1
1
1
1
1
1
1
1
1
1
1
1
1
1
1
1
1
1
1
1
1
1
1
1
1
1
1
1
1
1
1
1
1
1
1
1
1
1
1
1
1
1
1
1
1
1
1
1
1
1
1
1
1
1
1
1
1
1
1
1
1
1
1
1
1
1
1
1
1
1
1
1
1
1
1
1
1
1
1
1
1
1
1
1
1
1
1
1
1
1
1
1
1
1
1
1
1
1
1
1
1
1
1
1
1
1
1
1
1
1
1
1
1
1
1
1
1
1
1
1
1
1
1
1
1
1
1
1
1
1
1
1
1
1
1
1
1
1
1
1
1
1
1
1
1
1
1
1
1
1
1
1
1
1
1
1
1
1
1
1
1
1
1
1
1
1
1
1
1
1
1
1
1
1
1
1
1
1
1
1
1
1
1
1
1
1
1
1
1
1
1
1
1
1
1
1
1
1
1
1
1
1
1
1
1
1
1
1
1
1
1
1
1
1
1
1
1
1
1
1
1
1
1
1
1
1
1
1
1
1
1
1
1
1
1
1
1
1
1
1
1
1
1
1
1
1
1
1
1
1
1
1
1
1
1
1
1
1
1
1
1
1
1
1
1
1
1
1
1
1
1
1
1
1
1
1
1
1
1
1
1
1
1
1
1
1
1
1
1
1
1
1
1
1
1
1
1
1
1
1
1
1
1
1
1
1
1
1
1
1
1
1
1
1
1
1
1
1
1
1
1
1
1
1
1
1
1
1
1
1
1
1
1
1
1
1
1
1
1
1
1
1
1
1
1
1
1
1
1
1
1
1
1
1
1
1
1
1
1
1
1
1
1
1
1
1
1
1
1
1
1
1
1
1
1
1
1
1
1
1
1
1
1
1
1
1
1
1
1
1
1
1
1
1
1
1
1
1
1
1
1
1
1
1
1
1
1
1
1
1
1
1
1
1
1
1
1
1
1
1
1
1
1
1
1
1
1
1
1
1
1
1
1
1
1
1
1
1
1
1
1
1
1
1
1
1
1
1
1
1
1
1
1
1
1
1
1
1
1
1
1
1
1
1
1
1
1
1
1
1
1
1
1
1
1
1
1
1
1
1
1
1
1
1
1
1
1
1
1
1
1
1
1
1
1
1
1
1
1
1
1
1
1
1
1
1
1
1
1
1
1
1
1
1
1
1
1
1
1
1
1
1
1
1
1
1
1
1
1
1
1
1
1
1
1
1
1
1
1
1
1
1
1
1
1
1
1
1
1
1
1
1
1
1
1
1
1
1
1
1
1
1
1
1
1
1
1
1
1
1
1
1
1
1
1
1
1
1
1
1
1
1
1
1
1
1
1
1
1
1
1
1
1
1
1
1
1
1
1
1
1
1
1
1
1
1
1
1
1
1
1
1
1
1
1
1
1
1
1
1
1
1
1
1
1
1
1
1
1
1
1
1
1
1
1
1
1
1
1
1
1
1
1
1
1
1
1
1
1
1
1
1
1
1
1
1
1
1
1
1
1
1
1
1
1
1
1
1
1
1
1
1
1
1
1
1
1
1
1
1
1
1
1
1
1
1
1
1
1
1
1
1
1
1
1
1
1
1
1
1
1
1
1
1
1
1
1
1
1
1
1
1
1
1
1
1
1
1
1
1
1
1
1
1
1
1
1
1
1
1
1
1
1
1
1
1
1
1
1
1
1
1
1
1
1
1
1
1
1
1
1
1
1
1
1
1
1
1
1
1
1
1
1
1
1
1
1
1
1
1
1
1
1
1
1
1
1
1
1
1
1
1
1
1
1
1
1
1
1
1
1
1
1
1
1
1
1
1
1
1
1
1
1
1
1
1
1
1
1
1
1
1
1
1
1
1
1
1
1
1
1
1
1
1
1
1
1
1
1
1
1
1
1
1
1
1
1
1
1
1
1
1
1
1
1
1
1
1
1
1
1
1
1
1
1
1
1
1
1
1
1
1
1
1
1
1
1
1
1
1
1
1
1
1
1
1
1
1
1
1
1
1
1
1
1
1
1
1
1
1
1
1
1
1
1
1
1
1
1
1
1
1
1
1
1
1
1
1
1
1
1
1
1
1
1
1
1
1
1
1
1
1
1
1
1
1
1
1
1
1
1
1
1
1
1
1
1
1
1
1
1
1
1
1
1
1
1
1
1
1
1
1
1
1
1
1
1
1
1
1
1
1
1
1
1
1
1
1
1
1
1
1
1
1
1
1
1
1
1
1
1
1
1
1
1
1
1
1
1
1
1
1
1
1
1
1
1
1
1
1
1
1
1
1
1
1
1
1
1
1
1
1
1
1
1
1
1
1
1
1
1
1
1
1
1
1
1
1
1
1
1
1
1
1
1
1
1
1
1
1
1
1
1
1
1
1
1
1
1
1
1
1
1
1
1
1
1
1
1
1
1
1
1
1
1
1
1
1
1
1
1
1
1
1
1
1
1
1
1
1
1
1
1
1
1
1
1
1
1
1
1
1
1
1
1
1
1
1
1
1
1
1
1
1
1
1
1
1
1
1
1
1
1
1
1
1
1
1
1
1
1
1
1
1
1
1
1
1
1
1
1
1
1
1
1
1
1
1
1
1
1
1
1
1
1
1
1
1
1
1
1
1
1
1
1
1
1
1
1
1
1
1
1
1
1
1
1
1
1
1
1
1
1
1
1
1
1
1
1
1
1
1
1
1
1
1
1
1
1
1
1
1
1
1
1
1
1
1
1
1
1
1
1
1
1
1
1
1
1
1
1
1
1
1
1
1
1
1
1
1
1
1
1
1
1
1
1
1
1
1
1
1
1
1
1
1
1
1
1
1
1
1
1
1
1
1
1
1
1
1
1
1
1
1
1
1
1
1
1
1
1
1
1
1
1
1
1
1
1
1
1
1
1
1
1
1
1
1
1
1
1
1
1
1
1
1
1
1
1
1
1
1
1
1
1
1
1
1
1
1
1
1
1
1
1
1
1
1
1
1
1
1
1
1
1
1
1
1
1
1
1
1
1
1
1
1
1
1
1
1
1
1
1
1
1
1
1
1
1
1
1
1
1
1
1
1
1
1
1
1
1
1
1
1
1
1
1
1
1
1
1
1
1
1
1
1
1
1
1
1
1
1
1
1
1
1
1
1
1
1
1
1
1
1
1
1
1
1
1
1
1
1
1
1
1
1
1
1
1
1
1
1
1
1
1
1
1
1
1
1
1
1
1
1
1
1
1
1
1
1
1
1
1
1
1
1
1
1
1
1
1
1
1
1
1
1
1
1
1
1
1
1
1
1
1
1
1
1
1
1
1
1
1
1
1
1
1
1
1
1
1
1
1
1
1
1
1
1
1
1
1
1
1
1
1
1
1
1
1
1
1
1
1
1
1
1
1
1
1
1
1
1
1
1
1
1
1
1
1
1
1
1
1
1
1
1
1
1
1
1
1
1
1
1
1
1
1
1
1
1
1
1
1
1
1
1
1
1
1
1
1
1
1
1
1
1
1
1
1
1
1
1
1
1
1
1
1
1
1
1
1
1
1
1
1
1
1
1
1
1
1
1
1
1
1
1
1
1
1
1
1
1
1
1
1
1
1
1
1
1
1
1
1
1
1
1
1
1
1
1
1
1
1
1
1
1
1
1
1
1
1
1
1
1
1
1
1
1
1
1
1
1
1
1
1
1
1
1
1
1
1
1
1
1
1
1
1
1
1
1
1
1
1
1
1
1
1
1
1
1
1
1
1
1
1
1
1
1
1
1
1
1
1
1
1
1
1
1
1
1
1
1
1
1
1
1
1
1
1
1
1
1
1
1
1
1
1
1
1
1
1
1
1
1
1
1
1
1
1
1
1
1
1
1
1
1
1
1
1
1
1
1
1
1
1
1
1
1
1
1
1
1
1
1
1
1
1
1
1
1
1
1
1
1
1
1
1
1
1
1
1
1
1
1
1
1
1
1
1
1
1
1
1
1
1
1
1
1
1
1
1
1
1
1
1
1
1
1
1
1
1
1
1
1
1
1
1
1
1
1
1
1
1
1
1
1
1
1
1
1
1
1
1
1
1
1
1
1
1
1
1
1
1
1
1
1
1
1
1
1
1
1
1
1
1
1
1
1
1
1
1
1
1
1
1
1
1
1
1
1
1
1
1
1
1
1
1
1
1
1
1
1
1
1
1
1
1
1
1
1
1
1
1
1
1
1
1
1
1
1
1
1
1
1
1
1
1
1
1
1
1
1
1
1
1
1
1
1
1
1
1
1
1
1
1
1
1
1
1
1
1
1
1
1
1
1
1
1
1
1
1
1
1
1
1
1
1
1
1
1
1
1
1
1
1
1
1
1
1
1
1
1
1
1
1
1
1
1
1
1
1
1
1
1
1
1
1
1
1
1
1
1
1
1
1
1
1
1
1
1
1
1
1
1
1
1
1
1
1
1
1
1
1
1
1
1
1
1
1
1
1
1
1
1
1
1
1
1
1
1
1
1
1
1
1
1
1
1
1
1
1
1
1
1
1
1
1
1
1
1
1
1
1
1
1
1
1
1
1
1
1
1
1
1
1
1
1
1
1
1
1
1
1
1
1
1
1
1
1
1
1
1
1
1
1
1
1
1
1
1
1
1
1
1
1
1
1
1
1
1
1
1
1
1
1
1
1
1
1
1
1
1
1
1
1
1
1
1
1
1
1
1
1
1
1
1
1
1
1
1
1
1
1
1
1
1
1
1
1
1
1
1
1
1
1
1
1
1
1
1
1
1
1
1
1
1
1
1
1
1
1
1
1
1
1
1
1
1
1
1
1
1
1
1
1
1
1
1
1
1
1
1
1
1
1
1
1
1
1
1
1
1
1
1
1
1
1
1
1
1
1
1
1
1
1
1
1
1
1
1
1
1
1
1
1
1
1
1
1
1
1
1
1
1
1
1
1
1
1
1
1
1
1
1
1
1
1
1
1
1
1
1
1
1
1
1
1
1
1
1
1
1
1
1
1
1
1
1
1
1
1
1
1
1
1
1
1
1
1
1
1
1
1
1
1
1
1
1
1
1
1
1
1
1
1
1
1
1
1
1
1
1
1
1
1
1
1
1
1
1
1
1
1
1
1
1
1
1
1
1
1
1
1
1
1
1
1
1
1
1
1
1
1
1
1
1
1
1
1
1
1
1
1
1
1
1
1
1
1
1
1
1
1
1
1
1
1
1
1
1
1
1
1
1
1
1
1
1
1
1
1
1
1
1
1
1
1
1
1
1
1
1
1
1
1
1
1
1
1
1
1
1
1
1
1
1
1
1
1
1
1
1
1
1
1
1
1
1
1
1
1
1
1
1
1
1
1
1
1
1
1
1
1
1
1
1
1
1
1
1
1
1
1
1
1
1
1
1
1
1
1
1
1
1
1
1
1
1
1
1
1
1
1
1
1
1
1
1
1
1
1
1
1
1
1
1
1
1
1
1
1
1
1
1
1
1
1
1
1
1
1
1
1
1
1
1
1
1
1
1
1
1
1
1
1
1
1
1
1
1
1
1
1
1
1
1
1
1
1
1
1
1
1
1
1
1
1
1
1
1
1
1
1
1
1
1
1
1
1
1
1
1
1
1
1
1
1
1
1
1
1
1
1
1
1
1
1
1
1
1
1
1
1
1
1
1
1
1
1
1
1
1
1
1
1
1
1
1
1
1
1
1
1
1
1
1
1
1
1
1
1
1
1
1
1
1
1
1
1
1
1
1
1
1
1
1
1
1
1
1
1
1
1
1
1
1
1
1
1
1
1
1
1
1
1
1
1
1
1
1
1
1
1
1
1
1
1
1
1
1
1
1
1
1
1
1
1
1
1
1
1
1
1
1
1
1
1
1
1
1
1
1
1
1
1
1
1
1
1
1
1
1
1
1
1
1
1
1
1
1
1
1
1
1
1
1
1
1
1
1
1
1
1
1
1
1
1
1
1
1
1
1
1
1
1
1
1
1
1
1
1
1
1
1
1
1
1
1
1
1
1
1
1
1
1
1
1
1
1
1
1
1
1
1
1
1
1
1
1
1
1
1
1
1
1
1
1
1
1
1
1
1
1
1
1
1
1
1
1
1
1
1
1
1
1
1
1
1
1
1
1
1
1
1
1
1
1
1
1
1
1
1
1
1
1
1
1
1
1
1
1
1
1
1
1
1
1
1
1
1
1
1
1
1
1
1
1
1
1
1
1
1
1
1
1
1
1
1
1
1
1
1
1
1
1
1
1
1
1
1
1
1
1
1
1
1
1
1
1
1
1
1
1
1
1
1
1
1
1
1
1
1
1
1
1
1
1
1
1
1
1
1
1
1
1
1
1
1
1
1
1
1
1
1
1
1
1
1
1
1
1
1
1
1
1
1
1
1
1
1
1
1
1
1
1
1
1
1
1
1
1
1
1
1
1
1
1
1
1
1
1
1
1
1
1
1
1
1
1
1
1
1
1
1
1
1
1
1
1
1
1
1
1
1
1
1
1
1
1
1
1
1
1
1
1
1
1
1
1
1
1
1
1
1
1
1
1
1
1
1
1
1
1
1
1
1
1
1
1
1
1
1
1
1
1
1
1
1
1
1
1
1
1
1
1
1
1
1
1
1
1
1
1
1
1
1
1
1
1
1
1
1
1
1
1
1
1
1
1
1
1
1
1
1
1
1
1
1
1
1
1
1
1
1
1
1
1
1
1
1
1
1
1
1
1
1
1
1
1
1
1
1
1
1
1
1
1
1
1
1
1
1
1
1
1
1
1
1
1
1
1
1
1
1
1
1
1
1
1
1
1
1
1
1
1
1
1
1
1
1
1
1
1
1
1
1
1
1
1
1
1
1
1
1
1
1
1
1
1
1
1
1
1
1
1
1
1
1
1
1
1
1
1
1
1
1
1
1
1
1
1
1
1
1
1
1
1
1
1
1
1
1
1
1
1
1
1
1
1
1
1
1
1
1
1
1
1
1
1
1
1
1
1
1
1
1
1
1
1
1
1
1
1
1
1
1
1
1
1
1
1
1
1
1
1
1
1
1
1
1
1
1
1
1
1
1
1
1
1
1
1
1
1
1
1
1
1
1
1
1
1
1
1
1
1
1
1
1
1
1
1
1
1
1
1
1
1
1
1
1
1
1
1
1
1
1
1
1
1
1
1
1
1
1
1
1
1
1
1
1
1
1
1
1
1
1
1
1
1
1
1
1
1
1
1
1
1
1
1
1
1
1
1
1
1
1
1
1
1
1
1
1
1
1
1
1
1
1
1
1
1
1
1
1
1
1
1
1
1
1
1
1
1
1
1
1
1
1
1
1
1
1
1
1
1
1
1
1
1
1
1
1
1
1
1
1
1
1
1
1
1
1
1
1
1
1
1
1
1
1
1
1
1
1
1
1
1
1
1
1
1
1
1
1
1
1
1
1
1
1
1
1
1
1
1
1
1
1
1
1
1
1
1
1
1
1
1
1
1
1
1
1
1
1
1
1
1
1
1
1
1
1
1
1
1
1
1
1
1
1
1
1
1
1
1
1
1
1
1
1
1
1
1
1
1
1
1
1
1
1
1
1
1
1
1
1
1
1
1
1
1
1
1
1
1
1
1
1
1
1
1
1
1
1
1
1
1
1
1
1
1
1
1
1
1
1
1
1
1
1
1
1
1
1
1
1
1
1
1
1
1
1
1
1
1
1
1
1
1
1
1
1
1
1
1
1
1
1
1
1
1
1
1
1
1
1
1
1
1
1
1
1
1
1
1
1
1
1
1
1
1
1
1
1
1
1
1
1
1
1
1
1
1
1
1
1
1
1
1
1
1
1
1
1
1
1
1
1
1
1
1
1
1
1
1
1
1
1
1
1
1
1
1
1
1
1
1
1
1
1
1
1
1
1
1
1
1
1
1
1
1
1
1
1
1
1
1
1
1
1
1
1
1
1
1
1
1
1
1
1
1
1
1
1
1
1
1
1
1
1
1
1
1
1
1
1
1
1
1
1
1
1
1
1
1
1
1
1
1
1
1
1
1
1
1
1
1
1
1
1
1
1
1
1
1
1
1
1
1
1
1
1
1
1
1
1
1
1
1
1
1
1
1
1
1
1
1
1
1
1
1
1
1
1
1
1
1
1
1
1
1
1
1
1
1
1
1
1
1
1
1
1
1
1
1
1
1
1
1
1
1
1
1
1
1
1
1
1
1
1
1
1
1
1
1
1
1
1
1
1
1
1
1
1
1
1
1
1
1
1
1
1
1
1
1
1
1
1
1
1
1
1
1
1
1
1
1
1
1
1
1
1
1
1
1
1
1
1
1
1
1
1
1
1
1
1
1
1
1
1
1
1
1
1
1
1
1
1
1
1
1
1
1
1
1
1
1
1
1
1
1
1
1
1
1
1
1
1
1
1
1
1
1
1
1
1
1
1
1
1
1
1
1
1
1
1
1
1
1
1
1
1
1
1
1
1
1
1
1
1
1
1
1
1
1
1
1
1
1
1
1
1
1
1
1
1
1
1
1
1
1
1
1
1
1
1
1
1
1
1
1
1
1
1
1
1
1
1
1
1
1
1
1
1
1
1
1
1
1
1
1
1
1
1
1
1
1
1
1
1
1
1
1
1
1
1
1
1
1
1
1
1
1
1
1
1
1
1
1
1
1
1
1
1
1
1
1
1
1
1
1
1
1
1
1
1
1
1
1
1
1
1
1
1
1
1
1
1
1
1
1
1
1
1
1
1
1
1
1
1
1
1
1
1
1
1
1
1
1
1
1
1
1
1
1
1
1
1
1
1
1
1
1
1
1
1
1
1
1
1
1
1
1
1
1
1
1
1
1
1
1
1
1
1
1
1
1
1
1
1
1
1
1
1
1
1
1
1
1
1
1
1
1
1
1
1
1
1
1
1
1
1
1
1
1
1
1
1
1
1
1
1
1
1
1
1
1
1
1
1
1
1
1
1
1
1
1
1
1
1
1
1
1
1
1
1
1
1
1
1
1
1
1
1
1
1
1
1
1
1
1
1
1
1
1
1
1
1
1
1
1
1
1
1
1
1
1
1
1
1
1
1
1
1
1
1
1
1
1
1
1
1
1
1
1
1
1
1
1
1
1
1
1
1
1
1
1
1
1
1
1
1
1
1
1
1
1
1
1
1
1
1
1
1
1
1
1
1
1
1
1
1
1
1
1
1
1
1
1
1
1
1
1
1
1
1
1
1
1
1
1
1
1
1
1
1
1
1
1
1
1
1
1
1
1
1
1
1
1
1
1
1
1
1
1
1
1
1
1
1
1
1
1
1
1
1
1
1
1
1
1
1
1
1
1
1
1
1
1
1
1
1
1
1
1
1
1
1
1
1
1
1
1
1
1
1
1
1
1
1
1
1
1
1
1
1
1
1
1
1
1
1
1
1
1
1
1
1
1
1
1
1
1
1
1
1
1
1
1
1
1
1
1
1
1
1
1
1
1
1
1
1
1
1
1
1
1
1
1
1
1
1
1
1
1
1
1
1
1
1
1
1
1
1
1
1
1
1
1
1
1
1
1
1
1
1
1
1
1
1
1
1
1
1
1
1
1
1
1
1
1
1
1
1
1
1
1
1
1
1
1
1
1
1
1
1
1
1
1
1
1
1
1
1
1
1
1
1
1
1
1
1
1
1
1
1
1
1
1
1
1
1
1
1
1
1
1
1
1
1
1
1
1
1
1
1
1
1
1
1
1
1
1
1
1
1
1
1
1
1
1
1
1
1
1
1
1
1
1
1
1
1
1
1
1
1
1
1
1
1
1
1
1
1
1
1
1
1
1
1
1
1
1
1
1
1
1
1
1
1
1
1
1
1
1
1
1
1
1
1
1
1
1
1
1
1
1
1
1
1
1
1
1
1
1
1
1
1
1
1
1
1
1
1
1
1
1
1
1
1
1
1
1
1
1
1
1
1
1
1
1
1
1
1
1
1
1
1
1
1
1
1
1
1
1
1
1
1
1
1
1
1
1
1
1
1
1
1
1
1
1
1
1
1
1
1
1
1
1
1
1
1
1
1
1
1
1
1
1
1
1
1
1
1
1
1
1
1
1
1
1
1
1
1
1
1
1
1
1
1
1
1
1
1
1
1
1
1
1
1
1
1
1
1
1
1
1
1
1
1
1
1
1
1
1
1
1
1
1
1
1
1
1
1
1
1
1
1
1
1
1
1
1
1
1
1
1
1
1
1
1
1
1
1
1
1
1
1
1
1
1
1
1
1
1
1
1
1
1
1
1
1
1
1
1
1
1
1
1
1
1
1
1
1
1
1
1
1
1
1
1
1
1
1
1
1
1
1
1
1
1
1
1
1
1
1
1
1
1
1
1
1
1
1
1
1
1
1
1
1
1
1
1
1
1
1
1
1
1
1
1
1
1
1
1
1
1
1
1
1
1
1
1
1
1
1
1
1
1
1
1
1
1
1
1
1
1
1
1
1
1
1
1
1
1
1
1
1
1
1
1
1
1
1
1
1
1
1
1
1
1
1
1
1
1
1
1
1
1
1
1
1
1
1
1
1
1
1
1
1
1
1
1
1
1
1
1
1
1
1
1
1
1
1
1
1
1
1
1
1
1
1
1
1
1
1
1
1
1
1
1
1
1
1
1
1
1
1
1
1
1
1
1
1
1
1
1
1
1
1
1
1
1
1
1
1
1
1
1
1
1
1
1
1
1
1
1
1
1
1
1
1
1
1
1
1
1
1
1
1
1
1
1
1
1
1
1
1
1
1
1
1
1
1
1
1
1
1
1
1
1
1
1
1
1
1
1
1
1
1
1
1
1
1
1
1
1
1
1
1
1
1
1
1
1
1
1
1
1
1
1
1
1
1
1
1
1
1
1
1
1
1
1
1
1
1
1
1
1
1
1
1
1
1
1
1
1
1
1
1
1
1
1
1
1
1
1
1
1
1
1
1
1
1
1
1
1
1
1
1
1
1
1
1
1
1
1
1
1
1
1
1
1
1
1
1
1
1
1
1
1
1
1
1
1
1
1
1
1
1
1
1
1
1
1
1
1
1
1
1
1
1
1
1
1
1
1
1
1
1
1
1
1
1
1
1
1
1
1
1
1
1
1
1
1
1
1
1
1
1
1
1
1
1
1
1
1
1
1
1
1
1
1
1
1
1
1
1
1
1
1
1
1
1
1
1
1
1
1
1
1
1
1
1
1
1
1
1
1
1
1
1
1
1
1
1
1
1
1
1
1
1
1
1
1
1
1
1
1
1
1
1
1
1
1
1
1
1
1
1
1
1
1
1
1
1
1
1
1
1
1
1
1
1
1
1
1
1
1
1
1
1
1
1
1
1
1
1
1
1
1
1
1
1
1
1
1
1
1
1
1
1
1
1
1
1
1
1
1
1
1
1
1
1
1
1
1
1
1
1
1
1
1
1
1
1
1
1
1
1
1
1
1
1
1
1
1
1
1
1
1
1
1
1
1
1
1
1
1
1
1
1
1
1
1
1
1
1
1
1
1
1
1
1
1
1
1
1
1
1
1
1
1
1
1
1
1
1
1
1
1
1
1
1
1
1
1
1
1
1
1
1
1
1
1
1
1
1
1
1
1
1
1
1
1
1
1
1
1
1
1
1
1
1
1
1
1
1
1
1
1
1
1
1
1
1
1
1
1
1
1
1
1
1
1
1
1
1
1
1
1
1
1
1
1
1
1
1
1
1
1
1
1
1
1
1
1
1
1
1
1
1
1
1
1
1
1
1
1
1
1
1
1
1
1
1
1
1
1
1
1
1
1
1
1
1
1
1
1
1
1
1
1
1
1
1
1
1
1
1
1
1
1
1
1
1
1
1
1
1
1
1
1
1
1
1
1
1
1
1
1
1
1
1
1
1
1
1
1
1
1
1
1
1
1
1
1
1
1
1
1
1
1
1
1
1
1
1
1
1
1
1
1
1
1
1
1
1
1
1
1
1
1
1
1
1
1
1
1
1
1
1
1
1
1
1
1
1
1
1
1
1
1
1
1
1
1
1
1
1
1
1
1
1
1
1
1
1
1
1
1
1
1
1
1
1
1
1
1
1
1
1
1
1
1
1
1
1
1
1
1
1
1
1
1
1
1
1
1
1
1
1
1
1
1
1
1
1
1
1
1
1
1
1
1
1
1
1
1
1
1
1
1
1
1
1
1
1
1
1
1
1
1
1
1
1
1
1
1
1
1
1
1
1
1
1
1
1
1
1
1
1
1
1
1
1
1
1
1
1
1
1
1
1
1
1
1
1
1
1
1
1
1
1
1
1
1
1
1
1
1
1
1
1
1
1
1
1
1
1
1
1
1
1
1
1
1
1
1
1
1
1
1
1
1
1
1
1
1
1
1
1
1
1
1
1
1
1
1
1
1
1
1
1
1
1
1
1
1
1
1
1
1
1
1
1
1
1
1
1
1
1
1
1
1
1
1
1
1
1
1
1
1
1
1
1
1
1
1
1
1
1
1
1
1
1
1
1
1
1
1
1
1
1
1
1
1
1
1
1
1
1
1
1
1
1
1
1
1
1
1
1
1
1
1
1
1
1
1
1
1
1
1
1
1
1
1
1
1
1
1
1
1
1
1
1
1
1
1
1
1
1
1
1
1
1
1
1
1
1
1
1
1
1
1
1
1
1
1
1
1
1
1
1
1
1
1
1
1
1
1
1
1
1
1
1
1
1
1
1
1
1
1
1
1
1
1
1
1
1
1
1
1
1
1
1
1
1
1
1
1
1
1
1
1
1
1
1
1
1
1
1
1
1
1
1
1
1
1
1
1
1
1
1
1
1
1
1
1
1
1
1
1
1
1
1
1
1
1
1
1
1
1
1
1
1
1
1
1
1
1
1
1
1
1
1
1
1
1
1
1
1
1
1
1
1
1
1
1
1
1
1
1
1
1
1
1
1
1
1
1
1
1
1
1
1
1
1
1
1
1
1
1
1
1
1
1
1
1
1
1
1
1
1
1
1
1
1
1
1
1
1
1
1
1
1
1
1
1
1
1
1
1
1
1
1
1
1
1
1
1
1
1
1
1
1
1
1
1
1
1
1
1
1
1
1
1
1
1
1
1
1
1
1
1
1
1
1
1
1
1
1
1
1
1
1
1
1
1
1
1
1
1
1
1
1
1
1
1
1
1
1
1
1
1
1
1
1
1
1
1
1
1
1
1
1
1
1
1
1
1
1
1
1
1
1
1
1
1
1
1
1
1
1
1
1
1
1
1
1
1
1
1
1
1
1
1
1
1
1
1
1
1
1
1
1
1
1
1
1
1
1
1
1
1
1
1
1
1
1
1
1
1
1
1
1
1
1
1
1
1
1
1
1
1
1
1
1
1
1
1
1
1
1
1
1
1
1
1
1
1
1
1
1
1
1
1
1
1
1
1
1
1
1
1
1
1
1
1
1
1
1
1
1
1
1
1
1
1
1
1
1
1
1
1
1
1
1
1
1
1
1
1
1
1
1
1
1
1
1
1
1
1
1
1
1
1
1
1
1
1
1
1
1
1
1
1
1
1
1
1
1
1
1
1
1
1
1
1
1
1
1
1
1
1
1
1
1
1
1
1
1
1
1
1
1
1
1
1
1
1
1
1
1
1
1
1
1
1
1
1
1
1
1
1
1
1
1
1
1
1
1
1
1
1
1
1
1
1
1
1
1
1
1
1
1
1
1
1
1
1
1
1
1
1
1
1
1
1
1
1
1
1
1
1
1
1
1
1
1
1
1
1
1
1
1
1
1
1
1
1
1
1
1
1
1
1
1
1
1
1
1
1
1
1
1
1
1
1
1
1
1
1
1
1
1
1
1
1
1
1
1
1
1
1
1
1
1
1
1
1
1
1
1
1
1
1
1
1
1
1
1
1
1
1
1
1
1
1
1
1
1
1
1
1
1
1
1
1
1
1
1
1
1
1
1
1
1
1
1
1
1
1
1
1
1
1
1
1
1
1
1
1
1
1
1
1
1
1
1
1
1
1
1
1
1
1
1
1
1
1
1
1
1
1
1
1
1
1
1
1
1
1
1
1
1
1
1
1
1
1
1
1
1
1
1
1
1
1
1
1
1
1
1
1
1
1
1
1
1
1
1
1
1
1
1
1
1
1
1
1
1
1
1
1
1
1
1
1
1
1
1
1
1
1
1
1
1
1
1
1
1
1
1
1
1
1
1
1
1
1
1
1
1
1
1
1
1
1
1
1
1
1
1
1
1
1
1
1
1
1
1
1
1
1
1
1
1
1
1
1
1
1
1
1
1
1
1
1
1
1
1
1
1
1
1
1
1
1
1
1
1
1
1
1
1
1
1
1
1
1
1
1
1
1
1
1
1
1
1
1
1
1
1
1
1
1
1
1
1
1
1
1
1
1
1
1
1
1
1
1
1
1
1
1
1
1
1
1
1
1
1
1
1
1
1
1
1
1
1
1
1
1
1
1
1
1
1
1
1
1
1
1
1
1
1
1
1
1
1
1
1
1
1
1
1
1
1
1
1
1
1
1
1
1
1
1
1
1
1
1
1
1
1
1
1
1
1
1
1
1
1
1
1
1
1
1
1
1
1
1
1
1
1
1
1
1
1
1
1
1
1
1
1
1
1
1
1
1
1
1
1
1
1
1
1
1
1
1
1
1
1
1
1
1
1
1
1
1
1
1
1
1
1
1
1
1
1
1
1
1
1
1
1
1
1
1
1
1
1
1
1
1
1
1
1
1
1
1
1
1
1
1
1
1
1
1
1
1
1
1
1
1
1
1
1
1
1
1
1
1
1
1
1
1
1
1
1
1
1
1
1
1
1
1
1
1
1
1
1
1
1
1
1
1
1
1
1
1
1
1
1
1
1
1
1
1
1
1
1
1
1
1
1
1
1
1
1
1
1
1
1
1
1
1
1
1
1
1
1
1
1
1
1
1
1
1
1
1
1
1
1
1
1
1
1
1
1
1
1
1
1
1
1
1
1
1
1
1
1
1
1
1
1
1
1
1
1
1
1
1
1
1
1
1
1
1
1
1
1
1
1
1
1
1
1
1
1
1
1
1
1
1
1
1
1
1
1
1
1
1
1
1
1
1
1
1
1
1
1
1
1
1
1
1
1
1
1
1
1
1
1
1
1
1
1
1
1
1
1
1
1
1
1
1
1
1
1
1
1
1
1
1
1
1
1
1
1
1
1
1
1
1
1
1
1
1
1
1
1
1
1
1
1
1
1
1
1
1
1
1
1
1
1
1
1
1
1
1
1
1
1
1
1
1
1
1
1
1
1
1
1
1
1
1
1
1
1
1
1
1
1
1
1
1
1
1
1
1
1
1
1
1
1
1
1
1
1
1
1
1
1
1
1
1
1
1
1
1
1
1
1
1
1
1
1
1
1
1
1
1
1
1
1
1
1
1
1
1
1
1
1
1
1
1
1
1
1
1
1
1
1
1
1
1
1
1
1
1
1
1
1
1
1
1
1
1
1
1
1
1
1
1
1
1
1
1
1
1
1
1
1
1
1
1
1
1
1
1
1
1
1
1
1
1
1
1
1
1
1
1
1
1
1
1
1
1
1
1
1
1
1
1
1
1
1
1
1
1
1
1
1
1
1
1
1
1
1
1
1
1
1
1
1
1
1
1
1
1
1
1
1
1
1
1
1
1
1
1
1
1
1
1
1
1
1
1
1
1
1
1
1
1
1
1
1
1
1
1
1
1
1
1
1
1
1
1
1
1
1
1
1
1
1
1
1
1
1
1
1
1
1
1
1
1
1
1
1
1
1
1
1
1
1
1
1
1
1
1
1
1
1
1
1
1
1
1
1
1
1
1
1
1
1
1
1
1
1
1
1
1
1
1
1
1
1
1
1
1
1
1
1
1
1
1
1
1
1
1
1
1
1
1
1
1
1
1
1
1
1
1
1
1
1
1
1
1
1
1
1
1
1
1
1
1
1
1
1
1
1
1
1
1
1
1
1
1
1
1
1
1
1
1
1
1
1
1
1
1
1
1
1
1
1
1
1
1
1
1
1
1
1
1
1
1
1
1
1
1
1
1
1
1
1
1
1
1
1
1
1
1
1
1
1
1
1
1
1
1
1
1
1
1
1
1
1
1
1
1
1
1
1
1
1
1
1
1
1
1
1
1
1
1
1
1
1
1
1
1
1
1
1
1
1
1
1
1
1
1
1
1
1
1
1
1
1
1
1
1
1
1
1
1
1
1
1
1
1
1
1
1
1
1
1
1
1
1
1
1
1
1
1
1
1
1
1
1
1
1
1
1
1
1
1
1
1
1
1
1
1
1
1
1
1
1
1
1
1
1
1
1
1
1
1
1
1
1
1
1
1
1
1
1
1
1
1
1
1
1
1
1
1
1
1
1
1
1
1
1
1
1
1
1
1
1
1
1
1
1
1
1
1
1
1
1
1
1
1
1
1
1
1
1
1
1
1
1
1
1
1
1
1
1
1
1
1
1
1
1
1
1
1
1
1
1
1
1
1
1
1
1
1
1
1
1
1
1
1
1
1
1
1
1
1
1
1
1
1
1
1
1
1
1
1
1
1
1
1
1
1
1
1
1
1
1
1
1
1
1
1
1
1
1
1
1
1
1
1
1
1
1
1
1
1
1
1
1
1
1
1
1
1
1
1
1
1
1
1
1
1
1
1
1
1
1
1
1
1
1
1
1
1
1
1
1
1
1
1
1
1
1
1
1
1
1
1
1
1
1
1
1
1
1
1
1
1
1
1
1
1
1
1
1
1
1
1
1
1
1
1
1
1
1
1
1
1
1
1
1
1
1
1
1
1
1
1
1
1
1
1
1
1
1
1
1
1
1
1
1
1
1
1
1
1
1
1
1
1
1
1
1
1
1
1
1
1
1
1
1
1
1
1
1
1
1
1
1
1
1
1
1
1
1
1
1
1
1
1
1
1
1
1
1
1
1
1
1
1
1
1
1
1
1
1
1
1
1
1
1
1
1
1
1
1
1
1
1
1
1
1
1
1
1
1
1
1
1
1
1
1
1
1
1
1
1
1
1
1
1
1
1
1
1
1
1
1
1
1
1
1
1
1
1
1
1
1
1
1
1
1
1
1
1
1
1
1
1
1
1
1
1
1
1
1
1
1
1
1
1
1
1
1
1
1
1
1
1
1
1
1
1
1
1
1
1
1
1
1
1
1
1
1
1
1
1
1
1
1
1
1
1
1
1
1
1
1
1
1
1
1
1
1
1
1
1
1
1
1
1
1
1
1
1
1
1
1
1
1
1
1
1
1
1
1
1
1
1
1
1
1
1
1
1
1
1
1
1
1
1
1
1
1
1
1
1
1
1
1
1
1
1
1
1
1
1
1
1
1
1
1
1
1
1
1
1
1
1
1
1
1
1
1
1
1
1
1
1
1
1
1
1
1
1
1
1
1
1
1
1
1
1
1
1
1
1
1
1
1
1
1
1
1
1
1
1
1
1
1
1
1
1
1
1
1
1
1
1
1
1
1
1
1
1
1
1
1
1
1
1
1
1
1
1
1
1
1
1
1
1
1
1
1
1
1
1
1
1
1
1
1
1
1
1
1
1
1
1
1
1
1
1
1
1
1
1
1
1
1
1
1
1
1
1
1
1
1
1
1
1
1
1
1
1
1
1
1
1
1
1
1
1
1
1
1
1
1
1
1
1
1
1
1
1
1
1
1
1
1
1
1
1
1
1
1
1
1
1
1
1
1
1
1
1
1
1
1
1
1
1
1
1
1
1
1
1
1
1
1
1
1
1
1
1
1
1
1
1
1
1
1
1
1
1
1
1
1
1
1
1
1
1
1
1
1
1
1
1
1
1
1
1
1
1
1
1
1
1
1
1
1
1
1
1
1
1
1
1
1
1
1
1
1
1
1
1
1
1
1
1
1
1
1
1
1
1
1
1
1
1
1
1
1
1
1
1
1
1
1
1
1
1
1
1
1
1
1
1
1
1
1
1
1
1
1
1
1
1
1
1
1
1
1
1
1
1
1
1
1
1
1
1
1
1
1
1
1
1
1
1
1
1
1
1
1
1
1
1
1
1
1
1
1
1
1
1
1
1
1
1
1
1
1
1
1
1
1
1
1
1
1
1
1
1
1
1
1
1
1
1
1
1
1
1
1
1
1
1
1
1
1
1
1
1
1
1
1
1
1
1
1
1
1
1
1
1
1
1
1
1
1
1
1
1
1
1
1
1
1
1
1
1
1
1
1
1
1
1
1
1
1
1
1
1
1
1
1
1
1
1
1
1
1
1
1
1
1
1
1
1
1
1
1
1
1
1
1
1
1
1
1
1
1
1
1
1
1
1
1
1
1
1
1
1
1
1
1
1
1
1
1
1
1
1
1
1
1
1
1
1
1
1
1
1
1
1
1
1
1
1
1
1
1
1
1
1
1
1
1
1
1
1
1
1
1
1
1
1
1
1
1
1
1
1
1
1
1
1
1
1
1
1
1
1
1
1
1
1
1
1
1
1
1
1
1
1
1
1
1
1
1
1
1
1
1
1
1
1
1
1
1
1
1
1
1
1
1
1
1
1
1
1
1
1
1
1
1
1
1
1
1
1
1
1
1
1
1
1
1
1
1
1
1
1
1
1
1
1
1
1
1
1
1
1
1
1
1
1
1
1
1
1
1
1
1
1
1
1
1
1
1
1
1
1
1
1
1
1
1
1
1
1
1
1
1
1
1
1
1
1
1
1
1
1
1
1
1
1
1
1
1
1
1
1
1
1
1
1
1
1
1
1
1
1
1
1
1
1
1
1
1
1
1
1
1
1
1
1
1
1
1
1
1
1
1
1
1
1
1
1
1
1
1
1
1
1
1
1
1
1
1
1
1
1
1
1
1
1
1
1
1
1
1
1
1
1
1
1
1
1
1
1
1
1
1
1
1
1
1
1
1
1
1
1
1
1
1
1
1
1
1
1
1
1
1
1
1
1
1
1
1
1
1
1
1
1
1
1
1
1
1
1
1
1
1
1
1
1
1
1
1
1
1
1
1
1
1
1
1
1
1
1
1
1
1
1
1
1
1
1
1
1
1
1
1
1
1
1
1
1
1
1
1
1
1
1
1
1
1
1
1
1
1
1
1
1
1
1
1
1
1
1
1
1
1
1
1
1
1
1
1
1
1
1
1
1
1
1
1
1
1
1
1
1
1
1
1
1
1
1
1
1
1
1
1
1
1
1
1
1
1
1
1
1
1
1
1
1
1
1
1
1
1
1
1
1
1
1
1
1
1
1
1
1
1
1
1
1
1
1
1
1
1
1
1
1
1
1
1
1
1
1
1
1
1
1
1
1
1
1
1
1
1
1
1
1
1
1
1
1
1
1
1
1
1
1
1
1
1
1
1
1
1
1
1
1
1
1
1
1
1
1
1
1
1
1
1
1
1
1
1
1
1
1
1
1
1
1
1
1
1
1
1
1
1
1
1
1
1
1
1
1
1
1
1
1
1
1
1
1
1
1
1
1
1
1
1
1
1
1
1
1
1
1
1
1
1
1
1
1
1
1
1
1
1
1
1
1
1
1
1
1
1
1
1
1
1
1
1
1
1
1
1
1
1
1
1
1
1
1
1
1
1
1
1
1
1
1
1
1
1
1
1
1
1
1
1
1
1
1
1
1
1
1
1
1
1
1
1
1
1
1
1
1
1
1
1
1
1
1
1
1
1
1
1
1
1
1
1
1
1
1
1
1
1
1
1
1
1
1
1
1
1
1
1
1
1
1
1
1
1
1
1
1
1
1
1
1
1
1
1
1
1
1
1
1
1
1
1
1
1
1
1
1
1
1
1
1
1
1
1
1
1
1
1
1
1
1
1
1
1
1
1
1
1
1
1
1
1
1
1
1
1
1
1
1
1
1
1
1
1
1
1
1
1
1
1
1
1
1
1
1
1
1
1
1
1
1
1
1
1
1
1
1
1
1
1
1
1
1
1
1
1
1
1
1
1
1
1
1
1
1
1
1
1
1
1
1
1
1
1
1
1
1
1
1
1
1
1
1
1
1
1
1
1
1
1
1
1
1
1
1
1
1
1
1
1
1
1
1
1
1
1
1
1
1
1
1
1
1
1
1
1
1
1
1
1
1
1
1
1
1
1
1
1
1
1
1
1
1
1
1
1
1
1
1
1
1
1
1
1
1
1
1
1
1
1
1
1
1
1
1
1
1
1
1
1
1
1
1
1
1
1
1
1
1
1
1
1
1
1
1
1
1
1
1
1
1
1
1
1
1
1
1
1
1
1
1
1
1
1
1
1
1
1
1
1
1
1
1
1
1
1
1
1
1
1
1
1
1
1
1
1
1
1
1
1
1
1
1
1
1
1
1
1
1
1
1
1
1
1
1
1
1
1
1
1
1
1
1
1
1
1
1
1
1
1
1
1
1
1
1
1
1
1
1
1
1
1
1
1
1
1
1
1
1
1
1
1
1
1
1
1
1
1
1
1
1
1
1
1
1
1
1
1
1
1
1
1
1
1
1
1
1
1
1
1
1
1
1
1
1
1
1
1
1
1
1
1
1
1
1
1
1
1
1
1
1
1
1
1
1
1
1
1
1
1
1
1
1
1
1
1
1
1
1
1
1
1
1
1
1
1
1
1
1
1
1
1
1
1
1
1
1
1
1
1
1
1
1
1
1
1
1
1
1
1
1
1
1
1
1
1
1
1
1
1
1
1
1
1
1
1
1
1
1
1
1
1
1
1
1
1
1
1
1
1
1
1
1
1
1
1
1
1
1
1
1
1
1
1
1
1
1
1
1
1
1
1
1
1
1
1
1
1
1
1
1
1
1
1
1
1
1
1
1
1
1
1
1
1
1
1
1
1
1
1
1
1
1
1
1
1
1
1
1
1
1
1
1
1
1
1
1
1
1
1
1
1
1
1
1
1
1
1
1
1
1
1
1
1
1
1
1
1
1
1
1
1
1
1
1
1
1
1
1
1
1
1
1
1
1
1
1
1
1
1
1
1
1
1
1
1
1
1
1
1
1
1
1
1
1
1
1
1
1
1
1
1
1
1
1
1
1
1
1
1
1
1
1
1
1
1
1
1
1
1
1
1
1
1
1
1
1
1
1
1
1
1
1
1
1
1
1
1
1
1
1
1
1
1
1
1
1
1
1
1
1
1
1
1
1
1
1
1
1
1
1
1
1
1
1
1
1
1
1
1
1
1
1
1
1
1
1
1
1
1
1
1
1
1
1
1
1
1
1
1
1
1
1
1
1
1
1
1
1
1
1
1
1
1
1
1
1
1
1
1
1
1
1
1
1
1
1
1
1
1
1
1
1
1
1
1
1
1
1
1
1
1
1
1
1
1
1
1
1
1
1
1
1
1
1
1
1
1
1
1
1
1
1
1
1
1
1
1
1
1
1
1
1
1
1
1
1
1
1
1
1
1
1
1
1
1
1
1
1
1
1
1
1
1
1
1
1
1
1
1
1
1
1
1
1
1
1
1
1
1
1
1
1
1
1
1
1
1
1
1
1
1
1
1
1
1
1
1
1
1
1
1
1
1
1
1
1
1
1
1
1
1
1
1
1
1
1
1
1
1
1
1
1
1
1
1
1
1
1
1
1
1
1
1
1
1
1
1
1
1
1
1
1
1
1
1
1
1
1
1
1
1
1
1
1
1
1
1
1
1
1
1
1
1
1
1
1
1
1
1
1
1
1
1
1
1
1
1
1
1
1
1
1
1
1
1
1
1
1
1
1
1
1
1
1
1
1
1
1
1
1
1
1
1
1
1
1
1
1
1
1
1
1
1
1
1
1
1
1
1
1
1
1
1
1
1
1
1
1
1
1
1
1
1
1
1
1
1
1
1
1
1
1
1
1
1
1
1
1
1
1
1
1
1
1
1
1
1
1
1
1
1
1
1
1
1
1
1
1
1
1
1
1
1
1
1
1
1
1
1
1
1
1
1
1
1
1
1
1
1
1
1
1
1
1
1
1
1
1
1
1
1
1
1
1
1
1
1
1
1
1
1
1
1
1
1
1
1
1
1
1
1
1
1
1
1
1
1
1
1
1
1
1
1
1
1
1
1
1
1
1
1
1
1
1
1
1
1
1
1
1
1
1
1
1
1
1
1
1
1
1
1
1
1
1
1
1
1
1
1
1
1
1
1
1
1
1
1
1
1
1
1
1
1
1
1
1
1
1
1
1
1
1
1
1
1
1
1
1
1
1
1
1
1
1
1
1
1
1
1
1
1
1
1
1
1
1
1
1
1
1
1
1
1
1
1
1
1
1
1
1
1
1
1
1
1
1
1
1
1
1
1
1
1
1
1
1
1
1
1
1
1
1
1
1
1
1
1
1
1
1
1
1
1
1
1
1
1
1
1
1
1
1
1
1
1
1
1
1
1
1
1
1
1
1
1
1
1
1
1
1
1
1
1
1
1
1
1
1
1
1
1
1
1
1
1
1
1
1
1
1
1
1
1
1
1
1
1
1
1
1
1
1
1
1
1
1
1
1
1
1
1
1
1
1
1
1
1
1
1
1
1
1
1
1
1
1
1
1
1
1
1
1
1
1
1
1
1
1
1
1
1
1
1
1
1
1
1
1
1
1
1
1
1
1
1
1
1
1
1
1
1
1
1
1
1
1
1
1
1
1
1
1
1
1
1
1
1
1
1
1
1
1
1
1
1
1
1
1
1
1
1
1
1
1
1
1
1
1
1
1
1
1
1
1
1
1
1
1
1
1
1
1
1
1
1
1
1
1
1
1
1
1
1
1
1
1
1
1
1
1
1
1
1
1
1
1
1
1
1
1
1
1
1
1
1
1
1
1
1
1
1
1
1
1
1
1
1
1
1
1
1
1
1
1
1
1
1
1
1
1
1
1
1
1
1
1
1
1
1
1
1
1
1
1
1
1
1
1
1
1
1
1
1
1
1
1
1
1
1
1
1
1
1
1
1
1
1
1
1
1
1
1
1
1
1
1
1
1
1
1
1
1
1
1
1
1
1
1
1
1
1
1
1
1
1
1
1
1
1
1
1
1
1
1
1
1
1
1
1
1
1
1
1
1
1
1
1
1
1
1
1
1
1
1
1
1
1
1
1
1
1
1
1
1
1
1
1
1
1
1
1
1
1
1
1
1
1
1
1
1
1
1
1
1
1
1
1
1
1
1
1
1
1
1
1
1
1
1
1
1
1
1
1
1
1
1
1
1
1
1
1
1
1
1
1
1
1
1
1
1
1
1
1
1
1
1
1
1
1
1
1
1
1
1
1
1
1
1
1
1
1
1
1
1
1
1
1
1
1
1
1
1
1
1
1
1
1
1
1
1
1
1
1
1
1
1
1
1
1
1
1
1
1
1
1
1
1
1
1
1
1
1
1
1
1
1
1
1
1
1
1
1
1
1
1
1
1
1
1
1
1
1
1
1
1
1
1
1
1
1
1
1
1
1
1
1
1
1
1
1
1
1
1
1
1
1
1
1
1
1
1
1
1
1
1
1
1
1
1
1
1
1
1
1
1
1
1
1
1
1
1
1
1
1
1
1
1
1
1
1
1
1
1
1
1
1
1
1
1
1
1
1
1
1
1
1
1
1
1
1
1
1
1
1
1
1
1
1
1
1
1
1
1
1
1
1
1
1
1
1
1
1
1
1
1
1
1
1
1
1
1
1
1
1
1
1
1
1
1
1
1
1
1
1
1
1
1
1
1
1
1
1
1
1
1
1
1
1
1
1
1
1
1
1
1
1
1
1
1
1
1
1
1
1
1
1
1
1
1
1
1
1
1
1
1
1
1
1
1
1
1
1
1
1
1
1
1
1
1
1
1
1
1
1
1
1
1
1
1
1
1
1
1
1
1
1
1
1
1
1
1
1
1
1
1
1
1
1
1
1
1
1
1
1
1
1
1
1
1
1
1
1
1
1
1
1
1
1
1
1
1
1
1
1
1
1
1
1
1
1
1
1
1
1
1
1
1
1
1
1
1
1
1
1
1
1
1
1
1
1
1
1
1
1
1
1
1
1
1
1
1
1
1
1
1
1
1
1
1
1
1
1
1
1
1
1
1
1
1
1
1
1
1
1
1
1
1
1
1
1
1
1
1
1
1
1
1
1
1
1
1
1
1
1
1
1
1
1
1
1
1
1
1
1
1
1
1
1
1
1
1
1
1
1
1
1
1
1
1
1
1
1
1
1
1
1
1
1
1
1
1
1
1
1
1
1
1
1
1
1
1
1
1
1
1
1
1
1
1
1
1
1
1
1
1
1
1
1
1
1
1
1
1
1
1
1
1
1
1
1
1
1
1
1
1
1
1
1
1
1
1
1
1
1
1
1
1
1
1
1
1
1
1
1
1
1
1
1
1
1
1
1
1
1
1
1
1
1
1
1
1
1
1
1
1
1
1
1
1
1
1
1
1
1
1
1
1
1
1
1
1
1
1
1
1
1
1
1
1
1
1
1
1
1
1
1
1
1
1
1
1
1
1
1
1
1
1
1
1
1
1
1
1
1
1
1
1
1
1
1
1
1
1
1
1
1
1
1
1
1
1
1
1
1
1
1
1
1
1
1
1
1
1
1
1
1
1
1
1
1
1
1
1
1
1
1
1
1
1
1
1
1
1
1
1
1
1
1
1
1
1
1
1
1
1
1
1
1
1
1
1
1
1
1
1
1
1
1
1
1
1
1
1
1
1
1
1
1
1
1
1
1
1
1
1
1
1
1
1
1
1
1
1
1
1
1
1
1
1
1
1
1
1
1
1
1
1
1
1
1
1
1
1
1
1
1
1
1
1
1
1
1
1
1
1
1
1
1
1
1
1
1
1
1
1
1
1
1
1
1
1
1
1
1
1
1
1
1
1
1
1
1
1
1
1
1
1
1
1
1
1
1
1
1
1
1
1
1
1
1
1
1
1
1
1
1
1
1
1
1
1
1
1
1
1
1
1
1
1
1
1
1
1
1
1
1
1
1
1
1
1
1
1
1
1
1
1
1
1
1
1
1
1
1
1
1
1
1
1
1
1
1
1
1
1
1
1
1
1
1
1
1
1
1
1
1
1
1
1
1
1
1
1
1
1
1
1
1
1
1
1
1
1
1
1
1
1
1
1
1
1
1
1
1
1
1
1
1
1
1
1
1
1
1
1
1
1
1
1
1
1
1
1
1
1
1
1
1
1
1
1
1
1
1
1
1
1
1
1
1
1
1
1
1
1
1
1
1
1
1
1
1
1
1
1
1
1
1
1
1
1
1
1
1
1
1
1
1
1
1
1
1
1
1
1
1
1
1
1
1
1
1
1
1
1
1
1
1
1
1
1
1
1
1
1
1
1
1
1
1
1
1
1
1
1
1
1
1
1
1
1
1
1
1
1
1
1
1
1
1
1
1
1
1
1
1
1
1
1
1
1
1
1
1
1
1
1
1
1
1
1
1
1
1
1
1
1
1
1
1
1
1
1
1
1
1
1
1
1
1
1
1
1
1
1
1
1
1
1
1
1
1
1
1
1
1
1
1
1
1
1
1
1
1
1
1
1
1
1
1
1
1
1
1
1
1
1
1
1
1
1
1
1
1
1
1
1
1
1
1
1
1
1
1
1
1
1
1
1
1
1
1
1
1
1
1
1
1
1
1
1
1
1
1
1
1
1
1
1
1
1
1
1
1
1
1
1
1
1
1
1
1
1
1
1
1
1
1
1
1
1
1
1
1
1
1
1
1
1
1
1
1
1
1
1
1
1
1
1
1
1
1
1
1
1
1
1
1
1
1
1
1
1
1
1
1
1
1
1
1
1
1
1
1
1
1
1
1
1
1
1
1
1
1
1
1
1
1
1
1
1
1
1
1
1
1
1
1
1
1
1
1
1
1
1
1
1
1
1
1
1
1
1
1
1
1
1
1
1
1
1
1
1
1
1
1
1
1
1
1
1
1
1
1
1
1
1
1
1
1
1
1
1
1
1
1
1
1
1
1
1
1
1
1
1
1
1
1
1
1
1
1
1
1
1
1
1
1
1
1
1
1
1
1
1
1
1
1
1
1
1
1
1
1
1
1
1
1
1
1
1
1
1
1
1
1
1
1
1
1
1
1
1
1
1
1
1
1
1
1
1
1
1
1
1
1
1
1
1
1
1
1
1
1
1
1
1
1
1
1
1
1
1
1
1
1
1
1
1
1
1
1
1
1
1
1
1
1
1
1
1
1
1
1
1
1
1
1
1
1
1
1
1
1
1
1
1
1
1
1
1
1
1
1
1
1
1
1
1
1
1
1
1
1
1
1
1
1
1
1
1
1
1
1
1
1
1
1
1
1
1
1
1
1
1
1
1
1
1
1
1
1
1
1
1
1
1
1
1
1
1
1
1
1
1
1
1
1
1
1
1
1
1
1
1
1
1
1
1
1
1
1
1
1
1
1
1
1
1
1
1
1
1
1
1
1
1
1
1
1
1
1
1
1
1
1
1
1
1
1
1
1
1
1
1
1
1
1
1
1
1
1
1
1
1
1
1
1
1
1
1
1
1
1
1
1
1
1
1
1
1
1
1
1
1
1
1
1
1
1
1
1
1
1
1
1
1
1
1
1
1
1
1
1
1
1
1
1
1
1
1
1
1
1
1
1
1
1
1
1
1
1
1
1
1
1
1
1
1
1
1
1
1
1
1
1
1
1
1
1
1
1
1
1
1
1
1
1
1
1
1
1
1
1
1
1
1
1
1
1
1
1
1
1
1
1
1
1
1
1
1
1
1
1
1
1
1
1
1
1
1
1
1
1
1
1
1
1
1
1
1
1
1
1
1
1
1
1
1
1
1
1
1
1
1
1
1
1
1
1
1
1
1
1
1
1
1
1
1
1
1
1
1
1
1
1
1
1
1
1
1
1
1
1
1
1
1
1
1
1
1
1
1
1
1
1
1
1
1
1
1
1
1
1
1
1
1
1
1
1
1
1
1
1
1
1
1
1
1
1
1
1
1
1
1
1
1
1
1
1
1
1
1
1
1
1
1
1
1
1
1
1
1
1
1
1
1
1
1
1
1
1
1
1
1
1
1
1
1
1
1
1
1
1
1
1
1
1
1
1
1
1
1
1
1
1
1
1
1
1
1
1
1
1
1
1
1
1
1
1
1
1
1
1
1
1
1
1
1
1
1
1
1
1
1
1
1
1
1
1
1
1
1
1
1
1
1
1
1
1
1
1
1
1
1
1
1
1
1
1
1
1
1
1
1
1
1
1
1
1
1
1
1
1
1
1
1
1
1
1
1
1
1
1
1
1
1
1
1
1
1
1
1
1
1
1
1
1
1
1
1
1
1
1
1
1
1
1
1
1
1
1
1
1
1
1
1
1
1
1
1
1
1
1
1
1
1
1
1
1
1
1
1
1
1
1
1
1
1
1
1
1
1
1
1
1
1
1
1
1
1
1
1
1
1
1
1
1
1
1
1
1
1
1
1
1
1
1
1
1
1
1
1
1
1
1
1
1
1
1
1
1
1
1
1
1
1
1
1
1
1
1
1
1
1
1
1
1
1
1
1
1
1
1
1
1
1
1
1
1
1
1
1
1
1
1
1
1
1
1
1
1
1
1
1
1
1
1
1
1
1
1
1
1
1
1
1
1
1
1
1
1
1
1
1
1
1
1
1
1
1
1
1
1
1
1
1
1
1
1
1
1
1
1
1
1
1
1
1
1
1
1
1
1
1
1
1
1
1
1
1
1
1
1
1
1
1
1
1
1
1
1
1
1
1
1
1
1
1
1
1
1
1
1
1
1
1
1
1
1
1
1
1
1
1
1
1
1
1
1
1
1
1
1
1
1
1
1
1
1
1
1
1
1
1
1
1
1
1
1
1
1
1
1
1
1
1
1
1
1
1
1
1
1
1
1
1
1
1
1
1
1
1
1
1
1
1
1
1
1
1
1
1
1
1
1
1
1
1
1
1
1
1
1
1
1
1
1
1
1
1
1
1
1
1
1
1
1
1
1
1
1
1
1
1
1
1
1
1
1
1
1
1
1
1
1
1
1
1
1
1
1
1
1
1
1
1
1
1
1
1
1
1
1
1
1
1
1
1
1
1
1
1
1
1
1
1
1
1
1
1
1
1
1
1
1
1
1
1
1
1
1
1
1
1
1
1
1
1
1
1
1
1
1
1
1
1
1
1
1
1
1
1
1
1
1
1
1
1
1
1
1
1
1
1
1
1
1
1
1
1
1
1
1
1
1
1
1
1
1
1
1
1
1
1
1
1
1
1
1
1
1
1
1
1
1
1
1
1
1
1
1
1
1
1
1
1
1
1
1
1
1
1
1
1
1
1
1
1
1
1
1
1
1
1
1
1
1
1
1
1
1
1
1
1
1
1
1
1
1
1
1
1
1
1
1
1
1
1
1
1
1
1
1
1
1
1
1
1
1
1
1
1
1
1
1
1
1
1
1
1
1
1
1
1
1
1
1
1
1
1
1
1
1
1
1
1
1
1
1
1
1
1
1
1
1
1
1
1
1
1
1
1
1
1
1
1
1
1
1
1
1
1
1
1
1
1
1
1
1
1
1
1
1
1
1
1
1
1
1
1
1
1
1
1
1
1
1
1
1
1
1
1
1
1
1
1
1
1
1
1
1
1
1
1
1
1
1
1
1
1
1
1
1
1
1
1
1
1
1
1
1
1
1
1
1
1
1
1
1
1
1
1
1
1
1
1
1
1
1
1
1
1
1
1
1
1
1
1
1
1
1
1
1
1
1
1
1
1
1
1
1
1
1
1
1
1
1
1
1
1
1
1
1
1
1
1
1
1
1
1
1
1
1
1
1
1
1
1
1
1
1
1
1
1
1
1
1
1
1
1
1
1
1
1
1
1
1
1
1
1
1
1
1
1
1
1
1
1
1
1
1
1
1
1
1
1
1
1
1
1
1
1
1
1
1
1
1
1
1
1
1
1
1
1
1
1
1
1
1
1
1
1
1
1
1
1
1
1
1
1
1
1
1
1
1
1
1
1
1
1
1
1
1
1
1
1
1
1
1
1
1
1
1
1
1
1
1
1
1
1
1
1
1
1
1
1
1
1
1
1
1
1
1
1
1
1
1
1
1
1
1
1
1
1
1
1
1
1
1
1
1
1
1
1
1
1
1
1
1
1
1
1
1
1
1
1
1
1
1
1
1
1
1
1
1
1
1
1
1
1
1
1
1
1
1
1
1
1
1
1
1
1
1
1
1
1
1
1
1
1
1
1
1
1
1
1
1
1
1
1
1
1
1
1
1
1
1
1
1
1
1
1
1
1
1
1
1
1
1
1
1
1
1
1
1
1
1
1
1
1
1
1
1
1
1
1
1
1
1
1
1
1
1
1
1
1
1
1
1
1
1
1
1
1
1
1
1
1
1
1
1
1
1
1
1
1
1
1
1
1
1
1
1
1
1
1
1
1
1
1
1
1
1
1
1
1
1
1
1
1
1
1
1
1
1
1
1
1
1
1
1
1
1
1
1
1
1
1
1
1
1
1
1
1
1
1
1
1
1
1
1
1
1
1
1
1
1
1
1
1
1
1
1
1
1
1
1
1
1
1
1
1
1
1
1
1
1
1
1
1
1
1
1
1
1
1
1
1
1
1
1
1
1
1
1
1
1
1
1
1
1
1
1
1
1
1
1
1
1
1
1
1
1
1
1
1
1
1
1
1
1
1
1
1
1
1
1
1
1
1
1
1
1
1
1
1
1
1
1
1
1
1
1
1
1
1
1
1
1
1
1
1
1
1
1
1
1
1
1
1
1
1
1
1
1
1
1
1
1
1
1
1
1
1
1
1
1
1
1
1
1
1
1
1
1
1
1
1
1
1
1
1
1
1
1
1
1
1
1
1
1
1
1
1
1
1
1
1
1
1
1
1
1
1
1
1
1
1
1
1
1
1
1
1
1
1
1
1
1
1
1
1
1
1
1
1
1
1
1
1
1
1
1
1
1
1
1
1
1
1
1
1
1
1
1
1
1
1
1
1
1
1
1
1
1
1
1
1
1
1
1
1
1
1
1
1
1
1
1
1
1
1
1
1
1
1
1
1
1
1
1
1
1
1
1
1
1
1
1
1
1
1
1
1
1
1
1
1
1
1
1
1
1
1
1
1
1
1
1
1
1
1
1
1
1
1
1
1
1
1
1
1
1
1
1
1
1
1
1
1
1
1
1
1
1
1
1
1
1
1
1
1
1
1
1
1
1
1
1
1
1
1
1
1
1
1
1
1
1
1
1
1
1
1
1
1
1
1
1
1
1
1
1
1
1
1
1
1
1
1
1
1
1
1
1
1
1
1
1
1
1
1
1
1
1
1
1
1
1
1
1
1
1
1
1
1
1
1
1
1
1
1
1
1
1
1
1
1
1
1
1
1
1
1
1
1
1
1
1
1
1
1
1
1
1
1
1
1
1
1
1
1
1
1
1
1
1
1
1
1
1
1
1
1
1
1
1
1
1
1
1
1
1
1
1
1
1
1
1
1
1
1
1
1
1
1
1
1
1
1
1
1
1
1
1
1
1
1
1
1
1
1
1
1
1
1
1
1
1
1
1
1
1
1
1
1
1
1
1
1
1
1
1
1
1
1
1
1
1
1
1
1
1
1
1
1
1
1
1
1
1
1
1
1
1
1
1
1
1
1
1
1
1
1
1
1
1
1
1
1
1
1
1
1
1
1
1
1
1
1
1
1
1
1
1
1
1
1
1
1
1
1
1
1
1
1
1
1
1
1
1
1
1
1
1
1
1
1
1
1
1
1
1
1
1
1
1
1
1
1
1
1
1
1
1
1
1
1
1
1
1
1
1
1
1
1
1
1
1
1
1
1
1
1
1
1
1
1
1
1
1
1
1
1
1
1
1
1
1
1
1
1
1
1
1
1
1
1
1
1
1
1
1
1
1
1
1
1
1
1
1
1
1
1
1
1
1
1
1
1
1
1
1
1
1
1
1
1
1
1
1
1
1
1
1
1
1
1
1
1
1
1
1
1
1
1
1
1
1
1
1
1
1
1
1
1
1
1
1
1
1
1
1
1
1
1
1
1
1
1
1
1
1
1
1
1
1
1
1
1
1
1
1
1
1
1
1
1
1
1
1
1
1
1
1
1
1
1
1
1
1
1
1
1
1
1
1
1
1
1
1
1
1
1
1
1
1
1
1
1
1
1
1
1
1
1
1
1
1
1
1
1
1
1
1
1
1
1
1
1
1
1
1
1
1
1
1
1
1
1
1
1
1
1
1
1
1
1
1
1
1
1
1
1
1
1
1
1
1
1
1
1
1
1
1
1
1
1
1
1
1
1
1
1
1
1
1
1
1
1
1
1
1
1
1
1
1
1
1
1
1
1
1
1
1
1
1
1
1
1
1
1
1
1
1
1
1
1
1
1
1
1
1
1
1
1
1
1
1
1
1
1
1
1
1
1
1
1
1
1
1
1
1
1
1
1
1
1
1
1
1
1
1
1
1
1
1
1
1
1
1
1
1
1
1
1
1
1
1
1
1
1
1
1
1
1
1
1
1
1
1
1
1
1
1
1
1
1
1
1
1
1
1
1
1
1
1
1
1
1
1
1
1
1
1
1
1
1
1
1
1
1
1
1
1
1
1
1
1
1
1
1
1
1
1
1
1
1
1
1
1
1
1
1
1
1
1
1
1
1
1
1
1
1
1
1
1
1
1
1
1
1
1
1
1
1
1
1
1
1
1
1
1
1
1
1
1
1
1
1
1
1
1
1
1
1
1
1
1
1
1
1
1
1
1
1
1
1
1
1
1
1
1
1
1
1
1
1
1
1
1
1
1
1
1
1
1
1
1
1
1
1
1
1
1
1
1
1
1
1
1
1
1
1
1
1
1
1
1
1
1
1
1
1
1
1
1
1
1
1
1
1
1
1
1
1
1
1
1
1
1
1
1
1
1
1
1
1
1
1
1
1
1
1
1
1
1
1
1
1
1
1
1
1
1
1
1
1
1
1
1
1
1
1
1
1
1
1
1
1
1
1
1
1
1
1
1
1
1
1
1
1
1
1
1
1
1
1
1
1
1
1
1
1
1
1
1
1
1
1
1
1
1
1
1
1
1
1
1
1
1
1
1
1
1
1
1
1
1
1
1
1
1
1
1
1
1
1
1
1
1
1
1
1
1
1
1
1
1
1
1
1
1
1
1
1
1
1
1
1
1
1
1
1
1
1
1
1
1
1
1
1
1
1
1
1
1
1
1
1
1
1
1
1
1
1
1
1
1
1
1
1
1
1
1
1
1
1
1
1
1
1
1
1
1
1
1
1
1
1
1
1
1
1
1
1
1
1
1
1
1
1
1
1
1
1
1
1
1
1
1
1
1
1
1
1
1
1
1
1
1
1
1
1
1
1
1
1
1
1
1
1
1
1
1
1
1
1
1
1
1
1
1
1
1
1
1
1
1
1
1
1
1
1
1
1
1
1
1
1
1
1
1
1
1
1
1
1
1
1
1
1
1
1
1
1
1
1
1
1
1
1
1
1
1
1
1
1
1
1
1
1
1
1
1
1
1
1
1
1
1
1
1
1
1
1
1
1
1
1
1
1
1
1
1
1
1
1
1
1
1
1
1
1
1
1
1
1
1
1
1
1
1
1
1
1
1
1
1
1
1
1
1
1
1
1
1
1
1
1
1
1
1
1
1
1
1
1
1
1
1
1
1
1
1
1
1
1
1
1
1
1
1
1
1
1
1
1
1
1
1
1
1
1
1
1
1
1
1
1
1
1
1
1
1
1
1
1
1
1
1
1
1
1
1
1
1
1
1
1
1
1
1
1
1
1
1
1
1
1
1
1
1
1
1
1
1
1
1
1
1
1
1
1
1
1
1
1
1
1
1
1
1
1
1
1
1
1
1
1
1
1
1
1
1
1
1
1
1
1
1
1
1
1
1
1
1
1
1
1
1
1
1
1
1
1
1
1
1
1
1
1
1
1
1
1
1
1
1
1
1
1
1
1
1
1
1
1
1
1
1
1
1
1
1
1
1
1
1
1
1
1
1
1
1
1
1
1
1
1
1
1
1
1
1
1
1
1
1
1
1
1
1
1
1
1
1
1
1
1
1
1
1
1
1
1
1
1
1
1
1
1
1
1
1
1
1
1
1
1
1
1
1
1
1
1
1
1
1
1
1
1
1
1
1
1
1
1
1
1
1
1
1
1
1
1
1
1
1
1
1
1
1
1
1
1
1
1
1
1
1
1
1
1
1
1
1
1
1
1
1
1
1
1
1
1
1
1
1
1
1
1
1
1
1
1
1
1
1
1
1
1
1
1
1
1
1
1
1
1
1
1
1
1
1
1
1
1
1
1
1
1
1
1
1
1
1
1
1
1
1
1
1
1
1
1
1
1
1
1
1
1
1
1
1
1
1
1
1
1
1
1
1
1
1
1
1
1
1
1
1
1
1
1
1
1
1
1
1
1
1
1
1
1
1
1
1
1
1
1
1
1
1
1
1
1
1
1
1
1
1
1
1
1
1
1
1
1
1
1
1
1
1
1
1
1
1
1
1
1
1
1
1
1
1
1
1
1
1
1
1
1
1
1
1
1
1
1
1
1
1
1
1
1
1
1
1
1
1
1
1
1
1
1
1
1
1
1
1
1
1
1
1
1
1
1
1
1
1
1
1
1
1
1
1
1
1
1
1
1
1
1
1
1
1
1
1
1
1
1
1
1
1
1
1
1
1
1
1
1
1
1
1
1
1
1
1
1
1
1
1
1
1
1
1
1
1
1
1
1
1
1
1
1
1
1
1
1
1
1
1
1
1
1
1
1
1
1
1
1
1
1
1
1
1
1
1
1
1
1
1
1
1
1
1
1
1
1
1
1
1
1
1
1
1
1
1
1
1
1
1
1
1
1
1
1
1
1
1
1
1
1
1
1
1
1
1
1
1
1
1
1
1
1
1
1
1
1
1
1
1
1
1
1
1
1
1
1
1
1
1
1
1
1
1
1
1
1
1
1
1
1
1
1
1
1
1
1
1
1
1
1
1
1
1
1
1
1
1
1
1
1
1
1
1
1
1
1
1
1
1
1
1
1
1
1
1
1
1
1
1
1
1
1
1
1
1
1
1
1
1
1
1
1
1
1
1
1
1
1
1
1
1
1
1
1
1
1
1
1
1
1
1
1
1
1
1
1
1
1
1
1
1
1
1
1
1
1
1
1
1
1
1
1
1
1
1
1
1
1
1
1
1
1
1
1
1
1
1
1
1
1
1
1
1
1
1
1
1
1
1
1
1
1
1
1
1
1
1
1
1
1
1
1
1
1
1
1
1
1
1
1
1
1
1
1
1
1
1
1
1
1
1
1
1
1
1
1
1
1
1
1
1
1
1
1
1
1
1
1
1
1
1
1
1
1
1
1
1
1
1
1
1
1
1
1
1
1
1
1
1
1
1
1
1
1
1
1
1
1
1
1
1
1
1
1
1
1
1
1
1
1
1
1
1
1
1
1
1
1
1
1
1
1
1
1
1
1
1
1
1
1
1
1
1
1
1
1
1
1
1
1
1
1
1
1
1
1
1
1
1
1
1
1
1
1
1
1
1
1
1
1
1
1
1
1
1
1
1
1
1
1
1
1
1
1
1
1
1
1
1
1
1
1
1
1
1
1
1
1
1
1
1
1
1
1
1
1
1
1
1
1
1
1
1
1
1
1
1
1
1
1
1
1
1
1
1
1
1
1
1
1
1
1
1
1
1
1
1
1
1
1
1
1
1
1
1
1
1
1
1
1
1
1
1
1
1
1
1
1
1
1
1
1
1
1
1
1
1
1
1
1
1
1
1
1
1
1
1
1
1
1
1
1
1
1
1
1
1
1
1
1
1
1
1
1
1
1
1
1
1
1
1
1
1
1
1
1
1
1
1
1
1
1
1
1
1
1
1
1
1
1
1
1
1
1
1
1
1
1
1
1
1
1
1
1
1
1
1
1
1
1
1
1
1
1
1
1
1
1
1
1
1
1
1
1
1
1
1
1
1
1
1
1
1
1
1
1
1
1
1
1
1
1
1
1
1
1
1
1
1
1
1
1
1
1
1
1
1
1
1
1
1
1
1
1
1
1
1
1
1
1
1
1
1
1
1
1
1
1
1
1
1
1
1
1
1
1
1
1
1
1
1
1
1
1
1
1
1
1
1
1
1
1
1
1
1
1
1
1
1
1
1
1
1
1
1
1
1
1
1
1
1
1
1
1
1
1
1
1
1
1
1
1
1
1
1
1
1
1
1
1
1
1
1
1
1
1
1
1
1
1
1
1
1
1
1
1
1
1
1
1
1
1
1
1
1
1
1
1
1
1
1
1
1
1
1
1
1
1
1
1
1
1
1
1
1
1
1
1
1
1
1
1
1
1
1
1
1
1
1
1
1
1
1
1
1
1
1
1
1
1
1
1
1
1
1
1
1
1
1
1
1
1
1
1
1
1
1
1
1
1
1
1
1
1
1
1
1
1
1
1
1
1
1
1
1
1
1
1
1
1
1
1
1
1
1
1
1
1
1
1
1
1
1
1
1
1
1
1
1
1
1
1
1
1
1
1
1
1
1
1
1
1
1
1
1
1
1
1
1
1
1
1
1
1
1
1
1
1
1
1
1
1
1
1
1
1
1
1
1
1
1
1
1
1
1
1
1
1
1
1
1
1
1
1
1
1
1
1
1
1
1
1
1
1
1
1
1
1
1
1
1
1
1
1
1
1
1
1
1
1
1
1
1
1
1
1
1
1
1
1
1
1
1
1
1
1
1
1
1
1
1
1
1
1
1
1
1
1
1
1
1
1
1
1
1
1
1
1
1
1
1
1
1
1
1
1
1
1
1
1
1
1
1
1
1
1
1
1
1
1
1
1
1
1
1
1
1
1
1
1
1
1
1
1
1
1
1
1
1
1
1
1
1
1
1
1
1
1
1
1
1
1
1
1
1
1
1
1
1
1
1
1
1
1
1
1
1
1
1
1
1
1
1
1
1
1
1
1
1
1
1
1
1
1
1
1
1
1
1
1
1
1
1
1
1
1
1
1
1
1
1
1
1
1
1
1
1
1
1
1
1
1
1
1
1
1
1
1
1
1
1
1
1
1
1
1
1
1
1
1
1
1
1
1
1
1
1
1
1
1
1
1
1
1
1
1
1
1
1
1
1
1
1
1
1
1
1
1
1
1
1
1
1
1
1
1
1
1
1
1
1
1
1
1
1
1
1
1
1
1
1
1
1
1
1
1
1
1
1
1
1
1
1
1
1
1
1
1
1
1
1
1
1
1
1
1
1
1
1
1
1
1
1
1
1
1
1
1
1
1
1
1
1
1
1
1
1
1
1
1
1
1
1
1
1
1
1
1
1
1
1
1
1
1
1
1
1
1
1
1
1
1
1
1
1
1
1
1
1
1
1
1
1
1
1
1
1
1
1
1
1
1
1
1
1
1
1
1
1
1
1
1
1
1
1
1
1
1
1
1
1
1
1
1
1
1
1
1
1
1
1
1
1
1
1
1
1
1
1
1
1
1
1
1
1
1
1
1
1
1
1
1
1
1
1
1
1
1
1
1
1
1
1
1
1
1
1
1
1
1
1
1
1
1
1
1
1
1
1
1
1
1
1
1
1
1
1
1
1
1
1
1
1
1
1
1
1
1
1
1
1
1
1
1
1
1
1
1
1
1
1
1
1
1
1
1
1
1
1
1
1
1
1
1
1
1
1
1
1
1
1
1
1
1
1
1
1
1
1
1
1
1
1
1
1
1
1
1
1
1
1
1
1
1
1
1
1
1
1
1
1
1
1
1
1
1
1
1
1
1
1
1
1
1
1
1
1
1
1
1
1
1
1
1
1
1
1
1
1
1
1
1
1
1
1
1
1
1
1
1
1
1
1
1
1
1
1
1
1
1
1
1
1
1
1
1
1
1
1
1
1
1
1
1
1
1
1
1
1
1
1
1
1
1
1
1
1
1
1
1
1
1
1
1
1
1
1
1
1
1
1
1
1
1
1
1
1
1
1
1
1
1
1
1
1
1
1
1
1
1
1
1
1
1
1
1
1
1
1
1
1
1
1
1
1
1
1
1
1
1
1
1
1
1
1
1
1
1
1
1
1
1
1
1
1
1
1
1
1
1
1
1
1
1
1
1
1
1
1
1
1
1
1
1
1
1
1
1
1
1
1
1
1
1
1
1
1
1
1
1
1
1
1
1
1
1
1
1
1
1
1
1
1
1
1
1
1
1
1
1
1
1
1
1
1
1
1
1
1
1
1
1
1
1
1
1
1
1
1
1
1
1
1
1
1
1
1
1
1
1
1
1
1
1
1
1
1
1
1
1
1
1
1
1
1
1
1
1
1
1
1
1
1
1
1
1
1
1
1
1
1
1
1
1
1
1
1
1
1
1
1
1
1
1
1
1
1
1
1
1
1
1
1
1
1
1
1
1
1
1
1
1
1
1
1
1
1
1
1
1
1
1
1
1
1
1
1
1
1
1
1
1
1
1
1
1
1
1
1
1
1
1
1
1
1
1
1
1
1
1
1
1
1
1
1
1
1
1
1
1
1
1
1
1
1
1
1
1
1
1
1
1
1
1
1
1
1
1
1
1
1
1
1
1
1
1
1
1
1
1
1
1
1
1
1
1
1
1
1
1
1
1
1
1
1
1
1
1
1
1
1
1
1
1
1
1
1
1
1
1
1
1
1
1
1
1
1
1
1
1
1
1
1
1
1
1
1
1
1
1
1
1
1
1
1
1
1
1
1
1
1
1
1
1
1
1
1
1
1
1
1
1
1
1
1
1
1
1
1
1
1
1
1
1
1
1
1
1
1
1
1
1
1
1
1
1
1
1
1
1
1
1
1
1
1
1
1
1
1
1
1
1
1
1
1
1
1
1
1
1
1
1
1
1
1
1
1
1
1
1
1
1
1
1
1
1
1
1
1
1
1
1
1
1
1
1
1
1
1
1
1
1
1
1
1
1
1
1
1
1
1
1
1
1
1
1
1
1
1
1
1
1
1
1
1
1
1
1
1
1
1
1
1
1
1
1
1
1
1
1
1
1
1
1
1
1
1
1
1
1
1
1
1
1
1
1
1
1
1
1
1
1
1
1
1
1
1
1
1
1
1
1
1
1
1
1
1
1
1
1
1
1
1
1
1
1
1
1
1
1
1
1
1
1
1
1
1
1
1
1
1
1
1
1
1
1
1
1
1
1
1
1
1
1
1
1
1
1
1
1
1
1
1
1
1
1
1
1
1
1
1
1
1
1
1
1
1
1
1
1
1
1
1
1
1
1
1
1
1
1
1
1
1
1
1
1
1
1
1
1
1
1
1
1
1
1
1
1
1
1
1
1
1
1
1
1
1
1
1
1
1
1
1
1
1
1
1
1
1
1
1
1
1
1
1
1
1
1
1
1
1
1
1
1
1
1
1
1
1
1
1
1
1
1
1
1
1
1
1
1
1
1
1
1
1
1
1
1
1
1
1
1
1
1
1
1
1
1
1
1
1
1
1
1
1
1
1
1
1
1
1
1
1
1
1
1
1
1
1
1
1
1
1
1
1
1
1
1
1
1
1
1
1
1
1
1
1
1
1
1
1
1
1
1
1
1
1
1
1
1
1
1
1
1
1
1
1
1
1
1
1
1
1
1
1
1
1
1
1
1
1
1
1
1
1
1
1
1
1
1
1
1
1
1
1
1
1
1
1
1
1
1
1
1
1
1
1
1
1
1
1
1
1
1
1
1
1
1
1
1
1
1
1
1
1
1
1
1
1
1
1
1
1
1
1
1
1
1
1
1
1
1
1
1
1
1
1
1
1
1
1
1
1
1
1
1
1
1
1
1
1
1
1
1
1
1
1
1
1
1
1
1
1
1
1
1
1
1
1
1
1
1
1
1
1
1
1
1
1
1
1
1
1
1
1
1
1
1
1
1
1
1
1
1
1
1
1
1
1
1
1
1
1
1
1
1
1
1
1
1
1
1
1
1
1
1
1
1
1
1
1
1
1
1
1
1
1
1
1
1
1
1
1
1
1
1
1
1
1
1
1
1
1
1
1
1
1
1
1
1
1
1
1
1
1
1
1
1
1
1
1
1
1
1
1
1
1
1
1
1
1
1
1
1
1
1
1
1
1
1
1
1
1
1
1
1
1
1
1
1
1
1
1
1
1
1
1
1
1
1
1
1
1
1
1
1
1
1
1
1
1
1
1
1
1
1
1
1
1
1
1
1
1
1
1
1
1
1
1
1
1
1
1
1
1
1
1
1
1
1
1
1
1
1
1
1
1
1
1
1
1
1
1
1
1
1
1
1
1
1
1
1
1
1
1
1
1
1
1
1
1
1
1
1
1
1
1
1
1
1
1
1
1
1
1
1
1
1
1
1
1
1
1
1
1
1
1
1
1
1
1
1
1
1
1
1
1
1
1
1
1
1
1
1
1
1
1
1
1
1
1
1
1
1
1
1
1
1
1
1
1
1
1
1
1
1
1
1
1
1
1
1
1
1
1
1
1
1
1
1
1
1
1
1
1
1
1
1
1
1
1
1
1
1
1
1
1
1
1
1
1
1
1
1
1
1
1
1
1
1
1
1
1
1
1
1
1
1
1
1
1
1
1
1
1
1
1
1
1
1
1
1
1
1
1
1
1
1
1
1
1
1
1
1
1
1
1
1
1
1
1
1
1
1
1
1
1
1
1
1
1
1
1
1
1
1
1
1
1
1
1
1
1
1
1
1
1
1
1
1
1
1
1
1
1
1
1
1
1
1
1
1
1
1
1
1
1
1
1
1
1
1
1
1
1
1
1
1
1
1
1
1
1
1
1
1
1
1
1
1
1
1
1
1
1
1
1
1
1
1
1
1
1
1
1
1
1
1
1
1
1
1
1
1
1
1
1
1
1
1
1
1
1
1
1
1
1
1
1
1
1
1
1
1
1
1
1
1
1
1
1
1
1
1
1
1
1
1
1
1
1
1
1
1
1
1
1
1
1
1
1
1
1
1
1
1
1
1
1
1
1
1
1
1
1
1
1
1
1
1
1
1
1
1
1
1
1
1
1
1
1
1
1
1
1
1
1
1
1
1
1
1
1
1
1
1
1
1
1
1
1
1
1
1
1
1
1
1
1
1
1
1
1
1
1
1
1
1
1
1
1
1
1
1
1
1
1
1
1
1
1
1
1
1
1
1
1
1
1
1
1
1
1
1
1
1
1
1
1
1
1
1
1
1
1
1
1
1
1
1
1
1
1
1
1
1
1
1
1
1
1
1
1
1
1
1
1
1
1
1
1
1
1
1
1
1
1
1
1
1
1
1
1
1
1
1
1
1
1
1
1
1
1
1
1
1
1
1
1
1
1
1
1
1
1
1
1
1
1
1
1
1
1
1
1
1
1
1
1
1
1
1
1
1
1
1
1
1
1
1
1
1
1
1
1
1
1
1
1
1
1
1
1
1
1
1
1
1
1
1
1
1
1
1
1
1
1
1
1
1
1
1
1
1
1
1
1
1
1
1
1
1
1
1
1
1
1
1
1
1
1
1
1
1
1
1
1
1
1
1
1
1
1
1
1
1
1
1
1
1
1
1
1
1
1
1
1
1
1
1
1
1
1
1
1
1
1
1
1
1
1
1
1
1
1
1
1
1
1
1
1
1
1
1
1
1
1
1
1
1
1
1
1
1
1
1
1
1
1
1
1
1
1
1
1
1
1
1
1
1
1
1
1
1
1
1
1
1
1
1
1
1
1
1
1
1
1
1
1
1
1
1
1
1
1
1
1
1
1
1
1
1
1
1
1
1
1
1
1
1
1
1
1
1
1
1
1
1
1
1
1
1
1
1
1
1
1
1
1
1
1
1
1
1
1
1
1
1
1
1
1
1
1
1
1
1
1
1
1
1
1
1
1
1
1
1
1
1
1
1
1
1
1
1
1
1
1
1
1
1
1
1
1
1
1
1
1
1
1
1
1
1
1
1
1
1
1
1
1
1
1
1
1
1
1
1
1
1
1
1
1
1
1
1
1
1
1
1
1
1
1
1
1
1
1
1
1
1
1
1
1
1
1
1
1
1
1
1
1
1
1
1
1
1
1
1
1
1
1
1
1
1
1
1
1
1
1
1
1
1
1
1
1
1
1
1
1
1
1
1
1
1
1
1
1
1
1
1
1
1
1
1
1
1
1
1
1
1
1
1
1
1
1
1
1
1
1
1
1
1
1
1
1
1
1
1
1
1
1
1
1
1
1
1
1
1
1
1
1
1
1
1
1
1
1
1
1
1
1
1
1
1
1
1
1
1
1
1
1
1
1
1
1
1
1
1
1
1
1
1
1
1
1
1
1
1
1
1
1
1
1
1
1
1
1
1
1
1
1
1
1
1
1
1
1
1
1
1
1
1
1
1
1
1
1
1
1
1
1
1
1
1
1
1
1
1
1
1
1
1
1
1
1
1
1
1
1
1
1
1
1
1
1
1
1
1
1
1
1
1
1
1
1
1
1
1
1
1
1
1
1
1
1
1
1
1
1
1
1
1
1
1
1
1
1
1
1
1
1
1
1
1
1
1
1
1
1
1
1
1
1
1
1
1
1
1
1
1
1
1
1
1
1
1
1
1
1
1
1
1
1
1
1
1
1
1
1
1
1
1
1
1
1
1
1
1
1
1
1
1
1
1
1
1
1
1
1
1
1
1
1
1
1
1
1
1
1
1
1
1
1
1
1
1
1
1
1
1
1
1
1
1
1
1
1
1
1
1
1
1
1
1
1
1
1
1
1
1
1
1
1
1
1
1
1
1
1
1
1
1
1
1
1
1
1
1
1
1
1
1
1
1
1
1
1
1
1
1
1
1
1
1
1
1
1
1
1
1
1
1
1
1
1
1
1
1
1
1
1
1
1
1
1
1
1
1
1
1
1
1
1
1
1
1
1
1
1
1
1
1
1
1
1
1
1
1
1
1
1
1
1
1
1
1
1
1
1
1
1
1
1
1
1
1
1
1
1
1
1
1
1
1
1
1
1
1
1
1
1
1
1
1
1
1
1
1
1
1
1
1
1
1
1
1
1
1
1
1
1
1
1
1
1
1
1
1
1
1
1
1
1
1
1
1
1
1
1
1
1
1
1
1
1
1
1
1
1
1
1
1
1
1
1
1
1
1
1
1
1
1
1
1
1
1
1
1
1
1
1
1
1
1
1
1
1
1
1
1
1
1
1
1
1
1
1
1
1
1
1
1
1
1
1
1
1
1
1
1
1
1
1
1
1
1
1
1
1
1
1
1
1
1
1
1
1
1
1
1
1
1
1
1
1
1
1
1
1
1
1
1
1
1
1
1
1
1
1
1
1
1
1
1
1
1
1
1
1
1
1
1
1
1
1
1
1
1
1
1
1
1
1
1
1
1
1
1
1
1
1
1
1
1
1
1
1
1
1
1
1
1
1
1
1
1
1
1
1
1
1
1
1
1
1
1
1
1
1
1
1
1
1
1
1
1
1
1
1
1
1
1
1
1
1
1
1
1
1
1
1
1
1
1
1
1
1
1
1
1
1
1
1
1
1
1
1
1
1
1
1
1
1
1
1
1
1
1
1
1
1
1
1
1
1
1
1
1
1
1
1
1
1
1
1
1
1
1
1
1
1
1
1
1
1
1
1
1
1
1
1
1
1
1
1
1
1
1
1
1
1
1
1
1
1
1
1
1
1
1
1
1
1
1
1
1
1
1
1
1
1
1
1
1
1
1
1
1
1
1
1
1
1
1
1
1
1
1
1
1
1
1
1
1
1
1
1
1
1
1
1
1
1
1
1
1
1
1
1
1
1
1
1
1
1
1
1
1
1
1
1
1
1
1
1
1
1
1
1
1
1
1
1
1
1
1
1
1
1
1
1
1
1
1
1
1
1
1
1
1
1
1
1
1
1
1
1
1
1
1
1
1
1
1
1
1
1
1
1
1
1
1
1
1
1
1
1
1
1
1
1
1
1
1
1
1
1
1
1
1
1
1
1
1
1
1
1
1
1
1
1
1
1
1
1
1
1
1
1
1
1
1
1
1
1
1
1
1
1
1
1
1
1
1
1
1
1
1
1
1
1
1
1
1
1
1
1
1
1
1
1
1
1
1
1
1
1
1
1
1
1
1
1
1
1
1
1
1
1
1
1
1
1
1
1
1
1
1
1
1
1
1
1
1
1
1
1
1
1
1
1
1
1
1
1
1
1
1
1
1
1
1
1
1
1
1
1
1
1
1
1
1
1
1
1
1
1
1
1
1
1
1
1
1
1
1
1
1
1
1
1
1
1
1
1
1
1
1
1
1
1
1
1
1
1
1
1
1
1
1
1
1
1
1
1
1
1
1
1
1
1
1
1
1
1
1
1
1
1
1
1
1
1
1
1
1
1
1
1
1
1
1
1
1
1
1
1
1
1
1
1
1
1
1
1
1
1
1
1
1
1
1
1
1
1
1
1
1
1
1
1
1
1
1
1
1
1
1
1
1
1
1
1
1
1
1
1
1
1
1
1
1
1
1
1
1
1
1
1
1
1
1
1
1
1
1
1
1
1
1
1
1
1
1
1
1
1
1
1
1
1
1
1
1
1
1
1
1
1
1
1
1
1
1
1
1
1
1
1
1
1
1
1
1
1
1
1
1
1
1
1
1
1
1
1
1
1
1
1
1
1
1
1
1
1
1
1
1
1
1
1
1
1
1
1
1
1
1
1
1
1
1
1
1
1
1
1
1
1
1
1
1
1
1
1
1
1
1
1
1
1
1
1
1
1
1
1
1
1
1
1
1
1
1
1
1
1
1
1
1
1
1
1
1
1
1
1
1
1
1
1
1
1
1
1
1
1
1
1
1
1
1
1
1
1
1
1
1
1
1
1
1
1
1
1
1
1
1
1
1
1
1
1
1
1
1
1
1
1
1
1
1
1
1
1
1
1
1
1
1
1
1
1
1
1
1
1
1
1
1
1
1
1
1
1
1
1
1
1
1
1
1
1
1
1
1
1
1
1
1
1
1
1
1
1
1
1
1
1
1
1
1
1
1
1
1
1
1
1
1
1
1
1
1
1
1
1
1
1
1
1
1
1
1
1
1
1
1
1
1
1
1
1
1
1
1
1
1
1
1
1
1
1
1
1
1
1
1
1
1
1
1
1
1
1
1
1
1
1
1
1
1
1
1
1
1
1
1
1
1
1
1
1
1
1
1
1
1
1
1
1
1
1
1
1
1
1
1
1
1
1
1
1
1
1
1
1
1
1
1
1
1
1
1
1
1
1
1
1
1
1
1
1
1
1
1
1
1
1
1
1
1
1
1
1
1
1
1
1
1
1
1
1
1
1
1
1
1
1
1
1
1
1
1
1
1
1
1
1
1
1
1
1
1
1
1
1
1
1
1
1
1
1
1
1
1
1
1
1
1
1
1
1
1
1
1
1
1
1
1
1
1
1
1
1
1
1
1
1
1
1
1
1
1
1
1
1
1
1
1
1
1
1
1
1
1
1
1
1
1
1
1
1
1
1
1
1
1
1
1
1
1
1
1
1
1
1
1
1
1
1
1
1
1
1
1
1
1
1
1
1
1
1
1
1
1
1
1
1
1
1
1
1
1
1
1
1
1
1
1
1
1
1
1
1
1
1
1
1
1
1
1
1
1
1
1
1
1
1
1
1
1
1
1
1
1
1
1
1
1
1
1
1
1
1
1
1
1
1
1
1
1
1
1
1
1
1
1
1
1
1
1
1
1
1
1
1
1
1
1
1
1
1
1
1
1
1
1
1
1
1
1
1
1
1
1
1
1
1
1
1
1
1
1
1
1
1
1
1
1
1
1
1
1
1
1
1
1
1
1
1
1
1
1
1
1
1
1
1
1
1
1
1
1
1
1
1
1
1
1
1
1
1
1
1
1
1
1
1
1
1
1
1
1
1
1
1
1
1
1
1
1
1
1
1
1
1
1
1
1
1
1
1
1
1
1
1
1
1
1
1
1
1
1
1
1
1
1
1
1
1
1
1
1
1
1
1
1
1
1
1
1
1
1
1
1
1
1
1
1
1
1
1
1
1
1
1
1
1
1
1
1
1
1
1
1
1
1
1
1
1
1
1
1
1
1
1
1
1
1
1
1
1
1
1
1
1
1
1
1
1
1
1
1
1
1
1
1
1
1
1
1
1
1
1
1
1
1
1
1
1
1
1
1
1
1
1
1
1
1
1
1
1
1
1
1
1
1
1
1
1
1
1
1
1
1
1
1
1
1
1
1
1
1
1
1
1
1
1
1
1
1
1
1
1
1
1
1
1
1
1
1
1
1
1
1
1
1
1
1
1
1
1
1
1
1
1
1
1
1
1
1
1
1
1
1
1
1
1
1
1
1
1
1
1
1
1
1
1
1
1
1
1
1
1
1
1
1
1
1
1
1
1
1
1
1
1
1
1
1
1
1
1
1
1
1
1
1
1
1
1
1
1
1
1
1
1
1
1
1
1
1
1
1
1
1
1
1
1
1
1
1
1
1
1
1
1
1
1
1
1
1
1
1
1
1
1
1
1
1
1
1
1
1
1
1
1
1
1
1
1
1
1
1
1
1
1
1
1
1
1
1
1
1
1
1
1
1
1
1
1
1
1
1
1
1
1
1
1
1
1
1
1
1
1
1
1
1
1
1
1
1
1
1
1
1
1
1
1
1
1
1
1
1
1
1
1
1
1
1
1
1
1
1
1
1
1
1
1
1
1
1
1
1
1
1
1
1
1
1
1
1
1
1
1
1
1
1
1
1
1
1
1
1
1
1
1
1
1
1
1
1
1
1
1
1
1
1
1
1
1
1
1
1
1
1
1
1
1
1
1
1
1
1
1
1
1
1
1
1
1
1
1
1
1
1
1
1
1
1
1
1
1
1
1
1
1
1
1
1
1
1
1
1
1
1
1
1
1
1
1
1
1
1
1
1
1
1
1
1
1
1
1
1
1
1
1
1
1
1
1
1
1
1
1
1
1
1
1
1
1
1
1
1
1
1
1
1
1
1
1
1
1
1
1
1
1
1
1
1
1
1
1
1
1
1
1
1
1
1
1
1
1
1
1
1
1
1
1
1
1
1
1
1
1
1
1
1
1
1
1
1
1
1
1
1
1
1
1
1
1
1
1
1
1
1
1
1
1
1
1
1
1
1
1
1
1
1
1
1
1
1
1
1
1
1
1
1
1
1
1
1
1
1
1
1
1
1
1
1
1
1
1
1
1
1
1
1
1
1
1
1
1
1
1
1
1
1
1
1
1
1
1
1
1
1
1
1
1
1
1
1
1
1
1
1
1
1
1
1
1
1
1
1
1
1
1
1
1
1
1
1
1
1
1
1
1
1
1
1
1
1
1
1
1
1
1
1
1
1
1
1
1
1
1
1
1
1
1
1
1
1
1
1
1
1
1
1
1
1
1
1
1
1
1
1
1
1
1
1
1
1
1
1
1
1
1
1
1
1
1
1
1
1
1
1
1
1
1
1
1
1
1
1
1
1
1
1
1
1
1
1
1
1
1
1
1
1
1
1
1
1
1
1
1
1
1
1
1
1
1
1
1
1
1
1
1
1
1
1
1
1
1
1
1
1
1
1
1
1
1
1
1
1
1
1
1
1
1
1
1
1
1
1
1
1
1
1
1
1
1
1
1
1
1
1
1
1
1
1
1
1
1
1
1
1
1
1
1
1
1
1
1
1
1
1
1
1
1
1
1
1
1
1
1
1
1
1
1
1
1
1
1
1
1
1
1
1
1
1
1
1
1
1
1
1
1
1
1
1
1
1
1
1
1
1
1
1
1
1
1
1
1
1
1
1
1
1
1
1
1
1
1
1
1
1
1
1
1
1
1
1
1
1
1
1
1
1
1
1
1
1
1
1
1
1
1
1
1
1
1
1
1
1
1
1
1
1
1
1
1
1
1
1
1
1
1
1
1
1
1
1
1
1
1
1
1
1
1
1
1
1
1
1
1
1
1
1
1
1
1
1
1
1
1
1
1
1
1
1
1
1
1
1
1
1
1
1
1
1
1
1
1
1
1
1
1
1
1
1
1
1
1
1
1
1
1
1
1
1
1
1
1
1
1
1
1
1
1
1
1
1
1
1
1
1
1
1
1
1
1
1
1
1
1
1
1
1
1
1
1
1
1
1
1
1
1
1
1
1
1
1
1
1
1
1
1
1
1
1
1
1
1
1
1
1
1
1
1
1
1
1
1
1
1
1
1
1
1
1
1
1
1
1
1
1
1
1
1
1
1
1
1
1
1
1
1
1
1
1
1
1
1
1
1
1
1
1
1
1
1
1
1
1
1
1
1
1
1
1
1
1
1
1
1
1
1
1
1
1
1
1
1
1
1
1
1
1
1
1
1
1
1
1
1
1
1
1
1
1
1
1
1
1
1
1
1
1
1
1
1
1
1
1
1
1
1
1
1
1
1
1
1
1
1
1
1
1
1
1
1
1
1
1
1
1
1
1
1
1
1
1
1
1
1
1
1
1
1
1
1
1
1
1
1
1
1
1
1
1
1
1
1
1
1
1
1
1
1
1
1
1
1
1
1
1
1
1
1
1
1
1
1
1
1
1
1
1
1
1
1
1
1
1
1
1
1
1
1
1
1
1
1
1
1
1
1
1
1
1
1
1
1
1
1
1
1
1
1
1
1
1
1
1
1
1
1
1
1
1
1
1
1
1
1
1
1
1
1
1
1
1
1
1
1
1
1
1
1
1
1
1
1
1
1
1
1
1
1
1
1
1
1
1
1
1
1
1
1
1
1
1
1
1
1
1
1
1
1
1
1
1
1
1
1
1
1
1
1
1
1
1
1
1
1
1
1
1
1
1
1
1
1
1
1
1
1
1
1
1
1
1
1
1
1
1
1
1
1
1
1
1
1
1
1
1
1
1
1
1
1
1
1
1
1
1
1
1
1
1
1
1
1
1
1
1
1
1
1
1
1
1
1
1
1
1
1
1
1
1
1
1
1
1
1
1
1
1
1
1
1
1
1
1
1
1
1
1
1
1
1
1
1
1
1
1
1
1
1
1
1
1
1
1
1
1
1
1
1
1
1
1
1
1
1
1
1
1
1
1
1
1
1
1
1
1
1
1
1
1
1
1
1
1
1
1
1
1
1
1
1
1
1
1
1
1
1
1
1
1
1
1
1
1
1
1
1
1
1
1
1
1
1
1
1
1
1
1
1
1
1
1
1
1
1
1
1
1
1
1
1
1
1
1
1
1
1
1
1
1
1
1
1
1
1
1
1
1
1
1
1
1
1
1
1
1
1
1
1
1
1
1
1
1
1
1
1
1
1
1
1
1
1
1
1
1
1
1
1
1
1
1
1
1
1
1
1
1
1
1
1
1
1
1
1
1
1
1
1
1
1
1
1
1
1
1
1
1
1
1
1
1
1
1
1
1
1
1
1
1
1
1
1
1
1
1
1
1
1
1
1
1
1
1
1
1
1
1
1
1
1
1
1
1
1
1
1
1
1
1
1
1
1
1
1
1
1
1
1
1
1
1
1
1
1
1
1
1
1
1
1
1
1
1
1
1
1
1
1
1
1
1
1
1
1
1
1
1
1
1
1
1
1
1
1
1
1
1
1
1
1
1
1
1
1
1
1
1
1
1
1
1
1
1
1
1
1
1
1
1
1
1
1
1
1
1
1
1
1
1
1
1
1
1
1
1
1
1
1
1
1
1
1
1
1
1
1
1
1
1
1
1
1
1
1
1
1
1
1
1
1
1
1
1
1
1
1
1
1
1
1
1
1
1
1
1
1
1
1
1
1
1
1
1
1
1
1
1
1
1
1
1
1
1
1
1
1
1
1
1
1
1
1
1
1
1
1
1
1
1
1
1
1
1
1
1
1
1
1
1
1
1
1
1
1
1
1
1
1
1
1
1
1
1
1
1
1
1
1
1
1
1
1
1
1
1
1
1
1
1
1
1
1
1
1
1
1
1
1
1
1
1
1
1
1
1
1
1
1
1
1
1
1
1
1
1
1
1
1
1
1
1
1
1
1
1
1
1
1
1
1
1
1
1
1
1
1
1
1
1
1
1
1
1
1
1
1
1
1
1
1
1
1
1
1
1
1
1
1
1
1
1
1
1
1
1
1
1
1
1
1
1
1
1
1
1
1
1
1
1
1
1
1
1
1
1
1
1
1
1
1
1
1
1
1
1
1
1
1
1
1
1
1
1
1
1
1
1
1
1
1
1
1
1
1
1
1
1
1
1
1
1
1
1
1
1
1
1
1
1
1
1
1
1
1
1
1
1
1
1
1
1
1
1
1
1
1
1
1
1
1
1
1
1
1
1
1
1
1
1
1
1
1
1
1
1
1
1
1
1
1
1
1
1
1
1
1
1
1
1
1
1
1
1
1
1
1
1
1
1
1
1
1
1
1
1
1
1
1
1
1
1
1
1
1
1
1
1
1
1
1
1
1
1
1
1
1
1
1
1
1
1
1
1
1
1
1
1
1
1
1
1
1
1
1
1
1
1
1
1
1
1
1
1
1
1
1
1
1
1
1
1
1
1
1
1
1
1
1
1
1
1
1
1
1
1
1
1
1
1
1
1
1
1
1
1
1
1
1
1
1
1
1
1
1
1
1
1
1
1
1
1
1
1
1
1
1
1
1
1
1
1
1
1
1
1
1
1
1
1
1
1
1
1
1
1
1
1
1
1
1
1
1
1
1
1
1
1
1
1
1
1
1
1
1
1
1
1
1
1
1
1
1
1
1
1
1
1
1
1
1
1
1
1
1
1
1
1
1
1
1
1
1
1
1
1
1
1
1
1
1
1
1
1
1
1
1
1
1
1
1
1
1
1
1
1
1
1
1
1
1
1
1
1
1
1
1
1
1
1
1
1
1
1
1
1
1
1
1
1
1
1
1
1
1
1
1
1
1
1
1
1
1
1
1
1
1
1
1
1
1
1
1
1
1
1
1
1
1
1
1
1
1
1
1
1
1
1
1
1
1
1
1
1
1
1
1
1
1
1
1
1
1
1
1
1
1
1
1
1
1
1
1
1
1
1
1
1
1
1
1
1
1
1
1
1
1
1
1
1
1
1
1
1
1
1
1
1
1
1
1
1
1
1
1
1
1
1
1
1
1
1
1
1
1
1
1
1
1
1
1
1
1
1
1
1
1
1
1
1
1
1
1
1
1
1
1
1
1
1
1
1
1
1
1
1
1
1
1
1
1
1
1
1
1
1
1
1
1
1
1
1
1
1
1
1
1
1
1
1
1
1
1
1
1
1
1
1
1
1
1
1
1
1
1
1
1
1
1
1
1
1
1
1
1
1
1
1
1
1
1
1
1
1
1
1
1
1
1
1
1
1
1
1
1
1
1
1
1
1
1
1
1
1
1
1
1
1
1
1
1
1
1
1
1
1
1
1
1
1
1
1
1
1
1
1
1
1
1
1
1
1
1
1
1
1
1
1
1
1
1
1
1
1
1
1
1
1
1
1
1
1
1
1
1
1
1
1
1
1
1
1
1
1
1
1
1
1
1
1
1
1
1
1
1
1
1
1
1
1
1
1
1
1
1
1
1
1
1
1
1
1
1
1
1
1
1
1
1
1
1
1
1
1
1
1
1
1
1
1
1
1
1
1
1
1
1
1
1
1
1
1
1
1
1
1
1
1
1
1
1
1
1
1
1
1
1
1
1
1
1
1
1
1
1
1
1
1
1
1
1
1
1
1
1
1
1
1
1
1
1
1
1
1
1
1
1
1
1
1
1
1
1
1
1
1
1
1
1
1
1
1
1
1
1
1
1
1
1
1
1
1
1
1
1
1
1
1
1
1
1
1
1
1
1
1
1
1
1
1
1
1
1
1
1
1
1
1
1
1
1
1
1
1
1
1
1
1
1
1
1
1
1
1
1
1
1
1
1
1
1
1
1
1
1
1
1
1
1
1
1
1
1
1
1
1
1
1
1
1
1
1
1
1
1
1
1
1
1
1
1
1
1
1
1
1
1
1
1
1
1
1
1
1
1
1
1
1
1
1
1
1
1
1
1
1
1
1
1
1
1
1
1
1
1
1
1
1
1
1
1
1
1
1
1
1
1
1
1
1
1
1
1
1
1
1
1
1
1
1
1
1
1
1
1
1
1
1
1
1
1
1
1
1
1
1
1
1
1
1
1
1
1
1
1
1
1
1
1
1
1
1
1
1
1
1
1
1
1
1
1
1
1
1
1
1
1
1
1
1
1
1
1
1
1
1
1
1
1
1
1
1
1
1
1
1
1
1
1
1
1
1
1
1
1
1
1
1
1
1
1
1
1
1
1
1
1
1
1
1
1
1
1
1
1
1
1
1
1
1
1
1
1
1
1
1
1
1
1
1
1
1
1
1
1
1
1
1
1
1
1
1
1
1
1
1
1
1
1
1
1
1
1
1
1
1
1
1
1
1
1
1
1
1
1
1
1
1
1
1
1
1
1
1
1
1
1
1
1
1
1
1
1
1
1
1
1
1
1
1
1
1
1
1
1
1
1
1
1
1
1
1
1
1
1
1
1
1
1
1
1
1
1
1
1
1
1
1
1
1
1
1
1
1
1
1
1
1
1
1
1
1
1
1
1
1
1
1
1
1
1
1
1
1
1
1
1
1
1
1
1
1
1
1
1
1
1
1
1
1
1
1
1
1
1
1
1
1
1
1
1
1
1
1
1
1
1
1
1
1
1
1
1
1
1
1
1
1
1
1
1
1
1
1
1
1
1
1
1
1
1
1
1
1
1
1
1
1
1
1
1
1
1
1
1
1
1
1
1
1
1
1
1
1
1
1
1
1
1
1
1
1
1
1
1
1
1
1
1
1
1
1
1
1
1
1
1
1
1
1
1
1
1
1
1
1
1
1
1
1
1
1
1
1
1
1
1
1
1
1
1
1
1
1
1
1
1
1
1
1
1
1
1
1
1
1
1
1
1
1
1
1
1
1
1
1
1
1
1
1
1
1
1
1
1
1
1
1
1
1
1
1
1
1
1
1
1
1
1
1
1
1
1
1
1
1
1
1
1
1
1
1
1
1
1
1
1
1
1
1
1
1
1
1
1
1
1
1
1
1
1
1
1
1
1
1
1
1
1
1
1
1
1
1
1
1
1
1
1
1
1
1
1
1
1
1
1
1
1
1
1
1
1
1
1
1
1
1
1
1
1
1
1
1
1
1
1
1
1
1
1
1
1
1
1
1
1
1
1
1
1
1
1
1
1
1
1
1
1
1
1
1
1
1
1
1
1
1
1
1
1
1
1
1
1
1
1
1
1
1
1
1
1
1
1
1
1
1
1
1
1
1
1
1
1
1
1
1
1
1
1
1
1
1
1
1
1
1
1
1
1
1
1
1
1
1
1
1
1
1
1
1
1
1
1
1
1
1
1
1
1
1
1
1
1
1
1
1
1
1
1
1
1
1
1
1
1
1
1
1
1
1
1
1
1
1
1
1
1
1
1
1
1
1
1
1
1
1
1
1
1
1
1
1
1
1
1
1
1
1
1
1
1
1
1
1
1
1
1
1
1
1
1
1
1
1
1
1
1
1
1
1
1
1
1
1
1
1
1
1
1
1
1
1
1
1
1
1
1
1
1
1
1
1
1
1
1
1
1
1
1
1
1
1
1
1
1
1
1
1
1
1
1
1
1
1
1
1
1
1
1
1
1
1
1
1
1
1
1
1
1
1
1
1
1
1
1
1
1
1
1
1
1
1
1
1
1
1
1
1
1
1
1
1
1
1
1
1
1
1
1
1
1
1
1
1
1
1
1
1
1
1
1
1
1
1
1
1
1
1
1
1
1
1
1
1
1
1
1
1
1
1
1
1
1
1
1
1
1
1
1
1
1
1
1
1
1
1
1
1
1
1
1
1
1
1
1
1
1
1
1
1
1
1
1
1
1
1
1
1
1
1
1
1
1
1
1
1
1
1
1
1
1
1
1
1
1
1
1
1
1
1
1
1
1
1
1
1
1
1
1
1
1
1
1
1
1
1
1
1
1
1
1
1
1
1
1
1
1
1
1
1
1
1
1
1
1
1
1
1
1
1
1
1
1
1
1
1
1
1
1
1
1
1
1
1
1
1
1
1
1
1
1
1
1
1
1
1
1
1
1
1
1
1
1
1
1
1
1
1
1
1
1
1
1
1
1
1
1
1
1
1
1
1
1
1
1
1
1
1
1
1
1
1
1
1
1
1
1
1
1
1
1
1
1
1
1
1
1
1
1
1
1
1
1
1
1
1
1
1
1
1
1
1
1
1
1
1
1
1
1
1
1
1
1
1
1
1
1
1
1
1
1
1
1
1
1
1
1
1
1
1
1
1
1
1
1
1
1
1
1
1
1
1
1
1
1
1
1
1
1
1
1
1
1
1
1
1
1
1
1
1
1
1
1
1
1
1
1
1
1
1
1
1
1
1
1
1
1
1
1
1
1
1
1
1
1
1
1
1
1
1
1
1
1
1
1
1
1
1
1
1
1
1
1
1
1
1
1
1
1
1
1
1
1
1
1
1
1
1
1
1
1
1
1
1
1
1
1
1
1
1
1
1
1
1
1
1
1
1
1
1
1
1
1
1
1
1
1
1
1
1
1
1
1
1
1
1
1
1
1
1
1
1
1
1
1
1
1
1
1
1
1
1
1
1
1
1
1
1
1
1
1
1
1
1
1
1
1
1
1
1
1
1
1
1
1
1
1
1
1
1
1
1
1
1
1
1
1
1
1
1
1
1
1
1
1
1
1
1
1
1
1
1
1
1
1
1
1
1
1
1
1
1
1
1
1
1
1
1
1
1
1
1
1
1
1
1
1
1
1
1
1
1
1
1
1
1
1
1
1
1
1
1
1
1
1
1
1
1
1
1
1
1
1
1
1
1
1
1
1
1
1
1
1
1
1
1
1
1
1
1
1
1
1
1
1
1
1
1
1
1
1
1
1
1
1
1
1
1
1
1
1
1
1
1
1
1
1
1
1
1
1
1
1
1
1
1
1
1
1
1
1
1
1
1
1
1
1
1
1
1
1
1
1
1
1
1
1
1
1
1
1
1
1
1
1
1
1
1
1
1
1
1
1
1
1
1
1
1
1
1
1
1
1
1
1
1
1
1
1
1
1
1
1
1
1
1
1
1
1
1
1
1
1
1
1
1
1
1
1
1
1
1
1
1
1
1
1
1
1
1
1
1
1
1
1
1
1
1
1
1
1
1
1
1
1
1
1
1
1
1
1
1
1
1
1
1
1
1
1
1
1
1
1
1
1
1
1
1
1
1
1
1
1
1
1
1
1
1
1
1
1
1
1
1
1
1
1
1
1
1
1
1
1
1
1
1
1
1
1
1
1
1
1
1
1
1
1
1
1
1
1
1
1
1
1
1
1
1
1
1
1
1
1
1
1
1
1
1
1
1
1
1
1
1
1
1
1
1
1
1
1
1
1
1
1
1
1
1
1
1
1
1
1
1
1
1
1
1
1
1
1
1
1
1
1
1
1
1
1
1
1
1
1
1
1
1
1
1
1
1
1
1
1
1
1
1
1
1
1
1
1
1
1
1
1
1
1
1
1
1
1
1
1
1
1
1
1
1
1
1
1
1
1
1
1
1
1
1
1
1
1
1
1
1
1
1
1
1
1
1
1
1
1
1
1
1
1
1
1
1
1
1
1
1
1
1
1
1
1
1
1
1
1
1
1
1
1
1
1
1
1
1
1
1
1
1
1
1
1
1
1
1
1
1
1
1
1
1
1
1
1
1
1
1
1
1
1
1
1
1
1
1
1
1
1
1
1
1
1
1
1
1
1
1
1
1
1
1
1
1
1
1
1
1
1
1
1
1
1
1
1
1
1
1
1
1
1
1
1
1
1
1
1
1
1
1
1
1
1
1
1
1
1
1
1
1
1
1
1
1
1
1
1
1
1
1
1
1
1
1
1
1
1
1
1
1
1
1
1
1
1
1
1
1
1
1
1
1
1
1
1
1
1
1
1
1
1
1
1
1
1
1
1
1
1
1
1
1
1
1
1
1
1
1
1
1
1
1
1
1
1
1
1
1
1
1
1
1
1
1
1
1
1
1
1
1
1
1
1
1
1
1
1
1
1
1
1
1
1
1
1
1
1
1
1
1
1
1
1
1
1
1
1
1
1
1
1
1
1
1
1
1
1
1
1
1
1
1
1
1
1
1
1
1
1
1
1
1
1
1
1
1
1
1
1
1
1
1
1
1
1
1
1
1
1
1
1
1
1
1
1
1
1
1
1
1
1
1
1
1
1
1
1
1
1
1
1
1
1
1
1
1
1
1
1
1
1
1
1
1
1
1
1
1
1
1
1
1
1
1
1
1
1
1
1
1
1
1
1
1
1
1
1
1
1
1
1
1
1
1
1
1
1
1
1
1
1
1
1
1
1
1
1
1
1
1
1
1
1
1
1
1
1
1
1
1
1
1
1
1
1
1
1
1
1
1
1
1
1
1
1
1
1
1
1
1
1
1
1
1
1
1
1
1
1
1
1
1
1
1
1
1
1
1
1
1
1
1
1
1
1
1
1
1
1
1
1
1
1
1
1
1
1
1
1
1
1
1
1
1
1
1
1
1
1
1
1
1
1
1
1
1
1
1
1
1
1
1
1
1
1
1
1
1
1
1
1
1
1
1
1
1
1
1
1
1
1
1
1
1
1
1
1
1
1
1
1
1
1
1
1
1
1
1
1
1
1
1
1
1
1
1
1
1
1
1
1
1
1
1
1
1
1
1
1
1
1
1
1
1
1
1
1
1
1
1
1
1
1
1
1
1
1
1
1
1
1
1
1
1
1
1
1
1
1
1
1
1
1
1
1
1
1
1
1
1
1
1
1
1
1
1
1
1
1
1
1
1
1
1
1
1
1
1
1
1
1
1
1
1
1
1
1
1
1
1
1
1
1
1
1
1
1
1
1
1
1
1
1
1
1
1
1
1
1
1
1
1
1
1
1
1
1
1
1
1
1
1
1
1
1
1
1
1
1
1
1
1
1
1
1
1
1
1
1
1
1
1
1
1
1
1
1
1
1
1
1
1
1
1
1
1
1
1
1
1
1
1
1
1
1
1
1
1
1
1
1
1
1
1
1
1
1
1
1
1
1
1
1
1
1
1
1
1
1
1
1
1
1
1
1
1
1
1
1
1
1
1
1
1
1
1
1
1
1
1
1
1
1
1
1
1
1
1
1
1
1
1
1
1
1
1
1
1
1
1
1
1
1
1
1
1
1
1
1
1
1
1
1
1
1
1
1
1
1
1
1
1
1
1
1
1
1
1
1
1
1
1
1
1
1
1
1
1
1
1
1
1
1
1
1
1
1
1
1
1
1
1
1
1
1
1
1
1
1
1
1
1
1
1
1
1
1
1
1
1
1
1
1
1
1
1
1
1
1
1
1
1
1
1
1
1
1
1
1
1
1
1
1
1
1
1
1
1
1
1
1
1
1
1
1
1
1
1
1
1
1
1
1
1
1
1
1
1
1
1
1
1
1
1
1
1
1
1
1
1
1
1
1
1
1
1
1
1
1
1
1
1
1
1
1
1
1
1
1
1
1
1
1
1
1
1
1
1
1
1
1
1
1
1
1
1
1
1
1
1
1
1
1
1
1
1
1
1
1
1
1
1
1
1
1
1
1
1
1
1
1
1
1
1
1
1
1
1
1
1
1
1
1
1
1
1
1
1
1
1
1
1
1
1
1
1
1
1
1
1
1
1
1
1
1
1
1
1
1
1
1
1
1
1
1
1
1
1
1
1
1
1
1
1
1
1
1
1
1
1
1
1
1
1
1
1
1
1
1
1
1
1
1
1
1
1
1
1
1
1
1
1
1
1
1
1
1
1
1
1
1
1
1
1
1
1
1
1
1
1
1
1
1
1
1
1
1
1
1
1
1
1
1
1
1
1
1
1
1
1
1
1
1
1
1
1
1
1
1
1
1
1
1
1
1
1
1
1
1
1
1
1
1
1
1
1
1
1
1
1
1
1
1
1
1
1
1
1
1
1
1
1
1
1
1
1
1
1
1
1
1
1
1
1
1
1
1
1
1
1
1
1
1
1
1
1
1
1
1
1
1
1
1
1
1
1
1
1
1
1
1
1
1
1
1
1
1
1
1
1
1
1
1
1
1
1
1
1
1
1
1
1
1
1
1
1
1
1
1
1
1
1
1
1
1
1
1
1
1
1
1
1
1
1
1
1
1
1
1
1
1
1
1
1
1
1
1
1
1
1
1
1
1
1
1
1
1
1
1
1
1
1
1
1
1
1
1
1
1
1
1
1
1
1
1
1
1
1
1
1
1
1
1
1
1
1
1
1
1
1
1
1
1
1
1
1
1
1
1
1
1
1
1
1
1
1
1
1
1
1
1
1
1
1
1
1
1
1
1
1
1
1
1
1
1
1
1
1
1
1
1
1
1
1
1
1
1
1
1
1
1
1
1
1
1
1
1
1
1
1
1
1
1
1
1
1
1
1
1
1
1
1
1
1
1
1
1
1
1
1
1
1
1
1
1
1
1
1
1
1
1
1
1
1
1
1
1
1
1
1
1
1
1
1
1
1
1
1
1
1
1
1
1
1
1
1
1
1
1
1
1
1
1
1
1
1
1
1
1
1
1
1
1
1
1
1
1
1
1
1
1
1
1
1
1
1
1
1
1
1
1
1
1
1
1
1
1
1
1
1
1
1
1
1
1
1
1
1
1
1
1
1
1
1
1
1
1
1
1
1
1
1
1
1
1
1
1
1
1
1
1
1
1
1
1
1
1
1
1
1
1
1
1
1
1
1
1
1
1
1
1
1
1
1
1
1
1
1
1
1
1
1
1
1
1
1
1
1
1
1
1
1
1
1
1
1
1
1
1
1
1
1
1
1
1
1
1
1
1
1
1
1
1
1
1
1
1
1
1
1
1
1
1
1
1
1
1
1
1
1
1
1
1
1
1
1
1
1
1
1
1
1
1
1
1
1
1
1
1
1
1
1
1
1
1
1
1
1
1
1
1
1
1
1
1
1
1
1
1
1
1
1
1
1
1
1
1
1
1
1
1
1
1
1
1
1
1
1
1
1
1
1
1
1
1
1
1
1
1
1
1
1
1
1
1
1
1
1
1
1
1
1
1
1
1
1
1
1
1
1
1
1
1
1
1
1
1
1
1
1
1
1
1
1
1
1
1
1
1
1
1
1
1
1
1
1
1
1
1
1
1
1
1
1
1
1
1
1
1
1
1
1
1
1
1
1
1
1
1
1
1
1
1
1
1
1
1
1
1
1
1
1
1
1
1
1
1
1
1
1
1
1
1
1
1
1
1
1
1
1
1
1
1
1
1
1
1
1
1
1
1
1
1
1
1
1
1
1
1
1
1
1
1
1
1
1
1
1
1
1
1
1
1
1
1
1
1
1
1
1
1
1
1
1
1
1
1
1
1
1
1
1
1
1
1
1
1
1
1
1
1
1
1
1
1
1
1
1
1
1
1
1
1
1
1
1
1
1
1
1
1
1
1
1
1
1
1
1
1
1
1
1
1
1
1
1
1
1
1
1
1
1
1
1
1
1
1
1
1
1
1
1
1
1
1
1
1
1
1
1
1
1
1
1
1
1
1
1
1
1
1
1
1
1
1
1
1
1
1
1
1
1
1
1
1
1
1
1
1
1
1
1
1
1
1
1
1
1
1
1
1
1
1
1
1
1
1
1
1
1
1
1
1
1
1
1
1
1
1
1
1
1
1
1
1
1
1
1
1
1
1
1
1
1
1
1
1
1
1
1
1
1
1
1
1
1
1
1
1
1
1
1
1
1
1
1
1
1
1
1
1
1
1
1
1
1
1
1
1
1
1
1
1
1
1
1
1
1
1
1
1
1
1
1
1
1
1
1
1
1
1
1
1
1
1
1
1
1
1
1
1
1
1
1
1
1
1
1
1
1
1
1
1
1
1
1
1
1
1
1
1
1
1
1
1
1
1
1
1
1
1
1
1
1
1
1
1
1
1
1
1
1
1
1
1
1
1
1
1
1
1
1
1
1
1
1
1
1
1
1
1
1
1
1
1
1
1
1
1
1
1
1
1
1
1
1
1
1
1
1
1
1
1
1
1
1
1
1
1
1
1
1
1
1
1
1
1
1
1
1
1
1
1
1
1
1
1
1
1
1
1
1
1
1
1
1
1
1
1
1
1
1
1
1
1
1
1
1
1
1
1
1
1
1
1
1
1
1
1
1
1
1
1
1
1
1
1
1
1
1
1
1
1
1
1
1
1
1
1
1
1
1
1
1
1
1
1
1
1
1
1
1
1
1
1
1
1
1
1
1
1
1
1
1
1
1
1
1
1
1
1
1
1
1
1
1
1
1
1
1
1
1
1
1
1
1
1
1
1
1
1
1
1
1
1
1
1
1
1
1
1
1
1
1
1
1
1
1
1
1
1
1
1
1
1
1
1
1
1
1
1
1
1
1
1
1
1
1
1
1
1
1
1
1
1
1
1
1
1
1
1
1
1
1
1
1
1
1
1
1
1
1
1
1
1
1
1
1
1
1
1
1
1
1
1
1
1
1
1
1
1
1
1
1
1
1
1
1
1
1
1
1
1
1
1
1
1
1
1
1
1
1
1
1
1
1
1
1
1
1
1
1
1
1
1
1
1
1
1
1
1
1
1
1
1
1
1
1
1
1
1
1
1
1
1
1
1
1
1
1
1
1
1
1
1
1
1
1
1
1
1
1
1
1
1
1
1
1
1
1
1
1
1
1
1
1
1
1
1
1
1
1
1
1
1
1
1
1
1
1
1
1
1
1
1
1
1
1
1
1
1
1
1
1
1
1
1
1
1
1
1
1
1
1
1
1
1
1
1
1
1
1
1
1
1
1
1
1
1
1
1
1
1
1
1
1
1
1
1
1
1
1
1
1
1
1
1
1
1
1
1
1
1
1
1
1
1
1
1
1
1
1
1
1
1
1
1
1
1
1
1
1
1
1
1
1
1
1
1
1
1
1
1
1
1
1
1
1
1
1
1
1
1
1
1
1
1
1
1
1
1
1
1
1
1
1
1
1
1
1
1
1
1
1
1
1
1
1
1
1
1
1
1
1
1
1
1
1
1
1
1
1
1
1
1
1
1
1
1
1
1
1
1
1
1
1
1
1
1
1
1
1
1
1
1
1
1
1
1
1
1
1
1
1
1
1
1
1
1
1
1
1
1
1
1
1
1
1
1
1
1
1
1
1
1
1
1
1
1
1
1
1
1
1
1
1
1
1
1
1
1
1
1
1
1
1
1
1
1
1
1
1
1
1
1
1
1
1
1
1
1
1
1
1
1
1
1
1
1
1
1
1
1
1
1
1
1
1
1
1
1
1
1
1
1
1
1
1
1
1
1
1
1
1
1
1
1
1
1
1
1
1
1
1
1
1
1
1
1
1
1
1
1
1
1
1
1
1
1
1
1
1
1
1
1
1
1
1
1
1
1
1
1
1
1
1
1
1
1
1
1
1
1
1
1
1
1
1
1
1
1
1
1
1
1
1
1
1
1
1
1
1
1
1
1
1
1
1
1
1
1
1
1
1
1
1
1
1
1
1
1
1
1
1
1
1
1
1
1
1
1
1
1
1
1
1
1
1
1
1
1
1
1
1
1
1
1
1
1
1
1
1
1
1
1
1
1
1
1
1
1
1
1
1
1
1
1
1
1
1
1
1
1
1
1
1
1
1
1
1
1
1
1
1
1
1
1
1
1
1
1
1
1
1
1
1
1
1
1
1
1
1
1
1
1
1
1
1
1
1
1
1
1
1
1
1
1
1
1
1
1
1
1
1
1
1
1
1
1
1
1
1
1
1
1
1
1
1
1
1
1
1
1
1
1
1
1
1
1
1
1
1
1
1
1
1
1
1
1
1
1
1
1
1
1
1
1
1
1
1
1
1
1
1
1
1
1
1
1
1
1
1
1
1
1
1
1
1
1
1
1
1
1
1
1
1
1
1
1
1
1
1
1
1
1
1
1
1
1
1
1
1
1
1
1
1
1
1
1
1
1
1
1
1
1
1
1
1
1
1
1
1
1
1
1
1
1
1
1
1
1
1
1
1
1
1
1
1
1
1
1
1
1
1
1
1
1
1
1
1
1
1
1
1
1
1
1
1
1
1
1
1
1
1
1
1
1
1
1
1
1
1
1
1
1
1
1
1
1
1
1
1
1
1
1
1
1
1
1
1
1
1
1
1
1
1
1
1
1
1
1
1
1
1
1
1
1
1
1
1
1
1
1
1
1
1
1
1
1
1
1
1
1
1
1
1
1
1
1
1
1
1
1
1
1
1
1
1
1
1
1
1
1
1
1
1
1
1
1
1
1
1
1
1
1
1
1
1
1
1
1
1
1
1
1
1
1
1
1
1
1
1
1
1
1
1
1
1
1
1
1
1
1
1
1
1
1
1
1
1
1
1
1
1
1
1
1
1
1
1
1
1
1
1
1
1
1
1
1
1
1
1
1
1
1
1
1
1
1
1
1
1
1
1
1
1
1
1
1
1
1
1
1
1
1
1
1
1
1
1
1
1
1
1
1
1
1
1
1
1
1
1
1
1
1
1
1
1
1
1
1
1
1
1
1
1
1
1
1
1
1
1
1
1
1
1
1
1
1
1
1
1
1
1
1
1
1
1
1
1
1
1
1
1
1
1
1
1
1
1
1
1
1
1
1
1
1
1
1
1
1
1
1
1
1
1
1
1
1
1
1
1
1
1
1
1
1
1
1
1
1
1
1
1
1
1
1
1
1
1
1
1
1
1
1
1
1
1
1
1
1
1
1
1
1
1
1
1
1
1
1
1
1
1
1
1
1
1
1
1
1
1
1
1
1
1
1
1
1
1
1
1
1
1
1
1
1
1
1
1
1
1
1
1
1
1
1
1
1
1
1
1
1
1
1
1
1
1
1
1
1
1
1
1
1
1
1
1
1
1
1
1
1
1
1
1
1
1
1
1
1
1
1
1
1
1
1
1
1
1
1
1
1
1
1
1
1
1
1
1
1
1
1
1
1
1
1
1
1
1
1
1
1
1
1
1
1
1
1
1
1
1
1
1
1
1
1
1
1
1
1
1
1
1
1
1
1
1
1
1
1
1
1
1
1
1
1
1
1
1
1
1
1
1
1
1
1
1
1
1
1
1
1
1
1
1
1
1
1
1
1
1
1
1
1
1
1
1
1
1
1
1
1
1
1
1
1
1
1
1
1
1
1
1
1
1
1
1
1
1
1
1
1
1
1
1
1
1
1
1
1
1
1
1
1
1
1
1
1
1
1
1
1
1
1
1
1
1
1
1
1
1
1
1
1
1
1
1
1
1
1
1
1
1
1
1
1
1
1
1
1
1
1
1
1
1
1
1
1
1
1
1
1
1
1
1
1
1
1
1
1
1
1
1
1
1
1
1
1
1
1
1
1
1
1
1
1
1
1
1
1
1
1
1
1
1
1
1
1
1
1
1
1
1
1
1
1
1
1
1
1
1
1
1
1
1
1
1
1
1
1
1
1
1
1
1
1
1
1
1
1
1
1
1
1
1
1
1
1
1
1
1
1
1
1
1
1
1
1
1
1
1
1
1
1
1
1
1
1
1
1
1
1
1
1
1
1
1
1
1
1
1
1
1
1
1
1
1
1
1
1
1
1
1
1
1
1
1
1
1
1
1
1
1
1
1
1
1
1
1
1
1
1
1
1
1
1
1
1
1
1
1
1
1
1
1
1
1
1
1
1
1
1
1
1
1
1
1
1
1
1
1
1
1
1
1
1
1
1
1
1
1
1
1
1
1
1
1
1
1
1
1
1
1
1
1
1
1
1
1
1
1
1
1
1
1
1
1
1
1
1
1
1
1
1
1
1
1
1
1
1
1
1
1
1
1
1
1
1
1
1
1
1
1
1
1
1
1
1
1
1
1
1
1
1
1
1
1
1
1
1
1
1
1
1
1
1
1
1
1
1
1
1
1
1
1
1
1
1
1
1
1
1
1
1
1
1
1
1
1
1
1
1
1
1
1
1
1
1
1
1
1
1
1
1
1
1
1
1
1
1
1
1
1
1
1
1
1
1
1
1
1
1
1
1
1
1
1
1
1
1
1
1
1
1
1
1
1
1
1
1
1
1
1
1
1
1
1
1
1
1
1
1
1
1
1
1
1
1
1
1
1
1
1
1
1
1
1
1
1
1
1
1
1
1
1
1
1
1
1
1
1
1
1
1
1
1
1
1
1
1
1
1
1
1
1
1
1
1
1
1
1
1
1
1
1
1
1
1
1
1
1
1
1
1
1
1
1
1
1
1
1
1
1
1
1
1
1
1
1
1
1
1
1
1
1
1
1
1
1
1
1
1
1
1
1
1
1
1
1
1
1
1
1
1
1
1
1
1
1
1
1
1
1
1
1
1
1
1
1
1
1
1
1
1
1
1
1
1
1
1
1
1
1
1
1
1
1
1
1
1
1
1
1
1
1
1
1
1
1
1
1
1
1
1
1
1
1
1
1
1
1
1
1
1
1
1
1
1
1
1
1
1
1
1
1
1
1
1
1
1
1
1
1
1
1
1
1
1
1
1
1
1
1
1
1
1
1
1
1
1
1
1
1
1
1
1
1
1
1
1
1
1
1
1
1
1
1
1
1
1
1
1
1
1
1
1
1
1
1
1
1
1
1
1
1
1
1
1
1
1
1
1
1
1
1
1
1
1
1
1
1
1
1
1
1
1
1
1
1
1
1
1
1
1
1
1
1
1
1
1
1
1
1
1
1
1
1
1
1
1
1
1
1
1
1
1
1
1
1
1
1
1
1
1
1
1
1
1
1
1
1
1
1
1
1
1
1
1
1
1
1
1
1
1
1
1
1
1
1
1
1
1
1
1
1
1
1
1
1
1
1
1
1
1
1
1
1
1
1
1
1
1
1
1
1
1
1
1
1
1
1
1
1
1
1
1
1
1
1
1
1
1
1
1
1
1
1
1
1
1
1
1
1
1
1
1
1
1
1
1
1
1
1
1
1
1
1
1
1
1
1
1
1
1
1
1
1
1
1
1
1
1
1
1
1
1
1
1
1
1
1
1
1
1
1
1
1
1
1
1
1
1
1
1
1
1
1
1
1
1
1
1
1
1
1
1
1
1
1
1
1
1
1
1
1
1
1
1
1
1
1
1
1
1
1
1
1
1
1
1
1
1
1
1
1
1
1
1
1
1
1
1
1
1
1
1
1
1
1
1
1
1
1
1
1
1
1
1
1
1
1
1
1
1
1
1
1
1
1
1
1
1
1
1
1
1
1
1
1
1
1
1
1
1
1
1
1
1
1
1
1
1
1
1
1
1
1
1
1
1
1
1
1
1
1
1
1
1
1
1
1
1
1
1
1
1
1
1
1
1
1
1
1
1
1
1
1
1
1
1
1
1
1
1
1
1
1
1
1
1
1
1
1
1
1
1
1
1
1
1
1
1
1
1
1
1
1
1
1
1
1
1
1
1
1
1
1
1
1
1
1
1
1
1
1
1
1
1
1
1
1
1
1
1
1
1
1
1
1
1
1
1
1
1
1
1
1
1
1
1
1
1
1
1
1
1
1
1
1
1
1
1
1
1
1
1
1
1
1
1
1
1
1
1
1
1
1
1
1
1
1
1
1
1
1
1
1
1
1
1
1
1
1
1
1
1
1
1
1
1
1
1
1
1
1
1
1
1
1
1
1
1
1
1
1
1
1
1
1
1
1
1
1
1
1
1
1
1
1
1
1
1
1
1
1
1
1
1
1
1
1
1
1
1
1
1
1
1
1
1
1
1
1
1
1
1
1
1
1
1
1
1
1
1
1
1
1
1
1
1
1
1
1
1
1
1
1
1
1
1
1
1
1
1
1
1
1
1
1
1
1
1
1
1
1
1
1
1
1
1
1
1
1
1
1
1
1
1
1
1
1
1
1
1
1
1
1
1
1
1
1
1
1
1
1
1
1
1
1
1
1
1
1
1
1
1
1
1
1
1
1
1
1
1
1
1
1
1
1
1
1
1
1
1
1
1
1
1
1
1
1
1
1
1
1
1
1
1
1
1
1
1
1
1
1
1
1
1
1
1
1
1
1
1
1
1
1
1
1
1
1
1
1
1
1
1
1
1
1
1
1
1
1
1
1
1
1
1
1
1
1
1
1
1
1
1
1
1
1
1
1
1
1
1
1
1
1
1
1
1
1
1
1
1
1
1
1
1
1
1
1
1
1
1
1
1
1
1
1
1
1
1
1
1
1
1
1
1
1
1
1
1
1
1
1
1
1
1
1
1
1
1
1
1
1
1
1
1
1
1
1
1
1
1
1
1
1
1
1
1
1
1
1
1
1
1
1
1
1
1
1
1
1
1
1
1
1
1
1
1
1
1
1
1
1
1
1
1
1
1
1
1
1
1
1
1
1
1
1
1
1
1
1
1
1
1
1
1
1
1
1
1
1
1
1
1
1
1
1
1
1
1
1
1
1
1
1
1
1
1
1
1
1
1
1
1
1
1
1
1
1
1
1
1
1
1
1
1
1
1
1
1
1
1
1
1
1
1
1
1
1
1
1
1
1
1
1
1
1
1
1
1
1
1
1
1
1
1
1
1
1
1
1
1
1
1
1
1
1
1
1
1
1
1
1
1
1
1
1
1
1
1
1
1
1
1
1
1
1
1
1
1
1
1
1
1
1
1
1
1
1
1
1
1
1
1
1
1
1
1
1
1
1
1
1
1
1
1
1
1
1
1
1
1
1
1
1
1
1
1
1
1
1
1
1
1
1
1
1
1
1
1
1
1
1
1
1
1
1
1
1
1
1
1
1
1
1
1
1
1
1
1
1
1
1
1
1
1
1
1
1
1
1
1
1
1
1
1
1
1
1
1
1
1
1
1
1
1
1
1
1
1
1
1
1
1
1
1
1
1
1
1
1
1
1
1
1
1
1
1
1
1
1
1
1
1
1
1
1
1
1
1
1
1
1
1
1
1
1
1
1
1
1
1
1
1
1
1
1
1
1
1
1
1
1
1
1
1
1
1
1
1
1
1
1
1
1
1
1
1
1
1
1
1
1
1
1
1
1
1
1
1
1
1
1
1
1
1
1
1
1
1
1
1
1
1
1
1
1
1
1
1
1
1
1
1
1
1
1
1
1
1
1
1
1
1
1
1
1
1
1
1
1
1
1
1
1
1
1
1
1
1
1
1
1
1
1
1
1
1
1
1
1
1
1
1
1
1
1
1
1
1
1
1
1
1
1
1
1
1
1
1
1
1
1
1
1
1
1
1
1
1
1
1
1
1
1
1
1
1
1
1
1
1
1
1
1
1
1
1
1
1
1
1
1
1
1
1
1
1
1
1
1
1
1
1
1
1
1
1
1
1
1
1
1
1
1
1
1
1
1
1
1
1
1
1
1
1
1
1
1
1
1
1
1
1
1
1
1
1
1
1
1
1
1
1
1
1
1
1
1
1
1
1
1
1
1
1
1
1
1
1
1
1
1
1
1
1
1
1
1
1
1
1
1
1
1
1
1
1
1
1
1
1
1
1
1
1
1
1
1
1
1
1
1
1
1
1
1
1
1
1
1
1
1
1
1
1
1
1
1
1
1
1
1
1
1
1
1
1
1
1
1
1
1
1
1
1
1
1
1
1
1
1
1
1
1
1
1
1
1
1
1
1
1
1
1
1
1
1
1
1
1
1
1
1
1
1
1
1
1
1
1
1
1
1
1
1
1
1
1
1
1
1
1
1
1
1
1
1
1
1
1
1
1
1
1
1
1
1
1
1
1
1
1
1
1
1
1
1
1
1
1
1
1
1
1
1
1
1
1
1
1
1
1
1
1
1
1
1
1
1
1
1
1
1
1
1
1
1
1
1
1
1
1
1
1
1
1
1
1
1
1
1
1
1
1
1
1
1
1
1
1
1
1
1
1
1
1
1
1
1
1
1
1
1
1
1
1
1
1
1
1
1
1
1
1
1
1
1
1
1
1
1
1
1
1
1
1
1
1
1
1
1
1
1
1
1
1
1
1
1
1
1
1
1
1
1
1
1
1
1
1
1
1
1
1
1
1
1
1
1
1
1
1
1
1
1
1
1
1
1
1
1
1
1
1
1
1
1
1
1
1
1
1
1
1
1
1
1
1
1
1
1
1
1
1
1
1
1
1
1
1
1
1
1
1
1
1
1
1
1
1
1
1
1
1
1
1
1
1
1
1
1
1
1
1
1
1
1
1
1
1
1
1
1
1
1
1
1
1
1
1
1
1
1
1
1
1
1
1
1
1
1
1
1
1
1
1
1
1
1
1
1
1
1
1
1
1
1
1
1
1
1
1
1
1
1
1
1
1
1
1
1
1
1
1
1
1
1
1
1
1
1
1
1
1
1
1
1
1
1
1
1
1
1
1
1
1
1
1
1
1
1
1
1
1
1
1
1
1
1
1
1
1
1
1
1
1
1
1
1
1
1
1
1
1
1
1
1
1
1
1
1
1
1
1
1
1
1
1
1
1
1
1
1
1
1
1
1
1
1
1
1
1
1
1
1
1
1
1
1
1
1
1
1
1
1
1
1
1
1
1
1
1
1
1
1
1
1
1
1
1
1
1
1
1
1
1
1
1
1
1
1
1
1
1
1
1
1
1
1
1
1
1
1
1
1
1
1
1
1
1
1
1
1
1
1
1
1
1
1
1
1
1
1
1
1
1
1
1
1
1
1
1
1
1
1
1
1
1
1
1
1
1
1
1
1
1
1
1
1
1
1
1
1
1
1
1
1
1
1
1
1
1
1
1
1
1
1
1
1
1
1
1
1
1
1
1
1
1
1
1
1
1
1
1
1
1
1
1
1
1
1
1
1
1
1
1
1
1
1
1
1
1
1
1
1
1
1
1
1
1
1
1
1
1
1
1
1
1
1
1
1
1
1
1
1
1
1
1
1
1
1
1
1
1
1
1
1
1
1
1
1
1
1
1
1
1
1
1
1
1
1
1
1
1
1
1
1
1
1
1
1
1
1
1
1
1
1
1
1
1
1
1
1
1
1
1
1
1
1
1
1
1
1
1
1
1
1
1
1
1
1
1
1
1
1
1
1
1
1
1
1
1
1
1
1
1
1
1
1
1
1
1
1
1
1
1
1
1
1
1
1
1
1
1
1
1
1
1
1
1
1
1
1
1
1
1
1
1
1
1
1
1
1
1
1
1
1
1
1
1
1
1
1
1
1
1
1
1
1
1
1
1
1
1
1
1
1
1
1
1
1
1
1
1
1
1
1
1
1
1
1
1
1
1
1
1
1
1
1
1
1
1
1
1
1
1
1
1
1
1
1
1
1
1
1
1
1
1
1
1
1
1
1
1
1
1
1
1
1
1
1
1
1
1
1
1
1
1
1
1
1
1
1
1
1
1
1
1
1
1
1
1
1
1
1
1
1
1
1
1
1
1
1
1
1
1
1
1
1
1
1
1
1
1
1
1
1
1
1
1
1
1
1
1
1
1
1
1
1
1
1
1
1
1
1
1
1
1
1
1
1
1
1
1
1
1
1
1
1
1
1
1
1
1
1
1
1
1
1
1
1
1
1
1
1
1
1
1
1
1
1
1
1
1
1
1
1
1
1
1
1
1
1
1
1
1
1
1
1
1
1
1
1
1
1
1
1
1
1
1
1
1
1
1
1
1
1
1
1
1
1
1
1
1
1
1
1
1
1
1
1
1
1
1
1
1
1
1
1
1
1
1
1
1
1
1
1
1
1
1
1
1
1
1
1
1
1
1
1
1
1
1
1
1
1
1
1
1
1
1
1
1
1
1
1
1
1
1
1
1
1
1
1
1
1
1
1
1
1
1
1
1
1
1
1
1
1
1
1
1
1
1
1
1
1
1
1
1
1
1
1
1
1
1
1
1
1
1
1
1
1
1
1
1
1
1
1
1
1
1
1
1
1
1
1
1
1
1
1
1
1
1
1
1
1
1
1
1
1
1
1
1
1
1
1
1
1
1
1
1
1
1
1
1
1
1
1
1
1
1
1
1
1
1
1
1
1
1
1
1
1
1
1
1
1
1
1
1
1
1
1
1
1
1
1
1
1
1
1
1
1
1
1
1
1
1
1
1
1
1
1
1
1
1
1
1
1
1
1
1
1
1
1
1
1
1
1
1
1
1
1
1
1
1
1
1
1
1
1
1
1
1
1
1
1
1
1
1
1
1
1
1
1
1
1
1
1
1
1
1
1
1
1
1
1
1
1
1
1
1
1
1
1
1
1
1
1
1
1
1
1
1
1
1
1
1
1
1
1
1
1
1
1
1
1
1
1
1
1
1
1
1
1
1
1
1
1
1
1
1
1
1
1
1
1
1
1
1
1
1
1
1
1
1
1
1
1
1
1
1
1
1
1
1
1
1
1
1
1
1
1
1
1
1
1
1
1
1
1
1
1
1
1
1
1
1
1
1
1
1
1
1
1
1
1
1
1
1
1
1
1
1
1
1
1
1
1
1
1
1
1
1
1
1
1
1
1
1
1
1
1
1
1
1
1
1
1
1
1
1
1
1
1
1
1
1
1
1
1
1
1
1
1
1
1
1
1
1
1
1
1
1
1
1
1
1
1
1
1
1
1
1
1
1
1
1
1
1
1
1
1
1
1
1
1
1
1
1
1
1
1
1
1
1
1
1
1
1
1
1
1
1
1
1
1
1
1
1
1
1
1
1
1
1
1
1
1
1
1
1
1
1
1
1
1
1
1
1
1
1
1
1
1
1
1
1
1
1
1
1
1
1
1
1
1
1
1
1
1
1
1
1
1
1
1
1
1
1
1
1
1
1
1
1
1
1
1
1
1
1
1
1
1
1
1
1
1
1
1
1
1
1
1
1
1
1
1
1
1
1
1
1
1
1
1
1
1
1
1
1
1
1
1
1
1
1
1
1
1
1
1
1
1
1
1
1
1
1
1
1
1
1
1
1
1
1
1
1
1
1
1
1
1
1
1
1
1
1
1
1
1
1
1
1
1
1
1
1
1
1
1
1
1
1
1
1
1
1
1
1
1
1
1
1
1
1
1
1
1
1
1
1
1
1
1
1
1
1
1
1
1
1
1
1
1
1
1
1
1
1
1
1
1
1
1
1
1
1
1
1
1
1
1
1
1
1
1
1
1
1
1
1
1
1
1
1
1
1
1
1
1
1
1
1
1
1
1
1
1
1
1
1
1
1
1
1
1
1
1
1
1
1
1
1
1
1
1
1
1
1
1
1
1
1
1
1
1
1
1
1
1
1
1
1
1
1
1
1
1
1
1
1
1
1
1
1
1
1
1
1
1
1
1
1
1
1
1
1
1
1
1
1
1
1
1
1
1
1
1
1
1
1
1
1
1
1
1
1
1
1
1
1
1
1
1
1
1
1
1
1
1
1
1
1
1
1
1
1
1
1
1
1
1
1
1
1
1
1
1
1
1
1
1
1
1
1
1
1
1
1
1
1
1
1
1
1
1
1
1
1
1
1
1
1
1
1
1
1
1
1
1
1
1
1
1
1
1
1
1
1
1
1
1
1
1
1
1
1
1
1
1
1
1
1
1
1
1
1
1
1
1
1
1
1
1
1
1
1
1
1
1
1
1
1
1
1
1
1
1
1
1
1
1
1
1
1
1
1
1
1
1
1
1
1
1
1
1
1
1
1
1
1
1
1
1
1
1
1
1
1
1
1
1
1
1
1
1
1
1
1
1
1
1
1
1
1
1
1
1
1
1
1
1
1
1
1
1
1
1
1
1
1
1
1
1
1
1
1
1
1
1
1
1
1
1
1
1
1
1
1
1
1
1
1
1
1
1
1
1
1
1
1
1
1
1
1
1
1
1
1
1
1
1
1
1
1
1
1
1
1
1
1
1
1
1
1
1
1
1
1
1
1
1
1
1
1
1
1
1
1
1
1
1
1
1
1
1
1
1
1
1
1
1
1
1
1
1
1
1
1
1
1
1
1
1
1
1
1
1
1
1
1
1
1
1
1
1
1
1
1
1
1
1
1
1
1
1
1
1
1
1
1
1
1
1
1
1
1
1
1
1
1
1
1
1
1
1
1
1
1
1
1
1
1
1
1
1
1
1
1
1
1
1
1
1
1
1
1
1
1
1
1
1
1
1
1
1
1
1
1
1
1
1
1
1
1
1
1
1
1
1
1
1
1
1
1
1
1
1
1
1
1
1
1
1
1
1
1
1
1
1
1
1
1
1
1
1
1
1
1
1
1
1
1
1
1
1
1
1
1
1
1
1
1
1
1
1
1
1
1
1
1
1
1
1
1
1
1
1
1
1
1
1
1
1
1
1
1
1
1
1
1
1
1
1
1
1
1
1
1
1
1
1
1
1
1
1
1
1
1
1
1
1
1
1
1
1
1
1
1
1
1
1
1
1
1
1
1
1
1
1
1
1
1
1
1
1
1
1
1
1
1
1
1
1
1
1
1
1
1
1
1
1
1
1
1
1
1
1
1
1
1
1
1
1
1
1
1
1
1
1
1
1
1
1
1
1
1
1
1
1
1
1
1
1
1
1
1
1
1
1
1
1
1
1
1
1
1
1
1
1
1
1
1
1
1
1
1
1
1
1
1
1
1
1
1
1
1
1
1
1
1
1
1
1
1
1
1
1
1
1
1
1
1
1
1
1
1
1
1
1
1
1
1
1
1
1
1
1
1
1
1
1
1
1
1
1
1
1
1
1
1
1
1
1
1
1
1
1
1
1
1
1
1
1
1
1
1
1
1
1
1
1
1
1
1
1
1
1
1
1
1
1
1
1
1
1
1
1
1
1
1
1
1
1
1
1
1
1
1
1
1
1
1
1
1
1
1
1
1
1
1
1
1
1
1
1
1
1
1
1
1
1
1
1
1
1
1
1
1
1
1
1
1
1
1
1
1
1
1
1
1
1
1
1
1
1
1
1
1
1
1
1
1
1
1
1
1
1
1
1
1
1
1
1
1
1
1
1
1
1
1
1
1
1
1
1
1
1
1
1
1
1
1
1
1
1
1
1
1
1
1
1
1
1
1
1
1
1
1
1
1
1
1
1
1
1
1
1
1
1
1
1
1
1
1
1
1
1
1
1
1
1
1
1
1
1
1
1
1
1
1
1
1
1
1
1
1
1
1
1
1
1
1
1
1
1
1
1
1
1
1
1
1
1
1
1
1
1
1
1
1
1
1
1
1
1
1
1
1
1
1
1
1
1
1
1
1
1
1
1
1
1
1
1
1
1
1
1
1
1
1
1
1
1
1
1
1
1
1
1
1
1
1
1
1
1
1
1
1
1
1
1
1
1
1
1
1
1
1
1
1
1
1
1
1
1
1
1
1
1
1
1
1
1
1
1
1
1
1
1
1
1
1
1
1
1
1
1
1
1
1
1
1
1
1
1
1
1
1
1
1
1
1
1
1
1
1
1
1
1
1
1
1
1
1
1
1
1
1
1
1
1
1
1
1
1
1
1
1
1
1
1
1
1
1
1
1
1
1
1
1
1
1
1
1
1
1
1
1
1
1
1
1
1
1
1
1
1
1
1
1
1
1
1
1
1
1
1
1
1
1
1
1
1
1
1
1
1
1
1
1
1
1
1
1
1
1
1
1
1
1
1
1
1
1
1
1
1
1
1
1
1
1
1
1
1
1
1
1
1
1
1
1
1
1
1
1
1
1
1
1
1
1
1
1
1
1
1
1
1
1
1
1
1
1
1
1
1
1
1
1
1
1
1
1
1
1
1
1
1
1
1
1
1
1
1
1
1
1
1
1
1
1
1
1
1
1
1
1
1
1
1
1
1
1
1
1
1
1
1
1
1
1
1
1
1
1
1
1
1
1
1
1
1
1
1
1
1
1
1
1
1
1
1
1
1
1
1
1
1
1
1
1
1
1
1
1
1
1
1
1
1
1
1
1
1
1
1
1
1
1
1
1
1
1
1
1
1
1
1
1
1
1
1
1
1
1
1
1
1
1
1
1
1
1
1
1
1
1
1
1
1
1
1
1
1
1
1
1
1
1
1
1
1
1
1
1
1
1
1
1
1
1
1
1
1
1
1
1
1
1
1
1
1
1
1
1
1
1
1
1
1
1
1
1
1
1
1
1
1
1
1
1
1
1
1
1
1
1
1
1
1
1
1
1
1
1
1
1
1
1
1
1
1
1
1
1
1
1
1
1
1
1
1
1
1
1
1
1
1
1
1
1
1
1
1
1
1
1
1
1
1
1
1
1
1
1
1
1
1
1
1
1
1
1
1
1
1
1
1
1
1
1
1
1
1
1
1
1
1
1
1
1
1
1
1
1
1
1
1
1
1
1
1
1
1
1
1
1
1
1
1
1
1
1
1
1
1
1
1
1
1
1
1
1
1
1
1
1
1
1
1
1
1
1
1
1
1
1
1
1
1
1
1
1
1
1
1
1
1
1
1
1
1
1
1
1
1
1
1
1
1
1
1
1
1
1
1
1
1
1
1
1
1
1
1
1
1
1
1
1
1
1
1
1
1
1
1
1
1
1
1
1
1
1
1
1
1
1
1
1
1
1
1
1
1
1
1
1
1
1
1
1
1
1
1
1
1
1
1
1
1
1
1
1
1
1
1
1
1
1
1
1
1
1
1
1
1
1
1
1
1
1
1
1
1
1
1
1
1
1
1
1
1
1
1
1
1
1
1
1
1
1
1
1
1
1
1
1
1
1
1
1
1
1
1
1
1
1
1
1
1
1
1
1
1
1
1
1
1
1
1
1
1
1
1
1
1
1
1
1
1
1
1
1
1
1
1
1
1
1
1
1
1
1
1
1
1
1
1
1
1
1
1
1
1
1
1
1
1
1
1
1
1
1
1
1
1
1
1
1
1
1
1
1
1
1
1
1
1
1
1
1
1
1
1
1
1
1
1
1
1
1
1
1
1
1
1
1
1
1
1
1
1
1
1
1
1
1
1
1
1
1
1
1
1
1
1
1
1
1
1
1
1
1
1
1
1
1
1
1
1
1
1
1
1
1
1
1
1
1
1
1
1
1
1
1
1
1
1
1
1
1
1
1
1
1
1
1
1
1
1
1
1
1
1
1
1
1
1
1
1
1
1
1
1
1
1
1
1
1
1
1
1
1
1
1
1
1
1
1
1
1
1
1
1
1
1
1
1
1
1
1
1
1
1
1
1
1
1
1
1
1
1
1
1
1
1
1
1
1
1
1
1
1
1
1
1
1
1
1
1
1
1
1
1
1
1
1
1
1
1
1
1
1
1
1
1
1
1
1
1
1
1
1
1
1
1
1
1
1
1
1
1
1
1
1
1
1
1
1
1
1
1
1
1
1
1
1
1
1
1
1
1
1
1
1
1
1
1
1
1
1
1
1
1
1
1
1
1
1
1
1
1
1
1
1
1
1
1
1
1
1
1
1
1
1
1
1
1
1
1
1
1
1
1
1
1
1
1
1
1
1
1
1
1
1
1
1
1
1
1
1
1
1
1
1
1
1
1
1
1
1
1
1
1
1
1
1
1
1
1
1
1
1
1
1
1
1
1
1
1
1
1
1
1
1
1
1
1
1
1
1
1
1
1
1
1
1
1
1
1
1
1
1
1
1
1
1
1
1
1
1
1
1
1
1
1
1
1
1
1
1
1
1
1
1
1
1
1
1
1
1
1
1
1
1
1
1
1
1
1
1
1
1
1
1
1
1
1
1
1
1
1
1
1
1
1
1
1
1
1
1
1
1
1
1
1
1
1
1
1
1
1
1
1
1
1
1
1
1
1
1
1
1
1
1
1
1
1
1
1
1
1
1
1
1
1
1
1
1
1
1
1
1
1
1
1
1
1
1
1
1
1
1
1
1
1
1
1
1
1
1
1
1
1
1
1
1
1
1
1
1
1
1
1
1
1
1
1
1
1
1
1
1
1
1
1
1
1
1
1
1
1
1
1
1
1
1
1
1
1
1
1
1
1
1
1
1
1
1
1
1
1
1
1
1
1
1
1
1
1
1
1
1
1
1
1
1
1
1
1
1
1
1
1
1
1
1
1
1
1
1
1
1
1
1
1
1
1
1
1
1
1
1
1
1
1
1
1
1
1
1
1
1
1
1
1
1
1
1
1
1
1
1
1
1
1
1
1
1
1
1
1
1
1
1
1
1
1
1
1
1
1
1
1
1
1
1
1
1
1
1
1
1
1
1
1
1
1
1
1
1
1
1
1
1
1
1
1
1
1
1
1
1
1
1
1
1
1
1
1
1
1
1
1
1
1
1
1
1
1
1
1
1
1
1
1
1
1
1
1
1
1
1
1
1
1
1
1
1
1
1
1
1
1
1
1
1
1
1
1
1
1
1
1
1
1
1
1
1
1
1
1
1
1
1
1
1
1
1
1
1
1
1
1
1
1
1
1
1
1
1
1
1
1
1
1
1
1
1
1
1
1
1
1
1
1
1
1
1
1
1
1
1
1
1
1
1
1
1
1
1
1
1
1
1
1
1
1
1
1
1
1
1
1
1
1
1
1
1
1
1
1
1
1
1
1
1
1
1
1
1
1
1
1
1
1
1
1
1
1
1
1
1
1
1
1
1
1
1
1
1
1
1
1
1
1
1
1
1
1
1
1
1
1
1
1
1
1
1
1
1
1
1
1
1
1
1
1
1
1
1
1
1
1
1
1
1
1
1
1
1
1
1
1
1
1
1
1
1
1
1
1
1
1
1
1
1
1
1
1
1
1
1
1
1
1
1
1
1
1
1
1
1
1
1
1
1
1
1
1
1
1
1
1
1
1
1
1
1
1
1
1
1
1
1
1
1
1
1
1
1
1
1
1
1
1
1
1
1
1
1
1
1
1
1
1
1
1
1
1
1
1
1
1
1
1
1
1
1
1
1
1
1
1
1
1
1
1
1
1
1
1
1
1
1
1
1
1
1
1
1
1
1
1
1
1
1
1
1
1
1
1
1
1
1
1
1
1
1
1
1
1
1
1
1
1
1
1
1
1
1
1
1
1
1
1
1
1
1
1
1
1
1
1
1
1
1
1
1
1
1
1
1
1
1
1
1
1
1
1
1
1
1
1
1
1
1
1
1
1
1
1
1
1
1
1
1
1
1
1
1
1
1
1
1
1
1
1
1
1
1
1
1
1
1
1
1
1
1
1
1
1
1
1
1
1
1
1
1
1
1
1
1
1
1
1
1
1
1
1
1
1
1
1
1
1
1
1
1
1
1
1
1
1
1
1
1
1
1
1
1
1
1
1
1
1
1
1
1
1
1
1
1
1
1
1
1
1
1
1
1
1
1
1
1
1
1
1
1
1
1
1
1
1
1
1
1
1
1
1
1
1
1
1
1
1
1
1
1
1
1
1
1
1
1
1
1
1
1
1
1
1
1
1
1
1
1
1
1
1
1
1
1
1
1
1
1
1
1
1
1
1
1
1
1
1
1
1
1
1
1
1
1
1
1
1
1
1
1
1
1
1
1
1
1
1
1
1
1
1
1
1
1
1
1
1
1
1
1
1
1
1
1
1
1
1
1
1
1
1
1
1
1
1
1
1
1
1
1
1
1
1
1
1
1
1
1
1
1
1
1
1
1
1
1
1
1
1
1
1
1
1
1
1
1
1
1
1
1
1
1
1
1
1
1
1
1
1
1
1
1
1
1
1
1
1
1
1
1
1
1
1
1
1
1
1
1
1
1
1
1
1
1
1
1
1
1
1
1
1
1
1
1
1
1
1
1
1
1
1
1
1
1
1
1
1
1
1
1
1
1
1
1
1
1
1
1
1
1
1
1
1
1
1
1
1
1
1
1
1
1
1
1
1
1
1
1
1
1
1
1
1
1
1
1
1
1
1
1
1
1
1
1
1
1
1
1
1
1
1
1
1
1
1
1
1
1
1
1
1
1
1
1
1
1
1
1
1
1
1
1
1
1
1
1
1
1
1
1
1
1
1
1
1
1
1
1
1
1
1
1
1
1
1
1
1
1
1
1
1
1
1
1
1
1
1
1
1
1
1
1
1
1
1
1
1
1
1
1
1
1
1
1
1
1
1
1
1
1
1
1
1
1
1
1
1
1
1
1
1
1
1
1
1
1
1
1
1
1
1
1
1
1
1
1
1
1
1
1
1
1
1
1
1
1
1
1
1
1
1
1
1
1
1
1
1
1
1
1
1
1
1
1
1
1
1
1
1
1
1
1
1
1
1
1
1
1
1
1
1
1
1
1
1
1
1
1
1
1
1
1
1
1
1
1
1
1
1
1
1
1
1
1
1
1
1
1
1
1
1
1
1
1
1
1
1
1
1
1
1
1
1
1
1
1
1
1
1
1
1
1
1
1
1
1
1
1
1
1
1
1
1
1
1
1
1
1
1
1
1
1
1
1
1
1
1
1
1
1
1
1
1
1
1
1
1
1
1
1
1
1
1
1
1
1
1
1
1
1
1
1
1
1
1
1
1
1
1
1
1
1
1
1
1
1
1
1
1
1
1
1
1
1
1
1
1
1
1
1
1
1
1
1
1
1
1
1
1
1
1
1
1
1
1
1
1
1
1
1
1
1
1
1
1
1
1
1
1
1
1
1
1
1
1
1
1
1
1
1
1
1
1
1
1
1
1
1
1
1
1
1
1
1
1
1
1
1
1
1
1
1
1
1
1
1
1
1
1
1
1
1
1
1
1
1
1
1
1
1
1
1
1
1
1
1
1
1
1
1
1
1
1
1
1
1
1
1
1
1
1
1
1
1
1
1
1
1
1
1
1
1
1
1
1
1
1
1
1
1
1
1
1
1
1
1
1
1
1
1
1
1
1
1
1
1
1
1
1
1
1
1
1
1
1
1
1
1
1
1
1
1
1
1
1
1
1
1
1
1
1
1
1
1
1
1
1
1
1
1
1
1
1
1
1
1
1
1
1
1
1
1
1
1
1
1
1
1
1
1
1
1
1
1
1
1
1
1
1
1
1
1
1
1
1
1
1
1
1
1
1
1
1
1
1
1
1
1
1
1
1
1
1
1
1
1
1
1
1
1
1
1
1
1
1
1
1
1
1
1
1
1
1
1
1
1
1
1
1
1
1
1
1
1
1
1
1
1
1
1
1
1
1
1
1
1
1
1
1
1
1
1
1
1
1
1
1
1
1
1
1
1
1
1
1
1
1
1
1
1
1
1
1
1
1
1
1
1
1
1
1
1
1
1
1
1
1
1
1
1
1
1
1
1
1
1
1
1
1
1
1
1
1
1
1
1
1
1
1
1
1
1
1
1
1
1
1
1
1
1
1
1
1
1
1
1
1
1
1
1
1
1
1
1
1
1
1
1
1
1
1
1
1
1
1
1
1
1
1
1
1
1
1
1
1
1
1
1
1
1
1
1
1
1
1
1
1
1
1
1
1
1
1
1
1
1
1
1
1
1
1
1
1
1
1
1
1
1
1
1
1
1
1
1
1
1
1
1
1
1
1
1
1
1
1
1
1
1
1
1
1
1
1
1
1
1
1
1
1
1
1
1
1
1
1
1
1
1
1
1
1
1
1
1
1
1
1
1
1
1
1
1
1
1
1
1
1
1
1
1
1
1
1
1
1
1
1
1
1
1
1
1
1
1
1
1
1
1
1
1
1
1
1
1
1
1
1
1
1
1
1
1
1
1
1
1
1
1
1
1
1
1
1
1
1
1
1
1
1
1
1
1
1
1
1
1
1
1
1
1
1
1
1
1
1
1
1
1
1
1
1
1
1
1
1
1
1
1
1
1
1
1
1
1
1
1
1
1
1
1
1
1
1
1
1
1
1
1
1
1
1
1
1
1
1
1
1
1
1
1
1
1
1
1
1
1
1
1
1
1
1
1
1
1
1
1
1
1
1
1
1
1
1
1
1
1
1
1
1
1
1
1
1
1
1
1
1
1
1
1
1
1
1
1
1
1
1
1
1
1
1
1
1
1
1
1
1
1
1
1
1
1
1
1
1
1
1
1
1
1
1
1
1
1
1
1
1
1
1
1
1
1
1
1
1
1
1
1
1
1
1
1
1
1
1
1
1
1
1
1
1
1
1
1
1
1
1
1
1
1
1
1
1
1
1
1
1
1
1
1
1
1
1
1
1
1
1
1
1
1
1
1
1
1
1
1
1
1
1
1
1
1
1
1
1
1
1
1
1
1
1
1
1
1
1
1
1
1
1
1
1
1
1
1
1
1
1
1
1
1
1
1
1
1
1
1
1
1
1
1
1
1
1
1
1
1
1
1
1
1
1
1
1
1
1
1
1
1
1
1
1
1
1
1
1
1
1
1
1
1
1
1
1
1
1
1
1
1
1
1
1
1
1
1
1
1
1
1
1
1
1
1
1
1
1
1
1
1
1
1
1
1
1
1
1
1
1
1
1
1
1
1
1
1
1
1
1
1
1
1
1
1
1
1
1
1
1
1
1
1
1
1
1
1
1
1
1
1
1
1
1
1
1
1
1
1
1
1
1
1
1
1
1
1
1
1
1
1
1
1
1
1
1
1
1
1
1
1
1
1
1
1
1
1
1
1
1
1
1
1
1
1
1
1
1
1
1
1
1
1
1
1
1
1
1
1
1
1
1
1
1
1
1
1
1
1
1
1
1
1
1
1
1
1
1
1
1
1
1
1
1
1
1
1
1
1
1
1
1
1
1
1
1
1
1
1
1
1
1
1
1
1
1
1
1
1
1
1
1
1
1
1
1
1
1
1
1
1
1
1
1
1
1
1
1
1
1
1
1
1
1
1
1
1
1
1
1
1
1
1
1
1
1
1
1
1
1
1
1
1
1
1
1
1
1
1
1
1
1
1
1
1
1
1
1
1
1
1
1
1
1
1
1
1
1
1
1
1
1
1
1
1
1
1
1
1
1
1
1
1
1
1
1
1
1
1
1
1
1
1
1
1
1
1
1
1
1
1
1
1
1
1
1
1
1
1
1
1
1
1
1
1
1
1
1
1
1
1
1
1
1
1
1
1
1
1
1
1
1
1
1
1
1
1
1
1
1
1
1
1
1
1
1
1
1
1
1
1
1
1
1
1
1
1
1
1
1
1
1
1
1
1
1
1
1
1
1
1
1
1
1
1
1
1
1
1
1
1
1
1
1
1
1
1
1
1
1
1
1
1
1
1
1
1
1
1
1
1
1
1
1
1
1
1
1
1
1
1
1
1
1
1
1
1
1
1
1
1
1
1
1
1
1
1
1
1
1
1
1
1
1
1
1
1
1
1
1
1
1
1
1
1
1
1
1
1
1
1
1
1
1
1
1
1
1
1
1
1
1
1
1
1
1
1
1
1
1
1
1
1
1
1
1
1
1
1
1
1
1
1
1
1
1
1
1
1
1
1
1
1
1
1
1
1
1
1
1
1
1
1
1
1
1
1
1
1
1
1
1
1
1
1
1
1
1
1
1
1
1
1
1
1
1
1
1
1
1
1
1
1
1
1
1
1
1
1
1
1
1
1
1
1
1
1
1
1
1
1
1
1
1
1
1
1
1
1
1
1
1
1
1
1
1
1
1
1
1
1
1
1
1
1
1
1
1
1
1
1
1
1
1
1
1
1
1
1
1
1
1
1
1
1
1
1
1
1
1
1
1
1
1
1
1
1
1
1
1
1
1
1
1
1
1
1
1
1
1
1
1
1
1
1
1
1
1
1
1
1
1
1
1
1
1
1
1
1
1
1
1
1
1
1
1
1
1
1
1
1
1
1
1
1
1
1
1
1
1
1
1
1
1
1
1
1
1
1
1
1
1
1
1
1
1
1
1
1
1
1
1
1
1
1
1
1
1
1
1
1
1
1
1
1
1
1
1
1
1
1
1
1
1
1
1
1
1
1
1
1
1
1
1
1
1
1
1
1
1
1
1
1
1
1
1
1
1
1
1
1
1
1
1
1
1
1
1
1
1
1
1
1
1
1
1
1
1
1
1
1
1
1
1
1
1
1
1
1
1
1
1
1
1
1
1
1
1
1
1
1
1
1
1
1
1
1
1
1
1
1
1
1
1
1
1
1
1
1
1
1
1
1
1
1
1
1
1
1
1
1
1
1
1
1
1
1
1
1
1
1
1
1
1
1
1
1
1
1
1
1
1
1
1
1
1
1
1
1
1
1
1
1
1
1
1
1
1
1
1
1
1
1
1
1
1
1
1
1
1
1
1
1
1
1
1
1
1
1
1
1
1
1
1
1
1
1
1
1
1
1
1
1
1
1
1
1
1
1
1
1
1
1
1
1
1
1
1
1
1
1
1
1
1
1
1
1
1
1
1
1
1
1
1
1
1
1
1
1
1
1
1
1
1
1
1
1
1
1
1
1
1
1
1
1
1
1
1
1
1
1
1
1
1
1
1
1
1
1
1
1
1
1
1
1
1
1
1
1
1
1
1
1
1
1
1
1
1
1
1
1
1
1
1
1
1
1
1
1
1
1
1
1
1
1
1
1
1
1
1
1
1
1
1
1
1
1
1
1
1
1
1
1
1
1
1
1
1
1
1
1
1
1
1
1
1
1
1
1
1
1
1
1
1
1
1
1
1
1
1
1
1
1
1
1
1
1
1
1
1
1
1
1
1
1
1
1
1
1
1
1
1
1
1
1
1
1
1
1
1
1
1
1
1
1
1
1
1
1
1
1
1
1
1
1
1
1
1
1
1
1
1
1
1
1
1
1
1
1
1
1
1
1
1
1
1
1
1
1
1
1
1
1
1
1
1
1
1
1
1
1
1
1
1
1
1
1
1
1
1
1
1
1
1
1
1
1
1
1
1
1
1
1
1
1
1
1
1
1
1
1
1
1
1
1
1
1
1
1
1
1
1
1
1
1
1
1
1
1
1
1
1
1
1
1
1
1
1
1
1
1
1
1
1
1
1
1
1
1
1
1
1
1
1
1
1
1
1
1
1
1
1
1
1
1
1
1
1
1
1
1
1
1
1
1
1
1
1
1
1
1
1
1
1
1
1
1
1
1
1
1
1
1
1
1
1
1
1
1
1
1
1
1
1
1
1
1
1
1
1
1
1
1
1
1
1
1
1
1
1
1
1
1
1
1
1
1
1
1
1
1
1
1
1
1
1
1
1
1
1
1
1
1
1
1
1
1
1
1
1
1
1
1
1
1
1
1
1
1
1
1
1
1
1
1
1
1
1
1
1
1
1
1
1
1
1
1
1
1
1
1
1
1
1
1
1
1
1
1
1
1
1
1
1
1
1
1
1
1
1
1
1
1
1
1
1
1
1
1
1
1
1
1
1
1
1
1
1
1
1
1
1
1
1
1
1
1
1
1
1
1
1
1
1
1
1
1
1
1
1
1
1
1
1
1
1
1
1
1
1
1
1
1
1
1
1
1
1
1
1
1
1
1
1
1
1
1
1
1
1
1
1
1
1
1
1
1
1
1
1
1
1
1
1
1
1
1
1
1
1
1
1
1
1
1
1
1
1
1
1
1
1
1
1
1
1
1
1
1
1
1
1
1
1
1
1
1
1
1
1
1
1
1
1
1
1
1
1
1
1
1
1
1
1
1
1
1
1
1
1
1
1
1
1
1
1
1
1
1
1
1
1
1
1
1
1
1
1
1
1
1
1
1
1
1
1
1
1
1
1
1
1
1
1
1
1
1
1
1
1
1
1
1
1
1
1
1
1
1
1
1
1
1
1
1
1
1
1
1
1
1
1
1
1
1
1
1
1
1
1
1
1
1
1
1
1
1
1
1
1
1
1
1
1
1
1
1
1
1
1
1
1
1
1
1
1
1
1
1
1
1
1
1
1
1
1
1
1
1
1
1
1
1
1
1
1
1
1
1
1
1
1
1
1
1
1
1
1
1
1
1
1
1
1
1
1
1
1
1
1
1
1
1
1
1
1
1
1
1
1
1
1
1
1
1
1
1
1
1
1
1
1
1
1
1
1
1
1
1
1
1
1
1
1
1
1
1
1
1
1
1
1
1
1
1
1
1
1
1
1
1
1
1
1
1
1
1
1
1
1
1
1
1
1
1
1
1
1
1
1
1
1
1
1
1
1
1
1
1
1
1
1
1
1
1
1
1
1
1
1
1
1
1
1
1
1
1
1
1
1
1
1
1
1
1
1
1
1
1
1
1
1
1
1
1
1
1
1
1
1
1
1
1
1
1
1
1
1
1
1
1
1
1
1
1
1
1
1
1
1
1
1
1
1
1
1
1
1
1
1
1
1
1
1
1
1
1
1
1
1
1
1
1
1
1
1
1
1
1
1
1
1
1
1
1
1
1
1
1
1
1
1
1
1
1
1
1
1
1
1
1
1
1
1
1
1
1
1
1
1
1
1
1
1
1
1
1
1
1
1
1
1
1
1
1
1
1
1
1
1
1
1
1
1
1
1
1
1
1
1
1
1
1
1
1
1
1
1
1
1
1
1
1
1
1
1
1
1
1
1
1
1
1
1
1
1
1
1
1
1
1
1
1
1
1
1
1
1
1
1
1
1
1
1
1
1
1
1
1
1
1
1
1
1
1
1
1
1
1
1
1
1
1
1
1
1
1
1
1
1
1
1
1
1
1
1
1
1
1
1
1
1
1
1
1
1
1
1
1
1
1
1
1
1
1
1
1
1
1
1
1
1
1
1
1
1
1
1
1
1
1
1
1
1
1
1
1
1
1
1
1
1
1
1
1
1
1
1
1
1
1
1
1
1
1
1
1
1
1
1
1
1
1
1
1
1
1
1
1
1
1
1
1
1
1
1
1
1
1
1
1
1
1
1
1
1
1
1
1
1
1
1
1
1
1
1
1
1
1
1
1
1
1
1
1
1
1
1
1
1
1
1
1
1
1
1
1
1
1
1
1
1
1
1
1
1
1
1
1
1
1
1
1
1
1
1
1
1
1
1
1
1
1
1
1
1
1
1
1
1
1
1
1
1
1
1
1
1
1
1
1
1
1
1
1
1
1
1
1
1
1
1
1
1
1
1
1
1
1
1
1
1
1
1
1
1
1
1
1
1
1
1
1
1
1
1
1
1
1
1
1
1
1
1
1
1
1
1
1
1
1
1
1
1
1
1
1
1
1
1
1
1
1
1
1
1
1
1
1
1
1
1
1
1
1
1
1
1
1
1
1
1
1
1
1
1
1
1
1
1
1
1
1
1
1
1
1
1
1
1
1
1
1
1
1
1
1
1
1
1
1
1
1
1
1
1
1
1
1
1
1
1
1
1
1
1
1
1
1
1
1
1
1
1
1
1
1
1
1
1
1
1
1
1
1
1
1
1
1
1
1
1
1
1
1
1
1
1
1
1
1
1
1
1
1
1
1
1
1
1
1
1
1
1
1
1
1
1
1
1
1
1
1
1
1
1
1
1
1
1
1
1
1
1
1
1
1
1
1
1
1
1
1
1
1
1
1
1
1
1
1
1
1
1
1
1
1
1
1
1
1
1
1
1
1
1
1
1
1
1
1
1
1
1
1
1
1
1
1
1
1
1
1
1
1
1
1
1
1
1
1
1
1
1
1
1
1
1
1
1
1
1
1
1
1
1
1
1
1
1
1
1
1
1
1
1
1
1
1
1
1
1
1
1
1
1
1
1
1
1
1
1
1
1
1
1
1
1
1
1
1
1
1
1
1
1
1
1
1
1
1
1
1
1
1
1
1
1
1
1
1
1
1
1
1
1
1
1
1
1
1
1
1
1
1
1
1
1
1
1
1
1
1
1
1
1
1
1
1
1
1
1
1
1
1
1
1
1
1
1
1
1
1
1
1
1
1
1
1
1
1
1
1
1
1
1
1
1
1
1
1
1
1
1
1
1
1
1
1
1
1
1
1
1
1
1
1
1
1
1
1
1
1
1
1
1
1
1
1
1
1
1
1
1
1
1
1
1
1
1
1
1
1
1
1
1
1
1
1
1
1
1
1
1
1
1
1
1
1
1
1
1
1
1
1
1
1
1
1
1
1
1
1
1
1
1
1
1
1
1
1
1
1
1
1
1
1
1
1
1
1
1
1
1
1
1
1
1
1
1
1
1
1
1
1
1
1
1
1
1
1
1
1
1
1
1
1
1
1
1
1
1
1
1
1
1
1
1
1
1
1
1
1
1
1
1
1
1
1
1
1
1
1
1
1
1
1
1
1
1
1
1
1
1
1
1
1
1
1
1
1
1
1
1
1
1
1
1
1
1
1
1
1
1
1
1
1
1
1
1
1
1
1
1
1
1
1
1
1
1
1
1
1
1
1
1
1
1
1
1
1
1
1
1
1
1
1
1
1
1
1
1
1
1
1
1
1
1
1
1
1
1
1
1
1
1
1
1
1
1
1
1
1
1
1
1
1
1
1
1
1
1
1
1
1
1
1
1
1
1
1
1
1
1
1
1
1
1
1
1
1
1
1
1
1
1
1
1
1
1
1
1
1
1
1
1
1
1
1
1
1
1
1
1
1
1
1
1
1
1
1
1
1
1
1
1
1
1
1
1
1
1
1
1
1
1
1
1
1
1
1
1
1
1
1
1
1
1
1
1
1
1
1
1
1
1
1
1
1
1
1
1
1
1
1
1
1
1
1
1
1
1
1
1
1
1
1
1
1
1
1
1
1
1
1
1
1
1
1
1
1
1
1
1
1
1
1
1
1
1
1
1
1
1
1
1
1
1
1
1
1
1
1
1
1
1
1
1
1
1
1
1
1
1
1
1
1
1
1
1
1
1
1
1
1
1
1
1
1
1
1
1
1
1
1
1
1
1
1
1
1
1
1
1
1
1
1
1
1
1
1
1
1
1
1
1
1
1
1
1
1
1
1
1
1
1
1
1
1
1
1
1
1
1
1
1
1
1
1
1
1
1
1
1
1
1
1
1
1
1
1
1
1
1
1
1
1
1
1
1
1
1
1
1
1
1
1
1
1
1
1
1
1
1
1
1
1
1
1
1
1
1
1
1
1
1
1
1
1
1
1
1
1
1
1
1
1
1
1
1
1
1
1
1
1
1
1
1
1
1
1
1
1
1
1
1
1
1
1
1
1
1
1
1
1
1
1
1
1
1
1
1
1
1
1
1
1
1
1
1
1
1
1
1
1
1
1
1
1
1
1
1
1
1
1
1
1
1
1
1
1
1
1
1
1
1
1
1
1
1
1
1
1
1
1
1
1
1
1
1
1
1
1
1
1
1
1
1
1
1
1
1
1
1
1
1
1
1
1
1
1
1
1
1
1
1
1
1
1
1
1
1
1
1
1
1
1
1
1
1
1
1
1
1
1
1
1
1
1
1
1
1
1
1
1
1
1
1
1
1
1
1
1
1
1
1
1
1
1
1
1
1
1
1
1
1
1
1
1
1
1
1
1
1
1
1
1
1
1
1
1
1
1
1
1
1
1
1
1
1
1
1
1
1
1
1
1
1
1
1
1
1
1
1
1
1
1
1
1
1
1
1
1
1
1
1
1
1
1
1
1
1
1
1
1
1
1
1
1
1
1
1
1
1
1
1
1
1
1
1
1
1
1
1
1
1
1
1
1
1
1
1
1
1
1
1
1
1
1
1
1
1
1
1
1
1
1
1
1
1
1
1
1
1
1
1
1
1
1
1
1
1
1
1
1
1
1
1
1
1
1
1
1
1
1
1
1
1
1
1
1
1
1
1
1
1
1
1
1
1
1
1
1
1
1
1
1
1
1
1
1
1
1
1
1
1
1
1
1
1
1
1
1
1
1
1
1
1
1
1
1
1
1
1
1
1
1
1
1
1
1
1
1
1
1
1
1
1
1
1
1
1
1
1
1
1
1
1
1
1
1
1
1
1
1
1
1
1
1
1
1
1
1
1
1
1
1
1
1
1
1
1
1
1
1
1
1
1
1
1
1
1
1
1
1
1
1
1
1
1
1
1
1
1
1
1
1
1
1
1
1
1
1
1
1
1
1
1
1
1
1
1
1
1
1
1
1
1
1
1
1
1
1
1
1
1
1
1
1
1
1
1
1
1
1
1
1
1
1
1
1
1
1
1
1
1
1
1
1
1
1
1
1
1
1
1
1
1
1
1
1
1
1
1
1
1
1
1
1
1
1
1
1
1
1
1
1
1
1
1
1
1
1
1
1
1
1
1
1
1
1
1
1
1
1
1
1
1
1
1
1
1
1
1
1
1
1
1
1
1
1
1
1
1
1
1
1
1
1
1
1
1
1
1
1
1
1
1
1
1
1
1
1
1
1
1
1
1
1
1
1
1
1
1
1
1
1
1
1
1
1
1
1
1
1
1
1
1
1
1
1
1
1
1
1
1
1
1
1
1
1
1
1
1
1
1
1
1
1
1
1
1
1
1
1
1
1
1
1
1
1
1
1
1
1
1
1
1
1
1
1
1
1
1
1
1
1
1
1
1
1
1
1
1
1
1
1
1
1
1
1
1
1
1
1
1
1
1
1
1
1
1
1
1
1
1
1
1
1
1
1
1
1
1
1
1
1
1
1
1
1
1
1
1
1
1
1
1
1
1
1
1
1
1
1
1
1
1
1
1
1
1
1
1
1
1
1
1
1
1
1
1
1
1
1
1
1
1
1
1
1
1
1
1
1
1
1
1
1
1
1
1
1
1
1
1
1
1
1
1
1
1
1
1
1
1
1
1
1
1
1
1
1
1
1
1
1
1
1
1
1
1
1
1
1
1
1
1
1
1
1
1
1
1
1
1
1
1
1
1
1
1
1
1
1
1
1
1
1
1
1
1
1
1
1
1
1
1
1
1
1
1
1
1
1
1
1
1
1
1
1
1
1
1
1
1
1
1
1
1
1
1
1
1
1
1
1
1
1
1
1
1
1
1
1
1
1
1
1
1
1
1
1
1
1
1
1
1
1
1
1
1
1
1
1
1
1
1
1
1
1
1
1
1
1
1
1
1
1
1
1
1
1
1
1
1
1
1
1
1
1
1
1
1
1
1
1
1
1
1
1
1
1
1
1
1
1
1
1
1
1
1
1
1
1
1
1
1
1
1
1
1
1
1
1
1
1
1
1
1
1
1
1
1
1
1
1
1
1
1
1
1
1
1
1
1
1
1
1
1
1
1
1
1
1
1
1
1
1
1
1
1
1
1
1
1
1
1
1
1
1
1
1
1
1
1
1
1
1
1
1
1
1
1
1
1
1
1
1
1
1
1
1
1
1
1
1
1
1
1
1
1
1
1
1
1
1
1
1
1
1
1
1
1
1
1
1
1
1
1
1
1
1
1
1
1
1
1
1
1
1
1
1
1
1
1
1
1
1
1
1
1
1
1
1
1
1
1
1
1
1
1
1
1
1
1
1
1
1
1
1
1
1
1
1
1
1
1
1
1
1
1
1
1
1
1
1
1
1
1
1
1
1
1
1
1
1
1
1
1
1
1
1
1
1
1
1
1
1
1
1
1
1
1
1
1
1
1
1
1
1
1
1
1
1
1
1
1
1
1
1
1
1
1
1
1
1
1
1
1
1
1
1
1
1
1
1
1
1
1
1
1
1
1
1
1
1
1
1
1
1
1
1
1
1
1
1
1
1
1
1
1
1
1
1
1
1
1
1
1
1
1
1
1
1
1
1
1
1
1
1
1
1
1
1
1
1
1
1
1
1
1
1
1
1
1
1
1
1
1
1
1
1
1
1
1
1
1
1
1
1
1
1
1
1
1
1
1
1
1
1
1
1
1
1
1
1
1
1
1
1
1
1
1
1
1
1
1
1
1
1
1
1
1
1
1
1
1
1
1
1
1
1
1
1
1
1
1
1
1
1
1
1
1
1
1
1
1
1
1
1
1
1
1
1
1
1
1
1
1
1
1
1
1
1
1
1
1
1
1
1
1
1
1
1
1
1
1
1
1
1
1
1
1
1
1
1
1
1
1
1
1
1
1
1
1
1
1
1
1
1
1
1
1
1
1
1
1
1
1
1
1
1
1
1
1
1
1
1
1
1
1
1
1
1
1
1
1
1
1
1
1
1
1
1
1
1
1
1
1
1
1
1
1
1
1
1
1
1
1
1
1
1
1
1
1
1
1
1
1
1
1
1
1
1
1
1
1
1
1
1
1
1
1
1
1
1
1
1
1
1
1
1
1
1
1
1
1
1
1
1
1
1
1
1
1
1
1
1
1
1
1
1
1
1
1
1
1
1
1
1
1
1
1
1
1
1
1
1
1
1
1
1
1
1
1
1
1
1
1
1
1
1
1
1
1
1
1
1
1
1
1
1
1
1
1
1
1
1
1
1
1
1
1
1
1
1
1
1
1
1
1
1
1
1
1
1
1
1
1
1
1
1
1
1
1
1
1
1
1
1
1
1
1
1
1
1
1
1
1
1
1
1
1
1
1
1
1
1
1
1
1
1
1
1
1
1
1
1
1
1
1
1
1
1
1
1
1
1
1
1
1
1
1
1
1
1
1
1
1
1
1
1
1
1
1
1
1
1
1
1
1
1
1
1
1
1
1
1
1
1
1
1
1
1
1
1
1
1
1
1
1
1
1
1
1
1
1
1
1
1
1
1
1
1
1
1
1
1
1
1
1
1
1
1
1
1
1
1
1
1
1
1
1
1
1
1
1
1
1
1
1
1
1
1
1
1
1
1
1
1
1
1
1
1
1
1
1
1
1
1
1
1
1
1
1
1
1
1
1
1
1
1
1
1
1
1
1
1
1
1
1
1
1
1
1
1
1
1
1
1
1
1
1
1
1
1
1
1
1
1
1
1
1
1
1
1
1
1
1
1
1
1
1
1
1
1
1
1
1
1
1
1
1
1
1
1
1
1
1
1
1
1
1
1
1
1
1
1
1
1
1
1
1
1
1
1
1
1
1
1
1
1
1
1
1
1
1
1
1
1
1
1
1
1
1
1
1
1
1
1
1
1
1
1
1
1
1
1
1
1
1
1
1
1
1
1
1
1
1
1
1
1
1
1
1
1
1
1
1
1
1
1
1
1
1
1
1
1
1
1
1
1
1
1
1
1
1
1
1
1
1
1
1
1
1
1
1
1
1
1
1
1
1
1
1
1
1
1
1
1
1
1
1
1
1
1
1
1
1
1
1
1
1
1
1
1
1
1
1
1
1
1
1
1
1
1
1
1
1
1
1
1
1
1
1
1
1
1
1
1
1
1
1
1
1
1
1
1
1
1
1
1
1
1
1
1
1
1
1
1
1
1
1
1
1
1
1
1
1
1
1
1
1
1
1
1
1
1
1
1
1
1
1
1
1
1
1
1
1
1
1
1
1
1
1
1
1
1
1
1
1
1
1
1
1
1
1
1
1
1
1
1
1
1
1
1
1
1
1
1
1
1
1
1
1
1
1
1
1
1
1
1
1
1
1
1
1
1
1
1
1
1
1
1
1
1
1
1
1
1
1
1
1
1
1
1
1
1
1
1
1
1
1
1
1
1
1
1
1
1
1
1
1
1
1
1
1
1
1
1
1
1
1
1
1
1
1
1
1
1
1
1
1
1
1
1
1
1
1
1
1
1
1
1
1
1
1
1
1
1
1
1
1
1
1
1
1
1
1
1
1
1
1
1
1
1
1
1
1
1
1
1
1
1
1
1
1
1
1
1
1
1
1
1
1
1
1
1
1
1
1
1
1
1
1
1
1
1
1
1
1
1
1
1
1
1
1
1
1
1
1
1
1
1
1
1
1
1
1
1
1
1
1
1
1
1
1
1
1
1
1
1
1
1
1
1
1
1
1
1
1
1
1
1
1
1
1
1
1
1
1
1
1
1
1
1
1
1
1
1
1
1
1
1
1
1
1
1
1
1
1
1
1
1
1
1
1
1
1
1
1
1
1
1
1
1
1
1
1
1
1
1
1
1
1
1
1
1
1
1
1
1
1
1
1
1
1
1
1
1
1
1
1
1
1
1
1
1
1
1
1
1
1
1
1
1
1
1
1
1
1
1
1
1
1
1
1
1
1
1
1
1
1
1
1
1
1
1
1
1
1
1
1
1
1
1
1
1
1
1
1
1
1
1
1
1
1
1
1
1
1
1
1
1
1
1
1
1
1
1
1
1
1
1
1
1
1
1
1
1
1
1
1
1
1
1
1
1
1
1
1
1
1
1
1
1
1
1
1
1
1
1
1
1
1
1
1
1
1
1
1
1
1
1
1
1
1
1
1
1
1
1
1
1
1
1
1
1
1
1
1
1
1
1
1
1
1
1
1
1
1
1
1
1
1
1
1
1
1
1
1
1
1
1
1
1
1
1
1
1
1
1
1
1
1
1
1
1
1
1
1
1
1
1
1
1
1
1
1
1
1
1
1
1
1
1
1
1
1
1
1
1
1
1
1
1
1
1
1
1
1
1
1
1
1
1
1
1
1
1
1
1
1
1
1
1
1
1
1
1
1
1
1
1
1
1
1
1
1
1
1
1
1
1
1
1
1
1
1
1
1
1
1
1
1
1
1
1
1
1
1
1
1
1
1
1
1
1
1
1
1
1
1
1
1
1
1
1
1
1
1
1
1
1
1
1
1
1
1
1
1
1
1
1
1
1
1
1
1
1
1
1
1
1
1
1
1
1
1
1
1
1
1
1
1
1
1
1
1
1
1
1
1
1
1
1
1
1
1
1
1
1
1
1
1
1
1
1
1
1
1
1
1
1
1
1
1
1
1
1
1
1
1
1
1
1
1
1
1
1
1
1
1
1
1
1
1
1
1
1
1
1
1
1
1
1
1
1
1
1
1
1
1
1
1
1
1
1
1
1
1
1
1
1
1
1
1
1
1
1
1
1
1
1
1
1
1
1
1
1
1
1
1
1
1
1
1
1
1
1
1
1
1
1
1
1
1
1
1
1
1
1
1
1
1
1
1
1
1
1
1
1
1
1
1
1
1
1
1
1
1
1
1
1
1
1
1
1
1
1
1
1
1
1
1
1
1
1
1
1
1
1
1
1
1
1
1
1
1
1
1
1
1
1
1
1
1
1
1
1
1
1
1
1
1
1
1
1
1
1
1
1
1
1
1
1
1
1
1
1
1
1
1
1
1
1
1
1
1
1
1
1
1
1
1
1
1
1
1
1
1
1
1
1
1
1
1
1
1
1
1
1
1
1
1
1
1
1
1
1
1
1
1
1
1
1
1
1
1
1
1
1
1
1
1
1
1
1
1
1
1
1
1
1
1
1
1
1
1
1
1
1
1
1
1
1
1
1
1
1
1
1
1
1
1
1
1
1
1
1
1
1
1
1
1
1
1
1
1
1
1
1
1
1
1
1
1
1
1
1
1
1
1
1
1
1
1
1
1
1
1
1
1
1
1
1
1
1
1
1
1
1
1
1
1
1
1
1
1
1
1
1
1
1
1
1
1
1
1
1
1
1
1
1
1
1
1
1
1
1
1
1
1
1
1
1
1
1
1
1
1
1
1
1
1
1
1
1
1
1
1
1
1
1
1
1
1
1
1
1
1
1
1
1
1
1
1
1
1
1
1
1
1
1
1
1
1
1
1
1
1
1
1
1
1
1
1
1
1
1
1
1
1
1
1
1
1
1
1
1
1
1
1
1
1
1
1
1
1
1
1
1
1
1
1
1
1
1
1
1
1
1
1
1
1
1
1
1
1
1
1
1
1
1
1
1
1
1
1
1
1
1
1
1
1
1
1
1
1
1
1
1
1
1
1
1
1
1
1
1
1
1
1
1
1
1
1
1
1
1
1
1
1
1
1
1
1
1
1
1
1
1
1
1
1
1
1
1
1
1
1
1
1
1
1
1
1
1
1
1
1
1
1
1
1
1
1
1
1
1
1
1
1
1
1
1
1
1
1
1
1
1
1
1
1
1
1
1
1
1
1
1
1
1
1
1
1
1
1
1
1
1
1
1
1
1
1
1
1
1
1
1
1
1
1
1
1
1
1
1
1
1
1
1
1
1
1
1
1
1
1
1
1
1
1
1
1
1
1
1
1
1
1
1
1
1
1
1
1
1
1
1
1
1
1
1
1
1
1
1
1
1
1
1
1
1
1
1
1
1
1
1
1
1
1
1
1
1
1
1
1
1
1
1
1
1
1
1
1
1
1
1
1
1
1
1
1
1
1
1
1
1
1
1
1
1
1
1
1
1
1
1
1
1
1
1
1
1
1
1
1
1
1
1
1
1
1
1
1
1
1
1
1
1
1
1
1
1
1
1
1
1
1
1
1
1
1
1
1
1
1
1
1
1
1
1
1
1
1
1
1
1
1
1
1
1
1
1
1
1
1
1
1
1
1
1
1
1
1
1
1
1
1
1
1
1
1
1
1
1
1
1
1
1
1
1
1
1
1
1
1
1
1
1
1
1
1
1
1
1
1
1
1
1
1
1
1
1
1
1
1
1
1
1
1
1
1
1
1
1
1
1
1
1
1
1
1
1
1
1
1
1
1
1
1
1
1
1
1
1
1
1
1
1
1
1
1
1
1
1
1
1
1
1
1
1
1
1
1
1
1
1
1
1
1
1
1
1
1
1
1
1
1
1
1
1
1
1
1
1
1
1
1
1
1
1
1
1
1
1
1
1
1
1
1
1
1
1
1
1
1
1
1
1
1
1
1
1
1
1
1
1
1
1
1
1
1
1
1
1
1
1
1
1
1
1
1
1
1
1
1
1
1
1
1
1
1
1
1
1
1
1
1
1
1
1
1
1
1
1
1
1
1
1
1
1
1
1
1
1
1
1
1
1
1
1
1
1
1
1
1
1
1
1
1
1
1
1
1
1
1
1
1
1
1
1
1
1
1
1
1
1
1
1
1
1
1
1
1
1
1
1
1
1
1
1
1
1
1
1
1
1
1
1
1
1
1
1
1
1
1
1
1
1
1
1
1
1
1
1
1
1
1
1
1
1
1
1
1
1
1
1
1
1
1
1
1
1
1
1
1
1
1
1
1
1
1
1
1
1
1
1
1
1
1
1
1
1
1
1
1
1
1
1
1
1
1
1
1
1
1
1
1
1
1
1
1
1
1
1
1
1
1
1
1
1
1
1
1
1
1
1
1
1
1
1
1
1
1
1
1
1
1
1
1
1
1
1
1
1
1
1
1
1
1
1
1
1
1
1
1
1
1
1
1
1
1
1
1
1
1
1
1
1
1
1
1
1
1
1
1
1
1
1
1
1
1
1
1
1
1
1
1
1
1
1
1
1
1
1
1
1
1
1
1
1
1
1
1
1
1
1
1
1
1
1
1
1
1
1
1
1
1
1
1
1
1
1
1
1
1
1
1
1
1
1
1
1
1
1
1
1
1
1
1
1
1
1
1
1
1
1
1
1
1
1
1
1
1
1
1
1
1
1
1
1
1
1
1
1
1
1
1
1
1
1
1
1
1
1
1
1
1
1
1
1
1
1
1
1
1
1
1
1
1
1
1
1
1
1
1
1
1
1
1
1
1
1
1
1
1
1
1
1
1
1
1
1
1
1
1
1
1
1
1
1
1
1
1
1
1
1
1
1
1
1
1
1
1
1
1
1
1
1
1
1
1
1
1
1
1
1
1
1
1
1
1
1
1
1
1
1
1
1
1
1
1
1
1
1
1
1
1
1
1
1
1
1
1
1
1
1
1
1
1
1
1
1
1
1
1
1
1
1
1
1
1
1
1
1
1
1
1
1
1
1
1
1
1
1
1
1
1
1
1
1
1
1
1
1
1
1
1
1
1
1
1
1
1
1
1
1
1
1
1
1
1
1
1
1
1
1
1
1
1
1
1
1
1
1
1
1
1
1
1
1
1
1
1
1
1
1
1
1
1
1
1
1
1
1
1
1
1
1
1
1
1
1
1
1
1
1
1
1
1
1
1
1
1
1
1
1
1
1
1
1
1
1
1
1
1
1
1
1
1
1
1
1
1
1
1
1
1
1
1
1
1
1
1
1
1
1
1
1
1
1
1
1
1
1
1
1
1
1
1
1
1
1
1
1
1
1
1
1
1
1
1
1
1
1
1
1
1
1
1
1
1
1
1
1
1
1
1
1
1
1
1
1
1
1
1
1
1
1
1
1
1
1
1
1
1
1
1
1
1
1
1
1
1
1
1
1
1
1
1
1
1
1
1
1
1
1
1
1
1
1
1
1
1
1
1
1
1
1
1
1
1
1
1
1
1
1
1
1
1
1
1
1
1
1
1
1
1
1
1
1
1
1
1
1
1
1
1
1
1
1
1
1
1
1
1
1
1
1
1
1
1
1
1
1
1
1
1
1
1
1
1
1
1
1
1
1
1
1
1
1
1
1
1
1
1
1
1
1
1
1
1
1
1
1
1
1
1
1
1
1
1
1
1
1
1
1
1
1
1
1
1
1
1
1
1
1
1
1
1
1
1
1
1
1
1
1
1
1
1
1
1
1
1
1
1
1
1
1
1
1
1
1
1
1
1
1
1
1
1
1
1
1
1
1
1
1
1
1
1
1
1
1
1
1
1
1
1
1
1
1
1
1
1
1
1
1
1
1
1
1
1
1
1
1
1
1
1
1
1
1
1
1
1
1
1
1
1
1
1
1
1
1
1
1
1
1
1
1
1
1
1
1
1
1
1
1
1
1
1
1
1
1
1
1
1
1
1
1
1
1
1
1
1
1
1
1
1
1
1
1
1
1
1
1
1
1
1
1
1
1
1
1
1
1
1
1
1
1
1
1
1
1
1
1
1
1
1
1
1
1
1
1
1
1
1
1
1
1
1
1
1
1
1
1
1
1
1
1
1
1
1
1
1
1
1
1
1
1
1
1
1
1
1
1
1
1
1
1
1
1
1
1
1
1
1
1
1
1
1
1
1
1
1
1
1
1
1
1
1
1
1
1
1
1
1
1
1
1
1
1
1
1
1
1
1
1
1
1
1
1
1
1
1
1
1
1
1
1
1
1
1
1
1
1
1
1
1
1
1
1
1
1
1
1
1
1
1
1
1
1
1
1
1
1
1
1
1
1
1
1
1
1
1
1
1
1
1
1
1
1
1
1
1
1
1
1
1
1
1
1
1
1
1
1
1
1
1
1
1
1
1
1
1
1
1
1
1
1
1
1
1
1
1
1
1
1
1
1
1
1
1
1
1
1
1
1
1
1
1
1
1
1
1
1
1
1
1
1
1
1
1
1
1
1
1
1
1
1
1
1
1
1
1
1
1
1
1
1
1
1
1
1
1
1
1
1
1
1
1
1
1
1
1
1
1
1
1
1
1
1
1
1
1
1
1
1
1
1
1
1
1
1
1
1
1
1
1
1
1
1
1
1
1
1
1
1
1
1
1
1
1
1
1
1
1
1
1
1
1
1
1
1
1
1
1
1
1
1
1
1
1
1
1
1
1
1
1
1
1
1
1
1
1
1
1
1
1
1
1
1
1
1
1
1
1
1
1
1
1
1
1
1
1
1
1
1
1
1
1
1
1
1
1
1
1
1
1
1
1
1
1
1
1
1
1
1
1
1
1
1
1
1
1
1
1
1
1
1
1
1
1
1
1
1
1
1
1
1
1
1
1
1
1
1
1
1
1
1
1
1
1
1
1
1
1
1
1
1
1
1
1
1
1
1
1
1
1
1
1
1
1
1
1
1
1
1
1
1
1
1
1
1
1
1
1
1
1
1
1
1
1
1
1
1
1
1
1
1
1
1
1
1
1
1
1
1
1
1
1
1
1
1
1
1
1
1
1
1
1
1
1
1
1
1
1
1
1
1
1
1
1
1
1
1
1
1
1
1
1
1
1
1
1
1
1
1
1
1
1
1
1
1
1
1
1
1
1
1
1
1
1
1
1
1
1
1
1
1
1
1
1
1
1
1
1
1
1
1
1
1
1
1
1
1
1
1
1
1
1
1
1
1
1
1
1
1
1
1
1
1
1
1
1
1
1
1
1
1
1
1
1
1
1
1
1
1
1
1
1
1
1
1
1
1
1
1
1
1
1
1
1
1
1
1
1
1
1
1
1
1
1
1
1
1
1
1
1
1
1
1
1
1
1
1
1
1
1
1
1
1
1
1
1
1
1
1
1
1
1
1
1
1
1
1
1
1
1
1
1
1
1
1
1
1
1
1
1
1
1
1
1
1
1
1
1
1
1
1
1
1
1
1
1
1
1
1
1
1
1
1
1
1
1
1
1
1
1
1
1
1
1
1
1
1
1
1
1
1
1
1
1
1
1
1
1
1
1
1
1
1
1
1
1
1
1
1
1
1
1
1
1
1
1
1
1
1
1
1
1
1
1
1
1
1
1
1
1
1
1
1
1
1
1
1
1
1
1
1
1
1
1
1
1
1
1
1
1
1
1
1
1
1
1
1
1
1
1
1
1
1
1
1
1
1
1
1
1
1
1
1
1
1
1
1
1
1
1
1
1
1
1
1
1
1
1
1
1
1
1
1
1
1
1
1
1
1
1
1
1
1
1
1
1
1
1
1
1
1
1
1
1
1
1
1
1
1
1
1
1
1
1
1
1
1
1
1
1
1
1
1
1
1
1
1
1
1
1
1
1
1
1
1
1
1
1
1
1
1
1
1
1
1
1
1
1
1
1
1
1
1
1
1
1
1
1
1
1
1
1
1
1
1
1
1
1
1
1
1
1
1
1
1
1
1
1
1
1
1
1
1
1
1
1
1
1
1
1
1
1
1
1
1
1
1
1
1
1
1
1
1
1
1
1
1
1
1
1
1
1
1
1
1
1
1
1
1
1
1
1
1
1
1
1
1
1
1
1
1
1
1
1
1
1
1
1
1
1
1
1
1
1
1
1
1
1
1
1
1
1
1
1
1
1
1
1
1
1
1
1
1
1
1
1
1
1
1
1
1
1
1
1
1
1
1
1
1
1
1
1
1
1
1
1
1
1
1
1
1
1
1
1
1
1
1
1
1
1
1
1
1
1
1
1
1
1
1
1
1
1
1
1
1
1
1
1
1
1
1
1
1
1
1
1
1
1
1
1
1
1
1
1
1
1
1
1
1
1
1
1
1
1
1
1
1
1
1
1
1
1
1
1
1
1
1
1
1
1
1
1
1
1
1
1
1
1
1
1
1
1
1
1
1
1
1
1
1
1
1
1
1
1
1
1
1
1
1
1
1
1
1
1
1
1
1
1
1
1
1
1
1
1
1
1
1
1
1
1
1
1
1
1
1
1
1
1
1
1
1
1
1
1
1
1
1
1
1
1
1
1
1
1
1
1
1
1
1
1
1
1
1
1
1
1
1
1
1
1
1
1
1
1
1
1
1
1
1
1
1
1
1
1
1
1
1
1
1
1
1
1
1
1
1
1
1
1
1
1
1
1
1
1
1
1
1
1
1
1
1
1
1
1
1
1
1
1
1
1
1
1
1
1
1
1
1
1
1
1
1
1
1
1
1
1
1
1
1
1
1
1
1
1
1
1
1
1
1
1
1
1
1
1
1
1
1
1
1
1
1
1
1
1
1
1
1
1
1
1
1
1
1
1
1
1
1
1
1
1
1
1
1
1
1
1
1
1
1
1
1
1
1
1
1
1
1
1
1
1
1
1
1
1
1
1
1
1
1
1
1
1
1
1
1
1
1
1
1
1
1
1
1
1
1
1
1
1
1
1
1
1
1
1
1
1
1
1
1
1
1
1
1
1
1
1
1
1
1
1
1
1
1
1
1
1
1
1
1
1
1
1
1
1
1
1
1
1
1
1
1
1
1
1
1
1
1
1
1
1
1
1
1
1
1
1
1
1
1
1
1
1
1
1
1
1
1
1
1
1
1
1
1
1
1
1
1
1
1
1
1
1
1
1
1
1
1
1
1
1
1
1
1
1
1
1
1
1
1
1
1
1
1
1
1
1
1
1
1
1
1
1
1
1
1
1
1
1
1
1
1
1
1
1
1
1
1
1
1
1
1
1
1
1
1
1
1
1
1
1
1
1
1
1
1
1
1
1
1
1
1
1
1
1
1
1
1
1
1
1
1
1
1
1
1
1
1
1
1
1
1
1
1
1
1
1
1
1
1
1
1
1
1
1
1
1
1
1
1
1
1
1
1
1
1
1
1
1
1
1
1
1
1
1
1
1
1
1
1
1
1
1
1
1
1
1
1
1
1
1
1
1
1
1
1
1
1
1
1
1
1
1
1
1
1
1
1
1
1
1
1
1
1
1
1
1
1
1
1
1
1
1
1
1
1
1
1
1
1
1
1
1
1
1
1
1
1
1
1
1
1
1
1
1
1
1
1
1
1
1
1
1
1
1
1
1
1
1
1
1
1
1
1
1
1
1
1
1
1
1
1
1
1
1
1
1
1
1
1
1
1
1
1
1
1
1
1
1
1
1
1
1
1
1
1
1
1
1
1
1
1
1
1
1
1
1
1
1
1
1
1
1
1
1
1
1
1
1
1
1
1
1
1
1
1
1
1
1
1
1
1
1
1
1
1
1
1
1
1
1
1
1
1
1
1
1
1
1
1
1
1
1
1
1
1
1
1
1
1
1
1
1
1
1
1
1
1
1
1
1
1
1
1
1
1
1
1
1
1
1
1
1
1
1
1
1
1
1
1
1
1
1
1
1
1
1
1
1
1
1
1
1
1
1
1
1
1
1
1
1
1
1
1
1
1
1
1
1
1
1
1
1
1
1
1
1
1
1
1
1
1
1
1
1
1
1
1
1
1
1
1
1
1
1
1
1
1
1
1
1
1
1
1
1
1
1
1
1
1
1
1
1
1
1
1
1
1
1
1
1
1
1
1
1
1
1
1
1
1
1
1
1
1
1
1
1
1
1
1
1
1
1
1
1
1
1
1
1
1
1
1
1
1
1
1
1
1
1
1
1
1
1
1
1
1
1
1
1
1
1
1
1
1
1
1
1
1
1
1
1
1
1
1
1
1
1
1
1
1
1
1
1
1
1
1
1
1
1
1
1
1
1
1
1
1
1
1
1
1
1
1
1
1
1
1
1
1
1
1
1
1
1
1
1
1
1
1
1
1
1
1
1
1
1
1
1
1
1
1
1
1
1
1
1
1
1
1
1
1
1
1
1
1
1
1
1
1
1
1
1
1
1
1
1
1
1
1
1
1
1
1
1
1
1
1
1
1
1
1
1
1
1
1
1
1
1
1
1
1
1
1
1
1
1
1
1
1
1
1
1
1
1
1
1
1
1
1
1
1
1
1
1
1
1
1
1
1
1
1
1
1
1
1
1
1
1
1
1
1
1
1
1
1
1
1
1
1
1
1
1
1
1
1
1
1
1
1
1
1
1
1
1
1
1
1
1
1
1
1
1
1
1
1
1
1
1
1
1
1
1
1
1
1
1
1
1
1
1
1
1
1
1
1
1
1
1
1
1
1
1
1
1
1
1
1
1
1
1
1
1
1
1
1
1
1
1
1
1
1
1
1
1
1
1
1
1
1
1
1
1
1
1
1
1
1
1
1
1
1
1
1
1
1
1
1
1
1
1
1
1
1
1
1
1
1
1
1
1
1
1
1
1
1
1
1
1
1
1
1
1
1
1
1
1
1
1
1
1
1
1
1
1
1
1
1
1
1
1
1
1
1
1
1
1
1
1
1
1
1
1
1
1
1
1
1
1
1
1
1
1
1
1
1
1
1
1
1
1
1
1
1
1
1
1
1
1
1
1
1
1
1
1
1
1
1
1
1
1
1
1
1
1
1
1
1
1
1
1
1
1
1
1
1
1
1
1
1
1
1
1
1
1
1
1
1
1
1
1
1
1
1
1
1
1
1
1
1
1
1
1
1
1
1
1
1
1
1
1
1
1
1
1
1
1
1
1
1
1
1
1
1
1
1
1
1
1
1
1
1
1
1
1
1
1
1
1
1
1
1
1
1
1
1
1
1
1
1
1
1
1
1
1
1
1
1
1
1
1
1
1
1
1
1
1
1
1
1
1
1
1
1
1
1
1
1
1
1
1
1
1
1
1
1
1
1
1
1
1
1
1
1
1
1
1
1
1
1
1
1
1
1
1
1
1
1
1
1
1
1
1
1
1
1
1
1
1
1
1
1
1
1
1
1
1
1
1
1
1
1
1
1
1
1
1
1
1
1
1
1
1
1
1
1
1
1
1
1
1
1
1
1
1
1
1
1
1
1
1
1
1
1
1
1
1
1
1
1
1
1
1
1
1
1
1
1
1
1
1
1
1
1
1
1
1
1
1
1
1
1
1
1
1
1
1
1
1
1
1
1
1
1
1
1
1
1
1
1
1
1
1
1
1
1
1
1
1
1
1
1
1
1
1
1
1
1
1
1
1
1
1
1
1
1
1
1
1
1
1
1
1
1
1
1
1
1
1
1
1
1
1
1
1
1
1
1
1
1
1
1
1
1
1
1
1
1
1
1
1
1
1
1
1
1
1
1
1
1
1
1
1
1
1
1
1
1
1
1
1
1
1
1
1
1
1
1
1
1
1
1
1
1
1
1
1
1
1
1
1
1
1
1
1
1
1
1
1
1
1
1
1
1
1
1
1
1
1
1
1
1
1
1
1
1
1
1
1
1
1
1
1
1
1
1
1
1
1
1
1
1
1
1
1
1
1
1
1
1
1
1
1
1
1
1
1
1
1
1
1
1
1
1
1
1
1
1
1
1
1
1
1
1
1
1
1
1
1
1
1
1
1
1
1
1
1
1
1
1
1
1
1
1
1
1
1
1
1
1
1
1
1
1
1
1
1
1
1
1
1
1
1
1
1
1
1
1
1
1
1
1
1
1
1
1
1
1
1
1
1
1
1
1
1
1
1
1
1
1
1
1
1
1
1
1
1
1
1
1
1
1
1
1
1
1
1
1
1
1
1
1
1
1
1
1
1
1
1
1
1
1
1
1
1
1
1
1
1
1
1
1
1
1
1
1
1
1
1
1
1
1
1
1
1
1
1
1
1
1
1
1
1
1
1
1
1
1
1
1
1
1
1
1
1
1
1
1
1
1
1
1
1
1
1
1
1
1
1
1
1
1
1
1
1
1
1
1
1
1
1
1
1
1
1
1
1
1
1
1
1
1
1
1
1
1
1
1
1
1
1
1
1
1
1
1
1
1
1
1
1
1
1
1
1
1
1
1
1
1
1
1
1
1
1
1
1
1
1
1
1
1
1
1
1
1
1
1
1
1
1
1
1
1
1
1
1
1
1
1
1
1
1
1
1
1
1
1
1
1
1
1
1
1
1
1
1
1
1
1
1
1
1
1
1
1
1
1
1
1
1
1
1
1
1
1
1
1
1
1
1
1
1
1
1
1
1
1
1
1
1
1
1
1
1
1
1
1
1
1
1
1
1
1
1
1
1
1
1
1
1
1
1
1
1
1
1
1
1
1
1
1
1
1
1
1
1
1
1
1
1
1
1
1
1
1
1
1
1
1
1
1
1
1
1
1
1
1
1
1
1
1
1
1
1
1
1
1
1
1
1
1
1
1
1
1
1
1
1
1
1
1
1
1
1
1
1
1
1
1
1
1
1
1
1
1
1
1
1
1
1
1
1
1
1
1
1
1
1
1
1
1
1
1
1
1
1
1
1
1
1
1
1
1
1
1
1
1
1
1
1
1
1
1
1
1
1
1
1
1
1
1
1
1
1
1
1
1
1
1
1
1
1
1
1
1
1
1
1
1
1
1
1
1
1
1
1
1
1
1
1
1
1
1
1
1
1
1
1
1
1
1
1
1
1
1
1
1
1
1
1
1
1
1
1
1
1
1
1
1
1
1
1
1
1
1
1
1
1
1
1
1
1
1
1
1
1
1
1
1
1
1
1
1
1
1
1
1
1
1
1
1
1
1
1
1
1
1
1
1
1
1
1
1
1
1
1
1
1
1
1
1
1
1
1
1
1
1
1
1
1
1
1
1
1
1
1
1
1
1
1
1
1
1
1
1
1
1
1
1
1
1
1
1
1
1
1
1
1
1
1
1
1
1
1
1
1
1
1
1
1
1
1
1
1
1
1
1
1
1
1
1
1
1
1
1
1
1
1
1
1
1
1
1
1
1
1
1
1
1
1
1
1
1
1
1
1
1
1
1
1
1
1
1
1
1
1
1
1
1
1
1
1
1
1
1
1
1
1
1
1
1
1
1
1
1
1
1
1
1
1
1
1
1
1
1
1
1
1
1
1
1
1
1
1
1
1
1
1
1
1
1
1
1
1
1
1
1
1
1
1
1
1
1
1
1
1
1
1
1
1
1
1
1
1
1
1
1
1
1
1
1
1
1
1
1
1
1
1
1
1
1
1
1
1
1
1
1
1
1
1
1
1
1
1
1
1
1
1
1
1
1
1
1
1
1
1
1
1
1
1
1
1
1
1
1
1
1
1
1
1
1
1
1
1
1
1
1
1
1
1
1
1
1
1
1
1
1
1
1
1
1
1
1
1
1
1
1
1
1
1
1
1
1
1
1
1
1
1
1
1
1
1
1
1
1
1
1
1
1
1
1
1
1
1
1
1
1
1
1
1
1
1
1
1
1
1
1
1
1
1
1
1
1
1
1
1
1
1
1
1
1
1
1
1
1
1
1
1
1
1
1
1
1
1
1
1
1
1
1
1
1
1
1
1
1
1
1
1
1
1
1
1
1
1
1
1
1
1
1
1
1
1
1
1
1
1
1
1
1
1
1
1
1
1
1
1
1
1
1
1
1
1
1
1
1
1
1
1
1
1
1
1
1
1
1
1
1
1
1
1
1
1
1
1
1
1
1
1
1
1
1
1
1
1
1
1
1
1
1
1
1
1
1
1
1
1
1
1
1
1
1
1
1
1
1
1
1
1
1
1
1
1
1
1
1
1
1
1
1
1
1
1
1
1
1
1
1
1
1
1
1
1
1
1
1
1
1
1
1
1
1
1
1
1
1
1
1
1
1
1
1
1
1
1
1
1
1
1
1
1
1
1
1
1
1
1
1
1
1
1
1
1
1
1
1
1
1
1
1
1
1
1
1
1
1
1
1
1
1
1
1
1
1
1
1
1
1
1
1
1
1
1
1
1
1
1
1
1
1
1
1
1
1
1
1
1
1
1
1
1
1
1
1
1
1
1
1
1
1
1
1
1
1
1
1
1
1
1
1
1
1
1
1
1
1
1
1
1
1
1
1
1
1
1
1
1
1
1
1
1
1
1
1
1
1
1
1
1
1
1
1
1
1
1
1
1
1
1
1
1
1
1
1
1
1
1
1
1
1
1
1
1
1
1
1
1
1
1
1
1
1
1
1
1
1
1
1
1
1
1
1
1
1
1
1
1
1
1
1
1
1
1
1
1
1
1
1
1
1
1
1
1
1
1
1
1
1
1
1
1
1
1
1
1
1
1
1
1
1
1
1
1
1
1
1
1
1
1
1
1
1
1
1
1
1
1
1
1
1
1
1
1
1
1
1
1
1
1
1
1
1
1
1
1
1
1
1
1
1
1
1
1
1
1
1
1
1
1
1
1
1
1
1
1
1
1
1
1
1
1
1
1
1
1
1
1
1
1
1
1
1
1
1
1
1
1
1
1
1
1
1
1
1
1
1
1
1
1
1
1
1
1
1
1
1
1
1
1
1
1
1
1
1
1
1
1
1
1
1
1
1
1
1
1
1
1
1
1
1
1
1
1
1
1
1
1
1
1
1
1
1
1
1
1
1
1
1
1
1
1
1
1
1
1
1
1
1
1
1
1
1
1
1
1
1
1
1
1
1
1
1
1
1
1
1
1
1
1
1
1
1
1
1
1
1
1
1
1
1
1
1
1
1
1
1
1
1
1
1
1
1
1
1
1
1
1
1
1
1
1
1
1
1
1
1
1
1
1
1
1
1
1
1
1
1
1
1
1
1
1
1
1
1
1
1
1
1
1
1
1
1
1
1
1
1
1
1
1
1
1
1
1
1
1
1
1
1
1
1
1
1
1
1
1
1
1
1
1
1
1
1
1
1
1
1
1
1
1
1
1
1
1
1
1
1
1
1
1
1
1
1
1
1
1
1
1
1
1
1
1
1
1
1
1
1
1
1
1
1
1
1
1
1
1
1
1
1
1
1
1
1
1
1
1
1
1
1
1
1
1
1
1
1
1
1
1
1
1
1
1
1
1
1
1
1
1
1
1
1
1
1
1
1
1
1
1
1
1
1
1
1
1
1
1
1
1
1
1
1
1
1
1
1
1
1
1
1
1
1
1
1
1
1
1
1
1
1
1
1
1
1
1
1
1
1
1
1
1
1
1
1
1
1
1
1
1
1
1
1
1
1
1
1
1
1
1
1
1
1
1
1
1
1
1
1
1
1
1
1
1
1
1
1
1
1
1
1
1
1
1
1
1
1
1
1
1
1
1
1
1
1
1
1
1
1
1
1
1
1
1
1
1
1
1
1
1
1
1
1
1
1
1
1
1
1
1
1
1
1
1
1
1
1
1
1
1
1
1
1
1
1
1
1
1
1
1
1
1
1
1
1
1
1
1
1
1
1
1
1
1
1
1
1
1
1
1
1
1
1
1
1
1
1
1
1
1
1
1
1
1
1
1
1
1
1
1
1
1
1
1
1
1
1
1
1
1
1
1
1
1
1
1
1
1
1
1
1
1
1
1
1
1
1
1
1
1
1
1
1
1
1
1
1
1
1
1
1
1
1
1
1
1
1
1
1
1
1
1
1
1
1
1
1
1
1
1
1
1
1
1
1
1
1
1
1
1
1
1
1
1
1
1
1
1
1
1
1
1
1
1
1
1
1
1
1
1
1
1
1
1
1
1
1
1
1
1
1
1
1
1
1
1
1
1
1
1
1
1
1
1
1
1
1
1
1
1
1
1
1
1
1
1
1
1
1
1
1
1
1
1
1
1
1
1
1
1
1
1
1
1
1
1
1
1
1
1
1
1
1
1
1
1
1
1
1
1
1
1
1
1
1
1
1
1
1
1
1
1
1
1
1
1
1
1
1
1
1
1
1
1
1
1
1
1
1
1
1
1
1
1
1
1
1
1
1
1
1
1
1
1
1
1
1
1
1
1
1
1
1
1
1
1
1
1
1
1
1
1
1
1
1
1
1
1
1
1
1
1
1
1
1
1
1
1
1
1
1
1
1
1
1
1
1
1
1
1
1
1
1
1
1
1
1
1
1
1
1
1
1
1
1
1
1
1
1
1
1
1
1
1
1
1
1
1
1
1
1
1
1
1
1
1
1
1
1
1
1
1
1
1
1
1
1
1
1
1
1
1
1
1
1
1
1
1
1
1
1
1
1
1
1
1
1
1
1
1
1
1
1
1
1
1
1
1
1
1
1
1
1
1
1
1
1
1
1
1
1
1
1
1
1
1
1
1
1
1
1
1
1
1
1
1
1
1
1
1
1
1
1
1
1
1
1
1
1
1
1
1
1
1
1
1
1
1
1
1
1
1
1
1
1
1
1
1
1
1
1
1
1
1
1
1
1
1
1
1
1
1
1
1
1
1
1
1
1
1
1
1
1
1
1
1
1
1
1
1
1
1
1
1
1
1
1
1
1
1
1
1
1
1
1
1
1
1
1
1
1
1
1
1
1
1
1
1
1
1
1
1
1
1
1
1
1
1
1
1
1
1
1
1
1
1
1
1
1
1
1
1
1
1
1
1
1
1
1
1
1
1
1
1
1
1
1
1
1
1
1
1
1
1
1
1
1
1
1
1
1
1
1
1
1
1
1
1
1
1
1
1
1
1
1
1
1
1
1
1
1
1
1
1
1
1
1
1
1
1
1
1
1
1
1
1
1
1
1
1
1
1
1
1
1
1
1
1
1
1
1
1
1
1
1
1
1
1
1
1
1
1
1
1
1
1
1
1
1
1
1
1
1
1
1
1
1
1
1
1
1
1
1
1
1
1
1
1
1
1
1
1
1
1
1
1
1
1
1
1
1
1
1
1
1
1
1
1
1
1
1
1
1
1
1
1
1
1
1
1
1
1
1
1
1
1
1
1
1
1
1
1
1
1
1
1
1
1
1
1
1
1
1
1
1
1
1
1
1
1
1
1
1
1
1
1
1
1
1
1
1
1
1
1
1
1
1
1
1
1
1
1
1
1
1
1
1
1
1
1
1
1
1
1
1
1
1
1
1
1
1
1
1
1
1
1
1
1
1
1
1
1
1
1
1
1
1
1
1
1
1
1
1
1
1
1
1
1
1
1
1
1
1
1
1
1
1
1
1
1
1
1
1
1
1
1
1
1
1
1
1
1
1
1
1
1
1
1
1
1
1
1
1
1
1
1
1
1
1
1
1
1
1
1
1
1
1
1
1
1
1
1
1
1
1
1
1
1
1
1
1
1
1
1
1
1
1
1
1
1
1
1
1
1
1
1
1
1
1
1
1
1
1
1
1
1
1
1
1
1
1
1
1
1
1
1
1
1
1
1
1
1
1
1
1
1
1
1
1
1
1
1
1
1
1
1
1
1
1
1
1
1
1
1
1
1
1
1
1
1
1
1
1
1
1
1
1
1
1
1
1
1
1
1
1
1
1
1
1
1
1
1
1
1
1
1
1
1
1
1
1
1
1
1
1
1
1
1
1
1
1
1
1
1
1
1
1
1
1
1
1
1
1
1
1
1
1
1
1
1
1
1
1
1
1
1
1
1
1
1
1
1
1
1
1
1
1
1
1
1
1
1
1
1
1
1
1
1
1
1
1
1
1
1
1
1
1
1
1
1
1
1
1
1
1
1
1
1
1
1
1
1
1
1
1
1
1
1
1
1
1
1
1
1
1
1
1
1
1
1
1
1
1
1
1
1
1
1
1
1
1
1
1
1
1
1
1
1
1
1
1
1
1
1
1
1
1
1
1
1
1
1
1
1
1
1
1
1
1
1
1
1
1
1
1
1
1
1
1
1
1
1
1
1
1
1
1
1
1
1
1
1
1
1
1
1
1
1
1
1
1
1
1
1
1
1
1
1
1
1
1
1
1
1
1
1
1
1
1
1
1
1
1
1
1
1
1
1
1
1
1
1
1
1
1
1
1
1
1
1
1
1
1
1
1
1
1
1
1
1
1
1
1
1
1
1
1
1
1
1
1
1
1
1
1
1
1
1
1
1
1
1
1
1
1
1
1
1
1
1
1
1
1
1
1
1
1
1
1
1
1
1
1
1
1
1
1
1
1
1
1
1
1
1
1
1
1
1
1
1
1
1
1
1
1
1
1
1
1
1
1
1
1
1
1
1
1
1
1
1
1
1
1
1
1
1
1
1
1
1
1
1
1
1
1
1
1
1
1
1
1
1
1
1
1
1
1
1
1
1
1
1
1
1
1
1
1
1
1
1
1
1
1
1
1
1
1
1
1
1
1
1
1
1
1
1
1
1
1
1
1
1
1
1
1
1
1
1
1
1
1
1
1
1
1
1
1
1
1
1
1
1
1
1
1
1
1
1
1
1
1
1
1
1
1
1
1
1
1
1
1
1
1
1
1
1
1
1
1
1
1
1
1
1
1
1
1
1
1
1
1
1
1
1
1
1
1
1
1
1
1
1
1
1
1
1
1
1
1
1
1
1
1
1
1
1
1
1
1
1
1
1
1
1
1
1
1
1
1
1
1
1
1
1
1
1
1
1
1
1
1
1
1
1
1
1
1
1
1
1
1
1
1
1
1
1
1
1
1
1
1
1
1
1
1
1
1
1
1
1
1
1
1
1
1
1
1
1
1
1
1
1
1
1
1
1
1
1
1
1
1
1
1
1
1
1
1
1
1
1
1
1
1
1
1
1
1
1
1
1
1
1
1
1
1
1
1
1
1
1
1
1
1
1
1
1
1
1
1
1
1
1
1
1
1
1
1
1
1
1
1
1
1
1
1
1
1
1
1
1
1
1
1
1
1
1
1
1
1
1
1
1
1
1
1
1
1
1
1
1
1
1
1
1
1
1
1
1
1
1
1
1
1
1
1
1
1
1
1
1
1
1
1
1
1
1
1
1
1
1
1
1
1
1
1
1
1
1
1
1
1
1
1
1
1
1
1
1
1
1
1
1
1
1
1
1
1
1
1
1
1
1
1
1
1
1
1
1
1
1
1
1
1
1
1
1
1
1
1
1
1
1
1
1
1
1
1
1
1
1
1
1
1
1
1
1
1
1
1
1
1
1
1
1
1
1
1
1
1
1
1
1
1
1
1
1
1
1
1
1
1
1
1
1
1
1
1
1
1
1
1
1
1
1
1
1
1
1
1
1
1
1
1
1
1
1
1
1
1
1
1
1
1
1
1
1
1
1
1
1
1
1
1
1
1
1
1
1
1
1
1
1
1
1
1
1
1
1
1
1
1
1
1
1
1
1
1
1
1
1
1
1
1
1
1
1
1
1
1
1
1
1
1
1
1
1
1
1
1
1
1
1
1
1
1
1
1
1
1
1
1
1
1
1
1
1
1
1
1
1
1
1
1
1
1
1
1
1
1
1
1
1
1
1
1
1
1
1
1
1
1
1
1
1
1
1
1
1
1
1
1
1
1
1
1
1
1
1
1
1
1
1
1
1
1
1
1
1
1
1
1
1
1
1
1
1
1
1
1
1
1
1
1
1
1
1
1
1
1
1
1
1
1
1
1
1
1
1
1
1
1
1
1
1
1
1
1
1
1
1
1
1
1
1
1
1
1
1
1
1
1
1
1
1
1
1
1
1
1
1
1
1
1
1
1
1
1
1
1
1
1
1
1
1
1
1
1
1
1
1
1
1
1
1
1
1
1
1
1
1
1
1
1
1
1
1
1
1
1
1
1
1
1
1
1
1
1
1
1
1
1
1
1
1
1
1
1
1
1
1
1
1
1
1
1
1
1
1
1
1
1
1
1
1
1
1
1
1
1
1
1
1
1
1
1
1
1
1
1
1
1
1
1
1
1
1
1
1
1
1
1
1
1
1
1
1
1
1
1
1
1
1
1
1
1
1
1
1
1
1
1
1
1
1
1
1
1
1
1
1
1
1
1
1
1
1
1
1
1
1
1
1
1
1
1
1
1
1
1
1
1
1
1
1
1
1
1
1
1
1
1
1
1
1
1
1
1
1
1
1
1
1
1
1
1
1
1
1
1
1
1
1
1
1
1
1
1
1
1
1
1
1
1
1
1
1
1
1
1
1
1
1
1
1
1
1
1
1
1
1
1
1
1
1
1
1
1
1
1
1
1
1
1
1
1
1
1
1
1
1
1
1
1
1
1
1
1
1
1
1
1
1
1
1
1
1
1
1
1
1
1
1
1
1
1
1
1
1
1
1
1
1
1
1
1
1
1
1
1
1
1
1
1
1
1
1
1
1
1
1
1
1
1
1
1
1
1
1
1
1
1
1
1
1
1
1
1
1
1
1
1
1
1
1
1
1
1
1
1
1
1
1
1
1
1
1
1
1
1
1
1
1
1
1
1
1
1
1
1
1
1
1
1
1
1
1
1
1
1
1
1
1
1
1
1
1
1
1
1
1
1
1
1
1
1
1
1
1
1
1
1
1
1
1
1
1
1
1
1
1
1
1
1
1
1
1
1
1
1
1
1
1
1
1
1
1
1
1
1
1
1
1
1
1
1
1
1
1
1
1
1
1
1
1
1
1
1
1
1
1
1
1
1
1
1
1
1
1
1
1
1
1
1
1
1
1
1
1
1
1
1
1
1
1
1
1
1
1
1
1
1
1
1
1
1
1
1
1
1
1
1
1
1
1
1
1
1
1
1
1
1
1
1
1
1
1
1
1
1
1
1
1
1
1
1
1
1
1
1
1
1
1
1
1
1
1
1
1
1
1
1
1
1
1
1
1
1
1
1
1
1
1
1
1
1
1
1
1
1
1
1
1
1
1
1
1
1
1
1
1
1
1
1
1
1
1
1
1
1
1
1
1
1
1
1
1
1
1
1
1
1
1
1
1
1
1
1
1
1
1
1
1
1
1
1
1
1
1
1
1
1
1
1
1
1
1
1
1
1
1
1
1
1
1
1
1
1
1
1
1
1
1
1
1
1
1
1
1
1
1
1
1
1
1
1
1
1
1
1
1
1
1
1
1
1
1
1
1
1
1
1
1
1
1
1
1
1
1
1
1
1
1
1
1
1
1
1
1
1
1
1
1
1
1
1
1
1
1
1
1
1
1
1
1
1
1
1
1
1
1
1
1
1
1
1
1
1
1
1
1
1
1
1
1
1
1
1
1
1
1
1
1
1
1
1
1
1
1
1
1
1
1
1
1
1
1
1
1
1
1
1
1
1
1
1
1
1
1
1
1
1
1
1
1
1
1
1
1
1
1
1
1
1
1
1
1
1
1
1
1
1
1
1
1
1
1
1
1
1
1
1
1
1
1
1
1
1
1
1
1
1
1
1
1
1
1
1
1
1
1
1
1
1
1
1
1
1
1
1
1
1
1
1
1
1
1
1
1
1
1
1
1
1
1
1
1
1
1
1
1
1
1
1
1
1
1
1
1
1
1
1
1
1
1
1
1
1
1
1
1
1
1
1
1
1
1
1
1
1
1
1
1
1
1
1
1
1
1
1
1
1
1
1
1
1
1
1
1
1
1
1
1
1
1
1
1
1
1
1
1
1
1
1
1
1
1
1
1
1
1
1
1
1
1
1
1
1
1
1
1
1
1
1
1
1
1
1
1
1
1
1
1
1
1
1
1
1
1
1
1
1
1
1
1
1
1
1
1
1
1
1
1
1
1
1
1
1
1
1
1
1
1
1
1
1
1
1
1
1
1
1
1
1
1
1
1
1
1
1
1
1
1
1
1
1
1
1
1
1
1
1
1
1
1
1
1
1
1
1
1
1
1
1
1
1
1
1
1
1
1
1
1
1
1
1
1
1
1
1
1
1
1
1
1
1
1
1
1
1
1
1
1
1
1
1
1
1
1
1
1
1
1
1
1
1
1
1
1
1
1
1
1
1
1
1
1
1
1
1
1
1
1
1
1
1
1
1
1
1
1
1
1
1
1
1
1
1
1
1
1
1
1
1
1
1
1
1
1
1
1
1
1
1
1
1
1
1
1
1
1
1
1
1
1
1
1
1
1
1
1
1
1
1
1
1
1
1
1
1
1
1
1
1
1
1
1
1
1
1
1
1
1
1
1
1
1
1
1
1
1
1
1
1
1
1
1
1
1
1
1
1
1
1
1
1
1
1
1
1
1
1
1
1
1
1
1
1
1
1
1
1
1
1
1
1
1
1
1
1
1
1
1
1
1
1
1
1
1
1
1
1
1
1
1
1
1
1
1
1
1
1
1
1
1
1
1
1
1
1
1
1
1
1
1
1
1
1
1
1
1
1
1
1
1
1
1
1
1
1
1
1
1
1
1
1
1
1
1
1
1
1
1
1
1
1
1
1
1
1
1
1
1
1
1
1
1
1
1
1
1
1
1
1
1
1
1
1
1
1
1
1
1
1
1
1
1
1
1
1
1
1
1
1
1
1
1
1
1
1
1
1
1
1
1
1
1
1
1
1
1
1
1
1
1
1
1
1
1
1
1
1
1
1
1
1
1
1
1
1
1
1
1
1
1
1
1
1
1
1
1
1
1
1
1
1
1
1
1
1
1
1
1
1
1
1
1
1
1
1
1
1
1
1
1
1
1
1
1
1
1
1
1
1
1
1
1
1
1
1
1
1
1
1
1
1
1
1
1
1
1
1
1
1
1
1
1
1
1
1
1
1
1
1
1
1
1
1
1
1
1
1
1
1
1
1
1
1
1
1
1
1
1
1
1
1
1
1
1
1
1
1
1
1
1
1
1
1
1
1
1
1
1
1
1
1
1
1
1
1
1
1
1
1
1
1
1
1
1
1
1
1
1
1
1
1
1
1
1
1
1
1
1
1
1
1
1
1
1
1
1
1
1
1
1
1
1
1
1
1
1
1
1
1
1
1
1
1
1
1
1
1
1
1
1
1
1
1
1
1
1
1
1
1
1
1
1
1
1
1
1
1
1
1
1
1
1
1
1
1
1
1
1
1
1
1
1
1
1
1
1
1
1
1
1
1
1
1
1
1
1
1
1
1
1
1
1
1
1
1
1
1
1
1
1
1
1
1
1
1
1
1
1
1
1
1
1
1
1
1
1
1
1
1
1
1
1
1
1
1
1
1
1
1
1
1
1
1
1
1
1
1
1
1
1
1
1
1
1
1
1
1
1
1
1
1
1
1
1
1
1
1
1
1
1
1
1
1
1
1
1
1
1
1
1
1
1
1
1
1
1
1
1
1
1
1
1
1
1
1
1
1
1
1
1
1
1
1
1
1
1
1
1
1
1
1
1
1
1
1
1
1
1
1
1
1
1
1
1
1
1
1
1
1
1
1
1
1
1
1
1
1
1
1
1
1
1
1
1
1
1
1
1
1
1
1
1
1
1
1
1
1
1
1
1
1
1
1
1
1
1
1
1
1
1
1
1
1
1
1
1
1
1
1
1
1
1
1
1
1
1
1
1
1
1
1
1
1
1
1
1
1
1
1
1
1
1
1
1
1
1
1
1
1
1
1
1
1
1
1
1
1
1
1
1
1
1
1
1
1
1
1
1
1
1
1
1
1
1
1
1
1
1
1
1
1
1
1
1
1
1
1
1
1
1
1
1
1
1
1
1
1
1
1
1
1
1
1
1
1
1
1
1
1
1
1
1
1
1
1
1
1
1
1
1
1
1
1
1
1
1
1
1
1
1
1
1
1
1
1
1
1
1
1
1
1
1
1
1
1
1
1
1
1
1
1
1
1
1
1
1
1
1
1
1
1
1
1
1
1
1
1
1
1
1
1
1
1
1
1
1
1
1
1
1
1
1
1
1
1
1
1
1
1
1
1
1
1
1
1
1
1
1
1
1
1
1
1
1
1
1
1
1
1
1
1
1
1
1
1
1
1
1
1
1
1
1
1
1
1
1
1
1
1
1
1
1
1
1
1
1
1
1
1
1
1
1
1
1
1
1
1
1
1
1
1
1
1
1
1
1
1
1
1
1
1
1
1
1
1
1
1
1
1
1
1
1
1
1
1
1
1
1
1
1
1
1
1
1
1
1
1
1
1
1
1
1
1
1
1
1
1
1
1
1
1
1
1
1
1
1
1
1
1
1
1
1
1
1
1
1
1
1
1
1
1
1
1
1
1
1
1
1
1
1
1
1
1
1
1
1
1
1
1
1
1
1
1
1
1
1
1
1
1
1
1
1
1
1
1
1
1
1
1
1
1
1
1
1
1
1
1
1
1
1
1
1
1
1
1
1
1
1
1
1
1
1
1
1
1
1
1
1
1
1
1
1
1
1
1
1
1
1
1
1
1
1
1
1
1
1
1
1
1
1
1
1
1
1
1
1
1
1
1
1
1
1
1
1
1
1
1
1
1
1
1
1
1
1
1
1
1
1
1
1
1
1
1
1
1
1
1
1
1
1
1
1
1
1
1
1
1
1
1
1
1
1
1
1
1
1
1
1
1
1
1
1
1
1
1
1
1
1
1
1
1
1
1
1
1
1
1
1
1
1
1
1
1
1
1
1
1
1
1
1
1
1
1
1
1
1
1
1
1
1
1
1
1
1
1
1
1
1
1
1
1
1
1
1
1
1
1
1
1
1
1
1
1
1
1
1
1
1
1
1
1
1
1
1
1
1
1
1
1
1
1
1
1
1
1
1
1
1
1
1
1
1
1
1
1
1
1
1
1
1
1
1
1
1
1
1
1
1
1
1
1
1
1
1
1
1
1
1
1
1
1
1
1
1
1
1
1
1
1
1
1
1
1
1
1
1
1
1
1
1
1
1
1
1
1
1
1
1
1
1
1
1
1
1
1
1
1
1
1
1
1
1
1
1
1
1
1
1
1
1
1
1
1
1
1
1
1
1
1
1
1
1
1
1
1
1
1
1
1
1
1
1
1
1
1
1
1
1
1
1
1
1
1
1
1
1
1
1
1
1
1
1
1
1
1
1
1
1
1
1
1
1
1
1
1
1
1
1
1
1
1
1
1
1
1
1
1
1
1
1
1
1
1
1
1
1
1
1
1
1
1
1
1
1
1
1
1
1
1
1
1
1
1
1
1
1
1
1
1
1
1
1
1
1
1
1
1
1
1
1
1
1
1
1
1
1
1
1
1
1
1
1
1
1
1
1
1
1
1
1
1
1
1
1
1
1
1
1
1
1
1
1
1
1
1
1
1
1
1
1
1
1
1
1
1
1
1
1
1
1
1
1
1
1
1
1
1
1
1
1
1
1
1
1
1
1
1
1
1
1
1
1
1
1
1
1
1
1
1
1
1
1
1
1
1
1
1
1
1
1
1
1
1
1
1
1
1
1
1
1
1
1
1
1
1
1
1
1
1
1
1
1
1
1
1
1
1
1
1
1
1
1
1
1
1
1
1
1
1
1
1
1
1
1
1
1
1
1
1
1
1
1
1
1
1
1
1
1
1
1
1
1
1
1
1
1
1
1
1
1
1
1
1
1
1
1
1
1
1
1
1
1
1
1
1
1
1
1
1
1
1
1
1
1
1
1
1
1
1
1
1
1
1
1
1
1
1
1
1
1
1
1
1
1
1
1
1
1
1
1
1
1
1
1
1
1
1
1
1
1
1
1
1
1
1
1
1
1
1
1
1
1
1
1
1
1
1
1
1
1
1
1
1
1
1
1
1
1
1
1
1
1
1
1
1
1
1
1
1
1
1
1
1
1
1
1
1
1
1
1
1
1
1
1
1
1
1
1
1
1
1
1
1
1
1
1
1
1
1
1
1
1
1
1
1
1
1
1
1
1
1
1
1
1
1
1
1
1
1
1
1
1
1
1
1
1
1
1
1
1
1
1
1
1
1
1
1
1
1
1
1
1
1
1
1
1
1
1
1
1
1
1
1
1
1
1
1
1
1
1
1
1
1
1
1
1
1
1
1
1
1
1
1
1
1
1
1
1
1
1
1
1
1
1
1
1
1
1
1
1
1
1
1
1
1
1
1
1
1
1
1
1
1
1
1
1
1
1
1
1
1
1
1
1
1
1
1
1
1
1
1
1
1
1
1
1
1
1
1
1
1
1
1
1
1
1
1
1
1
1
1
1
1
1
1
1
1
1
1
1
1
1
1
1
1
1
1
1
1
1
1
1
1
1
1
1
1
1
1
1
1
1
1
1
1
1
1
1
1
1
1
1
1
1
1
1
1
1
1
1
1
1
1
1
1
1
1
1
1
1
1
1
1
1
1
1
1
1
1
1
1
1
1
1
1
1
1
1
1
1
1
1
1
1
1
1
1
1
1
1
1
1
1
1
1
1
1
1
1
1
1
1
1
1
1
1
1
1
1
1
1
1
1
1
1
1
1
1
1
1
1
1
1
1
1
1
1
1
1
1
1
1
1
1
1
1
1
1
1
1
1
1
1
1
1
1
1
1
1
1
1
1
1
1
1
1
1
1
1
1
1
1
1
1
1
1
1
1
1
1
1
1
1
1
1
1
1
1
1
1
1
1
1
1
1
1
1
1
1
1
1
1
1
1
1
1
1
1
1
1
1
1
1
1
1
1
1
1
1
1
1
1
1
1
1
1
1
1
1
1
1
1
1
1
1
1
1
1
1
1
1
1
1
1
1
1
1
1
1
1
1
1
1
1
1
1
1
1
1
1
1
1
1
1
1
1
1
1
1
1
1
1
1
1
1
1
1
1
1
1
1
1
1
1
1
1
1
1
1
1
1
1
1
1
1
1
1
1
1
1
1
1
1
1
1
1
1
1
1
1
1
1
1
1
1
1
1
1
1
1
1
1
1
1
1
1
1
1
1
1
1
1
1
1
1
1
1
1
1
1
1
1
1
1
1
1
1
1
1
1
1
1
1
1
1
1
1
1
1
1
1
1
1
1
1
1
1
1
1
1
1
1
1
1
1
1
1
1
1
1
1
1
1
1
1
1
1
1
1
1
1
1
1
1
1
1
1
1
1
1
1
1
1
1
1
1
1
1
1
1
1
1
1
1
1
1
1
1
1
1
1
1
1
1
1
1
1
1
1
1
1
1
1
1
1
1
1
1
1
1
1
1
1
1
1
1
1
1
1
1
1
1
1
1
1
1
1
1
1
1
1
1
1
1
1
1
1
1
1
1
1
1
1
1
1
1
1
1
1
1
1
1
1
1
1
1
1
1
1
1
1
1
1
1
1
1
1
1
1
1
1
1
1
1
1
1
1
1
1
1
1
1
1
1
1
1
1
1
1
1
1
1
1
1
1
1
1
1
1
1
1
1
1
1
1
1
1
1
1
1
1
1
1
1
1
1
1
1
1
1
1
1
1
1
1
1
1
1
1
1
1
1
1
1
1
1
1
1
1
1
1
1
1
1
1
1
1
1
1
1
1
1
1
1
1
1
1
1
1
1
1
1
1
1
1
1
1
1
1
1
1
1
1
1
1
1
1
1
1
1
1
1
1
1
1
1
1
1
1
1
1
1
1
1
1
1
1
1
1
1
1
1
1
1
1
1
1
1
1
1
1
1
1
1
1
1
1
1
1
1
1
1
1
1
1
1
1
1
1
1
1
1
1
1
1
1
1
1
1
1
1
1
1
1
1
1
1
1
1
1
1
1
1
1
1
1
1
1
1
1
1
1
1
1
1
1
1
1
1
1
1
1
1
1
1
1
1
1
1
1
1
1
1
1
1
1
1
1
1
1
1
1
1
1
1
1
1
1
1
1
1
1
1
1
1
1
1
1
1
1
1
1
1
1
1
1
1
1
1
1
1
1
1
1
1
1
1
1
1
1
1
1
1
1
1
1
1
1
1
1
1
1
1
1
1
1
1
1
1
1
1
1
1
1
1
1
1
1
1
1
1
1
1
1
1
1
1
1
1
1
1
1
1
1
1
1
1
1
1
1
1
1
1
1
1
1
1
1
1
1
1
1
1
1
1
1
1
1
1
1
1
1
1
1
1
1
1
1
1
1
1
1
1
1
1
1
1
1
1
1
1
1
1
1
1
1
1
1
1
1
1
1
1
1
1
1
1
1
1
1
1
1
1
1
1
1
1
1
1
1
1
1
1
1
1
1
1
1
1
1
1
1
1
1
1
1
1
1
1
1
1
1
1
1
1
1
1
1
1
1
1
1
1
1
1
1
1
1
1
1
1
1
1
1
1
1
1
1
1
1
1
1
1
1
1
1
1
1
1
1
1
1
1
1
1
1
1
1
1
1
1
1
1
1
1
1
1
1
1
1
1
1
1
1
1
1
1
1
1
1
1
1
1
1
1
1
1
1
1
1
1
1
1
1
1
1
1
1
1
1
1
1
1
1
1
1
1
1
1
1
1
1
1
1
1
1
1
1
1
1
1
1
1
1
1
1
1
1
1
1
1
1
1
1
1
1
1
1
1
1
1
1
1
1
1
1
1
1
1
1
1
1
1
1
1
1
1
1
1
1
1
1
1
1
1
1
1
1
1
1
1
1
1
1
1
1
1
1
1
1
1
1
1
1
1
1
1
1
1
1
1
1
1
1
1
1
1
1
1
1
1
1
1
1
1
1
1
1
1
1
1
1
1
1
1
1
1
1
1
1
1
1
1
1
1
1
1
1
1
1
1
1
1
1
1
1
1
1
1
1
1
1
1
1
1
1
1
1
1
1
1
1
1
1
1
1
1
1
1
1
1
1
1
1
1
1
1
1
1
1
1
1
1
1
1
1
1
1
1
1
1
1
1
1
1
1
1
1
1
1
1
1
1
1
1
1
1
1
1
1
1
1
1
1
1
1
1
1
1
1
1
1
1
1
1
1
1
1
1
1
1
1
1
1
1
1
1
1
1
1
1
1
1
1
1
1
1
1
1
1
1
1
1
1
1
1
1
1
1
1
1
1
1
1
1
1
1
1
1
1
1
1
1
1
1
1
1
1
1
1
1
1
1
1
1
1
1
1
1
1
1
1
1
1
1
1
1
1
1
1
1
1
1
1
1
1
1
1
1
1
1
1
1
1
1
1
1
1
1
1
1
1
1
1
1
1
1
1
1
1
1
1
1
1
1
1
1
1
1
1
1
1
1
1
1
1
1
1
1
1
1
1
1
1
1
1
1
1
1
1
1
1
1
1
1
1
1
1
1
1
1
1
1
1
1
1
1
1
1
1
1
1
1
1
1
1
1
1
1
1
1
1
1
1
1
1
1
1
1
1
1
1
1
1
1
1
1
1
1
1
1
1
1
1
1
1
1
1
1
1
1
1
1
1
1
1
1
1
1
1
1
1
1
1
1
1
1
1
1
1
1
1
1
1
1
1
1
1
1
1
1
1
1
1
1
1
1
1
1
1
1
1
1
1
1
1
1
1
1
1
1
1
1
1
1
1
1
1
1
1
1
1
1
1
1
1
1
1
1
1
1
1
1
1
1
1
1
1
1
1
1
1
1
1
1
1
1
1
1
1
1
1
1
1
1
1
1
1
1
1
1
1
1
1
1
1
1
1
1
1
1
1
1
1
1
1
1
1
1
1
1
1
1
1
1
1
1
1
1
1
1
1
1
1
1
1
1
1
1
1
1
1
1
1
1
1
1
1
1
1
1
1
1
1
1
1
1
1
1
1
1
1
1
1
1
1
1
1
1
1
1
1
1
1
1
1
1
1
1
1
1
1
1
1
1
1
1
1
1
1
1
1
1
1
1
1
1
1
1
1
1
1
1
1
1
1
1
1
1
1
1
1
1
1
1
1
1
1
1
1
1
1
1
1
1
1
1
1
1
1
1
1
1
1
1
1
1
1
1
1
1
1
1
1
1
1
1
1
1
1
1
1
1
1
1
1
1
1
1
1
1
1
1
1
1
1
1
1
1
1
1
1
1
1
1
1
1
1
1
1
1
1
1
1
1
1
1
1
1
1
1
1
1
1
1
1
1
1
1
1
1
1
1
1
1
1
1
1
1
1
1
1
1
1
1
1
1
1
1
1
1
1
1
1
1
1
1
1
1
1
1
1
1
1
1
1
1
1
1
1
1
1
1
1
1
1
1
1
1
1
1
1
1
1
1
1
1
1
1
1
1
1
1
1
1
1
1
1
1
1
1
1
1
1
1
1
1
1
1
1
1
1
1
1
1
1
1
1
1
1
1
1
1
1
1
1
1
1
1
1
1
1
1
1
1
1
1
1
1
1
1
1
1
1
1
1
1
1
1
1
1
1
1
1
1
1
1
1
1
1
1
1
1
1
1
1
1
1
1
1
1
1
1
1
1
1
1
1
1
1
1
1
1
1
1
1
1
1
1
1
1
1
1
1
1
1
1
1
1
1
1
1
1
1
1
1
1
1
1
1
1
1
1
1
1
1
1
1
1
1
1
1
1
1
1
1
1
1
1
1
1
1
1
1
1
1
1
1
1
1
1
1
1
1
1
1
1
1
1
1
1
1
1
1
1
1
1
1
1
1
1
1
1
1
1
1
1
1
1
1
1
1
1
1
1
1
1
1
1
1
1
1
1
1
1
1
1
1
1
1
1
1
1
1
1
1
1
1
1
1
1
1
1
1
1
1
1
1
1
1
1
1
1
1
1
1
1
1
1
1
1
1
1
1
1
1
1
1
1
1
1
1
1
1
1
1
1
1
1
1
1
1
1
1
1
1
1
1
1
1
1
1
1
1
1
1
1
1
1
1
1
1
1
1
1
1
1
1
1
1
1
1
1
1
1
1
1
1
1
1
1
1
1
1
1
1
1
1
1
1
1
1
1
1
1
1
1
1
1
1
1
1
1
1
1
1
1
1
1
1
1
1
1
1
1
1
1
1
1
1
1
1
1
1
1
1
1
1
1
1
1
1
1
1
1
1
1
1
1
1
1
1
1
1
1
1
1
1
1
1
1
1
1
1
1
1
1
1
1
1
1
1
1
1
1
1
1
1
1
1
1
1
1
1
1
1
1
1
1
1
1
1
1
1
1
1
1
1
1
1
1
1
1
1
1
1
1
1
1
1
1
1
1
1
1
1
1
1
1
1
1
1
1
1
1
1
1
1
1
1
1
1
1
1
1
1
1
1
1
1
1
1
1
1
1
1
1
1
1
1
1
1
1
1
1
1
1
1
1
1
1
1
1
1
1
1
1
1
1
1
1
1
1
1
1
1
1
1
1
1
1
1
1
1
1
1
1
1
1
1
1
1
1
1
1
1
1
1
1
1
1
1
1
1
1
1
1
1
1
1
1
1
1
1
1
1
1
1
1
1
1
1
1
1
1
1
1
1
1
1
1
1
1
1
1
1
1
1
1
1
1
1
1
1
1
1
1
1
1
1
1
1
1
1
1
1
1
1
1
1
1
1
1
1
1
1
1
1
1
1
1
1
1
1
1
1
1
1
1
1
1
1
1
1
1
1
1
1
1
1
1
1
1
1
1
1
1
1
1
1
1
1
1
1
1
1
1
1
1
1
1
1
1
1
1
1
1
1
1
1
1
1
1
1
1
1
1
1
1
1
1
1
1
1
1
1
1
1
1
1
1
1
1
1
1
1
1
1
1
1
1
1
1
1
1
1
1
1
1
1
1
1
1
1
1
1
1
1
1
1
1
1
1
1
1
1
1
1
1
1
1
1
1
1
1
1
1
1
1
1
1
1
1
1
1
1
1
1
1
1
1
1
1
1
1
1
1
1
1
1
1
1
1
1
1
1
1
1
1
1
1
1
1
1
1
1
1
1
1
1
1
1
1
1
1
1
1
1
1
1
1
1
1
1
1
1
1
1
1
1
1
1
1
1
1
1
1
1
1
1
1
1
1
1
1
1
1
1
1
1
1
1
1
1
1
1
1
1
1
1
1
1
1
1
1
1
1
1
1
1
1
1
1
1
1
1
1
1
1
1
1
1
1
1
1
1
1
1
1
1
1
1
1
1
1
1
1
1
1
1
1
1
1
1
1
1
1
1
1
1
1
1
1
1
1
1
1
1
1
1
1
1
1
1
1
1
1
1
1
1
1
1
1
1
1
1
1
1
1
1
1
1
1
1
1
1
1
1
1
1
1
1
1
1
1
1
1
1
1
1
1
1
1
1
1
1
1
1
1
1
1
1
1
1
1
1
1
1
1
1
1
1
1
1
1
1
1
1
1
1
1
1
1
1
1
1
1
1
1
1
1
1
1
1
1
1
1
1
1
1
1
1
1
1
1
1
1
1
1
1
1
1
1
1
1
1
1
1
1
1
1
1
1
1
1
1
1
1
1
1
1
1
1
1
1
1
1
1
1
1
1
1
1
1
1
1
1
1
1
1
1
1
1
1
1
1
1
1
1
1
1
1
1
1
1
1
1
1
1
1
1
1
1
1
1
1
1
1
1
1
1
1
1
1
1
1
1
1
1
1
1
1
1
1
1
1
1
1
1
1
1
1
1
1
1
1
1
1
1
1
1
1
1
1
1
1
1
1
1
1
1
1
1
1
1
1
1
1
1
1
1
1
1
1
1
1
1
1
1
1
1
1
1
1
1
1
1
1
1
1
1
1
1
1
1
1
1
1
1
1
1
1
1
1
1
1
1
1
1
1
1
1
1
1
1
1
1
1
1
1
1
1
1
1
1
1
1
1
1
1
1
1
1
1
1
1
1
1
1
1
1
1
1
1
1
1
1
1
1
1
1
1
1
1
1
1
1
1
1
1
1
1
1
1
1
1
1
1
1
1
1
1
1
1
1
1
1
1
1
1
1
1
1
1
1
1
1
1
1
1
1
1
1
1
1
1
1
1
1
1
1
1
1
1
1
1
1
1
1
1
1
1
1
1
1
1
1
1
1
1
1
1
1
1
1
1
1
1
1
1
1
1
1
1
1
1
1
1
1
1
1
1
1
1
1
1
1
1
1
1
1
1
1
1
1
1
1
1
1
1
1
1
1
1
1
1
1
1
1
1
1
1
1
1
1
1
1
1
1
1
1
1
1
1
1
1
1
1
1
1
1
1
1
1
1
1
1
1
1
1
1
1
1
1
1
1
1
1
1
1
1
1
1
1
1
1
1
1
1
1
1
1
1
1
1
1
1
1
1
1
1
1
1
1
1
1
1
1
1
1
1
1
1
1
1
1
1
1
1
1
1
1
1
1
1
1
1
1
1
1
1
1
1
1
1
1
1
1
1
1
1
1
1
1
1
1
1
1
1
1
1
1
1
1
1
1
1
1
1
1
1
1
1
1
1
1
1
1
1
1
1
1
1
1
1
1
1
1
1
1
1
1
1
1
1
1
1
1
1
1
1
1
1
1
1
1
1
1
1
1
1
1
1
1
1
1
1
1
1
1
1
1
1
1
1
1
1
1
1
1
1
1
1
1
1
1
1
1
1
1
1
1
1
1
1
1
1
1
1
1
1
1
1
1
1
1
1
1
1
1
1
1
1
1
1
1
1
1
1
1
1
1
1
1
1
1
1
1
1
1
1
1
1
1
1
1
1
1
1
1
1
1
1
1
1
1
1
1
1
1
1
1
1
1
1
1
1
1
1
1
1
1
1
1
1
1
1
1
1
1
1
1
1
1
1
1
1
1
1
1
1
1
1
1
1
1
1
1
1
1
1
1
1
1
1
1
1
1
1
1
1
1
1
1
1
1
1
1
1
1
1
1
1
1
1
1
1
1
1
1
1
1
1
1
1
1
1
1
1
1
1
1
1
1
1
1
1
1
1
1
1
1
1
1
1
1
1
1
1
1
1
1
1
1
1
1
1
1
1
1
1
1
1
1
1
1
1
1
1
1
1
1
1
1
1
1
1
1
1
1
1
1
1
1
1
1
1
1
1
1
1
1
1
1
1
1
1
1
1
1
1
1
1
1
1
1
1
1
1
1
1
1
1
1
1
1
1
1
1
1
1
1
1
1
1
1
1
1
1
1
1
1
1
1
1
1
1
1
1
1
1
1
1
1
1
1
1
1
1
1
1
1
1
1
1
1
1
1
1
1
1
1
1
1
1
1
1
1
1
1
1
1
1
1
1
1
1
1
1
1
1
1
1
1
1
1
1
1
1
1
1
1
1
1
1
1
1
1
1
1
1
1
1
1
1
1
1
1
1
1
1
1
1
1
1
1
1
1
1
1
1
1
1
1
1
1
1
1
1
1
1
1
1
1
1
1
1
1
1
1
1
1
1
1
1
1
1
1
1
1
1
1
1
1
1
1
1
1
1
1
1
1
1
1
1
1
1
1
1
1
1
1
1
1
1
1
1
1
1
1
1
1
1
1
1
1
1
1
1
1
1
1
1
1
1
1
1
1
1
1
1
1
1
1
1
1
1
1
1
1
1
1
1
1
1
1
1
1
1
1
1
1
1
1
1
1
1
1
1
1
1
1
1
1
1
1
1
1
1
1
1
1
1
1
1
1
1
1
1
1
1
1
1
1
1
1
1
1
1
1
1
1
1
1
1
1
1
1
1
1
1
1
1
1
1
1
1
1
1
1
1
1
1
1
1
1
1
1
1
1
1
1
1
1
1
1
1
1
1
1
1
1
1
1
1
1
1
1
1
1
1
1
1
1
1
1
1
1
1
1
1
1
1
1
1
1
1
1
1
1
1
1
1
1
1
1
1
1
1
1
1
1
1
1
1
1
1
1
1
1
1
1
1
1
1
1
1
1
1
1
1
1
1
1
1
1
1
1
1
1
1
1
1
1
1
1
1
1
1
1
1
1
1
1
1
1
1
1
1
1
1
1
1
1
1
1
1
1
1
1
1
1
1
1
1
1
1
1
1
1
1
1
1
1
1
1
1
1
1
1
1
1
1
1
1
1
1
1
1
1
1
1
1
1
1
1
1
1
1
1
1
1
1
1
1
1
1
1
1
1
1
1
1
1
1
1
1
1
1
1
1
1
1
1
1
1
1
1
1
1
1
1
1
1
1
1
1
1
1
1
1
1
1
1
1
1
1
1
1
1
1
1
1
1
1
1
1
1
1
1
1
1
1
1
1
1
1
1
1
1
1
1
1
1
1
1
1
1
1
1
1
1
1
1
1
1
1
1
1
1
1
1
1
1
1
1
1
1
1
1
1
1
1
1
1
1
1
1
1
1
1
1
1
1
1
1
1
1
1
1
1
1
1
1
1
1
1
1
1
1
1
1
1
1
1
1
1
1
1
1
1
1
1
1
1
1
1
1
1
1
1
1
1
1
1
1
1
1
1
1
1
1
1
1
1
1
1
1
1
1
1
1
1
1
1
1
1
1
1
1
1
1
1
1
1
1
1
1
1
1
1
1
1
1
1
1
1
1
1
1
1
1
1
1
1
1
1
1
1
1
1
1
1
1
1
1
1
1
1
1
1
1
1
1
1
1
1
1
1
1
1
1
1
1
1
1
1
1
1
1
1
1
1
1
1
1
1
1
1
1
1
1
1
1
1
1
1
1
1
1
1
1
1
1
1
1
1
1
1
1
1
1
1
1
1
1
1
1
1
1
1
1
1
1
1
1
1
1
1
1
1
1
1
1
1
1
1
1
1
1
1
1
1
1
1
1
1
1
1
1
1
1
1
1
1
1
1
1
1
1
1
1
1
1
1
1
1
1
1
1
1
1
1
1
1
1
1
1
1
1
1
1
1
1
1
1
1
1
1
1
1
1
1
1
1
1
1
1
1
1
1
1
1
1
1
1
1
1
1
1
1
1
1
1
1
1
1
1
1
1
1
1
1
1
1
1
1
1
1
1
1
1
1
1
1
1
1
1
1
1
1
1
1
1
1
1
1
1
1
1
1
1
1
1
1
1
1
1
1
1
1
1
1
1
1
1
1
1
1
1
1
1
1
1
1
1
1
1
1
1
1
1
1
1
1
1
1
1
1
1
1
1
1
1
1
1
1
1
1
1
1
1
1
1
1
1
1
1
1
1
1
1
1
1
1
1
1
1
1
1
1
1
1
1
1
1
1
1
1
1
1
1
1
1
1
1
1
1
1
1
1
1
1
1
1
1
1
1
1
1
1
1
1
1
1
1
1
1
1
1
1
1
1
1
1
1
1
1
1
1
1
1
1
1
1
1
1
1
1
1
1
1
1
1
1
1
1
1
1
1
1
1
1
1
1
1
1
1
1
1
1
1
1
1
1
1
1
1
1
1
1
1
1
1
1
1
1
1
1
1
1
1
1
1
1
1
1
1
1
1
1
1
1
1
1
1
1
1
1
1
1
1
1
1
1
1
1
1
1
1
1
1
1
1
1
1
1
1
1
1
1
1
1
1
1
1
1
1
1
1
1
1
1
1
1
1
1
1
1
1
1
1
1
1
1
1
1
1
1
1
1
1
1
1
1
1
1
1
1
1
1
1
1
1
1
1
1
1
1
1
1
1
1
1
1
1
1
1
1
1
1
1
1
1
1
1
1
1
1
1
1
1
1
1
1
1
1
1
1
1
1
1
1
1
1
1
1
1
1
1
1
1
1
1
1
1
1
1
1
1
1
1
1
1
1
1
1
1
1
1
1
1
1
1
1
1
1
1
1
1
1
1
1
1
1
1
1
1
1
1
1
1
1
1
1
1
1
1
1
1
1
1
1
1
1
1
1
1
1
1
1
1
1
1
1
1
1
1
1
1
1
1
1
1
1
1
1
1
1
1
1
1
1
1
1
1
1
1
1
1
1
1
1
1
1
1
1
1
1
1
1
1
1
1
1
1
1
1
1
1
1
1
1
1
1
1
1
1
1
1
1
1
1
1
1
1
1
1
1
1
1
1
1
1
1
1
1
1
1
1
1
1
1
1
1
1
1
1
1
1
1
1
1
1
1
1
1
1
1
1
1
1
1
1
1
1
1
1
1
1
1
1
1
1
1
1
1
1
1
1
1
1
1
1
1
1
1
1
1
1
1
1
1
1
1
1
1
1
1
1
1
1
1
1
1
1
1
1
1
1
1
1
1
1
1
1
1
1
1
1
1
1
1
1
1
1
1
1
1
1
1
1
1
1
1
1
1
1
1
1
1
1
1
1
1
1
1
1
1
1
1
1
1
1
1
1
1
1
1
1
1
1
1
1
1
1
1
1
1
1
1
1
1
1
1
1
1
1
1
1
1
1
1
1
1
1
1
1
1
1
1
1
1
1
1
1
1
1
1
1
1
1
1
1
1
1
1
1
1
1
1
1
1
1
1
1
1
1
1
1
1
1
1
1
1
1
1
1
1
1
1
1
1
1
1
1
1
1
1
1
1
1
1
1
1
1
1
1
1
1
1
1
1
1
1
1
1
1
1
1
1
1
1
1
1
1
1
1
1
1
1
1
1
1
1
1
1
1
1
1
1
1
1
1
1
1
1
1
1
1
1
1
1
1
1
1
1
1
1
1
1
1
1
1
1
1
1
1
1
1
1
1
1
1
1
1
1
1
1
1
1
1
1
1
1
1
1
1
1
1
1
1
1
1
1
1
1
1
1
1
1
1
1
1
1
1
1
1
1
1
1
1
1
1
1
1
1
1
1
1
1
1
1
1
1
1
1
1
1
1
1
1
1
1
1
1
1
1
1
1
1
1
1
1
1
1
1
1
1
1
1
1
1
1
1
1
1
1
1
1
1
1
1
1
1
1
1
1
1
1
1
1
1
1
1
1
1
1
1
1
1
1
1
1
1
1
1
1
1
1
1
1
1
1
1
1
1
1
1
1
1
1
1
1
1
1
1
1
1
1
1
1
1
1
1
1
1
1
1
1
1
1
1
1
1
1
1
1
1
1
1
1
1
1
1
1
1
1
1
1
1
1
1
1
1
1
1
1
1
1
1
1
1
1
1
1
1
1
1
1
1
1
1
1
1
1
1
1
1
1
1
1
1
1
1
1
1
1
1
1
1
1
1
1
1
1
1
1
1
1
1
1
1
1
1
1
1
1
1
1
1
1
1
1
1
1
1
1
1
1
1
1
1
1
1
1
1
1
1
1
1
1
1
1
1
1
1
1
1
1
1
1
1
1
1
1
1
1
1
1
1
1
1
1
1
1
1
1
1
1
1
1
1
1
1
1
1
1
1
1
1
1
1
1
1
1
1
1
1
1
1
1
1
1
1
1
1
1
1
1
1
1
1
1
1
1
1
1
1
1
1
1
1
1
1
1
1
1
1
1
1
1
1
1
1
1
1
1
1
1
1
1
1
1
1
1
1
1
1
1
1
1
1
1
1
1
1
1
1
1
1
1
1
1
1
1
1
1
1
1
1
1
1
1
1
1
1
1
1
1
1
1
1
1
1
1
1
1
1
1
1
1
1
1
1
1
1
1
1
1
1
1
1
1
1
1
1
1
1
1
1
1
1
1
1
1
1
1
1
1
1
1
1
1
1
1
1
1
1
1
1
1
1
1
1
1
1
1
1
1
1
1
1
1
1
1
1
1
1
1
1
1
1
1
1
1
1
1
1
1
1
1
1
1
1
1
1
1
1
1
1
1
1
1
1
1
1
1
1
1
1
1
1
1
1
1
1
1
1
1
1
1
1
1
1
1
1
1
1
1
1
1
1
1
1
1
1
1
1
1
1
1
1
1
1
1
1
1
1
1
1
1
1
1
1
1
1
1
1
1
1
1
1
1
1
1
1
1
1
1
1
1
1
1
1
1
1
1
1
1
1
1
1
1
1
1
1
1
1
1
1
1
1
1
1
1
1
1
1
1
1
1
1
1
1
1
1
1
1
1
1
1
1
1
1
1
1
1
1
1
1
1
1
1
1
1
1
1
1
1
1
1
1
1
1
1
1
1
1
1
1
1
1
1
1
1
1
1
1
1
1
1
1
1
1
1
1
1
1
1
1
1
1
1
1
1
1
1
1
1
1
1
1
1
1
1
1
1
1
1
1
1
1
1
1
1
1
1
1
1
1
1
1
1
1
1
1
1
1
1
1
1
1
1
1
1
1
1
1
1
1
1
1
1
1
1
1
1
1
1
1
1
1
1
1
1
1
1
1
1
1
1
1
1
1
1
1
1
1
1
1
1
1
1
1
1
1
1
1
1
1
1
1
1
1
1
1
1
1
1
1
1
1
1
1
1
1
1
1
1
1
1
1
1
1
1
1
1
1
1
1
1
1
1
1
1
1
1
1
1
1
1
1
1
1
1
1
1
1
1
1
1
1
1
1
1
1
1
1
1
1
1
1
1
1
1
1
1
1
1
1
1
1
1
1
1
1
1
1
1
1
1
1
1
1
1
1
1
1
1
1
1
1
1
1
1
1
1
1
1
1
1
1
1
1
1
1
1
1
1
1
1
1
1
1
1
1
1
1
1
1
1
1
1
1
1
1
1
1
1
1
1
1
1
1
1
1
1
1
1
1
1
1
1
1
1
1
1
1
1
1
1
1
1
1
1
1
1
1
1
1
1
1
1
1
1
1
1
1
1
1
1
1
1
1
1
1
1
1
1
1
1
1
1
1
1
1
1
1
1
1
1
1
1
1
1
1
1
1
1
1
1
1
1
1
1
1
1
1
1
1
1
1
1
1
1
1
1
1
1
1
1
1
1
1
1
1
1
1
1
1
1
1
1
1
1
1
1
1
1
1
1
1
1
1
1
1
1
1
1
1
1
1
1
1
1
1
1
1
1
1
1
1
1
1
1
1
1
1
1
1
1
1
1
1
1
1
1
1
1
1
1
1
1
1
1
1
1
1
1
1
1
1
1
1
1
1
1
1
1
1
1
1
1
1
1
1
1
1
1
1
1
1
1
1
1
1
1
1
1
1
1
1
1
1
1
1
1
1
1
1
1
1
1
1
1
1
1
1
1
1
1
1
1
1
1
1
1
1
1
1
1
1
1
1
1
1
1
1
1
1
1
1
1
1
1
1
1
1
1
1
1
1
1
1
1
1
1
1
1
1
1
1
1
1
1
1
1
1
1
1
1
1
1
1
1
1
1
1
1
1
1
1
1
1
1
1
1
1
1
1
1
1
1
1
1
1
1
1
1
1
1
1
1
1
1
1
1
1
1
1
1
1
1
1
1
1
1
1
1
1
1
1
1
1
1
1
1
1
1
1
1
1
1
1
1
1
1
1
1
1
1
1
1
1
1
1
1
1
1
1
1
1
1
1
1
1
1
1
1
1
1
1
1
1
1
1
1
1
1
1
1
1
1
1
1
1
1
1
1
1
1
1
1
1
1
1
1
1
1
1
1
1
1
1
1
1
1
1
1
1
1
1
1
1
1
1
1
1
1
1
1
1
1
1
1
1
1
1
1
1
1
1
1
1
1
1
1
1
1
1
1
1
1
1
1
1
1
1
1
1
1
1
1
1
1
1
1
1
1
1
1
1
1
1
1
1
1
1
1
1
1
1
1
1
1
1
1
1
1
1
1
1
1
1
1
1
1
1
1
1
1
1
1
1
1
1
1
1
1
1
1
1
1
1
1
1
1
1
1
1
1
1
1
1
1
1
1
1
1
1
1
1
1
1
1
1
1
1
1
1
1
1
1
1
1
1
1
1
1
1
1
1
1
1
1
1
1
1
1
1
1
1
1
1
1
1
1
1
1
1
1
1
1
1
1
1
1
1
1
1
1
1
1
1
1
1
1
1
1
1
1
1
1
1
1
1
1
1
1
1
1
1
1
1
1
1
1
1
1
1
1
1
1
1
1
1
1
1
1
1
1
1
1
1
1
1
1
1
1
1
1
1
1
1
1
1
1
1
1
1
1
1
1
1
1
1
1
1
1
1
1
1
1
1
1
1
1
1
1
1
1
1
1
1
1
1
1
1
1
1
1
1
1
1
1
1
1
1
1
1
1
1
1
1
1
1
1
1
1
1
1
1
1
1
1
1
1
1
1
1
1
1
1
1
1
1
1
1
1
1
1
1
1
1
1
1
1
1
1
1
1
1
1
1
1
1
1
1
1
1
1
1
1
1
1
1
1
1
1
1
1
1
1
1
1
1
1
1
1
1
1
1
1
1
1
1
1
1
1
1
1
1
1
1
1
1
1
1
1
1
1
1
1
1
1
1
1
1
1
1
1
1
1
1
1
1
1
1
1
1
1
1
1
1
1
1
1
1
1
1
1
1
1
1
1
1
1
1
1
1
1
1
1
1
1
1
1
1
1
1
1
1
1
1
1
1
1
1
1
1
1
1
1
1
1
1
1
1
1
1
1
1
1
1
1
1
1
1
1
1
1
1
1
1
1
1
1
1
1
1
1
1
1
1
1
1
1
1
1
1
1
1
1
1
1
1
1
1
1
1
1
1
1
1
1
1
1
1
1
1
1
1
1
1
1
1
1
1
1
1
1
1
1
1
1
1
1
1
1
1
1
1
1
1
1
1
1
1
1
1
1
1
1
1
1
1
1
1
1
1
1
1
1
1
1
1
1
1
1
1
1
1
1
1
1
1
1
1
1
1
1
1
1
1
1
1
1
1
1
1
1
1
1
1
1
1
1
1
1
1
1
1
1
1
1
1
1
1
1
1
1
1
1
1
1
1
1
1
1
1
1
1
1
1
1
1
1
1
1
1
1
1
1
1
1
1
1
1
1
1
1
1
1
1
1
1
1
1
1
1
1
1
1
1
1
1
1
1
1
1
1
1
1
1
1
1
1
1
1
1
1
1
1
1
1
1
1
1
1
1
1
1
1
1
1
1
1
1
1
1
1
1
1
1
1
1
1
1
1
1
1
1
1
1
1
1
1
1
1
1
1
1
1
1
1
1
1
1
1
1
1
1
1
1
1
1
1
1
1
1
1
1
1
1
1
1
1
1
1
1
1
1
1
1
1
1
1
1
1
1
1
1
1
1
1
1
1
1
1
1
1
1
1
1
1
1
1
1
1
1
1
1
1
1
1
1
1
1
1
1
1
1
1
1
1
1
1
1
1
1
1
1
1
1
1
1
1
1
1
1
1
1
1
1
1
1
1
1
1
1
1
1
1
1
1
1
1
1
1
1
1
1
1
1
1
1
1
1
1
1
1
1
1
1
1
1
1
1
1
1
1
1
1
1
1
1
1
1
1
1
1
1
1
1
1
1
1
1
1
1
1
1
1
1
1
1
1
1
1
1
1
1
1
1
1
1
1
1
1
1
1
1
1
1
1
1
1
1
1
1
1
1
1
1
1
1
1
1
1
1
1
1
1
1
1
1
1
1
1
1
1
1
1
1
1
1
1
1
1
1
1
1
1
1
1
1
1
1
1
1
1
1
1
1
1
1
1
1
1
1
1
1
1
1
1
1
1
1
1
1
1
1
1
1
1
1
1
1
1
1
1
1
1
1
1
1
1
1
1
1
1
1
1
1
1
1
1
1
1
1
1
1
1
1
1
1
1
1
1
1
1
1
1
1
1
1
1
1
1
1
1
1
1
1
1
1
1
1
1
1
1
1
1
1
1
1
1
1
1
1
1
1
1
1
1
1
1
1
1
1
1
1
1
1
1
1
1
1
1
1
1
1
1
1
1
1
1
1
1
1
1
1
1
1
1
1
1
1
1
1
1
1
1
1
1
1
1
1
1
1
1
1
1
1
1
1
1
1
1
1
1
1
1
1
1
1
1
1
1
1
1
1
1
1
1
1
1
1
1
1
1
1
1
1
1
1
1
1
1
1
1
1
1
1
1
1
1
1
1
1
1
1
1
1
1
1
1
1
1
1
1
1
1
1
1
1
1
1
1
1
1
1
1
1
1
1
1
1
1
1
1
1
1
1
1
1
1
1
1
1
1
1
1
1
1
1
1
1
1
1
1
1
1
1
1
1
1
1
1
1
1
1
1
1
1
1
1
1
1
1
1
1
1
1
1
1
1
1
1
1
1
1
1
1
1
1
1
1
1
1
1
1
1
1
1
1
1
1
1
1
1
1
1
1
1
1
1
1
1
1
1
1
1
1
1
1
1
1
1
1
1
1
1
1
1
1
1
1
1
1
1
1
1
1
1
1
1
1
1
1
1
1
1
1
1
1
1
1
1
1
1
1
1
1
1
1
1
1
1
1
1
1
1
1
1
1
1
1
1
1
1
1
1
1
1
1
1
1
1
1
1
1
1
1
1
1
1
1
1
1
1
1
1
1
1
1
1
1
1
1
1
1
1
1
1
1
1
1
1
1
1
1
1
1
1
1
1
1
1
1
1
1
1
1
1
1
1
1
1
1
1
1
1
1
1
1
1
1
1
1
1
1
1
1
1
1
1
1
1
1
1
1
1
1
1
1
1
1
1
1
1
1
1
1
1
1
1
1
1
1
1
1
1
1
1
1
1
1
1
1
1
1
1
1
1
1
1
1
1
1
1
1
1
1
1
1
1
1
1
1
1
1
1
1
1
1
1
1
1
1
1
1
1
1
1
1
1
1
1
1
1
1
1
1
1
1
1
1
1
1
1
1
1
1
1
1
1
1
1
1
1
1
1
1
1
1
1
1
1
1
1
1
1
1
1
1
1
1
1
1
1
1
1
1
1
1
1
1
1
1
1
1
1
1
1
1
1
1
1
1
1
1
1
1
1
1
1
1
1
1
1
1
1
1
1
1
1
1
1
1
1
1
1
1
1
1
1
1
1
1
1
1
1
1
1
1
1
1
1
1
1
1
1
1
1
1
1
1
1
1
1
1
1
1
1
1
1
1
1
1
1
1
1
1
1
1
1
1
1
1
1
1
1
1
1
1
1
1
1
1
1
1
1
1
1
1
1
1
1
1
1
1
1
1
1
1
1
1
1
1
1
1
1
1
1
1
1
1
1
1
1
1
1
1
1
1
1
1
1
1
1
1
1
1
1
1
1
1
1
1
1
1
1
1
1
1
1
1
1
1
1
1
1
1
1
1
1
1
1
1
1
1
1
1
1
1
1
1
1
1
1
1
1
1
1
1
1
1
1
1
1
1
1
1
1
1
1
1
1
1
1
1
1
1
1
1
1
1
1
1
1
1
1
1
1
1
1
1
1
1
1
1
1
1
1
1
1
1
1
1
1
1
1
1
1
1
1
1
1
1
1
1
1
1
1
1
1
1
1
1
1
1
1
1
1
1
1
1
1
1
1
1
1
1
1
1
1
1
1
1
1
1
1
1
1
1
1
1
1
1
1
1
1
1
1
1
1
1
1
1
1
1
1
1
1
1
1
1
1
1
1
1
1
1
1
1
1
1
1
1
1
1
1
1
1
1
1
1
1
1
1
1
1
1
1
1
1
1
1
1
1
1
1
1
1
1
1
1
1
1
1
1
1
1
1
1
1
1
1
1
1
1
1
1
1
1
1
1
1
1
1
1
1
1
1
1
1
1
1
1
1
1
1
1
1
1
1
1
1
1
1
1
1
1
1
1
1
1
1
1
1
1
1
1
1
1
1
1
1
1
1
1
1
1
1
1
1
1
1
1
1
1
1
1
1
1
1
1
1
1
1
1
1
1
1
1
1
1
1
1
1
1
1
1
1
1
1
1
1
1
1
1
1
1
1
1
1
1
1
1
1
1
1
1
1
1
1
1
1
1
1
1
1
1
1
1
1
1
1
1
1
1
1
1
1
1
1
1
1
1
1
1
1
1
1
1
1
1
1
1
1
1
1
1
1
1
1
1
1
1
1
1
1
1
1
1
1
1
1
1
1
1
1
1
1
1
1
1
1
1
1
1
1
1
1
1
1
1
1
1
1
1
1
1
1
1
1
1
1
1
1
1
1
1
1
1
1
1
1
1
1
1
1
1
1
1
1
1
1
1
1
1
1
1
1
1
1
1
1
1
1
1
1
1
1
1
1
1
1
1
1
1
1
1
1
1
1
1
1
1
1
1
1
1
1
1
1
1
1
1
1
1
1
1
1
1
1
1
1
1
1
1
1
1
1
1
1
1
1
1
1
1
1
1
1
1
1
1
1
1
1
1
1
1
1
1
1
1
1
1
1
1
1
1
1
1
1
1
1
1
1
1
1
1
1
1
1
1
1
1
1
1
1
1
1
1
1
1
1
1
1
1
1
1
1
1
1
1
1
1
1
1
1
1
1
1
1
1
1
1
1
1
1
1
1
1
1
1
1
1
1
1
1
1
1
1
1
1
1
1
1
1
1
1
1
1
1
1
1
1
1
1
1
1
1
1
1
1
1
1
1
1
1
1
1
1
1
1
1
1
1
1
1
1
1
1
1
1
1
1
1
1
1
1
1
1
1
1
1
1
1
1
1
1
1
1
1
1
1
1
1
1
1
1
1
1
1
1
1
1
1
1
1
1
1
1
1
1
1
1
1
1
1
1
1
1
1
1
1
1
1
1
1
1
1
1
1
1
1
1
1
1
1
1
1
1
1
1
1
1
1
1
1
1
1
1
1
1
1
1
1
1
1
1
1
1
1
1
1
1
1
1
1
1
1
1
1
1
1
1
1
1
1
1
1
1
1
1
1
1
1
1
1
1
1
1
1
1
1
1
1
1
1
1
1
1
1
1
1
1
1
1
1
1
1
1
1
1
1
1
1
1
1
1
1
1
1
1
1
1
1
1
1
1
1
1
1
1
1
1
1
1
1
1
1
1
1
1
1
1
1
1
1
1
1
1
1
1
1
1
1
1
1
1
1
1
1
1
1
1
1
1
1
1
1
1
1
1
1
1
1
1
1
1
1
1
1
1
1
1
1
1
1
1
1
1
1
1
1
1
1
1
1
1
1
1
1
1
1
1
1
1
1
1
1
1
1
1
1
1
1
1
1
1
1
1
1
1
1
1
1
1
1
1
1
1
1
1
1
1
1
1
1
1
1
1
1
1
1
1
1
1
1
1
1
1
1
1
1
1
1
1
1
1
1
1
1
1
1
1
1
1
1
1
1
1
1
1
1
1
1
1
1
1
1
1
1
1
1
1
1
1
1
1
1
1
1
1
1
1
1
1
1
1
1
1
1
1
1
1
1
1
1
1
1
1
1
1
1
1
1
1
1
1
1
1
1
1
1
1
1
1
1
1
1
1
1
1
1
1
1
1
1
1
1
1
1
1
1
1
1
1
1
1
1
1
1
1
1
1
1
1
1
1
1
1
1
1
1
1
1
1
1
1
1
1
1
1
1
1
1
1
1
1
1
1
1
1
1
1
1
1
1
1
1
1
1
1
1
1
1
1
1
1
1
1
1
1
1
1
1
1
1
1
1
1
1
1
1
1
1
1
1
1
1
1
1
1
1
1
1
1
1
1
1
1
1
1
1
1
1
1
1
1
1
1
1
1
1
1
1
1
1
1
1
1
1
1
1
1
1
1
1
1
1
1
1
1
1
1
1
1
1
1
1
1
1
1
1
1
1
1
1
1
1
1
1
1
1
1
1
1
1
1
1
1
1
1
1
1
1
1
1
1
1
1
1
1
1
1
1
1
1
1
1
1
1
1
1
1
1
1
1
1
1
1
1
1
1
1
1
1
1
1
1
1
1
1
1
1
1
1
1
1
1
1
1
1
1
1
1
1
1
1
1
1
1
1
1
1
1
1
1
1
1
1
1
1
1
1
1
1
1
1
1
1
1
1
1
1
1
1
1
1
1
1
1
1
1
1
1
1
1
1
1
1
1
1
1
1
1
1
1
1
1
1
1
1
1
1
1
1
1
1
1
1
1
1
1
1
1
1
1
1
1
1
1
1
1
1
1
1
1
1
1
1
1
1
1
1
1
1
1
1
1
1
1
1
1
1
1
1
1
1
1
1
1
1
1
1
1
1
1
1
1
1
1
1
1
1
1
1
1
1
1
1
1
1
1
1
1
1
1
1
1
1
1
1
1
1
1
1
1
1
1
1
1
1
1
1
1
1
1
1
1
1
1
1
1
1
1
1
1
1
1
1
1
1
1
1
1
1
1
1
1
1
1
1
1
1
1
1
1
1
1
1
1
1
1
1
1
1
1
1
1
1
1
1
1
1
1
1
1
1
1
1
1
1
1
1
1
1
1
1
1
1
1
1
1
1
1
1
1
1
1
1
1
1
1
1
1
1
1
1
1
1
1
1
1
1
1
1
1
1
1
1
1
1
1
1
1
1
1
1
1
1
1
1
1
1
1
1
1
1
1
1
1
1
1
1
1
1
1
1
1
1
1
1
1
1
1
1
1
1
1
1
1
1
1
1
1
1
1
1
1
1
1
1
1
1
1
1
1
1
1
1
1
1
1
1
1
1
1
1
1
1
1
1
1
1
1
1
1
1
1
1
1
1
1
1
1
1
1
1
1
1
1
1
1
1
1
1
1
1
1
1
1
1
1
1
1
1
1
1
1
1
1
1
1
1
1
1
1
1
1
1
1
1
1
1
1
1
1
1
1
1
1
1
1
1
1
1
1
1
1
1
1
1
1
1
1
1
1
1
1
1
1
1
1
1
1
1
1
1
1
1
1
1
1
1
1
1
1
1
1
1
1
1
1
1
1
1
1
1
1
1
1
1
1
1
1
1
1
1
1
1
1
1
1
1
1
1
1
1
1
1
1
1
1
1
1
1
1
1
1
1
1
1
1
1
1
1
1
1
1
1
1
1
1
1
1
1
1
1
1
1
1
1
1
1
1
1
1
1
1
1
1
1
1
1
1
1
1
1
1
1
1
1
1
1
1
1
1
1
1
1
1
1
1
1
1
1
1
1
1
1
1
1
1
1
1
1
1
1
1
1
1
1
1
1
1
1
1
1
1
1
1
1
1
1
1
1
1
1
1
1
1
1
1
1
1
1
1
1
1
1
1
1
1
1
1
1
1
1
1
1
1
1
1
1
1
1
1
1
1
1
1
1
1
1
1
1
1
1
1
1
1
1
1
1
1
1
1
1
1
1
1
1
1
1
1
1
1
1
1
1
1
1
1
1
1
1
1
1
1
1
1
1
1
1
1
1
1
1
1
1
1
1
1
1
1
1
1
1
1
1
1
1
1
1
1
1
1
1
1
1
1
1
1
1
1
1
1
1
1
1
1
1
1
1
1
1
1
1
1
1
1
1
1
1
1
1
1
1
1
1
1
1
1
1
1
1
1
1
1
1
1
1
1
1
1
1
1
1
1
1
1
1
1
1
1
1
1
1
1
1
1
1
1
1
1
1
1
1
1
1
1
1
1
1
1
1
1
1
1
1
1
1
1
1
1
1
1
1
1
1
1
1
1
1
1
1
1
1
1
1
1
1
1
1
1
1
1
1
1
1
1
1
1
1
1
1
1
1
1
1
1
1
1
1
1
1
1
1
1
1
1
1
1
1
1
1
1
1
1
1
1
1
1
1
1
1
1
1
1
1
1
1
1
1
1
1
1
1
1
1
1
1
1
1
1
1
1
1
1
1
1
1
1
1
1
1
1
1
1
1
1
1
1
1
1
1
1
1
1
1
1
1
1
1
1
1
1
1
1
1
1
1
1
1
1
1
1
1
1
1
1
1
1
1
1
1
1
1
1
1
1
1
1
1
1
1
1
1
1
1
1
1
1
1
1
1
1
1
1
1
1
1
1
1
1
1
1
1
1
1
1
1
1
1
1
1
1
1
1
1
1
1
1
1
1
1
1
1
1
1
1
1
1
1
1
1
1
1
1
1
1
1
1
1
1
1
1
1
1
1
1
1
1
1
1
1
1
1
1
1
1
1
1
1
1
1
1
1
1
1
1
1
1
1
1
1
1
1
1
1
1
1
1
1
1
1
1
1
1
1
1
1
1
1
1
1
1
1
1
1
1
1
1
1
1
1
1
1
1
1
1
1
1
1
1
1
1
1
1
1
1
1
1
1
1
1
1
1
1
1
1
1
1
1
1
1
1
1
1
1
1
1
1
1
1
1
1
1
1
1
1
1
1
1
1
1
1
1
1
1
1
1
1
1
1
1
1
1
1
1
1
1
1
1
1
1
1
1
1
1
1
1
1
1
1
1
1
1
1
1
1
1
1
1
1
1
1
1
1
1
1
1
1
1
1
1
1
1
1
1
1
1
1
1
1
1
1
1
1
1
1
1
1
1
1
1
1
1
1
1
1
1
1
1
1
1
1
1
1
1
1
1
1
1
1
1
1
1
1
1
1
1
1
1
1
1
1
1
1
1
1
1
1
1
1
1
1
1
1
1
1
1
1
1
1
1
1
1
1
1
1
1
1
1
1
1
1
1
1
1
1
1
1
1
1
1
1
1
1
1
1
1
1
1
1
1
1
1
1
1
1
1
1
1
1
1
1
1
1
1
1
1
1
1
1
1
1
1
1
1
1
1
1
1
1
1
1
1
1
1
1
1
1
1
1
1
1
1
1
1
1
1
1
1
1
1
1
1
1
1
1
1
1
1
1
1
1
1
1
1
1
1
1
1
1
1
1
1
1
1
1
1
1
1
1
1
1
1
1
1
1
1
1
1
1
1
1
1
1
1
1
1
1
1
1
1
1
1
1
1
1
1
1
1
1
1
1
1
1
1
1
1
1
1
1
1
1
1
1
1
1
1
1
1
1
1
1
1
1
1
1
1
1
1
1
1
1
1
1
1
1
1
1
1
1
1
1
1
1
1
1
1
1
1
1
1
1
1
1
1
1
1
1
1
1
1
1
1
1
1
1
1
1
1
1
1
1
1
1
1
1
1
1
1
1
1
1
1
1
1
1
1
1
1
1
1
1
1
1
1
1
1
1
1
1
1
1
1
1
1
1
1
1
1
1
1
1
1
1
1
1
1
1
1
1
1
1
1
1
1
1
1
1
1
1
1
1
1
1
1
1
1
1
1
1
1
1
1
1
1
1
1
1
1
1
1
1
1
1
1
1
1
1
1
1
1
1
1
1
1
1
1
1
1
1
1
1
1
1
1
1
1
1
1
1
1
1
1
1
1
1
1
1
1
1
1
1
1
1
1
1
1
1
1
1
1
1
1
1
1
1
1
1
1
1
1
1
1
1
1
1
1
1
1
1
1
1
1
1
1
1
1
1
1
1
1
1
1
1
1
1
1
1
1
1
1
1
1
1
1
1
1
1
1
1
1
1
1
1
1
1
1
1
1
1
1
1
1
1
1
1
1
1
1
1
1
1
1
1
1
1
1
1
1
1
1
1
1
1
1
1
1
1
1
1
1
1
1
1
1
1
1
1
1
1
1
1
1
1
1
1
1
1
1
1
1
1
1
1
1
1
1
1
1
1
1
1
1
1
1
1
1
1
1
1
1
1
1
1
1
1
1
1
1
1
1
1
1
1
1
1
1
1
1
1
1
1
1
1
1
1
1
1
1
1
1
1
1
1
1
1
1
1
1
1
1
1
1
1
1
1
1
1
1
1
1
1
1
1
1
1
1
1
1
1
1
1
1
1
1
1
1
1
1
1
1
1
1
1
1
1
1
1
1
1
1
1
1
1
1
1
1
1
1
1
1
1
1
1
1
1
1
1
1
1
1
1
1
1
1
1
1
1
1
1
1
1
1
1
1
1
1
1
1
1
1
1
1
1
1
1
1
1
1
1
1
1
1
1
1
1
1
1
1
1
1
1
1
1
1
1
1
1
1
1
1
1
1
1
1
1
1
1
1
1
1
1
1
1
1
1
1
1
1
1
1
1
1
1
1
1
1
1
1
1
1
1
1
1
1
1
1
1
1
1
1
1
1
1
1
1
1
1
1
1
1
1
1
1
1
1
1
1
1
1
1
1
1
1
1
1
1
1
1
1
1
1
1
1
1
1
1
1
1
1
1
1
1
1
1
1
1
1
1
1
1
1
1
1
1
1
1
1
1
1
1
1
1
1
1
1
1
1
1
1
1
1
1
1
1
1
1
1
1
1
1
1
1
1
1
1
1
1
1
1
1
1
1
1
1
1
1
1
1
1
1
1
1
1
1
1
1
1
1
1
1
1
1
1
1
1
1
1
1
1
1
1
1
1
1
1
1
1
1
1
1
1
1
1
1
1
1
1
1
1
1
1
1
1
1
1
1
1
1
1
1
1
1
1
1
1
1
1
1
1
1
1
1
1
1
1
1
1
1
1
1
1
1
1
1
1
1
1
1
1
1
1
1
1
1
1
1
1
1
1
1
1
1
1
1
1
1
1
1
1
1
1
1
1
1
1
1
1
1
1
1
1
1
1
1
1
1
1
1
1
1
1
1
1
1
1
1
1
1
1
1
1
1
1
1
1
1
1
1
1
1
1
1
1
1
1
1
1
1
1
1
1
1
1
1
1
1
1
1
1
1
1
1
1
1
1
1
1
1
1
1
1
1
1
1
1
1
1
1
1
1
1
1
1
1
1
1
1
1
1
1
1
1
1
1
1
1
1
1
1
1
1
1
1
1
1
1
1
1
1
1
1
1
1
1
1
1
1
1
1
1
1
1
1
1
1
1
1
1
1
1
1
1
1
1
1
1
1
1
1
1
1
1
1
1
1
1
1
1
1
1
1
1
1
1
1
1
1
1
1
1
1
1
1
1
1
1
1
1
1
1
1
1
1
1
1
1
1
1
1
1
1
1
1
1
1
1
1
1
1
1
1
1
1
1
1
1
1
1
1
1
1
1
1
1
1
1
1
1
1
1
1
1
1
1
1
1
1
1
1
1
1
1
1
1
1
1
1
1
1
1
1
1
1
1
1
1
1
1
1
1
1
1
1
1
1
1
1
1
1
1
1
1
1
1
1
1
1
1
1
1
1
1
1
1
1
1
1
1
1
1
1
1
1
1
1
1
1
1
1
1
1
1
1
1
1
1
1
1
1
1
1
1
1
1
1
1
1
1
1
1
1
1
1
1
1
1
1
1
1
1
1
1
1
1
1
1
1
1
1
1
1
1
1
1
1
1
1
1
1
1
1
1
1
1
1
1
1
1
1
1
1
1
1
1
1
1
1
1
1
1
1
1
1
1
1
1
1
1
1
1
1
1
1
1
1
1
1
1
1
1
1
1
1
1
1
1
1
1
1
1
1
1
1
1
1
1
1
1
1
1
1
1
1
1
1
1
1
1
1
1
1
1
1
1
1
1
1
1
1
1
1
1
1
1
1
1
1
1
1
1
1
1
1
1
1
1
1
1
1
1
1
1
1
1
1
1
1
1
1
1
1
1
1
1
1
1
1
1
1
1
1
1
1
1
1
1
1
1
1
1
1
1
1
1
1
1
1
1
1
1
1
1
1
1
1
1
1
1
1
1
1
1
1
1
1
1
1
1
1
1
1
1
1
1
1
1
1
1
1
1
1
1
1
1
1
1
1
1
1
1
1
1
1
1
1
1
1
1
1
1
1
1
1
1
1
1
1
1
1
1
1
1
1
1
1
1
1
1
1
1
1
1
1
1
1
1
1
1
1
1
1
1
1
1
1
1
1
1
1
1
1
1
1
1
1
1
1
1
1
1
1
1
1
1
1
1
1
1
1
1
1
1
1
1
1
1
1
1
1
1
1
1
1
1
1
1
1
1
1
1
1
1
1
1
1
1
1
1
1
1
1
1
1
1
1
1
1
1
1
1
1
1
1
1
1
1
1
1
1
1
1
1
1
1
1
1
1
1
1
1
1
1
1
1
1
1
1
1
1
1
1
1
1
1
1
1
1
1
1
1
1
1
1
1
1
1
1
1
1
1
1
1
1
1
1
1
1
1
1
1
1
1
1
1
1
1
1
1
1
1
1
1
1
1
1
1
1
1
1
1
1
1
1
1
1
1
1
1
1
1
1
1
1
1
1
1
1
1
1
1
1
1
1
1
1
1
1
1
1
1
1
1
1
1
1
1
1
1
1
1
1
1
1
1
1
1
1
1
1
1
1
1
1
1
1
1
1
1
1
1
1
1
1
1
1
1
1
1
1
1
1
1
1
1
1
1
1
1
1
1
1
1
1
1
1
1
1
1
1
1
1
1
1
1
1
1
1
1
1
1
1
1
1
1
1
1
1
1
1
1
1
1
1
1
1
1
1
1
1
1
1
1
1
1
1
1
1
1
1
1
1
1
1
1
1
1
1
1
1
1
1
1
1
1
1
1
1
1
1
1
1
1
1
1
1
1
1
1
1
1
1
1
1
1
1
1
1
1
1
1
1
1
1
1
1
1
1
1
1
1
1
1
1
1
1
1
1
1
1
1
1
1
1
1
1
1
1
1
1
1
1
1
1
1
1
1
1
1
1
1
1
1
1
1
1
1
1
1
1
1
1
1
1
1
1
1
1
1
1
1
1
1
1
1
1
1
1
1
1
1
1
1
1
1
1
1
1
1
1
1
1
1
1
1
1
1
1
1
1
1
1
1
1
1
1
1
1
1
1
1
1
1
1
1
1
1
1
1
1
1
1
1
1
1
1
1
1
1
1
1
1
1
1
1
1
1
1
1
1
1
1
1
1
1
1
1
1
1
1
1
1
1
1
1
1
1
1
1
1
1
1
1
1
1
1
1
1
1
1
1
1
1
1
1
1
1
1
1
1
1
1
1
1
1
1
1
1
1
1
1
1
1
1
1
1
1
1
1
1
1
1
1
1
1
1
1
1
1
1
1
1
1
1
1
1
1
1
1
1
1
1
1
1
1
1
1
1
1
1
1
1
1
1
1
1
1
1
1
1
1
1
1
1
1
1
1
1
1
1
1
1
1
1
1
1
1
1
1
1
1
1
1
1
1
1
1
1
1
1
1
1
1
1
1
1
1
1
1
1
1
1
1
1
1
1
1
1
1
1
1
1
1
1
1
1
1
1
1
1
1
1
1
1
1
1
1
1
1
1
1
1
1
1
1
1
1
1
1
1
1
1
1
1
1
1
1
1
1
1
1
1
1
1
1
1
1
1
1
1
1
1
1
1
1
1
1
1
1
1
1
1
1
1
1
1
1
1
1
1
1
1
1
1
1
1
1
1
1
1
1
1
1
1
1
1
1
1
1
1
1
1
1
1
1
1
1
1
1
1
1
1
1
1
1
1
1
1
1
1
1
1
1
1
1
1
1
1
1
1
1
1
1
1
1
1
1
1
1
1
1
1
1
1
1
1
1
1
1
1
1
1
1
1
1
1
1
1
1
1
1
1
1
1
1
1
1
1
1
1
1
1
1
1
1
1
1
1
1
1
1
1
1
1
1
1
1
1
1
1
1
1
1
1
1
1
1
1
1
1
1
1
1
1
1
1
1
1
1
1
1
1
1
1
1
1
1
1
1
1
1
1
1
1
1
1
1
1
1
1
1
1
1
1
1
1
1
1
1
1
1
1
1
1
1
1
1
1
1
1
1
1
1
1
1
1
1
1
1
1
1
1
1
1
1
1
1
1
1
1
1
1
1
1
1
1
1
1
1
1
1
1
1
1
1
1
1
1
1
1
1
1
1
1
1
1
1
1
1
1
1
1
1
1
1
1
1
1
1
1
1
1
1
1
1
1
1
1
1
1
1
1
1
1
1
1
1
1
1
1
1
1
1
1
1
1
1
1
1
1
1
1
1
1
1
1
1
1
1
1
1
1
1
1
1
1
1
1
1
1
1
1
1
1
1
1
1
1
1
1
1
1
1
1
1
1
1
1
1
1
1
1
1
1
1
1
1
1
1
1
1
1
1
1
1
1
1
1
1
1
1
1
1
1
1
1
1
1
1
1
1
1
1
1
1
1
1
1
1
1
1
1
1
1
1
1
1
1
1
1
1
1
1
1
1
1
1
1
1
1
1
1
1
1
1
1
1
1
1
1
1
1
1
1
1
1
1
1
1
1
1
1
1
1
1
1
1
1
1
1
1
1
1
1
1
1
1
1
1
1
1
1
1
1
1
1
1
1
1
1
1
1
1
1
1
1
1
1
1
1
1
1
1
1
1
1
1
1
1
1
1
1
1
1
1
1
1
1
1
1
1
1
1
1
1
1
1
1
1
1
1
1
1
1
1
1
1
1
1
1
1
1
1
1
1
1
1
1
1
1
1
1
1
1
1
1
1
1
1
1
1
1
1
1
1
1
1
1
1
1
1
1
1
1
1
1
1
1
1
1
1
1
1
1
1
1
1
1
1
1
1
1
1
1
1
1
1
1
1
1
1
1
1
1
1
1
1
1
1
1
1
1
1
1
1
1
1
1
1
1
1
1
1
1
1
1
1
1
1
1
1
1
1
1
1
1
1
1
1
1
1
1
1
1
1
1
1
1
1
1
1
1
1
1
1
1
1
1
1
1
1
1
1
1
1
1
1
1
1
1
1
1
1
1
1
1
1
1
1
1
1
1
1
1
1
1
1
1
1
1
1
1
1
1
1
1
1
1
1
1
1
1
1
1
1
1
1
1
1
1
1
1
1
1
1
1
1
1
1
1
1
1
1
1
1
1
1
1
1
1
1
1
1
1
1
1
1
1
1
1
1
1
1
1
1
1
1
1
1
1
1
1
1
1
1
1
1
1
1
1
1
1
1
1
1
1
1
1
1
1
1
1
1
1
1
1
1
1
1
1
1
1
1
1
1
1
1
1
1
1
1
1
1
1
1
1
1
1
1
1
1
1
1
1
1
1
1
1
1
1
1
1
1
1
1
1
1
1
1
1
1
1
1
1
1
1
1
1
1
1
1
1
1
1
1
1
1
1
1
1
1
1
1
1
1
1
1
1
1
1
1
1
1
1
1
1
1
1
1
1
1
1
1
1
1
1
1
1
1
1
1
1
1
1
1
1
1
1
1
1
1
1
1
1
1
1
1
1
1
1
1
1
1
1
1
1
1
1
1
1
1
1
1
1
1
1
1
1
1
1
1
1
1
1
1
1
1
1
1
1
1
1
1
1
1
1
1
1
1
1
1
1
1
1
1
1
1
1
1
1
1
1
1
1
1
1
1
1
1
1
1
1
1
1
1
1
1
1
1
1
1
1
1
1
1
1
1
1
1
1
1
1
1
1
1
1
1
1
1
1
1
1
1
1
1
1
1
1
1
1
1
1
1
1
1
1
1
1
1
1
1
1
1
1
1
1
1
1
1
1
1
1
1
1
1
1
1
1
1
1
1
1
1
1
1
1
1
1
1
1
1
1
1
1
1
1
1
1
1
1
1
1
1
1
1
1
1
1
1
1
1
1
1
1
1
1
1
1
1
1
1
1
1
1
1
1
1
1
1
1
1
1
1
1
1
1
1
1
1
1
1
1
1
1
1
1
1
1
1
1
1
1
1
1
1
1
1
1
1
1
1
1
1
1
1
1
1
1
1
1
1
1
1
1
1
1
1
1
1
1
1
1
1
1
1
1
1
1
1
1
1
1
1
1
1
1
1
1
1
1
1
1
1
1
1
1
1
1
1
1
1
1
1
1
1
1
1
1
1
1
1
1
1
1
1
1
1
1
1
1
1
1
1
1
1
1
1
1
1
1
1
1
1
1
1
1
1
1
1
1
1
1
1
1
1
1
1
1
1
1
1
1
1
1
1
1
1
1
1
1
1
1
1
1
1
1
1
1
1
1
1
1
1
1
1
1
1
1
1
1
1
1
1
1
1
1
1
1
1
1
1
1
1
1
1
1
1
1
1
1
1
1
1
1
1
1
1
1
1
1
1
1
1
1
1
1
1
1
1
1
1
1
1
1
1
1
1
1
1
1
1
1
1
1
1
1
1
1
1
1
1
1
1
1
1
1
1
1
1
1
1
1
1
1
1
1
1
1
1
1
1
1
1
1
1
1
1
1
1
1
1
1
1
1
1
1
1
1
1
1
1
1
1
1
1
1
1
1
1
1
1
1
1
1
1
1
1
1
1
1
1
1
1
1
1
1
1
1
1
1
1
1
1
1
1
1
1
1
1
1
1
1
1
1
1
1
1
1
1
1
1
1
1
1
1
1
1
1
1
1
1
1
1
1
1
1
1
1
1
1
1
1
1
1
1
1
1
1
1
1
1
1
1
1
1
1
1
1
1
1
1
1
1
1
1
1
1
1
1
1
1
1
1
1
1
1
1
1
1
1
1
1
1
1
1
1
1
1
1
1
1
1
1
1
1
1
1
1
1
1
1
1
1
1
1
1
1
1
1
1
1
1
1
1
1
1
1
1
1
1
1
1
1
1
1
1
1
1
1
1
1
1
1
1
1
1
1
1
1
1
1
1
1
1
1
1
1
1
1
1
1
1
1
1
1
1
1
1
1
1
1
1
1
1
1
1
1
1
1
1
1
1
1
1
1
1
1
1
1
1
1
1
1
1
1
1
1
1
1
1
1
1
1
1
1
1
1
1
1
1
1
1
1
1
1
1
1
1
1
1
1
1
1
1
1
1
1
1
1
1
1
1
1
1
1
1
1
1
1
1
1
1
1
1
1
1
1
1
1
1
1
1
1
1
1
1
1
1
1
1
1
1
1
1
1
1
1
1
1
1
1
1
1
1
1
1
1
1
1
1
1
1
1
1
1
1
1
1
1
1
1
1
1
1
1
1
1
1
1
1
1
1
1
1
1
1
1
1
1
1
1
1
1
1
1
1
1
1
1
1
1
1
1
1
1
1
1
1
1
1
1
1
1
1
1
1
1
1
1
1
1
1
1
1
1
1
1
1
1
1
1
1
1
1
1
1
1
1
1
1
1
1
1
1
1
1
1
1
1
1
1
1
1
1
1
1
1
1
1
1
1
1
1
1
1
1
1
1
1
1
1
1
1
1
1
1
1
1
1
1
1
1
1
1
1
1
1
1
1
1
1
1
1
1
1
1
1
1
1
1
1
1
1
1
1
1
1
1
1
1
1
1
1
1
1
1
1
1
1
1
1
1
1
1
1
1
1
1
1
1
1
1
1
1
1
1
1
1
1
1
1
1
1
1
1
1
1
1
1
1
1
1
1
1
1
1
1
1
1
1
1
1
1
1
1
1
1
1
1
1
1
1
1
1
1
1
1
1
1
1
1
1
1
1
1
1
1
1
1
1
1
1
1
1
1
1
1
1
1
1
1
1
1
1
1
1
1
1
1
1
1
1
1
1
1
1
1
1
1
1
1
1
1
1
1
1
1
1
1
1
1
1
1
1
1
1
1
1
1
1
1
1
1
1
1
1
1
1
1
1
1
1
1
1
1
1
1
1
1
1
1
1
1
1
1
1
1
1
1
1
1
1
1
1
1
1
1
1
1
1
1
1
1
1
1
1
1
1
1
1
1
1
1
1
1
1
1
1
1
1
1
1
1
1
1
1
1
1
1
1
1
1
1
1
1
1
1
1
1
1
1
1
1
1
1
1
1
1
1
1
1
1
1
1
1
1
1
1
1
1
1
1
1
1
1
1
1
1
1
1
1
1
1
1
1
1
1
1
1
1
1
1
1
1
1
1
1
1
1
1
1
1
1
1
1
1
1
1
1
1
1
1
1
1
1
1
1
1
1
1
1
1
1
1
1
1
1
1
1
1
1
1
1
1
1
1
1
1
1
1
1
1
1
1
1
1
1
1
1
1
1
1
1
1
1
1
1
1
1
1
1
1
1
1
1
1
1
1
1
1
1
1
1
1
1
1
1
1
1
1
1
1
1
1
1
1
1
1
1
1
1
1
1
1
1
1
1
1
1
1
1
1
1
1
1
1
1
1
1
1
1
1
1
1
1
1
1
1
1
1
1
1
1
1
1
1
1
1
1
1
1
1
1
1
1
1
1
1
1
1
1
1
1
1
1
1
1
1
1
1
1
1
1
1
1
1
1
1
1
1
1
1
1
1
1
1
1
1
1
1
1
1
1
1
1
1
1
1
1
1
1
1
1
1
1
1
1
1
1
1
1
1
1
1
1
1
1
1
1
1
1
1
1
1
1
1
1
1
1
1
1
1
1
1
1
1
1
1
1
1
1
1
1
1
1
1
1
1
1
1
1
1
1
1
1
1
1
1
1
1
1
1
1
1
1
1
1
1
1
1
1
1
1
1
1
1
1
1
1
1
1
1
1
1
1
1
1
1
1
1
1
1
1
1
1
1
1
1
1
1
1
1
1
1
1
1
1
1
1
1
1
1
1
1
1
1
1
1
1
1
1
1
1
1
1
1
1
1
1
1
1
1
1
1
1
1
1
1
1
1
1
1
1
1
1
1
1
1
1
1
1
1
1
1
1
1
1
1
1
1
1
1
1
1
1
1
1
1
1
1
1
1
1
1
1
1
1
1
1
1
1
1
1
1
1
1
1
1
1
1
1
1
1
1
1
1
1
1
1
1
1
1
1
1
1
1
1
1
1
1
1
1
1
1
1
1
1
1
1
1
1
1
1
1
1
1
1
1
1
1
1
1
1
1
1
1
1
1
1
1
1
1
1
1
1
1
1
1
1
1
1
1
1
1
1
1
1
1
1
1
1
1
1
1
1
1
1
1
1
1
1
1
1
1
1
1
1
1
1
1
1
1
1
1
1
1
1
1
1
1
1
1
1
1
1
1
1
1
1
1
1
1
1
1
1
1
1
1
1
1
1
1
1
1
1
1
1
1
1
1
1
1
1
1
1
1
1
1
1
1
1
1
1
1
1
1
1
1
1
1
1
1
1
1
1
1
1
1
1
1
1
1
1
1
1
1
1
1
1
1
1
1
1
1
1
1
1
1
1
1
1
1
1
1
1
1
1
1
1
1
1
1
1
1
1
1
1
1
1
1
1
1
1
1
1
1
1
1
1
1
1
1
1
1
1
1
1
1
1
1
1
1
1
1
1
1
1
1
1
1
1
1
1
1
1
1
1
1
1
1
1
1
1
1
1
1
1
1
1
1
1
1
1
1
1
1
1
1
1
1
1
1
1
1
1
1
1
1
1
1
1
1
1
1
1
1
1
1
1
1
1
1
1
1
1
1
1
1
1
1
1
1
1
1
1
1
1
1
1
1
1
1
1
1
1
1
1
1
1
1
1
1
1
1
1
1
1
1
1
1
1
1
1
1
1
1
1
1
1
1
1
1
1
1
1
1
1
1
1
1
1
1
1
1
1
1
1
1
1
1
1
1
1
1
1
1
1
1
1
1
1
1
1
1
1
1
1
1
1
1
1
1
1
1
1
1
1
1
1
1
1
1
1
1
1
1
1
1
1
1
1
1
1
1
1
1
1
1
1
1
1
1
1
1
1
1
1
1
1
1
1
1
1
1
1
1
1
1
1
1
1
1
1
1
1
1
1
1
1
1
1
1
1
1
1
1
1
1
1
1
1
1
1
1
1
1
1
1
1
1
1
1
1
1
1
1
1
1
1
1
1
1
1
1
1
1
1
1
1
1
1
1
1
1
1
1
1
1
1
1
1
1
1
1
1
1
1
1
1
1
1
1
1
1
1
1
1
1
1
1
1
1
1
1
1
1
1
1
1
1
1
1
1
1
1
1
1
1
1
1
1
1
1
1
1
1
1
1
1
1
1
1
1
1
1
1
1
1
1
1
1
1
1
1
1
1
1
1
1
1
1
1
1
1
1
1
1
1
1
1
1
1
1
1
1
1
1
1
1
1
1
1
1
1
1
1
1
1
1
1
1
1
1
1
1
1
1
1
1
1
1
1
1
1
1
1
1
1
1
1
1
1
1
1
1
1
1
1
1
1
1
1
1
1
1
1
1
1
1
1
1
1
1
1
1
1
1
1
1
1
1
1
1
1
1
1
1
1
1
1
1
1
1
1
1
1
1
1
1
1
1
1
1
1
1
1
1
1
1
1
1
1
1
1
1
1
1
1
1
1
1
1
1
1
1
1
1
1
1
1
1
1
1
1
1
1
1
1
1
1
1
1
1
1
1
1
1
1
1
1
1
1
1
1
1
1
1
1
1
1
1
1
1
1
1
1
1
1
1
1
1
1
1
1
1
1
1
1
1
1
1
1
1
1
1
1
1
1
1
1
1
1
1
1
1
1
1
1
1
1
1
1
1
1
1
1
1
1
1
1
1
1
1
1
1
1
1
1
1
1
1
1
1
1
1
1
1
1
1
1
1
1
1
1
1
1
1
1
1
1
1
1
1
1
1
1
1
1
1
1
1
1
1
1
1
1
1
1
1
1
1
1
1
1
1
1
1
1
1
1
1
1
1
1
1
1
1
1
1
1
1
1
1
1
1
1
1
1
1
1
1
1
1
1
1
1
1
1
1
1
1
1
1
1
1
1
1
1
1
1
1
1
1
1
1
1
1
1
1
1
1
1
1
1
1
1
1
1
1
1
1
1
1
1
1
1
1
1
1
1
1
1
1
1
1
1
1
1
1
1
1
1
1
1
1
1
1
1
1
1
1
1
1
1
1
1
1
1
1
1
1
1
1
1
1
1
1
1
1
1
1
1
1
1
1
1
1
1
1
1
1
1
1
1
1
1
1
1
1
1
1
1
1
1
1
1
1
1
1
1
1
1
1
1
1
1
1
1
1
1
1
1
1
1
1
1
1
1
1
1
1
1
1
1
1
1
1
1
1
1
1
1
1
1
1
1
1
1
1
1
1
1
1
1
1
1
1
1
1
1
1
1
1
1
1
1
1
1
1
1
1
1
1
1
1
1
1
1
1
1
1
1
1
1
1
1
1
1
1
1
1
1
1
1
1
1
1
1
1
1
1
1
1
1
1
1
1
1
1
1
1
1
1
1
1
1
1
1
1
1
1
1
1
1
1
1
1
1
1
1
1
1
1
1
1
1
1
1
1
1
1
1
1
1
1
1
1
1
1
1
1
1
1
1
1
1
1
1
1
1
1
1
1
1
1
1
1
1
1
1
1
1
1
1
1
1
1
1
1
1
1
1
1
1
1
1
1
1
1
1
1
1
1
1
1
1
1
1
1
1
1
1
1
1
1
1
1
1
1
1
1
1
1
1
1
1
1
1
1
1
1
1
1
1
1
1
1
1
1
1
1
1
1
1
1
1
1
1
1
1
1
1
1
1
1
1
1
1
1
1
1
1
1
1
1
1
1
1
1
1
1
1
1
1
1
1
1
1
1
1
1
1
1
1
1
1
1
1
1
1
1
1
1
1
1
1
1
1
1
1
1
1
1
1
1
1
1
1
1
1
1
1
1
1
1
1
1
1
1
1
1
1
1
1
1
1
1
1
1
1
1
1
1
1
1
1
1
1
1
1
1
1
1
1
1
1
1
1
1
1
1
1
1
1
1
1
1
1
1
1
1
1
1
1
1
1
1
1
1
1
1
1
1
1
1
1
1
1
1
1
1
1
1
1
1
1
1
1
1
1
1
1
1
1
1
1
1
1
1
1
1
1
1
1
1
1
1
1
1
1
1
1
1
1
1
1
1
1
1
1
1
1
1
1
1
1
1
1
1
1
1
1
1
1
1
1
1
1
1
1
1
1
1
1
1
1
1
1
1
1
1
1
1
1
1
1
1
1
1
1
1
1
1
1
1
1
1
1
1
1
1
1
1
1
1
1
1
1
1
1
1
1
1
1
1
1
1
1
1
1
1
1
1
1
1
1
1
1
1
1
1
1
1
1
1
1
1
1
1
1
1
1
1
1
1
1
1
1
1
1
1
1
1
1
1
1
1
1
1
1
1
1
1
1
1
1
1
1
1
1
1
1
1
1
1
1
1
1
1
1
1
1
1
1
1
1
1
1
1
1
1
1
1
1
1
1
1
1
1
1
1
1
1
1
1
1
1
1
1
1
1
1
1
1
1
1
1
1
1
1
1
1
1
1
1
1
1
1
1
1
1
1
1
1
1
1
1
1
1
1
1
1
1
1
1
1
1
1
1
1
1
1
1
1
1
1
1
1
1
1
1
1
1
1
1
1
1
1
1
1
1
1
1
1
1
1
1
1
1
1
1
1
1
1
1
1
1
1
1
1
1
1
1
1
1
1
1
1
1
1
1
1
1
1
1
1
1
1
1
1
1
1
1
1
1
1
1
1
1
1
1
1
1
1
1
1
1
1
1
1
1
1
1
1
1
1
1
1
1
1
1
1
1
1
1
1
1
1
1
1
1
1
1
1
1
1
1
1
1
1
1
1
1
1
1
1
1
1
1
1
1
1
1
1
1
1
1
1
1
1
1
1
1
1
1
1
1
1
1
1
1
1
1
1
1
1
1
1
1
1
1
1
1
1
1
1
1
1
1
1
1
1
1
1
1
1
1
1
1
1
1
1
1
1
1
1
1
1
1
1
1
1
1
1
1
1
1
1
1
1
1
1
1
1
1
1
1
1
1
1
1
1
1
1
1
1
1
1
1
1
1
1
1
1
1
1
1
1
1
1
1
1
1
1
1
1
1
1
1
1
1
1
1
1
1
1
1
1
1
1
1
1
1
1
1
1
1
1
1
1
1
1
1
1
1
1
1
1
1
1
1
1
1
1
1
1
1
1
1
1
1
1
1
1
1
1
1
1
1
1
1
1
1
1
1
1
1
1
1
1
1
1
1
1
1
1
1
1
1
1
1
1
1
1
1
1
1
1
1
1
1
1
1
1
1
1
1
1
1
1
1
1
1
1
1
1
1
1
1
1
1
1
1
1
1
1
1
1
1
1
1
1
1
1
1
1
1
1
1
1
1
1
1
1
1
1
1
1
1
1
1
1
1
1
1
1
1
1
1
1
1
1
1
1
1
1
1
1
1
1
1
1
1
1
1
1
1
1
1
1
1
1
1
1
1
1
1
1
1
1
1
1
1
1
1
1
1
1
1
1
1
1
1
1
1
1
1
1
1
1
1
1
1
1
1
1
1
1
1
1
1
1
1
1
1
1
1
1
1
1
1
1
1
1
1
1
1
1
1
1
1
1
1
1
1
1
1
1
1
1
1
1
1
1
1
1
1
1
1
1
1
1
1
1
1
1
1
1
1
1
1
1
1
1
1
1
1
1
1
1
1
1
1
1
1
1
1
1
1
1
1
1
1
1
1
1
1
1
1
1
1
1
1
1
1
1
1
1
1
1
1
1
1
1
1
1
1
1
1
1
1
1
1
1
1
1
1
1
1
1
1
1
1
1
1
1
1
1
1
1
1
1
1
1
1
1
1
1
1
1
1
1
1
1
1
1
1
1
1
1
1
1
1
1
1
1
1
1
1
1
1
1
1
1
1
1
1
1
1
1
1
1
1
1
1
1
1
1
1
1
1
1
1
1
1
1
1
1
1
1
1
1
1
1
1
1
1
1
1
1
1
1
1
1
1
1
1
1
1
1
1
1
1
1
1
1
1
1
1
1
1
1
1
1
1
1
1
1
1
1
1
1
1
1
1
1
1
1
1
1
1
1
1
1
1
1
1
1
1
1
1
1
1
1
1
1
1
1
1
1
1
1
1
1
1
1
1
1
1
1
1
1
1
1
1
1
1
1
1
1
1
1
1
1
1
1
1
1
1
1
1
1
1
1
1
1
1
1
1
1
1
1
1
1
1
1
1
1
1
1
1
1
1
1
1
1
1
1
1
1
1
1
1
1
1
1
1
1
1
1
1
1
1
1
1
1
1
1
1
1
1
1
1
1
1
1
1
1
1
1
1
1
1
1
1
1
1
1
1
1
1
1
1
1
1
1
1
1
1
1
1
1
1
1
1
1
1
1
1
1
1
1
1
1
1
1
1
1
1
1
1
1
1
1
1
1
1
1
1
1
1
1
1
1
1
1
1
1
1
1
1
1
1
1
1
1
1
1
1
1
1
1
1
1
1
1
1
1
1
1
1
1
1
1
1
1
1
1
1
1
1
1
1
1
1
1
1
1
1
1
1
1
1
1
1
1
1
1
1
1
1
1
1
1
1
1
1
1
1
1
1
1
1
1
1
1
1
1
1
1
1
1
1
1
1
1
1
1
1
1
1
1
1
1
1
1
1
1
1
1
1
1
1
1
1
1
1
1
1
1
1
1
1
1
1
1
1
1
1
1
1
1
1
1
1
1
1
1
1
1
1
1
1
1
1
1
1
1
1
1
1
1
1
1
1
1
1
1
1
1
1
1
1
1
1
1
1
1
1
1
1
1
1
1
1
1
1
1
1
1
1
1
1
1
1
1
1
1
1
1
1
1
1
1
1
1
1
1
1
1
1
1
1
1
1
1
1
1
1
1
1
1
1
1
1
1
1
1
1
1
1
1
1
1
1
1
1
1
1
1
1
1
1
1
1
1
1
1
1
1
1
1
1
1
1
1
1
1
1
1
1
1
1
1
1
1
1
1
1
1
1
1
1
1
1
1
1
1
1
1
1
1
1
1
1
1
1
1
1
1
1
1
1
1
1
1
1
1
1
1
1
1
1
1
1
1
1
1
1
1
1
1
1
1
1
1
1
1
1
1
1
1
1
1
1
1
1
1
1
1
1
1
1
1
1
1
1
1
1
1
1
1
1
1
1
1
1
1
1
1
1
1
1
1
1
1
1
1
1
1
1
1
1
1
1
1
1
1
1
1
1
1
1
1
1
1
1
1
1
1
1
1
1
1
1
1
1
1
1
1
1
1
1
1
1
1
1
1
1
1
1
1
1
1
1
1
1
1
1
1
1
1
1
1
1
1
1
1
1
1
1
1
1
1
1
1
1
1
1
1
1
1
1
1
1
1
1
1
1
1
1
1
1
1
1
1
1
1
1
1
1
1
1
1
1
1
1
1
1
1
1
1
1
1
1
1
1
1
1
1
1
1
1
1
1
1
1
1
1
1
1
1
1
1
1
1
1
1
1
1
1
1
1
1
1
1
1
1
1
1
1
1
1
1
1
1
1
1
1
1
1
1
1
1
1
1
1
1
1
1
1
1
1
1
1
1
1
1
1
1
1
1
1
1
1
1
1
1
1
1
1
1
1
1
1
1
1
1
1
1
1
1
1
1
1
1
1
1
1
1
1
1
1
1
1
1
1
1
1
1
1
1
1
1
1
1
1
1
1
1
1
1
1
1
1
1
1
1
1
1
1
1
1
1
1
1
1
1
1
1
1
1
1
1
1
1
1
1
1
1
1
1
1
1
1
1
1
1
1
1
1
1
1
1
1
1
1
1
1
1
1
1
1
1
1
1
1
1
1
1
1
1
1
1
1
1
1
1
1
1
1
1
1
1
1
1
1
1
1
1
1
1
1
1
1
1
1
1
1
1
1
1
1
1
1
1
1
1
1
1
1
1
1
1
1
1
1
1
1
1
1
1
1
1
1
1
1
1
1
1
1
1
1
1
1
1
1
1
1
1
1
1
1
1
1
1
1
1
1
1
1
1
1
1
1
1
1
1
1
1
1
1
1
1
1
1
1
1
1
1
1
1
1
1
1
1
1
1
1
1
1
1
1
1
1
1
1
1
1
1
1
1
1
1
1
1
1
1
1
1
1
1
1
1
1
1
1
1
1
1
1
1
1
1
1
1
1
1
1
1
1
1
1
1
1
1
1
1
1
1
1
1
1
1
1
1
1
1
1
1
1
1
1
1
1
1
1
1
1
1
1
1
1
1
1
1
1
1
1
1
1
1
1
1
1
1
1
1
1
1
1
1
1
1
1
1
1
1
1
1
1
1
1
1
1
1
1
1
1
1
1
1
1
1
1
1
1
1
1
1
1
1
1
1
1
1
1
1
1
1
1
1
1
1
1
1
1
1
1
1
1
1
1
1
1
1
1
1
1
1
1
1
1
1
1
1
1
1
1
1
1
1
1
1
1
1
1
1
1
1
1
1
1
1
1
1
1
1
1
1
1
1
1
1
1
1
1
1
1
1
1
1
1
1
1
1
1
1
1
1
1
1
1
1
1
1
1
1
1
1
1
1
1
1
1
1
1
1
1
1
1
1
1
1
1
1
1
1
1
1
1
1
1
1
1
1
1
1
1
1
1
1
1
1
1
1
1
1
1
1
1
1
1
1
1
1
1
1
1
1
1
1
1
1
1
1
1
1
1
1
1
1
1
1
1
1
1
1
1
1
1
1
1
1
1
1
1
1
1
1
1
1
1
1
1
1
1
1
1
1
1
1
1
1
1
1
1
1
1
1
1
1
1
1
1
1
1
1
1
1
1
1
1
1
1
1
1
1
1
1
1
1
1
1
1
1
1
1
1
1
1
1
1
1
1
1
1
1
1
1
1
1
1
1
1
1
1
1
1
1
1
1
1
1
1
1
1
1
1
1
1
1
1
1
1
1
1
1
1
1
1
1
1
1
1
1
1
1
1
1
1
1
1
1
1
1
1
1
1
1
1
1
1
1
1
1
1
1
1
1
1
1
1
1
1
1
1
1
1
1
1
1
1
1
1
1
1
1
1
1
1
1
1
1
1
1
1
1
1
1
1
1
1
1
1
1
1
1
1
1
1
1
1
1
1
1
1
1
1
1
1
1
1
1
1
1
1
1
1
1
1
1
1
1
1
1
1
1
1
1
1
1
1
1
1
1
1
1
1
1
1
1
1
1
1
1
1
1
1
1
1
1
1
1
1
1
1
1
1
1
1
1
1
1
1
1
1
1
1
1
1
1
1
1
1
1
1
1
1
1
1
1
1
1
1
1
1
1
1
1
1
1
1
1
1
1
1
1
1
1
1
1
1
1
1
1
1
1
1
1
1
1
1
1
1
1
1
1
1
1
1
1
1
1
1
1
1
1
1
1
1
1
1
1
1
1
1
1
1
1
1
1
1
1
1
1
1
1
1
1
1
1
1
1
1
1
1
1
1
1
1
1
1
1
1
1
1
1
1
1
1
1
1
1
1
1
1
1
1
1
1
1
1
1
1
1
1
1
1
1
1
1
1
1
1
1
1
1
1
1
1
1
1
1
1
1
1
1
1
1
1
1
1
1
1
1
1
1
1
1
1
1
1
1
1
1
1
1
1
1
1
1
1
1
1
1
1
1
1
1
1
1
1
1
1
1
1
1
1
1
1
1
1
1
1
1
1
1
1
1
1
1
1
1
1
1
1
1
1
1
1
1
1
1
1
1
1
1
1
1
1
1
1
1
1
1
1
1
1
1
1
1
1
1
1
1
1
1
1
1
1
1
1
1
1
1
1
1
1
1
1
1
1
1
1
1
1
1
1
1
1
1
1
1
1
1
1
1
1
1
1
1
1
1
1
1
1
1
1
1
1
1
1
1
1
1
1
1
1
1
1
1
1
1
1
1
1
1
1
1
1
1
1
1
1
1
1
1
1
1
1
1
1
1
1
1
1
1
1
1
1
1
1
1
1
1
1
1
1
1
1
1
1
1
1
1
1
1
1
1
1
1
1
1
1
1
1
1
1
1
1
1
1
1
1
1
1
1
1
1
1
1
1
1
1
1
1
1
1
1
1
1
1
1
1
1
1
1
1
1
1
1
1
1
1
1
1
1
1
1
1
1
1
1
1
1
1
1
1
1
1
1
1
1
1
1
1
1
1
1
1
1
1
1
1
1
1
1
1
1
1
1
1
1
1
1
1
1
1
1
1
1
1
1
1
1
1
1
1
1
1
1
1
1
1
1
1
1
1
1
1
1
1
1
1
1
1
1
1
1
1
1
1
1
1
1
1
1
1
1
1
1
1
1
1
1
1
1
1
1
1
1
1
1
1
1
1
1
1
1
1
1
1
1
1
1
1
1
1
1
1
1
1
1
1
1
1
1
1
1
1
1
1
1
1
1
1
1
1
1
1
1
1
1
1
1
1
1
1
1
1
1
1
1
1
1
1
1
1
1
1
1
1
1
1
1
1
1
1
1
1
1
1
1
1
1
1
1
1
1
1
1
1
1
1
1
1
1
1
1
1
1
1
1
1
1
1
1
1
1
1
1
1
1
1
1
1
1
1
1
1
1
1
1
1
1
1
1
1
1
1
1
1
1
1
1
1
1
1
1
1
1
1
1
1
1
1
1
1
1
1
1
1
1
1
1
1
1
1
1
1
1
1
1
1
1
1
1
1
1
1
1
1
1
1
1
1
1
1
1
1
1
1
1
1
1
1
1
1
1
1
1
1
1
1
1
1
1
1
1
1
1
1
1
1
1
1
1
1
1
1
1
1
1
1
1
1
1
1
1
1
1
1
1
1
1
1
1
1
1
1
1
1
1
1
1
1
1
1
1
1
1
1
1
1
1
1
1
1
1
1
1
1
1
1
1
1
1
1
1
1
1
1
1
1
1
1
1
1
1
1
1
1
1
1
1
1
1
1
1
1
1
1
1
1
1
1
1
1
1
1
1
1
1
1
1
1
1
1
1
1
1
1
1
1
1
1
1
1
1
1
1
1
1
1
1
1
1
1
1
1
1
1
1
1
1
1
1
1
1
1
1
1
1
1
1
1
1
1
1
1
1
1
1
1
1
1
1
1
1
1
1
1
1
1
1
1
1
1
1
1
1
1
1
1
1
1
1
1
1
1
1
1
1
1
1
1
1
1
1
1
1
1
1
1
1
1
1
1
1
1
1
1
1
1
1
1
1
1
1
1
1
1
1
1
1
1
1
1
1
1
1
1
1
1
1
1
1
1
1
1
1
1
1
1
1
1
1
1
1
1
1
1
1
1
1
1
1
1
1
1
1
1
1
1
1
1
1
1
1
1
1
1
1
1
1
1
1
1
1
1
1
1
1
1
1
1
1
1
1
1
1
1
1
1
1
1
1
1
1
1
1
1
1
1
1
1
1
1
1
1
1
1
1
1
1
1
1
1
1
1
1
1
1
1
1
1
1
1
1
1
1
1
1
1
1
1
1
1
1
1
1
1
1
1
1
1
1
1
1
1
1
1
1
1
1
1
1
1
1
1
1
1
1
1
1
1
1
1
1
1
1
1
1
1
1
1
1
1
1
1
1
1
1
1
1
1
1
1
1
1
1
1
1
1
1
1
1
1
1
1
1
1
1
1
1
1
1
1
1
1
1
1
1
1
1
1
1
1
1
1
1
1
1
1
1
1
1
1
1
1
1
1
1
1
1
1
1
1
1
1
1
1
1
1
1
1
1
1
1
1
1
1
1
1
1
1
1
1
1
1
1
1
1
1
1
1
1
1
1
1
1
1
1
1
1
1
1
1
1
1
1
1
1
1
1
1
1
1
1
1
1
1
1
1
1
1
1
1
1
1
1
1
1
1
1
1
1
1
1
1
1
1
1
1
1
1
1
1
1
1
1
1
1
1
1
1
1
1
1
1
1
1
1
1
1
1
1
1
1
1
1
1
1
1
1
1
1
1
1
1
1
1
1
1
1
1
1
1
1
1
1
1
1
1
1
1
1
1
1
1
1
1
1
1
1
1
1
1
1
1
1
1
1
1
1
1
1
1
1
1
1
1
1
1
1
1
1
1
1
1
1
1
1
1
1
1
1
1
1
1
1
1
1
1
1
1
1
1
1
1
1
1
1
1
1
1
1
1
1
1
1
1
1
1
1
1
1
1
1
1
1
1
1
1
1
1
1
1
1
1
1
1
1
1
1
1
1
1
1
1
1
1
1
1
1
1
1
1
1
1
1
1
1
1
1
1
1
1
1
1
1
1
1
1
1
1
1
1
1
1
1
1
1
1
1
1
1
1
1
1
1
1
1
1
1
1
1
1
1
1
1
1
1
1
1
1
1
1
1
1
1
1
1
1
1
1
1
1
1
1
1
1
1
1
1
1
1
1
1
1
1
1
1
1
1
1
1
1
1
1
1
1
1
1
1
1
1
1
1
1
1
1
1
1
1
1
1
1
1
1
1
1
1
1
1
1
1
1
1
1
1
1
1
1
1
1
1
1
1
1
1
1
1
1
1
1
1
1
1
1
1
1
1
1
1
1
1
1
1
1
1
1
1
1
1
1
1
1
1
1
1
1
1
1
1
1
1
1
1
1
1
1
1
1
1
1
1
1
1
1
1
1
1
1
1
1
1
1
1
1
1
1
1
1
1
1
1
1
1
1
1
1
1
1
1
1
1
1
1
1
1
1
1
1
1
1
1
1
1
1
1
1
1
1
1
1
1
1
1
1
1
1
1
1
1
1
1
1
1
1
1
1
1
1
1
1
1
1
1
1
1
1
1
1
1
1
1
1
1
1
1
1
1
1
1
1
1
1
1
1
1
1
1
1
1
1
1
1
1
1
1
1
1
1
1
1
1
1
1
1
1
1
1
1
1
1
1
1
1
1
1
1
1
1
1
1
1
1
1
1
1
1
1
1
1
1
1
1
1
1
1
1
1
1
1
1
1
1
1
1
1
1
1
1
1
1
1
1
1
1
1
1
1
1
1
1
1
1
1
1
1
1
1
1
1
1
1
1
1
1
1
1
1
1
1
1
1
1
1
1
1
1
1
1
1
1
1
1
1
1
1
1
1
1
1
1
1
1
1
1
1
1
1
1
1
1
1
1
1
1
1
1
1
1
1
1
1
1
1
1
1
1
1
1
1
1
1
1
1
1
1
1
1
1
1
1
1
1
1
1
1
1
1
1
1
1
1
1
1
1
1
1
1
1
1
1
1
1
1
1
1
1
1
1
1
1
1
1
1
1
1
1
1
1
1
1
1
1
1
1
1
1
1
1
1
1
1
1
1
1
1
1
1
1
1
1
1
1
1
1
1
1
1
1
1
1
1
1
1
1
1
1
1
1
1
1
1
1
1
1
1
1
1
1
1
1
1
1
1
1
1
1
1
1
1
1
1
1
1
1
1
1
1
1
1
1
1
1
1
1
1
1
1
1
1
1
1
1
1
1
1
1
1
1
1
1
1
1
1
1
1
1
1
1
1
1
1
1
1
1
1
1
1
1
1
1
1
1
1
1
1
1
1
1
1
1
1
1
1
1
1
1
1
1
1
1
1
1
1
1
1
1
1
1
1
1
1
1
1
1
1
1
1
1
1
1
1
1
1
1
1
1
1
1
1
1
1
1
1
1
1
1
1
1
1
1
1
1
1
1
1
1
1
1
1
1
1
1
1
1
1
1
1
1
1
1
1
1
1
1
1
1
1
1
1
1
1
1
1
1
1
1
1
1
1
1
1
1
1
1
1
1
1
1
1
1
1
1
1
1
1
1
1
1
1
1
1
1
1
1
1
1
1
1
1
1
1
1
1
1
1
1
1
1
1
1
1
1
1
1
1
1
1
1
1
1
1
1
1
1
1
1
1
1
1
1
1
1
1
1
1
1
1
1
1
1
1
1
1
1
1
1
1
1
1
1
1
1
1
1
1
1
1
1
1
1
1
1
1
1
1
1
1
1
1
1
1
1
1
1
1
1
1
1
1
1
1
1
1
1
1
1
1
1
1
1
1
1
1
1
1
1
1
1
1
1
1
1
1
1
1
1
1
1
1
1
1
1
1
1
1
1
1
1
1
1
1
1
1
1
1
1
1
1
1
1
1
1
1
1
1
1
1
1
1
1
1
1
1
1
1
1
1
1
1
1
1
1
1
1
1
1
1
1
1
1
1
1
1
1
1
1
1
1
1
1
1
1
1
1
1
1
1
1
1
1
1
1
1
1
1
1
1
1
1
1
1
1
1
1
1
1
1
1
1
1
1
1
1
1
1
1
1
1
1
1
1
1
1
1
1
1
1
1
1
1
1
1
1
1
1
1
1
1
1
1
1
1
1
1
1
1
1
1
1
1
1
1
1
1
1
1
1
1
1
1
1
1
1
1
1
1
1
1
1
1
1
1
1
1
1
1
1
1
1
1
1
1
1
1
1
1
1
1
1
1
1
1
1
1
1
1
1
1
1
1
1
1
1
1
1
1
1
1
1
1
1
1
1
1
1
1
1
1
1
1
1
1
1
1
1
1
1
1
1
1
1
1
1
1
1
1
1
1
1
1
1
1
1
1
1
1
1
1
1
1
1
1
1
1
1
1
1
1
1
1
1
1
1
1
1
1
1
1
1
1
1
1
1
1
1
1
1
1
1
1
1
1
1
1
1
1
1
1
1
1
1
1
1
1
1
1
1
1
1
1
1
1
1
1
1
1
1
1
1
1
1
1
1
1
1
1
1
1
1
1
1
1
1
1
1
1
1
1
1
1
1
1
1
1
1
1
1
1
1
1
1
1
1
1
1
1
1
1
1
1
1
1
1
1
1
1
1
1
1
1
1
1
1
1
1
1
1
1
1
1
1
1
1
1
1
1
1
1
1
1
1
1
1
1
1
1
1
1
1
1
1
1
1
1
1
1
1
1
1
1
1
1
1
1
1
1
1
1
1
1
1
1
1
1
1
1
1
1
1
1
1
1
1
1
1
1
1
1
1
1
1
1
1
1
1
1
1
1
1
1
1
1
1
1
1
1
1
1
1
1
1
1
1
1
1
1
1
1
1
1
1
1
1
1
1
1
1
1
1
1
1
1
1
1
1
1
1
1
1
1
1
1
1
1
1
1
1
1
1
1
1
1
1
1
1
1
1
1
1
1
1
1
1
1
1
1
1
1
1
1
1
1
1
1
1
1
1
1
1
1
1
1
1
1
1
1
1
1
1
1
1
1
1
1
1
1
1
1
1
1
1
1
1
1
1
1
1
1
1
1
1
1
1
1
1
1
1
1
1
1
1
1
1
1
1
1
1
1
1
1
1
1
1
1
1
1
1
1
1
1
1
1
1
1
1
1
1
1
1
1
1
1
1
1
1
1
1
1
1
1
1
1
1
1
1
1
1
1
1
1
1
1
1
1
1
1
1
1
1
1
1
1
1
1
1
1
1
1
1
1
1
1
1
1
1
1
1
1
1
1
1
1
1
1
1
1
1
1
1
1
1
1
1
1
1
1
1
1
1
1
1
1
1
1
1
1
1
1
1
1
1
1
1
1
1
1
1
1
1
1
1
1
1
1
1
1
1
1
1
1
1
1
1
1
1
1
1
1
1
1
1
1
1
1
1
1
1
1
1
1
1
1
1
1
1
1
1
1
1
1
1
1
1
1
1
1
1
1
1
1
1
1
1
1
1
1
1
1
1
1
1
1
1
1
1
1
1
1
1
1
1
1
1
1
1
1
1
1
1
1
1
1
1
1
1
1
1
1
1
1
1
1
1
1
1
1
1
1
1
1
1
1
1
1
1
1
1
1
1
1
1
1
1
1
1
1
1
1
1
1
1
1
1
1
1
1
1
1
1
1
1
1
1
1
1
1
1
1
1
1
1
1
1
1
1
1
1
1
1
1
1
1
1
1
1
1
1
1
1
1
1
1
1
1
1
1
1
1
1
1
1
1
1
1
1
1
1
1
1
1
1
1
1
1
1
1
1
1
1
1
1
1
1
1
1
1
1
1
1
1
1
1
1
1
1
1
1
1
1
1
1
1
1
1
1
1
1
1
1
1
1
1
1
1
1
1
1
1
1
1
1
1
1
1
1
1
1
1
1
1
1
1
1
1
1
1
1
1
1
1
1
1
1
1
1
1
1
1
1
1
1
1
1
1
1
1
1
1
1
1
1
1
1
1
1
1
1
1
1
1
1
1
1
1
1
1
1
1
1
1
1
1
1
1
1
1
1
1
1
1
1
1
1
1
1
1
1
1
1
1
1
1
1
1
1
1
1
1
1
1
1
1
1
1
1
1
1
1
1
1
1
1
1
1
1
1
1
1
1
1
1
1
1
1
1
1
1
1
1
1
1
1
1
1
1
1
1
1
1
1
1
1
1
1
1
1
1
1
1
1
1
1
1
1
1
1
1
1
1
1
1
1
1
1
1
1
1
1
1
1
1
1
1
1
1
1
1
1
1
1
1
1
1
1
1
1
1
1
1
1
1
1
1
1
1
1
1
1
1
1
1
1
1
1
1
1
1
1
1
1
1
1
1
1
1
1
1
1
1
1
1
1
1
1
1
1
1
1
1
1
1
1
1
1
1
1
1
1
1
1
1
1
1
1
1
1
1
1
1
1
1
1
1
1
1
1
1
1
1
1
1
1
1
1
1
1
1
1
1
1
1
1
1
1
1
1
1
1
1
1
1
1
1
1
1
1
1
1
1
1
1
1
1
1
1
1
1
1
1
1
1
1
1
1
1
1
1
1
1
1
1
1
1
1
1
1
1
1
1
1
1
1
1
1
1
1
1
1
1
1
1
1
1
1
1
1
1
1
1
1
1
1
1
1
1
1
1
1
1
1
1
1
1
1
1
1
1
1
1
1
1
1
1
1
1
1
1
1
1
1
1
1
1
1
1
1
1
1
1
1
1
1
1
1
1
1
1
1
1
1
1
1
1
1
1
1
1
1
1
1
1
1
1
1
1
1
1
1
1
1
1
1
1
1
1
1
1
1
1
1
1
1
1
1
1
1
1
1
1
1
1
1
1
1
1
1
1
1
1
1
1
1
1
1
1
1
1
1
1
1
1
1
1
1
1
1
1
1
1
1
1
1
1
1
1
1
1
1
1
1
1
1
1
1
1
1
1
1
1
1
1
1
1
1
1
1
1
1
1
1
1
1
1
1
1
1
1
1
1
1
1
1
1
1
1
1
1
1
1
1
1
1
1
1
1
1
1
1
1
1
1
1
1
1
1
1
1
1
1
1
1
1
1
1
1
1
1
1
1
1
1
1
1
1
1
1
1
1
1
1
1
1
1
1
1
1
1
1
1
1
1
1
1
1
1
1
1
1
1
1
1
1
1
1
1
1
1
1
1
1
1
1
1
1
1
1
1
1
1
1
1
1
1
1
1
1
1
1
1
1
1
1
1
1
1
1
1
1
1
1
1
1
1
1
1
1
1
1
1
1
1
1
1
1
1
1
1
1
1
1
1
1
1
1
1
1
1
1
1
1
1
1
1
1
1
1
1
1
1
1
1
1
1
1
1
1
1
1
1
1
1
1
1
1
1
1
1
1
1
1
1
1
1
1
1
1
1
1
1
1
1
1
1
1
1
1
1
1
1
1
1
1
1
1
1
1
1
1
1
1
1
1
1
1
1
1
1
1
1
1
1
1
1
1
1
1
1
1
1
1
1
1
1
1
1
1
1
1
1
1
1
1
1
1
1
1
1
1
1
1
1
1
1
1
1
1
1
1
1
1
1
1
1
1
1
1
1
1
1
1
1
1
1
1
1
1
1
1
1
1
1
1
1
1
1
1
1
1
1
1
1
1
1
1
1
1
1
1
1
1
1
1
1
1
1
1
1
1
1
1
1
1
1
1
1
1
1
1
1
1
1
1
1
1
1
1
1
1
1
1
1
1
1
1
1
1
1
1
1
1
1
1
1
1
1
1
1
1
1
1
1
1
1
1
1
1
1
1
1
1
1
1
1
1
1
1
1
1
1
1
1
1
1
1
1
1
1
1
1
1
1
1
1
1
1
1
1
1
1
1
1
1
1
1
1
1
1
1
1
1
1
1
1
1
1
1
1
1
1
1
1
1
1
1
1
1
1
1
1
1
1
1
1
1
1
1
1
1
1
1
1
1
1
1
1
1
1
1
1
1
1
1
1
1
1
1
1
1
1
1
1
1
1
1
1
1
1
1
1
1
1
1
1
1
1
1
1
1
1
1
1
1
1
1
1
1
1
1
1
1
1
1
1
1
1
1
1
1
1
1
1
1
1
1
1
1
1
1
1
1
1
1
1
1
1
1
1
1
1
1
1
1
1
1
1
1
1
1
1
1
1
1
1
1
1
1
1
1
1
1
1
1
1
1
1
1
1
1
1
1
1
1
1
1
1
1
1
1
1
1
1
1
1
1
1
1
1
1
1
1
1
1
1
1
1
1
1
1
1
1
1
1
1
1
1
1
1
1
1
1
1
1
1
1
1
1
1
1
1
1
1
1
1
1
1
1
1
1
1
1
1
1
1
1
1
1
1
1
1
1
1
1
1
1
1
1
1
1
1
1
1
1
1
1
1
1
1
1
1
1
1
1
1
1
1
1
1
1
1
1
1
1
1
1
1
1
1
1
1
1
1
1
1
1
1
1
1
1
1
1
1
1
1
1
1
1
1
1
1
1
1
1
1
1
1
1
1
1
1
1
1
1
1
1
1
1
1
1
1
1
1
1
1
1
1
1
1
1
1
1
1
1
1
1
1
1
1
1
1
1
1
1
1
1
1
1
1
1
1
1
1
1
1
1
1
1
1
1
1
1
1
1
1
1
1
1
1
1
1
1
1
1
1
1
1
1
1
1
1
1
1
1
1
1
1
1
1
1
1
1
1
1
1
1
1
1
1
1
1
1
1
1
1
1
1
1
1
1
1
1
1
1
1
1
1
1
1
1
1
1
1
1
1
1
1
1
1
1
1
1
1
1
1
1
1
1
1
1
1
1
1
1
1
1
1
1
1
1
1
1
1
1
1
1
1
1
1
1
1
1
1
1
1
1
1
1
1
1
1
1
1
1
1
1
1
1
1
1
1
1
1
1
1
1
1
1
1
1
1
1
1
1
1
1
1
1
1
1
1
1
1
1
1
1
1
1
1
1
1
1
1
1
1
1
1
1
1
1
1
1
1
1
1
1
1
1
1
1
1
1
1
1
1
1
1
1
1
1
1
1
1
1
1
1
1
1
1
1
1
1
1
1
1
1
1
1
1
1
1
1
1
1
1
1
1
1
1
1
1
1
1
1
1
1
1
1
1
1
1
1
1
1
1
1
1
1
1
1
1
1
1
1
1
1
1
1
1
1
1
1
1
1
1
1
1
1
1
1
1
1
1
1
1
1
1
1
1
1
1
1
1
1
1
1
1
1
1
1
1
1
1
1
1
1
1
1
1
1
1
1
1
1
1
1
1
1
1
1
1
1
1
1
1
1
1
1
1
1
1
1
1
1
1
1
1
1
1
1
1
1
1
1
1
1
1
1
1
1
1
1
1
1
1
1
1
1
1
1
1
1
1
1
1
1
1
1
1
1
1
1
1
1
1
1
1
1
1
1
1
1
1
1
1
1
1
1
1
1
1
1
1
1
1
1
1
1
1
1
1
1
1
1
1
1
1
1
1
1
1
1
1
1
1
1
1
1
1
1
1
1
1
1
1
1
1
1
1
1
1
1
1
1
1
1
1
1
1
1
1
1
1
1
1
1
1
1
1
1
1
1
1
1
1
1
1
1
1
1
1
1
1
1
1
1
1
1
1
1
1
1
1
1
1
1
1
1
1
1
1
1
1
1
1
1
1
1
1
1
1
1
1
1
1
1
1
1
1
1
1
1
1
1
1
1
1
1
1
1
1
1
1
1
1
1
1
1
1
1
1
1
1
1
1
1
1
1
1
1
1
1
1
1
1
1
1
1
1
1
1
1
1
1
1
1
1
1
1
1
1
1
1
1
1
1
1
1
1
1
1
1
1
1
1
1
1
1
1
1
1
1
1
1
1
1
1
1
1
1
1
1
1
1
1
1
1
1
1
1
1
1
1
1
1
1
1
1
1
1
1
1
1
1
1
1
1
1
1
1
1
1
1
1
1
1
1
1
1
1
1
1
1
1
1
1
1
1
1
1
1
1
1
1
1
1
1
1
1
1
1
1
1
1
1
1
1
1
1
1
1
1
1
1
1
1
1
1
1
1
1
1
1
1
1
1
1
1
1
1
1
1
1
1
1
1
1
1
1
1
1
1
1
1
1
1
1
1
1
1
1
1
1
1
1
1
1
1
1
1
1
1
1
1
1
1
1
1
1
1
1
1
1
1
1
1
1
1
1
1
1
1
1
1
1
1
1
1
1
1
1
1
1
1
1
1
1
1
1
1
1
1
1
1
1
1
1
1
1
1
1
1
1
1
1
1
1
1
1
1
1
1
1
1
1
1
1
1
1
1
1
1
1
1
1
1
1
1
1
1
1
1
1
1
1
1
1
1
1
1
1
1
1
1
1
1
1
1
1
1
1
1
1
1
1
1
1
1
1
1
1
1
1
1
1
1
1
1
1
1
1
1
1
1
1
1
1
1
1
1
1
1
1
1
1
1
1
1
1
1
1
1
1
1
1
1
1
1
1
1
1
1
1
1
1
1
1
1
1
1
1
1
1
1
1
1
1
1
1
1
1
1
1
1
1
1
1
1
1
1
1
1
1
1
1
1
1
1
1
1
1
1
1
1
1
1
1
1
1
1
1
1
1
1
1
1
1
1
1
1
1
1
1
1
1
1
1
1
1
1
1
1
1
1
1
1
1
1
1
1
1
1
1
1
1
1
1
1
1
1
1
1
1
1
1
1
1
1
1
1
1
1
1
1
1
1
1
1
1
1
1
1
1
1
1
1
1
1
1
1
1
1
1
1
1
1
1
1
1
1
1
1
1
1
1
1
1
1
1
1
1
1
1
1
1
1
1
1
1
1
1
1
1
1
1
1
1
1
1
1
1
1
1
1
1
1
1
1
1
1
1
1
1
1
1
1
1
1
1
1
1
1
1
1
1
1
1
1
1
1
1
1
1
1
1
1
1
1
1
1
1
1
1
1
1
1
1
1
1
1
1
1
1
1
1
1
1
1
1
1
1
1
1
1
1
1
1
1
1
1
1
1
1
1
1
1
1
1
1
1
1
1
1
1
1
1
1
1
1
1
1
1
1
1
1
1
1
1
1
1
1
1
1
1
1
1
1
1
1
1
1
1
1
1
1
1
1
1
1
1
1
1
1
1
1
1
1
1
1
1
1
1
1
1
1
1
1
1
1
1
1
1
1
1
1
1
1
1
1
1
1
1
1
1
1
1
1
1
1
1
1
1
1
1
1
1
1
1
1
1
1
1
1
1
1
1
1
1
1
1
1
1
1
1
1
1
1
1
1
1
1
1
1
1
1
1
1
1
1
1
1
1
1
1
1
1
1
1
1
1
1
1
1
1
1
1
1
1
1
1
1
1
1
1
1
1
1
1
1
1
1
1
1
1
1
1
1
1
1
1
1
1
1
1
1
1
1
1
1
1
1
1
1
1
1
1
1
1
1
1
1
1
1
1
1
1
1
1
1
1
1
1
1
1
1
1
1
1
1
1
1
1
1
1
1
1
1
1
1
1
1
1
1
1
1
1
1
1
1
1
1
1
1
1
1
1
1
1
1
1
1
1
1
1
1
1
1
1
1
1
1
1
1
1
1
1
1
1
1
1
1
1
1
1
1
1
1
1
1
1
1
1
1
1
1
1
1
1
1
1
1
1
1
1
1
1
1
1
1
1
1
1
1
1
1
1
1
1
1
1
1
1
1
1
1
1
1
1
1
1
1
1
1
1
1
1
1
1
1
1
1
1
1
1
1
1
1
1
1
1
1
1
1
1
1
1
1
1
1
1
1
1
1
1
1
1
1
1
1
1
1
1
1
1
1
1
1
1
1
1
1
1
1
1
1
1
1
1
1
1
1
1
1
1
1
1
1
1
1
1
1
1
1
1
1
1
1
1
1
1
1
1
1
1
1
1
1
1
1
1
1
1
1
1
1
1
1
1
1
1
1
1
1
1
1
1
1
1
1
1
1
1
1
1
1
1
1
1
1
1
1
1
1
1
1
1
1
1
1
1
1
1
1
1
1
1
1
1
1
1
1
1
1
1
1
1
1
1
1
1
1
1
1
1
1
1
1
1
1
1
1
1
1
1
1
1
1
1
1
1
1
1
1
1
1
1
1
1
1
1
1
1
1
1
1
1
1
1
1
1
1
1
1
1
1
1
1
1
1
1
1
1
1
1
1
1
1
1
1
1
1
1
1
1
1
1
1
1
1
1
1
1
1
1
1
1
1
1
1
1
1
1
1
1
1
1
1
1
1
1
1
1
1
1
1
1
1
1
1
1
1
1
1
1
1
1
1
1
1
1
1
1
1
1
1
1
1
1
1
1
1
1
1
1
1
1
1
1
1
1
1
1
1
1
1
1
1
1
1
1
1
1
1
1
1
1
1
1
1
1
1
1
1
1
1
1
1
1
1
1
1
1
1
1
1
1
1
1
1
1
1
1
1
1
1
1
1
1
1
1
1
1
1
1
1
1
1
1
1
1
1
1
1
1
1
1
1
1
1
1
1
1
1
1
1
1
1
1
1
1
1
1
1
1
1
1
1
1
1
1
1
1
1
1
1
1
1
1
1
1
1
1
1
1
1
1
1
1
1
1
1
1
1
1
1
1
1
1
1
1
1
1
1
1
1
1
1
1
1
1
1
1
1
1
1
1
1
1
1
1
1
1
1
1
1
1
1
1
1
1
1
1
1
1
1
1
1
1
1
1
1
1
1
1
1
1
1
1
1
1
1
1
1
1
1
1
1
1
1
1
1
1
1
1
1
1
1
1
1
1
1
1
1
1
1
1
1
1
1
1
1
1
1
1
1
1
1
1
1
1
1
1
1
1
1
1
1
1
1
1
1
1
1
1
1
1
1
1
1
1
1
1
1
1
1
1
1
1
1
1
1
1
1
1
1
1
1
1
1
1
1
1
1
1
1
1
1
1
1
1
1
1
1
1
1
1
1
1
1
1
1
1
1
1
1
1
1
1
1
1
1
1
1
1
1
1
1
1
1
1
1
1
1
1
1
1
1
1
1
1
1
1
1
1
1
1
1
1
1
1
1
1
1
1
1
1
1
1
1
1
1
1
1
1
1
1
1
1
1
1
1
1
1
1
1
1
1
1
1
1
1
1
1
1
1
1
1
1
1
1
1
1
1
1
1
1
1
1
1
1
1
1
1
1
1
1
1
1
1
1
1
1
1
1
1
1
1
1
1
1
1
1
1
1
1
1
1
1
1
1
1
1
1
1
1
1
1
1
1
1
1
1
1
1
1
1
1
1
1
1
1
1
1
1
1
1
1
1
1
1
1
1
1
1
1
1
1
1
1
1
1
1
1
1
1
1
1
1
1
1
1
1
1
1
1
1
1
1
1
1
1
1
1
1
1
1
1
1
1
1
1
1
1
1
1
1
1
1
1
1
1
1
1
1
1
1
1
1
1
1
1
1
1
1
1
1
1
1
1
1
1
1
1
1
1
1
1
1
1
1
1
1
1
1
1
1
1
1
1
1
1
1
1
1
1
1
1
1
1
1
1
1
1
1
1
1
1
1
1
1
1
1
1
1
1
1
1
1
1
1
1
1
1
1
1
1
1
1
1
1
1
1
1
1
1
1
1
1
1
1
1
1
1
1
1
1
1
1
1
1
1
1
1
1
1
1
1
1
1
1
1
1
1
1
1
1
1
1
1
1
1
1
1
1
1
1
1
1
1
1
1
1
1
1
1
1
1
1
1
1
1
1
1
1
1
1
1
1
1
1
1
1
1
1
1
1
1
1
1
1
1
1
1
1
1
1
1
1
1
1
1
1
1
1
1
1
1
1
1
1
1
1
1
1
1
1
1
1
1
1
1
1
1
1
1
1
1
1
1
1
1
1
1
1
1
1
1
1
1
1
1
1
1
1
1
1
1
1
1
1
1
1
1
1
1
1
1
1
1
1
1
1
1
1
1
1
1
1
1
1
1
1
1
1
1
1
1
1
1
1
1
1
1
1
1
1
1
1
1
1
1
1
1
1
1
1
1
1
1
1
1
1
1
1
1
1
1
1
1
1
1
1
1
1
1
1
1
1
1
1
1
1
1
1
1
1
1
1
1
1
1
1
1
1
1
1
1
1
1
1
1
1
1
1
1
1
1
1
1
1
1
1
1
1
1
1
1
1
1
1
1
1
1
1
1
1
1
1
1
1
1
1
1
1
1
1
1
1
1
1
1
1
1
1
1
1
1
1
1
1
1
1
1
1
1
1
1
1
1
1
1
1
1
1
1
1
1
1
1
1
1
1
1
1
1
1
1
1
1
1
1
1
1
1
1
1
1
1
1
1
1
1
1
1
1
1
1
1
1
1
1
1
1
1
1
1
1
1
1
1
1
1
1
1
1
1
1
1
1
1
1
1
1
1
1
1
1
1
1
1
1
1
1
1
1
1
1
1
1
1
1
1
1
1
1
1
1
1
1
1
1
1
1
1
1
1
1
1
1
1
1
1
1
1
1
1
1
1
1
1
1
1
1
1
1
1
1
1
1
1
1
1
1
1
1
1
1
1
1
1
1
1
1
1
1
1
1
1
1
1
1
1
1
1
1
1
1
1
1
1
1
1
1
1
1
1
1
1
1
1
1
1
1
1
1
1
1
1
1
1
1
1
1
1
1
1
1
1
1
1
1
1
1
1
1
1
1
1
1
1
1
1
1
1
1
1
1
1
1
1
1
1
1
1
1
1
1
1
1
1
1
1
1
1
1
1
1
1
1
1
1
1
1
1
1
1
1
1
1
1
1
1
1
1
1
1
1
1
1
1
1
1
1
1
1
1
1
1
1
1
1
1
1
1
1
1
1
1
1
1
1
1
1
1
1
1
1
1
1
1
1
1
1
1
1
1
1
1
1
1
1
1
1
1
1
1
1
1
1
1
1
1
1
1
1
1
1
1
1
1
1
1
1
1
1
1
1
1
1
1
1
1
1
1
1
1
1
1
1
1
1
1
1
1
1
1
1
1
1
1
1
1
1
1
1
1
1
1
1
1
1
1
1
1
1
1
1
1
1
1
1
1
1
1
1
1
1
1
1
1
1
1
1
1
1
1
1
1
1
1
1
1
1
1
1
1
1
1
1
1
1
1
1
1
1
1
1
1
1
1
1
1
1
1
1
1
1
1
1
1
1
1
1
1
1
1
1
1
1
1
1
1
1
1
1
1
1
1
1
1
1
1
1
1
1
1
1
1
1
1
1
1
1
1
1
1
1
1
1
1
1
1
1
1
1
1
1
1
1
1
1
1
1
1
1
1
1
1
1
1
1
1
1
1
1
1
1
1
1
1
1
1
1
1
1
1
1
1
1
1
1
1
1
1
1
1
1
1
1
1
1
1
1
1
1
1
1
1
1
1
1
1
1
1
1
1
1
1
1
1
1
1
1
1
1
1
1
1
1
1
1
1
1
1
1
1
1
1
1
1
1
1
1
1
1
1
1
1
1
1
1
1
1
1
1
1
1
1
1
1
1
1
1
1
1
1
1
1
1
1
1
1
1
1
1
1
1
1
1
1
1
1
1
1
1
1
1
1
1
1
1
1
1
1
1
1
1
1
1
1
1
1
1
1
1
1
1
1
1
1
1
1
1
1
1
1
1
1
1
1
1
1
1
1
1
1
1
1
1
1
1
1
1
1
1
1
1
1
1
1
1
1
1
1
1
1
1
1
1
1
1
1
1
1
1
1
1
1
1
1
1
1
1
1
1
1
1
1
1
1
1
1
1
1
1
1
1
1
1
1
1
1
1
1
1
1
1
1
1
1
1
1
1
1
1
1
1
1
1
1
1
1
1
1
1
1
1
1
1
1
1
1
1
1
1
1
1
1
1
1
1
1
1
1
1
1
1
1
1
1
1
1
1
1
1
1
1
1
1
1
1
1
1
1
1
1
1
1
1
1
1
1
1
1
1
1
1
1
1
1
1
1
1
1
1
1
1
1
1
1
1
1
1
1
1
1
1
1
1
1
1
1
1
1
1
1
1
1
1
1
1
1
1
1
1
1
1
1
1
1
1
1
1
1
1
1
1
1
1
1
1
1
1
1
1
1
1
1
1
1
1
1
1
1
1
1
1
1
1
1
1
1
1
1
1
1
1
1
1
1
1
1
1
1
1
1
1
1
1
1
1
1
1
1
1
1
1
1
1
1
1
1
1
1
1
1
1
1
1
1
1
1
1
1
1
1
1
1
1
1
1
1
1
1
1
1
1
1
1
1
1
1
1
1
1
1
1
1
1
1
1
1
1
1
1
1
1
1
1
1
1
1
1
1
1
1
1
1
1
1
1
1
1
1
1
1
1
1
1
1
1
1
1
1
1
1
1
1
1
1
1
1
1
1
1
1
1
1
1
1
1
1
1
1
1
1
1
1
1
1
1
1
1
1
1
1
1
1
1
1
1
1
1
1
1
1
1
1
1
1
1
1
1
1
1
1
1
1
1
1
1
1
1
1
1
1
1
1
1
1
1
1
1
1
1
1
1
1
1
1
1
1
1
1
1
1
1
1
1
1
1
1
1
1
1
1
1
1
1
1
1
1
1
1
1
1
1
1
1
1
1
1
1
1
1
1
1
1
1
1
1
1
1
1
1
1
1
1
1
1
1
1
1
1
1
1
1
1
1
1
1
1
1
1
1
1
1
1
1
1
1
1
1
1
1
1
1
1
1
1
1
1
1
1
1
1
1
1
1
1
1
1
1
1
1
1
1
1
1
1
1
1
1
1
1
1
1
1
1
1
1
1
1
1
1
1
1
1
1
1
1
1
1
1
1
1
1
1
1
1
1
1
1
1
1
1
1
1
1
1
1
1
1
1
1
1
1
1
1
1
1
1
1
1
1
1
1
1
1
1
1
1
1
1
1
1
1
1
1
1
1
1
1
1
1
1
1
1
1
1
1
1
1
1
1
1
1
1
1
1
1
1
1
1
1
1
1
1
1
1
1
1
1
1
1
1
1
1
1
1
1
1
1
1
1
1
1
1
1
1
1
1
1
1
1
1
1
1
1
1
1
1
1
1
1
1
1
1
1
1
1
1
1
1
1
1
1
1
1
1
1
1
1
1
1
1
1
1
1
1
1
1
1
1
1
1
1
1
1
1
1
1
1
1
1
1
1
1
1
1
1
1
1
1
1
1
1
1
1
1
1
1
1
1
1
1
1
1
1
1
1
1
1
1
1
1
1
1
1
1
1
1
1
1
1
1
1
1
1
1
1
1
1
1
1
1
1
1
1
1
1
1
1
1
1
1
1
1
1
1
1
1
1
1
1
1
1
1
1
1
1
1
1
1
1
1
1
1
1
1
1
1
1
1
1
1
1
1
1
1
1
1
1
1
1
1
1
1
1
1
1
1
1
1
1
1
1
1
1
1
1
1
1
1
1
1
1
1
1
1
1
1
1
1
1
1
1
1
1
1
1
1
1
1
1
1
1
1
1
1
1
1
1
1
1
1
1
1
1
1
1
1
1
1
1
1
1
1
1
1
1
1
1
1
1
1
1
1
1
1
1
1
1
1
1
1
1
1
1
1
1
1
1
1
1
1
1
1
1
1
1
1
1
1
1
1
1
1
1
1
1
1
1
1
1
1
1
1
1
1
1
1
1
1
1
1
1
1
1
1
1
1
1
1
1
1
1
1
1
1
1
1
1
1
1
1
1
1
1
1
1
1
1
1
1
1
1
1
1
1
1
1
1
1
1
1
1
1
1
1
1
1
1
1
1
1
1
1
1
1
1
1
1
1
1
1
1
1
1
1
1
1
1
1
1
1
1
1
1
1
1
1
1
1
1
1
1
1
1
1
1
1
1
1
1
1
1
1
1
1
1
1
1
1
1
1
1
1
1
1
1
1
1
1
1
1
1
1
1
1
1
1
1
1
1
1
1
1
1
1
1
1
1
1
1
1
1
1
1
1
1
1
1
1
1
1
1
1
1
1
1
1
1
1
1
1
1
1
1
1
1
1
1
1
1
1
1
1
1
1
1
1
1
1
1
1
1
1
1
1
1
1
1
1
1
1
1
1
1
1
1
1
1
1
1
1
1
1
1
1
1
1
1
1
1
1
1
1
1
1
1
1
1
1
1
1
1
1
1
1
1
1
1
1
1
1
1
1
1
1
1
1
1
1
1
1
1
1
1
1
1
1
1
1
1
1
1
1
1
1
1
1
1
1
1
1
1
1
1
1
1
1
1
1
1
1
1
1
1
1
1
1
1
1
1
1
1
1
1
1
1
1
1
1
1
1
1
1
1
1
1
1
1
1
1
1
1
1
1
1
1
1
1
1
1
1
1
1
1
1
1
1
1
1
1
1
1
1
1
1
1
1
1
1
1
1
1
1
1
1
1
1
1
1
1
1
1
1
1
1
1
1
1
1
1
1
1
1
1
1
1
1
1
1
1
1
1
1
1
1
1
1
1
1
1
1
1
1
1
1
1
1
1
1
1
1
1
1
1
1
1
1
1
1
1
1
1
1
1
1
1
1
1
1
1
1
1
1
1
1
1
1
1
1
1
1
1
1
1
1
1
1
1
1
1
1
1
1
1
1
1
1
1
1
1
1
1
1
1
1
1
1
1
1
1
1
1
1
1
1
1
1
1
1
1
1
1
1
1
1
1
1
1
1
1
1
1
1
1
1
1
1
1
1
1
1
1
1
1
1
1
1
1
1
1
1
1
1
1
1
1
1
1
1
1
1
1
1
1
1
1
1
1
1
1
1
1
1
1
1
1
1
1
1
1
1
1
1
1
1
1
1
1
1
1
1
1
1
1
1
1
1
1
1
1
1
1
1
1
1
1
1
1
1
1
1
1
1
1
1
1
1
1
1
1
1
1
1
1
1
1
1
1
1
1
1
1
1
1
1
1
1
1
1
1
1
1
1
1
1
1
1
1
1
1
1
1
1
1
1
1
1
1
1
1
1
1
1
1
1
1
1
1
1
1
1
1
1
1
1
1
1
1
1
1
1
1
1
1
1
1
1
1
1
1
1
1
1
1
1
1
1
1
1
1
1
1
1
1
1
1
1
1
1
1
1
1
1
1
1
1
1
1
1
1
1
1
1
1
1
1
1
1
1
1
1
1
1
1
1
1
1
1
1
1
1
1
1
1
1
1
1
1
1
1
1
1
1
1
1
1
1
1
1
1
1
1
1
1
1
1
1
1
1
1
1
1
1
1
1
1
1
1
1
1
1
1
1
1
1
1
1
1
1
1
1
1
1
1
1
1
1
1
1
1
1
1
1
1
1
1
1
1
1
1
1
1
1
1
1
1
1
1
1
1
1
1
1
1
1
1
1
1
1
1
1
1
1
1
1
1
1
1
1
1
1
1
1
1
1
1
1
1
1
1
1
1
1
1
1
1
1
1
1
1
1
1
1
1
1
1
1
1
1
1
1
1
1
1
1
1
1
1
1
1
1
1
1
1
1
1
1
1
1
1
1
1
1
1
1
1
1
1
1
1
1
1
1
1
1
1
1
1
1
1
1
1
1
1
1
1
1
1
1
1
1
1
1
1
1
1
1
1
1
1
1
1
1
1
1
1
1
1
1
1
1
1
1
1
1
1
1
1
1
1
1
1
1
1
1
1
1
1
1
1
1
1
1
1
1
1
1
1
1
1
1
1
1
1
1
1
1
1
1
1
1
1
1
1
1
1
1
1
1
1
1
1
1
1
1
1
1
1
1
1
1
1
1
1
1
1
1
1
1
1
1
1
1
1
1
1
1
1
1
1
1
1
1
1
1
1
1
1
1
1
1
1
1
1
1
1
1
1
1
1
1
1
1
1
1
1
1
1
1
1
1
1
1
1
1
1
1
1
1
1
1
1
1
1
1
1
1
1
1
1
1
1
1
1
1
1
1
1
1
1
1
1
1
1
1
1
1
1
1
1
1
1
1
1
1
1
1
1
1
1
1
1
1
1
1
1
1
1
1
1
1
1
1
1
1
1
1
1
1
1
1
1
1
1
1
1
1
1
1
1
1
1
1
1
1
1
1
1
1
1
1
1
1
1
1
1
1
1
1
1
1
1
1
1
1
1
1
1
1
1
1
1
1
1
1
1
1
1
1
1
1
1
1
1
1
1
1
1
1
1
1
1
1
1
1
1
1
1
1
1
1
1
1
1
1
1
1
1
1
1
1
1
1
1
1
1
1
1
1
1
1
1
1
1
1
1
1
1
1
1
1
1
1
1
1
1
1
1
1
1
1
1
1
1
1
1
1
1
1
1
1
1
1
1
1
1
1
1
1
1
1
1
1
1
1
1
1
1
1
1
1
1
1
1
1
1
1
1
1
1
1
1
1
1
1
1
1
1
1
1
1
1
1
1
1
1
1
1
1
1
1
1
1
1
1
1
1
1
1
1
1
1
1
1
1
1
1
1
1
1
1
1
1
1
1
1
1
1
1
1
1
1
1
1
1
1
1
1
1
1
1
1
1
1
1
1
1
1
1
1
1
1
1
1
1
1
1
1
1
1
1
1
1
1
1
1
1
1
1
1
1
1
1
1
1
1
1
1
1
1
1
1
1
1
1
1
1
1
1
1
1
1
1
1
1
1
1
1
1
1
1
1
1
1
1
1
1
1
1
1
1
1
1
1
1
1
1
1
1
1
1
1
1
1
1
1
1
1
1
1
1
1
1
1
1
1
1
1
1
1
1
1
1
1
1
1
1
1
1
1
1
1
1
1
1
1
1
1
1
1
1
1
1
1
1
1
1
1
1
1
1
1
1
1
1
1
1
1
1
1
1
1
1
1
1
1
1
1
1
1
1
1
1
1
1
1
1
1
1
1
1
1
1
1
1
1
1
1
1
1
1
1
1
1
1
1
1
1
1
1
1
1
1
1
1
1
1
1
1
1
1
1
1
1
1
1
1
1
1
1
1
1
1
1
1
1
1
1
1
1
1
1
1
1
1
1
1
1
1
1
1
1
1
1
1
1
1
1
1
1
1
1
1
1
1
1
1
1
1
1
1
1
1
1
1
1
1
1
1
1
1
1
1
1
1
1
1
1
1
1
1
1
1
1
1
1
1
1
1
1
1
1
1
1
1
1
1
1
1
1
1
1
1
1
1
1
1
1
1
1
1
1
1
1
1
1
1
1
1
1
1
1
1
1
1
1
1
1
1
1
1
1
1
1
1
1
1
1
1
1
1
1
1
1
1
1
1
1
1
1
1
1
1
1
1
1
1
1
1
1
1
1
1
1
1
1
1
1
1
1
1
1
1
1
1
1
1
1
1
1
1
1
1
1
1
1
1
1
1
1
1
1
1
1
1
1
1
1
1
1
1
1
1
1
1
1
1
1
1
1
1
1
1
1
1
1
1
1
1
1
1
1
1
1
1
1
1
1
1
1
1
1
1
1
1
1
1
1
1
1
1
1
1
1
1
1
1
1
1
1
1
1
1
1
1
1
1
1
1
1
1
1
1
1
1
1
1
1
1
1
1
1
1
1
1
1
1
1
1
1
1
1
1
1
1
1
1
1
1
1
1
1
1
1
1
1
1
1
1
1
1
1
1
1
1
1
1
1
1
1
1
1
1
1
1
1
1
1
1
1
1
1
1
1
1
1
1
1
1
1
1
1
1
1
1
1
1
1
1
1
1
1
1
1
1
1
1
1
1
1
1
1
1
1
1
1
1
1
1
1
1
1
1
1
1
1
1
1
1
1
1
1
1
1
1
1
1
1
1
1
1
1
1
1
1
1
1
1
1
1
1
1
1
1
1
1
1
1
1
1
1
1
1
1
1
1
1
1
1
1
1
1
1
1
1
1
1
1
1
1
1
1
1
1
1
1
1
1
1
1
1
1
1
1
1
1
1
1
1
1
1
1
1
1
1
1
1
1
1
1
1
1
1
1
1
1
1
1
1
1
1
1
1
1
1
1
1
1
1
1
1
1
1
1
1
1
1
1
1
1
1
1
1
1
1
1
1
1
1
1
1
1
1
1
1
1
1
1
1
1
1
1
1
1
1
1
1
1
1
1
1
1
1
1
1
1
1
1
1
1
1
1
1
1
1
1
1
1
1
1
1
1
1
1
1
1
1
1
1
1
1
1
1
1
1
1
1
1
1
1
1
1
1
1
1
1
1
1
1
1
1
1
1
1
1
1
1
1
1
1
1
1
1
1
1
1
1
1
1
1
1
1
1
1
1
1
1
1
1
1
1
1
1
1
1
1
1
1
1
1
1
1
1
1
1
1
1
1
1
1
1
1
1
1
1
1
1
1
1
1
1
1
1
1
1
1
1
1
1
1
1
1
1
1
1
1
1
1
1
1
1
1
1
1
1
1
1
1
1
1
1
1
1
1
1
1
1
1
1
1
1
1
1
1
1
1
1
1
1
1
1
1
1
1
1
1
1
1
1
1
1
1
1
1
1
1
1
1
1
1
1
1
1
1
1
1
1
1
1
1
1
1
1
1
1
1
1
1
1
1
1
1
1
1
1
1
1
1
1
1
1
1
1
1
1
1
1
1
1
1
1
1
1
1
1
1
1
1
1
1
1
1
1
1
1
1
1
1
1
1
1
1
1
1
1
1
1
1
1
1
1
1
1
1
1
1
1
1
1
1
1
1
1
1
1
1
1
1
1
1
1
1
1
1
1
1
1
1
1
1
1
1
1
1
1
1
1
1
1
1
1
1
1
1
1
1
1
1
1
1
1
1
1
1
1
1
1
1
1
1
1
1
1
1
1
1
1
1
1
1
1
1
1
1
1
1
1
1
1
1
1
1
1
1
1
1
1
1
1
1
1
1
1
1
1
1
1
1
1
1
1
1
1
1
1
1
1
1
1
1
1
1
1
1
1
1
1
1
1
1
1
1
1
1
1
1
1
1
1
1
1
1
1
1
1
1
1
1
1
1
1
1
1
1
1
1
1
1
1
1
1
1
1
1
1
1
1
1
1
1
1
1
1
1
1
1
1
1
1
1
1
1
1
1
1
1
1
1
1
1
1
1
1
1
1
1
1
1
1
1
1
1
1
1
1
1
1
1
1
1
1
1
1
1
1
1
1
1
1
1
1
1
1
1
1
1
1
1
1
1
1
1
1
1
1
1
1
1
1
1
1
1
1
1
1
1
1
1
1
1
1
1
1
1
1
1
1
1
1
1
1
1
1
1
1
1
1
1
1
1
1
1
1
1
1
1
1
1
1
1
1
1
1
1
1
1
1
1
1
1
1
1
1
1
1
1
1
1
1
1
1
1
1
1
1
1
1
1
1
1
1
1
1
1
1
1
1
1
1
1
1
1
1
1
1
1
1
1
1
1
1
1
1
1
1
1
1
1
1
1
1
1
1
1
1
1
1
1
1
1
1
1
1
1
1
1
1
1
1
1
1
1
1
1
1
1
1
1
1
1
1
1
1
1
1
1
1
1
1
1
1
1
1
1
1
1
1
1
1
1
1
1
1
1
1
1
1
1
1
1
1
1
1
1
1
1
1
1
1
1
1
1
1
1
1
1
1
1
1
1
1
1
1
1
1
1
1
1
1
1
1
1
1
1
1
1
1
1
1
1
1
1
1
1
1
1
1
1
1
1
1
1
1
1
1
1
1
1
1
1
1
1
1
1
1
1
1
1
1
1
1
1
1
1
1
1
1
1
1
1
1
1
1
1
1
1
1
1
1
1
1
1
1
1
1
1
1
1
1
1
1
1
1
1
1
1
1
1
1
1
1
1
1
1
1
1
1
1
1
1
1
1
1
1
1
1
1
1
1
1
1
1
1
1
1
1
1
1
1
1
1
1
1
1
1
1
1
1
1
1
1
1
1
1
1
1
1
1
1
1
1
1
1
1
1
1
1
1
1
1
1
1
1
1
1
1
1
1
1
1
1
1
1
1
1
1
1
1
1
1
1
1
1
1
1
1
1
1
1
1
1
1
1
1
1
1
1
1
1
1
1
1
1
1
1
1
1
1
1
1
1
1
1
1
1
1
1
1
1
1
1
1
1
1
1
1
1
1
1
1
1
1
1
1
1
1
1
1
1
1
1
1
1
1
1
1
1
1
1
1
1
1
1
1
1
1
1
1
1
1
1
1
1
1
1
1
1
1
1
1
1
1
1
1
1
1
1
1
1
1
1
1
1
1
1
1
1
1
1
1
1
1
1
1
1
1
1
1
1
1
1
1
1
1
1
1
1
1
1
1
1
1
1
1
1
1
1
1
1
1
1
1
1
1
1
1
1
1
1
1
1
1
1
1
1
1
1
1
1
1
1
1
1
1
1
1
1
1
1
1
1
1
1
1
1
1
1
1
1
1
1
1
1
1
1
1
1
1
1
1
1
1
1
1
1
1
1
1
1
1
1
1
1
1
1
1
1
1
1
1
1
1
1
1
1
1
1
1
1
1
1
1
1
1
1
1
1
1
1
1
1
1
1
1
1
1
1
1
1
1
1
1
1
1
1
1
1
1
1
1
1
1
1
1
1
1
1
1
1
1
1
1
1
1
1
1
1
1
1
1
1
1
1
1
1
1
1
1
1
1
1
1
1
1
1
1
1
1
1
1
1
1
1
1
1
1
1
1
1
1
1
1
1
1
1
1
1
1
1
1
1
1
1
1
1
1
1
1
1
1
1
1
1
1
1
1
1
1
1
1
1
1
1
1
1
1
1
1
1
1
1
1
1
1
1
1
1
1
1
1
1
1
1
1
1
1
1
1
1
1
1
1
1
1
1
1
1
1
1
1
1
1
1
1
1
1
1
1
1
1
1
1
1
1
1
1
1
1
1
1
1
1
1
1
1
1
1
1
1
1
1
1
1
1
1
1
1
1
1
1
1
1
1
1
1
1
1
1
1
1
1
1
1
1
1
1
1
1
1
1
1
1
1
1
1
1
1
1
1
1
1
1
1
1
1
1
1
1
1
1
1
1
1
1
1
1
1
1
1
1
1
1
1
1
1
1
1
1
1
1
1
1
1
1
1
1
1
1
1
1
1
1
1
1
1
1
1
1
1
1
1
1
1
1
1
1
1
1
1
1
1
1
1
1
1
1
1
1
1
1
1
1
1
1
1
1
1
1
1
1
1
1
1
1
1
1
1
1
1
1
1
1
1
1
1
1
1
1
1
1
1
1
1
1
1
1
1
1
1
1
1
1
1
1
1
1
1
1
1
1
1
1
1
1
1
1
1
1
1
1
1
1
1
1
1
1
1
1
1
1
1
1
1
1
1
1
1
1
1
1
1
1
1
1
1
1
1
1
1
1
1
1
1
1
1
1
1
1
1
1
1
1
1
1
1
1
1
1
1
1
1
1
1
1
1
1
1
1
1
1
1
1
1
1
1
1
1
1
1
1
1
1
1
1
1
1
1
1
1
1
1
1
1
1
1
1
1
1
1
1
1
1
1
1
1
1
1
1
1
1
1
1
1
1
1
1
1
1
1
1
1
1
1
1
1
1
1
1
1
1
1
1
1
1
1
1
1
1
1
1
1
1
1
1
1
1
1
1
1
1
1
1
1
1
1
1
1
1
1
1
1
1
1
1
1
1
1
1
1
1
1
1
1
1
1
1
1
1
1
1
1
1
1
1
1
1
1
1
1
1
1
1
1
1
1
1
1
1
1
1
1
1
1
1
1
1
1
1
1
1
1
1
1
1
1
1
1
1
1
1
1
1
1
1
1
1
1
1
1
1
1
1
1
1
1
1
1
1
1
1
1
1
1
1
1
1
1
1
1
1
1
1
1
1
1
1
1
1
1
1
1
1
1
1
1
1
1
1
1
1
1
1
1
1
1
1
1
1
1
1
1
1
1
1
1
1
1
1
1
1
1
1
1
1
1
1
1
1
1
1
1
1
1
1
1
1
1
1
1
1
1
1
1
1
1
1
1
1
1
1
1
1
1
1
1
1
1
1
1
1
1
1
1
1
1
1
1
1
1
1
1
1
1
1
1
1
1
1
1
1
1
1
1
1
1
1
1
1
1
1
1
1
1
1
1
1
1
1
1
1
1
1
1
1
1
1
1
1
1
1
1
1
1
1
1
1
1
1
1
1
1
1
1
1
1
1
1
1
1
1
1
1
1
1
1
1
1
1
1
1
1
1
1
1
1
1
1
1
1
1
1
1
1
1
1
1
1
1
1
1
1
1
1
1
1
1
1
1
1
1
1
1
1
1
1
1
1
1
1
1
1
1
1
1
1
1
1
1
1
1
1
1
1
1
1
1
1
1
1
1
1
1
1
1
1
1
1
1
1
1
1
1
1
1
1
1
1
1
1
1
1
1
1
1
1
1
1
1
1
1
1
1
1
1
1
1
1
1
1
1
1
1
1
1
1
1
1
1
1
1
1
1
1
1
1
1
1
1
1
1
1
1
1
1
1
1
1
1
1
1
1
1
1
1
1
1
1
1
1
1
1
1
1
1
1
1
1
1
1
1
1
1
1
1
1
1
1
1
1
1
1
1
1
1
1
1
1
1
1
1
1
1
1
1
1
1
1
1
1
1
1
1
1
1
1
1
1
1
1
1
1
1
1
1
1
1
1
1
1
1
1
1
1
1
1
1
1
1
1
1
1
1
1
1
1
1
1
1
1
1
1
1
1
1
1
1
1
1
1
1
1
1
1
1
1
1
1
1
1
1
1
1
1
1
1
1
1
1
1
1
1
1
1
1
1
1
1
1
1
1
1
1
1
1
1
1
1
1
1
1
1
1
1
1
1
1
1
1
1
1
1
1
1
1
1
1
1
1
1
1
1
1
1
1
1
1
1
1
1
1
1
1
1
1
1
1
1
1
1
1
1
1
1
1
1
1
1
1
1
1
1
1
1
1
1
1
1
1
1
1
1
1
1
1
1
1
1
1
1
1
1
1
1
1
1
1
1
1
1
1
1
1
1
1
1
1
1
1
1
1
1
1
1
1
1
1
1
1
1
1
1
1
1
1
1
1
1
1
1
1
1
1
1
1
1
1
1
1
1
1
1
1
1
1
1
1
1
1
1
1
1
1
1
1
1
1
1
1
1
1
1
1
1
1
1
1
1
1
1
1
1
1
1
1
1
1
1
1
1
1
1
1
1
1
1
1
1
1
1
1
1
1
1
1
1
1
1
1
1
1
1
1
1
1
1
1
1
1
1
1
1
1
1
1
1
1
1
1
1
1
1
1
1
1
1
1
1
1
1
1
1
1
1
1
1
1
1
1
1
1
1
1
1
1
1
1
1
1
1
1
1
1
1
1
1
1
1
1
1
1
1
1
1
1
1
1
1
1
1
1
1
1
1
1
1
1
1
1
1
1
1
1
1
1
1
1
1
1
1
1
1
1
1
1
1
1
1
1
1
1
1
1
1
1
1
1
1
1
1
1
1
1
1
1
1
1
1
1
1
1
1
1
1
1
1
1
1
1
1
1
1
1
1
1
1
1
1
1
1
1
1
1
1
1
1
1
1
1
1
1
1
1
1
1
1
1
1
1
1
1
1
1
1
1
1
1
1
1
1
1
1
1
1
1
1
1
1
1
1
1
1
1
1
1
1
1
1
1
1
1
1
1
1
1
1
1
1
1
1
1
1
1
1
1
1
1
1
1
1
1
1
1
1
1
1
1
1
1
1
1
1
1
1
1
1
1
1
1
1
1
1
1
1
1
1
1
1
1
1
1
1
1
1
1
1
1
1
1
1
1
1
1
1
1
1
1
1
1
1
1
1
1
1
1
1
1
1
1
1
1
1
1
1
1
1
1
1
1
1
1
1
1
1
1
1
1
1
1
1
1
1
1
1
1
1
1
1
1
1
1
1
1
1
1
1
1
1
1
1
1
1
1
1
1
1
1
1
1
1
1
1
1
1
1
1
1
1
1
1
1
1
1
1
1
1
1
1
1
1
1
1
1
1
1
1
1
1
1
1
1
1
1
1
1
1
1
1
1
1
1
1
1
1
1
1
1
1
1
1
1
1
1
1
1
1
1
1
1
1
1
1
1
1
1
1
1
1
1
1
1
1
1
1
1
1
1
1
1
1
1
1
1
1
1
1
1
1
1
1
1
1
1
1
1
1
1
1
1
1
1
1
1
1
1
1
1
1
1
1
1
1
1
1
1
1
1
1
1
1
1
1
1
1
1
1
1
1
1
1
1
1
1
1
1
1
1
1
1
1
1
1
1
1
1
1
1
1
1
1
1
1
1
1
1
1
1
1
1
1
1
1
1
1
1
1
1
1
1
1
1
1
1
1
1
1
1
1
1
1
1
1
1
1
1
1
1
1
1
1
1
1
1
1
1
1
1
1
1
1
1
1
1
1
1
1
1
1
1
1
1
1
1
1
1
1
1
1
1
1
1
1
1
1
1
1
1
1
1
1
1
1
1
1
1
1
1
1
1
1
1
1
1
1
1
1
1
1
1
1
1
1
1
1
1
1
1
1
1
1
1
1
1
1
1
1
1
1
1
1
1
1
1
1
1
1
1
1
1
1
1
1
1
1
1
1
1
1
1
1
1
1
1
1
1
1
1
1
1
1
1
1
1
1
1
1
1
1
1
1
1
1
1
1
1
1
1
1
1
1
1
1
1
1
1
1
1
1
1
1
1
1
1
1
1
1
1
1
1
1
1
1
1
1
1
1
1
1
1
1
1
1
1
1
1
1
1
1
1
1
1
1
1
1
1
1
1
1
1
1
1
1
1
1
1
1
1
1
1
1
1
1
1
1
1
1
1
1
1
1
1
1
1
1
1
1
1
1
1
1
1
1
1
1
1
1
1
1
1
1
1
1
1
1
1
1
1
1
1
1
1
1
1
1
1
1
1
1
1
1
1
1
1
1
1
1
1
1
1
1
1
1
1
1
1
1
1
1
1
1
1
1
1
1
1
1
1
1
1
1
1
1
1
1
1
1
1
1
1
1
1
1
1
1
1
1
1
1
1
1
1
1
1
1
1
1
1
1
1
1
1
1
1
1
1
1
1
1
1
1
1
1
1
1
1
1
1
1
1
1
1
1
1
1
1
1
1
1
1
1
1
1
1
1
1
1
1
1
1
1
1
1
1
1
1
1
1
1
1
1
1
1
1
1
1
1
1
1
1
1
1
1
1
1
1
1
1
1
1
1
1
1
1
1
1
1
1
1
1
1
1
1
1
1
1
1
1
1
1
1
1
1
1
1
1
1
1
1
1
1
1
1
1
1
1
1
1
1
1
1
1
1
1
1
1
1
1
1
1
1
1
1
1
1
1
1
1
1
1
1
1
1
1
1
1
1
1
1
1
1
1
1
1
1
1
1
1
1
1
1
1
1
1
1
1
1
1
1
1
1
1
1
1
1
1
1
1
1
1
1
1
1
1
1
1
1
1
1
1
1
1
1
1
1
1
1
1
1
1
1
1
1
1
1
1
1
1
1
1
1
1
1
1
1
1
1
1
1
1
1
1
1
1
1
1
1
1
1
1
1
1
1
1
1
1
1
1
1
1
1
1
1
1
1
1
1
1
1
1
1
1
1
1
1
1
1
1
1
1
1
1
1
1
1
1
1
1
1
1
1
1
1
1
1
1
1
1
1
1
1
1
1
1
1
1
1
1
1
1
1
1
1
1
1
1
1
1
1
1
1
1
1
1
1
1
1
1
1
1
1
1
1
1
1
1
1
1
1
1
1
1
1
1
1
1
1
1
1
1
1
1
1
1
1
1
1
1
1
1
1
1
1
1
1
1
1
1
1
1
1
1
1
1
1
1
1
1
1
1
1
1
1
1
1
1
1
1
1
1
1
1
1
1
1
1
1
1
1
1
1
1
1
1
1
1
1
1
1
1
1
1
1
1
1
1
1
1
1
1
1
1
1
1
1
1
1
1
1
1
1
1
1
1
1
1
1
1
1
1
1
1
1
1
1
1
1
1
1
1
1
1
1
1
1
1
1
1
1
1
1
1
1
1
1
1
1
1
1
1
1
1
1
1
1
1
1
1
1
1
1
1
1
1
1
1
1
1
1
1
1
1
1
1
1
1
1
1
1
1
1
1
1
1
1
1
1
1
1
1
1
1
1
1
1
1
1
1
1
1
1
1
1
1
1
1
1
1
1
1
1
1
1
1
1
1
1
1
1
1
1
1
1
1
1
1
1
1
1
1
1
1
1
1
1
1
1
1
1
1
1
1
1
1
1
1
1
1
1
1
1
1
1
1
1
1
1
1
1
1
1
1
1
1
1
1
1
1
1
1
1
1
1
1
1
1
1
1
1
1
1
1
1
1
1
1
1
1
1
1
1
1
1
1
1
1
1
1
1
1
1
1
1
1
1
1
1
1
1
1
1
1
1
1
1
1
1
1
1
1
1
1
1
1
1
1
1
1
1
1
1
1
1
1
1
1
1
1
1
1
1
1
1
1
1
1
1
1
1
1
1
1
1
1
1
1
1
1
1
1
1
1
1
1
1
1
1
1
1
1
1
1
1
1
1
1
1
1
1
1
1
1
1
1
1
1
1
1
1
1
1
1
1
1
1
1
1
1
1
1
1
1
1
1
1
1
1
1
1
1
1
1
1
1
1
1
1
1
1
1
1
1
1
1
1
1
1
1
1
1
1
1
1
1
1
1
1
1
1
1
1
1
1
1
1
1
1
1
1
1
1
1
1
1
1
1
1
1
1
1
1
1
1
1
1
1
1
1
1
1
1
1
1
1
1
1
1
1
1
1
1
1
1
1
1
1
1
1
1
1
1
1
1
1
1
1
1
1
1
1
1
1
1
1
1
1
1
1
1
1
1
1
1
1
1
1
1
1
1
1
1
1
1
1
1
1
1
1
1
1
1
1
1
1
1
1
1
1
1
1
1
1
1
1
1
1
1
1
1
1
1
1
1
1
1
1
1
1
1
1
1
1
1
1
1
1
1
1
1
1
1
1
1
1
1
1
1
1
1
1
1
1
1
1
1
1
1
1
1
1
1
1
1
1
1
1
1
1
1
1
1
1
1
1
1
1
1
1
1
1
1
1
1
1
1
1
1
1
1
1
1
1
1
1
1
1
1
1
1
1
1
1
1
1
1
1
1
1
1
1
1
1
1
1
1
1
1
1
1
1
1
1
1
1
1
1
1
1
1
1
1
1
1
1
1
1
1
1
1
1
1
1
1
1
1
1
1
1
1
1
1
1
1
1
1
1
1
1
1
1
1
1
1
1
1
1
1
1
1
1
1
1
1
1
1
1
1
1
1
1
1
1
1
1
1
1
1
1
1
1
1
1
1
1
1
1
1
1
1
1
1
1
1
1
1
1
1
1
1
1
1
1
1
1
1
1
1
1
1
1
1
1
1
1
1
1
1
1
1
1
1
1
1
1
1
1
1
1
1
1
1
1
1
1
1
1
1
1
1
1
1
1
1
1
1
1
1
1
1
1
1
1
1
1
1
1
1
1
1
1
1
1
1
1
1
1
1
1
1
1
1
1
1
1
1
1
1
1
1
1
1
1
1
1
1
1
1
1
1
1
1
1
1
1
1
1
1
1
1
1
1
1
1
1
1
1
1
1
1
1
1
1
1
1
1
1
1
1
1
1
1
1
1
1
1
1
1
1
1
1
1
1
1
1
1
1
1
1
1
1
1
1
1
1
1
1
1
1
1
1
1
1
1
1
1
1
1
1
1
1
1
1
1
1
1
1
1
1
1
1
1
1
1
1
1
1
1
1
1
1
1
1
1
1
1
1
1
1
1
1
1
1
1
1
1
1
1
1
1
1
1
1
1
1
1
1
1
1
1
1
1
1
1
1
1
1
1
1
1
1
1
1
1
1
1
1
1
1
1
1
1
1
1
1
1
1
1
1
1
1
1
1
1
1
1
1
1
1
1
1
1
1
1
1
1
1
1
1
1
1
1
1
1
1
1
1
1
1
1
1
1
1
1
1
1
1
1
1
1
1
1
1
1
1
1
1
1
1
1
1
1
1
1
1
1
1
1
1
1
1
1
1
1
1
1
1
1
1
1
1
1
1
1
1
1
1
1
1
1
1
1
1
1
1
1
1
1
1
1
1
1
1
1
1
1
1
1
1
1
1
1
1
1
1
1
1
1
1
1
1
1
1
1
1
1
1
1
1
1
1
1
1
1
1
1
1
1
1
1
1
1
1
1
1
1
1
1
1
1
1
1
1
1
1
1
1
1
1
1
1
1
1
1
1
1
1
1
1
1
1
1
1
1
1
1
1
1
1
1
1
1
1
1
1
1
1
1
1
1
1
1
1
1
1
1
1
1
1
1
1
1
1
1
1
1
1
1
1
1
1
1
1
1
1
1
1
1
1
1
1
1
1
1
1
1
1
1
1
1
1
1
1
1
1
1
1
1
1
1
1
1
1
1
1
1
1
1
1
1
1
1
1
1
1
1
1
1
1
1
1
1
1
1
1
1
1
1
1
1
1
1
1
1
1
1
1
1
1
1
1
1
1
1
1
1
1
1
1
1
1
1
1
1
1
1
1
1
1
1
1
1
1
1
1
1
1
1
1
1
1
1
1
1
1
1
1
1
1
1
1
1
1
1
1
1
1
1
1
1
1
1
1
1
1
1
1
1
1
1
1
1
1
1
1
1
1
1
1
1
1
1
1
1
1
1
1
1
1
1
1
1
1
1
1
1
1
1
1
1
1
1
1
1
1
1
1
1
1
1
1
1
1
1
1
1
1
1
1
1
1
1
1
1
1
1
1
1
1
1
1
1
1
1
1
1
1
1
1
1
1
1
1
1
1
1
1
1
1
1
1
1
1
1
1
1
1
1
1
1
1
1
1
1
1
1
1
1
1
1
1
1
1
1
1
1
1
1
1
1
1
1
1
1
1
1
1
1
1
1
1
1
1
1
1
1
1
1
1
1
1
1
1
1
1
1
1
1
1
1
1
1
1
1
1
1
1
1
1
1
1
1
1
1
1
1
1
1
1
1
1
1
1
1
1
1
1
1
1
1
1
1
1
1
1
1
1
1
1
1
1
1
1
1
1
1
1
1
1
1
1
1
1
1
1
1
1
1
1
1
1
1
1
1
1
1
1
1
1
1
1
1
1
1
1
1
1
1
1
1
1
1
1
1
1
1
1
1
1
1
1
1
1
1
1
1
1
1
1
1
1
1
1
1
1
1
1
1
1
1
1
1
1
1
1
1
1
1
1
1
1
1
1
1
1
1
1
1
1
1
1
1
1
1
1
1
1
1
1
1
1
1
1
1
1
1
1
1
1
1
1
1
1
1
1
1
1
1
1
1
1
1
1
1
1
1
1
1
1
1
1
1
1
1
1
1
1
1
1
1
1
1
1
1
1
1
1
1
1
1
1
1
1
1
1
1
1
1
1
1
1
1
1
1
1
1
1
1
1
1
1
1
1
1
1
1
1
1
1
1
1
1
1
1
1
1
1
1
1
1
1
1
1
1
1
1
1
1
1
1
1
1
1
1
1
1
1
1
1
1
1
1
1
1
1
1
1
1
1
1
1
1
1
1
1
1
1
1
1
1
1
1
1
1
1
1
1
1
1
1
1
1
1
1
1
1
1
1
1
1
1
1
1
1
1
1
1
1
1
1
1
1
1
1
1
1
1
1
1
1
1
1
1
1
1
1
1
1
1
1
1
1
1
1
1
1
1
1
1
1
1
1
1
1
1
1
1
1
1
1
1
1
1
1
1
1
1
1
1
1
1
1
1
1
1
1
1
1
1
1
1
1
1
1
1
1
1
1
1
1
1
1
1
1
1
1
1
1
1
1
1
1
1
1
1
1
1
1
1
1
1
1
1
1
1
1
1
1
1
1
1
1
1
1
1
1
1
1
1
1
1
1
1
1
1
1
1
1
1
1
1
1
1
1
1
1
1
1
1
1
1
1
1
1
1
1
1
1
1
1
1
1
1
1
1
1
1
1
1
1
1
1
1
1
1
1
1
1
1
1
1
1
1
1
1
1
1
1
1
1
1
1
1
1
1
1
1
1
1
1
1
1
1
1
1
1
1
1
1
1
1
1
1
1
1
1
1
1
1
1
1
1
1
1
1
1
1
1
1
1
1
1
1
1
1
1
1
1
1
1
1
1
1
1
1
1
1
1
1
1
1
1
1
1
1
1
1
1
1
1
1
1
1
1
1
1
1
1
1
1
1
1
1
1
1
1
1
1
1
1
1
1
1
1
1
1
1
1
1
1
1
1
1
1
1
1
1
1
1
1
1
1
1
1
1
1
1
1
1
1
1
1
1
1
1
1
1
1
1
1
1
1
1
1
1
1
1
1
1
1
1
1
1
1
1
1
1
1
1
1
1
1
1
1
1
1
1
1
1
1
1
1
1
1
1
1
1
1
1
1
1
1
1
1
1
1
1
1
1
1
1
1
1
1
1
1
1
1
1
1
1
1
1
1
1
1
1
1
1
1
1
1
1
1
1
1
1
1
1
1
1
1
1
1
1
1
1
1
1
1
1
1
1
1
1
1
1
1
1
1
1
1
1
1
1
1
1
1
1
1
1
1
1
1
1
1
1
1
1
1
1
1
1
1
1
1
1
1
1
1
1
1
1
1
1
1
1
1
1
1
1
1
1
1
1
1
1
1
1
1
1
1
1
1
1
1
1
1
1
1
1
1
1
1
1
1
1
1
1
1
1
1
1
1
1
1
1
1
1
1
1
1
1
1
1
1
1
1
1
1
1
1
1
1
1
1
1
1
1
1
1
1
1
1
1
1
1
1
1
1
1
1
1
1
1
1
1
1
1
1
1
1
1
1
1
1
1
1
1
1
1
1
1
1
1
1
1
1
1
1
1
1
1
1
1
1
1
1
1
1
1
1
1
1
1
1
1
1
1
1
1
1
1
1
1
1
1
1
1
1
1
1
1
1
1
1
1
1
1
1
1
1
1
1
1
1
1
1
1
1
1
1
1
1
1
1
1
1
1
1
1
1
1
1
1
1
1
1
1
1
1
1
1
1
1
1
1
1
1
1
1
1
1
1
1
1
1
1
1
1
1
1
1
1
1
1
1
1
1
1
1
1
1
1
1
1
1
1
1
1
1
1
1
1
1
1
1
1
1
1
1
1
1
1
1
1
1
1
1
1
1
1
1
1
1
1
1
1
1
1
1
1
1
1
1
1
1
1
1
1
1
1
1
1
1
1
1
1
1
1
1
1
1
1
1
1
1
1
1
1
1
1
1
1
1
1
1
1
1
1
1
1
1
1
1
1
1
1
1
1
1
1
1
1
1
1
1
1
1
1
1
1
1
1
1
1
1
1
1
1
1
1
1
1
1
1
1
1
1
1
1
1
1
1
1
1
1
1
1
1
1
1
1
1
1
1
1
1
1
1
1
1
1
1
1
1
1
1
1
1
1
1
1
1
1
1
1
1
1
1
1
1
1
1
1
1
1
1
1
1
1
1
1
1
1
1
1
1
1
1
1
1
1
1
1
1
1
1
1
1
1
1
1
1
1
1
1
1
1
1
1
1
1
1
1
1
1
1
1
1
1
1
1
1
1
1
1
1
1
1
1
1
1
1
1
1
1
1
1
1
1
1
1
1
1
1
1
1
1
1
1
1
1
1
1
1
1
1
1
1
1
1
1
1
1
1
1
1
1
1
1
1
1
1
1
1
1
1
1
1
1
1
1
1
1
1
1
1
1
1
1
1
1
1
1
1
1
1
1
1
1
1
1
1
1
1
1
1
1
1
1
1
1
1
1
1
1
1
1
1
1
1
1
1
1
1
1
1
1
1
1
1
1
1
1
1
1
1
1
1
1
1
1
1
1
1
1
1
1
1
1
1
1
1
1
1
1
1
1
1
1
1
1
1
1
1
1
1
1
1
1
1
1
1
1
1
1
1
1
1
1
1
1
1
1
1
1
1
1
1
1
1
1
1
1
1
1
1
1
1
1
1
1
1
1
1
1
1
1
1
1
1
1
1
1
1
1
1
1
1
1
1
1
1
1
1
1
1
1
1
1
1
1
1
1
1
1
1
1
1
1
1
1
1
1
1
1
1
1
1
1
1
1
1
1
1
1
1
1
1
1
1
1
1
1
1
1
1
1
1
1
1
1
1
1
1
1
1
1
1
1
1
1
1
1
1
1
1
1
1
1
1
1
1
1
1
1
1
1
1
1
1
1
1
1
1
1
1
1
1
1
1
1
1
1
1
1
1
1
1
1
1
1
1
1
1
1
1
1
1
1
1
1
1
1
1
1
1
1
1
1
1
1
1
1
1
1
1
1
1
1
1
1
1
1
1
1
1
1
1
1
1
1
1
1
1
1
1
1
1
1
1
1
1
1
1
1
1
1
1
1
1
1
1
1
1
1
1
1
1
1
1
1
1
1
1
1
1
1
1
1
1
1
1
1
1
1
1
1
1
1
1
1
1
1
1
1
1
1
1
1
1
1
1
1
1
1
1
1
1
1
1
1
1
1
1
1
1
1
1
1
1
1
1
1
1
1
1
1
1
1
1
1
1
1
1
1
1
1
1
1
1
1
1
1
1
1
1
1
1
1
1
1
1
1
1
1
1
1
1
1
1
1
1
1
1
1
1
1
1
1
1
1
1
1
1
1
1
1
1
1
1
1
1
1
1
1
1
1
1
1
1
1
1
1
1
1
1
1
1
1
1
1
1
1
1
1
1
1
1
1
1
1
1
1
1
1
1
1
1
1
1
1
1
1
1
1
1
1
1
1
1
1
1
1
1
1
1
1
1
1
1
1
1
1
1
1
1
1
1
1
1
1
1
1
1
1
1
1
1
1
1
1
1
1
1
1
1
1
1
1
1
1
1
1
1
1
1
1
1
1
1
1
1
1
1
1
1
1
1
1
1
1
1
1
1
1
1
1
1
1
1
1
1
1
1
1
1
1
1
1
1
1
1
1
1
1
1
1
1
1
1
1
1
1
1
1
1
1
1
1
1
1
1
1
1
1
1
1
1
1
1
1
1
1
1
1
1
1
1
1
1
1
1
1
1
1
1
1
1
1
1
1
1
1
1
1
1
1
1
1
1
1
1
1
1
1
1
1
1
1
1
1
1
1
1
1
1
1
1
1
1
1
1
1
1
1
1
1
1
1
1
1
1
1
1
1
1
1
1
1
1
1
1
1
1
1
1
1
1
1
1
1
1
1
1
1
1
1
1
1
1
1
1
1
1
1
1
1
1
1
1
1
1
1
1
1
1
1
1
1
1
1
1
1
1
1
1
1
1
1
1
1
1
1
1
1
1
1
1
1
1
1
1
1
1
1
1
1
1
1
1
1
1
1
1
1
1
1
1
1
1
1
1
1
1
1
1
1
1
1
1
1
1
1
1
1
1
1
1
1
1
1
1
1
1
1
1
1
1
1
1
1
1
1
1
1
1
1
1
1
1
1
1
1
1
1
1
1
1
1
1
1
1
1
1
1
1
1
1
1
1
1
1
1
1
1
1
1
1
1
1
1
1
1
1
1
1
1
1
1
1
1
1
1
1
1
1
1
1
1
1
1
1
1
1
1
1
1
1
1
1
1
1
1
1
1
1
1
1
1
1
1
1
1
1
1
1
1
1
1
1
1
1
1
1
1
1
1
1
1
1
1
1
1
1
1
1
1
1
1
1
1
1
1
1
1
1
1
1
1
1
1
1
1
1
1
1
1
1
1
1
1
1
1
1
1
1
1
1
1
1
1
1
1
1
1
1
1
1
1
1
1
1
1
1
1
1
1
1
1
1
1
1
1
1
1
1
1
1
1
1
1
1
1
1
1
1
1
1
1
1
1
1
1
1
1
1
1
1
1
1
1
1
1
1
1
1
1
1
1
1
1
1
1
1
1
1
1
1
1
1
1
1
1
1
1
1
1
1
1
1
1
1
1
1
1
1
1
1
1
1
1
1
1
1
1
1
1
1
1
1
1
1
1
1
1
1
1
1
1
1
1
1
1
1
1
1
1
1
1
1
1
1
1
1
1
1
1
1
1
1
1
1
1
1
1
1
1
1
1
1
1
1
1
1
1
1
1
1
1
1
1
1
1
1
1
1
1
1
1
1
1
1
1
1
1
1
1
1
1
1
1
1
1
1
1
1
1
1
1
1
1
1
1
1
1
1
1
1
1
1
1
1
1
1
1
1
1
1
1
1
1
1
1
1
1
1
1
1
1
1
1
1
1
1
1
1
1
1
1
1
1
1
1
1
1
1
1
1
1
1
1
1
1
1
1
1
1
1
1
1
1
1
1
1
1
1
1
1
1
1
1
1
1
1
1
1
1
1
1
1
1
1
1
1
1
1
1
1
1
1
1
1
1
1
1
1
1
1
1
1
1
1
1
1
1
1
1
1
1
1
1
1
1
1
1
1
1
1
1
1
1
1
1
1
1
1
1
1
1
1
1
1
1
1
1
1
1
1
1
1
1
1
1
1
1
1
1
1
1
1
1
1
1
1
1
1
1
1
1
1
1
1
1
1
1
1
1
1
1
1
1
1
1
1
1
1
1
1
1
1
1
1
1
1
1
1
1
1
1
1
1
1
1
1
1
1
1
1
1
1
1
1
1
1
1
1
1
1
1
1
1
1
1
1
1
1
1
1
1
1
1
1
1
1
1
1
1
1
1
1
1
1
1
1
1
1
1
1
1
1
1
1
1
1
1
1
1
1
1
1
1
1
1
1
1
1
1
1
1
1
1
1
1
1
1
1
1
1
1
1
1
1
1
1
1
1
1
1
1
1
1
1
1
1
1
1
1
1
1
1
1
1
1
1
1
1
1
1
1
1
1
1
1
1
1
1
1
1
1
1
1
1
1
1
1
1
1
1
1
1
1
1
1
1
1
1
1
1
1
1
1
1
1
1
1
1
1
1
1
1
1
1
1
1
1
1
1
1
1
1
1
1
1
1
1
1
1
1
1
1
1
1
1
1
1
1
1
1
1
1
1
1
1
1
1
1
1
1
1
1
1
1
1
1
1
1
1
1
1
1
1
1
1
1
1
1
1
1
1
1
1
1
1
1
1
1
1
1
1
1
1
1
1
1
1
1
1
1
1
1
1
1
1
1
1
1
1
1
1
1
1
1
1
1
1
1
1
1
1
1
1
1
1
1
1
1
1
1
1
1
1
1
1
1
1
1
1
1
1
1
1
1
1
1
1
1
1
1
1
1
1
1
1
1
1
1
1
1
1
1
1
1
1
1
1
1
1
1
1
1
1
1
1
1
1
1
1
1
1
1
1
1
1
1
1
1
1
1
1
1
1
1
1
1
1
1
1
1
1
1
1
1
1
1
1
1
1
1
1
1
1
1
1
1
1
1
1
1
1
1
1
1
1
1
1
1
1
1
1
1
1
1
1
1
1
1
1
1
1
1
1
1
1
1
1
1
1
1
1
1
1
1
1
1
1
1
1
1
1
1
1
1
1
1
1
1
1
1
1
1
1
1
1
1
1
1
1
1
1
1
1
1
1
1
1
1
1
1
1
1
1
1
1
1
1
1
1
1
1
1
1
1
1
1
1
1
1
1
1
1
1
1
1
1
1
1
1
1
1
1
1
1
1
1
1
1
1
1
1
1
1
1
1
1
1
1
1
1
1
1
1
1
1
1
1
1
1
1
1
1
1
1
1
1
1
1
1
1
1
1
1
1
1
1
1
1
1
1
1
1
1
1
1
1
1
1
1
1
1
1
1
1
1
1
1
1
1
1
1
1
1
1
1
1
1
1
1
1
1
1
1
1
1
1
1
1
1
1
1
1
1
1
1
1
1
1
1
1
1
1
1
1
1
1
1
1
1
1
1
1
1
1
1
1
1
1
1
1
1
1
1
1
1
1
1
1
1
1
1
1
1
1
1
1
1
1
1
1
1
1
1
1
1
1
1
1
1
1
1
1
1
1
1
1
1
1
1
1
1
1
1
1
1
1
1
1
1
1
1
1
1
1
1
1
1
1
1
1
1
1
1
1
1
1
1
1
1
1
1
1
1
1
1
1
1
1
1
1
1
1
1
1
1
1
1
1
1
1
1
1
1
1
1
1
1
1
1
1
1
1
1
1
1
1
1
1
1
1
1
1
1
1
1
1
1
1
1
1
1
1
1
1
1
1
1
1
1
1
1
1
1
1
1
1
1
1
1
1
1
1
1
1
1
1
1
1
1
1
1
1
1
1
1
1
1
1
1
1
1
1
1
1
1
1
1
1
1
1
1
1
1
1
1
1
1
1
1
1
1
1
1
1
1
1
1
1
1
1
1
1
1
1
1
1
1
1
1
1
1
1
1
1
1
1
1
1
1
1
1
1
1
1
1
1
1
1
1
1
1
1
1
1
1
1
1
1
1
1
1
1
1
1
1
1
1
1
1
1
1
1
1
1
1
1
1
1
1
1
1
1
1
1
1
1
1
1
1
1
1
1
1
1
1
1
1
1
1
1
1
1
1
1
1
1
1
1
1
1
1
1
1
1
1
1
1
1
1
1
1
1
1
1
1
1
1
1
1
1
1
1
1
1
1
1
1
1
1
1
1
1
1
1
1
1
1
1
1
1
1
1
1
1
1
1
1
1
1
1
1
1
1
1
1
1
1
1
1
1
1
1
1
1
1
1
1
1
1
1
1
1
1
1
1
1
1
1
1
1
1
1
1
1
1
1
1
1
1
1
1
1
1
1
1
1
1
1
1
1
1
1
1
1
1
1
1
1
1
1
1
1
1
1
1
1
1
1
1
1
1
1
1
1
1
1
1
1
1
1
1
1
1
1
1
1
1
1
1
1
1
1
1
1
1
1
1
1
1
1
1
1
1
1
1
1
1
1
1
1
1
1
1
1
1
1
1
1
1
1
1
1
1
1
1
1
1
1
1
1
1
1
1
1
1
1
1
1
1
1
1
1
1
1
1
1
1
1
1
1
1
1
1
1
1
1
1
1
1
1
1
1
1
1
1
1
1
1
1
1
1
1
1
1
1
1
1
1
1
1
1
1
1
1
1
1
1
1
1
1
1
1
1
1
1
1
1
1
1
1
1
1
1
1
1
1
1
1
1
1
1
1
1
1
1
1
1
1
1
1
1
1
1
1
1
1
1
1
1
1
1
1
1
1
1
1
1
1
1
1
1
1
1
1
1
1
1
1
1
1
1
1
1
1
1
1
1
1
1
1
1
1
1
1
1
1
1
1
1
1
1
1
1
1
1
1
1
1
1
1
1
1
1
1
1
1
1
1
1
1
1
1
1
1
1
1
1
1
1
1
1
1
1
1
1
1
1
1
1
1
1
1
1
1
1
1
1
1
1
1
1
1
1
1
1
1
1
1
1
1
1
1
1
1
1
1
1
1
1
1
1
1
1
1
1
1
1
1
1
1
1
1
1
1
1
1
1
1
1
1
1
1
1
1
1
1
1
1
1
1
1
1
1
1
1
1
1
1
1
1
1
1
1
1
1
1
1
1
1
1
1
1
1
1
1
1
1
1
1
1
1
1
1
1
1
1
1
1
1
1
1
1
1
1
1
1
1
1
1
1
1
1
1
1
1
1
1
1
1
1
1
1
1
1
1
1
1
1
1
1
1
1
1
1
1
1
1
1
1
1
1
1
1
1
1
1
1
1
1
1
1
1
1
1
1
1
1
1
1
1
1
1
1
1
1
1
1
1
1
1
1
1
1
1
1
1
1
1
1
1
1
1
1
1
1
1
1
1
1
1
1
1
1
1
1
1
1
1
1
1
1
1
1
1
1
1
1
1
1
1
1
1
1
1
1
1
1
1
1
1
1
1
1
1
1
1
1
1
1
1
1
1
1
1
1
1
1
1
1
1
1
1
1
1
1
1
1
1
1
1
1
1
1
1
1
1
1
1
1
1
1
1
1
1
1
1
1
1
1
1
1
1
1
1
1
1
1
1
1
1
1
1
1
1
1
1
1
1
1
1
1
1
1
1
1
1
1
1
1
1
1
1
1
1
1
1
1
1
1
1
1
1
1
1
1
1
1
1
1
1
1
1
1
1
1
1
1
1
1
1
1
1
1
1
1
1
1
1
1
1
1
1
1
1
1
1
1
1
1
1
1
1
1
1
1
1
1
1
1
1
1
1
1
1
1
1
1
1
1
1
1
1
1
1
1
1
1
1
1
1
1
1
1
1
1
1
1
1
1
1
1
1
1
1
1
1
1
1
1
1
1
1
1
1
1
1
1
1
1
1
1
1
1
1
1
1
1
1
1
1
1
1
1
1
1
1
1
1
1
1
1
1
1
1
1
1
1
1
1
1
1
1
1
1
1
1
1
1
1
1
1
1
1
1
1
1
1
1
1
1
1
1
1
1
1
1
1
1
1
1
1
1
1
1
1
1
1
1
1
1
1
1
1
1
1
1
1
1
1
1
1
1
1
1
1
1
1
1
1
1
1
1
1
1
1
1
1
1
1
1
1
1
1
1
1
1
1
1
1
1
1
1
1
1
1
1
1
1
1
1
1
1
1
1
1
1
1
1
1
1
1
1
1
1
1
1
1
1
1
1
1
1
1
1
1
1
1
1
1
1
1
1
1
1
1
1
1
1
1
1
1
1
1
1
1
1
1
1
1
1
1
1
1
1
1
1
1
1
1
1
1
1
1
1
1
1
1
1
1
1
1
1
1
1
1
1
1
1
1
1
1
1
1
1
1
1
1
1
1
1
1
1
1
1
1
1
1
1
1
1
1
1
1
1
1
1
1
1
1
1
1
1
1
1
1
1
1
1
1
1
1
1
1
1
1
1
1
1
1
1
1
1
1
1
1
1
1
1
1
1
1
1
1
1
1
1
1
1
1
1
1
1
1
1
1
1
1
1
1
1
1
1
1
1
1
1
1
1
1
1
1
1
1
1
1
1
1
1
1
1
1
1
1
1
1
1
1
1
1
1
1
1
1
1
1
1
1
1
1
1
1
1
1
1
1
1
1
1
1
1
1
1
1
1
1
1
1
1
1
1
1
1
1
1
1
1
1
1
1
1
1
1
1
1
1
1
1
1
1
1
1
1
1
1
1
1
1
1
1
1
1
1
1
1
1
1
1
1
1
1
1
1
1
1
1
1
1
1
1
1
1
1
1
1
1
1
1
1
1
1
1
1
1
1
1
1
1
1
1
1
1
1
1
1
1
1
1
1
1
1
1
1
1
1
1
1
1
1
1
1
1
1
1
1
1
1
1
1
1
1
1
1
1
1
1
1
1
1
1
1
1
1
1
1
1
1
1
1
1
1
1
1
1
1
1
1
1
1
1
1
1
1
1
1
1
1
1
1
1
1
1
1
1
1
1
1
1
1
1
1
1
1
1
1
1
1
1
1
1
1
1
1
1
1
1
1
1
1
1
1
1
1
1
1
1
1
1
1
1
1
1
1
1
1
1
1
1
1
1
1
1
1
1
1
1
1
1
1
1
1
1
1
1
1
1
1
1
1
1
1
1
1
1
1
1
1
1
1
1
1
1
1
1
1
1
1
1
1
1
1
1
1
1
1
1
1
1
1
1
1
1
1
1
1
1
1
1
1
1
1
1
1
1
1
1
1
1
1
1
1
1
1
1
1
1
1
1
1
1
1
1
1
1
1
1
1
1
1
1
1
1
1
1
1
1
1
1
1
1
1
1
1
1
1
1
1
1
1
1
1
1
1
1
1
1
1
1
1
1
1
1
1
1
1
1
1
1
1
1
1
1
1
1
1
1
1
1
1
1
1
1
1
1
1
1
1
1
1
1
1
1
1
1
1
1
1
1
1
1
1
1
1
1
1
1
1
1
1
1
1
1
1
1
1
1
1
1
1
1
1
1
1
1
1
1
1
1
1
1
1
1
1
1
1
1
1
1
1
1
1
1
1
1
1
1
1
1
1
1
1
1
1
1
1
1
1
1
1
1
1
1
1
1
1
1
1
1
1
1
1
1
1
1
1
1
1
1
1
1
1
1
1
1
1
1
1
1
1
1
1
1
1
1
1
1
1
1
1
1
1
1
1
1
1
1
1
1
1
1
1
1
1
1
1
1
1
1
1
1
1
1
1
1
1
1
1
1
1
1
1
1
1
1
1
1
1
1
1
1
1
1
1
1
1
1
1
1
1
1
1
1
1
1
1
1
1
1
1
1
1
1
1
1
1
1
1
1
1
1
1
1
1
1
1
1
1
1
1
1
1
1
1
1
1
1
1
1
1
1
1
1
1
1
1
1
1
1
1
1
1
1
1
1
1
1
1
1
1
1
1
1
1
1
1
1
1
1
1
1
1
1
1
1
1
1
1
1
1
1
1
1
1
1
1
1
1
1
1
1
1
1
1
1
1
1
1
1
1
1
1
1
1
1
1
1
1
1
1
1
1
1
1
1
1
1
1
1
1
1
1
1
1
1
1
1
1
1
1
1
1
1
1
1
1
1
1
1
1
1
1
1
1
1
1
1
1
1
1
1
1
1
1
1
1
1
1
1
1
1
1
1
1
1
1
1
1
1
1
1
1
1
1
1
1
1
1
1
1
1
1
1
1
1
1
1
1
1
1
1
1
1
1
1
1
1
1
1
1
1
1
1
1
1
1
1
1
1
1
1
1
1
1
1
1
1
1
1
1
1
1
1
1
1
1
1
1
1
1
1
1
1
1
1
1
1
1
1
1
1
1
1
1
1
1
1
1
1
1
1
1
1
1
1
1
1
1
1
1
1
1
1
1
1
1
1
1
1
1
1
1
1
1
1
1
1
1
1
1
1
1
1
1
1
1
1
1
1
1
1
1
1
1
1
1
1
1
1
1
1
1
1
1
1
1
1
1
1
1
1
1
1
1
1
1
1
1
1
1
1
1
1
1
1
1
1
1
1
1
1
1
1
1
1
1
1
1
1
1
1
1
1
1
1
1
1
1
1
1
1
1
1
1
1
1
1
1
1
1
1
1
1
1
1
1
1
1
1
1
1
1
1
1
1
1
1
1
1
1
1
1
1
1
1
1
1
1
1
1
1
1
1
1
1
1
1
1
1
1
1
1
1
1
1
1
1
1
1
1
1
1
1
1
1
1
1
1
1
1
1
1
1
1
1
1
1
1
1
1
1
1
1
1
1
1
1
1
1
1
1
1
1
1
1
1
1
1
1
1
1
1
1
1
1
1
1
1
1
1
1
1
1
1
1
1
1
1
1
1
1
1
1
1
1
1
1
1
1
1
1
1
1
1
1
1
1
1
1
1
1
1
1
1
1
1
1
1
1
1
1
1
1
1
1
1
1
1
1
1
1
1
1
1
1
1
1
1
1
1
1
1
1
1
1
1
1
1
1
1
1
1
1
1
1
1
1
1
1
1
1
1
1
1
1
1
1
1
1
1
1
1
1
1
1
1
1
1
1
1
1
1
1
1
1
1
1
1
1
1
1
1
1
1
1
1
1
1
1
1
1
1
1
1
1
1
1
1
1
1
1
1
1
1
1
1
1
1
1
1
1
1
1
1
1
1
1
1
1
1
1
1
1
1
1
1
1
1
1
1
1
1
1
1
1
1
1
1
1
1
1
1
1
1
1
1
1
1
1
1
1
1
1
1
1
1
1
1
1
1
1
1
1
1
1
1
1
1
1
1
1
1
1
1
1
1
1
1
1
1
1
1
1
1
1
1
1
1
1
1
1
1
1
1
1
1
1
1
1
1
1
1
1
1
1
1
1
1
1
1
1
1
1
1
1
1
1
1
1
1
1
1
1
1
1
1
1
1
1
1
1
1
1
1
1
1
1
1
1
1
1
1
1
1
1
1
1
1
1
1
1
1
1
1
1
1
1
1
1
1
1
1
1
1
1
1
1
1
1
1
1
1
1
1
1
1
1
1
1
1
1
1
1
1
1
1
1
1
1
1
1
1
1
1
1
1
1
1
1
1
1
1
1
1
1
1
1
1
1
1
1
1
1
1
1
1
1
1
1
1
1
1
1
1
1
1
1
1
1
1
1
1
1
1
1
1
1
1
1
1
1
1
1
1
1
1
1
1
1
1
1
1
1
1
1
1
1
1
1
1
1
1
1
1
1
1
1
1
1
1
1
1
1
1
1
1
1
1
1
1
1
1
1
1
1
1
1
1
1
1
1
1
1
1
1
1
1
1
1
1
1
1
1
1
1
1
1
1
1
1
1
1
1
1
1
1
1
1
1
1
1
1
1
1
1
1
1
1
1
1
1
1
1
1
1
1
1
1
1
1
1
1
1
1
1
1
1
1
1
1
1
1
1
1
1
1
1
1
1
1
1
1
1
1
1
1
1
1
1
1
1
1
1
1
1
1
1
1
1
1
1
1
1
1
1
1
1
1
1
1
1
1
1
1
1
1
1
1
1
1
1
1
1
1
1
1
1
1
1
1
1
1
1
1
1
1
1
1
1
1
1
1
1
1
1
1
1
1
1
1
1
1
1
1
1
1
1
1
1
1
1
1
1
1
1
1
1
1
1
1
1
1
1
1
1
1
1
1
1
1
1
1
1
1
1
1
1
1
1
1
1
1
1
1
1
1
1
1
1
1
1
1
1
1
1
1
1
1
1
1
1
1
1
1
1
1
1
1
1
1
1
1
1
1
1
1
1
1
1
1
1
1
1
1
1
1
1
1
1
1
1
1
1
1
1
1
1
1
1
1
1
1
1
1
1
1
1
1
1
1
1
1
1
1
1
1
1
1
1
1
1
1
1
1
1
1
1
1
1
1
1
1
1
1
1
1
1
1
1
1
1
1
1
1
1
1
1
1
1
1
1
1
1
1
1
1
1
1
1
1
1
1
1
1
1
1
1
1
1
1
1
1
1
1
1
1
1
1
1
1
1
1
1
1
1
1
1
1
1
1
1
1
1
1
1
1
1
1
1
1
1
1
1
1
1
1
1
1
1
1
1
1
1
1
1
1
1
1
1
1
1
1
1
1
1
1
1
1
1
1
1
1
1
1
1
1
1
1
1
1
1
1
1
1
1
1
1
1
1
1
1
1
1
1
1
1
1
1
1
1
1
1
1
1
1
1
1
1
1
1
1
1
1
1
1
1
1
1
1
1
1
1
1
1
1
1
1
1
1
1
1
1
1
1
1
1
1
1
1
1
1
1
1
1
1
1
1
1
1
1
1
1
1
1
1
1
1
1
1
1
1
1
1
1
1
1
1
1
1
1
1
1
1
1
1
1
1
1
1
1
1
1
1
1
1
1
1
1
1
1
1
1
1
1
1
1
1
1
1
1
1
1
1
1
1
1
1
1
1
1
1
1
1
1
1
1
1
1
1
1
1
1
1
1
1
1
1
1
1
1
1
1
1
1
1
1
1
1
1
1
1
1
1
1
1
1
1
1
1
1
1
1
1
1
1
1
1
1
1
1
1
1
1
1
1
1
1
1
1
1
1
1
1
1
1
1
1
1
1
1
1
1
1
1
1
1
1
1
1
1
1
1
1
1
1
1
1
1
1
1
1
1
1
1
1
1
1
1
1
1
1
1
1
1
1
1
1
1
1
1
1
1
1
1
1
1
1
1
1
1
1
1
1
1
1
1
1
1
1
1
1
1
1
1
1
1
1
1
1
1
1
1
1
1
1
1
1
1
1
1
1
1
1
1
1
1
1
1
1
1
1
1
1
1
1
1
1
1
1
1
1
1
1
1
1
1
1
1
1
1
1
1
1
1
1
1
1
1
1
1
1
1
1
1
1
1
1
1
1
1
1
1
1
1
1
1
1
1
1
1
1
1
1
1
1
1
1
1
1
1
1
1
1
1
1
1
1
1
1
1
1
1
1
1
1
1
1
1
1
1
1
1
1
1
1
1
1
1
1
1
1
1
1
1
1
1
1
1
1
1
1
1
1
1
1
1
1
1
1
1
1
1
1
1
1
1
1
1
1
1
1
1
1
1
1
1
1
1
1
1
1
1
1
1
1
1
1
1
1
1
1
1
1
1
1
1
1
1
1
1
1
1
1
1
1
1
1
1
1
1
1
1
1
1
1
1
1
1
1
1
1
1
1
1
1
1
1
1
1
1
1
1
1
1
1
1
1
1
1
1
1
1
1
1
1
1
1
1
1
1
1
1
1
1
1
1
1
1
1
1
1
1
1
1
1
1
1
1
1
1
1
1
1
1
1
1
1
1
1
1
1
1
1
1
1
1
1
1
1
1
1
1
1
1
1
1
1
1
1
1
1
1
1
1
1
1
1
1
1
1
1
1
1
1
1
1
1
1
1
1
1
1
1
1
1
1
1
1
1
1
1
1
1
1
1
1
1
1
1
1
1
1
1
1
1
1
1
1
1
1
1
1
1
1
1
1
1
1
1
1
1
1
1
1
1
1
1
1
1
1
1
1
1
1
1
1
1
1
1
1
1
1
1
1
1
1
1
1
1
1
1
1
1
1
1
1
1
1
1
1
1
1
1
1
1
1
1
1
1
1
1
1
1
1
1
1
1
1
1
1
1
1
1
1
1
1
1
1
1
1
1
1
1
1
1
1
1
1
1
1
1
1
1
1
1
1
1
1
1
1
1
1
1
1
1
1
1
1
1
1
1
1
1
1
1
1
1
1
1
1
1
1
1
1
1
1
1
1
1
1
1
1
1
1
1
1
1
1
1
1
1
1
1
1
1
1
1
1
1
1
1
1
1
1
1
1
1
1
1
1
1
1
1
1
1
1
1
1
1
1
1
1
1
1
1
1
1
1
1
1
1
1
1
1
1
1
1
1
1
1
1
1
1
1
1
1
1
1
1
1
1
1
1
1
1
1
1
1
1
1
1
1
1
1
1
1
1
1
1
1
1
1
1
1
1
1
1
1
1
1
1
1
1
1
1
1
1
1
1
1
1
1
1
1
1
1
1
1
1
1
1
1
1
1
1
1
1
1
1
1
1
1
1
1
1
1
1
1
1
1
1
1
1
1
1
1
1
1
1
1
1
1
1
1
1
1
1
1
1
1
1
1
1
1
1
1
1
1
1
1
1
1
1
1
1
1
1
1
1
1
1
1
1
1
1
1
1
1
1
1
1
1
1
1
1
1
1
1
1
1
1
1
1
1
1
1
1
1
1
1
1
1
1
1
1
1
1
1
1
1
1
1
1
1
1
1
1
1
1
1
1
1
1
1
1
1
1
1
1
1
1
1
1
1
1
1
1
1
1
1
1
1
1
1
1
1
1
1
1
1
1
1
1
1
1
1
1
1
1
1
1
1
1
1
1
1
1
1
1
1
1
1
1
1
1
1
1
1
1
1
1
1
1
1
1
1
1
1
1
1
1
1
1
1
1
1
1
1
1
1
1
1
1
1
1
1
1
1
1
1
1
1
1
1
1
1
1
1
1
1
1
1
1
1
1
1
1
1
1
1
1
1
1
1
1
1
1
1
1
1
1
1
1
1
1
1
1
1
1
1
1
1
1
1
1
1
1
1
1
1
1
1
1
1
1
1
1
1
1
1
1
1
1
1
1
1
1
1
1
1
1
1
1
1
1
1
1
1
1
1
1
1
1
1
1
1
1
1
1
1
1
1
1
1
1
1
1
1
1
1
1
1
1
1
1
1
1
1
1
1
1
1
1
1
1
1
1
1
1
1
1
1
1
1
1
1
1
1
1
1
1
1
1
1
1
1
1
1
1
1
1
1
1
1
1
1
1
1
1
1
1
1
1
1
1
1
1
1
1
1
1
1
1
1
1
1
1
1
1
1
1
1
1
1
1
1
1
1
1
1
1
1
1
1
1
1
1
1
1
1
1
1
1
1
1
1
1
1
1
1
1
1
1
1
1
1
1
1
1
1
1
1
1
1
1
1
1
1
1
1
1
1
1
1
1
1
1
1
1
1
1
1
1
1
1
1
1
1
1
1
1
1
1
1
1
1
1
1
1
1
1
1
1
1
1
1
1
1
1
1
1
1
1
1
1
1
1
1
1
1
1
1
1
1
1
1
1
1
1
1
1
1
1
1
1
1
1
1
1
1
1
1
1
1
1
1
1
1
1
1
1
1
1
1
1
1
1
1
1
1
1
1
1
1
1
1
1
1
1
1
1
1
1
1
1
1
1
1
1
1
1
1
1
1
1
1
1
1
1
1
1
1
1
1
1
1
1
1
1
1
1
1
1
1
1
1
1
1
1
1
1
1
1
1
1
1
1
1
1
1
1
1
1
1
1
1
1
1
1
1
1
1
1
1
1
1
1
1
1
1
1
1
1
1
1
1
1
1
1
1
1
1
1
1
1
1
1
1
1
1
1
1
1
1
1
1
1
1
1
1
1
1
1
1
1
1
1
1
1
1
1
1
1
1
1
1
1
1
1
1
1
1
1
1
1
1
1
1
1
1
1
1
1
1
1
1
1
1
1
1
1
1
1
1
1
1
1
1
1
1
1
1
1
1
1
1
1
1
1
1
1
1
1
1
1
1
1
1
1
1
1
1
1
1
1
1
1
1
1
1
1
1
1
1
1
1
1
1
1
1
1
1
1
1
1
1
1
1
1
1
1
1
1
1
1
1
1
1
1
1
1
1
1
1
1
1
1
1
1
1
1
1
1
1
1
1
1
1
1
1
1
1
1
1
1
1
1
1
1
1
1
1
1
1
1
1
1
1
1
1
1
1
1
1
1
1
1
1
1
1
1
1
1
1
1
1
1
1
1
1
1
1
1
1
1
1
1
1
1
1
1
1
1
1
1
1
1
1
1
1
1
1
1
1
1
1
1
1
1
1
1
1
1
1
1
1
1
1
1
1
1
1
1
1
1
1
1
1
1
1
1
1
1
1
1
1
1
1
1
1
1
1
1
1
1
1
1
1
1
1
1
1
1
1
1
1
1
1
1
1
1
1
1
1
1
1
1
1
1
1
1
1
1
1
1
1
1
1
1
1
1
1
1
1
1
1
1
1
1
1
1
1
1
1
1
1
1
1
1
1
1
1
1
1
1
1
1
1
1
1
1
1
1
1
1
1
1
1
1
1
1
1
1
1
1
1
1
1
1
1
1
1
1
1
1
1
1
1
1
1
1
1
1
1
1
1
1
1
1
1
1
1
1
1
1
1
1
1
1
1
1
1
1
1
1
1
1
1
1
1
1
1
1
1
1
1
1
1
1
1
1
1
1
1
1
1
1
1
1
1
1
1
1
1
1
1
1
1
1
1
1
1
1
1
1
1
1
1
1
1
1
1
1
1
1
1
1
1
1
1
1
1
1
1
1
1
1
1
1
1
1
1
1
1
1
1
1
1
1
1
1
1
1
1
1
1
1
1
1
1
1
1
1
1
1
1
1
1
1
1
1
1
1
1
1
1
1
1
1
1
1
1
1
1
1
1
1
1
1
1
1
1
1
1
1
1
1
1
1
1
1
1
1
1
1
1
1
1
1
1
1
1
1
1
1
1
1
1
1
1
1
1
1
1
1
1
1
1
1
1
1
1
1
1
1
1
1
1
1
1
1
1
1
1
1
1
1
1
1
1
1
1
1
1
1
1
1
1
1
1
1
1
1
1
1
1
1
1
1
1
1
1
1
1
1
1
1
1
1
1
1
1
1
1
1
1
1
1
1
1
1
1
1
1
1
1
1
1
1
1
1
1
1
1
1
1
1
1
1
1
1
1
1
1
1
1
1
1
1
1
1
1
1
1
1
1
1
1
1
1
1
1
1
1
1
1
1
1
1
1
1
1
1
1
1
1
1
1
1
1
1
1
1
1
1
1
1
1
1
1
1
1
1
1
1
1
1
1
1
1
1
1
1
1
1
1
1
1
1
1
1
1
1
1
1
1
1
1
1
1
1
1
1
1
1
1
1
1
1
1
1
1
1
1
1
1
1
1
1
1
1
1
1
1
1
1
1
1
1
1
1
1
1
1
1
1
1
1
1
1
1
1
1
1
1
1
1
1
1
1
1
1
1
1
1
1
1
1
1
1
1
1
1
1
1
1
1
1
1
1
1
1
1
1
1
1
1
1
1
1
1
1
1
1
1
1
1
1
1
1
1
1
1
1
1
1
1
1
1
1
1
1
1
1
1
1
1
1
1
1
1
1
1
1
1
1
1
1
1
1
1
1
1
1
1
1
1
1
1
1
1
1
1
1
1
1
1
1
1
1
1
1
1
1
1
1
1
1
1
1
1
1
1
1
1
1
1
1
1
1
1
1
1
1
1
1
1
1
1
1
1
1
1
1
1
1
1
1
1
1
1
1
1
1
1
1
1
1
1
1
1
1
1
1
1
1
1
1
1
1
1
1
1
1
1
1
1
1
1
1
1
1
1
1
1
1
1
1
1
1
1
1
1
1
1
1
1
1
1
1
1
1
1
1
1
1
1
1
1
1
1
1
1
1
1
1
1
1
1
1
1
1
1
1
1
1
1
1
1
1
1
1
1
1
1
1
1
1
1
1
1
1
1
1
1
1
1
1
1
1
1
1
1
1
1
1
1
1
1
1
1
1
1
1
1
1
1
1
1
1
1
1
1
1
1
1
1
1
1
1
1
1
1
1
1
1
1
1
1
1
1
1
1
1
1
1
1
1
1
1
1
1
1
1
1
1
1
1
1
1
1
1
1
1
1
1
1
1
1
1
1
1
1
1
1
1
1
1
1
1
1
1
1
1
1
1
1
1
1
1
1
1
1
1
1
1
1
1
1
1
1
1
1
1
1
1
1
1
1
1
1
1
1
1
1
1
1
1
1
1
1
1
1
1
1
1
1
1
1
1
1
1
1
1
1
1
1
1
1
1
1
1
1
1
1
1
1
1
1
1
1
1
1
1
1
1
1
1
1
1
1
1
1
1
1
1
1
1
1
1
1
1
1
1
1
1
1
1
1
1
1
1
1
1
1
1
1
1
1
1
1
1
1
1
1
1
1
1
1
1
1
1
1
1
1
1
1
1
1
1
1
1
1
1
1
1
1
1
1
1
1
1
1
1
1
1
1
1
1
1
1
1
1
1
1
1
1
1
1
1
1
1
1
1
1
1
1
1
1
1
1
1
1
1
1
1
1
1
1
1
1
1
1
1
1
1
1
1
1
1
1
1
1
1
1
1
1
1
1
1
1
1
1
1
1
1
1
1
1
1
1
1
1
1
1
1
1
1
1
1
1
1
1
1
1
1
1
1
1
1
1
1
1
1
1
1
1
1
1
1
1
1
1
1
1
1
1
1
1
1
1
1
1
1
1
1
1
1
1
1
1
1
1
1
1
1
1
1
1
1
1
1
1
1
1
1
1
1
1
1
1
1
1
1
1
1
1
1
1
1
1
1
1
1
1
1
1
1
1
1
1
1
1
1
1
1
1
1
1
1
1
1
1
1
1
1
1
1
1
1
1
1
1
1
1
1
1
1
1
1
1
1
1
1
1
1
1
1
1
1
1
1
1
1
1
1
1
1
1
1
1
1
1
1
1
1
1
1
1
1
1
1
1
1
1
1
1
1
1
1
1
1
1
1
1
1
1
1
1
1
1
1
1
1
1
1
1
1
1
1
1
1
1
1
1
1
1
1
1
1
1
1
1
1
1
1
1
1
1
1
1
1
1
1
1
1
1
1
1
1
1
1
1
1
1
1
1
1
1
1
1
1
1
1
1
1
1
1
1
1
1
1
1
1
1
1
1
1
1
1
1
1
1
1
1
1
1
1
1
1
1
1
1
1
1
1
1
1
1
1
1
1
1
1
1
1
1
1
1
1
1
1
1
1
1
1
1
1
1
1
1
1
1
1
1
1
1
1
1
1
1
1
1
1
1
1
1
1
1
1
1
1
1
1
1
1
1
1
1
1
1
1
1
1
1
1
1
1
1
1
1
1
1
1
1
1
1
1
1
1
1
1
1
1
1
1
1
1
1
1
1
1
1
1
1
1
1
1
1
1
1
1
1
1
1
1
1
1
1
1
1
1
1
1
1
1
1
1
1
1
1
1
1
1
1
1
1
1
1
1
1
1
1
1
1
1
1
1
1
1
1
1
1
1
1
1
1
1
1
1
1
1
1
1
1
1
1
1
1
1
1
1
1
1
1
1
1
1
1
1
1
1
1
1
1
1
1
1
1
1
1
1
1
1
1
1
1
1
1
1
1
1
1
1
1
1
1
1
1
1
1
1
1
1
1
1
1
1
1
1
1
1
1
1
1
1
1
1
1
1
1
1
1
1
1
1
1
1
1
1
1
1
1
1
1
1
1
1
1
1
1
1
1
1
1
1
1
1
1
1
1
1
1
1
1
1
1
1
1
1
1
1
1
1
1
1
1
1
1
1
1
1
1
1
1
1
1
1
1
1
1
1
1
1
1
1
1
1
1
1
1
1
1
1
1
1
1
1
1
1
1
1
1
1
1
1
1
1
1
1
1
1
1
1
1
1
1
1
1
1
1
1
1
1
1
1
1
1
1
1
1
1
1
1
1
1
1
1
1
1
1
1
1
1
1
1
1
1
1
1
1
1
1
1
1
1
1
1
1
1
1
1
1
1
1
1
1
1
1
1
1
1
1
1
1
1
1
1
1
1
1
1
1
1
1
1
1
1
1
1
1
1
1
1
1
1
1
1
1
1
1
1
1
1
1
1
1
1
1
1
1
1
1
1
1
1
1
1
1
1
1
1
1
1
1
1
1
1
1
1
1
1
1
1
1
1
1
1
1
1
1
1
1
1
1
1
1
1
1
1
1
1
1
1
1
1
1
1
1
1
1
1
1
1
1
1
1
1
1
1
1
1
1
1
1
1
1
1
1
1
1
1
1
1
1
1
1
1
1
1
1
1
1
1
1
1
1
1
1
1
1
1
1
1
1
1
1
1
1
1
1
1
1
1
1
1
1
1
1
1
1
1
1
1
1
1
1
1
1
1
1
1
1
1
1
1
1
1
1
1
1
1
1
1
1
1
1
1
1
1
1
1
1
1
1
1
1
1
1
1
1
1
1
1
1
1
1
1
1
1
1
1
1
1
1
1
1
1
1
1
1
1
1
1
1
1
1
1
1
1
1
1
1
1
1
1
1
1
1
1
1
1
1
1
1
1
1
1
1
1
1
1
1
1
1
1
1
1
1
1
1
1
1
1
1
1
1
1
1
1
1
1
1
1
1
1
1
1
1
1
1
1
1
1
1
1
1
1
1
1
1
1
1
1
1
1
1
1
1
1
1
1
1
1
1
1
1
1
1
1
1
1
1
1
1
1
1
1
1
1
1
1
1
1
1
1
1
1
1
1
1
1
1
1
1
1
1
1
1
1
1
1
1
1
1
1
1
1
1
1
1
1
1
1
1
1
1
1
1
1
1
1
1
1
1
1
1
1
1
1
1
1
1
1
1
1
1
1
1
1
1
1
1
1
1
1
1
1
1
1
1
1
1
1
1
1
1
1
1
1
1
1
1
1
1
1
1
1
1
1
1
1
1
1
1
1
1
1
1
1
1
1
1
1
1
1
1
1
1
1
1
1
1
1
1
1
1
1
1
1
1
1
1
1
1
1
1
1
1
1
1
1
1
1
1
1
1
1
1
1
1
1
1
1
1
1
1
1
1
1
1
1
1
1
1
1
1
1
1
1
1
1
1
1
1
1
1
1
1
1
1
1
1
1
1
1
1
1
1
1
1
1
1
1
1
1
1
1
1
1
1
1
1
1
1
1
1
1
1
1
1
1
1
1
1
1
1
1
1
1
1
1
1
1
1
1
1
1
1
1
1
1
1
1
1
1
1
1
1
1
1
1
1
1
1
1
1
1
1
1
1
1
1
1
1
1
1
1
1
1
1
1
1
1
1
1
1
1
1
1
1
1
1
1
1
1
1
1
1
1
1
1
1
1
1
1
1
1
1
1
1
1
1
1
1
1
1
1
1
1
1
1
1
1
1
1
1
1
1
1
1
1
1
1
1
1
1
1
1
1
1
1
1
1
1
1
1
1
1
1
1
1
1
1
1
1
1
1
1
1
1
1
1
1
1
1
1
1
1
1
1
1
1
1
1
1
1
1
1
1
1
1
1
1
1
1
1
1
1
1
1
1
1
1
1
1
1
1
1
1
1
1
1
1
1
1
1
1
1
1
1
1
1
1
1
1
1
1
1
1
1
1
1
1
1
1
1
1
1
1
1
1
1
1
1
1
1
1
1
1
1
1
1
1
1
1
1
1
1
1
1
1
1
1
1
1
1
1
1
1
1
1
1
1
1
1
1
1
1
1
1
1
1
1
1
1
1
1
1
1
1
1
1
1
1
1
1
1
1
1
1
1
1
1
1
1
1
1
1
1
1
1
1
1
1
1
1
1
1
1
1
1
1
1
1
1
1
1
1
1
1
1
1
1
1
1
1
1
1
1
1
1
1
1
1
1
1
1
1
1
1
1
1
1
1
1
1
1
1
1
1
1
1
1
1
1
1
1
1
1
1
1
1
1
1
1
1
1
1
1
1
1
1
1
1
1
1
1
1
1
1
1
1
1
1
1
1
1
1
1
1
1
1
1
1
1
1
1
1
1
1
1
1
1
1
1
1
1
1
1
1
1
1
1
1
1
1
1
1
1
1
1
1
1
1
1
1
1
1
1
1
1
1
1
1
1
1
1
1
1
1
1
1
1
1
1
1
1
1
1
1
1
1
1
1
1
1
1
1
1
1
1
1
1
1
1
1
1
1
1
1
1
1
1
1
1
1
1
1
1
1
1
1
1
1
1
1
1
1
1
1
1
1
1
1
1
1
1
1
1
1
1
1
1
1
1
1
1
1
1
1
1
1
1
1
1
1
1
1
1
1
1
1
1
1
1
1
1
1
1
1
1
1
1
1
1
1
1
1
1
1
1
1
1
1
1
1
1
1
1
1
1
1
1
1
1
1
1
1
1
1
1
1
1
1
1
1
1
1
1
1
1
1
1
1
1
1
1
1
1
1
1
1
1
1
1
1
1
1
1
1
1
1
1
1
1
1
1
1
1
1
1
1
1
1
1
1
1
1
1
1
1
1
1
1
1
1
1
1
1
1
1
1
1
1
1
1
1
1
1
1
1
1
1
1
1
1
1
1
1
1
1
1
1
1
1
1
1
1
1
1
1
1
1
1
1
1
1
1
1
1
1
1
1
1
1
1
1
1
1
1
1
1
1
1
1
1
1
1
1
1
1
1
1
1
1
1
1
1
1
1
1
1
1
1
1
1
1
1
1
1
1
1
1
1
1
1
1
1
1
1
1
1
1
1
1
1
1
1
1
1
1
1
1
1
1
1
1
1
1
1
1
1
1
1
1
1
1
1
1
1
1
1
1
1
1
1
1
1
1
1
1
1
1
1
1
1
1
1
1
1
1
1
1
1
1
1
1
1
1
1
1
1
1
1
1
1
1
1
1
1
1
1
1
1
1
1
1
1
1
1
1
1
1
1
1
1
1
1
1
1
1
1
1
1
1
1
1
1
1
1
1
1
1
1
1
1
1
1
1
1
1
1
1
1
1
1
1
1
1
1
1
1
1
1
1
1
1
1
1
1
1
1
1
1
1
1
1
1
1
1
1
1
1
1
1
1
1
1
1
1
1
1
1
1
1
1
1
1
1
1
1
1
1
1
1
1
1
1
1
1
1
1
1
1
1
1
1
1
1
1
1
1
1
1
1
1
1
1
1
1
1
1
1
1
1
1
1
1
1
1
1
1
1
1
1
1
1
1
1
1
1
1
1
1
1
1
1
1
1
1
1
1
1
1
1
1
1
1
1
1
1
1
1
1
1
1
1
1
1
1
1
1
1
1
1
1
1
1
1
1
1
1
1
1
1
1
1
1
1
1
1
1
1
1
1
1
1
1
1
1
1
1
1
1
1
1
1
1
1
1
1
1
1
1
1
1
1
1
1
1
1
1
1
1
1
1
1
1
1
1
1
1
1
1
1
1
1
1
1
1
1
1
1
1
1
1
1
1
1
1
1
1
1
1
1
1
1
1
1
1
1
1
1
1
1
1
1
1
1
1
1
1
1
1
1
1
1
1
1
1
1
1
1
1
1
1
1
1
1
1
1
1
1
1
1
1
1
1
1
1
1
1
1
1
1
1
1
1
1
1
1
1
1
1
1
1
1
1
1
1
1
1
1
1
1
1
1
1
1
1
1
1
1
1
1
1
1
1
1
1
1
1
1
1
1
1
1
1
1
1
1
1
1
1
1
1
1
1
1
1
1
1
1
1
1
1
1
1
1
1
1
1
1
1
1
1
1
1
1
1
1
1
1
1
1
1
1
1
1
1
1
1
1
1
1
1
1
1
1
1
1
1
1
1
1
1
1
1
1
1
1
1
1
1
1
1
1
1
1
1
1
1
1
1
1
1
1
1
1
1
1
1
1
1
1
1
1
1
1
1
1
1
1
1
1
1
1
1
1
1
1
1
1
1
1
1
1
1
1
1
1
1
1
1
1
1
1
1
1
1
1
1
1
1
1
1
1
1
1
1
1
1
1
1
1
1
1
1
1
1
1
1
1
1
1
1
1
1
1
1
1
1
1
1
1
1
1
1
1
1
1
1
1
1
1
1
1
1
1
1
1
1
1
1
1
1
1
1
1
1
1
1
1
1
1
1
1
1
1
1
1
1
1
1
1
1
1
1
1
1
1
1
1
1
1
1
1
1
1
1
1
1
1
1
1
1
1
1
1
1
1
1
1
1
1
1
1
1
1
1
1
1
1
1
1
1
1
1
1
1
1
1
1
1
1
1
1
1
1
1
1
1
1
1
1
1
1
1
1
1
1
1
1
1
1
1
1
1
1
1
1
1
1
1
1
1
1
1
1
1
1
1
1
1
1
1
1
1
1
1
1
1
1
1
1
1
1
1
1
1
1
1
1
1
1
1
1
1
1
1
1
1
1
1
1
1
1
1
1
1
1
1
1
1
1
1
1
1
1
1
1
1
1
1
1
1
1
1
1
1
1
1
1
1
1
1
1
1
1
1
1
1
1
1
1
1
1
1
1
1
1
1
1
1
1
1
1
1
1
1
1
1
1
1
1
1
1
1
1
1
1
1
1
1
1
1
1
1
1
1
1
1
1
1
1
1
1
1
1
1
1
1
1
1
1
1
1
1
1
1
1
1
1
1
1
1
1
1
1
1
1
1
1
1
1
1
1
1
1
1
1
1
1
1
1
1
1
1
1
1
1
1
1
1
1
1
1
1
1
1
1
1
1
1
1
1
1
1
1
1
1
1
1
1
1
1
1
1
1
1
1
1
1
1
1
1
1
1
1
1
1
1
1
1
1
1
1
1
1
1
1
1
1
1
1
1
1
1
1
1
1
1
1
1
1
1
1
1
1
1
1
1
1
1
1
1
1
1
1
1
1
1
1
1
1
1
1
1
1
1
1
1
1
1
1
1
1
1
1
1
1
1
1
1
1
1
1
1
1
1
1
1
1
1
1
1
1
1
1
1
1
1
1
1
1
1
1
1
1
1
1
1
1
1
1
1
1
1
1
1
1
1
1
1
1
1
1
1
1
1
1
1
1
1
1
1
1
1
1
1
1
1
1
1
1
1
1
1
1
1
1
1
1
1
1
1
1
1
1
1
1
1
1
1
1
1
1
1
1
1
1
1
1
1
1
1
1
1
1
1
1
1
1
1
1
1
1
1
1
1
1
1
1
1
1
1
1
1
1
1
1
1
1
1
1
1
1
1
1
1
1
1
1
1
1
1
1
1
1
1
1
1
1
1
1
1
1
1
1
1
1
1
1
1
1
1
1
1
1
1
1
1
1
1
1
1
1
1
1
1
1
1
1
1
1
1
1
1
1
1
1
1
1
1
1
1
1
1
1
1
1
1
1
1
1
1
1
1
1
1
1
1
1
1
1
1
1
1
1
1
1
1
1
1
1
1
1
1
1
1
1
1
1
1
1
1
1
1
1
1
1
1
1
1
1
1
1
1
1
1
1
1
1
1
1
1
1
1
1
1
1
1
1
1
1
1
1
1
1
1
1
1
1
1
1
1
1
1
1
1
1
1
1
1
1
1
1
1
1
1
1
1
1
1
1
1
1
1
1
1
1
1
1
1
1
1
1
1
1
1
1
1
1
1
1
1
1
1
1
1
1
1
1
1
1
1
1
1
1
1
1
1
1
1
1
1
1
1
1
1
1
1
1
1
1
1
1
1
1
1
1
1
1
1
1
1
1
1
1
1
1
1
1
1
1
1
1
1
1
1
1
1
1
1
1
1
1
1
1
1
1
1
1
1
1
1
1
1
1
1
1
1
1
1
1
1
1
1
1
1
1
1
1
1
1
1
1
1
1
1
1
1
1
1
1
1
1
1
1
1
1
1
1
1
1
1
1
1
1
1
1
1
1
1
1
1
1
1
1
1
1
1
1
1
1
1
1
1
1
1
1
1
1
1
1
1
1
1
1
1
1
1
1
1
1
1
1
1
1
1
1
1
1
1
1
1
1
1
1
1
1
1
1
1
1
1
1
1
1
1
1
1
1
1
1
1
1
1
1
1
1
1
1
1
1
1
1
1
1
1
1
1
1
1
1
1
1
1
1
1
1
1
1
1
1
1
1
1
1
1
1
1
1
1
1
1
1
1
1
1
1
1
1
1
1
1
1
1
1
1
1
1
1
1
1
1
1
1
1
1
1
1
1
1
1
1
1
1
1
1
1
1
1
1
1
1
1
1
1
1
1
1
1
1
1
1
1
1
1
1
1
1
1
1
1
1
1
1
1
1
1
1
1
1
1
1
1
1
1
1
1
1
1
1
1
1
1
1
1
1
1
1
1
1
1
1
1
1
1
1
1
1
1
1
1
1
1
1
1
1
1
1
1
1
1
1
1
1
1
1
1
1
1
1
1
1
1
1
1
1
1
1
1
1
1
1
1
1
1
1
1
1
1
1
1
1
1
1
1
1
1
1
1
1
1
1
1
1
1
1
1
1
1
1
1
1
1
1
1
1
1
1
1
1
1
1
1
1
1
1
1
1
1
1
1
1
1
1
1
1
1
1
1
1
1
1
1
1
1
1
1
1
1
1
1
1
1
1
1
1
1
1
1
1
1
1
1
1
1
1
1
1
1
1
1
1
1
1
1
1
1
1
1
1
1
1
1
1
1
1
1
1
1
1
1
1
1
1
1
1
1
1
1
1
1
1
1
1
1
1
1
1
1
1
1
1
1
1
1
1
1
1
1
1
1
1
1
1
1
1
1
1
1
1
1
1
1
1
1
1
1
1
1
1
1
1
1
1
1
1
1
1
1
1
1
1
1
1
1
1
1
1
1
1
1
1
1
1
1
1
1
1
1
1
1
1
1
1
1
1
1
1
1
1
1
1
1
1
1
1
1
1
1
1
1
1
1
1
1
1
1
1
1
1
1
1
1
1
1
1
1
1
1
1
1
1
1
1
1
1
1
1
1
1
1
1
1
1
1
1
1
1
1
1
1
1
1
1
1
1
1
1
1
1
1
1
1
1
1
1
1
1
1
1
1
1
1
1
1
1
1
1
1
1
1
1
1
1
1
1
1
1
1
1
1
1
1
1
1
1
1
1
1
1
1
1
1
1
1
1
1
1
1
1
1
1
1
1
1
1
1
1
1
1
1
1
1
1
1
1
1
1
1
1
1
1
1
1
1
1
1
1
1
1
1
1
1
1
1
1
1
1
1
1
1
1
1
1
1
1
1
1
1
1
1
1
1
1
1
1
1
1
1
1
1
1
1
1
1
1
1
1
1
1
1
1
1
1
1
1
1
1
1
1
1
1
1
1
1
1
1
1
1
1
1
1
1
1
1
1
1
1
1
1
1
1
1
1
1
1
1
1
1
1
1
1
1
1
1
1
1
1
1
1
1
1
1
1
1
1
1
1
1
1
1
1
1
1
1
1
1
1
1
1
1
1
1
1
1
1
1
1
1
1
1
1
1
1
1
1
1
1
1
1
1
1
1
1
1
1
1
1
1
1
1
1
1
1
1
1
1
1
1
1
1
1
1
1
1
1
1
1
1
1
1
1
1
1
1
1
1
1
1
1
1
1
1
1
1
1
1
1
1
1
1
1
1
1
1
1
1
1
1
1
1
1
1
1
1
1
1
1
1
1
1
1
1
1
1
1
1
1
1
1
1
1
1
1
1
1
1
1
1
1
1
1
1
1
1
1
1
1
1
1
1
1
1
1
1
1
1
1
1
1
1
1
1
1
1
1
1
1
1
1
1
1
1
1
1
1
1
1
1
1
1
1
1
1
1
1
1
1
1
1
1
1
1
1
1
1
1
1
1
1
1
1
1
1
1
1
1
1
1
1
1
1
1
1
1
1
1
1
1
1
1
1
1
1
1
1
1
1
1
1
1
1
1
1
1
1
1
1
1
1
1
1
1
1
1
1
1
1
1
1
1
1
1
1
1
1
1
1
1
1
1
1
1
1
1
1
1
1
1
1
1
1
1
1
1
1
1
1
1
1
1
1
1
1
1
1
1
1
1
1
1
1
1
1
1
1
1
1
1
1
1
1
1
1
1
1
1
1
1
1
1
1
1
1
1
1
1
1
1
1
1
1
1
1
1
1
1
1
1
1
1
1
1
1
1
1
1
1
1
1
1
1
1
1
1
1
1
1
1
1
1
1
1
1
1
1
1
1
1
1
1
1
1
1
1
1
1
1
1
1
1
1
1
1
1
1
1
1
1
1
1
1
1
1
1
1
1
1
1
1
1
1
1
1
1
1
1
1
1
1
1
1
1
1
1
1
1
1
1
1
1
1
1
1
1
1
1
1
1
1
1
1
1
1
1
1
1
1
1
1
1
1
1
1
1
1
1
1
1
1
1
1
1
1
1
1
1
1
1
1
1
1
1
1
1
1
1
1
1
1
1
1
1
1
1
1
1
1
1
1
15822 63
15167 616
9082 983
4048 786
6568 319
33152 365
37431 579
18146 728
25456 612
5802 614
12272 416
23395 767
4649 372
18960 291
5138 369
36064 384
30010 881
16018 637
8280 637
18838 172
22487 563
2614 323
38376 113
16819 544
3624 726
36111 731
7331 672
27945 642
28630 640
4201 298
18749 811
26830 279
21396 795
30434 602
7885 930
29817 790
38610 747
18975 229
12816 665
31688 298
33958 809
16712 310
27785 72
1507 540
3710 296
12677 810
7871 559
28670 794
21088 571
36480 70
12576 470
26221 425
23850 834
35724 314
26162 969
28133 190
13387 370
20042 1
29773 555
23131 399
24923 871
7889 290
10329 384
20347 361
35928 781
27670 865
35136 485
36870 962
16420 738
29804 576
1782 69
4406 584
11284 744
10478 437
29997 158
17943 525
27106 935
13468 497
13113 153
17108 293
33028 720
23055 10
16157 803
24786 716
6646 808
2927 510
12656 493
8476 750
26300 72
32249 119
30815 136
37292 653
15404 210
25274 91
13138 128
13421 979
38942 303
2609 306
3246 933
31606 143
35246 273
11053 127
15850 509
35568 153
31931 758
2935 381
15550 529
1324 559
19689 583
9492 370
38406 758
2944 7
38839 203
31901 935
39191 32
14593 88
8609 654
1220 866
22706 660
24057 21
19552 103
13546 7
13408 262
11134 854
14073 32
24445 902
39945 421
5350 301
27721 609
1995 191
33880 442
36111 520
5864 218
9964 892
31099 302
39034 477
19303 851
7565 38
11491 369
21914 592
2121 798
21377 329
36144 456
15814 709
16219 427
11807 304
21775 611
5725 59
18970 153
12355 437
6298 562
36591 232
11469 427
25897 331
24593 380
16438 97
24232 122
17877 31
37300 138
11216 938
36409 45
20231 464
15472 881
3385 195
36484 89
18990 624
26094 758
34832 283
21901 900
8156 126
354 101
39718 338
29331 989
18240 674
15177 148
7576 671
10493 655
25850 766
21988 460
7470 639
19044 729
28811 825
29895 930
39456 616
166 915
34800 653
27963 269
19690 571
28615 743
4931 569
27250 194
8399 655
30442 934
23147 436
29936 671
36839 828
4777 133
11586 777
28237 386
4955 280
14006 408
24765 491
21073 769
37784 540
18387 840
32714 928
27950 718
13601 403
8918 472
18679 428
25083 513
31993 375
9280 236
14761 242
33669 617
23036 381
31143 633
12172 268
13456 975
17934 919
3190 94
36840 315
25014 993
30774 459
37058 487
13459 14
37139 31
4826 861
22134 698
27236 769
15030 52
36840 10
31494 407
31562 324
4295 242
5394 606
33459 477
5239 529
127 731
32046 924
22043 427
6257 986
7364 535
12632 616
27195 486
30657 911
31284 99
30305 585
28678 740
7688 22
37128 519
15781 363
23404 877
10380 581
28057 585
16003 542
15882 878
4647 983
20782 910
39273 584
2080 387
15886 189
13040 585
35303 773
22617 82
21399 139
9035 96
35954 31
27554 601
37680 147
7769 51
1349 628
38070 812
15351 84
30537 318
6136 449
30069 599
13421 485
27830 852
30828 520
19043 715
9521 918
20645 142
20512 525
20452 791
11526 778
33531 952
31821 546
10105 890
39269 156
38881 442
28921 382
22786 379
25851 72
2418 116
2545 21
24509 964
34894 20
36915 878
16102 254
22257 392
35335 998
3296 370
31489 308
38789 331
23236 122
38811 496
32878 178
16582 490
32936 870
38211 957
8867 727
5518 253
29443 881
36683 567
18934 622
16430 455
37678 450
31363 290
29290 734
26711 205
38626 96
14929 943
34459 336
7876 150
23768 129
520 322
34236 390
16560 617
31915 379
14981 534
27840 279
1406 731
35049 391
38314 766
36982 289
39981 6
14635 999
33198 518
13327 10
16489 378
1993 159
21695 612
38327 314
823 927
37178 945
22741 403
35716 571
10524 922
27866 317
16301 286
22212 513
34522 465
35324 976
7668 73
24026 428
34907 918
39 157
6124 940
7750 988
28965 780
37497 543
34425 229
14626 772
5667 980
7420 473
36944 260
25474 987
5112 153
8288 651
39301 46
21863 42
3071 164
33068 605
22044 500
37246 303
5153 196
14402 40
18455 78
12995 694
39560 34
16076 678
37868 460
33816 577
245 146
36849 284
23276 378
38955 643
37956 495
11777 590
36618 251
32850 515
7367 399
24179 462
4724 389
3150 864
19654 507
18950 488
3899 506
11158 600
9146 17
19114 353
26227 560
15498 445
8635 132
26497 547
27034 300
39865 42
2772 209
25791 19
10584 460
4933 103
30966 896
31455 158
6611 613
2020 587
10217 415
25067 416
2309 462
34695 423
24576 790
32035 441
18494 521
32261 73
24938 880
13851 277
26224 94
37426 236
14463 13
39920 352
26506 307
12922 746
17455 325
29159 299
776 566
18970 514
36787 212
24484 163
24493 475
10845 68
37167 507
9893 816
29274 35
37842 94
36886 897
7870 865
16158 809
20867 89
29486 172
3852 105
4439 406
34003 583
12452 938
36984 52
8601 697
21439 392
22235 829
27956 819
23617 211
31371 310
5826 227
20681 982
30609 720
6070 41
13665 29
12369 56
4983 65
14715 194
23426 61
18355 994
19638 238
10354 701
20828 979
27968 253
19899 262
4140 514
38272 652
12679 748
16244 923
2871 765
21130 522
904 298
15054 800
27625 513
25487 612
34309 727
19434 928
29594 220
14199 167
4695 130
19554 99
12210 644
22595 227
29201 988
16639 118
1540 320
22850 717
553 9
37417 773
26797 812
25573 663
14668 519
15686 709
19603 572
18968 915
19814 833
11621 428
39921 53
29496 190
28441 226
26282 436
22621 503
29565 759
35566 724
27150 486
22342 518
6908 509
23714 922
37023 680
19998 168
26804 513
22388 112
3055 610
521 663
23777 300
8597 151
6468 525
9412 151
28675 376
32016 149
37063 100
4359 136
10492 118
7071 735
9297 240
6051 506
35857 470
5562 401
2804 945
838 537
28013 469
15372 488
39193 752
27430 59
18663 419
4595 52
21441 747
22513 458
19275 34
28860 728
38677 951
452 598
25770 628
38853 143
20414 536
29564 494
655 29
25852 13
5649 7
37306 17
7605 983
25233 506
14505 458
12004 989
16345 852
31727 573
21094 451
12250 798
36614 662
8519 421
25475 308
16954 135
31369 493
18407 526
6793 746
25066 451
23139 866
37115 396
12522 902
4435 624
29240 612
13208 691
39779 409
531 29
1550 839
23370 20
22098 536
19408 84
32487 977
23263 464
29562 591
36952 97
18799 125
4587 647
21584 225
38652 406
24417 431
38831 445
34586 846
9212 63
1536 887
7213 987
30819 996
36899 583
341 832
28223 210
15518 847
31302 938
20637 266
30458 811
24382 573
37076 343
39009 636
27448 926
18507 766
26257 201
20704 615
36760 363
20731 537
30389 52
30298 474
23493 71
39506 147
12543 72
2002 877
25893 75
26592 860
28436 826
27353 209
291 907
20891 610
18819 761
24097 556
20910 309
6671 64
1068 138
7951 515
1536 870
17475 69
25249 781
9990 989
21075 307
37823 530
8862 922
2224 994
4305 268
24582 291
27266 509
28783 804
38965 509
35035 413
5568 349
11373 499
16732 655
234 210
6330 426
39059 575
6221 646
1715 689
24355 53
10266 918
33743 6
4373 243
37988 797
13774 338
20326 460
20620 423
39190 101
39205 265
23674 196
33043 559
2588 550
23687 259
20493 804
2103 280
36018 452
37865 832
2885 522
9434 732
10333 515
15582 790
26087 333
1947 292
8134 934
20881 263
25003 170
16536 536
7525 199
19155 535
11480 101
24955 399
24053 507
24723 837
37871 972
13802 402
8638 294
3225 780
25844 954
11481 417
1149 315
37853 297
5353 3
23291 800
19429 908
10430 396
12146 657
38293 478
26537 802
36092 723
7676 7
4663 725
12873 764
21041 730
24424 745
33561 659
3412 874
5128 641
32759 31
38526 3
19700 563
17083 575
28161 783
29318 111
36158 794
23010 873
20973 831
19436 630
16496 855
16062 602
5948 166
25528 757
8834 61
7774 437
22729 151
8688 569
5709 946
10651 858
3621 387
16006 679
20227 972
695 85
19937 579
34445 766
4961 527
38890 57
11419 68
37075 791
25518 869
25139 81
11132 110
28994 885
12011 985
15711 755
34417 522
39191 758
25212 973
21771 431
31834 570
23857 651
12103 855
35601 643
205 75
20939 976
27384 487
18064 364
3083 589
38122 64
25753 171
25630 355
29039 967
13114 168
31203 898
27876 651
36591 828
4977 500
10475 952
37603 89
18845 311
5346 107
6687 694
15309 710
13091 169
28256 402
22545 954
433 988
30088 671
28525 595
37525 377
5989 973
9853 195
9153 94
38067 90
12980 356
27738 446
9052 401
12924 944
31891 930
5268 897
562 995
9448 605
28753 912
8160 848
39633 309
35297 505
9988 309
340 837
19234 237
35329 886
17987 151
13285 49
2713 669
37744 82
17695 957
15001 421
32849 368
32917 572
17964 364
24035 599
12325 681
19189 946
39407 773
7171 967
19984 740
34674 687
38678 423
15152 745
24643 970
2796 396
19238 172
19368 345
8282 527
35775 496
28397 527
2597 503
27621 497
1132 30
32172 154
1087 121
33324 703
14793 807
28792 675
27648 162
5307 574
31448 96
21151 853
16411 152
15021 470
36252 374
34535 943
22347 931
24015 73
11494 93
15137 574
3248 192
7083 691
38505 555
30103 191
31940 34
242 220
3623 259
2545 722
19954 959
32439 578
36811 134
37086 499
10670 148
20231 474
33584 587
2964 475
4488 867
7754 275
10748 470
3396 812
11265 269
17653 360
17371 413
11225 223
3155 813
12919 9
24888 177
7894 814
11269 668
9388 284
12557 110
36950 995
34782 534
25134 324
20180 692
11454 301
33846 270
7675 790
5005 442
4205 938
6777 916
173 586
14020 354
16416 962
32401 256
16722 769
32810 707
22295 296
18601 260
25556 355
4053 911
3083 718
22986 305
1342 715
235 54
30931 368
6147 888
37367 485
34883 645
18338 48
11051 93
10652 568
25175 651
3910 415
18455 777
3200 236
34276 969
5313 829
4903 488
5861 410
28543 747
11684 85
6654 428
13843 723
5749 414
14097 822
20167 877
1017 439
17391 432
39531 796
6839 658
37312 780
11529 278
28920 525
12873 122
33920 284
11752 629
5647 51
8267 45
27963 695
25923 630
15304 97
22407 790
7829 881
8400 724
20313 641
33409 839
38657 697
9131 487
13171 407
26636 78
28108 833
3915 300
8031 93
16936 959
35317 526
15267 329
31136 891
27927 74
19582 823
21368 196
37126 35
22410 703
17955 889
18319 572
34977 890
21612 372
6850 799
198 516
26297 200
10721 760
29624 727
19716 303
23032 214
15859 852
37874 646
34088 758
2398 934
32676 838
3829 965
31188 638
39690 105
17630 803
15962 545
10582 926
34071 257
13564 493
20296 962
24278 763
31030 410
4261 688
34416 39
34465 323
3839 209
7592 112
31092 809
340 919
24005 365
37969 709
6488 611
38809 375
18722 864
15717 258
21712 651
190 787
30444 56
25925 217
6341 391
15578 498
9073 788
15080 186
22108 818
29738 789
30566 466
7440 756
6713 715
16799 620
5178 322
22161 970
34859 928
37559 21
13067 108
5975 92
39380 877
1178 936
7911 992
32493 572
8039 250
9836 283
15849 361
29320 522
16023 579
6269 740
30470 871
17823 804
38309 119
1207 288
31685 924
24123 459
16359 417
10743 114
4717 442
1862 783
8545 487
28137 854
34032 345
16520 385
1860 381
38141 879
12808 588
39483 103
24817 987
17565 819
36776 133
5040 543
25624 933
2756 479
21760 669
2261 789
32160 941
28090 403
7259 42
11862 910
9558 719
14555 415
28298 697
26870 264
33786 409
27697 917
9302 838
34439 791
42 327
14776 600
31037 490
15478 192
678 672
4710 990
5619 898
17690 539
37759 682
21378 617
13460 185
33875 17
36295 293
25214 516
255 803
38773 730
5207 341
3530 583
1762 918
37007 737
39104 856
33911 379
33182 814
9507 990
13473 809
33742 538
29167 24
2147 910
18172 169
39540 992
30731 728
29046 79
29540 693
26504 728
5477 35
4099 285
35456 171
12807 654
18245 250
34252 863
35494 339
7647 208
28024 895
26734 873
24131 628
20278 995
9346 698
7190 612
1514 943
32921 90
28963 938
34003 403
33103 445
19100 844
31983 266
26786 32
12055 30
6963 345
20594 129
25162 222
29957 818
10357 864
11082 25
36777 281
23051 455
33955 824
36278 97
13269 777
8006 949
14068 674
36166 378
2952 738
19960 310
17548 958
15811 786
30974 869
29621 243
35770 994
25196 609
19574 481
24187 553
39990 922
33762 409
13489 89
3877 585
11762 448
2042 927
5730 704
12001 326
1119 205
19032 603
39808 839
2004 580
31546 895
37932 73
2463 238
4350 965
16716 37
8623 917
22452 679
22549 796
27107 948
3681 369
711 537
23332 123
8183 785
36114 823
15199 24
24334 880
26341 321
32363 478
31010 241
1179 865
12780 425
21031 185
29185 714
5276 494
29186 173
11119 443
32638 401
804 992
4527 88
5869 162
13257 473
13311 631
12477 222
37206 319
36703 124
17349 510
5326 105
34158 150
37287 661
26890 959
3698 173
4821 985
5584 26
30886 978
34215 215
11649 540
19688 354
20551 264
5990 639
21673 403
4402 32
25948 767
27454 882
2463 166
24235 560
15030 122
24206 66
35022 121
31385 819
28432 725
20195 805
29145 235
34451 606
35319 244
11425 456
26926 427
37045 856
28629 872
13109 51
35657 176
4665 478
9092 207
271 277
23642 712
2526 605
28042 514
3957 80
5181 758
14666 876
23277 215
32720 216
10323 168
35467 778
37434 677
18720 726
13147 589
13604 749
6911 680
38010 217
2396 519
18937 687
24490 265
34739 465
11374 809
26107 85
33587 752
15859 31
15504 257
27340 916
21369 852
3442 254
16707 353
33502 254
8814 677
9148 991
29097 906
4613 419
7567 387
19309 497
2926 523
8743 705
30925 7
2430 176
1474 848
9218 13
20408 608
5208 982
9488 603
2756 945
32162 895
1363 33
20409 448
16733 122
17333 775
7850 542
18711 632
15738 600
2730 143
8980 86
28408 486
11458 659
9668 124
32049 492
2925 462
19014 534
13367 720
16590 11
17184 951
26378 196
29371 728
12462 809
25724 494
12457 777
21953 157
24590 963
17973 834
4634 432
20603 136
39988 211
39754 933
23296 748
16861 296
39801 482
7972 836
36339 83
34662 269
33109 431
15977 701
32315 965
7623 985
31414 217
8885 869
16533 100
28932 54
23411 463
6992 523
23187 949
10882 287
37107 271
2684 340
26905 639
34564 238
26899 320
3186 90
11918 889
26991 129
21855 123
36883 499
37868 843
11307 958
7541 322
5630 195
21536 885
35077 612
676 969
4653 178
36286 146
39216 632
14284 168
20422 239
11869 789
35506 661
26240 234
19793 868
5416 731
35917 969
19582 600
22338 608
20602 155
13297 908
12381 907
16184 947
19079 224
803 365
34263 158
30503 221
16670 788
3838 707
32251 205
35185 478
10471 810
22588 496
2605 961
15619 265
35513 72
5422 512
19061 933
39002 908
9551 478
36302 432
25966 48
24232 304
30221 851
7395 535
30047 975
27780 373
32835 749
27090 224
24075 391
11567 876
20894 362
14364 98
33064 977
7315 15
3674 129
8885 333
5565 12
8563 806
5728 830
17067 216
27087 821
27387 880
7339 696
5190 694
36123 571
26670 233
10026 955
1614 501
10261 347
37555 691
25464 837
9000 371
19521 425
13042 11
17190 745
1315 307
10939 27
28346 100
5238 727
30241 667
36646 264
4607 818
28843 301
30340 699
92 495
29853 276
12336 575
10702 866
24089 957
13712 311
6958 972
25113 753
37559 298
8287 747
2224 479
30865 817
20194 975
26672 565
10062 800
30044 790
34573 597
22861 436
38827 131
10973 817
7098 168
7036 510
19626 170
2151 598
15826 511
25082 498
22125 681
17965 858
27763 836
7255 808
12481 913
14627 541
37879 186
4130 825
12589 350
34232 69
4864 281
11461 418
20929 584
1248 491
17061 169
23736 788
30131 830
24037 436
14704 447
6510 928
26237 202
33223 369
23210 592
19887 833
275 348
15603 550
35400 420
6203 321
2828 550
12856 235
33104 882
8916 674
22949 880
36882 644
30885 794
38044 525
16239 182
29753 918
24105 786
26601 548
21376 301
23777 997
38836 395
17234 84
36757 988
31304 621
35019 66
12391 547
36516 677
23047 351
22781 874
23180 962
26899 502
83 291
35246 316
9222 547
16614 550
38570 374
2183 974
18605 628
7961 896
16209 528
25728 901
32069 836
28351 685
13902 656
36286 551
36012 403
37088 811
14894 892
8914 435
9429 176
4437 85
15914 402
11923 603
38427 793
24432 717
36394 402
16384 992
2471 176
36261 208
39479 698
17811 100
35758 235
38585 588
30643 186
31298 100
5415 117
18030 851
14581 769
38074 377
7830 102
207 376
26415 346
26962 684
14072 109
9207 270
24576 112
6726 143
25653 161
8755 329
2296 162
31013 329
16170 840
31549 27
3866 774
28083 441
31040 736
23971 974
21524 394
5965 970
38885 545
17791 415
6134 46
21590 584
32648 378
16546 518
26785 335
14242 72
1194 158
20473 608
34337 840
14489 805
30176 920
23249 965
18165 51
30769 558
11051 853
25537 967
1000 529
424 222
29702 363
36755 628
2580 259
10498 712
23992 163
36635 430
6224 469
37710 472
27807 754
20088 503
6174 18
38200 747
36624 412
6914 173
24473 775
34969 292
12315 576
29153 206
27356 19
10258 95
18200 396
7709 59
11613 985
39852 912
34924 391
36810 552
4463 626
16626 676
17701 652
38805 208
36 813
4314 938
25118 953
14578 232
26128 775
32437 168
9509 74
4590 730
25604 521
36204 405
22247 932
24458 757
22730 485
12795 555
27872 661
25052 356
18712 694
10467 686
18662 876
38951 654
39323 154
30958 38
5971 476
17200 890
23302 679
21160 776
21230 313
20773 640
3116 366
22745 157
14700 368
4279 293
37292 25
12310 165
20495 734
9035 407
22705 943
35932 391
7568 328
35610 56
19005 121
32163 658
22867 111
11920 349
21156 43
22655 894
16079 232
2430 968
8079 757
25037 429
1967 49
28442 757
15788 931
32116 813
7885 600
15024 985
36953 927
32800 20
33643 845
10587 616
20829 55
25706 772
24117 473
39006 542
19282 146
30710 803
15143 160
34919 580
33020 870
21121 430
12127 143
31007 891
19180 886
18 125
5227 849
26647 509
24120 141
12537 249
26588 192
30657 913
10614 884
23616 566
18222 69
13411 985
30226 348
12229 141
6116 507
8180 174
1540 737
9745 79
550 530
19390 792
7231 454
4161 801
28202 595
26536 560
2329 956
8106 403
22331 766
5997 356
16128 571
27665 257
16663 732
424 907
30323 759
31393 943
12431 842
33554 179
7603 593
23596 358
21323 994
5481 765
33389 536
21368 540
4527 379
36869 572
19048 882
30987 589
14505 289
38804 632
31731 753
10749 197
3370 349
38393 700
6218 311
36580 641
26376 710
22578 874
2351 701
6933 590
22325 881
14648 962
22986 457
14365 465
35540 82
22855 676
8366 705
28716 428
6443 92
24836 592
10599 330
12332 504
26549 365
5114 28
36544 520
11542 577
26412 107
7668 686
5900 16
10939 261
3078 612
16266 830
28274 232
38436 807
10116 381
25557 153
3940 146
20253 756
34767 228
17998 330
29808 399
7515 119
32524 434
28526 320
167 244
7468 932
964 303
16522 741
12794 343
4230 178
33108 506
16888 821
22573 784
36587 654
5126 35
37213 201
2438 743
8547 120
24626 28
9162 575
14405 544
14479 845
37336 178
36839 206
2185 591
32918 445
12700 880
33397 616
13785 89
23516 459
26071 588
25213 644
31158 775
18650 833
35198 823
34483 611
649 827
22197 477
21442 287
39101 972
20579 427
13089 519
32719 988
12552 725
11663 858
7892 406
34123 196
2690 848
35991 932
7786 843
17546 674
28830 80
7521 208
34014 745
30922 704
37956 92
35262 183
1441 905
21257 745
10759 834
16864 539
14648 230
31464 241
6269 712
14993 250
16696 360
15590 359
14006 998
17493 907
22541 581
30426 162
27182 622
24143 367
37847 165
38010 295
31722 643
18962 262
35554 856
16420 864
13436 933
23021 261
39202 893
31483 671
13854 907
12904 307
27709 752
11704 253
23914 821
23243 948
6937 813
8060 42
39276 850
13349 550
842 310
1614 24
31394 347
7835 676
27834 385
30974 967
33071 777
5404 822
28879 612
34240 711
22271 991
4481 718
14737 351
21661 744
27146 947
24192 224
26176 599
7220 90
38624 883
27854 570
18435 801
36956 913
2194 945
30651 127
28866 115
22097 639
36695 901
37882 28
8040 148
26759 935
22041 601
28272 101
13094 104
32755 508
13426 179
28705 819
38158 62
24892 729
7490 458
2404 346
5380 140
37794 802
28936 79
9047 886
25158 553
291 106
21310 28
21279 859
9002 39
39918 764
26539 132
19256 877
16765 451
32198 617
14380 91
11494 531
31945 611
35500 541
15148 345
9128 375
27667 597
18733 729
25684 901
12997 897
34123 596
26595 932
3778 154
26677 323
20409 721
19154 298
302 322
33918 668
1820 811
32264 406
12903 769
35822 628
28491 349
1077 324
22279 309
24508 571
11369 248
24039 653
32768 61
8384 266
8105 988
35901 379
16964 539
16418 852
9212 303
4783 57
15728 595
20791 441
3519 127
16128 279
6371 767
3159 780
27739 49
22978 533
23532 963
26709 91
19982 416
26361 368
7000 195
7320 212
33273 970
3339 139
31813 375
7502 564
18343 796
28145 518
11377 176
11685 406
9218 163
39862 924
25432 580
21277 534
8703 617
28389 516
11177 909
28382 695
12766 774
37208 937
23719 520
9836 652
34273 601
11992 161
17765 867
274 827
29365 997
4518 530
34070 232
17438 909
34973 750
25055 902
10366 836
34844 813
9725 713
22347 830
7377 762
2154 425
16739 59
19086 605
15122 733
18922 781
39590 629
15254 15
39268 532
21563 175
8812 163
7353 901
37525 350
19299 647
37306 829
1234 490
2676 65
9556 275
25518 139
17190 732
4580 130
29924 486
6548 858
25938 761
31347 508
8749 30
19624 595
35929 720
32211 430
27353 80
3276 489
19976 164
37406 95
36359 701
16027 923
6337 782
36318 352
14966 761
25630 960
16330 275
9851 625
31874 991
15596 99
17080 701
37538 1
888 356
14635 897
2161 601
16694 843
209 24
12511 355
29282 469
35034 857
31468 748
38196 583
26447 969
34881 671
20574 550
17350 70
23410 35
32336 399
9022 903
34186 753
6431 600
19189 399
23140 810
38230 801
10728 487
35378 993
32942 828
4013 99
26235 394
6107 356
31720 549
3521 725
15740 640
25865 44
22184 41
13758 802
3947 768
26089 1
38301 383
20022 492
22412 178
10245 965
15481 606
22927 581
12006 663
27117 390
34864 997
8645 523
20098 56
4670 61
26047 908
34232 758
38461 945
37706 53
19507 184
36514 751
21474 308
2513 315
33573 208
32407 797
37021 275
26723 648
21455 480
39962 523
15373 903
2147 708
36041 885
31158 353
20786 621
22976 239
33715 411
10571 530
2292 803
18688 964
8015 833
21265 824
37477 806
7050 714
7725 67
16674 784
724 445
4428 663
17478 486
34877 940
5989 125
19748 530
27753 175
15094 930
34681 504
27899 439
14958 515
3414 425
11785 203
5045 813
33001 493
28132 885
19172 958
6327 76
24287 15
23464 778
20729 781
6145 650
28046 807
18440 121
3127 943
32870 68
4182 459
16348 296
825 817
17172 599
35326 387
30374 765
35726 202
37352 711
27474 727
31959 972
17118 918
11160 272
33289 914
15532 692
24695 268
27043 274
17065 978
22574 549
11294 740
33200 822
27355 193
26713 797
7828 831
33136 234
30736 617
356 610
17329 305
29029 925
4853 428
25700 787
36502 22
30519 475
22710 365
22129 473
18792 70
37488 811
18685 272
19727 43
36049 241
39920 523
3190 722
30133 422
24797 761
14866 408
32000 823
34867 602
37142 663
15371 754
15088 432
10514 848
34964 92
1619 42
37916 648
16993 959
22376 261
27266 37
4068 291
34700 750
14216 655
8604 460
30222 314
7378 981
23621 347
7569 540
22947 846
17098 705
3980 461
18199 875
19941 628
20879 536
33894 804
22814 101
33501 393
4231 490
5107 564
38482 71
39802 533
17939 251
7718 842
2170 608
22177 687
1092 651
1249 986
34829 616
9296 907
7055 709
36576 374
1159 841
18044 826
25411 870
6520 390
271 158
2793 793
1823 837
34257 690
760 125
33457 340
13809 962
21060 615
35003 904
30072 877
2960 707
16024 492
13436 807
28627 95
28554 379
14496 841
16166 859
3013 320
33319 863
23944 472
33598 115
18416 746
13160 30
4756 197
14770 829
4747 793
31688 190
14442 870
14094 725
21154 518
21331 803
22583 114
24042 406
8737 546
4148 197
11390 529
16139 664
24836 704
18452 560
36408 55
21086 329
18045 9
1105 844
25034 439
34981 630
26 621
16234 213
4001 817
34762 941
27255 987
23959 300
28503 594
23733 705
14995 573
30103 503
15094 153
26495 756
4608 95
37042 475
16338 705
33037 751
1497 907
23318 179
506 969
26380 246
33360 275
11992 44
30350 367
33675 95
25090 57
4571 600
24091 620
28504 133
31599 501
2830 571
20005 461
21707 768
8325 764
34785 190
37712 705
35828 351
15138 92
19963 141
748 969
30880 859
27810 353
15644 275
2835 324
33765 267
1475 501
2526 227
4652 173
29217 540
12631 751
12768 333
13977 236
19066 191
22917 663
15279 652
29644 582
17381 366
3761 825
29848 662
27381 199
9235 125
33545 371
1822 900
34391 365
36129 751
37252 53
37439 902
2533 645
20349 904
9044 794
10346 970
5943 72
16529 45
35078 692
9800 466
36803 769
27453 831
35587 648
18095 619
14903 804
2718 972
9982 173
32248 452
16428 333
28405 381
8899 374
4339 768
36932 271
2686 58
11674 233
16391 276
375 96
17352 841
8626 803
23521 943
30330 923
13164 293
8190 998
4523 142
15584 215
11569 602
21003 934
13133 154
26279 508
37695 673
21183 607
14415 999
8372 321
15894 144
18412 544
5651 367
18585 298
38271 742
36038 745
33136 677
5142 681
9034 58
11412 161
1364 651
36691 685
30255 392
27331 170
4902 627
9742 571
27441 908
36722 711
33178 301
33190 269
3682 378
38212 262
16583 261
28715 529
29012 781
386 8
8288 596
16449 253
7083 923
15237 279
14461 31
30588 182
19123 434
10036 323
27661 707
12070 652
32228 851
6619 553
26953 454
10853 506
11402 989
21993 362
14443 370
33680 391
36366 385
31088 897
31620 986
2004 179
37262 131
3508 17
4272 533
32662 794
15009 221
15866 57
30436 438
39877 68
14907 377
12872 904
20657 50
25419 786
17807 353
24582 439
12196 511
35203 85
35419 99
10559 462
682 634
35277 756
14679 976
321 537
7586 731
38962 738
13213 259
28699 901
36573 773
7413 86
14913 909
9192 706
13978 38
39916 233
31848 845
25369 942
3582 302
22661 12
33010 378
33164 323
44 776
30897 92
23215 504
21863 830
5062 31
24329 967
11618 330
3289 835
2988 384
2949 290
25594 749
11290 283
18961 811
21006 747
30531 403
25340 378
30381 671
38924 989
27817 786
10523 885
26346 746
25352 254
5506 371
9708 847
27860 420
25456 428
12794 866
25795 865
11843 166
22853 80
38833 138
215 843
5809 13
19479 923
19499 329
140 724
1686 19
38880 543
4031 536
18855 147
8249 740
35489 519
689 388
25580 335
2841 741
1854 580
36350 997
2461 678
24422 26
34979 236
13063 72
26634 101
11050 444
32632 264
19268 967
14806 93
19066 332
13735 735
22485 226
25474 361
27512 62
3080 662
22156 291
6121 168
22126 254
3993 810
9099 305
3703 472
9619 521
3951 438
13585 116
34157 231
9752 863
38880 279
2654 660
3374 662
3320 467
36659 880
36460 273
28707 515
14979 321
6416 680
9704 958
24807 88
11523 478
2277 892
35691 111
5639 237
22684 676
32385 434
37421 584
18043 12
4489 940
16862 418
33520 425
13659 154
38000 554
10956 493
25716 988
13095 424
25653 635
31063 77
21797 443
20211 356
28057 742
15853 182
7146 877
5037 939
30120 398
4920 505
30516 494
18769 510
35311 941
3589 818
28242 555
27254 74
36583 251
31028 826
23 29
17703 612
6644 967
2489 226
30448 978
20938 128
15022 278
21357 698
12367 327
34691 394
25779 539
1568 889
11498 704
12352 423
37736 123
11764 198
37185 758
6181 280
35601 455
24665 295
39209 977
6440 184
2396 622
39617 116
9308 33
1899 965
34895 606
3595 864
621 398
4558 749
6724 391
16203 481
2262 320
39428 54
3001 898
36904 14
31746 246
18538 397
35455 242
22040 322
8452 171
23453 115
25667 339
16216 766
4451 469
38033 996
26605 667
32816 748
11458 379
16041 897
11765 558
32897 576
7307 293
36618 461
30254 572
30618 349
3660 197
4128 916
37487 680
14247 886
19640 402
14930 4
1696 404
5716 528
23942 165
33214 288
22027 169
11333 456
33283 994
29935 982
38366 967
21051 706
31158 678
34691 937
6445 300
16104 291
32989 282
23504 671
613 469
13382 387
16691 897
16956 18
16162 630
24459 429
33256 306
9675 739
4218 974
30246 52
11499 954
1448 10
20299 216
21908 849
23112 117
25749 806
851 685
2934 985
25853 353
34102 248
5151 558
35243 354
2464 611
39130 62
34820 836
9944 802
3678 805
29516 899
37662 379
10430 468
5490 345
34270 423
16074 682
18549 64
24900 433
10442 294
323 825
21624 543
34104 960
1512 352
27960 239
16285 339
34698 474
15817 136
6037 16
30638 289
35376 891
26944 65
2731 92
737 993
31976 500
5945 523
6098 572
35101 711
2776 876
15248 99
35802 151
7814 779
33693 58
21 391
25556 177
20623 16
2099 109
20006 20
30040 46
32459 516
37089 506
8602 140
34165 387
39219 846
5301 130
2446 480
36031 566
1659 643
27764 125
7785 360
8808 452
9979 688
28414 166
30849 853
25325 495
32205 217
32661 337
16244 97
25279 383
12842 229
24106 868
6913 469
9742 942
19472 750
24954 134
12503 322
22334 41
1741 473
13196 323
38162 561
9182 815
33220 931
5805 892
23262 837
16255 597
23403 196
10710 5
37577 932
12970 348
2012 662
24584 258
20527 435
13787 554
3984 131
13230 513
37958 871
14738 483
39627 213
18184 841
3169 905
18043 619
17476 866
12911 257
22032 698
38466 405
20473 779
17159 462
18694 685
27076 649
12119 884
813 467
5323 680
30219 365
23906 774
36694 96
6062 340
295 295
35601 319
1560 410
7472 267
10807 632
38564 566
8901 879
15891 210
12174 371
32999 299
14867 529
39004 434
25671 269
199 863
31807 533
8068 911
19032 560
33529 597
3547 105
32937 767
26662 202
16694 335
18594 851
24953 69
5375 227
10426 39
9550 387
1502 718
1394 612
17738 870
28680 138
17586 992
34298 596
9948 56
26814 890
23582 372
1178 407
19620 605
36839 987
39949 591
11300 224
9982 887
37586 489
18354 79
33339 456
14178 773
24256 607
1171 118
38685 812
20104 758
28604 509
4087 260
28319 740
6302 641
10011 241
23144 857
14894 648
24767 418
7518 926
31733 889
37776 255
19548 341
33255 157
38661 123
25172 239
26359 503
39844 300
6950 984
22031 201
28359 937
8433 551
6148 266
35035 702
15916 166
24748 190
11768 258
39858 54
33277 438
8282 162
5311 117
4455 42
3706 227
30137 846
28560 216
34870 265
23521 359
10498 678
1178 383
17368 773
19072 156
1432 826
22054 82
25890 675
34665 715
12334 538
29380 273
29140 98
3134 483
10346 567
4506 489
25306 58
10688 590
15445 796
27748 29
39767 393
12069 489
27456 741
26024 89
12484 733
4106 593
17893 866
33527 54
36433 141
7074 445
10544 2
24616 691
32751 41
17521 769
19256 524
22502 556
13378 297
33294 339
909 586
5927 851
34321 409
20361 141
32069 379
4011 879
33657 636
25978 153
23074 217
10590 913
20821 3
38335 805
4912 310
3316 180
25108 931
16809 63
21248 31
20787 515
21466 700
32940 675
6434 994
35771 663
1379 710
2063 430
37603 872
1058 121
9014 634
17103 929
5495 604
38887 978
19710 159
21697 544
11166 583
22572 85
6635 458
20422 891
538 675
15473 882
9481 837
10020 397
38514 553
39975 601
20869 113
271 100
7491 510
15077 942
21473 684
15321 310
29978 117
31174 867
22067 529
12284 46
2139 946
5794 581
13667 702
22010 297
30073 1
13301 234
36742 471
784 5
8332 877
7104 893
27132 227
11719 184
35018 569
8709 819
19485 650
26769 67
1882 294
23878 172
17930 816
36363 93
37331 115
32631 43
28275 961
791 938
666 377
20150 64
17130 400
17009 343
1902 72
33071 566
26240 500
23203 31
39082 248
35222 432
5110 258
6018 495
4164 364
16783 231
36303 436
37388 689
25463 760
3433 744
32617 840
4177 986
15901 772
35734 47
20387 869
23084 579
33293 940
7523 764
18898 152
18614 244
29099 494
26073 219
39585 526
5499 702
37984 152
15251 889
33517 10
6775 997
30522 516
4492 707
33097 868
12437 745
5385 18
18129 883
9026 234
3475 352
36903 34
14070 418
1138 156
28117 156
31083 574
8695 793
32075 523
31053 596
28982 416
31903 715
13327 98
24267 292
37792 531
10176 473
13620 36
4299 504
11022 107
5515 700
18783 685
2004 334
32738 677
2090 523
32197 677
32780 936
20407 645
6474 850
17289 129
25927 27
33612 386
14507 463
28761 844
6339 780
39630 28
23098 447
19385 513
280 11
8773 500
14430 529
35414 952
37901 1
38541 535
7853 472
16012 696
13241 223
4723 681
24664 861
32291 109
30250 212
27732 359
18448 900
20481 700
29611 476
21171 241
33019 250
16015 846
7932 869
38110 791
5650 202
13788 962
28772 604
35354 508
13183 863
21885 553
16228 171
290 451
30696 610
5220 888
24678 989
5414 270
8077 674
14837 667
25526 750
38432 814
7366 616
13254 926
14318 257
3432 138
17320 243
27768 601
23918 710
29941 107
3956 70
7032 947
654 644
30772 915
18099 56
3586 766
34713 876
27898 207
14612 317
24968 908
36437 768
5877 882
17247 351
15597 225
28306 971
8376 712
16854 608
7666 235
37182 65
1926 114
16991 544
21734 785
30840 615
15391 856
693 915
26702 516
20355 683
27354 347
25516 290
37754 98
39814 935
9493 913
37763 951
19998 527
28612 687
12066 787
168 393
1247 635
34990 897
9146 473
3340 26
606 502
38234 691
12861 135
26583 220
25795 714
8281 388
6101 650
13608 79
23091 506
37884 226
20652 112
21964 192
18641 888
4820 234
36241 755
27371 222
13261 557
5338 838
35118 3
33103 172
3779 177
21636 975
37735 162
1419 711
19776 513
33568 516
19871 588
7147 609
26517 71
2944 883
29121 90
25748 453
31893 918
19546 334
5380 839
19918 806
28132 323
17664 785
25110 682
11030 797
35835 314
27376 957
7791 964
32417 523
2039 372
12704 314
11161 755
35 164
25587 936
895 361
8319 431
3699 441
14910 53
33981 695
34848 762
28483 895
12387 226
11593 897
25563 832
38294 792
18098 954
36743 661
28833 324
796 781
5838 790
1934 991
18108 12
38657 223
6835 972
37002 385
2967 759
32893 787
22277 788
38344 962
16865 642
29372 627
27103 426
3260 634
33136 287
22156 110
1854 764
34898 177
26068 330
16717 408
19116 551
5065 726
20611 319
38618 68
17041 487
10511 213
35945 556
37582 81
32890 350
36492 289
16667 222
1191 535
18205 508
3913 558
9792 813
37012 593
7364 923
3079 206
6905 453
26708 467
37353 126
991 197
36092 660
35918 8
12683 33
36858 578
11783 475
7582 832
24110 201
25360 721
15704 908
18967 764
24971 384
12306 790
17136 205
10216 118
13135 759
9737 812
2532 558
5735 661
22195 763
33383 826
18105 295
38286 372
29892 375
24317 137
5555 293
30283 324
2777 497
24485 703
22441 634
24665 883
35093 77
2246 716
33935 127
15808 384
31135 227
3299 583
36565 664
1472 79
28683 149
21819 391
25992 657
10564 684
28964 759
23848 398
37940 606
3903 347
36407 208
36937 662
13990 298
23374 506
7633 140
29322 586
24773 999
12239 356
26796 438
27642 481
26683 289
12253 519
37778 863
6085 594
4636 519
4218 151
1499 632
22490 147
19352 889
19609 710
10749 566
22280 571
864 242
39844 398
3410 684
18861 447
8717 58
13160 397
2579 825
9075 219
18394 568
35284 275
4357 379
9133 794
25931 617
11469 308
37669 321
14437 449
16544 271
8240 959
19203 365
15599 744
7904 34
9396 926
23640 352
39321 65
14946 292
23715 984
297 782
15214 870
19469 581
7448 69
1490 765
39321 390
28124 263
14172 259
9432 109
18346 802
22119 794
2009 317
20507 457
1041 125
15085 390
3814 858
39642 433
15421 664
27246 527
6691 180
3037 142
35919 853
22311 87
3164 130
34193 656
997 628
2318 124
30100 31
37297 813
3047 876
9736 912
31804 410
4836 117
35455 293
31531 923
13739 778
9609 660
11533 345
5940 923
20206 897
20166 550
15356 122
33712 658
36654 376
6566 303
1370 682
29526 81
3232 329
20716 942
8981 912
15172 684
30611 937
19590 831
503 426
5702 255
4760 384
31147 518
31242 476
18155 621
33927 935
21339 4
283 981
1537 436
17455 146
38814 638
39326 318
32695 854
25278 837
19153 582
37267 480
20117 310
649 560
15668 192
22748 929
752 713
38742 397
2800 564
30666 922
23097 644
27424 665
32027 994
19597 834
9260 583
11346 219
37792 743
1551 389
21796 715
14373 17
1702 528
33711 795
34530 29
30095 273
22300 736
28535 981
3015 548
17988 319
22397 551
12354 531
27971 42
5638 830
34586 199
17006 849
21864 205
2017 202
8198 241
29639 873
25695 451
18908 51
18426 950
22902 387
36865 390
16958 640
33520 931
21270 441
27500 102
26490 89
19949 687
11276 92
25451 728
24854 567
34427 613
31523 52
17666 53
23910 656
37496 967
35764 782
21132 561
28543 274
7627 208
1912 826
3305 213
14443 630
36216 832
8734 214
25345 850
20644 763
20278 620
4924 873
18653 145
36428 888
38666 68
21294 154
1771 474
26292 785
23678 915
5249 544
14514 546
35412 951
15741 624
6271 257
31617 559
23734 655
2414 508
38771 403
21330 506
13400 722
17316 104
19014 105
33566 12
32082 215
6760 724
12527 270
30756 310
16728 266
13695 142
22774 664
34897 622
16836 875
30723 957
36360 820
19440 746
37783 739
593 531
30258 779
38229 460
24828 771
20957 414
31653 103
20274 647
21498 869
23140 251
29467 997
25495 117
24205 29
30472 417
27549 758
30234 434
5127 880
7625 816
3309 342
4230 24
37522 449
4471 170
34350 513
4275 471
7811 281
28116 466
29581 583
6911 713
25827 733
7675 443
9874 275
16913 852
11418 723
2196 477
39447 453
5910 35
26031 333
36606 809
32380 368
33234 166
17144 986
1333 107
6654 621
8275 158
9062 113
38265 628
7625 568
26587 994
32063 134
22010 996
32089 64
13791 289
8807 445
15919 684
35711 121
22964 210
24889 797
10038 452
37969 829
9229 612
15288 598
17738 261
31747 569
24851 770
35420 620
26920 307
38490 907
4224 810
8862 930
28997 174
5874 371
16935 220
22644 249
30807 695
22632 735
15876 43
23930 827
5456 665
26641 714
34934 823
6321 362
14754 694
23154 488
36912 707
32173 656
6204 416
26645 969
33138 338
35500 76
9878 696
9889 490
26242 443
18429 587
25434 601
970 275
12738 503
3425 606
22627 497
31267 338
290 184
11108 323
37913 310
5704 734
29540 655
8556 299
13698 705
8845 297
845 235
32502 530
25792 713
31719 284
3511 783
25070 576
12928 912
8297 895
31704 945
12689 998
25824 545
36446 523
38698 56
9550 573
21347 783
20680 324
19489 683
4831 66
25326 970
20142 444
9802 696
993 675
6465 412
19848 594
6730 359
14616 766
18306 695
39727 440
11529 943
10556 131
30202 100
36100 912
19941 147
12635 56
36915 189
11693 690
12563 393
29349 619
16823 681
16658 546
5659 951
31169 231
37260 411
4170 835
21334 404
17254 170
23710 67
1891 953
36585 453
5831 226
18167 294
27548 413
3843 991
32588 502
13364 296
30334 822
18022 623
21313 35
1843 627
21090 520
16769 613
10676 143
39813 735
16291 201
2832 702
2908 680
36801 136
2977 431
19266 856
7929 657
34373 27
9351 182
33338 227
11362 377
38153 768
32246 542
2222 488
14696 710
11069 436
20116 120
5448 574
20370 774
39020 510
32912 872
32942 891
2605 151
16784 455
1570 23
17080 868
20379 616
35573 243
24503 924
13099 807
2236 844
10343 787
103 338
11691 903
21347 588
36498 566
17497 858
25370 597
11037 278
26744 187
15620 244
17390 367
19288 268
30158 973
35928 745
3848 105
26301 868
10425 193
9342 555
31943 261
20535 357
17406 901
8447 532
10799 911
33539 98
2499 154
30476 782
22949 161
37243 230
36228 170
34910 147
34142 156
35074 251
240 467
34313 699
16210 627
17672 578
24496 827
28950 385
30682 629
21046 730
25568 326
36434 826
2256 574
34784 223
33707 720
1220 628
22488 526
19581 266
39954 37
22829 83
5043 491
29941 965
26948 68
3681 907
26761 253
27972 447
30017 784
10354 489
16512 652
15784 369
32633 219
12716 652
20386 323
5343 116
9868 317
16917 41
22606 306
39631 862
23445 205
26688 635
12453 250
34164 669
33995 209
23589 858
10049 22
9468 787
23178 500
23466 319
13793 635
29588 104
7826 602
24715 742
11545 762
32613 903
25263 785
4243 66
23383 786
108 140
19958 382
11139 801
21312 344
9639 499
30092 283
13915 12
20384 961
35394 964
8565 67
15812 379
32868 719
15352 989
25372 57
1951 809
28946 237
36598 62
25554 514
32095 4
21028 733
7662 515
35826 686
33641 166
31936 415
2932 234
18813 489
28436 985
19399 903
14310 40
34694 859
26824 619
3536 864
12393 173
7846 603
22249 691
26165 699
19425 460
22635 890
27417 535
29872 760
32046 196
13187 974
10109 252
24565 149
34892 652
25546 174
27431 899
29376 741
24780 534
8152 656
16253 972
26376 886
26435 399
32978 222
28113 878
16921 519
10197 733
28086 699
14415 185
37821 727
29064 982
27087 768
29642 817
13286 507
23881 817
32218 743
39309 332
229 279
192 952
5185 863
13376 214
1480 856
9986 56
3275 578
24734 888
16802 331
21914 769
20832 659
22949 550
16234 46
9362 243
2151 960
2510 79
9041 508
6382 146
24545 302
22736 121
15145 602
21435 702
8104 447
5833 940
27832 437
20535 452
17166 293
30891 253
9807 131
19281 673
31850 455
31011 6
8357 565
27435 607
27533 428
13971 471
30747 208
6419 447
38211 534
15273 528
7829 712
364 588
31414 853
14177 464
5830 960
16361 297
29742 444
30587 278
26527 684
21000 837
19521 642
8365 263
20063 895
37525 482
6936 690
11588 155
35226 904
17289 531
21035 913
31315 461
2501 44
37014 39
7440 270
2983 350
30767 95
25952 14
21208 96
22645 383
21721 304
36330 551
9900 42
39598 513
22132 249
5284 604
10795 129
1476 249
15271 843
11992 197
3270 524
11930 931
9801 36
11996 217
32939 258
4881 226
21707 828
18318 95
10958 169
29674 151
2267 512
16217 965
18960 490
28697 804
510 929
38738 583
37221 693
7563 3
28163 856
6926 479
18689 121
520 717
34599 222
24147 811
19161 646
23887 212
27463 130
17187 341
22214 186
22686 424
26192 280
26095 389
37908 410
23316 673
34145 757
38291 235
26670 765
16612 199
12247 176
36092 917
31289 557
16253 536
31742 898
12802 280
2887 502
5520 414
15328 354
6006 120
19385 867
22563 858
6392 921
4552 920
3387 645
10828 218
13980 442
32659 880
11937 180
11692 609
24857 973
35645 763
37168 610
5958 385
7254 265
14240 944
10337 789
38939 376
1554 125
32983 990
23770 458
28617 368
37942 663
27490 356
34553 819
24619 566
15133 681
28783 82
607 397
15599 3
16443 102
25965 121
3036 84
37252 112
13075 104
33391 930
39484 324
35381 41
34259 915
17757 363
12607 918
27828 456
22915 87
22137 856
39278 467
5765 170
7913 161
32469 764
6710 177
16664 481
36194 730
18711 146
6483 310
7016 380
29134 149
30448 489
39069 705
11914 993
11954 901
22935 2
10346 356
23300 414
7058 236
19827 282
2132 754
11040 508
26561 498
9606 697
32351 635
27571 324
7813 546
15003 601
5501 686
18084 556
33812 967
21426 647
18384 978
35411 806
18376 940
34591 587
20238 758
15816 569
39303 170
39731 867
584 515
29300 470
15430 691
20512 440
11922 550
420 870
33065 915
23860 843
9504 129
106 499
36324 485
16760 498
1307 332
11829 852
24585 533
11916 599
34944 85
18186 241
11278 573
22697 49
9004 192
21485 869
2909 23
4068 954
10165 714
29997 933
21816 263
6684 189
22695 740
20754 461
11551 533
16109 156
24464 442
1320 282
4314 166
911 924
24690 991
21354 332
7917 760
30418 794
2476 544
14270 903
39179 124
16482 109
21987 303
38036 573
21612 693
523 522
37602 202
14714 857
7162 237
5557 446
21091 278
34251 851
39139 881
14576 764
1163 423
38627 875
34046 594
14217 699
10426 817
22412 95
32867 464
8000 779
749 515
35083 797
24890 263
772 649
4917 676
30817 382
36949 879
35141 754
15145 289
4917 393
8076 633
37032 486
4314 888
25023 975
11575 129
6046 496
21473 859
32117 997
35164 979
39494 936
3148 96
9492 113
34785 341
30434 957
39651 262
36664 404
7838 901
38781 697
12690 499
14595 503
14282 182
35366 14
24599 426
39776 189
39386 806
2096 686
31986 962
13531 661
38576 367
3197 148
17265 402
13938 50
23472 801
73 575
39805 301
7057 459
27458 323
36714 293
9033 237
10944 47
18943 408
16868 185
33349 691
45 854
21243 598
20081 281
27715 863
39086 945
9432 639
19548 962
34393 461
18968 988
33223 48
21686 493
15226 912
36880 766
28538 327
37233 534
12085 39
31648 714
9207 490
10661 814
15358 568
34922 187
34106 594
5990 939
24654 497
18796 349
7790 658
1989 287
25139 415
36104 118
12361 597
15549 695
30246 363
24561 106
19035 366
34726 843
4179 337
15041 337
37108 538
3944 395
22881 591
14484 820
32936 371
25436 455
9409 507
35870 830
15891 953
31332 554
14205 593
36591 890
4475 32
9370 966
27408 169
28388 503
8595 677
6020 792
24132 754
25219 925
34877 960
25280 520
34684 334
7197 549
5221 657
13953 119
25322 835
31840 534
13932 382
28520 567
17797 831
22292 851
11644 749
18083 373
38340 747
37199 732
19049 324
29880 773
31807 661
12851 229
34563 788
17614 967
20879 31
3711 354
36403 917
7814 645
35877 652
15906 910
37584 15
1827 887
1568 557
32435 883
19689 796
39096 101
16700 404
6312 550
39511 720
13144 99
35255 736
27108 803
19136 215
32068 974
26709 521
27111 634
17851 415
17556 9
25555 268
15645 448
33941 46
31554 606
30791 281
28645 225
4155 433
32114 353
10096 173
4753 1
2406 1000
38104 165
18868 237
19718 510
5557 808
9524 902
39702 976
22010 103
29047 440
23793 671
24126 744
30386 400
8370 238
32621 79
7668 74
26812 73
29935 358
4996 752
10926 532
18993 958
38136 689
24352 470
80 193
25111 408
18923 811
7772 694
25254 647
27597 149
15722 29
31573 881
2010 666
17614 296
188 737
2769 13
27397 224
11818 78
38017 85
36899 622
7366 57
6890 388
29717 952
31499 12
180 967
12468 712
37128 68
14086 893
8280 212
34339 872
14956 476
9472 447
39858 480
17514 19
26292 191
2793 828
26711 300
1157 432
28516 378
11545 647
35731 836
18768 402
36642 747
5342 212
9021 113
23127 927
10982 727
25301 17
33674 443
5434 352
8108 731
1352 798
32851 755
20684 122
27390 871
7148 240
8188 217
24044 10
26913 327
30300 60
14320 991
26310 85
3874 159
13376 188
1188 539
1679 464
24677 983
28995 145
37172 532
12141 978
37614 571
22058 49
27544 411
22151 994
3045 654
30905 820
35900 409
2484 580
24323 777
19323 830
8990 194
26001 581
1470 509
30461 44
14004 562
3147 176
18439 565
31264 74
38247 673
36966 700
36098 540
34745 319
35674 399
17876 521
13999 505
24032 417
17455 943
17024 700
1850 863
25213 82
29333 494
4638 461
18140 279
5641 655
14002 790
23237 276
9260 640
10926 614
13514 54
11678 174
32772 531
10272 285
37160 378
24823 206
38957 162
12007 675
23818 839
37040 780
21165 328
4873 836
38485 788
39155 279
26119 515
39990 284
22171 42
8703 88
36071 787
19552 588
7287 352
27023 501
23907 261
21794 983
33855 767
22861 838
8687 458
30596 195
6901 131
17011 449
20125 684
17272 278
22950 3
39943 531
12842 772
34142 535
5270 708
24357 160
6490 687
14039 33
1203 682
36122 193
23250 69
17254 688
1511 852
10554 414
32476 864
9354 910
38560 626
29992 491
7740 802
17942 837
21983 755
27267 604
14429 175
485 883
9699 249
14614 853
34903 661
19589 944
1614 894
12811 561
1228 811
4710 114
771 903
39138 255
16078 841
14833 961
24039 880
29520 9
18806 916
20957 482
16075 94
14904 383
24891 80
4567 468
28250 156
21453 4
29492 893
722 908
38311 280
13195 101
3457 555
22805 717
33179 118
13769 923
34202 387
7114 848
80 511
35364 973
28854 600
35004 417
2123 523
3120 798
11619 52
35929 723
5338 876
18166 274
23966 652
20379 77
13746 840
37686 802
30718 802
15857 767
20930 942
17648 903
17176 391
18079 667
21838 952
33652 782
30672 634
942 598
36793 616
38878 635
14915 982
33322 585
19528 578
33450 98
24403 462
30866 791
38565 182
5552 51
30475 492
36880 918
14645 164
24958 822
17830 442
15389 104
34144 34
4100 628
38277 396
22695 294
27256 855
4335 732
29086 924
24970 638
37468 138
24604 6
6943 456
24058 751
2056 497
26570 359
20219 340
11201 138
29998 490
11265 197
9875 677
1970 932
37901 418
108 962
8349 691
38530 929
32058 630
1383 213
30788 807
17903 62
12415 881
20822 604
10340 555
17591 346
8701 392
23436 829
25489 403
4377 761
1847 588
31060 421
20082 109
29634 9
15957 193
4539 684
32729 388
8133 250
32513 58
4666 251
13220 914
37613 556
32960 29
12469 785
10167 398
10254 509
37016 994
29223 104
8420 895
27794 87
12018 807
9009 298
18784 249
39613 188
23076 905
19951 776
10527 874
29576 174
11260 289
7627 567
9322 410
33125 737
34147 208
992 317
29294 958
21477 742
31724 575
28877 997
7748 159
28144 96
1569 895
9389 257
19507 116
3834 23
7923 88
25666 339
3239 681
1813 36
9370 881
14525 868
13923 225
34198 710
25897 286
38738 531
20239 292
30916 835
6561 290
35645 670
6653 597
38158 968
13426 710
2618 512
35483 519
23102 919
1294 850
8514 845
8991 255
14981 565
36246 710
2483 45
21863 178
37321 284
16233 756
18361 990
7158 524
23088 359
10370 562
39867 661
29814 758
34793 316
39994 125
32808 545
14052 480
25756 978
35911 739
16883 33
37629 96
6739 940
34595 579
12356 423
13550 922
12791 343
33323 162
38599 94
4859 287
26793 171
16380 296
16858 441
4718 401
31329 271
39612 367
16321 659
25264 933
12064 91
17499 734
28265 413
1468 39
26548 3
34967 659
32158 401
32669 961
10512 141
24158 882
23081 114
10740 58
29518 598
26190 509
6587 781
11333 225
2592 408
29893 539
30970 288
33859 79
3762 177
38643 46
29797 551
30463 612
33140 548
6643 644
37590 331
7489 719
32426 119
14567 218
22576 702
34425 676
22813 622
28321 228
26689 399
3280 246
29837 781
24807 545
13940 537
38989 557
39473 700
27450 707
39064 350
26456 140
30079 522
38161 341
38788 762
7357 651
23292 855
6337 635
5974 372
6062 722
5394 568
23234 247
9282 409
38552 134
11345 323
1049 207
30213 598
33328 106
13184 968
24316 338
30112 76
19976 243
14927 839
35694 131
13855 813
37735 351
1012 967
25949 89
15750 972
7083 944
2832 571
23087 85
36764 898
14999 7
10314 983
39067 921
8296 377
35203 996
34331 970
29610 189
14319 726
35971 277
15470 11
8390 281
29769 816
2319 441
39414 841
7167 746
25066 717
36893 254
1189 711
8497 408
8194 421
3196 133
30243 714
15278 656
25617 398
18629 35
12114 714
33567 540
23969 398
34662 589
7999 878
16861 918
816 420
11114 554
37179 683
8377 290
26671 907
8918 374
8164 612
30335 235
18268 745
37833 257
3172 65
7173 329
35692 896
7656 960
5872 944
11479 451
12336 509
37319 806
36995 623
12323 64
16515 389
6082 399
29353 102
20928 844
9038 767
9966 534
16979 448
35363 535
6792 927
25572 110
14986 611
28812 531
16033 972
10186 973
14705 266
21591 457
23304 866
25613 664
16275 32
24558 778
35113 197
17664 382
37972 695
19489 210
30563 258
24898 226
9642 687
25728 306
7362 324
36374 723
14392 589
1923 187
4255 289
37435 163
11627 270
39407 148
33260 556
28144 236
35500 576
12362 977
29046 39
33859 110
15872 415
35355 12
1212 964
20019 319
31466 757
22323 462
6811 679
33767 635
34669 149
21339 450
36160 404
22165 542
33088 969
22210 979
36196 860
17080 817
25034 550
39753 709
30917 175
11136 876
11725 918
8202 809
14445 398
20814 102
16193 208
7710 221
14696 20
31096 392
33123 423
39253 716
28882 533
31166 571
36021 15
31799 572
16952 616
32862 23
14290 36
37903 71
30090 305
45 206
12871 543
166 232
5634 916
30242 226
19604 604
33420 265
30940 8
7108 581
33077 789
34754 815
37998 728
29659 561
37887 535
27061 937
26435 828
21406 519
19750 695
10756 737
8776 934
19875 589
12901 909
32483 101
29896 156
38963 41
17132 257
17648 695
1515 124
31308 752
673 361
19499 969
14283 717
1746 452
3434 324
24075 199
2963 856
3489 228
38662 201
9778 49
17573 973
33699 415
10312 264
10579 403
32703 392
31852 897
30873 846
31077 275
88 989
37197 486
34420 428
38531 711
29543 556
39338 771
17470 902
31401 799
19644 747
20994 675
35388 781
6550 166
32637 859
28655 250
35740 101
5702 149
26431 622
31286 226
29261 855
12476 32
15861 118
5541 406
11647 54
20501 313
1936 930
291 995
39343 813
25638 997
2821 331
5656 242
31344 895
39415 197
5945 18
31960 597
33630 721
13603 125
3943 764
3323 520
31266 344
12343 506
10057 33
4042 286
8666 698
5356 807
23412 592
28066 420
22425 23
21271 693
9942 580
17064 610
24850 252
38634 218
21515 627
13070 292
33901 248
39733 994
287 343
12718 624
11479 159
463 362
23008 334
33265 536
2438 319
32796 877
27862 16
39384 351
15725 711
26201 769
11678 925
38302 254
2445 342
25137 621
11815 610
24091 231
34542 740
30882 360
21103 523
10063 312
34305 417
8964 792
24668 297
20361 964
521 370
3377 690
34985 144
37104 478
11346 867
4450 213
14607 600
25992 675
23931 60
22879 290
13773 754
24090 68
3854 160
38050 17
25110 28
27450 183
24712 446
30112 63
33027 211
31505 285
35910 781
18689 569
27701 309
26501 705
26887 983
27155 548
30324 674
37129 652
8018 559
8050 977
7192 109
19738 36
6095 594
8270 434
2842 953
26548 247
37046 245
37359 239
30009 494
26803 591
32005 255
9196 204
37189 761
39393 890
20147 931
15946 812
470 773
21657 951
458 97
11290 250
37019 40
32650 197
17131 796
26983 260
20426 640
11416 361
7038 874
7197 772
5086 275
5528 772
531 144
19412 549
31141 453
562 8
30132 350
9016 997
1329 1
28661 373
29749 199
18493 529
24830 440
9933 3
565 104
16842 14
19468 602
15210 82
816 995
17663 737
4968 381
15072 155
33582 705
352 953
38369 973
30466 621
6033 688
17205 621
20923 625
24503 988
19365 398
18793 136
2677 206
15765 498
14125 888
32828 208
1075 602
36127 311
4854 919
28166 478
3388 928
39604 763
2502 25
34412 359
38060 537
26930 457
28227 248
35407 926
30093 635
20026 281
26045 804
29822 786
33556 562
32003 766
14520 92
20016 838
21949 281
2024 419
35669 62
18675 55
37364 309
22035 973
18182 123
8171 526
19530 143
37516 424
38439 741
19002 133
32109 436
8459 981
14194 695
35527 514
38936 400
33646 78
18633 408
37293 870
35959 953
8518 158
14174 998
28637 836
25481 193
24757 80
23090 181
16580 499
7206 644
15304 251
7535 133
1464 332
6403 99
39107 41
16285 254
26075 727
34874 181
3623 239
565 87
5757 463
9172 798
33255 585
17018 12
12781 639
37880 480
29652 777
8130 359
35237 25
25142 842
18045 231
28163 324
9185 889
5413 321
16105 416
22849 581
11851 259
30264 426
7227 362
3745 82
34031 734
14203 916
29820 652
13327 15
30090 250
27518 322
6923 577
8651 192
28308 536
18600 981
17626 863
34334 297
7855 353
16821 883
5768 532
12978 963
31467 751
10996 51
37041 133
19926 738
10020 135
39040 608
30384 462
21039 824
20555 562
13817 309
30402 183
38691 563
6608 432
25607 540
24952 938
26385 325
37642 849
16951 501
15082 899
11962 320
39875 410
30489 9
14885 559
4949 396
31339 196
25802 927
23390 408
11761 184
1351 541
17766 310
6967 702
39034 629
28107 567
27566 510
5623 856
3891 714
24334 704
7905 723
29551 66
17336 156
36457 519
31954 676
12568 240
27371 697
24733 280
15592 572
25409 766
33085 822
30426 957
11018 59
3908 201
30682 313
27089 598
16849 727
8272 121
24332 697
10862 731
27144 312
23413 966
645 874
28644 651
298 437
13696 4
13650 611
28293 982
30061 93
832 45
28475 299
29947 721
26551 140
22684 507
28720 432
39612 13
17354 128
3436 320
30954 437
39702 12
31589 118
11780 163
16183 402
7960 402
28146 457
19871 803
8629 536
16126 284
18534 436
27737 470
21923 882
8555 140
24733 238
18816 836
11418 317
14207 834
18548 653
23548 802
34347 353
16520 426
30490 325
25290 11
20544 277
9927 607
18998 662
8153 44
379 913
17041 750
33054 103
32406 604
18694 6
14043 176
26063 461
9034 368
3338 775
23597 606
8664 948
12641 368
15148 441
13472 607
4311 61
34041 511
32034 858
12145 954
20614 588
34312 799
30950 976
37205 886
171 474
34659 873
8671 140
16397 140
33315 862
7993 190
35179 188
33465 797
24849 546
5667 344
8745 319
6141 584
22124 462
25019 384
22065 756
17278 524
11636 272
19396 819
10390 370
33191 735
39811 531
21701 11
27912 265
37989 558
29635 231
19597 709
18002 786
25091 946
12086 407
34013 411
17717 581
560 849
1961 869
7111 867
4600 622
315 879
20693 358
15142 717
34461 326
6353 838
5247 746
31170 845
21306 253
10322 404
36644 205
3411 527
35565 532
31297 31
21293 387
13862 745
15480 387
13994 481
18042 680
37524 440
22992 543
26352 83
29462 890
32677 390
3062 525
8511 951
5238 791
33136 374
19469 379
33988 663
14744 762
12928 534
31013 756
29604 83
21290 177
1128 676
26289 590
3870 725
352 945
37933 885
39609 300
3362 552
8593 843
8754 212
37052 871
14314 54
23640 954
26490 441
14504 675
31593 195
9135 9
35226 732
36396 449
5235 377
8707 901
14895 972
6806 248
38959 46
16486 52
16885 756
14774 34
11610 359
5850 135
17142 187
25499 80
141 130
12985 111
19694 823
28596 68
39929 8
34240 853
29381 341
3579 517
4429 985
38044 454
28503 920
11798 692
34822 453
6636 64
21051 660
26932 939
1900 743
11697 699
18267 845
27910 359
830 802
5380 505
21381 901
11350 158
25031 317
21803 135
3783 652
1024 174
31613 203
502 309
31525 617
9406 32
16954 270
17473 982
27795 974
33752 581
18445 949
13788 535
16928 936
22498 683
39842 269
4503 548
29845 45
11238 188
7316 146
1367 717
28731 656
25246 513
8777 275
8526 131
25753 597
33028 877
26929 799
30918 111
3433 431
34035 364
1846 275
30957 69
39683 57
21113 847
31521 636
37534 667
27596 907
38756 98
12133 600
8408 256
4359 666
13857 344
22463 41
12348 171
5953 161
38397 739
18639 857
14858 683
6522 929
16302 419
24701 142
14671 434
37656 433
27245 931
1381 1
28333 48
2924 907
23077 758
28139 419
2841 19
8400 320
13304 462
1163 662
10690 267
38315 170
4693 93
4941 65
5222 541
11198 215
30218 944
5013 562
2806 389
6517 746
21647 127
36274 291
10623 109
3406 464
30547 897
6868 314
34481 100
4366 736
16081 234
12354 549
31645 245
3757 859
26598 898
14606 719
35912 890
18388 564
37322 492
19780 211
18132 911
9554 468
28032 237
6696 189
22260 867
27639 679
25145 939
31117 157
33823 856
38945 98
2377 631
33096 175
39913 589
37957 197
38240 373
35518 320
12545 126
12529 215
15758 380
8688 242
4324 676
18525 654
19689 568
21183 935
30384 159
29048 22
20032 800
37061 249
33840 46
10421 753
36034 918
37408 822
18170 882
10219 72
23171 933
22012 57
28548 334
32205 840
15950 292
6720 930
33673 42
9141 279
39850 295
35547 990
38100 907
31032 657
20636 214
23963 63
15058 511
3446 749
17730 181
6052 233
32326 744
14648 799
11820 611
342 240
37862 681
37158 255
27934 511
10298 427
968 948
9707 968
22514 915
11473 862
38043 309
12383 141
30819 166
36802 231
20685 759
1620 273
4455 69
38786 373
17132 38
6512 768
37611 761
24051 747
38606 393
36144 434
380 608
17456 695
32338 651
30797 234
26258 598
16150 871
37655 764
32515 350
27051 942
1343 727
36669 44
10599 183
11966 559
38463 829
37928 590
7944 27
14568 672
10986 204
32225 120
7976 516
4815 891
30528 476
34865 327
5689 111
1907 842
2418 68
1565 926
21351 388
5422 491
7457 343
6298 651
28290 898
36983 309
17569 798
4183 573
2999 660
10736 996
3250 919
25991 360
22906 978
1228 907
5249 781
6306 430
31013 65
35418 405
12634 255
39439 133
9049 978
5885 928
14334 233
619 267
13097 221
15799 506
17059 614
34056 535
20565 695
10702 671
23746 352
33026 382
8534 543
10723 966
7236 51
33354 212
18659 712
38079 347
23853 32
13330 314
19976 995
24 872
34439 565
12123 498
39883 110
24084 939
29332 643
18566 606
20972 999
14741 87
295 656
17067 58
32170 55
5622 487
27521 905
29643 803
21906 981
27385 126
17591 141
24576 678
7083 75
22078 958
1310 256
9747 915
34819 95
4733 921
8181 124
13594 853
19552 516
36086 948
17237 879
24923 601
6675 591
11773 377
15039 889
38640 129
9792 107
8007 133
12648 257
12448 45
19805 567
9141 639
38093 269
20992 231
9984 927
26934 484
37987 731
8019 69
1794 214
27901 223
35279 378
3978 94
25528 90
17924 327
15146 44
5798 580
39504 273
22797 413
3940 949
27119 467
12702 961
24136 726
15793 474
24732 396
37373 124
11697 515
39707 182
38417 490
24744 250
4489 964
1004 517
1060 938
12158 162
3489 302
13174 166
39393 563
15130 667
9278 376
30714 83
26990 429
2891 30
17489 890
17014 522
11409 597
12059 482
3338 175
22712 629
36585 709
3091 755
13164 253
16041 896
13820 159
27264 843
27438 642
20991 993
33983 771
36236 888
23443 364
29789 641
12814 398
33120 962
13206 783
20348 621
8117 115
20332 858
23153 650
31813 766
36354 274
31256 711
15880 137
23879 260
14291 914
1784 32
16866 732
31853 52
28487 979
33257 551
34414 633
30404 783
23400 162
6402 931
25995 387
5886 689
28519 561
14498 842
22791 498
8471 880
20335 732
18425 240
14451 944
34161 908
5394 588
17839 500
33924 530
39615 82
31551 579
38066 254
39098 695
23109 859
1336 216
1903 616
14013 15
7178 211
32974 779
18285 25
12748 265
8243 800
4483 404
25558 170
25384 641
10666 720
39106 896
25007 533
19084 577
5316 772
16875 834
38610 390
3731 309
36340 190
28159 733
3172 179
5050 809
23956 52
4354 570
21685 355
9789 686
16350 351
9647 234
7430 995
26211 105
6503 427
12649 343
29596 960
32991 44
26511 562
32282 972
6501 74
25058 136
21922 280
22051 112
28279 421
30493 546
34088 289
36610 282
39843 942
36065 606
31384 371
31782 624
38779 772
20310 513
3153 259
11514 87
25092 295
16771 393
1473 359
13033 614
33665 203
10895 40
30335 909
11365 222
8893 101
2078 204
37749 515
12470 574
17898 122
25723 277
36171 890
31229 208
21485 525
17922 597
37235 991
14077 436
37360 734
12876 883
35993 955
22677 667
16714 585
11480 379
8482 107
33728 179
5694 521
16251 297
6296 58
37689 608
1569 311
2610 816
25400 693
24021 166
16376 667
8823 794
13497 485
30910 192
14266 126
7005 910
18816 153
15899 421
16771 168
12820 700
38224 248
10904 401
27028 153
31025 537
25940 254
36312 757
27840 170
19402 650
31829 44
35641 750
13202 309
14994 647
21093 53
38870 628
18577 376
23215 8
20926 814
6487 625
2843 855
26649 323
35798 140
34700 353
34764 306
14697 449
18378 810
10877 29
20722 975
33675 603
7573 402
3429 67
4140 679
13364 134
38705 551
26393 544
39216 140
23236 681
39225 491
35121 719
3620 243
3499 942
307 648
4248 9
12860 270
13599 887
1432 459
16334 778
8596 810
13405 656
4727 474
18691 506
38949 789
6979 971
38522 523
21108 99
20765 422
6377 524
38776 445
31268 268
29417 672
12260 764
17757 506
9427 927
20675 885
36888 328
33873 540
34417 458
33511 993
19176 267
38150 926
3322 363
27315 852
36599 265
29258 144
5738 432
23298 755
3442 331
30362 540
18157 829
6974 220
5369 520
20542 591
23996 928
13433 246
14016 381
36923 7
8555 690
2773 491
4486 24
29494 337
21458 421
26134 790
4665 594
9494 840
27677 785
4246 759
16097 443
37838 580
38389 400
30148 521
26769 941
10252 37
20429 240
20924 959
29340 356
238 937
27443 198
30345 907
19581 485
10065 338
1978 204
1035 226
8506 625
11385 804
2089 140
31705 862
39193 19
27533 597
36574 380
166 688
35972 530
2485 891
906 39
38562 668
15913 684
24023 421
36649 2
32235 403
26957 601
23724 106
27953 197
27448 563
37236 850
36251 205
38551 434
32370 964
31279 126
30119 626
24533 23
17385 116
34466 707
13688 594
13338 581
21952 192
13055 97
5637 47
17201 943
5657 78
36790 507
27190 485
24548 40
37272 213
38826 175
31153 21
21753 356
14140 582
7926 836
30471 860
32735 18
33194 758
25531 303
20659 743
34388 935
9429 645
78 619
22917 940
39148 858
203 249
39959 120
37961 903
29769 98
23832 582
26760 229
13981 723
26246 214
10868 911
35851 855
18532 261
9884 374
22957 693
13189 811
14137 275
29260 669
21483 375
8149 379
9132 121
21049 721
24154 724
14208 633
6514 954
36246 133
37111 608
23399 392
7834 162
12086 772
2734 833
1169 206
30277 449
31923 149
23215 451
14914 945
15198 398
29891 35
35969 418
26016 489
18353 772
16914 489
1937 271
10691 388
38810 974
26134 771
39989 766
22904 745
17748 353
2494 256
13295 117
18005 661
10136 812
34786 668
23451 612
31589 435
744 978
29506 407
22518 189
23717 728
249 454
5943 399
12080 854
27836 434
34858 997
18319 591
1114 357
38444 915
29634 499
535 559
31909 883
23350 872
13192 306
12648 416
13140 969
32390 956
27939 840
28876 589
3607 123
23250 456
17754 460
29366 120
5947 471
22985 814
2689 550
13670 45
9291 269
13393 213
30070 737
37115 77
39881 921
25751 458
29647 136
37622 409
20403 806
3367 781
23545 762
35104 28
34211 373
2001 651
10692 987
7395 656
30965 439
35359 747
2047 569
3815 315
8112 598
36127 500
10278 610
34211 448
26988 34
39090 333
10490 342
13410 895
13325 226
11691 204
5882 736
30800 937
5816 429
25427 805
2938 288
14289 821
32775 398
33422 91
21780 940
29055 579
11592 971
14945 641
31198 39
11849 565
5339 21
39073 292
39958 399
4213 572
17200 11
10200 659
13969 835
23364 455
1349 466
25204 51
32476 780
29736 828
5762 915
38510 178
38799 824
16039 835
16782 546
26699 503
10453 255
37993 622
15798 937
14151 551
20695 320
18442 605
3168 831
39501 170
30373 627
26615 340
3427 454
18363 703
16715 144
11844 72
30310 690
18624 348
6870 55
26967 314
22276 374
1073 804
26446 393
2740 155
22783 52
27215 367
35044 591
11167 875
22248 396
34857 670
13096 759
13439 784
39266 710
31521 767
10763 591
7811 811
13040 87
33448 369
8990 622
3745 319
1379 690
11792 450
29166 524
13812 257
14126 546
7386 40
39969 202
11041 25
39861 434
11433 681
28609 419
31277 729
34437 138
9030 96
11092 323
35974 114
10978 758
7321 436
26545 232
8338 167
23602 255
27508 866
4869 915
12173 872
14447 792
9940 220
20381 427
21347 711
34339 93
26810 848
10085 948
37532 924
22175 527
15199 519
16902 790
36828 3
522 540
9281 237
38357 550
30062 901
29447 725
39672 192
23377 498
24003 261
8987 541
34684 152
39905 117
37605 626
17887 744
10867 79
3790 817
7877 57
21213 710
38297 345
32789 339
31645 369
9347 43
10614 234
13617 511
1288 367
18047 281
1002 344
14247 145
32640 22
16661 367
35874 761
5576 43
20407 413
27059 897
34868 432
12782 701
33060 931
14051 751
10995 828
36581 559
22701 119
21189 234
13431 891
6822 676
18526 260
26463 478
8784 994
14995 740
31681 338
34839 392
7094 28
24486 840
26630 498
33029 576
27838 433
31416 353
19197 450
20383 10
37669 217
14076 216
2657 3
16729 746
27355 204
8551 739
38726 331
14590 903
17402 879
6523 849
4177 241
31695 292
8135 305
17686 13
4852 42
13079 907
26943 684
11540 329
8727 106
5226 887
1562 300
28448 183
30749 63
18101 729
3945 469
19306 183
30896 831
1954 307
6625 338
13267 378
37364 968
21541 198
27062 993
20634 704
28524 529
29986 843
6696 114
17737 441
31893 417
23866 360
25227 701
30165 879
1740 656
8525 431
139 235
27510 709
3447 224
965 727
12404 116
36429 379
32792 246
31693 319
29583 826
5285 242
16658 789
3696 322
8725 255
10948 469
799 735
6246 247
23076 655
24838 556
13133 112
29067 5
11471 201
19845 379
21364 797
27482 164
31473 582
23525 677
5096 16
17374 288
32684 457
31103 415
17045 216
12210 92
20884 825
31242 339
2916 46
32979 63
7558 56
15184 984
7199 965
20629 905
20345 101
20279 381
19784 941
1299 87
25612 967
4920 648
15242 744
22968 940
8092 545
630 942
23297 125
26609 623
9395 562
39198 479
26284 619
23598 90
31912 796
31224 541
4136 680
26040 387
18942 80
17137 106
5678 872
12672 269
13691 266
33687 887
6170 838
18365 820
21190 894
16861 807
18044 910
7224 944
3601 959
21301 841
27881 502
21228 650
10008 481
10421 750
1542 548
28023 778
25703 47
10191 571
33830 864
11958 392
636 903
32511 506
12482 10
18875 719
13802 744
39223 253
26933 471
4955 216
28006 88
3410 623
15761 807
16424 828
34402 822
25944 236
1515 904
14423 917
22505 527
30890 312
16933 320
30954 991
10562 243
5665 385
26911 938
28555 203
30359 173
32516 830
5055 80
17141 613
15713 186
13028 402
6018 465
16693 673
11779 282
15625 240
10854 338
30423 232
4058 114
35204 982
1986 676
22398 81
7129 186
19271 947
23221 986
21123 276
13749 695
4851 525
9526 322
18306 810
916 985
3331 690
36474 906
10623 499
1933 675
24802 214
3758 767
30181 305
17536 685
35137 851
14449 425
39113 660
11341 332
2821 513
11595 747
25485 330
909 467
26924 135
31880 614
2280 925
482 61
265 673
17522 294
29635 279
37848 586
24023 382
5285 556
34879 448
1029 685
27789 86
26936 524
17019 46
31575 596
29082 120
9018 277
36663 655
24433 404
28854 563
117 175
36397 254
7207 740
28833 907
30286 683
23563 113
5130 439
39257 399
21336 403
33414 898
37660 882
3661 487
21217 407
37224 793
17888 638
36422 368
33122 215
1151 382
26768 982
31689 287
17756 245
18351 390
21828 61
22567 136
21280 618
8655 48
16532 809
13926 747
8080 278
1992 302
1300 869
38383 427
7117 390
18161 859
25559 963
33734 656
24443 506
19671 792
25423 250
6038 723
1044 318
36167 926
1713 703
26883 165
6543 259
13489 852
7054 440
31954 631
30173 507
27565 544
37196 45
6108 710
15652 894
13173 928
7021 290
38578 221
22179 765
22510 664
19067 175
22596 385
34937 125
15578 868
29309 850
1254 98
6471 882
13578 323
8675 358
37509 238
33731 662
18485 650
37054 983
21316 311
6571 515
33839 339
26058 421
13220 896
35451 921
19955 312
38518 571
1522 811
34122 472
4795 738
8344 596
39051 771
25757 577
38428 830
33626 63
8444 611
36434 919
31448 526
30634 794
24917 457
29645 927
27744 536
181 565
39409 559
17125 506
3896 313
7453 305
38140 158
20639 953
2775 121
18591 360
3525 145
12427 847
3896 691
37312 220
35985 176
25837 113
25364 973
24305 836
13409 280
28164 162
27900 680
25480 413
33805 410
9303 598
36287 253
986 691
8177 79
4471 253
23431 14
14681 127
19320 590
29944 558
6145 3
5071 258
19461 378
10750 604
7926 711
1317 617
37766 247
30647 56
9732 22
12403 942
24645 821
29677 908
9052 780
8427 815
32163 559
14693 57
12037 846
5015 498
30481 41
35738 995
33675 76
33342 672
24779 958
10351 551
32327 145
12754 264
15178 971
30354 684
14118 125
11097 883
25145 718
9187 785
14428 325
30352 19
27687 731
6447 36
20188 885
9449 348
14309 172
5810 763
29788 456
5274 118
445 780
20840 437
23184 445
36654 150
27526 962
25045 825
11416 504
33037 20
4170 576
15011 835
28366 367
30116 678
3640 324
1050 497
7546 607
35236 456
25965 897
5172 349
13178 234
8829 992
28425 378
12610 276
32963 688
37799 784
3259 805
17615 118
29878 638
32926 545
13739 554
10067 64
1505 51
13988 376
519 560
2984 415
26150 961
33988 478
38436 276
17180 639
9933 197
29790 331
14516 117
17992 586
24249 36
9178 63
32753 116
6079 163
16787 921
25403 598
38732 268
20593 345
14073 912
3251 679
27044 210
39858 379
15762 401
20150 20
36241 242
5497 485
23765 85
10011 82
38910 264
38727 316
19210 465
37932 127
14460 318
8884 485
21263 670
39564 983
5794 118
33972 625
5122 430
39285 446
25224 467
5003 767
31334 279
15606 911
24333 58
27897 382
19865 48
31664 536
32614 828
16566 599
3189 439
18386 186
3858 41
11909 566
28289 590
21035 701
38163 208
31944 310
22298 862
32723 303
20079 862
34494 246
26492 625
6224 41
20089 140
18152 205
22461 854
21371 550
24137 901
11629 439
937 609
16426 711
26195 168
14239 419
20522 285
36905 630
15884 957
7670 703
36322 782
39898 523
4963 609
33399 588
9274 823
9553 170
36249 533
26652 603
27052 950
34739 274
19885 20
13610 833
2376 926
18857 438
35312 381
19442 603
15011 820
34919 187
8092 66
36191 37
36160 314
28775 750
8712 305
2142 400
15926 46
9468 773
20138 294
24699 833
23103 791
36846 658
19695 136
39654 295
15833 755
3519 850
21072 635
34733 988
5034 189
9238 324
25286 822
10070 998
3917 173
32026 684
18463 621
25918 307
12313 393
16092 419
2298 598
11136 565
31588 384
39019 704
4749 368
29126 323
30844 991
21507 70
10110 872
7662 66
32994 762
14797 122
17292 715
7001 698
8233 941
9209 646
4989 578
29316 600
5073 44
1492 43
37121 910
24330 795
7285 131
7926 840
22049 671
29841 932
11412 261
13168 62
33789 492
12617 419
35664 27
26398 915
37328 218
27616 716
26437 975
5139 539
30549 991
25052 830
21753 207
24415 341
2111 703
5243 949
37009 762
17400 429
19525 341
10164 568
17114 684
14855 942
37070 256
14671 396
37798 115
34570 373
28728 237
2336 708
29764 61
37019 101
37243 726
20185 671
17083 696
38666 248
37459 402
21017 502
23942 556
14422 841
4623 880
28054 779
16002 37
613 945
26603 198
27876 188
9883 680
15801 279
11707 866
10750 598
37225 626
19261 506
10673 375
5082 7
36173 992
3165 492
24160 407
7705 940
15802 266
26176 968
24649 238
19533 998
6099 290
34658 498
10446 967
13629 71
23969 174
38145 302
5139 469
826 677
16540 703
39234 861
20817 995
27742 773
2304 858
3376 394
26293 408
22746 877
35864 115
11718 858
29120 297
15392 218
34121 362
4698 93
22422 277
5600 278
3536 424
37523 694
21514 4
13385 592
27221 136
14913 920
39111 480
12494 453
38582 955
11946 319
33336 606
39526 339
24044 572
10621 239
38669 22
2999 98
23994 550
37282 517
27980 873
17726 50
24533 106
24135 895
21114 325
19643 207
34967 843
28741 328
33907 778
25780 880
9950 799
5086 36
13109 471
19155 593
33393 655
28860 276
24484 725
4607 645
5595 765
1553 861
34411 859
24321 806
25221 27
24040 464
3222 491
30880 670
12743 952
6147 832
8200 346
18383 310
35376 285
23120 848
17377 890
1581 915
15772 671
17608 566
18908 822
36873 25
32171 131
9725 834
18737 968
20701 236
19131 840
25495 456
13875 831
6591 355
3182 654
27557 626
12432 897
34975 365
23898 919
4622 784
38576 865
20716 918
31655 478
6804 47
10742 720
19740 294
11842 138
12430 855
16260 528
24409 847
22361 559
23695 263
31929 284
14711 486
6716 404
2591 294
36373 520
19011 506
4733 913
15949 480
37606 422
22430 785
27906 137
16230 169
38838 391
13427 123
1825 664
38166 548
26487 434
2690 564
24026 280
2676 946
21544 637
31474 944
17167 146
26794 871
22565 484
428 643
30443 167
6567 121
16459 538
39657 321
38090 345
35504 844
17498 394
22559 582
23080 714
26713 728
10652 131
28621 30
4983 568
1311 5
26213 657
17578 566
21517 28
11394 417
22737 512
19481 428
1341 460
34979 518
25004 473
15393 933
25651 466
595 511
10623 854
30612 732
2342 906
39623 880
7657 889
7299 60
16788 477
28738 70
16061 121
25952 824
34646 936
31064 749
17 249
22190 261
24547 63
25832 182
1138 604
30181 243
25489 373
36178 352
18802 164
38649 265
18630 84
35390 684
4380 392
11353 918
12308 529
31508 837
34115 309
21058 719
14 220
39286 849
614 838
18388 953
33349 543
17719 676
32097 487
12127 878
12577 29
6415 268
15337 133
35645 849
4332 859
35925 299
34122 976
26187 291
17217 397
6147 253
15649 975
27991 961
14297 831
3100 571
14085 799
35684 182
38551 595
17709 417
15176 411
10609 452
3286 763
8916 90
32032 382
37570 692
24879 817
37320 324
33813 368
20598 523
11113 524
15092 54
34161 585
22968 767
9919 63
11919 624
31631 33
10471 139
12208 709
34808 251
8212 500
9726 682
26668 377
2915 347
5058 67
2362 855
2882 221
6829 8
29528 992
30098 534
15585 552
6091 786
18482 375
30945 450
7019 153
4782 104
30258 819
36077 777
31808 490
38695 473
38481 553
39546 36
39064 81
15924 881
31910 260
8985 56
7099 619
39483 567
19512 568
27924 910
25125 490
19770 459
19274 823
27138 985
7611 581
5406 68
28362 216
30358 139
30120 715
38070 921
25450 88
26615 788
36896 849
33256 328
3003 507
25900 35
29835 87
7633 969
14931 990
28785 792
31682 508
31956 321
14179 585
3100 392
21593 910
21087 258
32916 733
35767 838
19954 677
34134 920
29807 611
35083 736
4687 449
28789 611
27041 435
35383 535
31031 298
25088 210
31489 140
17136 940
22053 232
24885 643
21596 242
8302 90
14431 617
12650 271
10635 350
6770 999
1635 61
6517 788
3376 579
3970 339
35529 512
11392 634
19039 892
7384 400
6930 983
24174 775
11040 447
16685 468
20871 908
16778 340
866 272
21191 963
1087 577
30971 758
657 232
25679 639
36258 507
20363 817
9168 185
18847 154
397 90
23242 993
29201 93
26125 565
18205 516
5234 177
25099 927
11684 845
17812 101
27066 713
1186 331
26030 553
32583 596
27493 683
1246 888
12892 617
11546 54
30488 337
34653 845
4585 431
4899 361
6221 208
34711 703
18431 19
6782 927
10164 477
26650 131
20359 125
10119 982
8726 600
15123 709
15702 276
11957 938
22664 911
10518 276
33663 492
2251 181
25836 167
31349 923
27997 242
23624 76
12742 342
11758 169
6297 877
16466 522
34190 447
13449 827
14795 262
13593 61
8482 786
39009 369
23337 597
8535 728
1574 54
24720 469
12953 666
7535 59
23232 943
390 199
11635 627
31375 64
14766 149
17570 82
13869 235
33051 4
26992 152
7909 231
37698 877
1356 202
38943 322
1935 652
36999 292
38350 114
28886 26
36051 726
26590 182
9704 328
13018 307
38459 571
5862 259
8551 247
5113 985
37670 116
39748 329
34087 106
29656 247
22557 726
24454 471
21252 758
31040 684
3731 837
1761 143
5642 337
367 296
2357 499
7510 740
2275 544
14748 503
16283 59
32002 187
33462 241
2376 546
8073 711
25002 496
36300 459
12888 254
15116 68
1942 784
29648 96
29272 795
5965 57
5266 76
28947 708
17295 389
25361 641
16116 793
36681 529
4888 70
38888 822
11991 446
21034 738
6484 145
24686 157
23296 15
12678 908
16402 14
24448 707
18676 621
811 694
11822 673
22855 717
3841 753
905 428
10512 926
3139 480
630 198
38702 926
13728 987
4406 154
14565 943
2736 577
7466 86
26092 475
30969 906
1402 647
7088 123
35746 366
37957 549
2371 820
15073 413
9319 397
31190 708
31920 266
21415 114
15563 285
13892 310
25083 400
3473 983
15017 636
28265 795
16865 629
4431 667
38184 871
39554 520
12356 605
15267 561
3848 850
26718 83
34406 778
37661 634
31360 679
36697 419
31120 163
2091 857
7834 318
16124 774
27302 285
4939 486
20949 29
20086 669
27097 281
2651 548
10397 290
15428 838
33818 951
35996 866
29039 810
38956 407
16979 853
32226 183
32513 276
2602 467
33384 484
9878 678
2998 548
898 112
25891 922
5506 216
32921 500
256 466
27300 610
38895 117
36626 865
6759 273
8645 1000
1677 216
22529 295
15971 802
24298 192
34657 233
15249 946
16245 161
12408 754
21653 781
39664 704
32384 178
1359 765
22459 431
9325 192
7444 785
26684 360
31227 740
2314 201
2738 184
1538 547
35359 674
12483 77
19582 712
38514 182
12252 745
30391 748
18162 354
20441 153
20332 362
1216 474
9847 519
11908 871
19099 550
36015 586
14741 125
25052 343
5273 653
31063 387
39217 922
12292 68
35421 131
36232 17
9008 419
355 382
16774 169
11834 463
899 13
31166 244
8654 599
13369 947
31643 816
38182 445
7478 876
36240 666
30605 175
15500 59
2536 868
28630 480
11813 102
7561 866
35479 863
3328 480
28976 216
37554 374
7263 624
16825 284
11457 737
17200 962
10999 489
23301 726
27281 768
24033 933
23876 438
20284 621
33162 614
38029 277
33193 329
32638 57
26451 257
1359 5
26553 426
35532 101
12689 971
39266 501
19168 238
32998 44
2132 119
36713 961
17042 273
2324 104
12762 893
22115 635
35335 724
34252 9
32889 14
19784 914
25231 706
34419 760
5404 133
37740 995
9779 374
38297 13
9376 726
13258 965
37273 854
16912 299
38933 488
14524 466
19245 26
6137 370
32451 943
5088 753
34249 483
34902 175
18918 250
2458 396
12167 446
26162 218
6673 932
15828 754
99 956
38931 887
1325 332
31015 250
17533 981
24653 749
33585 960
226 156
15084 95
28424 528
5203 440
22967 23
10206 431
8424 349
15304 151
35495 535
7849 538
25417 88
4702 72
39411 617
23291 498
28925 268
8720 355
14372 843
3561 819
30098 685
22581 856
4160 932
14447 683
38120 989
7587 671
16160 951
15862 29
1369 743
33943 783
38236 694
27777 865
4426 200
2329 479
13802 771
24530 649
20143 926
22737 441
4251 747
20617 596
5270 1000
20865 663
20230 305
32156 427
16850 914
39225 268
22290 941
27292 63
38566 279
20229 228
3614 863
8345 718
22081 201
4520 464
19361 627
10649 12
52 883
4023 283
13871 363
27271 239
1227 254
16184 12
39074 483
9049 800
35375 170
20282 329
3281 458
14625 214
5225 521
23328 678
36114 560
37920 869
21944 804
4712 124
1735 899
8721 170
27165 636
18672 448
22812 509
17572 331
1700 686
35873 769
18407 162
29861 559
38876 681
2088 884
9054 419
5926 558
29381 575
16854 68
15947 738
32731 705
36737 302
34788 183
529 448
7401 973
9741 926
16074 348
30399 947
28396 611
30860 637
25565 568
33833 401
23143 980
7988 462
2052 315
39133 883
39372 637
20819 318
21499 383
20388 307
32158 895
22148 219
3071 203
5029 24
6644 590
8258 676
28343 164
27329 946
34174 989
10333 150
16706 40
35583 352
17395 807
19266 1
32846 702
18735 911
8171 385
25579 154
37488 818
17475 223
20858 138
6793 66
21260 808
17992 577
15369 113
2439 677
28160 169
35008 613
37532 490
29295 798
29774 542
29711 637
1840 914
9963 182
35751 792
15171 126
31448 505
11060 295
25237 938
17623 123
32850 64
14671 572
29936 399
26755 975
3210 362
8054 169
38500 104
27792 522
12582 671
1235 635
4994 974
36501 85
19798 665
36444 289
19287 706
36228 225
34207 290
38899 146
15117 414
1312 851
11516 941
5818 699
30025 167
35061 629
32516 703
5551 547
7645 820
12392 64
34790 598
7505 527
25680 824
18163 157
21005 502
8215 767
15215 287
23369 63
19762 840
25479 706
3498 438
20496 321
3799 213
15693 353
2223 954
36516 227
16480 90
33408 695
18094 378
30421 614
38582 822
4376 843
15979 100
22128 672
27828 19
13760 193
30328 167
28694 209
2165 656
31463 341
12523 405
21776 215
14893 680
25537 730
30125 285
35602 913
23526 60
24385 564
25785 565
12461 338
19863 317
36572 753
37587 25
36475 477
21467 412
5485 146
11137 827
1685 636
36251 137
16665 6
14168 365
25999 435
21162 475
15595 541
19510 349
26221 109
32752 926
28169 570
39307 383
32918 809
13437 390
17633 177
39661 249
35958 521
1966 534
14592 736
15737 246
36721 405
20895 688
3338 189
18459 548
28005 732
1503 204
8392 620
22608 202
6230 214
3491 549
16242 783
34877 24
16943 475
11548 441
10250 302
21510 783
7206 393
20435 653
24862 963
25922 693
28535 393
1652 479
1213 587
37808 796
32463 987
37043 686
38843 942
4833 867
25621 597
25354 281
4690 607
2821 961
24271 517
10312 645
37030 787
30849 297
2862 439
25883 841
32021 291
11829 85
12934 49
31995 980
27612 106
34580 817
13922 94
29076 364
20362 823
3224 598
16882 447
21010 248
16007 395
9661 176
17674 448
30366 566
25462 219
11679 475
38153 169
28988 880
39786 835
39620 654
8754 586
8910 300
7713 106
2294 92
35737 357
20324 394
14739 644
12432 575
34359 245
13302 956
23123 493
22907 726
6909 204
5904 793
23321 586
3274 432
22795 783
21633 215
37434 226
7796 175
39808 750
12054 902
12062 302
28223 305
8384 883
9722 418
27730 349
4075 891
34140 241
23368 821
14894 588
222 208
20767 629
15679 452
17578 973
11003 375
17731 36
39956 497
13473 582
19089 86
21850 947
29067 565
27174 944
20444 51
18965 723
5485 471
16734 439
11613 176
12189 58
19463 878
38780 389
8408 536
23649 409
22607 453
5830 40
7513 121
18951 452
18410 196
6589 826
17479 89
22359 379
22036 196
1282 732
28473 243
4788 783
25218 672
11025 224
21696 108
10819 548
26949 800
4094 674
17962 863
33911 897
29975 603
6922 928
13719 808
33975 276
9834 560
13908 171
11862 537
7927 851
24956 920
18051 580
3129 912
21640 195
9438 883
12101 165
30 477
26673 93
21802 316
33526 890
27673 815
31260 691
21849 999
23235 589
32707 681
11311 593
23967 226
19022 157
37493 321
25346 145
32630 235
11907 931
35054 932
32752 16
18265 657
15766 316
29911 425
1813 314
39860 813
7512 24
9604 632
10754 550
24090 578
11138 421
39740 687
19336 675
31802 925
21619 341
25420 117
4547 723
37753 846
5613 453
29588 54
1759 36
22175 205
3597 670
8107 120
24000 614
31865 590
4403 707
28618 527
4694 191
38799 786
6388 133
8566 614
7187 88
5724 290
20707 84
29375 447
17639 390
24846 765
37589 477
2290 76
39062 390
11044 412
3130 556
31042 97
5382 378
27604 177
15157 413
8985 167
9837 142
27235 620
30647 303
32290 296
17520 983
13541 495
12500 436
29407 800
39483 4
24735 271
25401 519
35407 347
17535 664
23300 911
21848 299
23658 784
9376 499
31680 954
9674 401
28698 683
2740 804
9818 164
20611 783
6261 269
35056 707
17971 903
39574 241
8815 70
1837 564
35383 938
31481 478
25483 617
2020 500
17786 958
3546 666
478 88
3894 557
39912 798
29174 84
34237 909
15935 574
20580 339
13940 949
30294 826
1312 814
10430 907
27583 872
2629 43
35830 173
1384 237
3251 506
28826 937
35536 572
39243 690
28275 213
12572 221
29347 622
8630 589
12285 951
20296 612
2069 580
26646 216
22257 56
20240 403
17177 49
3117 419
7355 255
27500 999
9831 831
36548 383
35249 862
16741 780
11185 991
33789 806
22341 233
15901 492
33775 152
11476 504
37363 915
35339 618
6223 995
21031 392
37952 13
11928 429
15690 33
14130 161
12050 703
2131 888
36698 390
30742 747
34065 39
27625 897
27804 693
4688 280
17761 655
11077 220
36128 356
24628 225
24244 243
29359 95
9929 944
15944 184
11321 334
29665 463
31206 996
20430 553
9077 482
10196 973
25487 642
32979 388
7777 732
6846 883
5716 427
2894 11
395 470
31263 907
6668 127
35157 16
3551 947
33160 789
4503 856
7943 327
30895 980
15427 751
32285 920
9189 171
36944 803
34568 110
35905 439
10372 648
24827 910
10015 477
9559 534
6346 474
18106 756
2434 917
14692 657
25264 235
19922 502
9813 238
22539 863
19244 345
11457 393
29337 93
160 486
18779 57
22262 250
37197 113
34292 207
4220 653
5885 398
35 58
28674 674
18507 714
5886 844
15628 228
18832 142
35411 641
7731 414
11998 788
16792 845
19288 382
25586 824
2818 260
10232 241
30066 748
20706 778
25773 587
6478 520
33862 871
3355 881
20400 306
21294 115
26326 261
6162 234
23577 339
26919 308
38845 269
10065 964
16052 231
28304 522
34375 799
38169 613
27795 563
29686 751
16318 826
26181 794
13251 996
1139 98
20469 199
5568 970
32376 935
39267 953
28217 756
3049 350
11772 950
14099 265
37662 984
19632 566
9300 186
33483 996
36344 252
16463 189
2153 168
32211 397
30192 717
25818 341
32097 340
16108 290
18142 279
11042 758
29472 800
13003 520
20827 471
22510 387
19807 958
30000 756
19257 424
2968 285
26425 292
32615 633
4641 573
28639 900
4144 222
26686 822
17039 930
3910 679
21637 670
37590 936
28405 151
17865 60
28986 357
14404 243
37704 256
27871 314
24422 972
20815 115
1941 646
6441 123
25600 866
28320 25
25498 296
473 481
33690 806
28956 911
36674 303
13659 126
8031 246
13693 83
5077 953
17159 621
10356 739
9608 812
671 712
11783 623
22825 103
9083 550
7334 234
5996 936
8951 921
18369 630
13943 658
32209 512
12773 277
9722 807
31542 244
28401 998
20081 890
21052 353
37871 611
7616 745
34755 681
7056 785
29498 441
7672 556
16975 804
28846 356
38337 229
16723 264
13732 68
23849 218
37840 999
19140 385
8441 320
6278 742
15237 502
39454 793
7565 456
10301 607
9029 99
19616 188
27675 761
35243 2
1180 203
34938 334
35598 786
34286 431
6416 747
38886 954
18446 989
35081 309
26460 127
15167 213
13777 172
19616 454
9844 852
2862 137
16192 630
36797 157
11667 466
29725 581
22681 902
26380 856
11593 447
19416 731
3625 407
28449 526
34182 610
39437 650
11006 530
8769 521
6398 424
38432 5
36575 682
28341 784
28037 567
15409 884
21997 544
9266 532
17107 671
21189 489
37580 562
25339 682
9588 344
27750 633
18839 192
29430 758
17529 804
11367 960
24122 366
17624 785
18086 852
23039 531
28803 704
9979 978
7390 110
9658 198
11825 692
11465 632
34682 749
33465 308
19796 749
9165 784
38244 477
28625 667
37563 333
10403 876
31642 156
18510 843
7924 935
457 949
14759 362
11938 449
25723 311
23243 629
6263 517
18127 253
29051 464
29086 249
5259 94
17052 390
29720 643
12798 526
30081 267
31718 880
37513 233
20344 491
5585 906
14437 139
33249 631
22974 44
24121 105
32515 488
30051 161
24241 148
14232 906
7853 521
1071 217
6580 63
33771 662
39525 942
28120 417
15344 72
26804 981
29547 825
31104 972
34546 421
2190 656
12642 359
20789 143
16773 269
26941 466
34392 394
1300 236
245 81
9080 517
5951 797
18146 663
37085 321
26091 622
14420 554
6815 322
20419 286
28207 115
13311 387
21235 44
29938 764
8395 431
22272 929
13461 211
36988 837
38357 486
11234 375
22513 561
5062 379
19024 801
15399 201
9113 787
17656 689
17668 879
14994 895
1555 682
22391 707
26588 490
5901 148
19569 774
26148 533
33719 211
23884 350
9730 439
20231 262
14062 960
33326 651
15103 161
1214 180
9526 78
4429 345
4442 896
23055 875
7706 826
15550 270
1056 558
33747 887
4670 351
36097 806
21392 902
21639 478
2425 707
15279 452
28147 438
33602 985
8465 41
12418 681
12314 537
9793 854
35282 977
18594 357
33117 317
27680 650
18336 202
20417 968
3926 177
38469 609
39344 5
2295 640
18226 363
14831 655
15598 846
34958 822
20121 684
8988 331
71 637
28338 551
35090 706
16981 855
23630 651
26628 454
23600 421
17170 250
14862 140
5641 480
38410 779
2110 1000
24696 499
19638 996
35969 287
39162 122
317 122
27865 375
12555 809
28310 87
5958 687
3909 88
4956 900
38973 67
28349 936
24090 350
20202 429
10792 234
13096 455
23356 656
21837 737
35867 291
36578 739
506 2
19998 856
38875 570
15667 774
12638 479
37190 921
38120 126
21177 257
1835 625
4808 206
6028 705
34071 405
4502 998
37360 298
19091 837
30565 118
32936 314
15808 868
22961 374
11354 593
30710 8
13786 131
14697 300
22520 661
27253 62
8197 502
37330 599
29864 434
28197 220
35955 28
23054 960
24831 29
23927 59
3667 743
2470 771
29154 746
19194 98
36490 940
24666 321
11742 294
23111 772
8741 196
9812 703
21028 799
38166 331
23029 326
10564 664
11085 929
9646 730
31491 850
21763 992
10634 856
3598 888
36241 787
13216 354
12920 545
28170 80
35599 195
21233 567
9530 494
28028 508
865 955
32140 694
33012 86
10377 718
24954 768
1344 928
20576 906
1949 657
31207 715
33952 215
10019 419
19230 81
36325 397
18238 835
12118 138
9769 729
7815 182
2437 266
5564 848
6265 520
33737 757
19477 708
35972 792
4419 470
11589 948
33965 989
16253 964
31856 388
8891 51
16644 385
21356 95
7000 875
2345 32
27030 519
37190 492
12346 927
36554 629
38315 399
637 879
21960 807
18742 585
39566 574
5036 306
4409 70
32330 270
12564 439
24986 804
273 137
2980 324
1948 275
9139 533
34096 258
4781 576
4020 542
397 203
15045 296
26157 642
19930 647
33970 803
27737 784
12068 107
20397 349
5986 119
28186 853
36977 852
9869 650
24437 607
38009 342
35408 127
36774 160
16600 542
281 155
4371 504
5728 270
18613 141
1427 644
6363 43
29741 747
7234 407
35415 745
7444 126
11703 40
9273 900
1007 251
5068 196
10693 504
12890 99
26210 696
18593 798
34346 913
37996 87
33519 379
25181 737
39127 910
15722 45
4186 481
39700 442
30491 820
2007 23
18813 132
10331 753
21695 140
6602 54
10441 478
20039 701
14301 612
18500 135
31284 584
29224 59
5027 628
17139 940
18877 945
34502 477
38883 919
28584 226
32259 102
14213 851
9139 915
18347 853
3042 390
37620 325
4904 574
5148 787
10355 111
4761 359
1680 884
3652 504
27053 25
14654 712
22718 239
11307 957
31759 535
19103 70
21359 706
33001 914
24073 512
20009 606
12040 912
17740 877
9545 870
26563 705
30490 458
27130 430
23782 128
11331 501
30242 14
37551 942
16983 124
532 491
24378 364
8003 715
35249 40
26598 38
8894 349
19850 880
7602 4
18476 691
30940 463
11455 987
26088 192
14495 462
6925 335
21190 615
6878 658
26331 554
1629 995
35047 984
22423 89
9215 671
18194 916
32475 480
20714 913
35905 559
24327 488
24256 536
23328 132
5335 917
37918 522
11922 157
8248 815
716 598
21108 764
7527 704
3649 450
24519 889
39966 953
23344 10
1369 656
31068 685
33698 92
25069 337
7827 565
20356 666
1376 887
10729 851
16064 536
39289 598
28192 842
20435 866
29055 173
8307 234
27351 786
21954 398
39971 54
20939 788
3390 822
17627 93
30295 606
6070 533
9058 600
38865 758
33198 826
27741 984
20419 86
31141 784
33226 556
27821 210
13601 126
2845 851
4814 588
33378 517
19817 351
24335 942
2689 696
34084 131
14870 230
37671 282
4238 143
14715 527
23299 625
31055 995
10012 968
24407 5
26932 364
18849 732
9741 73
2759 894
12906 929
29908 416
15264 97
21636 455
38469 349
24393 406
4896 958
35031 711
23335 782
39610 481
10762 996
29227 89
26594 35
13492 643
24386 624
30218 534
12083 47
2988 676
6051 188
24996 316
20311 121
39171 646
556 929
29927 815
24684 707
38980 222
13527 40
15873 488
16522 481
18257 374
12825 572
11120 622
4347 422
3530 667
22470 494
9026 464
30969 928
9077 614
23414 612
29505 750
158 430
27824 85
30530 193
11305 232
4317 436
17513 115
3470 824
34201 926
31809 422
34475 631
21127 131
20227 717
3484 727
8048 591
7441 295
33509 80
38305 188
4925 355
38247 730
32913 754
13010 109
25908 907
38856 634
21459 564
13364 764
37114 913
35987 893
28701 947
28856 427
33827 674
33099 951
23028 35
2623 250
39284 678
14229 891
18634 66
31292 359
31305 327
15964 956
18346 598
17545 233
30127 51
7511 61
3697 346
28339 685
29209 660
27478 791
24993 682
35861 917
15796 674
34623 963
36774 688
23638 655
27446 806
39224 828
15386 466
37973 513
12017 408
35425 924
26825 148
35908 761
514 569
35090 786
4800 86
7104 227
31314 5
36487 435
929 350
38949 110
2193 686
19518 567
37148 576
14814 421
18363 594
32160 427
21552 659
27949 645
33307 951
13692 671
181 757
6231 594
8237 789
17045 848
18602 150
2843 584
30069 394
18104 525
8444 457
30177 862
2552 326
15547 902
6436 883
17789 215
6321 837
3173 733
33092 712
17829 756
37459 933
13093 339
20791 640
20287 16
19699 569
34700 31
38322 584
2436 572
39859 86
32808 929
33226 416
29018 722
872 854
24999 934
18491 600
12025 710
25541 664
11623 2
26596 19
5102 513
37576 555
39172 954
35116 884
31837 253
5932 830
18530 820
24761 662
14947 674
8125 670
26008 456
34514 555
2916 590
38797 923
35870 630
1131 190
1251 602
12906 677
18444 213
29179 678
34053 764
25215 794
12792 894
31290 370
13519 342
32225 261
23907 739
30654 705
19006 375
4670 629
38642 534
15675 90
11028 749
19833 320
38458 826
7261 337
14247 502
13663 2
4551 721
3316 748
8179 336
4771 71
26606 832
14984 950
12632 445
18309 606
29642 621
6515 30
36165 457
27677 745
18594 697
6654 113
5568 510
29541 679
17498 748
3652 796
35986 853
29158 891
31432 591
20324 85
38028 792
14420 828
14738 454
16385 653
33503 791
162 783
20412 570
39111 409
19390 548
36683 678
22585 87
21712 103
6964 772
23593 352
2378 625
17707 704
23936 793
26248 555
19073 941
5914 77
29733 623
11708 320
21731 242
27766 925
33048 907
14290 994
9175 606
6596 687
33189 766
18626 566
34963 128
35267 929
26826 139
36485 727
1238 860
38208 920
7773 147
10522 408
16878 794
31887 6
3562 717
15232 683
3286 586
10650 507
19555 844
17019 571
30979 933
19955 231
20048 164
37686 447
677 509
13091 332
29331 546
34067 637
4746 573
28179 260
4633 509
8874 463
24932 741
9148 420
27153 746
38013 832
36521 730
10131 950
31115 686
10274 683
995 877
13932 488
18924 643
9663 795
31158 507
2259 854
15220 499
30801 316
15849 151
2518 469
21160 361
19150 487
35735 854
30476 789
39619 369
3507 805
6793 414
1389 75
22391 440
35640 43
33152 919
21855 953
33743 436
22992 268
32675 856
14767 757
15945 686
19790 704
16197 544
24143 471
11978 408
26627 164
19315 53
39741 965
11423 219
32698 98
39002 120
29365 786
2686 270
14916 245
25230 953
8435 705
22289 139
34029 326
426 597
20126 195
16802 740
29940 994
15874 26
30703 88
39852 42
678 285
31530 440
14200 326
25351 6
24751 112
3858 234
37381 783
15628 258
16391 51
36229 405
16215 221
23902 909
26081 972
27058 938
34800 323
11441 911
19680 254
10002 739
6531 831
33772 834
34317 310
34119 51
32210 271
11174 773
12467 86
21737 332
24610 633
8284 175
31195 398
37144 842
30437 537
39294 988
25845 436
35377 45
388 22
12220 754
21325 712
7006 945
4032 435
23898 732
23110 372
17108 516
13601 892
33870 50
10764 813
11409 575
13168 248
1004 391
31201 676
33250 480
34938 859
32348 986
17905 730
31300 618
26067 285
6664 805
10377 185
34493 868
2635 568
3628 812
29289 280
12193 593
1857 974
18773 304
13837 969
12267 96
16875 581
34081 537
12754 662
22083 502
36019 331
37615 354
20010 163
34874 920
30511 440
4536 837
3282 716
17536 201
9195 139
8766 291
12331 714
31269 375
27471 529
27495 758
619 487
6828 548
21971 85
18356 845
26085 177
30356 572
16653 14
23895 640
8500 323
36147 437
11825 202
9543 728
263 743
19949 561
35015 156
22947 105
34233 722
16620 458
33320 623
32651 87
29096 900
30455 38
7911 133
37133 923
22053 99
5475 890
1210 104
1349 973
3332 652
22243 403
544 766
37758 880
36029 365
15632 121
10712 326
395 633
12899 106
18464 952
17971 896
15664 45
36018 872
21573 709
35752 70
13811 347
11966 819
2354 252
17747 287
4576 964
9482 728
23337 207
5463 327
8674 596
2957 91
3547 459
9917 165
39747 466
36169 346
6456 17
32055 960
19452 253
31199 917
33399 664
29300 491
1423 838
34737 131
35053 936
5613 26
35961 109
15715 30
5305 810
39777 469
36652 524
325 610
4678 860
23931 210
37189 318
6173 658
34710 100
5635 965
26368 663
37384 399
17400 879
32566 422
38199 345
26283 619
2844 867
37155 422
1726 511
14153 524
34203 556
7485 544
20132 947
2760 203
32627 861
31499 81
6056 870
37733 883
14435 870
15775 681
29806 10
21187 754
37021 268
21539 186
35679 636
16845 575
18496 355
1553 501
7145 896
29731 584
26929 170
22703 8
25288 239
22620 820
13009 755
3032 838
21245 278
28064 689
19724 492
22642 158
32907 711
38957 567
9405 697
4138 21
34241 798
21764 417
9440 304
38755 420
17847 701
15221 924
27208 365
31930 726
168 683
33445 432
8430 965
15667 293
28028 726
26511 544
4568 820
24056 324
29831 742
39122 387
14087 544
35750 676
7653 194
14932 154
3450 27
3861 344
16152 631
22487 626
21499 39
446 312
17647 444
24208 398
11565 447
21450 852
6342 984
39527 651
23314 873
14354 184
28861 3
19973 639
8396 315
15487 67
25564 892
16452 242
551 842
26823 700
27849 493
10854 531
35068 671
2242 822
31264 975
12511 274
26816 486
11170 107
6707 752
10092 248
12160 221
4503 374
20410 52
20183 780
12221 210
20550 406
14700 670
38284 1
25664 340
30459 938
18216 754
21975 393
26054 189
20126 779
32406 983
36645 948
26737 649
36597 258
28534 142
15171 985
1409 340
1442 463
28005 386
26921 93
11908 666
9016 454
9874 647
23175 906
17271 29
10838 150
26803 169
11963 986
2788 556
23266 985
39717 623
13923 166
4491 990
27881 613
19022 42
3744 736
24264 129
37635 951
15465 876
34122 618
25 488
25228 344
29192 521
32318 268
18824 9
21037 299
5318 56
32039 800
29938 988
5533 821
25704 812
26445 686
25780 987
27269 845
4794 83
18673 597
38347 712
17278 757
31561 679
19859 467
23334 556
37423 990
13016 272
20959 807
16667 557
9453 283
33554 53
922 409
16401 33
19823 957
27731 487
8334 142
17652 105
4587 775
33184 256
28510 367
31870 359
24557 149
608 650
38963 501
21438 385
11318 240
23233 699
19935 60
10611 597
27981 442
36040 173
10812 212
23910 280
16625 951
21430 979
16495 16
132 740
21802 706
4589 954
7487 407
7308 319
35948 938
7146 128
2062 611
4029 774
1888 939
22822 809
24126 128
8422 431
15678 961
18329 726
25598 961
23502 245
32958 589
12620 11
16268 221
17525 496
6297 84
24599 220
7368 809
22499 919
11879 221
39485 351
27234 712
36339 525
16325 18
19467 16
18579 878
28076 491
7050 390
9331 333
39608 86
22732 49
33356 871
1835 433
34219 974
15904 920
18280 456
29719 840
2109 907
37381 496
11998 970
39619 800
12350 513
29224 504
928 859
9253 980
4094 129
31307 831
21584 747
18265 598
16871 319
19175 876
2932 3
5318 414
21375 655
25131 833
15955 140
37434 385
38026 303
17654 535
33878 296
8091 609
21350 127
4820 944
34507 846
22255 422
19080 193
38147 158
3196 495
7323 372
6497 111
27618 315
17689 414
30644 199
37388 685
10953 593
37550 374
29807 51
24754 501
14587 230
1944 765
27669 885
2605 42
1625 248
15786 420
33276 867
8694 985
36849 616
12298 845
10479 841
16354 225
18586 559
34537 816
3810 595
14928 915
12933 573
816 990
26328 124
5195 831
29170 131
34566 558
26746 463
35896 50
22673 268
28325 199
38924 130
26249 851
17487 105
27982 796
13818 438
11950 520
87 170
19917 548
2205 532
35996 334
23661 155
16978 764
20674 78
10873 315
39694 298
23408 564
20420 254
1884 959
18273 30
12057 539
25733 707
9705 169
14991 472
38332 656
4272 175
37285 283
10214 411
2489 484
7071 54
29153 617
39411 180
29175 821
16421 757
5972 111
18359 94
229 347
32418 795
28126 547
2015 309
4779 843
9652 875
14488 272
4641 26
36523 405
1118 110
31571 751
25034 803
9023 522
3038 198
14353 288
38948 574
21412 482
19896 183
38902 837
9333 491
29771 283
10090 952
10550 246
23152 176
5117 421
25154 996
7443 702
29235 546
20073 924
19958 147
13644 534
1627 91
5942 649
24917 836
35154 947
25283 579
19187 526
12939 968
38172 305
30486 869
21102 330
34333 406
27352 109
11162 401
37281 119
10025 956
39821 365
4184 542
34816 908
30584 777
20824 695
3059 449
7094 260
17641 774
10204 244
19637 253
18941 626
26185 274
14031 839
23663 636
10000 355
26420 314
24499 533
14116 825
32053 963
35823 781
2790 718
3576 34
4657 628
20278 940
4783 510
16490 355
20799 861
32766 433
33059 945
13478 588
7689 770
31094 870
38043 607
11234 885
19346 841
22845 462
7459 428
35420 638
13180 314
22425 262
7248 986
19917 448
1093 866
17905 887
14721 727
39198 560
39624 949
20565 656
36557 357
37432 222
27170 328
27735 301
4986 508
39035 491
12486 238
23944 801
35790 693
17038 345
35568 868
7777 692
36253 593
9012 796
26953 90
1702 328
15020 958
19702 212
26982 234
8445 654
9161 369
9343 157
26239 900
15119 800
23907 446
10610 641
35300 630
7866 252
12953 135
2757 504
17742 142
30607 31
3631 351
17492 558
35429 202
18220 411
27202 485
26676 88
10529 326
102 995
24472 388
22650 516
26830 834
38114 939
20724 347
19964 754
13484 595
21152 380
14176 339
27073 353
27952 20
25109 482
35424 592
5684 62
38326 579
11655 14
16163 33
7592 495
15562 399
14769 516
18194 153
17229 654
10541 631
21796 695
35856 234
8608 54
7499 987
15702 472
34295 597
21531 49
25975 677
31223 967
27600 138
26682 467
5945 822
38648 576
24393 969
25790 22
35095 731
775 860
25822 499
12548 932
34457 598
30751 667
1383 730
25753 625
430 715
24642 50
14631 708
11619 50
4627 923
37056 541
5435 669
11923 1
19959 156
1207 499
13148 316
7057 758
3266 704
3022 337
19195 987
29405 819
14443 379
26632 152
31943 121
14125 568
2675 402
16287 356
29893 206
30281 4
5672 454
37645 53
26773 117
3498 241
27990 278
25208 902
21157 397
38377 378
32740 921
17767 913
39454 277
32991 457
12968 326
29353 114
21218 96
30869 743
13937 961
23065 290
37258 711
23609 587
20105 606
6692 511
31771 397
1837 450
31499 180
19552 854
19036 534
21788 345
13726 458
38227 533
38312 310
29839 248
5100 946
18900 326
12565 573
21139 919
30532 995
24019 333
31827 267
12609 105
23021 649
8989 991
13342 153
578 199
12437 902
985 532
1594 910
21181 200
27208 994
2036 478
6495 761
1033 453
33446 641
30318 700
7748 980
10298 413
32391 459
32836 881
7521 591
8072 316
2764 636
36572 630
4467 495
6574 798
3710 930
23565 203
16296 803
7238 967
19277 189
13617 394
18397 154
25512 994
21882 800
4502 395
18229 927
2216 254
30697 74
35886 36
39481 745
16890 790
37857 657
33529 848
32286 263
542 21
15581 626
15718 36
34475 773
8583 439
18107 998
37086 619
33792 955
39466 893
23462 48
28822 919
39755 274
34050 519
27145 396
16489 116
34134 687
25199 23
31101 74
27137 385
6424 807
18814 583
28565 839
12626 587
34825 4
30761 763
12577 387
3942 854
27987 524
25711 492
4716 282
39978 86
8891 424
24745 559
24399 250
13159 445
5205 489
732 396
11618 865
25827 924
1769 558
5798 192
6198 592
22881 708
18628 4
26080 284
35875 291
12354 573
20171 547
16665 938
1098 224
25299 182
36548 241
17170 273
10760 190
6084 470
517 323
30267 152
31729 848
1508 647
37394 903
23956 506
12189 175
5894 457
26970 384
20741 191
39164 894
9275 370
32543 974
30495 521
740 922
21003 297
23574 630
4099 830
36266 471
7823 253
34150 790
36832 754
36185 404
27661 851
9888 984
11782 686
5515 514
8182 39
20029 471
17928 847
14591 129
12967 302
7022 884
14996 467
13487 256
30995 206
37098 52
39432 593
9805 455
35112 889
13116 346
21370 299
20931 921
26764 869
4998 207
14755 482
4236 386
33509 765
24822 906
2397 348
27771 389
36085 452
13580 687
28152 46
16950 643
2478 970
6912 628
20193 174
32183 746
315 36
2025 496
33849 109
10014 274
9022 554
20555 866
33028 203
12 563
14450 391
5080 555
5211 226
6628 985
26691 325
25712 406
4406 711
36699 640
6762 282
11675 556
39584 814
188 609
8966 359
6336 27
14197 765
14278 569
8102 353
35464 979
9368 511
19752 78
13524 21
28670 749
20676 579
25504 85
38677 64
34170 628
6584 215
24277 630
14382 681
3540 707
37350 429
15214 410
33468 929
22083 364
28611 939
20632 522
10395 18
35599 668
14149 936
36431 471
20572 604
16062 273
6714 967
34635 286
16815 255
39037 414
36359 366
32943 626
3763 999
1950 58
5909 871
33802 177
18590 334
20866 984
8196 932
18733 909
35987 906
36269 538
7120 821
26787 690
22158 136
9970 848
13752 861
30921 30
22057 808
35505 243
25056 660
29268 344
21795 41
14451 445
37920 168
17227 514
28016 471
38769 4
12604 114
17368 129
39200 441
23187 388
38127 105
33091 367
17784 189
33853 812
62 631
36691 160
38253 636
18647 62
23018 296
3076 379
34031 776
12085 185
24860 852
25452 780
35124 634
14303 320
17939 931
39997 390
18808 79
31707 64
10154 927
5831 623
38370 615
29430 299
20339 791
14672 78
38278 203
19948 437
9657 742
12156 767
3731 126
7966 229
13803 244
25458 55
10820 350
6600 187
695 889
4425 259
17220 371
32819 194
31704 847
3542 360
4661 19
398 138
23779 849
27594 688
8971 125
14628 265
9130 855
7158 934
10993 606
12173 307
33513 890
4264 342
6834 911
14257 222
25265 445
5183 806
36780 980
30901 969
34444 754
19653 698
24083 845
21495 703
5940 812
22113 947
8290 110
19866 597
1335 316
38456 718
7517 256
36361 77
9189 892
4645 135
2844 847
37475 364
27475 797
11292 450
15502 329
38518 913
11308 65
36969 756
7550 82
12000 518
17198 334
27123 179
23713 499
22005 967
13448 10
898 302
33452 86
21452 247
10458 969
3178 802
6044 638
25849 882
192 611
25803 822
2267 371
20536 972
14035 601
22052 630
5930 577
27476 816
27864 646
22140 423
25369 1000
24452 621
28736 458
9946 110
6514 377
18585 433
11202 311
7730 966
30561 60
2726 584
20454 632
32376 918
10789 729
23949 52
2517 786
29229 880
38344 164
13745 733
4142 102
13005 635
28232 451
29776 404
26725 928
11595 178
1444 88
16249 851
23939 18
37953 344
12212 997
19781 91
24287 601
21812 316
18764 418
951 372
1962 819
23897 362
31315 665
8962 82
19534 631
2480 113
25889 688
8396 990
14432 854
16024 435
23493 941
18309 358
32785 279
10519 666
6037 694
17065 693
28770 55
32321 402
23350 388
37911 539
32942 953
18335 659
35599 271
14546 19
24473 395
23482 454
39184 919
16039 680
7077 607
9054 619
23933 803
10036 915
11557 452
18408 194
15656 938
7036 507
5300 247
24104 819
30233 517
39336 358
3491 944
13511 277
2131 156
28603 115
39773 279
8369 76
19402 732
11870 758
13800 416
2275 970
4082 698
30667 992
5130 682
33536 518
20344 809
24618 371
11345 265
33674 428
28587 695
32351 17
19189 102
1966 186
1637 956
31467 376
16544 497
20058 406
15529 538
7897 305
37752 241
16241 406
30024 105
35471 131
1087 755
10753 972
25495 66
34523 753
36342 711
24595 252
12480 139
22629 941
12669 454
5006 417
12250 381
19189 890
35327 541
10763 53
36177 339
31379 651
25990 775
4324 965
31696 37
3874 810
3825 979
28568 992
21783 686
32242 193
29721 332
28642 456
19401 251
29959 734
11642 235
27352 728
35762 223
18801 49
1470 408
35925 881
28219 704
19388 844
29197 821
11609 137
18555 517
6947 904
32060 563
33443 439
13448 385
30213 589
19640 150
16186 52
29903 783
34172 482
23565 572
1318 567
16887 657
20662 299
2415 261
15175 119
37304 972
24587 322
21272 962
24015 932
35580 315
7700 385
27453 779
12775 613
7253 789
38530 919
16589 608
9974 798
33285 918
3438 154
11280 10
2248 7
18473 477
3547 943
3438 601
30064 863
10519 30
29144 389
2155 327
12883 993
7519 357
3989 673
32772 963
1747 34
3012 402
39670 548
5482 963
10214 341
23339 115
23461 555
20706 599
13677 32
18085 42
27959 760
12700 218
6186 877
35204 235
31145 562
34660 685
8153 259
28503 860
27615 770
29531 959
36001 547
34402 433
16272 842
19725 807
24711 811
5688 506
10248 788
8586 559
26768 560
5934 45
37274 689
752 937
2131 961
15657 969
34054 704
17543 265
39954 320
26208 920
17921 95
37989 463
33372 743
6930 775
18877 887
20963 306
33058 27
10664 539
6630 789
14457 988
13697 550
31118 931
1759 823
10099 219
37145 837
35998 209
3571 95
12248 341
18602 528
15682 861
39467 904
32901 476
32523 502
24164 830
37365 48
27328 989
12711 736
33737 872
8304 675
5027 166
23743 656
36471 432
10046 686
17080 844
396 373
29416 553
6405 902
32170 295
12876 629
8555 223
38476 851
29085 78
29345 45
9471 53
27193 884
29176 752
32916 577
2492 908
18161 671
32164 151
9716 341
9448 722
26383 468
7667 94
6576 33
30232 189
37574 933
4566 544
10677 359
11705 367
19118 934
8894 663
18936 113
2016 126
13379 601
21909 635
29838 139
15239 111
19220 970
7245 43
18587 955
25713 498
671 885
26018 245
27075 389
16251 665
1567 907
33363 495
882 172
26016 498
30232 766
497 872
10217 331
1331 74
10816 270
24898 884
32979 391
10261 956
27657 65
1338 521
17978 134
21763 127
15021 208
36582 83
26035 703
14192 633
22835 74
23346 912
8494 290
17002 488
6155 734
34452 28
36534 733
25555 735
35650 914
30852 316
16755 347
232 27
1261 104
24012 633
37999 465
2130 730
38251 788
14211 781
3742 480
31480 594
2936 589
20987 16
2863 381
11221 26
31094 81
803 469
18742 477
26373 253
15632 971
24372 495
35704 355
11351 558
32855 212
21430 139
13002 258
27721 398
16402 42
2365 620
8189 916
18785 899
30223 81
14117 210
18450 820
32870 788
25348 388
7149 214
12562 161
5529 889
4654 755
36946 734
34190 879
20136 54
18921 294
36983 136
20329 2
5980 887
8024 533
28263 449
36790 356
37080 312
8124 98
32481 991
2597 717
7053 17
18856 632
36842 341
23531 49
37918 896
34092 40
30621 621
11628 422
6777 13
35557 598
819 554
15398 377
36878 931
16209 941
12866 966
30321 826
38828 58
22215 164
33800 855
3937 723
1300 769
26598 319
32564 602
13637 181
12834 99
23266 8
10233 234
26416 831
9602 709
35289 472
9585 655
33082 881
6020 782
6485 987
21647 597
8209 473
30343 809
16797 141
18120 58
7478 283
20952 341
10874 751
34429 159
5486 608
39417 916
18986 855
38421 462
4242 797
29996 3
32731 643
111 749
35323 530
29020 113
29141 584
25929 192
16526 286
9657 509
7073 741
27276 670
16897 535
29300 28
15537 204
35229 219
34142 739
13134 410
20636 30
37497 75
18200 422
3928 207
5958 668
29685 629
3155 841
31793 690
10200 265
22423 375
8540 167
39795 696
39875 525
878 430
23811 737
35315 258
36594 167
5287 327
24733 35
35929 908
30401 857
504 925
32810 777
21607 476
29640 406
4754 156
9513 748
36242 358
34306 592
28467 177
37612 885
18379 523
30793 367
27838 662
16320 238
18969 180
2161 76
19221 2
15779 888
28752 393
23010 496
11753 762
330 140
14851 126
25660 772
35419 649
39659 563
24146 615
9975 295
9083 517
6396 988
36714 197
410 153
36521 281
20029 187
21684 415
39876 36
3297 825
20386 834
39137 819
12175 38
28697 792
33085 819
24149 393
17489 677
12106 538
36953 575
1838 266
14923 17
30041 521
11607 392
6833 881
2536 221
29026 71
26254 690
17347 127
13384 818
11340 294
37487 819
34729 624
13837 2
11042 894
21784 315
16022 939
2995 347
15596 889
37078 114
6935 240
14030 337
10138 228
2780 301
31222 182
36539 646
5848 569
12779 833
15294 835
34694 586
8573 356
30197 932
31592 265
23821 227
28273 210
8946 803
7399 201
2631 251
24549 257
30102 324
11995 637
4791 296
34225 200
25757 823
26153 956
9658 309
11691 664
9439 250
33218 514
12839 999
30934 345
19924 71
27721 862
25554 26
9545 457
36585 557
35845 460
35603 663
12530 573
20937 653
30572 420
25354 738
34704 190
28763 344
7433 378
4216 810
38535 747
19719 622
14072 693
11709 114
5260 684
3144 842
1799 295
849 468
24210 916
26609 495
17207 303
36355 508
38939 51
19081 701
35476 880
26514 633
4045 111
1294 183
27251 467
19206 429
26567 109
35421 889
3121 654
32712 514
35387 97
35406 213
2008 318
24034 244
24898 613
14457 875
1173 693
18490 174
25132 75
9367 292
7363 314
14989 536
27622 206
14993 111
21558 53
16584 462
12529 788
12342 432
19974 758
3596 890
1678 770
18975 439
35170 508
21178 125
25799 602
22429 87
12137 196
8552 491
3506 337
16470 830
13399 196
37421 290
33456 552
1600 68
28952 768
35606 603
23889 603
25667 282
25643 252
14125 648
8617 823
16267 708
15553 413
30766 631
36358 13
15016 727
15350 393
20680 594
13997 315
34321 840
10978 6
1835 152
24487 99
9225 945
2350 96
23862 122
641 731
17443 465
15299 593
39044 839
38352 319
32600 398
965 2
22914 293
9320 292
5877 278
38460 584
24052 203
31270 239
23561 717
35408 107
39939 784
22362 774
21102 962
38799 61
37831 221
23729 353
25642 221
22995 938
28556 458
14287 263
31362 804
13899 990
23509 557
36124 997
11565 501
33834 558
26450 219
2180 483
7874 417
37956 980
25774 747
5967 684
18332 353
32948 808
4490 245
10159 233
14667 528
39647 559
16915 646
25337 142
30900 753
4277 556
3062 430
28214 971
31720 554
31147 258
11737 791
16668 417
511 296
29395 490
14596 976
11775 289
12214 583
23663 556
27763 776
18655 291
4785 3
1318 125
841 748
28957 252
6251 633
5917 267
39360 629
13835 186
21957 615
14076 211
2063 55
6184 136
21717 175
7974 2
27365 526
4168 694
36678 997
7710 154
35044 549
21781 240
1222 73
28835 665
36999 210
33501 659
25369 728
38751 593
825 48
29524 6
18482 997
29267 293
5544 415
21786 25
3402 734
10427 855
27166 39
38351 260
20843 673
18853 4
15658 931
34908 36
39353 78
32693 193
25662 963
8620 758
86 409
10036 357
29144 115
17022 8
29287 197
21201 358
200 994
19560 238
27557 772
11422 400
9321 644
9848 710
4305 424
34425 481
16813 195
16761 397
22913 232
22630 726
19822 29
14860 240
1722 360
28118 389
1836 327
1018 125
7325 182
8509 133
456 262
6950 118
23397 807
27887 625
5509 458
13868 877
25908 187
12780 979
4849 48
11409 57
32411 849
12370 310
19557 300
28837 738
25848 18
12871 121
25662 56
22110 426
601 207
10155 663
23199 729
5834 317
19365 52
34303 237
29933 200
34060 140
35245 519
36763 664
36174 15
19625 538
34315 349
28745 689
31316 517
38130 644
18138 835
23204 812
18452 527
37056 816
37003 190
2989 126
28069 619
11959 87
22911 42
18476 917
26737 676
36587 482
7430 578
23814 156
13257 548
7729 618
5907 743
9651 431
29164 569
32680 932
16675 910
27127 589
36156 595
35245 7
22009 463
28716 393
15637 640
12120 31
23834 830
10660 814
1783 26
6275 847
33371 175
6759 757
2591 500
27912 226
20904 57
36087 276
16035 311
33249 378
4594 720
30595 322
38907 500
22164 475
39950 797
16817 324
11606 546
11690 275
7807 55
22137 612
6464 395
26490 609
22298 714
347 203
37135 377
9268 884
1898 257
30920 487
1160 933
941 194
4768 568
20314 729
30806 598
10141 509
32983 583
32833 90
35086 497
30636 9
39234 791
29255 963
22831 392
30955 89
11016 474
28208 757
24217 502
8034 710
9826 595
6421 611
24106 53
11222 361
10193 801
9565 561
4781 361
23914 451
12336 126
22630 455
28196 963
4492 337
12960 81
10054 793
759 881
22744 797
31945 561
6460 412
39987 297
700 165
36636 291
12142 733
25744 618
35463 241
24319 227
30258 344
6372 273
16910 471
30973 172
23662 341
33296 40
13562 552
35870 212
24096 761
24104 597
2673 950
37617 635
9315 178
31021 425
38262 332
29547 132
22519 153
35983 731
17723 431
13515 833
29484 322
10526 948
38617 558
32707 691
27118 136
654 427
9014 726
34898 356
11522 45
11797 522
14797 643
5520 340
8057 919
39677 98
34948 163
1484 954
24753 641
28443 915
25824 194
38585 444
22316 267
27911 446
32979 795
35136 729
35796 77
38699 88
14660 585
1979 724
18058 484
24574 537
24546 876
11154 20
25744 486
23064 237
20361 612
39730 766
21468 55
33314 748
17176 183
5457 481
25464 978
17845 207
28508 951
6220 554
38683 659
21931 421
12370 563
31232 594
24654 797
36386 962
31819 346
19347 753
33298 470
15048 63
12840 102
3306 473
3498 893
1235 746
4932 489
10736 300
4079 134
30723 876
35838 535
8522 54
12633 126
27067 967
15808 912
37638 978
3530 929
17339 154
3746 374
36492 837
18369 790
6229 226
35287 174
10492 17
18954 315
284 459
9359 749
26706 170
665 172
16368 779
27165 989
21312 621
4902 347
1283 568
25711 833
16127 485
15862 715
868 417
17959 791
22038 93
11688 839
14765 102
15656 518
8318 433
34896 132
3955 348
7034 560
11448 105
7068 715
13307 903
28541 856
4802 741
13762 526
18428 356
19234 441
25799 900
23925 555
31842 261
33719 468
10109 33
13172 24
18278 908
34636 930
31633 262
26454 645
9854 282
2721 850
12340 89
32000 607
1433 85
18926 109
20901 387
28155 637
38511 415
22227 776
10143 730
2037 808
23729 319
29360 928
1949 257
22460 980
14480 554
8192 608
6202 439
15013 141
30590 989
6989 654
31245 284
8024 887
19023 844
2508 277
21537 955
22761 519
11909 578
17226 66
20289 481
10377 293
34545 362
17600 766
3199 522
28811 547
36680 6
9785 776
12937 497
36914 158
14946 648
22320 41
8269 971
1653 137
3046 604
38254 265
6418 536
36176 962
22699 398
34847 358
26858 191
26462 328
2694 109
35887 686
35875 85
21226 963
34295 69
13722 298
9049 598
38068 791
27897 593
20471 593
29762 83
15003 832
32612 655
20629 546
32057 583
29374 927
22734 256
28532 984
5914 798
37730 841
20690 794
27323 179
31974 642
38193 577
34990 111
24502 59
20393 456
15770 493
8402 735
38564 995
35446 604
19957 298
32803 495
38444 265
3408 504
29474 552
36856 158
33908 607
39020 747
32912 876
29882 268
4086 151
26729 558
31353 255
9945 405
30015 997
4260 801
1687 781
15134 603
22297 600
30649 326
29942 399
10161 29
29049 626
9318 540
28466 615
33959 684
28962 967
22541 513
17990 611
7250 360
25728 703
31948 81
16440 222
25958 410
37055 759
11854 508
6086 671
11930 66
15795 587
36901 298
38752 991
26684 798
20504 137
6737 476
16042 480
16776 443
32380 597
11843 674
39371 921
27600 295
6619 236
30059 593
15518 342
47 700
14156 843
10590 539
7529 287
38066 14
21045 283
11435 186
10994 503
14934 571
9703 177
27370 726
3419 205
18578 319
34243 974
17898 520
36766 390
33735 841
12108 27
5623 164
39049 391
33976 239
17827 183
11202 740
39228 517
10379 718
10382 789
22031 888
18014 699
12854 923
2219 29
9607 5
825 453
17258 888
15259 134
7016 263
21809 759
2384 95
34174 84
37328 81
25566 831
1022 546
6860 775
24176 102
17080 458
4974 802
22084 895
15948 3
1527 994
39689 561
17593 370
11456 749
8770 595
39764 588
27040 640
5384 128
36534 943
28900 240
17940 483
5024 846
91 488
1669 812
13056 733
19410 636
22911 992
28770 701
9486 934
7491 826
6372 710
14898 584
37376 626
26263 231
5891 74
37176 33
23621 314
39063 208
8112 86
13587 232
9195 244
25015 482
29162 169
39558 768
4973 268
23692 599
4058 899
16659 155
521 72
11892 142
33589 31
15733 469
28648 302
31881 738
16558 929
38243 897
18155 834
27864 229
27384 904
11580 798
36971 465
22699 498
34748 976
28495 932
25058 427
32783 823
8984 298
12992 178
20466 352
37747 62
33654 763
1275 874
722 400
34614 603
21216 97
21095 556
12411 904
12377 425
18269 352
7123 438
16735 84
24182 185
36396 461
37280 462
22486 974
33866 431
35210 618
39013 301
10787 821
13015 284
33967 880
234 893
31627 549
39613 649
2864 373
15956 605
283 819
29874 919
17749 894
8684 834
31890 873
29499 925
30172 70
15651 909
3309 12
18054 94
17133 777
22115 9
19601 708
8510 216
33824 246
14868 237
32568 42
19145 444
2128 106
9166 142
37235 378
9412 941
18732 790
19766 180
29242 725
12877 871
2103 330
19933 516
21347 402
2738 681
29429 80
23389 482
26290 93
23561 591
20485 362
14660 545
12981 698
27581 660
24972 532
9987 290
12867 129
16322 782
10394 107
1321 640
21349 815
6445 663
29008 376
27741 55
10489 903
39023 195
39561 376
24035 985
8011 857
4213 2
29156 151
19207 468
6221 300
18177 441
17466 175
10395 909
33415 143
5659 963
14442 158
28322 44
35040 104
21148 197
11392 183
8530 872
5690 645
9007 275
15280 637
36802 731
34890 863
22308 98
23361 286
38829 282
25474 926
2203 230
31469 383
147 510
4808 249
38132 173
10171 596
24546 802
20087 172
22552 435
1366 31
22115 817
5159 618
26999 949
25848 449
39872 127
32314 844
27450 631
2837 394
11146 330
20808 150
30147 693
30712 288
22469 385
18142 525
13366 514
31806 336
37228 515
10262 224
31948 428
7077 766
20368 532
27974 480
17244 414
21391 885
30223 155
29483 331
21728 400
10125 916
24979 793
15747 982
38116 911
27979 236
12054 946
15067 458
8294 57
11828 570
23955 122
7875 155
3476 643
21661 820
12674 273
28003 682
23694 835
28333 940
9948 180
14120 5
22753 833
31560 479
25832 227
7928 325
20797 274
13781 348
30112 271
29723 406
26607 943
4484 788
1806 845
30979 755
29465 958
27148 421
20496 2
23499 689
17748 147
24016 311
32315 606
10107 62
29528 523
38366 648
26400 520
6147 451
27554 982
30792 820
34334 345
13054 250
23197 639
25140 763
31333 43
29861 706
3447 22
21069 44
36202 307
38604 597
35821 358
8405 353
9028 935
27228 892
22878 722
23992 715
24731 784
28675 948
31798 367
36193 261
13109 652
8714 718
31808 737
39854 95
28314 235
10080 682
26502 440
22762 797
36516 147
18149 325
4107 661
139 97
737 586
24327 239
7730 724
36225 79
21156 53
18301 80
18762 703
5384 909
23787 718
17361 78
32533 898
2623 457
27938 203
3771 639
10795 878
23379 417
1306 685
37031 608
529 468
14374 52
19936 357
16020 230
25799 544
20099 396
10423 671
12538 390
21101 800
19593 627
24133 464
21565 710
8605 699
15266 696
23845 964
11879 357
4563 370
6440 343
18831 892
33210 475
8617 173
19943 784
509 111
35087 900
39240 50
26443 270
1207 893
28036 891
13965 778
7553 880
16723 14
38922 404
31448 241
603 24
14744 774
16627 242
8973 517
22195 942
9983 405
2028 791
14852 676
29207 940
20996 67
3841 839
9617 920
38893 353
13362 816
10966 570
21318 848
24446 32
31995 942
36805 663
31075 646
24381 177
36351 252
23386 997
37796 811
9920 328
36630 18
9759 686
24348 350
38539 929
29505 282
26287 249
24760 303
28728 18
26557 971
2348 209
35888 41
28770 268
26611 973
17164 96
5624 267
34864 301
26571 189
24093 859
36517 523
23846 519
17991 273
10822 38
27256 200
26725 312
39566 889
17169 596
18076 36
20335 469
1472 931
24060 482
8686 706
34542 125
38788 653
27816 321
12673 24
18627 617
29413 765
24058 437
5871 594
2442 309
18661 317
25951 138
23707 873
18051 249
10985 45
33375 674
24102 860
5517 988
35968 394
31326 623
25392 950
13789 665
36329 725
35591 999
30926 812
17622 423
7154 148
37122 124
19850 58
25926 93
33996 859
14748 247
8001 943
39702 921
19310 936
20278 962
24989 178
20737 744
16768 966
11530 828
36738 985
25815 335
21724 448
9529 315
5695 554
20733 312
1027 976
3901 651
33092 369
3537 353
30201 219
11063 420
36010 206
35198 583
36101 752
26219 66
20146 70
18077 421
30007 621
27688 658
27736 621
989 254
13324 298
8552 721
1479 285
18090 660
11556 990
30646 206
13731 983
19810 332
36784 557
18520 856
9681 837
1781 937
4296 933
3711 238
21790 648
5406 826
37405 330
14147 449
12351 844
13418 633
8644 196
27955 471
26605 654
39185 143
9907 244
29330 25
32464 692
3287 64
28111 8
2861 259
3927 84
28858 890
12288 975
32419 853
27722 879
13738 448
39095 886
31093 590
8628 901
31093 498
18475 988
16061 204
8126 902
37851 467
29499 147
33928 689
26902 819
5746 629
34737 78
8981 982
9270 932
14486 958
7176 509
30845 937
17987 87
36143 414
16555 467
29558 760
21473 569
39816 291
28315 373
11718 382
31228 459
11950 688
14164 728
18409 895
35498 828
35528 702
9383 826
14341 89
11471 261
16271 752
20785 443
24642 404
7342 535
20800 184
20380 763
27589 437
10249 634
910 691
4644 463
14727 906
33713 916
34083 687
21647 555
31381 299
30667 336
22536 734
25910 72
19840 713
31132 903
17585 527
18635 591
20369 72
19471 547
6718 457
24276 948
31513 3
31518 789
16303 355
5272 343
20574 328
31821 135
18121 713
22738 148
8391 181
16083 692
10773 480
3813 349
24291 632
33909 24
9929 658
22498 457
2973 864
35154 491
16611 816
14482 697
507 261
38172 768
19860 203
30716 895
21307 768
5286 759
23304 161
12183 915
18664 617
111 580
32974 873
26286 604
20968 507
34349 312
31588 551
18806 941
13912 615
35807 133
16201 357
18882 788
29644 534
9012 496
22736 963
21876 484
8184 122
26988 725
23726 510
2553 473
28549 405
6297 835
13161 673
3586 465
20088 549
26891 441
15007 740
20618 162
26361 764
753 570
193 497
26685 459
25834 304
24109 1
30915 219
17166 186
10625 83
39417 56
24560 748
33074 161
38402 998
7688 485
26397 855
1767 366
2224 907
29583 485
29079 664
5852 217
34198 321
12294 386
16987 428
1342 754
11630 704
8849 710
25414 459
27760 604
18078 1000
31601 779
27871 673
16801 788
12763 627
5074 211
4254 913
2509 983
37753 556
19566 10
8295 943
17121 494
648 315
19133 354
33318 965
8657 510
28354 130
39832 455
1817 373
4094 998
30511 879
29862 218
31546 682
30446 964
21632 838
11159 576
32082 145
5541 745
34643 701
33165 780
15339 622
22273 254
4549 300
4046 272
12827 999
2228 155
20221 569
16467 760
36186 837
20731 669
19953 466
38551 659
18217 789
956 396
38485 820
6195 290
8233 445
8965 555
20778 993
16248 443
29716 240
2826 910
24047 593
17029 157
3072 230
19274 782
5304 429
20461 870
3578 368
20360 541
27372 572
9533 536
34487 451
37749 581
18310 790
38412 221
4409 573
26996 550
703 260
17274 134
26593 503
26149 478
12135 872
25919 46
35173 158
34819 424
31505 314
13664 206
12380 390
24059 109
6561 458
39657 203
6579 996
432 261
32305 991
36845 675
15790 443
27854 184
12626 973
32657 862
24715 771
16421 884
20376 559
32357 620
33106 416
12046 259
38196 238
25572 129
9610 211
39160 731
36658 926
21143 863
13207 755
4672 310
12374 124
6001 532
29772 875
31468 366
20263 639
14339 88
3485 171
34483 848
12845 538
23518 456
26696 417
2472 779
15316 260
36306 745
22662 91
20521 223
30681 802
36967 59
22991 755
20397 432
24430 273
24396 699
33173 964
39654 721
20739 749
16956 599
4411 305
27913 436
24922 84
28786 649
17484 829
31011 39
20007 463
18961 450
29784 108
5940 627
26752 944
39406 377
18385 484
3726 556
31595 748
18975 711
29490 692
29561 253
27003 35
19284 480
24691 9
34016 592
21385 733
39844 92
1877 169
19927 257
36604 522
20923 401
18088 529
33919 243
19439 398
3945 974
18103 155
8789 355
5315 702
17427 221
37827 620
39989 280
23892 204
7948 55
32383 831
24260 244
25283 831
26747 777
5946 1000
2749 962
37680 81
17560 559
5508 347
35210 311
33366 576
28383 346
26114 882
32128 374
5922 543
22687 393
9 959
37440 312
25052 805
17772 859
32909 712
7002 647
3518 958
6487 390
15699 932
38488 269
38980 864
21995 401
20967 847
28951 808
2116 590
25217 27
10070 497
6504 680
3244 693
423 698
27999 748
23524 487
6513 440
19697 620
28038 903
3177 436
32032 903
31097 244
14661 155
13875 695
33412 552
19504 952
39061 777
837 903
13413 389
36664 632
21591 269
427 544
37713 577
8681 642
17324 286
24167 789
35079 179
5274 712
38019 274
30102 175
31957 219
24371 254
24970 78
17477 644
30637 636
25965 971
28224 105
30672 163
31725 308
21415 221
39599 110
29242 875
10029 934
35572 430
14089 922
24382 353
3310 688
13473 546
9137 980
26902 497
28080 400
23114 919
23019 321
26991 928
26706 394
10307 53
22624 838
3905 171
33740 539
24910 702
22131 730
11905 625
10281 176
5948 651
39029 406
7177 13
33816 500
35658 693
37656 835
31567 343
9820 864
38192 178
32957 741
32798 733
9997 391
24577 541
31415 300
26903 258
32357 480
29981 338
31277 433
19356 44
5765 898
19365 307
1825 895
28637 543
22780 906
27804 282
39913 921
34306 774
5887 336
25914 345
39433 34
29413 141
6459 279
27987 165
18079 386
17685 705
38795 661
13848 148
30689 275
10029 530
34477 710
35243 851
367 280
31904 876
39626 365
23252 597
28614 382
36172 680
393 57
33375 943
19794 601
25194 330
3496 441
13154 908
32315 95
3293 73
25581 462
39834 953
17504 898
2952 823
12563 482
16701 291
5847 993
14059 174
11463 858
18381 44
24640 247
12188 832
27613 41
26355 951
17763 510
671 458
17344 883
30828 675
1741 834
5818 408
34883 671
21557 126
4438 465
9068 699
8237 898
16717 612
21613 542
11313 41
24129 107
15315 871
39659 816
27621 922
37113 766
28450 475
36161 946
26238 539
11707 425
12071 989
18981 447
39183 358
29465 571
28539 531
34549 400
15404 822
1954 809
6475 246
3955 586
39456 38
13937 614
39454 308
38924 698
4067 116
30377 677
11934 767
31444 998
32147 208
13622 262
38447 153
30378 645
30004 989
35801 568
33175 347
6476 603
34433 351
5941 754
39171 598
28096 323
7837 230
3904 11
722 353
8572 277
10357 183
38253 515
3925 935
3582 140
15641 663
20980 604
21640 669
29815 416
7970 528
29526 503
31533 469
34887 35
27664 562
28071 988
8054 132
23301 302
20843 145
24287 335
21919 250
22970 631
14726 936
26412 234
27163 512
27619 956
27092 908
30393 693
31860 918
37866 660
34692 569
10768 495
15789 779
36634 85
7253 819
26094 389
22482 176
20098 715
19146 422
8720 236
22626 865
871 190
6722 975
13013 292
29792 780
1495 289
16484 603
21854 924
13004 675
2889 697
20755 940
35236 645
7333 894
28231 35
33920 131
13420 361
3989 957
20485 583
18091 2
10065 518
18902 89
31113 298
10942 971
20767 745
14940 324
30366 383
27436 225
39891 44
22454 424
6495 493
14702 129
16202 427
9790 564
5882 410
15807 797
20918 37
37067 88
30120 436
23042 16
34048 50
22800 338
14044 345
2793 99
1758 615
1819 88
19997 235
26257 780
6608 826
20358 659
17046 685
24445 977
9454 668
30629 636
39087 833
31166 628
4807 948
31181 395
30476 878
34962 833
33840 186
29775 541
278 510
29429 720
25898 571
39901 354
31284 327
39561 699
35049 50
35740 466
7964 975
19599 376
38442 200
22094 777
15873 382
15720 418
38998 872
1862 534
9991 341
29629 120
10334 865
3913 188
15920 500
20241 383
10415 660
20840 2
283 388
14634 388
7061 326
35008 797
38920 154
16999 220
3692 637
20552 512
912 803
22023 411
14849 351
24158 293
34313 785
17233 702
4137 98
22065 976
32373 528
38200 95
965 838
24711 560
6190 34
6267 268
27182 796
20921 271
4169 989
9829 101
12348 296
13452 8
36816 667
15395 603
1328 62
3288 403
37668 988
29276 761
32294 868
19501 241
35549 745
15696 238
30131 960
11380 483
35384 285
16750 431
27852 539
23485 78
1650 227
3191 311
38074 347
17823 928
18223 81
7091 56
15346 796
30037 297
9732 236
14086 324
35495 812
27211 170
21101 623
33155 435
37450 668
14651 201
16033 837
6730 363
7815 94
7813 866
30270 34
36834 177
19152 687
25326 882
16962 467
37925 415
34615 995
27321 389
28690 254
39401 992
26 670
35442 802
2915 223
4555 750
25408 152
16736 727
16384 529
27209 774
15166 787
36145 541
33695 951
20763 716
16216 362
6480 463
2345 363
37280 155
3887 853
30893 242
28015 464
18620 288
27742 364
32059 492
3526 22
20327 399
33834 82
34510 356
24565 81
37082 657
10226 282
6457 38
16670 759
15828 714
17696 478
36208 929
15328 346
35084 752
23562 33
5220 683
16696 519
13293 690
33529 699
31638 899
1493 27
3344 35
1140 84
26258 944
9892 583
1173 20
12709 964
8377 642
11664 310
14386 550
152 36
17102 691
35167 425
31699 497
4952 356
15017 362
39752 143
30622 660
12314 343
13820 696
23666 983
34179 764
2937 99
9830 474
17220 791
12087 624
26974 94
588 221
39869 993
7148 393
32473 801
7937 787
21453 659
22044 794
27326 817
19268 630
22908 349
13940 78
10142 54
36267 414
29732 106
4840 249
27873 336
11061 71
39979 919
5029 272
34061 698
34678 711
22276 212
3003 241
13583 948
5265 684
2553 359
12251 408
28917 790
16438 759
19801 481
3699 462
14894 198
15469 947
23695 253
28496 624
14693 234
5529 827
21431 364
29899 40
30011 943
34085 650
12335 681
1344 482
13907 339
34382 747
37850 602
31417 437
29141 419
18474 77
39852 192
30824 436
19923 504
6536 631
31145 744
36781 898
26766 656
17604 388
24717 855
223 771
6613 967
35867 275
23153 117
36641 695
5237 75
22904 651
22845 526
37099 523
32852 199
31876 97
25728 26
23873 945
21317 330
12542 229
34822 553
1815 779
25333 850
3154 661
13772 933
17163 493
6230 802
22001 528
23067 662
23293 151
29788 903
27100 176
1014 778
30945 172
16306 828
4284 506
18747 211
2209 188
33955 636
14880 999
34492 984
537 4
615 989
22712 115
16076 955
35682 110
11148 738
25719 790
34445 213
28073 103
34828 420
35092 398
38466 698
28085 513
35379 258
30747 867
26000 552
37602 55
20153 905
10520 52
16603 88
28200 586
18840 761
19001 489
32752 935
5887 766
20756 312
14980 166
7333 512
6743 36
13731 210
25754 808
28795 287
20411 157
25589 919
31904 444
5648 1000
10454 957
28566 72
32751 775
24752 881
37720 93
31768 202
31602 342
18081 18
33244 428
7769 463
18725 864
8394 758
21296 887
14501 750
39083 154
39653 402
38885 531
27049 954
29554 517
7252 588
16202 953
12077 376
36048 654
38179 825
25006 888
32978 716
23692 417
14254 80
4075 287
19774 439
36206 250
14507 446
21344 459
19762 828
21931 788
1946 786
38898 10
36433 709
2451 701
17438 708
23314 587
27513 548
27457 124
32537 3
3627 313
4649 572
1679 418
30466 678
28240 927
32117 874
25675 222
38314 696
10383 121
25822 417
12479 848
33636 387
8116 53
2127 114
37360 891
6837 833
9671 602
2895 294
37356 666
11538 240
11416 995
22272 332
7709 691
36009 687
6556 560
2866 520
6072 152
20007 268
5097 492
5113 885
26708 663
861 806
9194 765
24882 399
32234 949
8069 501
3315 163
14795 715
10787 786
28247 214
37387 208
31249 891
3977 395
29397 274
12915 523
16434 772
33335 100
13147 10
4595 641
9055 753
37746 774
30321 786
38087 128
19504 578
23059 483
1463 223
17092 887
13537 272
30526 880
38024 616
3500 842
4634 61
36944 442
3344 988
32509 27
5385 22
15434 244
7494 347
8890 534
15857 956
10686 520
36536 857
24125 159
366 944
39567 852
8281 69
9622 643
20298 580
13705 789
9099 113
36586 961
28432 438
21346 712
27293 321
39150 513
36217 81
853 954
25694 623
28454 876
16772 29
9273 468
33668 794
27026 429
30621 222
39392 603
15901 841
30181 603
38708 375
19399 340
15590 185
37654 485
39508 165
21273 173
38823 226
32962 342
8841 502
2875 334
16706 682
29188 666
23216 946
23221 575
17588 252
34272 507
8169 190
2104 160
20344 114
19008 317
3285 919
24909 282
27150 379
34596 681
36531 238
35139 15
11261 53
31393 255
26540 577
23852 264
32513 112
36759 37
38156 110
25237 700
11491 64
5250 47
11464 217
23003 743
26265 759
21145 612
22521 777
4332 722
26235 357
33079 850
2569 809
30543 57
27831 991
272 703
30800 285
37742 108
23347 906
24413 247
38650 680
25561 994
2890 790
25042 632
14597 666
9515 120
10053 641
21813 805
30272 750
32222 440
16832 751
8938 742
28758 440
28434 677
24957 599
16275 589
25159 562
12288 472
10927 961
25685 342
7115 221
33770 248
16993 654
21613 133
30637 718
17003 23
20136 213
36592 999
8538 262
34529 936
1186 968
33175 602
20168 341
3079 535
15309 811
15793 63
26528 326
7195 268
29465 900
37947 798
11278 789
13628 130
1450 479
33347 887
30652 756
39850 132
32201 697
10564 558
13012 426
2667 79
36451 472
1663 685
1902 895
28277 352
13814 267
39227 440
3197 209
18769 295
4274 175
21062 326
22870 286
29680 26
34356 360
21185 791
39753 784
30148 371
37594 897
25798 646
32403 753
14931 959
24814 899
8568 147
25010 824
24551 907
5870 936
2323 808
35212 132
32655 954
6461 917
38248 57
27135 23
36750 811
17068 928
29212 675
22508 774
9510 696
24156 591
11260 432
6404 760
28217 193
24686 391
13082 319
29252 530
37463 901
28816 955
5838 243
5940 90
17200 322
13535 8
37084 468
355 621
12523 66
5819 970
14076 510
33481 362
6074 221
2257 203
19532 244
21732 941
19163 246
36082 262
16525 417
34060 944
24092 127
30415 467
6950 493
5684 458
2496 885
8768 18
39966 218
17493 132
21274 209
20639 288
23987 398
28692 106
30808 182
38387 992
32224 353
17561 831
19551 66
4549 893
19722 214
24534 857
37769 182
22713 18
1021 540
39165 822
9174 359
13761 396
383 627
27874 984
21688 681
26173 809
5939 124
37310 295
31065 985
14949 62
6724 792
38194 733
5499 31
33926 554
35081 523
36639 291
28714 540
32467 540
32791 799
5792 243
12823 842
35596 754
24752 785
8863 595
11415 41
18072 251
2602 218
32577 755
23389 232
39244 702
36698 935
14464 233
12062 549
9749 233
21852 395
27470 169
13559 585
27012 108
4731 51
17119 722
21554 512
13366 56
27084 370
35097 10
21734 646
24688 76
16093 481
7083 700
13599 673
23831 333
33606 206
21044 26
350 117
12121 227
30639 42
28672 735
22996 210
30202 729
30391 605
29047 118
9320 927
31981 109
38913 933
34692 418
14780 954
32721 240
37745 203
35594 917
29678 697
33298 859
36932 423
33626 185
19788 675
16496 515
7230 68
14956 489
34476 10
35303 422
25727 317
24568 728
19593 105
5520 312
4311 605
15719 516
10989 724
39570 240
36089 84
31392 782
33551 286
14898 824
19711 137
11251 267
3641 308
29645 645
24176 8
23206 254
523 521
26385 983
28564 156
8816 759
2862 632
25874 905
34968 814
134 887
2764 173
3172 83
23869 856
38653 752
32544 427
6717 672
32274 618
4526 872
7709 117
29015 583
25922 290
20327 850
24955 526
16596 260
29610 14
22103 174
27102 953
17922 410
18144 846
19329 256
6036 368
29789 231
2037 854
37358 391
19763 410
36707 417
28709 119
25637 312
29205 956
38421 839
17378 455
38567 123
14554 448
12378 688
1752 697
7672 161
8640 928
35943 850
18802 182
7043 909
32077 624
583 145
479 53
15225 124
39543 180
23350 589
11121 544
37741 677
10795 728
9721 810
33764 526
37323 917
29983 400
2160 257
34064 599
34870 804
18506 365
38978 783
31671 231
15005 347
37243 375
17437 397
37908 711
37079 714
35582 397
19453 462
21277 342
9050 328
34206 267
6142 836
34751 193
35342 538
19012 216
1656 525
18776 331
30050 251
22390 219
31291 299
18402 553
27022 716
16826 683
22477 369
3179 376
35868 730
28352 642
8191 440
36960 260
20910 962
9126 129
11188 414
3356 206
2788 269
27017 846
30315 709
11743 543
5688 980
7334 602
39393 457
24027 95
8410 618
5761 562
23306 32
13636 542
15160 915
19749 727
28106 157
27442 263
35128 376
25939 283
24790 821
33134 780
22755 279
32996 595
28508 593
5467 663
7974 636
36386 72
17485 62
16271 862
5189 421
18671 353
27934 758
23197 141
12269 261
15814 998
38759 654
15611 273
7948 801
19243 434
23435 289
8993 870
36537 704
36222 709
4947 656
20990 293
17284 601
21677 603
20415 771
35711 279
8855 111
22925 875
249 844
13634 301
6587 238
16840 696
26595 933
27120 322
17946 670
30131 334
36907 19
39747 478
22623 12
26067 182
20079 247
14486 572
7682 648
28137 108
10543 11
23472 381
7818 70
23600 558
28716 226
8553 307
27133 518
5503 903
26801 109
31952 29
23319 962
33776 311
37364 489
2556 863
39247 281
12707 411
13765 39
22896 825
31877 784
15926 693
26351 659
25359 275
35641 404
29253 389
34223 428
10505 426
28598 388
26892 938
31902 703
26505 285
35194 39
32068 473
24810 247
33719 654
16794 144
21095 920
28276 881
8125 181
249 310
5677 963
16316 133
24583 368
12549 600
2893 931
7205 122
37894 337
15106 889
30193 506
16670 858
21195 990
8763 805
37225 620
33881 311
22792 605
18097 53
29115 486
39484 694
2176 878
32254 720
33416 76
36222 886
17274 761
21689 237
19922 138
37864 798
21013 204
36784 490
16220 231
7470 106
20603 791
34221 889
14841 970
10252 937
38855 611
20061 610
7937 139
35108 959
33065 46
32493 743
26385 336
38539 31
35658 72
20300 514
24423 806
21053 918
20686 730
35147 431
7890 491
24503 624
18638 781
31561 7
7809 969
5337 13
31390 894
31015 738
38281 177
26162 489
16261 76
39525 225
36211 779
35604 574
33992 570
16040 227
7284 113
15075 443
28839 333
29259 324
13431 169
32412 742
27516 497
31664 941
21745 945
91 254
6265 362
3602 619
3068 214
22293 792
26816 365
30965 223
13995 813
37634 803
15345 138
29570 41
15493 575
37217 316
11141 473
33218 536
34326 923
33900 646
30799 404
4808 443
19764 446
21428 588
31325 420
23215 211
36576 177
13600 863
35505 118
30831 512
15910 891
25229 187
32487 482
32306 679
38619 9
25450 545
3816 195
15528 857
26469 243
10913 156
10551 253
31074 786
13020 268
24142 298
1280 298
31570 366
30140 59
29236 75
10169 203
8915 922
1905 670
35281 125
2099 442
20534 317
4593 499
2215 357
33638 757
279 816
29793 219
2791 346
7357 546
404 170
14794 684
32445 45
6788 282
38064 479
9043 797
8171 833
31230 273
39225 158
26623 278
25850 244
22243 94
6762 832
32105 240
36399 942
25654 95
7 636
29446 533
7766 459
38697 708
11795 819
24320 901
4521 715
5900 93
24786 845
36404 181
15632 792
16925 333
21438 123
24668 493
14022 54
27792 280
24548 970
1007 121
16659 836
32727 174
23500 740
18526 330
13792 634
39138 767
3417 487
23389 476
21602 303
26746 212
19494 845
3848 528
6754 711
11356 511
3221 728
30130 853
10263 455
9945 748
33138 452
9928 849
36695 658
28058 560
5959 542
20254 460
3430 777
19822 808
7895 41
5466 323
39958 42
16583 112
5603 829
30363 290
38564 408
38438 644
24701 672
17313 628
18165 302
23379 570
19888 744
19636 409
10501 570
17590 656
24173 238
27667 785
33800 236
12857 374
20934 733
10060 225
37860 493
34479 509
34636 769
27644 378
24558 853
37852 542
1806 986
17057 654
24319 324
18838 53
27322 297
2830 245
24141 632
10513 246
33305 145
12161 389
39658 470
37269 676
23698 703
3322 463
7786 202
36137 508
24205 650
4674 105
7099 585
887 382
15136 407
22630 545
15334 450
4648 86
11857 465
23156 81
17722 330
24934 166
29063 669
22750 47
34141 805
20040 169
36682 681
30267 440
10423 530
12337 18
32780 785
34434 749
7656 432
15171 468
3164 568
38993 420
30931 188
14155 644
37059 327
19845 989
10032 26
35407 468
19806 431
29498 292
14332 981
3089 706
10707 226
30129 724
18162 972
31670 218
8943 822
32453 143
36336 717
10534 871
39651 354
8619 628
1465 147
13611 334
9215 788
26899 862
18845 540
34438 410
14899 299
18573 929
1609 730
37476 722
9402 163
35249 501
21225 644
13479 356
10853 869
14846 413
30084 609
3845 651
28503 303
8389 276
13034 779
16741 928
2536 962
4610 272
4363 969
39171 725
143 502
22081 227
32868 255
7246 273
4178 815
23023 33
32767 195
39077 87
975 132
26458 442
32258 455
10262 920
39508 519
4651 544
6782 635
7306 763
27553 499
18633 733
35108 884
26019 925
14485 25
26427 107
31099 260
37432 592
28637 491
34229 612
31643 775
34877 587
203 484
5220 515
29738 957
26292 353
81 878
35025 675
22630 638
25928 874
39342 838
5059 807
39998 505
32002 320
36267 698
12585 321
16295 646
24063 489
11845 380
36025 355
6009 264
31225 128
36449 371
32359 752
19672 236
21101 199
14428 465
5791 956
24961 850
6143 56
27814 296
35077 128
18499 358
28971 420
17433 254
19701 407
23196 488
20061 121
10679 339
2196 727
3906 289
19526 86
38082 714
13587 51
4120 639
37457 945
8699 128
11342 476
20554 7
8808 56
4997 57
16708 682
10687 800
28305 42
23671 666
126 117
33464 482
6600 593
9244 861
37534 740
2014 332
15656 857
17184 16
13888 764
15666 669
30148 261
39282 865
14801 289
1237 894
23932 670
3312 439
15316 676
660 28
28981 310
26570 83
25430 979
23501 808
11659 74
2862 81
19544 311
19621 757
16950 883
30789 489
9769 426
19872 731
4033 477
36672 393
21257 796
602 89
39547 176
23635 272
1989 369
35917 941
24330 811
36546 33
3553 189
12058 11
27065 500
19511 432
29045 696
38224 646
36976 457
20845 229
10027 101
27533 569
18896 882
25732 727
6233 788
677 988
15425 721
13034 329
9094 590
21705 327
19966 46
10661 445
16784 430
5158 534
22913 586
10975 978
16763 477
13335 127
20338 276
5228 636
13360 775
15102 511
38836 808
5388 402
33025 195
18864 857
32367 313
16232 666
19454 523
15081 727
17455 378
20481 241
7553 146
18033 111
9024 39
14251 334
34694 27
5904 199
23846 400
31800 229
28155 440
11014 64
34727 100
3647 212
25687 980
6196 221
13755 84
34284 640
22142 857
32783 375
26407 715
28777 894
36002 765
32074 569
920 829
4363 404
19702 440
33359 42
7636 786
32713 655
10709 335
27406 937
18598 820
13846 979
32660 383
4342 85
3280 551
11177 852
21726 38
34282 244
27342 468
1692 556
8718 126
34457 295
32720 876
8108 76
15969 871
19533 326
10680 290
30698 200
24032 901
30047 416
29209 518
28214 766
28916 906
37751 696
6594 820
33558 866
22678 8
10370 381
24827 748
2439 101
34468 191
355 288
18 602
19468 194
12639 643
6830 739
3778 789
25425 343
11564 97
37461 659
37796 668
199 715
19033 780
7066 789
5690 54
19691 363
11405 501
33441 418
13009 752
23835 73
18081 646
14792 635
35537 822
28382 320
22570 831
9709 410
22452 533
37653 913
20700 322
17867 187
39409 788
20332 271
5183 537
34281 812
27511 677
29381 435
23871 382
1909 250
3131 313
2861 302
1963 395
34949 370
4637 884
3640 23
23747 755
20412 504
8028 407
437 242
4419 876
13946 443
19417 934
25161 515
29305 511
22123 727
22669 220
38856 591
11725 240
32606 818
25627 692
6276 583
13159 764
33599 390
3853 299
35209 886
15241 189
37839 207
28292 750
24624 250
22368 434
12328 297
2244 230
4966 981
29275 265
19956 725
28845 789
11026 843
7268 504
678 957
6875 990
11719 801
7245 621
11493 87
9721 377
8915 834
39640 572
6569 451
22380 761
36938 220
22091 788
9372 607
39143 887
19784 436
27056 579
38846 447
14194 347
30812 173
17072 463
7855 278
7868 150
25200 522
20164 803
35501 124
16486 114
8380 553
11764 304
14770 64
24824 865
25498 507
15851 735
19044 665
25228 99
34833 54
10189 136
15322 730
33856 798
7773 591
13476 778
37806 933
18553 196
14298 504
22716 699
8287 56
12099 951
16073 7
3709 544
5569 159
3290 889
22913 788
35404 924
16638 686
8991 887
9936 791
18300 245
6747 213
10843 340
22710 212
23502 627
18846 613
38780 176
31374 432
15891 958
18943 493
19910 325
18313 794
9036 684
15554 153
3103 105
400 47
23231 29
15552 323
25438 614
13164 767
28081 362
1777 767
10136 897
28329 428
23045 487
27323 174
29892 61
39274 804
5106 457
29778 203
39725 776
7039 128
33773 65
21551 514
36397 640
10648 254
19421 709
23081 729
25714 839
18063 700
21271 142
24991 808
38210 694
27624 490
18556 775
20510 727
38639 873
26052 163
29928 845
21767 893
33114 448
25335 236
12751 777
23023 113
5506 160
39621 644
14419 723
24427 517
27643 971
26309 979
32730 800
32054 202
34698 838
34201 56
12506 903
2654 92
5931 769
23482 163
25872 155
32956 713
1372 220
22424 235
8381 927
12372 31
919 901
34424 422
22549 546
37912 835
10645 76
16373 54
17199 103
36806 918
1684 359
34438 7
5553 798
2525 388
21878 972
15140 905
35447 823
34582 505
678 792
3801 802
3552 547
10898 227
15130 825
26628 554
32149 801
12890 572
14353 964
10163 478
3772 951
3599 925
20973 704
4756 643
10680 818
5401 912
16982 80
694 482
15071 855
4250 926
20661 229
20655 940
24739 78
24568 807
11176 333
24747 366
29140 488
39112 14
24676 463
1563 376
15139 556
31646 998
28839 44
3455 370
27044 615
18237 124
10088 685
3220 772
35095 525
20190 90
13799 87
11693 937
36947 332
32337 361
26910 713
31729 907
8313 97
35656 367
13448 255
31007 800
28742 405
15092 642
13364 361
7162 47
22399 123
39031 890
34066 937
7674 969
21751 419
22754 903
18828 693
29781 241
22158 950
31939 140
8729 319
39718 543
19749 617
25198 31
30980 441
10297 304
26640 173
14946 672
17761 649
2353 212
17021 121
34897 706
28963 936
38703 726
31830 381
19342 974
25877 608
14695 841
30572 346
32774 93
37037 824
8056 579
39195 582
26855 594
26943 569
12989 516
17898 548
24907 359
15907 12
11737 337
22609 687
32533 520
13225 13
38325 846
25477 840
35335 589
27319 37
32128 775
39040 273
30423 855
3650 912
10030 184
4854 747
29338 300
30488 570
33339 285
13874 304
26551 876
31161 743
15774 35
33507 237
20251 240
457 74
24624 654
26466 577
31543 529
2654 929
18236 947
14118 112
24873 916
3014 62
28950 3
6823 48
20856 984
13932 521
10407 36
31432 527
27922 764
26839 556
38382 355
39912 229
38260 996
14448 306
15724 565
26819 816
20293 36
33834 97
29254 88
9223 855
36863 443
16125 109
29687 643
26004 846
5660 773
8371 367
37538 864
39576 316
38559 202
16164 318
5493 3
36021 188
9228 872
27227 268
28210 163
36721 877
19133 298
9579 443
22603 16
29264 827
30856 473
14820 98
39560 862
28594 190
24916 139
8222 778
9949 417
19056 436
17902 894
36334 604
27322 64
32371 734
19325 753
15954 844
39436 379
8332 854
11257 613
35309 96
32072 246
38052 898
13457 986
27884 496
15836 98
22090 621
16701 228
6024 281
3072 321
6597 434
37452 862
6914 462
27066 316
19063 184
14800 240
4650 357
11825 506
7097 369
17471 376
27260 197
15933 898
1989 32
14980 187
6192 648
29446 46
7532 148
18548 330
35719 115
38227 396
5742 814
21164 543
18228 488
24180 685
30251 714
37037 308
17285 830
35172 682
19862 272
23560 69
37640 599
37925 252
31434 265
23927 810
10576 684
6610 508
35407 59
37650 789
7806 774
39711 361
1083 354
30860 860
539 199
29558 203
16401 483
30964 255
38733 782
16476 539
18209 399
31875 12
3830 800
20254 643
7190 623
9718 734
18994 579
26305 561
35177 718
17625 813
1026 97
21069 361
32856 326
170 32
20171 721
19591 469
23035 517
30930 729
33426 557
20621 859
13922 869
27139 31
36170 609
4815 763
26616 9
4173 234
15643 783
15410 753
1820 986
26433 787
34724 82
19067 526
7477 629
2141 925
27188 727
36050 442
31667 955
32282 294
15979 448
25328 219
1463 383
18462 847
10874 636
3276 881
19396 730
22722 502
39372 84
2226 449
11525 120
6063 869
32815 996
15642 202
35146 10
21853 52
2335 630
11882 933
12365 859
9114 486
37333 516
5918 566
22272 684
7706 822
19800 825
11753 673
8359 255
36687 393
37514 628
37741 684
12210 847
25392 543
14585 589
424 721
5655 128
34544 990
35201 993
32710 922
28923 101
34822 241
38217 658
27348 674
12495 827
4196 227
32082 50
4968 298
13117 706
15257 740
34326 25
31340 975
2932 197
26183 678
5179 93
38225 725
17896 91
17681 145
7405 944
25983 589
2772 96
6736 281
24155 325
31267 790
28397 58
12382 197
20451 623
38141 79
2625 222
22591 724
19925 166
2545 662
23041 194
6412 618
20815 544
14115 61
14273 432
10627 494
26601 729
3342 337
30467 407
7801 226
6965 535
35929 390
35613 349
20239 320
6288 330
4407 727
19156 220
23302 168
23522 687
1367 471
12258 750
17158 404
39244 428
17386 598
29306 74
7685 914
36085 614
34751 709
5229 433
32489 639
26046 798
12394 994
34713 905
8039 247
29151 2
37808 696
22576 656
20024 20
14059 982
22636 707
15000 151
20285 707
34778 874
31594 618
29080 551
8762 364
7264 155
11955 629
11314 77
17512 544
17702 171
25103 244
39796 547
27237 191
2755 814
13055 215
23925 944
35236 322
1460 163
2897 605
5573 426
11612 388
37943 329
33035 733
21568 522
4943 272
8399 483
38272 83
35672 786
160 193
415 848
31749 849
22557 496
39926 379
11690 918
18406 339
28606 212
39125 44
24096 761
27524 735
25018 841
37954 806
30053 869
27777 499
39461 901
12079 961
30508 648
27217 633
34190 93
5999 333
22655 349
33663 507
4079 695
6737 974
13230 769
36548 376
26204 410
27754 490
8342 28
27327 143
11611 1000
7251 423
35294 781
285 610
18882 582
36426 446
1385 476
6397 27
39888 155
4822 681
3846 374
13479 572
34852 196
1920 302
21895 156
15930 35
6434 126
27707 730
12253 537
3659 337
482 472
26449 972
38966 555
30562 619
11992 137
36840 200
5229 84
31897 99
37132 295
30178 703
7332 56
19891 765
35727 679
2129 104
16385 942
12701 718
27784 30
10970 452
10006 28
27938 486
35763 861
39848 544
31345 706
14449 954
1565 126
29518 496
22623 113
22986 576
12866 631
39455 777
31978 679
11137 990
3808 501
16002 953
33480 256
33771 739
32457 125
24530 672
34401 386
27526 232
404 743
8007 916
18787 426
7422 670
32938 718
22603 731
3661 218
732 131
34567 144
12612 860
39945 898
1960 641
6195 639
9162 415
33584 192
26697 770
37931 781
23901 497
13999 483
37624 100
34472 992
29261 59
20151 426
15816 940
29068 768
3662 27
33136 673
25004 955
16931 246
35700 497
2828 769
22676 152
32549 913
30117 676
760 869
6361 842
11768 971
17831 690
26396 179
13665 286
462 241
35695 662
26433 818
23300 598
32797 669
171 195
23252 443
12540 477
34780 489
36860 871
28992 76
25166 363
11329 143
4955 824
21799 83
25261 451
18941 20
7965 267
37894 843
3504 735
12273 379
21024 363
15383 480
14999 693
22691 912
18343 729
5825 322
20972 413
22317 852
31327 817
25796 386
14550 738
34950 119
27702 337
26664 954
28830 173
10874 505
10298 334
28173 581
20540 869
27464 307
37286 889
32888 891
32806 125
32935 586
24983 958
3613 637
9542 651
23313 699
25676 714
26402 598
11139 14
36675 251
17457 397
33206 201
1157 235
18236 871
20293 791
6038 905
15287 555
27721 537
20835 932
22541 195
12312 355
31003 366
16743 777
31937 365
32502 948
36174 160
9164 598
3780 665
36293 508
36723 708
15811 906
17759 808
10894 425
21240 95
35318 767
35874 512
38708 542
8259 231
24399 55
4770 118
7649 975
4622 352
28570 327
8202 677
4251 78
16324 77
28014 783
17539 36
37450 39
10110 433
7414 559
36706 244
18897 999
22049 687
37138 211
1921 402
17848 911
9328 959
25261 506
36737 391
11556 723
23414 772
10439 504
20956 907
22632 329
24985 113
24987 442
26519 748
506 174
37173 117
15165 297
20508 593
31761 362
33708 151
16499 16
25131 816
12411 880
27464 741
8487 112
12761 178
16102 80
16521 8
34278 836
37253 273
33039 527
20256 71
32342 196
2 72
32389 523
9392 750
12030 961
33225 71
36922 995
15424 424
28219 158
5273 949
13944 480
2405 820
2097 562
3511 986
4498 772
3370 949
13360 788
11990 421
21534 834
10842 779
18910 651
17598 539
29999 141
28984 168
5276 723
16537 359
26827 104
7464 729
29782 111
10998 207
28354 460
31168 599
4121 878
27932 348
26725 850
24987 957
17083 839
24253 362
8548 940
4306 64
14485 105
10430 18
19855 94
5998 17
22802 802
2443 274
6149 309
36814 717
5756 454
12937 18
23047 966
25722 558
14782 347
36449 194
23119 853
1296 853
20377 409
25689 106
9613 694
2706 113
34602 176
7810 81
30304 117
3406 804
27725 710
2716 534
3957 172
39268 36
30844 695
28492 431
8465 96
17613 968
21453 269
35969 549
16070 962
17823 815
11138 28
27407 622
10228 234
1992 114
17021 147
372 846
37907 725
2237 484
958 172
23883 284
10336 737
11193 398
35074 158
36915 210
11248 211
32961 52
23270 459
19393 895
32050 360
36899 762
14139 470
37588 548
4867 406
17425 414
30165 113
5481 893
17732 503
4231 671
8998 355
4497 755
27016 31
23439 126
32090 790
34462 730
15008 604
36063 980
7470 387
24467 475
39262 341
32536 480
12146 652
35170 919
32277 248
13865 326
3396 23
11082 320
12404 415
17413 935
3113 242
2179 4
2946 358
12528 881
29665 521
12671 798
4235 969
20719 672
22621 585
28607 733
25775 128
2702 212
28577 597
37123 169
55 174
17727 761
21262 23
15477 412
11751 528
24572 250
17521 151
2919 932
8421 828
37974 927
3169 68
26512 990
35263 226
32594 69
30325 131
31868 629
9846 463
20972 447
23441 668
24975 546
25295 990
36707 631
18778 488
29605 124
15063 545
34074 988
18297 154
31822 26
30132 545
36439 75
4793 263
1175 21
12330 663
20030 28
8741 996
2287 224
10945 293
27532 451
5588 473
35972 804
39721 470
30101 99
2375 912
8274 229
36873 280
37430 897
20664 439
16085 1000
28438 335
8084 334
676 688
14315 874
22879 5
35735 98
27256 943
6288 310
24320 372
31729 663
25878 636
11757 209
7270 324
10466 1
5209 7
23565 969
25792 304
33809 811
34377 209
29434 871
19997 1000
31705 1000
29911 429
29408 994
21285 514
11852 54
22135 210
15743 551
25535 774
35919 204
6127 239
24980 698
31143 448
25791 966
33303 750
29029 152
30928 579
11705 926
34752 71
27916 366
2730 469
11182 833
37148 726
509 485
17114 845
24379 43
9875 285
28887 172
14318 301
12184 445
25962 293
3649 168
912 518
28418 675
3531 497
34445 440
39552 891
3301 625
17883 669
33189 81
11317 418
35865 406
38093 324
17334 81
23992 304
33663 38
36998 343
14118 748
16839 33
13994 869
17289 909
19853 894
19041 108
13812 607
7745 463
7645 685
34748 20
16001 60
2943 691
2984 370
7287 972
17379 823
11362 434
24003 290
12662 907
22919 32
21908 215
25202 70
27609 846
34176 466
12022 365
6077 844
18367 734
35782 8
1009 670
19862 690
30671 553
29114 775
9127 370
7260 494
18024 309
15689 936
26889 435
18899 680
11158 722
22994 167
11685 75
5103 796
15242 731
7872 922
3190 368
17975 702
37508 660
6213 779
23026 915
36875 733
14574 500
21960 802
16572 693
2012 270
23556 421
20722 334
25852 531
9824 124
27874 493
2290 677
220 874
5133 982
23007 470
31907 613
22378 862
11167 469
29164 960
24798 160
25554 805
22681 894
31211 171
33687 922
39555 508
5316 711
25942 179
37500 586
37375 650
31279 482
11952 428
18826 479
36552 925
36933 281
6733 819
5637 421
35044 585
7680 207
4933 634
20713 908
16729 702
16853 775
17630 700
32701 647
7823 862
19864 396
19690 790
2608 260
36489 886
23784 416
35828 883
14082 897
27253 992
17045 250
15439 742
24898 867
2915 733
489 685
14690 727
25372 347
9035 372
26109 502
15156 381
28436 479
16155 795
32540 313
28281 677
34960 272
20703 563
21361 944
7464 245
23541 29
17597 290
29095 505
15385 992
1520 286
26219 434
20398 629
21392 864
26628 679
21777 346
39164 349
7224 352
17002 827
25718 888
14487 651
23792 540
246 324
6558 317
28013 576
28654 539
27740 39
26888 277
38011 384
28896 549
5660 133
23411 497
124 893
4890 26
4818 408
23447 950
13773 901
22441 528
15981 240
19711 367
36466 845
26914 693
16577 1
2692 299
20145 773
13203 541
6669 941
2476 209
39623 289
3711 679
33524 771
28064 159
24120 236
35084 546
6661 389
10068 206
2154 951
11775 830
35399 481
36378 533
10472 727
14800 709
24727 426
37737 728
32576 50
13187 630
12977 593
16425 778
12033 243
7254 182
39664 591
21823 717
1167 745
3918 473
27459 475
4261 6
11093 227
6463 843
25986 924
34527 692
35760 338
1803 958
36143 178
2429 292
33187 182
19310 722
25870 666
32385 664
30478 747
24325 620
23321 562
6998 894
1325 188
23509 539
19283 393
30793 728
39462 525
23197 185
18138 173
21873 973
33463 187
11427 82
39043 458
39064 447
12237 756
39404 483
7123 767
34680 339
269 955
20675 958
14436 206
21024 70
3949 769
34065 270
19551 606
14086 209
39286 839
33993 740
31337 965
23088 138
28603 946
22728 565
13589 734
10596 531
31218 492
10528 995
2283 968
15997 191
22320 113
20450 785
4287 189
21342 232
39543 502
6353 149
16964 69
10099 512
4153 555
29024 393
9590 833
20548 796
25117 884
16648 197
21041 245
13296 180
37706 175
14854 324
38029 223
8615 1000
16034 360
34738 156
30892 552
37169 723
4718 266
8280 525
7593 893
27587 664
35572 432
6399 392
15755 919
38019 403
7383 816
22196 444
17782 32
2917 597
29046 29
36911 276
13035 483
24653 894
38899 309
33630 437
1674 600
32905 222
38832 545
8726 676
3089 719
26178 749
18344 993
32453 624
28918 987
20670 866
2531 112
7057 428
18068 267
31051 425
13653 19
37120 489
35986 818
19016 24
4710 180
13141 122
28829 179
29917 749
36286 770
32051 193
12960 420
589 750
27306 891
29588 888
7896 320
25964 237
25525 112
5512 34
4403 851
5107 302
9587 602
6206 304
39990 326
29371 296
5825 632
16865 959
32353 60
7989 169
185 33
15021 558
3622 601
4513 601
20919 134
4864 129
32200 197
33600 928
26905 303
29504 682
20578 557
31740 454
23406 62
35129 99
16323 524
35534 916
30401 668
21285 400
14560 999
9535 185
178 215
39233 602
10946 679
17486 890
9553 682
38572 361
37532 462
20696 260
25021 781
15306 825
26845 330
24784 55
36584 982
24270 621
25821 170
23935 787
31167 339
9071 318
35700 42
3933 176
26122 432
4796 327
1637 436
8616 361
19009 687
14299 118
35698 218
2258 363
120 921
6805 48
8953 900
22821 682
39256 660
10296 27
32192 453
37658 1000
14781 702
38707 49
10791 682
21028 474
15614 543
31414 700
2755 318
16452 616
14202 322
36796 87
16349 986
5848 424
283 158
11699 667
38702 421
28172 620
1809 616
32674 597
21510 767
32021 456
35485 705
16940 617
26065 900
22700 491
2560 393
26064 540
31945 34
24516 558
1728 716
30386 296
35568 714
36862 540
55 366
31682 738
26935 523
17274 202
11490 892
29066 724
17772 862
14227 375
6677 790
23543 541
30921 10
9356 538
30850 180
19448 722
6359 248
15009 1
5015 292
8347 583
5022 72
7060 635
10420 746
11553 346
19941 498
375 286
28317 141
576 846
29776 827
32765 141
9664 914
28296 245
2649 873
8335 645
19465 408
31601 730
12093 254
30351 52
6267 468
20902 437
6318 141
30026 968
29856 196
20176 53
14532 922
12968 458
12472 140
35212 402
5156 197
26644 228
31397 634
37828 679
31115 144
31953 115
35271 855
5200 11
38575 371
11652 742
25596 778
23885 926
19409 634
34506 147
15101 341
36379 638
36374 186
1172 231
26101 968
30964 17
27002 724
35232 842
20950 752
32199 577
12329 297
19136 788
4211 622
21341 638
3386 86
21203 582
15115 658
17736 163
12885 516
7629 684
21544 256
1667 85
4320 1
5730 838
17386 422
26333 198
19508 549
29275 638
16488 495
31086 317
21947 955
18673 733
22055 235
867 661
11676 348
13123 77
39314 978
37058 694
17018 774
27932 560
8525 282
13191 993
23326 763
2148 337
24305 454
27910 526
36750 100
13531 134
23554 147
3906 984
32569 465
12294 493
20726 462
35888 141
32752 134
16691 108
33726 760
17363 589
10686 549
57 916
17342 234
39765 255
33230 475
13335 724
6988 393
5152 521
10758 769
26207 113
22595 841
26881 77
37068 503
31498 832
29126 826
290 864
19344 827
39613 283
6159 726
17456 829
9974 462
39083 852
16443 488
34639 215
14535 289
9066 822
9928 589
39351 1
36716 735
16281 51
20683 836
2199 339
35986 300
26175 359
11382 297
15888 286
6918 772
11986 267
16153 855
36470 345
21404 357
20165 876
389 195
8766 226
36397 131
10283 526
33368 111
39437 225
15240 715
31457 740
15618 225
29802 4
13644 730
23435 39
7642 281
8181 517
38079 132
9182 559
22768 720
25303 413
27812 2
4757 626
34665 929
11192 223
20123 249
23414 160
27269 55
201 735
8285 903
9094 141
24562 500
6196 653
27283 793
23320 9
18988 64
583 328
22598 485
2837 933
33161 36
26930 14
31702 13
33143 981
17384 646
34719 533
4772 508
5236 842
36570 838
10541 208
21378 206
6279 628
18544 232
23571 281
14815 578
1589 243
28727 875
34532 774
20090 107
21876 82
38433 851
39513 732
25886 775
24463 642
30665 850
28175 912
22221 770
11323 467
6020 738
31994 984
33207 145
10471 800
29466 399
22888 524
24827 584
32014 418
21832 454
32798 106
37342 626
11839 750
14249 652
33605 644
31208 126
26290 347
38683 665
8873 13
2788 663
30261 830
36428 515
28242 157
28785 615
29517 894
9558 683
18436 379
31051 987
29153 610
34727 441
3819 832
17388 812
4815 822
23564 949
14633 818
29890 298
26094 699
34909 290
20856 668
31173 208
20643 798
36891 572
20754 744
24752 534
20247 125
17932 685
32577 362
17336 654
39616 240
4636 467
27803 187
7824 718
17252 522
26047 752
29902 274
16639 830
35468 956
13714 248
28417 355
8809 30
2505 522
24155 248
16025 700
5244 221
26205 481
38489 491
8523 216
32053 395
6055 259
14851 354
30845 751
29662 596
17005 13
18283 798
5988 298
23859 940
27603 505
33860 15
27623 988
6137 956
14048 427
8534 604
5645 588
32895 615
1471 826
34774 575
23753 103
24362 13
727 714
5417 898
8018 663
37231 219
2328 368
5862 192
22908 825
23717 312
39524 724
19484 881
22867 668
37608 273
8851 616
39131 408
2915 995
3235 730
8496 104
39206 413
23538 716
9822 183
16353 109
12392 185
15254 443
8120 168
37191 481
26786 737
26223 688
19092 508
15728 268
38462 743
29666 565
4836 420
6788 377
34909 252
19814 605
29916 894
29107 826
34931 467
38147 606
11548 783
20472 942
36470 25
21560 475
35632 334
30711 237
16924 398
22450 114
2523 701
13465 372
20658 671
13747 40
18341 478
16406 530
20787 41
19769 619
19128 883
13248 40
18429 324
6130 145
37455 941
19103 530
14322 241
35944 857
32806 98
14165 28
28022 780
23905 55
26045 651
25548 109
996 471
1656 324
22132 593
17795 822
30080 672
599 687
26593 628
24198 138
9470 617
32645 500
17136 811
24702 783
35535 144
3303 701
10418 439
35658 377
1996 316
13764 809
18544 228
8317 68
1563 966
27484 982
34598 790
14548 867
180 944
32094 442
33098 247
28867 478
27268 232
10450 424
27707 302
10177 767
1635 974
3850 414
20483 831
18089 556
29465 465
4085 341
13208 852
17380 808
32119 768
7067 86
37446 731
32951 606
2902 435
29086 317
16397 611
10717 155
765 165
10701 227
37073 789
8800 244
38158 574
5072 827
9996 881
31418 232
30255 936
34035 771
19112 439
1278 390
36564 185
26682 241
25036 107
33457 806
19518 851
4951 965
25470 389
31660 86
37033 98
8057 281
37132 346
8266 117
5123 217
17225 180
36937 354
25923 303
17413 639
21425 183
3823 311
29179 664
16456 897
11996 861
39469 838
35707 468
13833 651
25725 401
12760 521
37673 859
27028 929
6648 740
11980 731
16477 394
7748 821
6027 461
37311 4
37032 870
7845 376
24928 54
3039 133
32505 559
7337 153
13146 496
14294 329
25171 287
26232 69
28807 387
38038 564
21971 121
14816 152
38600 244
11985 250
32300 812
16225 484
21355 721
32789 619
35687 550
8813 610
22168 45
18190 482
37572 417
9275 364
25931 220
35826 102
35785 453
5114 582
3712 89
227 259
38755 259
7201 452
7057 169
2315 627
33688 144
28396 192
14812 933
25788 382
38343 325
15167 322
13499 519
3490 871
11877 815
32357 656
3965 207
2960 948
18464 914
28834 391
19942 88
31670 229
13163 751
1700 99
25255 391
37336 505
16163 270
21334 868
37591 658
7860 853
38792 906
237 844
6898 113
19542 409
27485 123
24752 931
10479 291
5301 858
5492 56
9724 762
14200 631
27097 772
29408 173
11760 812
5448 206
21275 571
38032 267
10620 240
29586 537
2356 784
19299 502
21688 639
14511 486
5043 219
20955 430
20006 503
19309 549
38800 575
5776 674
12979 353
1873 762
29810 544
34317 399
30292 249
6112 315
30000 164
17682 141
25352 199
29581 760
3660 41
30512 506
3849 61
5277 144
12064 628
30888 64
30831 543
38712 493
1084 958
17588 308
6779 726
10501 367
37790 725
15905 265
4168 258
38221 604
25437 569
22263 250
32471 601
31350 800
28465 951
4683 24
39486 987
2413 18
37077 95
18584 746
24055 82
17956 445
23190 285
10992 639
39895 70
11863 109
7363 454
6715 792
17236 166
7423 492
39344 11
39743 569
28515 53
2960 580
25113 755
10561 982
21089 250
191 56
7689 922
39417 302
22969 806
22190 475
22410 58
35257 545
2574 975
30753 883
13720 355
28109 48
4996 38
13881 707
23162 385
38785 892
25229 117
9864 527
9817 398
7881 89
23701 203
22210 608
2180 367
35219 572
37179 180
12535 902
3071 189
35741 566
17545 225
22496 808
33079 112
22242 771
27686 828
5606 229
38791 561
36772 213
38064 617
37680 557
32265 468
36150 192
2403 53
32775 255
39840 955
12581 285
32639 659
12309 374
8508 943
4910 255
7535 20
24366 499
38557 464
13106 422
36226 623
10124 267
2790 739
7455 362
747 526
3954 144
6078 347
23412 970
20488 988
29062 142
9894 601
13199 297
2988 365
21659 464
30471 516
29619 405
2431 461
15214 902
28437 564
7970 362
8503 317
11981 817
12013 611
8942 889
35742 967
26695 314
5685 653
39843 873
27925 740
22500 479
8193 991
14874 659
7852 922
23694 997
38844 839
30197 768
32359 183
36757 714
16264 804
30159 98
19844 196
35827 169
25461 75
36700 218
20685 133
38727 437
25952 735
28107 815
5612 615
34400 497
15492 632
32009 162
9610 821
25903 206
13676 747
7428 78
3344 377
30888 285
21920 450
35916 506
17262 894
29135 539
31382 752
19767 897
10954 265
23112 790
4160 221
28563 196
1910 263
17451 514
4902 904
36366 253
18040 704
25526 725
1909 515
650 684
4029 512
29432 663
34633 75
19302 390
3421 117
7010 68
9077 819
27102 528
4172 565
26635 173
38721 182
15987 349
34287 919
369 880
35291 996
21280 415
13195 55
20925 882
10822 355
5561 79
22086 934
25106 704
36609 24
29635 536
9280 967
30800 392
30636 636
17311 193
4147 833
7303 575
30180 509
16880 531
22826 629
4016 980
18391 647
8346 522
19100 381
19967 339
31495 222
3955 984
13480 89
33045 897
21590 908
36642 825
540 590
17347 768
11414 442
28803 803
32296 625
2531 946
6719 224
29100 827
37387 239
7834 930
2531 701
37639 121
38896 971
28918 967
7831 583
19207 166
7768 143
22780 369
23166 901
23621 670
39718 936
35150 79
23870 390
28870 862
36056 125
25702 562
13377 490
31032 488
25618 632
13781 721
33888 64
7989 761
25103 806
36240 592
19060 529
11004 680
38230 589
2649 967
16806 427
36329 639
28542 944
33969 707
25552 675
36817 630
4224 390
5213 249
29028 896
5033 747
3804 868
9298 583
23334 525
1201 511
307 861
35623 722
18794 492
16843 871
15300 507
21833 459
15415 437
17930 703
20290 316
30600 767
38418 835
5292 294
15816 761
5233 569
9519 393
14341 998
30563 15
2141 522
31238 204
12697 350
9546 480
19076 265
8455 274
2859 995
36446 759
22412 264
17185 30
22924 248
24093 957
38843 148
25580 226
27868 80
17026 598
14594 327
19168 836
3498 972
34032 788
25506 356
34634 856
8776 409
3182 729
15991 175
7892 605
28724 353
13848 698
23863 537
35692 719
19380 650
29539 348
13852 400
2768 318
27286 682
29999 125
17632 853
35161 948
3582 742
9568 223
31213 224
12490 677
28848 422
14422 569
32280 410
22550 695
29859 465
33125 631
27546 775
6498 93
12325 845
22285 763
36241 384
33409 38
23646 930
16701 409
30998 516
12764 271
15014 940
20314 761
6504 893
20309 215
9472 536
14914 711
30767 67
5154 275
35339 783
29049 55
10883 812
7729 530
39557 90
34189 379
23157 486
14770 217
5197 17
28617 619
21402 386
7318 569
3738 390
20646 699
10223 289
9643 566
23645 22
2445 286
16124 297
4686 968
15734 339
37087 322
25013 441
38618 142
4442 720
37362 889
32995 653
21400 777
37494 420
11788 550
29308 829
33322 830
21838 640
18533 500
17649 377
27469 804
35124 700
30803 82
17633 762
5695 1000
28083 827
28855 291
8336 730
15001 883
7039 752
22338 899
23378 529
9052 883
11550 174
4053 376
3233 900
33465 996
19742 764
11724 451
14218 630
35609 202
23471 201
23425 677
18887 790
13121 857
23376 230
5403 665
2890 617
26202 411
29921 532
8260 735
6704 996
28460 293
10606 694
30101 848
39675 791
34295 657
900 293
13074 985
727 337
17357 92
4848 696
22618 746
3269 336
4781 9
23245 785
20680 499
20811 601
28277 101
12381 564
459 619
17463 903
8929 97
27501 687
8967 552
5263 390
34522 935
25765 766
14798 354
16745 685
21928 237
21250 769
1802 499
29836 671
18186 421
12337 483
11397 133
9139 511
9046 28
353 780
6279 411
16628 11
34420 559
11134 14
7105 319
37500 943
6846 431
22158 782
6775 523
5025 961
30450 57
4348 764
7766 775
29485 631
35215 330
21508 40
1371 912
14906 922
38540 19
11556 46
17239 201
29222 409
33404 751
17006 682
2411 667
38717 744
12924 82
35114 657
15131 649
38773 862
32493 168
28703 291
4687 251
23796 157
6187 402
15659 726
35752 945
16596 544
8236 412
3623 945
313 905
35826 113
20843 615
24802 426
33876 447
17716 263
39746 586
39570 147
6913 613
36826 863
14954 420
27558 116
33344 296
7488 600
30061 943
37086 107
39328 445
14727 259
30980 313
12038 427
34717 507
3846 880
32421 684
33181 469
33073 857
5626 334
33602 30
16836 629
2582 222
36679 500
35538 555
4008 350
30467 606
35467 994
36421 472
5979 803
19318 954
2282 554
11788 991
325 889
6141 33
4200 401
13190 677
38287 852
13499 577
10757 490
9104 95
9738 82
18073 989
25530 363
16894 211
37687 425
11364 29
28450 834
3738 267
23019 229
24466 34
357 152
28941 636
30015 967
18870 183
19576 958
10537 122
38166 870
17419 52
30119 136
27881 311
36226 960
20825 763
3597 32
27218 652
5292 502
3460 543
14258 475
36078 98
28809 52
28310 753
6302 119
22968 397
30872 674
6502 597
26682 723
13373 12
33491 335
5710 616
30320 935
35224 978
20237 619
18624 326
22094 182
2287 595
22187 948
21837 463
9407 647
27420 704
33969 66
18813 115
37385 475
12441 381
29512 914
14386 102
13079 38
38354 867
32499 133
17054 381
12639 242
32535 766
25290 407
34963 922
5627 297
18871 581
25085 64
12085 352
3890 778
1166 941
20951 995
17253 665
32210 428
33568 671
24341 758
30828 501
33891 698
3389 509
8131 460
2855 996
15100 944
37141 348
1963 700
20278 961
15858 935
24051 785
22889 503
27146 979
24876 44
7501 339
30158 119
3294 424
4786 697
3676 564
6783 318
19209 248
21716 844
9821 252
32754 382
29282 411
31333 557
14825 474
17948 53
4522 48
34419 927
16331 380
2507 391
7711 87
8455 401
26780 145
36620 676
22768 445
1443 353
39887 215
24003 535
37407 108
11697 950
31209 215
36143 15
26331 410
384 777
20586 446
9884 599
20641 670
25365 348
31598 363
7836 924
35670 943
2859 400
37409 160
32879 163
36546 832
39455 848
21868 822
26725 426
38684 701
20550 353
11375 524
3733 381
31494 897
36640 959
28806 575
23372 749
12414 390
25446 107
16990 94
3034 983
17078 431
20430 927
521 516
19873 600
3274 615
16881 562
26206 110
26821 728
38925 488
14717 497
31199 904
35922 425
9454 162
37593 771
23232 709
25273 540
4683 352
3635 288
35297 167
15353 451
1740 696
24266 944
29290 438
4525 190
10384 629
33508 30
28670 530
28824 562
7831 856
27471 98
38125 655
520 452
10568 601
10467 801
19451 939
20552 67
34385 40
86 327
16787 844
8556 59
19563 857
26102 929
27781 983
4626 980
34743 452
36854 552
33299 945
30955 417
4084 179
19473 260
25559 988
28100 532
24000 472
32094 294
39973 524
5302 391
7080 605
23210 393
14047 992
36295 39
20313 90
6778 348
15226 279
35923 602
16518 820
22239 214
25565 564
9557 237
14093 623
35489 327
14455 213
1395 51
15969 431
35620 181
14735 888
21699 65
13715 920
16637 956
11124 241
33442 173
13579 160
15367 272
1530 892
195 529
16400 857
15 694
23494 447
26827 30
27593 29
32831 846
28997 693
10260 857
37267 498
27819 760
14179 855
1039 522
34176 615
19658 386
19177 335
36143 632
24876 414
3544 29
25978 445
15016 184
7370 102
38131 753
24635 950
26039 785
31241 557
5131 754
30301 430
23648 443
1158 222
26038 589
26122 706
21947 133
13276 860
2589 758
3098 765
36404 38
6388 524
12157 799
32984 302
31907 303
18958 837
36978 884
23984 679
2372 769
14395 897
11235 448
23121 140
9334 779
21050 104
37855 139
8780 955
30694 172
24510 196
10585 634
21208 49
23942 106
32973 885
13812 848
34814 82
16080 852
18721 692
14786 435
37238 294
38045 700
7401 824
26403 128
30332 754
39020 261
4637 990
3603 278
30487 245
35131 305
4285 265
25322 542
9633 530
18288 691
37141 399
13557 947
12479 806
32629 680
31250 929
9015 947
29741 138
36887 969
7169 636
35915 29
32118 465
17345 689
27843 113
24014 865
33226 851
36168 716
27375 861
3908 542
39544 742
18283 537
38301 780
34081 287
11686 466
38840 901
33510 463
26835 346
17744 235
38629 685
24466 414
17388 405
36711 698
33621 516
21151 207
23072 626
37747 914
22898 945
9964 259
5111 965
39416 627
34210 652
37549 976
31504 245
35175 319
35886 768
25050 864
29153 421
1495 701
22615 939
6057 861
39201 759
1885 63
37373 197
30875 222
11724 884
22323 805
27348 437
10361 622
38978 407
22747 450
27031 530
3318 763
38194 605
27074 44
16001 688
6273 746
5857 253
30438 894
9796 845
29848 108
29636 81
21580 369
29642 654
5566 713
12944 480
9460 386
7633 551
7887 480
7430 160
34915 39
11198 496
14515 676
19589 581
34799 322
33439 804
34190 832
4854 856
35220 649
27683 762
5519 384
14469 416
20858 119
28401 729
14002 950
50 394
19743 257
5880 556
28003 134
8084 296
37431 814
9717 107
1302 985
36885 985
31950 332
30619 217
35779 452
23219 766
24958 166
36310 372
27567 829
10326 104
17554 231
731 375
19405 622
30738 620
26539 756
17522 568
11820 428
37180 760
16674 781
39428 411
13409 460
27483 33
17659 831
11088 366
5081 445
5918 60
27855 538
22244 907
26166 149
5343 615
24353 808
35776 354
39821 277
18356 422
21517 804
32881 282
35967 989
16312 936
36363 738
2491 588
39849 210
10697 866
25546 501
14474 523
214 741
14050 142
17581 599
22651 242
28032 102
26239 956
14197 754
39017 829
21213 654
2110 925
19946 954
39005 688
4197 436
12956 253
6323 16
6360 934
31936 649
23909 412
26353 344
5566 80
22830 896
22013 59
32056 543
12957 316
34893 250
27280 482
28279 876
4382 180
13560 171
18086 812
32918 681
12615 292
4954 767
18928 578
1307 633
21206 424
21120 407
14851 972
3034 915
27396 544
39292 386
30883 565
31161 401
35516 243
8665 995
12332 825
15208 948
21634 529
36057 148
19856 152
32377 839
28850 37
38796 287
17915 471
27125 974
16107 122
25628 293
27808 632
35553 627
23009 22
9995 930
22885 31
4951 100
25357 387
21970 662
27217 477
37768 508
26779 103
30325 739
28884 621
25597 766
2770 791
5964 712
38098 204
15683 878
9116 675
32598 294
32779 535
21032 859
20523 969
35278 18
3710 233
2038 224
33945 356
7938 755
12049 636
7842 82
6176 273
31264 185
22393 833
17194 374
35645 193
33815 638
9897 426
28321 402
15530 643
16925 688
6303 120
30380 492
21593 611
30675 965
27913 29
35951 185
7749 140
23107 888
32340 138
23635 309
19207 27
16852 838
38198 224
12916 302
26825 5
1974 545
39913 894
20388 549
15582 529
2519 628
36348 232
21918 209
12936 160
35189 180
223 470
1327 698
4199 343
6034 768
26947 32
24699 169
30562 356
3224 735
12481 632
5698 977
3093 836
5487 697
20427 943
34949 235
21306 234
28551 925
21909 839
3614 963
18123 495
1824 415
36142 902
16097 828
37292 985
27741 40
15493 340
31884 767
24379 161
274 931
30863 967
8760 69
22307 676
12536 6
38583 413
22479 827
30732 398
16556 157
23555 483
35405 633
8629 718
35245 508
33181 10
27680 594
22062 176
8730 234
2502 214
24437 791
23948 944
37261 164
299 84
24355 894
30849 10
31942 341
31616 535
36823 465
20123 317
23205 249
13846 717
34607 225
9490 702
32669 999
27078 142
7267 677
33122 815
14686 365
2348 272
25351 305
36293 197
8539 657
34359 284
1616 775
9053 163
19378 566
2902 344
21488 948
27554 79
525 895
33640 529
35331 470
12123 231
22623 179
17581 139
18469 84
814 818
9943 748
2888 404
18625 506
33914 984
9329 302
32604 629
32397 499
34917 573
13495 815
5311 314
32668 987
3247 222
30560 278
14503 294
34163 442
2229 345
7205 17
38060 874
22019 842
2656 383
27118 540
19119 957
22402 828
30987 177
17687 809
22817 518
27255 999
27943 846
33049 539
17076 474
11529 93
18742 80
27897 285
26202 916
23012 493
12538 237
27603 281
26872 539
27538 294
4947 243
2185 124
27961 180
1269 339
35954 478
18661 2
36738 711
2426 204
25054 95
3949 286
14044 955
36983 450
2902 248
14628 553
1483 732
26647 733
24255 715
30124 109
31652 676
32790 871
4514 790
3280 156
28893 492
12250 828
37901 493
13625 657
39380 292
85 894
2191 489
28642 717
25689 609
1497 811
36320 791
28883 392
30081 974
20267 883
12731 927
6342 327
35 461
11317 778
22502 777
19922 455
31787 509
10687 380
28298 842
26272 910
10372 753
37964 410
11225 122
35529 245
34954 169
27721 860
19006 373
11732 831
25431 293
39184 464
35982 900
30594 49
26498 792
31277 901
31149 537
3065 937
22585 31
21821 488
12338 433
3824 461
30446 654
13382 418
25896 594
4765 958
25654 292
4296 545
34400 38
38100 680
37170 774
39997 210
38531 803
12129 598
16769 375
27261 338
276 89
2045 188
21020 13
28537 740
28079 662
27965 793
8995 735
3535 367
39870 834
27987 887
17645 234
34265 182
38070 92
27168 895
22642 765
8292 510
27255 316
4364 198
26618 469
16392 729
24975 60
71 598
35646 693
14412 411
57 636
8343 464
30466 62
7378 953
33987 581
16330 133
25085 844
1216 462
16126 47
15967 342
7431 856
14496 885
3104 536
33160 607
27798 4
12847 231
36076 182
17549 489
13478 545
22786 510
34041 946
28299 630
4376 64
24176 60
32103 617
37454 241
36242 638
34299 895
39067 603
4477 609
12615 237
24248 107
4885 226
3974 61
9482 16
660 913
39584 730
2394 909
13997 637
17717 904
39288 938
2952 519
29658 157
9539 784
24526 554
34803 846
7054 43
27 770
1779 467
23722 865
23838 601
1947 844
11620 951
36460 734
25611 958
788 14
37117 218
29631 759
11084 346
12508 526
208 394
31664 597
3381 555
39844 118
23430 940
22931 180
11693 142
38038 942
35078 879
26933 42
29871 897
30279 651
3855 392
12823 964
29253 838
35619 911
24384 124
29601 926
10526 85
11400 829
36106 655
14139 214
18918 76
14982 44
24766 43
13694 169
37267 716
2331 325
957 163
4043 918
13455 486
17789 331
4044 982
4760 279
12762 826
30631 174
19844 60
30345 216
4416 915
25824 684
11846 227
27320 929
4225 178
12022 539
4339 122
15205 952
3936 307
8719 717
13767 338
23143 502
8931 695
7368 780
9320 729
37677 84
30706 133
23406 292
10761 105
8304 122
7435 29
20110 568
11766 395
6396 35
33437 695
23890 338
23499 404
24802 685
18283 650
10095 137
39977 924
6396 159
29491 142
37748 839
7055 48
8849 945
11215 208
27179 977
24779 182
33143 254
6952 558
34838 261
37690 227
3804 130
27397 953
12170 986
26937 750
14933 520
5608 500
17060 854
18438 481
13439 559
3113 584
2556 240
3882 858
24331 37
12625 847
22511 643
39371 920
11252 532
17662 724
21541 228
11454 490
7234 915
7269 793
14239 703
2122 195
33731 230
32900 449
9280 28
4045 488
11189 410
25517 949
19959 40
24820 586
15268 444
39264 162
10156 929
9075 441
16539 393
7764 388
19997 36
39922 970
7786 769
8059 812
19373 547
21266 703
17113 292
21177 159
10106 598
9810 439
6629 925
8098 803
15945 363
25771 436
2137 916
36493 50
10410 851
33053 392
20393 431
28888 787
3299 877
29385 648
28646 46
11278 553
1777 251
29033 711
13098 275
6101 872
7521 727
4212 675
1909 83
14626 946
10266 771
18022 913
29736 129
12583 524
22631 496
31964 4
17116 69
32286 7
13183 560
29077 412
14856 160
35797 933
26977 157
28956 801
8246 67
9844 50
24182 481
14485 511
37642 906
2824 946
31404 435
34983 43
26175 956
33935 95
11056 535
31014 143
27656 668
14127 515
4152 773
2019 993
32584 917
38397 784
16854 238
4467 747
20638 88
16730 797
33974 590
13444 5
17112 463
19373 927
11089 525
17924 763
31200 954
25966 334
39532 95
36442 266
615 620
30336 690
38220 758
5858 510
29394 703
4589 662
26456 718
8978 101
18876 328
924 836
21197 861
21709 375
3431 692
18262 417
25678 499
39638 720
8626 792
17821 430
37190 865
15338 331
3663 685
22483 180
37042 399
33903 235
34847 645
18590 383
15239 587
34820 119
39154 332
7770 336
36227 804
20872 418
122 444
11695 155
28539 380
37816 176
34399 49
3169 580
12049 456
25131 486
17535 555
9836 85
841 987
1434 889
22526 710
10796 936
11834 629
328 170
16989 901
12363 310
4534 711
32337 73
18103 328
34378 956
24611 829
27607 130
15210 455
1125 461
27679 170
21235 452
23151 277
28933 519
14675 679
26298 642
37960 387
32570 431
18579 739
11423 275
519 744
38537 916
14670 992
11388 207
18123 328
16038 216
28176 272
22029 512
15866 73
37656 23
16304 403
14241 161
38608 240
27430 860
5258 820
21002 328
35056 63
34630 405
423 352
15360 847
31363 213
5414 511
32176 91
20002 671
23817 37
24997 287
37188 728
32802 520
38836 8
28340 245
4103 514
39017 929
11782 630
32239 864
36323 813
29880 256
15071 140
6581 714
21694 437
24101 902
11055 145
39127 79
8674 466
11677 497
11735 3
14232 396
37750 172
36189 265
24600 13
30146 92
3694 104
9453 786
25088 482
18091 741
24931 71
8292 470
36040 411
32241 228
26314 755
21668 326
29898 471
32173 576
20128 2
38814 813
34546 638
31694 461
23629 51
26999 626
7715 295
23904 53
5705 375
10512 394
14233 248
30848 76
30126 510
34335 536
7425 919
29012 69
22884 903
13527 452
11869 666
26784 601
12940 172
22532 462
29021 468
5523 607
30904 342
33085 405
4968 539
7253 699
5122 84
3346 112
26535 561
14963 619
10438 258
15311 571
37153 908
9298 584
17045 890
37407 383
22084 494
15453 310
5501 603
31710 887
34046 833
31787 411
23845 653
4057 72
959 994
36151 162
17209 329
31238 310
7925 756
2895 853
39251 142
36934 667
9426 820
28909 540
26363 181
32095 511
6154 253
3381 313
15816 924
15390 264
14512 475
23798 789
7129 94
14224 527
27074 908
38530 837
20820 12
26983 537
11622 542
9452 675
3393 789
38246 29
30906 30
17047 389
28934 811
343 985
14492 853
23842 857
35104 278
16523 1
38445 635
36998 11
27547 831
5404 390
32029 187
23985 730
8041 751
12369 212
21086 5
12047 769
21054 225
13856 417
37811 268
3901 499
37380 288
28935 450
28652 635
8289 446
18383 551
23133 921
4334 747
7365 38
37972 452
9073 180
26309 829
6917 29
33289 190
11608 550
12622 666
16086 731
4008 178
31043 896
21874 31
37158 637
38822 576
26752 339
6398 93
24982 332
15766 5
30986 611
7655 101
5413 35
18907 691
22678 19
2814 870
11800 805
33027 242
12155 665
5485 762
281 241
526 932
29768 755
31022 123
20416 371
20670 608
14745 578
9463 589
27094 41
20320 954
6088 446
18310 509
2888 372
34122 868
31351 994
9666 725
2706 243
26576 764
10882 702
1386 836
692 252
34843 118
849 353
7307 558
35741 963
6672 794
29082 771
30539 800
15188 101
29548 173
21039 406
22724 629
2416 38
23346 852
38144 441
13197 151
27306 413
38507 517
5533 358
30880 736
39304 476
10295 300
39906 344
32589 583
20695 653
30032 869
7810 434
16956 924
36300 250
22557 47
3700 648
35569 87
26209 575
6714 970
23040 967
13298 791
4626 896
36419 541
32961 536
21327 240
10915 654
26339 322
10525 776
35791 258
18481 833
28226 355
10972 996
12785 538
29277 709
4494 239
30025 873
19244 517
15139 486
15707 589
1696 54
27839 748
27703 849
37305 2
5267 570
7359 490
5574 6
5955 451
37868 575
20201 224
31348 735
15168 204
16365 159
3496 160
16508 13
18979 200
6409 430
17101 262
30158 922
9603 780
24236 557
6833 851
25007 267
4363 584
1744 650
21044 4
19303 1000
6554 957
38952 307
20962 208
30572 220
37722 365
18450 970
25968 355
31773 412
21662 276
23021 83
35741 502
35466 700
11413 693
2287 92
26172 382
37294 769
36273 945
9786 634
26657 590
31286 837
18152 532
13327 10
34384 548
10546 960
38101 136
34043 438
7428 636
21758 890
39249 223
32450 596
35136 997
19818 863
37819 104
17710 534
38134 995
24535 279
32294 226
37322 448
26529 602
5618 63
11869 120
22229 230
33931 462
19705 723
34381 782
27401 542
39030 156
37752 282
37926 308
32665 432
28790 4
24549 59
26369 356
14522 864
34575 541
20794 908
19112 690
17326 185
20981 760
19699 166
4018 565
25741 634
29613 529
10124 967
18297 436
31996 450
21990 258
20202 162
35829 448
19205 338
11703 390
16502 897
13493 358
2858 956
25197 509
32346 206
13773 484
9459 597
17627 420
24688 68
13975 374
23277 683
16526 254
11305 715
12566 732
31028 18
26749 899
341 506
21021 41
18246 571
25290 865
2269 544
7465 897
4958 449
20224 546
27820 518
11914 583
11181 702
27880 945
30209 348
28605 535
23037 180
30821 964
19137 834
15094 161
20862 614
11572 137
9682 430
13253 866
10361 748
34266 311
23510 708
35663 589
28928 412
15921 89
18295 306
5561 381
15904 631
32901 747
15693 545
26667 542
39959 51
18286 422
7640 889
16793 566
4852 285
1227 235
36857 517
21333 196
33160 335
35767 516
17294 951
21458 176
12100 870
24835 603
35816 745
22917 62
31278 919
17564 710
18616 388
22018 605
24826 32
28579 586
22838 333
1677 892
432 255
15109 872
24042 689
28045 613
32555 65
19681 64
14163 180
6145 904
14853 643
23660 351
31077 473
27601 490
100 592
29222 605
35183 455
15075 419
22027 214
4651 224
37247 873
13689 653
12128 426
36580 46
12309 953
18710 697
18616 499
8671 395
34810 312
30643 101
5640 304
21371 235
16264 638
834 835
26202 918
33897 111
17906 111
34493 397
26904 630
2697 134
6768 881
24127 624
20131 157
21646 439
888 341
27147 565
36652 457
15667 505
31541 120
17130 221
18482 686
28421 416
25013 358
20509 174
11489 317
29442 499
19354 588
6320 568
26435 777
27693 439
23216 285
37120 541
26899 819
12993 150
22891 567
15252 220
10546 829
31660 674
26239 320
34997 439
28560 163
19501 669
15836 568
25312 331
11238 804
27047 369
23522 548
11170 853
28325 683
5364 198
7735 409
19742 885
29579 668
36626 752
31690 225
7743 451
6585 991
37636 465
16144 219
1328 874
2644 687
20654 468
17737 345
2890 409
1392 176
15691 695
27740 185
38363 763
28581 729
9047 351
32414 54
2517 278
26054 809
19630 52
33406 413
19796 165
24029 833
4277 324
33917 106
4504 341
37396 610
443 719
1433 345
27055 587
26313 591
10828 396
37358 923
39545 822
10284 266
38722 60
29960 520
33767 348
4606 838
2347 238
14570 753
21230 553
27353 264
8371 610
36196 769
31658 472
28012 899
948 978
2827 327
24239 733
24285 162
11200 896
14473 491
33153 114
7490 647
39242 574
33237 390
30447 728
17764 531
29120 413
31040 193
988 456
34200 118
982 116
19655 661
29571 903
27429 266
12229 968
25151 269
23121 710
25350 339
5928 474
7302 211
26466 523
21913 377
6044 617
4634 333
26097 426
39214 642
20340 579
33859 109
34200 240
5546 726
11199 654
11381 605
14454 863
11128 21
530 133
13979 762
38369 486
10675 371
8514 437
31334 905
29611 417
24176 819
12736 832
13069 165
2629 245
30230 56
10482 367
27094 351
21150 574
6173 878
26308 786
19375 171
33177 822
35807 610
28047 762
10422 610
25680 643
28675 532
17698 874
20446 932
37175 819
3866 20
1398 197
2922 300
19559 47
38724 484
27082 717
35985 605
26428 186
10551 156
14520 938
25088 40
32862 45
7919 419
3668 805
5510 203
28090 771
24587 968
11655 181
36409 469
29129 495
28636 833
10594 614
34348 888
24095 910
38619 278
1676 329
17796 180
9929 2
13246 667
37588 692
37990 360
21326 227
31697 853
30674 257
25282 416
38249 181
30007 534
11372 172
39973 677
24870 440
7867 315
22790 581
35073 208
39947 643
8434 276
13878 256
2629 200
12124 614
36938 625
25921 276
34411 171
14064 935
25610 323
13115 964
31248 118
160 185
2329 437
33004 984
39213 241
30461 239
15786 430
5014 185
28779 729
7393 299
29384 611
19354 349
14784 302
11980 628
185 715
4954 152
14110 164
30293 70
19224 69
25927 957
4647 567
34414 68
8867 662
14229 449
3188 917
14135 688
11029 362
33767 91
36278 44
21132 602
33311 961
3594 515
36362 696
25984 80
28347 263
393 841
37038 786
25626 206
25464 122
12161 855
14931 227
8216 141
31397 242
10073 743
1772 958
39533 30
7376 836
22460 881
12425 249
3183 187
1877 445
30711 343
22932 803
35167 821
2781 614
39808 250
16509 503
11507 427
17129 264
3597 582
3118 782
27635 936
25819 675
24228 465
34302 562
4256 167
6590 448
20691 556
23393 853
14911 541
31452 937
31474 608
16119 740
37084 603
21918 627
17948 433
11348 247
29895 165
8365 143
37014 377
17943 166
18593 1000
28178 996
31132 469
15920 354
36369 509
18475 760
7560 778
6919 357
33070 739
6975 294
23172 721
17536 768
9840 41
6331 531
30704 563
24922 993
37271 493
25384 242
14561 210
24187 937
30846 38
6860 691
18220 888
4744 827
21044 119
12113 85
26155 838
7814 982
24806 177
11510 760
10535 845
1148 601
33351 183
7829 980
22928 439
5076 937
10296 151
14435 382
15785 261
21663 461
38550 596
10525 18
35443 360
36990 876
28835 581
3603 467
19603 366
2442 790
4706 40
28 538
24143 1
28132 274
16325 466
14680 767
17274 998
2242 215
35839 26
9166 457
39641 136
32963 256
22997 806
31501 405
35511 358
7127 522
14358 911
273 860
35926 188
15679 28
10920 255
32919 861
37345 34
9874 820
39841 502
22106 812
17423 898
8543 70
8119 143
8845 493
8469 831
25124 918
37953 885
26211 63
7075 400
15842 424
359 802
27015 959
18810 201
33276 599
19264 736
39273 881
2425 936
22725 458
35494 307
14438 21
6717 282
7165 239
20020 457
19773 687
17151 834
10581 924
17187 775
34426 378
1694 709
26739 158
31532 575
4461 171
8624 924
22248 561
28468 490
31467 731
9739 141
29479 303
1880 68
25964 487
15452 818
36110 460
19643 38
36297 537
25774 612
14721 845
13196 995
20169 209
3190 585
3980 248
34394 88
3136 705
744 920
33406 705
31593 195
17996 364
24609 956
35272 900
15248 273
10971 688
20194 670
6207 987
15285 1
25095 508
5079 92
28382 7
33983 234
30531 455
15620 660
38532 757
33053 178
27606 726
26609 639
18388 42
18643 255
36294 245
23126 421
30461 501
18515 383
23268 878
24442 384
19233 845
32031 893
29823 804
39617 87
35855 758
20964 72
21790 947
27298 762
19094 252
38488 84
3376 910
25186 99
16397 418
6921 622
33396 768
9386 180
36041 243
5505 987
16149 848
16983 818
14889 625
35806 539
39637 510
3678 263
12827 752
705 79
17727 623
39193 28
29363 266
22585 419
36654 410
9550 472
25345 107
35830 85
30276 112
7564 369
26547 388
19073 591
19442 447
25766 370
2762 316
24066 654
18957 788
25992 107
13108 299
17814 121
207 961
38502 597
13178 347
11834 372
34983 203
20900 566
36439 703
9201 373
19748 318
6806 104
18177 347
17175 101
24012 613
18020 375
6731 991
32734 623
36016 918
2233 252
27163 21
30453 735
31667 875
1324 237
15509 498
26948 945
3577 260
24287 240
15002 376
17337 791
23455 302
18528 39
38114 214
26666 615
24 551
34361 697
6067 269
1319 132
33463 533
22911 880
27422 318
29589 420
10816 794
29271 858
22198 521
37228 666
27771 168
34652 86
7489 452
9062 32
8981 980
13434 261
39399 862
4646 335
28851 407
16070 746
33955 535
2969 116
23166 765
8930 471
21500 107
1630 463
32729 864
4562 330
39592 292
11506 632
32496 611
31889 183
24589 740
24696 53
27284 352
26172 887
6211 575
7816 939
27386 823
6276 485
32828 725
22427 927
40 1000
27860 283
36317 829
9422 465
10288 747
10947 825
8926 308
18680 10
5807 129
12740 460
5661 869
7759 758
27275 258
33887 432
7241 418
481 465
4373 27
18856 223
1219 818
19888 199
8199 61
29759 903
1385 640
7830 814
26967 828
25812 987
15505 337
26439 519
32346 465
816 4
35848 230
25615 75
21598 486
39999 586
29083 273
8970 584
5951 689
24978 51
26381 423
8931 910
35079 342
29650 320
26839 72
22887 65
24621 893
29514 105
5133 506
3240 581
8543 304
1163 409
36229 312
3806 80
11810 515
24225 368
19734 664
2397 510
32991 540
32644 24
32129 76
33572 960
29200 704
1958 883
9050 131
31438 157
21 246
86 336
134 800
4893 26
5030 475
11048 984
19569 968
27674 650
23394 451
31325 31
28269 384
24941 564
17364 822
26012 650
8502 223
9608 857
20298 245
1649 493
7171 913
21141 231
36542 626
11803 602
9893 970
33464 372
28499 715
31134 572
30462 545
35820 925
37018 281
23115 267
39789 597
32928 861
22227 127
1506 404
8887 992
36378 382
6630 982
17312 554
30667 814
1637 449
22177 271
4976 460
9423 429
13301 716
33039 196
15581 762
903 206
36473 533
30902 562
32420 341
20374 180
35153 65
34712 917
7233 20
9648 429
29725 87
8259 456
21901 414
8356 711
28324 440
20986 351
29077 47
28915 728
6265 419
12370 122
22714 918
24380 61
33424 135
37586 442
17133 83
6404 548
9078 647
2132 132
8073 238
39058 738
17922 43
23088 305
29453 392
10792 759
34044 475
24695 394
36063 834
6615 197
11010 322
35690 40
21282 836
19821 554
36135 717
19227 61
7772 807
20865 679
37556 105
37945 344
31466 103
6588 253
29677 763
17455 26
13029 492
5168 935
30168 89
25579 164
28248 495
25865 208
6398 733
23470 25
3990 322
13835 794
11261 14
17188 178
10797 102
2645 475
39036 704
27911 182
13386 362
2115 310
1368 450
13625 330
38768 34
13444 209
4574 811
37844 537
34485 850
21157 40
38853 663
14177 972
23414 902
17238 395
33930 523
23067 197
135 780
11225 954
21479 885
28484 203
13393 456
12444 357
33765 20
24166 311
4475 694
10588 202
24248 37
34240 471
14092 260
26153 534
28187 597
27886 581
12207 763
38521 234
12476 447
29267 642
8827 321
29641 412
22827 900
21327 966
18419 347
3613 218
15624 607
26537 229
16596 881
14446 271
22130 698
28013 688
9108 575
35357 10
23978 305
23155 164
7823 913
27949 434
4306 617
27578 418
14318 464
32719 413
15620 557
25619 722
34670 994
27055 725
30624 542
34054 148
29045 444
39438 900
12093 401
31504 99
5430 838
28008 153
28770 347
37002 945
18759 643
8846 160
34773 176
1118 427
10766 456
39785 822
31426 735
5578 901
24801 84
21647 904
8517 375
3740 287
35607 252
2973 328
9579 315
4572 445
37831 171
5334 523
14437 378
14436 693
3427 923
29275 812
26195 270
7329 58
19887 388
4297 631
7121 495
18210 193
20364 650
12927 436
2190 817
21682 473
36366 589
4624 895
17133 265
37360 443
2606 542
37206 539
34593 776
5700 107
6089 831
22467 235
16789 142
18184 975
30691 27
30308 343
9967 964
35123 443
39347 394
15908 523
38974 74
5059 883
25382 104
14328 215
33479 732
30054 735
6051 859
2130 70
28276 994
17809 872
20880 862
1840 101
29519 126
3763 558
25178 595
38189 500
14858 86
23212 406
118 992
18038 850
22792 364
39565 889
38641 380
32730 921
7039 477
9701 549
1104 974
3934 508
34354 645
13409 882
6358 596
25672 548
12628 76
13175 966
20233 374
26763 45
10024 38
5657 115
31194 818
36760 765
911 555
24518 712
19193 863
8545 435
767 773
18416 224
33225 453
2000 351
4575 996
12159 724
26127 444
30757 638
4105 689
6566 638
21276 273
1255 510
3540 584
36345 917
17629 222
28735 4
23207 648
39380 373
37492 181
32513 180
21130 271
11318 248
30009 824
156 344
34563 560
2150 62
7252 676
10867 945
2048 796
15481 115
36087 342
23206 172
4919 772
29758 296
22725 94
4951 51
23010 845
26613 949
38966 539
30319 558
27852 698
17123 416
32558 957
7569 718
34128 30
39326 860
29075 882
1445 150
35777 260
32575 298
25489 428
20749 182
38052 547
36270 303
250 895
16185 353
32112 121
6322 271
21313 380
22121 222
10601 473
9464 858
18437 909
30871 561
7313 416
30058 433
29846 88
7447 875
36675 307
35982 964
10179 139
8379 75
12828 647
15704 478
38493 44
27358 874
30420 103
23427 760
17874 728
10905 892
12935 837
13301 1
29835 179
16865 886
35099 432
3654 253
5267 254
33295 463
19907 866
5538 503
25473 438
33841 939
8288 605
27085 48
10615 188
12745 6
25914 658
23077 505
16167 39
37430 227
28802 390
24035 177
33286 813
32190 550
24534 451
18176 545
12145 272
7571 314
32424 880
12878 585
38300 271
38863 142
18467 461
31836 20
36290 10
5716 842
28693 479
3458 308
5963 539
9462 965
37158 761
1351 282
18869 265
4596 804
18761 713
5527 897
7400 187
4585 304
13208 634
31893 866
9946 837
36231 19
12884 608
7378 707
10528 742
29501 664
13299 399
30373 158
32493 800
14295 140
10956 371
23274 231
24295 279
4259 145
8203 246
38153 314
19220 116
10164 779
29862 842
37239 393
19708 653
13224 214
32011 449
35953 645
29122 776
37091 445
3438 487
24244 397
26411 834
4357 740
31031 729
11394 274
37216 846
13055 649
28002 649
18700 605
24905 659
1301 137
25816 358
22499 431
26246 938
1871 752
17860 601
27761 85
20613 343
31697 343
17559 122
22792 272
4452 544
19820 668
28407 691
10948 775
35341 955
10419 771
22734 54
28300 434
12905 762
16436 353
7464 337
16038 781
14353 401
27132 906
20911 437
37005 885
33646 572
7272 626
29606 344
34295 498
30978 367
15777 343
26 738
17568 731
3060 170
38109 677
23532 456
39500 830
38070 911
5253 532
16150 368
4109 418
15122 180
2948 467
35835 154
5631 482
39240 343
30700 642
21047 361
11215 331
29361 439
1074 592
24505 895
31860 245
31438 609
1175 965
18710 184
50 416
36005 943
32077 996
2283 165
899 928
28375 706
6223 158
13985 77
34552 914
22480 703
33612 216
15115 710
30305 558
27280 562
18189 4
23882 351
31873 164
37119 147
37520 97
16667 568
30285 629
32086 280
3452 815
14486 919
27174 14
31982 741
17481 195
14431 938
34400 841
30912 176
28262 470
36646 275
77 999
23790 618
30369 45
22838 705
34206 948
35591 4
7894 521
16088 727
39617 861
37374 747
28727 263
20879 72
2069 677
38028 513
2775 492
1259 88
8887 433
19141 790
36362 77
10629 603
9889 287
12106 704
15535 957
33256 293
13680 925
8887 141
19600 272
28835 419
38394 646
29022 649
8523 704
11899 657
23924 411
38312 103
26402 853
26552 466
23059 347
32489 841
23133 982
19554 53
24443 509
23093 512
19323 862
26251 28
4301 415
25195 846
8148 677
38890 655
3224 488
30687 639
25332 380
28979 167
20 241
12202 176
5448 976
20207 90
39048 533
14180 191
27967 310
38896 867
29452 935
25759 669
2774 558
220 826
3244 883
6593 851
15417 449
31723 818
12272 606
33934 212
523 859
36604 645
15979 504
14546 793
16173 403
32437 809
2808 261
12011 794
5623 492
22513 278
32149 540
5357 509
23514 880
32999 98
13922 830
31520 361
2117 501
28439 856
37260 153
25447 266
25892 323
17825 945
16380 143
10041 677
33939 467
1446 115
27791 189
27171 811
5638 143
26304 743
14908 426
28015 294
26975 832
16447 2
2884 470
38235 419
16880 423
38581 527
4751 832
21802 414
5175 859
9403 374
14065 718
24136 364
13201 136
29166 185
35047 428
18210 668
23733 940
28724 550
32466 865
23032 590
28947 775
13553 178
31212 648
11908 471
6798 546
29974 75
33028 86
1706 919
6522 267
22457 802
31873 355
15520 935
12875 589
8872 704
10426 862
30995 426
32999 179
39869 33
8282 166
3658 994
7193 111
32711 723
9424 618
21367 332
37155 163
12464 657
18257 681
17998 446
9439 19
7429 517
4956 206
8029 429
7014 338
8851 292
6020 150
30310 988
8847 984
10071 149
6127 166
29186 738
7837 758
1461 817
17933 38
35360 454
36189 586
20335 426
12176 812
37338 100
29231 795
10799 67
32465 155
34512 779
4258 90
8696 516
33677 150
17051 43
2482 380
3824 581
22233 186
25739 350
15097 61
34475 334
17321 900
23943 178
14285 946
5437 152
34174 46
39215 969
30609 509
36406 577
34444 279
5464 227
23792 241
3401 683
18345 731
16761 436
791 432
32306 696
6666 291
17107 23
37649 800
36926 943
30023 737
12849 48
39478 1000
27586 884
36746 283
2760 894
12478 731
39150 620
22288 377
26172 681
4917 650
862 748
34003 452
16947 255
27969 818
75 259
38973 291
10010 115
24929 150
30172 508
29018 900
22579 517
28973 781
33365 731
33558 999
2683 408
39779 598
21842 7
21431 566
5107 100
19739 827
3008 892
31763 935
21217 648
28284 928
30442 836
2666 255
14798 543
14618 191
11720 182
580 56
30670 293
6393 951
8801 759
6241 236
39967 55
23052 669
31308 544
35750 126
12973 151
29437 865
37212 820
12741 955
29074 343
11739 875
30477 978
10912 768
22753 529
38335 639
14730 290
15473 804
1355 402
39201 794
32125 765
8102 627
3415 435
14313 959
28293 727
10213 812
1464 356
6625 975
24466 82
1520 735
29532 670
17204 266
32343 804
39478 851
343 617
1615 953
5189 201
17664 700
2045 255
26751 476
24988 33
34439 581
23831 623
14422 463
30200 594
28407 47
1980 834
5856 604
22790 280
9970 257
27473 157
33354 179
31559 538
31110 393
5799 885
31256 475
25876 403
609 924
26106 115
15655 998
1758 884
18515 364
14594 908
18782 319
18383 694
30688 703
3446 74
645 341
13004 241
11628 717
5829 688
30218 479
10275 714
33701 7
14162 955
28466 464
26967 635
23213 736
30099 380
27761 293
20554 322
10362 952
39507 327
19504 738
3779 688
21372 109
32766 897
39396 632
28745 328
27527 190
11546 496
20231 766
4641 59
11621 130
11831 554
9874 65
39848 261
38823 926
31621 178
10950 931
15764 552
882 502
24062 998
18574 81
3870 645
24985 17
32765 33
32199 712
31820 510
4332 718
2537 237
19335 729
23199 837
38201 746
33379 924
14435 719
19296 224
5815 468
34239 765
9103 468
7612 204
32774 782
20676 187
9275 192
37839 809
22894 729
6016 412
5515 926
13908 283
17031 144
10448 867
13067 82
31565 69
23598 99
39074 11
995 910
8063 56
5639 764
34760 530
6771 523
21097 225
20354 43
18590 183
31025 291
36647 974
16899 657
1202 950
36386 308
30393 476
10699 130
14655 148
20782 917
15937 788
25576 10
6929 536
27933 446
2771 199
14881 990
3912 78
28323 138
10053 833
27757 730
10834 278
12503 115
38890 173
4018 172
32959 276
29017 299
29044 499
212 352
34015 755
1714 36
26964 123
24283 182
8028 606
38193 826
10535 842
27196 704
16352 51
30891 168
10915 108
35890 80
22043 833
21306 270
14664 794
2882 795
35090 958
19496 507
26508 282
34300 143
21246 626
8765 351
11046 205
1063 866
26773 235
34401 530
2574 523
30628 479
34563 806
11458 388
20256 753
4906 610
2193 797
23572 761
8379 159
5016 656
15932 737
32957 141
6947 584
39263 54
32469 697
8690 280
17632 994
23035 368
11895 192
18498 845
27855 202
34802 458
37414 157
33962 929
36379 164
8791 576
2368 829
20751 521
22915 179
3315 534
17153 435
3376 541
37300 245
35918 265
39670 511
35275 257
33111 463
21507 765
33225 690
27425 804
3744 930
15952 822
5931 454
15039 186
38603 420
22814 512
4928 139
35379 224
24837 148
18533 800
17610 585
12744 658
34051 663
25389 128
20862 243
5415 210
18279 879
36626 606
20158 773
25254 308
32154 468
25407 948
8147 293
33595 775
10587 419
14311 172
27451 292
2025 154
920 613
28322 710
3730 541
40000 361
12309 969
37344 12
8241 532
19563 796
35650 68
7011 845
15608 464
34751 845
7517 736
13668 379
11450 76
29486 103
5145 591
7798 262
31585 380
11170 874
1897 779
28450 70
34181 358
12345 598
5984 902
18273 1
34021 693
9600 360
20750 357
19842 950
25270 484
39528 986
10555 54
4554 581
15948 993
5835 490
15167 112
4567 683
33774 713
2694 976
35310 899
15244 183
6230 624
7718 951
24445 513
19961 196
15624 401
20611 920
5652 581
20166 267
26052 86
10674 41
36413 179
11324 659
3588 843
22333 272
36635 392
4564 524
24261 502
35138 959
26744 533
39435 89
15500 688
25652 914
26253 920
26558 199
11060 909
20302 20
19071 575
37331 84
22485 241
17743 872
11891 807
2116 963
34995 513
32832 94
23602 162
28071 741
10984 532
6560 767
12716 204
32530 625
11006 359
30174 651
391 743
35864 371
22195 25
23338 973
23476 49
9076 593
6120 110
16550 104
35855 429
8508 246
25092 58
25030 399
26488 732
17844 427
26427 942
37434 60
3157 679
37752 576
39395 141
15929 552
17810 164
37068 793
9823 623
892 914
12803 58
12184 53
38567 194
5147 821
1868 249
10494 871
35035 301
31314 219
16717 166
9094 41
36423 941
12135 678
5273 279
10473 579
22934 442
28716 904
37047 907
8286 339
33154 171
2668 699
26140 314
17204 617
38673 459
21443 568
32420 858
13961 967
409 204
17976 560
4825 821
19022 66
16671 936
19767 711
9323 400
3207 254
35721 405
10234 556
36843 74
36094 946
37469 59
35284 46
18337 190
27507 748
30172 874
29010 282
5894 12
4949 831
36294 619
14310 218
11228 209
35657 467
23109 964
19630 417
8610 11
38735 688
33543 776
39781 64
8662 887
9546 256
3998 386
14439 362
22240 610
37974 382
17867 13
37219 358
12423 19
22992 838
11626 216
18104 595
35539 489
14147 998
14247 298
865 356
10554 829
37927 340
5835 227
19456 811
6995 927
6361 178
35342 84
31300 428
31950 937
24725 48
17805 572
8772 633
20706 98
37012 544
852 29
275 277
32265 631
30021 365
15515 832
34964 501
223 851
3218 266
2181 395
31780 973
17053 86
22734 449
38645 763
23832 278
27007 531
35372 213
20165 476
19438 43
27723 307
13244 880
73 561
35240 653
31780 347
11135 869
9520 407
15763 71
15574 237
25962 807
25457 808
13098 965
30938 727
29264 603
27785 694
18770 375
23996 992
6489 997
39959 316
30900 194
7079 807
38248 96
27789 160
770 413
15424 100
17255 507
17942 469
24594 275
36206 93
6798 623
29705 650
16465 764
27675 310
15857 172
11307 589
16077 50
4311 95
8411 107
20075 518
22371 285
7117 619
6478 231
13788 671
4016 647
10753 247
6167 857
8462 971
4323 629
9694 232
22668 412
19140 154
10408 973
34124 51
19818 939
18182 452
18511 464
8351 950
13399 168
10927 999
27222 600
32433 173
38096 342
24640 610
24024 823
1197 978
18279 626
9652 421
2977 545
34820 983
15751 638
37371 79
38983 602
38640 935
28447 783
21330 422
28805 623
12991 11
7277 416
28620 230
16294 800
19788 90
10731 901
4259 190
1790 197
35925 50
17501 21
1556 567
17511 413
34647 910
23011 242
30727 517
39794 97
3883 545
20244 888
10716 353
38250 385
36503 330
11954 733
14888 815
5919 273
36609 544
34004 31
25086 936
34966 216
11364 267
8407 225
32910 556
36747 119
21929 959
12560 405
15357 135
9228 822
37018 231
1936 570
17566 445
9619 270
17415 95
24115 270
2962 634
33526 295
4442 240
28589 855
19486 807
8759 678
16484 515
8312 42
3942 617
463 275
2962 566
18512 562
37415 456
31640 774
39688 874
23375 715
7719 940
18044 294
28540 874
34472 491
29833 299
17518 768
26271 199
3603 917
25116 921
4872 976
32133 300
19546 458
8576 688
39988 593
34126 379
21416 95
21434 936
19335 507
12013 612
31206 838
35316 850
4928 680
23371 518
30019 886
39396 310
29104 714
18402 651
28284 947
893 580
24331 340
36997 482
28991 619
21668 822
25755 214
34878 639
25858 627
39988 171
27296 459
536 362
8103 475
6012 412
16071 168
15156 904
27906 957
8117 444
38633 846
29893 11
10416 841
3432 940
39534 69
1449 592
33776 851
36555 516
6660 112
20643 252
25700 832
33421 460
4639 81
11358 420
39695 65
31899 172
6584 575
29260 90
1333 827
27626 168
24252 82
28961 677
28519 514
34263 872
28010 360
6180 887
35277 642
2144 811
10957 38
6655 911
4285 153
36535 310
27846 525
32736 55
11890 842
28069 97
34345 750
1242 90
31805 779
15728 114
2957 818
9610 10
6935 696
37645 573
16415 662
3023 519
35489 156
11595 694
2354 739
24926 504
39587 834
26807 118
10507 606
2194 224
21240 944
157 802
7763 422
39223 906
12012 487
14758 67
32518 396
1362 789
14509 886
27902 957
28521 116
2206 889
9387 313
23786 414
12837 932
16868 490
25928 147
24951 704
29475 350
7947 636
29646 533
24001 168
23620 184
33173 792
37995 557
30226 886
22940 899
28656 357
29526 175
10868 392
20508 882
7940 720
6391 979
34336 266
14120 667
38100 896
25232 887
21944 564
142 815
38804 757
12500 583
31617 358
33927 421
1522 42
12198 926
17220 379
37272 77
37371 29
13679 837
22935 94
34785 734
34053 799
33944 143
2200 780
23102 927
26191 63
10287 539
36973 161
13209 902
37465 586
27130 489
1164 53
11622 493
28500 422
8146 860
34529 975
9839 902
9509 642
32173 505
3013 156
9993 596
27623 140
32094 732
31005 303
5225 15
32406 385
16568 553
4314 583
19574 900
3989 934
10260 307
16407 419
21943 464
25832 79
26115 264
27610 450
34594 576
7140 532
10764 463
16384 115
19558 621
25537 184
231 669
351 667
11861 246
23718 427
19 662
37230 163
16644 66
3596 347
3889 683
24503 672
22674 740
11813 704
28548 794
18219 334
15070 931
16686 819
35226 981
8562 590
10133 541
15512 124
4752 805
13145 716
39923 936
23 923
9658 424
35934 523
4725 899
6963 806
6090 916
5419 156
17421 450
1320 188
14189 425
30083 851
24346 317
1609 636
20314 862
5710 630
383 980
36286 244
24580 990
7594 66
25517 38
1152 781
18594 285
2267 328
15399 476
11582 78
21766 43
14838 931
1144 237
22965 586
12161 654
24166 994
4285 598
7054 585
36102 168
13490 505
22457 673
30085 940
35843 906
30602 598
327 772
14007 934
27141 689
22040 965
20849 450
35814 298
6780 151
31270 952
35330 948
23779 448
14441 373
38988 353
17082 841
22861 106
24152 483
23274 367
31252 323
21634 221
30923 676
3712 960
4422 507
38055 261
26050 940
18863 811
1986 689
36402 399
19358 641
35826 522
36220 4
6468 273
36465 395
12117 244
32129 255
29823 564
29117 362
34097 424
18982 543
25295 47
32946 464
30475 89
668 658
19920 972
38195 50
4324 339
32329 928
30528 122
9967 106
21118 828
20804 72
2426 580
16036 641
36899 15
2776 699
15523 952
26702 739
37304 323
17461 822
9457 361
26104 829
5418 143
30699 391
15052 662
25815 75
32387 12
7738 685
6077 270
39214 415
30169 429
25148 665
20814 416
22222 731
5961 768
12636 53
7791 238
30185 689
26712 271
26253 296
9992 268
31547 458
6302 107
18845 886
25959 693
34145 707
28978 627
7208 551
26849 128
9666 715
26640 771
36224 839
27390 448
34775 32
28785 795
38802 843
23566 751
18500 893
35553 310
9692 561
9151 302
28603 130
16038 205
24355 853
31019 250
17539 267
23158 318
6230 585
19783 623
13706 964
1536 213
23068 231
162 437
22876 196
10217 79
1585 58
18605 379
31480 400
2793 220
18866 778
3124 910
4351 862
8667 697
34650 169
39294 787
37120 11
7014 800
34837 520
27723 248
14821 216
5039 612
4123 176
28452 993
9077 124
24780 13
3836 770
20956 17
18746 407
21512 225
24937 485
39198 882
2523 512
22260 238
30742 453
30936 493
29812 634
1282 903
3307 136
37829 312
20637 938
14252 222
15846 393
31725 926
29104 665
17973 508
16938 852
28926 385
9809 511
8913 872
10871 719
29367 958
472 258
33595 431
7160 114
9398 393
11190 609
9917 67
11702 794
21174 664
38260 102
39927 717
3073 734
15000 5
20421 159
5417 355
30395 473
25237 689
30976 256
23685 478
7149 784
35023 650
26317 936
21761 634
27966 19
471 673
25717 872
37627 96
8234 835
2365 779
31720 929
29432 911
14437 717
29894 562
10688 52
19566 481
7158 51
34062 812
21681 856
1943 972
8908 412
6089 21
38851 110
28347 216
18840 308
11115 850
18801 750
21665 538
39058 951
32443 873
9800 135
14366 352
24941 458
37765 493
10578 511
4918 427
37974 631
930 71
16857 262
11042 766
17806 51
8180 552
39249 605
28068 459
25147 230
24526 168
19515 941
27584 836
30540 792
249 387
7825 284
19805 215
33244 259
9840 453
157 422
35588 699
10825 593
31419 575
2342 85
10145 874
32916 366
15385 942
12490 399
2060 157
18938 699
37198 974
20161 317
18833 219
7675 487
7985 238
35369 393
8151 701
21056 682
33568 572
29679 337
10723 279
16956 479
624 9
36441 154
32545 138
21447 472
6185 960
13854 700
23434 189
5684 336
22681 329
22162 375
16203 129
19562 616
34950 638
557 168
1269 543
2195 573
14955 535
11001 985
34612 399
32806 536
2155 334
21699 528
15588 93
10179 132
19365 413
13248 345
31686 380
6747 596
39653 668
29541 805
10098 198
6365 777
37597 744
19955 76
32965 396
2942 621
32194 231
35980 919
20877 606
21562 832
33399 847
21359 457
30163 541
39559 79
27319 632
5247 627
2486 81
14910 620
29170 816
36249 59
21508 11
9363 523
21281 263
17949 627
39351 325
12678 547
10305 591
34779 816
5688 413
25911 971
34317 161
4272 3
4784 20
6918 518
4883 987
5770 479
19281 5
16130 840
32429 641
38247 305
31041 644
27063 511
461 24
2978 403
36509 182
36883 872
30635 22
3648 580
4533 412
14215 103
21266 139
8830 46
29301 991
25458 143
33488 98
38531 220
11616 688
13890 145
13732 912
37093 310
32628 557
35869 812
39582 206
22425 183
30238 755
9862 712
37046 27
2818 228
24716 916
8935 814
23292 872
7243 766
5576 780
16756 964
36363 263
24672 708
2849 295
21 602
35284 787
36272 68
8638 428
20197 393
32413 131
33750 948
7973 241
38076 163
3212 20
38930 303
39253 656
30393 982
27795 213
11724 434
15858 557
21321 527
1436 835
23852 982
4887 564
964 11
12892 552
13830 421
6886 654
15105 44
21772 531
765 723
34222 244
34004 146
15455 870
39142 816
14276 82
22187 931
5617 612
20738 620
460 89
958 841
24521 716
7136 3
17082 451
31212 98
24284 304
13531 591
1587 766
9522 307
6524 141
250 289
17361 3
28441 165
27684 522
4733 198
31617 364
9045 711
17935 519
29814 169
3869 398
21022 699
25249 791
13569 44
2303 933
19447 773
5981 831
37686 145
21739 758
30292 816
39388 357
12805 719
24914 836
28263 755
27562 16
12930 352
39840 746
35697 723
38828 592
7403 288
3928 322
7924 139
27809 154
26848 709
26447 542
2848 623
29633 982
30296 903
36096 115
32615 314
9323 809
5519 963
29903 700
5102 289
11286 443
19580 185
39706 637
4939 416
12921 836
6890 787
25987 437
6552 818
39215 681
24528 249
34446 7
35755 987
5109 378
38215 394
35318 29
35556 993
32726 240
17478 276
16401 129
35326 226
12030 825
1470 169
3739 91
18689 974
39694 700
8860 575
30718 53
15459 780
10658 813
11864 122
28459 93
37818 97
9380 321
6399 293
24318 423
14345 24
2052 480
39689 376
26542 402
15893 406
2477 998
14358 207
6970 844
39635 619
15652 447
25021 844
25259 576
9541 4
31603 89
6889 852
39290 487
35061 775
37585 618
18320 990
9813 745
37552 98
7975 834
6969 57
35282 796
1209 60
10329 567
14959 216
30815 891
13932 300
14697 112
33249 861
10331 922
17065 1000
1782 663
3842 54
13323 130
6116 996
32738 744
36844 524
36886 555
28935 428
28580 338
16635 777
19139 524
5524 175
30660 299
30362 797
23710 441
4622 713
2699 112
21644 903
33084 377
9370 663
21627 14
18034 353
13639 106
15426 254
1778 432
3496 439
37861 53
6411 986
38992 669
21085 689
39727 383
20073 106
30218 336
24167 723
6196 14
23378 527
15059 662
4193 950
26336 66
1893 229
2387 101
139 499
29465 581
24007 273
28765 342
37529 341
623 698
8508 359
18303 196
11674 370
3751 142
5763 824
4295 848
33575 505
14392 298
20273 416
19271 364
32280 618
19681 967
39665 302
34748 72
1894 141
21801 607
908 766
20359 104
35799 975
13399 335
10411 868
4751 732
20141 701
24736 920
9500 100
6425 97
33846 709
37519 560
3889 415
39226 6
26510 699
2985 663
25298 140
20233 897
27102 584
724 108
10385 296
13096 427
9961 497
35609 660
6134 33
32954 270
354 306
14100 808
18859 478
16167 765
5998 957
14103 134
35582 643
14533 20
28835 729
34335 195
12178 633
5292 620
8414 680
35470 233
23108 742
37977 631
36708 845
29559 618
9816 76
28385 963
548 231
31734 196
20466 2
34863 477
13791 786
3332 160
19530 960
639 662
31156 82
7267 804
10361 312
16699 750
20010 66
15923 641
28650 199
27552 753
5299 940
37479 622
31172 57
22457 533
3170 174
24376 230
3557 930
30755 295
38042 832
16214 680
34324 902
26156 663
17163 928
37350 18
35866 735
35977 907
12134 650
23205 950
12592 327
2386 824
7557 321
7664 952
23208 246
18961 511
37026 163
19508 172
13607 20
39991 640
25497 48
33005 801
26712 71
8976 53
25092 269
5208 86
2292 791
30948 406
28244 669
728 295
26131 434
33980 260
25685 329
5199 96
37290 447
238 27
28620 745
39042 919
775 529
51 652
31608 790
19379 320
39679 288
6142 639
887 964
27744 479
1247 683
15330 565
25959 53
20248 658
15039 345
18042 168
4483 791
15312 942
297 901
14509 536
25862 16
1510 12
13255 820
30756 362
31274 834
6064 443
30877 243
16885 923
17823 2
27626 384
11722 950
3221 538
7018 274
39674 949
13475 628
15649 906
6578 799
10778 813
12429 265
39159 634
29156 470
15150 570
32074 834
6321 259
31792 416
12054 621
9787 392
4574 307
10343 97
10864 976
11847 587
3902 856
9820 467
36168 468
20185 478
22421 488
37620 508
38033 297
4514 675
24139 212
39165 459
38222 776
4704 20
14887 651
25999 813
36661 281
12941 460
13880 642
12235 596
9674 776
7672 105
13522 665
32433 531
19425 694
25142 532
19556 361
2276 766
3250 114
2462 84
12051 931
17612 897
24906 631
35083 578
22163 860
25967 581
15557 851
39831 110
22202 67
20996 167
15479 680
6058 521
37806 287
34958 665
36175 699
33689 410
25548 260
6446 873
27944 904
36337 981
4016 758
9866 607
37553 203
21726 364
23923 565
36905 76
5232 559
15646 562
27842 391
4649 846
21113 262
16868 986
2186 483
1917 467
19112 22
9978 588
11460 651
14561 994
29156 214
33536 726
4200 673
33776 580
3823 289
17787 989
9680 107
11564 865
31364 214
39414 101
30779 804
11777 213
12977 129
19124 808
20554 820
30755 867
17891 65
34821 466
32637 948
11414 19
8338 685
22854 441
29140 829
36549 762
14762 844
16644 267
10734 918
21303 344
37364 652
9309 448
15891 674
21488 247
14819 265
37810 568
26187 837
27628 850
12591 574
17979 636
32126 294
28164 910
28098 447
39839 40
36672 45
2904 525
5586 547
18212 10
26124 768
3740 80
10951 59
20760 670
6923 734
1663 858
21142 274
1581 512
4175 938
10705 356
27591 505
12036 268
25935 470
20755 228
30824 574
26300 40
33296 524
8417 846
20180 454
26786 257
6928 711
36364 517
37269 322
6423 280
32763 47
20638 284
22677 844
14733 458
18132 510
21595 487
15194 883
12308 475
23692 354
29113 919
36775 501
22215 256
30982 647
16678 931
3330 39
19763 919
3168 258
34645 484
1336 934
15558 228
26352 521
38856 750
11885 842
22634 994
20626 316
19322 902
14298 424
2678 669
19397 385
5491 593
22017 306
5774 380
11666 537
37660 965
13845 971
23857 919
27356 893
25794 26
19230 267
13052 489
28872 28
38961 700
32386 462
10916 769
15642 795
29774 155
3065 239
22975 469
14002 125
17124 218
30792 70
30226 268
11806 607
31221 577
14477 990
39924 865
37265 628
18318 297
5451 335
34766 492
35587 568
29891 353
295 719
38727 865
10808 93
21995 609
19319 822
18845 931
27738 840
21123 313
9362 915
29167 584
12231 32
22757 376
20069 372
8244 216
11881 376
9886 593
9306 646
34392 217
2498 969
1416 702
28352 679
6254 974
3591 199
34046 509
25511 919
23590 395
13627 477
37601 541
3299 532
22949 568
174 840
1535 164
354 531
36684 380
18978 593
30286 126
17719 928
20547 414
14152 575
28484 754
27756 229
6689 838
20586 150
24281 558
147 186
20101 451
16145 592
35766 714
16700 676
22795 884
38016 773
34564 202
19672 924
24099 570
13459 564
6267 345
7631 699
17752 505
19319 873
26250 604
20027 382
2799 409
36395 691
38401 412
30635 679
27717 821
30014 578
22402 655
2411 989
28864 355
3245 84
23844 3
35376 576
29575 980
12317 748
8648 352
24569 79
35804 757
24133 216
37618 301
9977 486
38150 199
27400 565
35985 160
29320 585
7421 8
1737 30
15691 209
23945 924
26524 90
15917 372
16926 818
34611 490
10048 433
11706 952
28347 405
32915 523
25555 175
33335 156
3682 336
24070 540
30940 164
19503 845
22728 23
20118 424
709 458
29130 151
6742 284
31692 91
24526 199
28260 269
34738 602
22490 63
15827 60
16782 79
17098 527
22196 650
35433 238
29092 163
26533 57
20434 718
33224 12
14785 693
38253 407
28339 401
17325 286
20040 751
9980 989
34406 368
25307 872
7893 255
33870 91
5506 985
19987 542
30222 944
33975 468
36903 497
32363 602
36004 240
35800 316
17984 982
21924 423
24416 795
25959 579
39911 688
37153 454
30328 55
18939 865
18212 698
37240 980
37508 816
15587 960
13073 965
35342 9
37710 404
24526 569
25465 210
39460 969
17389 812
37334 758
18336 619
6306 73
12214 951
35435 115
29567 645
36527 42
9442 512
27695 312
22180 254
31148 651
9689 962
38364 510
17799 914
32401 153
30084 815
8576 807
39689 274
13721 662
14726 331
30972 641
8159 764
12143 392
18293 741
4414 62
25418 143
1768 99
26133 965
29856 116
33631 96
994 754
16771 884
27395 659
32759 431
5504 753
35340 559
20664 814
27740 616
35568 592
2637 426
29150 397
24546 7
21207 357
15118 976
23075 845
33837 753
2630 744
765 189
31057 462
12448 78
12657 377
39458 595
18285 848
34476 897
34861 64
15959 977
19164 27
16523 189
26167 678
18345 362
2193 653
11802 463
26769 72
23865 793
10874 564
14188 758
24297 654
17883 808
25211 254
21827 199
28475 172
26427 808
25644 544
10214 494
4039 373
13338 810
28281 634
39275 623
21059 247
30731 303
39104 800
27476 954
31286 924
661 479
17414 898
1043 375
5338 638
37836 91
32127 229
657 920
8987 710
10402 48
13025 218
17132 462
33469 877
8011 13
21726 413
6850 737
38923 532
20966 765
16856 879
12868 801
35910 50
16278 811
14768 237
2059 34
16040 992
14941 317
4476 524
34408 185
35402 27
27894 156
7578 633
4932 890
3483 390
1623 907
15380 244
35103 913
35579 995
35852 82
15090 563
15471 252
17245 664
37573 4
36414 308
34539 364
22281 496
22450 799
28633 945
17351 656
39331 740
761 523
38687 920
21818 312
7360 300
20056 41
16845 620
33022 678
25654 381
16432 614
4868 817
25536 95
5257 1
31721 61
11609 145
19766 25
34101 478
5338 982
36562 820
38128 427
33220 347
73 609
38106 160
2505 519
6064 200
36209 799
33066 411
39900 286
8110 590
13995 687
29890 245
7624 9
17489 157
2976 860
33059 181
2604 639
27242 683
33945 651
8701 363
33128 610
11595 692
23433 813
10648 128
13329 564
35161 684
30291 615
38433 84
12643 966
18712 777
25017 646
34917 865
20861 6
20534 487
21695 18
3305 117
28320 811
23411 499
18947 160
3420 840
36248 778
8687 821
1940 27
35387 255
21801 744
28452 908
6885 210
18206 829
16345 396
7581 454
13477 600
28666 794
25688 954
22764 597
28551 314
37263 657
13722 793
22780 856
5671 936
10832 519
16523 972
26512 846
5807 685
8923 293
14308 387
8168 563
20067 7
11217 756
14174 23
2490 184
24048 234
22940 667
32506 862
33845 66
22629 277
27910 969
5625 423
15082 865
6325 390
33889 302
17853 636
30552 731
16709 998
39371 553
2703 107
18141 343
27705 359
755 534
19442 295
20250 554
38582 269
16873 107
32449 356
532 664
17407 274
14126 964
34336 947
37240 571
6928 200
28640 489
4098 272
33172 478
30434 890
21492 418
12119 328
30727 252
34476 624
38142 346
27140 920
5322 150
30321 259
32958 44
27966 934
6155 329
12559 323
7707 45
26397 59
7167 758
14570 468
16566 759
37030 719
36745 338
35399 749
3542 35
39706 143
6626 543
36638 808
15937 364
1439 652
20424 884
37724 948
37089 344
13923 220
36442 424
24717 824
16650 765
36634 703
12814 247
33588 297
27871 867
36432 83
38188 850
21486 553
7140 668
19417 402
9926 743
35131 714
4454 748
14733 17
29475 780
22277 944
3821 949
22858 575
32340 768
616 275
25321 319
25525 659
34500 771
2688 172
9932 217
9899 665
16163 927
11539 465
19196 101
8844 820
38947 387
13214 367
23490 121
27035 190
30680 974
34441 569
21637 996
14587 76
29003 508
12307 996
12684 694
5265 887
30076 431
37071 162
17615 95
38578 794
24517 331
25595 681
9235 318
686 590
30681 616
35414 651
24600 160
784 813
38294 495
36394 163
20605 898
35226 836
18497 567
14217 274
17909 565
16443 718
38835 247
29431 95
38296 920
24245 686
38361 528
20543 453
20952 773
39190 388
27802 157
22205 598
10418 978
9006 623
3372 187
16199 101
5618 27
36564 146
25942 100
18225 136
37493 74
21835 834
17517 387
29635 896
18136 904
35717 113
27005 494
28001 281
31449 523
37439 27
6850 835
30901 217
2137 363
1101 963
10247 686
19942 148
8479 909
8837 119
36982 844
15584 631
18153 559
7242 169
22161 645
11316 167
33872 299
19281 705
2348 790
1777 432
18034 216
37747 535
39467 634
2168 972
31576 861
32814 206
38156 876
13831 303
24855 137
17690 362
24793 119
15225 1000
7812 664
29090 56
29745 860
21509 608
32293 953
28178 896
38773 344
15639 115
35601 774
34631 706
3436 415
19573 511
31711 967
23897 724
3037 544
12151 48
7016 454
39537 533
26370 379
38061 36
30826 508
28309 79
15129 825
19766 713
35258 294
25865 78
5389 880
25803 546
16993 686
17325 865
12580 114
25276 333
17574 498
3060 104
5663 354
31344 309
20964 152
4162 369
37104 543
28914 212
21124 559
31364 549
12920 78
37833 989
15213 810
12396 973
1695 661
24147 973
5790 240
12595 944
3852 601
35796 813
1814 705
1167 641
16040 82
9716 111
7568 954
27039 241
17341 659
12559 771
1403 161
707 644
19751 151
19463 951
7223 3
18984 464
12602 953
35049 994
18627 684
34513 433
32992 725
8026 500
39763 416
12386 86
27516 461
32946 125
26616 586
35646 244
34170 684
23405 296
19978 112
26568 150
36181 397
38624 426
36185 59
22385 342
37892 394
17129 993
32242 341
34067 115
7677 823
1461 657
1748 222
28883 287
30381 976
7120 127
27490 201
10450 340
38801 722
23314 750
17070 229
38107 669
14600 66
39346 954
5816 363
6836 339
22314 753
26220 852
29607 915
5378 673
9354 47
7673 431
7353 288
5513 237
16699 93
11608 306
31887 914
31385 519
30950 736
39426 322
12209 787
19592 133
27707 282
35599 92
26935 141
14644 982
34083 412
17280 705
37268 187
38882 288
37453 486
32621 897
25233 191
19952 531
35375 646
2897 462
2758 732
39610 353
21548 805
22790 684
4096 465
17196 798
34728 865
16342 860
7012 267
29158 310
29047 188
34621 780
5419 803
37947 567
10332 559
30096 321
7528 801
23588 111
17322 370
25703 551
28886 973
12900 535
3394 129
10833 540
11429 902
31858 579
38216 294
19445 4
9896 875
9824 444
11660 360
35334 136
23631 488
10886 664
21267 808
29263 59
4072 417
37448 630
1737 422
10814 592
6218 840
22853 916
1938 630
20672 306
19289 942
25092 24
31203 217
11311 380
9040 33
39145 145
27982 29
1132 845
13960 246
27187 216
13495 254
30580 341
30165 319
24688 934
13830 608
517 836
378 360
16477 436
20187 191
13695 898
38253 433
4305 349
1661 937
3223 147
24544 236
6906 759
11319 888
26708 336
26605 188
20506 309
36150 207
8711 639
26543 419
24766 190
8610 832
16922 892
16776 407
21750 328
36653 298
19589 116
26863 586
8987 311
33697 519
34510 22
23905 841
273 474
32875 868
18437 365
13819 735
28373 856
36395 772
27848 118
8654 940
6753 523
14673 441
1303 545
20383 673
34593 182
33075 121
38752 408
167 478
9523 467
4792 938
20987 772
1481 942
5041 406
2492 492
25693 137
19517 928
37470 465
33542 863
14118 874
23701 630
16467 413
20863 555
11280 914
26439 737
37000 694
20329 733
39452 446
24815 624
14261 923
34194 644
10898 989
30556 294
7610 70
17941 80
39331 860
4630 972
6346 274
31389 547
13516 716
12989 160
23119 524
28399 916
30495 526
36316 750
33313 530
27356 12
35302 541
653 404
26770 734
18724 343
2274 543
11602 495
15054 51
6635 579
22403 886
34561 891
23149 453
24119 94
19253 791
1040 99
18261 605
8806 563
1120 59
34267 91
15506 901
35832 319
38629 82
8186 353
16722 839
36247 888
4356 89
4681 54
36144 34
37136 937
36546 474
22291 689
23004 977
21199 116
19185 35
4202 547
7433 864
21917 791
36728 247
10363 921
26999 641
26801 265
2139 882
28013 65
32582 433
4673 793
9529 217
27766 631
5153 712
21470 919
16629 73
37216 510
10715 261
18386 552
15599 51
10076 924
39232 589
21668 368
19939 226
5281 722
11624 380
6948 690
28793 585
9853 467
15609 873
4720 38
38841 558
29583 526
12843 917
26828 860
27835 500
5473 73
4604 484
36832 859
39550 896
23366 187
19326 943
26549 398
34325 860
1996 998
15790 871
17014 111
32587 630
15348 562
10650 444
11972 48
35741 314
24981 1
2966 421
38026 120
13993 714
27551 871
6006 566
24147 81
5865 782
24208 2
30582 262
37597 352
38892 34
39476 956
4921 278
28129 695
24515 848
11765 600
6249 643
33229 198
20256 968
36088 846
8 663
32763 919
15612 739
2864 215
25959 181
1080 769
3109 879
16985 783
4780 553
29655 727
16203 882
17058 93
7103 120
24258 520
22811 900
2963 100
9593 524
5685 542
22322 976
7437 152
26785 504
37038 145
14056 295
25010 323
16026 74
23162 482
2140 615
13142 668
8529 99
8149 492
16383 407
30978 523
35624 852
1891 154
34503 9
13248 496
2320 675
39838 594
32531 87
1012 911
14262 744
27414 500
24162 997
14755 391
21490 813
33434 374
15967 79
20155 9
34218 230
1794 52
30933 353
35048 659
31369 364
38335 501
19945 424
24890 696
36638 942
19891 320
27255 221
571 117
2214 662
39020 323
12966 6
25313 774
28238 497
32549 266
1634 687
39844 770
26981 73
26181 493
38418 539
10111 969
332 498
11538 550
15760 303
14843 598
28278 5
1742 981
38792 234
22050 512
2717 834
23797 215
2559 545
12340 685
34255 183
30587 873
8843 133
38593 803
26997 847
32403 12
29033 556
18462 308
5569 684
28583 673
8686 79
12892 657
2758 332
31054 295
10935 90
17256 941
18821 108
7417 629
32494 215
9995 527
18831 552
4182 269
7185 318
7858 745
13963 576
33336 892
14917 434
34359 974
13652 101
5257 746
4637 216
7579 737
2444 718
3428 462
26193 318
8690 663
37783 646
17166 509
12681 806
31175 744
19392 552
9260 539
24980 405
32465 207
16569 756
2243 436
27703 28
23216 975
31116 524
25687 31
4554 542
14880 822
15247 157
38312 678
6488 760
15780 97
15553 727
10965 357
24531 353
6962 194
27296 662
11319 247
33366 524
35331 573
15430 323
22042 197
23890 91
8553 84
21809 436
33786 22
7573 118
9925 70
33815 552
34668 886
35929 831
2422 259
29073 643
21378 154
23818 957
39807 549
34328 510
24316 125
28888 943
19083 307
25928 528
12055 881
21657 146
5230 955
17592 673
15483 248
19636 17
35077 464
33083 519
21257 218
21964 868
34619 373
20177 93
33361 387
9621 614
35173 489
23377 644
34171 715
37430 34
35004 548
7846 338
39474 419
4828 694
10296 780
29333 692
3090 34
12644 479
14752 418
14518 622
39765 196
5713 179
35340 842
38615 108
29502 33
34141 354
21768 110
12251 507
115 649
11530 539
12178 438
10223 569
33747 560
19317 275
14338 811
28254 629
33610 159
23210 189
2171 180
2141 981
23778 402
9728 669
6933 627
1890 185
7143 681
14897 712
34907 896
24102 17
39322 170
29501 499
38441 609
12677 947
1106 286
6884 149
16457 607
27942 567
3517 55
20265 909
32747 944
34070 541
12273 321
23986 233
19726 108
10428 720
8379 457
8731 211
14397 538
29621 505
25757 104
32410 637
18672 218
26520 439
27424 899
15886 678
29489 278
9446 835
38558 608
34062 306
15181 298
3840 195
38038 747
8187 394
32062 574
3572 189
32006 458
39466 594
9202 93
15582 329
12304 421
420 121
39408 369
10023 586
16913 636
11178 999
4598 431
3193 160
25175 911
30490 997
1293 141
20180 703
16102 176
36938 40
24553 675
17737 596
24878 920
20828 676
28661 724
31875 980
3111 611
24695 762
30535 1
20414 305
24007 772
35465 497
12718 601
6020 615
28478 900
4367 553
19319 250
27436 39
7130 531
18891 592
1972 441
38385 849
7395 98
24287 296
5490 689
27395 609
22305 447
9486 508
324 360
20201 192
17307 99
38310 863
38769 451
11988 153
17322 328
13142 649
24434 685
7669 719
36789 969
25430 1
15317 919
29295 901
30961 162
1085 71
2246 757
27080 614
30383 696
32547 611
38221 437
36720 730
35706 563
29381 274
18298 768
34276 802
8701 761
34325 363
35589 478
39343 215
4527 758
1450 573
36289 978
39980 3
18876 660
20822 400
31152 369
36589 370
11071 82
11981 493
5899 575
37829 501
37702 144
1844 394
32018 882
7076 846
25000 518
1433 685
35749 573
6260 141
35941 140
28316 433
35513 925
4898 750
8765 708
3042 511
16915 182
2692 250
18807 879
16495 506
13625 558
33995 865
14910 165
31609 255
23340 732
37990 596
25949 649
12131 265
24574 864
5084 574
15173 785
29099 653
2905 879
37743 470
27039 99
11128 620
29336 344
27129 393
29948 643
35700 303
30754 516
8887 946
21475 388
6447 713
31903 897
2742 282
10305 890
7908 596
20502 641
32264 495
12920 481
37351 480
23161 980
11698 934
17626 699
20975 461
30296 858
24665 54
8083 904
27050 860
31177 114
5534 508
29963 417
14951 57
31199 107
33776 101
28488 832
2988 306
12394 746
38872 201
2666 238
19056 754
35824 759
24000 173
14509 947
29001 12
37518 887
30993 679
6740 689
23590 40
27367 753
16257 438
9805 311
3693 96
14000 795
14009 381
764 109
23372 329
35741 481
18047 23
6651 363
14912 846
5774 471
8239 38
12678 756
21432 85
18928 564
23263 891
24412 435
30629 418
28764 31
23634 129
6080 301
21 395
4111 651
1081 981
21423 845
31795 525
16694 716
20997 409
35781 984
16341 297
4108 342
15171 495
20929 938
27441 89
13248 795
28061 944
35721 944
17554 105
22049 804
7825 956
24621 295
17095 856
1862 498
1990 89
39499 556
19026 343
28231 215
21347 99
9575 892
24060 992
14 944
13450 221
18466 660
33598 539
6064 31
3371 295
37587 520
3113 643
2436 666
38458 165
19228 217
2357 341
13736 158
6514 952
863 362
26988 958
12004 729
11301 713
23019 7
17108 28
7753 844
17899 570
33174 647
6766 277
38893 840
25851 448
18126 522
7459 304
3051 144
10601 132
16983 21
3283 828
39567 102
30589 445
9654 397
23180 44
9001 900
20630 140
9218 662
7799 890
25509 28
16779 134
5380 538
32113 949
36888 297
29331 549
14721 181
3167 444
35866 265
18761 644
27441 632
24911 707
21478 789
39600 593
12052 38
29271 829
16181 699
39635 11
5372 996
35731 46
16774 267
18390 881
421 672
26540 142
36542 956
2543 650
4979 160
30405 143
14131 865
4093 328
1769 586
27553 952
5724 595
25245 189
37971 880
22157 108
22223 273
38074 615
26503 419
27874 496
24523 71
15236 423
29634 192
20986 807
18290 794
719 367
13423 137
5070 916
27 402
33166 866
35006 603
31561 121
3520 536
29188 554
6773 427
15296 904
8823 676
6046 455
5991 507
33995 457
27390 731
20549 959
26548 149
2060 467
39431 857
5336 249
27232 310
17388 270
34603 38
33092 637
15227 310
18745 338
28136 615
39473 754
16313 487
2040 685
9540 74
30041 917
8978 357
23771 867
32567 841
26207 151
12721 72
37617 38
16593 812
26172 520
33256 103
36129 121
31059 123
393 742
34318 989
5673 463
6890 75
23270 21
20516 425
15648 242
38124 1
20846 880
11173 683
2480 935
10074 467
22748 339
12760 784
6042 359
38392 105
401 536
18584 307
32373 336
15967 886
26767 939
16677 608
31639 401
39930 191
38198 216
15902 87
15699 821
28792 942
15576 541
7965 874
12061 655
27527 153
25255 819
32544 439
26258 626
11651 403
33596 847
8935 967
31215 668
11770 906
19877 710
12653 558
18888 975
20791 469
11585 439
11521 681
33949 875
20004 125
4938 366
38438 459
19908 9
31932 691
17113 178
6218 29
20181 905
22747 850
8878 702
2459 439
6490 742
31105 422
29771 962
24328 252
26414 861
15078 123
39583 662
35838 458
27537 835
23748 241
34113 599
23619 151
30030 683
2907 958
35595 143
31178 482
1410 704
37950 758
28249 403
31169 280
20014 136
5661 422
32599 94
26485 269
18034 354
15805 662
11772 261
6119 586
4371 864
35535 354
12798 786
26309 786
30817 787
23148 969
12763 106
12916 179
37381 576
15625 616
546 504
33667 910
30656 202
5296 470
38378 522
18044 994
30162 34
18675 703
20520 186
5457 533
2191 271
37783 423
16854 431
23677 639
39532 577
16396 823
19176 891
233 68
21755 901
33899 184
19089 171
16363 52
26244 891
20087 797
20483 966
37999 838
34188 565
736 514
494 111
38527 948
21418 694
14535 939
2666 780
33329 268
32932 112
11624 887
9486 910
33183 186
21006 302
29152 546
20654 306
7312 568
24201 510
38311 551
12323 512
5373 59
23324 951
10551 553
26903 918
4857 169
1279 610
18370 4
20211 673
27513 81
36105 745
26680 198
19934 878
38614 422
23989 405
39686 273
3750 359
5832 374
3982 452
28804 867
499 718
35525 140
36293 687
9634 30
36328 478
11843 611
13998 121
34810 143
20874 763
4049 129
35795 755
22256 378
13240 348
12202 977
28165 118
2162 361
11805 436
31035 592
158 794
25844 240
34016 923
11769 816
23434 97
23080 225
19080 534
28208 996
21076 568
24749 995
5495 679
26140 947
21550 633
16051 76
26322 666
15168 682
36732 153
951 134
5905 33
19567 94
35090 119
20217 371
27035 169
7317 302
5844 800
32492 802
7292 174
6782 163
36189 117
12314 876
31350 706
4525 175
1575 310
21680 180
21819 757
8340 868
1283 238
11204 210
14945 143
37087 127
11726 382
28193 660
4491 240
32525 902
39735 503
9336 60
38732 453
10779 142
19366 495
12678 165
17658 474
4611 97
699 322
9628 839
33814 287
5250 8
31925 909
7420 906
35207 23
14922 228
36422 540
26322 534
26183 620
37938 168
32639 218
31488 916
20059 282
29047 686
32866 89
4192 657
13928 396
11386 814
36964 134
14583 720
22984 170
4486 307
34242 803
13485 404
28765 357
24540 139
5477 102
5097 789
29382 391
33198 92
10431 78
35919 517
6436 576
13144 852
19980 461
38619 398
25807 969
9131 254
33246 73
4110 808
39821 196
738 822
13815 545
37351 670
18684 115
31279 839
13456 231
38774 449
37941 867
22816 714
39807 214
22856 733
36226 148
39411 245
15356 537
11541 959
20234 957
20801 302
34016 237
17498 505
13950 584
13377 881
541 970
2230 901
13076 398
35791 325
31108 889
23968 687
5734 246
26568 469
15496 155
31895 903
34724 383
2452 320
32750 56
6605 455
9442 838
14845 959
39900 363
4000 741
34864 160
29465 189
25426 400
29675 777
27138 707
7917 695
21438 363
5449 563
35450 65
19016 975
26836 873
14902 783
38854 431
744 116
32905 99
36942 11
11005 845
21369 109
20810 747
5594 136
22641 965
32093 156
39742 782
2979 446
25727 159
34289 779
35187 335
5775 587
26126 706
14808 319
11257 67
10182 789
7487 67
18561 924
35636 124
15134 122
14144 442
23658 224
17578 156
3552 463
15006 543
1238 301
2373 363
24801 877
11851 966
38463 950
35559 162
22175 149
6949 521
12079 161
14469 425
11888 864
35183 136
704 40
5017 208
9324 715
614 842
25901 970
20338 917
14108 985
21104 705
17970 733
26081 391
38871 468
38831 89
3349 866
29662 724
37173 803
2532 181
34154 963
16806 560
14610 172
152 980
1589 623
27407 722
20155 582
37239 296
9123 715
2797 641
5936 896
19163 265
20991 194
18794 175
982 693
5816 701
35868 537
23789 920
3358 251
16691 88
20084 496
10148 867
1399 995
31733 87
38476 485
11855 783
7185 575
31572 822
30264 200
6540 812
11049 412
29448 623
17808 185
8561 283
19992 141
15444 709
8916 234
11234 563
20314 580
12199 83
6676 156
19343 210
16931 665
11336 731
39752 994
37967 375
13671 746
1400 319
14209 968
9686 375
33692 255
16189 370
3740 122
7829 225
23322 850
23753 105
15123 972
23793 122
6152 656
12293 738
14919 480
32295 677
33326 767
2796 677
24412 716
37402 812
23550 885
546 894
15179 703
29079 852
30936 609
34077 345
9087 821
19556 829
27396 741
35608 138
6062 950
35965 21
14490 792
5061 400
34568 521
291 406
37641 552
29612 866
28878 869
31406 723
7318 251
5045 987
38845 414
4950 387
14495 376
19347 962
37254 328
6788 448
22952 402
11256 929
516 145
16099 834
23535 215
34060 410
1152 692
19455 820
31515 727
28298 97
37386 98
32543 443
18380 126
4212 788
6741 935
10970 237
20128 34
17178 551
27036 951
27975 799
18372 280
790 766
7644 263
38429 514
11245 326
36533 825
16470 603
2860 520
9622 100
9110 940
1801 41
20117 630
38464 739
17438 158
6705 345
32961 858
8148 660
30613 317
22071 886
17516 881
8207 83
3083 388
25213 931
4698 779
19859 741
23281 97
4549 87
12329 167
16802 367
17440 215
10470 365
9934 953
6464 774
32222 859
27280 882
37532 819
30115 379
38458 359
22097 178
34396 294
37897 289
38899 626
12002 534
14338 584
27564 680
6054 224
7230 16
33497 259
3681 771
35980 378
28982 986
9197 929
24151 378
3370 674
21733 38
20839 994
16809 665
1774 977
7598 400
9085 145
6490 237
7170 496
17585 697
38004 900
27251 850
9617 414
22380 886
8858 367
34111 803
37120 912
7485 678
9318 23
33899 80
23321 853
30304 564
35681 470
9409 173
33073 11
17345 974
32853 554
36334 211
20512 329
21407 615
27414 902
3203 988
4613 118
28589 829
29653 878
3752 768
3131 918
25593 128
14569 358
3472 207
12145 697
17554 34
6666 43
5535 519
20764 13
27348 14
8358 567
34335 283
19386 276
27281 578
21769 824
9176 338
19711 60
15852 735
34192 180
37021 495
30592 930
23069 888
26315 625
11348 379
18699 200
31076 298
19937 861
32267 894
194 822
5309 643
580 249
12092 365
1614 104
21060 754
17158 420
32060 216
14625 73
4037 953
22579 422
25038 447
414 85
26535 629
24401 506
14480 970
8511 231
11082 598
22766 733
18320 212
24341 867
18504 927
2364 86
6430 183
33028 882
23193 564
22416 640
9463 955
4260 939
18600 739
1292 600
7803 1
11565 227
28537 494
12145 798
32304 409
10832 773
11883 994
26522 853
24183 185
3817 656
22006 847
5115 387
19359 421
7638 5
19208 98
20477 332
27392 960
9997 180
26364 860
20318 692
8007 58
22136 827
1210 909
27332 858
15371 145
36377 803
35286 217
30812 497
15436 741
6416 124
15662 599
15945 448
4091 664
3635 505
21295 468
28260 51
22113 547
39251 820
26072 593
14546 538
35248 83
9115 391
30827 646
33693 758
31571 714
5405 931
22742 200
23440 438
792 52
28503 931
9670 208
2057 767
28339 479
19240 979
28570 112
38327 525
19412 108
16010 250
36208 76
16493 404
27145 848
12330 436
12699 577
27199 144
20921 994
5093 213
23194 792
19009 976
12062 874
2963 160
18280 221
4822 786
29955 247
5566 576
22508 784
8994 833
7048 324
17539 110
4129 185
99 243
33716 423
22317 169
37804 998
37391 965
27527 652
36325 160
30989 369
29513 234
4467 816
20444 855
16134 475
33761 558
14978 997
23956 428
38143 19
1306 746
8086 359
17177 771
27602 324
4033 727
36672 111
5187 792
9742 768
21239 756
27903 388
29923 768
28650 867
6239 348
6691 661
39953 712
28017 94
16920 254
1319 305
28615 523
19427 434
24756 374
32165 595
13489 853
38135 647
37704 597
19235 929
36220 423
298 630
19693 161
28194 694
34050 21
14806 615
21250 759
20944 570
39355 786
39782 783
8763 520
6471 684
18247 823
26003 911
6458 522
22216 305
27803 127
664 511
25351 668
32791 631
2617 368
25869 240
11100 516
16523 935
6001 610
22325 99
14808 678
39639 372
33695 582
8650 533
30223 207
26713 392
33248 512
8871 469
28893 781
3246 799
4788 477
7106 400
729 787
38453 584
29066 348
22656 589
5708 819
34839 449
19045 67
5168 281
38509 369
22304 850
28896 232
10205 541
36421 638
15523 704
5908 746
30852 102
26984 412
29505 380
39996 444
17986 158
7771 444
8114 94
19774 297
38915 523
14610 616
34771 909
2078 952
17379 19
6383 140
21941 705
29106 465
26303 412
14243 90
651 816
6074 211
15552 398
34517 373
6960 220
1276 755
9946 550
30423 611
31768 756
14802 280
7049 856
14120 537
36665 6
14215 912
39973 772
14083 569
13587 280
37757 106
5259 768
10720 123
30403 198
9977 706
10099 976
3316 754
17916 384
5005 369
36564 729
17114 571
35670 378
33826 10
29536 905
18464 227
308 267
22376 807
36594 591
37949 595
23637 896
18375 51
31895 273
665 710
9320 829
3007 856
28906 142
24962 145
26973 146
38176 157
25471 252
2187 782
7125 135
16328 313
14136 132
38383 652
16892 550
7898 897
27419 939
17633 722
28432 67
23099 64
25907 534
5514 758
28292 867
31063 640
25145 556
37965 769
26696 559
26039 452
2051 823
34378 504
23107 648
39042 178
15567 132
20019 550
29636 382
26078 871
36762 839
12843 422
18 932
27757 804
35359 328
10666 906
15371 552
10178 910
38173 775
27002 112
25419 362
16079 564
16932 644
4497 656
17665 469
36394 681
36484 196
4634 416
32211 284
31187 938
12916 81
3619 50
14799 806
12463 868
1938 921
10617 342
16989 775
19083 31
2034 131
170 531
14583 63
27408 937
14531 359
17538 926
11941 83
28898 53
31296 684
7397 408
2614 150
21007 756
31933 783
15857 411
19907 855
37802 553
12501 265
9155 213
23465 202
18039 976
23945 364
22029 344
39263 644
25591 804
38119 965
29034 636
22384 253
17058 449
15643 706
2042 157
8319 760
39919 459
21596 17
9905 670
20575 389
29994 798
11156 783
14455 768
20553 838
35284 62
30430 29
4748 513
29416 800
7971 372
18335 11
8168 517
6574 686
37409 895
3705 725
14477 623
28737 1000
20142 577
2840 204
34808 938
39071 67
27717 798
21284 855
27370 846
33182 348
35782 204
17776 530
21072 897
32776 559
21438 812
31654 202
29211 210
3604 44
29231 910
16650 603
17558 113
12171 621
32776 840
17611 80
38401 26
33872 235
14568 805
38314 207
1378 113
30515 891
32074 792
3900 109
5332 277
35000 163
23617 42
21647 819
25922 569
18603 261
18992 630
31219 343
21900 957
15499 324
26780 415
19682 570
9678 728
13298 83
8188 33
19373 268
12336 283
17293 103
32163 495
15445 409
35553 554
33844 966
16569 698
13713 588
35541 648
7364 702
22602 338
3086 409
24284 834
4604 829
519 94
12456 919
4641 92
13046 24
15031 166
26350 486
38211 158
11657 859
30355 180
13946 897
5040 677
21960 197
20460 151
5771 589
11750 730
16695 315
11419 449
38283 59
5844 343
35930 128
10995 974
23400 460
5666 231
4326 845
20595 381
17521 829
24251 459
12458 52
6797 777
11591 196
10508 470
12300 254
625 190
10839 891
8472 218
15646 422
37578 277
12280 46
9078 649
23533 601
751 167
14012 864
660 775
30416 98
23498 263
32733 523
4866 987
21637 848
22671 788
33964 18
24733 988
22247 771
24176 932
17435 910
28191 973
6725 121
29622 974
31347 317
3267 915
9031 753
10840 646
4272 321
4883 175
22417 697
21477 730
12589 981
14002 69
4381 375
22392 622
3989 959
23795 964
25356 937
36582 957
1015 245
2435 721
19289 35
26381 17
2026 42
12819 206
20879 634
33519 388
19052 3
8170 152
2160 417
13955 758
18103 179
6133 834
18797 524
16435 145
24072 116
20493 778
27155 786
26470 869
27250 357
21075 339
30020 570
15622 635
10862 246
3713 757
17091 936
27375 658
13803 246
36998 128
17270 716
11813 14
14213 935
8798 225
5021 329
30829 681
35622 984
35113 429
23480 678
5905 631
33650 908
39386 547
3854 258
12102 654
16969 806
862 51
36730 526
12461 297
31840 28
17072 779
28405 143
27040 296
39102 330
392 397
5857 840
25877 833
24028 831
22445 705
17233 692
1391 936
9269 230
4800 991
14070 748
34966 770
21654 922
9877 664
17857 502
23281 673
8812 383
21878 961
20029 434
5284 67
3983 382
18480 178
23712 47
20652 402
39451 876
9470 792
21600 869
19339 647
16037 119
31165 508
15333 497
333 526
7686 841
20745 61
22511 226
2345 266
23234 714
35166 876
5537 454
954 738
12007 98
12831 184
11427 211
32091 212
14158 130
34656 290
33425 197
32887 522
13622 736
34252 590
38828 494
23093 982
17659 850
16871 271
37587 570
23672 187
33458 984
15795 89
22699 48
18269 464
15315 785
9906 72
17492 450
10733 498
22443 228
33436 544
6749 780
27338 229
15234 175
14428 856
17890 556
13580 893
38476 164
27842 272
27640 832
26391 530
22172 870
13204 882
14445 201
13362 872
19064 124
3562 68
10158 808
7607 996
25626 651
9958 733
2915 766
16529 248
9977 150
6662 15
4473 690
14752 879
38878 204
32956 520
25630 438
31103 175
37808 488
38069 63
4467 262
1523 898
1912 972
6388 115
22449 828
33916 53
27608 620
2159 673
27019 564
15611 143
29538 74
3699 367
29456 711
22428 654
19931 916
35742 199
15932 110
12278 855
8145 761
1709 439
2646 62
22583 992
38494 97
29037 256
22972 239
4211 156
26030 543
30184 180
38866 596
10894 321
31152 441
33556 580
15903 411
36137 715
15558 552
16120 502
31402 821
7744 492
31371 653
2312 231
27086 828
25865 362
17225 425
29498 389
32627 909
24547 157
30553 834
29449 605
12315 199
14482 293
24322 179
24144 205
744 48
34541 253
32330 867
31727 407
35051 905
35350 803
27596 743
22195 249
11163 38
31648 879
18953 593
25486 593
37622 261
26483 540
37328 22
18305 252
13113 790
15296 469
34154 88
39521 811
38403 596
14195 852
23381 452
37878 15
10965 712
1138 439
6431 212
28730 312
7071 621
11436 42
16499 520
39950 834
27195 671
2556 30
36188 765
4078 132
17605 726
17572 429
11380 51
16691 405
16301 364
10991 905
7349 914
29951 391
25997 582
35999 461
1076 49
28948 473
1214 883
16604 779
29134 997
23211 490
32273 512
7772 810
6531 125
28106 642
34060 30
28043 90
10177 507
9326 534
12469 872
38207 552
36600 138
8192 32
14992 906
16904 66
37857 370
21432 59
29210 596
36594 183
14750 244
19246 227
3884 997
9807 533
11721 3
31124 314
28709 582
31612 100
28479 837
31645 398
32016 746
33865 616
1708 336
14718 900
7181 905
39119 759
2661 390
21170 837
27434 577
22313 695
12670 295
13963 791
17704 592
6673 822
15263 71
20344 866
32791 585
27745 331
28182 149
24561 893
26221 443
1503 223
39065 816
7017 843
2537 356
13642 737
31210 363
39617 641
35202 233
27155 555
13731 834
17154 442
27445 508
30489 251
28272 339
8980 19
17772 282
759 618
39290 991
2504 786
2267 97
2333 622
22894 30
10490 311
14889 808
13303 574
2167 93
4040 444
7283 908
26283 872
39765 63
17271 216
17930 270
13401 225
16083 566
11292 520
30904 556
6631 389
19106 696
29325 395
5607 108
8242 141
16020 192
29098 233
6375 97
39842 886
19667 73
33090 294
20595 335
29517 300
9471 945
10529 89
29623 151
9965 947
27566 869
27678 422
12643 423
37016 458
15361 362
38219 967
17963 969
21949 172
32641 72
23449 418
12822 352
39365 583
34788 802
16187 84
17229 534
17383 506
23226 294
10000 964
20386 680
4345 801
8003 613
39099 872
2852 416
37973 304
28492 735
35132 630
23240 314
36811 440
782 655
10389 461
7432 90
19550 778
14444 391
29691 323
18137 413
32141 146
18131 705
14853 443
23094 379
21734 27
18550 769
32398 121
1478 912
7921 928
15754 949
7151 393
4078 405
22894 957
16160 483
36702 89
2679 365
38953 598
11297 868
20693 315
31157 278
39749 148
30469 376
16383 414
8711 828
8022 401
28778 290
37835 258
34569 300
26958 77
38365 53
12223 632
29044 604
34595 18
11770 344
22064 672
26491 840
2676 123
30295 438
31073 105
22594 217
16371 731
29867 518
25359 371
28168 235
35794 842
3885 905
32280 546
30417 345
21526 642
26415 763
141 962
18876 615
23349 177
20356 927
4185 110
39857 520
33141 227
15020 982
16692 168
39869 553
24211 188
20088 870
18254 675
12875 275
32561 985
61 353
11037 283
3897 797
25795 210
21513 78
8375 434
25523 185
9022 552
23656 109
13394 400
36297 848
35923 418
7844 963
35864 107
14461 931
33862 910
34081 225
26512 10
10902 771
6425 991
38410 785
21648 329
13863 132
24191 527
2261 250
21183 678
23711 24
20796 170
10483 986
22778 785
13079 790
2157 472
36199 890
24374 551
18420 980
32044 149
1377 603
18792 386
9742 813
39699 641
20028 27
4245 592
21603 370
33366 564
8006 763
30138 888
30833 193
35906 432
37161 125
35066 513
29922 42
14989 153
29093 399
20479 214
9081 871
266 630
10362 511
21877 564
21904 141
24766 99
6125 791
34946 162
21945 254
254 386
15321 272
24646 439
38126 725
18415 217
13560 768
38040 124
5822 204
13185 975
17047 479
1558 49
348 930
31539 563
12062 611
19639 465
13312 327
2408 320
26107 894
15311 806
9740 883
19305 627
14302 682
6868 858
19389 680
26732 458
35834 775
17259 326
27504 414
18881 414
8136 444
11877 394
8588 856
25678 266
17032 904
16378 914
4944 594
32359 1
29540 497
38882 969
5091 24
34211 96
39360 591
13636 264
1577 564
9457 388
33620 111
24977 15
36687 407
34512 335
24120 90
12565 989
29913 289
1012 294
3859 328
19839 637
36801 693
7123 514
11181 791
16039 215
19904 670
15884 389
19278 123
19349 837
33864 22
11900 861
36620 819
18634 973
13832 689
1634 625
38031 6
5112 516
16662 120
19604 183
39410 161
12865 60
12632 494
23073 854
2511 192
37035 488
10747 666
13677 167
4743 40
15746 706
18020 348
2114 2
20934 789
36736 280
13083 811
35649 9
25333 370
18609 380
23775 564
33734 601
27335 615
36658 776
12637 808
18310 847
30056 46
22916 36
8514 712
25009 704
27702 240
34947 995
10054 62
4269 274
12354 515
1968 669
6610 661
15727 169
1230 414
38541 42
2494 221
29165 240
8934 250
32502 928
12309 406
20476 582
27931 187
35811 370
14733 740
5466 366
1841 629
24908 516
11791 807
25164 458
19993 481
8014 274
13845 974
10470 681
27104 38
30525 141
21335 977
27471 793
32331 383
16560 720
30968 184
2874 469
1697 211
6203 60
14178 83
9815 53
20077 892
29439 567
27581 301
6003 315
14221 568
38108 984
26922 453
38663 962
16688 97
7812 869
18059 329
9729 972
39504 402
19375 722
6696 241
27600 445
35962 465
1901 408
10387 208
16607 790
27067 795
11296 911
31971 783
17639 930
16365 501
36254 659
7756 547
36324 645
28810 73
4864 847
10479 420
4929 380
29877 158
39836 83
12683 371
39632 482
22208 154
27196 492
26835 952
30676 790
19504 432
13656 281
30289 789
33762 447
6406 976
18995 227
30581 443
34310 685
30474 556
6203 208
20729 915
35726 143
27957 14
19522 791
7041 86
38783 848
23262 407
14940 787
26042 888
17805 749
17177 901
12622 427
24509 287
9836 346
30343 67
31723 320
1656 673
25980 310
34262 540
3433 727
4285 231
38666 560
2151 749
27492 761
29743 447
21064 523
24067 403
39165 910
24151 956
21435 665
29790 801
34869 618
14231 768
13631 266
19168 573
23453 180
33664 524
12160 899
6420 752
36315 98
14923 466
11405 345
19224 170
4090 474
5745 700
5366 510
31271 839
28909 478
8773 625
7740 519
15023 276
20606 52
38555 420
1928 873
7949 186
27368 233
29656 344
34091 542
355 436
31463 800
16523 661
17043 799
10619 247
21678 39
36861 866
21417 525
14417 560
32269 410
32945 464
16478 28
1568 326
6084 960
19155 560
19523 165
7736 462
4011 721
28779 219
34045 498
21957 462
14075 951
29001 556
19532 304
4775 773
31764 567
4902 733
26002 792
5061 609
14043 770
12947 855
30216 49
39229 711
34255 850
39163 793
29642 125
5268 536
31470 586
20939 260
35969 746
18105 113
6151 440
37887 74
1155 971
32202 996
13924 561
20931 584
32772 929
13520 977
26535 4
19464 609
38696 182
21131 599
39050 299
14207 491
23836 355
28638 642
19296 882
35313 950
32793 423
34330 973
29352 476
16408 697
3804 852
1827 288
16328 722
35368 688
33297 719
7877 784
13131 317
37756 222
36028 267
24973 784
19698 545
32412 974
30652 561
31073 539
39329 353
12161 101
12474 583
39507 105
12661 105
38191 501
16861 390
37282 371
24201 353
24569 305
36384 703
38425 922
29104 765
32851 74
26503 756
18042 272
27375 944
22497 790
21918 701
28349 90
31221 541
23529 503
34219 809
13181 476
29068 245
25273 467
22369 778
12783 929
11072 554
39683 749
32718 958
11667 844
23376 412
34975 555
34705 934
39774 858
1148 628
758 568
12364 498
26711 671
20822 466
10021 119
36721 205
33951 663
17117 686
29477 340
17933 192
683 706
35665 201
34185 472
24089 343
11097 773
27112 294
29721 282
25082 959
22426 728
2972 975
31153 348
21681 547
14212 258
2814 903
19321 7
39584 275
27930 204
13620 532
28868 260
17665 940
35064 350
11551 542
25927 109
33347 365
15282 523
34335 734
11574 474
16915 969
670 176
39535 159
21596 378
10164 279
23469 513
25549 755
3850 566
9921 513
25369 622
25816 301
32051 435
1850 664
33914 394
12793 192
4755 976
15827 628
9537 863
2256 88
7017 133
17983 807
29487 924
21603 660
27752 402
13771 503
7924 700
351 886
14981 122
8526 657
39305 571
23429 827
10949 144
38939 371
19271 189
25514 92
12216 733
7021 277
36616 789
33139 505
6661 647
21218 822
25399 865
25637 274
21486 683
31282 643
26928 767
26888 481
11263 871
39897 791
39931 357
38186 375
38330 373
8543 646
31289 516
10242 849
15324 610
29343 412
25387 938
13703 175
19359 100
25970 65
16031 223
16518 459
26986 386
18963 621
24305 472
28237 790
26173 791
28588 923
4469 25
32321 793
7980 110
36738 945
22732 929
8139 536
24614 954
9193 397
17279 833
18609 790
36178 943
4743 115
16627 15
30418 475
19721 404
5244 964
12311 895
19624 805
25611 320
25904 213
23636 557
33702 995
15277 216
15012 972
19366 811
14479 543
21591 90
14433 854
19259 496
31973 303
28596 981
26282 259
36258 187
11086 101
8041 196
35887 204
1974 182
11611 880
20516 646
4207 778
6494 292
24160 411
27254 568
27844 926
7957 570
30624 299
19243 974
26904 298
14976 826
32387 430
34942 270
35389 666
23585 665
24336 885
27395 487
28434 217
37498 653
7469 701
20030 849
19146 338
28146 629
21865 531
27166 855
1814 277
8774 643
36095 197
12269 810
38046 348
36036 173
17961 987
34696 68
6686 28
7847 931
8554 312
27579 737
29975 580
21653 548
15374 327
26575 305
32591 236
22742 564
30965 510
34266 29
36504 76
16791 673
19952 742
9015 538
22488 97
14272 742
16541 571
26892 87
13739 767
23637 19
39226 865
3506 177
10486 123
33840 997
23123 620
13833 815
33087 137
17805 1
15018 970
2445 15
22872 284
8059 315
7908 15
12296 742
14324 310
3510 739
5614 19
28294 660
26277 356
19648 6
12729 226
25211 341
22666 16
2855 906
11390 64
38899 491
28910 781
22331 331
22547 649
30576 384
38917 499
33348 664
32933 599
6677 967
17996 537
7107 266
25144 741
32142 352
2240 672
8848 8
1538 599
37524 488
5113 991
19497 701
18502 314
27166 401
22187 894
22994 519
6087 815
10837 205
16552 7
34201 710
33703 257
19649 708
34474 656
32694 290
12734 918
29980 925
16341 592
19526 43
17037 962
33983 368
27326 910
28049 194
10539 695
35535 463
16388 576
1958 424
1731 310
32278 515
30118 984
26462 351
31276 195
36187 94
17536 23
38830 840
11235 25
30832 670
12483 900
38316 139
2359 865
33635 153
27417 834
4189 637
14065 587
30713 156
18318 659
11738 129
7113 261
21019 107
36023 563
36094 82
7074 425
18490 980
27055 801
39278 254
33171 586
16284 836
36391 589
12254 88
14342 616
28840 100
24860 883
30953 442
23057 685
6238 634
4858 452
14998 234
5679 934
23900 594
12596 378
18645 611
2493 756
27668 675
25497 414
12985 402
30938 852
18577 885
15648 995
20543 672
21329 158
37901 491
39586 884
36509 768
37203 780
33898 825
27576 431
1463 342
27814 172
15854 208
2645 517
16802 147
27939 151
29386 505
9327 254
31931 350
1040 994
18870 893
21922 608
35183 695
29408 721
22369 579
511 408
9497 455
12651 599
29253 20
38547 173
35821 454
11834 556
37692 898
5950 75
21192 979
38512 22
35149 994
4195 944
17133 273
17066 257
7633 550
28579 705
26958 522
2499 376
10192 235
11980 82
16963 689
20878 912
20036 512
21535 140
32307 80
10831 208
20738 631
19156 148
15335 277
35255 271
25990 836
24307 240
29924 357
675 650
39700 820
1704 151
16598 32
4941 177
32541 532
37382 905
23412 708
36753 864
16623 88
17175 809
30485 580
19847 355
27965 954
31335 889
5370 551
18825 334
29845 99
6447 263
11916 477
28391 490
37984 186
12982 668
13801 774
25297 613
13688 318
6893 276
32731 499
24600 23
27741 652
37347 696
25476 940
37402 643
24524 229
35536 341
27510 969
36480 555
4582 388
27723 101
17463 272
33109 805
6157 1000
36548 526
25063 478
11463 526
23367 63
39809 994
12703 607
13011 659
8159 111
19834 276
14012 549
28194 97
19980 959
81 537
7824 42
14205 972
28021 427
24011 747
3860 398
25408 279
10572 514
37030 678
9163 542
33371 870
38032 783
1748 11
3561 769
32855 371
39666 888
10141 749
13951 848
33539 49
28832 253
30042 186
27868 466
19387 909
24451 175
39925 757
37393 943
35228 31
10266 873
22713 340
14108 447
9921 879
21957 533
28023 230
14199 715
19206 362
39802 383
35365 396
31319 642
22083 178
19805 764
18810 428
22149 321
11405 942
18754 366
25176 891
10996 587
39143 657
2622 113
28627 454
28359 368
24223 170
28410 243
23330 867
38960 779
39021 576
83 914
12272 365
29620 747
6420 627
38707 368
571 992
28706 886
8462 338
12453 32
6386 136
31759 538
17811 570
17097 952
6260 432
37006 249
35116 416
25365 382
37950 352
3987 700
27778 294
5582 901
21355 815
18456 589
7825 136
32290 645
29754 574
13267 484
19456 463
15435 877
33937 647
35046 58
31025 285
32905 778
37916 552
31309 768
24819 54
34785 945
32121 90
20239 58
21877 488
13419 730
18213 125
36234 215
18192 740
26439 943
14511 149
11571 181
27521 565
17752 313
13621 921
17149 621
36074 577
7335 285
1316 498
24358 123
1122 896
23085 240
27634 533
8595 671
15020 935
10866 261
8957 742
10139 401
26395 458
33417 231
12628 127
15063 412
15250 371
24392 938
13274 652
18320 464
5482 281
26942 72
22716 467
14870 8
34922 827
9975 204
8417 883
13641 328
18253 867
18404 763
19098 197
31214 270
25470 436
2867 458
19185 677
37406 145
16165 5
13307 330
4288 996
11376 117
30385 432
8911 805
1860 687
30336 926
37262 692
31502 721
25937 338
19095 679
34024 950
38131 86
23653 580
21210 970
34821 465
19723 336
35745 311
27996 979
15192 217
6507 205
22495 390
3248 28
240 954
33791 772
17025 674
15892 649
12392 414
13073 663
20729 729
23079 285
36875 739
13756 999
7588 40
6737 148
36283 753
24984 821
8443 826
36297 29
39714 884
2737 950
37903 835
4540 517
31580 824
35001 568
18746 166
39774 787
29640 835
7956 796
14406 580
784 296
3323 699
1205 740
17719 458
28008 305
11332 993
32411 11
14786 890
13385 239
516 402
21067 445
1493 991
3293 745
11049 770
23697 171
26115 421
25632 514
23862 418
17443 840
9434 756
1717 201
31640 410
12564 286
4578 947
655 718
19323 811
37502 4
5263 81
7185 105
25554 223
2849 845
6728 252
17048 673
22322 651
2197 650
1347 44
27428 54
2514 995
29806 104
7092 219
12395 119
1746 971
10615 469
11332 159
12676 721
9789 602
19510 248
14283 855
6950 738
34748 564
29608 61
8731 47
25605 724
38684 620
5082 386
20917 605
20309 741
2857 916
15968 642
12457 59
33025 110
19602 480
37213 579
13133 820
35840 81
33500 155
10796 671
9436 646
17337 567
986 898
17848 322
21329 354
18949 195
15583 394
35068 904
35418 380
19069 611
25071 269
12879 82
37884 336
3810 391
19580 258
16629 552
8780 559
34404 590
23378 737
3578 359
27013 967
39089 58
11454 88
1083 434
21098 352
14395 814
33254 1
33843 982
19541 157
2511 657
34089 833
8595 246
28562 274
13996 683
19026 258
25001 672
21415 190
27946 524
37726 360
11141 378
23629 586
7641 497
23834 428
15580 953
37376 811
27780 439
37025 677
32538 198
16058 613
37197 697
8743 183
34511 253
20374 635
2341 300
29891 193
23200 78
31001 938
37225 766
24033 744
36706 292
29481 557
6762 455
34780 16
12661 289
31165 767
28512 335
21543 271
30844 336
21701 844
34179 74
30060 939
19093 636
15003 774
16198 8
31964 657
3745 926
34013 6
11234 158
32400 602
19317 890
21462 576
18291 622
23498 41
27128 940
14114 527
10617 794
15960 674
35424 747
4327 616
18331 440
3131 119
12759 922
22921 309
29442 382
34602 256
1244 920
9287 721
22575 131
19997 817
3545 347
27565 209
644 648
4758 773
10167 360
19205 149
12178 516
6187 347
10234 395
39867 359
19579 100
34629 404
32928 705
21456 944
19028 494
14796 825
10998 526
16206 448
3836 196
32058 429
30001 899
14193 820
20201 218
10186 327
2474 977
9834 830
7471 738
26648 577
26204 28
7312 960
33078 774
34089 4
21512 913
9358 81
24933 179
17977 949
19211 861
8901 829
8540 84
18388 166
17273 371
8780 697
23178 655
341 579
39206 401
19004 304
38202 455
36388 128
26679 805
36247 841
22688 351
21693 524
6772 10
22056 495
26000 242
26463 482
33829 599
24948 582
23075 859
9078 715
2266 334
11471 954
37899 60
38895 337
17057 605
968 598
4117 517
30263 516
23947 775
11299 973
21522 715
37460 429
15888 320
22323 730
10444 477
2005 934
31580 635
12934 48
24051 330
29660 939
9402 617
8716 899
29280 557
7251 937
37083 789
1465 91
19747 992
37408 966
20193 19
39775 816
9175 543
20500 441
26229 155
25353 535
28092 562
16908 863
34076 237
28944 765
33587 134
31964 135
36432 201
5909 878
25907 938
10822 564
14001 427
20622 563
26386 482
31776 883
15630 469
20427 468
1018 30
27606 648
17258 739
8481 725
9805 424
9027 380
23495 863
5467 227
27245 733
30660 853
17420 947
5545 939
11919 511
13463 638
29380 772
20359 832
34957 454
7691 459
24215 211
19926 7
38035 974
4569 176
12305 403
36179 838
12254 790
18844 502
11521 373
20676 238
18313 443
15070 872
1397 328
37225 347
9351 451
14083 71
25997 867
11174 241
28756 708
14321 693
15388 124
24974 590
36033 903
32961 437
38333 903
5433 203
19623 302
17400 733
1173 676
17983 91
25508 593
26680 958
28976 801
26583 554
11323 426
14432 536
35892 961
31451 754
31794 271
18073 25
17658 136
13105 193
21054 719
28469 305
27151 728
10607 761
10590 372
12671 501
22088 856
19889 554
398 775
1097 186
3319 856
33334 522
10751 123
37995 775
3854 631
8888 355
23099 534
22965 682
5898 652
20396 528
817 607
21038 366
35833 495
22835 283
2030 362
6695 810
35057 939
2595 253
38864 258
6448 62
23921 675
8830 381
8796 672
35516 620
18395 173
37716 431
34681 636
23676 337
26704 107
14167 296
37802 85
12803 507
298 478
4821 147
10237 892
12832 232
8001 775
39434 271
11715 904
38038 733
18390 418
34502 326
23004 286
23691 810
22499 811
9580 222
20361 760
5092 941
4541 455
36241 705
29226 7
32139 707
10086 682
12208 780
9026 58
4862 285
18647 746
12894 8
19513 39
5472 323
25256 103
13426 196
12667 645
23304 67
33317 3
35917 82
6692 405
29399 157
18611 234
2630 887
30609 471
34504 914
39115 353
3212 160
25569 924
5166 286
20607 413
24289 168
25168 618
33402 23
28857 970
14856 825
8452 584
33837 526
6517 818
6574 809
35193 252
5244 202
38000 389
27816 243
11963 468
39872 117
32453 217
34151 387
22165 926
3740 913
2463 799
6755 442
2788 676
1262 886
23934 62
18508 968
26213 274
11931 839
19215 778
35668 576
36939 803
12032 364
31274 945
37903 12
20119 144
14771 950
34782 355
12293 888
6406 193
2418 645
831 729
9582 957
2600 615
36497 334
8995 925
18149 155
12866 79
4100 236
17558 136
11071 207
28048 225
28637 868
14621 394
16794 738
19576 536
34771 2
34860 534
30211 50
36830 206
10243 242
19446 412
26162 837
32234 891
28168 227
18646 8
11517 423
13158 390
29760 599
4240 901
9397 771
21324 14
39536 788
31557 532
29827 85
16060 247
29667 873
29507 890
16856 501
26148 227
14222 518
4284 214
39824 453
37229 596
6627 237
39501 421
20542 277
11776 839
878 374
29799 148
35755 654
15152 167
2851 594
199 220
27338 857
24611 937
13412 615
6269 483
20773 296
839 267
38212 805
34470 488
31163 711
4156 153
7734 863
12152 584
19921 147
30078 177
24803 256
8407 30
24961 14
11539 754
39476 703
1963 41
7913 464
31435 376
38370 461
15503 133
2696 817
27583 18
12859 214
14872 598
31482 764
31711 170
20849 99
26014 148
33793 825
6489 219
10860 889
7408 675
30839 890
33571 699
38220 148
39048 863
22416 279
31002 285
1673 97
35629 862
7800 992
35061 535
1241 697
15746 905
8425 196
15653 205
10380 159
20528 592
28104 749
34936 291
32713 308
7659 807
5564 837
6864 491
18173 22
21421 306
13352 625
19665 84
27586 497
26305 4
7560 157
8274 626
29913 911
33660 659
16184 347
6966 699
4285 459
26858 179
32062 449
35280 214
17004 196
4019 411
15987 356
36951 355
36803 289
24906 28
34372 9
4647 422
38707 234
31056 241
23481 820
32741 811
16798 874
23567 68
20767 240
36438 63
38902 757
3475 135
10975 455
11461 765
18328 979
22062 181
15951 923
23818 284
33714 485
5639 976
182 399
27745 130
2720 747
31290 716
38506 849
18761 108
25910 292
38037 766
2248 451
9332 614
33978 856
4880 241
12750 812
9926 774
18549 133
33183 967
13962 480
4354 314
16941 56
8857 352
570 274
29981 454
35547 582
34724 837
31035 446
21174 498
8233 852
22903 713
20280 164
3202 506
29923 602
9496 479
8455 556
9461 71
11184 986
1343 152
2336 419
5000 189
11670 781
34323 425
28791 255
14992 472
23076 362
30797 78
3434 637
29251 270
33964 602
12482 936
37145 680
4001 341
2266 536
20269 176
4956 988
22060 319
21173 107
30157 788
24116 673
29551 724
9330 319
20033 685
25342 385
16148 680
595 85
17508 704
7739 474
19915 756
526 471
18599 61
39985 98
39571 324
13117 892
33307 709
3377 159
17547 712
2394 492
34013 545
6274 644
10838 212
1415 918
31022 601
24255 493
16685 507
13640 671
15692 573
12186 565
8489 228
29864 73
22763 637
6421 694
27159 25
20933 149
19951 645
5080 534
19815 344
15641 844
24526 15
33222 795
14466 764
47 789
26098 222
1093 844
34909 426
19140 255
27174 435
38402 223
37511 429
23220 67
12706 813
7210 34
4626 308
5114 241
9506 967
24974 728
30930 36
17241 682
11490 414
26471 714
8433 426
24101 376
4800 552
30668 273
6438 984
29473 255
26696 488
16333 845
35355 817
33912 104
39360 753
13423 27
32460 589
17749 959
19757 957
27691 549
2628 987
35521 345
5035 637
22851 455
3920 116
11804 319
34340 431
5764 652
34425 863
9448 143
19211 62
8821 944
25809 814
7749 108
26586 430
6710 211
6843 482
28838 330
7348 413
24329 260
30256 487
10764 293
14578 756
16006 722
16837 866
28822 644
25783 116
32984 989
35272 175
38628 484
2706 193
22059 410
36511 814
31917 237
5682 232
6335 407
15324 204
27000 31
4958 806
4217 787
35217 314
4232 949
34625 427
12031 450
39030 431
33628 499
14481 668
16820 275
10344 669
30686 596
26924 609
2064 640
27092 92
35873 440
2810 953
2352 795
26108 90
5485 929
2492 77
12705 115
15202 393
35332 243
25782 310
31727 875
7913 163
27890 642
16240 457
19807 281
18017 699
7424 226
17962 52
30813 801
11444 255
35544 177
22507 604
30374 220
14706 501
34063 685
19443 704
12851 220
37472 613
39780 977
2370 921
21135 371
37236 857
16405 598
18593 818
19208 513
23074 228
14847 583
27324 325
8346 353
24740 853
35697 863
16933 757
8727 180
35610 640
3793 301
15284 193
6449 249
31548 472
20873 953
33330 430
13168 387
27622 523
10394 847
21738 320
38208 340
28880 383
17348 937
38710 16
39770 674
1445 495
1706 300
7866 187
1802 866
22813 984
14867 169
23476 904
37427 913
8444 780
2595 193
29858 893
33520 144
28492 497
37357 400
4277 707
10306 553
2598 317
12676 430
14456 994
2481 494
18744 557
9827 112
8870 132
9522 901
29161 270
33616 3
9416 923
10290 950
13204 108
2195 398
4587 908
1630 204
37409 982
38087 425
35089 988
22061 849
4397 857
15527 840
7198 774
22505 558
24410 397
25528 584
19872 981
23548 888
12163 207
13789 165
27635 769
1834 975
10252 274
29547 890
37534 145
39728 684
11056 367
17799 432
34941 576
39820 896
2742 321
395 543
18040 190
6588 742
27364 177
33497 656
8289 339
25020 153
29445 173
24676 857
12124 638
18465 387
18787 963
30020 385
1428 837
32969 949
25988 265
8597 93
20853 470
5847 856
28561 940
9259 663
31293 603
28507 888
20671 346
2759 826
32027 787
11919 878
28737 756
14427 778
39085 736
23438 813
11603 995
6223 431
8345 971
3927 332
17222 180
38973 802
24046 185
23360 439
22456 657
19075 769
34225 57
39455 906
32865 845
21336 809
39582 803
19846 799
34769 129
7061 310
13851 467
14363 726
26493 320
14959 163
17065 140
37191 578
19427 728
28768 864
4568 59
34555 178
3028 653
37605 668
13809 674
20836 739
26296 740
21690 908
7078 93
33214 824
30396 78
34803 938
38398 389
30184 786
14863 856
13719 596
22692 662
11476 897
39477 822
39788 12
39151 577
5472 475
23456 391
12391 345
23394 313
29363 515
29369 465
7579 39
27281 236
26990 558
31938 355
13719 791
12582 658
6546 402
29934 310
16681 703
4221 418
19759 822
37156 176
4683 601
21939 941
2197 292
24909 843
27418 766
22418 590
13137 761
26491 529
14925 725
3782 292
39720 143
2965 736
26354 857
25851 157
3889 433
9823 236
22038 644
7172 800
9387 228
32905 860
36936 211
35933 97
18766 537
9219 611
37745 103
35562 320
31421 758
27315 706
24675 280
24544 173
12160 472
12808 615
17949 463
26803 602
22762 832
33464 132
11513 494
22838 524
39185 159
1532 652
20637 940
3649 139
12145 673
26370 198
33355 208
7498 577
26401 590
34038 705
17402 241
20777 488
37790 407
38936 181
5310 998
14355 450
30579 460
15640 138
14482 23
7324 454
35599 537
5743 842
22072 766
39558 272
7464 853
39465 687
30399 997
33704 551
35748 243
22053 971
5201 64
6138 146
2017 411
20396 180
37619 913
37280 906
17286 609
37292 66
18148 50
36664 126
3031 645
24589 865
20090 38
18489 827
2364 195
8758 772
11779 821
23842 371
36353 270
25733 240
2474 999
20209 842
19306 960
37287 464
6663 320
25743 488
9965 424
35080 620
21378 591
29269 728
19830 350
30061 447
31633 338
8264 326
23549 33
13490 278
6028 493
36940 45
18032 917
26506 836
32807 207
19104 703
12967 887
38743 127
11547 612
16610 153
35207 125
28090 579
8347 620
15436 104
14669 636
28402 877
36399 598
3314 228
2048 542
26847 848
15693 287
21003 625
33004 366
26619 913
31650 977
11530 730
11361 657
14746 768
24236 311
11736 871
31653 558
8908 723
24680 713
23108 175
29143 968
10792 211
2822 351
13434 459
3975 609
15610 967
9382 859
12765 416
32346 39
14321 22
33181 109
1032 460
11751 396
23828 24
24665 698
30019 170
24493 10
13638 327
18894 839
8713 756
11680 628
29132 95
4001 7
31996 607
15843 844
3981 483
34060 637
36963 908
5080 446
27151 686
26405 472
8400 733
22743 234
10768 988
13851 366
25471 104
9031 532
16382 406
37962 796
27729 91
8873 958
5444 163
31869 573
12356 285
24295 378
14339 865
39201 469
15576 373
23043 518
24387 681
30812 320
10197 733
36324 811
8714 764
4565 251
23486 180
22941 684
1829 641
14793 747
9803 402
38385 601
31279 751
23176 551
17356 60
20298 917
7051 456
4230 799
36519 300
26981 91
8639 510
32119 222
31047 822
19829 526
24505 611
34289 833
34548 69
38324 604
13398 581
39371 873
33565 491
15246 642
25468 69
2042 762
17127 421
8997 703
37164 644
5532 443
27937 616
38034 777
4270 890
4602 501
32585 338
17809 756
2462 198
6983 629
20912 396
26630 850
31120 343
37226 18
17797 798
16762 269
13696 729
14770 934
28893 490
5448 51
13212 681
14245 960
13470 466
658 389
330 792
18480 186
17622 890
35480 884
6743 293
37068 346
20214 43
30112 307
25440 60
4431 25
8577 518
34365 212
16919 566
34243 370
198 913
12854 587
15698 924
32398 976
8482 204
33501 348
12879 593
39000 312
31735 116
3060 457
5179 103
27133 385
32488 201
19135 214
5970 103
294 451
334 749
14252 452
5813 109
25947 438
14906 270
22343 954
22910 187
36595 660
25665 502
35427 617
30133 342
37079 962
3542 613
27485 638
4181 551
7530 949
35685 507
1135 573
34427 894
8580 339
32508 394
6048 181
7465 469
36879 376
36447 361
18780 486
7599 606
13113 28
23405 111
27694 494
1527 412
37130 469
23517 163
39848 408
3346 188
5382 790
32216 693
22986 573
21646 680
27950 800
32052 786
4108 585
35104 362
30727 459
30282 933
6258 754
19457 700
19440 867
16969 116
6504 68
17884 563
34592 63
28823 516
22836 447
36823 870
24894 191
19667 250
25601 711
34728 24
2275 336
4923 299
38171 397
12522 502
35809 240
28684 329
18891 797
1795 148
9766 65
18365 906
29545 229
30439 63
37237 749
13851 175
10446 833
35704 673
18809 275
1098 813
32266 521
9738 38
35765 703
19981 38
21801 948
7049 359
794 864
27444 554
39697 940
1012 569
4769 173
30752 411
18831 204
11981 157
38519 457
18064 619
30416 468
4237 289
19827 880
31181 421
14868 832
29494 347
15814 813
35213 864
22637 44
26673 428
22652 795
7877 349
5607 329
2614 583
26335 447
37932 6
8951 330
39368 760
6112 714
30161 67
37953 647
1515 84
7726 856
23101 749
7086 943
16249 693
26869 99
22785 996
3773 232
10659 156
16380 799
13547 906
33743 319
5862 818
18024 22
30402 316
15430 753
23455 802
37335 773
35445 447
21383 353
276 181
11644 906
9381 384
28828 845
7578 710
18156 411
10250 383
35817 302
30258 255
22940 330
11709 809
4219 525
8905 41
7795 673
35298 800
29982 274
25632 108
8578 604
22047 188
19422 866
23220 131
39737 131
1945 139
16942 917
23084 517
36916 577
25653 962
3552 23
16385 721
32350 394
23920 527
21793 932
23128 359
33270 138
11985 270
28538 650
12918 328
3713 646
35972 261
19218 386
35462 70
3321 444
20740 429
27089 904
1325 583
17469 475
30669 657
21683 998
8307 402
19155 721
38731 436
19618 578
22385 197
8649 845
10381 890
16645 420
4980 365
37226 512
37105 915
38647 420
28232 687
5537 642
16224 672
6053 458
26742 442
21848 547
3709 547
8461 743
2856 551
1716 794
9745 851
36515 176
3045 263
14407 972
11159 594
8622 191
38417 657
28026 174
19163 603
24509 968
36369 185
18060 975
26440 210
7095 700
7992 925
1561 229
27865 343
12713 205
9939 682
22128 288
9882 664
20430 14
38762 360
32118 267
18524 389
22464 683
27708 957
24338 18
3868 140
39179 495
4535 931
8404 476
11822 818
21566 921
7796 776
27751 777
22248 757
25859 571
20245 280
5778 158
36312 913
13249 720
37964 855
39740 128
20920 253
2690 42
20335 612
36037 908
2518 558
7106 362
9958 850
24240 807
18577 505
20978 753
6000 761
23295 769
22886 388
36009 290
34021 25
28670 484
29690 538
24687 55
17757 439
14210 833
3636 786
14294 778
28368 217
2531 611
29894 99
15844 311
21607 513
29726 88
25236 205
1668 399
11970 740
6824 118
13686 584
23760 802
24792 122
20498 581
11414 78
20495 600
31391 405
24738 298
22266 637
34809 372
27168 950
14002 874
18443 140
34770 954
13618 986
11178 692
39669 479
39418 351
25118 36
19035 113
28106 986
34668 871
11919 501
5100 148
11804 457
4017 979
15317 451
25071 241
38804 374
27781 873
10137 276
22725 880
2569 847
28475 946
30822 561
29802 234
31215 100
16883 449
5482 512
37228 555
23907 570
38949 358
27494 872
28426 661
24900 581
27699 77
27045 760
21154 726
3056 200
16251 267
2734 941
11257 991
2617 355
38154 901
2550 166
4803 31
26710 30
11933 228
28644 352
21139 261
2377 117
39435 388
17 487
6203 381
8080 868
32822 713
7459 439
14672 122
7437 964
25849 642
4938 689
37812 341
25523 145
22272 953
1128 572
35205 823
37275 810
20230 201
34872 155
8087 144
3542 293
20403 228
4055 282
24474 820
10028 51
12758 927
16506 23
19512 316
3473 988
21767 467
32618 883
6610 745
4676 878
14320 976
11854 759
24107 351
28420 814
37389 292
20624 19
5162 367
7996 649
35182 600
30218 537
22023 839
39058 553
26820 236
4439 455
35462 665
6820 633
12877 83
32984 475
31434 16
13242 368
27342 403
30774 358
3283 379
21405 840
28502 489
3691 637
26352 176
8146 980
15652 279
1274 638
18979 851
6865 578
32189 592
28305 399
33795 931
25756 309
9254 936
17011 553
27050 440
38840 574
32113 831
25099 429
10742 954
951 965
393 520
1669 149
34643 273
13495 528
9181 201
9207 655
12945 135
14473 100
22299 48
21490 781
35559 218
19444 132
13888 895
36310 264
17307 252
33581 681
34466 131
2540 333
16180 963
12101 814
25912 254
1388 686
28979 337
35387 43
19061 347
31264 148
10029 729
18315 126
16540 754
1487 636
29552 516
11354 748
35807 179
11183 754
26844 276
39448 177
5887 265
30413 199
14454 109
27502 656
10060 149
9798 586
3478 720
36035 128
39683 501
5848 155
14116 269
11425 695
611 683
37904 948
22031 263
8651 91
31339 367
747 587
35769 960
38733 814
25135 364
12357 905
23339 56
35455 944
9334 577
19748 782
24767 262
23818 159
4193 308
18501 361
32495 688
34997 155
12786 257
4100 915
15565 251
15935 47
28658 859
10213 135
16278 376
30427 765
33000 19
28086 410
3916 429
13902 823
5640 667
32744 632
27922 729
13067 677
7884 51
3366 468
38055 987
7448 720
489 575
3859 611
16047 973
10202 6
31261 14
5245 171
20887 420
22953 765
12079 453
13584 451
30418 996
13310 182
29278 556
25684 949
33909 314
32974 792
29365 397
39131 678
32827 844
38672 825
8789 681
18075 357
38258 640
37734 460
23363 870
5653 849
15054 547
39576 758
37011 101
6783 314
29936 93
11584 674
13916 969
24343 142
29474 661
10533 269
26657 217
11617 367
19855 728
15555 905
22551 784
36614 180
1609 105
28414 938
31742 727
27723 230
3731 347
6239 705
1534 877
618 190
19094 160
12851 640
36152 32
20588 291
33863 32
18038 982
33767 132
30637 329
39696 460
2511 708
10634 419
34045 119
26987 323
34564 668
23770 72
6560 552
24671 608
23889 891
5225 967
16923 954
31794 826
28911 656
39307 693
28066 196
1966 174
36220 393
9371 926
35147 32
2079 113
34539 327
18023 900
37172 911
14165 303
34077 144
4414 672
16955 334
16584 589
25205 562
29136 134
21545 535
3384 497
518 163
17269 106
36544 271
22823 796
14433 667
37048 780
32541 89
38885 66
28776 365
10130 358
37082 473
6404 925
10816 287
29702 677
26215 329
11226 453
27983 556
7866 16
19262 545
30167 58
29447 108
32149 214
27763 530
10759 573
12693 188
28856 118
1653 817
9130 860
16189 615
1359 864
5271 54
5539 312
38664 44
26813 92
27842 255
38159 303
36871 637
20569 395
1628 887
4251 967
12963 740
21175 442
6545 250
35249 867
7803 895
34265 637
24985 475
913 306
33657 941
31254 845
16989 503
39157 364
11373 45
21768 488
33121 754
38036 579
37138 311
21784 185
78 104
27428 759
3837 810
19084 890
1198 828
6341 752
21959 539
29080 220
29752 657
14571 796
25873 516
6912 565
2907 106
37648 563
1517 57
29711 820
33648 898
9264 810
28822 863
13435 983
21466 883
1347 451
2042 319
10878 85
34381 268
6786 626
6918 323
23934 587
17602 990
1878 473
6081 78
6992 314
3571 331
38285 802
29771 870
14511 380
10862 406
5551 269
15862 88
4827 843
38543 283
17086 13
398 733
24319 736
13993 200
2787 520
1273 71
8901 89
10850 741
16386 661
8346 612
29198 455
11193 232
3110 878
13413 793
6105 965
38031 452
26324 709
18984 753
6195 35
2203 81
18188 661
22580 529
14188 427
4022 519
16100 77
31396 646
11426 575
35973 101
7932 812
24098 206
34987 468
18406 651
8857 605
27281 324
13012 124
21895 477
22821 376
27393 832
3028 794
8601 662
10129 656
33924 107
20855 67
28583 505
25493 588
17367 597
8112 987
7179 36
21746 212
15765 395
10918 955
19998 529
23172 975
25369 663
38262 259
28325 775
23746 673
3107 249
37301 719
2943 965
34535 302
24852 45
11878 423
37399 328
3985 965
14925 495
14855 101
27456 27
26450 65
26983 389
22910 673
26711 599
5457 646
28170 988
34011 448
3079 305
1801 432
20338 655
10771 789
415 115
15250 603
4734 761
15548 106
8824 48
37313 865
12398 62
9265 625
19322 185
33814 467
31320 453
34871 369
27418 15
32683 774
10820 486
20361 635
29938 860
6094 683
20678 605
23040 79
27754 137
17387 256
14939 479
26854 460
14189 634
24235 338
8818 50
38708 26
27838 173
21320 158
31158 563
11036 738
16828 919
2917 135
14054 171
21790 211
20948 382
32479 385
32967 855
29009 733
29582 897
28968 308
15268 356
16359 146
17295 141
19018 114
25809 205
15732 874
19861 80
11573 252
16540 693
14058 644
24939 39
6259 164
22483 52
21404 867
25493 564
30972 922
30013 357
18021 228
17540 853
22363 543
29907 196
33953 662
10132 703
28246 652
38142 460
13662 492
17109 924
13191 622
26447 361
12886 654
18615 886
2821 329
20868 681
20343 270
9241 415
6300 150
22974 812
32184 572
15765 52
6220 841
11747 680
17491 665
34956 910
15133 299
32390 230
26434 155
38379 463
2412 730
18165 389
22091 181
6317 427
2491 221
34527 669
27854 893
16092 941
21920 835
30568 816
11341 416
32988 91
30979 759
38738 628
16471 496
12618 789
22541 286
15377 75
7275 159
22347 643
36218 329
11223 121
12086 4
13186 147
35586 369
35346 945
17243 450
18229 958
25646 568
37033 148
23160 300
36449 43
9322 576
34149 843
8352 569
24465 264
5130 837
1722 569
22266 366
33601 867
16105 578
36225 565
24473 69
19991 963
34268 167
34666 613
37562 248
14352 174
37248 278
27061 703
1720 112
3075 125
18738 631
14181 766
24083 359
27312 320
18494 616
9755 840
5135 557
6357 300
33225 935
38815 308
8547 753
33290 282
8058 649
11818 866
7186 823
32308 220
14865 802
4282 840
33225 866
6683 893
28646 767
10378 983
18691 716
2194 960
32435 917
14069 517
38437 373
38791 854
38263 788
28958 253
4960 199
39675 131
29102 687
23402 556
7135 868
6344 39
11908 672
16811 2
28813 787
6909 271
21326 203
5414 471
27886 386
8521 334
6032 711
6111 209
16674 427
316 898
27319 75
309 253
2085 59
19821 494
6147 850
14740 598
36490 655
25564 499
7647 830
13801 925
38224 802
7040 641
23181 992
37998 82
37601 206
22744 384
6422 414
31165 938
7682 610
33699 631
2404 272
17649 997
1571 384
9721 827
16821 382
38079 775
24582 525
22435 170
1589 466
30057 771
25386 410
18232 42
18010 153
34112 260
37291 184
16842 653
36991 892
24448 10
7994 870
4991 866
27505 708
23072 689
27442 965
20967 473
32228 234
34652 335
22012 995
11662 763
23577 76
26973 827
769 290
27827 63
28575 912
17449 783
14993 631
22162 774
12389 214
2526 390
32522 80
35084 310
35414 272
35376 24
17724 380
23592 361
21027 733
1672 251
27837 327
27565 622
18947 81
18999 575
35472 486
9043 194
1085 2
7539 519
25857 410
14253 486
39607 710
25627 945
34586 950
36979 787
3166 758
21693 356
23434 556
33984 168
31038 250
17924 796
29449 489
36636 742
14788 122
23207 178
38581 104
6310 857
17564 808
1096 142
22865 969
29365 871
24175 825
19260 193
28829 968
37542 677
13956 807
30824 485
10429 708
37163 398
36283 367
7097 928
14742 716
25177 975
35155 318
29440 54
10784 426
38222 292
2023 892
20493 71
26568 588
5136 217
10052 910
11867 939
8168 364
25124 524
32534 76
20768 648
2223 844
6405 806
24233 455
25157 803
24021 871
5285 324
7997 961
9947 224
9124 845
38552 179
18162 843
23194 608
27247 8
38358 504
28049 599
31623 126
24536 407
9703 564
15986 166
22170 817
13791 380
35915 448
39572 968
29172 967
25600 335
1201 860
17333 844
13550 798
33923 207
25204 559
20349 106
9249 501
14784 511
18209 547
32737 737
2188 189
17404 10
17048 886
18669 620
939 628
460 264
23807 862
31758 468
18299 875
14244 152
28354 978
32824 668
30109 910
19486 33
11862 895
891 358
15349 218
35474 101
34020 539
20828 63
4710 884
29997 276
16043 389
19803 971
22631 414
3766 54
22914 98
9365 720
22777 883
30904 717
36740 418
39948 744
37161 650
33541 74
867 305
32979 222
13472 479
6901 474
17972 749
17312 825
36857 901
5010 317
10576 613
8774 442
8984 618
32835 213
16080 786
23812 678
13141 702
25923 112
19095 716
2835 395
33850 988
36043 670
38776 453
19575 570
14516 703
10543 670
38285 119
7438 826
35545 196
35938 796
2117 139
25255 342
36351 323
11953 518
33306 190
19665 593
28701 146
8729 137
15680 852
33420 304
18003 981
12171 500
37544 429
5049 789
27580 668
1789 388
124 666
2443 957
3777 13
14337 545
25112 192
35944 748
10264 980
17200 565
37137 493
32545 399
5785 547
10766 767
31085 945
32201 134
34809 122
24742 537
15261 426
34996 549
14615 461
24501 893
10160 621
21309 9
5618 190
6823 146
2354 71
22380 629
38565 870
38098 71
21965 388
8493 551
6989 901
4210 497
13823 404
18980 584
28823 974
26946 733
8340 128
30671 571
38618 4
18437 820
23928 876
16173 124
5056 862
20154 639
16110 313
34158 833
25686 64
26003 586
169 894
10958 22
27169 442
15649 839
35855 105
2859 540
16461 204
5980 318
28416 748
14254 236
22740 756
14353 876
6655 991
5153 221
20427 654
19813 223
35609 620
14223 450
15551 435
15457 804
16937 267
38237 78
531 367
7428 95
19628 730
9539 18
33315 644
16066 143
38432 626
6639 862
31453 300
5986 672
22899 493
35963 530
31273 182
6189 954
2838 105
7602 107
30196 515
36742 439
15891 551
566 953
10457 288
1337 33
36627 688
13448 156
29689 868
12784 430
24867 548
25118 132
4387 21
39975 185
21462 508
25372 749
14793 485
19607 423
33789 626
34076 985
13839 300
5624 890
15732 120
22367 246
19191 147
26899 61
19213 693
26352 619
20285 275
31541 675
26713 229
39540 118
18391 869
17299 809
16623 476
5927 99
12259 387
16641 945
37471 791
30472 535
20702 290
37842 521
13211 755
1354 600
5708 41
12944 919
28900 671
1120 766
26703 106
11300 983
9505 904
33012 776
21516 270
29589 627
36117 657
3917 582
33901 185
14986 962
21533 539
30258 578
36749 170
5423 402
16457 681
24449 586
20164 955
38379 627
39232 404
39444 476
21312 166
24387 751
17868 160
19911 397
4848 944
27464 70
16924 88
32276 943
34555 132
35076 443
5633 828
4033 764
26221 96
37976 1000
11463 83
1471 318
37795 263
27815 930
27125 78
20595 153
8195 5
23680 557
601 376
19603 585
17665 752
9940 381
2883 114
27163 746
10882 176
38037 568
33323 144
35494 281
34044 100
35202 864
10363 866
10905 497
30004 846
26365 888
19985 506
20240 803
6938 9
19494 633
29410 646
32616 765
1801 136
39002 231
13540 764
17126 183
3134 16
18410 970
13547 143
11675 353
23623 16
38716 826
32244 916
7743 398
13693 832
9530 799
11112 316
17686 613
10446 110
30279 661
7389 601
15337 630
26594 834
11977 545
6122 751
594 971
27998 731
39879 233
13286 930
11405 800
17304 850
3305 707
1160 375
32878 26
7330 177
37061 18
36161 148
11012 990
27829 921
1176 324
21704 4
39650 917
22125 127
30638 470
15848 535
2668 209
23333 361
11601 315
6239 775
10187 630
16223 888
37125 225
14524 793
16227 150
17463 289
22714 863
21717 7
10942 691
2764 444
35834 392
4562 517
1184 803
24372 486
28749 230
6214 240
14289 708
35768 297
9966 504
27546 592
20251 906
2035 56
19912 420
8480 195
8695 732
4867 907
33499 136
16719 699
5605 935
12425 896
31636 353
26975 138
16828 178
31581 685
14430 340
36256 220
16870 452
6123 504
14909 979
27216 608
5795 461
856 273
39044 844
51 939
13797 219
20074 559
8255 641
35587 988
37285 998
35421 593
34107 860
12085 604
19033 423
10943 802
4073 986
6805 560
8753 512
34978 104
33543 377
17772 185
202 411
14787 244
10926 997
24559 342
1420 409
27651 712
1711 746
36207 48
26670 761
7367 369
21082 379
32441 255
28793 975
7380 956
12665 533
35191 839
36817 456
4228 470
14422 599
3934 444
38878 637
26588 983
14542 444
15848 31
31277 422
5950 701
17795 450
32835 951
5328 180
28310 887
25304 338
14228 457
23232 613
9363 531
409 694
6275 70
29347 699
19381 551
33379 147
8784 633
14981 328
23319 131
37338 737
1 27
35466 747
9969 540
3369 417
13231 196
30110 37
8772 450
17350 743
3955 731
5209 688
6864 140
15039 438
10609 925
31285 417
30066 931
12407 312
7334 16
4803 380
32877 283
15301 48
31573 74
29271 781
39832 710
9012 16
7806 578
28327 337
30878 824
26941 940
4870 809
31679 149
38750 477
37380 504
30261 175
674 1000
17949 956
5667 169
26410 118
14572 561
11227 265
35116 496
11011 246
9222 577
10383 414
10471 629
3234 279
18350 936
33085 676
5297 110
31628 999
34162 717
25721 527
4197 216
36657 458
11036 524
27563 950
39499 857
36780 212
31621 55
15616 266
10244 302
34371 403
7962 635
15208 977
15512 313
26045 115
29298 127
29049 319
36992 87
1013 468
13658 159
28857 418
14038 184
1222 544
18424 291
27742 522
8433 139
16661 388
36959 799
28367 747
39894 994
13510 272
23725 87
15081 984
11543 953
5846 750
30663 387
8174 369
32656 625
17969 729
2364 645
35661 498
39241 495
17915 275
13306 945
17080 386
335 529
38404 234
27977 156
17827 382
22181 943
14483 138
16306 846
26029 768
9074 411
39489 275
18685 209
3851 62
10769 60
19605 222
8913 869
7082 121
20781 343
21900 616
7138 584
29086 998
22796 279
25928 771
14660 98
19616 404
23373 359
15731 100
11209 890
39891 315
8098 238
5037 979
33048 301
7169 968
31069 905
23384 794
20829 620
6694 491
32241 451
14925 132
29314 733
32162 501
7511 971
33997 474
10665 643
3030 517
19277 214
26558 182
3856 373
37136 304
13118 748
22327 146
39963 891
33280 950
31631 842
23062 815
7832 283
8535 741
17459 283
24592 641
15800 220
25393 333
24442 460
33488 722
22222 551
27825 240
1145 349
36697 157
12496 996
20892 365
13406 839
33078 664
33969 525
28711 272
11751 460
34333 125
34075 598
35580 845
961 384
13981 552
28235 844
6994 209
35774 559
22142 782
37081 711
32743 679
16567 544
9472 427
15651 94
30656 600
3392 253
30612 13
998 504
27601 707
33356 541
13600 542
30544 226
20955 532
14571 553
25623 755
39677 677
2488 950
25170 23
21840 562
21388 785
4700 9
19433 594
19112 842
29817 12
23669 503
25536 733
10451 158
19652 182
26452 953
20606 626
24438 899
19990 854
360 563
14426 925
2173 28
36662 55
21901 109
36552 761
37489 233
24396 294
9423 734
22960 453
26565 298
2587 225
19266 836
36854 182
35234 141
18381 317
19926 364
13256 959
33465 639
36788 952
11133 776
22218 944
34045 700
2222 24
15896 164
23615 970
22675 494
16875 526
39668 300
24476 708
16223 562
34148 72
37502 635
7745 786
6424 341
10240 712
35202 695
34477 83
27706 359
1830 452
13751 176
34366 410
17913 951
20494 711
36665 899
31914 930
39192 401
9852 353
27820 911
4576 876
26522 915
2997 28
12426 368
22543 289
35697 277
7120 555
10551 82
31600 311
14970 376
18037 801
14649 430
21330 814
18618 169
32129 153
34163 84
20280 153
91 442
10434 359
15971 912
35047 331
7990 135
39976 702
30699 881
27525 927
31179 382
38527 719
26667 547
28230 991
37640 836
37199 363
28483 658
17121 80
6933 690
17874 774
30206 705
23049 143
38104 320
10550 90
35165 156
2416 256
24332 312
39725 185
4338 600
30355 674
13609 86
38993 486
9019 38
8971 92
30966 566
33273 355
15423 443
408 417
12118 407
37422 872
21794 971
31671 225
5614 42
38427 93
20899 58
6034 170
22551 335
39164 805
10924 714
17767 876
19141 882
1589 589
25828 190
31122 352
328 788
37322 282
2407 550
29485 342
21844 52
26286 408
30599 142
12253 929
6100 149
9454 118
36112 320
25380 155
26228 319
29958 551
35439 588
34658 329
6462 468
17173 796
10516 369
28403 437
28503 973
35235 273
38253 255
16196 2
15256 77
9211 230
38892 8
25157 228
38490 123
25418 456
8020 764
22502 226
348 428
8313 500
35649 791
9434 984
9279 127
22518 142
685 486
3102 658
35381 386
8939 65
26084 392
39746 88
8916 471
37899 660
1368 986
19923 847
9241 388
16623 639
20790 439
35981 178
25038 113
5595 33
36619 948
34410 631
11086 424
19768 317
3538 12
28885 520
21004 289
16081 311
12483 551
28726 894
25865 610
33692 871
15670 730
20418 207
18812 644
31416 540
32673 630
30044 890
27038 451
14337 874
10999 526
6882 70
11625 311
29706 315
31490 910
9573 178
18115 955
26558 154
11032 46
33045 118
23163 220
26382 834
29087 650
13229 515
17492 242
19674 439
13895 513
4585 994
9354 188
11353 334
15414 711
29520 647
39094 758
24103 402
8014 45
18601 280
28556 473
27114 429
24756 890
4302 360
1678 916
27286 127
25458 968
20801 255
594 691
26570 889
3588 986
21951 363
39656 632
22887 617
8712 131
37163 138
13050 811
14392 107
7059 794
15948 775
16860 28
5020 784
32083 7
31878 425
15714 923
21599 171
35893 181
5199 282
14707 576
5486 852
14185 454
24328 529
9430 205
21956 605
26298 214
18867 525
33005 498
854 834
17322 98
33570 631
11763 838
32407 548
12940 227
32807 163
30806 222
6329 742
31741 221
5162 917
31557 379
20574 850
21893 405
5032 879
25517 178
16385 434
37697 364
11731 539
29591 869
37731 363
23945 712
37051 476
22141 697
7471 117
28387 46
29180 796
13169 171
38348 825
33517 294
24823 75
15239 884
21607 872
17835 659
33002 861
14962 574
37472 119
8402 642
7468 962
26052 22
36383 681
3331 110
6082 805
6562 285
34658 78
34676 940
3317 559
38480 506
31070 963
37943 124
18503 511
13298 888
37630 376
3852 413
23090 133
3751 155
18170 830
30572 281
2685 411
25332 643
1151 304
35035 374
17476 558
22909 477
32319 138
19099 808
37508 539
27487 15
17212 119
10537 808
24582 586
18555 639
514 409
9894 79
17464 882
21368 700
24396 900
4559 336
37794 87
23415 359
23719 110
39582 475
9302 747
39594 835
26244 845
35275 389
15776 70
36354 860
22797 639
29157 730
21340 165
34168 973
13753 157
14352 272
37520 438
30658 610
33252 113
6689 621
3938 552
16006 427
4951 573
21308 208
14735 126
23597 138
36705 813
27695 100
4905 310
21990 427
7032 749
10275 676
18874 343
11077 960
37920 233
35111 126
14984 226
14465 826
26572 647
16314 163
9671 731
31073 1000
16294 126
19702 601
13371 746
22606 311
5265 944
32713 867
6473 541
8741 498
10822 880
21636 889
2095 707
36185 556
20027 675
26558 348
38624 753
23943 187
30961 784
34630 475
6628 740
18794 608
8324 447
39710 312
32932 274
6900 131
39870 32
12547 678
23536 754
10243 83
26881 455
31864 335
34659 848
18915 620
38717 430
21657 617
15943 104
17644 152
32007 789
22102 835
12344 493
31161 69
29745 81
4770 562
8720 341
3272 580
34220 825
25060 938
8130 877
4947 259
180 571
21596 431
545 530
15283 652
34367 552
10770 339
2314 951
11937 697
11857 736
15691 336
28240 664
50 649
28781 577
21173 47
31676 288
13098 347
32476 201
39096 604
17521 219
18792 3
39271 828
16440 859
193 630
10518 429
31872 847
19280 721
36229 824
6536 90
35606 197
39825 759
19842 453
1618 745
24888 834
4090 249
5016 625
31765 165
5612 507
16855 717
1362 91
9413 59
36651 643
25992 140
15389 79
19567 589
7861 524
34503 396
15019 19
28860 162
13059 563
36228 658
367 236
2110 147
33400 524
37829 160
38190 420
12813 824
21951 985
22617 238
39922 533
32570 247
30740 472
22758 170
5440 677
26711 261
28861 865
2278 387
27877 473
4764 203
20162 669
16340 283
16603 306
4787 205
7118 918
17892 850
8774 150
25165 357
25631 220
17258 452
35846 170
961 656
39639 162
687 336
12855 566
31248 206
38949 179
20908 798
14031 381
16560 871
5088 9
20665 786
37716 875
30277 268
18746 194
36570 597
17441 330
29748 434
21051 675
35266 236
26869 475
13738 953
13519 190
29401 111
5433 479
28475 940
6597 955
9811 617
22541 426
17111 319
39958 490
26167 711
3213 885
14772 855
32984 304
2453 577
118 193
24115 429
35665 561
17958 1
14902 915
136 666
25173 235
31941 602
22307 479
21287 260
29381 715
18654 296
21102 347
26984 730
35360 835
19090 230
37683 764
30289 787
32906 824
22622 340
8955 44
31620 612
5981 223
13046 479
13495 685
28596 448
7456 539
15797 337
11849 354
4209 712
21680 323
17190 216
2576 784
13829 854
21638 764
1766 62
29425 251
3679 910
15466 942
28593 434
32215 2
10413 221
22855 338
14855 403
11577 615
28275 175
10002 505
9701 585
9783 835
9051 717
25696 840
30523 282
1516 3
15570 91
39002 293
31909 140
14727 870
18679 123
35064 363
12227 637
3297 713
34354 272
10335 611
21091 277
34491 256
30124 538
39777 492
13699 283
5651 57
31201 345
6184 687
35704 527
38652 167
27086 322
18687 30
10423 110
13371 322
37833 911
28615 704
33354 532
28791 875
28146 727
33824 984
30179 728
32122 376
39097 683
4247 749
3717 515
7587 534
2775 405
17879 495
24536 110
9947 613
9268 618
25660 32
39000 881
32786 109
37469 253
38659 92
13635 752
4812 903
36535 357
24929 399
15195 992
8824 817
12456 369
9607 791
24837 759
2968 910
2751 152
9806 439
25218 474
25136 661
33212 329
36163 483
17078 351
30926 378
39217 203
21382 373
8358 890
19143 847
14354 291
2928 579
33724 474
36788 530
23715 69
11468 778
25101 39
9608 521
37702 92
7157 427
31363 398
3145 40
8743 399
37226 50
28204 536
29618 502
27600 358
26596 18
20778 714
30276 386
15422 280
29575 972
2753 657
32799 33
21980 520
20062 8
34995 478
6302 134
12738 753
32447 385
34846 69
27051 848
32467 611
29247 388
29664 662
25088 988
16224 402
16738 914
9084 358
6279 465
11620 871
14330 399
19700 112
29961 256
37472 240
25 22
38166 414
20581 572
27033 588
26719 452
18502 567
23629 707
39226 434
37190 908
21010 679
30070 471
9294 538
28535 92
35845 469
1821 28
1686 966
21570 443
19713 301
28185 204
12891 510
29894 585
32853 353
5026 221
23541 324
2702 991
21062 296
16519 898
17597 238
12205 649
17792 42
35667 54
21966 680
15447 999
37855 833
21875 625
14187 869
25901 471
11500 67
22238 675
12585 341
12249 314
22050 300
3642 975
12721 939
35296 268
14042 166
35893 963
6475 171
11048 768
37627 575
2991 601
25892 163
30210 476
24372 286
22480 754
20823 325
19665 143
13320 588
7839 506
8013 878
23236 383
25928 702
33830 299
32341 862
17356 391
31052 689
39568 674
30163 662
3275 633
20993 196
146 656
18524 276
19733 801
25420 516
5403 307
7660 683
34140 412
18645 165
29356 763
14394 938
27970 540
15633 113
36118 775
5178 309
185 103
3243 916
11588 171
9287 352
37854 563
13324 732
27435 853
11689 77
22364 423
11230 174
36163 210
35713 136
14102 264
617 777
15415 753
26019 320
30409 572
14790 855
4665 603
35369 482
22890 728
35092 717
21195 952
1904 116
12446 354
16517 64
35790 75
154 801
12799 364
28216 142
128 464
23830 3
9167 124
1915 97
14693 818
13336 154
12075 313
34059 975
704 543
26957 596
15766 751
17875 609
6976 857
31310 349
32400 576
24725 452
3444 948
8842 313
12751 324
21312 26
17651 789
9822 917
19164 809
38187 282
24610 787
26519 103
39045 868
23322 942
27263 652
6346 648
28462 930
33048 459
5731 450
6983 976
3241 641
4380 208
1341 217
26 508
38940 902
4617 47
12741 662
7325 481
27634 471
517 612
15624 744
6285 387
1945 712
21431 769
17057 201
13741 39
24802 971
20396 980
12450 304
28924 36
18592 196
25371 148
21328 285
14627 678
15022 921
35655 931
22008 402
38580 486
23909 331
28845 622
117 897
30967 153
1281 159
9438 304
5039 201
13473 727
29259 786
12706 478
17603 875
39658 474
2100 342
16564 51
14353 385
10606 424
32174 349
25559 754
9189 515
37860 834
36096 263
19797 800
25290 588
22354 304
23921 547
29482 705
11820 445
38753 547
13016 101
23778 896
5649 188
3788 228
10661 767
28438 924
25863 26
8875 765
11197 944
16053 767
21640 338
26556 21
21259 396
3094 234
23703 73
11408 523
7186 952
32455 320
8804 878
8569 758
23794 563
31113 972
39645 726
461 300
35072 427
35220 521
11271 480
39914 231
38843 533
33011 517
11070 716
11819 186
19653 487
17161 262
26221 442
35509 760
30584 473
8353 347
18728 65
30368 644
1995 32
34440 70
32324 979
31883 341
11152 831
36872 952
2839 23
26627 397
17748 651
35843 612
32163 299
36990 105
39217 312
23285 162
30041 469
18379 395
28377 922
11435 35
33912 717
21288 575
33472 975
1868 20
37666 983
6770 19
22470 709
18287 388
29603 122
24905 775
18534 585
34228 319
4739 941
30203 994
33911 669
7516 834
36773 792
10416 736
26054 183
34730 168
22882 691
17204 699
20142 416
36263 214
10498 875
1267 769
2715 313
31576 496
37011 167
20077 855
166 782
8916 893
12680 31
23882 222
5035 289
1936 89
13463 47
36551 796
1139 43
26554 453
21755 598
4086 744
9713 334
28437 973
34155 915
19961 739
8589 868
35325 987
39263 613
9407 43
2799 94
9157 70
16402 647
815 2
1823 451
34224 163
26716 788
22199 583
38562 475
30057 235
35816 871
15402 930
7035 593
1612 41
17913 851
1982 154
15862 133
1183 356
8347 963
11897 933
17560 664
9856 990
28828 893
1847 55
22379 3
16263 20
9627 712
36117 391
16643 617
34694 200
28335 465
11898 143
9926 942
35078 439
30958 253
19878 102
19484 89
22385 946
32011 827
39309 828
5142 547
24627 431
36986 122
21108 795
24223 889
38656 63
23113 407
33097 467
19538 197
22169 423
33918 685
31502 399
33721 822
32573 964
20570 929
2448 774
12827 642
35082 549
7144 356
25031 663
21599 167
23471 70
538 858
12563 76
37339 82
1393 854
26089 527
6269 7
9639 449
34447 799
5875 744
21017 863
20874 411
33910 286
3847 723
24722 537
39819 286
26598 637
21050 647
30455 673
37587 347
12807 452
351 639
21751 804
28276 58
22224 475
7016 299
1792 37
24562 230
3363 627
4426 171
603 736
33014 949
21825 819
12814 843
13630 969
33554 361
16827 86
11950 742
9590 776
2808 911
24451 339
4094 37
16971 962
21889 372
2332 159
9776 373
11314 237
25879 792
33167 615
864 151
4717 542
3636 859
14894 157
19930 396
33489 422
13128 916
16623 972
28080 187
36258 806
35724 700
17607 151
28725 349
25750 99
29220 192
2517 362
24150 467
4440 441
4882 369
1099 266
31678 889
33773 949
38520 412
33104 221
36732 288
23534 524
16716 120
20230 239
18493 75
33627 530
2162 81
21764 178
9851 67
11844 29
22897 310
19684 858
9007 408
38748 888
27625 157
36123 542
13547 891
1784 36
19438 707
28488 88
19866 59
27269 144
14066 912
20961 495
728 405
14966 135
28925 4
7934 144
29357 594
10830 679
5604 209
17397 775
36984 428
39509 415
24757 505
34057 210
6200 708
21718 941
24923 943
16560 937
22457 338
35315 783
1157 320
37690 821
24424 774
4533 876
7076 372
54 349
26761 158
37184 266
19593 301
39534 301
692 694
29221 487
34820 270
33996 475
6321 744
1066 23
22333 327
36633 333
20264 553
8888 7
25842 385
5816 118
36920 156
17731 418
37234 800
33468 707
28524 92
13838 404
3164 736
3375 429
14310 804
11896 843
20100 743
20349 610
37953 494
21747 629
27636 382
18480 800
38766 255
6889 665
8659 765
16324 326
13372 216
30865 19
37546 395
8018 920
39324 51
26200 179
20450 175
35529 341
15550 567
8255 654
5876 373
15329 281
27987 50
12332 306
11003 50
20694 337
37920 469
12620 918
33453 309
7267 884
32866 263
34027 899
23185 332
39736 919
9312 181
36684 189
39724 227
25852 932
21713 79
15843 667
9386 213
3293 80
8786 770
21236 324
33884 205
21272 310
20568 523
22152 48
39319 77
27393 948
4202 717
12034 57
28458 7
15242 163
11023 790
19297 646
36348 55
17895 214
2134 117
27934 662
4531 747
4762 43
14059 845
19677 624
848 475
7740 394
31938 575
8797 348
8005 910
4579 927
8736 182
20488 761
14058 291
8558 307
27170 344
38366 74
12757 691
15480 999
37296 932
30972 708
37542 21
36883 821
4319 1000
5621 338
1559 263
29230 854
35629 896
17967 132
32119 495
7409 64
7921 147
16946 942
36954 267
5303 367
38706 778
22163 922
37170 72
2173 612
13811 585
36034 559
9524 167
18132 286
25830 995
26529 300
742 974
39598 67
1751 694
35749 258
12045 521
6746 193
8484 20
29190 9
34611 128
8863 109
6822 667
5427 656
6181 746
23161 764
4892 912
38589 816
3647 867
38052 448
11515 570
1604 562
13095 975
26146 123
21527 849
10781 701
28710 228
34918 457
33044 193
27376 507
39072 943
27954 552
24875 32
13556 9
34376 960
3610 313
1200 174
36426 643
27327 913
28529 409
31034 299
33055 393
17220 571
6231 857
11700 444
33725 957
32315 926
22056 39
12581 807
32084 273
8418 331
22854 180
1804 599
9220 999
37794 310
8065 554
12007 744
16686 569
22332 146
23612 327
24397 154
36676 606
18637 29
39177 605
24789 798
17142 521
31394 382
32525 397
21206 520
3954 977
13878 790
17190 521
3070 926
33821 550
34924 899
28800 224
4168 582
35678 609
4056 541
24720 242
16767 129
13939 283
27976 265
34290 753
22047 814
29127 181
23193 92
24176 529
9961 657
27473 230
15379 500
32396 878
20792 389
3370 334
26580 113
31230 629
32763 45
18538 88
31134 859
36028 885
35470 164
186 781
22404 585
27218 866
25211 320
38055 753
10864 465
13342 644
35619 287
2487 592
39411 666
39368 758
39126 717
21948 912
19849 981
18641 736
33156 972
17711 441
30331 724
9260 850
33609 72
9877 203
27221 255
29893 219
19148 712
39011 367
7004 367
7445 333
28257 95
18182 751
6856 904
36678 253
30629 819
7092 504
14647 485
5944 361
9188 418
18318 955
16462 946
6676 841
21152 19
23846 460
5683 161
30997 521
8039 673
36961 668
16533 881
11805 624
2282 675
29408 389
10728 475
29616 45
20677 810
39572 802
34331 988
22290 298
39505 292
22857 778
1362 598
34503 746
28711 536
2703 598
30448 750
15029 420
22026 686
10256 122
4781 835
17808 303
36909 504
27100 155
23216 920
24755 457
28862 568
38630 110
7366 255
10912 516
5006 978
21499 277
7756 451
21373 690
38445 354
34149 410
5073 328
20333 923
30723 665
3957 114
1882 998
38550 268
23011 60
5650 719
33871 497
4069 207
13876 339
16988 979
1661 1000
29951 637
26446 91
21871 514
10288 359
33050 460
11695 768
37274 816
38407 799
23987 999
32124 395
12632 601
38465 564
20721 130
37323 513
21015 44
17027 689
38291 369
24475 171
34886 241
3447 542
28354 816
6542 294
937 532
3631 150
26581 64
3962 841
34234 203
9108 357
20709 572
34003 852
1653 898
26039 490
31612 143
39606 939
34257 305
38173 628
32173 946
29772 86
5757 953
13687 481
39341 264
5857 167
39060 913
38645 720
26881 573
35714 700
36550 898
2805 808
32728 506
36675 529
36314 239
16873 74
35841 427
39316 450
8497 335
31955 475
595 447
39394 712
11407 562
22595 862
39233 752
20060 154
28450 987
2505 415
18338 14
29670 130
32948 597
37036 739
36547 926
4462 580
13946 283
33065 357
22117 524
4284 200
5710 256
13374 641
9273 495
18603 39
5330 654
13586 80
14839 265
2033 279
4897 984
30331 113
32520 761
29673 414
13738 699
24929 776
30260 194
26608 148
22119 385
26042 490
3782 530
35587 769
26506 775
28545 485
27201 357
35840 752
29318 96
15713 220
29242 481
6006 978
13288 535
32659 429
22534 732
29777 822
4756 560
2324 944
21794 842
31985 34
27072 979
16156 525
21191 963
35417 115
29368 265
5719 488
31082 954
7946 394
15906 200
8466 467
18550 235
2463 129
5879 189
34732 109
35028 269
18477 201
10449 281
33614 512
15085 189
32957 53
34018 264
28079 492
23234 961
38183 966
25234 360
39887 585
39722 985
33582 643
25681 613
11946 989
19915 141
32710 780
17262 982
37638 157
38842 653
814 90
27246 270
22919 262
36119 986
17365 732
39047 198
34859 809
11235 388
17871 706
31474 636
32189 432
28581 219
18225 92
16027 298
21481 872
39245 811
30807 523
31222 232
24239 27
24153 434
31510 395
9391 87
9901 213
20224 577
22193 817
8696 65
9334 925
22140 984
14831 504
32218 313
20419 722
25432 94
3330 89
25075 544
5007 93
19696 55
6085 440
3732 707
29506 773
5202 616
38805 643
22788 896
39106 366
16938 657
9226 519
8850 189
28171 882
30254 708
16534 336
32936 934
3199 161
25218 253
6012 384
16789 109
30897 643
28721 696
24177 540
25953 975
30319 477
7734 32
25260 506
9109 572
5564 529
31947 993
25434 556
30249 965
18930 655
34724 456
4978 404
35508 473
1125 444
19192 781
15812 55
8202 497
4951 681
2403 925
10168 601
33953 616
4830 591
1383 390
18476 122
10043 683
38840 490
4661 530
21777 550
34245 422
27352 881
37929 856
2587 240
23081 426
5890 443
4083 962
30637 346
35360 367
19199 286
17292 596
34100 807
18619 320
34693 120
33780 580
31804 804
18575 65
18888 795
9745 710
23337 685
23475 728
20710 95
10595 703
10264 433
24170 735
14013 371
19005 815
5013 740
30387 938
13021 207
38106 51
33832 327
1299 854
15903 358
13152 5
21329 53
35352 354
1281 860
1894 972
27251 436
1155 751
3699 369
22651 926
14381 218
23323 397
36367 476
33071 695
3389 615
28958 619
17395 330
24642 608
2953 806
29084 744
18410 459
10717 928
34857 133
32288 901
117 871
5969 140
8889 245
2678 848
22704 172
8097 318
12425 792
18701 199
16613 708
31139 450
35336 544
1659 807
22857 152
17583 303
9911 770
8186 623
27868 123
10684 452
3668 658
35983 553
28849 293
10118 591
34782 725
38871 869
17290 216
23031 404
29846 460
14623 7
17621 46
16881 605
29962 744
24687 775
36277 744
31334 424
25145 445
38387 160
26663 420
38857 900
10457 984
20387 887
37313 39
3942 25
27756 755
28071 831
37217 435
37392 414
27852 608
34738 179
34445 503
7850 400
18389 14
30061 129
34516 57
22905 777
34458 821
14142 748
21341 340
23425 939
23456 803
4678 716
22805 827
20872 941
28159 679
16238 808
6402 679
35707 210
26773 35
13612 217
22660 441
25875 736
3922 516
36857 804
5160 20
13634 449
12991 895
35920 966
10335 943
24411 380
20905 77
25187 965
38786 512
30944 119
30516 671
39063 533
37811 161
6635 739
37693 560
35563 245
36284 40
22441 603
574 255
2289 342
24123 754
6382 399
10534 781
32029 659
25701 764
39662 998
10566 765
4440 355
31900 982
5514 670
1262 282
19006 560
13514 840
37414 194
34650 454
3356 185
4623 310
37130 283
36148 497
27080 703
39798 359
6099 192
7961 686
16778 594
32828 350
13568 160
14071 680
22727 92
17532 5
39575 242
2306 578
36473 325
27878 995
4953 549
7871 350
18510 911
706 141
7596 950
16175 173
13954 843
15101 846
37081 882
23013 601
1342 112
19859 464
14817 89
120 427
27758 955
31467 719
36760 204
24472 391
39367 318
5914 68
32379 323
3935 478
35332 503
4323 685
36964 278
15035 558
31278 266
23487 492
12976 651
37009 124
21990 264
14219 170
27064 987
15962 934
39875 314
13702 850
16009 165
19892 643
38264 818
36417 683
22434 701
6800 442
11053 854
21588 177
14311 686
35480 594
16315 57
13592 552
12173 831
14127 200
24761 431
14525 488
36470 335
32088 717
21175 32
8564 510
4521 768
19715 202
10504 502
43 278
26812 910
32229 619
8068 274
35154 816
26845 233
32415 380
32522 163
15031 835
18449 668
23226 278
33066 902
22021 856
26644 685
30781 756
2661 942
9521 427
32044 21
25980 439
22974 261
39455 105
32673 869
11470 458
30718 749
20071 65
11936 369
17314 263
29179 50
21160 718
33948 565
31001 375
33716 185
13988 262
14411 157
1823 43
5533 390
20547 660
17030 131
11566 55
30932 622
23762 309
22941 46
33727 748
24030 336
15601 48
28304 538
150 184
24829 947
5201 882
13100 773
5986 953
10877 754
7552 121
33357 919
33264 996
35633 520
38725 654
19556 713
6601 897
14577 682
33513 406
1179 764
22762 562
23193 822
9658 118
16715 114
8801 250
12055 916
18946 844
8660 488
17480 44
3604 959
5319 139
23652 350
37888 371
22417 777
12836 911
14102 292
20599 730
28095 915
37181 719
21355 752
1052 285
38408 591
35243 571
35534 757
3913 276
10889 905
11068 347
19548 583
27508 179
21141 470
3209 409
19166 363
19916 690
11697 789
13771 945
29476 975
6872 82
37631 40
15513 826
18814 32
5235 296
6690 919
9365 620
32723 189
16400 115
25409 419
15128 279
13473 981
11776 234
20493 912
24231 283
456 260
39331 162
39805 422
21601 928
28106 9
6269 999
26126 219
23220 437
24798 348
28876 912
13645 522
37925 808
3345 409
24355 991
17986 699
38104 245
17442 677
23548 377
13554 685
30366 703
35826 627
17348 468
17244 423
31189 731
12824 44
9172 667
6800 840
362 889
12668 10
35854 823
21969 432
4893 323
33660 534
34990 704
978 253
31424 898
12340 905
17650 623
38709 76
38482 235
10400 803
23453 606
24854 272
5611 424
23485 806
32473 215
36916 975
39742 916
11670 505
31285 775
18325 320
10541 36
13633 894
11488 959
32633 589
25810 512
16110 66
14365 918
403 931
15772 298
32460 185
27017 791
4594 594
15510 663
34572 698
37802 680
9133 459
29581 216
9293 129
23242 679
29663 449
19874 522
5374 5
1869 950
27272 983
10539 928
8530 738
13174 805
20114 968
11862 713
3618 913
12321 296
14147 661
14531 774
23710 489
32930 164
16556 509
29491 688
18047 604
6463 257
4627 587
38951 387
4693 974
5595 965
39548 475
25526 480
37170 777
19157 628
15553 474
7827 147
27953 426
21216 975
7376 412
32653 712
34368 822
484 421
4354 187
27325 482
458 360
20910 412
10866 653
7896 522
15453 497
15716 488
29175 708
34033 351
30535 950
33038 979
32204 825
23107 191
4356 913
245 70
7776 100
15796 200
4702 969
6043 814
22567 804
3742 795
32353 11
31135 799
23650 25
2549 576
32097 379
25897 37
28470 455
21276 618
4850 35
2058 970
15561 304
36955 427
12843 839
8551 714
7029 106
34964 681
24203 380
23634 424
291 57
24897 988
31049 164
19771 497
6169 58
12137 630
29450 243
26454 857
9109 56
15620 163
13230 417
20474 10
2449 660
18217 297
5125 2
22618 24
18690 765
20863 413
10456 888
37604 24
26172 738
28952 412
35868 169
34166 586
27237 51
21256 404
39301 794
790 489
32530 173
20953 537
17533 424
886 646
5316 437
28314 726
2026 789
11014 384
8699 934
33003 91
36429 587
15871 729
30065 238
35461 264
14348 598
5372 742
38849 699
24299 299
7122 994
34862 40
35627 238
10079 394
21578 837
12832 684
15881 196
27199 544
17902 681
5913 934
38932 351
3146 955
12022 769
5136 507
25704 946
10663 107
23154 872
23131 134
10720 897
30783 379
11207 18
35776 448
19446 564
29155 776
24580 948
3864 242
34291 99
22942 110
29380 779
33529 562
17444 936
21073 577
27603 227
24068 451
30983 448
36788 327
14366 530
31113 142
19411 471
22937 203
1354 853
1576 684
25453 840
25856 534
21295 594
7346 162
30446 32
16003 569
37705 885
9300 455
27657 207
7993 77
28669 915
30262 649
28323 846
18221 124
6686 409
1844 366
39100 334
38189 151
11306 971
12639 707
8301 729
35212 858
26666 916
3728 682
34438 999
19707 558
6428 164
32431 825
15757 301
3892 365
13349 424
8722 450
11991 816
16019 281
28969 103
10382 990
16485 553
9903 954
28846 755
29238 870
30734 343
19426 656
22295 562
27586 444
21200 337
15122 40
29402 433
604 5
17851 806
38515 395
16414 445
6546 741
21715 156
23714 482
9471 557
28587 343
11013 622
19860 910
20779 68
22266 327
10632 939
7475 714
27876 174
36668 191
13522 954
13629 280
26445 115
19161 572
21323 813
16295 266
750 128
28106 628
25514 978
9310 748
1205 886
27779 343
32250 943
25275 223
25202 180
17934 619
15719 812
31853 158
676 396
17225 326
34995 333
24380 479
26100 100
24006 843
3632 387
5001 734
23043 512
36975 633
31973 596
31718 205
37418 145
14232 833
20524 748
43 670
29497 642
31230 49
14363 602
29044 109
33598 958
27895 256
24903 777
18588 623
29143 312
33119 72
35618 836
9994 383
12251 167
3191 241
22967 217
3003 194
1744 813
4962 634
15703 849
9298 345
7788 494
32677 848
11926 270
28384 708
11030 940
27505 945
36929 929
32438 938
50 738
29121 930
1944 284
14761 129
17970 93
5709 337
26030 693
38385 399
33817 232
6611 570
15103 312
22453 641
35258 178
12856 999
12521 132
23353 791
27830 828
38142 89
20726 805
12152 215
15378 575
759 877
39941 779
36501 665
7023 875
26248 93
27730 483
29249 855
28417 893
26205 957
36976 583
9544 873
11557 836
27923 771
33136 746
25747 977
16899 525
39834 450
30036 649
11981 212
12684 24
12323 152
17057 932
25933 644
16505 492
4503 778
39401 951
17340 435
17775 188
7188 105
32922 675
35956 27
19659 234
25545 231
6428 90
14982 321
33611 619
16105 277
39890 205
8453 583
37655 352
25161 384
32224 79
38276 208
11998 304
32017 294
11390 404
2064 716
10448 234
28531 666
5872 990
3653 926
9778 410
8604 238
33811 985
30173 661
25472 723
30746 923
37898 496
4051 173
23190 277
33615 283
29909 348
32316 530
29407 876
24794 390
14772 127
21590 196
21249 219
16406 911
8891 742
1200 863
27172 632
2903 96
7915 362
37434 82
35190 421
20457 340
10163 698
3644 393
25578 606
7913 231
8715 629
27142 87
7931 157
24008 840
15146 947
13147 93
9266 248
8036 938
3610 363
1029 558
19207 734
20386 531
28839 902
17356 333
36206 304
25644 916
8428 683
28218 258
17388 968
36466 780
7068 746
36788 956
1361 324
24997 768
8067 749
16713 798
35431 726
31160 149
35785 781
16429 270
29965 894
3698 647
25529 822
39238 526
8416 672
19943 231
19533 882
32159 479
25264 622
13603 131
20395 633
19218 140
9260 997
32336 194
33095 112
18226 520
31705 120
16816 814
20512 403
37649 147
10620 824
33559 24
4452 900
27979 688
3219 350
11941 684
18931 809
27812 157
23672 632
11769 106
9717 598
38354 228
12703 830
30621 262
29405 959
27801 860
38507 995
6557 313
13223 83
5710 138
21737 743
472 744
19316 365
39460 626
15549 994
2188 952
37424 335
14380 943
26857 5
318 780
21855 911
607 577
20910 54
13115 529
21401 236
39953 907
17977 378
15038 666
12480 833
17476 919
9123 829
30955 525
38279 841
10244 799
6499 788
31349 810
30508 875
26881 342
11524 859
32667 596
22388 330
20937 782
22842 705
37144 600
22563 711
9719 89
5270 551
13002 224
17185 244
17599 846
8629 720
23867 786
5462 453
7979 770
2110 168
9515 361
32140 461
33072 605
3313 335
28767 74
31090 89
5897 750
37064 699
12407 974
13188 513
28985 94
36117 390
34934 983
21731 172
8909 311
304 944
2999 60
13991 675
17807 262
12446 661
39353 351
30143 740
5793 140
2166 330
8286 598
19503 213
38390 989
35329 170
38529 24
29909 196
16950 793
6691 496
32311 952
12228 203
21771 132
26793 200
6568 174
20116 640
15574 371
14930 363
8081 456
31182 750
26493 482
16860 45
25659 257
25170 808
31639 750
6399 536
6542 620
13617 789
37914 977
11238 573
21083 153
18768 505
5445 467
33914 661
34514 863
18749 868
27279 35
27186 660
6354 657
14137 995
14392 992
11963 121
28078 488
37709 542
7693 967
38181 45
4039 646
8591 903
37590 927
35921 113
20365 993
34080 601
28790 588
1267 73
33734 914
3920 186
39229 15
36768 147
11290 886
5646 819
38606 285
34495 553
2711 483
10583 712
12525 869
14200 55
27799 964
30190 522
27522 701
22805 817
2495 76
18321 146
28724 947
8161 365
17904 120
866 234
26556 968
1681 419
21347 887
27855 703
4695 401
367 41
27781 96
8065 478
38438 43
26875 167
20472 900
33353 759
3337 373
11484 709
18860 798
22459 217
13785 745
32022 884
34636 460
7125 380
20291 650
33997 601
35380 457
21133 538
19112 833
19158 76
27488 643
31606 758
25290 283
34559 581
13773 271
19245 9
2412 885
15721 400
8163 967
31824 869
21073 1000
30429 222
27046 611
31703 171
5163 175
31456 325
33698 321
28651 972
26810 891
5168 419
19454 282
27827 310
16010 379
22958 775
29839 186
14825 618
17759 319
30231 775
4629 958
9112 902
4263 814
15861 416
3080 209
25829 515
25477 729
7152 529
38347 912
21181 387
16833 303
39675 703
32023 233
34955 238
3628 664
19642 452
21725 601
33761 118
34608 435
37452 115
33302 538
24710 889
20503 870
33606 482
34270 719
13919 577
12120 138
1843 890
33392 33
31968 669
4986 635
15455 513
30041 208
30463 926
28515 385
31818 31
24643 243
2899 772
9232 772
4178 357
1672 822
12574 611
35113 759
36386 122
38575 345
2953 672
27407 248
38026 310
37575 394
9184 168
26505 758
14933 111
24524 383
14306 891
6016 818
28565 860
22392 188
21725 795
24201 583
39061 375
6374 23
3889 365
7156 480
37017 341
27421 850
19544 206
25032 715
1686 313
37255 200
8975 793
36623 313
15990 227
30269 624
34044 822
27791 724
28302 359
32503 663
26280 192
14368 665
7601 391
30033 127
10802 981
1330 679
18937 260
34046 298
24565 384
35316 548
190 367
23331 535
16093 420
31714 994
4153 91
11194 55
13746 5
34049 138
11775 762
6723 524
6049 560
26643 736
18133 635
39656 799
25294 102
28624 567
13886 427
24220 810
35453 639
18334 198
6024 116
31510 132
21699 492
23955 526
3367 860
27321 685
6360 990
27568 452
34905 2
31564 1000
27267 825
24914 850
34511 170
18060 457
16526 877
1133 44
18693 34
11555 796
35267 197
33286 983
19843 420
30861 250
12062 623
37897 404
37464 280
28740 542
24480 590
3621 514
9544 948
9690 976
37568 492
14261 521
5773 421
13470 418
7340 766
14224 960
36301 402
19179 819
27699 729
7400 289
37534 799
382 776
21783 443
33538 662
10909 585
16586 241
2784 494
4417 339
3223 374
15763 974
19725 30
32954 507
5114 670
10591 961
22800 925
11587 514
34150 657
3224 439
19960 654
7728 411
27585 367
36834 293
8300 522
36914 943
15081 551
39724 741
35381 778
4864 982
19601 862
27895 685
37140 148
27304 642
10032 903
39089 884
4204 452
27119 449
22978 561
10201 526
37009 303
8766 82
32981 534
31936 212
5971 701
17689 969
24788 82
29741 190
7634 314
14411 757
6629 958
10042 813
28900 383
16116 744
9767 366
29346 195
12105 991
21012 258
1800 612
10743 234
18809 988
7203 785
20161 278
17493 525
22578 614
3550 686
11242 862
32104 58
13001 988
26906 282
8256 331
10382 768
5625 483
38976 716
255 872
18127 608
161 658
22535 315
37436 841
18352 64
17547 343
33860 642
4432 976
12666 395
31102 483
10453 60
23102 147
10303 602
2724 707
20860 751
13440 739
4120 546
13424 680
5485 482
19796 222
579 782
5074 999
3698 248
35811 551
34204 45
31852 697
34148 994
1459 539
3935 323
402 972
37124 125
18598 495
29814 928
20930 359
15205 605
37061 882
9829 310
32044 984
24265 96
29822 590
32719 371
39213 307
9753 79
2316 378
20498 227
36261 24
12356 455
12030 940
35049 952
38020 245
9541 952
10248 827
12660 170
12966 803
13735 665
6062 760
12601 127
24686 85
34956 368
10627 909
23945 357
21141 544
25091 66
1203 71
21300 446
26727 188
4486 8
644 681
14646 279
22246 571
15004 570
9401 263
38244 775
24384 336
37270 288
30013 831
39635 501
37380 860
1489 348
24709 463
27428 358
35015 111
24403 643
14592 835
7800 548
26574 538
3199 640
18289 800
22713 415
11354 354
30838 216
15805 843
5477 4
30252 898
3807 42
6219 923
17646 150
22138 414
9703 723
34022 298
26230 398
10923 795
15002 263
17100 56
33845 345
21466 295
24164 550
29682 965
29766 194
18794 63
17347 650
35291 358
19611 915
15267 693
39341 125
30529 439
4897 130
36257 362
9393 776
13315 813
30036 542
34608 267
15506 372
12404 367
27801 703
17602 879
30277 165
22992 401
280 176
25195 872
1641 883
5026 112
16136 765
34472 122
10142 466
12485 292
35938 816
29075 417
30668 835
15333 185
27207 261
34219 106
22792 266
25649 947
30292 746
3727 706
24203 704
26420 142
9504 737
23153 349
29791 876
8226 878
29508 298
16195 470
23290 168
9190 654
37359 595
19061 510
19804 498
5752 258
15357 366
9181 792
38172 466
9365 442
26057 180
25016 611
30428 808
14296 51
16529 21
22686 697
13195 538
4346 816
22987 134
39086 560
37858 84
39038 772
25814 724
12461 496
20911 752
29068 965
11738 619
28422 759
31912 698
38141 410
26986 178
30191 219
3317 589
24774 332
27988 716
32455 864
33030 392
14200 17
25275 915
30800 264
9668 704
13120 124
14183 563
8370 460
33836 440
6432 686
2014 933
2964 148
15322 316
18250 302
39425 617
8573 462
20619 419
39262 879
24878 762
17228 135
29080 936
38007 770
5271 555
38149 869
22168 371
21734 773
1354 783
30136 790
1384 542
34727 986
29702 20
20922 576
24555 879
31573 727
18555 644
21919 16
11561 847
10656 711
1359 305
8048 407
4668 270
36100 781
3878 104
4797 115
32126 968
15021 383
10053 841
12181 3
2835 763
31464 984
21018 454
27982 706
39237 233
28531 889
20627 932
10933 480
876 357
21271 568
18460 42
34609 689
8451 171
18287 345
33850 871
22808 873
16930 765
14107 561
14073 763
25949 668
34616 848
24367 217
4206 361
24972 157
33129 884
12281 224
13407 139
19067 168
9915 885
7652 283
4642 320
18308 605
37185 30
11623 897
18741 694
9971 422
28498 261
16572 431
26856 432
17632 807
22802 383
4136 597
10178 221
38719 128
12037 805
35102 874
28006 725
2930 530
28734 711
33083 439
13832 469
22089 342
12480 354
11703 195
26145 424
18877 118
19837 987
16523 72
38637 684
6128 446
37260 837
12806 994
3609 360
26591 358
20594 116
8161 31
13918 127
21281 990
38812 940
15550 701
31910 880
30964 760
10031 692
16509 357
6235 436
1082 247
18238 616
19280 530
5854 909
8323 302
34975 775
27393 696
24839 379
15114 85
32380 663
2822 687
7386 729
31759 819
37048 976
20255 997
11560 634
23775 833
13329 402
25439 229
26415 640
13094 272
31556 801
9939 136
18573 809
35465 503
8210 324
9393 630
34106 940
14470 995
28771 777
24201 557
7400 388
39751 15
30393 669
28812 916
8561 741
34947 779
30109 450
5784 514
22056 725
34436 325
38272 818
24244 709
19202 480
22556 343
29115 367
34900 655
8660 57
24019 112
14472 8
32181 339
12318 327
22358 917
5738 414
1130 798
33633 400
32709 401
37373 386
31092 135
38086 438
14213 849
1591 417
25024 722
32330 456
27281 341
36475 574
12077 923
10915 613
3382 120
15581 120
7509 380
39997 217
13453 870
18073 88
28906 900
24028 11
38089 498
22546 567
35746 744
37524 356
31141 829
9467 385
15848 200
17576 888
18855 680
33109 771
16420 299
13916 105
25344 813
8719 990
21946 730
5578 889
27290 892
3141 303
25991 919
11166 154
888 8
23006 394
11233 629
3484 822
21435 644
20148 967
31996 512
33262 830
31127 901
24558 512
693 222
29733 941
16903 995
16109 484
28245 553
17886 265
9032 396
4696 297
24161 880
2278 867
6338 314
12346 369
35877 212
13350 581
7027 802
10736 632
16825 394
27415 674
14101 669
37403 9
26402 660
26524 583
36795 915
6065 102
39435 864
33322 971
34972 431
17446 898
30291 355
18423 18
6344 21
8746 563
14598 388
21428 90
20964 628
33775 614
12186 45
37470 182
10312 459
7282 822
32568 386
37918 265
35350 755
16438 647
3787 299
10340 760
2736 678
35906 722
37855 521
11484 19
1085 940
24288 599
37487 580
26325 110
28024 130
4042 349
28606 218
18049 956
25377 968
38344 567
10197 991
6895 470
11093 682
35511 395
28932 270
17025 821
17989 250
5755 49
36228 805
7091 762
9157 1000
33795 730
37588 714
36458 424
8290 430
32685 827
6445 330
19360 975
15560 979
12984 548
37579 62
15583 498
7168 372
15142 489
29169 464
19427 463
16134 835
19804 631
3503 344
1843 544
22788 986
26889 470
14258 523
8695 93
21337 94
32441 976
7821 834
10755 422
11056 400
6251 641
16533 772
1410 353
17483 728
2053 963
20738 583
38170 702
284 653
13235 446
148 28
36710 347
39508 408
37112 195
36498 323
39968 278
32149 713
21920 397
28213 438
22466 20
32045 560
2118 697
4377 223
34044 756
27468 41
31473 847
23994 742
31855 494
35038 965
33308 74
8839 570
37916 743
25658 971
3233 747
10170 672
5419 338
23704 256
19958 294
10131 255
16673 250
28967 381
20628 235
35649 503
35566 501
8389 702
21945 164
27946 994
11108 137
28374 908
30132 430
26633 904
12172 661
14990 310
32504 101
34626 567
39984 35
6340 537
27435 391
4132 56
5251 457
19380 279
19890 511
36598 134
12655 390
29990 957
36236 460
24793 72
8204 590
11214 991
34350 811
18103 152
27656 336
32950 828
35988 226
5836 479
13949 61
20998 415
28068 162
32425 928
23153 697
14909 704
24606 424
22345 961
35803 359
18883 755
21336 188
24436 724
22495 833
24738 774
27808 743
17554 833
25590 305
1389 361
24591 886
3864 613
33906 96
2054 10
34728 368
21313 75
19140 3
36182 562
21308 300
31910 475
37552 841
29203 673
32782 183
1460 9
9759 441
20625 989
3456 839
1501 697
15771 454
29873 891
4687 270
9610 207
10209 39
16331 942
13632 565
33068 579
36711 839
26573 463
38305 281
5604 923
28602 935
26660 690
13095 276
2701 796
24866 805
14503 494
18104 565
8791 100
3001 386
34622 643
33277 783
17366 568
10734 178
16752 523
37145 226
19118 316
31426 334
17221 111
19223 762
38488 254
33521 528
14920 218
24312 778
14528 606
25462 740
15160 525
36150 788
5845 30
22954 597
34109 359
36091 539
4319 472
24266 302
16738 28
30985 648
33930 829
2149 546
29521 364
6001 805
31183 5
7039 26
19211 355
1954 715
7797 372
37416 489
31707 785
28493 62
18152 512
8890 674
37879 899
11267 993
6602 788
28824 564
38926 598
9928 312
4025 812
29815 108
9233 833
1762 46
30765 503
13968 394
25727 969
20779 47
13498 403
27793 225
1692 992
1562 27
4901 211
15365 540
6053 299
6724 883
926 469
17485 859
37467 626
23157 745
31088 306
22107 551
35615 626
396 227
5290 847
10051 662
3830 361
39978 175
3771 573
34774 551
13477 495
7479 464
5415 774
15478 231
7821 343
29820 730
9891 710
33285 982
5842 677
28530 894
14195 504
26614 719
25007 915
10972 259
15469 885
27262 292
39541 435
21607 197
11947 687
31288 881
23893 908
38647 126
39593 434
2970 65
3715 162
4785 741
33013 485
7411 35
35755 705
13607 988
22861 876
7898 949
13116 703
33140 165
37543 242
1059 982
1137 615
39529 512
9311 317
3482 224
21671 647
9332 86
24419 773
24583 508
24751 830
9147 232
21461 559
10756 172
17125 904
18854 799
25713 754
24006 683
24276 339
14664 271
27336 872
19451 391
12102 971
12778 874
24047 877
23582 62
5715 490
3648 976
13559 558
24241 881
17936 389
14342 877
18121 770
24758 343
7663 844
37460 512
25343 239
17243 127
5785 848
29084 882
29421 657
15694 526
5077 370
14241 582
30101 75
23680 349
20074 616
29617 389
22565 449
11355 297
16863 588
34843 277
29005 850
39911 934
11181 910
23765 750
28803 894
20539 642
12836 763
37458 129
10793 759
23222 68
18677 893
23416 374
36328 28
17930 382
39166 437
27906 511
5826 895
15227 987
10326 601
15090 182
36147 990
32305 17
19323 939
37140 752
785 755
35047 380
6825 322
34057 354
5310 156
8131 633
19207 407
2551 963
32596 26
14003 197
26847 953
15076 336
13678 707
7004 47
11233 315
25725 250
35774 104
21255 674
6151 803
14189 318
7470 908
27948 195
24189 389
30032 973
35486 367
19635 94
17583 453
24818 764
24693 119
28396 976
14110 594
29103 550
38425 404
13730 783
11648 111
24511 231
20297 641
14062 980
38141 227
24948 663
8651 641
37853 327
2254 657
1297 444
15891 484
27142 7
26704 715
21698 553
10753 708
30376 203
20518 776
11830 503
35855 943
38048 28
17488 243
21001 98
26393 437
34296 443
33433 882
39005 316
2353 915
15846 899
19719 815
22075 650
14564 9
37491 952
35754 985
23975 173
26819 844
15409 644
23091 920
39204 816
37911 84
9231 428
12912 52
13317 522
16228 741
10744 72
14167 958
16185 714
14323 174
17946 385
30045 649
22041 668
4784 377
14231 44
26152 408
1996 48
36191 51
28211 314
13724 553
33312 816
29444 865
29788 685
1627 926
16247 984
8888 341
17135 663
22939 812
18389 102
22992 466
4100 502
32918 176
7266 379
4583 114
33699 748
12660 55
4429 257
38866 938
19673 580
2072 554
30528 150
29504 84
16043 704
14396 692
32827 76
38607 814
33600 528
22417 251
12331 405
11355 575
37592 73
39008 204
18800 157
6803 103
17894 634
29583 7
5162 266
29332 620
23163 713
14749 33
28221 858
16605 948
11880 56
2150 66
3912 92
9472 983
25588 43
5003 352
26967 264
38222 945
1489 938
13751 754
1126 270
18522 242
31141 664
25203 588
37012 462
1210 831
2454 651
25467 509
982 100
14457 524
38042 166
34632 747
16309 700
34431 14
24110 768
32990 484
19225 222
14975 664
18141 601
16203 982
39241 307
4345 840
1517 272
11614 884
39226 951
27155 290
10943 180
39444 7
7235 825
27173 201
17434 439
32492 976
34337 244
28445 190
14417 627
16402 813
22074 367
28937 143
7326 466
24542 643
26565 483
8223 44
17735 321
17339 141
32937 834
27607 768
21417 343
31783 266
29511 970
19270 79
13394 576
37940 319
14297 8
17127 875
9747 275
6526 881
26997 885
20900 351
25605 649
31738 873
21665 114
20681 958
15181 452
15141 809
29623 293
23063 350
33555 217
37533 464
30126 891
9864 481
32836 517
31869 632
24519 894
17036 658
3822 758
19325 283
5565 239
7611 914
3365 847
27124 793
2051 953
9578 924
23122 650
5992 344
10233 839
29429 541
35065 411
35562 305
29447 257
27005 794
24047 677
12697 962
36018 503
26800 5
33156 225
33606 223
34494 975
7162 193
8958 281
27490 828
22097 485
17371 999
29157 85
30644 34
4836 657
17431 446
34784 702
15382 180
35516 512
12050 409
11430 637
20660 68
38737 84
10874 771
11088 523
9259 12
25444 532
13088 190
38160 298
20374 499
39325 231
8789 334
32555 211
2183 967
3584 315
2622 82
28237 588
32139 972
1671 357
5204 425
19046 96
27752 180
28097 941
34666 279
9412 167
26824 124
15393 156
11683 910
4575 597
12373 615
28514 212
17534 867
26250 987
33287 470
33569 413
23886 317
5406 796
19671 739
28670 380
39223 618
38413 204
19519 540
8716 295
21844 848
39743 459
23585 771
7574 87
12066 882
19782 363
30580 989
26692 268
12810 844
36988 722
35522 827
1765 521
20632 286
3680 38
4478 802
20315 389
7010 980
13095 60
16501 116
15191 728
2293 339
19796 924
8953 458
9445 221
23947 513
36392 578
3196 751
35420 41
16984 159
2841 684
27650 991
5335 589
5317 290
37591 141
37848 975
20863 434
26725 961
32527 621
7500 546
2612 819
34909 912
10081 76
6140 430
21559 251
31536 654
32014 920
8116 129
19937 342
33696 7
13074 821
15343 658
21555 622
27130 108
39017 972
2612 530
39899 963
39777 144
28314 966
30830 454
25210 78
10665 589
24445 995
15693 56
15160 235
14794 685
5482 919
27276 319
18370 785
25829 37
29938 759
15896 794
30008 992
25590 690
38617 347
3871 498
22731 586
8902 116
9647 863
15774 956
6963 205
13334 797
22003 899
27022 118
27543 197
29818 410
2951 607
20477 479
3145 466
6900 853
30467 726
10169 938
14984 158
38802 531
33308 458
38780 226
36625 857
24527 827
16930 311
32612 310
11649 201
6615 635
32165 148
32055 82
22428 959
26350 570
38648 71
10384 111
29580 10
7747 315
4326 340
31999 260
5525 460
39359 952
19843 736
29212 496
38918 532
28697 720
24943 986
27643 467
26650 497
16654 262
1957 267
24009 371
32236 707
30207 8
38195 936
23259 445
3677 851
31409 444
15718 126
35017 983
25560 739
3734 137
8846 26
31063 52
14957 948
22614 867
32293 203
7335 31
9289 589
25656 658
3097 991
18546 162
21632 442
29877 724
19016 862
27429 706
3179 811
22076 449
22972 47
22357 578
20452 391
9858 805
31226 200
30188 521
30428 721
28803 282
4434 826
7290 81
29081 136
10823 887
4551 123
35638 319
7322 938
4538 372
5571 16
13426 639
8338 805
26152 317
14886 589
20087 937
15480 737
31200 650
38193 980
23138 823
33828 120
36196 30
5181 540
35640 603
17515 184
19616 444
13858 548
3303 963
31597 184
25092 365
24039 600
2556 515
21294 109
20246 621
5841 248
23543 910
10647 740
27481 323
8239 618
14936 745
9463 910
29553 12
1450 783
37065 976
8123 262
8665 768
28422 143
26840 631
37598 481
35910 983
38905 221
22078 605
510 405
7735 290
15613 552
25202 216
31518 280
34753 589
4619 551
8755 517
9540 195
13151 284
3680 758
4515 350
35575 816
24193 548
39240 776
8975 720
14833 316
25084 809
39957 963
12463 586
30440 729
15784 692
35932 292
12707 37
784 370
34239 452
29443 900
32696 360
39513 283
9117 996
2082 21
13126 952
9408 838
8958 180
2292 220
23471 350
5499 937
39450 862
6990 260
7631 824
15821 420
25439 56
39997 609
20828 893
4951 687
22128 330
33314 852
15202 171
17004 764
1768 47
18696 751
14353 397
8255 514
29117 44
31142 489
14020 767
36461 125
14826 493
17702 992
5059 572
33991 648
33503 796
6783 841
24520 165
36654 204
22311 324
6024 203
27288 730
31236 181
12340 24
6239 14
37845 595
16691 560
16055 140
36010 989
12392 48
1130 498
11265 896
1569 878
9068 526
38316 606
5599 69
9843 852
10851 914
28060 460
17682 931
7899 253
2209 953
25870 418
27655 567
6829 177
5232 140
37075 183
37067 842
19305 583
24397 732
3167 105
29502 181
17684 577
33272 804
39651 722
5630 757
6320 734
12547 694
24438 340
1552 540
2295 158
30 803
15301 4
19813 75
26649 407
22919 257
36240 419
26410 533
6225 526
3084 808
1 446
28979 166
17170 886
15591 924
34790 132
1208 297
3689 364
7877 254
37792 231
5384 590
20590 443
12423 247
25953 969
31159 182
30419 771
39212 441
4760 319
25538 945
14836 968
24048 864
37633 143
29768 486
39380 930
11664 316
15496 943
37639 703
31559 785
37301 762
26303 355
8972 510
1863 705
38374 676
18562 964
31413 881
20958 845
22732 104
3949 173
11349 928
22091 933
16984 884
10605 829
10539 12
7644 201
5625 176
747 317
29572 51
18167 987
39777 941
19621 897
6624 437
35891 125
8575 393
13956 684
21260 614
18904 109
15190 544
13864 605
29174 933
16097 856
30083 965
7353 931
12780 162
34817 444
6033 431
33019 573
1539 84
16587 576
6028 775
34830 314
14166 229
15859 201
3408 585
15191 538
11823 794
6099 280
14018 581
28154 790
19050 938
7594 220
1142 958
11123 819
17917 971
29298 317
3952 200
14091 105
7757 886
27270 131
32236 522
22493 879
17535 14
1903 934
37547 977
28967 73
15737 785
39559 675
22150 168
17978 225
30555 850
25617 13
15074 933
20774 211
23376 612
7268 985
23746 983
17103 588
34350 428
21612 242
22228 551
1604 714
4399 363
14565 279
27943 598
25425 849
20873 890
32375 399
23240 891
7397 820
29953 798
36710 750
11567 216
22270 959
22705 990
3769 617
4890 331
33181 623
10559 702
25054 45
22240 354
3348 601
19624 904
17254 144
30659 43
7152 797
16825 203
25818 975
22408 593
32134 753
26790 545
7662 958
32937 395
25772 859
5543 697
2122 99
13042 828
21886 415
17897 698
883 283
10858 475
30036 920
29225 808
24964 316
4159 810
11811 19
13615 815
24885 134
8566 116
12068 758
38285 689
12401 152
244 922
14122 240
34849 568
1263 60
37294 927
12177 417
36756 438
380 277
28562 997
24441 641
10019 432
14237 157
9243 859
3581 850
9704 377
20444 865
1378 156
388 710
9076 605
39370 424
21574 678
39896 999
5354 975
31182 523
17589 466
35738 699
22187 492
11514 702
30930 758
27799 717
39658 632
24955 777
5755 466
1604 743
13997 125
8461 260
33572 472
12824 349
29332 329
37929 839
27130 127
6458 734
2621 489
916 855
31027 736
21404 37
35424 735
3105 308
24159 375
7624 388
38568 833
14458 765
12358 362
25548 197
34937 528
3569 668
31896 10
28300 442
10570 790
32642 376
13425 172
25319 214
32159 783
33635 500
13588 426
27646 247
21034 672
39473 234
27450 398
26996 293
24876 176
31342 431
3646 591
27962 586
37565 110
36955 222
33669 134
25592 148
32991 544
39771 114
28836 11
23160 663
29665 639
33001 3
28182 445
1049 620
14298 611
16901 503
32202 507
4788 432
21973 419
10218 496
10166 159
36078 994
6539 116
30712 910
14715 628
12239 543
10925 648
21665 601
12335 45
39524 959
7938 385
2170 755
9490 442
3535 156
35222 903
36839 667
7848 55
93 595
17978 285
30035 186
20831 15
5770 749
19742 150
30132 491
37335 428
25683 381
25730 359
27292 925
23630 691
7466 573
3443 839
13974 403
10634 360
29533 450
10491 113
7858 899
8489 391
33898 813
26045 792
31767 483
11873 167
5665 771
25239 619
28865 229
31904 47
39240 516
18651 408
30665 454
32889 311
20724 19
18337 462
26122 951
7417 503
34513 488
23750 795
46 562
7092 245
8216 360
32983 206
35056 838
35293 334
36847 745
39018 323
3896 468
4027 354
31203 142
4345 537
36067 168
25238 929
32510 594
8227 893
31646 185
11058 249
11558 982
15716 585
17742 577
33527 784
24220 858
22679 929
5505 915
9267 689
19429 9
27083 748
35609 844
24754 800
12874 14
14281 686
18564 63
37328 513
14425 944
24091 196
1115 452
32814 450
497 983
15142 733
797 812
22866 338
11499 903
24488 873
19975 989
12940 472
30209 82
27931 872
18336 710
37410 950
10264 163
30070 984
29934 43
15764 236
26442 831
29362 418
15614 326
19464 641
1791 356
7245 56
20180 708
4043 463
5673 439
25508 259
18704 694
4891 580
1787 406
25181 805
27727 20
8376 96
20754 649
9113 514
7921 771
25584 882
17997 452
26167 892
1539 298
38818 413
933 738
37191 798
12944 944
36012 969
35246 151
21816 98
40000 98
24075 55
27835 552
27606 247
8076 456
18702 774
21546 58
15491 398
35804 12
26084 804
2465 152
19831 860
4076 655
9276 906
29523 175
1972 752
37043 555
19750 48
36219 441
5182 520
25922 394
31271 489
13284 366
22867 572
5567 258
28197 834
7187 672
12676 442
33441 170
6898 872
5855 481
7915 8
26249 185
23210 566
6545 137
36499 899
25012 663
31010 319
13097 342
35516 511
16575 844
37044 136
12943 740
15420 665
32681 860
29848 536
20943 439
9522 771
16212 1
11705 381
10725 642
13700 998
27125 622
31102 939
19028 662
4906 802
13785 401
38934 107
26608 673
8630 128
24037 137
36098 127
2490 186
8874 976
33413 997
23522 358
16641 790
16508 780
9295 916
12839 558
17943 97
5173 119
14305 261
13561 579
13297 925
21966 837
20547 212
33691 833
4464 45
37358 844
466 414
30158 74
7511 72
18833 545
13797 239
5469 674
7328 739
12811 210
2107 783
25308 210
15768 713
23700 674
10443 896
23256 704
18247 80
4776 13
3275 801
10289 880
38933 152
23452 340
2688 754
38264 900
12621 370
39964 480
5003 125
27333 886
35817 752
15843 640
34954 704
38591 240
15229 5
37579 633
21558 164
33913 68
17692 113
1905 275
34665 519
23745 369
8475 171
2089 666
3810 346
4071 426
27503 877
23007 357
4738 329
9355 639
6830 852
34925 97
18309 830
38428 906
19078 829
35244 354
29708 263
36206 747
8220 219
38729 109
34735 312
37368 500
22978 728
2149 391
36709 715
30636 82
9270 620
9032 165
4128 509
35927 252
30588 341
10506 757
21784 755
22373 291
31482 357
24795 6
23464 760
37430 103
15099 113
7583 871
10072 424
8148 425
34932 671
31242 663
29044 381
26442 127
9772 321
39791 703
9476 267
12712 813
31431 154
32077 595
17849 865
7969 780
38120 777
1280 992
34598 898
17783 279
5682 622
21753 296
22090 774
11217 61
4523 131
30399 694
20288 347
28928 984
39452 173
34283 464
36503 369
21571 83
3943 556
18547 998
31739 876
30424 798
20266 208
36929 489
25723 816
35811 187
5559 568
21970 245
35859 187
31564 899
26803 47
23774 465
6189 252
37190 581
16397 597
9723 816
1245 291
14964 917
36246 101
17061 996
13843 749
20543 864
30567 368
6470 273
38846 110
29701 898
33835 923
18879 905
1054 698
20989 687
29042 826
31926 591
7053 75
10493 431
38434 410
27782 587
20612 741
1415 306
31866 504
17068 936
32727 527
436 873
2719 400
8912 218
33913 333
2767 950
10290 474
30054 533
15978 659
21925 447
26384 234
38455 197
31895 402
16224 938
3581 870
39834 113
5750 834
26557 129
28332 776
5306 920
19593 351
7973 325
31429 954
9806 104
4141 458
5495 933
5197 36
3787 4
34142 254
38582 929
35224 230
8805 41
13283 914
27485 848
9836 251
36889 81
31162 382
12068 80
13972 1000
17678 48
39519 411
23532 98
10132 623
30217 614
36947 891
27353 330
29165 771
18722 558
6559 194
1285 489
11147 51
20732 233
39116 228
11677 244
24180 849
15117 919
7791 86
6583 90
24155 456
10805 436
20873 693
11018 88
20380 94
37888 238
34001 305
6081 953
10213 734
2645 935
20729 957
28662 493
31310 421
32142 960
2700 149
20256 559
32910 481
5575 115
21916 719
16024 671
25485 558
38602 571
21734 14
30115 614
23072 830
4645 490
19338 887
3625 37
16220 860
11462 245
18593 645
5258 40
32850 420
18824 40
27346 298
32325 872
19990 690
3412 610
5781 421
2330 79
38718 350
12122 444
12263 61
30926 804
33645 559
23614 339
21420 91
23369 733
14363 77
8816 684
20274 558
15870 827
11873 15
34707 625
527 670
16163 792
22864 693
27461 857
39512 697
22871 175
8001 698
5752 538
32596 940
3922 50
28356 845
39349 287
25663 604
19188 697
32672 205
10318 344
17472 397
31435 826
34294 557
28202 61
8954 946
74 868
29615 157
9412 102
39477 567
17664 215
14906 919
15353 957
31385 813
898 126
3948 996
1933 429
2731 272
30475 721
8612 745
31810 680
29470 640
19523 121
37212 342
11722 252
7079 860
11851 667
19000 387
17847 69
29650 490
23428 87
32589 357
21922 472
38346 971
12359 44
21801 246
1556 746
30456 658
24533 890
8921 336
17181 785
30984 520
5327 484
34579 258
1229 395
35350 886
4784 401
20841 524
22813 88
15922 874
20485 417
1599 303
6064 588
2402 156
19608 131
34385 470
11365 22
20937 440
39978 726
23116 902
31120 571
37093 700
30688 440
26231 441
28458 512
20730 596
3939 896
36972 120
13673 792
14374 41
3405 538
35516 750
32786 14
21341 598
22756 914
31975 562
12588 653
7479 773
16223 689
27734 958
14488 193
29424 194
11886 258
35009 568
18489 242
33038 404
38369 402
38144 327
29747 530
17221 266
12508 461
24725 604
39921 128
17618 778
11946 987
16545 379
18135 335
32760 660
17413 571
38787 879
36452 455
16413 233
22935 726
21315 179
6313 19
29906 33
11564 728
38661 648
7429 336
20979 891
25734 458
24835 36
10736 945
22818 444
23331 154
7938 585
11005 735
8961 653
6681 816
24072 796
39111 122
20491 850
28482 423
19802 42
13335 391
13410 415
38410 54
899 414
17384 469
12516 628
995 844
20119 143
20206 40
26989 606
32205 851
17806 957
35256 799
28140 74
7782 365
18020 612
13064 515
8910 880
31505 431
12645 576
26241 179
39896 88
26285 742
34238 878
32317 797
28486 336
12537 48
22945 297
355 761
21148 53
7841 486
35320 353
36451 154
25454 416
21337 518
11210 471
8422 763
37758 603
17826 576
25079 227
7063 800
12905 939
30665 298
23274 245
3551 18
6849 973
31725 942
29673 920
19792 79
5857 322
20799 305
9419 609
16771 280
20626 646
8579 212
33123 565
33714 582
17805 507
16230 880
3038 819
13474 99
30713 666
17461 148
10736 145
18293 193
5708 679
32933 971
12925 859
5739 185
29456 628
28721 139
9395 75
3573 125
12742 304
17101 264
9305 454
15587 212
5312 947
23419 38
23346 699
24428 832
12994 428
29727 569
28888 906
1203 623
15698 870
22577 34
24554 733
10348 250
6021 623
14016 598
22932 474
20496 259
36974 481
4867 666
6681 301
20514 250
25251 399
26195 742
2848 213
22959 690
9162 964
30701 507
14389 29
36500 911
801 740
23873 640
12549 957
7376 230
1680 963
34330 950
20096 57
38734 404
22418 646
2764 654
12401 440
11922 736
34003 584
18988 944
25698 401
6765 276
28175 598
15918 876
2309 728
3612 457
1788 935
4973 8
929 309
17924 419
20455 351
19446 361
22418 483
5176 480
36669 535
16061 3
23549 580
27691 252
35265 922
6137 851
26207 738
19110 813
24657 232
4820 84
12291 255
25814 614
8552 359
8054 371
26412 902
19729 212
10256 72
30317 271
11979 40
28989 874
7332 56
17919 279
7948 709
7290 526
27631 706
27644 40
14974 448
25672 303
1809 624
8213 545
34290 977
23058 961
4369 567
4268 670
4499 384
6885 93
23145 628
22250 274
35388 368
22041 250
28165 342
8449 434
27651 558
16705 266
20343 186
38101 279
26584 508
38374 262
3677 386
36510 462
9714 887
12914 129
2518 284
566 849
26455 873
8731 533
28810 443
454 121
4368 969
15488 252
28009 684
2549 622
14646 860
23308 234
20627 549
8830 368
2563 401
10700 805
15711 642
19324 116
15132 880
7422 39
14674 816
32966 286
28247 19
1963 68
18281 728
7582 859
24824 43
5158 733
20351 82
38691 23
10655 573
8677 879
36430 435
542 344
39545 364
26085 289
7323 732
15961 24
14164 159
25576 412
27163 134
33147 49
12366 695
39946 149
16800 524
10988 542
17135 986
35794 232
32426 347
9551 2
657 7
10472 67
21964 606
25767 122
843 889
14443 389
13617 867
38234 623
26285 130
3964 272
26386 472
22445 261
36799 270
32026 757
35124 27
2293 691
14128 340
24829 497
12309 365
29292 980
24065 247
27590 670
21283 562
8012 518
2895 719
8366 527
33597 554
26967 120
23703 511
763 1000
1175 415
14668 472
38620 990
6547 139
24301 749
7377 638
30446 685
14782 587
19463 478
20905 30
39719 334
26554 587
31527 803
1651 276
19421 891
33982 523
15261 428
39433 426
34134 860
451 912
20737 151
12388 321
32843 879
8247 914
30948 481
5619 622
13121 444
25398 943
28786 90
16626 601
30459 879
11796 266
32403 106
4674 961
17213 458
12807 911
398 520
39102 500
4115 685
21974 958
33984 19
1498 970
3051 296
21712 405
30525 725
34348 110
36408 621
15012 139
17048 677
10882 601
18861 81
20795 986
29711 476
13301 20
37236 430
25460 377
7472 863
25665 133
29139 277
39575 62
39148 289
27092 128
22690 184
12374 122
10017 684
12337 312
11913 825
24859 967
15883 681
21327 927
36957 545
34483 492
13551 723
1580 518
3458 980
33027 794
27550 700
17679 655
11699 79
27943 94
2359 735
26727 908
23694 499
27342 916
10078 143
10519 747
23074 471
9006 60
16953 712
2248 885
21228 633
2451 171
12657 42
12939 652
11517 863
30347 122
3910 59
26151 492
25444 906
8909 268
31121 349
25705 101
35996 423
15768 540
28516 818
23705 873
186 485
36206 476
19449 891
26124 927
36837 960
5346 195
4985 229
35812 397
16335 415
31386 70
35828 439
33205 689
13189 787
1352 879
6090 682
24290 838
14300 889
19627 301
15396 532
38265 106
17073 582
33287 168
14040 206
3090 591
19057 941
12801 483
17614 528
39179 459
26984 334
22038 729
11844 749
31855 975
19019 396
20623 675
26338 335
37069 995
33430 704
15534 144
27846 299
4417 512
22555 749
19476 48
12616 168
25656 223
11849 155
26202 184
13731 851
35991 167
27429 65
25369 17
36603 370
5652 676
36789 288
32128 241
21961 135
29511 622
17790 214
27766 779
28008 874
16216 170
17267 859
32060 736
10167 155
33458 582
22203 609
30525 328
7437 6
38615 396
15315 291
2440 970
36982 413
24303 231
747 422
22965 779
20579 50
34870 489
6354 10
27838 118
1844 896
17252 669
25867 721
9196 242
2690 629
2513 478
22206 648
17563 624
12376 654
34841 82
6251 317
3031 723
11947 773
22569 168
6558 730
9364 953
32366 581
16004 101
38197 494
39349 654
11989 59
17792 977
28516 146
37577 749
18599 396
22073 683
26289 21
31851 742
32941 621
19930 652
18631 774
3640 148
19471 837
30163 263
39389 173
10811 309
14773 282
3681 851
25136 23
17653 282
18448 632
39156 165
30041 420
9352 621
26336 594
34093 869
26264 208
11564 517
38574 1
33534 248
15249 158
1560 762
16012 412
31932 248
14014 360
16495 498
38058 883
22322 202
7093 404
19790 904
39586 9
11082 593
29302 451
33163 538
27881 730
33098 104
4644 598
35511 898
29755 808
4132 919
36827 580
24468 737
26518 751
31816 155
30034 636
37898 541
26287 404
39178 834
9839 465
7753 338
38331 715
22100 825
27145 927
32427 19
34567 455
33870 520
31882 321
17335 143
14023 335
19365 665
194 944
27394 298
11846 474
32433 466
33921 437
13911 718
14098 127
10140 403
36473 566
1163 301
37898 540
7278 902
33480 914
33988 288
3815 153
31744 421
6927 543
13017 93
26909 694
6166 701
9250 852
1939 378
27185 41
14809 179
17776 119
3345 624
2289 75
941 314
15764 663
33998 823
23898 212
15086 972
23100 246
6556 345
20296 19
25508 368
13361 387
18982 626
13147 573
23164 121
26660 802
9751 859
25758 980
34960 40
16231 13
31072 303
5896 973
4473 457
34515 440
4850 574
33778 936
25904 281
35029 365
38990 925
30536 993
9321 575
39284 803
22474 865
36711 62
37656 439
13507 962
26638 9
12830 402
38016 401
23941 103
17644 267
32784 355
25578 88
33081 896
15170 222
8339 518
15562 525
18148 576
19242 39
11465 495
30633 865
234 902
23564 288
31723 439
15864 448
6192 560
29744 168
23179 806
15388 865
32711 194
3978 588
30951 848
1503 615
35375 203
38691 662
11070 401
25697 558
21214 582
27311 605
10885 920
14964 274
2632 575
15018 301
22338 771
35021 957
5325 521
25955 634
2063 686
36645 430
27671 837
31051 526
38712 23
9111 160
27324 274
10338 947
9632 482
6612 995
28310 526
34490 65
16687 625
34333 276
5122 373
12548 386
37831 989
30643 260
11273 51
19579 106
14012 371
20127 551
14501 629
8258 419
5007 475
26489 321
2958 434
36570 840
20700 531
30676 546
1888 590
5163 126
31174 462
18347 479
19696 771
28500 240
28800 935
27030 18
1743 861
21239 111
13993 755
30678 426
9804 368
22120 826
22524 906
35635 608
19625 885
34290 654
23503 98
39756 938
13014 756
12640 469
26958 727
28876 853
31396 885
20405 142
9829 988
9871 327
5248 507
19799 106
36800 474
5296 296
38574 262
12939 344
11470 978
5998 87
34869 356
25835 522
13291 881
37939 375
39773 859
3527 551
38563 113
15301 407
22652 887
842 170
25573 344
10017 322
5341 314
9091 256
24241 602
3900 731
23214 463
26209 262
1254 274
13624 894
5776 210
28893 334
34930 957
12044 334
8098 234
31654 753
10902 598
18917 746
34602 120
17902 419
8383 471
16670 33
21985 410
27775 746
20010 462
4891 216
2425 901
13664 726
15960 872
31956 462
11781 632
30755 522
4093 583
15341 116
17382 672
10296 242
4043 251
9664 365
30619 791
3808 421
24855 781
38426 81
5403 283
27643 725
6677 297
5929 65
8234 919
31758 601
30321 655
39522 543
19861 797
35266 169
9558 254
10665 338
30479 670
17979 628
39302 775
21136 952
6438 686
9287 157
8668 392
6132 816
33634 788
29389 641
10422 680
10878 351
38469 512
27247 794
36324 849
34545 136
10594 355
26223 643
33427 686
38957 214
12262 510
22733 203
39484 608
5207 144
23212 571
22462 646
30864 597
5383 253
7352 111
7334 773
17569 206
20556 717
21711 274
24500 837
31518 961
31897 397
30594 131
7242 114
14251 235
25531 279
26087 193
36644 326
15595 85
26341 614
3212 255
13803 998
12025 722
38971 412
8319 185
19012 533
25049 441
30849 653
12611 743
29001 992
12714 151
29979 433
30740 279
5126 649
9752 232
23230 701
33755 476
19510 635
20068 281
36938 807
26744 720
24075 815
39990 570
14093 790
5080 622
10724 736
37106 596
35123 256
20779 950
790 21
33049 572
6481 635
1506 125
32583 295
23312 282
37298 985
25485 825
33237 286
12239 363
20154 40
14871 249
9671 1000
11542 910
29257 288
17871 33
35133 877
5238 247
38790 889
4287 801
38453 700
12000 190
36034 477
29112 288
28196 995
31125 840
6039 472
20408 90
28552 905
30169 580
34350 738
16573 669
17160 824
9610 498
9259 848
29178 624
17686 459
3054 704
6484 205
29322 443
20781 702
21253 221
6726 376
34061 940
15517 956
20988 41
37149 820
31352 383
33716 618
39326 105
25973 505
5727 674
32678 438
28048 307
5395 789
18995 980
39899 800
22299 369
18477 750
32037 389
12907 167
7643 542
39094 436
1001 873
16243 260
29281 838
25478 30
18290 432
6813 218
18468 214
29589 804
10505 679
19809 887
38895 155
33997 557
13495 76
6049 976
29484 626
9401 107
15003 999
31199 482
17940 497
28513 649
3299 88
20709 796
9262 311
29420 593
14267 374
15165 43
38037 129
19285 418
1704 130
16640 828
18792 403
479 228
31823 981
30391 994
36300 241
21883 790
10039 84
29103 12
5097 111
3266 378
907 894
18418 193
39674 431
6666 641
15277 72
39375 267
30274 521
12341 649
11344 517
39583 477
13105 13
16680 862
8033 435
31760 775
36011 652
25879 936
8172 187
1915 646
21081 296
31269 659
38473 466
27815 951
5210 137
22432 55
30553 197
19081 467
28252 907
30890 868
22221 194
27885 185
26825 281
37967 57
13273 589
35008 170
16368 685
4131 530
25436 130
19592 352
35128 26
13305 498
26761 910
16105 981
32880 251
15375 179
4078 967
36481 457
18384 478
14522 346
9390 54
18982 840
12068 375
35018 375
1857 924
32762 501
21924 727
7003 229
36801 229
25290 663
3664 563
19550 76
21412 363
3908 914
16365 14
17412 41
11565 476
38544 54
36264 747
28914 997
3237 142
8552 912
24391 709
30873 507
8269 998
11190 443
20379 572
263 628
29782 107
27706 633
28060 794
1689 363
39918 821
2189 34
9357 927
37063 511
7275 355
15976 538
29062 661
19885 283
31879 7
5689 544
9964 882
11059 617
28251 101
4365 339
33510 537
37451 119
18730 353
35492 101
31063 260
11559 310
15325 207
23406 278
12292 58
37890 770
38737 367
10775 40
13250 848
21875 992
9458 417
22027 902
37091 340
21001 281
3438 552
12746 889
16483 229
2816 817
38612 675
13616 791
27040 192
31394 272
14977 319
31706 671
23894 469
6979 596
6226 411
38442 707
35597 325
14 220
4518 134
3871 939
27333 126
4200 607
1718 382
32057 867
36100 540
206 821
21296 271
2843 126
23456 169
6029 763
13538 933
36223 691
17982 287
23612 104
31760 14
19978 231
2601 685
11309 918
436 621
23588 884
16430 67
25311 640
25227 842
22740 388
27550 463
12544 565
38725 605
9083 120
28672 476
22863 253
20715 93
18343 150
816 872
35775 821
22572 972
27065 628
31311 933
10100 706
13502 531
20262 222
17888 213
15028 684
35930 930
15494 973
2392 713
14150 613
6099 415
5141 85
9402 923
15657 970
2212 568
7346 627
36268 250
33292 661
6487 292
3528 162
17480 31
4293 647
15715 272
50 794
33030 756
7702 939
32855 610
18089 143
23104 329
24526 458
23225 491
29123 517
6780 730
540 26
14470 149
27605 179
20408 96
8146 918
19927 961
931 681
14999 412
31480 213
27745 888
27874 164
38214 467
27517 25
27269 311
3638 532
34576 494
12596 915
20561 486
25367 414
16837 453
11658 700
12647 982
21686 573
16026 606
36097 725
31704 160
24941 633
9000 547
22195 493
31969 861
9548 48
22147 534
3238 150
35135 425
20405 9
20400 268
11105 579
31171 275
31689 641
17303 263
5164 57
25861 70
19988 944
26243 179
22746 554
29069 112
19675 533
36235 966
19848 630
35889 930
20316 834
8026 286
36560 135
16139 495
31944 653
6333 758
12287 304
9150 943
9300 212
8816 241
14436 110
3158 305
19729 885
27816 636
30778 986
30558 774
4166 757
35757 343
30374 104
6419 188
19296 881
4233 783
36050 340
35314 127
16526 729
6903 996
13219 806
30227 264
21151 412
17764 448
10609 494
5456 962
2160 356
12663 912
35219 143
19408 115
37381 880
28252 926
33350 737
11210 310
20382 22
672 986
33156 259
8455 285
36419 538
11651 119
27267 731
38533 39
7368 383
15500 860
30429 625
4352 838
25490 502
9656 774
33783 246
25715 993
25160 170
34986 537
14634 756
31398 655
11156 675
28020 810
30665 607
9415 149
28191 562
5082 835
36163 110
7767 943
26889 968
35827 754
27755 970
6274 158
1462 115
26073 623
22940 260
18704 530
29820 274
5766 789
5439 62
26419 497
14403 170
33166 546
4364 976
32087 711
3145 288
18520 405
23988 64
19170 410
29296 194
11663 624
20457 348
7531 509
28085 85
24729 387
7178 249
39930 196
9400 765
13255 226
17263 640
21606 994
24368 329
17946 123
16815 766
4944 297
7997 551
13491 945
22272 114
10725 283
2221 343
21321 214
2759 117
5268 908
18211 163
10210 483
12780 254
7106 483
32494 964
8975 428
26079 243
22026 565
15691 663
12825 455
26188 758
39044 246
36662 98
37390 589
31060 237
14938 207
6068 399
9138 394
21360 240
23518 800
18740 553
34076 242
17819 733
22914 459
28189 974
13503 348
36712 601
30012 89
10455 17
20420 880
994 859
3558 405
35397 253
6250 890
11887 345
13391 21
32518 767
8564 471
23010 377
6998 718
28284 739
2661 282
22521 780
31737 627
16216 711
5536 242
35321 260
430 55
22507 288
36838 64
15115 580
30869 968
28794 232
31099 643
27063 788
10921 279
2872 481
2553 134
14450 273
37667 402
5979 315
10861 712
1380 512
3102 410
23591 965
10409 754
39913 37
23112 844
20978 163
8588 167
13627 60
28215 854
14806 830
13487 631
29726 801
13518 942
10466 649
9507 466
17932 575
19336 755
28192 612
34589 33
3589 51
445 271
20162 851
13499 936
12132 433
32161 1
33570 459
24087 820
32806 648
22513 487
25439 841
26002 638
14808 151
6889 198
21511 933
3678 825
27095 578
20636 518
11606 455
14222 872
27812 748
10175 324
16833 735
12774 672
10878 686
10890 785
29988 272
39224 311
11848 457
21186 795
23849 666
25200 89
32172 726
21168 523
20407 526
10010 749
38049 625
6205 758
7590 790
37894 113
36225 524
27447 227
11807 656
36987 719
5292 476
4972 340
19093 548
24836 766
33411 551
8193 992
34961 209
31367 738
33944 30
18299 943
24185 293
39399 795
18470 279
6999 718
24415 123
6615 951
6502 252
21897 110
13864 581
34702 843
9180 612
37946 790
5673 348
3863 653
21598 703
14820 258
28892 361
38455 315
7282 161
31852 27
32906 194
11403 40
14333 511
6918 833
1716 869
21343 103
30391 448
5387 232
15882 971
34842 509
32831 379
36074 357
24838 859
28510 558
19547 466
1836 267
3859 244
36802 213
8384 20
15168 35
12536 35
35008 524
1581 858
22306 70
2768 833
26901 72
17890 621
4496 316
22608 558
29999 77
5378 625
12872 487
1269 428
4490 6
33533 221
27283 380
34362 356
5879 791
34576 352
39025 313
9582 224
12194 205
9081 396
21354 285
37059 61
39372 658
28853 365
25936 326
19859 612
18851 766
30601 466
24761 756
3803 768
8057 692
10087 113
25229 122
8890 970
29033 73
32851 324
37725 808
34600 243
38615 802
36023 835
15475 954
13168 486
26959 686
3070 963
5520 998
22210 69
16258 497
13571 184
3944 307
39780 852
34802 901
28887 631
37447 251
24299 920
22379 973
38404 763
18840 682
31938 996
19105 741
11113 870
32421 935
20335 39
24995 932
31591 993
25743 79
10669 261
3896 513
3157 606
22923 495
26699 185
18733 677
11257 324
39647 930
29020 27
31598 135
33523 109
32333 421
13226 539
6712 19
34810 629
7808 981
12252 437
31781 497
10156 926
3056 680
26846 468
27370 649
20929 39
5694 951
35287 383
33436 810
11377 199
1610 394
16823 607
7227 125
33849 366
22103 27
784 818
1489 297
3675 595
3286 900
25085 412
3956 520
21066 141
34640 774
35111 5
38437 87
9046 928
16786 521
32983 279
29245 336
7316 57
22274 756
29251 556
23323 995
1205 216
7951 83
11698 361
11569 558
24893 26
21895 482
28109 989
30236 14
17348 899
3756 502
16106 658
18275 340
10846 850
37482 355
14909 287
26318 646
9040 689
8312 417
21623 561
8908 724
2125 673
28494 450
12828 343
1648 554
29083 316
13090 690
7477 31
8620 732
31864 950
21277 383
27593 134
3845 325
24271 245
27192 721
39103 118
17380 244
9164 454
30152 364
39796 526
1445 352
25804 981
5668 726
14252 987
34894 283
3608 403
4727 304
8960 61
1627 796
324 980
35645 954
21866 922
38865 804
2096 636
21193 538
7389 244
6551 108
23538 427
33849 215
26131 942
147 157
26024 300
291 474
37613 901
30045 619
9714 649
19191 340
6536 565
10043 935
39028 319
23320 403
38074 562
27314 362
8816 351
6446 444
33802 760
1638 282
3609 501
178 616
7181 40
20433 251
11157 38
30198 753
20767 150
18221 151
5030 676
37006 92
36624 236
8764 356
24891 553
8392 431
26499 630
4730 248
38279 17
27182 178
19674 259
16319 59
39674 895
31339 288
23464 681
23796 828
19876 83
2322 742
15626 128
23117 146
2330 46
23273 778
8816 181
12154 874
18021 881
35713 497
4652 473
22449 416
12873 712
30438 81
31764 453
20795 1000
12242 800
33948 453
18374 285
16081 709
12557 181
13421 579
31316 834
2576 112
37111 364
32951 787
28829 20
2219 225
8356 330
17902 372
6737 844
9662 523
34969 218
14333 786
18290 644
38995 507
13884 339
22595 438
28846 254
5650 499
11353 554
38686 637
11597 870
30613 786
13503 611
6518 502
36471 837
11417 478
38825 798
29795 103
5070 19
22590 971
28688 9
39538 818
19834 684
3376 944
33253 671
34505 899
29330 529
28572 347
7220 186
37690 789
20981 584
20131 11
5627 832
1496 605
7643 789
23117 726
3747 494
30929 427
30120 197
25281 715
4059 962
9280 293
24727 147
5415 526
2942 238
7093 51
18169 635
23665 853
5187 219
39789 692
2244 770
9303 311
23023 903
24372 578
24969 404
29778 620
34921 302
30612 694
7982 510
24240 923
3463 830
33580 955
15138 549
26291 696
3610 470
5160 428
3844 696
24439 679
19526 331
10547 322
6765 558
23824 717
34422 201
7162 367
34005 254
4023 143
36426 151
20516 972
11413 918
37912 391
14731 736
32237 513
22112 793
29009 503
26746 745
22168 803
22932 789
15633 376
19835 424
24628 556
31263 191
326 992
21173 2
10558 129
18635 71
39159 438
38264 243
6866 719
17379 18
8980 499
33170 812
321 715
3533 884
4516 29
34681 122
21527 914
17647 275
21073 604
27157 85
13991 456
24191 681
15874 715
28990 672
11099 246
10854 893
952 95
33821 94
23723 898
38079 331
38357 564
37329 527
30372 17
14741 728
13922 456
38613 558
34706 811
8337 65
23953 949
23749 75
82 977
6455 751
11158 790
11036 996
20332 44
132 316
6005 774
22970 932
32585 230
761 477
11069 259
5083 214
26916 42
8769 622
8963 187
28630 975
37049 823
20640 165
38461 209
9957 507
38010 549
33960 907
31814 31
18980 541
31421 163
38289 636
26368 74
28859 533
30727 54
9277 854
26715 83
19413 373
32414 578
27391 515
6477 595
28783 180
28410 914
28401 862
24301 526
34926 323
14255 575
12998 798
19605 34
15916 820
29413 5
28573 847
33184 456
37208 235
29843 622
35935 528
16423 337
3690 226
3560 486
19881 987
23710 789
2255 581
32027 925
17575 257
20875 985
37951 414
17350 828
30515 981
13381 760
10211 742
14934 232
28462 761
25263 558
13082 376
28316 629
15171 143
38290 792
30146 725
11502 180
39718 554
35450 322
14288 259
14308 652
18904 328
3787 687
310 702
10982 102
14291 664
36204 784
24448 88
14173 135
8870 797
24504 470
36943 704
22322 110
9256 192
34255 17
8202 928
38612 287
589 979
36715 685
15076 848
19109 181
1991 280
30552 146
1398 769
29602 86
33801 18
30870 925
8351 480
38587 377
22338 371
20013 152
35829 958
1643 562
23499 458
3336 229
24374 299
35806 490
38080 345
30094 124
28100 489
6617 133
22554 800
12017 154
22455 301
18121 311
14394 496
791 418
26502 444
17379 583
8079 360
32678 612
10889 452
5749 578
15879 979
6688 327
34676 41
36627 18
30398 68
18679 694
9549 123
3382 300
5812 673
6207 665
34138 727
1326 173
12705 492
36799 385
27949 334
506 188
39696 500
17906 144
7476 552
2382 270
14358 850
23020 412
24427 376
25559 684
22921 468
14652 80
36191 77
1451 983
13439 23
35830 764
34603 985
23194 104
12869 362
18855 264
14280 266
13689 561
24042 265
26488 577
18941 658
38101 608
27085 50
22499 701
34248 909
16319 702
11135 348
7221 667
38822 508
20488 348
21207 292
15961 84
14504 504
13716 664
22138 154
22686 480
30695 91
13113 63
28388 603
23594 660
24223 693
34400 666
19739 218
2109 301
22427 363
36433 551
11487 186
1100 989
20041 502
14351 63
21713 118
6314 750
25776 244
32023 214
25192 727
4975 913
9065 551
17380 726
31528 460
15607 930
25585 758
7271 572
22577 596
37969 126
10796 508
12733 835
25541 568
19484 410
10152 612
16312 137
20807 959
6865 190
39700 962
30065 731
18892 9
36115 875
13892 623
36372 197
20650 793
5291 295
39793 889
4583 474
23666 888
32565 623
29573 892
23129 947
15945 544
12168 99
28146 270
8611 933
18363 452
23671 237
20943 713
33151 20
20458 879
13807 352
14184 427
37570 553
10865 686
28638 936
34454 411
33284 640
8761 820
32578 938
35995 208
3391 597
28714 180
37069 725
27295 715
16004 86
12160 839
34102 477
39742 10
35126 23
8581 111
30020 373
15699 949
12565 366
28051 663
7954 815
6270 145
4696 476
39833 25
37724 418
4598 181
7245 971
6721 853
18600 914
32936 556
35528 886
3737 696
9095 584
5325 475
7236 695
34900 613
24513 949
9610 584
2690 27
30803 267
31620 182
23481 163
1321 434
5361 238
15384 103
33918 855
13482 329
20561 779
9420 763
24133 316
28323 67
24665 205
15605 822
14668 929
11205 700
7750 127
9643 394
18334 548
9733 203
15886 513
6809 216
33429 473
23461 493
33020 403
17391 552
36315 259
28318 981
25535 586
21817 697
26009 59
3524 567
32168 155
8422 590
12445 470
36381 460
11324 701
39294 212
33535 733
25680 677
32858 483
22928 980
31425 542
22590 213
20237 901
32369 217
25184 347
14380 138
36413 325
32195 44
14386 644
28950 100
17459 718
29130 115
16189 219
23226 488
23016 889
36229 779
39730 481
14094 33
33919 253
13371 664
14380 664
31218 536
33062 821
34082 885
21657 385
18047 728
38647 946
37705 409
14492 942
31210 411
20001 301
9580 778
33975 454
25372 956
14321 89
25880 882
15778 492
30340 796
7598 842
27296 92
1651 176
27673 903
25587 881
27072 205
19662 854
11487 707
28262 716
37131 505
26122 132
31866 190
23319 366
33425 710
1009 35
22191 648
25727 420
7238 407
28942 386
30594 53
13694 811
6509 640
1296 8
17605 639
2086 212
21470 281
32131 760
16065 259
34823 106
31149 226
31198 446
29039 154
196 766
13672 387
28151 38
28452 633
37165 701
27568 101
7960 183
22382 186
2977 537
27734 246
12264 823
29766 996
32597 380
12072 764
38805 791
11520 127
23379 635
1452 813
6445 30
30469 214
13395 344
28036 120
17131 434
31631 198
34492 126
14241 347
35541 242
39427 27
10885 5
39836 733
22108 922
27735 229
8414 248
26474 701
3780 903
13447 260
35865 675
21193 243
7301 629
24609 380
36415 114
7268 316
22715 199
17275 344
15382 42
6239 509
18499 688
31799 834
20051 841
34108 643
23243 35
512 423
23473 768
39291 862
25849 306
14211 53
28834 577
11706 891
26184 310
3608 658
29472 155
20040 31
2527 564
8337 703
24479 931
22598 544
260 864
27287 99
21501 596
8878 340
3996 644
22292 27
34537 815
19321 798
20159 505
1435 940
23383 281
14866 75
35376 435
6221 96
3849 568
23547 111
3514 330
16761 111
33182 678
13274 471
27063 440
12090 282
38091 624
25329 391
8954 68
29387 522
3975 433
12879 593
27671 947
8640 611
24806 59
35313 737
8678 585
13640 379
6048 781
15744 512
5003 136
36574 255
17802 651
17111 609
34269 462
32362 605
34478 667
10212 94
29807 59
16511 594
37047 756
5532 181
1038 505
37248 624
3634 400
18812 161
88 681
36880 534
9533 370
23631 537
30551 858
10735 438
2610 648
36304 537
22703 531
16732 477
24378 486
29783 741
25037 660
38191 594
32895 900
32858 203
35435 879
33608 558
8791 72
8701 314
9696 834
34076 569
37199 611
38639 765
29417 36
7118 794
11726 324
32176 167
1095 458
5942 6
3763 204
39129 351
18829 857
11281 374
29178 609
13887 813
23722 949
35073 713
11555 608
25765 830
2570 723
6937 980
20192 449
15527 631
27387 900
35303 504
32885 398
12037 608
29771 816
31188 24
26688 549
3504 709
346 253
13053 500
13273 811
2344 773
9249 44
3296 503
25371 791
33551 980
23811 715
1792 82
37967 911
10253 764
27488 175
33199 758
16300 951
7963 901
21203 268
19761 168
26589 746
37337 723
38899 897
12312 58
35846 521
7423 881
17133 324
20670 760
19871 172
29601 352
34712 476
29620 501
39746 40
28181 148
26077 765
33428 273
19015 181
3077 752
29393 316
14440 772
7930 788
21451 822
29851 82
34481 749
34201 474
11766 866
8950 305
37210 831
39980 262
21298 457
37416 501
33345 737
21668 87
8742 863
38475 798
10226 812
17056 416
22717 258
13547 630
34929 82
31975 644
17448 667
1067 99
25488 578
11390 214
11775 554
24097 181
14027 706
29371 906
24590 124
25283 239
2778 274
21966 939
37951 229
13723 822
16927 702
14739 940
14971 479
29357 687
29723 171
32485 603
12614 976
39142 359
2384 696
25631 578
22356 546
30971 790
9913 313
19864 936
29854 205
26177 21
19308 341
4396 571
14377 736
25181 425
26517 172
11886 835
1343 418
21299 81
24074 603
38582 262
22935 730
2733 345
7901 145
14050 870
16168 299
9525 852
1933 486
30703 905
23053 481
8192 720
9960 17
27547 94
37479 30
23432 933
25713 155
19297 802
6388 536
30296 894
7182 611
19820 406
4513 851
30072 931
13584 814
12210 447
17659 900
15414 165
37118 233
5909 271
476 912
16849 672
33742 431
29158 64
16408 960
6321 324
35772 843
15522 622
29600 616
26521 319
29295 896
4119 604
30673 841
14619 688
16569 694
14907 203
36860 455
4736 738
22036 981
16965 963
12393 558
9257 506
14906 946
8946 461
950 90
34029 550
33582 521
14708 237
18647 893
34484 760
1955 281
14056 250
39867 506
30971 371
9213 383
34562 631
9109 257
12593 360
35922 773
39294 678
4791 407
17624 18
19139 803
22677 901
13156 847
3024 404
38178 768
5234 357
37068 265
9281 126
11771 637
29272 195
24486 388
19179 895
11939 934
30607 212
4150 539
10854 218
6855 692
21938 620
35498 535
6110 730
34603 157
30715 135
17905 661
7617 673
19352 77
6043 563
16465 108
23566 748
36326 979
31442 467
15629 65
5404 739
26106 66
9595 24
22886 196
9501 411
35055 190
24200 823
19862 765
28097 64
27341 719
4126 813
31040 159
12702 128
2090 542
28369 244
2638 327
26242 910
31786 996
39510 597
30163 533
37451 105
16697 295
1198 358
5002 63
33136 475
13459 33
28476 406
16571 390
19737 931
22671 469
21224 643
2281 633
27004 110
28973 846
10737 715
24242 496
37965 724
38176 280
23133 476
8114 634
21200 210
18391 105
37214 276
20846 516
581 609
37828 383
35159 494
21250 906
17621 451
17687 405
1184 5
14902 427
15656 387
12911 64
4302 327
31253 617
27715 515
15625 373
13751 627
18888 291
21363 389
17181 378
3093 795
22012 849
32818 945
39675 546
30586 627
15022 873
32053 354
15702 793
36463 823
9584 685
3065 501
8347 657
4553 304
13336 177
39878 57
12336 888
38056 571
12254 917
1103 46
17183 766
6373 928
34520 620
4191 227
31073 30
6262 630
6868 914
29111 831
27365 457
9765 346
21491 598
17779 461
5753 568
18650 425
4759 758
11598 492
22215 962
32404 441
14684 815
15404 563
25898 475
15233 334
348 468
30826 221
29591 556
37706 439
39065 977
37181 384
24282 627
35766 161
37527 674
360 408
31401 965
3249 367
18502 611
25057 374
24884 654
32528 69
7450 307
30856 623
10549 718
24055 234
3759 718
14080 422
511 368
36340 878
16145 931
11289 861
33476 822
2108 504
31731 963
15822 949
25328 867
12952 350
18881 378
15865 928
14906 999
18858 133
22199 845
14044 666
17052 616
27447 343
23705 140
7999 372
38099 557
33483 771
17713 203
6690 286
9222 367
15501 237
34605 209
36362 46
32657 516
1684 432
6982 286
16875 551
37627 345
16043 525
14978 325
2840 210
26114 124
363 284
30109 393
1792 847
25164 200
27204 571
22868 638
12470 4
6639 916
27130 972
32999 632
24810 63
2839 372
8334 174
25884 902
35767 638
29755 937
19387 967
32103 929
24691 718
12613 196
10104 758
14218 763
26992 129
34076 644
14390 856
30615 938
30542 965
12563 635
25045 304
36279 211
5226 753
34712 296
29476 801
8531 46
31382 924
28934 158
22393 405
10051 531
21828 198
27651 459
24332 421
5294 604
15154 414
2325 805
12913 795
28325 191
3514 921
6296 279
7575 287
17469 671
20141 781
20693 123
29894 147
13433 962
10138 619
15133 586
39695 644
31738 233
10796 827
21016 594
20677 50
16943 469
16991 465
14047 231
17535 14
18441 412
2997 974
39658 655
31793 61
23821 464
5949 88
6236 619
14764 361
39650 553
28859 844
11455 263
31587 816
38236 547
25203 694
36282 773
20635 751
5312 319
24418 424
3472 753
12433 923
33436 135
17414 543
18638 135
30555 398
22795 334
18005 917
7300 910
23277 663
6558 425
4126 527
9309 326
27100 287
1885 404
29287 139
11016 523
31400 226
13892 327
2513 64
2044 698
4988 11
36142 947
35311 198
3391 750
14462 722
29071 556
32542 826
11856 129
28515 961
32145 736
34682 839
36404 98
38421 91
14155 217
31097 584
4742 753
5503 399
25528 212
2360 826
29552 280
39090 885
3994 999
31354 846
34275 718
11657 246
20452 522
26752 263
28424 478
30733 356
12524 992
38181 738
10163 495
24300 698
11881 589
6236 918
12983 794
28275 344
21324 839
26229 61
3896 853
3179 659
2826 124
24242 573
13712 223
18666 201
5889 315
27654 993
4100 864
2476 969
23649 706
2273 113
28570 368
12564 565
20734 736
15662 235
30117 137
23809 562
34579 355
28881 472
24924 22
21615 786
35989 832
666 251
37507 134
15960 278
39865 277
15740 46
7078 391
33120 972
25485 779
34876 173
31918 517
38919 931
9867 792
33311 571
31178 909
31454 372
23231 599
10481 787
17611 808
27879 537
30398 244
15190 539
17925 698
24287 142
29234 886
12304 85
489 892
35028 29
7842 40
18600 849
19417 275
39634 441
18226 380
2557 219
11945 293
39136 890
6475 805
33745 790
3348 392
32105 223
39705 505
12469 237
22251 656
21153 414
35407 612
9549 641
29399 275
5352 182
13525 133
13229 533
20997 1
302 947
37031 746
3678 849
36589 371
3583 106
23472 1
19367 764
22495 757
12761 457
1334 632
31858 856
14284 871
9558 845
37587 870
35763 409
1743 546
22150 97
11827 657
631 52
2118 840
30352 403
8724 888
5444 878
34798 565
11433 430
2321 479
32416 400
23880 252
25023 997
13804 191
4798 63
22170 963
22528 214
21648 5
1103 861
25883 619
27361 788
1221 842
29618 52
6120 68
8561 20
32801 936
16021 101
29916 651
19603 807
31653 106
30723 77
24015 24
4813 942
22335 998
31161 770
23628 414
21773 66
6831 197
10514 842
22643 865
4810 414
8081 943
36282 240
19997 48
3028 218
32693 522
24082 288
17914 886
3927 481
24409 724
23662 708
26794 53
9404 304
18504 87
21257 283
5027 975
11692 184
35568 511
39519 695
24072 352
24637 790
3993 917
24288 69
12996 198
14738 326
7506 373
38553 556
35184 469
15410 140
25922 635
32675 792
14253 248
17426 686
19671 620
31483 953
8514 375
9041 123
32637 305
13526 752
20235 35
33683 435
14437 143
19318 964
32474 625
25247 1
11209 55
34048 982
34721 37
12866 401
10033 221
2825 202
32403 736
23961 664
3088 454
29567 985
20606 94
9700 543
3518 658
21495 368
37656 937
10475 188
26687 443
9251 39
4390 902
36460 731
16168 866
17439 311
36741 34
36197 858
33256 539
19341 373
4152 358
6713 759
6233 869
4272 257
20471 318
11819 854
4209 582
1659 48
25128 901
23616 535
18046 130
39019 606
16446 725
19500 319
28965 859
17435 208
39009 955
39852 744
37122 751
10797 627
13373 287
37309 112
4155 761
9296 318
17864 339
35428 206
4734 224
20004 284
25924 959
7921 586
16749 364
4403 535
18241 945
13446 904
19214 81
13874 833
29458 351
35925 810
15500 581
28719 711
33460 802
35326 705
19108 617
18420 879
38245 929
38306 148
21098 222
19767 932
11789 899
27057 431
14488 807
28249 930
12450 444
23807 684
9563 513
10643 445
13809 191
33670 883
25898 946
3296 459
26304 400
22723 371
33251 708
39329 959
30702 352
35875 346
29747 780
1808 798
12878 932
18472 19
28816 880
20267 625
16490 538
14237 846
32861 739
6770 904
9123 16
11717 14
17301 435
7325 893
38850 859
11593 513
37489 170
510 165
36240 8
37496 414
37481 502
14186 696
33548 727
21011 278
23478 191
11060 815
7464 387
10199 637
10412 873
35659 860
12660 307
2965 638
25749 240
27517 464
2309 605
26576 759
1987 367
35386 754
8265 531
18297 150
11561 286
16056 216
21849 543
13320 877
5188 894
2222 38
25545 88
6699 867
33637 206
12393 807
2485 756
33612 13
21235 465
7617 181
19649 473
22892 586
914 739
21711 200
976 249
2076 90
5486 608
4742 424
38234 334
14524 954
33406 34
34301 591
22668 74
26171 378
705 395
33063 669
24933 17
33852 846
28621 268
29211 435
36117 298
28389 447
18444 448
6291 687
28096 573
18263 138
32634 96
19018 382
4574 792
21659 47
33209 914
4454 457
8307 593
23288 202
24162 540
21259 856
22553 942
21296 235
6510 165
5072 130
18627 305
23225 607
10185 41
21724 957
3039 193
29189 205
36232 871
28885 678
30342 168
946 442
7928 649
34389 792
15865 986
15730 252
15672 552
30599 339
8438 120
20825 61
11087 928
37979 11
5467 461
696 821
18257 778
26951 409
15909 449
30009 135
8731 495
36452 465
23129 213
2721 479
17828 655
32501 349
7274 192
18745 521
33937 129
9582 963
20334 425
9845 412
7744 672
29707 40
21843 322
15535 672
18584 960
10765 669
12660 661
17601 194
36802 832
27596 598
36895 724
927 543
21914 757
13786 490
30376 247
1591 940
36181 203
9969 333
24423 778
28546 764
9788 750
9750 509
27357 515
4070 385
8399 404
13109 459
32003 702
29352 566
25113 82
7125 318
36534 984
3684 779
6506 552
37582 703
22436 620
27200 54
8136 384
6983 319
3288 437
14717 531
17119 440
20962 158
456 954
14444 829
22366 495
32481 694
12181 792
26478 596
27768 198
36164 553
25398 806
18152 50
24025 876
25447 51
9411 406
4386 810
28993 629
16745 151
31710 315
29735 435
39284 569
4134 441
30874 835
6776 670
26932 867
24876 102
27613 923
30884 288
1619 820
25940 836
16031 297
15549 243
28142 344
28802 951
28693 277
5529 988
35048 221
14620 315
37154 381
9342 703
37989 379
16678 347
20846 640
10626 833
39973 714
7027 97
21801 344
10325 3
5782 994
12324 956
3017 724
4891 858
37024 761
23875 377
8155 971
5241 626
29714 404
27664 260
4833 240
36565 991
38594 614
332 861
23061 541
22990 810
24011 308
35819 478
18424 678
20291 624
35128 558
14294 683
35636 476
27081 601
24300 95
13441 776
16081 775
21555 46
19077 876
27708 719
38894 304
6708 231
26812 800
23639 953
36768 343
39562 680
3613 481
36485 200
16959 154
26881 208
2908 458
20645 961
34789 143
22288 369
38033 642
37817 824
35558 692
30080 555
23393 99
30348 602
29047 49
23003 649
13835 639
28694 96
31658 331
3454 472
35901 230
3485 48
7197 580
20901 901
37961 986
21413 377
2540 92
1622 436
24643 136
31225 75
30519 282
34597 806
3238 193
36499 811
21817 404
9065 65
22144 639
19360 384
14366 221
20824 582
8895 391
21600 343
16693 400
14225 717
4655 618
585 479
21857 904
6473 558
16499 896
37220 61
32001 713
28291 61
31768 559
37970 435
15888 86
15117 576
9112 322
4414 358
7666 861
3897 51
3007 60
18510 501
7617 504
18137 520
26948 609
18521 17
27242 1000
13948 169
32345 98
27718 183
19484 790
16424 591
27349 789
32972 804
8665 502
24915 246
38520 754
5581 86
39230 577
16053 130
24497 883
35108 17
19668 480
31900 895
25590 716
29412 601
39719 582
5116 465
18082 894
28261 779
32940 417
6813 752
3002 24
34303 331
29199 29
32370 59
16999 719
30639 358
7969 66
15001 677
1252 700
32411 437
23144 964
36514 663
34366 793
33816 60
7616 462
12347 41
39810 451
1348 835
13867 629
6632 643
13467 378
10150 729
5139 440
30514 599
30563 921
37796 621
37110 929
22916 742
25868 823
35978 840
13343 715
8459 222
23021 876
18584 781
23336 545
27751 705
18279 135
35571 996
5477 762
14420 578
14860 686
31108 348
6667 4
18372 609
29925 542
8324 703
21141 772
17860 455
35799 618
14988 85
8151 291
4317 833
17125 834
219 214
38426 430
430 189
10109 710
32515 624
8161 388
22893 70
27603 782
19782 963
4167 745
4310 424
15771 205
13593 295
5313 372
11127 791
14134 13
23981 107
24459 472
6050 433
28456 758
20709 565
11903 744
3992 627
24121 917
6693 695
22054 711
30016 157
21719 143
10588 79
6104 696
39240 952
19644 913
10 988
28317 849
33371 746
24344 548
10859 820
22540 541
23827 604
24379 746
5724 938
4801 250
4228 255
6220 672
16961 885
10160 253
4790 630
5670 740
31267 826
12855 189
34793 448
29945 537
7417 583
31982 423
21344 521
11165 523
15939 570
36624 39
30557 28
37459 474
12135 157
27933 44
10378 767
10052 625
7689 130
27426 634
11481 240
17468 747
19149 321
26550 391
38736 416
10639 511
36777 779
15334 115
14398 804
32384 453
23097 663
18156 846
16037 923
12249 950
1672 763
26456 12
4195 259
37983 174
13781 537
20193 615
31940 911
32444 346
14863 751
22250 826
37810 191
35984 100
6255 175
8450 892
19175 676
8021 587
13442 111
25678 73
17637 69
34700 161
26037 187
10082 37
22052 529
35584 523
12532 239
32478 868
27130 156
16616 345
18110 477
38664 89
12136 223
27178 734
33216 416
39180 187
36307 655
13496 949
13238 525
5613 233
6812 572
39327 272
31415 455
36598 730
21340 693
4199 798
21148 294
25457 828
2646 490
1196 149
4505 384
33593 859
26018 464
38221 664
5528 520
2212 711
12251 478
9101 754
3641 222
16269 637
23330 913
3126 544
5082 76
8984 191
29828 467
6107 95
7106 91
17188 915
27417 359
7680 730
11534 817
6140 568
24860 337
16648 317
10505 544
25715 87
25556 588
5149 872
18356 535
26925 266
24033 651
22000 109
22987 861
32963 625
17564 967
21891 673
14234 861
32795 529
27923 813
37937 802
17888 398
23332 390
24359 841
23607 588
6351 957
18645 277
22547 158
3877 860
7857 107
15982 267
12039 814
12730 255
21177 703
31647 466
27056 434
35909 883
12 686
19297 322
10748 577
3789 1000
14560 285
31494 680
12582 757
13282 160
13271 624
10064 149
1532 21
12404 842
9810 10
8308 129
25317 50
6632 549
3717 232
18670 933
25207 286
1700 480
14170 777
25096 612
30077 345
32168 983
36997 529
9838 435
32197 170
4951 250
19894 724
168 741
16348 402
5488 502
26947 870
17040 888
19679 155
33673 872
27063 97
16120 371
25438 289
22426 288
8348 610
2546 587
15502 228
38559 873
29357 510
30069 468
17662 453
3620 799
26750 309
35304 200
28356 648
13745 702
22175 185
9221 232
32848 196
9001 889
4984 875
31983 632
4774 760
32191 186
9840 946
25996 896
34504 921
5928 338
19311 217
15692 571
23620 34
21383 713
34897 56
1588 947
31447 336
30829 94
19905 434
22174 758
6387 774
34035 541
25165 601
31411 749
12946 764
3816 7
3560 316
19602 492
21604 592
3041 68
23396 233
10752 440
27947 663
1971 230
36914 579
5511 574
22748 984
12219 951
3982 3
25694 332
17303 32
9612 42
27359 520
4600 776
4061 480
28652 195
20424 564
32344 746
34371 941
28223 168
21532 167
35883 1000
13616 272
31896 485
13332 38
215 829
2450 646
12671 637
8232 478
15742 572
14253 267
28241 445
150 55
3525 608
8752 472
21699 629
11907 5
35026 998
10675 600
1072 471
6824 361
32223 25
17031 157
18684 765
16852 611
22148 889
8404 145
39378 560
17348 361
23328 118
9933 430
38821 941
18317 960
24322 661
21209 524
30683 794
11978 387
9797 860
11629 850
35565 156
31226 800
37127 297
10728 817
30830 412
1807 987
3322 975
11089 526
16188 94
7020 856
28631 638
22901 648
26607 676
581 269
8474 605
33220 30
35022 780
19335 639
12565 798
18535 422
8365 453
15637 549
28568 531
14663 273
37557 866
18506 777
13340 80
35101 163
17325 681
15293 452
11214 636
34017 237
5922 741
19418 207
34217 426
21626 681
20974 288
23053 602
27970 917
30649 861
20505 23
15618 839
33176 111
8023 925
20235 417
14101 609
14730 275
29394 677
32170 58
33322 985
31923 642
5653 802
22641 412
157 361
3173 734
30744 635
11094 963
10918 768
12018 810
31114 326
36518 389
1506 413
9405 709
26537 264
1346 109
28848 298
34318 691
9240 581
22885 56
33191 390
18681 764
7720 188
12387 292
29944 884
36564 336
9580 943
235 501
8870 483
20336 248
16716 159
23199 86
25782 218
10814 445
28871 212
24342 86
34768 945
37963 616
38665 24
22755 516
19061 454
1587 990
10343 973
2961 913
23129 916
36316 18
32151 650
8037 336
6451 756
21316 498
20560 173
11912 862
24394 11
18087 451
26017 719
32556 342
12517 713
22042 147
39260 749
32540 749
14657 729
22980 425
35232 654
4494 141
16356 717
4165 466
15050 269
12555 228
27721 382
13468 903
38295 630
36274 56
6823 800
4523 141
12224 530
9899 215
19570 269
6868 780
2156 413
2802 808
13743 201
8994 295
25509 671
37111 415
30956 373
17726 600
36164 594
2802 899
39201 24
23489 600
28328 638
13966 279
5334 474
11138 79
35752 448
7720 158
38683 687
6195 11
36285 127
13885 500
16031 737
34564 886
9861 74
19506 700
5042 142
25528 441
31225 983
20032 261
32 640
5670 833
16346 43
1029 969
8547 611
5167 674
39808 44
18855 191
3636 880
19476 513
25040 688
8330 268
12060 655
19546 996
16357 685
37223 107
60 435
8932 108
4735 266
6890 174
17277 434
17477 736
8715 145
13865 319
3692 487
39496 582
2547 82
18972 988
33812 394
9267 315
36167 908
37431 814
17862 787
1791 86
5708 957
13886 123
12917 488
11897 316
28267 219
25953 188
7118 98
16905 592
17173 96
37923 163
35673 248
24235 523
10359 182
13739 950
2327 126
6745 262
2669 587
6092 285
10513 314
2422 778
24253 862
31643 431
22837 198
5720 10
10763 573
27750 754
25896 161
16359 938
5895 498
22918 241
14513 102
13516 21
18531 214
20542 134
24563 794
19927 861
21942 702
21031 176
6933 901
5441 970
18083 873
34391 748
12231 635
28219 248
33080 470
28610 665
24235 897
38361 714
5392 4
672 181
16317 267
22856 297
289 615
39667 766
11411 830
13660 360
14483 987
4166 933
36855 363
13500 553
19993 904
7772 663
39397 934
22425 947
19116 772
38123 146
2773 318
1593 734
253 388
33532 512
7590 190
13230 317
32557 253
32312 100
29823 572
33147 1000
6858 290
35621 6
19172 656
4831 344
3989 148
23469 26
25340 181
6465 431
24383 540
1389 841
11256 943
34517 693
29692 48
34784 860
5983 550
5231 293
31822 621
14171 757
26524 502
3915 297
504 55
14893 59
32479 964
23481 722
24949 146
33616 802
4617 847
24857 939
1867 113
36652 496
14502 277
18342 950
17319 725
12459 384
14070 910
29483 898
10496 704
2405 592
11687 311
12695 542
23843 522
17250 372
32183 417
12103 844
13360 833
9170 888
26337 623
39373 319
18807 908
11825 412
33112 739
27644 263
9367 585
19062 366
27895 504
6888 174
37108 695
20346 227
25894 183
29530 116
21234 757
34328 437
5721 350
5689 853
6229 922
10127 181
28383 378
17114 688
30637 87
4898 268
26365 603
34969 84
39239 983
24015 949
2662 334
2717 217
7556 295
10307 62
26784 522
13491 433
24109 998
32261 455
3894 779
19114 371
1185 957
2972 68
6632 173
8469 665
1829 713
32436 4
26999 312
23037 782
25570 894
14534 211
1529 668
2489 371
28031 897
15060 71
19108 496
19123 889
1151 333
26873 2
17280 754
20238 18
32325 711
32660 758
9147 70
30569 644
3282 131
38637 597
24120 237
7310 113
34229 835
28150 601
27144 209
1724 488
12832 949
10723 469
32331 188
29368 753
20297 592
33217 1
24481 377
5913 87
16101 261
3764 47
1103 875
21616 808
31754 959
6810 264
20226 465
2073 38
11440 548
34090 684
1711 469
29418 127
25839 411
33928 311
30490 414
29305 398
27258 583
7343 901
35372 527
19857 471
24457 462
24549 944
29281 259
21661 311
29880 458
23567 687
28564 526
14694 559
32711 502
29006 938
5022 917
3258 724
1125 642
10169 46
33014 540
6283 888
18062 240
24641 611
16680 735
31516 747
31976 481
31261 972
20687 130
8121 606
20395 968
16761 763
2148 295
7222 458
25684 735
38946 355
24834 877
7704 41
3199 148
10841 551
26757 123
25034 487
35101 639
3439 915
11927 988
5082 433
38326 651
10002 646
34848 377
34629 899
10579 181
36173 661
13386 13
32504 775
32359 56
6149 905
13501 597
34021 376
6075 78
26462 159
24597 367
27023 641
16955 349
35971 476
36245 922
398 990
1897 858
32210 904
27081 146
38370 477
15969 204
16028 212
30043 987
2148 601
8315 992
16048 562
26312 506
811 409
37308 708
17981 781
20565 863
6541 964
18308 47
4598 385
36550 932
2804 406
38483 191
21217 511
37693 710
2555 793
22984 322
6798 376
26228 956
24721 728
7252 524
38867 561
23459 236
6429 774
34019 474
10116 650
23398 424
18427 152
32655 302
21494 939
14816 325
10712 810
18564 603
9200 417
29086 395
23522 495
28794 927
4443 674
36665 845
27352 384
14578 366
26266 80
36612 577
25800 910
31020 476
4102 647
23913 557
30621 108
26586 655
12602 804
22854 787
24037 266
21441 958
36701 63
31024 391
36957 502
32283 793
27579 191
23203 810
636 815
16328 470
16439 832
8407 769
22758 716
35782 725
18852 635
347 227
8534 424
12938 951
18048 33
21690 718
11420 377
26498 383
9130 825
11570 179
6790 316
39153 44
12414 316
28948 838
14256 989
23033 847
6190 753
26735 85
19511 470
27439 898
39564 243
33037 367
19975 996
31383 889
35569 760
5576 91
23073 733
30732 197
16902 719
36241 699
28863 791
5324 967
765 952
15973 401
16442 440
13227 102
32739 737
26280 627
16925 234
1445 586
12061 124
28343 908
33652 431
6395 813
36174 582
29546 849
29550 291
34953 225
29550 473
19880 167
4391 473
38935 274
14853 30
33859 990
22010 567
8856 494
18033 616
39116 775
10342 299
11314 674
31026 204
37223 279
22027 636
17649 262
7073 813
10936 19
23725 487
20270 798
13756 202
32353 586
36912 100
10246 955
7494 949
5966 637
17515 90
39711 997
35504 225
13200 947
10955 657
34464 948
38418 958
1080 953
22884 463
9378 53
21506 889
1568 133
11656 126
18073 511
10673 848
20155 112
21751 122
39544 487
14372 831
10365 42
17332 981
30996 852
10571 28
26723 135
18145 635
23462 229
1726 326
13571 814
9801 707
30865 713
4720 879
5497 102
30884 635
20632 266
36916 194
27589 407
10281 356
16530 228
20138 724
19846 21
16945 35
32896 754
4298 821
33573 637
21037 826
33529 720
996 494
15839 563
37742 951
8739 451
30342 511
37438 633
34323 511
12065 313
5241 341
38759 8
29935 153
37592 799
22347 953
14283 995
35567 443
23708 870
14987 836
10129 294
17358 817
25808 681
26882 967
39231 331
6799 226
31636 143
16984 823
19882 955
35189 867
8392 131
35700 813
33918 871
22232 909
21643 319
20075 561
38460 13
32181 893
6251 804
15657 195
9996 89
12573 254
33995 319
25545 409
37798 762
14296 917
14200 1
39823 141
19244 554
13301 103
32539 919
8434 890
25787 235
1054 592
31580 574
458 628
27685 600
35564 149
17503 859
35401 819
13059 184
329 755
944 728
20580 296
3080 828
32242 463
22664 228
30444 103
10322 630
21550 6
13632 964
11649 344
3808 330
15852 663
36858 145
32695 605
36204 833
14912 748
2250 54
26535 879
25093 969
9195 134
341 42
9039 16
33009 204
38515 866
13226 646
39263 908
7102 857
36137 751
10531 343
15027 463
31313 958
161 58
10916 701
13858 311
14419 604
16529 464
26734 993
14032 297
37275 529
12641 849
20044 975
15611 318
35571 982
14306 873
18425 977
6760 719
27561 378
29321 510
32576 219
38702 346
36189 642
8504 766
21934 250
32598 747
14958 904
692 737
16622 730
20565 752
20662 86
2563 103
25293 379
3290 146
25748 843
25651 731
16770 592
7233 805
454 719
13494 384
26459 556
34281 284
34745 115
145 335
1405 898
2676 913
2615 296
30305 11
25030 85
13267 759
34219 499
14571 818
2215 969
36680 838
28414 461
21832 933
29784 103
3668 601
9442 397
35155 166
30661 37
3618 261
4194 303
8752 169
10301 831
31095 230
22369 580
30029 626
23963 401
4160 799
19168 754
36172 33
26978 988
9350 274
23938 116
26940 163
3434 202
36467 904
18892 204
20422 943
11568 667
19678 819
8598 279
2235 785
17513 507
810 179
8706 933
13751 79
12629 992
6060 106
19684 951
17968 782
8260 661
16033 276
14895 991
37518 887
27516 476
2464 50
34517 459
32537 57
1001 878
15217 732
15755 535
4324 891
28706 163
36184 85
17308 15
34613 454
25566 515
25074 512
5964 121
37725 100
29665 991
4352 684
21310 898
12471 765
30171 279
21310 993
15778 781
10439 511
15856 772
36378 298
32466 610
1640 963
32637 780
3292 84
38692 476
182 743
20223 574
8248 516
26450 190
30506 25
19008 554
33070 631
30415 271
6273 777
19266 78
28526 920
34820 742
36212 377
28839 840
18482 806
4646 220
28436 454
20538 821
15083 214
21456 817
36319 408
15181 155
22124 820
20703 353
19006 592
15066 92
30458 160
26392 310
8547 311
26251 687
26015 95
24583 816
8254 892
8039 290
1337 452
20805 675
13631 575
37925 291
31909 535
13782 906
10470 937
36927 948
22165 600
25436 448
15459 16
30619 410
2623 382
8310 243
14128 77
31783 544
11498 542
25686 525
19796 754
5652 367
34456 404
21701 230
5150 739
11800 526
28995 975
30461 369
33711 870
3178 164
28839 1
6297 48
22109 237
1936 183
3412 205
6218 508
35431 417
18039 250
33011 876
12297 661
216 345
17651 794
10627 56
20306 431
14973 231
20409 535
17901 602
7853 265
1968 331
30245 737
1621 125
2811 47
26940 843
28205 351
3797 37
7632 658
24617 949
16863 543
26200 398
39068 287
22667 732
37343 56
654 672
34126 865
18634 222
21245 669
31491 277
14130 883
37618 74
18849 441
11945 43
24967 201
10229 123
6975 513
5014 882
19766 419
20126 581
13609 159
25268 630
20524 728
21359 276
39152 781
4209 129
1935 443
1160 969
26944 750
37808 551
27123 642
4352 385
28904 973
30023 485
14015 110
38714 760
16338 10
25098 72
27550 851
13652 248
20119 893
13986 488
17939 395
11584 217
15629 622
35262 304
22602 351
389 384
35637 429
29734 330
21061 480
35806 717
39181 888
9512 291
32509 543
16127 608
19287 829
2944 266
9402 702
1058 867
13950 31
18357 992
25298 68
11823 860
27373 315
15547 835
11118 522
19337 352
16817 74
26458 478
14553 687
19089 905
16552 670
5640 868
4120 73
6383 868
32157 765
24786 484
11702 568
12815 414
12152 782
19783 432
19153 21
32021 331
34224 201
5764 613
27172 845
32714 170
13873 371
16399 296
31472 620
11628 987
26916 36
9020 819
18149 511
13384 753
18274 924
33331 266
24463 670
14533 332
39257 867
36530 880
15338 83
25711 739
29942 130
39606 25
11617 213
37394 75
7797 112
35275 826
6564 59
6084 797
33616 811
183 261
24855 965
15307 206
16823 891
5289 302
11972 131
27595 502
36421 476
16434 601
9532 862
23003 765
16966 432
2781 560
2073 106
1231 887
990 277
21702 260
39773 638
3051 535
10951 240
505 478
1632 793
25853 644
27274 828
22411 69
10566 203
35388 404
38422 163
39273 111
10774 589
9645 516
4088 323
2011 659
33176 681
8430 365
3357 213
7164 112
6246 344
36669 997
13075 554
34715 548
28602 906
7256 208
15200 881
19612 727
14001 865
38143 856
15782 980
38719 328
37548 42
9181 934
25478 241
8177 915
21828 873
14317 805
32736 144
10236 266
24234 391
14467 138
28485 891
9088 38
18758 648
18071 426
13022 142
8200 309
13345 585
28140 44
624 601
2522 64
16024 177
11227 527
22970 836
36865 939
26390 223
27216 824
34392 263
39265 556
7550 26
15067 693
21455 8
31404 34
29607 117
2875 783
10019 167
29500 826
33454 115
21920 484
3879 999
2154 132
6591 910
19263 884
21342 279
31419 232
21479 20
29787 63
2112 710
13428 970
39462 946
7779 266
11600 444
12373 390
10434 135
673 309
20817 296
5541 952
30706 467
39133 513
4933 417
37514 73
31000 125
23196 492
17226 333
5604 318
37470 605
34562 370
21583 475
18685 263
3801 669
31222 600
11221 965
19571 996
33428 736
11453 991
7489 183
38571 35
28677 233
15366 977
23032 982
4675 790
898 459
34409 123
16868 914
5374 826
14511 366
39486 795
28021 520
34684 379
25767 794
20212 573
7218 906
29521 625
29781 57
38272 40
9550 53
26809 264
34597 762
5461 914
778 362
19666 345
27194 619
30667 8
15404 107
24686 511
29946 461
33497 607
38443 32
13758 199
13880 348
38167 105
7946 37
12119 944
39773 733
21171 483
29136 784
22261 173
974 312
33596 984
14831 503
16885 793
19718 316
9063 859
9489 534
33072 59
2098 35
11781 923
27329 111
21935 248
2511 711
4958 250
31063 616
18829 683
23117 932
2164 426
12561 20
35769 489
24658 816
34151 612
33482 324
19522 607
11952 998
39171 889
8614 487
20351 460
1712 969
27860 379
30174 386
16531 29
21892 603
18549 908
10658 146
23125 580
25634 800
37961 10
37712 320
16384 148
20396 785
33036 683
9863 944
35243 545
25622 394
21965 226
24775 814
13106 867
13232 888
36283 45
26057 685
1453 733
31630 831
310 549
20782 498
10466 492
24264 980
12267 146
2688 886
31954 476
22910 921
32208 297
32391 671
11086 797
32100 475
9888 3
36315 531
31251 436
26754 201
33852 985
26467 650
14036 278
38979 483
31013 40
10229 432
10165 831
37142 312
14025 539
16786 662
3971 49
15505 8
716 892
36615 188
36544 999
26544 713
39087 319
34203 555
29647 369
14744 583
20021 673
16632 116
11524 177
28229 912
8618 788
6511 46
27555 674
6131 362
24585 616
39141 547
37784 505
5033 150
2343 191
6736 442
34035 22
16601 395
16010 933
15372 507
27405 678
33002 729
38654 233
38245 561
4571 646
21991 186
36536 68
30495 834
27887 758
8080 86
38511 936
32080 23
22266 930
4908 395
25256 452
12955 827
9648 94
18461 199
11520 43
19968 263
16033 22
33260 311
6486 932
16905 343
21427 548
6420 326
467 598
7251 600
679 29
3854 624
33931 770
21346 526
3310 872
14805 131
35362 883
37509 398
447 241
17010 807
17427 497
27407 847
16463 969
38361 773
21504 804
13322 388
18205 967
25098 882
23236 201
37397 310
35629 160
27889 924
20357 174
37463 948
7281 74
35457 558
25158 903
31030 37
12376 1
30526 906
20562 568
1496 97
39826 899
9746 96
6385 619
36819 568
15390 399
14228 147
15813 311
14664 673
34117 950
17821 252
1536 121
11237 216
6751 467
3019 888
6866 50
17016 339
34418 723
23404 126
20351 749
33358 354
8649 900
28869 367
28135 327
9504 384
23699 894
16372 305
13361 820
37769 498
32100 460
28595 900
20961 676
30097 531
39884 237
10726 227
37064 886
17609 954
15921 491
14700 706
37617 773
642 198
16167 719
27047 683
3459 836
31406 792
17753 731
33378 475
16787 824
2804 357
10917 280
9480 233
15397 658
38441 735
38351 743
27564 738
25317 719
23047 830
24758 404
18172 634
22783 611
2357 244
7387 875
20512 990
22393 948
30035 831
7910 974
16495 787
37721 545
35168 257
22884 659
16345 541
31964 251
22550 740
4932 572
16496 976
10523 854
7429 508
21572 707
14630 986
24271 227
10676 899
20808 575
4400 525
6691 403
15355 768
21092 963
27671 373
5557 41
153 537
9434 209
39797 921
3206 339
11482 834
14355 739
20499 905
34822 269
5235 149
5691 931
1936 148
7083 522
25445 596
22009 726
119 126
2711 941
587 978
35568 160
25612 899
35159 286
16029 145
20122 962
24714 525
36997 88
22891 876
18953 462
315 982
9093 597
38336 972
16023 404
14568 581
27800 131
18241 674
14674 622
23649 135
13856 986
29585 916
38213 269
38386 540
13697 132
9067 458
39623 364
24086 310
17301 287
619 763
36379 764
9672 90
26757 483
31225 448
17969 83
1153 813
28950 804
5231 790
11155 75
18081 538
28010 152
39056 604
22578 810
31641 301
12464 463
325 102
17947 606
4826 934
20426 335
35408 591
21271 316
14918 99
3974 227
7313 920
9277 827
26382 662
1690 938
27631 967
33331 938
13778 299
28814 741
19715 692
28261 244
12327 398
25867 75
13062 349
20177 293
21514 963
41 461
19411 708
36326 816
16427 859
10513 134
10814 522
39957 255
8716 901
8971 746
23884 618
33828 970
7084 320
18302 760
15981 335
37743 346
25437 203
17892 35
1855 616
5828 431
11341 753
4186 970
714 653
32658 781
21562 923
35121 265
29079 335
32092 600
25154 641
33022 182
4085 691
27979 531
32704 164
14142 909
20793 728
3953 132
5495 396
289 771
18815 418
32577 881
35637 105
25680 855
744 380
26039 636
4265 603
4294 636
36924 463
37873 746
26693 470
31508 662
12307 550
33028 13
3006 361
4223 618
15414 600
24157 191
3509 42
13292 334
21710 819
12767 204
30457 711
9612 43
4629 972
15839 640
15033 902
34363 249
7902 616
3921 341
37018 794
10627 885
16824 583
35076 684
34943 743
25287 449
9725 651
12464 773
27452 495
25366 2
33001 401
1843 556
32836 336
37112 569
9484 634
23922 946
8324 390
2299 380
11753 213
38534 5
192 258
27722 631
15162 23
4817 730
34270 891
26294 940
37553 194
36522 502
39094 152
24941 433
10833 547
17113 560
15509 821
38478 649
24793 940
32598 535
12545 849
7115 964
10877 990
9263 975
25340 948
32470 359
21784 66
8134 687
8976 752
34416 764
13300 170
26702 174
20526 517
9166 617
18905 279
17376 600
30585 6
36906 953
8748 960
33084 871
1570 894
16162 444
29899 119
29555 663
12774 607
19185 492
15512 25
1020 378
34841 483
28237 742
13266 794
30064 28
27904 658
261 603
12939 354
39044 448
37226 579
32012 385
38931 853
4874 55
27022 176
29761 220
13511 409
21290 559
20248 986
16504 679
14786 403
7293 830
13604 1000
14051 785
7579 729
34022 682
9096 696
3546 408
13070 482
20995 692
33598 433
