90000 1 89909
5871
6913
7524
2349
733
6747
5775
8433
1199
6146
6519
1712
1482
8218
8348
3901
5039
4904
7643
3749
6951
7133
3854
5082
5461
5544
6624
1681
1675
6883
2744
1306
4758
6122
4011
6205
4145
9605
1556
3122
4857
2840
6288
972
5632
887
6267
4078
1966
811
2688
7509
1487
3530
6193
727
4917
736
3173
9148
4282
2076
9628
778
1258
603
3970
1009
6913
5409
232
1882
9170
4700
987
2022
1627
2017
9071
6109
9653
7953
7898
7179
1525
3701
6122
5313
6511
7885
8012
8588
9298
8360
8587
1113
6076
271
4479
2938
7896
7976
950
7806
8266
5432
5044
2496
3273
5708
2948
2275
8648
7049
9628
5473
6722
7321
7377
5205
492
8554
3952
788
5961
8173
1902
2731
6127
1836
1696
4125
1281
3156
9456
2022
4077
3165
4251
5156
7961
6538
5026
1715
6414
5839
8785
253
8717
9161
8354
3440
8737
3414
6893
7225
7569
2219
4253
3326
6512
8859
8197
7383
3027
6579
6072
6669
7052
1807
9311
2541
5487
7388
2132
5177
6644
9484
7117
6243
4356
7578
4495
5858
8484
30
9316
8052
8859
8607
3694
6649
3722
750
1335
9148
8798
4525
7711
4463
5526
7427
5508
4861
9998
3555
5915
22
1831
2999
6111
1348
5247
3043
6634
2721
3598
9553
3830
9269
6615
202
9688
1735
9578
1932
8
1886
3107
3279
4552
8116
9243
3768
7099
8534
2214
5550
3426
1925
3820
2244
6973
9517
2590
7638
5910
6821
4150
7247
4117
7816
8935
819
8933
5526
2668
2492
3668
3175
4048
9763
7239
1538
276
2326
7984
6554
7304
8015
831
8984
3359
6443
1110
9102
5623
6889
2482
3309
5287
9229
7052
1295
5786
187
5988
1849
7906
828
3061
8311
8799
5271
1573
7650
7810
7300
1141
5464
149
9441
3399
191
8108
3602
9856
6979
1556
1811
6
3623
8573
9929
1512
2604
4323
811
2081
866
6823
2916
9814
7652
6060
410
8657
9523
7337
5776
1012
8689
9460
6519
8602
1028
3821
2618
6799
7852
2629
7709
6526
3649
92
9438
4106
3603
2313
5230
4657
5412
7167
1418
6611
6507
1750
5696
7974
7385
6706
2368
4274
8516
5298
9830
1803
5520
7290
3783
9158
7575
2513
8638
3193
2856
5067
3066
5634
8562
6357
5271
2785
4897
9699
1065
3915
3617
7763
652
7451
8070
5041
768
7285
6863
1832
9718
5221
6905
5252
9469
2045
8939
9485
7246
3155
4301
979
3940
8453
1640
4897
3480
2224
531
7323
6263
3053
4298
3097
1358
3530
6391
5766
8328
4655
570
4881
3867
5699
3402
69
875
7359
3524
796
5674
4775
4843
6138
9663
118
1952
5670
5777
8361
4711
1178
1266
9194
3649
9184
2196
8896
8863
540
1019
2564
5682
8010
9925
1638
2918
489
6952
6146
3353
8197
9468
5786
8945
4965
3780
5456
3786
1347
2555
6583
7592
9240
2887
7425
3807
1892
3074
7281
6911
1171
2301
7566
4069
8758
8777
7713
1813
388
6445
6748
7975
2582
5208
8569
8726
6397
5694
8259
1582
1608
5721
1529
2842
5174
3916
3005
3347
5606
8384
3351
8341
2462
1118
4721
3811
7804
6160
4136
3946
6983
2707
2547
9930
1406
3541
6361
7744
9931
4862
6315
2503
1693
68
9756
1393
8113
9595
2456
6550
4110
1617
5197
3697
9657
6156
632
9678
4100
2636
2427
7591
3969
5187
6240
8307
2910
5510
8753
9054
6004
2507
5401
7524
2093
4904
4315
834
8532
3727
1402
3579
3089
718
9769
1121
7224
6525
8323
5092
9583
4526
8282
2970
7189
7689
2135
8420
9090
6603
7643
1319
5545
6776
9559
5361
5128
6469
7559
8524
4343
9573
5867
5148
5269
6734
4329
4385
1160
5994
599
3251
672
6943
4037
2896
8465
3637
4571
3527
871
92
117
9559
7830
4237
3681
5006
8481
6706
6633
7378
3278
9571
8930
603
5270
2555
3565
7009
7304
2771
6666
6122
8045
7190
4068
6554
474
6428
7950
8869
7182
3287
1345
9888
1044
8616
1210
2173
7404
5281
7100
4072
2897
3474
9949
4046
9598
3891
4688
4298
9821
6473
5761
8543
766
5925
8299
3774
7860
2997
7359
1901
2280
9505
4136
1470
6978
2561
2377
4862
7417
42
8058
5007
6206
7434
792
9020
2276
524
8607
9202
9032
3133
1487
611
1791
3819
4830
9951
4659
892
4628
1893
2083
1992
7967
3706
7557
3616
5985
2451
2095
7845
3563
4866
8943
2405
4598
7390
5820
4425
3663
9929
8662
8059
6255
8530
2412
4139
3321
6201
7588
210
3194
8015
936
8055
4731
6522
8210
9361
4459
4536
1051
1414
8533
5567
389
8222
2204
2703
8620
5239
7205
5155
9354
236
3881
583
3566
5421
8818
9433
8470
1772
7978
441
7778
6245
96
565
1336
1162
8439
7931
1952
6909
4357
8137
6313
1347
8035
8029
5133
978
5979
4843
3325
9314
8184
3801
4006
3189
9477
457
8603
1919
7134
1451
9077
4654
4056
8446
4000
5244
9698
5737
4981
4368
2070
6332
3187
7259
5670
1
2906
428
375
3308
3754
7014
9490
3055
7701
1489
2968
8208
9546
7811
6540
8886
6643
5721
4622
2689
7616
6737
3920
199
4776
1507
4010
6656
9764
210
4920
2162
3849
8419
8256
8222
6852
5669
4380
8753
5606
297
2690
3527
8031
6571
113
7226
2277
9325
2073
8521
5862
1092
5392
8093
1973
3778
2105
5165
4214
6237
8642
8996
4413
4800
4806
8170
2702
487
3478
3908
4277
655
7474
3234
5459
6273
5443
8462
1386
7240
1586
9695
4640
5921
3147
2893
7867
6925
4761
7816
9256
2128
8720
8166
2927
3440
1781
6380
9458
4901
4319
4674
7689
5993
1697
1119
4843
6288
8766
4790
9182
2906
1899
5379
933
8426
4052
6873
9434
4799
5813
9500
6550
4733
3777
704
3449
7722
1598
727
8879
1762
386
3242
3392
7121
975
6273
3747
4443
2164
1558
2375
3835
4283
8746
2147
7696
4707
8242
1042
9660
6296
9483
9107
3823
5315
594
5873
314
3221
1049
9678
2164
6865
4222
691
2385
5038
1863
4229
3048
4678
9445
7167
1016
907
2799
9606
479
2195
9605
2845
339
1196
8633
3343
3393
8774
7153
3475
4464
9028
824
7857
5068
4054
9839
3602
4528
7944
7421
2803
9067
6097
228
8708
2700
439
5866
6696
9057
2476
4377
8291
8728
3931
1168
5578
6967
1884
4581
5686
9570
3388
7912
7978
4144
6757
6014
6780
3877
3825
4768
7353
5429
8417
8829
4418
9288
5982
672
2040
4834
2494
7633
7871
9453
9640
1912
3735
9230
1723
5759
6852
1654
4397
4481
226
1261
8233
545
5523
9919
2447
5964
442
7172
8346
3986
3370
9623
2629
4180
3441
2385
2784
5213
6566
7275
5636
3334
8432
939
4053
4352
7659
2654
6510
8221
9148
3430
924
989
8151
1087
2632
4638
3533
4112
3700
4938
5951
6181
1276
9824
2281
3719
7966
4805
9843
2053
1633
4028
4903
5424
4963
5565
1904
7411
1190
8791
1763
8692
1658
2902
3000
8419
8301
5645
4799
9206
3837
1362
909
6767
9298
3517
9127
2169
4354
2325
3271
4565
6598
5584
403
3689
2062
5066
3211
2121
9160
4096
277
1210
7251
9242
5682
545
2414
7190
191
9635
3379
6016
6629
5942
5007
7694
4941
5559
1918
2058
2087
3211
5465
9154
4986
8964
2422
1348
9367
3760
9813
102
5973
6861
143
9346
650
8128
998
4299
6749
7469
4696
2382
385
6040
7296
2490
1425
2112
9348
5985
4383
3673
625
1929
8788
395
6758
1921
8627
4599
2986
3743
5358
2968
4943
34
7818
3340
6389
4700
2145
1766
2308
681
1659
2884
2062
4726
5056
9030
4160
7629
9733
4861
4468
6780
4969
8437
4797
9306
6476
6005
9862
3128
5722
8016
7449
8428
6587
600
2539
4704
4587
1553
5055
1184
9012
4306
2840
1234
7780
9038
2998
4870
5166
8761
10
2497
9233
6004
4309
9774
4514
3456
597
1462
1153
5510
5996
7246
9028
9530
8518
6948
2620
7892
9223
1196
3219
541
7664
6238
7016
198
3809
107
9136
9355
6202
2068
5195
9571
5867
8226
8932
6529
9349
3210
8810
5686
7107
3593
5270
4401
1004
5263
3978
8246
1971
8934
3746
4206
959
4783
6838
8631
6640
1425
9912
7114
1273
9706
5110
8878
1946
9496
244
4181
7838
1171
158
4811
6749
7676
8703
98
1917
7028
2334
7396
6533
9694
9478
6006
8443
6145
1801
1227
6493
6445
4518
6667
6116
4950
1532
677
1776
2945
2963
7026
8108
830
4793
9156
3238
7134
2586
8441
6303
9572
1025
6006
5807
4025
1858
6602
292
8125
7731
708
1355
9986
4002
5179
163
4262
2682
8433
4995
9724
3754
3181
4659
7336
7515
9850
9076
9385
3994
4414
2908
8185
4595
1663
3655
7473
9762
296
9885
4135
531
3307
8061
5489
1713
407
6285
3056
1202
9678
9963
3166
4716
5291
9509
1170
9355
2523
5286
9660
7971
2572
4404
4948
1286
4665
8358
682
465
8107
2364
5532
6595
1934
5140
4915
9580
1894
7581
1879
8098
2053
1731
5744
7950
2205
5460
6260
6841
9512
5975
4142
8344
6540
730
9234
4580
3378
1387
1155
648
1703
288
4429
9623
3326
4006
1711
9616
2851
1449
9372
380
835
9589
6820
756
4514
6390
9981
5946
3776
6697
6394
8376
7864
641
4756
61
9126
52
9664
8600
8621
5904
743
4234
1146
6642
2344
9130
9613
170
7463
5919
1958
9833
5973
2961
5811
3785
4401
4159
9898
6729
4728
2494
7081
1427
713
1289
4289
7325
609
221
3948
9689
9533
6685
2722
8280
2554
7910
6900
7223
3501
9397
8022
407
4123
766
4199
7818
1352
2448
4772
2774
2603
1984
5928
6044
4251
2335
6400
1927
2591
7213
6418
303
5482
7116
265
9689
4220
7579
9280
5880
9506
6652
7622
2306
6894
7600
5642
7252
5657
9976
964
7656
3425
8486
4800
5132
9394
4475
8957
7594
1811
6798
5160
4316
9348
5595
4771
1205
6153
441
5178
3091
1786
6413
5014
4185
5656
8217
6172
4122
8289
8564
3682
6225
5593
7764
6538
6696
1037
5045
3805
6601
3730
9627
4578
4791
31
1833
1671
3458
6370
2625
5975
8429
2778
4604
3191
9699
8307
5965
774
41
3993
4476
8785
5060
7980
8166
3626
8663
2865
2647
1327
1446
310
9717
3089
7228
2598
7868
3812
4748
6128
6364
4015
7720
1982
4873
208
7050
2855
6899
1405
9477
7562
9266
1052
5717
3145
9549
8487
5181
7569
6797
9376
6482
1263
3880
1835
8746
8166
5270
8937
2090
8008
1655
1739
6191
6960
5879
3662
2297
7475
1945
3386
8671
5740
4049
8367
9491
3877
5064
2527
7410
4714
4160
3775
8275
6328
1161
221
5940
1598
7579
5129
104
6900
3702
7778
8393
4809
6982
9131
8068
2875
2670
8683
4408
6629
6188
1593
4117
6650
5993
7168
1045
269
6442
3356
4043
6610
7452
6893
6973
4182
7059
8750
8932
5824
3676
4216
6353
1699
2663
5874
7250
7074
1096
3045
6880
7881
9192
9390
8611
4738
3901
4494
7509
317
2973
9287
2683
4730
1995
4273
164
2694
1464
5633
8349
8704
5869
1465
8275
6841
8612
838
5156
4128
5287
6335
4921
3172
8202
6347
6769
9830
9218
8889
7300
939
9122
9106
3797
1054
4227
1872
585
1341
8481
4136
1833
9501
8784
9682
7834
1499
3888
6072
9408
6257
9668
209
4474
153
4064
6375
7276
5667
3139
1941
1410
2416
5227
6589
6948
2325
8972
4730
374
6834
1059
2438
5954
7470
8692
2987
777
6628
4277
6431
7028
6687
1055
8730
1310
2392
9031
8391
9638
6165
2853
7695
3336
9460
2144
1836
4504
8835
3051
4374
3345
4134
1525
615
2247
9963
1281
1357
1903
3967
3267
3853
4256
1169
8526
9550
4987
7334
6520
5802
9452
8113
3952
5490
193
5954
1856
1270
7147
7160
3959
3327
5723
1183
8621
6670
3291
8137
8285
970
1549
3708
4397
9165
1969
3388
2187
2690
9830
1331
7460
3698
891
245
1003
5428
6902
3835
9358
1347
7483
7498
7474
4014
2689
8423
9079
7347
2656
1069
4869
1091
8678
2723
355
4764
441
7453
7181
3500
854
1324
8249
3312
8187
1304
1851
5099
2475
9210
8469
7050
823
6893
3891
5931
6435
7991
6252
6406
7046
7413
5154
8814
9926
7352
1803
2892
4804
6492
4113
5657
4524
792
2287
7317
9958
1404
4725
2631
844
6356
9143
2554
6593
3090
4403
3413
8866
4221
8764
6849
2134
4384
9603
7303
5590
1282
9418
6651
9382
8830
4105
1048
9656
9236
4867
3734
7503
15
3832
1353
2445
578
4632
6309
5765
9824
8721
740
829
2665
8521
5258
8293
8375
5402
5622
9273
3744
2311
1961
2765
1667
14
2646
3611
2457
6559
6547
3241
6310
4531
8310
4589
6365
333
4840
7059
6063
5316
37
697
1170
7061
8864
5830
9279
3901
9139
9662
7276
4416
1478
1282
3996
5058
1425
6161
1679
919
3437
7626
6949
2685
78
1955
3004
9412
9184
1976
5223
915
2319
234
6206
2457
4317
9935
5033
564
5219
9666
1109
4798
4930
4230
6400
5792
3380
5637
124
2425
9524
8761
8969
4087
7575
5393
4020
778
5858
9738
402
1536
2733
1943
9657
2251
9868
50
3959
3896
7568
452
7182
6221
4701
8686
2664
7758
273
6731
2307
821
9500
1259
3432
9633
7606
7279
3210
9213
3622
4239
4015
8052
2004
9740
9874
7933
8833
8154
151
3012
7644
8202
9223
9333
1976
1235
8467
9898
7902
4766
9191
6598
7738
1015
9293
5220
151
2001
1091
2735
3331
3569
623
1832
4428
4625
7831
9130
7056
2530
9058
9410
3148
5820
7001
2344
7287
3227
1383
4005
5266
8119
1582
2672
115
8234
5911
8324
7294
4942
3228
3181
6962
1188
5375
6789
5279
4177
6586
6393
7822
256
2029
8210
3600
4546
6441
930
7013
5788
4687
115
8879
5606
2776
7682
9669
9931
6873
8564
9645
3779
5043
746
3999
2231
2312
3037
3179
1833
504
7148
9044
2403
8190
8806
7303
8954
540
1276
483
9511
3975
5616
3342
4190
131
4733
5705
2790
4207
3348
6247
3462
8353
1269
9726
2905
6753
8080
9970
1789
617
5238
8939
2548
489
3114
2661
8129
4513
4817
5446
6464
8928
6422
3036
7206
1637
3633
3676
3785
5527
5893
2926
8794
5017
7434
7609
966
2545
1061
3274
8715
7982
1141
6600
3987
7178
1106
6244
6890
3561
2398
5311
6573
740
2078
6881
5874
6477
9150
804
3372
2643
3524
4044
3330
1090
3279
9308
2432
7883
7530
9722
7179
3302
8438
8690
2295
6848
4176
3355
2629
5816
2213
8255
777
7661
8640
5881
5436
2074
1983
5483
8424
728
4740
4457
8686
2123
4080
5180
6721
2257
381
7908
1137
8082
3698
7260
7147
7997
4266
7994
7117
6858
5819
720
8255
7422
2571
749
5363
9962
2379
6880
281
5719
4224
5972
4644
5111
7541
7809
9933
5138
1652
1787
5644
9059
5050
5010
6854
4975
2115
7954
3234
5065
4694
5029
4261
2838
8543
1125
241
4921
2946
4928
1370
4916
9845
7564
6646
1886
1008
2117
1714
922
3711
1912
9976
5044
1741
5527
9108
538
3768
6704
4398
3328
6268
6182
5826
3868
3186
1650
8558
6633
9533
8476
6384
2442
9751
1453
8194
1891
8820
9449
4469
8458
33
9783
6863
9491
1009
6580
7036
8729
3908
4474
2115
1611
7326
5396
4798
7013
8454
9229
1451
4050
452
4948
5533
29
5203
976
5060
2759
9616
6424
1962
3275
8812
4081
5574
5675
9007
2795
2692
4950
2255
73
9247
2243
8686
4492
396
857
8914
9717
4268
1821
853
9051
5569
4416
2789
9093
8317
4103
1581
1530
8024
9075
2505
7226
5533
1691
3047
1072
4009
4992
9659
5903
1350
5094
7805
7860
4787
3407
2695
3647
4147
641
9712
2807
8395
7059
5938
1748
8899
351
3945
5243
547
7744
2193
7888
7619
2069
1663
8843
157
1566
1928
5213
9474
1737
3988
1176
1823
3669
6575
8800
5091
75
1558
9604
5184
1382
7990
1436
1391
372
5796
2595
7930
8666
4154
1977
2394
1724
437
1231
4492
9550
9665
6141
8732
1409
6521
9015
5525
7250
9568
1302
9506
1682
4056
5792
5333
5352
9412
5224
1088
3414
1265
932
1998
2565
7186
499
1870
1667
7227
787
436
6842
7429
7214
2510
9427
1595
8570
8536
666
7485
3454
2253
2803
2254
2918
1455
2481
7451
7336
5768
2215
9957
4027
1686
8719
3174
9366
58
237
3403
4797
4173
7740
6939
3676
5217
8034
3638
5271
2018
9909
5178
9044
422
1582
4434
2197
384
642
3607
2149
8004
5906
9389
2436
4333
3781
2883
1974
1786
7795
1259
7647
996
1510
5391
4476
9690
3019
4797
3343
5852
562
376
8154
6178
1471
8096
3061
5334
5289
4746
6922
940
8983
6859
890
222
8960
5919
6370
9690
3176
7769
422
5853
857
5311
82
3764
7166
4214
5237
8779
5560
2878
7028
2320
6361
1084
7694
185
4847
7124
2641
5506
7673
1786
2833
7081
3658
8665
208
4677
496
6538
4993
5936
8396
540
7252
1201
8883
2367
987
8916
1009
2163
3542
8494
9267
2137
8737
9128
9627
2303
9039
7204
5528
4417
1446
7725
7845
8581
7052
9286
3080
7158
4786
9944
4297
7229
8770
2330
2358
4238
1881
9048
6777
4777
1893
8418
2997
5507
2637
6497
8098
1195
5000
8422
9206
7361
6781
6173
5150
4096
2266
8038
6471
3834
5026
2963
2644
1888
9168
6297
6310
2176
2330
7055
1663
9112
7297
3973
7327
4929
2512
7968
7542
9254
536
8894
8866
3080
2571
1105
4562
4440
9920
1812
9093
1567
6354
3247
1190
3661
7114
230
5332
4470
8023
3790
6126
3253
6439
3691
1542
105
7753
3365
8286
3134
9927
872
3165
479
193
891
1012
6001
9493
4994
5288
3550
4641
6145
2200
2896
3426
3068
5414
649
3105
6391
9163
5350
9537
8726
7474
7208
9581
7762
3548
1183
1809
8195
9362
6101
3350
4376
2365
212
2380
3591
6716
3251
9949
8414
994
1808
4070
6046
4842
248
8584
1663
8056
480
1139
7908
1378
149
3149
5331
8088
5673
7580
8907
8245
8910
2636
3303
6949
2035
6859
2418
8095
3849
675
2608
6898
3096
9195
8981
3421
2887
9552
9827
5005
1626
7596
706
4656
8303
9432
4848
5275
435
415
1690
2249
6135
8843
6005
2187
6420
981
388
2372
629
4880
1338
7877
665
6493
9143
1950
8878
5086
3720
2584
2055
5371
6401
2836
5467
8120
4057
536
1223
5909
5311
5256
9307
3303
870
359
3646
5605
8532
77
489
7102
5607
3846
8776
8260
3751
3508
2451
432
9065
6136
2237
5538
1190
5301
273
4604
5074
8855
7318
1011
5104
3927
7689
8772
5035
1107
9370
2021
7631
3375
8582
6037
3682
6427
6538
3120
7781
1024
3017
7518
1504
1126
3682
4460
6927
3416
9325
2025
3729
4346
9939
5320
9214
736
8237
234
4035
9220
3262
8878
93
9566
7063
1099
7347
3681
461
3789
5786
4692
5851
1699
2906
1630
9204
9240
7788
8928
5682
4406
6147
6101
45
3842
7951
1163
2554
1422
8551
8495
3959
8860
6257
8314
6166
4378
5559
7785
1871
6887
9555
7303
3314
3634
5172
1036
9880
6292
9831
2984
5531
1174
6189
4860
4999
7759
7437
7664
9275
6954
123
5909
7496
2858
5586
4958
1081
3443
292
6278
1049
8197
2734
413
2196
158
3544
4586
637
5789
5465
1067
800
1200
7849
3501
1574
1770
433
1105
187
3833
3235
207
8113
64
364
2665
1839
6527
2467
9585
251
1412
8078
8587
4089
6387
5436
3321
2495
4119
9303
9391
574
8474
4162
6184
8203
2919
1219
7425
5087
3896
9264
2088
4678
9757
8448
7945
2504
8385
4351
8589
4401
1998
4704
4705
6072
5678
6103
9918
4821
3908
9087
4165
4997
2261
3256
6927
101
2925
6245
91
221
730
8637
3234
927
2667
683
8962
4756
9214
1452
1352
9897
2885
6248
2743
1489
4950
4428
8547
912
7528
8159
7692
6509
5036
3570
9668
163
8125
2252
6724
3138
7875
1086
5642
6219
9436
8023
3407
4740
5135
6429
9962
9974
5006
6308
4284
7241
897
6459
2277
5149
1454
2677
7252
7084
974
5202
4729
5687
3481
2683
6810
4608
9659
4632
7605
6470
5292
3901
7592
5591
6868
8236
4951
1802
9385
3585
591
4194
4174
2560
3955
219
3685
9757
6947
4346
5351
758
1262
2573
3977
1186
2678
5243
771
6847
7122
2304
5659
9782
8824
8100
9914
3378
4298
7244
2031
9491
9423
6565
5274
173
2752
3205
8584
9945
7967
5923
8989
7827
8957
2524
7312
8890
8454
7613
6948
5847
6954
4925
1237
8303
3959
7253
9522
5172
6074
1943
7231
9534
1701
2781
41
5886
8028
862
8161
1861
9674
9336
7343
8602
1382
33
5424
6678
9550
130
9384
8298
9097
5648
8838
5233
503
832
4014
5427
8374
5898
9986
8776
4214
2295
6921
7658
5380
3704
7291
421
3825
2184
823
8788
984
5025
441
4963
5415
6117
1529
6499
9140
6923
6592
3295
3069
4423
7070
8294
1399
5458
6551
5719
4598
1447
6847
7048
8665
8985
5208
1302
4178
9837
2052
2462
8351
18
7043
5807
8916
6777
490
6457
1922
9895
157
8868
4986
2274
6475
8329
4786
3303
2370
3397
9872
102
8250
7409
914
700
9082
4591
6031
4834
3309
4239
7158
3322
922
3659
9931
2323
148
5600
451
2680
5051
2869
1578
2025
3229
3758
9270
3164
7501
3585
6263
2870
615
6811
2312
6612
4043
7093
7629
317
377
1106
3589
4930
5288
6185
6981
1513
575
691
5372
6886
6015
1715
607
4918
5540
8864
5600
4870
2787
1056
3199
5456
1303
8291
8532
2224
1604
1205
1144
9799
8673
2827
384
1203
9617
4781
1994
7429
3676
4719
771
3610
6905
7773
1691
5056
5682
8215
2247
1361
170
1549
5306
1792
2877
7907
5411
862
1241
3152
3271
1294
7515
3539
2421
9727
2801
1673
6358
8089
3229
8043
4640
2192
3525
8523
3147
6134
195
5166
5997
408
3334
3340
2785
6623
9554
3554
8510
2575
4955
4296
1783
4839
9006
4476
8432
3976
1906
5803
33
5942
8692
7747
9222
7455
893
780
420
4043
8273
9460
653
3233
4743
5867
6393
4131
7774
5895
4490
7348
8900
9792
8577
924
5096
803
2699
2899
5788
5845
8358
8968
5806
3802
9896
6840
2373
9592
9430
1799
3478
3233
197
6657
7833
5058
5353
6258
5005
1229
2518
4533
1521
3989
5318
8260
1816
2221
8076
492
6878
1139
8819
7358
2689
4197
2947
421
721
8348
1928
3277
1729
24
9990
1472
6589
6014
8445
1136
9319
1712
8675
5585
3912
5680
6737
7687
6744
69
8929
1517
1716
9981
8436
612
430
4378
3888
3905
3641
9118
6359
8448
3354
2184
3971
1482
3387
9027
5925
9681
5113
9776
3571
5361
7317
9612
101
9587
8077
4660
8688
1237
2586
7087
7427
661
8573
3180
7285
4390
3143
2029
8685
8284
9325
7046
7084
4738
7031
4468
497
9781
4292
9745
5247
6308
8965
4067
6991
2106
8579
3155
947
3861
7343
5232
5942
7419
9398
7214
5561
417
865
6207
2704
5149
4182
1694
7487
4770
9876
5154
2936
3397
2230
4407
5697
3990
1304
1326
4288
16
8114
9356
8226
3134
423
3590
6548
2218
1694
8342
8631
8478
4513
4263
3734
5995
5166
3880
566
4113
6942
5191
267
2215
9620
8179
3557
8833
9972
3486
6632
1634
7685
1702
8011
9874
9454
6472
9636
8529
5991
1683
9756
6405
1514
5179
8481
8018
4049
6329
2331
8607
654
1968
219
1872
8536
4000
8223
9065
7744
5724
770
9056
5354
1441
3302
499
2836
7774
9586
5261
370
6262
6955
4931
1767
5418
9852
4754
1919
8682
5215
3810
2906
7604
339
8626
1996
3401
7839
3221
6193
1444
3737
5278
5072
2488
1159
5844
3088
2746
568
582
7314
7609
8603
1384
8930
5344
6454
1037
3471
3398
8808
2261
8302
7666
1350
782
5482
3011
8788
8636
9468
627
7943
4065
3697
9777
6377
2383
1027
3995
7421
1336
423
8249
7970
9287
9070
9869
6209
6651
9991
6299
8228
8628
3136
9743
5558
8500
1851
5859
6087
8778
5265
6400
7068
8936
469
9257
6065
5136
9051
2118
1768
5550
6658
376
2624
341
1207
9948
4171
2133
3474
1103
9921
5548
757
1307
1755
5932
4415
3092
5370
1972
6535
6102
611
9339
613
9724
9850
7169
1124
3090
5037
5391
2834
5558
2197
3951
49
6615
8381
5331
3649
39
6720
4696
216
853
51
4453
359
3875
9429
4701
9293
2610
309
8840
8185
8834
3373
1105
8391
4519
4390
512
5265
2390
8283
7897
9764
4382
1772
75
9792
8014
7160
5138
3112
3855
1586
6813
5323
3792
758
8575
171
6767
7217
5800
6958
6472
3711
2563
7798
7840
8725
5366
4051
2601
8919
8379
1601
9243
2594
807
6773
8132
4281
7516
8187
509
2796
4000
3386
6538
8677
6689
6853
6675
6175
7857
4494
6050
1068
6845
112
8781
7366
6000
8023
319
2375
1339
694
7958
288
9150
5096
5207
4957
8112
9580
8089
1159
8959
8957
8185
3009
807
5713
1163
1104
480
880
3338
632
8089
1614
4749
4541
3287
5944
1297
5089
9962
2443
200
9416
1504
5111
8866
939
1651
2623
1092
3774
3568
9649
8822
8348
3919
5647
4725
9667
1850
349
6652
5102
2513
6106
5802
3592
9360
9203
9702
4475
1129
2488
6636
8093
2324
2351
6525
8514
2520
6924
9881
4131
9558
1986
2351
7584
5035
3005
310
9218
8184
6601
6178
6858
7215
7196
3797
2406
3454
3688
7608
7120
5014
1767
8382
8439
8896
5033
2319
1716
4768
5203
91
8794
5849
7870
8767
4387
23
9452
7118
7547
1714
6044
9712
8431
58
2104
6464
3899
2086
7412
6660
6762
1568
9118
5540
5459
8066
7199
5298
2944
6560
5098
7296
6361
6352
6359
6439
9950
5735
8958
2861
4244
4487
3787
7411
1467
7763
7962
3969
2808
436
644
8621
2007
835
771
9481
2780
422
2113
4205
9056
4244
3050
7160
8375
2381
8579
9532
5089
6692
1450
9497
273
9698
8363
7098
476
6442
9422
626
1684
8500
3557
8518
3972
8465
7155
2305
3804
2124
2850
3921
6010
1734
9932
4399
550
9782
682
8378
6106
4597
4808
7680
8640
4362
8606
283
210
5769
7655
4084
6353
1636
2961
1439
7209
2051
7309
2561
3082
7453
9556
1284
9544
7152
1963
9502
2438
236
6779
1459
598
9899
7276
6432
1344
9388
3960
975
551
4850
2361
3127
6734
8207
2825
6490
4189
4105
7485
6128
2671
4508
9581
8181
1662
197
6489
5360
44
4292
4203
8329
9608
6995
1424
2087
4076
9204
6767
8395
9723
5262
2467
9622
4751
3747
583
4889
6096
5742
5143
5354
2593
5722
3429
8731
9280
3156
6494
7240
5080
8598
3660
2629
2380
5363
6803
374
8960
3100
1391
5760
4464
3914
2268
5358
7955
709
6870
802
7808
451
5356
4931
9973
1340
661
5357
8237
5464
6149
6143
4900
7377
7467
9310
3493
102
7465
8083
8111
1056
5270
1259
4707
4361
7325
2469
5109
3829
6773
8240
3959
6260
1545
1118
5144
8419
2204
7037
4900
5955
2057
4355
286
3553
6832
1990
5845
33
2757
2946
9567
24
5576
8940
3963
4889
3065
132
1639
3321
6552
3238
2425
5809
9446
2082
4624
951
1211
210
4031
1850
4421
6218
8431
2226
2698
35
4263
7721
5267
5128
6674
2417
9816
4711
3635
6345
7814
2500
8333
5908
5274
6582
818
6191
4925
1298
7864
5822
5384
5705
1357
896
716
6130
6731
9112
7130
6632
9194
1679
490
9805
4904
1481
5328
9389
1426
7229
4616
4562
8715
4046
8736
6664
3725
9110
5507
2114
8171
4416
2369
5387
921
892
973
5030
8695
3838
9030
9069
3268
3234
2684
7732
4947
3326
4060
9027
9005
627
7401
4657
9612
7389
5206
5195
8660
6165
8893
5322
4738
9887
4539
3759
2969
8611
3353
2668
4023
1404
8009
6541
3302
5804
3093
9080
8100
2624
1134
706
8553
8180
6228
7801
9578
3011
2948
2955
6367
5627
2011
9920
5322
1022
5776
607
8040
1940
1779
7355
8921
7725
7227
2839
6813
5439
2056
1939
9103
8491
7551
3137
4943
8689
5200
3072
9423
4128
6098
8070
5397
220
8871
3033
2903
5094
2296
9793
1480
8529
2771
6198
4253
7917
7883
88
1113
2288
2324
6409
4698
5207
2626
9983
6196
1388
4600
1958
9297
9882
7456
4321
2928
3636
4823
4915
9451
6903
6372
1323
7149
6664
3730
7523
6880
1886
1846
6203
7785
4387
3933
497
8930
9158
9320
1860
2212
1209
3411
4459
1350
7782
8408
6011
5434
3683
4919
4933
1601
3508
2951
2592
533
7457
5093
8844
9964
4924
9383
2461
1321
3402
920
7381
2257
9702
6081
2384
6690
2048
8221
3150
5564
9782
9711
2164
6445
1757
7553
8464
1419
2082
5425
6317
8583
9783
9963
4510
8991
302
8968
1253
4598
4061
8636
8526
2213
7824
3036
2573
4762
7737
453
4559
2124
6259
1534
3675
6013
9260
1208
138
7601
4797
7719
6132
9231
1933
2794
2791
3524
6881
460
7806
4243
8431
407
846
8729
9127
6000
6190
8246
1397
4856
3742
43
5375
5733
94
7744
5192
8441
4175
501
7434
5083
1432
8419
6339
2687
2766
9649
2712
8135
5622
390
9536
4851
802
9810
2198
635
7220
5543
5539
5413
8738
4511
7390
1176
7557
8971
1371
1380
2379
1791
7929
6712
7676
5414
9239
1919
2542
4609
5176
1405
5527
7648
2351
4348
142
1441
7172
1670
1635
6765
6071
5679
2429
3209
2408
1866
500
1440
5546
6947
2136
9862
2886
9764
689
4630
9233
2182
1438
2020
752
3147
1143
9968
6362
9855
7466
1425
413
6190
5414
2636
7424
4287
7967
1414
2347
981
415
53
1305
9871
3481
5102
6154
8157
433
456
5850
8639
3750
7744
5651
1104
7595
8915
896
3190
2206
8192
3918
2949
5784
3942
9421
8123
2864
6042
1764
8593
5565
1102
9744
5314
2929
8785
6283
5226
8963
855
441
2960
6479
517
8621
6937
3339
4558
1680
7952
6060
7627
4990
8035
5132
5747
799
1774
9452
9674
3046
9791
1426
4411
4038
4328
8205
1382
4342
1399
3428
8584
6555
1654
1080
876
7030
9812
8801
4903
3831
4960
5479
9176
8955
2760
949
4707
5265
5631
3356
9498
5117
8753
2880
513
5842
1387
4759
7896
5695
1604
1532
500
6437
1566
6159
2123
1647
3121
3481
5282
2319
9270
3074
5502
5891
3261
8700
7790
6119
6871
537
4943
6252
4374
1703
3797
1065
9448
9033
8337
1289
6592
2354
1902
1443
8222
2120
1378
8557
4038
1711
9745
7740
1852
9560
5801
3515
9752
6307
5858
8774
4990
4406
3832
4817
2183
5276
2859
6642
550
963
4042
29
3310
4720
6126
3866
9295
1019
1854
2552
5635
139
957
7095
4286
9998
684
7050
102
3445
3505
881
543
8022
8532
2422
4259
1384
6995
6503
6715
9914
4680
6069
4259
8659
2735
5803
2559
2361
7139
9365
4064
5966
2512
9899
6788
380
3040
6899
2787
5364
6745
4547
2487
7857
7983
6755
8998
9264
97
7461
4417
6119
5534
504
8820
3030
8037
9155
1205
7691
4436
5277
2220
8450
1662
458
4036
5955
806
7738
4986
5668
4758
8567
1659
325
631
9185
6733
7552
2136
387
2905
6313
1325
9600
3712
6016
3758
9600
6333
2745
800
6773
9968
9394
3373
8162
9862
550
3586
8791
6545
4125
3757
1217
7613
4367
8433
1423
8058
5278
9628
5199
2158
2306
56
9810
4051
8961
7050
408
2610
4445
6705
4270
3609
7281
6899
3211
1063
6884
6978
5053
8946
3268
3209
5725
2240
1335
8074
3778
4879
2454
2772
8775
6936
2133
6904
1082
9356
1794
1411
5764
1603
2396
4107
5462
1535
2530
7507
5603
8781
2080
8227
6958
1037
2265
2077
8953
3327
3819
9175
1660
495
7081
1968
7045
6447
8671
9391
9253
6050
45
5660
4572
1677
9885
5307
960
8912
6442
2582
9374
4392
6182
6482
5161
4901
3784
8133
3532
4025
7403
6183
9728
7283
6882
6170
4716
7941
3265
3155
3223
7318
6270
7907
5014
8611
5401
8548
5876
4641
4458
8095
8482
4176
9285
2249
4531
5653
827
7044
8730
4797
3813
7145
7226
1621
9728
5534
1009
6477
3084
8642
7320
1965
7265
6146
527
7995
8833
8362
9436
4972
7388
3721
6929
2121
4056
2997
6606
9932
1086
2706
4405
2825
6744
5719
7327
6033
1195
9787
2532
6632
1022
7171
779
8008
2725
3816
8183
547
3949
7881
1907
4166
620
9634
2977
3203
2340
7050
585
1336
6538
9712
3150
8148
2238
4218
7442
8935
361
684
3558
1112
7673
7630
8760
7223
396
5714
21
2013
2316
9026
744
551
4944
193
5745
6129
162
1209
1024
4769
6777
3560
537
7579
3162
991
41
4634
407
4075
9639
4878
2800
3467
1299
298
8069
8799
6327
2216
2776
9758
1844
1334
5527
5179
5578
2902
2997
6001
5430
7905
5962
117
5708
6391
3798
8820
5089
8179
2542
2806
6060
4029
516
1604
2507
4258
5290
5523
5010
5703
3355
8386
3794
2193
3448
1108
7821
7663
8963
9828
3619
8410
2508
9233
3159
5434
7127
1147
6310
1327
731
6742
9747
2485
7390
1626
8486
4602
8117
4175
8168
7544
2765
2981
4498
9340
5771
1413
3614
5176
5594
1506
7057
2497
8899
8731
192
8251
3869
8403
8663
4211
7330
8661
9180
8314
9987
8498
5447
3648
858
1321
222
9335
3710
472
4909
7366
3924
4210
9377
2104
3019
3975
3188
8510
914
164
5507
7047
9330
6434
2926
8838
6443
9979
1699
4847
364
2377
9749
7325
7910
7187
9455
9396
9769
3502
5202
5896
5426
5866
7850
2220
8648
9738
3293
3426
5179
1248
139
2974
6320
802
3449
1709
939
1575
3768
8369
2975
3135
4215
6425
5076
4487
3312
5172
9912
3250
9915
6264
9615
1178
9753
4658
1952
7393
5078
5806
5180
5680
7300
434
8349
4757
4433
2518
3594
9361
2672
1548
9408
823
6562
8969
8661
261
7678
6109
6059
8480
7100
2135
7112
3294
2171
3393
8676
6283
8571
8897
3563
3169
2843
989
5917
5273
3324
6914
294
6446
6129
2489
626
237
3179
1220
7731
4766
1533
4952
4857
7874
9827
6698
3953
6377
1082
5646
5961
6701
1293
9570
2382
2548
3665
6159
6462
2273
8114
5311
8008
7706
5790
5538
1875
1804
7999
4076
9843
8764
9270
999
5598
6088
2591
9019
6366
1970
7941
3057
4601
6967
3241
3240
5344
1469
4299
391
7908
5899
4670
1445
3135
6314
4662
2247
2194
9821
1326
8331
3267
5681
9809
5965
3404
1337
4734
4553
562
2382
1303
7799
5546
9671
5929
9099
6396
4854
2592
2476
7805
1636
4565
7904
6626
7664
4568
4643
2206
1332
1681
4563
2105
5928
9040
1766
7470
6070
3753
6681
9187
6262
7898
4784
7210
3049
5222
8515
217
2691
2915
293
1398
5466
7024
8840
4802
2492
1967
5559
1123
5053
9097
3321
164
3951
7755
5691
6309
9356
1809
7542
1507
9550
6878
2934
2817
3150
3055
652
3686
1788
7462
9738
6821
6985
3792
7423
4841
3586
2772
2381
1165
886
6225
1130
716
5113
586
2634
5356
9575
1102
1946
3743
4044
2362
4122
6291
6445
3739
4380
7930
6940
4943
8668
6452
4998
2543
853
7256
9062
7127
3852
6473
9047
7118
8565
6770
344
5744
3229
7636
7065
3881
6744
2375
8555
3014
5477
7804
564
759
2126
6605
4611
1172
67
4517
8981
851
2498
8087
2251
4938
1173
1104
2477
2185
5205
365
3517
3687
9562
1794
3623
5648
4696
2197
452
1293
7456
5298
2860
3360
9757
4867
624
1386
9811
8283
7065
3226
6638
7430
3411
2566
1606
9026
4190
5806
3064
5957
1885
1914
9198
8878
3404
502
8971
8608
6581
8606
4740
9476
5462
7208
4539
2499
4828
5900
2801
4437
5457
5307
4877
1624
1478
145
9212
5966
6723
2926
6228
8398
7231
3288
4930
8244
2069
6905
4560
1465
2075
747
5251
7031
9364
1899
6923
1867
7632
6148
1473
3782
6888
9302
9782
6373
379
7863
395
12
4612
2107
1368
9999
3250
2974
7349
2637
8288
2887
51
9335
7858
6492
3245
7254
8720
2645
2654
2398
3564
9963
4638
1837
896
5622
2388
2412
813
8138
9369
4363
9290
4703
1697
435
4413
7371
6732
7708
7691
273
2633
4635
2416
6752
3104
2921
8194
2976
5887
3894
2840
4464
5233
9236
1901
2301
6255
1953
2645
155
3733
349
1484
868
1422
2869
8821
6610
8177
3849
8686
6287
2893
2523
9691
5714
3983
9485
6502
453
1269
6224
5520
6381
2160
5177
2595
7580
5149
8307
3747
1065
2241
9260
7129
2899
9170
3459
9090
4940
159
8075
8675
7196
9095
597
7043
7397
5035
8368
5486
8878
9974
1450
3515
9519
3645
2896
2812
5605
6557
2694
8810
2099
9651
8373
546
5158
2234
3302
176
9947
4999
316
195
867
4470
8540
1409
3383
3914
1586
5378
9317
7877
3633
3099
8367
9284
8090
9874
7485
7395
7351
7428
7924
5339
8180
7924
2755
4636
467
734
2105
3628
1244
5007
7435
7380
8752
9125
7762
2509
6147
860
9002
7910
6353
2228
742
1107
5376
2374
7394
2793
950
5928
760
4645
5680
2349
5084
5494
7646
4170
9227
9233
1489
1201
8514
6830
2039
3992
9840
9196
8624
8380
9045
1911
6091
2986
883
1807
9234
3456
5711
55
6413
3661
3801
8951
9547
6646
3020
3878
4191
8932
2923
3631
5184
5678
3092
134
552
500
2525
9168
7210
8461
1838
6889
221
3501
3077
9529
355
9658
2971
6448
4852
3256
4256
2621
8390
1742
5200
2500
944
3355
438
6344
9014
8109
859
1155
8011
3760
4049
6034
7060
4230
2635
4307
2623
4788
2847
6161
5494
9164
9730
5375
67
7671
4926
3005
6246
1130
7648
6746
978
3362
7649
5588
299
4819
545
4307
8710
6864
9866
9045
1978
2971
1447
6060
6323
3406
6572
9930
4743
714
9449
6113
3085
4930
1008
6941
9008
8432
2708
5425
3695
3311
3498
8926
9220
6572
8943
7385
2794
7074
8009
2769
2732
5509
7888
5725
4148
6594
3633
8621
4094
8419
7443
9171
8820
8209
2354
7256
9225
4689
6754
8943
8451
1432
816
9970
5794
6114
7193
7164
8309
392
5047
9548
2034
4081
5724
273
4302
6767
9657
3646
2455
3268
664
5114
8097
7431
1466
449
7681
4875
2347
6904
3000
9466
4282
4925
3016
5404
4950
1656
6323
3502
5981
5839
3661
3363
6485
777
3838
9934
3715
909
8222
5819
8755
4834
2134
6150
4141
5603
1868
4351
3530
2643
7030
6893
1972
4831
4713
641
5783
5512
1055
9124
5992
2901
3544
9969
5574
6285
3024
6970
367
6905
8466
5928
6770
3982
1974
7638
9481
9765
2706
1008
2680
7851
8939
9665
4631
6090
1815
2915
7688
5394
3726
2035
7204
3480
2304
7557
7668
7839
2569
4705
6485
4770
3429
9279
975
354
4706
3198
1737
3779
9504
3015
2052
7366
795
2548
7290
553
6782
6649
4816
1146
6147
5712
4204
489
7609
2697
8250
554
7756
5912
7367
1079
10
9113
3247
8533
6571
3729
257
8491
5233
5676
3806
2411
8134
7923
6834
5237
9986
8916
1366
7213
5649
8637
9677
6643
6436
8934
5453
5732
520
3904
2001
7640
4238
9787
6496
2903
3283
9325
1261
6424
5931
7840
2259
3142
8364
8910
7450
4088
1081
5007
9922
6378
7694
5227
6069
8810
455
6266
1225
6992
9101
8754
2243
3348
8830
9237
4565
838
5724
3218
5932
404
2563
929
5417
7748
3401
9390
7384
1642
4424
6923
2997
8015
9653
1191
325
8109
2473
4496
6549
3332
613
6358
2022
272
5795
2232
6345
4321
1078
6656
2179
3984
6822
9508
390
8504
6150
8794
8082
8989
284
2450
2153
3161
4173
7176
7035
6840
1002
6705
7775
5428
9205
2489
6860
5661
6426
6244
8701
1862
5050
9331
3303
2580
3755
4909
3209
6816
6806
3772
5019
9716
1819
6440
6732
2869
5073
4785
9803
9372
3979
8727
7312
5579
428
1251
6762
2417
7141
1933
6736
6042
6461
6347
9377
334
1967
3404
9753
2196
9807
1518
764
8886
8586
981
3067
5877
7831
2012
6957
4168
2979
347
1202
2579
7537
9265
2730
7560
3682
8425
2093
5311
140
8049
536
4139
2933
7028
4110
5343
7396
4552
3049
8977
8813
4295
5409
8712
8263
7778
7727
2222
2223
6538
1834
5443
9637
9680
2592
1110
8646
1570
5453
3034
7908
5303
818
3551
9651
9867
2233
4626
9740
1859
1717
9065
3560
160
9808
4563
6995
1851
7618
8572
8447
7477
6924
6471
2177
2173
7954
1192
219
115
7406
4943
6023
6923
991
8012
2700
7258
8852
9181
2329
8514
474
2147
7717
8173
5280
8442
6500
5110
5188
2238
388
9817
9778
6162
8308
6846
3029
8227
5125
1461
4965
3417
2869
3437
5499
105
8343
6704
2673
8613
8240
1947
8850
9508
3844
9199
6674
3234
5816
2683
4708
1018
8376
9491
509
7313
2127
3755
7097
672
4075
3493
7657
9180
3250
8215
4717
8557
6846
581
2200
272
1692
6220
5565
3023
1375
8552
2358
8376
6893
5857
2636
8680
954
8944
5921
1233
2608
814
8418
7054
6181
4104
4106
2865
6554
7933
1123
4377
7901
4456
1845
8215
9838
93
2536
5672
9263
7492
629
611
6602
8437
7202
9704
9402
9138
4805
3319
603
6629
3670
170
6795
745
4994
1510
9577
9218
3753
1590
2212
589
6113
88
6096
2971
9202
476
8474
5402
5702
1462
159
2291
3809
6317
5653
8154
9159
9332
4512
726
9966
1531
8257
6105
9616
4322
4459
3788
8915
8488
418
6652
2747
580
2272
620
3665
2760
746
9890
2134
6307
5079
3350
107
8916
10
3371
9747
9070
739
8752
4950
3454
491
4750
8801
1334
5717
3266
1766
9593
8576
7648
3951
917
4988
2484
2824
2112
3404
6252
1911
3303
2495
7525
3829
9899
9610
7521
2865
1625
7029
7000
7759
2775
9996
796
902
7222
4403
7136
223
5788
7949
8846
815
156
556
968
3991
2221
2788
1008
3568
6703
4157
6280
4171
4500
4496
9904
649
7948
4243
9514
3646
3482
9674
4230
8931
9683
9921
1861
7593
5598
8210
8546
5465
6834
4523
6918
4234
7367
4193
6775
3693
8655
348
9704
3894
759
6222
7714
3251
3406
1712
301
379
1551
7516
6323
9504
7564
8477
2418
2859
3965
6711
1395
2515
8443
7984
867
2750
2694
5135
4915
3242
1410
2936
2158
5116
364
9098
6187
6852
803
5774
4362
3919
9344
2761
6693
2113
159
5259
544
3637
2695
4645
8703
5717
5515
4403
9636
4673
4085
4684
6980
5759
1311
1600
8986
1521
8156
2564
5724
5151
2756
796
8418
3125
8343
6318
1022
3699
2677
6478
2215
9232
8611
5946
80
5634
7505
1515
1744
8984
7801
2697
130
2203
1364
1141
8830
6812
2440
6978
6642
7377
8798
4373
9089
9514
7137
677
7943
6313
2579
9801
6803
9279
4903
141
7315
1753
4089
3208
616
6313
1126
7785
5664
3348
7771
2561
2653
7453
9153
5975
9912
7084
4072
4348
6856
5156
4036
9827
2527
8533
1767
9461
6347
8666
8730
4638
9125
1417
68
3576
3604
565
4161
7108
2995
2864
5277
8315
2844
4777
3626
2547
8533
6246
526
9989
6468
5895
6272
6549
8728
6323
8433
3343
2666
611
2829
9747
3026
5277
4975
319
8493
2058
1576
5627
6262
1335
6271
7821
530
491
1796
1908
4523
6827
2816
53
8403
3067
4480
4070
7739
4786
9033
5962
9537
6017
5050
2971
5677
4806
4067
6618
45
2670
691
9982
7089
9529
8091
6722
9482
6507
4876
1246
2698
1659
8785
3357
9744
1599
8381
1842
281
9420
6753
8173
8865
3671
4821
4565
6089
615
1287
655
8720
5526
8452
237
1787
7972
9913
7135
9105
8554
5430
3003
1894
1651
4195
8141
8456
1413
193
9747
5690
4962
1028
6417
4428
8797
7816
3086
4536
8530
320
8262
5046
2487
1280
5584
9099
3953
6799
3226
6693
1099
796
173
1038
3032
2175
2930
5561
8983
4524
1044
6758
5592
7335
3884
5484
5443
9621
9801
5685
5307
4716
8210
8809
2005
8453
4793
2809
8677
3452
9380
7307
2594
417
6645
2080
951
5099
3120
1644
200
3662
2697
6942
8566
7600
1843
8480
7326
2537
2673
5238
7413
7753
9858
9273
8331
7928
8356
6304
9171
8013
2838
1690
7612
9907
2832
6214
3500
6667
2919
9375
6635
2551
3756
4237
1945
6721
2952
2556
8046
4759
4558
3910
7625
2705
8267
7613
3272
4076
9579
1527
8263
5763
802
7216
8524
2856
5742
4778
5908
1489
5241
2646
9926
3351
1111
2683
36
3422
9516
4965
5073
8059
3431
9524
9801
2620
2662
4465
1460
4318
7530
7514
8858
7639
7384
8112
9455
2979
5705
7190
9581
2218
8119
4632
475
9804
4106
9518
8877
334
8443
4305
4798
2873
7625
7447
4763
9907
3842
1232
834
38
5254
2352
8869
7614
260
3130
4840
5480
6309
6385
3003
7787
2465
3134
230
3968
516
1757
829
3019
7622
2644
3519
1607
3402
4768
450
3448
9429
8561
4223
2031
4208
987
1631
7597
6520
3536
9265
8655
9794
1860
547
313
5247
7313
4098
3769
6078
5523
7601
5728
5051
2176
1521
4130
8606
7647
6869
2553
936
285
9296
1611
3312
7690
5755
4666
1652
9204
7162
9348
720
7087
5306
6510
6128
1221
3497
8968
1483
4865
3625
210
6834
1452
130
1132
7815
324
186
9883
2893
3727
6082
1861
6922
5015
9869
3974
8889
4881
9738
1460
890
4864
7631
5830
933
8999
6487
2524
4431
3841
909
9381
2551
6806
2323
1588
3862
7070
4625
5992
1086
9401
7302
9841
4709
7997
1555
6990
395
239
335
3805
2595
1840
6432
4562
3002
289
8521
4660
1723
8501
8418
2592
7828
4452
6593
9728
2234
80
1483
4827
1507
658
7029
329
9996
6284
6039
8248
6628
5794
3430
7056
9902
3921
1741
2676
8286
6977
3768
1662
9268
5997
9627
3039
5590
5604
9036
2378
3476
8855
3987
4838
6065
2794
4487
4837
2175
1593
8081
3860
4836
8384
5434
3234
9932
849
7237
2563
8382
1501
6576
8034
6921
7094
4263
9472
7912
9693
7604
5390
2186
9088
6960
8755
1784
7715
3796
3195
8709
9313
6726
7669
1765
9381
9500
508
5654
2416
4097
7950
2194
6815
7748
4634
1896
7524
9445
1969
3329
9386
986
6362
146
1767
8711
6571
3311
3792
4853
63
6541
3991
9867
3339
8598
7581
8049
6254
8367
3712
3255
131
6127
9354
9188
5168
8462
5217
5542
5761
810
3895
3105
5072
9311
3767
4786
9137
9951
6412
9156
7441
9662
3086
6695
7220
1814
6158
4652
9120
3469
4021
9589
1603
2353
528
8426
810
7875
2929
7176
3013
5234
3656
7093
7647
9554
9226
9471
2822
8120
6598
7697
6464
9723
9358
5191
3162
8139
2906
5904
6337
8257
4142
765
7473
8123
5847
9236
8710
3915
3862
9695
3758
9153
4698
3332
227
5621
8379
8420
1688
5568
1271
2566
8146
9048
2607
9294
2462
5006
9051
3627
9992
8665
8285
3225
6449
8974
8244
3167
2641
7304
8904
5972
5575
1419
8399
5264
1340
5365
8197
3292
3009
1324
6696
9368
4673
2275
1981
3072
1293
4684
9911
8624
4075
9679
5527
9755
5128
6851
3126
8226
2872
7359
3301
3775
6954
6215
7299
8280
8098
9049
3815
6447
6403
8728
8792
5059
4623
2327
1519
338
2845
8076
4574
2944
29
329
2765
8181
9173
3219
7675
7349
3251
9740
9971
5785
3959
1967
1558
6703
213
4067
5203
8262
2418
6128
2527
8634
1963
8599
2528
1639
3072
9920
2480
9454
7231
7722
4428
6703
4879
4374
4741
4749
6615
7070
4616
1407
5270
82
6567
5466
8900
3641
3192
3776
7891
4468
62
1714
877
4269
7202
9460
7966
8198
1798
3516
6645
8869
3145
3143
9323
4900
4950
5897
4284
8619
305
761
2139
4822
1352
5432
1261
7497
8821
999
4129
4518
1623
6849
97
8085
5284
5413
9660
540
6051
4370
2519
1037
9041
1373
3128
5313
9943
4692
5455
4275
2259
5096
3397
3097
2155
1008
335
776
6724
392
7123
8892
4455
2901
5141
4423
7227
8769
6963
2394
4176
6384
3194
9621
3946
4951
6154
2357
7523
7572
1993
7980
2224
5734
5605
9820
8628
6094
4539
7448
4595
4784
4856
536
6021
1150
2313
331
773
6839
6958
8316
3012
3851
5927
1015
3778
1047
7488
1728
8002
484
6678
8594
3001
568
9760
5825
1797
8709
821
8507
8098
2278
1853
5206
5743
3727
9370
9653
7230
7372
7628
5488
6989
6718
3755
4264
8931
410
6157
9556
2138
5759
3021
6825
9611
83
2385
5856
174
4345
7505
5955
5476
3090
6469
5657
6631
9520
1734
9015
7973
2945
6255
7477
3846
2183
2517
3303
1688
1498
3419
7466
3973
705
7449
4496
8720
8447
4693
6387
3536
9549
7769
7103
8615
5595
3187
9941
8249
3662
3075
3734
4484
9447
194
2551
6382
3921
4469
2473
5332
3994
1500
927
6392
6998
9729
4276
4702
9690
2677
19
2151
9988
2216
8186
5138
6771
3010
1402
1693
645
1142
506
1327
7628
8087
481
5708
9125
719
8948
6583
5569
3680
2338
5754
4531
9399
2178
3572
7786
4046
6780
6644
950
8340
3164
7487
856
8723
3803
9635
5011
1975
7540
3946
3451
3547
4851
2428
3007
9009
3475
8410
489
2306
2400
8562
9285
5232
1619
7768
4966
9180
3585
5436
4753
6309
9145
656
6938
2032
372
6218
1096
6583
1826
3613
1057
986
3369
9405
4441
8941
5124
5693
1888
2699
8338
8789
9155
5717
9686
3134
5453
8736
5831
4314
3900
2411
5107
4657
1844
2397
5785
8964
2306
2756
2572
9666
350
6956
7423
6380
6818
3074
9805
7353
1951
2453
8385
8431
4219
3542
5294
203
3739
9181
402
3803
3840
8616
6008
9184
7697
2956
7768
8923
3646
8811
107
6314
1966
580
5044
4943
6332
1891
9002
5714
8544
8919
6780
6253
9813
5648
7573
6605
5153
4757
6694
3462
4731
7724
751
1151
5273
2409
4368
6274
4529
7494
9383
2184
6274
2159
9342
5031
6425
6031
6084
2966
3497
3152
486
4780
8814
1780
1799
84
3510
121
2779
1644
7744
4652
7636
91
1279
8976
8700
1311
7856
6676
3219
7219
8189
3062
4026
8684
1642
4890
7687
5845
5047
2373
528
2649
2583
1815
5799
9098
9935
1226
6658
917
3926
7703
1876
6424
556
7333
8078
2919
3758
3392
7374
9014
5742
6031
6947
4722
8985
6283
3095
4054
4872
2943
2273
3017
6467
6898
4046
8229
2303
3600
6352
3193
9838
892
348
1033
2850
5763
6029
4638
3140
1971
7182
5124
6949
9163
4982
1170
1151
4353
8539
7630
7521
6771
9218
1103
1384
2039
8915
5473
624
2218
3154
336
3811
5304
72
4978
9257
2986
8005
3331
249
5717
3421
1365
8752
7635
1233
4663
7163
3925
6748
1983
5481
8637
5220
9963
6827
2170
789
132
434
2026
171
8687
2833
735
9792
1441
4528
2124
4414
5217
9167
666
9474
5709
1089
1112
8465
8213
3130
1922
5915
9401
1392
6472
7802
236
9860
5795
4046
640
7649
8540
8084
3864
6115
6619
5713
1148
9578
5537
9105
3931
1091
3236
3081
1037
7923
2689
7875
309
4599
2017
3952
1426
6512
2083
3838
9904
7105
1407
9892
1058
415
8599
6975
203
357
2470
5146
8739
5759
4918
6886
6493
9591
3664
3867
3470
2372
5231
2071
802
992
4590
7037
804
6062
820
2024
122
7368
3419
76
10000
197
6960
8272
1987
5501
1817
8362
5996
6428
8256
7961
6019
4902
1748
2335
3508
5892
379
7490
122
6809
5935
5932
8266
7556
5870
4748
3007
1216
3144
9388
7942
5061
3329
3612
749
2054
409
9093
7521
9767
7454
6200
7792
5314
531
2286
7832
1794
2415
3476
3278
7176
7582
1190
9839
8861
1573
7850
28
9704
3458
7149
2262
9297
1198
8313
8909
6074
4808
7522
4746
7090
5514
2760
1120
3651
1446
4788
4652
1829
2598
9662
3177
3401
1791
9485
1815
2417
8676
3181
7080
904
7889
512
7550
536
5218
6637
3256
7297
2514
1718
3243
4696
1415
5234
44
8252
7816
22
2513
4585
9199
8240
9451
618
6283
4664
3752
5025
2042
2157
8918
7305
6536
7860
5869
3759
1296
4491
6143
2097
9548
6974
7093
7066
7019
3683
2645
5972
2520
7929
9929
6767
4983
6723
3601
5323
430
4644
6021
4043
3313
997
8563
4883
5177
8427
9545
5905
7952
9087
7495
4358
5345
6561
4815
2013
9196
1914
6116
8327
9026
9182
4337
7521
6347
8546
6304
3060
2999
5789
2749
2846
224
3619
2768
6088
4405
4496
374
718
8532
7779
1364
3387
9870
9099
8267
199
4191
7162
8961
2577
4285
3123
5858
4253
8903
8494
8092
7236
150
300
8581
2498
4396
3702
7287
5222
8961
6463
8219
5448
5948
6981
7677
9036
3605
2140
7593
147
4895
6208
7315
5352
9204
2493
1082
118
2535
9864
6888
7033
6037
5782
1541
5894
7218
2596
5998
9387
1037
7055
3747
9577
7500
8444
90
7197
6198
581
9332
1462
450
8021
1475
2053
2822
5514
3330
7722
9621
7051
7527
8595
404
8505
128
9023
9027
315
5702
1625
3311
2021
9424
9499
5059
8937
3005
8808
8354
5172
3858
4101
1343
4655
4884
1577
9762
5900
7317
3407
2236
1200
5937
7088
739
8561
9425
4052
4178
8689
3471
2028
8585
9349
148
9459
2901
6089
6718
1564
3234
7719
6463
7805
4881
4227
3855
8183
9793
610
4642
9444
3379
8266
5729
7407
5429
85
3906
2425
3539
2032
3646
7699
3461
9347
4235
5281
5416
1691
116
1760
2226
5440
8229
5761
4794
9082
3049
8346
5221
929
3122
3664
7830
5345
1005
5172
3429
1981
8948
8584
9418
614
1004
8238
3843
5551
5361
8166
6609
2646
890
5439
6687
5352
6756
3375
6390
6316
7974
7242
429
6944
3108
9351
2743
6902
2718
3604
1661
9865
220
319
6078
235
5911
1622
3167
6552
246
903
4164
3474
7219
5167
3061
2928
9981
1690
8934
4117
8203
2106
3731
6014
4970
8387
5319
158
8717
3808
7237
1236
7967
7483
7638
7759
7649
1698
7155
8842
6228
141
8516
751
1823
7558
4367
6968
5860
66
9254
1117
2461
8878
7418
4747
3894
4467
2431
2608
4963
3229
367
4393
2189
1646
4075
2831
1480
8140
7989
7668
6897
8672
1974
8437
7094
9082
6173
9823
4116
8158
8590
580
7793
4357
6199
5975
5223
9551
8723
6291
3137
5706
8429
4151
941
7835
2135
2463
2916
6770
6485
6447
8515
9371
2631
7805
2433
6781
6618
2019
9316
1234
3031
5326
9568
3383
4283
9447
670
8301
8697
505
8130
5722
4632
5852
3203
5620
8679
6277
1839
9582
1737
6956
4230
6701
8113
2860
7228
7096
1844
7007
7014
7565
7784
5843
2388
1942
2222
8488
2155
4916
1624
6449
3022
3081
8159
1358
9961
2419
3981
3140
6158
6278
9611
9031
5664
7422
8677
7141
6049
6648
7359
1137
872
5349
5331
8663
6467
3717
9934
8583
2919
1039
6619
7986
5957
5444
735
3866
6901
9533
9156
9380
2637
3863
8065
1760
4864
6433
606
817
301
4853
1071
9697
9846
1444
2437
2840
4580
1560
5310
493
8919
7918
9932
9014
6830
1584
2741
6401
5323
62
66
8145
9448
2422
3345
5398
7206
1082
4049
2436
5643
4146
3268
6924
3632
8086
7152
2747
7331
3795
8015
4082
5546
1227
5799
9741
7895
22
8695
9277
4368
876
4450
3874
2647
2386
9553
8030
6139
834
7206
5376
9907
3479
935
8398
55
6290
6175
3398
2086
3493
3736
9551
4254
462
1126
126
880
1564
8891
3836
5874
157
1395
971
2307
6236
4413
738
6566
9057
7699
1953
1599
3197
584
4486
2958
6685
1253
8278
1191
9546
4035
1111
1356
9504
2180
5549
2969
8758
7061
458
7731
55
633
3101
5973
8304
7277
7905
430
1452
7648
5358
7883
5411
7790
5702
650
583
7608
71
807
9629
7794
7184
4270
8967
1052
6973
6925
4890
4237
7388
9663
252
1769
7022
2813
3784
9060
6996
901
1217
4633
2924
8437
494
9783
3669
1704
2386
2317
3540
2419
1098
2473
7889
6573
8420
163
5135
8527
6486
6199
4642
5771
899
6532
3288
6104
6520
1136
6930
1155
3610
7599
9097
2794
6930
3673
5027
7333
6237
1282
8835
4628
5418
8150
8401
3711
8295
5072
5526
1054
1006
3290
6307
3145
6655
7601
4340
9985
434
4867
7336
8023
6100
1499
2462
4426
8026
570
2172
9084
6557
8642
846
1674
5667
7309
5388
2747
2436
6170
1263
1678
6241
3225
9799
3600
1882
8265
8597
3568
3813
9604
7620
5363
4509
274
9579
3975
5213
9166
1398
4862
1949
6116
4494
9494
5266
6300
5503
1022
6507
7496
3638
4746
739
1401
2234
4092
3012
8971
3421
7342
1598
127
2009
8954
3611
5822
205
2550
7670
539
1156
7130
3966
223
4101
6594
8673
5441
9841
1289
9705
7831
1690
8860
9894
6372
1351
4822
7106
1144
307
2795
5234
9145
2074
3447
9142
8389
6134
7861
906
3541
1822
2710
1872
9883
1440
8775
8762
5598
5224
6892
6695
6693
2813
1303
1682
8048
6518
9061
7382
3813
6838
7641
9166
6044
6440
614
2115
5705
3769
6983
1803
8587
8436
1661
8606
8576
6058
2540
9201
1474
9305
9182
2740
5051
5142
2815
7670
9955
4365
3731
8858
2016
1435
9350
4136
7807
8594
204
3841
3422
6244
6027
1678
3890
6913
3489
4372
3062
7269
8735
5963
7165
406
7994
6979
7171
3454
2897
7610
6631
4896
695
8329
2666
2980
2184
3427
673
3629
1036
8233
976
5353
1828
4179
8802
7553
7608
5960
8689
5786
8297
5677
2337
9827
4682
386
3150
4969
8698
5352
1679
156
1108
9
8880
2987
9227
6920
5164
5548
9148
3894
470
8392
5206
4516
1697
6693
4304
6895
6406
8548
9498
9537
417
3352
6846
8114
6230
9627
6464
9729
7224
9195
1878
6104
7701
2184
7360
2139
7771
3512
249
3268
1280
8099
8498
8838
4160
2924
9063
5812
9740
3375
4656
4507
3248
9615
8047
566
9594
4950
6452
8938
5243
5691
9487
8583
1789
7274
801
5416
4597
3385
6451
1590
7539
6019
3544
7772
8366
8846
9549
9413
423
3723
9065
6461
3582
8257
3989
6569
2095
3053
6322
3884
9996
9905
4005
8402
3596
6148
3181
4644
6626
7713
9264
3647
9205
870
8357
7472
9844
5423
7852
6978
877
707
2968
9811
1708
1578
4369
9447
4072
6035
4346
9091
1785
9498
2669
6698
9484
2825
5018
5066
8162
4915
1752
1563
3227
8769
9188
855
4646
5441
4979
8600
8807
8630
9214
2469
4575
7492
2196
3954
1734
6732
7595
4673
7159
5384
8052
3441
3785
7025
4464
2263
7604
5887
8662
279
4074
8926
8934
8568
5902
9487
4298
7323
2918
9508
2536
8545
2196
8031
2289
6095
9686
1126
8158
1415
9199
9951
6712
4655
8760
8177
9075
1868
8686
2006
4366
9303
5464
6110
2094
4244
5116
3548
7800
6139
5183
4512
4837
8943
4162
5792
9505
785
752
9155
8097
5793
6895
9339
5797
5618
2358
9131
3400
3573
8388
9054
3850
5456
5438
9861
7181
2194
2604
8889
8597
7893
865
736
8295
9920
2175
1815
8899
9224
6953
4103
783
7977
7712
3401
526
4587
9457
5141
1643
6317
3681
8739
6388
5756
8621
9275
6659
4319
1964
6565
1670
4752
1740
9848
9793
572
7559
451
7697
1418
5349
8559
5799
9265
296
9756
2865
4644
8608
4024
4690
2712
2019
7165
5219
4394
7038
3264
7151
5432
8255
7474
9405
6420
5955
6554
4992
9284
998
5997
1815
1973
6101
5001
5078
9687
604
7236
125
3050
4390
13
817
3491
5492
6681
9633
860
2112
2025
6725
1604
9549
8668
2440
1611
2758
1881
3343
4364
8663
1368
6406
356
6769
2030
5965
1353
3578
3766
8356
3299
4460
7932
8748
3056
4561
9664
279
703
9357
1591
237
9500
2557
9958
2107
4920
9738
6828
4032
1999
9672
4135
9407
696
6041
4099
8687
6835
8802
1197
6888
6161
5485
3259
8639
2488
7732
7266
911
7621
4218
963
5604
2203
6325
4098
5180
964
5111
7199
9717
3001
2490
7117
6082
4389
3751
7917
5180
4167
7633
9591
195
3283
770
8815
901
4422
9590
163
1431
4283
7942
7082
200
306
1489
294
9545
2349
1175
498
8681
8305
1968
2561
9537
2495
1086
3431
3190
4118
511
6787
1348
7843
4767
4875
3182
9612
305
6705
9997
6040
1460
2644
3075
9732
8709
1418
4702
9599
1399
3669
4619
6486
3842
8372
8306
5099
4324
7193
4677
4839
9996
2953
492
306
7264
5734
4546
9387
9378
1319
8217
399
382
7334
6008
2637
1076
765
5782
8652
8099
5517
8745
6830
342
6210
3864
5467
4220
5580
7338
7719
4190
561
6510
2996
1761
9465
8847
2424
8612
3901
5373
7347
3076
2246
8470
7473
8302
3390
720
6682
9404
4962
7161
3021
5962
4950
3679
560
2748
436
1749
6606
7497
4155
7305
6191
5766
9912
8817
4964
7299
6525
7992
2872
397
1583
5519
7891
2057
7354
3106
3241
6959
4828
2789
4438
4525
523
6519
4577
518
1650
4758
7000
9398
2434
9419
6373
2455
6292
4204
9322
739
7629
2647
2092
1776
16
9174
3313
3569
4796
7675
5427
8130
6255
2417
1722
8102
1069
6530
9792
6987
5997
2839
153
8707
7069
9814
6704
1261
6020
2152
500
484
3810
6271
5386
881
7612
6186
1126
6787
7640
3393
7267
5482
5376
3487
8774
9006
5758
3709
7073
7590
2650
657
3681
358
1915
184
3395
6933
7024
621
7056
7222
2661
7448
7498
7184
6023
7058
9911
1237
5167
8229
508
1962
4251
1184
8378
9108
4617
6718
9701
720
1980
2681
2387
6748
5827
571
1845
1965
9288
5938
1216
807
7143
818
2066
6225
9166
8645
9576
1731
9054
5680
49
584
2289
4807
4411
4205
9125
7329
7176
4591
5531
4770
7476
1119
6256
7183
9086
4314
1426
2480
9698
4849
6574
784
4191
5031
2520
4832
9718
2679
6278
8001
1835
4607
7230
4132
2242
6063
1968
9622
4739
3522
2231
209
3694
818
4274
575
3246
6311
4134
4528
6192
355
9391
8267
2185
4922
6184
6891
327
5467
5692
6890
5427
8552
9832
6240
6219
2019
1989
6547
1392
5871
3485
3636
100
3508
8045
5277
8973
6287
6269
5104
7932
8082
9537
7943
6796
4328
5832
9273
9119
6673
1256
1490
7334
733
3193
9079
8187
2473
4028
2429
362
6353
734
9515
565
338
2067
4618
3669
3665
9791
3778
660
2794
2194
8873
9896
1623
9692
8601
823
4805
8862
9248
4786
8803
8338
7000
9419
7155
6598
181
2189
1449
8242
1070
9861
241
9817
7991
1852
8947
2142
7017
3809
3296
9464
6751
9341
3007
9585
6031
7499
3791
5520
7126
8266
1358
18
3185
2629
5032
7333
6432
6076
3120
4792
5162
8811
6869
2010
6956
2062
5065
9268
5224
5762
8261
2863
9607
6040
9183
744
5146
9554
3769
971
7455
6652
5892
7536
8058
4317
3054
8299
9873
3281
8517
6149
9873
4215
9831
3171
9950
2489
960
998
5573
3564
1744
6822
6030
3440
9068
8230
2176
2023
2300
409
9949
4442
3412
7509
6669
1186
2221
2570
2429
2237
9900
7696
3416
5994
9758
7074
5422
2536
9333
515
3794
5777
3532
7258
3331
6789
8097
7393
9040
7261
8379
7200
7716
2162
3310
5875
7366
1553
8702
1232
6633
2513
2536
4426
3374
4501
2689
3391
3661
9962
5932
8139
8541
5531
4294
2215
2117
6013
8322
9791
5531
1726
3548
8556
8855
4778
3400
3085
848
6801
101
6852
9548
6210
1751
6151
4072
2734
6527
384
172
8859
6435
4251
5700
7791
4912
8591
9211
7851
2541
3854
4300
4766
3655
9548
6070
2175
7610
6691
5964
2345
13
8016
8193
7148
3115
3416
6218
2834
6978
5
9719
3184
9111
8837
1360
4710
5062
3830
6665
9436
9193
2373
5478
2121
5495
3175
3863
1513
3967
1521
7961
7523
1250
2549
7390
9539
4091
9785
2724
6915
7609
4372
491
4835
227
2813
6508
5363
1945
1545
5506
1908
5291
9691
4351
1808
1537
6611
7553
8451
4301
2469
3758
249
9425
9499
5149
9570
7232
9746
759
2346
7274
2572
1490
2048
4834
2229
5928
7306
6832
4703
6987
9495
7272
3731
757
5150
8699
4877
9972
2228
4032
3689
4533
8526
5740
4837
7685
4272
7547
1361
2262
675
7956
2852
8091
7842
5680
4303
6701
3136
8982
2985
6303
660
3182
6282
5109
862
5543
4960
2291
4654
3343
5893
8358
6766
1402
9793
9750
2091
3385
4926
8895
2270
6199
8071
8761
7277
9432
5692
2021
4632
6243
181
8674
6087
516
4978
6249
9030
6004
881
960
8675
5952
2462
4207
3041
6574
739
5890
6512
5390
1219
9718
1001
5127
3343
4800
9442
9843
8867
8647
9153
6929
1034
7934
5886
9088
5233
8837
580
3129
8485
5256
853
4625
4322
1177
9856
7239
3360
102
3301
6624
4253
5961
7293
4727
655
2923
9338
9124
9295
3613
8055
4125
6460
5375
1214
5446
7095
7455
5737
312
5747
9679
8298
92
6978
4465
3599
5217
5237
6396
5613
2000
4866
8570
1362
7843
9154
8674
2114
4389
5866
9009
9660
4045
3883
2187
7997
972
2401
4527
9780
8281
8620
1326
6852
8109
7143
5787
257
1168
5190
4032
4912
6837
1382
8232
1119
6976
2779
5360
2390
1032
8003
3494
7812
3784
8009
4082
8838
9513
9955
578
6747
3097
9589
5361
1059
5672
8247
7222
8462
3321
2351
487
620
8779
794
2587
6368
3108
2712
6011
554
9451
1834
2210
8126
3644
1887
1381
4701
8188
718
944
2723
8458
2464
3278
9574
3485
39
5762
3457
3368
3633
2529
6263
6759
6590
6342
2534
2649
3501
1930
194
503
5648
4028
9616
8128
847
6630
2663
7692
1153
9423
1676
8340
8275
9546
7401
8830
3567
8736
7099
8710
9254
8721
7947
7784
1371
5493
2933
7728
8226
5066
8300
940
3764
4413
7267
9902
9419
4273
5045
1489
2785
8630
98
6679
5553
1054
2007
4734
6865
3702
2141
6470
3600
3576
5952
7673
2310
7967
8514
5907
6726
5238
3931
8497
9124
7463
6087
4885
2645
9541
5569
5128
6290
8269
4036
3392
2734
5027
2467
30
2868
5197
5029
32
6635
6095
5673
9183
8867
1635
2011
5088
3486
1365
5419
1349
3392
6401
3299
2389
8492
5270
2267
7902
6116
1915
4669
4352
5320
5374
9340
7815
4643
2573
9276
9091
3696
8804
1272
9069
7214
2075
204
5492
1645
3919
1132
3639
7258
9526
9211
3509
2602
1383
5219
5528
9752
4532
7074
7326
204
3067
6899
8628
258
7295
8506
8180
6402
52
5310
6155
2326
1457
5421
4001
8585
5380
8349
7971
8123
2944
3099
1549
4005
5429
3588
4534
2752
2265
2766
7039
7414
6987
3710
850
6293
3786
1547
3065
4043
6849
5226
65
6178
421
762
3947
326
8159
5690
8543
2197
1797
350
8469
8437
8807
4386
7781
6346
4927
7729
1546
67
9632
2304
3906
3493
4127
5804
9062
2362
427
258
6365
3744
5498
8883
1220
6283
338
2406
9822
674
6212
6929
1171
9629
8487
1212
3236
3292
1903
1830
3368
5490
2602
7413
1088
2250
3086
3835
4046
1442
6529
7690
3467
4489
4683
6769
2005
6882
4760
9411
8532
1231
2829
1535
4868
258
1801
9896
3544
2365
8753
2741
5537
5307
4849
1708
864
2648
119
2208
3139
7512
6142
6775
7846
6745
6650
4168
2173
3180
428
507
8670
1719
8111
3449
3877
5526
6919
5742
1100
8257
4224
28
1313
8149
2815
1931
7286
5420
9895
4200
4838
97
1821
5488
9677
7685
3468
4053
5216
6062
130
6476
1827
383
117
8288
3316
6815
8835
2985
9892
8456
5169
2609
6447
1605
142
3597
4328
4259
6348
3477
5799
704
4665
233
852
1437
6903
9837
7687
6956
1831
274
1809
5881
8416
2855
722
4919
852
2273
5679
8191
3202
8248
9296
7815
501
3875
7379
134
2537
4429
9250
8582
8229
2567
5648
1132
758
6570
1918
4533
2263
4564
8195
463
275
8787
1675
2887
6228
2600
1138
6072
2107
2428
4565
155
6887
4689
8709
465
4768
7360
1370
3193
1005
4900
1486
7437
1969
212
3255
7115
4879
3441
5101
7213
2155
689
4515
2518
2737
116
1490
8846
1437
7276
1139
2877
2154
4113
8057
3846
9932
3315
5176
6855
5212
3040
4216
420
4646
9337
5475
1370
8380
6899
3252
1534
5723
7500
1739
5016
5800
593
8092
490
3539
4104
7584
8559
2536
5800
6559
3117
8194
9218
1142
6057
4744
739
7665
7335
9885
1109
7059
7377
2208
1154
632
8746
611
6622
1995
9505
574
92
5571
8170
3272
6555
9925
9128
6421
5317
8517
3580
8527
5979
2270
1946
8025
2599
3233
8728
5576
8854
3460
2156
4425
9434
2094
8021
5402
8220
7813
999
4948
4714
6192
8947
9248
9358
1275
3317
1015
6977
6859
7283
3915
8366
9607
679
3464
229
2068
8826
1989
6545
1086
6604
7633
7570
7748
9455
1830
9452
4053
1324
1242
1984
9128
7548
9058
8900
7681
8100
5258
228
9414
1366
4910
2023
295
6020
4044
925
7413
5347
3608
6348
938
2349
6641
7383
4404
7780
5613
8168
9382
3526
6219
7884
4426
9612
7618
4423
8227
431
8163
4555
9823
4169
2367
4128
9204
4208
3524
1401
8250
4530
9476
5588
6195
6951
3143
6156
3735
4713
9788
5198
5193
9485
8255
5364
3800
4589
3919
5121
6217
7866
5162
5715
2071
6552
3080
2699
52
2536
8407
261
7787
186
9401
1806
2757
5288
7507
5557
4557
2330
6811
7512
1384
7824
3147
7117
6174
374
4932
256
5659
2364
4808
4011
6431
3531
2319
1754
6670
6113
8950
5897
1120
5387
2220
5939
2074
1278
6214
5284
393
9788
5626
1909
9640
2837
3289
6937
4608
2947
1951
2422
2731
8822
2011
4027
2344
6615
6824
5607
2590
4272
3379
2943
2337
7620
1791
9799
9828
8004
9815
7000
6418
4346
4986
1042
7722
5531
9566
4868
2397
4388
7793
4744
3818
5136
1251
7610
1599
6197
2779
8325
3656
9074
3517
4320
4613
9499
2342
1118
7664
2407
4769
631
7615
3586
2784
4712
8309
6286
9196
4457
9157
5529
1247
1647
1582
2936
9518
7454
3622
9959
1854
2095
2655
6169
9632
3345
5679
4909
1844
8241
3739
5672
1752
9716
60
7604
7557
7058
3066
6674
4763
2510
2273
2106
6704
2727
4489
1231
5825
7462
5508
5345
4576
56
4834
6006
5299
1860
3332
4250
5596
1919
5353
8307
8600
2256
78
9739
246
2341
7326
1310
1876
2747
5856
5995
5593
8869
8875
5208
9997
7538
579
6381
6984
6166
88
2604
2846
5112
5923
790
2933
9687
9208
8867
7816
2661
8078
6896
7170
4870
1457
8870
5367
7200
141
2781
8686
2300
7975
7144
7932
1216
4701
1557
1853
8716
2919
5697
7953
413
4998
6459
3692
4345
2497
3184
360
4907
1248
3604
9142
6264
8731
875
2876
783
744
3029
7769
2521
2609
1186
1119
3027
8880
4337
3382
3541
2582
4542
2621
1993
2843
1009
622
3985
9515
5668
3522
641
7389
7175
7433
5851
6234
819
5305
3031
6022
2739
9051
7268
6568
8865
4065
5654
2182
9162
8881
1461
3195
2376
5994
5321
6201
1777
9503
2490
6508
6034
997
7045
4689
7792
7086
2233
8281
735
6097
6849
2959
5906
979
4561
8289
3844
2794
263
3697
8986
6828
5325
2881
4205
388
3593
5132
3806
6696
4840
8564
6795
4033
7756
9901
1754
9057
6555
3742
5602
295
6292
9871
96
2929
322
6460
6177
4277
8848
8423
2821
7473
3340
3443
5856
6090
2211
1003
8627
8769
7689
8135
7687
2194
3565
5719
454
2432
4164
3270
206
8634
3803
9491
3851
4922
2233
7716
1191
5367
2366
2324
6529
646
1070
3419
6722
3597
1611
6708
1538
2646
1646
662
3234
9911
8355
6133
359
8072
7841
7484
2372
5149
7889
1132
3096
6976
7290
7163
8809
7330
1036
2862
5505
7889
5175
3787
6166
2966
1260
6674
6668
4471
1164
6836
6129
670
8747
8698
7237
9068
7070
7559
1400
8172
1285
4812
5197
787
6018
2104
4240
3073
6671
7310
4007
174
5803
216
9576
8905
9825
6137
5454
4394
1211
3738
2840
6532
1752
7117
7309
2367
4486
9811
1075
1575
7796
488
1225
9295
5197
9080
4001
5882
1185
3225
7123
2193
2343
3916
3301
377
9640
2521
1296
6810
9278
3138
2122
5881
5606
3032
5181
2514
6843
2954
3946
7162
9683
6923
6320
2584
3910
8451
5471
638
8044
4543
8071
6362
8646
5309
1728
354
9924
8559
5621
8782
923
9680
1345
9424
2792
9895
1934
1892
9534
2393
9878
3023
4140
395
1013
2347
926
2994
2086
9053
7345
1579
6298
9959
8296
4737
4175
3504
1192
8690
9718
930
8460
8003
4780
7825
7157
6065
7325
8303
6385
9328
687
4002
8705
858
2193
6274
1684
9252
7192
8815
2531
4852
7566
7230
1599
3264
4558
8805
5355
1638
4133
9590
8994
9787
237
1036
2895
8603
3089
649
8770
1963
38
3593
2974
5456
9171
4457
3602
7338
8445
971
271
3864
6179
4883
5160
2143
6390
2201
5836
4089
5827
8263
4251
1931
6507
8224
4317
1035
1517
626
5278
7061
7380
7963
3991
789
7977
4876
7712
1955
6935
165
7769
5248
5304
8220
9781
9258
840
7296
8635
5775
2350
4999
6333
172
749
8737
7942
1438
9518
6532
7419
6843
5606
8121
4825
359
3435
7026
8149
8211
4383
3048
3976
2396
6004
2615
2868
4859
8213
4599
8851
8653
3160
2331
3811
1267
1984
8507
9447
7018
4622
636
3613
9715
7503
639
7777
6948
126
5257
7078
1158
2021
594
6713
9112
9315
9802
4314
9287
2563
6322
8660
9783
3831
9282
9932
5934
4896
15
6921
7312
3340
3997
2641
708
7708
7224
8253
269
4621
1640
7642
3639
3051
4997
3636
2511
6299
643
1566
7982
3988
6101
4905
8670
8314
2688
4891
2218
6828
2959
2494
5353
7600
3412
9673
500
8400
8300
197
1148
7241
6186
2618
3959
1320
520
200
7345
269
922
2061
4382
5357
42
7917
4548
5115
6660
7125
6369
5466
3334
6734
6448
5500
1505
4983
2046
3135
9251
7173
4813
5412
1401
4733
4384
1057
3138
6030
7675
515
4877
7770
2310
7899
2806
267
5474
4600
3526
2409
6804
4506
2251
6379
7528
9248
1713
2843
1484
7668
3947
8561
6773
9524
4534
5379
8193
5599
1987
6751
5741
865
6275
2467
5144
144
6508
4827
1553
9120
4110
8848
9816
3820
2051
5295
9488
3013
8966
803
7182
9771
1446
8797
3251
1362
3055
8763
1573
5149
1785
702
6987
8213
9425
3736
4546
1892
2157
7028
7241
1396
2054
7953
208
3222
9041
7515
5765
1291
5469
4130
4660
75
5446
3793
4055
4223
3705
3043
5912
8977
1220
5551
2375
4492
8204
2001
8673
8127
6750
9246
9348
3552
7668
1367
499
1914
9852
9242
7252
2825
8767
7058
1964
4368
888
1648
5363
5819
4569
9809
7511
7700
1225
5982
27
4585
6301
4680
896
4170
57
4029
6883
168
6302
5082
253
2449
8959
2956
6279
5625
3482
3312
7915
9463
9053
9865
1034
3109
3938
4413
714
9970
8293
2488
4188
8504
5393
4185
8908
9462
3373
7630
2780
5411
3104
12
5155
6797
4344
5734
3270
9332
8690
3571
5570
4864
2075
7709
4295
8122
2301
8083
8248
9314
1398
4426
4152
6298
9634
9832
8654
7995
233
5420
725
578
7034
118
4214
5655
3482
9294
502
1838
9652
1451
6143
8727
2678
519
5192
3423
5144
5774
8698
8640
538
5410
2780
3094
4326
7528
7483
9877
3371
9267
1294
3247
6638
8407
566
6927
4606
1033
4905
8191
646
2826
1607
8764
2026
2441
7151
4825
862
4391
7475
4709
8185
1085
3074
9358
2000
3377
2315
9825
6453
2579
253
7132
3024
6490
7945
3301
6834
606
998
371
4350
6573
8927
1262
3268
7027
4959
1613
8947
369
8939
227
9036
7999
8821
4642
1941
5114
3826
2042
2059
885
1694
6948
3392
64
7172
65
4973
163
4277
8510
9480
4698
3760
1507
807
8019
9682
4879
9366
8481
9681
4402
6371
7729
5411
2061
6973
3046
8178
1074
3557
854
1606
9822
6625
6135
1865
2487
8987
6574
9553
5511
9098
1061
9503
9097
853
2256
107
3229
3808
2646
9902
3071
6049
4055
7927
5620
7829
9031
905
1838
5608
147
5617
3392
9862
7509
3442
7552
2522
5245
5446
3022
3228
408
1717
1899
7473
8107
7141
2171
8523
6457
1007
4289
3625
831
6029
4327
7107
4441
3139
7870
9135
2541
1031
4874
8152
9487
1530
7029
1721
3566
181
5511
9141
44
9692
8879
5440
1742
2531
8817
8904
9786
4554
3161
6487
9087
8458
3556
6426
7569
8281
8944
4356
6984
1064
1948
1161
6102
5807
3365
7872
817
6811
2039
529
3243
3989
6924
39
1491
2987
8847
6171
8034
8899
417
1496
940
7762
918
6639
4978
5794
7784
8024
634
3198
3624
7519
5946
6479
6903
7570
7740
3132
1368
4594
2759
2191
6455
3475
2487
9541
6409
8782
6756
8744
7806
4270
7287
9145
4719
1742
3508
2599
8188
3445
3267
3123
7419
8683
6372
571
2486
7549
806
9212
9109
8770
8406
4949
5669
8008
7687
2192
2736
4095
6442
7673
7424
6583
2727
1178
1615
6248
3107
8219
854
3487
4499
4664
5005
8448
9660
5875
7937
8784
6887
1734
1220
3054
1016
741
182
2838
1026
1305
2090
4263
5955
5579
1266
7834
1822
423
1950
7000
437
4152
9929
471
587
7358
4595
4721
5255
5910
345
5623
3782
1199
5405
9862
2699
2181
766
3306
6089
2723
4536
5485
8529
4867
948
5786
9367
4943
7695
5067
6943
7573
8980
8180
7555
744
7528
1984
944
6460
9329
7588
1254
8812
9116
2860
203
8320
2921
1094
1671
4193
3253
1297
3666
7421
4269
3938
477
7679
678
7850
3363
7044
3911
5996
2820
2288
923
8671
1392
6953
3316
8034
2066
2168
3069
5536
8977
3525
2525
8957
4202
3292
4565
8845
6696
3038
2349
6109
6309
7566
5176
9704
7273
9837
212
2153
8190
2151
4428
9676
9936
1450
4852
2880
4081
8919
3174
3484
275
1072
6987
6513
6533
7505
6544
1518
4090
2173
5951
7660
8476
666
5081
6894
8084
8975
1973
1545
4796
215
9608
3109
375
5928
8595
784
5040
9813
2087
5869
5111
6859
6459
6931
2868
4173
3592
1533
6562
2767
6642
174
4961
6170
7744
3428
8831
8045
1500
1843
2865
3602
5721
1047
8611
488
2422
3158
1667
8128
6475
4928
3484
6136
4045
1150
9577
9188
4314
3313
5794
5476
52
9057
9690
1220
5777
9137
9475
6965
5625
4232
8121
1694
4819
928
2787
7841
870
9405
6520
5576
6986
6725
1981
8074
3183
8934
7879
208
3023
2707
2839
5895
9464
1886
5300
279
9324
9707
8732
9067
855
9269
5923
8144
9787
3196
5773
686
1643
46
8753
7426
4964
9404
6691
2683
1615
9974
5877
3770
4967
9897
7348
458
3875
9072
3195
3244
7576
4536
5702
7076
9151
7071
8655
5323
7224
9153
2663
7025
3046
9839
5080
1873
3842
7766
2837
335
7582
1795
1922
1259
2452
3215
5889
1001
3521
2894
7227
965
9052
3063
6805
3387
4076
8514
1015
6930
2198
2139
1474
80
6239
9880
6064
9552
7894
4519
3172
5175
4055
6170
8121
5766
9326
3844
7425
6791
1907
6896
5610
9767
9553
6959
9687
5793
4929
4674
5448
3445
3379
2803
3832
303
9547
1503
3549
708
3761
1513
1650
2021
1185
9415
3056
9159
3249
378
109
5399
8301
3124
6346
6387
6025
8302
923
658
3581
9155
7646
9758
832
6375
4444
9711
5676
6646
1147
2158
8719
4218
1279
4481
3848
6110
3007
3842
4810
1434
8616
8518
9088
2201
2205
2200
3594
7830
5471
8479
7702
4418
9747
6497
1507
2612
7268
2695
8569
6682
3876
5120
9154
8878
9682
408
384
7414
3307
5950
85
8948
675
8838
981
731
2600
460
744
1227
3509
86
9202
2447
7240
8061
5638
6002
3601
1999
5149
1117
2637
9185
7066
3166
9803
5634
6619
9721
4638
1524
5064
7893
5860
5237
3806
8707
8980
2803
5424
7909
9761
420
5298
32
4974
6382
3170
4800
5884
5476
421
5839
3971
9260
1785
3038
6109
7591
5150
5471
6094
3317
5352
4436
6853
7895
5014
1396
1117
8982
9782
546
1692
5639
5947
4588
243
9970
1213
6032
1957
3924
3129
1577
7648
8010
1656
1266
7591
9874
1580
4593
5108
8695
9865
9343
9336
5652
7699
7234
4217
3641
2903
2413
7625
8098
7706
7089
4579
1909
2511
4874
4504
4426
3866
6179
9503
4749
2090
4466
7560
9549
1728
923
7901
5913
3392
968
923
1368
4491
4239
5201
4926
6391
5391
1368
6562
5799
5836
2994
3513
7488
1712
5136
4385
900
8639
2706
7137
2780
5286
3805
105
59
1185
3922
1026
9008
9428
8135
2408
8363
7754
7570
2566
185
7892
6527
227
8663
7034
1221
4714
4859
8508
5031
2748
2689
7430
6823
9311
8159
5644
901
2872
2471
3028
9953
7147
9257
3222
5632
5399
2848
5689
8676
2422
9222
4412
4496
9678
2737
5694
3329
524
2131
6428
1067
3128
7757
3774
4781
3113
2348
2661
7035
5100
933
1114
4913
618
6475
6474
9917
7793
3887
2839
5953
6248
7472
607
1465
189
3919
6197
3448
2108
5821
6915
3575
9462
1405
6871
1540
8173
6689
679
3292
8430
7675
389
7975
5053
7931
8402
4881
7110
7947
3654
8585
3842
5423
8799
5176
9633
9784
1464
1916
3096
3676
9414
4032
7355
7474
4775
7931
4143
32
3247
6284
8603
6160
4428
2600
5942
6040
1693
1075
2311
5971
3970
6189
8657
1261
9438
5297
4225
3407
6233
9451
9230
3360
3963
4558
4463
8639
6373
2245
7234
6771
5947
7226
2067
4656
8918
4799
8616
1517
8777
395
1359
19
5337
1307
3619
761
5305
3180
3689
9049
3559
3809
8634
4082
5751
4617
1221
7366
8373
4878
786
2340
6585
2220
9620
7918
3689
1176
9469
4774
5609
6047
136
9691
2632
3319
7806
9465
5577
956
7716
5678
7772
2149
5263
2560
1446
1456
5313
481
6800
104
3050
326
5376
6773
2688
9536
3153
9031
1938
723
9323
3810
8566
8339
8453
4302
1467
3724
3237
2651
7519
2570
7603
672
1261
1572
2273
5422
7360
8795
3872
2338
9128
7908
9382
5059
5687
1262
796
2362
2187
7431
4114
6700
1678
5415
4017
6044
2452
9027
3114
8406
9853
2554
4818
2042
90
6054
6711
3086
7851
2644
2957
9979
3161
1247
1743
1802
4323
3958
1674
70
8919
370
3858
1620
8253
1443
7015
4243
2339
5466
8114
1474
6694
3050
7489
6419
5146
2855
4934
2731
6050
5231
3741
8713
1613
35
4349
9163
8026
8351
9168
1649
4895
5523
1088
7081
2175
4051
6958
3499
6617
3336
848
8733
2680
6510
8663
5758
8568
1108
4020
1456
7270
8963
6402
2441
4694
5174
4907
8137
3715
3992
3764
2647
3729
2062
6998
2404
104
8566
5801
4960
2450
5275
4618
5183
2004
1286
1403
8148
3259
5961
6340
3789
8055
7208
1221
642
4234
1803
1291
5902
5599
4943
2774
2645
4241
8820
7172
9284
4441
6874
6403
3809
7379
7148
927
3588
6266
8540
6224
1738
4376
2019
7839
9770
5824
6305
1143
879
2511
1002
5040
4734
1570
5615
9768
9342
3655
7088
3492
4480
1472
7826
1537
148
8709
9912
4766
9410
6825
7196
8126
8809
6300
6240
326
313
2214
9842
3616
2705
505
2967
4516
5752
8503
734
6227
1594
2128
7766
945
8271
9593
3871
1547
8173
4753
3096
9499
4102
6163
5286
7214
6705
9571
7250
3256
3256
2749
9935
8161
8642
2342
809
9288
6183
3909
9629
2806
5978
4038
3465
9461
9588
565
3163
6636
7936
3428
3278
9832
4633
8236
608
5611
9927
5402
7975
7898
9639
1838
8324
7751
8902
6986
3435
4086
243
863
58
6111
3559
4932
6085
7368
8725
9902
6490
3642
9426
2465
4550
5264
6732
5026
2889
5072
2645
3812
7078
4595
6714
9446
6673
6239
8365
5139
3287
6612
7897
9523
304
8332
8514
329
314
9833
1769
2628
679
472
2119
1601
8840
6478
2359
2201
2784
7943
6553
5417
1321
5725
2524
1301
9667
6059
4813
4818
413
7608
9865
1815
6131
9332
4209
4827
5624
5297
5718
306
6197
2296
9742
2264
8140
4649
2504
6336
6613
3331
6536
5688
4742
2175
835
5795
744
9402
5610
9387
4589
2257
7507
923
2041
2426
6920
6896
4671
9759
8317
3108
2332
9268
413
5274
3786
1989
5623
1383
6579
9363
159
3737
4292
9362
3191
5493
8189
9905
3839
8519
3119
926
9469
3928
5019
612
329
2261
6132
719
1474
8429
5941
8709
1332
9916
8952
2573
9480
409
4520
2890
2507
4617
6427
1009
9318
2103
1796
4398
5904
2548
1969
2883
8550
1841
3878
2587
6955
5571
5479
7860
1401
2376
6014
5279
4417
4881
9002
564
7384
6841
4512
6099
6856
7941
6173
7418
9201
3881
6348
497
48
753
7970
87
1514
1796
2507
72
1479
5557
7467
3682
1964
945
3938
3785
8269
7527
3715
4976
605
5851
2079
131
3579
8996
3749
312
2924
3331
5082
137
8897
838
9713
1614
6967
9065
1191
6012
3025
9388
3290
7245
9081
4841
4753
5862
639
9780
1750
1410
1409
4810
7438
5559
1169
7797
1264
9856
2322
8828
6368
7759
1630
7437
9472
2490
2108
9646
2774
8928
6508
7984
338
7643
7732
2159
5542
2321
8833
7587
3016
7394
8127
7826
2540
7604
5930
720
2507
6009
3007
5213
6194
1641
9453
9492
6271
2730
2306
983
3767
9027
5840
3498
2835
4167
132
6709
6528
1725
8888
6387
4437
8237
1263
1202
1652
5927
658
378
2374
1348
5904
4434
5191
5280
7493
1956
243
7276
6662
7968
6604
1250
9966
3143
5435
6381
9806
1395
871
8916
7192
3062
4990
7735
6511
4578
1811
8165
7536
8677
2481
1117
9958
275
7203
7809
7966
3227
2920
4570
760
5438
1203
3736
9241
1349
7488
5525
938
2342
2109
1509
9421
9290
2976
9305
5903
6141
1757
384
6543
5620
1927
4201
912
2174
7499
6730
7607
1940
9993
5145
4897
947
4822
2423
530
7977
9243
1801
35
1812
1031
1966
8293
7356
4693
3332
1934
3561
5992
6719
360
9110
2934
3184
2790
6271
5508
8912
4995
965
848
6939
5967
2652
1199
8622
3858
4752
8553
9402
799
6697
7051
5019
9620
6386
4823
1248
7743
1616
9660
5003
450
1969
2503
98
9401
5883
5997
2384
7909
9067
3691
5299
315
6576
4141
636
4705
7545
7755
7401
2681
4182
8008
3273
4861
498
7235
4776
6350
9838
3761
6920
5365
3861
5068
5234
6077
7462
8796
368
4174
6982
9481
4135
2568
6332
332
7580
8196
168
386
253
3819
4273
968
5609
7818
460
8762
1295
486
2225
9638
1864
6509
7107
5069
8368
6079
9678
2245
4316
7155
1843
614
3363
7089
2889
5922
4533
394
831
7101
5647
9744
9883
3119
7840
5338
7397
8893
4920
7161
8188
3770
5019
8516
7786
203
542
933
8518
3420
6948
8687
7166
1336
9240
5310
3056
1526
3119
2791
9019
9399
1431
5533
8145
2158
8721
1605
7617
1397
1127
6472
3923
8244
4978
8767
2317
1004
2812
660
3736
1519
6144
1283
1126
3699
6765
1267
760
2325
9166
8709
6676
5434
7603
6621
8830
5390
4403
5557
9922
8763
318
2876
4952
8357
9091
255
3720
8056
6401
6212
1684
2415
9208
2789
3356
3087
2749
6931
4847
530
1405
417
9133
6555
6444
3879
7251
256
6260
6749
8138
9630
6745
6081
3972
9291
6541
4609
8790
7412
8050
7028
4081
2294
2237
4893
2767
5056
1434
5040
5967
7911
7768
7591
3660
4633
8192
3198
7700
6413
2801
3665
1656
8232
1952
4987
2474
9251
2801
8188
9051
1714
4085
4324
174
450
7509
5740
369
5856
8641
5822
7081
2634
535
6372
3850
1126
3207
1218
5923
1429
683
4259
1772
9856
8714
64
6202
2847
2624
7721
6616
6606
224
3979
7654
6024
4562
1961
4693
5132
8485
3221
7543
7682
2691
9789
9430
6696
4435
7147
6720
8757
5190
9638
190
5983
3029
3232
8883
3921
577
4474
3036
4365
9047
2557
2790
3872
8950
2171
3615
5411
8824
5807
2838
4364
1673
7193
9158
4475
8227
1062
493
5071
8924
366
8114
2426
4207
143
9930
5807
4988
8076
1260
3795
1484
8027
3603
6510
7429
4100
9700
400
1976
9045
7687
1992
2293
9485
1376
5651
2352
5648
3840
7007
5703
1358
8722
2580
5496
3475
9063
5501
5370
7151
5493
6341
194
8005
9257
5579
157
1765
9277
1020
7875
8548
2997
9062
7011
4552
4255
8214
3841
322
5723
5021
7042
6710
6506
4759
1689
5532
8925
9036
3564
6749
3043
282
6866
8314
3505
5578
4604
216
9816
6373
6497
624
3358
7507
8082
9524
3475
4977
4456
9039
3000
9204
119
7839
5128
4522
7332
2900
7193
3849
3180
2739
3560
1609
5501
4803
106
7976
5547
691
9241
7068
5276
7012
6527
9339
1346
6314
9007
583
797
7040
120
4347
7283
5274
4280
8494
4718
6213
3990
6538
737
5337
9668
6746
5930
5242
9318
131
6898
2268
8070
3731
3828
5366
7917
7154
4453
4082
5945
1900
6881
2437
7485
1112
3974
4823
8601
7723
8156
793
1732
1618
6836
9385
1822
4755
2239
3651
2474
2407
8498
6819
2586
3022
3630
5966
1495
3329
7185
8981
9540
7343
6014
952
3082
2952
4147
9625
6439
3353
8269
2951
8894
7796
7177
5108
620
6520
4650
9416
6906
7566
7042
9388
3026
407
1699
9394
689
4077
623
5560
811
4630
5932
7878
8936
131
7115
7843
3233
1351
6176
4118
2754
252
8413
2594
4903
124
2544
6253
7670
300
728
4636
9097
737
2286
5700
7416
1795
4833
7129
5331
1933
7327
6727
4238
6982
884
3512
3794
5073
4852
7549
985
4704
2256
7431
147
6538
4914
5019
7340
6442
7709
5014
3625
8146
4492
8472
2693
6723
5889
8828
1534
4169
812
6322
4176
6137
2765
2394
3062
8829
8967
6326
3092
2451
2607
3037
1836
6295
7129
6134
3074
7134
8733
5790
9524
2239
1721
9304
9656
1071
2581
8609
4318
8623
4243
5002
2822
8912
4549
9872
2259
1388
8272
2396
9400
8372
8888
187
5120
5469
8680
3216
5753
7418
9574
5582
6877
1439
9877
381
4947
9520
6767
591
3939
6791
274
8259
7261
6625
5981
2541
3628
2766
415
7077
2954
7554
6337
368
9739
2906
8451
3002
7588
9195
5486
6312
5524
9723
2038
928
6707
2038
6385
7019
6228
166
2742
5646
676
4686
9351
8761
4009
1806
537
9782
3469
7154
3036
2032
2505
8950
8665
5419
2700
5470
8598
332
9267
5847
8993
3484
892
1985
4458
3289
5128
1841
7599
7475
6692
2154
3733
6134
4642
5545
5442
3194
1199
4836
8487
5809
1532
7013
7462
5539
1807
5674
4571
7057
1138
8508
7752
2070
3136
7248
3042
789
5661
5544
9043
2909
5366
486
6601
5290
4896
7244
3452
4129
3445
7721
3933
8538
1509
8910
8534
9898
6508
8545
7973
9097
4562
3068
5015
5065
4427
3107
7144
9600
5123
6876
8730
3084
7111
4983
7047
9547
6583
3385
8734
7893
9401
1147
9001
764
8836
8644
847
303
4699
8780
4189
9546
7822
7365
6147
8302
4689
7657
3246
5270
5532
6333
4158
7911
9480
4785
5148
8175
2539
1439
6031
2772
3498
5149
7360
2306
8818
6449
4811
5702
7596
9263
8774
4203
9635
3916
8408
9247
3935
9854
6695
6018
4426
940
2861
7660
5630
98
6998
6152
8470
9827
7133
2885
201
6478
6360
6766
4520
3874
5810
8421
5302
5583
4965
8364
4718
7883
8866
6542
7368
1236
555
2509
8063
4961
780
952
4740
4985
4128
6102
9019
1595
4661
5255
6238
1404
7595
515
7829
3848
916
1131
5380
4606
4045
1
596
2564
4172
7151
7719
9445
2625
4645
2148
4828
8618
5117
1340
3453
2932
4015
6658
3099
6401
6801
4812
3277
8186
8858
376
9699
5219
2345
9814
5989
1322
4373
1167
2862
1401
8210
2748
8165
117
2454
7548
7053
2304
7362
1638
6796
5195
7486
2561
2813
8133
6478
4834
2840
3614
6045
5260
9259
1905
1343
2785
4854
3530
2952
4525
975
4915
1598
9681
5045
589
8165
5925
2440
587
8482
8364
1947
1710
6148
4763
8682
1580
1981
3220
9806
4515
5710
7809
736
4468
8838
6749
5736
807
3339
6215
5492
9044
6713
6737
2368
2578
630
8219
5204
6613
6928
9
1764
1486
4465
3934
952
8458
8472
7027
1089
1513
5919
1928
6939
5940
9320
315
5097
7795
4567
7250
6251
7106
8325
4795
4649
2893
9679
6650
3727
4550
1966
4336
1148
8327
6682
1835
6906
1345
1226
4165
2310
6386
9173
7655
9714
2367
3282
3431
8638
9341
7156
8158
7310
5182
8947
1449
7677
5041
7737
7352
9611
7601
295
4095
4190
3139
3826
9153
6130
9170
1715
8961
6444
1237
5361
7286
1513
5931
4389
4323
7960
7716
6010
6055
9870
8756
4163
4145
4841
1978
8333
2154
2987
3269
8453
1797
7010
3417
664
2207
8204
4380
2600
1050
9246
6950
5899
90
106
8082
8118
308
8502
3096
770
2192
1676
2577
7360
5248
5528
6911
1629
8107
2002
8500
6634
1365
3826
2938
8298
7457
5756
5478
3406
4763
1143
4384
7840
8570
9633
8341
4712
238
5300
5287
585
4204
4368
6300
4704
6694
9379
560
2330
7024
5602
7514
8684
958
9876
240
560
9635
9267
9004
4192
7434
1500
316
4330
658
6678
1773
1064
2639
3097
1085
4173
1410
999
5431
6316
3869
6884
2439
6973
319
8509
2461
9020
1265
683
1471
9448
5853
4442
2879
3470
2604
649
602
6426
1298
1109
3531
6773
4463
8393
1685
9363
4260
3978
4810
918
2735
373
8365
4305
5776
7186
3908
8395
5425
3167
5533
4657
6182
8052
9253
8004
8664
1151
5939
3891
6784
8015
9876
9050
7025
3192
1393
2788
9181
6112
8178
8764
5345
1101
7775
8633
7252
7994
1222
8081
8767
7169
2369
9388
4956
4190
2092
3809
1012
2932
2439
6940
374
5571
9981
5837
5283
2619
2739
673
7589
5409
504
7333
5202
9969
3439
2972
2449
7061
8768
5234
3422
7547
2600
7779
3413
2733
6390
9431
5317
5010
7552
9956
8685
9469
9999
2472
9833
1389
4717
5598
3068
4841
2653
9881
8844
4457
2335
5993
9482
3984
8447
4873
8209
9014
4752
1071
5131
4379
4361
4756
32
7833
8402
4034
6462
8909
4656
1814
4274
3929
5326
6841
7381
9486
7982
8984
1363
4870
5148
6362
1796
870
263
4459
8706
3722
4992
8015
130
8979
1124
1216
5840
7623
521
2315
6414
5782
1394
5391
5087
801
6040
9789
9934
9403
5019
3122
376
1281
547
5298
1411
1844
4381
1363
2122
9802
3493
7816
2886
1262
8997
8184
2004
7240
3380
9645
1226
4977
3131
7361
9810
932
2032
6543
6633
5554
2982
7948
4066
285
2468
3045
2949
6101
6808
8228
4147
3143
6050
2075
3998
7963
1265
8608
4497
7150
5759
95
8629
414
791
1309
2518
4222
5849
8210
6470
5061
5958
5549
9539
3659
5686
9093
4680
2861
1295
6757
6164
9293
2678
7892
5534
6930
4873
3099
6478
219
3516
655
9679
6694
2629
1270
5844
6352
4738
7814
3774
1313
2664
1449
3656
2869
6295
2470
4214
6510
4276
4812
2809
6484
175
6120
6672
1809
5123
9424
2638
2286
7292
6773
3982
4617
9110
3778
455
1244
6732
6364
6668
1345
5679
329
3965
6760
6072
999
6875
8308
2296
4045
2324
8846
7276
557
1502
8944
4439
6691
5616
9830
8122
5283
138
4091
2269
9076
9744
3885
272
5436
4334
9493
5525
8798
691
6157
9398
1346
3132
639
6613
1454
8381
1731
2247
1205
3719
982
5436
5373
7485
4049
3441
8517
2711
2604
3780
8337
6908
6334
4181
6017
1411
3096
1668
1929
2769
4299
2932
1117
8248
2346
5683
6147
8839
175
8655
3596
1710
7536
5855
8722
8682
3066
6204
8776
1425
2182
9043
4952
3824
3242
2473
2536
4863
3524
6807
4352
8075
1020
954
9844
4305
158
1185
3181
4239
2190
8961
8258
9432
9713
2915
9594
1697
7970
7863
6359
1787
3933
6151
3774
9658
9878
9343
2885
894
4945
8139
658
9267
6469
4641
2201
5236
6836
316
1267
1686
2238
8671
5266
6427
9116
31
8137
8753
8039
1536
9155
5606
8014
1752
1987
9549
3419
3807
5549
4194
4991
7616
1820
4958
5034
2420
4818
8970
5101
1258
2208
4305
4095
2587
2961
9147
898
891
9614
7830
8705
8436
5188
2118
6713
2200
6732
8499
9000
2798
3033
9876
3119
1457
7837
5545
3945
2166
4072
8903
305
8864
1929
8790
4869
6222
4049
6902
8947
7898
7207
5908
9629
816
1851
650
7295
9203
5670
4568
2574
994
90
5100
488
8115
4361
8795
2776
8320
8760
353
5076
2270
183
6504
6251
4476
216
8194
7171
7813
1324
4536
5856
5632
7801
8358
9616
891
168
635
3806
5639
1188
2560
3548
1291
1324
153
2339
6548
1214
6861
1621
4353
1270
5359
4553
2474
2516
9407
8103
1111
6427
1912
3467
7695
2410
9109
8054
6594
1313
9152
7136
9033
8165
9155
1522
6904
3287
4027
8761
264
4414
6006
4586
7498
9036
1092
6062
8668
361
9224
1582
2636
1204
4561
8230
15
211
5518
2696
481
6373
466
1946
2928
9799
915
7547
647
6058
1758
5351
6832
2895
7008
2346
5537
5390
1325
4169
1464
6527
8778
8454
7231
7429
6149
2283
8970
395
2005
5415
1891
4312
9018
3770
8734
630
7557
9929
7453
8081
3315
1030
2911
655
282
6874
4110
8343
6501
8478
7086
46
5724
9218
7245
9547
9413
9463
6510
9202
9091
8886
7071
148
8914
7991
9656
2111
6761
4640
1522
8272
1814
9432
7865
8151
2339
5073
3252
1125
1924
8615
2317
9772
6713
2832
5473
9553
833
2386
8338
1144
8507
7178
2488
1873
6672
6799
5941
4293
6576
6675
5611
8467
7118
4867
6474
9979
3088
5888
2084
6642
6720
9253
2269
5302
1596
554
5755
4129
1329
3615
1879
5658
2464
7344
3571
1157
5151
5515
4769
5524
6756
706
665
7123
4301
6126
7372
3405
5356
7228
7142
5048
1054
4226
8249
1909
7608
2197
1354
6348
2793
8249
488
7965
9090
9772
3495
9566
5017
5233
4203
6039
4844
5807
6910
9842
8011
1280
9867
8231
294
4196
3147
6903
9506
7038
6490
9103
8655
5181
1153
267
6846
932
8843
2535
4042
5906
3362
1805
2417
1866
4589
8296
5419
1535
5445
6437
1879
361
6665
8572
5519
5292
9302
9749
2067
1206
7207
1074
9971
5135
4507
5367
9305
3015
4642
2805
1599
1417
8411
5086
4892
9808
3536
2588
6041
3870
2533
1257
9732
421
9685
1290
9719
5265
996
7859
8886
832
142
2905
7705
3186
4275
9955
7419
3155
8670
1890
9484
7590
3411
8675
2495
2988
3185
5027
1698
4048
6827
8066
2246
2367
1219
714
5419
4085
5356
3504
2528
1471
5353
4536
6476
9434
9
3310
9540
2439
6583
8041
2982
9726
6029
7364
9744
2570
8929
8748
3851
2233
714
9253
9898
7729
970
7094
8783
8380
6887
7138
975
6000
7316
1603
7988
3900
6624
5431
2906
6165
5550
2628
6259
6242
6566
8757
6871
2992
5572
4856
7519
6272
9857
1670
1461
98
2926
5225
3197
3723
9487
8397
6825
6184
9519
7720
4605
9492
2802
8440
6775
4226
3614
7749
9802
5021
644
1170
2076
4568
1231
855
2228
3050
7582
3007
2404
3042
2492
9917
9027
8128
399
4121
90
9505
1519
8763
7812
264
8443
8817
1488
6715
8452
6098
2074
7067
371
5909
6422
1549
3045
2909
5943
5321
5485
7166
444
1496
7687
7837
375
9437
3724
3383
3540
1015
348
5877
2359
9218
1383
9347
2338
34
9917
4322
2341
2703
4915
2567
9730
4348
5330
4057
6697
878
6741
218
9728
4884
3431
5910
8170
2674
1048
2939
2308
1817
8742
1246
7413
7997
3891
3691
7361
1987
9461
7576
7019
158
90
384
5978
9124
5403
8331
8647
1394
1439
3361
1843
829
6297
6042
6092
1113
8565
913
4476
4806
1281
8914
6585
8030
4291
8683
3622
5120
6507
6704
7482
9497
8569
4235
1207
3815
8163
2997
9957
6054
6600
1986
9792
3464
9564
5108
6422
3135
9502
37
6543
1276
6967
230
4512
3145
1643
862
6127
9705
2030
3856
1315
6565
7688
8489
5622
5397
9083
3501
5764
9461
7847
6198
85
1954
9134
8316
7465
5790
8091
3020
9170
2051
4168
7902
5612
6407
1200
6114
3770
3205
885
8226
7860
2480
6433
6266
1912
1329
9474
9642
1506
7177
2909
6356
1660
9385
125
9562
9406
2381
8164
797
3171
2546
8779
813
9298
6904
1611
3432
1453
1559
7172
2268
7611
1370
9715
6802
3994
685
3316
2543
192
3415
1555
3689
5314
5780
6473
3764
9221
8787
8058
4044
9962
5999
9688
9829
8151
6636
7836
1014
9965
4089
1145
1897
6000
4830
5653
4919
4715
2003
4873
6987
9563
1740
5059
4846
2228
4689
72
1162
6704
7160
4780
2522
6801
1753
8998
3209
251
4928
2944
9836
7933
5503
3483
2870
9240
1651
5171
3441
9932
7145
958
7911
6298
682
2671
9552
6548
7585
1011
1079
6877
3629
3809
2459
3740
2123
1172
6042
6705
2559
5878
9151
3323
7807
4504
277
9765
3748
8893
2793
3121
7587
1242
3523
6304
4526
3885
1919
7228
5662
4699
447
5777
9958
6362
9354
8972
5700
6243
8863
8314
6817
6709
7782
2101
5490
9266
4456
9642
5189
4105
7447
5919
906
8378
8964
1697
7758
1268
3588
7879
3476
937
8806
5579
6176
1445
1791
4913
8420
4616
419
8275
4109
1081
32
5879
2060
5047
6084
7643
1563
4184
9043
4835
6306
3016
3570
5213
2147
7410
4745
401
7951
7005
5064
7193
7466
20
454
3178
9677
4656
1071
642
1304
3946
9474
1850
6432
6317
5079
5461
3820
6163
4223
2542
2869
5906
3139
9116
4176
36
6690
2947
5485
8799
5656
1390
475
5271
6713
1758
631
1269
8918
8424
9553
3498
4797
197
9339
2665
1824
2550
3612
6253
2561
2144
7795
8235
2180
1411
4652
5242
2973
422
4745
2806
1150
905
5316
413
122
3722
4592
9543
9888
2026
3837
3424
1365
7478
5467
68
2986
7234
5078
3472
6631
1870
4776
8460
1977
641
7400
5455
7596
8856
4574
1789
8425
1058
8198
6289
5459
6362
6563
9372
2346
5192
650
6663
9507
1923
2861
7361
1270
1518
5485
4983
8715
4805
3844
6122
5646
6826
8491
9158
1484
1999
1975
6915
8405
9178
5848
447
9295
2217
3252
6037
2895
7729
4482
7093
7841
3695
6646
8211
6085
1938
5637
4999
199
5492
6599
9597
5295
9901
1655
9473
9429
8569
3886
4166
7751
9116
3783
3736
3798
279
7024
6492
3171
2224
6441
9405
8908
4342
948
5995
133
6861
2969
814
3920
4123
6575
6777
9011
157
6017
126
501
1006
1514
8190
9846
646
1298
7190
3107
1946
1706
8276
3632
2884
5218
5946
4565
3300
3665
4193
5735
774
2145
4093
9583
9934
8860
894
5894
4441
4050
8951
1276
5349
9550
8792
6581
4106
112
9871
8821
292
3898
7211
3384
1124
9026
550
5115
3062
4366
5373
774
1850
1461
7355
3493
5557
1326
9580
7793
4561
4467
9032
198
3726
9904
4923
6813
2766
2403
4764
1918
8937
6433
6670
5496
8486
5164
9507
1979
1586
6302
8783
1516
1824
3985
798
9433
1355
1613
9982
8864
888
8489
978
350
7636
8866
7320
7700
1993
9074
9660
2030
1804
958
4625
7459
5649
9751
883
7694
3575
6031
259
3043
5769
187
7366
8646
8923
6750
398
5020
5883
5152
2460
2553
9125
8972
5346
482
1082
9279
4776
3130
6694
436
263
9016
536
1061
4014
5265
3284
1528
4862
7104
892
9431
5267
3558
7902
4191
4671
7251
4881
987
8930
3217
3255
182
8530
5525
7228
7841
8472
7127
1758
4375
6070
1246
7648
3682
9601
7096
9318
4643
446
1258
1284
8551
5225
9461
800
5153
2024
1857
1100
4238
7570
4733
8966
3452
3993
8416
421
4572
8394
8646
505
8779
6061
7880
4458
1424
1442
428
7114
2947
4696
318
5294
5724
6914
192
420
1686
7058
7751
7598
2823
6380
4863
4529
8549
1179
4534
1303
2309
8089
7639
2432
1912
7079
3010
8138
8125
3847
3454
3865
3152
5201
7185
2569
8052
4106
2836
2729
4495
8278
6381
9728
9661
1202
7307
7752
5477
8080
4715
942
3306
4775
2993
6949
7143
166
6730
5558
3006
4828
9612
2355
9677
1697
3422
6568
5829
3271
7282
8385
8184
6968
346
4270
3203
3342
1230
8465
6479
397
9258
8012
4364
9906
8005
517
8049
1163
4891
3838
5849
155
8127
1038
5297
2349
5003
9779
3010
9750
906
6460
6853
3648
295
4510
2023
4965
8603
7901
9535
4660
5431
6948
1985
2368
3763
8140
9905
110
2385
2157
6494
7522
3694
5632
3389
9111
5604
2714
2862
8367
9193
4854
8593
788
3367
5155
9097
270
6741
6122
6076
8039
5500
5735
1045
4664
715
345
8365
9409
8497
47
3990
9689
2949
4308
4965
9350
4742
4492
3345
1529
6684
9478
3467
1935
5013
5384
4882
4429
2176
1666
9000
8820
3906
4049
7643
7588
8112
8738
2895
5106
9212
2845
3127
5872
4837
4946
3767
9738
7633
8131
3786
9610
5526
522
197
778
7378
7264
1121
4082
2024
2194
9217
9181
3533
2719
6774
3828
9032
8771
6973
5945
1194
5665
3173
7133
6024
6160
9277
7262
3475
9219
9263
8234
8427
748
1732
8015
4815
2002
4057
1658
5556
1803
8014
4817
4173
5433
5849
5574
352
7828
1616
3643
1222
1210
9591
6300
4918
5262
4570
2543
1679
5033
3385
9862
6232
183
6732
1058
2969
2218
5662
9186
9964
2447
6943
2381
10
2649
8248
7709
8885
8473
1248
645
7500
696
466
7088
4099
5653
803
8116
5784
3877
994
9862
4198
2386
5958
7193
1668
8858
2500
3469
7634
1558
6344
2088
7739
6860
7362
9481
8772
1595
9663
7802
8978
1943
4988
3804
2051
8841
711
4744
6173
916
6236
6911
7109
308
9897
4389
3465
5753
683
897
3185
8033
5197
3512
6386
4749
595
6517
2592
9806
2574
6932
5014
68
6931
7217
9857
1090
9297
2296
7978
9812
1136
9980
4670
6335
6685
5768
3406
621
1414
9841
6850
5294
2264
4459
2042
2239
8254
7483
5437
1185
3892
7688
3689
7302
6046
8426
9166
2881
2848
8836
1358
7570
4831
5746
3540
3432
5706
3315
2144
3700
6028
6974
8956
3544
4816
5690
6976
1508
9196
3823
7124
2415
8121
9385
4680
6874
2259
437
3778
2288
2692
1041
4792
7412
9629
827
469
7829
1681
8938
9908
815
7492
1122
3595
8420
2840
5838
75
6060
1339
6033
5473
6654
2406
2762
9100
8577
2008
3650
3611
7092
3638
1770
4563
9394
5235
7473
9745
9852
94
1715
8411
2187
4447
9367
293
6696
972
4512
350
5441
7516
1480
7905
6312
2512
736
544
3602
5621
2175
9281
2005
7212
5417
6139
1485
5936
3237
7225
8604
3863
5321
1606
2650
6972
6833
5875
1218
3836
9364
138
2783
4696
6971
2330
5414
295
5741
9737
944
3250
8951
5654
8986
6269
2799
7497
9655
5139
904
711
5903
2198
5207
8818
4504
2932
7118
8744
7732
226
2535
9702
3671
2620
8029
7285
45
1322
1506
2327
6995
1201
3996
7164
285
7157
203
6015
8974
9699
9734
5294
2161
944
3906
5012
9804
2843
4879
1769
1053
9033
7687
3394
7161
2101
1837
8690
2757
7433
4776
9286
334
3527
6482
7758
4541
5293
2240
9686
8480
8853
9951
6315
9402
5392
1488
7273
3178
9884
4589
8381
4289
6129
7211
8885
2306
1581
6456
4618
2374
6616
2713
2861
7491
3135
3334
5898
5239
9025
6099
453
126
2300
5191
2757
46
2682
2302
2921
4592
3138
413
3060
580
4615
6914
4490
4480
3645
2267
1186
1980
530
4089
6717
3903
6232
8922
9788
7042
1662
8472
7583
1896
2684
70
1497
3984
6670
4396
9437
158
9420
8263
3659
3011
1843
2792
1067
6347
4181
1631
3536
9010
4402
585
8915
7821
1548
910
4331
930
4601
359
1508
571
8851
7976
2931
155
5149
2939
8645
5486
6686
2336
9886
1701
6026
2383
1265
4576
3302
4528
9150
8000
6349
3981
555
8236
3694
6112
7715
1737
5634
9807
9269
1568
8333
5636
7905
4172
6104
2996
5528
3555
3948
3289
8099
8634
1339
461
4669
6527
8909
309
3159
5883
3886
6991
9367
7137
1581
1193
9041
7208
1883
9100
5411
4066
1948
9328
1677
1149
7616
5358
7664
3020
6464
3307
6211
5258
1674
8295
3754
3029
5889
5003
3773
5130
3894
7613
7149
5271
7404
9930
5476
6016
4167
4142
2687
6210
5042
648
5136
8865
4656
6593
8162
4741
2122
4273
701
7031
3288
4467
8523
615
5918
7869
60
61
5507
8277
8654
4186
1013
4200
6437
8506
6031
8405
2119
5729
2852
1617
3868
1851
4035
110
1228
3864
9169
393
1340
2155
9833
8205
7018
2562
2839
4749
3627
5657
5839
7257
8659
4920
8116
1556
3483
4195
9518
3619
766
2017
9544
646
2914
6522
1131
5398
5126
4026
2920
7767
3165
4465
1449
7813
6475
145
534
885
1521
4842
9319
2637
1218
193
5607
2783
2221
5420
8847
9013
1771
5635
581
4419
7644
4189
1976
4535
4930
6222
777
8268
9794
9488
2552
8720
6193
8473
3084
6021
9564
5853
2096
9959
1161
5449
1664
1962
5404
6280
9434
8520
9708
2785
7414
3144
9622
3676
3403
6961
7084
8617
3016
6461
453
9205
8618
3662
4136
8905
7063
6761
3948
5539
8317
3582
5024
1325
6825
7063
1779
2874
4476
5386
4251
6480
2491
2874
1632
8122
4562
1145
2503
8083
4252
5239
2299
377
2139
8280
8657
8214
3111
2532
2469
627
3407
210
1045
2984
8587
253
5217
781
8192
3071
9902
7074
7692
955
1987
6925
4750
6608
2422
2403
1015
3522
7677
3853
6267
959
9631
8610
6503
2139
6182
3170
7017
6552
3852
480
8147
1678
3177
7217
6118
4655
8846
9199
5179
753
6106
380
9603
9451
9057
7602
1505
766
222
5050
784
7938
9135
476
3109
2411
3246
1742
9335
6262
8251
4845
8604
820
7156
7493
4110
2247
8920
5569
9443
9391
5703
9125
2809
7247
7074
4289
9840
2748
3787
8527
1178
9867
2880
9920
1496
4370
3679
6832
8995
3682
9789
883
1010
6347
8395
7259
7393
2585
128
8476
8042
3855
7445
2865
13
9395
4105
8857
8641
6103
365
9163
1657
9459
4054
3539
425
4504
2876
4628
6588
2945
3771
2944
9915
5710
8721
8921
7622
3934
3099
7713
4160
3713
7227
7057
6196
6647
7884
7704
6844
5080
2962
9902
7115
1689
4472
7900
6115
2090
3483
6736
60
4205
5780
4559
9519
1501
2569
556
1475
9986
4191
4933
3568
6027
3819
3756
1671
7733
8307
1803
2065
3826
5911
2808
7034
8208
8471
9616
5629
2822
878
790
7779
2195
1238
7507
70
4704
5715
6451
592
2697
1765
1130
2791
2794
849
5861
8952
7969
8586
6984
3760
3815
8417
9963
1626
6362
858
6674
2486
5927
363
9609
8848
1501
87
6615
5096
4329
4691
61
9737
1915
3923
2937
2978
8720
2409
8246
7586
4047
2767
4693
7760
2086
5876
4303
1648
7428
9046
9436
5978
1700
2934
5781
7051
4744
4728
2718
9196
632
4518
6033
938
8492
5785
7529
3454
6144
1968
6092
9549
3394
720
6066
1731
7539
3177
9534
9605
3617
7808
675
7565
932
3117
1569
8101
2402
1990
8883
2880
2742
5406
7225
6404
6315
8114
5530
8714
1806
7707
2195
1578
2931
7284
6078
8461
4903
7808
986
1464
5961
8186
5670
7730
5756
6295
325
7609
5019
4575
6656
1188
3403
9680
313
1255
7014
1321
7933
6780
9891
8406
1207
3150
7882
711
4323
2736
3174
7628
7776
5723
5472
193
82
715
1760
6523
9094
2004
6530
9140
2077
4855
1976
408
9022
3624
4880
6532
5587
5979
1062
4474
1673
6770
8742
2983
1037
1701
3516
6887
2733
1982
9896
6739
8017
7185
7944
5384
2959
2726
6860
1649
872
8632
9253
5388
2746
6967
8609
9786
2167
2297
8572
7450
9481
6833
1571
8105
1003
1707
4411
716
553
8347
4600
4009
9064
6174
7107
7198
8045
2377
9746
3910
322
7968
8614
6128
9976
2127
9003
9329
1528
5477
7254
5408
7411
9301
8477
5671
40
6109
7458
1500
9818
7229
9818
6929
3757
9016
8730
3063
3581
7957
224
5826
7995
2984
1324
9008
3682
8170
5658
8206
9740
1909
4483
9227
2655
1122
902
3075
8434
8039
7977
9992
1166
4400
2391
7677
7605
8670
3917
9684
172
4562
2895
6099
6906
896
4264
9894
8400
8883
6332
5675
6389
870
1198
5083
7721
9958
5182
900
6002
785
1914
7961
4867
9588
209
4087
9278
7084
760
2616
4808
7146
8367
9066
8960
4640
9705
1752
4697
3259
8029
4809
6308
753
9432
1543
6191
2835
3527
3763
6671
4070
5537
2227
713
3002
897
3044
485
2062
3210
4684
7088
9678
1376
663
8997
7945
9828
6239
366
572
1286
9978
800
3033
8716
2969
11
5722
5769
3822
231
9735
378
5562
660
1566
733
5188
207
647
8111
8467
9973
3697
3252
405
344
3654
8936
8866
4064
2446
1262
7958
8078
2400
7227
8156
5673
8733
7150
2896
7917
266
5477
2736
9068
2342
964
2126
9053
4404
8998
8270
2424
7637
9613
2311
7310
3865
8001
7252
4324
2472
9945
2707
1118
3516
7527
8770
1842
9160
8364
447
2503
8461
5882
4042
3072
4901
4591
9777
7349
7505
2944
7279
3496
9896
3711
3233
8363
9241
4050
2898
6357
1066
1762
7198
6783
7214
2715
7198
9033
5423
8222
9192
8679
5267
9512
6440
962
6578
1392
2010
1074
5365
1148
2265
928
3757
7177
6898
2692
1529
769
8982
6593
3424
9844
5237
2798
7545
2883
5935
1648
7425
657
1744
2371
2255
2189
1126
4411
1165
3523
176
6611
1526
6809
4748
9009
631
8013
8372
2822
7601
304
9877
9293
975
6420
9881
522
6158
6671
2233
9037
248
3786
4539
2166
391
8733
1060
3201
9512
9261
8465
8619
9971
3492
914
5563
7483
6522
9887
3413
9823
6492
8360
6900
3713
3822
7974
3254
5203
6601
1054
2111
7067
5654
4075
7017
1352
3129
7774
6364
8381
3239
3201
1001
1926
7503
3197
5761
3051
4520
7331
8263
1163
4243
4331
3774
8274
7020
7882
740
1749
372
3055
4369
8652
6219
4868
2963
3182
5679
6378
514
5044
9434
2453
3999
792
7044
7044
7242
1868
1856
2616
3035
7713
2547
3251
6541
8165
1848
3971
1336
3866
8990
1494
8149
869
36
6318
7500
4480
1997
8157
9867
1208
7839
4331
9199
8332
8909
2441
5631
5713
2626
2146
9587
8116
6130
4928
2130
1067
6671
4413
3756
3123
4344
8037
1461
2810
4095
5162
2107
5229
3316
5080
4022
4758
8396
4383
8091
4895
959
1333
3473
3098
5639
9566
6979
3043
8440
9175
8210
6548
917
8354
7412
7038
6879
8547
5532
4420
1423
9952
9714
2470
149
9882
9889
4051
2312
6853
4634
7542
735
2320
1176
8651
314
3336
5758
7879
1318
3717
6393
7632
7716
1818
9948
9671
7047
6037
2108
7957
7983
1898
1594
3480
4637
4598
1258
1548
9861
8873
3820
9675
2764
4766
3865
9329
5889
8507
3269
4897
4099
6122
1874
3262
4099
4798
6956
5765
1627
1910
5589
4660
8877
4635
9845
5287
2493
6899
2769
3451
6913
6572
5329
4424
8950
7219
1695
7104
8793
2045
4260
2034
9206
9016
3493
6755
825
1388
9884
2221
5561
8510
1439
1328
3604
5798
119
5012
829
629
3279
683
2938
2642
3890
9616
5252
6287
5418
1475
4099
8980
9972
3395
1222
6477
5725
5925
857
845
708
6353
9582
2544
480
5141
9078
6699
169
8737
9557
2670
7876
3989
8929
9184
4430
4553
4822
3850
4131
4560
6848
777
6341
8060
5718
285
613
6247
77
440
1789
1365
6470
4689
9644
3649
1464
1750
8911
2348
1140
1954
6902
5146
9429
2135
6932
6749
4461
9817
1500
376
8217
3414
8477
223
6646
2844
9408
1468
5907
9433
2582
9195
3173
8737
3878
1858
4251
8004
7108
6823
8134
5511
9321
9633
6243
5022
1484
8285
8892
3772
5438
3677
6355
5071
3043
9388
586
4895
451
7213
2510
2649
1142
3648
3190
3799
5761
9568
5015
5174
5564
1368
4147
2241
9587
7463
1246
7125
728
160
8367
4811
118
9847
2422
3581
3911
4819
898
716
8771
2867
6825
6558
2924
6146
2534
5928
8069
1393
539
6088
8134
6126
3423
6279
1002
8442
8066
7296
7069
3474
9237
6024
2804
3514
398
1196
6344
7281
4102
1847
7232
2108
3529
871
1986
5803
6205
85
8667
3557
7557
1884
4189
2530
6026
8792
3996
1142
4837
4513
4950
2281
1122
8163
3805
863
6344
9396
6458
5415
3180
9930
2981
3094
1395
7988
4245
4781
2310
261
390
9469
1108
2855
4878
570
7789
8023
6042
3946
4678
4151
1049
1997
1532
5958
5057
4957
8504
6815
7128
3679
8862
2733
6168
6486
1230
2093
6099
8973
3394
2998
7930
9136
5668
3293
789
8171
5185
3245
524
7371
3468
8448
5312
6520
7215
7478
8314
7879
7002
5414
3402
4627
9753
9713
8771
5833
5125
8435
1494
7090
5517
6167
812
2607
407
2690
6303
4848
5868
6924
6374
8150
8792
5426
452
7584
1378
9298
1038
6745
4275
8433
4075
6033
8919
6585
4565
9342
6687
10000
7769
6736
691
5514
4043
2639
6017
8383
6263
5966
9200
1221
6547
7034
358
5519
6321
3870
3698
9496
9138
8869
630
1784
8375
31
4550
870
6097
4196
5692
8334
2656
4003
8796
275
2468
9598
5689
4443
9403
2564
9178
7690
7680
8475
8596
5947
2100
1480
3166
1881
5486
5136
642
799
7751
502
6333
8862
505
9256
6835
9784
9948
141
6653
6082
4093
4683
1094
4229
7018
2079
7634
2943
2040
6038
801
4098
6509
3089
1504
5224
6910
7860
1354
2080
6121
7965
1174
2414
3011
2528
9997
9353
7055
4254
6633
720
6134
2782
7494
2205
5098
1200
1912
5598
4923
1712
9320
4903
9489
3009
5332
2211
4561
2792
9592
5524
3000
9069
3242
5718
1598
3531
9226
320
8866
2784
2988
175
5661
765
2519
6638
7211
893
3319
1007
2997
4786
5417
693
7798
1701
1185
6468
2811
2874
20
8754
132
6461
2489
7234
4544
9756
8384
680
3498
169
4549
5234
8948
5531
1614
5457
8020
1526
2212
1264
2367
9883
9024
3263
6088
8527
8400
5184
3511
7620
9443
8510
9594
9458
2497
9863
7729
9693
6893
3639
5912
5533
25
8430
5976
6785
2044
8306
8712
9521
8511
731
2703
5877
1986
2762
3639
6542
5769
997
2338
7642
7733
6878
1131
2274
7273
5873
1646
1650
5372
4203
7446
7323
8930
6500
4965
8301
366
5221
1628
4758
8212
2294
389
9270
61
9163
4234
9772
9442
1384
2139
9018
9340
1705
7749
6372
8527
8874
2954
3385
4880
5827
9950
2947
2885
6823
1160
3478
3841
7091
4485
6858
6663
3430
9422
4145
1411
3237
4112
7076
4762
4177
2851
3307
9308
633
7880
7534
1302
1122
1726
8373
3006
4075
1708
3060
2450
3156
6097
9456
3433
8032
5265
5455
8951
1464
1790
1957
9363
5074
4508
5083
1564
4467
5135
3599
204
3545
4004
7528
4265
3399
1732
7357
9683
9375
9520
1540
4097
4638
2629
6427
286
909
7253
1622
1488
7156
1354
3073
5158
3133
9975
177
4663
2823
6499
4159
3725
4192
9799
9582
4003
8055
2047
1792
9396
7214
3746
4523
9430
8355
9900
4916
1927
2914
2307
7668
7602
6330
5988
3326
2200
4058
1092
9946
553
434
7768
3258
7128
5860
3822
5001
9598
1396
2246
9789
272
9039
1526
2859
4911
4190
8952
8625
6060
4585
7019
1348
4628
4773
6958
5646
300
9291
3968
4156
4133
3928
6635
957
1747
3298
8203
2270
7828
4459
8648
3600
5628
9275
4390
4152
7499
8644
5259
7322
7124
3580
19
2520
5972
87
7261
4795
8403
1721
620
2160
5819
1477
5697
5033
7241
6652
3455
665
5069
8018
4543
1504
2965
1339
6370
7558
9671
1067
8602
9591
476
693
8312
2760
7217
3210
6790
4864
1926
5242
6106
8923
4040
268
4580
7642
6149
7050
4657
1555
4061
8740
7008
1585
1674
4382
9281
7090
2040
3993
6259
4995
6786
222
2177
5955
6357
1975
4447
2526
1751
4924
7359
7018
8975
958
8917
8075
6865
9327
4019
3142
674
3385
193
9735
7903
8219
4280
8128
2347
232
6474
3251
4530
5874
2542
3635
2787
2658
8825
3571
9130
6228
3174
9936
9241
7055
3962
350
8061
4523
7885
2568
6973
6844
9878
9685
7987
5161
4181
4526
7159
6456
6431
4718
4596
4612
6216
830
6972
2244
1684
5292
583
5713
8048
8318
8111
888
1012
1263
4941
9298
8653
4293
8863
5623
1252
5023
9647
4960
8240
3557
6881
5904
9285
6731
1820
7564
5106
2392
4185
4225
3614
5148
7349
117
347
1397
7828
9839
8660
8687
7488
2405
9604
5036
5558
4250
841
8814
1485
8718
4152
9095
2679
1759
7987
3788
5845
501
5276
3635
8767
1339
433
2181
4192
1619
8023
4674
9888
2940
8087
2963
590
8205
6401
2452
6193
9852
169
4412
2017
1630
6742
1097
3391
936
5453
3699
7296
2457
5057
1981
719
2430
6670
4945
7
7166
3182
9533
1678
210
4202
5665
5909
1293
8026
4754
3326
7689
9740
7206
8862
7783
504
2822
4649
3314
6157
6130
619
982
6526
655
1305
5835
986
7664
5079
8745
560
4618
4097
8757
8577
845
5211
1347
5285
6211
2535
7193
7145
1827
7747
5299
2451
3596
5271
2147
7793
8251
7203
894
3873
3502
7665
1457
6651
641
4392
9348
9370
6253
1307
387
964
6929
8712
1620
961
4114
3038
8334
8553
1426
7453
5286
7197
3481
6157
8323
339
1946
3571
9769
8708
1597
6724
7553
3983
1188
9969
8523
7055
3034
8189
5853
67
6300
6309
6540
8060
764
4892
6197
963
9905
8708
4035
9335
2628
426
8059
6082
1402
7885
7611
900
145
733
9581
7053
6090
424
8223
7688
8428
5358
7753
9195
300
1875
5989
1522
7719
573
8839
4029
5668
4029
2683
115
6836
7522
5064
136
5871
3758
1116
7519
580
2015
9122
9770
7356
9919
6561
4159
2922
1097
3992
5035
807
7424
152
6609
6860
2945
1985
9052
411
7536
5011
3927
3411
6531
3276
4086
1525
2332
1710
8648
7457
9094
891
3299
4937
9
1573
9720
2707
1358
8650
2842
7945
3467
6409
6810
3570
4817
5144
8326
7622
910
1420
8478
6974
1900
9466
6494
2748
5962
2696
9081
7975
4796
2762
3482
610
9504
1171
5018
3502
5393
9672
4703
642
183
3047
6002
9482
9435
2893
8776
1586
1677
7254
8007
1942
8605
6306
8756
2483
7521
4542
5627
2882
8754
33
5524
6323
3985
9877
6967
1669
5381
5099
4027
3628
9221
6013
4589
5497
4923
5013
2788
5202
2969
6832
8901
8950
3558
7294
5970
4826
4798
4183
1018
1161
4055
9994
9999
8956
9118
4111
3760
3855
1733
5935
1395
2135
9495
3656
3262
8022
6069
9183
7396
4553
6026
4011
4081
1406
8537
4405
5125
3160
8804
9284
5348
6021
759
7738
6149
6045
3010
4472
9164
1560
6295
6422
2248
601
4964
1329
5409
8015
2929
8770
3424
2344
5459
1977
9890
3497
890
6816
2018
6553
3314
7272
5171
6859
6712
6973
4297
1308
813
5439
5255
4557
4534
5389
8321
7115
8476
6120
1984
7318
9248
5095
6851
9436
3020
5277
4735
3569
2908
7779
2119
4926
230
5133
4955
9403
9971
2220
222
6704
3573
2783
1270
6320
3537
5776
2141
331
345
9066
8285
494
6324
8543
1331
9301
7026
9962
228
7888
5942
4831
7325
3254
8251
6899
450
8633
7301
6544
3837
9272
3460
4862
5190
9993
1809
3144
9804
4336
8947
4672
3545
5552
5700
2383
3739
2130
2075
7748
2886
9301
3211
647
9962
6967
5250
6817
9647
3633
9449
4317
1028
7343
5186
6327
776
6372
879
7483
5390
8355
28
3523
6898
3450
7456
8370
8362
5972
5572
5004
6813
977
2418
4106
9885
2825
3676
4593
1957
378
6739
6346
7161
8297
7267
2173
4637
196
8450
4025
1993
3543
6397
723
8993
9998
1448
7190
6881
2780
7141
2782
4697
797
9151
8973
6648
6677
8197
9324
7062
9184
5866
8356
4499
4717
7477
2642
8649
3578
1604
8237
9024
6143
7374
2231
9411
6940
3529
205
3419
2317
3964
5235
6389
5038
9328
93
474
4089
2034
7201
5968
3412
483
2850
8223
8948
5981
8205
3262
7484
4315
4326
4040
3620
8860
8547
2251
4207
8933
2834
3762
9717
6213
6658
8876
4529
342
1475
8702
4658
2650
9850
3410
8797
6654
6710
2806
2767
5891
798
4541
6416
8434
7774
2084
263
2153
4016
9030
4092
5102
971
6927
6643
9975
694
4606
9455
4201
5033
3713
254
3133
1828
330
2041
8014
9869
2835
2223
7447
3246
9365
5110
6380
2717
1632
2678
9722
3914
3564
6554
7204
1800
9252
4928
1187
4726
3986
798
2111
1516
6403
7680
5857
9
7708
1641
4277
9348
7159
2799
514
1533
6901
3262
7749
8452
31
3325
6048
7755
1565
3454
6985
5918
5555
827
9778
6696
2084
8050
1503
8732
222
8252
9078
4623
5634
3603
1190
6090
2053
5462
9045
3138
420
2983
9391
1761
5114
3222
8208
1104
6579
4838
7814
4165
4406
9829
3985
313
5786
3807
8141
8723
735
7814
5694
2610
8003
3658
6749
1694
1148
5444
3179
684
1014
3845
4056
9006
2816
9787
346
7354
6483
545
7178
5141
9606
9680
5173
8761
2307
1615
8748
3399
6804
8483
6558
2686
8612
941
2319
2061
3847
5138
5469
8682
9495
826
22
242
9748
3145
5802
5226
6968
4449
2209
6089
6721
7690
7762
8748
1977
7058
1630
2489
6187
917
9846
4499
3591
8143
7945
7462
9255
6679
3996
6965
7657
1929
8173
4282
9152
817
4868
6314
8072
8663
9324
6848
7320
340
4758
9455
8360
4636
7144
727
6999
7666
4279
1547
8577
4871
1001
8529
9008
4315
8668
1356
132
3571
7737
391
9114
6207
2104
1940
4894
5260
4687
9988
9352
9298
3357
2279
431
5960
1156
4299
8347
7703
9487
8223
4601
152
9773
704
3721
5813
109
2345
434
3296
1101
2318
5868
240
9236
3354
4521
2173
9146
9620
4445
5575
9709
6371
1740
8658
1844
4544
3554
7225
5135
4885
3361
5236
4299
1186
217
5464
473
872
3665
1033
9650
7564
7078
1179
6919
6786
7701
9239
3863
6704
9095
8292
6820
1715
9326
4597
7945
3908
9817
3573
5265
2240
7559
2625
1612
864
2979
5397
6996
2734
3123
7571
77
8794
8820
81
1199
1090
8005
4188
4130
7568
2222
3867
7370
9576
7120
5213
6268
5754
883
4717
303
2699
4808
9201
5852
3215
9206
2245
5817
4146
7324
4256
5913
3889
9736
5198
788
3118
8784
7158
8351
5213
5959
1862
5688
9147
7190
6722
3331
3329
8366
9131
7630
7173
8005
3560
6050
1460
8043
4198
2175
8114
1054
6393
3612
252
2783
9222
3374
2637
1908
9543
9698
4550
7083
1061
1014
6182
8231
9847
8806
5849
7740
1221
150
887
2640
3370
7072
9056
8677
34
8649
2146
5601
2588
245
3662
7804
890
4733
2483
1722
9505
2630
6797
8512
9557
1450
2201
9804
1894
6094
2327
562
282
9510
5341
7500
3243
4489
5515
4379
4575
9748
9781
2115
3139
1474
2677
1645
7320
7888
4666
1639
8190
6035
2487
9368
8080
8814
9405
7916
4854
3724
1440
8764
6097
4075
887
602
8601
313
4118
1466
5372
7636
9310
4806
4543
8217
3126
948
4050
472
2931
474
313
4157
286
182
8736
2924
8280
6042
171
675
5123
7322
7562
9425
7083
8734
6574
9357
8105
23
7664
9598
2786
122
8628
5278
3201
7789
5963
3151
3033
3340
4196
1037
7609
9556
3255
4141
3207
8869
4091
2834
348
5914
2082
7534
9074
7552
55
9492
648
2374
3538
6002
565
4929
686
9091
7550
9754
1821
8981
5527
7379
797
4371
1465
3234
4262
9374
4868
165
2813
4057
9682
1996
7406
3926
2426
3044
8282
6102
3102
2072
8148
458
2582
5083
1071
2186
206
7396
5356
2356
5841
4015
1274
4982
2809
6200
4900
6348
8787
9875
5294
3923
1807
2215
4439
4612
4327
7008
1262
3646
8693
1119
4991
9298
6936
577
5579
2504
7334
1101
6215
6338
1690
8774
6434
1874
7970
7362
8919
5029
3315
4242
2850
1146
6657
6061
7300
8765
6523
7677
3125
7501
4328
4038
7366
4725
1333
532
8933
8308
5396
573
4507
9534
2116
2036
3522
4443
7430
147
5819
6749
4980
4317
2500
3817
6147
8447
1618
9313
3384
7330
7966
4546
5439
6045
4095
9881
9753
5899
7661
7395
4112
1134
70
1138
2478
9971
8069
5867
3665
6236
5166
1429
9059
3797
5902
7071
8610
2711
5381
3761
3715
7074
3118
9059
6808
6767
8306
5532
4411
7642
9191
6787
9931
7148
2105
4867
347
4762
1684
5657
9470
1824
6204
4037
7126
7843
9403
209
7954
9134
4971
3136
8278
1327
5882
2707
3276
8841
789
90
6790
6461
8077
8751
571
5305
6651
3128
3411
2620
181
977
2373
7473
1595
3452
6433
9933
5281
675
1609
7973
2888
1161
2688
5415
3520
8326
7717
388
8741
2937
3031
4595
70
2767
5587
7352
5425
582
1883
7747
6196
8281
6284
5772
7392
3279
8761
2246
9105
5630
8964
1319
724
1816
4314
9007
3039
5494
7370
1737
9697
4688
163
7832
2896
9190
9134
9708
4571
1430
8408
5543
2765
2375
125
7212
1843
9776
3169
3945
7637
7962
9946
8713
5479
8435
6581
740
6509
3881
432
6775
6921
8863
3920
9355
5814
2378
4036
3191
4134
5926
2497
4219
6174
2897
6829
6904
4270
9730
3533
332
6801
8212
2968
7302
3162
4102
1534
1161
9475
6352
6108
1291
5944
3494
173
736
9038
582
2978
8226
9807
5713
2099
9296
7875
3499
8740
1965
551
6152
3394
5759
9909
7057
884
2062
2972
2496
4491
1516
5385
1753
5825
5554
7036
2250
4416
4277
4336
6656
1608
7732
9355
2467
8810
2931
8868
2456
8841
6211
966
8
6320
2698
703
2701
9846
7403
7386
3417
6225
1290
8194
5195
9410
8327
4644
8399
3697
6353
201
4268
3234
7581
8733
7405
5616
9060
7524
6200
7280
41
2084
1213
1268
3911
9897
5971
7228
9569
9367
1178
6401
2490
7936
5317
3741
4545
8870
974
1790
4432
4533
8348
7808
5121
569
2697
8155
6802
9063
8043
7225
7962
1119
625
2931
6683
210
4603
3628
376
4620
7063
6192
6530
1938
7601
5885
8529
4767
5937
6064
9284
1752
1255
8710
5402
2569
9491
8962
2305
2905
8791
9646
6604
1047
313
5970
567
948
1681
4248
5916
7666
8760
3884
2427
3536
508
5690
6889
4317
661
8021
4557
9254
2784
3874
2374
593
5239
9933
9765
6668
1619
2260
7191
2695
1189
3317
3870
1942
4891
506
1982
5621
448
6805
229
5534
8576
3471
4480
9658
6565
9225
7807
8944
449
3573
3484
6844
1145
5116
9160
1837
314
304
2503
3182
1495
3653
5817
6816
4455
4196
3377
8870
3974
9807
789
8650
4621
9540
1891
127
7758
2821
6403
2826
1474
8134
273
9060
9807
3836
1135
3343
8548
3355
33
3114
9018
5870
8851
8698
959
9616
8414
8272
1902
5750
982
5028
2841
6670
1856
8533
6298
9457
9745
662
3483
4132
9028
4101
3084
3423
8177
6626
8643
8980
215
7230
2869
1535
5251
1887
9599
839
9153
9332
1467
2853
2496
5328
4078
8072
939
5152
4848
107
5384
365
3452
6661
3169
8095
9074
6082
5989
272
4737
4959
9569
6061
2713
3589
6974
2142
552
7450
7010
9533
3705
7811
2284
537
9465
2628
5499
6035
3628
3514
331
6522
3561
6579
3217
6754
6672
4483
2742
9374
4116
3
3706
2667
5407
3709
8720
7041
338
5009
1202
3147
8366
727
1239
4784
3360
8015
931
9168
1140
3288
2082
2676
4674
2007
6318
7356
3611
1366
6558
5886
6243
2346
4905
2271
2074
5064
9880
7586
3837
6062
4368
5745
2614
8435
3253
9994
9867
7007
8638
8168
949
1783
2309
8301
1362
679
1744
9773
3867
8832
5160
1193
5526
6387
1523
5330
1289
509
452
6611
2866
8613
1973
6129
6156
6005
818
8180
5884
9332
5596
4654
6933
2063
7742
1794
5502
7814
9672
8028
4220
4143
121
2472
5780
4892
912
6910
5276
5567
8693
9627
5185
1199
1098
240
9070
7019
4530
4273
3431
9198
9596
9448
4891
6520
1239
2245
8812
6812
4027
7399
2021
6717
3252
2660
6792
9122
9593
1531
7482
9744
2070
2717
3032
4966
3320
3112
8154
863
2741
8440
3537
5064
3850
5605
5401
8761
1273
1272
146
5227
8866
5625
4191
9044
5085
5304
7027
7993
3148
3589
9812
2652
3290
2844
7222
1999
1521
2025
6349
7705
2194
742
7728
6615
951
9801
5724
5642
9251
5457
7946
9703
7602
6083
6314
6313
8293
5235
3839
1593
7327
3778
4538
3409
1036
2880
2682
3280
3160
8834
6092
3308
5031
8048
9144
8952
1015
294
3305
4008
7510
7713
4103
3833
5052
1629
9345
6634
825
525
2282
2821
3168
8407
2893
7806
3530
6202
724
3499
7404
7819
3485
3882
2957
6735
8301
3465
5719
8913
8563
5030
1441
9556
1829
8990
192
7666
8516
4098
152
9108
9826
7106
5697
4200
4888
773
2131
2689
6540
7527
3254
1769
9964
4223
3538
8394
3880
8653
724
3010
9803
6111
708
7412
3768
3990
7090
7733
1233
7267
4164
8629
1652
3307
8826
5983
3076
4510
1161
4634
7671
7070
503
125
5454
6479
4871
8116
5244
1546
9609
9698
8345
9713
1941
3305
4525
1195
839
7011
1704
3826
8733
6038
9952
5030
9122
9958
6617
9145
9321
3611
855
5031
4637
2135
604
1760
5667
5578
4731
5481
7217
3738
5050
1590
2517
2621
275
8867
3790
5473
375
9296
75
395
3117
8955
3908
4104
8599
2656
2138
6804
5425
9785
951
5969
4852
4812
7187
2740
7962
1701
8889
3120
9964
4634
7189
2372
2593
5573
1348
1119
7576
9238
5326
1665
1066
1342
316
2551
7791
8015
4440
4192
5547
1852
6808
1983
9306
9832
2903
3589
9490
4481
9645
6339
433
6322
4512
9727
8427
808
1049
6108
1958
9705
1405
9227
2239
3772
7732
6608
9900
719
5272
3550
8739
1405
8460
5307
1317
602
314
8284
6020
2990
4216
8615
2251
5972
5118
6770
2074
5103
2095
4890
6446
6706
3779
6453
8521
6658
9888
4438
1575
8798
1688
5058
2336
7571
1314
3543
6319
7858
7251
8346
756
6258
9737
4029
9637
7703
7750
901
7357
7541
1990
9976
63
2771
9479
9772
639
8781
5005
2944
4166
8950
4998
2981
459
3923
3878
1089
7765
4803
6031
9035
9083
3152
5853
3828
6415
419
5904
1792
1719
7829
9463
602
8996
5840
8180
2913
3512
2061
7203
570
8404
3822
926
8732
7385
6799
7455
1380
1451
4691
589
2252
6837
1781
4055
7020
7345
3989
5893
4779
6009
7605
4432
9072
4714
8658
4198
9520
8938
1235
8257
3753
6287
879
8062
9743
2302
2893
502
7584
8049
2538
3391
675
9548
2731
6304
3670
6913
3808
1370
238
5618
2499
6880
4164
1975
288
5404
9931
3205
8889
2439
4824
3725
4380
316
8518
4249
5201
4860
3638
4032
1778
3369
4463
3672
4098
3618
1071
5793
8042
1956
376
7290
8633
6664
7209
7217
1205
8311
5939
1980
3083
9146
7145
4295
552
9700
3102
4642
8037
9855
9696
6424
3456
8883
8498
7092
5700
1265
3417
6524
934
6063
7037
6820
8636
8757
9185
9731
4468
8747
7201
2637
3509
956
2286
5655
4107
2248
2766
5350
1850
573
7411
2865
4174
6812
1921
1708
3534
4149
6294
8522
5881
1521
6621
1345
3630
4114
5531
6053
756
9449
4654
422
3786
1225
5635
2438
200
9092
8387
9342
3608
595
8339
5190
3451
6653
4677
1890
5249
8739
1359
3996
8763
5464
2971
288
8854
6879
3174
4860
1198
6955
7576
9117
1363
5523
4280
306
5788
7112
8628
702
1887
4074
5022
8681
4479
966
5378
1893
9076
520
3339
293
4870
309
2180
1868
6188
41
4724
7058
5119
2045
1919
2149
5925
8675
9577
8379
6453
289
9624
5581
731
9244
6721
9400
5074
5228
6372
9830
9157
1523
8777
4160
2397
5502
5426
254
737
8092
8206
239
8251
3599
6361
7575
9467
3018
3099
4350
1835
5216
4838
3564
5150
1469
8187
2730
869
3198
6567
2453
2173
7564
330
2984
6543
8955
3611
3716
6980
6945
4820
8683
2970
3176
9320
5068
7767
6378
9949
1697
9151
1255
1695
7332
8808
8772
8785
2304
8375
9783
2323
5113
3561
1243
3206
9723
6017
3970
1331
1464
7279
1881
8790
4309
8080
7354
5466
7074
8384
1960
5373
6832
857
4546
5146
6199
5912
4683
1131
187
8219
8646
9695
6535
8309
6132
5774
2861
3585
9635
985
7890
4450
3628
8110
8543
4541
6795
3775
1864
6164
3414
219
9435
4252
4860
4329
6458
9197
1951
2862
1055
2943
361
9910
3688
6946
5322
5353
5159
413
8487
7625
6819
4766
6194
2195
8451
2665
6029
7498
2965
5227
430
4332
4543
3856
7530
4014
8609
6665
6181
8106
1341
8559
49
723
3169
8914
6363
5361
740
4253
8699
2534
6916
2334
1983
734
9580
6698
8393
209
5515
8831
9623
2908
5493
8863
4100
9843
9782
1948
1197
3611
4879
2516
463
7133
2675
1322
4311
7948
8628
5477
4947
4138
7524
5046
4670
2480
6630
990
9762
6537
7599
6456
9027
6118
2275
5338
6049
5040
6001
8677
4952
3271
607
8747
3038
2569
9512
5494
6961
2424
19
392
9531
3207
8483
7696
2093
5185
9289
6505
8331
2830
2643
1815
7461
5250
4218
1954
6087
5854
7913
3446
44
4931
1440
5908
3263
3717
6391
8723
6947
3466
2445
8705
8148
3084
9711
2421
6498
2631
9796
4874
507
5385
1276
3515
2889
9851
2367
5612
1641
5979
446
5371
514
131
2513
9972
4342
7201
4120
4908
2676
1927
1791
1020
9056
8719
6668
9598
4377
1540
5396
2451
1264
4197
945
6040
1054
5407
4233
6885
5845
4430
1243
9295
6836
7249
5980
9991
1090
9230
9207
2514
5831
776
5034
3689
7795
2807
7085
3485
7130
8185
6583
3186
4245
6705
5883
9648
841
9058
8322
4696
9739
7122
1131
5207
8910
6741
3794
3679
2229
7425
599
6459
7484
7501
1104
1936
8738
3964
9528
318
2966
7059
2578
7259
8209
7474
8545
7044
9387
3184
9990
3113
8755
6460
7308
8532
8496
179
653
3519
20
7285
8932
4677
6864
3787
5937
574
8711
2005
296
704
8933
5109
9352
2035
6720
9652
633
2768
4025
361
980
9513
2617
7663
6705
6408
6987
3165
5928
973
1197
7221
633
1016
3525
5484
6631
1986
170
52
6270
3912
6364
992
1280
9688
5650
4515
2116
6644
6069
3163
5742
361
5969
6760
5741
5908
3530
4570
5179
9606
2108
1457
831
8171
8838
550
155
2005
901
8097
2953
2124
6940
9216
6977
220
3359
503
7961
2715
6580
1592
486
2837
9383
6623
7797
5650
7968
4385
6832
1308
9641
304
6084
5936
9620
9026
6292
7964
3212
3411
5354
1635
892
6540
240
6683
1547
539
5399
5186
4256
770
6953
1184
9490
3735
8964
3690
1793
3251
1912
7044
7495
7780
3678
2464
4339
7598
1635
7323
2309
2543
5836
9222
5894
8731
3234
3212
9192
6124
731
7169
4511
5773
5399
8353
5108
6822
9308
2278
597
3232
7790
3513
1489
1641
3992
8263
1561
6566
7033
551
7269
9772
2006
8134
7266
1676
8069
7097
5918
7683
6862
3409
5592
25
4459
7942
486
7896
9701
3313
7183
1155
9740
8476
1376
3053
9466
8065
2488
7432
6900
9459
3493
3002
7103
1346
2933
4682
7735
3685
2025
9742
6528
9996
2037
5802
3799
4526
217
6199
9075
8059
4043
417
4415
2315
5738
1077
7797
4907
4669
8919
8359
8952
4522
8904
6061
43
1162
3517
5233
6024
8132
5674
6281
3844
1891
7344
1535
5318
4158
9571
2295
207
9098
2041
6789
6980
4627
2033
981
8360
8648
9580
452
6868
9012
5821
7258
5143
7289
9812
5627
2581
9290
1468
308
3897
2350
9465
5536
9450
6020
3920
8120
3045
7279
4934
5869
6523
3995
6986
3258
1301
9791
5027
6059
5133
8141
3864
3696
7899
4389
5323
9935
3055
7153
907
2000
7395
991
3650
6496
4082
7920
739
3505
1024
9596
9906
1846
2658
6009
8731
6987
2496
3474
9822
3882
5651
3546
8633
1324
4101
2572
7320
3474
8766
1529
9187
2931
5721
2995
7848
7522
3739
4813
2671
774
8274
3631
3622
7210
7846
9605
1917
8596
2676
3386
4504
5619
2767
2564
3533
6118
6035
8854
92
1512
1207
1300
8098
8213
4141
9035
8147
4074
6433
2737
4254
939
5330
5197
1960
2698
2486
1335
9467
7260
5738
4930
5787
1861
5010
5225
1058
2164
7569
6948
6733
6691
5919
2045
9071
5812
4073
1814
9120
4049
2652
6017
5965
2993
6753
2661
9563
6251
6827
2630
1498
372
9934
1680
8957
4359
8013
4798
453
1123
1353
8794
6449
548
7652
3244
312
7194
9870
5953
5051
4247
9668
3741
4149
5297
1992
4851
4652
7242
347
3915
4451
3822
2973
1975
826
7936
9885
1932
850
8256
9844
31
5012
3173
850
8421
7433
4353
4667
5210
1006
71
3661
1096
1602
562
7958
7294
2309
1394
3395
2887
1953
3655
4424
490
1618
7939
7824
9075
9696
2623
5787
6946
8597
3441
6100
7912
6847
8143
3238
11
5667
840
8037
395
9380
9834
2137
5430
5986
8397
965
3607
9252
4966
7375
246
1305
321
4846
4355
754
3985
1590
6614
8375
7913
7939
6096
4100
6132
7134
1616
323
6427
1779
9822
5308
1443
3304
203
5425
9523
4482
8439
415
829
3773
77
6405
2152
1068
3301
3441
8879
420
896
2359
8492
8884
7728
5481
1605
5818
5893
1879
2711
8958
6980
6670
3743
9716
4474
8374
6745
6171
9308
6907
2686
1195
7310
426
8404
7911
8490
845
4718
9669
6258
7614
4085
6878
7078
2560
1449
4702
3260
5968
3592
5478
3205
1517
2407
6589
5321
732
8529
6093
8103
5349
9047
6823
782
2438
2563
3696
9282
6768
1375
3380
9223
3599
9236
5378
1027
3678
371
7061
6656
3429
2630
6598
7617
9426
2457
8158
1635
2654
9400
9637
125
433
8213
5569
6268
6368
9449
3049
292
9756
5525
2263
2133
9644
589
6895
132
6387
6328
2992
5590
3852
1864
8990
7727
9553
1103
3598
128
1405
9465
9625
4683
8273
6131
353
9544
6311
9458
6344
1747
2945
1725
4111
2402
765
8327
5789
5565
2610
1824
9457
1873
4778
1777
2898
3907
1174
3831
7588
7911
3812
2272
6465
6444
5569
4555
8851
4351
8142
4303
1208
3254
3832
4854
5491
6997
1660
9690
236
6930
13
5976
4006
9557
8713
7734
3865
8538
8878
9035
573
7000
1990
1482
678
6686
9442
4334
8242
1445
6365
3580
6744
3053
9973
5783
1438
2289
2953
2128
33
8443
9137
6539
157
8081
1714
6420
4812
16
5673
8453
7315
3641
1162
2034
5992
8712
8993
1177
4697
5426
8942
3070
538
1560
7147
6063
7908
9400
4058
7291
2626
8471
6916
3809
3765
8630
438
117
5253
3997
3741
160
5459
9145
1408
6571
2926
9459
2783
1916
1325
8147
7696
8695
9438
329
1485
8777
9205
2901
6118
2133
9743
5864
1877
6690
4991
5645
9097
4329
2676
8432
6153
8608
5723
6419
8941
3390
7899
4470
9839
7186
2846
7824
4571
4527
5109
8417
5276
4037
7836
6414
8983
4362
707
6553
9292
9733
4403
537
5683
3355
362
2338
9353
9390
9326
249
2995
2707
3506
7232
783
6277
5549
6327
3176
9045
3306
1007
8274
8034
6396
5565
8439
3868
6582
3297
7028
5973
6975
1094
4995
3099
1193
793
4258
7584
4476
750
3426
8699
1880
9951
582
1811
8933
6517
3764
8806
2415
9760
2043
6166
292
1713
3033
7955
5532
7220
7800
7715
7162
4215
429
2991
4294
200
24
6008
856
5920
6357
4675
1925
2745
2126
4608
9947
5937
1172
2409
3202
165
8076
119
6417
4997
3359
827
7308
85
9897
6982
1242
3516
6139
8753
4190
872
928
5881
814
4891
9063
3154
8034
1691
3868
8269
2134
3803
6601
117
9226
5100
6954
7740
1539
8506
3129
7175
8017
5789
3775
1851
2002
6120
3816
4522
8560
1989
9777
3907
2988
2036
1083
556
4184
4998
8478
5108
6960
8436
6231
4831
2214
8871
2106
9953
7526
1727
8949
8974
9134
5941
8790
1822
5556
7989
1482
9435
4484
6762
1145
1844
6684
6615
7185
6228
3682
9995
5272
3555
7385
4363
4953
1664
8661
2178
3038
4296
5730
9540
839
575
4991
5352
8703
9938
1586
8920
9996
8549
2255
6852
7572
8881
2549
4278
7910
5651
7907
4458
1190
4934
2488
3251
4704
1774
2542
7111
972
1439
3181
9846
4145
3397
3078
8570
8796
6735
7144
3888
8374
7124
522
9882
2281
4440
6570
5239
3074
8563
8955
6714
3329
594
2897
4918
2651
8311
8201
8332
7548
3488
2902
2879
3011
6400
3788
7172
3350
3273
7114
6887
7382
4299
9
1118
167
8582
8586
4689
6357
4171
3643
8298
2391
1751
4954
6384
287
3224
2351
8319
8459
6928
1012
1132
4053
8921
5950
4623
5799
621
9013
1114
2330
6879
930
6844
659
119
4638
1741
5067
6637
6722
6394
9158
3209
4367
1837
4493
8336
3912
4637
785
579
534
5398
2065
3580
1699
4785
869
3100
408
2745
55
3038
9935
4000
2739
9041
2288
7143
9472
4889
3168
514
3318
9565
5477
6125
1442
228
4097
3989
1564
3641
6325
2099
4752
8369
9700
7940
9764
5359
7122
8194
6212
5660
2082
6627
8118
6390
3415
3033
479
7535
2839
512
7946
5213
9875
7160
7819
6225
4349
5446
6755
2863
591
132
5520
3113
951
3348
5389
6417
295
6424
3522
9954
6866
6401
5912
4614
1498
7996
5137
1756
5088
3014
9308
2579
1287
6911
3881
7206
6872
4288
8881
3472
2379
7316
2470
5225
5438
7956
2196
7319
6656
3277
7521
4716
17
9361
1302
3706
9705
5053
1321
972
6673
6241
3335
5455
4546
3105
5507
1086
3142
6669
8252
7628
1312
452
1873
2669
4202
2520
3591
4684
8176
5476
3819
3069
9541
8497
4077
5052
2033
8143
4272
8005
5333
98
6093
8665
684
2092
5527
4770
3255
2653
5308
5017
6615
2673
7646
2677
5634
7105
4110
7623
1691
5708
580
5160
8567
1208
2904
1213
2930
9758
951
4139
3452
9386
429
9691
836
9788
743
8648
1765
1778
1871
5229
7403
1040
1345
6050
2455
4266
8821
7160
2443
5322
710
9040
559
6523
5350
9722
5699
4206
8973
1023
177
9319
8580
5504
9431
7613
6308
2208
8126
590
2626
969
4000
1781
5819
7055
4086
3294
6700
7635
9160
4768
1855
8861
6242
3327
2951
230
9424
1332
7082
6869
7107
4469
2577
7642
8829
2117
8059
8859
2371
9218
770
3981
7835
8051
177
138
5067
816
1025
5661
8090
6232
7476
8331
913
4158
1490
5778
9145
9981
7143
8750
5922
8861
9908
7989
8629
7801
2819
3297
3505
4590
7741
5529
5032
5184
3431
1361
3253
891
5491
3635
329
3388
9483
4669
6519
6193
2861
1581
6383
2604
1958
5776
6831
8940
1837
9331
1864
5305
6874
9502
6935
2708
941
8231
5045
6824
6825
7250
540
9223
283
7673
6637
1412
1749
2101
6398
9041
9428
1863
831
491
6029
107
3380
3518
5085
7124
3274
5347
1206
8072
9613
7509
9327
7408
5745
4818
4367
9806
6901
2661
1530
45
1328
2105
8948
4248
5107
880
698
456
5504
5109
3317
6003
8523
6594
4676
2482
9787
5396
6415
6594
6085
8421
5066
3033
3612
1829
1915
546
9558
7814
5826
7948
1976
2329
4215
1156
529
5415
286
4391
4801
8128
5950
20
2143
7604
1102
9323
5865
8917
9608
5389
1042
4140
6923
5940
2053
3042
3054
586
1110
1590
916
7620
564
9377
3896
4506
6839
4342
4575
4862
4192
5202
4687
476
9072
4460
7822
3371
6175
9697
7406
9206
3498
17
5181
4472
6892
402
5877
695
2824
4538
656
559
3004
2353
6074
2265
3539
9034
4685
997
7868
5671
9228
8356
4494
6199
3940
390
7799
9694
9784
828
6243
3611
7602
4172
2759
6919
9803
81
1142
6657
802
1666
912
356
2293
988
2117
6494
9625
3375
7344
890
6242
2077
5044
724
3815
5459
5012
2042
9774
7554
3131
2271
2034
1894
2944
5833
3675
7691
8514
2149
2236
1436
7592
4089
6838
7127
8671
4434
7572
1066
3254
8627
4378
8243
5048
8352
4974
7429
7581
8615
6757
322
5308
1605
9279
9763
2504
1728
4042
3650
3695
1909
8390
6404
2939
7309
1574
6094
4207
5299
3270
3437
7086
3695
2919
910
2154
6883
8607
8598
4878
43
5272
4995
5528
65
4407
3070
2464
2238
4387
3594
4839
9152
7160
6308
7932
9916
1474
9042
264
1017
8092
9245
6391
9611
6537
5463
6950
8051
5764
9979
2235
2028
6145
8836
1010
1984
5046
538
5795
1292
7982
1254
9310
9852
7489
415
7078
8515
2988
3306
1031
1776
9134
3874
4564
961
1899
1806
7212
7232
9588
8444
2575
4246
8170
811
5470
1485
7372
8128
8197
14
8687
6795
9310
7262
9939
1324
5059
7221
9930
6587
7328
2347
3855
150
7137
4031
7168
9961
3618
8436
21
4920
2236
3906
2318
727
159
3772
5633
7506
2660
868
5254
8067
6925
4266
9465
8405
6137
6231
9756
7782
2749
8629
5533
8337
7305
41
3524
3743
1110
8253
1574
7335
1182
8790
3663
1809
2801
8532
6878
4218
5811
6331
8864
2633
9310
1650
182
6554
7248
6572
2934
7042
4636
5831
8462
8064
639
8542
207
8560
4908
1513
7487
1634
4828
4922
370
8605
1832
2629
1167
2180
2803
1401
2202
18
320
5447
2377
6304
9420
7883
6123
1353
7268
4540
9190
8996
2
7581
4524
5702
7512
6163
3705
6050
7745
8620
1327
8849
3270
1491
2449
5295
9174
6088
2855
9903
1784
475
1779
7272
8280
3958
524
2040
8521
1620
1063
7304
6073
5457
8503
1639
5329
8283
4168
2369
3669
1713
7254
8385
2364
9781
2934
4481
6498
5377
7202
5269
4773
2759
1060
3223
4148
7084
9717
7368
379
1458
3741
5770
6236
1204
8333
6938
9525
8811
8439
8294
3680
5370
533
879
7987
8783
1014
7301
3549
3285
5124
9064
9603
3824
8426
2680
8131
9166
9737
4767
3200
7871
5092
3754
4751
801
5837
9118
9035
2721
7209
162
9465
1354
6838
1142
5095
9658
1631
5628
2095
7505
5073
4135
4519
6950
2949
9312
4972
9844
37
4293
3236
7672
8713
1746
1738
8034
9797
3433
2434
6476
700
882
5982
5594
3327
5850
7993
6447
7443
2307
4461
1367
2165
3458
2805
186
2838
1967
6371
4286
3870
4561
2670
103
5914
5554
3352
4875
6439
7720
8278
1117
1598
626
7701
8810
1141
2583
4301
5637
7354
2010
2261
6961
2124
9282
2267
9036
6863
824
8873
2032
9914
6541
7855
8530
412
3924
2720
5096
7527
9475
4784
6774
3811
8541
8398
2790
4180
4713
2911
2776
7820
6126
5671
2532
6115
9321
271
4634
7722
7343
2331
4984
5022
4910
3364
747
3980
9771
6380
9690
5379
1894
8698
7920
2593
1412
592
9743
7207
9477
2311
4284
1344
8138
4856
5762
8130
2871
8334
2803
4222
7451
1455
4464
6777
8117
5015
6797
357
8618
7147
1954
8292
6335
6226
4961
9159
9175
8545
2672
8244
3054
2373
299
9443
1034
3629
361
9333
4673
3497
5319
1295
471
2261
5181
5927
2585
3332
1885
2376
6953
8932
8926
6759
3078
6708
3125
6279
9194
388
7764
8994
4603
4820
3276
6496
8756
6199
5433
4409
4138
4275
2882
2287
3998
8287
7635
6208
9590
3462
7355
5
8210
1349
4704
5189
6941
3829
2437
73
5288
2749
8507
5102
8883
8263
8779
9488
2414
5408
2007
4299
2995
4188
5340
4592
5136
5293
4865
3202
6057
7019
8744
4558
4020
1854
1517
7271
1373
462
4001
461
2678
420
4935
93
8887
6276
5911
670
643
5538
9279
1655
2068
4629
9030
6115
9721
5808
3828
3300
7717
5079
5445
4033
432
434
5616
2047
7736
2191
1503
4582
4454
4814
7452
6184
9997
8496
8788
7612
1234
7484
3886
6967
4886
8864
5667
1819
5827
9560
5494
2055
656
7718
1222
8208
5544
2169
4576
8824
5239
8878
3767
2456
1504
4942
353
4335
1786
2920
2380
5077
5777
5888
5390
5229
7502
8970
582
5887
6342
4810
2584
5686
276
7334
8438
9868
1443
5129
5942
5640
7423
4439
5873
4439
5772
4986
4781
6226
4622
9707
9747
2513
1543
1521
7856
3902
501
7977
5046
1226
3383
5426
9352
1111
3219
1975
8148
4767
8095
9015
6940
1243
3897
609
8026
1659
9713
2038
9546
8553
7301
6719
3893
3943
3006
7630
1848
8303
7987
5314
2259
4490
6083
6752
1195
4353
4365
6416
8507
638
6981
2031
9300
2823
8792
6180
7158
8814
6596
7725
4925
6946
5308
124
9207
2395
6030
5925
4179
5941
4979
9141
8623
1434
2693
4487
6128
8220
7371
8556
9764
4793
37
8848
5282
195
7646
857
4254
6107
1960
1613
5029
8870
590
3069
8510
8850
1256
2880
1981
7178
2728
6520
7031
6138
2120
3907
8590
9684
4992
5847
8578
3755
8469
8966
7860
642
8123
1895
1957
1998
4028
5114
9003
5440
9333
7194
6032
6480
8219
8469
5409
7760
7832
3159
4887
6524
9988
9518
2399
6755
6002
2567
4200
9960
1223
3711
3570
7481
4918
2515
2872
9795
6941
1057
34
1915
3553
9372
650
5202
506
8596
2409
6046
6616
2883
154
5966
9879
2629
8784
1852
1636
875
9237
508
5769
2562
7285
2723
8740
6367
3901
2738
5758
3524
7842
9035
8909
4854
2421
7372
4090
5022
7062
710
9081
8376
21
1360
6119
7242
9262
8819
1987
3638
8673
7688
4512
2711
9115
6607
4673
6013
3412
8250
4901
6797
4008
4503
7799
5859
8850
5759
1809
5080
1596
4415
7929
6472
4151
625
2524
3189
9130
5728
958
5939
1512
5575
7925
1753
54
8768
2054
5669
3551
7195
4905
1613
4361
2460
7421
2434
1362
1997
2369
3999
9571
2611
3150
9801
7327
1758
1389
8350
3675
4158
9912
817
8538
3129
6820
3491
2639
8789
4946
5382
4118
8967
9254
7999
670
2548
9614
6881
2948
6129
8913
5345
1320
1584
6555
847
5130
345
674
5391
3607
5407
6492
4206
5859
7420
8103
2797
8979
1142
4203
4634
6505
6138
1537
4676
5637
4624
3199
7246
7467
6338
5869
2693
3442
6382
2136
2271
9603
3731
8853
5906
6884
9077
3437
2135
389
8843
9424
4025
6876
1472
4211
6698
1274
1893
6352
6291
1480
2918
2
2994
8808
4552
5545
3887
6214
4462
9901
9396
1296
6093
4747
6088
5282
9712
6327
7995
1303
947
6570
9807
2905
3100
3396
2989
1214
5739
2840
9757
201
4552
4277
6251
9732
9552
4664
9085
2896
3260
4818
78
7028
471
521
3360
8173
1141
5000
5270
1181
4268
7044
1286
9566
4789
6456
8152
3653
4166
5793
4636
4048
3851
7596
246
7889
8799
6132
2474
7589
1816
1699
7681
5672
1561
8837
3196
3954
85
7076
6151
9799
5061
1268
3378
181
4419
3082
8836
9178
6139
8416
5183
9860
6231
4587
6945
6311
7111
8899
2612
9210
8966
1296
8645
5343
2101
9053
3889
9100
5930
8229
3940
8802
6267
4218
316
1114
1017
4393
7599
5277
5590
8993
2833
6981
2626
3859
2801
8960
1114
8286
802
3070
5092
8666
7445
1283
7076
2594
5509
4512
4009
8120
9014
2565
7736
3274
2074
999
3588
5009
8955
274
7594
556
9685
2608
9146
6615
819
3342
6589
4882
8526
9059
234
6625
3682
5337
3488
6119
2358
3166
7518
8242
6841
8901
4934
7733
7455
670
5772
2620
4437
7771
2178
730
8843
5020
5418
2668
7563
8057
4417
8004
8422
292
6013
2139
858
241
4314
4703
5258
889
6117
6930
9136
7081
3016
3549
3713
5056
6388
1552
9690
619
825
1416
5668
6023
8310
7359
6366
9368
6826
1621
2997
2965
1794
9008
1123
8607
9953
15
4207
9707
7586
1273
8894
3570
8778
7754
1348
8997
3680
7996
9026
9730
402
3286
5697
4946
9661
558
9336
5990
8312
7837
7600
4856
1283
4757
7014
706
5928
9079
6531
7015
359
2819
912
7207
891
7276
6462
6748
3071
25
6179
5388
8505
1196
1074
5884
1159
1438
2796
8593
8196
3638
773
7984
2172
9858
2401
5043
3523
5754
1857
8137
626
8290
8229
905
5879
2008
9147
1163
6414
1758
6318
5959
9844
3793
4972
1747
9710
4485
9313
8227
478
2191
3073
4689
5420
7282
4521
7518
1706
1688
296
6070
3773
7313
4664
1491
6493
5983
6619
4976
9701
6857
4466
1349
7682
3053
7369
9141
8201
5703
6817
9080
3461
5353
8784
6566
5755
8996
2984
6106
5402
1374
7481
3113
4075
5387
5275
9498
4827
8877
6163
5475
1708
4536
9991
2384
8045
3565
3286
3976
3539
466
9677
3021
9941
5454
3811
6644
2928
7269
5402
7858
8522
2708
4538
9739
3221
4799
7066
8830
3900
6620
2182
6571
5941
3133
8922
5242
766
9399
3580
8552
4278
2817
1333
5166
9877
3307
7939
2627
6819
4374
112
4348
1439
4560
8183
2187
3067
7634
5500
1857
1346
9106
8217
8978
5083
6204
1131
8171
84
759
174
5457
1223
6902
1944
8762
9287
38
9504
790
108
1711
8682
3386
2664
4845
8783
8717
2810
1366
396
3911
9988
9425
9138
5998
1765
5164
8696
8019
8621
2241
7169
8543
4722
1435
5146
4426
7678
2412
2898
3731
7139
9174
7039
5403
8631
7361
3977
8390
8032
9174
5129
4681
8512
4598
2055
7359
7011
9212
2752
9769
4212
6572
3481
3477
8881
788
9499
6247
5828
7040
5968
2838
1356
2284
219
3026
7493
7527
1906
3012
9494
9524
3865
2682
6884
9546
6704
3037
3652
5192
600
2289
217
145
828
8372
8777
913
7756
7694
1317
4837
4511
546
6263
3661
2359
5770
83
1193
1569
3687
1844
7547
1009
222
3832
430
1248
4403
3435
7282
3990
6328
5141
1373
8024
4851
7993
3121
5593
9705
5205
2645
103
103
3011
8136
7982
4056
4341
267
9075
4881
8998
2993
2131
3743
9148
2495
2660
2230
2912
6356
938
2337
8912
1683
1313
7831
4912
6995
3200
8125
7210
8105
2716
8795
3565
356
3713
9145
7832
256
2418
400
2596
4098
1000
1998
5572
1271
1152
8156
5754
6881
224
4023
301
7494
6934
6103
8247
181
6876
4166
8675
8800
3347
4719
1235
2778
5955
4202
4127
2958
5466
4246
4119
6337
5193
2855
2729
5692
6176
993
5777
4710
4292
3847
4784
9096
8114
4481
526
2094
1145
3868
7831
3298
2028
4074
7138
3146
5961
9634
7103
9552
2417
7360
3154
1157
7242
3618
2727
891
2949
798
5816
2178
2942
6596
8324
1306
1788
5198
2438
3093
1596
4259
7668
8761
3242
9671
1623
6128
8319
6922
1111
4007
8677
1321
4494
5546
9436
9335
1657
4301
746
2796
8923
7141
9753
249
1881
3998
6088
6126
5550
404
399
8112
6767
569
9746
8777
9023
6540
8554
6847
2569
2112
9564
4026
8538
1660
5766
2240
9595
1858
8601
3889
9510
8090
8981
2089
3038
9448
9403
9303
6449
6277
237
7672
1779
9045
7008
3024
5214
3764
7966
2943
3418
5688
8720
7447
8212
7476
1732
9988
6246
7938
4365
3075
1477
9115
6181
1187
2510
4678
772
5200
3261
5572
8107
1584
5945
4512
1061
382
7571
1015
4308
9122
7185
1743
9975
3425
1364
295
5202
4843
9086
1830
4530
2477
1774
7634
5869
1242
5099
7323
8009
1062
9615
3624
7316
9436
1276
8738
6041
3185
1853
3541
1831
2817
8212
2503
2363
9499
1657
6194
5715
1279
8481
5947
8581
1187
8448
3259
1209
7415
6245
2659
5567
5362
6203
5267
5148
7918
1660
1588
6787
5297
4225
3959
1682
8857
567
5283
6248
3049
2305
14
3252
944
4130
9911
2432
411
9462
203
4497
5725
2283
9553
6955
7635
1970
1482
2481
5306
3697
9541
4627
3040
8232
3370
5350
8641
6364
5776
9715
2249
2900
9511
6141
9068
775
2765
9864
6463
4788
2665
5762
9409
1120
7060
8851
236
1370
9034
4225
2857
863
5762
1963
7653
7670
5662
6670
3952
3688
866
2317
7284
5152
3306
9619
2133
8603
4983
8570
2830
7389
5904
1423
6526
1285
38
5438
6124
7131
4999
45
2970
5218
5764
7953
1638
2876
7222
7634
3509
6777
3115
2664
3728
1121
5594
3202
478
7562
1166
1287
7064
1647
4001
547
4349
9456
6504
2380
2134
3218
1606
8536
9586
3744
6857
824
9863
5816
2427
4532
6845
1765
6076
3836
3654
1141
2934
9803
5457
4836
9988
8108
9519
6685
8347
1117
3321
976
1049
2882
4108
3995
5179
9152
4314
8259
3262
7087
1219
7322
9949
6316
4644
622
1059
1680
9802
8810
6252
9168
9276
1590
5001
6429
3737
4776
9498
7160
878
3265
4035
7075
5742
267
4807
925
4833
1013
375
6314
9294
364
9154
6803
2597
5770
8822
4564
1289
4718
3125
1185
3587
4306
7143
6865
8295
6310
4343
1061
3771
1634
3946
9187
5523
6601
2477
6724
1365
3924
6290
7144
9892
6295
9364
9255
7481
1854
7696
3863
7333
9155
3382
9387
9504
866
8538
1641
7892
1045
8071
4949
3371
7266
3250
8313
6666
7504
7423
6907
5911
7634
680
4616
5422
3409
9297
3355
8445
4939
6285
5997
737
7528
4541
1841
7768
6076
207
9996
581
5307
5397
1584
2752
7078
7448
8539
7624
61
9368
1783
7919
5352
2709
1304
8209
6223
5808
703
3970
6291
7739
6658
4833
1289
3946
5453
4793
614
9620
352
5684
8893
1903
8254
2537
9186
292
9833
9538
2802
8069
2923
1739
757
3565
1457
2457
9424
9588
1937
8745
820
7188
8657
6085
1268
9822
4352
572
3651
5604
1119
7518
2479
3037
6397
4996
8331
2561
9980
7570
5579
4616
2175
9179
2862
9180
5113
5817
7318
4273
4435
7905
9465
5802
7336
9481
9579
9912
1993
7974
5213
6165
7185
500
8534
8755
2323
8917
6928
8689
7269
4476
6789
6079
5802
1038
4826
578
9666
2039
5277
4496
4837
1872
191
4929
6172
5231
6658
2320
3832
8820
4310
127
7103
58
6758
5707
5575
9456
2941
6370
8893
4838
6683
7919
8771
7439
6302
8637
4070
7198
6710
2317
7432
1734
9502
695
9573
6851
755
3795
2803
9584
7500
7834
2227
3881
6365
8223
7271
8761
5434
894
127
5377
4182
692
2300
8188
3839
8742
1504
6344
9144
4064
6659
2047
5177
8977
2806
5131
7516
9615
3709
8372
6840
853
9166
2111
400
3803
507
2912
3170
4122
1276
6441
5910
3649
7181
6554
1970
5625
7364
1827
3069
4868
5044
3912
9840
4666
4488
3523
4010
6749
5066
5312
1885
7759
1552
4363
6422
2194
9410
5193
4768
7622
1075
5888
1105
5893
2627
1152
5886
2179
2906
3089
8845
5357
7912
1959
9384
6724
7642
4638
7792
2821
3401
7316
5882
3196
5046
2995
6124
7109
5993
8788
7790
6341
2468
1274
3824
4112
2339
6093
7174
7036
5273
566
1017
5560
8951
1886
8134
7932
4894
9987
842
311
5561
8990
9404
4890
8530
5449
6115
2669
5493
3806
7932
664
9973
8988
3646
3019
7190
5031
8050
9594
9790
6969
1474
5208
2942
7426
7860
8883
8770
7481
6754
5142
5572
8091
233
5001
2468
5107
8887
2599
2229
9891
5603
7059
8427
9590
3804
286
3889
2605
595
7690
9525
7176
6139
3338
7480
382
3395
1506
5094
6557
2491
9100
5497
3850
7084
4348
9282
7419
8316
2592
6338
7511
5436
1566
7622
496
7817
9235
1453
1660
3784
6785
7404
9593
205
3203
3958
2296
1784
8342
6360
9441
6631
8871
8462
9237
4678
9491
2339
1727
954
7951
4860
6971
1254
384
2118
2470
2093
7173
5936
8871
4410
9012
1378
1874
6308
9885
7375
9205
6798
8457
7154
2982
6918
7902
2296
6276
9921
5960
8760
6000
9695
9441
9445
8259
608
9919
1685
1064
1783
812
326
4491
8051
816
1748
483
8386
1343
5141
6126
4697
1391
7224
8890
3066
207
3747
5646
3107
8237
3211
1818
1532
7013
1712
7281
6034
7840
3668
2093
8906
5823
6844
2952
1778
1037
4574
740
607
5887
7294
6883
7733
868
3182
3282
6448
6452
3174
1550
486
3578
5710
7939
4200
4937
7252
2527
9229
961
5040
6798
1541
3482
7776
2242
3520
2476
175
2906
1269
4332
5037
9412
4883
5919
5421
9529
4299
9065
8854
2601
6524
3745
5800
2932
6961
7287
3966
6064
4033
8837
8498
6496
5327
1969
5770
2674
9301
8145
4007
4752
9842
5541
1205
684
7395
9303
6520
3391
7116
1691
3394
1597
7269
2523
6413
3319
8539
1912
6950
8285
2785
7370
8834
342
9863
7612
8070
6395
8959
4539
4851
9530
1630
482
9245
6084
9567
3905
177
644
591
5116
2437
9636
4612
7151
8886
9715
5768
3979
4155
6272
4025
2814
8179
3604
2422
8371
3040
3767
7152
7454
1581
3120
7369
2702
8724
4045
3213
4234
1874
6450
8439
1947
2730
3862
406
3469
2933
7477
6061
9896
7243
2169
9750
2592
9196
8805
9936
77
5872
4461
1697
9520
618
5669
9445
1357
8243
4117
5760
8156
5224
8058
9285
7755
9459
6732
7759
8875
3727
6906
7192
8462
8410
6638
1577
3879
2346
7972
8395
9529
6716
6196
2022
9089
5339
7248
6279
2134
7012
614
6325
6607
8651
8951
4249
8248
629
9789
9158
9480
6841
8957
4309
6550
9566
2448
2614
4147
178
5498
6177
3506
6864
572
5206
2080
8655
3363
4439
1626
8710
7385
5356
4599
9932
2472
7871
3739
6949
9141
6435
6903
7820
2456
4320
2454
8675
6923
7711
8114
9713
3179
7238
7395
9785
7799
7591
2057
1328
1659
4348
5609
1920
6561
4660
83
7685
6009
6057
8197
9940
5454
9621
5291
7592
6456
8404
1045
7698
466
4071
2116
4497
5196
196
1197
3686
3528
2295
5065
287
9683
9036
7594
6570
1775
8123
6703
3845
6117
7336
6437
4176
4426
1924
7943
3304
2488
9683
1910
8731
5004
6478
4103
6267
852
958
9026
8335
7992
5304
3305
9042
4687
5404
6194
3507
6028
7059
3859
3523
292
7157
4699
4329
8915
1376
4330
345
9953
7932
8524
5818
937
6783
5632
5320
8259
8477
1063
8301
6071
6610
2731
3396
7687
8083
8401
5387
6494
8372
3633
6031
3782
4029
9894
7868
8595
7094
9853
6923
9284
883
4711
3084
5849
8363
1026
1334
1745
3609
1327
3708
6773
4310
3169
8842
1004
7569
5618
7631
5420
5583
6490
4167
376
5518
8391
1401
522
7906
440
3527
4956
6935
8698
1345
3636
7772
9513
1738
3299
5592
4072
849
4632
8097
6723
7054
3146
2140
7345
2723
3575
5963
4908
899
80
4356
7380
8275
6187
7820
5629
3924
8573
5987
3507
5169
9262
9046
5678
4370
3279
3800
48
1795
3266
8756
1351
9336
8598
9544
8228
4789
3883
4916
7213
6886
5929
6123
2415
90
1168
7080
8188
7141
3342
3874
1374
3672
415
4163
9532
3654
133
1056
1425
7855
889
2889
6535
4430
3540
3752
7161
298
5514
1211
5486
6655
6437
6366
1679
3168
5907
8292
4852
5605
1588
4464
8357
2072
4632
451
1628
7926
4909
2272
792
5440
3664
514
5158
5544
6456
2846
130
5188
9347
1806
6182
2434
9811
8718
7850
7127
5742
4339
8719
3668
3927
8637
5001
4671
8582
3908
9651
9371
4644
8037
5953
363
1845
3832
7432
3168
5730
1111
6270
3067
5528
8570
3642
5201
6214
1267
3862
9023
7639
9221
1875
2823
6446
4181
853
4038
8040
5443
385
6677
3634
1162
2164
9387
3553
9893
2773
5354
966
435
8286
9881
2951
1851
12
4530
1987
7765
5755
9488
589
6559
3806
3475
8664
4771
7394
4326
9047
6424
8911
413
6929
3710
5954
5975
5301
573
6082
1811
1768
622
9295
426
7430
8898
1623
9665
3792
6079
832
89
5030
3857
6468
6304
1978
2677
4771
2605
4032
931
8944
899
3638
5762
3956
1317
6447
6177
8650
4222
2447
8775
9815
9327
4776
9395
2794
7772
9685
4750
3643
22
3573
8522
4724
7708
3364
4147
1984
253
4681
5472
1289
3702
9117
5895
8699
2402
2004
8745
260
7723
8657
500
6752
4249
7015
3294
3173
7655
8299
4115
4162
5103
6452
9799
3658
4272
55
7304
5510
5347
6872
3744
3983
350
3484
6793
5320
1996
3812
1613
8279
4941
5091
8511
7804
7809
6670
4845
3913
3283
8221
5079
7898
9417
1124
6153
7356
6833
4587
4437
4474
8532
9903
4245
1514
4532
3175
3020
483
8376
425
7035
3785
8205
5825
8572
6437
883
1544
3053
7869
2188
2555
8541
7018
4055
8829
7318
5922
625
9667
9395
8884
6730
3351
9773
5446
4366
1132
4306
7313
6061
3473
1259
9000
3367
6948
2516
640
8660
9147
867
7326
9525
6698
8402
4745
1860
9601
4422
1010
8313
9269
2838
1404
4402
1599
3857
2464
9055
7523
8025
5777
3671
323
565
5822
2578
8571
2812
4991
1863
3922
5984
2793
7823
1913
5576
2235
6971
2570
6060
8977
6514
823
5559
8169
6678
2937
8850
581
4285
7445
6634
4110
6406
2532
8181
9923
3002
7837
4031
972
6020
5460
2811
5646
4994
6466
2291
2657
6196
2916
1671
7756
5948
6288
8866
5767
1682
2666
1908
1550
2421
1324
3799
6363
3276
5012
125
4859
2804
7811
8730
2624
8719
5436
7075
7883
3960
8052
959
8897
4341
4490
1665
6853
8053
8223
4074
2413
9551
585
3714
3444
685
9821
4398
4996
2931
1407
9344
3025
5746
7181
9239
6110
6705
4142
5740
1781
5789
3254
5073
5968
1785
9396
5886
8635
9787
1080
3574
2539
5868
8614
8795
3890
8120
8684
1359
7252
9496
9907
1285
8697
1172
1238
1908
8852
9541
1233
1052
1218
8823
2326
5259
5556
3664
2336
8119
5304
4663
1609
6260
7310
5798
3868
1988
1941
1389
1629
9990
1274
7083
5921
4426
7308
2620
7302
4377
5065
1703
2887
4365
279
1573
4580
976
8358
5797
2108
2536
1208
2876
1467
9713
8217
8004
2895
2967
3201
2060
4296
8481
5333
4765
5603
9740
9936
2217
1432
8820
7959
1610
9563
1169
9406
5864
4308
8774
1635
3750
1193
147
6057
3122
8890
8592
2608
7857
7864
7258
5288
2500
7386
22
8349
747
6537
5834
3280
8861
1339
5506
2524
2304
1676
8603
9752
571
1526
3798
3670
7380
485
906
6193
6279
4789
4660
1932
2344
7176
4113
1271
8549
7483
6271
5065
1761
9612
9577
7448
666
2800
1593
3404
2764
2695
6151
4431
2363
1056
16
1556
2838
795
5481
2472
256
1394
678
5781
6451
1590
23
77
3874
3666
164
9651
7839
187
3939
3969
6146
5005
6719
4163
2178
611
2436
7908
3969
6135
6801
7429
4103
2088
7879
4126
1695
7873
9204
2618
942
4542
2406
813
7014
6395
4220
4645
5482
4773
516
4164
1206
2033
7574
5410
5002
718
3766
6226
2033
2972
2656
6033
7087
7647
2075
3730
8254
8771
2575
5971
2327
6385
1373
1371
4324
7597
1388
9524
9660
9901
3606
3778
1928
525
290
4665
9173
6958
1405
3263
7642
203
4720
5402
6232
9840
3268
1303
8022
6281
2011
733
6648
4835
4494
4905
7781
8000
6898
3904
9172
4973
3642
1529
6318
4142
9730
4617
7294
5314
1292
8416
1102
6125
2794
9562
172
563
732
1746
5889
4367
7971
3518
936
9111
7707
8647
3353
1714
1184
9565
4874
9536
2365
3133
1341
5445
9485
1345
1171
6692
4272
482
5368
6487
3822
7580
1809
4076
4154
7321
433
3627
9732
11
958
1980
3975
9591
4423
656
7928
4460
1611
1701
1298
1615
5246
627
9554
5550
2298
9400
3063
1715
4844
3136
7538
9664
4014
8394
1712
1567
5615
2007
3855
3646
960
3922
1963
1631
584
9050
3650
8767
2669
1996
6810
7335
293
9698
3560
4659
8606
3210
5985
1609
999
4873
908
2229
2766
7959
3290
134
281
4455
8628
1832
7581
1415
2511
5746
2996
4806
2033
5102
9151
9998
9717
9932
368
5172
5987
8146
4238
9028
8620
2464
9347
7752
7854
1594
2075
2996
2606
1707
9617
2629
4821
7893
5235
8867
3013
2383
3526
8025
7993
3747
4268
3829
7977
504
5867
7910
3724
7139
597
3330
7123
8281
70
3206
3496
3106
8256
3449
9387
6746
1362
7820
2732
8985
9102
6000
70
5670
2718
5462
2847
1047
9176
6463
4247
7591
6836
7468
4838
5483
3521
8063
4130
3639
7809
7154
6382
5283
9827
3864
7096
9293
3253
3092
6995
5214
343
6270
3500
3860
5514
7828
5523
5330
1267
4097
5292
9519
4188
7404
9491
3799
6847
8528
449
6114
5829
8332
4022
8026
8099
5613
8043
3055
4909
3968
178
2127
4771
8760
3613
952
8652
3774
8010
6529
2432
8212
954
6567
8388
1417
4190
1401
6208
4231
9662
6137
6464
4556
4162
1565
8832
2135
5835
4445
7827
2636
3587
5838
7550
6425
7035
6946
426
5270
8905
9649
1589
6301
1697
5741
9376
662
1588
6674
9626
9162
781
3119
4922
1193
5755
5776
1609
7188
9386
8445
9450
2059
3531
6129
5375
9590
1440
2357
7040
8431
8570
9020
9219
5589
3140
3642
4696
63
8308
5536
1519
9187
8728
2825
3145
1811
7945
8241
3240
7991
6919
7571
5231
5747
2800
8837
2014
3408
8760
6419
335
2235
8601
6024
6832
8232
441
8476
9307
7630
4265
7785
7645
9275
5433
3492
4307
6177
8981
5268
2315
9328
6023
960
6387
6488
812
2475
2612
8769
5141
8951
1764
5273
3891
136
2441
5377
1768
1988
4770
850
3203
5600
4227
145
6405
5762
9487
5391
9086
8127
3250
1694
5239
9251
9160
95
8396
2069
2709
6465
8491
6730
9255
4200
7626
9103
6442
9694
6279
5169
7201
9643
9692
4150
7667
2056
1505
8550
4424
7249
8659
5109
1743
16
5502
9922
7046
5694
1091
6372
4595
3749
8795
2982
194
6055
7706
5231
5864
13
3509
5078
9204
3659
8805
6895
1232
6845
5543
2122
5111
9211
8092
6250
9599
7091
3264
7795
6532
5716
287
5652
6673
4477
750
7853
6303
447
3596
1532
1757
6973
7045
7860
8733
4670
8456
5860
2625
1115
3916
9919
8233
5807
214
9085
4952
1396
3729
1494
6649
9708
5291
783
9701
2018
3032
8265
2835
5592
2279
8255
3560
8029
8233
429
8325
1182
5222
6429
3672
1022
5638
468
9492
5488
4129
2726
4348
9824
3884
4442
8902
1750
137
6133
3542
1694
264
7906
5652
3594
8442
9562
5522
2214
5450
9367
2521
8418
6579
5584
9867
5109
5504
5804
4635
6684
2127
9233
6833
7203
6466
8626
1967
6896
7007
4238
2020
9018
8252
987
7200
2747
7807
7115
5297
4351
5588
5960
2667
5994
1285
8891
7679
8479
9570
8276
1086
8743
1102
5623
3480
4015
2208
3409
2257
9660
3697
4325
8242
7514
2364
7568
2040
8554
5810
1882
1957
5415
3678
3967
7582
1111
2509
5098
3497
6736
9058
7988
7719
9875
9678
9996
7834
3077
3782
9453
3940
4269
249
5702
4187
297
8373
81
7341
7100
1637
9185
800
4401
6755
6313
8506
2856
9570
9479
9891
7749
1960
5077
1555
3616
1780
4345
3001
355
4661
2357
1880
5251
7938
8002
9407
4621
3281
4412
3812
1134
3894
7774
2793
104
7911
3827
2831
8047
9755
9480
9645
4267
191
4861
9543
929
3759
381
8553
6397
9513
2675
5616
4814
8909
5422
7756
6073
2638
4078
6966
7357
8232
4084
4363
4417
8973
9410
3376
8043
4536
7599
144
9609
5841
3190
6531
9341
3002
2693
1436
6603
9430
5241
7551
6657
416
4942
8471
8057
8917
2605
9126
9712
1744
1605
2378
7761
3560
4222
1383
137
5800
2621
8222
5762
6448
5556
500
8500
3250
3335
1788
4845
6077
6562
154
8520
4435
2042
534
9610
5168
4265
4920
8579
5225
8752
8116
8973
4972
3233
6246
3048
8623
2812
4791
3958
3136
572
8297
6649
2484
3349
4406
1658
83
8388
6714
8531
2044
9004
9704
1913
8435
2153
4630
6394
3525
6415
102
4723
991
3780
6087
4490
9455
7599
2578
7881
9403
5541
7785
560
6648
5596
847
7784
5296
7070
2989
9137
4029
1253
3634
6497
550
9857
4143
1918
2690
1126
3347
3370
6365
2578
9612
3841
2345
6583
4296
9939
4837
8460
1979
7914
1037
8055
5572
5125
8531
5760
576
2945
1247
6256
6463
8453
4837
3323
3818
8293
5037
4859
3037
6209
1306
6447
7575
6401
9999
1405
9870
5598
8296
6666
9940
5699
4245
9807
6060
6531
8677
1924
7409
5617
8614
5922
6948
1680
1647
8896
6521
7100
141
1670
1053
2804
8944
7072
6903
2125
6397
1989
517
4198
583
5607
8093
300
3028
5360
8829
1185
6185
1066
582
740
3390
7452
9750
3792
3919
9217
9235
7952
5886
2185
6784
7318
2582
8110
136
8790
1542
1661
238
3392
1083
5772
2411
5174
422
2321
7770
53
5941
7500
2582
4156
6007
7526
8724
7964
6513
5064
1081
5470
3753
3956
2026
9626
8780
6806
2699
1231
2686
6158
7137
815
7883
170
4013
2449
1826
1627
7657
8079
4517
3215
471
7613
3504
3432
9361
1816
5963
5626
1890
6757
5266
3554
7767
9580
2877
9338
7756
9862
7243
4813
4302
421
8427
5071
9139
8550
6056
5787
7402
4744
3534
9207
9253
8683
3872
3364
4877
3793
8436
9220
312
4572
7706
8344
9658
7763
2160
4083
2443
4734
3299
5048
7347
922
8949
7894
9234
7437
828
1624
8799
3755
4433
8373
5955
2748
6917
752
2294
9341
2976
5450
7536
719
4259
2274
3270
9588
6293
4784
871
5485
5585
2288
7987
9346
3169
6143
6009
6806
1679
3222
7846
2736
3374
7282
5021
4459
6802
762
9692
2408
4332
1276
4686
6972
8311
8580
8759
4202
4515
3034
623
7433
6170
1693
506
3557
248
8818
1884
841
5409
9291
2415
618
6215
1328
7593
9016
1509
1496
3204
1790
8564
2338
2612
7227
944
3778
4805
9677
2975
735
2754
7123
2035
5104
1724
2643
6770
7671
3345
7299
5376
1420
8791
9576
4344
1671
7040
2092
9405
4954
6084
3331
4184
1527
3673
1048
7950
8867
343
8630
1102
7008
492
2734
624
3085
2061
3050
9427
1831
3518
9569
1915
7653
6191
1974
3763
3190
1147
6255
4419
1875
1888
8355
9544
3155
8430
8447
7686
986
7885
4291
2548
5581
5932
5523
8336
7722
8861
7920
4592
6314
7171
7507
2147
5346
6354
6791
1298
9206
6989
818
7723
9438
3229
1207
4030
6158
6635
9837
6898
431
5438
6184
6211
8187
7526
5051
4085
138
6695
5385
7078
1812
383
5674
1418
1081
2346
5758
3468
5813
3762
9078
8400
6828
1236
1681
4684
9995
7695
2153
9855
3785
5231
9944
7961
3474
4008
9475
4387
5505
1471
4830
5052
7532
9198
3487
1269
3319
4995
2280
6540
8895
1840
6125
9976
2130
3482
2414
6239
2527
1219
2397
9495
439
6799
5602
6433
3891
6867
118
4258
1262
2903
8620
6805
2379
8126
3455
7428
9363
6819
6777
9475
9473
6214
8758
5207
857
4423
857
1147
8652
908
4997
9031
8642
6777
2944
9784
5710
1602
1722
3171
1324
5914
5540
8747
3349
5910
8289
8120
974
6573
4342
241
7055
4632
6224
7923
8820
6177
7507
3943
1149
7030
5516
2287
3851
5874
867
3772
9210
5633
6441
7437
8503
8092
3344
3345
8207
6080
8831
1322
3771
579
5078
5771
3983
6218
8170
5477
4477
5359
8826
98
3804
3074
9175
321
2189
572
8626
9855
2811
4427
7081
2924
2596
8751
5429
5646
7159
9513
4874
3348
4286
8635
6538
3661
1807
4097
5203
6110
982
5844
6275
2016
9283
3221
6840
7155
9147
3888
6253
2261
7431
5707
2882
7702
958
1725
8548
3702
1935
8884
5728
9441
7197
8535
2796
3097
3709
5912
2292
4563
6788
6554
8056
7370
5390
7269
3727
2654
4727
5079
6604
6802
920
9679
5119
9256
8890
2339
1817
865
4639
836
8362
2083
3335
8781
3982
7378
5754
2046
368
8292
8518
5200
9656
7519
809
7761
8246
8541
5957
3016
9714
9168
3078
7029
286
3346
4961
7243
3675
9052
4924
8984
3000
4016
6074
5445
9854
8704
2800
4764
9899
6328
648
4951
6101
2378
7752
4533
897
751
4049
4668
1154
183
6823
1692
6437
3302
4158
8747
9500
1944
8875
3872
5529
9914
7346
3525
7382
3948
6179
8183
4278
2751
8554
9516
847
2555
6000
6521
9640
3694
9235
5733
6415
6358
9092
2969
310
5453
4926
3134
4848
7118
5102
7464
5175
3146
3325
7363
4317
8060
1282
9346
2569
9413
4684
1417
2976
1311
5908
5358
4071
4588
9188
6753
1291
2606
7407
5740
5728
7593
5033
9885
7763
1552
1999
2392
5359
4953
3456
1828
7892
373
8637
2809
965
1638
2239
7054
4851
7169
2922
9279
8123
6781
5578
6504
8595
4435
5098
5632
4406
7610
7800
2259
9494
3114
3755
6635
7249
86
9824
5184
9580
4717
9197
9720
2273
5755
4067
2679
68
9298
9321
7917
5540
3718
2336
7699
2162
8450
9983
4829
9848
5404
1527
6026
9677
440
5214
9287
6848
4512
9332
7933
1939
5009
5914
3278
9362
6671
3221
7059
2174
2804
307
1278
4900
5423
7480
5737
647
8812
8811
4386
8820
7639
9963
8152
9291
364
8324
7295
7080
165
4896
3814
9729
7047
305
6247
5390
115
8657
1763
318
5141
9434
1170
1081
9533
4651
8823
2101
4765
6373
706
1297
4028
3938
7526
2924
900
4222
9076
271
2043
7461
3666
7157
9924
7693
453
4202
2361
7784
2613
6372
1734
8381
2854
7013
7878
4643
5727
4038
694
3495
2633
9990
5346
9362
715
3147
2859
1457
8710
2881
1196
3041
3893
7268
7341
6125
9406
3052
6768
2891
6881
7378
6254
2134
9982
8494
5945
1809
9436
7412
8135
2380
3877
3553
8483
5412
3694
2934
9802
4942
3
946
7675
200
3950
4773
4589
7525
831
3504
8907
6290
5401
774
2463
3596
9641
3233
8863
5014
802
3190
1818
1983
5277
9392
1517
344
1119
8727
2473
3258
2151
9171
5484
3092
3235
3577
1737
9021
1236
1095
6713
37
7355
3521
3
7521
1422
6396
7250
4298
5156
6255
9775
9093
41
182
8723
7830
1402
9943
7416
5433
1260
9007
8866
7331
5412
956
2311
361
7149
5685
452
5240
1506
1279
4873
4697
203
6464
9354
2849
4997
2963
7625
7300
8025
4945
5777
5049
2056
5107
3979
7549
7778
4235
69
9024
7885
1237
4293
1556
7268
3779
2163
5930
9516
2581
8555
5543
8576
9197
6371
6392
4250
9503
338
9624
3477
4950
128
9927
541
2832
4097
5677
1234
2572
6424
7612
1677
9776
5501
7312
7291
365
2265
7988
9887
4616
2777
5329
4961
157
5446
9835
7378
5403
6628
1942
9340
3147
2608
833
7920
7907
5789
4087
530
2488
1623
8104
3215
8428
688
808
1459
3221
3329
5680
803
9591
3154
9133
1659
8688
8918
7876
4578
3847
3658
6769
5052
5943
2186
6789
5569
6767
1588
3764
6798
6403
5553
8811
1160
7656
3723
1770
4488
2403
5781
4538
5239
8976
1742
9449
5985
849
9406
4230
7224
6500
6734
6453
9267
6225
1848
2736
2353
7690
1784
6513
6942
2229
8920
5989
9491
9191
623
2119
4471
2496
433
2527
9222
7729
6921
9625
3840
7117
2899
4757
3895
3901
7950
17
836
5553
4846
1089
100
4378
7339
7459
4338
834
6807
9566
3550
7118
1854
7146
5845
5551
6160
5146
5789
936
2273
1723
3985
6387
5412
1070
2068
8498
7753
6673
8162
1871
7376
3131
5155
2327
5023
4496
4266
8838
5517
5538
7544
3330
4567
893
4051
9498
5741
1974
5856
8683
1466
9098
431
4201
4032
530
7493
185
3984
8704
6042
8812
9894
5774
8811
9491
8280
1412
3208
3499
8136
2861
6476
3413
2160
6988
543
3888
9263
3388
8483
222
5839
2045
6219
2969
8395
9585
3980
7606
9541
2027
8397
1042
7178
9935
3468
4822
5513
677
3493
5488
2429
2807
3439
6617
9708
5767
7708
2286
7338
4043
6265
8354
1447
9411
5109
8299
6708
8779
6343
5419
3592
2441
2048
3542
1258
5829
9253
396
6546
8237
9417
9788
9903
3908
8421
6999
7465
1322
5446
4889
1087
157
8795
1607
6103
1741
3907
1089
6909
7114
5190
6548
8277
4747
9830
2097
7916
5500
4513
866
6430
4870
3137
1369
9258
2607
8562
8687
1912
8774
5426
4050
8745
3692
8589
4589
1993
1955
2997
3603
3767
9636
9890
516
2450
289
5734
5157
5087
5309
8849
4462
8623
2217
2835
2364
7196
179
3803
1231
3090
8537
5076
2857
897
1352
1822
3691
755
4249
8666
7912
6683
3526
8763
3398
847
8190
9497
5081
860
9305
2965
3981
5576
946
6404
9864
5880
9916
934
506
5848
4764
2520
5657
1863
7024
9140
5388
2404
4326
820
1480
6867
1287
4672
3861
6057
1032
4822
9416
7456
4572
6577
3119
8270
1208
9557
410
8483
3201
6940
8316
1484
2556
662
8543
1459
7907
7896
7299
2451
8240
5982
5484
760
5705
3019
3559
5157
8281
7946
7863
7087
8656
1745
512
6635
2689
7527
5540
5523
3211
7701
8582
1491
9902
1980
3156
7438
1608
8620
1632
4318
220
1439
3659
7250
2760
1693
6501
9820
2979
797
4995
8862
7323
2917
1026
3853
4042
5421
5873
7463
8262
1985
1603
8121
2346
9373
1468
9546
3559
2394
6200
908
7814
1176
5190
6960
1835
9643
7373
7101
2327
7905
5188
4809
3736
273
6474
4778
5999
2161
3358
9626
9697
2795
9094
6468
4900
6680
7304
6347
7634
6356
4123
3916
1168
654
7937
943
4070
5495
9842
1751
2213
3375
473
5897
2540
5649
1090
4450
6671
4716
7713
6509
4559
2167
2263
1599
9789
6825
6526
3287
9887
5896
4027
8329
4410
4244
2068
8717
6753
5942
9456
5779
5543
9234
8317
5930
3662
3470
8607
1833
2182
2413
8415
7668
3272
5204
8654
9370
7134
5170
121
7989
3091
6599
695
8020
6671
5769
5473
3886
5495
1007
9987
447
8093
7030
4578
537
6295
9687
516
6174
9321
7380
5017
4839
5744
1587
616
2147
3864
9862
1056
6470
4354
524
6895
8322
3343
8419
6921
9472
67
5284
251
5858
5975
5102
4991
4760
8389
3054
5342
5933
2628
7486
2439
1433
6242
1505
4445
2493
6496
5050
6422
4488
9099
6972
1026
3101
9163
7957
9939
3576
8764
1303
592
9046
5339
5227
3729
7975
9759
8409
354
5717
4264
8158
1041
6234
7764
695
3630
5880
5467
7158
7541
6269
2677
8870
8867
6030
7678
5701
2340
915
6368
5505
145
3283
169
9103
6321
6680
1041
3947
9249
866
6836
89
3150
142
1964
321
4905
4005
5159
1606
2681
2458
5270
4460
8019
1404
3761
1631
3752
8120
4380
1362
2632
9762
2092
9641
4117
3332
2806
4372
2714
7611
4498
3879
38
9021
2611
4443
4922
3334
9014
9929
887
3495
9597
2659
5140
530
2779
8403
7499
1596
8671
8844
4772
694
4423
2872
5580
519
6860
6274
6268
1103
8335
6396
3100
2338
416
9473
3940
7579
5438
1774
2282
9224
1942
4149
4821
4835
6096
5880
2569
3050
2471
1907
5873
133
791
7360
9590
8135
3449
2679
4766
1483
9136
8682
7927
9417
6698
6647
5681
7574
9989
5751
7602
9193
8101
5170
8736
4727
9076
6685
1749
7359
4457
7954
5853
3756
6018
1295
9876
2873
8696
3555
6303
843
3799
2899
126
6050
7287
6799
6499
8495
1015
32
8829
8351
9427
419
8310
1234
593
4091
2772
8969
7592
8742
6083
1571
2722
6972
8800
3194
7520
4979
6292
6024
8046
4819
4540
7063
267
5500
2000
8694
6201
581
7509
9108
4659
3752
8414
8141
583
1386
2712
6492
5091
9511
7566
1405
5777
1101
4034
8823
9827
3312
3114
6854
202
5265
2000
4986
7412
3638
5464
3719
8485
6914
5193
2070
2699
9059
5978
6123
4307
2564
1663
4577
4365
8593
873
6850
3260
5209
6099
6720
6875
5358
9186
6091
5730
6138
9961
9844
4319
6947
1630
7125
8718
8506
3294
5747
9550
4257
8990
2615
540
5093
8153
6036
1443
4769
5147
5431
4493
9581
5996
705
4521
9526
7159
8295
6414
5469
5798
269
5064
6628
2924
7623
4333
970
3022
8962
8727
7517
8556
6293
8766
1821
8083
7459
7817
4916
5910
8046
7013
6258
3357
9043
2719
7401
6008
8404
1936
8909
6673
8651
1994
2096
8050
3916
2567
5369
7552
4490
7286
3824
6048
6534
5977
2317
755
2502
2351
3457
1387
9155
5476
1779
2659
52
6745
6562
8892
2543
8579
2846
5614
9204
8559
4813
2777
2448
5936
2901
1226
9132
4436
3388
8518
8125
1327
5572
6508
6740
4303
3979
106
9857
153
8073
1211
2148
7964
3082
7500
2202
1413
8172
4969
4680
6090
1197
7066
1714
6320
6424
5568
4185
720
3707
8177
9773
1502
3866
5239
6181
4035
2626
8140
1187
6304
7442
6501
7611
7260
282
5539
6623
6451
1514
3390
2382
1493
2860
520
3219
4463
6433
9611
1423
1913
6533
7694
3270
3715
8800
7767
4354
5859
1733
9680
6547
1304
5773
4900
717
8738
7907
1523
5018
1128
6451
9951
8641
3212
6312
849
5112
4632
924
8118
6270
7050
7131
282
5560
9208
3167
3404
3611
9898
4631
8297
3085
7029
7226
4536
5924
4737
2172
7154
8126
881
2328
7929
7016
4009
7726
7139
8682
2
3149
1219
9562
9058
2789
8465
6767
2552
7560
400
3788
768
9649
5421
4993
5841
4567
500
5157
3221
5826
7380
2010
2803
3342
2598
8586
4905
7295
7622
1538
1160
7984
4417
4263
5462
1148
4680
5560
23
4929
7731
7742
9750
4321
2013
6334
6791
9112
244
865
1522
8964
9092
8368
6000
4173
6820
5386
4563
3284
4950
7209
9932
2767
794
1093
3769
3049
7892
9840
5214
9002
7574
7153
7749
3101
606
9022
6852
8108
6474
9850
6122
8070
7187
8564
9687
5653
1473
6574
9104
8917
803
6527
3867
9051
6641
7679
8197
5774
8005
438
5237
4045
1324
4596
7353
4810
6507
3719
3679
9049
391
2656
3081
5075
1221
2377
9552
5221
4920
6141
5015
9555
525
5868
4744
8359
8013
791
8657
3990
1251
2322
1680
5138
4057
2078
9904
334
6739
2398
6860
826
1696
4701
6874
8142
6773
85
9177
2213
7573
5002
3715
4679
795
7283
514
8186
6518
8584
179
5682
9468
5229
2045
4920
6969
9625
2095
7287
2715
4374
5531
9850
3804
1676
8309
805
6790
6906
7938
6094
9433
2218
2795
2666
1841
6168
5687
2985
5954
6538
9428
5118
687
9160
4940
6166
4395
2754
9005
4668
6683
5978
3115
8273
5184
4989
6932
6361
6818
6100
2016
7513
3251
801
7279
8109
5288
5807
4488
4737
6296
4962
8895
5368
8504
2441
6582
9329
6618
5544
2556
6274
3919
3724
9617
7007
5656
3589
167
7880
1321
1622
6131
10000
3796
6420
919
2047
6722
8154
6694
1694
1377
6401
9682
6209
9449
5314
8538
3610
4169
5369
840
1592
7457
8696
7956
5776
5740
6677
2600
836
5701
430
4413
5364
6852
7323
9920
4333
4087
3165
4491
7791
5824
1445
6512
4805
2438
8615
2531
6613
5446
3693
5627
5032
7300
4824
4728
4169
4856
239
6098
9962
489
7786
79
9185
5496
2320
3462
401
3962
7930
9719
9365
2336
2730
9350
7516
5376
4408
8143
5357
8167
93
5618
394
2313
1963
5523
7651
7314
5746
2480
4919
5992
5806
8297
3066
4650
5541
7388
9862
6368
9018
2959
9247
8646
4986
7938
9795
6492
7349
9574
9607
7578
2901
1462
8276
3692
1655
3204
4363
8382
5512
9697
2959
1856
3421
6237
3138
7720
928
1391
4036
9118
660
3930
1126
4795
4172
180
5743
7144
360
8619
9254
5918
5035
4663
2885
9667
5873
713
4515
9342
3049
4243
4439
6527
714
1853
2701
6999
1771
4773
4741
3775
7948
3629
6286
7129
5262
2921
5003
5511
5190
1237
9908
5459
9236
3776
515
3048
1247
4741
3929
5277
1930
6653
611
1921
1227
7195
4088
1610
5181
9795
2641
5869
3237
8760
6764
2925
2126
6809
961
4591
8058
4059
4965
9160
4849
9375
3547
5033
9437
3886
1499
6657
953
3460
7951
5694
3784
5615
4887
6591
3585
7469
3595
1587
6342
1149
9511
1543
6742
9240
2172
9173
1142
4881
8632
8691
1904
7426
5824
1232
7568
4724
8077
9869
9725
5868
3025
6533
9092
8257
507
1149
3331
2398
4819
2040
2166
6155
4419
5392
3402
9628
8550
1139
1186
7252
4406
3978
4222
5455
6629
9967
1647
9815
6873
7727
7724
5502
4046
747
5908
5581
9740
1680
6219
7316
3017
8538
4717
648
3621
1930
7509
9282
6123
7959
2418
4806
4710
7862
3823
6182
5269
237
7426
6899
6751
139
6733
2744
758
6484
8567
5190
9538
9899
2153
8671
2814
9637
1724
1592
1923
6374
3126
6069
2927
7557
1396
6974
7420
824
140
9372
1227
3702
5377
1373
9918
8862
7095
8487
989
1439
2781
1139
769
8202
6691
7678
1739
5571
5675
5798
4145
1617
6125
373
8063
2047
4448
1783
1869
8383
4666
4147
2276
9158
6331
9425
9043
8687
7021
9379
2322
1357
348
2431
3548
635
7280
1745
4761
7281
4926
9047
8365
6633
763
651
4070
5752
3461
9656
557
6399
2388
9782
532
4326
2309
3391
2584
5031
2423
8150
3043
2553
8789
1827
5232
450
3806
9615
1980
6611
1595
1601
8177
9944
6349
8576
7920
2738
836
4974
5732
8513
3656
2768
3030
1478
7447
2815
5723
3608
8315
2670
9098
4834
4256
9355
1865
3318
1672
69
3918
5202
1412
2559
7694
2995
7682
7255
9113
6264
4758
4559
5051
3563
9301
6319
3117
8602
3127
9185
1406
8136
9043
6166
1454
8928
911
5604
4982
4877
9480
6157
5234
4032
1169
7959
7953
6087
6359
5717
8861
6083
3082
3657
62
1883
4594
885
2205
1091
3207
9994
243
9103
7394
8579
3376
5380
8000
1118
8213
9181
5270
987
1642
6124
5332
5114
3966
7013
7064
965
5304
4994
4061
1209
7662
3887
8547
6361
7528
1639
8462
5231
3209
4924
8406
7451
6183
8813
8353
6366
3606
401
4116
8701
9118
1209
1360
2772
7039
2769
9674
393
1061
3024
7421
5513
6026
7162
7835
6791
2255
3975
3401
8444
7628
135
5734
8229
2021
6615
380
9192
2828
9200
7675
8305
5339
6004
6564
1831
6592
6769
2677
4093
7393
5258
6309
5686
2605
4155
5185
9010
8584
8536
7897
1850
9337
9017
6139
6026
501
3006
3290
84
1871
8369
4224
5588
1227
1170
5536
6110
1073
5887
894
6167
3581
8250
6610
2951
1021
8830
7077
1120
4135
8007
4476
3945
9731
8111
7066
261
9362
2499
3524
4611
8633
5325
5217
5979
170
3303
5599
4456
8536
9314
4001
2121
2624
6718
4080
7972
251
9548
2720
1026
407
3207
257
507
3783
1862
409
461
8611
8519
7803
3132
5758
1380
7753
3737
2917
2116
6727
5307
9639
1935
7566
8049
7216
5559
7449
1678
7837
2060
1346
6290
3288
9837
2696
7181
4558
2146
1205
3425
1869
1494
7750
3240
7806
6454
2749
9362
4688
9707
9115
5893
3823
7826
8040
6624
9202
419
1599
2778
4072
5666
4336
3483
9146
9787
7643
3986
6306
483
5779
1674
6920
5826
3918
4307
1660
3281
4335
1001
9799
5751
2949
1521
9223
3205
5648
2048
8084
5220
6577
5087
4781
6189
9488
7062
3209
8882
6365
6528
9517
7385
7622
6517
3764
7938
3893
8077
2957
406
4015
6056
5274
3085
9640
9371
4459
3070
5205
2044
73
6033
3899
9205
5403
6882
8250
3182
9601
4882
6592
1315
6343
8999
9531
4894
5716
8245
4991
5747
5011
8190
6755
3048
3017
1144
2060
291
2592
8227
6411
8369
3952
8831
2843
386
3366
5994
6343
6755
8470
9927
4332
6885
5451
4086
7012
8647
676
6298
5970
5326
6251
8304
2301
8168
3609
1506
8382
4058
1056
8343
3055
4833
2831
3362
5485
82
2073
1496
6865
3412
6142
3728
9995
603
4190
4265
8576
5160
5853
1077
4954
8234
9950
782
6499
313
2157
6366
1073
5813
9361
375
2518
6544
1433
7975
404
3076
2654
5209
1892
4208
5523
9469
356
4730
1948
6489
1000
4124
7474
3119
1315
8088
13
866
1576
7415
4486
896
6884
1274
3433
1252
2375
2428
7415
2755
2319
4592
234
3975
1118
8820
4653
5872
2852
8755
3723
3762
8031
2363
7239
3044
8678
3440
8595
7958
8112
5331
7640
4630
8402
7962
8468
484
6123
4734
8091
3976
2382
3167
9633
3429
9453
9760
3707
6820
9408
512
9583
4011
9132
3315
9189
813
4961
8677
3236
8315
7311
1413
3986
216
4693
5034
1170
197
6116
5094
1821
8810
9802
4315
3677
2405
9216
2120
3967
9475
3809
6011
6297
7631
3295
5780
3668
1290
1450
8400
8514
5079
1519
4
3059
3886
9248
7371
5617
991
5012
8732
3732
2705
877
4218
2638
4742
3815
1519
1593
1021
6285
7502
4110
786
3207
555
7026
2830
3851
1710
8783
1796
2975
6208
9884
5764
6680
3911
8856
9010
1324
8040
7165
1596
3829
7083
6006
1564
7789
9770
2605
5330
7593
638
5635
4116
8210
4926
975
2340
1153
2358
6777
196
5871
8234
7958
127
8397
9251
9888
8387
649
1643
9841
3026
3953
8280
5293
5415
1369
8229
2109
9121
8980
1345
3271
8056
5400
5396
4191
7819
2111
3263
6030
2185
193
9094
426
2987
4381
7622
2748
4691
56
7483
8984
8015
830
2733
8795
8599
1180
5180
9246
4663
9355
4027
2329
6146
9791
8450
2292
165
904
8546
8857
1876
8965
1544
5447
9419
5643
5935
4308
9813
1800
9230
750
154
2538
5672
7875
3245
9160
2812
6837
8914
9277
4357
7059
3665
9238
2374
1889
5199
1778
9222
7092
8282
3783
1290
2171
1196
613
21
1780
3413
7404
8425
9004
132
6893
7143
6534
7640
1933
3413
5811
4912
6386
3107
4425
3469
5539
4813
4285
2311
8328
4764
5604
7385
3887
1252
5132
2666
1138
1538
3520
8252
6067
3880
5085
708
8066
8020
6025
9752
578
3319
3607
1391
7595
8653
5970
9426
3038
7175
3964
4878
8232
8105
2231
8427
9876
891
6424
1611
505
7337
5958
3310
1158
1076
9891
5467
3573
2057
8315
5191
1054
1515
1915
1333
4718
7767
7938
9784
9341
336
7111
3947
4292
888
1927
8698
2900
9766
3781
8024
2696
4325
7200
1700
2248
6945
5220
5908
984
9306
3516
1570
2202
229
1911
5999
2495
3966
6591
378
5127
1638
1489
7599
8525
362
8614
8781
6318
7356
5703
9766
4225
4538
8991
1889
1839
1637
8973
4612
4115
6001
9458
7410
595
6933
972
7402
2730
7159
9755
4445
7064
7621
4323
1047
6135
763
4302
258
8016
4441
1858
3200
4257
3279
9015
1174
50
8360
6175
4775
9014
7384
3183
7864
6515
7620
5511
9650
8374
8493
2123
3456
6621
8766
5187
9384
7870
7535
7089
9254
9338
5234
9674
6193
881
1146
7829
6977
9334
4687
4063
8462
7637
6202
3141
6885
9106
4232
923
7849
718
9365
1797
5824
5475
8434
246
4703
6203
3277
9097
5039
7352
3138
8296
4067
7431
4173
3249
892
3563
8773
9740
7929
5113
8793
7621
506
8025
3942
9967
6386
9494
644
4182
103
906
7740
5131
5048
5616
3058
7482
7334
5449
660
1765
8137
6950
6417
1408
1776
956
9109
4756
12
7339
5631
1321
1418
5931
26
945
7353
5529
9704
8847
4225
1393
5431
479
3101
5415
1354
5606
3803
5027
6805
6277
5498
6904
2827
4794
4714
6019
1542
1870
5731
763
3172
2463
5567
7005
5715
2614
1247
6514
2685
3006
5525
2971
6163
4299
4353
1771
647
7041
1074
9115
1436
320
7272
5908
6022
7780
2122
2622
4375
5809
3607
2078
9537
8222
7313
7963
6386
3862
315
7606
3214
6581
8667
2515
9063
9322
7450
1350
6207
377
5440
876
1658
5948
9145
6573
3451
1472
6541
4959
816
312
6418
9429
6279
4866
2078
7195
2050
9899
4155
7307
7285
6101
2482
8600
6549
3436
7247
6541
4406
1357
5452
7617
9990
7791
3395
1860
329
5708
808
749
9077
7715
3448
9056
7642
324
1713
3819
6417
5150
3643
9095
1126
385
6829
1968
5939
5162
6037
6320
5567
9463
3598
3640
4715
7075
2442
2739
7069
8018
367
2338
1522
6303
4275
1185
7953
8453
8886
6639
7826
7751
1953
6683
2990
6518
1130
3575
890
3796
325
3269
4325
6132
6936
3313
8259
8493
4397
5688
4174
1536
6445
619
5928
5543
9024
2405
6996
1591
2561
4686
282
1661
2290
2790
3930
628
987
3943
4824
1407
1355
7294
180
7641
1923
7888
8809
3178
18
7109
8091
4059
8318
4393
5847
3750
2101
5958
4473
7561
4883
8358
8983
9909
5117
7082
2136
9458
2924
9936
5372
575
1659
5149
1117
2092
4833
2875
3654
2133
7307
8845
1832
5571
3883
7120
9347
6923
6383
9080
8840
26
9435
1153
7995
6506
3898
7438
7612
3061
5975
982
9947
1442
7284
5139
8600
7890
1349
6390
2248
4226
7851
2068
1254
2743
4034
2171
4563
5870
9288
3701
5323
3327
4458
222
2524
1532
8523
5645
9126
7990
1566
4745
2559
1706
7875
5686
4459
3771
5492
2071
8985
6431
7633
554
2535
6093
7849
4902
3991
4260
7363
2414
3292
5125
5498
6556
3023
4518
9955
8815
2538
6762
8446
3938
9388
1931
4560
8935
5914
833
5153
5142
8713
6093
6710
5095
3329
7986
7000
7903
8008
9561
83
9122
3697
7337
9248
5096
4585
7361
3554
8366
7321
4180
6787
6335
5510
8594
4523
454
4934
1435
8550
9114
7675
6725
1289
4889
5121
6868
9188
2898
5473
3165
6725
214
4116
2771
7683
957
6712
9263
2121
4928
812
9827
4736
2006
6525
7628
757
4054
5411
9814
1920
500
3276
1228
692
815
2519
7041
233
1701
2268
7947
3370
4566
3082
9532
1484
5795
9384
631
8857
5451
1696
4288
8556
794
7406
6703
2505
356
6505
7387
1797
1150
5458
9828
5213
3275
548
1184
9408
6309
7062
7320
5224
7196
1748
1952
2589
4398
5312
3366
2009
726
8749
4824
931
2629
3478
996
4816
5696
259
8589
6455
1833
6001
3005
59
537
2019
2690
7390
7707
9433
6699
2160
3949
8112
9645
5173
5479
413
6462
9673
4918
3249
9830
8927
4473
7860
173
7566
3055
3092
1865
5576
6049
8474
7595
7908
631
7821
8305
3930
8926
2031
708
2545
7310
4462
2116
9642
9533
4625
7988
3811
8732
1737
1229
6917
7839
3562
1308
7291
4466
3079
3135
335
7165
8244
6098
1384
8898
2387
4925
8483
7664
58
7298
1781
6287
5471
6460
4931
9089
6635
5077
5715
8605
2062
1573
9906
1862
778
3804
7242
4759
4758
9525
3698
7477
3451
1764
5750
1402
7900
2538
6543
134
6964
3621
5503
5551
4132
273
4690
4866
460
7323
5860
3570
8987
4134
817
6396
2243
4025
8008
3743
291
7384
1746
3590
5941
9519
9975
4480
7440
8560
7229
7577
8552
2613
6682
385
6592
4511
7724
7900
6149
4587
6398
4400
4959
4201
8517
2611
730
1784
8559
6772
7662
7883
4031
2406
934
8898
9782
6040
1900
7826
7739
2249
1681
8167
5457
3980
2765
6199
5358
7012
6922
3652
1115
4795
8556
1888
9887
4930
1804
4258
6249
4548
1236
6182
3716
357
4816
5943
8284
621
8237
4257
7610
5595
9196
3238
1948
3652
8246
6310
7448
4014
4631
633
9147
3822
1212
8521
4340
8409
5186
3646
2553
1256
7426
2946
6102
5717
3773
5632
4545
4316
7605
5269
3236
1464
6752
598
7453
4625
2402
9569
9579
4256
4641
1350
8530
9041
4898
3835
4569
1129
4932
7861
6701
7161
5481
6056
183
7570
9781
5850
690
5810
3532
5289
856
2786
8040
5451
7203
8850
964
5475
6671
1256
6638
7555
1382
577
8539
8806
2242
8326
4701
4136
9552
8674
1887
9028
8314
3864
4092
1699
8801
4364
866
3676
3423
7947
8898
2283
8387
4968
6634
6165
7750
4185
2774
4118
7205
4700
6746
7620
7549
560
7700
2666
6886
4591
5039
2977
8174
2060
2877
5499
7187
2189
3969
1481
2257
7779
8025
1761
3279
3479
8472
3261
1803
5722
416
2979
6458
5804
7626
1170
3353
1681
8608
1567
7539
5587
3977
8441
9418
7579
9654
7678
698
8355
9878
1372
5227
8117
946
8183
5373
5705
9049
6146
7774
8483
1688
7589
3623
2369
5548
9160
2232
1324
5842
6112
3537
9035
8872
8373
2130
4989
490
9392
1921
3785
5779
1055
3491
4641
6444
2650
9920
4286
6027
2247
9945
157
3948
474
8515
2669
4756
7153
7197
5755
9980
3476
1405
6793
9637
136
2505
908
8576
3254
5465
404
5777
1477
9159
1272
4929
6633
3781
4490
6254
1706
309
1047
6288
7249
3394
6600
7507
7746
6368
979
4367
3328
2072
9635
898
2725
4714
9816
5583
8393
6514
3571
2046
5035
8236
6590
484
9418
7460
4864
8514
2039
8521
398
3907
721
2903
9255
1478
8794
346
8857
5413
278
5378
1373
4021
6189
4867
4012
8834
9639
3928
6032
259
6870
5657
2662
3037
3213
1657
8848
4299
2428
384
8270
6987
7379
9146
6640
1718
3432
5394
9400
3074
2037
7265
5822
6000
5366
7271
5545
1495
2687
6771
1740
5454
8923
1273
4289
4196
6504
526
8485
2663
3546
6532
6919
7034
1314
8836
7996
1833
2980
2914
4001
1233
2348
5687
238
4851
6677
2487
3929
2234
1625
723
2454
8544
3649
2062
6310
8603
468
5818
5963
5722
8573
8812
3552
9220
1709
1007
4076
5444
1178
1714
3512
3928
8825
2783
278
6763
6747
9248
7713
1887
6738
3537
85
8913
3027
9100
2993
7093
3679
5623
4863
277
383
1398
4837
6791
8934
4024
503
4837
8304
2095
8810
2654
662
9753
9194
8062
6097
6415
8571
3171
2424
4702
9324
2835
489
7274
7433
6612
7373
5878
6172
1198
3442
8433
3300
422
2019
6922
6588
3059
6349
4024
8348
9583
7098
292
6392
4237
675
775
4543
1929
6835
8344
2283
4766
6310
2333
3580
9693
8127
5696
5438
2807
2429
3611
4556
1535
6708
2674
9096
4807
3093
7594
6564
4308
8872
634
390
8786
5116
7928
9315
7927
1968
2064
4678
1016
3935
2677
2959
2612
4513
1396
5222
3422
2956
981
9952
3005
2642
795
6615
7805
5307
5485
3521
4339
5830
3594
5174
1955
6506
5603
14
4458
8350
7974
4120
1147
5222
1437
9000
6149
3045
8059
1182
9825
8262
6004
9341
3435
2847
7793
889
5764
1105
7976
1781
4593
8805
4547
2325
3200
1192
6964
8264
588
2167
8786
9955
1310
3842
345
5282
8203
1240
1138
8694
8290
543
7837
1931
8779
4040
1783
8910
2083
9988
9230
2849
1214
2435
3755
7981
4326
7235
1348
576
1247
8037
650
3114
7505
4236
273
2761
7695
4451
9972
6104
7273
6422
8682
6688
72
3800
9923
2255
2898
1189
1352
8585
2113
2849
8426
5652
772
7933
6233
4402
1051
4624
124
8698
2752
8379
8370
5760
6316
8877
3025
5270
850
8679
5286
2091
6320
986
3064
1442
7538
6498
809
1689
7669
5687
8095
2987
1781
1656
7510
3651
2002
4174
9038
3616
2835
4937
5958
75
2884
6163
991
8741
4095
7248
6666
4469
1224
5627
7206
5759
1304
5182
3390
202
2139
166
4351
6190
2501
2779
6593
5693
5128
3544
4408
6649
3813
6603
5115
1581
8459
2397
2168
7178
8105
3792
9694
5661
2795
9169
4400
1968
4639
299
8912
4854
6576
5138
6269
8566
5377
2910
1389
7409
2951
1110
1425
4045
5373
7292
9055
4093
8865
74
7559
4025
1055
9006
8567
7665
7777
8712
5706
10000
9110
9748
53
6335
1320
405
8473
5337
8292
2225
182
144
5012
8934
2008
205
1906
4596
7987
4487
7566
8122
5969
2161
6916
4895
7649
7294
345
4227
3831
9946
4640
5057
2386
6
3584
3204
1668
5555
2146
7211
2134
703
9478
6922
6375
6959
8501
918
7382
1307
9654
5242
7994
6893
9402
7755
223
584
128
4508
3428
2871
5085
5620
3699
7346
9665
802
9123
3662
9069
3115
1350
5736
6200
2395
9614
5877
3194
7907
3526
7062
2298
2379
6870
7192
5475
7128
5198
1004
1695
1991
4145
2391
6441
1084
5591
8540
6560
4546
545
2184
1264
5325
40
38
90
6243
533
2100
8905
4804
7231
8324
4202
4118
5661
709
9461
4689
3858
871
1942
4572
3956
599
921
9919
6543
6276
6853
818
2553
1237
3128
5416
1911
6603
6672
6097
9513
1734
6489
9259
3171
1642
9160
5639
4191
4673
709
1366
3647
5204
6727
9676
1837
2768
5938
3834
6277
1772
4059
5091
835
4700
6368
5776
5813
5289
4882
5818
3424
4584
5013
6622
1912
4224
4425
6613
4845
9259
6174
1509
2202
2599
3866
3878
1327
7652
6573
3025
4781
3164
5167
9986
427
9593
4938
3539
3077
4028
1408
6749
3709
7658
8771
3999
5994
7536
8781
2017
2583
4741
5844
805
2052
1409
3192
3275
251
2028
2156
7845
2478
307
685
984
8431
16
6723
6772
342
5424
7818
6895
2068
9999
2780
160
3667
5979
3088
3959
5369
8489
8746
1618
5886
5753
3418
7926
1813
1266
4271
2036
5312
5052
1988
1901
3743
4761
3985
5787
5260
8932
2683
1746
1603
9300
282
8361
3488
699
2249
2448
7899
6602
9168
8425
8248
2638
3783
4445
4243
8406
7208
272
6712
8122
8964
4034
771
3051
7067
8397
8717
8152
646
1498
6899
8075
9464
6939
6566
3236
6209
2973
8908
1710
3488
1536
6951
2419
1221
4196
2153
8833
2396
2428
8956
5797
9799
1
7302
8607
1948
8492
1719
7761
5745
587
5614
1717
5972
8495
4284
4447
8424
7635
4081
9960
7355
488
8965
4897
9022
2292
6940
3178
8839
7697
3521
4192
3810
7760
7174
555
9088
2872
3359
8973
8678
6825
2592
7715
7929
7579
2779
9771
2352
4331
6087
2936
1504
4923
1055
5155
1026
7119
5194
2559
4064
8559
8601
1058
5685
4854
6833
4530
2849
8829
1965
2107
1847
3833
1827
3553
266
8318
6877
5678
1428
4593
9163
8884
169
7770
3377
243
4649
5114
8405
5550
7605
7189
3546
9076
7613
9396
5960
8844
711
6350
1542
2895
1842
3555
9633
8354
8594
1881
1501
608
3961
5219
9192
8615
824
9235
9632
726
7107
477
1983
4340
7050
4871
1779
6897
441
7513
5289
8527
7313
2911
6075
9123
8032
6773
5139
9573
5769
9250
2456
6563
7951
9749
3550
5165
9906
7615
9317
147
1282
9232
901
607
628
7016
7417
4455
1529
2791
4906
4374
3271
6749
3021
4992
5853
1994
7905
4262
4814
460
1076
2078
2317
5327
8040
7913
8308
3910
1797
3466
8316
8253
7583
5117
6407
3734
1498
8174
4441
6397
6244
2492
1777
7831
7385
5773
2028
8556
6595
316
5030
6954
7246
6212
2563
6007
7955
4601
5198
1399
1075
3836
8715
1093
8147
9387
908
9686
4182
5631
2268
7203
3900
9278
4902
9794
4221
6472
7284
7960
707
9216
3627
7085
2100
9976
1648
1894
2178
2157
4465
7441
5765
3459
1146
3585
6455
5394
8418
5733
8903
6728
8930
1137
9882
3577
7241
7921
7334
5998
7899
1357
4734
7572
8388
1736
4069
2371
979
5562
8234
1414
9456
2728
729
2563
4599
6844
9066
2862
6321
3709
3532
4427
6506
9526
8603
7898
4677
5382
2568
8798
3409
9162
4199
2444
9702
4017
2117
6544
9529
8443
6940
7004
7852
8381
7659
1792
7490
5949
9322
6205
2144
5350
1190
1369
9742
2246
3136
4605
5315
2221
5658
1215
2713
4476
4479
8088
9456
4709
7521
9024
2762
2288
8072
230
5200
3562
7032
4107
4817
1696
7219
8779
7558
504
5502
1990
1774
978
8018
7918
1827
449
754
3091
7888
7542
2131
2908
4267
5198
4026
1743
5207
3837
9118
8792
9620
7831
9304
3146
9938
9027
987
6443
5666
7885
2779
8076
26
3758
2423
6760
7188
5284
1768
3061
6126
531
7827
9137
9052
4419
1468
1866
8838
1775
572
9492
7715
1783
5299
3251
6925
5917
3672
5080
4831
1063
2703
1783
4449
8013
8133
150
6984
7725
6160
4372
7760
9666
7541
6759
6403
9719
4234
6106
3407
9380
8534
566
6001
2970
3676
5228
459
1794
4511
840
541
6530
2746
7983
2759
1700
952
4049
3161
6073
2860
2028
3346
2299
477
2145
5791
8209
4435
6306
2919
1600
7321
6194
9982
5664
5417
7959
74
9971
3450
544
419
6943
3923
1924
5825
9485
2850
4655
9818
5126
6917
5035
3172
6951
316
6536
9564
8737
2477
7291
9669
816
2796
2505
2393
2076
3414
4356
5258
7110
531
1585
8928
1357
3842
6239
3919
4816
5023
2523
3202
4724
9449
1865
8384
115
5987
9145
5634
9434
849
8391
3522
9799
3325
4801
9789
1617
9617
6455
5792
7268
7176
6437
856
7674
8256
9751
287
1952
8167
5242
9400
3011
6159
8388
5309
8341
9847
5111
7451
7854
7789
7783
9263
1975
7489
8235
7925
5822
6331
8599
602
2380
9323
6757
2044
2741
5968
5402
2504
5293
874
9587
6785
8630
3226
2678
9912
1659
8056
2047
8170
639
8045
6206
9120
6920
5048
9954
7141
4615
4507
3745
3812
8620
7414
7712
3167
5750
9107
978
9426
8874
8569
4623
2665
7808
2353
8156
2087
8864
2812
228
9618
4145
6783
9970
6
5752
9620
199
6555
6343
5224
6769
3107
566
4205
4660
6502
1400
7290
3430
8130
894
2986
866
6249
600
972
5930
3398
6451
8637
2898
3763
7710
842
7102
6714
8725
3120
8050
9334
1790
8956
3246
3054
8919
834
658
9366
3322
9141
6176
7245
2051
3259
1288
3328
1473
9125
8833
3548
9884
9744
2951
8294
5652
7198
1602
854
3977
8398
5686
1021
4457
9909
5871
8286
5931
8655
4211
1587
8142
5789
7676
2269
8968
6766
9608
7245
7797
2867
1177
5301
5081
5135
9549
8282
8565
2750
6269
3406
1391
3199
8809
8242
5868
3785
5104
4172
6829
974
2139
6540
8228
884
5343
7752
3615
1643
8394
7533
8151
8201
1852
4421
3003
5892
5490
1187
6198
6327
450
5880
3535
7517
7569
7325
4525
96
2958
3929
4723
361
2796
2215
7113
4759
2675
2636
2870
4746
118
5471
5858
6054
1771
1173
4501
9795
124
8978
1995
8299
8110
6708
6492
7470
2447
6831
979
430
9523
4700
1923
2966
6408
5588
8502
5411
4173
8909
7731
9313
1980
6455
4623
4361
7406
8310
559
2330
4714
4326
19
3931
7950
3705
3100
8160
8145
842
486
9154
2809
2410
1060
4609
1625
379
1040
5267
1684
2372
2940
2650
4419
7301
4567
200
7459
5730
9242
9985
6843
8011
3494
1391
8835
3752
5410
8956
8371
3011
6746
998
1678
7936
1946
6895
9389
9139
4494
985
4756
4718
2673
5393
2961
3350
8626
3470
4020
4562
6090
4180
4143
6602
6247
1217
8511
2925
778
163
3499
7159
653
3315
7888
2673
8171
3588
3204
211
4843
4194
4331
4850
6296
3110
5292
2124
634
7618
94
4824
114
9844
8136
240
1751
9570
4147
7084
4910
1894
4403
4721
8915
7756
2091
4074
6448
2546
9292
3581
5753
4734
9670
530
3020
9166
5557
6400
6024
8106
9433
9501
9377
7955
3437
3999
3455
3311
5084
6307
2409
2379
899
7997
3573
7511
1506
1252
6278
9123
6559
4722
2013
9217
8206
8178
1471
3708
4968
9989
3850
718
4168
3143
7758
5733
3232
19
7955
7144
1233
9085
7186
2268
7111
7441
811
9370
8226
7034
3349
7853
2238
84
5862
5021
7855
77
7697
7059
7041
5850
2662
5315
969
3946
8804
947
9102
258
960
1535
5817
1559
3121
2355
6813
2355
7573
277
1279
4421
2852
2398
888
5158
2199
914
1786
4529
5873
1283
4497
8686
3229
8444
3609
9071
1471
9691
8490
6740
7465
6102
4526
2337
8000
5360
9816
4584
5908
3763
9984
5059
5258
301
1514
3316
5520
2696
5562
7338
2052
5669
3097
5385
1648
7986
6697
3936
1224
690
4323
2303
8323
7004
4246
8594
3205
4265
9317
611
686
5484
5474
2998
7377
6398
9946
2878
627
4315
7471
7937
3610
3662
7990
6043
4405
4152
3584
4867
935
4475
7506
3330
7495
6113
4312
9976
1487
2663
6102
7662
4262
2105
3524
3210
3480
1660
1213
1719
6238
6410
4403
5023
8186
398
5464
8823
874
8372
691
2941
8853
6083
9463
5477
6522
5701
5446
5360
9226
9450
5365
6827
5905
4734
9909
5880
6136
2602
4916
7422
1766
1638
5287
3245
7730
4274
7344
9471
6153
2645
984
4934
8594
3340
957
1657
1437
1191
4026
5520
4628
8913
9783
4424
2957
7451
543
8855
3229
1563
6629
406
7782
8485
1249
1702
6894
1898
6472
8570
9182
4853
2528
9540
5207
4463
8025
507
6561
1131
2273
6388
149
9947
9578
8413
5548
6481
4874
374
2935
9888
1315
9740
6577
2877
1164
1941
5596
7169
896
2265
1805
8118
2310
2457
4329
4426
5053
3383
2105
451
9913
4583
718
9731
4625
3488
1520
1180
9619
3282
5713
410
1025
3392
4098
6825
5732
6110
5923
6599
2350
5492
9910
6790
2676
4388
6047
4476
2095
5112
1615
2801
8585
1997
685
554
4009
1393
5695
1693
2839
9750
9780
2672
7611
4655
1798
9842
3417
8198
4328
3318
4699
5521
9447
4285
3628
8286
2450
2280
7539
3074
9047
5316
731
6564
9502
6440
5349
8646
9281
619
4977
192
2996
2785
5027
9220
1087
9437
4218
4543
2202
2892
7207
7359
9831
9022
5750
9478
3180
4230
7470
1359
7038
3506
4072
4134
1775
1068
2488
1674
2138
8633
8223
2463
6637
6515
2802
4371
4654
2055
7806
4596
1351
3301
5821
2269
1867
9625
8150
430
6721
7011
2327
4537
2900
7724
3420
5419
4182
1549
2993
4196
5277
2213
2802
6445
3769
3565
7200
8229
9380
3054
7523
2146
3178
7242
3413
5565
9670
3759
2251
5340
9055
2351
9249
398
3805
416
5085
5842
7280
6203
7551
8370
4046
5836
1480
8747
4005
327
710
9575
8505
8864
6757
3457
9837
9810
4524
5765
7932
3632
8159
265
2342
5030
7093
1148
6692
943
5008
8621
8442
3161
5347
7245
5504
1884
2484
2183
7210
1122
9301
764
6
1359
5561
6955
9259
2264
6421
7841
9822
5887
7057
1387
7536
7879
5347
9892
7224
7101
1257
1545
4495
4310
8514
2660
2266
3997
3781
716
6918
6788
1058
1331
1469
6244
5220
4821
2950
1970
6870
6110
8016
2133
3728
6812
2385
5814
7664
7472
6044
3175
812
2448
7183
690
2114
5472
9487
9039
2577
5071
6462
6100
7910
9770
6050
4068
3885
1215
2496
3335
91
2338
6503
1476
8992
9990
2142
3720
6420
6810
2124
2619
147
2972
239
6226
1417
3578
5283
842
8303
5185
58
3833
9823
8772
5093
1959
9355
7718
4335
5277
8430
9839
2298
6331
9906
1642
2036
4945
9023
4480
8363
8219
6495
7842
8251
7218
9156
6402
6164
8185
9246
6329
6639
9017
1643
5888
860
267
2934
928
2044
6084
4906
6389
2115
8754
1985
4757
7185
4766
655
2277
6026
9823
3478
2022
2237
7637
2322
7109
4503
5304
6646
5979
994
1415
1826
9840
8762
9600
8680
4629
3604
4145
9093
2365
2783
5401
6111
7604
1117
6114
3236
8805
8048
2372
8445
5756
3107
5491
7398
6028
3274
385
4099
7354
4781
7128
545
5806
2840
9024
2854
5133
5143
6053
3585
4828
7885
6377
9410
2068
7386
5719
9537
5984
411
6944
5887
1256
2682
662
4369
1165
7656
3614
8522
881
3081
3522
4381
622
2182
8841
1694
5865
9712
9546
2028
7951
9097
2465
5918
4760
5153
4778
6938
1447
7101
7555
2635
9018
1170
3562
8089
6671
4743
1931
2467
2984
5011
3132
1786
2831
4044
198
9848
9555
7566
3703
2700
4347
2934
1726
9935
6953
8405
8890
8592
1894
5888
7982
5353
6342
251
772
5385
1229
6388
4622
1530
4467
1321
8824
1812
8124
5164
7824
7799
1890
9197
4851
4692
2613
9920
5816
8503
2686
2402
6561
3903
3992
7046
4121
8967
3295
7303
606
4183
6801
9781
8808
669
9994
8820
9017
1654
405
2977
2559
1466
3993
4629
8511
4318
7198
3578
4959
5995
7846
3914
2621
7719
4838
3811
8722
2906
2182
9597
5240
8896
2350
3335
5614
3272
1712
3138
2036
6616
5125
8602
2284
8291
8518
5745
6840
334
4289
6065
3713
6841
8015
8782
956
1663
1028
8140
7724
6007
6198
6162
7083
8745
8159
6812
6453
6758
7318
4093
4872
680
4719
1482
2036
2656
1217
5504
7117
4060
6234
8212
7318
2597
8951
2616
9927
1024
3740
129
424
2429
780
23
6758
396
5570
7344
9471
2895
3287
7346
2571
8303
4160
1461
1317
5605
810
8729
7504
8063
5949
7139
9995
4916
4075
9310
981
2711
8079
1298
1937
8907
7622
6274
8324
9269
6009
4965
2816
7884
7517
697
2602
7865
2704
706
8692
6122
9061
5303
9171
5332
2862
1474
421
9062
4579
4053
9565
3158
5915
27
718
9281
4408
4651
3970
5555
5019
9097
9346
4634
370
8382
6339
6690
1708
8085
2765
2761
7867
8202
1042
8530
9367
9231
2370
3934
4943
3609
2215
1000
4260
9672
7624
6259
5898
1158
8123
657
2730
1732
957
3142
1666
6873
5834
2538
5166
2648
6731
1954
1320
8228
160
4664
485
8499
875
2268
2271
2305
3623
9119
7923
4367
4480
1770
6093
7776
4613
3606
2432
2361
5993
8194
8463
4176
3867
110
9510
5442
2477
5934
1663
91
7327
8260
7320
2562
9459
1421
3565
1582
8630
803
4378
5744
9666
6846
6062
3030
5012
9586
7510
9331
7145
772
7030
1342
4417
4315
4561
1406
5937
7646
8969
3070
3902
4351
980
3926
1821
2116
4596
9468
4622
1951
7917
7110
6547
9931
1303
1612
2914
7497
865
5836
8425
9362
3023
9881
1448
8641
1568
550
8441
4327
2573
8666
9058
4061
6088
1989
6856
154
1643
5656
24
2169
6343
9466
1897
4753
3690
8254
7714
2654
1349
1531
1588
3997
2795
7868
8198
868
9953
2492
7980
562
7939
3133
2939
2695
6021
9632
794
4952
8093
5717
1798
1413
3878
5684
8352
9926
8808
6951
9742
1081
2521
9939
2055
843
6745
9800
7649
2423
5079
4555
853
6463
6819
7020
8767
296
1395
1186
5622
8635
6756
2208
902
3292
1457
2846
7503
2281
8812
9658
411
5422
7342
9711
6932
661
4959
6012
6975
1850
790
3024
6508
1418
3301
4309
538
6552
7856
5947
8402
8922
9544
5787
3304
9520
9226
2316
5680
5479
4806
7602
4381
8688
4306
6168
254
2816
9941
7979
3445
1054
5881
9287
8224
884
1914
2885
3703
7418
284
9007
1098
5295
8810
9998
5470
5051
4456
9486
67
4894
5501
2769
3198
6261
9636
3789
9035
864
9843
1029
1196
9022
2402
7097
3130
6155
30
7780
8189
6345
1735
2917
6566
9703
6619
3548
2833
888
3362
8031
5226
4362
5874
7908
4387
2906
8067
9309
8391
9500
5088
334
7750
3943
2241
5163
8921
8413
2975
6593
6299
8970
4719
1806
3612
542
7206
5929
9121
136
7986
2923
5088
7363
6088
2326
3997
3788
7132
2137
9083
603
4033
2203
9312
7531
9343
266
730
1716
2735
5676
7924
8043
8613
6765
9952
8546
9067
1707
5549
6351
2763
750
4941
8433
9556
4299
6496
276
2591
6987
8038
2626
6308
3514
9399
2374
8325
6848
4876
2621
3015
1719
8813
9974
1584
2432
7318
7595
836
589
5336
7016
4512
7401
9639
6040
7646
6391
7507
9515
8136
1616
5329
6718
788
5570
6899
2160
6115
4503
251
1071
2450
9773
8093
7304
1297
8532
6109
1965
8375
7331
312
2286
2677
6804
7797
4627
7915
8088
5734
7071
1777
9466
2652
822
8580
7576
3778
7214
27
6227
7634
4416
601
1012
7911
7837
5063
6247
1384
5674
3465
9570
8284
5275
1043
455
8268
7949
4906
2412
364
4708
3632
8372
9521
1858
6599
3256
2249
9970
8027
9121
7765
3978
9652
9165
7416
2316
7775
7802
1013
7822
9258
7787
6419
4042
8935
6170
7255
5363
8862
8257
8120
1837
9461
5285
2101
7331
7526
7764
9559
3857
8459
9003
302
43
1236
4133
2341
8279
2183
4873
8181
2047
1985
1076
1202
2896
7436
6293
6865
893
8152
5097
2766
4082
3354
4246
5595
7600
3481
168
8234
7964
903
5459
10
1309
5396
2546
9542
8952
2174
1568
4584
861
680
7778
1922
6146
1639
3158
3671
9552
7198
8108
1371
2063
6735
3252
4292
207
3812
10000
8989
5044
5163
4078
8864
4208
4077
609
2641
6401
1190
4924
9639
9928
6408
4020
7760
3159
7183
6200
7203
7616
5824
9319
9554
7557
2227
6345
1289
3995
4366
6716
5900
9248
3554
25
3375
9197
7663
267
1190
4260
4286
9266
1827
1588
761
7048
8417
5369
2975
785
2866
4772
7616
4584
8225
7472
653
6121
1624
8589
2552
1443
2190
8264
7975
8666
4092
499
3758
9788
6399
4309
962
6472
6747
9702
3098
7050
7589
3090
4528
5549
8202
1316
3423
9702
5270
6512
3699
7617
6196
8396
1471
5769
4816
4001
957
7434
2775
6391
4417
2276
9132
2739
4062
1611
3131
7418
4527
3823
3349
4028
6914
6800
6134
4231
6234
5936
2347
4568
1427
7322
1278
475
4593
5415
4509
8083
813
8994
7370
4726
5749
7837
5726
39
5805
9879
7405
1814
5473
4372
1715
668
796
9476
8289
578
9301
1837
3816
8168
6555
9731
4947
6664
8501
7644
4454
4234
9037
9419
4890
5482
6745
4341
5088
7595
4834
1151
6397
3548
5081
4771
3181
8157
9675
8709
626
2213
2291
2590
2952
7703
8896
1395
7942
4499
9356
5392
4581
1197
8916
4021
2443
5983
3900
885
7082
4539
7039
3247
1641
3196
2058
5283
1404
7597
2179
8997
1367
3736
296
3491
1354
5466
2611
9040
5386
5778
1518
2796
4081
3814
8153
6817
5775
4919
3808
6062
5086
1602
1376
7405
1164
9231
6654
5464
2058
8163
2050
9991
1615
853
1295
2195
5035
8553
8991
5567
3581
1619
1202
5939
6688
9747
9213
6383
263
1150
26
3084
2445
671
4750
9213
3373
8562
2394
3712
1675
6123
3488
8490
24
1172
3512
3683
8193
6246
4829
2643
3590
6080
3713
886
6825
4135
2792
5969
849
3775
3269
7130
1808
2776
9069
6648
3970
1043
5732
2743
9031
221
633
8955
3291
4159
3554
3
7997
5273
9283
9813
3978
4191
3529
7286
5580
3651
88
9765
8073
8930
1449
3690
8517
1719
4706
3967
1418
4473
6596
1921
2618
5030
795
7975
186
9294
6374
5334
5057
3062
1990
5196
3175
5681
3561
4802
2811
8956
4871
309
5048
8799
8927
6947
8992
2996
5986
1039
4291
8981
2938
1841
7436
2980
8136
7090
4904
4154
3004
6682
9153
5759
3914
6761
6061
2042
7926
8242
4952
8976
6585
1007
3331
1416
6940
9388
6675
6092
1305
6748
9204
9903
6699
666
3676
48
7757
5503
4470
9218
5371
2532
8369
3959
7742
4882
7160
7035
2761
9275
3510
5423
6915
1954
8646
1293
7188
4450
3610
576
3587
6091
8137
4495
6876
3182
8583
1533
6765
7768
8922
9159
5517
9001
3480
8823
4916
4455
6590
375
5682
381
8180
7839
6934
8709
769
3616
6393
3071
9601
3848
5600
7702
6294
2705
4142
855
4910
6726
8006
1077
3480
1578
9979
9753
2259
3068
1537
7235
6146
3283
4010
850
8254
2721
2972
9877
1248
8379
2170
4242
6772
8331
4046
8024
1257
5001
4616
7080
3974
3526
9358
9476
1825
8216
9839
493
6479
1569
4581
5945
149
4225
6585
8668
5585
6838
9269
9469
2692
1272
1599
8729
7819
8982
7475
2100
827
2832
6990
8586
6672
7543
3637
2906
8876
5282
1164
8390
2301
2551
4983
727
6144
8592
7133
4479
1192
62
9446
5164
6094
1298
3427
7360
4094
4743
4814
2831
3902
5640
375
8094
7475
617
5732
2072
4680
343
2249
5085
2730
5655
7129
8705
7970
8509
5428
1931
767
2981
8705
1239
1250
6610
4717
7111
9059
2810
2461
4201
6769
3323
9692
8223
8923
6061
7669
8427
9901
8879
8542
3542
1489
8600
3418
4600
9081
3769
3484
588
8000
5601
5847
6452
712
4321
6407
6980
7043
7606
2066
3810
6989
5235
1901
7848
8068
5116
1417
941
3440
8392
8465
568
6249
9739
2050
4906
1092
657
375
1866
3519
3175
3885
5040
5367
8125
9511
1280
8417
3462
4957
1201
6370
3014
8983
3880
2798
324
9865
1538
9810
6815
8024
7039
129
2517
7613
2976
1945
3149
7904
8405
2633
8547
7309
965
9538
9118
9587
8848
4659
2870
6261
4403
4461
4141
3660
3472
5027
2941
2308
1787
6725
1570
2706
5685
2970
4872
7483
8022
5357
4362
1736
1388
4641
5246
6885
6843
6149
5710
729
3748
3739
6324
1210
692
7331
2989
6333
1202
2334
595
4798
899
7899
3446
5208
2238
5163
8197
7665
8832
4155
3648
5638
9146
3219
3485
5122
7341
3935
2723
5434
4127
9719
8935
8920
5134
6220
3433
5764
1938
3333
4519
5615
6522
1768
2381
1268
5188
7860
587
8264
5202
2605
9441
3239
7077
6138
1545
3572
9239
739
6484
9153
2730
4847
8580
9542
9699
784
7353
3465
5612
9486
4892
5735
1947
7561
3990
2530
2534
593
1426
560
2590
2272
1228
9839
6382
7277
1989
814
2164
8966
3377
4717
5394
447
1723
7266
1023
1372
6762
3159
4312
5026
9692
6003
7962
6268
5867
8372
3056
9466
4699
3103
9379
1024
88
2339
6248
5219
2056
3676
5630
1505
1907
1355
3689
266
8157
6222
2864
4843
61
975
9491
8805
5481
7439
8951
4143
3746
3594
6955
334
3551
1299
6527
7343
9775
3318
2063
3689
7592
8926
4516
5382
9463
8638
2074
6918
5713
4316
2902
1590
2919
3703
7823
7449
9293
3617
5587
5881
2078
5052
4173
4616
6205
4024
4719
4470
2089
4824
4602
3101
9256
752
6350
1688
5753
906
5031
2673
6346
6406
6922
2900
3548
3080
3123
3696
7884
862
924
8902
4021
495
80
2822
4957
5725
7549
5310
8645
5960
8310
706
5696
4255
915
9761
8638
8377
2768
4078
6760
7932
2600
4517
6907
9822
7730
7503
142
4206
8831
9789
8463
1374
6571
7942
6502
7264
1151
7721
1757
8538
7587
879
6632
2261
3299
2661
9748
6498
2010
1252
2728
6605
2041
6346
6544
6119
4034
1870
2545
1413
4896
5630
7202
2107
409
1205
9198
8788
5602
8910
7360
6984
1263
2193
914
1651
3312
6326
7176
1182
1047
4911
6206
530
5884
3461
8840
4532
2717
6362
1950
3136
9685
1971
1005
6446
8067
764
5902
1484
7059
2662
9229
8043
9027
9914
946
9494
4840
7520
9426
9903
1333
7975
9753
4658
8131
3256
6913
3623
7050
1001
9161
3152
7876
4674
9099
3377
7474
6769
7270
7318
2480
5161
1696
1017
1094
4558
4650
6186
1755
3127
9254
2356
2652
6562
2795
8795
8485
9561
2703
8667
5561
8902
376
6980
3845
5570
7318
6438
4312
5468
6935
1706
3870
1490
8410
8870
6358
8149
6739
4019
344
8927
4999
3356
7153
6511
3594
9602
7465
6801
5197
71
7037
445
2158
7150
1117
6250
4490
9892
9664
4189
441
1581
6868
7711
3881
5619
2091
5055
9805
2799
6728
7838
2875
6085
1600
2918
8946
5354
9343
2670
3611
1675
7500
4101
3748
7885
7627
3381
3662
9394
2468
3069
3621
3897
2319
1173
5067
6669
2335
167
2391
7370
673
6850
3112
9532
5078
7689
15
2168
6781
414
5736
5906
6417
842
5251
2697
6170
6456
8648
4401
1090
8862
3478
9917
2777
2311
8201
5539
4365
9915
6996
9113
3582
4520
4492
4829
3543
6942
3748
9060
6493
3540
6892
3162
6071
9334
658
6211
2412
1230
7043
2447
4750
8909
7592
5355
1321
8608
9531
1385
7326
2250
441
5046
4414
7081
9960
1080
1609
1316
7228
1425
4740
6917
98
1985
4103
5643
1569
836
9671
4224
9289
3169
2331
4840
8335
206
9262
3653
8570
3154
2557
3529
5372
7468
3971
4725
6339
8027
4360
6203
8170
7133
6320
3079
7413
6569
4629
4362
1953
5242
1657
5349
6543
4343
3287
2667
5495
2931
8132
8948
9609
7618
5111
7527
706
6210
7843
146
1142
1196
3072
5968
2653
162
2952
2315
4696
9924
7919
6523
3489
1703
9914
342
2131
4957
6650
7423
6965
1617
505
1364
9967
8874
2755
1483
2125
1765
183
4916
9823
912
526
5820
4415
425
708
5748
7336
6333
7795
6046
1790
9970
2265
3693
1936
7638
6217
76
3247
2660
7732
8008
9708
2341
3193
718
2307
172
3514
308
5840
7981
8716
5690
2982
5936
5342
2226
3484
9345
7404
4735
2628
4336
7037
7529
8834
781
8103
9875
3786
7392
5791
8961
205
6940
371
2093
8930
2110
8688
4504
2085
5777
4136
6514
7965
3871
6693
1403
2424
6397
3461
7260
1847
9578
6042
9390
6395
2325
9242
9001
6566
6001
8125
1157
3499
6949
7814
6284
1603
6704
3160
8077
8048
563
7927
5327
5382
9456
4948
6999
9089
657
8443
327
3729
3147
7636
3811
2917
9064
1250
4681
7611
2282
3017
3122
3428
8443
7447
1387
4691
6050
9757
4300
8202
7088
8447
7888
6498
3497
6594
5980
9727
3842
6713
737
5995
385
4952
7943
2016
2477
4439
1729
982
4334
673
7498
691
6341
4966
8030
6884
3142
6328
6550
6575
9346
6887
3790
4623
9184
3963
9114
5668
8388
5231
2705
1235
2644
8541
7240
5811
7724
1300
6061
261
1342
4855
1395
7599
2037
5100
5932
6822
4692
8874
9631
9709
9456
8700
4601
2411
6330
1264
3384
4367
9379
743
1661
8404
53
4468
4387
9917
1146
7483
9871
3242
7179
1104
9150
9546
8633
6244
1447
838
9194
2904
1153
9898
6967
2522
3751
4231
7537
1594
8154
6544
555
2425
3775
8508
8166
9677
3622
2315
2278
5994
7613
997
7195
4179
6318
6629
6050
8457
4944
2651
1569
7011
5203
1550
9169
5340
1263
5043
5359
2769
3523
3888
9396
8532
6617
2958
7666
3295
6280
4997
7167
340
790
4391
592
1790
6117
4060
7005
5537
8671
3568
7242
7501
2802
845
3479
469
408
9351
5013
6777
1392
2387
5603
3005
3256
8842
4349
3915
1345
2221
5369
9431
9331
9421
4004
9985
4899
917
8842
6179
8476
2717
6406
5943
210
8482
1960
7454
8964
9504
6527
6487
2484
2027
9618
2979
3155
9201
1586
8029
6908
8727
3919
9981
6954
4052
5665
2103
8972
2202
732
8307
9539
3487
6108
5145
3128
9033
9553
2847
9098
3791
8030
1441
364
7449
8986
4046
5953
608
5089
8145
4344
8234
5087
4433
7848
2693
9746
9424
5929
599
1874
2881
3694
8740
807
5185
7286
8529
6675
2746
2753
3367
8855
5281
565
4757
9063
915
406
4141
3441
7713
7130
101
3347
750
1752
3986
4487
4784
8208
2854
9486
8786
533
8940
642
447
1850
8929
8118
8451
6247
5050
270
1293
4129
490
5962
2353
1957
3234
7495
2042
4573
144
5619
6072
484
2843
1657
4235
5011
3187
8479
951
2337
7393
5971
1446
8985
4039
4280
5891
1434
5623
9896
8277
3609
2812
3136
8959
8294
307
7618
4549
1804
7229
8800
3595
2398
3141
49
3019
4868
8087
1252
9530
8676
7484
624
6182
8665
4915
6653
8442
9679
4427
8127
2375
2105
5271
8362
3517
7141
129
1406
7125
1694
7312
7442
5372
4178
5427
2454
5525
1070
9411
1423
8423
2262
2880
9641
3861
3472
8432
2049
4747
89
465
6221
86
5739
1365
7253
3895
8297
122
9666
5348
1877
9693
4772
4091
660
3678
5008
8958
9330
5979
9330
2904
2241
444
143
6184
8540
4964
9300
9508
8620
3848
4057
194
7119
8382
1530
2559
4213
6530
5620
1982
278
6426
3970
8190
1372
2688
4494
4765
4154
940
940
2808
6207
6368
8441
1880
4245
3963
6872
5162
4376
8026
454
4948
1038
5477
3919
7582
7055
3046
6677
1645
5972
8840
2113
4589
7169
6461
6577
1128
4719
8494
8416
2174
9189
573
673
5285
2364
6370
1961
6609
5358
700
1823
4996
4534
6884
8405
9259
9446
7580
7665
8865
216
4235
9507
6310
9083
943
8064
9640
5542
7874
6948
9504
2514
9479
1690
3296
8445
2520
2049
1076
1599
5059
5486
8015
3349
8021
9002
9501
6045
6802
6430
66
755
6247
3361
1847
6156
9452
9642
9184
9904
7185
9371
3394
2004
5768
1285
3852
1993
1011
8244
8672
3024
1764
986
1180
5998
4401
7665
1532
8517
9962
4249
6483
8846
6140
4949
1403
1015
6575
8432
8527
7210
9146
3603
3721
470
4687
7814
3905
8001
5240
5122
3517
2076
8221
1621
1545
8566
6466
6764
7221
5681
2093
4945
4108
4080
4398
7460
8000
8611
348
2670
6077
2989
7233
5464
4476
4180
9657
9415
2749
147
7719
9445
3318
1718
3883
7341
6684
158
2880
5122
8960
3701
6201
3385
1567
7428
4532
1907
2950
5831
3053
7151
3199
330
595
642
1532
685
5240
5996
1736
1886
1179
9096
9625
5750
1771
9413
2942
1352
285
1786
4413
7503
800
9816
2280
6221
9867
483
7549
534
7100
1622
8188
6686
3778
173
6875
4240
5337
1115
2297
2457
6591
7817
3423
5893
4123
1834
6395
6138
4113
6527
9837
6269
6675
8011
1342
2333
7578
6152
9384
3527
5636
1494
2938
5866
5291
9638
453
4024
6158
1341
5802
595
7465
1449
9899
5966
2990
6633
5381
3157
116
139
9955
8945
2335
3423
5170
2591
1071
1436
8457
34
869
5757
4103
1100
5183
1871
1340
1822
7653
9066
4471
9578
9098
6451
7797
8791
4476
773
4833
6535
6892
2587
9521
8319
3668
507
5123
8779
9359
6742
3607
5528
7460
4338
331
7077
7301
8025
9757
7395
1126
2837
604
6145
3780
4724
7691
393
4715
548
2712
565
3311
6583
3695
7627
4605
1111
5416
4348
361
9875
9275
2662
4642
5246
6014
266
436
4067
4544
3259
4107
8960
2135
3625
624
5478
9208
2880
9852
8208
7724
1840
4540
8462
8539
4889
1472
5052
7338
933
4869
3254
5454
7967
7190
3450
6449
1829
8634
7862
1215
2395
7566
5506
9373
3075
4350
313
2662
7207
8686
4953
3003
8599
7479
5788
5785
8694
7907
5798
4685
6955
9154
7827
1011
4647
2341
3321
3275
5870
3029
6357
8152
7912
6516
7678
6547
10000
1564
1418
8072
333
2610
767
1815
7478
227
4817
3867
1251
3399
2044
874
4687
1974
1481
2513
7602
1703
9248
808
3761
4449
8402
7548
4705
6844
6310
6373
8986
9341
177
1001
7230
3222
7683
5363
8040
7318
6102
7728
6401
6643
1696
4478
3447
8274
2144
4317
9244
1901
3510
9015
2517
5914
9309
5236
4072
7183
8790
7790
5599
8853
9200
657
3956
9532
8445
2947
4523
24
3738
3461
3430
1164
6132
8852
1755
9571
9479
1116
4862
7376
5109
7175
4657
4743
4199
5599
9681
9581
3270
2012
9488
202
1636
6803
883
84
5276
4866
4922
4061
4415
9934
8906
8113
5768
3441
4423
4562
494
5547
1047
7488
4498
7824
5333
523
6677
3459
8911
6340
6671
9605
6149
9310
1197
5467
5773
2675
1278
4526
7844
3445
5610
3750
3485
8972
8767
1293
6823
3286
5677
845
5738
3465
1922
3770
6724
5269
5340
1756
210
6241
5398
5580
1301
2698
8135
7923
6820
2290
3754
406
1765
5159
7284
8586
6637
7938
9298
9293
7781
7732
8808
2793
1737
3282
3554
3080
1819
1309
4244
764
7705
833
5000
6935
3751
2655
5801
8586
7874
3297
664
1875
5066
3328
6540
1000
1129
8122
7484
489
7981
8173
2082
5713
4942
6295
2169
1441
5283
1847
7259
7293
7923
5932
5944
9930
9493
287
3339
4499
6542
3019
9078
9959
3266
3054
5005
7007
1181
4495
3672
9115
8507
4685
3203
9211
7361
3936
8566
5021
6504
635
2932
108
1773
3481
3472
4418
6147
8880
3075
9140
7514
2822
5807
4265
9694
5154
4458
8698
6693
5360
6607
7472
1011
5616
7852
9844
7248
4375
4640
9058
1755
4381
2464
6457
6115
4562
1502
4475
355
9453
9194
6290
8315
7688
7395
6938
5070
2019
9916
7225
7439
7219
9948
6255
7524
6988
5894
3183
7426
7334
1226
4603
8543
5336
3313
7183
9444
8820
6980
2723
9589
3059
845
8544
6045
6592
8889
1996
7929
190
8658
6710
6672
506
4490
6858
3481
9627
949
3648
4313
207
8943
9532
9454
672
2212
7368
41
6066
3133
1661
411
9746
2903
6673
1999
8557
1090
2888
793
7536
88
1238
1828
5770
5973
2142
4956
4409
8565
3884
52
423
3399
317
4351
9429
6736
9780
2396
5898
7597
1317
167
996
5793
787
2347
368
1244
8189
2961
5245
3485
5675
5948
6280
4831
5878
4121
8606
6719
3325
397
6561
4523
9146
1624
4551
4852
3109
6218
9035
8461
5676
7352
6110
8717
7154
4993
5122
5217
5930
5678
5946
8285
24
7901
3339
5241
3855
8806
3295
8659
2568
7433
5429
1838
709
5357
7207
2160
6641
1972
304
7433
9156
1043
9156
3483
9492
4293
3283
4730
8461
3219
6799
1584
3793
464
618
4546
4727
6272
1182
3901
7358
5442
3484
4491
5644
2176
2682
3279
3602
717
1427
3158
1645
2368
3854
4522
6149
973
7905
2067
1478
2497
6540
8783
9918
8143
3441
8697
5583
5011
6816
2342
8232
3350
7269
3242
4236
368
9416
1593
1577
8562
7312
8144
5908
2133
6076
9036
2463
9632
3282
5353
4721
8739
3154
5238
7947
6122
7731
1124
824
119
8151
8081
2372
3948
2744
4958
8429
4825
903
4269
1185
1986
5970
9784
9969
9770
1654
5539
4713
6178
6312
2676
7099
8987
9649
5130
3477
2692
8708
2748
4584
1050
2609
2335
5223
9386
6048
6901
8571
6258
8508
1055
9322
6940
3560
5904
105
3698
3030
6215
2845
9316
3321
9823
3249
6750
8449
2469
332
2260
2721
2407
5125
1397
6336
7438
9068
89
8372
6860
2643
1687
37
5322
2639
3695
9115
7968
6710
7918
6473
9911
9476
6785
335
9097
8388
6512
4762
7472
7126
2959
7432
9444
3099
5109
1959
396
1042
4768
7019
6656
2187
5379
5743
4836
5762
8981
1094
2309
6970
6334
8938
4336
1635
8117
5771
6280
6357
381
497
1205
8599
2321
44
4142
7686
9774
2593
675
5459
9495
7522
9943
9392
6859
3011
983
4309
4305
3431
5383
8831
1677
4423
796
9520
3919
5690
5656
4619
8528
763
834
3927
7722
5883
5726
4822
1451
905
7960
9220
2880
1979
2961
5184
3246
8219
8803
5107
4687
6537
5697
7539
7847
3497
7460
521
2751
9427
9242
45
7635
9524
5442
4647
9322
4579
6607
196
9043
3038
5463
4037
3604
443
8239
1469
8743
3300
981
4817
4299
1197
9057
1723
8135
2338
1135
9665
4715
7723
8510
942
7537
146
9385
4695
9360
821
2205
9071
7174
901
2988
4272
2240
4547
9163
3577
3205
7558
2033
8035
6465
6642
6073
5871
746
7454
3615
6780
2887
9324
2698
7776
3617
2122
5469
85
1173
1991
3957
9215
9365
842
9452
9901
9384
6401
8352
2878
5280
5121
2269
7591
8992
6491
6590
2641
1972
4485
2197
6376
9965
7700
3116
8559
3354
9523
5358
1485
3229
4886
5789
1245
6700
2594
136
1117
5120
1317
9563
9667
2804
8843
6459
5132
7624
9497
9600
6203
976
8150
5582
1751
7523
6063
2145
3998
2569
1198
4645
9771
4235
5768
8371
6931
6092
1748
7084
5714
7334
7053
1421
4205
7463
4613
2869
6308
3740
7219
3056
103
5221
9443
4265
9055
2347
1617
4073
6765
9693
1562
5892
9533
8999
1911
6534
2810
6679
1307
2133
7924
5408
1818
757
9269
7988
641
3853
4446
4143
5729
6813
1508
9243
7485
4093
1234
1697
6627
7022
8493
331
6985
5172
9016
643
2321
2754
4288
759
5336
9588
6052
7039
2679
5555
1498
5112
3266
8346
950
7939
4638
3999
4890
6859
4570
6377
5735
9171
2260
7157
5657
9836
4638
626
2278
6984
140
5699
6262
2337
7853
3849
2458
5973
1790
7153
9675
2287
4976
3096
1367
8823
8909
6281
5377
7990
8360
4116
832
9634
4086
7567
7984
8070
5764
8335
1940
6718
9804
9496
7651
5938
8616
9494
5883
3650
8561
2232
4359
3536
9364
9608
6748
6807
9505
9672
1931
109
6572
3415
7746
8892
8684
3692
3793
9137
4296
5878
9202
1224
6670
803
6905
7423
83
6947
6674
9642
7231
2893
622
3842
23
2213
2357
5915
4156
6230
7529
4681
9054
8970
6959
4453
7157
1353
1150
8146
4252
1640
1862
2193
4394
2086
4012
8579
8265
7826
9382
1348
7142
3903
2653
6963
6905
4362
9302
9213
2724
4873
6071
3822
1767
9835
5978
529
6130
2002
8274
8739
5423
3661
857
9837
8224
9234
12
8079
2908
2282
5666
3731
245
6964
2374
743
4688
9220
405
3678
3918
3504
301
8128
7258
1326
9465
7674
1070
2155
642
4309
4906
9712
8673
3194
5138
1226
3824
1558
724
5774
5261
6953
9939
3215
2089
5287
8338
6934
967
2685
2150
9233
4536
6732
428
3510
265
380
3666
3969
6362
8152
5457
1730
4952
4745
3760
8319
8336
7414
7046
222
3266
5935
1679
3309
3716
425
6062
2148
7651
7624
5794
4696
6056
1403
9002
7126
9937
3937
8329
3130
1259
2762
7314
1192
8499
4744
4141
4443
3491
3845
2075
6215
4285
9640
7664
6077
5597
8846
8536
7978
880
2070
2088
6665
4199
7527
5694
5382
8484
5208
4267
1388
2224
7477
6393
9182
2118
6732
6251
1524
9009
4477
4062
5400
9328
3872
910
5671
4834
342
3093
4993
5248
9969
5597
8448
4744
6119
2638
575
5361
1506
4503
6337
8776
6628
6287
3971
3380
2104
1841
7370
9927
5352
4327
2463
5052
4266
3151
5482
7669
4401
6665
528
8800
4076
1608
2992
9694
6463
7319
7652
9251
3802
5396
5294
4841
6502
128
7710
9708
772
5916
9937
7551
7970
8027
2567
7199
440
2270
3180
238
5536
7355
3330
7688
299
4565
3742
6306
903
114
8888
9741
2475
1651
2392
5389
8222
8475
7714
8537
8488
1168
683
6744
8082
667
7814
5293
367
756
7207
6295
6907
1769
5886
5166
9593
2297
9433
6659
26
4101
8945
5526
4480
300
1344
7036
394
9067
8996
2039
305
9377
6493
9754
378
5932
909
8252
2424
4310
6818
7266
6385
3324
8513
8270
7638
6571
5879
5668
7043
7797
9733
889
401
7248
2752
9728
1884
6310
4910
6108
7148
6668
714
2542
1433
9691
7696
9380
1931
8496
8192
445
3045
8388
3710
2446
6878
146
6886
8709
4137
9655
2514
1740
6583
1345
775
9823
8323
176
2150
8902
5573
1559
9203
3992
5144
3238
6884
2588
1359
2686
4342
3081
7942
9
5287
4645
2130
8674
8510
45
6524
8436
2987
9778
3549
8036
8384
4864
1020
770
5962
9303
2809
7904
466
9338
9691
8998
9785
3016
58
2803
3217
2516
6048
544
7538
2415
1840
228
447
1532
7889
7457
6385
4927
7349
310
2169
1371
2215
4504
8294
7638
4142
9619
6231
531
6253
502
2019
2268
9752
4837
113
817
1203
9739
9460
4344
8740
6547
1371
2149
6282
7463
3230
9226
6949
4887
9695
5706
4285
2157
4596
538
7383
5790
8146
3754
8166
2426
4761
7870
9610
8775
9188
1453
7600
8947
2778
4692
9019
701
8147
4465
4192
5800
6876
334
5039
7565
6770
6501
7635
2496
7531
4358
2135
3027
3030
2827
5960
6152
1315
3429
6179
9146
5343
1110
8784
8646
4352
9955
3846
815
2323
3371
1297
3952
9767
9221
8508
5418
2168
1016
3741
8069
2669
6812
6577
4166
9752
5149
9682
2762
8260
3791
8734
4353
126
4035
1759
5987
2919
5226
868
3972
5306
2340
9270
451
1255
8268
8201
1798
6343
2813
2439
7621
1360
6390
9013
3826
235
3723
9703
1319
7184
1704
8976
5083
6193
9791
6972
2084
6932
2511
7062
6006
6503
1987
8551
4565
6136
8508
3023
7010
7767
1736
9831
6487
5471
4224
2860
7639
1372
1624
1021
2127
6420
9805
8392
9700
5470
6871
4736
1262
2451
252
6826
5484
7275
5799
1906
7355
5753
3958
6012
4942
131
9249
4906
1656
5067
1877
10000
3514
7061
5429
3844
5372
7944
216
1104
6043
1604
4370
1528
126
5192
932
5055
7570
8462
5581
8581
3456
6711
8818
1295
8275
4592
7881
5647
7177
9416
2073
2525
2430
78
9352
3293
5833
986
6903
2323
2789
1031
7769
4335
1454
1499
8992
8082
8009
9915
9237
3556
747
2042
552
4193
5512
3256
8030
1073
6816
2833
30
7916
2765
7130
8648
1356
12
4232
8295
7430
3190
2192
5786
9102
6653
4781
7931
5494
1313
8327
9459
5178
1013
7733
7699
9542
5363
2622
5694
4543
7605
31
8078
2827
746
4848
2455
2073
7049
2824
8390
8077
6488
769
2667
4883
4680
3022
6855
8273
947
2077
2001
406
9417
3956
9879
8090
8351
3865
1728
5820
7783
3070
8957
1001
6168
4592
6313
4626
6725
2276
3508
3903
1901
5918
378
2024
7349
9419
3465
6115
2222
3696
6840
9118
1831
5872
4147
277
3606
6151
1672
7824
2678
8059
3090
573
26
3097
8943
6091
9028
2784
8299
4694
1621
7676
8050
7596
9812
1317
5808
6276
7821
2683
2930
4936
7487
180
6122
9662
8750
3936
3792
1350
8465
2291
9571
9085
5344
1049
3446
1873
1989
6114
3981
8024
6311
9081
6282
2288
4775
556
5533
5788
9293
8647
7401
8889
1022
3037
462
3377
6412
5463
631
472
6772
5433
6269
984
2438
103
5762
4618
2600
8177
4324
205
8415
5244
3108
5134
4828
617
5138
3551
3697
6767
9827
4558
251
2864
7061
2923
3625
687
7432
9807
9112
3753
289
7374
865
3876
9501
9232
9014
2062
1788
8135
3345
8503
6601
9125
8855
1064
3634
5944
7996
7307
7034
7652
6025
6469
3449
9551
7499
789
9351
348
4471
6742
2883
4756
8365
1222
2691
1271
8962
5904
8224
1506
421
8278
3184
9276
7368
5093
9850
7628
5407
346
8299
4395
6371
4764
1246
3549
7509
2470
126
5017
2397
4762
7644
4247
134
6900
1952
2352
4009
1051
3042
9315
5480
1633
8522
309
384
6992
3334
1262
7814
6733
4336
7478
469
8783
3089
7683
1368
8353
7794
6785
2718
8491
1126
7522
2759
4725
3930
6010
6647
3727
9430
3696
5789
1854
9962
7349
719
8909
449
7525
3499
7152
228
7640
3175
3601
8958
2832
1179
1604
7104
2159
2008
3726
3277
7758
7806
238
9152
967
7909
42
2050
4328
8643
6589
8127
4307
4682
3662
9637
1986
2499
212
7890
259
5196
1455
7394
876
605
5730
2310
8965
3071
3899
6432
7297
135
4227
9115
6062
5124
2912
5827
1294
1478
5974
4702
9109
7958
661
6454
3555
5239
1083
1244
5161
4427
6531
9038
2287
75
9214
3339
8703
4303
3211
4703
9278
6425
1552
4311
2251
716
7339
3466
425
3731
7903
6572
820
3751
1601
5989
1413
1510
3717
5489
8079
4833
8674
9035
608
6129
1925
7559
7725
4404
2250
5261
796
3794
6927
7845
3914
9720
2302
8750
5765
993
527
1811
460
2422
7870
8414
1941
6671
859
7007
2590
310
8737
9258
5519
1477
7231
8051
6443
5049
723
7113
7153
6914
3156
4619
1488
6197
5431
9632
4160
1283
3003
6248
466
3944
1893
1795
8575
4793
2335
1024
2568
490
2715
65
5779
4157
5893
4226
2514
2454
6046
8281
5771
6905
3349
1986
8170
4478
8394
4744
568
7228
1796
7810
2944
3531
4163
6297
6949
5216
5401
1650
1900
9342
5205
5608
2884
8387
6271
8779
4342
1126
1736
7873
9524
2805
5834
3122
6381
7360
4083
2187
8399
1459
8797
1714
9607
3313
1850
2273
2034
6795
8990
6581
9956
8537
2837
6493
5774
9129
6080
8688
1520
7884
1604
385
6288
6735
4434
5178
2634
7727
1496
4716
7154
7746
8842
4273
2291
3609
6935
4742
2239
7084
5286
3003
6304
7717
5598
5084
7946
8
5892
8198
8599
1898
1182
1122
6553
8297
5419
6589
1951
4745
8033
7253
6888
6879
1889
9861
1503
3286
4074
4364
4709
7652
4192
7273
427
6514
3204
3991
3309
7594
1996
6010
2695
3735
9825
7851
7651
4331
366
5310
8490
6775
586
6619
9535
4203
2098
8716
167
7223
3824
1100
3121
3550
3590
7915
4089
664
2900
2498
1738
4064
8005
5840
1953
3485
2179
196
9695
2780
376
6871
4453
5958
5354
5517
636
270
2432
7461
9184
4662
9064
7039
2672
9928
4351
213
3371
7064
6544
9228
1542
694
8634
2472
1230
8464
2997
8928
8267
9475
4406
2930
8685
2111
523
488
9238
7976
3943
4676
4211
2602
911
9645
1522
8174
4839
5608
5891
619
4309
8074
6770
831
9367
7365
5181
933
9779
6752
4001
3165
5510
5419
51
5578
7779
2693
9194
1232
6628
6563
4307
2499
5384
7900
8286
7538
9657
8020
3640
8334
3130
3007
2097
3985
9321
9497
6417
6094
2887
7600
7292
4290
7251
3104
4412
1779
1613
1373
2397
4095
2850
2535
624
6321
3626
5310
7259
7437
3099
338
5200
185
5103
1463
3240
2435
6567
247
7914
2519
1187
1372
6130
8906
1962
1767
8002
1702
3279
2393
5401
7771
4028
4438
4259
4873
7111
1538
8028
9029
2447
1288
1588
3658
8447
5520
4862
7079
5616
9975
1370
5354
439
5498
4083
9364
3
6463
8156
6623
6796
1387
6939
6905
3401
8938
4217
6032
5576
6382
262
2992
9111
8298
8453
9698
6640
9572
1479
5955
4206
5520
7883
5101
8088
623
2869
3753
2611
1661
1761
93
1879
8831
9317
5043
8516
2676
9888
4461
9237
254
3833
6661
8475
230
8015
861
5671
8194
5452
7953
8632
2737
5672
9140
7981
5406
6328
2729
1829
4565
2186
2055
2725
1010
9096
4650
5346
3617
7547
9577
6963
3436
2940
3240
5741
7777
6340
6794
5743
7838
3346
5440
8628
6771
1677
287
8388
3689
2137
1896
1068
1554
4800
7040
5671
3436
3006
3654
6529
130
583
5672
3315
6127
400
5080
3678
6687
1236
2126
1371
9034
9610
3047
2839
4071
936
581
17
8544
7851
7225
7499
4843
9084
7447
6829
3304
1605
2765
4808
1318
4304
8598
3360
5789
7392
3409
6091
8190
8085
1203
4110
8170
2194
6633
7095
7275
3855
187
4900
9461
8508
2086
2600
5906
529
100
5167
2901
1305
699
4799
9385
5263
4794
6980
3826
7903
3102
2009
1358
6729
5777
3266
5103
6868
656
4620
5326
4007
8600
4866
7822
7634
5665
4773
355
2801
3514
4479
3377
3066
8796
6500
613
9857
7829
5050
9409
4043
5189
8556
5400
5552
339
3953
6432
8827
1349
970
1068
1055
2476
1697
9912
634
7785
51
1368
659
2148
3752
5307
2331
5273
232
569
3233
8822
9942
4292
9227
4416
267
6278
7226
2880
6674
120
627
8776
1965
394
5773
4005
8378
1329
7487
1960
7582
4408
589
9261
8826
280
3360
3041
9754
8494
9866
1528
8723
1909
2410
6428
8546
5411
1659
73
4175
3715
7404
5962
4919
8527
4904
3360
6211
7839
9970
1364
1042
8027
830
2473
3118
1427
4847
7618
8549
6245
7951
4068
6895
6620
391
3106
5752
6398
291
1542
7501
5348
3486
5964
515
2374
1852
6621
1831
8133
2154
8232
6510
7916
7995
9357
5260
4468
1720
6035
1358
9812
6413
2807
5539
5412
3688
9903
9857
6528
8279
4534
4332
2810
9984
6534
609
5002
2554
7576
9794
3255
9207
784
2936
2288
1585
6847
2948
7963
5145
5353
8342
7763
652
5519
1219
8444
2884
2490
4819
9368
5738
3939
34
9379
1800
2808
2072
7489
8317
8445
5656
2003
4050
7426
2103
9569
8435
6642
8608
1246
9068
187
3539
9854
1694
4941
9519
6233
3392
7102
1691
7365
5235
7813
7747
9530
1081
4603
572
3453
5934
7481
6354
8466
9052
6359
6614
435
1748
5585
6577
6211
7261
9017
8841
9771
9017
9612
3531
4663
374
2072
6115
3197
3802
1836
3588
5328
4188
7876
1942
5290
7658
88
6461
9244
9309
2416
3021
8358
9626
3717
3660
1883
8329
8934
591
4025
915
6967
3060
2028
1041
8469
8086
7288
5521
470
4623
8336
3124
460
4490
2801
5937
5367
3308
9369
7120
762
2758
595
5204
1258
6265
308
3850
6383
1002
9725
1953
3362
4260
6353
4049
6103
2227
2404
8083
8272
9963
2819
6016
4691
8466
6218
3166
3997
7821
1361
192
1565
137
3819
418
7353
86
6242
749
8643
5223
1754
3863
1874
3941
1267
6941
424
3178
5575
2615
5121
183
2309
4692
4040
9630
2182
310
4891
2594
3937
7148
9932
3765
5844
1013
7084
7574
1558
8004
9477
4137
128
6804
8262
4189
4299
1959
3799
6225
9362
6997
6895
2649
2554
7510
8140
4542
2447
206
2552
1196
4748
9843
9838
7302
1189
4894
6490
9993
1068
245
5655
5627
7596
7542
910
5822
4542
6158
4276
158
598
5829
3196
2117
1971
974
1261
6090
7941
5972
1992
6562
5869
8384
296
389
884
495
1830
1465
3224
8050
1920
2560
4642
8536
8054
1404
7129
8943
730
2242
4028
6257
7815
2278
4662
938
7093
1737
9568
6926
787
762
9794
619
1630
2154
3246
7474
4908
3793
6682
7436
657
9939
7006
3376
6067
3838
357
222
4354
4687
3901
8966
563
3432
4302
6771
7011
2579
976
7085
9725
9833
1022
8723
9877
5228
7147
4427
633
8970
5916
4929
5349
2067
2750
8015
5110
1948
4348
134
5468
7864
8546
1251
9078
7977
8224
7910
6461
7486
3379
2580
7134
6003
3805
6356
2452
4167
8981
768
6121
552
8824
4901
4008
3287
1206
6459
3714
5815
5038
2541
1131
878
8564
1220
1396
7041
2288
6799
8782
3217
6748
3306
5846
6224
8396
2052
4880
5436
4424
7918
5933
3053
7332
7858
2758
4990
7272
6432
7906
7222
4752
6656
1982
3367
8426
426
1094
5236
9151
366
8711
8262
6464
8950
8810
489
8261
949
8788
9781
6321
6078
1785
6146
3813
6039
8300
5747
2764
4993
2968
5576
4616
3351
6292
7172
173
5276
3519
1363
3930
5226
424
4910
7550
6285
8174
7535
9442
7497
2107
8479
3976
452
2683
4983
8433
9906
14
5615
8579
2312
9292
5463
2973
4417
656
7197
4430
7647
7857
9659
8175
6481
5596
4882
9497
1379
1104
6889
2571
6539
6088
580
6470
2042
6787
3883
2523
519
1410
3309
7165
9026
3799
3506
4453
5064
6796
1791
8739
6201
9088
5330
913
5785
356
3379
9149
6761
6372
4757
3133
9918
8394
7984
8057
5637
804
1526
9679
559
1503
1257
2162
8203
4585
5840
3105
2852
3247
225
4783
3942
8907
1599
4079
992
550
4221
852
3910
3191
1561
626
2208
8002
2733
1875
5550
2604
1880
7388
6954
1821
1355
7256
9068
4026
8137
8911
9496
295
4281
6170
1210
6492
4042
3804
2451
3372
2566
1406
1876
1053
444
5669
6937
9649
832
5264
5851
6811
3712
8491
4447
574
1115
1171
7889
9211
5791
9725
6187
4350
1502
2621
4658
7009
5835
5206
8561
1251
6889
4609
6013
9996
9755
6714
3522
5125
766
229
3818
350
4169
5902
7130
7608
5935
7597
3072
6815
8760
2210
7007
7537
4433
9868
9956
7737
1370
6910
1870
2145
2974
7493
8004
9378
131
3798
7996
2417
6823
229
6246
1261
1514
4011
5305
7361
85
4878
8933
4530
8030
7866
692
5810
5894
1233
81
5055
9016
9870
3280
9594
8574
7327
2790
6824
2353
565
6012
8962
9448
4767
6066
2863
2115
5293
5100
8161
9024
7585
4049
3309
3938
3782
1206
1092
7395
5340
1572
9662
6068
4208
3394
2829
3792
6729
7719
8508
7467
5054
3602
4459
5854
1515
5993
3979
4504
6680
8581
8125
2319
6615
3246
4641
923
6272
509
5024
9095
1395
6647
4233
6278
1397
5639
8188
8578
4503
8130
8067
9904
6874
6244
2138
6381
4736
8721
868
936
2811
2725
5420
9723
8456
452
4041
5428
6448
3145
3217
1456
1068
4767
9604
1564
4892
5020
7119
5909
6141
2814
9191
1091
1888
386
2677
1933
5027
2333
6398
2052
8919
2386
2389
7730
9868
1426
461
8665
8695
5218
4931
675
8406
7739
9284
4134
5079
3592
310
8968
515
1540
6885
6590
7776
4841
6117
5209
6914
3778
5937
2186
7673
7782
8647
6571
4631
2920
7166
7873
564
1680
3615
5310
8044
836
9376
1078
956
4443
4297
1705
1958
4872
3587
7489
4233
4129
7744
2311
1500
2211
7455
7345
6391
8000
4102
7363
724
1234
3833
6167
4512
7091
1423
4657
3321
5867
3743
1306
4382
1316
5357
9669
7221
4948
3603
2840
6028
1643
8024
146
74
9952
866
7002
7759
9907
6038
148
4013
2777
2276
4250
8157
9362
2260
359
5910
8701
9036
4821
7471
2031
4816
6539
137
3980
1655
1225
3706
7391
9179
1735
1226
4400
7526
15
1380
1992
3265
7033
974
6998
9247
5412
8260
8199
5085
4410
5030
6574
2817
7049
4248
6007
5507
2584
4100
5683
3556
3877
7627
9226
4205
4238
7836
4183
6717
2100
4541
1485
47
2483
9430
9244
8758
1461
6349
6403
1653
7448
4831
506
2650
3105
7613
8349
6764
3242
4442
7684
7038
5055
9573
6844
9479
4226
718
657
5011
2774
3579
5835
4630
8263
548
4278
8850
2675
828
2382
5516
2116
5817
7262
7411
1742
5332
870
4102
3036
7279
1334
3566
8751
4980
1296
3224
3701
3154
5171
5923
1040
544
7469
7462
1465
5683
1761
7733
2355
4465
2796
4635
1576
746
5087
9155
5486
4602
6925
5726
9571
645
5116
7853
4500
3660
9423
2400
300
924
6409
2749
2246
3568
2484
7711
2400
8987
3698
7489
9812
2350
3178
5608
8562
7934
5768
6402
8798
3200
5329
8295
4683
1427
4235
1621
3289
4524
3237
6138
6161
9636
8154
7765
6646
825
2932
4830
6173
5139
3360
6007
813
4360
7975
896
9883
5214
2751
2350
4493
8698
3464
3363
5530
2198
6423
6428
9301
9361
6456
4465
6231
5233
3770
1327
4573
2809
3283
5097
8972
9018
4690
8502
6903
4129
4936
1675
5060
144
3813
1952
4947
8944
6145
903
3865
407
1744
688
2650
8640
6263
8599
5008
1762
3662
6021
9616
5271
7289
6788
9663
8010
9061
2509
3009
9898
8663
1354
1541
3166
9612
7761
2785
7218
4615
1554
4472
8726
4163
6384
1382
3195
8098
5994
4318
4548
5333
9276
7030
2874
5015
8753
656
6558
8468
9586
2259
4966
3525
179
8291
1000
6832
8668
5183
7694
2235
5082
5891
570
1068
5785
6003
1036
5910
5073
6003
5147
3954
259
1254
5067
5790
510
874
686
5878
9860
1947
8231
9298
7746
9234
9837
7999
2397
8654
5556
9480
1510
6886
2620
3077
8464
438
4170
4885
7943
2534
6592
4980
3525
8613
6407
4938
9239
6210
3424
2817
4280
3406
3217
4873
1165
2844
8710
6170
7532
8423
2420
6695
1530
3216
9517
8453
7733
8465
1107
5831
1169
2903
7969
4869
6799
756
7190
5744
9170
7739
1178
5723
132
1949
6764
8800
6875
4863
6024
886
3006
2504
4688
2253
5129
3693
2084
5797
4076
5361
9086
4795
8283
9826
4246
2677
1129
6961
7141
4234
4924
9153
9547
9502
6150
1121
6158
9413
6857
6074
9496
6026
8320
2036
1245
4223
1564
3177
8383
98
9238
5772
9026
3868
9634
7399
3160
1872
9195
9404
4788
7412
2864
2294
955
8234
502
2587
1664
1166
2277
3684
3717
9722
8973
9256
6145
4827
2861
6209
3995
6286
4109
4169
7588
6905
2140
9113
7978
7586
4972
4223
66
7191
217
8404
3476
7078
2175
1956
6712
3518
9601
5852
7125
5856
932
3457
4727
83
1799
9368
1658
1730
3378
244
5709
4081
8621
3280
7491
5855
6506
1535
8328
9993
4101
4927
6886
2998
5219
4557
4327
8996
3518
689
8702
4316
2224
7257
3033
8373
9031
4058
7350
8191
3533
614
3782
1717
1305
481
8462
9373
1289
2982
9266
397
658
5079
9484
9174
5516
3843
2814
2302
4964
4749
3626
1958
5970
9324
4423
1531
6385
763
8113
3439
4013
9348
9553
3312
9474
6273
3748
8362
2540
9029
4288
8039
2441
949
9656
6295
6383
8426
6064
7787
5346
1443
9733
7992
3253
6782
1153
6701
5740
8561
5827
7343
2793
6484
3851
5
8444
7844
9762
3018
3303
4444
3514
3102
2297
5973
6454
8587
1823
7818
1951
1553
7817
8309
7486
5515
5299
8739
3310
3626
6152
999
2296
5991
1080
390
6534
9187
4096
3093
5841
3233
1063
6427
957
1833
4799
3016
1938
3343
2620
4687
3115
2211
6274
8607
2067
8105
1844
6907
6992
6734
5002
6975
8610
6914
3114
7648
6015
9397
9127
8976
9923
2902
3076
5268
5007
6470
6703
7805
9493
9094
8445
5708
7095
1801
7868
4306
4533
9278
5156
9807
6160
5554
7716
6840
9433
4355
3645
6069
5899
6897
2178
8524
9579
2071
8792
2292
3699
1395
5532
3193
36
3365
4467
5638
1334
4574
8860
758
6382
3397
8649
4625
9702
9082
6931
6936
3987
2760
9485
7410
5244
2460
6774
703
4367
7525
5845
3185
6030
4105
1110
7197
757
5697
3224
28
2401
7037
7018
7030
4814
8011
6970
1110
7051
6927
6376
7869
2421
1717
5893
3032
3157
686
7202
5620
9194
4185
5359
7171
1510
6838
66
3675
2428
997
3431
4961
106
9900
6205
5767
2055
5010
6565
8952
3140
1121
8477
836
2104
6153
6722
5506
7288
5663
6805
9729
5980
6097
4820
6983
8033
1613
8780
8470
1600
4675
5637
8673
7557
2332
5309
2971
5395
3509
3561
8762
8529
7834
8899
2429
7645
8339
6645
5048
9717
2435
4855
8272
8823
5434
3868
4192
9209
1145
6877
5750
4803
5588
8387
9758
4081
5545
9178
7859
5283
1975
9359
8056
1950
4767
195
8570
432
9
3749
5314
5456
3650
5182
628
2383
7396
5379
2133
2170
8824
1350
2097
6896
6261
1703
8443
7329
1900
1620
1756
456
696
5893
9070
3049
9705
5386
1121
7691
1470
1106
9351
4045
2194
2178
679
2620
6113
6240
7370
8337
2458
7279
3970
9464
950
5052
9724
1322
6864
7516
1081
6787
3659
8577
2896
1885
1713
3122
8638
126
2626
516
6989
4755
2769
5341
5768
7794
6036
7409
3174
1524
4812
9722
9634
4069
7791
581
6665
3325
1990
4583
2358
9737
3823
6363
7162
551
9921
39
1775
4702
5114
2112
4826
6436
3223
3200
9550
4921
5175
3263
5609
9112
9785
2342
5904
6295
3071
5041
8019
5167
5426
6528
1449
4231
9242
8837
5916
3244
8010
3867
2859
3500
4636
3818
8689
8304
9317
9927
740
3044
5884
486
4824
9243
1487
8087
2828
4195
3112
9296
9098
2157
4369
7503
2763
964
9787
9207
3782
3041
2675
6162
6571
4985
9104
5428
1196
9493
5482
6704
8112
681
8037
2789
5433
8171
9400
3511
1396
5661
1092
2649
3104
9082
6837
491
4950
1228
7612
1731
9486
7103
6396
8426
8136
7486
3962
253
6636
3494
6390
7375
8235
3405
4819
8200
6962
8670
275
386
1497
705
251
9600
7908
5974
7821
3166
8161
8810
5220
8204
8631
5299
4444
183
1186
5654
7064
3660
3889
3422
9313
2412
3906
7392
6405
737
9546
9029
6740
4833
81
6769
5846
1306
571
1591
7059
1197
9713
9981
629
7868
4228
2164
9330
5959
2361
4246
3920
7307
3322
1422
1665
4697
6596
1197
9608
253
1490
8261
3779
6101
9192
1058
9004
2519
4936
1152
8742
7068
7512
8114
4659
9855
717
1807
4715
8899
965
4226
3013
9019
1426
3881
1901
6258
4608
9136
7482
2994
1855
420
9178
4750
3662
5208
21
9659
7130
916
1018
326
2236
6959
1003
5224
6122
4235
5661
8945
7221
60
9829
1125
169
3746
4717
2470
2763
9473
1613
3363
3406
3664
1135
1732
9665
3620
7524
2664
7698
3334
545
579
6412
4233
2145
783
1397
8859
3739
5734
4217
5533
8590
3789
6272
9325
4467
3986
1037
9087
6208
7550
840
6800
4383
3339
7681
288
2001
3312
339
9632
8326
1124
467
6574
3702
8434
151
7169
2799
230
8168
2448
2040
9325
4613
1524
6991
7927
4691
7408
3833
9150
7645
8513
3991
8100
3444
1026
2082
2136
4697
9382
2702
2283
4882
2897
2668
6816
8110
7067
4487
4304
7282
283
1371
9977
8179
8288
5327
4556
6411
2297
5852
1620
9861
3930
5965
7451
5915
5976
7867
1791
2737
6226
2765
429
2915
7277
7053
849
278
5092
9450
7358
8421
3506
6432
4037
3650
8364
7618
5468
243
4880
5303
5173
7774
8359
8625
5221
7013
7453
5657
4042
9137
1404
7344
8499
1198
4372
6462
1404
2705
5169
1436
2251
2883
2636
8128
7296
4779
4417
3475
1636
9578
4452
3751
8534
4449
5917
3765
9882
4637
7659
1461
9673
1393
6509
5684
7957
885
2803
6954
5920
4609
5665
6825
5451
375
4451
8029
3594
2607
1958
2280
3042
4920
916
5013
4818
3869
2892
3649
8634
3235
2361
6124
3607
2616
4828
6287
7296
2350
3046
1152
2294
3342
8081
3350
7997
1552
9570
1671
1261
2719
4001
5538
1202
8813
7550
715
5833
2374
871
8143
6504
7127
5691
7283
6315
3993
3333
9450
4196
5707
5077
5100
9519
5896
3405
1871
414
5865
5691
431
7080
1011
5359
982
6050
2060
9798
3717
4300
1372
4639
9474
9648
6813
5010
3600
3658
3111
2088
6583
2851
1627
9903
6543
387
9590
6293
6384
6043
3465
4131
9606
8304
9801
2725
2261
4778
2820
5845
2982
5530
3390
8865
608
1545
2594
852
6288
7740
3520
764
1343
5042
7009
9938
3545
1319
7989
4315
4557
2131
9173
260
2196
226
9261
5721
793
9962
8409
5233
6235
4172
7018
5244
335
645
7129
7401
9600
6388
2117
9882
516
9391
6075
8282
7994
414
8755
2650
9569
3998
2005
7927
5244
8427
4191
3771
6710
9426
5480
7972
3841
2098
5051
368
5521
1020
8969
9793
5878
4270
7375
7365
5897
1472
2182
9757
4644
2459
7951
2371
1057
4529
7590
9827
3325
8671
9269
6577
4162
249
8951
5019
6430
716
7304
6455
5367
1891
9872
6270
6896
4327
4036
3912
5277
1734
9534
7831
8951
3630
2870
5312
8506
7862
6346
7723
357
7371
9530
1880
6616
3613
3992
4182
2516
5329
7377
1195
5063
8754
7666
6105
9272
761
3926
503
3608
3117
9359
8648
7358
1817
3978
4566
9101
3356
7931
9874
848
320
3209
3366
121
8175
7468
158
5342
4026
5815
3154
314
1253
7976
24
1087
1676
3120
293
4880
2565
5629
4888
9308
7355
1945
2156
9180
6735
9405
3883
2787
5768
3416
1092
102
4160
6684
1601
3546
9118
1987
9990
1950
6957
3193
6820
3762
5150
6512
4400
353
2732
2609
777
7093
6355
5840
8013
3812
5528
3049
3328
7108
3333
8935
1528
6203
4868
8519
344
728
5919
6924
7416
3932
8653
4572
1372
8737
255
5587
2192
292
1654
2878
8813
4090
63
6250
4687
5619
2842
5445
5646
5452
8130
408
7696
1623
9464
1111
6157
4564
6867
9790
7559
1492
8331
2562
3205
3642
8072
4591
155
2400
8546
8899
8069
7584
6840
9444
7001
117
487
9538
435
4498
9489
9936
5994
8787
3569
2294
7445
3038
4813
1722
2838
152
4268
3813
7248
3129
1014
659
359
726
4051
2110
5825
6081
1304
2413
4705
407
6891
7263
6395
651
1570
453
3975
840
47
6939
2500
423
5795
5493
6384
9880
4729
6921
5503
308
3331
6126
4720
9844
3189
1040
2312
419
34
9178
665
2507
8507
3764
2110
2352
3093
6210
8284
9495
272
913
8991
4826
2907
6916
4371
8935
9582
3381
5818
2401
6601
7035
1652
4693
6156
9395
172
1033
7268
6070
3287
8855
4550
3734
2372
3265
1716
6042
761
229
3812
5623
4031
1482
1384
9836
9185
2712
3989
4136
2863
9302
5133
6713
442
2981
1414
3234
6090
9944
9480
9571
5057
4190
4733
8303
2582
7028
729
8826
282
837
8458
5893
9494
4437
6273
8285
3865
1386
5136
4520
524
4306
197
6692
3263
8220
7338
9678
8526
7611
9214
5907
8350
4528
3192
5851
7258
7537
5287
3751
7688
1491
9529
527
5526
4197
3277
2366
8741
5626
9620
3056
7398
229
8878
7665
2957
9787
2659
2978
3348
7891
6108
474
6635
1736
2859
9402
5466
6923
1563
4185
7718
6456
1693
690
8186
9706
5365
7092
5858
6625
1769
1711
7560
2554
344
2369
5988
7285
3318
8625
7684
9134
3113
142
9610
4298
5016
4634
4815
173
249
5956
6320
3106
303
2885
815
7051
1746
4666
556
1342
6778
1039
614
44
4764
7347
6566
5137
4671
791
9002
5995
7667
4263
3462
5550
5369
8226
9096
4786
2925
8040
965
2980
6431
8254
5601
5449
9445
4655
6034
79
1870
9528
9399
5508
1016
6868
8715
936
5336
7137
2452
8428
276
1633
8687
354
7298
7640
187
3032
3805
4935
4340
9542
8484
4343
2944
1920
9011
212
9178
2538
7062
5659
8501
125
3926
1999
9803
2213
5464
7066
7858
4691
1581
5818
8181
489
4597
9505
8923
9375
3427
6886
757
9709
1776
4994
2227
3340
4408
8845
4615
4077
560
7467
2635
7760
7559
8700
4914
6223
9169
4082
7945
4528
2863
7420
9863
9229
7477
4324
8415
4843
1493
9194
9303
7199
2702
3082
2788
3840
7709
6464
9313
1409
9983
3710
1630
9565
6094
9919
1347
3609
1932
3581
4136
382
3552
3570
7609
1549
7736
4270
4492
4414
9762
5054
3941
600
1266
428
327
401
94
6112
217
582
5799
7558
9544
6955
8925
4894
8331
7690
9305
7862
7554
6803
5028
5478
5041
3038
8343
7608
6292
2126
791
8565
1773
6095
4097
238
9998
357
8598
7115
7631
461
8965
58
9757
192
9568
4050
9639
6499
1139
2570
5539
7786
9743
2498
1357
8750
798
4429
4780
8221
5558
1880
6017
6814
6899
5788
6046
297
2211
5183
9699
2358
7119
8250
9686
6481
6910
496
3272
6539
8021
2299
6648
3896
7915
8461
6181
8974
4458
3168
5820
940
7220
8889
2446
3376
6814
4739
3002
3167
5266
8611
6064
3289
7868
8779
4830
3316
5467
2646
7644
4485
6953
8713
2277
5724
7332
1887
9847
220
4670
295
6313
4438
9804
3276
5581
2484
6041
4929
7625
97
2973
8670
3229
2740
510
3722
5180
7730
1569
8399
1372
3849
9918
4013
8388
5680
182
8806
8034
2720
9613
7689
8025
3086
995
4112
6129
2908
3111
5789
9259
8245
701
3651
5221
8584
1326
6126
3923
4278
1206
6093
2638
8296
8242
3410
9476
9581
9316
4822
301
3716
1992
1144
4566
6843
9029
6395
7706
157
9543
8182
644
2963
6779
4896
9955
1351
2840
6091
812
2665
4279
5522
3837
6976
3276
9829
8062
2123
3909
995
9588
4977
5962
1921
4649
3090
8932
2978
4419
9395
576
1207
835
4354
9484
2768
345
9271
9943
4935
2923
406
8929
367
1286
5382
1232
8960
6724
9590
9003
2941
3227
8085
8951
716
4691
7260
2794
1423
6302
2076
3108
2803
7796
9524
1918
8963
4099
902
5130
1474
1092
9965
1719
1011
6835
440
2630
2667
4391
736
7207
6734
6751
5071
6740
4484
7352
670
2380
4938
7960
460
2339
5812
6339
3682
3206
7210
6340
999
7348
4905
9016
5927
3277
2460
3455
5215
1510
7600
5583
4362
4122
4185
7512
8443
4671
656
4340
1949
7268
6864
8466
1851
2220
7036
1376
2359
7672
2814
5730
68
7020
3595
1853
3575
3974
867
4029
5131
1132
2059
2575
7470
78
5135
6040
451
4677
2214
1701
8720
6551
4344
1568
7141
8218
7301
3004
5757
7846
6389
2278
9915
5013
3225
7892
4168
7018
4821
9157
2788
3802
5497
6639
1297
1196
209
7061
7343
2052
4536
4865
5202
3736
4024
7371
308
9996
7771
3555
5064
7360
1426
5003
635
5484
1804
8002
4556
3192
9343
6560
6292
266
6238
4352
94
5650
1859
876
6927
9541
4953
1547
9330
6181
6890
663
5391
3125
8955
5358
4108
4525
8384
9368
4448
1744
6855
4164
1923
2522
4276
2657
1581
5097
4112
6563
4280
2296
714
8697
3679
2166
5764
5944
7946
9955
9700
2000
1880
6462
2530
7885
4696
3923
4925
4313
9356
1892
7944
6481
4762
5811
9374
9253
1113
3672
1454
1197
5085
9005
3807
5393
7154
907
127
3165
9556
3503
3810
9413
4752
3511
4326
1929
5182
5963
3419
9020
9965
8297
4530
6410
4520
9157
4522
908
2289
3580
6194
8023
756
6312
1070
6540
6276
4909
5852
2685
5461
3518
4239
2644
7657
5394
2395
1799
6602
3434
3176
5399
497
3656
7498
2094
2437
694
898
5178
4340
6800
25
7614
730
3486
8185
139
55
9567
9327
9537
2003
8763
2373
9173
8267
3386
633
8451
7178
4300
7307
5044
2534
232
2398
5213
6153
4372
3318
9888
7822
2330
9061
5215
2787
4534
5636
7163
9312
688
2851
6856
5389
3728
3696
8639
5750
4436
8383
6346
6154
5821
3326
2473
7964
7773
9840
3517
3744
9366
2142
4379
4715
1107
4133
4417
134
4442
8893
1834
1702
4584
3191
1259
3921
2241
8036
2149
95
7857
778
9748
6878
2023
3087
287
4803
2057
1393
8159
3993
7286
9097
5392
3583
1173
6599
9974
785
3911
7544
9447
3620
5849
1889
5312
7
4992
9196
9070
368
3723
575
7236
2395
2668
6889
4118
5742
3426
6179
7020
5949
1498
4306
9554
800
3200
4377
3138
2455
7740
8866
2248
6082
8416
118
8919
6831
9794
7372
8128
9544
2940
7496
466
725
4078
1027
5047
4775
9995
1740
930
1172
2936
1459
1608
9423
5213
586
9099
6845
9799
3148
2428
918
9499
7778
6476
481
681
6763
2570
3711
6813
7305
7000
1860
7823
1010
1505
9968
2620
6593
8679
36
5767
4766
9475
4293
4942
2624
4891
8874
7943
8946
3794
6783
1765
8013
3421
1636
3380
8174
4944
8402
8898
5852
8593
3622
8043
3607
9277
4582
7916
9061
5853
7636
1255
3625
4755
4347
9167
7043
4315
7015
2114
4467
5231
5653
952
7238
7232
2761
8847
1923
193
7482
9724
8674
907
60
3092
4684
3902
8649
7356
963
656
6544
5448
8715
5235
6047
6081
3946
5765
3384
4484
7490
3123
9430
9336
2586
7187
2701
1968
7386
1430
4483
2545
8834
419
643
9021
6635
2547
1517
2315
9981
4438
2337
3647
1353
9794
1996
1711
1533
3319
8913
739
2117
5808
1228
4366
6664
1740
5779
7126
664
2536
8159
4520
995
7636
5793
3111
2156
8983
3878
7060
5056
8852
9392
1441
3315
5707
278
9938
3599
9670
3060
3682
949
8634
6256
4366
4380
7262
5127
7456
9337
7975
5225
1708
1902
3763
262
3110
3632
6544
1523
9264
8002
9478
9716
837
2308
9488
7344
5812
446
5276
2313
2108
8378
3450
8538
2601
2394
243
1771
2188
2727
8951
9360
6214
4275
1334
3861
8485
5381
1946
9589
3623
3943
3958
3703
8281
7657
5730
948
2912
4862
8011
2309
7491
5394
7305
4531
948
4814
2901
2916
8870
9497
6672
8408
3055
2726
8675
5339
2582
2637
4181
5646
1873
4100
546
2154
7826
5684
7275
7879
4112
3792
8295
3359
3483
8889
1146
4168
3739
3032
5219
785
1567
4455
1289
4460
2505
1750
4628
3378
7812
1250
9578
672
1042
7415
7216
3455
8884
7777
3312
497
9433
6397
6754
9628
5901
942
9198
7834
3946
1124
734
8987
1297
9275
7015
4440
5945
5683
1938
6450
7038
7545
5307
5926
6968
9992
1977
3725
7457
815
2712
6189
7586
9191
147
6180
7730
2522
5272
3795
1525
3181
6040
4634
8042
3056
9026
6726
9292
6284
3448
3869
8589
8070
2123
7413
8568
8264
1600
4429
1543
8328
5849
5118
4646
2948
7613
1660
3971
2563
3930
1125
3275
7874
1014
5535
2526
8879
9738
8296
3392
2887
904
8019
8791
6898
7716
6894
980
4627
2023
9432
9472
2182
1271
1145
451
7812
1145
3174
1443
8882
117
561
3296
2484
3699
2626
6267
1294
6558
3876
7145
2872
1495
7292
7453
3033
4497
5626
111
8489
242
8280
5502
4877
6962
1373
8596
2783
4675
8195
2970
2733
4248
6328
8365
1716
724
9121
6283
8989
1491
4333
6790
7967
661
8892
5222
8059
8807
817
7674
7752
936
17
1607
5957
1367
7805
9274
2287
1800
3517
6517
9874
6390
7114
9237
3785
2218
6175
2350
6058
1247
6283
6788
8308
9808
8134
9290
2874
1659
5073
5336
623
9787
9456
5015
1117
3024
7659
8005
1751
9103
8176
1855
1938
3823
5383
4276
8797
9815
3380
6955
1705
6166
7189
4317
9385
277
554
1253
7282
1388
6693
4679
773
8365
2945
5587
4873
5670
2878
184
8388
389
2885
900
321
9601
5383
3906
7107
3743
9
5150
5917
462
3062
8139
760
3787
4956
3199
9074
2928
6055
2564
7931
397
6885
7071
9774
5136
2368
8416
4673
2904
983
796
5393
2865
5242
3377
6912
3118
2882
1111
1911
4708
2698
6271
7554
772
7128
3074
7940
5852
1691
3909
31
8925
6653
7735
7532
1702
2340
8774
9936
2758
6956
2900
1663
8642
828
2145
5146
6263
9959
1079
4871
2427
5291
5158
229
3297
2002
8655
4534
4986
9030
1711
2473
9241
3951
3321
6860
7076
4421
2639
1267
5815
295
8640
1603
1299
7138
9380
3656
5006
4172
6343
8587
3062
6245
5427
6167
8708
50
7381
9357
25
6577
6437
5989
9869
5723
7175
1970
4476
7329
116
1458
9892
4989
4974
7755
9062
8877
8043
3458
9836
3065
2771
2939
2939
6603
8169
9247
8031
9605
493
5850
6703
6590
6276
5991
8869
8283
4174
7549
9078
2901
2038
237
9148
939
1234
5288
7365
6642
9787
28
6334
4072
8370
8864
2414
6386
7218
9477
8846
7
4356
9015
6450
5314
9946
3111
602
7651
888
8504
9910
4646
7693
3099
6823
1278
4964
2450
2563
3288
6236
1067
9899
9592
2738
2943
2335
9081
8881
2693
7710
6494
5286
7625
7614
7414
4492
302
9276
7949
4316
8457
7188
8761
9566
3008
2487
319
8973
2873
9059
4454
5110
4282
8330
474
5200
4961
384
5661
4061
9689
1719
7596
7488
9525
4825
1658
2317
9786
6814
7299
4071
2146
6419
7811
5683
5955
6762
1828
1406
3878
8389
12
295
202
9853
9872
6221
1781
4850
2672
5509
7088
2892
5325
9229
7070
3856
125
6614
4403
4832
827
1051
2335
8652
4066
5799
2740
6663
9578
9875
2100
7982
7483
200
2816
5850
428
7015
1106
7484
9004
17
2130
8281
4630
376
4099
9097
1543
3945
7819
8820
7917
3972
1562
1296
3848
3892
3012
886
55
1298
7842
598
3366
3746
6419
7937
1251
3227
8303
300
824
7593
9246
5653
643
448
6955
3561
1130
1512
6933
4038
4251
5432
7536
6893
4647
604
1327
723
4903
2600
4570
7635
1463
8594
6355
478
167
3785
9612
785
5649
9732
8206
7619
6778
6644
8505
2093
6967
5666
3071
8194
8735
8043
7826
2986
5288
321
3626
5407
8765
4313
3256
6643
7303
7786
9245
4864
3850
2809
7410
1747
8979
3659
105
6808
6259
9469
6492
3754
8503
4849
895
6221
7130
5459
4850
598
5823
8974
3648
4793
2305
3828
6531
4907
6044
6102
4180
995
5610
8508
72
3374
4239
4687
8403
580
8458
2344
8275
5113
1002
9053
3777
9123
1082
2944
3850
4524
8779
5143
6766
3150
1297
4985
2036
1245
3290
1934
8902
6620
3967
2154
6595
2343
3873
2340
3404
9408
2945
500
3480
4892
5000
1317
7350
4676
7893
3647
2452
4972
6895
2417
7887
9234
1172
9794
3366
8126
7240
2443
2275
1207
4985
9067
2234
4995
4296
1646
7107
9047
2865
9583
2476
4542
2501
3239
4829
3557
1324
5773
1818
6647
4524
9951
1771
4078
3325
2953
330
8383
1080
9529
8098
660
1735
1809
1224
1658
1693
71
4631
5853
2604
9926
5182
3812
9838
9230
4676
9425
2471
3745
1666
663
4132
2494
2256
3374
1220
5993
7937
6026
1790
4495
8569
607
6804
8480
4034
1045
5486
8994
24
3181
7995
1038
2408
6130
6236
6416
1105
7149
723
2717
6511
6915
386
9214
2122
9911
1886
7233
395
2481
766
1752
3081
7458
9213
6486
1125
863
6969
437
7075
3888
4321
2460
9536
3256
8053
6805
9310
3404
3299
1489
9947
578
8350
3882
9788
8020
8911
9478
2385
7827
2697
5303
5209
4766
2359
5912
2671
5196
3043
8686
4525
6459
4286
4811
6457
7985
172
7434
5290
1634
5840
2701
4381
2007
9226
4443
1694
8065
8709
1791
9777
5225
5058
4264
1899
9569
1336
2927
4706
1405
9888
8336
7775
3300
3665
1468
2410
367
4014
3198
6028
7905
6508
4819
5249
7235
8346
9024
4752
7536
5029
987
1383
9755
9496
9907
1034
9821
1600
3154
9429
7681
8136
1684
4622
2365
1903
8596
3673
2416
433
8885
5700
9354
507
7884
8288
3624
3628
4909
7281
1305
9069
236
8267
2067
5512
4799
1016
3952
9890
2515
2010
461
4835
9558
4194
9243
827
5672
5509
6875
9859
4906
3358
3481
5571
992
3000
5067
4405
5344
847
3501
5082
2491
6672
7745
6525
7037
7923
9212
5123
1204
3722
3757
2640
8471
1776
6322
3360
4850
3851
7418
5201
3336
9899
5243
6172
8538
796
449
6400
5833
1214
6382
9667
583
4828
8970
8501
695
9854
8798
2181
5984
4805
372
248
4878
3352
2335
7782
744
9101
9343
8533
7541
6497
9691
2674
6240
2133
8215
1500
7309
2433
519
9823
8443
3016
3842
6825
3345
5801
3206
8156
4589
1175
5426
8422
646
180
326
2781
9855
4338
4180
7783
7713
4143
73
8278
7688
1574
2308
1909
3220
2348
7377
5586
6701
3727
3556
3525
7089
6427
6180
9107
5173
6172
9847
9970
5252
6721
7577
6675
4201
3238
2717
207
2660
3516
5989
3706
1727
7322
5870
848
1960
9692
2607
3236
506
3007
9795
1142
9391
1655
9671
5290
2097
6988
6268
4948
7229
6854
8733
4984
4066
2092
1882
314
6034
7227
8525
4889
2935
402
9603
250
3193
7334
7419
6088
7816
9952
4487
3116
7924
2376
7104
1182
1512
8573
6629
5378
6575
723
1258
6
747
9534
1197
6759
3319
5172
9050
9972
4936
239
12
6338
8972
1604
617
1439
9835
7462
8793
1388
6106
2693
8096
5754
3204
4537
2831
2242
8828
2168
9054
5298
3806
205
3398
6931
584
9120
3090
6480
9528
6977
4553
4085
8525
9266
5145
2674
237
6605
3175
6084
537
5448
6773
3776
5485
2186
2116
2475
7499
5357
6440
8611
5652
123
6924
5163
9446
3310
9828
7628
8586
784
2418
3677
3839
2617
9198
4137
4914
4222
4894
8118
100
9765
5101
2427
9978
1391
550
9436
8063
7051
4760
6896
1930
7760
9434
5213
6877
1318
2271
5776
3836
7710
6812
2382
4473
9052
2959
4434
719
8635
5049
7532
4701
9624
213
4317
4574
7155
6965
3674
1201
637
4824
2762
9209
7932
8915
8185
4648
7144
9856
5783
7274
932
2359
5607
9287
7638
245
2650
123
2473
4009
8084
506
6210
3429
3591
9963
7074
1450
4739
8021
9287
4812
2037
1933
6227
8165
9422
4746
9901
5686
7146
9164
6405
7401
5852
7938
9151
7137
7991
6539
97
3236
2104
2168
6682
8092
7515
8462
2059
2168
2124
3960
4879
6093
8210
3915
2877
81
1099
3344
9520
3935
5521
5325
2243
8477
1131
8583
3041
8383
221
5780
5933
1841
8253
6223
6445
1015
6097
9222
9321
9958
8863
6699
9918
9139
4958
7333
8661
6607
8952
8017
2346
9269
888
1153
8970
297
1725
6703
401
3257
7326
6088
6353
3212
5582
404
5538
8662
9160
6209
2642
8719
3046
6323
2057
5143
7350
4121
3119
2329
8162
1872
3844
7562
4094
7074
3277
6443
6396
4172
4138
2023
6443
7287
2013
8165
1862
6945
5238
5050
8826
1786
9444
6716
7919
8666
3163
2932
1286
4198
2502
8332
2545
2897
1262
3448
156
1892
3044
5327
7769
847
2900
6574
3320
8782
2059
332
5852
7232
5902
8725
4452
5104
946
9172
7432
369
9339
7834
7494
2000
4241
6608
4274
6134
6021
6564
5585
9894
7770
3551
3721
5182
2527
3792
8310
500
6603
8989
4732
4399
8565
6284
358
4689
4209
7503
729
7562
2071
2699
5719
4888
4386
5290
890
9653
8609
2490
225
373
60
4417
3304
8896
3789
5825
3938
66
548
5140
9220
6414
4649
7608
6580
7982
5643
4808
8482
2302
6800
1627
1132
9022
6423
7613
584
8042
6949
174
8062
7091
2260
879
7452
8956
1142
4592
5620
4834
7310
3058
5018
7078
2885
6838
7154
7375
4941
3022
1558
6344
6679
7597
6053
7946
2070
7519
8510
4097
8724
800
7455
2263
9552
1173
6097
3098
5588
5914
7523
8421
2612
8812
7755
3358
5749
5314
7737
4111
6616
8635
6333
8360
4484
9282
8170
7017
4658
9408
4063
9272
7539
8717
1649
2169
8209
8412
6482
7425
8619
5413
7453
2094
842
8622
2385
267
7942
9308
8863
923
3354
7271
2827
7326
8499
90
8980
6457
175
8625
1006
8474
4324
6965
552
4076
2734
3662
1466
7477
4080
4176
7478
961
3774
6223
2088
4328
6974
1529
112
1379
1947
2335
5822
5174
1336
8162
3942
3090
6873
2271
1686
5588
3819
1513
9549
1657
6858
5480
5429
6284
4485
9516
4921
9804
6725
7448
8968
5354
5639
3830
4159
5513
2036
1039
6262
2801
9248
5489
675
2392
2546
6763
3389
6075
6179
9148
8351
2600
7714
9850
7468
7408
5329
2947
8502
1999
2442
4406
656
5882
1408
4841
577
7399
4886
6959
6681
4398
8501
5208
9047
6520
1506
4601
3318
253
2782
3209
2820
1560
2499
7026
1919
2911
6477
5511
1297
5116
6503
9846
8662
1254
7383
4853
3550
2892
9181
3468
6870
9470
1400
4050
1747
9563
2946
9304
3546
4607
4799
7569
6720
1399
4560
9038
2920
6094
3181
9740
9843
4406
3572
3222
9803
1410
8285
287
6869
1614
2091
5202
1101
4134
6050
3272
122
1655
3527
1475
8987
363
1261
3518
6679
8148
7446
9554
3513
3474
8469
9827
5661
1202
6311
5417
2864
6483
1577
5096
1226
2121
2743
9327
1064
8153
7693
6877
5517
7708
2185
4458
2443
9286
4127
9293
209
873
4050
7736
5125
7859
9553
5401
4185
2103
1700
1956
7871
9956
4887
8013
9205
3153
292
2783
5642
4105
3425
4553
7277
1805
589
3409
5779
6520
6458
4825
8573
9103
8456
4118
6347
5809
1733
1102
2343
6902
1373
2457
6727
7045
3235
6296
3961
3624
3137
5891
2768
2848
7028
7158
6235
8090
6811
3734
8270
6234
2659
9165
4502
9054
4459
3585
9954
3789
2099
8251
4597
6574
5981
8762
2336
5938
5433
7461
5406
5219
420
4703
9681
2538
2042
4718
9712
4243
3609
6178
8737
6050
4187
8630
8643
901
4826
8191
581
3746
6927
3603
299
6886
2099
262
4467
8604
3550
8235
1241
5563
9253
6903
7316
1550
9942
3841
1467
5241
3104
8603
5531
7394
4602
2764
6486
358
758
7874
9938
1025
8897
2761
4703
4416
4062
1519
3848
5453
8295
7369
8904
3551
6518
1584
2827
8428
3577
1881
9221
9797
3098
5281
3530
2262
2619
9954
3047
5577
5480
6879
3098
3435
5061
3154
3419
3036
7546
7398
2678
7082
4364
5440
3501
9218
2931
1861
3530
4469
8660
1726
9746
9576
5499
5552
6405
577
3069
3171
1328
3395
986
7483
3821
9597
9221
784
1177
7364
4141
8725
6232
2614
6657
4452
545
4603
3848
6310
2909
2488
3561
4514
1235
3189
1176
8247
6171
6333
6507
5312
8903
5503
9560
3416
4441
1834
2570
2333
2183
352
9728
8134
9528
4343
1693
8566
2164
3635
6126
89
1935
6910
2994
1416
3957
8992
3997
4287
7794
9288
9190
6016
2689
972
9455
9201
7351
5873
6326
8186
7483
888
2869
3454
3697
2124
5666
4188
8628
2473
2667
8706
1630
9397
1637
2617
4355
2585
2390
4495
9624
8593
2993
8121
5207
9691
4716
3834
3177
5411
7785
7941
7258
1194
6541
1706
4487
1405
9392
8120
9933
7412
6253
3311
2648
2391
8078
5425
4768
9413
8662
4051
815
4259
3089
5377
1291
4565
7568
9460
1653
6027
2742
7032
6776
9853
9252
4066
1425
4078
9241
7428
8205
6448
8222
6453
6535
3103
8437
3777
6752
5948
2267
3603
6157
1748
1937
182
3424
160
4903
7892
1177
5931
2542
4867
2970
7570
8526
7479
4049
1635
1642
4315
1869
5143
4355
4313
638
9655
2806
4700
6002
3126
9772
3649
7757
4007
9707
3579
6496
5503
4847
5742
5850
4601
817
4209
3225
3381
184
5274
1659
2413
3167
8450
8560
4902
5981
4505
8090
6969
4180
5755
5797
6541
2167
9053
1814
5272
7137
2035
2321
76
6511
4345
7235
495
1875
8945
9111
2648
435
5159
3106
3118
9990
32
2566
2866
6570
8446
9331
9016
6827
6605
6589
5810
5687
9751
5084
8621
7612
701
5461
8583
5060
4989
7346
1445
5593
6217
4718
3258
5385
5730
4379
628
6045
6563
2421
1630
1102
1986
4927
4798
4770
8039
1061
5277
7796
8058
7736
6082
9979
7320
5347
6418
93
4589
5207
3900
5432
2210
8083
7061
4084
6567
8209
9378
4402
3561
7875
1433
2748
4834
7957
5873
3181
3787
4696
682
4351
1254
5126
4299
8215
912
3433
1731
6737
7342
5298
8334
3645
2939
4792
5277
6123
4242
7079
7626
4329
8692
7660
43
85
2839
7892
2039
2083
9041
8706
1160
6300
1076
142
5402
2454
8508
4988
5100
4691
2265
5049
7161
2297
274
7963
7675
4309
6863
3009
8627
9607
1334
7840
768
2292
8540
5979
3614
7256
4827
1207
3597
8837
7099
840
5139
6549
9525
8840
995
4392
9362
9750
8139
6448
2362
4312
9429
4810
8980
1313
9145
5147
9100
161
2359
9803
1383
7725
1265
9864
77
1532
7597
4889
5481
4990
3476
7184
3484
1869
3206
8508
1836
7476
6901
9891
2772
6744
5766
6921
9405
3158
7844
7505
3136
6661
5129
7387
7985
6122
2541
2275
8179
1388
1492
7765
5253
9138
992
6685
9835
3195
2359
9523
2651
3505
5192
9799
4439
1026
9126
426
6208
1758
4652
1858
4341
1621
8648
9740
3211
7984
9280
5608
3758
9615
142
1380
113
6839
1014
7996
2222
9956
6849
33
16
7522
4079
4312
5614
7577
9619
4376
3659
7581
9496
5939
196
5916
6133
3698
3037
2918
6664
3366
4181
7833
8587
6746
5409
6346
4850
610
6689
2495
2906
8378
3636
6563
4040
7336
5657
4941
6020
1756
9928
5812
921
5342
9642
8720
826
4044
1296
4168
6886
9561
7213
7966
4678
8628
8048
7955
3489
5799
4419
1815
3281
6439
9016
5865
143
301
9055
9205
596
1656
10000
6933
2596
5747
6700
288
9061
2147
8185
4021
6991
2016
6414
3451
9550
5343
337
6626
3194
1309
2154
1517
9156
5241
7749
1728
5943
1734
6823
9195
9786
7799
6852
7594
586
4757
7432
59
7763
6365
9403
9195
9615
1757
7725
8967
3193
2843
5811
1875
1363
8314
7027
1141
4661
3275
8505
8347
6853
5933
3602
5980
8030
1092
4720
7157
4428
648
4852
710
5834
1716
6165
2240
9830
55
2504
9353
2970
4966
5740
3105
1625
8980
6253
3326
5971
8165
2761
5562
3362
9254
6167
2195
8365
3822
5344
7121
7627
7959
2028
5623
7981
7174
254
941
4619
3971
2892
9765
3450
6188
9366
9197
6112
5188
3863
5447
7104
6315
50
8172
5041
3527
2513
6567
4307
1292
5812
6779
1547
4316
3924
8024
3647
8452
1224
9361
599
8591
7346
369
1036
7717
7798
9630
8486
7597
729
8589
5603
1883
4596
5341
3861
9587
5986
570
7553
1904
412
5333
1184
658
4259
5172
2367
985
5528
418
381
3040
2418
8987
2706
9169
3887
8343
8785
1053
9533
9866
7760
2252
9273
9129
7747
7887
7874
9224
1018
8047
9670
9912
9074
800
7095
6492
3179
4961
1271
9525
7514
6960
7463
502
4519
8970
6893
9773
9864
5477
6965
4862
2161
8213
5402
2573
7884
4840
7612
885
1285
6499
8249
4473
4116
3551
619
6350
1009
5809
2140
2207
4426
4078
926
2099
8776
5128
9194
9405
8
3351
6715
8655
9537
6530
1907
7548
6138
1138
4858
9805
2101
7742
9460
7866
4420
8626
1578
5137
3832
9093
8668
6576
666
4819
6201
9425
6701
2738
4013
8957
4615
2124
1255
7565
3439
9880
3202
7349
7813
1404
5410
8351
3054
234
5031
780
8390
5372
9864
7967
6375
194
8140
1621
8525
2291
3623
55
8239
9469
9509
3717
6522
4596
8924
8835
89
9364
4741
9335
3275
1449
1713
7975
3023
6486
7099
1636
3499
2744
9038
5339
1254
8463
7193
6631
6348
1490
8966
8787
8214
9639
4517
4000
656
7600
5252
2970
161
4562
9300
7264
8778
613
700
2787
5303
2056
2332
9502
8081
6171
3065
317
6598
3470
9209
1713
399
8477
328
5735
8764
3455
4639
8817
6890
8607
6864
6268
8638
296
5069
7728
6985
8885
9604
7212
8582
9115
5135
6169
1741
6614
2854
1819
4404
5924
3256
7299
7564
9086
7638
7628
2844
9405
6120
1290
1272
4412
7349
3348
3346
1707
7355
4328
354
8936
7086
9127
5501
2590
2292
8701
9243
2418
9706
2945
7052
6121
6215
6746
6827
3012
4512
9030
1744
2523
9905
1531
5618
6987
3293
4176
5674
9799
7338
806
9368
9392
6625
5361
4423
4844
9441
8198
583
3563
2295
9948
3306
1588
1460
4011
5585
6421
3451
8190
1650
3740
1559
4837
7428
4723
8779
9358
8766
2845
5610
2215
2385
918
5952
7707
9565
8712
4116
9192
9698
381
5988
8328
9038
8811
27
3693
1111
1097
4627
936
6868
3074
1610
544
4309
8045
5729
9955
3808
3318
2193
1087
6733
6560
9430
8614
8520
9946
5643
4100
4900
276
1283
4479
3613
4806
1023
1558
8333
5470
1847
787
2406
7704
5248
7033
7453
347
5138
320
2308
8083
3530
7162
8957
4790
1369
4041
6215
9937
650
4613
3424
2320
397
8156
8458
3743
3111
4666
2052
988
8171
2942
2178
6666
8227
9096
2075
7562
9509
4498
5485
5726
6908
6367
3123
6453
8231
3103
3758
9230
1365
4988
8948
8793
7971
8776
7212
5544
8686
8983
9326
8572
265
6406
3424
6116
803
3216
8623
7072
4806
1996
6665
8296
9502
6777
2859
8488
7619
3906
9202
3400
7898
1933
7275
9684
1020
9638
1071
6103
6240
1634
7366
4300
2875
8824
766
4732
1893
8928
8925
4870
782
8035
9650
7394
8960
5454
1150
6949
3072
3377
3174
7593
110
885
886
6726
1023
2010
1584
6131
5434
7910
8206
5757
2355
759
1032
7201
1933
3511
9350
83
506
1620
6750
3936
329
765
2111
8567
8564
3317
7943
2173
3013
4923
6620
8187
9122
2517
2306
4614
7761
3156
3793
1177
3783
2594
5332
2153
2754
4414
9821
2065
3763
2827
1980
3528
916
9147
6598
533
4728
5760
9073
8462
9712
1744
724
4313
152
4527
4158
6910
3869
6104
3865
7543
7241
9319
126
5851
8841
6578
1124
6083
5440
8958
5353
4111
9361
4554
1068
324
5838
4971
930
8803
1497
8271
6268
7082
6031
566
8353
900
2674
2946
6440
43
7234
1556
5728
4567
1081
6941
3579
1184
3983
5108
8443
1255
4815
991
9169
6589
1288
2125
4746
9467
1289
927
5571
5066
3928
8095
3889
3092
5050
8051
9365
1232
7434
6425
3868
503
8817
3305
6113
9503
2618
71
2684
1354
7737
506
2723
1578
9938
9936
7542
3444
2696
5861
5720
1298
1444
9611
4771
3635
7498
4877
5985
8655
5551
1482
6287
7682
2444
5214
9611
6593
6212
7790
3966
6647
626
2862
5543
4210
3936
1316
7523
4075
8765
607
6717
6159
640
712
7919
963
8395
5105
4261
9481
239
5270
5664
8057
1166
7310
1026
5997
7633
2098
4775
2776
5012
9723
5936
9749
7609
1536
5267
3375
9690
1619
5489
9002
2130
3627
1353
2771
6234
9019
2683
9248
1581
5811
7495
3667
5887
4009
2163
6689
1850
2355
598
6356
7431
9969
5932
444
3868
9766
4315
545
6860
1394
6886
8813
6193
9582
913
6243
8497
5855
6469
5877
5739
3739
768
9203
1007
8403
5341
1378
6676
3573
3622
973
3354
8999
2071
7605
119
1291
2266
4935
8839
4573
5032
4483
2453
1681
9000
2591
5221
5958
8860
3236
4738
1783
568
6999
7238
9806
9548
7679
7045
1555
7394
2961
1761
3491
3684
5319
3661
1777
1595
8105
5047
2960
5387
7236
34
1721
5629
7984
6648
2196
171
1141
2163
9304
7818
8318
9364
9658
757
9370
2627
1323
8911
953
3353
6128
8073
7865
6520
3513
3418
9449
6677
7008
8075
2849
1284
6263
4757
3511
5788
1055
9220
2353
7734
1069
2563
3266
9390
4723
3822
523
1586
1102
5203
7105
8415
694
8847
7069
9055
5835
3572
7588
8149
9181
2610
3197
8053
6713
5631
9931
2727
4261
6100
3757
7018
2273
2195
9666
8643
3807
7353
6446
4779
8422
7570
6680
8121
6238
1096
7001
3863
5593
8223
3746
7674
6175
6873
2306
2788
4988
8356
3345
7801
3570
7865
1780
9337
5901
6183
15
9253
5358
1685
3189
4217
1840
4367
8316
2978
403
3094
2935
2902
3791
4541
4711
8504
2776
1451
6377
8482
8710
6373
2657
9842
4308
6006
5864
2837
7871
4288
3620
1578
3089
9756
8656
3020
9108
4642
4402
4354
8962
8034
2949
972
4400
3542
4355
5001
9702
2754
2555
6916
5044
5663
1130
6777
2469
7341
1851
8169
5654
4473
8987
9186
5958
4121
6030
9982
1217
3252
5989
4164
4875
155
600
3039
7827
1979
2082
575
6865
6179
4313
3672
1170
2395
8605
4290
6355
1351
6269
5129
2720
990
5201
5549
5629
8693
2646
8872
9940
6861
4023
3947
4106
4394
4905
5375
1709
1199
4059
887
7907
5142
8984
4029
2748
5792
6888
6205
486
171
1776
1819
759
939
5030
1336
1847
7669
1649
5570
9948
726
450
286
856
1963
4140
6129
6817
7700
881
3830
852
1755
542
3252
6618
5166
6037
521
7405
8125
3415
3657
6642
4352
566
4501
5236
3854
1420
3175
175
538
7667
4315
7140
9931
917
8536
9452
2807
8180
281
8463
327
9827
1453
5322
7230
7508
9931
8540
3805
6931
5453
8374
9164
2715
8956
5814
2632
9450
1112
1798
8544
17
2974
5258
7180
1598
413
7324
9896
1675
954
2595
9598
6211
7180
598
4390
5868
2021
8319
2253
3391
8386
7739
5683
7287
6225
7040
4569
2768
8440
3420
6885
7509
6221
9944
9649
3427
3274
1751
2913
3995
6710
9478
4646
9316
2319
6000
2351
8894
4055
3560
2720
7598
9230
7119
9198
4628
6914
8490
26
7945
9522
4675
8449
1004
1488
1621
7101
5378
8536
8435
603
2987
1699
2960
7739
4300
1755
8541
1283
8846
3548
6724
8869
9302
554
2219
9615
6858
6547
742
17
8007
3893
4569
2468
1318
1545
9411
4370
1430
9578
3425
9947
7996
8965
4009
2377
9847
4008
2442
3345
3349
708
7555
4954
1292
9397
1110
6132
6680
5105
1746
2025
9773
1721
2384
7743
2796
4605
8058
8051
5406
8696
2799
1530
5913
5191
8169
7016
2441
6521
8896
5842
7597
5362
7422
7499
7490
2355
4551
190
6125
7935
7771
4067
9379
4416
2010
5216
2081
3511
2092
6111
5733
4242
8423
4073
9600
3324
8570
2698
1484
9179
9479
6588
9611
9302
2770
9377
3855
2273
7728
4345
4237
8995
14
5285
2304
629
7130
9127
8337
9114
9986
1474
7520
5311
4957
385
7192
3714
2472
4061
2202
9418
4245
6910
4730
2946
2871
726
7569
7927
9969
2023
5465
4293
7958
1634
9669
1245
8188
4712
5843
585
8129
4252
8117
1204
7016
5606
9281
9010
4215
8097
9461
3463
9979
4721
8953
2757
9918
768
298
2174
7916
26
3363
8997
2797
1068
7197
2573
4671
7381
9933
5568
6588
7702
9817
4320
3040
940
3052
2088
3655
2584
7944
9266
4965
5718
3259
9460
7113
7223
4072
5763
4183
9484
4127
2185
6073
3758
9702
9291
442
1899
172
4568
3662
323
1860
3008
5003
4685
5916
3484
8707
2757
3706
5864
8363
5306
8580
5823
3044
8142
4949
4251
7750
671
6432
9907
805
4054
9728
6037
2955
4718
4461
6996
4789
5667
9829
2013
3647
1026
2719
3661
7817
2020
3470
7923
5314
9645
9874
2674
4767
4059
7641
3307
6743
3709
2860
4027
7899
9961
7894
5719
3762
7064
7927
8378
9759
8767
6894
2634
6494
5665
9139
9447
8677
1415
3508
1712
3845
4830
6331
6766
1859
5639
9106
8773
9525
6953
8263
4912
5437
4241
5978
3752
8244
4849
5539
7614
1540
4500
325
7744
5386
767
414
6708
1535
571
1821
4023
186
3584
858
3292
4625
4571
5065
5277
8475
8068
7792
5043
9988
4695
9294
2233
1250
9205
1689
9555
1888
6841
4499
1048
7980
6759
3159
953
4476
2690
3236
8323
5707
5431
3986
3909
9496
7323
5639
295
6960
755
2815
8061
6789
5607
9603
9894
1192
5407
5540
1763
5968
4709
8630
8972
5802
37
4069
8844
9567
1480
5304
4241
7089
8333
5876
7888
9038
9128
6009
2847
7516
1790
1333
5910
921
8796
5157
5182
31
1806
4528
6290
6069
7357
9820
4784
9484
2643
5494
6120
3513
6222
9691
571
6165
9097
8157
7953
8075
149
3333
1265
3887
8442
9082
1773
9216
5180
3518
9771
8516
114
5356
7530
5428
9186
3037
2318
1522
6109
9641
5784
9078
396
4040
9372
1982
311
2919
5392
568
810
103
971
2553
3134
6398
5528
2762
7073
9362
5496
9876
7
4468
1875
3348
3375
871
2069
1312
7418
484
5685
7210
8880
9483
8809
8748
5385
5128
8092
246
7855
7838
4945
217
9624
8287
3995
8421
1477
4983
757
9837
411
4826
8833
8691
8884
205
9599
1584
6622
1849
6174
2395
9591
9637
8162
522
6187
5576
4213
4591
3826
2509
2503
8155
4931
3147
7974
5670
2150
1862
4054
887
7613
1483
1130
1971
6971
1865
2660
2771
8875
1533
9112
8543
4712
377
8768
5687
9510
6076
5067
6595
3125
8852
5100
759
5980
4077
9132
4405
5216
508
5707
1775
8122
2098
5553
9859
1644
7257
8853
7297
5140
1388
4425
8746
7769
1768
802
1399
4956
1882
5227
2191
9729
137
7173
6043
574
6446
7578
3009
8811
7755
5671
3814
1278
7665
6226
649
2691
5568
6291
4917
2356
4955
6495
3912
2010
2614
2537
7868
510
4653
1086
1380
8306
4200
1383
3935
2308
9446
2242
8931
4105
6747
7481
9493
1342
182
5321
3446
1457
8531
991
5819
3561
5706
2058
5288
2156
3021
8318
8993
2018
4207
5899
3345
5354
2700
9973
6062
3411
317
6691
7340
5899
5675
7134
114
9282
6228
3062
5506
4688
9214
2003
2060
3663
360
5656
5728
550
3648
2012
1788
8111
4859
2482
7804
1133
1014
1339
1405
5950
9668
6170
1792
1880
4862
5513
411
7032
8675
8828
3511
501
3835
2554
6048
3443
9562
6291
2422
4079
9432
9395
95
3069
6271
8345
8339
8339
7216
7200
3150
9380
9944
8154
3952
5263
2034
2881
8846
6450
864
4241
6355
9598
6231
5415
1559
9757
5496
66
7902
4773
3671
5710
6699
6942
718
5077
4059
1930
3360
690
428
1062
7380
6868
4602
2681
9877
232
5477
4177
9828
4328
961
7508
9948
4935
8937
1950
4972
4463
5652
1119
8884
8633
3975
3437
5301
3750
130
2539
9803
9053
6033
5842
9844
2405
1465
8378
9253
1065
4118
1574
574
2837
5185
4411
6677
6429
9685
5446
9544
2971
9145
2997
3919
5317
1147
481
825
6986
5682
1074
2325
3708
8172
3194
9978
203
9022
6241
3899
5482
2268
2823
3930
3738
6663
7288
2647
9755
7280
6762
6952
7408
5527
4927
6434
970
451
3199
1348
6026
347
973
8224
2881
64
6893
3226
865
5852
8651
2964
6200
3495
2423
5835
8900
3381
6380
7508
149
3994
4783
44
126
3069
4640
5678
1047
6036
644
9694
2377
8803
1139
4257
4425
2834
1460
1142
8966
9072
3674
6462
4244
1587
9906
7357
5052
4572
942
3428
9824
1902
2216
4865
8392
3819
8114
8423
7867
8815
5293
7938
3018
9651
2845
4024
2664
1107
805
7715
9356
172
550
3658
151
6000
1491
3318
6964
3115
1556
1773
1839
9355
692
844
2601
4922
2768
3548
5463
9430
9499
1488
8118
5169
4521
1302
5106
1510
5988
6751
9487
1283
1810
5561
2848
8841
3311
6694
2555
7601
1269
1565
3630
8519
1793
4374
1437
4507
1991
2068
831
1904
69
6074
1219
4210
5129
1074
721
3820
5963
9473
1930
2248
2336
3245
2019
8000
9084
1471
8099
5969
9062
3279
4001
6769
1697
9148
9693
2484
8087
1263
3953
6192
1798
3194
3158
2587
2362
5403
4199
3047
2681
9371
3745
9725
4520
7985
1048
8705
6937
3847
1788
1922
8482
9157
5672
4068
9846
654
7232
3336
7747
3724
7150
1526
4794
6680
2273
2922
4229
1290
8517
4498
4734
9529
6751
7486
4
2115
3095
340
7649
8745
762
9374
4613
6104
8893
6742
9045
68
6286
7917
8689
6019
6716
2258
1714
4221
7449
3330
6961
5167
4583
5448
2507
6236
9938
1063
4493
7816
5837
4201
2044
2298
5119
4220
5998
7654
2555
3700
9301
3695
4252
1456
4983
1631
3791
8584
4500
4243
6419
1232
5233
5884
1147
1295
7846
13
6078
5567
1835
7673
4089
823
340
2826
2804
9545
7515
9865
2955
8214
6887
5246
8144
3373
1605
5838
8024
5199
2976
2387
3646
8460
4415
3922
3477
5185
5334
2535
7435
161
513
6085
8321
7835
7990
9233
3028
2364
4946
4327
5452
2576
1160
71
2731
5485
1804
9693
7915
2269
4872
1582
7499
6378
5703
3656
3943
6700
4249
5746
7737
73
6231
1056
9084
9219
1524
8776
3986
8875
5799
1216
7858
7795
8758
1055
1048
6349
6076
2239
2057
7868
6279
1816
7941
2356
8892
8321
3786
639
6789
7657
9277
1219
6000
5493
6178
82
8840
5931
5850
7598
7505
3868
1779
8161
1915
3249
3920
4738
4917
5065
2497
1679
526
4801
8336
4819
3953
943
4425
4390
915
54
8929
9669
7191
4689
9762
8978
7398
5063
9350
3718
407
7324
8997
5508
7889
7684
9962
8205
1429
5548
9005
3417
5081
6129
7388
4949
7453
120
3956
6324
2359
3473
6358
8573
5762
6787
6392
2719
4155
5607
5600
2870
2818
6693
3403
5861
715
583
9548
2203
932
4717
1545
2855
7581
6170
3677
968
5745
5320
3191
6919
2571
6382
30
4835
6576
9722
7878
3707
9772
3547
8449
6689
4529
9446
4531
2112
6042
9838
5932
8206
1778
9334
1907
4465
9697
8518
360
3312
7050
2510
1958
489
7527
5176
2847
8406
7888
6878
7352
4649
9530
7720
9753
5452
2550
3513
1464
6562
4866
3392
4940
2884
76
5915
6787
6869
4748
7840
3087
8271
4940
9370
7689
1553
9275
3044
9779
8914
7030
5410
3962
476
5612
8033
8841
1329
7755
9058
777
9068
1730
3689
3333
1713
6797
5284
4451
3266
4567
3889
7720
2329
6224
6015
8581
6518
8772
3097
8181
1564
8748
7944
7582
7931
5319
1206
5680
2693
427
3913
4919
117
6201
6752
2682
7590
9567
5772
9989
8719
1901
2925
1547
8141
988
2923
217
3784
6938
3531
8133
8292
9522
229
7188
240
2636
3088
8035
4573
9143
8535
4769
2186
8457
4605
2936
6680
4547
7613
6320
5339
6662
2010
4228
9947
1224
2078
3733
4862
4647
523
2025
7434
6679
8693
568
5787
1144
6160
3162
4652
8795
5373
9445
2140
8757
2016
9730
9476
5975
4110
7606
1675
9618
7231
7881
6937
8715
3198
8407
1449
550
3078
8629
7993
9871
814
2500
8609
633
2731
3289
4294
5921
3226
4569
97
1462
6301
4777
6610
7991
5117
4133
8674
2241
3862
1305
5197
7801
8162
455
9659
2083
1818
6051
1667
1263
4374
7897
8913
9804
1077
5846
4392
5386
8601
8593
5964
3883
6155
7325
3575
4285
6031
2071
7149
552
170
7177
4464
8361
5300
9469
9004
656
7412
9980
4551
2465
8917
268
4686
4277
5065
6464
7964
9349
860
6097
152
4398
7451
1832
7016
4676
4170
6698
5573
444
7579
398
4138
5014
8172
1343
4376
827
9795
1327
6898
5449
2870
9951
8856
8837
2378
9227
9546
8249
4930
1582
36
7376
5461
8842
6194
7404
9519
7848
9533
4044
5325
9076
4583
9812
6868
7717
2749
8686
5267
8001
4880
5699
707
7826
4575
5347
5070
9726
9370
8651
1430
5187
4757
8206
5649
6364
9011
2295
947
7775
6627
5403
270
9151
4379
6384
9282
1879
6191
8544
1059
2230
272
4230
5103
6903
2540
4531
4761
2502
3517
3316
9409
5267
5063
6022
8565
8799
8404
2874
4723
8610
6383
9151
7746
3556
3062
3387
4403
131
8096
9309
5749
8302
7148
5446
6640
4755
3722
1187
1160
1820
4588
7749
7388
8240
7186
7518
869
3200
5610
222
9589
4956
1481
27
1961
1588
3737
7543
1027
4854
5092
7703
4861
529
7649
1048
7991
8337
3503
3105
1665
9826
8833
2467
7928
6378
3999
3852
9267
2872
2889
3175
3648
6137
9618
5401
2432
4510
8792
2744
7367
9034
9475
9717
7299
8471
4400
3566
8553
9188
7097
150
4465
8202
9521
5719
3172
6464
2614
1767
8927
5489
2566
9866
3844
6752
1567
1357
3147
6923
5037
6778
7849
2867
7899
76
3926
7479
9888
7154
8141
3034
5605
858
184
9898
2857
7128
5212
5501
9275
3384
6049
8778
9298
2618
3142
6154
9709
7641
2740
3274
8984
8049
8818
4318
2662
3913
4347
646
553
1745
7090
7754
3806
8401
4344
5388
770
7093
3972
7497
2153
1939
7022
9380
9808
6863
9249
1717
1835
2284
9702
5210
1712
9185
1767
6597
2263
9551
1940
2067
8508
8418
6288
7050
103
2595
9119
2221
4041
6039
8757
8498
61
5837
6690
4354
4475
9645
206
9171
3590
983
2007
3010
7072
7987
4941
4282
544
4776
9025
4854
6982
5068
9623
8749
1484
4412
7188
9317
3055
19
1306
446
7001
6557
2487
489
3821
1748
7226
3434
3452
4614
2086
3832
3968
4459
8223
3850
3972
5837
3618
9384
3840
3508
756
1607
8843
9741
5201
2417
1780
4818
4178
2689
9404
4128
5722
9582
2534
161
202
1636
7665
8628
1051
6913
4711
5026
7172
9769
3160
7542
1418
3757
247
7040
9951
5004
919
109
9286
3601
3987
3112
888
2046
4985
1865
390
1395
4755
3579
9585
6783
3294
7137
2965
2348
5903
9758
1772
7143
7497
7031
5306
8667
8630
9078
120
6352
4152
7140
6570
5009
2656
626
1761
7151
3329
1493
8014
6601
5606
4009
919
9550
2287
590
3115
989
2403
3482
446
1707
6678
6870
6798
2669
6260
4502
8387
6936
1163
2682
3369
363
7901
7782
7354
3242
5593
4169
6968
1589
5510
3401
2983
5206
6671
7997
1546
4958
6552
5867
9067
5775
2664
2475
3759
5895
4162
9621
5390
6448
8450
3740
4632
9534
4409
3529
3194
5868
7828
8154
3513
5767
9262
1681
6071
4000
2667
5747
2363
6185
3270
7897
807
346
6139
4081
6033
8251
7619
2973
2231
4846
2149
8581
1921
6054
4190
2122
4510
3966
1336
1228
5464
2060
6916
7289
9363
1087
3868
7887
1355
7292
6136
1711
2595
2140
4882
2838
4674
1845
769
5986
9645
8421
9123
9089
4033
6927
7267
797
3392
5230
7593
5471
1952
2798
757
8662
9545
6803
2002
3433
4676
3940
6086
9016
9854
8208
7877
6779
2015
287
9700
3134
7623
4687
3636
5248
6817
3501
4311
6549
8148
6088
5415
2542
6298
377
4141
2924
1923
2932
4576
6645
448
3270
7342
5973
8746
4176
9788
6365
5500
3146
1971
3533
7165
9008
4949
9525
7061
3021
6866
171
2622
2599
5634
4947
8392
6507
2816
9862
227
5987
2331
6171
226
3940
814
803
4290
1507
6393
2884
6484
8183
7863
1422
1442
4186
7749
5395
6095
2195
6861
5763
9863
8217
871
9850
6328
2483
9739
5843
9706
7202
2408
7187
6065
8663
1862
4584
2688
7786
8196
5331
3534
103
9495
2331
5482
8506
318
6300
2159
1416
563
9758
4382
7315
5809
6902
8448
2995
8173
7859
3973
9355
8948
1295
4482
823
5749
8267
1362
5989
4303
4284
3506
8496
7687
2383
9651
6499
7539
6291
8723
846
5894
6668
8022
8852
3523
1044
2855
719
7779
2303
5652
9684
908
5815
6469
6926
1093
4361
4684
3726
4386
8153
3780
7690
9133
2996
3598
1116
239
9371
6797
5427
4554
1974
8705
7451
248
1428
6333
349
1083
9252
8322
9420
28
791
8133
8554
9093
8662
2185
3336
5573
2588
1335
823
4086
4057
6022
5482
1395
6072
9843
2932
8914
7957
2160
775
1951
1736
9154
8346
7097
6856
9852
8859
2518
2534
7173
8233
3146
3718
5055
1896
6507
2509
1309
3582
1558
7517
974
2171
3028
2705
6352
6404
604
7758
1721
4445
2058
5150
369
1704
7508
1708
4344
2216
4364
8028
8677
3348
9624
3726
5411
6443
4175
7145
1807
5670
6316
9480
3585
9119
4
2426
7265
1470
9949
1119
9440
9565
6282
424
8535
2945
4155
7196
7728
2208
5838
6298
3929
2022
2731
787
7545
2794
6451
3931
3
4495
7383
2180
1620
2994
4811
5138
1496
9371
4016
9126
5525
9770
4717
2114
1521
6275
1817
838
1904
4546
7578
6120
6147
3877
8234
3250
1196
4313
3425
3662
5192
4838
4308
7688
677
6157
3016
3507
2854
6930
1568
8900
1021
8752
5223
6732
6873
2434
6733
2214
7358
833
7906
852
2887
8569
2478
781
3663
418
8515
394
9494
1221
3371
9533
8304
2186
6954
3444
3169
2033
4143
7784
2845
1028
4735
5746
7943
3533
8071
8685
7762
4663
4243
6530
8282
2800
1899
6778
4599
3448
7098
4910
715
8655
1875
9505
3684
7053
3946
2464
1265
8647
6654
9491
7556
1569
5405
919
8275
3470
4123
8796
7593
1979
7562
450
1501
8278
7806
2615
1975
6215
2698
3971
6475
1560
7289
8684
9662
5766
301
2771
6146
3169
9129
4186
5167
473
629
4812
4449
8781
5175
6255
1581
3287
1256
386
4324
5309
2087
818
1665
850
2350
6881
9193
2998
730
9773
226
4986
5840
4330
3697
317
644
3450
6825
3039
8757
2418
5325
8697
4124
9344
4560
2243
4940
6666
6082
5322
6551
6070
2160
850
2702
5307
1272
1485
7481
1257
8054
8975
881
6386
6433
2685
918
2154
2618
4219
4987
2077
5429
9069
6187
1420
5641
8771
4717
5224
7401
5757
8618
7495
7623
6029
9574
5463
2500
9447
6426
5641
6163
8938
5921
3103
6457
8609
4295
9252
8086
6983
7424
7176
2327
715
4517
4160
8427
7288
424
3253
9592
391
165
8153
1810
1520
6115
7360
8189
4362
1983
207
7418
5720
7583
5410
6542
3276
6095
2200
4920
5991
737
7698
3330
9052
7939
8183
7233
6413
4957
1546
109
6726
9842
3510
6144
4931
793
3117
698
3143
2834
9769
4248
8236
1179
5389
4965
4702
3302
8536
187
4779
1480
216
8518
3613
3185
2483
4290
9224
604
1016
8254
3204
1093
6739
7605
9118
9070
1875
4747
9958
3049
8554
8190
1249
9804
1188
8545
7260
4535
5728
7878
9046
6529
8056
3682
3022
8652
1663
3374
6780
144
1651
2216
9044
8156
1537
2890
5228
7219
8033
2566
552
5423
711
4572
6676
7956
1062
4742
9124
47
50
1015
468
8898
564
7049
591
5959
1514
3496
6801
1152
1749
1928
3475
4810
6963
4849
2247
1435
5312
4179
3108
4380
4439
7503
1443
3848
8682
352
7189
2103
9960
9400
8341
4651
2574
8100
9825
2093
8775
3663
416
4217
3293
7679
6270
5442
2512
441
1638
9714
5779
6903
4549
1764
3002
2333
8603
1323
1644
5028
4659
204
537
3910
4842
224
8415
7938
9950
7548
3361
3948
8869
5845
5339
2669
1905
7373
9220
6291
4384
15
3819
5048
3299
8981
3212
9060
1889
8440
299
5488
9451
1293
7442
2514
5610
536
5686
7750
6196
4603
3082
7290
687
1582
6226
9312
750
1164
9263
7378
7817
5942
3107
549
2672
4431
5682
5302
9423
3555
8080
4093
1863
6853
4185
6638
4766
7619
7660
3742
504
4753
258
1765
7290
1244
2014
1694
4376
9374
5851
2606
5446
768
3097
9871
7340
7591
6674
9190
2679
3626
2556
9483
7248
4041
3256
2133
727
5440
2089
3451
6292
1801
1400
1675
5521
7732
4703
8303
2010
8927
5830
8396
3085
6336
6721
1419
5351
2036
6416
9010
3693
4447
3178
9616
4639
4783
2431
5131
572
193
5446
9502
835
7245
474
4799
6324
7129
7473
3040
9078
3941
4425
4404
9244
9212
7864
3891
8222
7406
3638
7797
5434
339
7380
1945
3775
5254
1726
9986
1414
2052
8461
2515
811
914
3531
6882
1604
668
6581
6774
3201
1647
5351
5026
9111
9661
3355
3643
4608
2285
1222
5204
2387
1044
2952
729
4133
1878
4573
748
6559
8651
6873
248
2861
7164
999
5156
400
9944
4593
1717
271
4556
6974
143
524
1071
4383
3307
7598
5050
9776
1702
9204
2775
9933
1612
8277
7366
2896
1844
3457
4062
8566
823
3883
6405
6360
6176
6467
5173
4679
6661
8657
2480
4508
7755
2287
7516
4369
2293
1276
767
5040
2164
7907
1369
9750
2533
2994
5859
1897
7398
8644
3055
1437
915
2552
892
6535
9291
2567
5309
9683
9317
1870
1506
6213
8882
3731
5465
4021
6574
4306
2875
3741
4003
9918
5646
1584
4495
3571
3892
3320
962
3542
4365
7164
8538
4408
8896
2324
5106
714
2452
9049
1125
6752
3569
4905
115
1549
3320
6423
4131
9979
8688
9969
2644
5526
3085
6038
9460
6005
6268
2584
9283
597
1875
242
8131
3911
1089
1617
8001
1943
8736
9041
3708
7991
7560
3661
1766
5598
5314
601
2692
1822
5779
3390
5553
1082
7889
9305
6439
6648
9013
730
1829
250
346
5152
3532
4270
6838
6681
5722
3469
6880
8941
4758
3345
9333
6409
297
291
6904
634
6999
8129
8297
185
7025
4965
9458
5782
2353
9123
4868
4948
9933
2709
950
738
433
6853
1752
4314
8237
336
1057
8901
959
8140
4739
41
5213
1000
6615
4036
6215
207
5289
6553
2674
845
5416
6454
3746
585
3151
6896
7763
9666
7415
9333
654
9656
3339
4595
4569
6438
1406
1326
2279
7412
8313
8104
3789
2490
9774
220
3393
9846
5977
4488
567
3167
6063
2663
445
5018
9475
7434
5338
4972
3609
1256
3319
9449
517
2874
5789
3370
8795
7787
879
6101
4978
6815
6528
5520
9870
6612
4078
9559
9267
1997
8237
4700
8882
3813
5707
15
4279
7785
4414
5693
7986
9221
5266
825
4789
8881
1467
379
9440
9158
170
8582
898
8071
6166
3176
1352
5670
2988
6801
9770
133
2540
6451
9596
2664
6766
1824
8432
3181
4597
1097
6545
1859
4255
5985
541
1059
8268
2171
3516
7139
4385
5254
2843
9311
6831
8967
8742
1481
3446
7670
6589
6247
9778
2820
7218
9740
2909
8391
3681
9638
8322
5493
8866
9425
6641
3678
8892
9668
1541
6648
3240
7116
3745
8151
7660
1388
9870
1753
376
8702
8130
4080
8192
731
7493
6083
1158
4301
5528
6577
3573
7727
3875
2870
5337
849
2111
8756
1346
5911
9300
9493
2279
8759
1410
3598
2094
5881
6374
5779
3339
5851
4379
3134
7432
2396
740
5613
7529
3794
5462
2064
2408
4644
6647
7147
5227
979
1992
5588
2165
3646
8247
4506
8259
1966
3933
6029
770
309
8008
3633
2539
7530
3938
5453
1034
7049
4965
7504
6448
5306
3175
7546
6920
8113
1777
1045
7709
4649
1074
1191
6429
9937
7938
1639
2106
3024
4449
8714
594
1740
6536
6311
7654
2824
2676
6352
5567
1073
9393
6640
3889
5484
4209
4390
7841
5878
5279
4344
4982
5404
7482
9191
7053
9821
3150
5337
9368
1458
6201
2688
4377
7555
9466
4553
601
4290
5016
1041
8011
3833
9952
7728
8523
7885
1911
8728
8365
4956
9994
8044
7931
4269
9279
607
4138
4478
1499
6226
8539
1384
8556
408
2118
2391
9596
9762
1480
169
6352
8101
9421
299
4414
4295
9316
3140
7643
6799
9454
5575
149
7158
5808
876
2238
6999
3053
6649
2143
9680
114
4946
5391
7801
9735
8828
134
444
5611
4789
2567
3811
1737
1651
8304
7476
7969
4593
3012
2295
4172
7716
2574
9092
7839
744
6531
3901
7449
7776
8779
3636
695
2129
8114
1182
6804
2936
4926
7893
5151
1513
1182
4233
5617
2057
4368
207
1034
6471
6627
4501
9509
8436
8857
4878
6077
828
6386
4740
5913
2838
5904
5704
1012
3291
6624
1596
4081
6667
8216
1104
1480
2731
4036
7479
5743
9652
1881
4226
9860
8219
9096
741
2901
7123
3410
731
2410
422
107
6611
309
1988
5776
4070
2591
745
4860
814
8620
5873
2153
9858
7269
7093
8931
8217
5632
5242
3054
1018
1205
5373
1766
2255
693
4471
2662
6514
1829
3832
8756
2152
8918
2120
5874
7629
7253
3136
3142
7443
6990
1810
8127
4875
227
7629
2250
3779
2319
7419
1999
7002
1552
4473
2435
7595
832
9141
9776
755
5004
4180
2772
6854
1582
6755
2870
8534
8663
9089
147
5274
5278
2923
1538
3756
2368
7533
5749
7991
2088
7797
2019
4358
5421
3006
3438
6528
5307
3281
1798
4614
9586
2855
5108
9914
9491
5246
7531
7415
7936
5619
5034
1614
5831
3631
9674
4529
6258
8598
4476
7400
1768
5194
6099
5529
1356
1297
6135
8814
2439
8960
4983
4742
8805
8181
996
404
6379
1100
4700
4396
5428
5658
622
7732
7452
4100
9373
2098
2375
7994
884
8549
1480
7476
2155
4856
5093
2792
4537
4619
9602
6591
2616
8011
4408
2851
3086
4757
2618
665
5094
2488
7268
5972
3688
2426
3870
6172
4088
2847
9257
1852
4670
5153
8617
1497
4402
4881
7723
7977
5722
60
2390
1398
7521
5457
3880
2221
9782
8225
302
3887
3281
3303
2255
586
835
978
4922
4343
1110
3841
3354
7683
4621
6863
4387
2399
5724
1652
3380
7412
6062
485
5868
3427
784
2774
255
2363
4719
5089
4035
179
6409
3454
3231
8226
9171
3391
8627
4469
4337
2407
7900
4160
2681
6533
807
1018
4859
685
1633
7866
7115
6742
3416
7092
4524
6174
1984
2284
4273
2008
7011
2440
4949
1811
5834
5366
849
3704
3488
1967
71
787
4813
9185
275
3026
3526
135
9091
9614
240
3051
5594
4766
8796
4442
1033
1172
2181
6745
9670
3854
8271
7082
9830
2089
7811
6054
1588
7364
4809
7957
5318
3158
3725
1435
7463
2882
7280
4830
7661
4740
1386
5394
1646
1501
58
4478
3718
7082
8598
2233
2839
3428
5518
2327
5507
9479
6527
1225
1314
9244
4693
2828
2402
6495
901
6727
9662
2119
4078
2884
6735
1268
6450
5082
3677
6564
1579
9598
7050
3833
4790
1830
59
9138
8468
2777
1907
7841
5995
5267
9122
5214
5072
7557
1024
3994
1435
7968
9862
6433
5264
5979
1334
6409
2335
7884
7640
8859
6631
2015
1466
1351
7136
2749
4469
4666
467
4062
9168
5438
3432
3386
892
6810
9238
4613
8506
372
2931
3258
239
3977
3306
5826
3866
8939
3229
448
3750
6504
7929
6243
331
9783
6434
5325
7066
1969
5300
3147
3711
8879
6507
6329
9250
3224
4536
9629
3510
1141
8891
329
7477
9061
2611
4969
2168
3742
3245
9754
2559
1117
5510
9481
3299
2267
1280
4381
9111
7095
7130
234
4659
3487
1802
5759
8114
3838
1128
5703
6340
950
6251
2623
6316
1317
4116
880
9623
4962
6591
8492
9891
1818
8827
9867
6458
4393
1015
19
1790
4467
8514
3686
5437
3035
226
6349
5780
794
3270
212
494
6633
8714
1180
316
5241
5907
1357
2105
6630
4162
3320
6060
8341
8136
6974
5963
4848
2452
8561
3505
7873
7154
9755
7188
8497
4340
6670
9477
7858
5936
6143
3300
3124
8032
6914
4421
5227
5516
3760
5869
3900
5060
5579
6390
1386
9179
8257
8257
2113
1171
2728
9867
5154
2970
9923
6373
3847
6598
5075
7354
6239
9620
6787
4849
4963
5274
9259
569
565
5989
4160
9104
4267
693
4245
6883
767
3164
2958
4057
3377
1518
620
2566
9423
3085
5989
569
7422
8151
7476
8078
7016
9734
6534
3909
2284
6285
9223
8234
8423
2947
6983
2246
8885
1478
3374
268
984
5508
1921
9700
9777
2972
2249
1879
7660
2795
5813
2162
4077
2773
5929
3933
2975
3258
2018
9851
2317
8976
6194
528
6927
4537
8029
4347
4864
1428
4677
393
2582
423
9957
84
902
9275
8583
4218
5822
6391
2047
2436
2668
7535
6406
9888
1011
3973
8697
1776
9333
101
1326
1235
9174
1895
6291
5405
1847
3427
1639
8811
1479
3770
7163
2659
2553
3871
9772
8159
780
2541
3902
1662
3382
6888
8352
2089
3953
7987
1599
1607
5746
6575
4780
5852
7366
5166
5922
3864
6585
8158
2082
8920
1498
3012
4991
2264
5028
359
7011
5280
9769
944
6109
1049
9425
1667
2169
6295
1911
8847
8616
1940
465
1297
9071
1884
3048
5708
2255
2130
8799
3677
6923
9831
5328
6865
2360
1930
390
9977
7590
9961
7405
9794
6813
7765
3902
6129
1872
3640
9026
7643
7917
1376
4763
4062
6685
8020
2426
8041
9508
7105
9115
547
3836
6847
9370
7501
4310
2035
4426
8152
5543
200
7350
5735
5787
4106
8572
9462
3814
3729
6081
5606
2586
6933
9677
5435
2547
3943
6668
2757
3747
8524
1785
3580
2712
5254
5032
1920
6934
2265
6526
7304
6368
3429
7747
8677
3828
8424
3675
4564
718
556
9185
5266
2140
2500
9789
6447
8789
4713
1336
5760
82
9507
7399
8454
735
8679
9033
1891
5750
776
781
9555
97
7862
8771
330
6073
3660
6616
8279
4023
5784
2842
4048
1323
2956
1836
5187
7163
1594
405
4976
7653
9465
7080
5123
8806
1909
8641
810
1380
7865
9306
539
8740
34
8654
4253
1371
3644
4522
9628
3444
6006
9709
9737
6872
6363
3469
7435
5948
636
5525
9771
4640
28
3655
6850
5614
459
2159
6431
2718
7730
6963
4235
6289
5488
7194
785
5086
7374
4684
2905
2987
4976
8728
967
3630
6923
112
5236
6855
3200
5994
8984
975
8538
6609
7988
8037
2498
76
497
1529
4860
1550
3263
6450
3797
4007
5629
3126
3268
2902
539
5213
6608
4101
2215
1505
4984
9794
9645
5518
2062
5857
180
7745
5580
3317
5602
7133
3406
1000
5026
2846
805
229
455
5198
363
1238
2572
9039
315
7131
9429
4079
8330
1006
6519
7303
3411
4236
798
334
9855
6586
2339
1186
2833
2842
1297
1053
9201
722
8730
5149
3997
4345
8769
3690
6168
567
8006
6986
67
9252
7778
6964
1605
2096
2124
5438
6531
204
668
3717
3449
5389
8845
3539
4230
503
8651
6717
4
9585
2371
3193
931
4829
4200
311
9849
2699
8032
9706
2603
9
7813
2402
2749
8113
4913
4616
980
1825
7474
8607
9567
2632
8902
9259
9926
8980
5850
7104
4024
7119
7894
2823
7411
8202
5321
2600
5510
3479
9659
2955
5591
5782
244
3299
9344
2676
2811
4813
6988
2579
7886
700
687
6385
9886
3415
3351
4678
3169
2533
8591
2428
3484
740
442
8843
8151
5155
6468
3988
2629
9520
1645
7848
8724
2984
4692
7690
8692
5909
3992
533
6578
5007
2907
7242
7041
9702
476
9181
8501
1478
7066
1420
4114
4607
8382
9527
2836
108
4595
9634
6663
4369
9885
8867
6693
639
4694
2036
3055
793
6573
4865
3211
33
3470
2042
4211
9049
7294
8571
3726
9815
4293
9522
5508
2787
4676
1813
8312
6578
1717
3960
7211
2940
7082
5252
591
7838
4780
1704
8097
1903
3912
9699
2071
4340
5572
8434
8724
1244
4381
3397
5016
7168
9805
6711
6651
3568
8783
2831
3337
1048
4111
2273
1758
4245
1474
9788
3859
968
8943
6387
6187
5521
9662
5954
5737
7206
4310
439
7579
3647
2244
4872
6419
4071
5284
4891
3248
427
9681
9609
8252
5657
2861
1601
7269
934
8408
2450
3986
5451
6603
9641
4399
9090
8500
6928
7572
5939
6197
5850
5916
6762
2505
1193
3666
3633
6596
4369
7866
12
8346
6874
9698
9497
9312
4232
5752
4589
7185
8628
1408
5933
7010
4906
6303
1352
8607
9660
5037
9002
2121
7503
5876
3878
1907
6668
7502
1342
3276
6440
505
8453
6182
1508
7060
9329
3822
652
1926
1177
5922
5647
8152
6847
4011
7588
5108
7727
6620
1541
2179
3457
8201
8579
3309
1699
1295
6142
8029
6824
6907
8217
6782
7395
6263
4344
3405
5152
7414
2656
7671
7960
1113
3138
3230
4896
5553
5334
1407
9470
2108
9455
262
4226
4575
7185
9094
3588
7154
6378
1280
3674
6417
1462
5275
3757
6579
8754
5244
3400
1031
5070
9323
8794
7572
6251
6641
4752
8982
5319
3340
2642
1191
5428
6764
5518
2708
744
7891
2684
7931
569
408
9939
7061
9580
8457
6305
5949
7714
6743
709
1677
5849
631
5177
9569
2444
7566
8329
1838
4196
9624
73
9585
1080
1704
7270
4795
6227
3858
1122
1143
12
3011
4240
4902
6546
1148
9846
5698
7308
4514
2442
5966
4519
3585
4104
1085
400
2353
6996
4032
1350
1964
4714
701
9587
1927
3261
1430
8666
23
4439
4438
6249
2576
8617
4024
3975
9859
9820
4626
627
1556
3589
1566
5299
2253
8077
4026
5232
6700
8489
629
4486
4347
1031
309
5402
7176
282
2683
3365
30
517
9055
4304
8536
5172
2558
5473
6258
6318
1961
2700
5851
9833
8730
6733
6723
2378
2407
8030
246
1463
5391
8307
3997
3593
9071
4122
4937
4308
9347
9185
481
3490
4989
5843
4405
8436
8574
8464
8160
9154
4081
9311
4249
4849
2282
1723
6452
8747
9
385
2607
1612
1744
1287
5832
9892
8892
1501
3115
8004
6885
4528
2583
4823
1453
9878
1394
5737
796
4397
5723
7040
6481
4819
788
9342
4808
5350
9397
1916
4554
8288
1163
6482
4502
9523
9348
831
2486
7227
1095
1958
4405
5834
2015
9989
5117
4027
1707
3939
7237
2584
1750
9530
9044
4810
4547
1574
4784
175
6332
2692
641
7109
1747
2681
2088
6092
3715
3179
777
9750
8198
1723
1605
4125
3488
8023
709
9539
7466
371
3820
1760
7100
607
4632
4688
7635
529
3835
1657
3360
6279
7877
8818
7574
5116
4238
8301
9636
3261
5280
6780
1463
2735
1202
9154
8680
8632
9117
4757
2809
1079
5538
8860
5838
2339
5355
9857
6299
9023
1988
6211
6580
922
5679
3600
4174
6661
3089
6770
5337
9389
5811
5085
3297
7321
2414
321
6029
2393
898
9328
2366
1543
4173
7440
2708
122
1508
9040
2063
528
1154
3275
4215
9907
7752
7992
2964
6824
4137
8102
4830
1224
2849
6855
3668
8855
4444
3299
9304
2886
5588
1431
807
5587
8615
8772
1243
1024
7442
7370
6031
5511
773
5015
1639
2348
3786
4200
380
7754
5978
9615
4906
3408
5247
1364
5895
2671
6114
1306
1523
5024
5139
5343
1899
2710
2345
429
1329
5512
9110
2722
4508
7561
8453
874
4210
4516
8268
8421
6518
1907
2466
5489
9403
4954
8770
1270
3686
372
5252
9761
4612
6604
5206
9686
243
4493
6426
1707
1256
2291
7335
3234
8233
5251
6263
6022
7629
6967
3933
3459
6766
3521
8410
2673
7499
4101
2800
90
2022
9107
3767
1293
3475
8381
7329
9372
3275
5621
5748
5258
3268
8834
6334
498
6315
2208
4346
3399
937
8403
6202
3945
5315
2193
975
5827
4552
5733
9792
9158
6258
1376
9163
1743
7791
3953
4051
2940
885
4340
9466
2843
7313
2407
7207
67
4778
987
5024
9135
7840
3835
4234
5410
7545
8329
5146
3958
7210
9537
5908
7693
6849
3576
9700
165
1111
5386
8881
7064
4002
132
6892
3295
5643
1359
7993
8796
6273
4713
2202
7942
2626
6913
8646
4239
2237
5089
4696
8917
3299
9836
3337
9387
8160
8933
843
7216
6101
2967
1517
6359
9011
9376
7351
701
7552
2497
8288
1383
4595
876
4387
3449
9343
7622
2856
2296
2763
2483
4048
9430
1797
2862
4950
3375
813
1434
398
8365
5408
9140
1810
6607
4700
6709
492
1927
9748
2522
5818
716
187
2495
9613
7596
1150
3870
8706
6764
7910
237
6311
7479
9919
7292
8019
1026
8198
8361
5079
3967
1444
2225
2919
2336
5627
7311
6045
4359
9052
2493
9923
5499
7269
3937
204
4163
6266
6187
6318
8126
5119
103
9864
1519
1707
7402
3617
2811
1231
7115
8621
5563
9277
6334
5891
8308
7857
4490
4878
2227
1481
48
6680
6403
8527
9660
6128
3049
2857
5187
8393
6768
8054
1063
8662
7463
8621
3286
3749
7291
5733
5270
7635
120
5932
3182
9222
720
5022
4912
2702
5358
8770
5725
9842
3111
1971
4883
3920
6619
7305
3333
9887
2279
6129
1801
5727
2353
7746
2021
9330
2157
5867
7008
76
8607
3636
2686
9575
6350
4895
3279
3665
4043
2114
37
2606
5152
1258
7459
8214
4224
9152
8289
4296
9533
8030
6546
1892
4412
1677
2787
6669
4935
9116
527
219
7597
3775
3324
8555
6150
758
5674
405
8290
1031
1380
710
973
1421
2358
2492
28
9432
1045
8705
8754
7840
5825
3547
1438
3546
9809
609
8051
9709
1362
7140
3866
9971
1730
2257
4017
1835
8608
6476
7270
6239
1339
5529
9478
4187
337
9527
2612
1547
3329
9208
4849
655
5636
126
6487
9893
7534
5048
9534
9469
551
2955
5634
9553
5437
480
7926
3666
7637
3021
3539
3279
1691
9723
6768
9700
9147
1212
5539
5834
8192
9821
1990
4981
7671
4112
4830
1585
5145
3567
8396
5361
9419
1710
3955
7991
7472
3630
8744
3696
2832
7767
1788
7280
1164
9362
219
1789
9097
2253
1760
1430
3141
3653
1659
4919
1346
7454
953
1371
3022
6928
2134
9016
3408
7620
8291
6362
2441
6486
2220
4646
2698
617
6306
4274
8088
2095
1454
5546
9849
6252
8184
8479
4668
7251
2161
2789
7479
3453
817
7764
5961
2173
1327
9599
552
7129
3896
5466
7479
2319
7486
3693
3812
9304
2332
3023
3845
7224
8321
1838
9842
3799
3045
6050
5016
337
2009
5262
9684
1072
1849
4935
7881
242
2257
8744
2217
7916
7506
2137
1730
2576
8239
9087
7019
3743
5650
2819
1894
3243
6931
5585
4231
4322
3499
2335
9033
6123
7339
975
2668
5765
9587
8204
7376
238
2535
456
8251
7342
3489
7039
5469
1416
646
4958
5625
6878
780
1591
5897
475
6510
289
7523
716
7210
210
6488
4079
5659
9182
3959
5346
4332
2159
2774
3046
2097
5688
5774
5761
970
5938
501
6760
4938
1083
8897
2112
4923
1073
51
5805
1674
1670
7966
1408
4378
5623
75
4723
7239
9667
7749
4202
6951
1816
6528
4060
7629
6606
3927
180
5172
5857
5156
2257
4045
3814
8624
310
8086
7049
588
1570
345
6599
1120
8689
1202
3121
3142
9500
3307
2153
3133
8221
8884
3374
5558
6154
4706
5259
8533
4891
9740
1815
3592
2167
5482
9343
577
7592
1461
6996
547
3123
208
7279
2001
8197
8500
1922
4864
4408
7474
7164
2809
9938
606
1738
9664
651
649
5723
7079
6701
1492
7810
9592
4980
3874
2291
2410
4427
5169
4946
7182
738
5107
9017
4685
7627
9813
3383
7919
424
1427
1639
8460
3845
2189
4121
5187
3141
7400
2551
8649
3406
70
1555
3283
5495
3099
1866
7572
4453
9755
881
9746
5479
2777
1580
5986
386
8580
4790
5227
3541
2752
5840
556
7329
7814
5148
3166
5679
3447
9546
1190
5566
5282
1347
9197
2648
7669
5997
8403
7319
8356
2036
3320
5465
5601
8825
6970
2075
6175
7403
1810
7674
3211
5127
7196
7076
8954
2450
2274
7958
2845
7902
685
8829
3472
6135
5817
3740
5382
4642
7181
3020
3927
1462
7343
6774
656
5565
1371
967
9282
9939
3249
1718
5408
3174
6613
16
128
5403
6314
8852
4987
9738
4441
2736
3866
9889
1476
4895
8249
1900
6788
7667
2604
6562
7306
2260
4139
5913
6632
9205
3078
609
4847
8663
1659
5242
973
3602
3235
7066
1873
5219
3587
63
6855
8934
8941
5648
6709
9576
6370
2821
3035
1395
3111
6533
2552
4045
5266
9728
1187
4879
3517
1593
61
1174
4142
2253
221
1208
4366
1768
9326
6910
9102
9145
9779
3920
3017
6882
7315
3905
2584
2691
21
8570
8697
3457
7447
7561
5540
3714
3968
4754
4952
7279
928
2947
2083
2026
4320
6891
8409
7249
9927
7388
751
275
6528
5445
9055
8358
3367
7482
7239
3121
7458
2368
4226
3428
7843
4629
8108
47
968
5824
3059
9263
2769
7050
4808
384
7624
1129
8316
7117
4185
3640
2742
4641
8500
6824
428
1893
7278
3924
2196
2497
5400
9100
6201
7169
4399
4700
4546
7075
3093
4337
5594
1993
4272
4443
7645
51
5773
4314
765
499
7013
5990
7979
7412
1559
3386
3046
5101
9122
4344
134
6284
3430
9871
4354
3778
9514
3268
8883
9346
9942
8884
4195
507
5910
9112
2189
2198
1273
1068
6749
9461
655
6900
3299
9987
3452
4191
1814
2497
5736
9235
327
7956
6777
8681
9324
4353
8811
7676
2673
5318
7451
7483
8788
5394
6892
8719
2965
6562
1941
5789
2902
4399
646
8692
9005
9458
372
7999
2883
920
3992
5908
6860
6888
2182
612
5493
9234
9794
6008
1765
3729
598
195
2269
3491
6938
9958
5199
4100
7271
383
7828
8731
2883
2659
5810
1971
640
6508
3530
5963
3869
896
7897
2263
7646
6661
3735
2493
2294
7084
7700
7986
7932
7671
6187
9815
8976
973
4537
1295
1279
8260
2746
8594
3736
7007
9643
5486
5955
4967
5450
1346
1052
3201
4608
5433
9434
2155
3551
9375
3764
7274
4100
5400
4400
3498
994
6253
9534
4472
7201
2652
440
926
8874
4338
2834
2856
8367
2827
9711
3871
4647
3028
4817
9044
1535
1161
648
5047
4252
526
2027
1055
3380
2133
6777
2156
1392
997
1292
4922
2525
6737
5937
4185
1585
6516
7363
1396
7004
6221
6307
7479
8823
4611
4423
9069
6250
8321
3435
637
4526
5848
709
5886
3080
2778
8824
7494
1081
4672
8647
6223
3835
3026
2643
8809
4815
6243
2133
1013
2172
8299
2443
4928
4031
6240
4504
6538
3976
3556
9563
9508
2433
3567
291
9236
8342
8231
3306
3598
9541
4928
6216
6763
6500
374
1970
2981
1055
2950
3996
6287
7649
2313
6068
1342
9683
4836
3863
3518
4241
5116
1816
9366
4530
8150
196
3991
4664
3136
1057
4957
974
7930
3351
5542
7238
2103
9181
4117
9772
6020
6447
5582
9920
7581
9767
7836
5423
3843
3154
6157
6084
1080
4626
3567
2442
1786
2111
2301
5918
2037
3240
1312
1177
1287
9645
8232
4279
2816
9506
3573
9953
1341
9972
9539
1141
8898
6824
3740
9381
4537
9552
7143
1795
5820
7439
454
4261
4638
586
4591
6304
5098
5068
3371
6835
4646
1711
9935
8669
5879
5680
4949
1168
6850
9735
9597
2975
4131
6606
2724
345
4755
6729
2303
1311
3552
787
7959
8059
3390
7535
113
8382
6043
6964
1541
508
9380
8221
9066
8252
4892
357
4510
2058
4708
1196
9507
3767
3298
2618
2953
4327
5936
4075
6754
9622
4801
3983
4822
7584
9959
4933
2989
3339
4109
7284
8492
279
8615
65
299
7041
7000
8931
777
1052
7153
2379
4145
1627
8844
3167
632
2596
507
3967
8912
5451
8324
3644
9109
4246
2789
7691
8397
7886
1179
4383
7656
2593
6864
9960
7424
1110
2754
5890
7519
3002
4125
4790
5694
1734
1169
3688
8698
284
5933
9712
8567
8918
4506
2725
1551
6013
1765
947
4830
7809
885
2756
3394
4576
9761
1666
3971
6402
1113
113
5639
8080
8875
4003
9251
6297
1383
4768
1919
5204
5786
7290
9854
4241
9049
4673
6458
6429
1343
750
2447
8444
3089
2180
2858
349
300
9925
187
3177
3237
7049
6869
6562
8025
8724
5304
1829
1784
9285
2680
1545
7326
6071
9499
789
2848
4552
8656
5346
1778
8573
8326
5799
7760
8929
2688
643
7480
554
6087
124
1169
1608
527
2531
3564
6149
3354
7481
8626
6088
7290
6320
2091
8015
2608
4344
4087
3588
3498
403
4563
9086
2012
6331
8703
3316
3510
4158
5559
2955
157
7046
9583
7230
1522
2086
1072
8724
1581
3178
5564
7736
2431
4820
1293
6922
9246
1671
2345
5817
1898
2370
9367
8724
5746
5244
3516
8684
155
2003
7307
1989
5156
2733
4960
9534
8901
9025
8713
4165
4527
2481
1263
1240
8104
6429
5202
9211
9128
9745
515
5224
3427
374
5533
3332
9832
796
4621
6382
8877
8571
3688
6638
1454
7645
589
6645
2609
3223
6746
9025
5991
3465
2000
4055
7616
2205
8191
6481
7626
2705
9968
4118
2528
1759
7785
7757
9550
4525
599
3730
809
243
6690
7864
8414
6505
3619
1341
8914
5765
5177
2549
3128
4615
7987
8791
7368
9057
5745
4026
8241
129
5891
3725
549
4342
9749
2455
7383
7705
820
2732
3741
1036
518
6565
6462
5286
619
3681
8133
6589
2707
9291
3535
2970
2888
663
676
9043
4958
3502
389
3206
1079
9225
9312
3542
7827
275
8329
9338
1502
289
6041
1755
4348
32
7140
5980
7752
3057
3587
2078
4394
6489
7716
8400
6811
2979
8588
1268
2104
5600
1992
1317
9974
1380
8473
191
3352
6279
5050
3576
8202
6345
4173
762
584
8616
277
5766
8063
6846
6714
348
4629
7064
6891
4286
7376
5375
5483
7076
8061
7431
6576
2914
8085
3078
7907
7849
8403
7056
4379
2364
5516
1260
9688
7984
2945
4520
8860
8270
208
5419
9153
3089
2520
642
1147
4292
5778
3343
2021
7353
1462
4646
3197
7570
9993
5038
1433
288
2190
8491
4807
7905
2165
6341
4756
9426
3114
4693
6031
8147
1135
3431
4648
8006
1312
2475
7279
3698
7522
2838
3054
8589
9215
8209
5029
5430
7569
856
4786
2456
2297
1485
6514
9658
1257
5546
7790
9367
8484
883
5327
7304
6234
1082
9703
5792
8527
1451
1452
9948
2945
5294
943
4127
7802
5299
2268
6789
3168
9830
699
6879
3895
5746
4877
4185
3857
7462
312
7569
4001
3457
2369
7480
7156
1014
9741
1057
9297
7816
7770
4704
2254
6749
1687
3832
1041
6511
5967
8491
5488
6999
3040
2009
961
3400
9945
717
8944
7767
504
8793
8735
3029
8067
2589
1905
2939
7094
2302
1252
1344
144
6061
3818
4243
2155
6892
6499
4199
2811
2519
5552
4419
6072
5225
2739
3927
8961
3658
2613
2639
2949
6938
826
2613
1073
8460
90
1777
7790
4799
7248
7917
7817
6342
7142
2348
1015
5132
4981
3612
3298
4769
4181
5523
2244
6726
1563
3271
2299
9588
3406
1413
1569
3179
2103
2511
9241
7015
7185
3479
8126
6769
8022
1112
9196
4895
1766
913
3665
3366
6971
5796
28
1493
337
4157
5810
3990
6045
7891
7262
8435
705
9430
1832
6769
247
9295
3492
3011
751
6646
9843
4011
6659
3203
4913
2835
9303
3643
1480
3145
2504
5814
9507
1513
8548
8772
6917
5115
1078
3622
2643
8542
581
6748
5393
8452
8780
3166
1583
7077
168
8783
9202
9054
4451
8554
4960
493
3524
9713
7944
2769
6923
8264
6153
4332
340
7722
1395
8610
5376
4614
5069
8740
1293
2568
3665
1690
2758
7394
7283
2666
283
8397
7373
8532
7961
2417
2924
2781
2592
7523
9571
9488
750
4442
6062
3996
601
6126
4141
1369
8599
3822
3789
6462
576
2439
2629
6385
4970
9408
7635
8803
9087
4685
9981
3683
7873
6848
4845
4953
9377
706
8760
7615
6456
6449
7620
5073
8384
6523
1912
4065
7419
2616
6412
6597
7436
6327
9348
529
5200
8237
6527
5013
9443
5251
6722
9043
1519
4550
1428
4464
8257
9157
5392
1529
7104
1264
5463
6273
2396
3516
1361
3571
7760
9773
2425
3778
9032
4001
5747
10
6365
7995
8448
75
6634
3251
5351
1757
7735
4707
6974
5464
837
5055
9847
5781
2006
2231
6371
7481
9924
4286
1609
4952
1271
5269
1903
2640
1826
6510
6048
190
7958
5621
7283
4604
6456
7201
6767
3330
8271
1151
3456
8037
6209
9695
8369
1832
3513
2277
7396
8818
9834
7395
9484
9096
4729
933
4135
4745
214
2700
1202
4259
1497
428
1648
4900
7104
7999
9663
6338
1785
896
2621
5223
5889
8442
7983
8670
7271
4443
9188
5603
4520
7024
3049
9067
8730
9030
9342
2822
1688
8005
1944
7928
4209
3253
4257
4949
40
8303
2102
7574
8746
7595
696
8111
8636
4066
8085
8288
6329
3689
7233
9229
8193
8805
9226
3153
9090
9674
6097
7445
680
3546
1746
5698
5384
5923
4760
9441
3481
238
4800
8013
8076
6683
5872
7075
6488
8400
416
1873
4180
7279
5976
1804
4397
8219
5381
3188
2747
9618
5262
3528
8707
308
4515
3126
3040
6629
7345
7882
6643
6098
3335
241
6147
5489
2857
7578
7414
2532
6482
6609
2842
6240
3620
2241
7556
2390
3921
5311
1439
4718
6581
5234
5853
7266
6477
2873
5510
8749
5411
6235
1597
3639
8919
1754
1941
6733
7520
6028
7454
7627
2218
5568
5865
1728
5162
9187
2530
840
7896
6668
6516
8552
1401
4827
6286
9664
5273
9440
4327
9853
3685
1254
2737
6280
6104
2187
9407
9214
2119
2298
7137
1763
7162
1987
9474
8227
6842
105
1550
3522
9119
8809
6948
8633
9888
2220
7897
5442
3021
1885
4155
6534
8219
8754
6535
5041
280
5383
1734
2572
5365
9286
566
621
5448
9022
2165
9500
917
9440
3836
8510
4777
9454
5656
1898
735
5452
8793
5187
9071
8747
1460
5889
3787
6327
5156
7760
5936
1113
3727
8104
6608
824
9365
7688
6617
3671
7696
2684
6782
562
9976
7711
1163
2742
5622
8544
444
4064
3326
7075
7790
6060
7820
9804
3804
3877
7969
9885
2037
5321
9745
6067
8639
8005
1192
5262
6549
6552
654
2770
2276
2894
5771
2682
9797
7905
9295
5041
4841
8891
2360
993
8117
1587
4741
2271
4136
4780
5750
7732
9610
6799
9693
4141
9411
8227
8850
6554
1437
1094
173
6782
1730
4259
806
5969
1001
6234
7738
6957
4941
9674
2191
2342
3889
857
1261
2259
7153
5131
2407
4047
9312
7740
7630
4510
594
8627
3862
3910
7760
6881
8522
5451
1627
8180
6021
2101
2693
1254
4541
577
9499
2059
7180
4044
9021
1261
1643
9751
7642
266
5175
419
6334
4526
7325
9138
462
7016
3280
3860
1989
8064
3146
6360
6476
4125
6130
4660
1800
1128
2548
6692
4726
6863
5109
5908
9614
8479
1597
9248
1230
8815
115
4004
9981
986
7642
3857
5146
7179
1014
5318
9255
4925
2668
9449
2198
4419
1070
7732
9543
6925
5605
8358
4102
6448
2846
3195
9556
9038
5903
3625
9241
9969
2093
7948
8778
2083
6106
8526
9721
6681
1517
4187
3257
2405
7412
4184
8654
5209
287
2047
8439
9048
6447
6613
6781
3269
1438
7073
4934
6388
9993
8273
9594
657
9166
4467
3394
9689
5315
4218
8237
6591
9663
4587
1445
1306
1653
5827
5292
5996
2880
7632
7860
4000
4426
4921
191
5074
4770
3070
7115
7173
7543
2403
9996
7267
8853
7045
9072
1364
8374
6853
8794
725
9534
9156
3966
40
7731
4887
5868
4650
7726
6966
8877
7048
4633
4089
2666
9999
5916
4380
2621
1012
3329
9543
2251
8611
7745
3739
4561
4066
612
3835
9222
5829
2795
7209
1050
7821
6635
9501
3793
9777
5766
4055
5798
7671
5340
3745
5093
2895
4355
6186
94
3086
2158
9537
6150
404
8148
4570
6883
7662
8810
5968
5059
8562
3432
8070
2140
6797
9393
444
5158
997
5074
7479
6855
4020
4164
927
9829
8245
3247
3521
2417
2068
3394
8352
1836
6024
9664
3257
38
1868
5321
1566
218
9677
8714
5006
7991
7556
5893
486
7993
9491
3336
355
2660
5073
4560
2460
2461
5691
9655
3283
1011
2520
9219
4508
3729
3972
4387
7688
2621
2056
1952
4512
780
321
425
7849
3475
1603
6618
3018
2269
2436
7569
3513
8633
9438
4886
5692
8053
987
5870
4611
1872
4868
6295
5912
637
1420
5720
7350
7818
3964
6997
7441
4218
525
5897
5984
9067
5322
3944
6641
798
2198
9805
7276
9383
1184
7696
5814
5027
7188
3267
2953
8565
6931
7328
4568
5328
6102
2200
6957
7908
2844
7060
663
8025
6277
4212
4373
681
9569
755
9741
5352
3072
1875
5037
3478
7692
8212
9207
8821
8140
3949
2905
6301
7415
2251
6231
4733
7709
9963
4382
6866
5921
7115
3951
33
6653
5437
8163
4589
9201
317
8148
1758
3182
7305
2431
7091
62
7408
9817
7411
2508
5965
3203
5911
1342
8025
2559
7440
4039
1165
1483
6918
9568
702
8772
2023
3602
170
6002
345
4511
1592
2301
9324
2020
2693
9296
274
2092
1676
4923
1902
5237
1165
1061
5343
8542
9608
4363
504
9742
3371
4672
1592
6447
5204
9141
1557
5457
3206
8969
8230
7400
4081
8
7601
5666
7400
109
3979
4553
6992
4333
8770
2748
2326
5671
7543
7172
6517
7234
8562
1096
2737
6889
1371
166
436
4353
9217
4404
2050
8688
992
7435
8186
2704
4043
316
8645
6666
2673
4243
995
2767
9708
2518
517
906
1837
4970
4727
7920
2727
345
9642
3908
6273
1638
3512
5723
5437
9155
3549
5888
2710
1574
1546
8879
3253
6570
7620
597
5344
8519
1773
5657
357
7126
546
9032
7150
1171
5292
5073
4588
3356
7874
4037
9915
2021
8845
2786
3377
2510
2266
9247
5326
4129
7386
1119
5848
8590
2678
9036
7287
8156
1989
5315
6415
612
8942
973
1096
6303
905
7572
110
7063
4888
7854
1066
9427
8926
6834
9055
32
7075
8629
9045
8622
215
5077
4713
6611
3375
3212
7772
4465
54
6578
7019
4861
4202
8110
4361
6716
4509
794
700
9009
9242
832
2556
4084
3286
6226
3047
7175
5988
8545
1594
1978
8824
6709
2501
16
4440
4765
4825
2263
2699
5894
8061
3788
1262
8215
3366
1201
2402
6613
9896
1146
3012
5252
7522
6608
1743
109
4530
6026
3959
370
2899
7689
9597
8329
6842
4802
322
4825
3391
287
5804
9094
3761
7991
5146
8670
1015
7684
6357
6556
6529
4880
7240
2821
8310
5723
6978
4674
4722
5219
3811
475
7608
7119
9871
2028
9513
4163
2138
4012
7108
5150
4705
1219
438
9766
8353
8978
107
6260
1958
286
3239
2426
6136
3256
7397
758
36
281
7255
5116
9790
6491
4772
9812
3403
113
8273
4947
5963
8479
7849
562
5672
4940
1786
7515
4000
8930
3099
2097
1995
1077
8234
884
2243
3854
3271
9517
1346
6854
6391
9751
6536
8008
567
1424
5819
1466
5890
8063
2862
4546
9809
2609
846
2172
4039
9581
4044
6837
2647
1639
7369
1365
2662
5430
4489
7956
2870
6609
9797
7944
5987
6808
8071
2136
154
1012
1023
6975
5120
6464
9382
9365
8577
4446
426
9996
7649
7831
2207
5102
2302
4941
7251
770
5619
4704
7100
7400
7610
604
4460
3017
8960
5207
2977
8417
8400
1365
2009
9230
281
1888
3525
2872
8459
2475
5756
3351
5566
4405
779
1495
8246
4623
1552
2262
7781
801
936
9819
2842
3570
6844
7453
8437
1768
3302
2871
1347
9320
3340
2128
3409
7604
9976
3866
5694
1029
2738
7493
847
6086
5149
8074
8370
302
2688
5247
1494
5919
4489
3050
7095
6281
506
3455
5339
6319
7576
9407
6369
9659
14
2914
2798
2820
7265
8811
2176
8866
6235
7450
7353
7214
4113
1256
8810
9237
866
2351
7038
1613
1172
1249
115
3173
4933
3434
4548
4297
4733
2072
8408
3132
8195
6672
1345
5114
4873
8007
8636
3937
2876
9900
4176
9828
9329
5939
9075
4497
4596
6982
7007
793
6356
8456
3731
9564
8423
7144
1664
2976
8597
8311
7116
8601
3399
2093
6668
7055
8046
5625
2830
3552
1315
6465
9405
8315
2512
5714
1995
1085
2378
9099
1021
1696
4757
3383
5479
7124
866
7322
5439
4925
4976
5649
7098
6050
9880
711
4510
2360
8621
4054
9691
7400
8756
8585
7013
3640
3339
6003
6216
2221
6667
6419
7715
9083
5271
4920
5589
5411
4807
44
603
438
3536
9324
4231
1215
8985
7112
5625
5172
1882
3396
2372
7249
948
7268
4187
2084
285
4353
9471
512
217
541
2244
6863
5963
1316
5107
8893
9260
977
4524
6030
8923
6732
4749
5981
8951
6909
1885
1388
8294
4630
5168
4116
3946
1669
190
514
986
227
852
1495
9675
5024
759
1126
5711
7319
5248
2933
4891
5765
4748
8505
3279
2582
5598
5956
5650
9702
6415
9931
7558
3575
2992
3980
1229
8416
1886
5612
4082
5441
2480
7704
5875
5328
1579
7155
1607
8490
5082
3581
1232
1135
8268
2065
1726
4987
1650
2917
5990
6310
6376
3462
3380
2985
3064
9197
7880
8817
8936
2927
346
2779
1260
7888
3699
9055
9899
7707
7246
1597
2653
1076
1109
960
7095
9459
5725
9292
5430
5817
7720
8302
5362
5251
7798
3634
85
6288
8074
8196
2312
6915
403
7036
2003
991
8076
3463
626
322
3970
4473
4581
7323
7934
8305
8675
3661
732
2018
1648
7841
2231
3974
6855
8458
2137
2897
1765
6991
895
8155
6299
2927
9768
7152
2069
4161
3126
5242
158
8343
6357
2159
8586
7713
6894
4001
2567
3182
1878
8522
559
1816
5110
8557
4256
268
7935
2888
8226
4004
9243
6481
4786
536
5739
3618
5974
359
4123
5368
4076
8964
8531
1214
6309
8646
8336
3047
4975
4052
9132
9634
1299
4516
1172
9197
9449
9870
6148
3186
8150
6715
3685
345
8754
296
8554
523
9459
7804
1967
7866
3092
7999
850
1450
9238
4671
3583
9514
8045
2413
3640
1711
9506
4925
312
2386
9441
8725
4149
3806
7122
5119
5941
4666
5817
9677
8771
5218
9739
8393
3237
3674
6406
3007
1537
3860
5535
3396
2219
8933
381
3625
5437
2337
1945
9524
424
7522
2737
8210
5762
260
5181
4860
2529
470
3015
6769
4731
9368
6271
7897
3227
2833
4032
4423
4603
8043
3842
8528
8370
349
3189
4360
3532
9331
832
3186
6868
8315
448
3699
9084
7165
2017
962
4514
807
866
6237
5864
7165
1212
1602
1766
7299
9335
6697
219
2826
3813
3493
3011
3103
4168
8654
5417
542
2431
3704
3805
7630
4010
4355
8433
2197
8544
2725
134
4407
3342
60
2747
2107
1102
1240
2173
3752
6150
4581
8294
7561
1562
9476
7811
9631
2088
2259
4284
8630
7683
6596
6504
1688
7982
6197
3169
5328
207
9588
2721
1617
6909
309
9035
4388
607
927
8513
4174
6413
1112
4278
8327
4239
1085
4073
241
8903
1400
7136
1286
1795
3079
5900
9894
8661
1081
807
4975
181
84
7123
4174
214
1674
1699
787
9682
7023
8374
5329
2284
8198
2693
219
3955
4570
3324
4240
9481
3164
4296
8134
4210
1529
2083
8922
6632
6754
3345
4443
854
3684
4535
431
8595
4110
2121
7226
6141
8418
970
1980
543
8630
4422
3792
6634
2806
9781
6152
8550
8442
1986
8826
2404
8044
1134
9078
490
6070
6356
2097
7197
4452
1111
7488
7765
3685
8075
1398
2127
1192
1242
111
4100
3555
3564
100
4643
2899
3846
8603
825
1468
5177
7152
2649
2039
3542
2695
738
6155
8001
1424
3523
9520
699
9696
5918
8948
5379
6301
1122
3033
5339
3154
1751
3472
3698
2093
2229
5757
9634
9508
6897
3412
9433
4965
1559
5567
3664
8635
706
5348
8855
8093
7090
9151
6574
427
1510
1603
5063
105
8935
744
7250
5782
3170
741
4240
2602
1900
6875
1111
1260
3893
8351
1867
7958
1334
4610
9923
3588
6264
8610
4027
2229
8097
9638
2750
6962
4780
7416
5777
9971
9871
4615
5601
9515
7348
437
2625
4043
7264
482
8353
7019
8516
7464
5225
9718
6253
2323
6708
7242
5132
3773
2795
9337
9002
7792
6943
1570
1330
5916
2295
1417
9290
2753
7595
1022
8735
5669
6653
5894
7769
8427
3142
2530
4344
6158
6563
7503
5709
8906
6708
7120
3797
4050
6353
1618
1789
5163
5658
5117
1760
7861
1139
9100
3303
6252
4326
7205
2919
5401
754
6129
291
134
8306
9364
5323
6537
9403
915
8056
4104
8192
1830
9584
7777
8087
9333
8066
277
1327
4448
3891
9186
8818
913
1657
4203
1011
3489
230
9320
4418
4454
1697
3401
8552
6611
4858
9195
9685
2056
3995
8067
6824
4845
6399
5282
9863
100
8406
9103
8868
5678
5505
6249
7208
272
373
4770
8985
6409
5437
5733
512
7783
4321
9450
4202
8980
8426
1392
6632
7410
9386
1584
6186
105
2160
1285
2705
8011
8826
4105
1990
1705
4584
538
6774
1649
3487
8822
8475
8025
5178
7792
3602
2536
205
3967
4451
2129
1717
3761
8557
3793
4878
2290
607
8836
9994
4641
8343
8165
2654
9227
4293
8112
6413
9703
8162
429
6891
8283
4178
9619
3133
4314
3306
8328
8994
5300
993
5560
8880
2611
6384
1645
3645
4083
282
1835
2469
7070
3037
6979
6002
9393
921
8892
7398
5207
5188
3062
8496
6247
1754
1694
9402
6606
6710
2283
6904
885
1250
5227
6953
8692
1889
3497
2421
2376
2740
296
6380
7474
5770
9724
7785
3460
7701
459
171
7408
1110
2696
5185
3685
3930
5722
9231
343
5868
3200
3703
3923
3743
6177
3484
6871
4267
9722
6181
4356
3068
9733
9685
6569
2167
2814
6617
493
321
6786
6923
5497
4903
2064
7367
1540
1682
1941
8255
5015
6171
1322
3574
3777
7501
3213
4653
470
458
8177
799
1781
2001
6785
3064
3780
1476
8100
9114
1160
8092
6292
7549
8095
5543
1710
8553
5964
7784
4088
780
6055
1475
3377
8637
6583
6387
3749
615
7935
4296
4413
5974
9396
8931
6178
4543
8874
6565
1769
9321
1710
881
1306
3327
8710
973
6855
7946
4833
3866
7722
1488
2474
8764
5669
1488
7468
2149
6512
3841
2724
8235
679
2491
1499
4442
9540
5233
3137
4876
5209
2822
4857
6966
5546
4137
3764
8424
1652
779
1521
3745
7443
9782
9954
3771
953
7408
2940
1898
6987
2490
3081
8051
8742
9232
8488
1318
9840
3902
3220
8816
3874
6526
7521
3702
9918
4864
8405
8095
6483
8654
6731
8890
6973
634
7677
7709
3721
5399
758
986
128
9255
9342
9225
9659
891
4784
1365
4076
1870
4225
7836
4459
3667
2577
1614
514
9645
624
2186
3529
1783
7253
5294
1177
3024
9617
1957
8304
2466
8754
4155
3816
6557
742
4162
4415
5885
8954
9284
8281
1072
2521
1630
3473
3958
9324
6690
8992
7659
4302
4851
3119
6083
9545
5727
5043
1613
3815
5043
7752
8684
7351
7926
2652
1109
2515
3583
3072
1052
3884
3860
9276
7229
1726
7740
7193
8767
9178
3252
7028
7606
2997
8506
5003
4373
4437
8205
9472
5370
2926
7720
1340
1896
4829
424
5737
1811
4449
4304
8045
4591
1070
6406
1162
567
1640
6826
1013
5986
7335
5990
16
3565
6665
5475
5156
3000
9359
9879
6768
3118
7941
5355
4510
7404
6443
7698
2122
9640
6940
7041
3304
2719
9519
3972
9525
8290
541
7460
8977
9776
9939
367
9180
1356
1066
3419
2976
3994
2058
8939
5286
4361
9783
4509
2635
6920
2759
9794
3421
230
495
3214
3414
7189
8228
6468
385
5945
9579
5116
6654
8528
1474
3930
5323
3099
2916
2467
111
9136
1221
4833
8697
3552
7116
9327
4960
8224
4274
8680
5601
8633
5993
7196
1021
9369
9407
5415
5309
1365
9381
1883
4800
8196
5089
6663
7321
2481
9835
9960
9903
6354
1342
1480
5716
6213
7767
8564
1212
8065
207
6593
3901
3911
9255
3866
2943
9813
1366
7366
9260
104
8085
3538
6433
8535
6650
2136
508
5140
7559
5064
1025
7065
5427
1367
1566
3216
1951
7512
4169
2560
8499
6028
1265
966
127
9469
5246
9769
9400
3652
552
786
4322
4177
1209
373
5341
9359
1653
7568
5190
3502
4557
8368
9608
8133
1833
5418
7849
6612
8250
6360
6863
5911
7398
392
4235
6132
4174
7578
6083
2592
8054
9
796
3254
8602
6573
5558
6622
4050
2580
8589
4035
5467
8227
382
8658
2315
6568
8815
1185
6297
1677
5245
3604
3779
327
6445
6954
3722
9509
6229
5938
1503
9023
3374
3855
8522
4677
6472
5585
5723
9437
5257
9945
4538
6440
5102
4899
9878
6890
481
3054
6965
9158
5141
5984
5398
6246
1233
7696
8424
5488
3642
493
2413
908
2138
8684
6639
3231
8951
3310
1324
7776
3294
4678
9639
3681
3694
673
8444
8726
8902
3207
7145
5529
726
8710
914
5433
42
2513
1743
8581
3009
7615
1879
1608
5857
2749
8764
1462
863
9889
7833
1088
3032
9557
4867
5633
4157
4485
2850
4284
1729
3509
1151
3370
9557
9635
6995
9134
9223
6182
3887
4640
948
7229
5241
1612
6993
7081
6394
5230
1227
4632
3736
9017
8660
4082
2855
8555
4433
5996
1863
8315
3324
5555
1124
7698
2233
1097
4614
1986
9352
3638
622
2795
4103
239
9649
9918
717
7089
5120
7354
2449
9473
5223
1148
5994
6
4337
9497
5542
6649
9293
423
8344
597
8527
1590
1456
5198
8758
9425
4325
1141
6069
7874
9037
2854
2588
5995
7917
9385
1419
4930
596
2265
8676
5540
8692
702
2052
7657
4882
997
8290
5274
2430
6847
4317
2656
2414
8334
2847
588
7867
5398
3733
2054
7919
4506
123
9784
4972
7444
783
674
9313
5372
9357
3439
4142
672
1974
2324
4319
5789
9278
1635
2949
5070
4916
8142
8352
7826
9167
6590
1635
7810
8665
4771
2212
1467
5454
9748
9567
3692
6719
8993
4480
1381
932
3806
7402
1720
9684
9233
953
2788
8655
2832
6975
4716
9678
7644
151
3172
4845
5188
6642
2067
2729
3090
3285
2687
347
240
5871
7517
3121
7604
8380
3562
1465
9307
2423
4046
3488
4802
576
3843
7521
2402
8109
6124
1381
2666
8214
5625
2570
8373
4792
7391
7045
1558
5819
7790
450
1732
9758
725
2414
9910
2569
2810
6876
6076
3164
9520
1636
2249
2613
4179
248
2715
2318
8646
2483
9720
4813
3894
2855
9052
8178
4579
8682
5969
7607
9082
192
7028
4669
7835
801
5562
384
1533
8702
9079
4371
6625
3992
2267
8290
6047
6685
8284
887
7619
8248
34
9901
4579
3520
6543
9148
8117
396
5108
7659
905
5767
4965
9402
2365
2554
4838
9973
9303
1672
3876
1534
7814
7493
8897
7124
4663
3967
3868
6859
5313
4229
8179
7898
5433
6555
95
982
9161
5124
5806
1948
1716
3803
1474
5195
4680
7373
4665
4064
7223
8316
2832
9860
9961
3929
1949
2896
6104
7831
5648
8623
6305
8614
4328
2769
9190
7721
6361
2693
1330
9124
2090
3892
7717
1919
977
3100
2881
8370
4368
2670
9443
809
7130
748
9742
2864
9976
9534
4308
4898
1216
9607
6951
2106
7777
1428
3013
4190
3448
8511
42
9997
3569
9929
5199
2235
4206
9458
8085
6152
3934
6210
1745
6175
2576
1113
4409
2021
8415
9801
1781
3388
2123
259
5425
7081
9032
6891
7185
7267
6267
6606
9609
2227
1080
6360
5723
9759
893
9812
7349
6867
4898
2939
4402
8272
5789
5236
4095
5686
5535
9874
2181
6787
1562
1356
6745
2894
8789
2497
2746
2876
4221
1248
1504
2604
163
3116
3641
5947
7028
8814
4770
744
3478
9743
1220
4977
6933
1638
6856
7762
4340
1787
5140
7811
2981
7244
4716
324
6931
487
2547
8120
2210
5431
1441
5509
4399
8895
2760
3274
8631
270
6909
8005
4427
1150
1575
5446
6302
5658
8760
6334
8107
3931
2106
539
6889
6901
7468
3512
8379
7284
9696
4636
8280
864
104
7711
1108
5491
4437
1971
8274
4882
4635
4488
5443
3933
5278
7709
9505
5807
6016
5039
3131
786
8629
7878
7965
440
8337
2523
3841
30
3803
3010
8888
1531
94
38
1023
5823
1896
1213
8066
584
5171
2172
5169
1092
6132
2570
8294
3585
4568
1393
8341
7100
4842
3086
1803
1379
5071
8724
5062
4406
3426
9541
2288
161
1140
7519
1221
6230
2760
3898
470
1160
4749
2305
5308
4315
4948
962
8695
4857
6720
6791
560
4515
783
9812
8056
5394
3354
4012
4664
371
6590
2962
8514
330
5011
1842
4460
740
8333
7257
6284
2865
7435
2671
7551
9746
539
5369
1863
2771
7610
5814
8015
2910
4072
5950
2256
4940
7584
7013
9309
1176
7332
6328
6821
8054
26
9152
9297
4350
3246
3153
2818
1159
7412
2308
1256
6310
5388
4299
8124
171
3241
8924
3469
2072
1941
197
7810
4398
7464
8107
9650
7939
8096
2261
4514
7871
4366
7485
3056
4814
3067
1069
6311
1674
6863
9492
8726
4901
9472
6888
8306
3863
1960
2166
9959
2989
2940
97
5436
2085
7496
5683
9998
1737
9487
4543
4619
2456
9206
4453
2982
4397
8166
9566
6156
7741
7795
5835
997
3666
3299
1159
7735
4125
9
5311
6313
8221
5720
2132
2792
5597
5506
804
227
1080
6932
7307
11
1647
5351
9190
6511
8430
803
3704
269
2834
9033
360
8838
4045
5968
6820
6430
210
8583
4925
3041
5321
1660
3760
5240
5129
4770
8045
9107
7340
2018
8461
5977
1521
5618
26
3298
3242
776
271
3158
5841
7362
7478
3247
9156
5740
2101
1333
1692
9342
5329
9153
5757
417
3487
4592
3908
3332
6723
7489
6652
6785
2489
2134
8237
2453
5407
9126
7447
3233
229
2251
4975
4024
9387
6797
7046
7813
9375
3188
3930
4787
6511
1561
4542
4607
189
5362
4348
4411
707
5248
8126
5149
8032
6977
1886
4862
7524
4303
8327
1201
2117
3701
1151
6318
8774
9238
4836
6947
6429
6435
7338
5857
8874
4581
4775
5790
1189
3578
24
9602
3443
9103
223
2345
4934
1630
5871
6597
8590
5040
5290
1314
1948
3466
5508
3752
4056
120
6688
6897
5419
6230
7594
7711
3586
462
4628
3897
9314
4967
5290
2853
6935
5343
911
9310
4762
8802
3957
8221
4581
3649
8729
6093
5754
5755
8036
6639
398
8891
9903
7392
745
5962
2917
1994
7004
782
7465
2350
5511
359
9424
5162
249
8405
2822
6078
5682
2655
640
6953
8980
5636
4875
5658
5528
5884
8591
187
8374
9785
3053
8183
2127
6976
1497
5151
9188
2731
5491
2535
189
7263
3168
4503
2044
2585
6030
1371
4286
769
2899
4643
8307
7097
2727
5559
5777
7502
6213
6436
6345
7019
107
6575
8360
3467
5306
5560
8808
2965
1261
9825
9926
1402
7754
259
9709
5598
8366
4342
2128
9615
5594
1784
1889
6205
3687
570
513
1628
4338
1700
1602
9759
1284
8699
8337
8194
7793
8164
3734
6073
6913
963
2932
2948
9084
5582
6660
4143
5539
6679
8397
5956
2219
3375
8755
3794
730
8771
8558
3072
8659
3484
9911
1397
522
6117
6331
8975
8882
2941
193
7751
8365
2803
1363
4707
7518
4633
6381
9672
6219
8172
4988
9762
5418
6918
8462
3578
4120
1247
1878
4259
2619
9203
6010
6049
3813
7456
2560
5281
3988
2231
221
1651
1468
3357
1606
1847
5413
5636
6302
6980
4559
7281
5682
6195
1215
3500
6728
7534
3654
2642
1762
3661
206
345
8470
7149
6510
6328
4027
4948
8643
8807
5651
4130
4062
3112
3151
7652
4446
2532
8772
4819
1660
5091
6674
4114
9345
9834
9842
9310
577
7337
3205
997
2835
2739
9060
2514
249
6679
8526
681
246
6264
5757
8169
8712
6739
5390
5350
5623
9062
1287
8023
144
2454
4294
3414
3637
3546
6181
9787
8305
8792
6510
3983
4443
7648
3837
7837
8044
7388
7702
9355
4026
5769
343
4094
3402
8189
3795
9679
7352
2997
5004
4032
6562
1751
3991
6386
706
4121
842
4912
4566
593
7010
5173
1099
5582
489
8143
6557
3690
4681
4824
8748
5628
3446
8435
4307
1223
9601
3579
69
3853
3254
5510
9280
3557
3207
4062
151
9343
6219
1015
9561
4743
9499
3522
649
9311
2142
3232
9501
8942
1827
9176
8869
4684
4947
3223
5630
5384
2516
4434
2252
227
3340
38
6506
192
2929
8219
1257
8045
6030
2005
7118
6804
3736
30
4008
4663
7672
9304
7874
4576
949
9060
1503
6596
3890
7721
223
617
8610
5288
8274
7635
2752
1643
5883
8877
1779
86
1243
2133
2006
9426
1931
440
2011
8477
9652
337
9596
8591
4355
3431
359
702
6610
5918
6593
843
8935
9275
90
7090
4359
5100
2185
1945
9722
1076
2841
6604
3598
2562
2853
5323
1561
8732
135
9868
8001
7600
5959
4439
4230
7420
8958
9316
7699
35
6581
189
1463
1850
7869
3438
6295
9940
3550
1433
2429
2856
9057
2090
8653
1331
4202
7038
9253
8057
2319
1744
26
306
4039
6532
8280
4302
2848
2050
9964
2791
3539
3435
4458
9582
1769
9480
6530
9561
9560
8160
3086
1632
9163
1674
4171
1141
3016
9446
462
2070
7683
3288
3198
1307
6867
9938
2857
1518
2063
6758
2910
3964
9440
5120
147
4878
4165
7030
7771
396
5662
2079
6187
265
8777
7093
6290
165
2010
9793
4440
6397
4491
5635
8941
7254
2999
4296
8155
703
3035
6462
6982
66
8572
9765
5740
4669
2160
9935
846
1568
4162
4959
7314
3122
3225
4244
3349
9257
2780
7764
1691
5700
8725
569
9168
7548
80
3563
9312
1430
1866
6006
4247
3145
3684
7481
633
8714
8338
9688
3051
8253
4004
1407
2376
1095
9235
7466
4701
7632
9365
5921
1119
4503
8652
341
8571
675
4856
5719
5133
4350
2306
5309
7696
8594
6399
5497
3052
7021
2292
2615
8303
2186
6852
2656
9565
1023
3255
6434
1069
8241
3882
4414
232
4163
2632
398
636
8708
3535
6941
2049
266
4251
9320
2820
9817
1560
3794
8348
6536
3165
6538
2287
2171
3801
1009
9516
804
3831
869
7712
8208
1780
1504
27
3251
8343
5420
5845
3940
9028
945
3702
290
4554
1119
5048
8471
1919
751
2292
8143
8324
9540
7768
7902
1306
5022
7805
1213
2603
1683
9543
1771
836
5305
178
2745
2302
4265
1845
4654
9427
4702
5287
2721
6405
3925
5664
9867
4767
9801
7786
5321
7739
3179
7537
2698
8542
122
166
5978
7746
2340
3627
7784
496
5958
3640
3053
3128
2621
3162
3534
5920
6328
6217
8732
586
8111
1956
7705
6462
5270
1059
2568
3414
9148
4190
2458
1731
3276
28
7834
2448
7940
7365
2825
4529
7150
1246
9763
5028
2399
9253
2084
7439
2188
9012
2697
6363
9405
3390
9217
3317
4548
706
5969
7909
3139
6152
9412
6204
1637
243
2585
507
9179
5725
7714
4964
7322
9650
6511
3278
3915
1118
4970
8202
4445
2761
5062
333
5546
1347
1161
1246
3998
3874
815
5037
3463
9724
7743
7123
1200
9512
511
5150
5205
3596
2449
1784
5304
2097
9031
2654
48
5309
5640
1107
6930
7026
8707
8025
2008
322
2541
3287
4504
9562
9261
9655
7618
9013
2951
1484
7057
711
2691
3026
673
95
2928
5685
4606
9864
357
7651
9756
6571
2845
1636
4420
3219
4943
370
4044
7107
9582
2687
529
7920
9507
6635
5200
4431
4383
7325
1818
9601
7140
4700
9547
7135
4455
305
7044
443
4199
3972
8795
6670
7165
6805
1636
8717
2248
3952
8768
9355
1082
1304
2601
2018
2401
6462
7659
6719
1563
7852
7387
5503
6866
2996
9054
4337
6548
8693
5617
5214
2602
7648
5855
9060
2318
2802
5816
8821
5120
5213
8137
6298
8379
7813
5826
1990
8045
639
1980
6973
8244
5938
4856
536
9606
3327
3290
2969
3672
6870
7306
65
5601
9081
3491
6586
7925
4472
6059
9070
4073
7735
1988
5750
1886
9893
4986
5699
8961
9365
6539
2800
2313
4927
8120
6128
627
5843
329
8
8752
5370
7422
7507
8485
7010
5935
8107
5349
8126
1978
4341
9055
6896
2705
2515
2587
9908
6080
5565
2086
5579
6363
8042
1702
8185
249
7452
1237
5828
8504
2130
6485
6616
21
4915
8908
8299
9126
1274
4819
5406
4000
1765
9968
8367
8089
6086
4210
3713
1202
8124
7717
4854
1675
7986
9813
4264
2876
2298
5606
389
4715
6202
3599
3341
6996
586
4104
5646
1913
7463
7512
5967
2991
5999
6739
197
4445
8735
7605
1565
4221
1766
1455
5916
8219
6943
8850
6115
6706
8458
2224
2102
9093
8621
5421
8549
7359
907
9343
1617
9401
7110
5358
3285
6751
8303
5989
5161
2652
4982
5568
8155
1852
6895
8182
1966
8750
7023
1962
5153
2022
3664
4587
7975
7541
6301
9602
4512
9360
7081
5882
4387
9882
9034
2950
7684
8067
832
887
4564
5331
5621
5670
2301
7109
4337
3313
5743
4829
3373
6512
7559
7954
8398
9099
2199
7323
8066
4417
4976
1301
3471
9989
7237
5479
9989
5018
9693
9823
6992
6564
3291
8498
2308
9276
9044
8005
2871
7004
4844
3678
1152
9519
9978
1580
8876
3928
2071
40
2585
5263
8477
5546
4768
8025
9564
4932
6285
4020
5242
4640
3544
6820
7594
360
2240
1400
4351
3852
5000
1233
5109
222
2910
4120
6989
7162
5525
2501
5844
4996
7703
2260
3166
4335
2631
2494
9393
2237
2945
3222
194
4984
3859
267
3567
7004
5382
629
4920
395
5045
7596
760
9374
1621
1394
2816
1527
8925
2023
5452
4421
3378
4872
1569
7088
481
6176
461
9287
6073
2102
1685
2685
1693
6031
1896
1634
4538
2418
6196
3905
8455
9794
8935
9794
6526
536
8380
8949
51
4201
4904
6727
9045
5858
7891
3054
3086
7856
4695
3253
2349
1890
5097
7261
989
150
817
8510
3685
3695
8577
8484
297
7900
1106
7386
6222
2283
2707
8621
6024
8112
3032
1243
11
9057
7051
6408
690
8612
2123
7860
1612
3268
1414
8395
2972
2429
3125
2659
4597
1434
55
1557
788
3099
457
5712
2307
45
9886
1045
5492
7209
3238
7117
2850
4394
5877
865
1360
3648
2224
9492
9607
6828
7031
6078
5036
7822
4459
7361
6789
2626
1568
500
6923
9395
6408
9286
6498
8573
7465
1884
8638
4607
9119
8331
2212
149
949
2524
6279
7714
5877
3770
2968
7951
637
7939
7740
4618
9111
3646
3411
7428
1833
2124
670
4053
814
850
1094
5774
41
5730
4832
1279
593
875
8843
1152
6232
6402
4731
1088
5479
962
9531
9547
3775
5708
3661
5394
2551
7686
7586
3298
5683
2199
1153
8577
9545
1549
2153
835
1044
8880
2772
2784
2211
4496
7387
1963
170
7145
4115
6806
4395
9068
2660
9427
163
4974
3903
8023
1624
2038
2899
1003
679
3214
3713
6244
1455
5186
6281
6545
3937
9652
9087
7684
77
650
3307
8015
5071
4454
4050
4039
8330
9056
997
835
6026
5439
3918
7692
6265
6166
8175
2664
7563
6179
5552
3363
4810
711
5623
5402
48
8837
5632
5935
3204
1566
9320
7973
4522
2722
1512
9355
2570
2183
5484
3706
7068
9345
263
3280
8037
7236
2364
8457
6456
1977
6812
163
8971
1514
1918
611
3888
643
4491
4976
7402
8381
310
1393
9890
9467
6658
1206
6172
7581
74
4651
8967
6830
8163
8385
9483
6236
6883
8113
470
2424
1369
1680
2067
9940
8086
4940
9976
4576
1947
4927
3984
2375
2445
5855
7121
5414
4088
2903
1123
1551
4921
2763
5494
3814
2712
7118
1795
9589
873
3155
4751
5882
3396
3528
7896
7065
8769
486
3102
1000
4345
1966
2444
2583
4864
9521
5881
1346
528
8505
1926
5879
8108
8100
4710
2964
303
1801
9420
8913
9657
635
30
6639
2802
1903
8867
4477
3134
5769
1927
804
9962
9552
8798
818
8787
1980
3765
5650
5138
6328
3048
232
9487
4742
2786
1728
4612
8417
1059
4201
7533
6105
2701
8770
1735
9234
6389
6322
9325
2669
5963
8778
1788
6587
5077
1027
7400
6519
8382
5224
1410
3272
9886
4103
2972
7448
6634
4758
324
3409
3120
5059
9378
8148
5653
9598
5222
1659
130
8953
9161
5096
7727
1076
3898
7257
436
9183
9211
9846
5507
2954
1481
8764
4672
1877
9449
2783
2910
5528
7230
8431
7267
1377
5493
4879
8698
3877
2462
3716
7282
9290
1852
3418
3529
2701
1214
5461
4151
6931
9707
1259
5172
3180
3358
5303
8604
5638
6105
3920
9313
8670
1238
1485
5587
1265
4223
2295
7709
9686
392
3081
8145
9694
2032
2562
8618
5606
2761
526
696
471
7388
5754
5251
9614
2484
1158
243
3709
8533
3065
9299
851
904
6444
3573
7237
1479
8017
7099
4511
5977
5013
8112
9564
4062
260
7740
9088
7334
4296
3540
7058
265
396
679
2392
5309
885
8040
2167
1047
3508
8173
8070
2490
1948
4416
531
3211
6565
1349
2707
5351
9556
1063
381
7015
194
9289
6820
890
8673
3489
4084
5480
5237
7357
6848
5366
3567
2601
2992
1498
5478
3184
3197
377
6298
7921
7951
9739
7344
6731
2602
5948
9879
6734
6152
5464
3651
2652
6524
2777
5323
852
1199
5211
5955
1534
7151
217
4499
9450
6821
3930
3365
7862
6532
6172
766
7430
4920
1670
8235
8608
526
5267
9835
7370
8499
8442
7162
8882
6513
636
646
245
7342
4281
5828
4534
6765
1560
6675
1640
1454
1661
7937
7127
8787
8269
8020
5180
2423
6959
9462
7655
3801
465
3361
1075
3113
4618
6886
7256
2308
1288
5541
4529
5667
5127
8397
5186
8619
671
9267
8225
6001
7582
4577
4781
9333
1778
7888
2341
5838
1121
7737
4624
7117
2553
3906
8218
4399
850
3965
9591
7416
6798
5468
573
3645
659
8353
4187
9144
9772
1155
8562
9052
3514
1457
2689
8149
6598
9006
1738
7110
519
8916
1047
5491
7427
5620
3726
6087
9680
4904
4597
9726
8215
5901
2869
2442
7099
7997
4371
4904
5861
4940
5721
7434
8653
3757
8812
5260
9985
5529
9316
4157
9915
9742
3329
943
9966
1858
1633
6781
2074
3563
7511
6561
3443
6950
8549
5687
9732
2065
9059
8240
8353
2258
468
7271
7700
2968
4489
5838
6345
6645
3579
2456
2623
2936
4279
5301
1811
7641
6850
9069
8347
2163
91
6464
6572
6816
2262
2977
4490
6994
303
7147
5625
4845
4178
4048
6782
152
8041
3069
551
4911
9699
4507
1269
1876
8255
7711
6853
7533
4057
3351
6151
5463
5064
2559
7803
392
9803
3618
1530
9650
5219
4813
45
6386
142
7399
2092
2494
2800
4252
2760
8565
5955
5590
5209
6577
9371
8372
6048
6178
1776
8061
5975
9908
5564
393
7651
6282
9491
3553
4246
9827
6269
9016
1233
836
5429
3324
7746
833
4083
1847
1622
5090
9531
2690
5129
44
8165
403
2682
6097
1975
1659
133
2889
5572
1410
6187
5954
8130
2564
4843
485
8792
3148
9997
6652
9294
7104
4384
4258
2922
1818
623
2680
6466
4725
7193
4353
7367
2988
8870
1994
8331
4220
7746
3925
4974
1400
5723
3424
4768
2013
2917
7178
3524
5772
9518
4164
8681
8116
1574
243
1454
5707
210
1605
9297
9791
9004
7848
8784
3288
4765
9516
9287
5210
2788
7721
6376
2182
5931
1974
570
5814
9039
7709
4341
6301
9239
9622
4265
2033
6675
1469
8232
3506
8279
6778
1250
3849
7880
664
5719
3522
2535
5333
9127
1836
9067
5513
6297
5097
5405
9963
1867
3305
365
2701
875
4201
5211
3204
2649
2670
2039
7061
8605
7505
9946
7484
291
7221
8873
4882
7096
211
1595
8250
5616
6297
2768
3900
5175
8467
1098
4331
8208
7740
4268
6268
102
8594
2427
9114
9913
1064
1858
136
5648
3209
1773
4187
7863
3719
1437
7104
7863
826
328
9853
6545
3557
8869
7337
67
365
9235
50
4199
6154
3258
9041
8047
7861
9908
1770
1597
7771
2544
7045
1542
5085
8346
8611
9538
9073
6112
8077
8911
1695
7898
1838
293
4887
295
3471
9848
2428
8986
2960
4810
6859
6755
2707
3772
7164
2609
1037
4946
3194
5571
2311
530
601
8524
6125
6615
9849
2269
6322
5148
980
4064
6638
4493
7338
7328
4528
7978
7848
6235
3469
673
2857
7053
2635
7529
6911
4956
8004
8823
4683
5247
5050
4055
576
1206
1181
494
484
1459
1644
9339
6080
9517
9523
2162
2409
6462
6751
8005
5598
2280
2107
323
9381
4979
1788
140
3416
9604
7656
118
646
2571
3634
5192
5184
9012
812
9827
6861
1833
7023
9217
717
4748
8567
1298
7251
7364
3181
9111
2948
7472
18
7561
5268
6830
3241
8815
9573
6347
4599
4691
3198
6075
8933
3095
8876
2742
889
9244
1076
1559
1226
4421
3830
6585
8574
8679
5246
3456
6257
4244
8265
8554
402
9135
8412
5612
6529
7257
3272
2651
4376
8912
1379
7572
7121
2875
5320
8065
303
1219
6166
7687
9169
548
4317
3893
9891
8565
1780
1153
3994
3913
8970
1415
6792
8876
2911
18
2765
6454
4233
2494
2585
2115
5275
216
4901
5674
316
414
5338
6129
8615
9752
6839
9667
4176
5982
855
7998
294
457
9489
8285
1926
7822
6667
1477
8117
2456
2505
3223
9757
8810
3615
6766
7566
1132
7803
9809
2770
1150
115
5242
8206
642
8025
6214
5778
2291
1989
9036
3644
3009
4270
8416
5893
6818
2850
8967
4353
1147
4498
9606
9944
2765
379
3569
986
8527
9404
6418
4006
8807
4227
4673
6330
4512
2367
9371
5417
5150
3376
9254
1996
5357
4936
9476
7429
6932
8354
7755
2512
7207
2477
9290
9300
8250
4973
8462
5075
7843
2044
1755
2423
2275
9411
3817
9253
7126
3527
7227
3024
3227
3968
5297
4692
7805
3379
8565
1753
6579
3203
6506
4409
7409
1871
698
8981
3294
9508
4463
7265
5983
8460
8454
1802
6640
9162
5621
7829
2782
9034
9663
6864
9994
2200
6546
8065
6805
8462
446
7751
1948
210
6266
5112
526
4674
1488
7281
1685
379
9791
9214
2924
6185
3708
1740
3747
2982
6289
9948
5805
3563
5905
990
3049
828
3339
9474
971
1695
9792
2684
1857
9893
4082
4108
1200
5659
7373
4729
1586
7586
1381
7191
1249
8038
1451
398
9013
6137
3490
7295
7944
304
1304
3292
6457
1594
7389
8865
7447
2635
6712
3636
7133
4646
8134
8144
5578
8092
9319
807
9267
5619
3553
9127
7126
7984
3371
675
855
6349
4020
2753
1663
1967
1944
2016
1844
3541
9837
1476
3422
8096
6480
8542
9615
9864
5730
1015
6078
7292
8667
9954
378
1880
2066
1744
8656
4972
968
7845
3904
5369
2493
4744
528
1726
1941
4221
141
7749
4841
795
9233
8884
5422
167
1048
416
4303
4223
5957
6625
7196
1576
9646
2572
100
578
2902
3357
7629
8834
5897
4110
6218
1686
891
1722
5424
2184
1742
4353
1407
9468
7725
8439
5782
8523
9676
1443
9088
8735
3091
9830
896
2537
2962
1142
6308
3121
9128
3462
2886
9449
897
9010
9423
9039
8479
458
5207
18
4527
7931
6307
9353
9007
7327
6911
3437
4308
5536
1699
1854
3690
4482
4328
5686
8163
9278
638
2962
7553
7370
8940
7743
3105
7502
7153
8730
1165
9690
8936
308
6269
1102
1198
3540
1208
8878
623
4017
8187
8582
2883
4611
5320
5920
7104
3528
9432
219
7021
929
7634
1207
2122
3829
4308
85
7228
6584
2260
3439
1732
1326
931
2281
5639
4196
5276
4753
3213
7604
8711
7808
559
250
952
228
5267
3336
8130
9089
8429
7234
335
4409
8847
9623
4894
2956
1186
7473
4702
9058
2676
4388
1959
3138
1822
3404
9330
8423
1760
4145
9955
2306
1469
5188
7427
1741
3785
4816
6029
5215
5461
4182
6785
8177
8384
5020
9226
8929
6611
9183
5283
1278
972
7221
5121
4595
9323
6725
4577
1422
6194
5658
3778
4543
9248
1692
7420
4757
5110
9874
1648
5746
605
469
2131
2280
9491
7025
4201
2435
7932
1158
9500
3751
6473
6759
3163
2273
6252
9430
7826
9625
6559
2372
610
1486
6571
750
1585
797
2553
4659
181
6218
6400
7598
3170
9830
3774
335
9662
9769
1384
1369
9944
9031
7837
13
2449
2177
4794
6260
5252
373
7807
9412
6928
3270
7516
5626
1854
6244
4402
5755
8441
507
2645
9793
6771
4579
8882
2883
6514
859
9143
7264
4250
7100
4256
7136
1907
3578
7952
7145
8708
179
1157
2507
4890
1161
6276
7774
359
1241
9515
1243
151
2299
7270
6139
1077
4862
8567
6820
2559
2728
6907
8413
2661
6697
5994
5570
5661
1045
1229
6630
703
1575
5741
581
7256
6405
4229
8954
1045
417
4547
2283
3348
2373
1058
1713
4303
6300
284
8624
7860
8005
5610
7688
1065
7194
1575
4810
2700
6377
9513
6429
8386
5689
1661
8635
1341
1476
4919
8733
8480
1130
9645
7447
8572
8751
4433
1059
2478
5147
6890
9769
34
529
9237
9933
4079
6664
4525
2801
2015
6273
1149
8658
9945
281
294
2217
2770
8874
5495
6947
4205
2738
3849
4424
1288
265
610
2166
6412
223
3815
541
3684
6427
9365
3610
4298
8315
3291
2104
61
9681
7486
9171
1675
7458
744
8778
1426
6402
2661
7380
5904
1724
3901
4556
5832
6071
9996
4521
2592
6712
3705
192
4113
4222
9613
2233
2398
3752
3752
2329
3917
7693
6094
2466
6267
380
1609
3808
9193
7615
2012
126
5829
3654
9160
7229
7041
4928
580
7827
4887
2464
3807
8921
5312
120
119
7282
9741
5023
6558
5460
3182
7523
7118
3214
4031
8866
7583
7119
392
7612
386
1540
9393
717
6332
1638
8301
6673
8369
7924
9219
7340
2094
1249
3372
1577
8030
2114
7714
3035
7509
5736
5958
743
3879
3746
4202
9170
4196
2467
2460
8542
6442
8401
5576
6616
5253
179
4814
8428
3129
9005
9701
1101
6513
1298
5809
8931
3261
4089
8285
4479
8834
9066
1215
8870
5106
5547
1149
6147
2287
5379
9682
147
6783
8924
441
4732
4194
4273
7782
8898
4207
83
5799
8210
4787
4672
8480
1736
3548
92
1281
2463
544
5403
7951
832
2823
459
5271
5376
7275
5946
879
952
3308
3105
4177
5142
4303
2137
9325
7278
2424
6141
600
5292
5828
3820
277
796
1313
918
2606
2320
4834
2255
6910
2566
402
7988
2298
1318
1534
6775
6948
2487
907
2076
707
1061
6519
5552
1733
2972
8450
1565
7311
1666
2981
9414
1381
9986
1609
6508
7042
7366
6407
5570
789
2874
3428
4853
2490
7571
8173
6359
8988
1450
4143
6553
5969
2560
9441
7921
4901
6793
6097
4849
6446
5605
9881
6986
7152
8842
6458
5783
8572
2239
5626
181
1637
6427
4483
7001
3587
5927
9137
7744
528
5111
6958
7072
1089
9034
1328
4501
4760
1629
4570
9207
6420
9412
1277
863
2792
2713
2768
9407
8782
218
908
5965
2452
5335
4076
8728
3548
4910
1976
9035
5429
910
7949
9564
5219
4026
3015
5410
264
7375
4127
3096
196
1061
3721
7707
7800
1252
5559
1093
4837
3167
7347
4026
2289
1985
28
7541
6516
7151
1297
1092
589
5995
8617
4981
9491
7344
4576
8857
4385
9546
3179
8891
6333
1453
2192
2760
2189
1923
5674
6490
3925
776
214
4821
4958
602
473
9946
9287
5538
1582
8073
3617
1048
4149
3920
8176
7043
5392
7963
9656
5769
2831
6164
6724
322
6932
7902
8878
726
670
552
278
2083
5343
9463
6934
4678
6795
4802
1652
5339
503
5018
4977
6456
3750
7127
5643
2566
3948
5204
8488
706
9908
1672
1971
4649
2825
7072
2469
9047
4131
2196
3003
9868
4647
7015
4989
6276
4699
8975
4018
5585
2514
5836
2345
323
4758
7710
8329
2326
948
8658
6483
8239
7127
9660
2089
3171
7040
487
4681
3670
349
5848
5754
2616
5578
5220
4295
3013
6709
7016
4832
7398
7561
4601
2574
2051
3546
2932
9195
3133
1580
9127
3966
6647
4636
7424
8098
5489
4271
7542
3991
700
4780
4772
8990
1791
8083
7031
333
622
7991
1870
9366
279
1143
3627
4682
20
3419
6915
7103
8202
7385
26
5316
4172
5683
5761
8647
7702
5052
5507
3682
1822
660
6060
1790
7755
6841
2295
2650
3704
6606
8340
2884
1339
3200
9613
7305
2206
5739
8657
7096
7318
7013
3857
7080
3834
6310
1231
3281
910
7450
3192
6201
9239
4277
9358
5489
8218
6611
3557
4661
5693
2379
3793
7283
8733
3174
8420
7100
3968
3938
2424
5536
4405
4889
9953
7877
3975
2642
598
2595
9825
9642
4926
6405
2964
2295
9241
5229
3226
9571
7381
3456
3200
5814
7522
7983
3193
8538
8770
9468
9630
8661
5522
8451
1601
2733
2486
9516
9308
7653
7769
3710
3337
2599
6969
4951
1516
3485
922
9525
5517
5235
4155
5922
3223
8642
6540
7972
158
6667
2435
9679
2193
4607
6350
8662
1911
2034
3386
159
8931
2311
3036
3032
24
9139
542
1158
56
707
1127
5584
2510
3475
1557
5477
7215
6613
2820
3121
9409
1056
5079
4195
3277
1923
6477
4897
1434
8092
3703
6405
7644
8380
202
4344
1962
4236
3331
1158
230
164
2724
9024
540
1456
5089
4777
1960
873
4368
8225
5139
3006
3135
108
1910
3856
4320
1614
1977
2822
8139
4755
3881
3060
2621
9290
8958
9666
4671
1394
3070
4969
2184
4135
9927
9887
6568
5666
2929
9776
4841
8848
9075
2518
3603
7114
9768
7984
6026
4431
1414
8567
8868
7782
6004
6402
1988
2352
3620
7844
3620
3733
117
5154
2065
2679
3438
1180
4359
6891
9351
4256
8988
3198
1617
6931
8478
4716
7608
3294
7624
5368
6766
4116
4439
3607
8680
5946
2115
9235
9494
9903
1958
1769
7655
4915
9049
3100
811
4807
2054
7159
5215
2615
8205
4164
9779
237
611
6137
4408
3725
2278
5920
8398
4105
4557
6083
6231
4899
1680
9366
2151
2712
4754
5973
3190
9087
2548
1772
655
3907
6504
4272
7582
6781
4722
1957
9130
8721
7247
9681
6855
9881
974
5516
7019
4953
3150
1635
8253
1630
9962
870
3337
2841
1692
1542
6556
8851
3379
6773
4836
2163
6110
75
1309
8912
428
2154
4389
3364
3573
555
8856
1770
5467
5348
2744
8753
7118
8350
6430
6846
6900
9984
706
2130
584
8964
5006
2066
488
7567
3142
295
7261
3206
2742
8748
7064
7911
750
9174
443
2383
5928
9157
2005
1996
6062
5099
1684
5643
7566
2948
3351
3072
4806
7057
7570
1729
8411
1625
572
2752
5504
4028
8783
2376
4153
1075
955
7606
5155
7670
2442
1498
6093
1844
8654
2445
5520
304
4394
1838
6404
7652
5903
6710
5880
2521
4129
1788
7699
8030
2550
1200
9122
3511
8829
1454
6443
8050
5043
664
535
3771
1419
8036
2683
8471
4092
1330
6983
4769
5090
1686
380
1549
7240
5686
1994
1516
2111
3818
2549
4833
4726
4714
9003
8058
7292
3531
22
6892
933
4644
257
4004
8144
7641
5159
6735
1027
3245
7208
8879
8008
7148
7852
9969
9139
4742
2378
7006
6687
8925
3776
9734
3789
8810
8510
6450
729
5119
7689
8944
7827
3307
1336
8839
4650
4861
5216
9310
2396
7927
6026
6557
3015
3623
3107
5852
9456
9312
7401
6548
7008
9935
5729
8439
2936
9423
7345
2675
9148
4662
3684
1881
1287
687
992
3193
3216
5191
1609
1579
5158
2456
8356
6419
9
6582
7936
7655
7605
200
4752
2921
4802
5689
6193
3403
4840
6118
3113
3103
451
9945
2703
5691
9688
2933
4718
3359
5540
3276
6374
4152
7502
8950
2595
10000
3431
4712
3843
8227
5657
2726
1551
5048
5412
2195
4068
7836
3682
9727
6635
5511
4955
1544
1780
9052
6319
630
1706
2966
9358
6397
7508
3940
8761
5798
7474
806
2526
7047
2562
3832
6763
2286
5547
9893
9049
5796
7896
4261
1996
5378
3405
4345
2811
6832
3491
9914
1093
2542
1483
6847
3885
4909
3068
2698
5973
3280
6888
2743
629
2733
4748
2209
5107
2017
3404
933
8173
9398
2602
5857
5235
6539
4937
3579
8621
6718
6283
1579
313
8983
3988
731
5141
8786
1188
8482
2915
7128
1632
5778
1336
5241
235
1351
6305
6292
8186
322
8230
8928
356
5093
6574
4722
9311
238
5808
5193
8261
2727
5579
9946
8605
7841
4648
1298
9827
1969
3643
5132
7581
8045
8501
7390
1256
26
9293
8208
1576
3594
2347
9454
4179
5317
2050
9312
1524
4474
3805
1066
2660
8116
7386
1814
9095
6422
251
556
9057
1365
2204
7324
2498
7396
350
7527
2068
9415
1624
5570
1918
5255
7770
5432
3298
9102
4126
6058
4116
5100
2681
51
3136
158
738
5545
3004
1195
6348
8096
9699
6981
243
8543
5707
2663
5923
4061
7104
1766
4315
6086
2479
8392
5438
2468
6154
9314
9196
8164
1183
7906
5045
1749
2001
8044
1369
213
1215
5700
4024
3704
6161
2556
4343
7848
9321
7221
5499
8497
8362
5553
4491
7435
8692
7360
7773
2422
9288
7071
121
4778
9619
6966
2532
7736
5273
71
5936
5030
4368
9218
9307
8046
1598
9935
9506
246
2126
6222
1582
3518
4826
6073
2262
114
228
8286
5711
5229
4366
3599
7204
5480
4007
2540
7772
5116
3743
1977
1297
4026
5636
6674
6852
1996
2162
5186
3529
4395
8544
9848
334
9477
4150
6449
536
4663
6648
1372
2601
1359
6266
5226
8877
7191
9111
6975
9239
8908
439
5235
174
2511
7644
3700
994
9183
3858
1773
9102
7602
4758
6149
7878
4916
6768
8069
7189
145
1936
4803
4910
5769
8849
1740
1389
4294
6198
1578
6100
4264
8583
9728
4683
5240
4283
9586
3329
3647
2276
3582
6071
1859
4266
2850
7682
9671
390
1588
9151
1871
6107
8212
2050
4709
7961
3375
1105
8036
9499
2395
8631
6412
9904
1923
5805
664
7058
7907
7023
7563
310
2235
1960
4024
2884
9583
1649
1272
9889
6794
504
9487
1251
3099
6415
9145
5931
8193
9848
6024
139
5153
3407
2997
9387
7485
7792
2109
3405
9209
6860
4303
3995
6772
9543
8432
1954
2501
4027
3013
5947
2484
3648
4768
4233
7305
3314
2906
7753
3424
2070
2054
8217
9148
9949
8727
5997
1788
3934
5766
7711
8028
5667
6922
4166
9280
3366
8053
4075
5687
1187
7747
3272
4953
238
7233
76
9382
1498
512
8482
6812
9503
3236
9743
1737
5685
1331
4612
6846
486
5352
6393
1301
6918
4066
4512
9474
2973
5932
7735
9618
8452
8611
6575
524
9993
7920
9286
9982
4638
4110
8966
1356
3846
5805
1460
407
2789
7721
7538
9209
6215
3856
4124
6931
3782
3836
6013
8364
9005
3278
4834
3564
2039
4513
7725
1734
1233
2497
9806
3570
5473
5940
18
7250
7675
8905
5073
7400
7683
4627
2632
5278
6271
668
9522
6728
4005
21
9138
4471
959
4594
1553
296
363
6522
4579
9412
2840
9336
6455
1762
5713
1034
7527
6416
3013
3965
5272
3689
6727
6124
5806
8771
1558
4728
2605
5351
6307
850
3862
6078
1031
5477
5799
6850
7128
2465
1264
2945
7217
6469
1196
3472
2004
7863
4024
830
3282
6922
4331
8622
1099
2801
3264
8077
8448
3218
4476
1666
7697
5954
2097
8736
3296
5111
9340
3543
9850
2717
6548
5213
4324
4922
256
9151
6754
9857
7311
8760
1780
6569
583
418
6602
7695
422
8592
8078
2249
5130
8436
848
9938
3608
410
8676
9406
200
3086
4401
8536
7382
5184
7234
1146
8447
9028
7760
4465
4787
6530
3789
5953
5557
6720
9415
4813
1782
8416
3666
9052
2821
618
184
8088
9682
2422
9918
7477
2382
3775
6159
6791
5316
6085
1560
6019
6797
4109
6296
8201
981
1974
5291
9668
9155
2614
7930
1006
9785
3868
5768
6700
5188
1194
7122
9612
2706
1803
7482
3898
3580
8950
9497
4141
3865
7576
1587
8800
6964
8335
1396
9570
5836
5176
4980
1461
7691
6665
352
6232
9129
7203
3941
7801
6768
510
7483
9037
2891
9361
3503
912
2865
806
6104
6746
550
9334
3676
7803
904
2951
2026
7590
1303
1351
4670
8967
3248
7348
7707
9018
1165
8843
4811
3425
2616
1728
6887
7430
2858
1590
4916
2581
8306
6108
2415
3471
664
9019
1645
4238
1072
7653
4520
8497
3580
5380
5019
265
243
3847
2002
2287
4825
283
4637
8940
6767
982
4577
2489
2509
2735
4991
2928
4441
1417
8748
8306
9387
7732
4970
2155
59
7066
5302
1515
9674
955
577
1145
7854
3171
1986
9387
9048
8202
3164
2391
9765
403
386
8057
1360
4363
3672
2418
4962
4899
642
3876
8020
3930
645
7377
582
9995
1763
208
158
3057
5186
2532
392
369
6485
7327
7844
3167
5956
4579
4890
7825
4671
3278
7502
1665
4682
8257
339
6640
3633
9833
1454
691
2598
5253
8464
6367
3014
2048
5259
3570
3588
6729
5081
4889
4932
2082
9793
5133
7226
4421
5102
6229
2245
4900
386
5211
258
3606
5883
8133
4531
6903
2028
8293
5131
9556
8254
4676
6870
4082
4092
6939
9527
4622
8664
6173
7713
1431
1265
6475
6764
7837
7103
7027
8827
9578
7095
3816
4160
1500
9579
9204
9020
5786
8009
8612
3187
7340
4887
3110
4990
1068
1134
5867
3832
4582
1785
7467
5231
8762
8970
765
1697
7447
4814
3460
2443
90
2475
7457
9510
9211
3626
3298
7122
9839
8977
8409
3496
2140
4881
594
8815
5422
9751
3248
1171
6693
9504
4869
9170
5466
278
9401
2822
2458
2598
8361
3997
9514
3351
4167
3066
4718
3958
470
6226
5857
3025
9440
509
5997
5948
8826
8245
2018
2734
2188
1429
4221
806
921
4867
8110
1239
8628
1099
1487
5419
7293
1488
6997
7648
8323
8518
690
6436
2881
9526
9103
8360
9036
2334
4218
9951
9084
7769
4913
8339
9462
2977
4861
375
7552
2510
5612
1295
4976
8604
7018
9290
766
5477
9031
1443
790
2305
5298
1602
9649
3962
7826
590
6376
3409
7166
3907
2959
4337
8121
8198
1417
2907
3955
4965
197
1813
4439
5118
2168
8026
3112
493
3687
7746
9590
4487
3188
3021
7679
8072
8856
6989
9739
2619
4184
2533
3701
3084
6399
1941
2803
3080
6416
3433
1113
9096
4785
5301
6956
9316
1891
113
1485
2177
2955
1287
5981
1780
593
243
7378
6411
98
8225
1486
2039
2970
225
8770
4065
27
879
9257
172
8894
8137
2747
1675
5521
25
8927
146
7534
6894
8042
6886
5412
7448
5007
3800
8844
8895
1902
4078
6860
3895
8047
7960
1168
2347
592
405
9077
2562
5755
1332
1759
4675
2696
583
4544
7212
8961
6345
1266
4404
4506
9852
7770
9957
5345
6511
9651
2868
933
9683
1691
4689
4467
396
238
7104
7183
593
1649
6791
9751
5050
4999
2040
187
4564
1865
1436
2564
7596
3849
576
6824
9164
6136
9656
1481
5309
5578
7532
4205
716
9711
7994
3067
2974
7116
9124
8887
9488
2833
1721
2111
7283
9010
4759
4753
5753
6187
5143
8041
4858
4901
9229
8356
1968
1375
8421
6552
8195
9490
7785
304
3982
8761
1317
2064
1013
3138
1247
4746
6288
92
7447
1792
3417
2020
4056
225
1092
956
3612
3322
5709
7279
2985
1998
777
7212
8668
432
8817
6447
2557
7017
537
2448
1774
9762
9433
7115
9600
1864
7644
4165
7769
4967
3572
2424
745
193
4076
3592
9685
6898
8680
6756
9418
2519
2044
6284
3544
3963
8458
5476
6654
2402
5482
4448
7831
5840
2993
3307
149
6750
1582
1079
9434
6864
3845
1093
1409
9617
94
4793
7798
9674
1794
5071
6055
3925
2653
8319
5987
2856
5739
9274
1787
8487
1260
6555
991
2487
776
2760
524
2131
3520
4579
5729
2487
1146
1054
5898
1987
7318
9993
7023
767
4833
9587
9025
412
2378
4931
3614
3264
8705
9775
4070
3554
910
9285
6944
4806
3009
3978
1625
4540
9976
8834
2926
5320
6066
1566
8581
1241
4471
5015
3390
3050
1541
1504
1519
3282
1899
994
1929
8
364
9756
600
3857
3849
6392
2240
5983
397
7274
137
5648
6071
5307
6305
1369
9149
253
4408
2166
5777
7014
1813
5511
4113
2666
4071
3975
5994
2554
857
339
8599
8322
9002
9920
3371
9685
7203
6486
9023
9368
6807
8111
5806
1273
5703
5960
7537
4058
5299
1868
8600
3475
7717
5081
1804
5719
8246
8854
4040
8261
6297
5902
7057
2092
8018
9908
2158
2164
1566
7480
5731
2821
1741
3808
9816
8847
5271
1297
4172
5219
9961
51
8120
6135
3972
4836
9905
2349
1373
6413
8610
9021
4338
9377
2902
9590
5562
3908
2084
6013
2577
7669
7201
6045
9588
1313
78
4570
2058
2404
5841
568
7522
2709
4160
9991
8656
8501
5352
6124
7048
1344
7448
850
4840
1929
2520
4913
4686
1894
7735
3045
4259
8941
8883
6582
497
8292
8888
8934
5551
6674
1003
8720
396
6705
6736
1361
5844
3474
7587
6016
3384
4421
2383
3762
113
4037
1253
2577
2206
2180
2059
3029
6585
3643
4274
8535
2315
6548
973
6783
5381
6868
5685
6378
7807
1200
9974
3529
4465
574
5789
6075
9312
1950
3622
1079
2951
9517
2162
3404
5648
8285
6786
6561
1344
5585
2653
9974
5906
7979
8472
6448
6659
2071
2926
2018
2872
344
5174
3459
5406
1028
2111
6508
424
2119
37
6874
928
5096
9956
9198
7114
6656
2256
650
4936
9305
4854
3981
6133
7651
5142
3115
5399
1364
5946
6477
6027
5819
6966
2423
1009
242
1930
8489
1383
3205
9027
3508
7111
2640
517
7528
7649
7742
7435
5101
5589
704
469
1404
7069
5474
8353
7379
4228
5909
5645
5719
1439
5097
6857
4700
6432
5379
2034
5236
6090
1290
9719
7858
9763
8611
6461
5847
771
1937
8482
5679
9388
4356
1478
9894
5030
3962
6013
8190
4691
3272
5427
3847
6630
9457
7835
9465
4255
1257
8511
7557
8740
9764
624
2837
9847
7212
8763
1899
7500
7687
5337
9174
6547
791
1506
8223
2757
1049
1054
8468
6234
286
7704
2876
654
3473
8088
9649
5946
4448
6862
5743
2258
7777
3765
6110
7240
8928
6892
6088
3385
6293
283
407
7525
7725
7638
2003
3267
2922
9273
9351
1890
844
5248
279
4243
1100
7559
1168
7289
7176
8322
5404
2348
43
7072
8970
9571
2937
8317
9014
6674
5648
5104
2263
4132
2509
8381
5845
2766
4682
8937
863
610
2988
9779
7502
9649
3618
1009
543
8017
423
5346
2750
8746
6231
9653
85
459
5579
2294
8085
2094
3636
2749
8019
7616
5759
8742
9624
6955
9725
9748
2851
6718
4420
173
1682
8663
9810
4789
9818
2318
1450
7024
2825
5811
6827
9995
9180
4615
3389
5708
6423
92
6568
4644
9683
4834
3095
6317
4828
9026
7954
9626
8931
2130
4851
4559
711
2900
4522
6907
9478
9726
5999
9736
7499
7777
138
7977
9073
6912
3747
5261
4843
3251
6552
9647
5928
9013
6510
8688
6822
591
2653
2622
2889
2798
4169
4043
1220
3785
7867
4222
9107
6405
7814
5777
9338
9527
127
7800
5928
666
8530
2411
6645
1343
5659
9235
3872
8797
6883
8210
7716
846
9080
1036
7821
7239
4384
4668
9486
9966
7421
1751
6431
9831
8562
9027
741
5043
4861
9197
3804
7667
6079
1034
7083
1522
8375
7252
5517
7421
576
3413
7440
3284
2959
987
3897
4932
2108
7485
9154
9476
1689
716
6433
4119
3080
1995
283
125
8602
4485
1480
6310
9335
9198
8468
7894
3397
1199
5287
9225
9608
4131
1916
1132
7669
9125
4392
4578
3273
9212
4870
6503
5110
7771
6895
434
8062
9109
535
9380
1005
3835
3329
7032
8260
3136
1530
2224
5392
8411
5434
2911
8132
7279
5122
876
357
141
6934
186
1789
3634
7582
8072
2980
8594
8115
4130
8433
3443
9697
5840
9443
5096
4254
1312
6056
4006
9578
4714
7493
7032
4433
6094
2127
6537
4772
7587
6781
6267
8986
2521
4956
5623
9477
9512
4013
9865
9695
7775
2088
5785
6173
2049
7263
4235
686
2995
8219
8296
1761
805
6376
5654
9893
2270
8967
7705
8410
2604
3991
7885
4429
5403
6713
5116
8335
5701
9185
2801
1997
7056
4282
4065
4282
8893
4474
218
576
5355
5479
4502
8960
4277
111
3783
3871
2561
3857
8013
469
4019
6880
3875
9205
9543
4506
4738
5690
2161
1804
8559
8638
52
5538
8182
3076
2213
2800
7742
7618
8805
4142
9891
1929
8456
2330
4411
1629
5198
7017
2296
530
7276
7572
4582
1030
5736
7994
8407
6338
5738
1628
8555
8175
9969
8858
7835
1844
3684
7944
1555
2254
5033
6565
4298
2954
7142
8055
9680
4799
1318
1292
5628
6177
8715
9534
2023
9473
9757
5282
4704
3082
1676
6512
3715
3131
3221
4622
1969
5287
3461
6132
7315
3722
9978
1372
1054
6713
4480
5083
6243
1055
4603
1107
6114
8129
3131
8154
8796
3672
5256
5995
3302
5343
7904
1185
1637
3848
8174
6831
3711
5344
844
2848
9909
5772
5467
8926
5846
8072
1674
6577
1952
8159
44
8801
8
9490
9944
8788
5154
657
1374
8344
4168
6525
677
4605
9914
6532
3165
4429
4549
809
7398
7336
1326
936
7201
8274
51
7107
4018
5389
909
3867
5216
2729
684
5525
8798
6324
100
641
5809
6025
9550
868
1458
658
8193
1241
4424
1012
6521
8265
4704
6916
6021
2218
8080
5555
6060
9715
8169
5667
9689
2609
1142
9468
7336
8308
4874
1340
2579
1030
7287
1356
7301
8122
4082
5036
305
4812
6969
4405
2341
9414
3851
4619
7334
2316
8793
8301
979
8500
2578
9583
4298
4912
2141
5731
8949
8953
1320
8306
7791
2000
269
6078
5569
8768
2740
2716
8643
5173
4915
8505
4651
9323
2145
7739
8164
9670
2339
6670
6969
8889
6481
5039
8535
4004
3827
8575
9779
8092
9504
3541
4366
1004
8310
8922
4400
1078
2852
4433
6618
4073
1443
2464
7510
700
647
8296
9765
2621
781
5721
8804
6448
7852
2748
3558
3449
2570
6267
5339
9448
5306
9014
9021
1436
2182
2137
8107
635
9
4237
474
6934
7528
4372
8760
1335
8169
3689
6999
3727
2291
6802
8767
8168
3394
373
8992
2829
2297
959
7268
5634
6133
8991
9614
916
6350
1260
8273
821
1079
6243
1812
2579
6289
2293
6610
6599
7377
6163
1899
50
8550
2852
4546
4169
3408
7369
4872
5504
4056
7808
4747
8347
4488
3937
5208
7456
4063
5669
8703
1059
6260
6468
7232
4578
542
3013
832
2972
6292
1989
9646
4112
5457
5031
6573
263
6031
3777
646
2262
4821
8558
2255
3313
5421
4246
4794
5663
3277
8387
726
2732
5055
9454
9940
8508
7834
3428
2616
2358
6814
2024
2667
7747
5425
7707
6008
8437
9123
840
206
6893
2181
134
8718
1756
321
5679
432
2002
2969
1323
4267
3313
6363
4361
6942
2265
2386
4160
4787
4987
6353
1136
8575
5992
3034
7204
4591
9609
6335
6086
6723
1960
8191
7860
8975
6447
8026
819
9532
4694
8632
7164
1326
6608
6203
4290
2837
6382
6886
2938
455
1
5724
4960
6904
4298
1231
1131
2430
7940
351
2587
1150
8735
5666
1454
2767
525
1950
8885
9195
9899
8305
9851
6598
8060
8955
6059
9787
2281
2715
9711
8944
2497
8414
7860
4580
3838
5558
1452
7073
9496
3772
9151
4530
15
1127
9591
2363
3211
4670
1394
5804
9522
3769
1134
7197
3658
8566
3391
9235
555
3131
5691
9007
6611
7210
2549
9289
4790
3783
5751
7713
7348
6821
9077
1257
7956
4330
8893
4792
1231
1936
275
5798
7816
4191
5386
8862
5101
9360
1190
9237
6830
9292
7639
3722
3974
9155
9877
5171
6523
848
8622
8873
1584
9166
8470
920
5326
4681
7457
5778
979
4069
9774
2764
1171
7250
3399
4661
4266
4303
270
2610
1920
7133
1480
3362
9188
9849
8051
1440
8315
1404
9624
8419
4474
6980
8129
944
8583
7699
4990
4735
1860
8169
1259
1643
4245
774
8233
7627
5750
3212
1575
7068
2622
8664
44
7867
6437
685
3444
2423
6256
5251
9165
8887
717
8038
2521
9203
1764
9788
2794
3696
566
8458
2340
6483
4968
3743
5227
8222
6752
8307
5686
2900
6338
6612
1818
1596
7276
3322
5878
9347
4391
5116
9200
9264
4654
5157
6187
4857
8611
3695
622
8959
9474
2057
6022
1169
1005
9766
8237
9506
5282
5236
459
4200
1075
3547
9492
6614
6863
9532
7751
5249
2392
1156
4704
9171
2316
539
47
829
9396
5234
685
3615
4111
5058
6254
490
1543
9942
718
3350
9071
7822
2031
8316
1990
7651
8520
8248
891
5096
7498
6684
6965
9319
5049
1370
9250
1381
7816
7865
3657
2450
8677
5359
2597
6398
3595
4132
8719
143
8226
3275
9973
2628
988
3961
2218
5459
2938
1052
4076
3311
6697
6421
4662
5105
8197
7387
7811
6803
6725
4408
7440
8787
4269
396
4559
9829
1377
2283
7085
5465
144
3502
7408
9916
3804
1605
8869
2107
1716
2809
8358
3456
2232
6809
6460
3855
6611
9300
3551
2770
9679
2590
4560
966
9754
7873
2797
9792
8763
8024
1793
9643
3315
4247
1805
1795
8528
7534
3143
2210
1016
5386
4508
247
5009
4516
2503
6307
3867
1452
435
6995
311
2243
381
2489
6120
1566
1717
5416
5602
5061
9135
9522
9407
3905
5343
6306
3447
5067
9421
1813
4373
1745
1786
6170
3332
1310
1568
1053
2225
1076
7568
3399
3640
921
1673
4241
7904
1199
7523
9494
2076
8906
3670
2829
1303
5183
1553
637
933
2163
9406
6449
8979
3161
4341
3217
9567
8849
6026
1936
8976
6760
1787
4005
5188
181
5483
4361
859
4725
909
5972
8704
2411
9175
164
690
7832
4061
8554
1965
2892
2134
8498
6435
9994
3047
9703
3636
2965
9523
4936
3179
5216
4461
6404
2885
9373
2800
8863
6367
4823
5312
7627
2026
8392
6913
1175
444
9630
2129
3233
7744
2429
6561
4015
6814
8175
5432
4118
4018
3177
3291
3398
4324
1945
4259
8139
3278
4781
5238
6219
7500
3311
2840
7361
1933
6139
8530
2141
7528
4280
9276
8812
2696
720
5412
5180
7584
3411
7758
5072
6289
2985
146
1899
4173
628
9917
2073
35
2997
622
9971
3537
3806
3361
1975
6072
8164
4678
3867
932
6164
6071
2405
9241
1848
6978
9797
3719
1808
1165
5974
1031
7772
6976
5632
8851
8547
3746
6624
4941
44
575
2968
6471
4486
9892
1939
8202
9999
4698
7294
6046
7974
5720
1305
6046
8608
8069
7962
4812
9241
4658
3241
2141
7405
9301
8020
6870
9650
3647
5817
8370
1042
3283
2382
77
4044
6036
82
8488
3169
7989
5180
9298
5048
4027
1234
4545
2772
949
1614
4792
5538
1719
1990
6222
8168
7161
5489
4926
3981
5150
2135
2402
5864
8394
5816
4657
3968
6352
4625
4928
8852
701
8391
3662
502
193
2892
8679
5817
5973
3995
1386
3571
727
6249
9463
7582
4883
8000
880
3206
767
8620
4081
3696
3301
2895
3548
7353
883
9755
7165
4341
5237
4525
6343
1681
997
678
7371
4022
6003
5968
9280
9147
3319
2039
3838
2066
7837
3810
7425
9346
7626
8043
5457
2957
2216
8940
6822
9620
1907
452
2665
434
3016
5334
8903
1592
9539
571
4383
9470
9373
5880
5634
7033
3581
6385
9938
1036
4411
4274
7027
6923
9837
3789
5232
9466
521
3965
1817
2697
8990
8369
5813
1639
5335
8461
3099
2813
4008
9943
3505
7033
6653
5471
5112
6029
9010
726
4848
3079
7300
8817
7466
9856
5831
6988
5678
5307
4438
3902
9438
4602
633
6459
1560
7150
3053
3817
8605
4812
5759
3154
5727
3647
400
3354
1418
4753
3085
2272
4480
8395
1997
7255
9200
4800
8268
246
9130
9570
467
1006
4462
6940
7439
2574
2971
1868
7076
8229
5989
3977
1699
8134
2430
2020
7599
1607
1973
8591
1388
6889
8220
7376
2071
9712
5920
3821
3505
8528
6003
3638
5050
1494
1396
8138
8297
6486
4319
7142
7291
7174
7620
9478
8393
810
5603
5711
1999
7495
4567
4246
9833
6058
8019
2911
340
6452
8851
7737
2067
2550
502
5902
9701
4968
3688
1541
4570
6168
6064
8673
3799
7906
3895
8038
276
5592
4643
252
5917
6540
4710
476
4316
3955
1055
4457
9632
5574
5392
4363
5813
940
8839
4906
3066
6440
2816
9398
5984
7228
9758
6553
4505
4757
1356
2955
5355
881
5844
5210
9731
5613
6863
4658
1498
964
6580
2096
1388
6256
943
8215
6213
7747
7063
4506
8298
1429
677
8108
4619
7420
7072
7527
7627
3244
3554
2782
3125
5069
7314
5860
853
5276
3803
5094
9206
6252
7710
4259
9934
5745
5227
5504
321
3935
3959
5084
9799
1499
2639
334
3317
497
2711
1090
4815
6435
5010
2772
2739
3562
3596
1177
7335
4336
3588
1022
5716
9331
2440
475
4276
646
9570
1118
4326
5611
4040
4473
7091
9327
693
9996
4799
5642
8969
8269
2356
8849
8672
3476
5352
7197
4217
5129
7039
6034
7090
8284
6143
7186
9602
1833
9518
9816
2832
5991
4932
2276
6327
6017
4225
7885
3201
3449
7829
6281
8023
6386
7068
5310
6028
8295
6882
430
8028
869
151
7862
1544
5696
4101
647
7033
4337
1062
1213
1442
9292
2917
6884
3038
3533
9492
2358
495
9360
2803
6738
4330
5633
5870
5673
7661
4639
5365
7594
1504
2300
6292
7094
7088
5756
733
2740
7662
2405
4538
2620
3574
2816
2915
5985
2863
5994
3649
5111
8718
5499
3469
2777
4451
9128
4610
1142
2072
4629
3541
1510
1815
7492
1262
9179
7485
8654
8804
8820
2429
7457
7759
5762
8811
1974
2372
3804
1605
3802
9196
7977
9976
4622
7979
6956
8530
5677
1775
2727
9420
8539
1004
2239
8464
1610
5078
9058
7721
7787
4314
2983
4695
7239
3384
4567
7398
8655
9708
2620
5494
8732
5837
4922
5847
645
655
6772
8439
2280
2158
4135
806
9455
5581
4033
9875
5148
4383
3269
6350
8200
4876
1523
211
5510
8835
3342
8073
6930
436
4255
6939
7482
7880
4917
1296
4445
7932
9599
599
7617
4986
4342
4235
6801
6080
7601
3761
7477
6090
4124
5868
4731
9965
7048
5568
3199
8013
3689
6207
2352
5903
2147
4427
2881
7483
5270
7811
3304
1343
5883
9663
9387
2298
3238
2167
7153
3990
2199
4030
8149
8186
2889
6774
5797
4874
4594
4143
2906
6998
9813
8473
8100
176
8578
5567
9670
2609
1072
1234
7008
8304
5602
8586
597
7192
7545
8382
2176
4111
8633
6133
8818
8385
1403
7630
3607
6074
836
5150
7110
1142
4096
8847
900
6322
3147
9641
9609
3412
7448
4472
2215
8938
6018
4844
217
164
2432
1291
7877
7979
5453
9213
9449
9450
6420
4557
3601
6112
1987
9292
3582
1644
7336
293
8830
3029
9731
9652
4318
2439
814
8791
361
3318
1269
9232
7893
5896
4818
4588
7757
3003
9798
6275
3927
9215
4826
235
2646
8544
9060
7233
2088
1191
5831
1354
1564
1833
4865
674
2977
8617
7904
4143
1932
8566
2911
1656
202
6993
556
7474
10000
5008
1990
546
3192
1230
3580
6019
4384
3413
7040
345
9411
8203
2065
6298
4457
1168
1316
3217
2557
426
4765
9475
4260
5397
9998
8739
5313
876
5892
6123
4795
2003
4460
2531
8217
4813
3648
5487
4798
9040
5849
2869
8446
4829
8160
5245
51
8236
5238
7742
9933
2936
5792
8844
7204
126
7871
3535
6499
5990
5563
7367
2325
7396
7149
6035
8025
5700
9121
2098
8562
8502
7372
5805
3656
1662
3191
9426
8344
498
8329
5400
2775
2425
8059
7056
5375
2837
7207
9915
1877
9177
798
5085
8253
1897
6401
5328
5055
2704
1735
4414
7447
8760
193
1641
5246
763
6077
5911
3522
7345
2411
6029
9552
5438
2791
4964
5752
1395
3044
9708
7390
3016
2295
4740
7296
9590
9511
9938
1822
848
2301
1107
1445
3540
5332
3560
324
8627
8472
7463
8439
2271
3996
6447
1571
6177
8304
796
8716
9303
9680
7245
383
2381
5716
8659
9912
3695
7781
8187
4074
4101
3196
227
3988
490
7972
652
1056
2878
7116
6296
2444
4497
9585
619
2231
8879
9262
3049
2842
6575
8307
450
9761
5376
3243
3976
7838
1742
9894
7216
1218
6687
9937
2188
6980
3553
8704
1782
2038
7995
9487
8066
1771
9705
8263
2979
8952
3373
1226
8927
7049
415
7152
9918
9475
7816
2205
2494
4108
7219
8831
8702
6348
5402
8108
2032
4186
2442
7632
9847
465
2738
1010
7392
5454
9776
2727
780
433
5264
44
6175
2711
7205
431
3398
7669
8386
2399
6096
6240
7570
6115
7760
5918
1376
7869
3976
293
1010
849
9618
2858
115
437
304
7084
3996
7047
4999
7062
751
4145
9017
120
6416
3311
3700
2382
4616
3712
8097
3267
901
5791
1738
9141
4655
1742
8899
5764
7722
9317
7256
3287
1738
365
3605
6977
367
5517
2340
3540
630
5025
2828
2173
4331
6460
5077
6870
1127
5462
2677
7476
6444
4435
8980
9618
6627
8875
6498
9295
7596
3171
3868
9237
3042
8673
1955
6190
871
7206
8968
383
6798
6730
472
961
2987
221
6921
6676
4200
7343
733
1799
5283
5228
7192
3663
9365
4832
2207
3046
778
5142
5063
1860
4987
8315
6211
805
6273
8832
7822
8222
2601
277
5386
4313
3432
9607
5313
1047
2578
7877
2249
2041
2159
7520
9044
5861
2942
5345
541
1412
4152
9205
9659
332
3675
6657
3285
1546
8475
2870
1183
8898
1879
4021
2431
4563
8743
7047
6627
5402
3878
6784
4132
1938
1597
2981
6716
2765
7428
7526
5997
4254
8527
9321
4494
2236
2263
1288
8589
1099
2336
692
169
3201
8116
9589
9084
6475
8541
5286
3762
5838
4008
9292
6147
3655
1015
7629
6273
9560
8254
9493
5940
7951
1309
1163
4516
2239
3428
2753
2870
8885
691
397
6404
6786
7213
3275
1921
9516
7001
9730
7997
9199
6267
9751
1207
2920
3761
2303
5190
6345
9599
9496
3615
3082
4271
6678
6261
1390
4536
8309
4819
9920
7497
1090
4816
7224
3381
5489
5123
4204
1550
4365
3010
1922
9838
7235
946
6201
6775
5806
3578
228
451
2245
1726
5551
4760
4175
5346
9880
8966
9207
516
4683
8879
9911
5343
1402
1736
9508
2511
3044
8247
5637
5075
5203
1121
3816
3134
6702
1889
1419
2377
3037
7709
3899
6846
897
7449
1350
4387
1274
5371
3284
458
2038
3769
399
477
2455
1823
5441
6734
9290
8851
5483
5811
5193
4395
6140
8662
7503
8953
2384
9328
5739
4800
9986
3882
5960
1907
538
2123
1734
4755
7340
3291
1777
1707
9812
6215
5195
6346
6116
9104
8030
3317
1911
9171
9900
6407
5536
325
9337
8461
9648
887
6481
9118
7466
5099
3666
9584
3791
1780
7899
5021
6583
6933
9825
5573
5848
5251
251
1671
2864
1730
97
2779
2262
4957
1446
7101
8926
3432
9409
961
6246
7108
6618
2717
9586
461
3298
7637
1620
9922
275
4118
2323
7558
8741
8695
6316
7001
8144
9444
8718
540
1169
7960
7612
1236
536
8676
9238
582
4917
6013
8124
9325
2605
7944
7448
5111
4621
9518
5780
5157
5438
6505
1192
9416
9940
6656
6990
8013
4061
5301
2867
3645
8030
8308
1131
5100
1461
3776
9630
9808
3106
3417
5002
3108
7338
458
2032
652
1105
6382
3039
8010
2512
3590
9590
4384
1222
6577
2752
1017
1664
4113
9548
2018
333
8815
4426
5302
3358
9156
8953
5433
7565
6293
1536
8868
4847
760
8084
7839
263
6109
6622
9318
6119
7213
4747
5532
3004
4247
1455
8363
7700
85
857
6717
6333
2754
6160
8886
5714
3857
6838
5862
8793
2360
6542
4365
4677
3029
8629
5079
1336
2575
2331
5917
1689
9229
394
1449
4424
123
7772
7901
1085
7024
4010
4380
965
1400
8753
1969
9102
221
6592
3045
5121
1549
6563
8286
4335
309
1582
211
6296
4301
3986
5532
5059
5126
8614
2068
6586
3096
8584
9098
7561
9432
2500
1548
7945
6089
2087
628
3516
8865
2456
5395
9813
5557
2746
1763
8390
3260
4395
1152
2295
5458
9598
4045
3602
8809
9749
2930
6362
2881
4621
9317
121
645
7657
1684
4775
8715
2879
7636
8044
7985
5954
9734
4345
4375
9447
1681
5127
454
2635
2972
6087
5509
1019
4827
6139
7024
3606
985
8082
3247
7117
8642
7938
9831
8568
5320
3020
8090
6389
9059
4687
188
2105
7520
6992
6246
3661
5595
2024
9124
9047
6654
8389
2015
9846
4146
7611
6114
592
8423
8155
3791
5036
8843
4290
9115
9897
8955
6837
1426
6369
4045
8810
4921
822
3934
9562
9011
6519
7861
7924
7318
8161
1086
3890
7605
1395
7261
1252
4078
3182
2709
3497
6954
9060
6641
5293
1024
870
4542
6298
2804
2183
1817
8488
5647
2907
7944
6247
7488
4907
7945
2037
288
4262
1549
6767
9385
7813
3346
8639
3786
5623
3117
2708
5701
5343
72
7764
6711
678
9371
1513
4394
7024
749
9930
2474
354
2108
7978
8591
3353
8953
2406
3176
7649
323
3846
3067
1062
6728
7030
7765
1026
3112
9185
4810
2822
99
1812
1418
9365
560
2481
5694
1281
6894
7864
2975
1867
8140
8503
7607
8389
3727
7815
3220
5192
6478
7124
5143
8064
2035
7346
8505
5530
202
4794
2831
8973
7835
7865
2365
4635
1318
6858
825
7306
6647
9731
2060
8663
244
2762
902
6578
3242
6240
3867
9676
7577
4075
7508
6738
7801
9381
2803
8803
2455
8239
5764
6637
1939
9803
5498
3391
4896
5188
4811
5403
9810
4923
7383
1049
869
2701
7810
3293
249
8917
1544
2173
9046
2629
9165
9416
4912
4787
7753
50
8363
1861
3893
7512
2117
1095
9231
9963
3963
4990
2206
528
3042
4456
5456
3739
5736
3596
7496
13
2844
6008
2704
6713
5071
861
9730
3402
8181
5445
6667
2379
2030
2660
9097
2185
6584
3763
929
2228
3389
3954
8669
7657
3739
8830
2685
4156
2164
8759
6526
2742
9123
3346
578
5091
3013
1278
6400
298
881
4577
1946
8431
969
8799
7290
5752
7936
961
4106
876
3033
8612
1591
1552
7265
4991
6213
6973
2702
6164
3323
2329
7744
4082
5924
1908
9855
738
9188
1282
4433
3729
3411
1266
1955
6332
6500
4347
7841
1409
8335
5562
8369
1713
9703
5417
1585
7320
4066
33
3693
6819
5246
2762
5470
8328
8886
8394
5923
4519
9747
9267
4627
7705
3006
4484
5024
2059
1299
1989
255
6446
5389
9498
4158
5425
6205
6936
9148
3007
2888
1369
9089
4041
3126
5903
9739
8412
6809
4540
639
2108
4367
6237
6122
7548
1812
9082
6864
6325
2161
6190
7930
3852
7115
6129
5808
7749
1976
3768
442
3530
9017
6239
966
3701
1490
7301
3469
594
8919
5532
8109
7116
3885
7172
9830
6720
6509
6740
6647
3557
1265
2628
7411
2708
1952
2730
6324
6788
3705
1279
2920
1029
5273
3649
6366
769
2374
8419
5409
5490
3639
4490
5814
639
8441
3017
790
7408
1524
5923
6200
593
4601
5554
6609
7875
9610
3346
9624
7297
3966
7146
1626
6884
2773
4483
9951
6607
1058
3116
6313
5335
9796
5032
8286
2264
1480
536
4636
7366
9549
8306
6690
2090
8743
3836
4440
724
6262
7973
6504
4197
5975
1946
32
1819
3799
2430
8132
6963
5347
7002
1907
9066
6497
2463
8258
228
4214
3416
7456
7503
462
2284
9401
7834
5219
7842
3903
1605
497
5286
4512
4862
6357
1795
5679
619
3915
1123
1069
4661
7761
7186
4547
8208
16
2695
3164
7949
1778
1623
8337
9530
7934
7293
8394
211
5837
8865
8326
4973
7595
7432
5723
3602
7173
8664
9188
6242
7938
7219
8309
4928
448
3618
3055
509
9733
3043
7791
7630
4779
6747
3803
5644
2483
8682
6631
6895
569
1818
1779
6296
9867
9340
246
7649
6475
3977
848
8891
2999
5239
8769
3536
9792
7603
2090
1356
8100
3570
4010
2538
6672
9928
465
2528
3258
792
1625
7820
6632
1457
1408
8691
3688
2641
3742
8518
7439
9363
7648
8772
6930
5255
5557
2243
9112
962
7273
4926
5402
5835
7103
6644
8448
6501
4320
9385
798
1673
8489
2277
166
2177
7735
1073
705
8013
3491
5977
7778
5956
4009
7269
7340
1609
1300
2710
7912
9470
6091
7303
2771
2430
3094
5594
7248
6899
308
3829
6067
6749
335
3944
482
8006
4042
2671
2608
6223
4169
2143
4593
251
110
6812
5821
6979
4796
6626
2213
5696
1579
4666
1040
5378
8109
4920
7511
167
2689
7010
3329
8339
8152
6442
5349
425
1428
7210
1368
9574
5119
6517
764
2173
4407
5403
4086
6330
5504
7354
4666
2626
6971
531
4077
1287
9076
5789
5048
4484
640
3233
8861
8446
4009
3416
2908
1992
9714
5757
9458
9986
3459
6475
3759
8065
5958
3494
44
124
2685
8291
7602
9215
776
196
5105
7820
1367
4550
1729
7532
8824
4979
5243
47
3297
139
3410
1844
4520
7947
5253
4687
8936
8120
5883
5415
3677
2860
8132
3363
6687
1408
1005
6287
4767
198
2092
6508
418
4292
6926
9946
1396
1724
3609
9417
1281
2872
6814
3892
3351
6601
4344
81
217
7941
7113
39
7038
4085
2171
8088
1768
3073
1977
9990
5663
5190
9904
3179
9346
8651
1196
919
4734
3323
1983
4748
9439
643
2364
1908
3496
4514
8356
409
6887
2503
7867
9008
6092
5459
8564
1727
5384
9696
8057
764
5298
3339
5385
1506
3875
6695
2159
2281
8765
7240
6438
8847
2619
5922
8006
7395
4767
9548
2068
1619
7905
9621
5632
724
7204
5538
3775
3248
2738
1831
286
2428
1733
1127
371
3709
6005
5031
2433
1824
4885
500
7071
3642
3466
6363
5722
7922
3786
7687
3539
7802
7933
6873
4681
2358
9510
6551
5048
5066
3071
9844
9027
2840
2989
1532
5510
3669
8795
9889
2183
437
7034
9111
952
3046
8947
2230
935
7001
7096
3936
8107
9670
5414
7793
7828
3476
982
105
1019
6003
9532
41
2367
5635
6472
988
3036
8581
7620
236
9385
9843
8197
4246
7109
8838
9676
840
9806
6525
9250
8074
179
8447
6783
270
9912
8132
6366
689
5742
5118
6904
3255
5369
8715
5485
5582
4441
2715
159
2694
8534
460
5962
4150
9939
8447
9159
968
8688
9882
577
7357
3423
8495
1096
6934
7038
5601
8567
855
9273
1582
5185
3603
4127
3698
1783
3397
5398
623
5470
8236
5690
4918
8494
5638
9441
9306
5533
2267
9726
3534
1197
715
3240
6597
962
3056
3973
1451
1320
8415
9847
7927
9811
5051
4943
1716
2839
8684
3376
2883
8264
6137
8005
910
6770
3171
3414
2566
2883
913
8494
9476
819
2337
7574
1166
7308
7594
4125
9122
7452
2280
8461
2629
2019
683
4828
1802
9957
1259
1148
1615
9168
4904
9915
7924
3480
8433
5954
1173
4904
7014
121
2410
8026
7809
3509
8003
6287
5795
8533
6535
5105
7494
1026
8628
999
3180
2584
9264
7769
2001
7860
6497
6738
4946
6856
4462
8751
5311
6776
8011
8931
2794
2656
5565
1878
8366
3097
7049
9916
5330
6328
4182
8032
2954
7743
8677
600
6554
483
9555
1267
3668
4670
1911
2714
410
9411
797
4611
4008
554
3864
3983
8964
7392
2460
2538
4408
2116
7183
1408
3848
8446
7199
6326
3263
4068
2276
1537
1431
9419
4019
4967
1943
8896
2056
8127
2989
8906
3653
4330
8027
864
1404
8922
1551
9276
2253
6698
1713
3381
6249
5601
9786
7188
9393
3417
9683
6180
7646
9855
2813
4695
7619
4306
6866
7398
5788
6379
9112
4253
7052
4436
1801
2235
6287
8503
3625
8098
6828
3340
3465
2577
214
8608
7135
4331
8459
5810
8761
512
2270
2881
1670
2037
688
2844
2203
9060
6841
5806
3287
4960
5033
3900
8748
7872
3667
9633
9038
4591
1066
3928
4412
2638
5078
2608
7150
7694
8363
618
4042
1195
7451
937
9547
4934
162
1803
9120
6787
3852
1825
6465
8818
6643
7413
3037
1295
8536
639
5330
9492
9350
2475
4757
3216
681
1898
4213
8418
6392
7748
495
9326
5770
56
7870
4114
3414
9673
5360
6552
4094
1704
8139
4754
2762
329
4748
6154
604
7273
6792
1884
3379
2002
2697
2492
9514
6088
8440
9490
9800
3514
3845
6163
4466
1403
7564
8084
408
5126
8834
7845
344
8668
316
5838
7211
6043
5305
5914
1924
878
7441
1850
6087
526
4868
7483
7502
2037
3858
3111
5679
6499
2606
1731
4663
9489
1675
662
8943
4304
7025
5952
901
5467
4799
4397
4242
5306
4451
5621
1097
424
3685
1212
8504
7406
9311
2287
820
3098
4420
9159
5433
4722
3945
8318
4121
8403
309
6833
6423
2784
2001
4961
8913
5842
4520
3951
4
3900
8868
1679
1691
8484
5923
5858
2703
1449
263
6902
8347
8185
3433
9669
6509
3866
8181
6464
7649
2423
5020
2572
7194
1022
2108
1755
2033
6099
8890
7928
7933
3347
4889
7217
772
4073
3860
447
7614
6548
9156
5960
989
40
3881
3250
146
7559
5078
453
4501
1881
5647
4571
7494
3298
2640
7532
5614
1902
3145
3458
6398
5855
452
3374
6743
8646
8309
9457
4129
2053
5983
3175
248
4474
7097
9621
7432
3190
4532
4793
5567
2349
824
3908
8192
3644
7573
2698
9821
8722
2972
6327
5946
4978
1365
1904
9745
9703
6764
5772
7338
9967
6126
5705
2996
3509
6440
3041
3989
6077
1388
9615
8723
6543
4080
5715
5265
3119
5560
4987
9841
4978
976
6072
7170
7226
8444
5306
9040
9622
8619
6041
3643
6341
3128
394
6172
1361
795
9674
1855
4343
9
3244
6939
2108
1653
9913
6959
9030
5316
518
5640
1791
506
6950
6173
7555
3009
2850
2123
9475
4454
3646
9952
7511
8938
534
5564
3169
7251
1107
2806
1944
7383
4781
6767
6111
8619
3198
4091
2505
8758
4806
2687
1717
5472
1491
7805
2396
3052
612
5409
8043
7718
8316
7992
3105
3741
4643
5576
2325
5491
4508
943
93
946
4801
6830
2530
1613
732
591
9387
9407
5430
277
6451
915
8571
7048
3155
6050
2156
7120
398
5254
8562
6820
2423
746
6020
6092
8831
1740
2272
9839
4328
6550
3498
6690
172
5357
4688
1460
1722
9340
6587
3894
7822
7879
381
174
2015
3000
355
7404
8836
1729
2795
4823
5570
4423
5600
5582
5622
8756
2077
3241
7750
558
631
338
2805
1951
1912
8871
8891
6969
2737
8222
6055
7700
7223
1612
6512
6317
1101
5509
8265
5509
6947
7892
9029
9481
4755
4375
2479
8594
2698
4880
1809
1828
6986
5298
5595
2700
4970
3316
5627
1270
854
1748
5123
8161
9381
2721
4464
9935
8057
6068
2321
5905
9201
7195
3935
7110
2566
3247
9509
2348
4115
9872
7887
2509
8937
2809
3499
8955
1792
8119
9269
6215
7932
3044
9306
4046
1633
6337
826
598
6472
7373
6929
857
1154
5166
7598
8981
7833
6804
3206
7825
1886
4
4005
6833
6250
9499
3435
735
9055
6037
5212
150
3978
3472
5654
7931
8559
9158
2311
8228
1354
2576
9909
4353
4590
4308
5135
8564
2428
5632
3569
2159
5251
72
4418
9921
2015
971
7879
4951
6370
1154
3156
7276
7942
467
4308
7471
508
603
4634
1750
2970
950
1557
4453
1349
7471
5049
737
2928
2254
1503
5048
7839
8010
1698
9054
7921
4029
8335
8389
6461
3319
4430
6150
2022
4593
3969
1580
3402
50
6154
254
5289
366
7545
8100
5178
5246
3821
2792
6551
6133
9860
7692
2554
9735
5575
7391
5241
1447
6520
7883
4065
8850
2802
3618
4236
7208
2152
179
401
13
8152
9799
9686
1089
784
1643
6585
3952
1676
2955
1375
570
9784
6373
1422
3989
7840
258
26
366
5787
713
6916
5158
9882
672
6572
8618
3893
4415
2490
2691
4575
2734
7473
4469
3950
7632
1403
4225
5037
3409
5121
6592
9789
1435
2232
6394
330
850
7816
633
7220
1232
6160
115
7847
2067
5121
8573
3
4685
328
7957
4304
4600
3779
7273
5818
1437
5941
6357
2637
2078
6100
9464
5135
390
9558
6644
7304
6831
2657
2389
9045
1126
1057
7395
5691
7677
4781
3555
7874
359
2406
5913
464
2698
4065
8047
3296
63
3121
169
2557
9293
5933
6800
1516
1024
7060
712
8847
6819
9865
7337
8368
9928
1644
524
3645
2514
2002
8446
9041
3657
14
5548
6010
8946
3646
609
3677
4298
3974
8213
3998
8196
117
4852
9407
3402
4251
7116
4639
8651
1283
1887
9538
3599
281
3686
9824
6582
4153
7866
9097
9812
7830
8751
8214
5083
2064
3200
173
9286
8387
4472
458
4903
5904
7720
1610
5018
2596
1957
5983
8679
1245
808
7660
9531
5802
566
6780
1560
8318
6831
2172
3687
8594
9775
4767
4597
8363
4983
2919
3303
2041
6885
4577
2223
45
60
2293
8156
8696
5271
1129
3830
384
1165
1829
357
8928
8529
6005
7876
2657
8984
9925
1258
8316
7513
46
3995
1651
9159
9484
6526
4994
719
9027
9748
9341
8938
692
8108
5932
8121
4766
7080
566
9667
1790
3714
5694
9684
694
2690
336
4198
9850
564
6197
9341
631
8706
8545
2566
7057
8327
8230
1433
4367
2800
9695
8235
4453
8433
892
5649
8086
7088
2817
7198
9382
2440
3232
7200
3651
2094
6171
7263
1988
1561
6862
3853
980
14
8890
9860
3178
538
5168
815
4533
7102
5435
8006
7135
1050
6785
9455
3596
113
7510
6074
2346
6222
6565
3392
7413
7269
1937
6508
2780
3054
9615
7386
7205
7129
5640
8468
6932
2282
2323
6910
5010
7485
915
8876
6901
7511
6953
4861
5718
6145
2374
390
1740
2131
2184
1734
3801
7071
3524
3763
8300
878
3631
2682
5779
2461
1569
1280
8831
8211
7026
1240
3300
9152
1063
8814
2145
663
5705
9248
7863
5242
6638
1412
6355
3746
7917
3030
5008
9308
5751
4864
8232
9540
5741
4857
662
5240
2533
2760
3371
7848
5479
9320
5815
5201
5136
3633
2643
8450
2133
6814
1978
7823
61
221
4796
8948
5667
2415
2865
9132
1901
7324
6252
2593
9986
7710
5230
4497
3481
1210
4423
9667
2790
4056
2015
9561
3122
2475
254
1297
5258
4207
6190
7707
7237
8049
1986
3952
1076
1184
8122
6474
1749
3724
5559
8818
8936
20
465
5069
3959
720
5326
4309
5864
8629
7809
9003
8487
3896
2524
7625
1124
7876
6605
8100
8874
3541
5690
8201
5655
8414
9814
5968
8416
5521
7192
1450
1828
9560
9758
6520
8399
6208
2634
77
5742
1653
2687
8661
3922
621
9999
8086
8845
1080
8715
7479
853
2210
1117
2869
5551
3542
1029
6347
523
5679
8031
8422
1754
4529
5170
6015
6530
5449
538
8552
73
6901
6816
117
3956
3800
1674
6090
1140
995
2931
2481
3726
5200
5042
3170
2698
9493
5031
7682
4579
8363
144
5954
6068
1914
5759
6745
8431
6120
7031
5770
2008
1040
2216
1592
8824
1203
254
9432
1193
9763
3296
3256
8749
3097
7527
3759
6710
8486
7065
5981
8434
2232
4
8724
3603
3414
6980
1957
9129
8981
4920
5427
9911
6827
545
9312
3708
552
5199
6392
6326
8106
511
1189
5928
187
1986
9906
3121
8906
5073
767
9005
2375
7304
7230
4187
897
8899
2881
6283
7488
8829
2234
2505
7867
3016
1141
9719
1542
5186
3992
4929
3407
8777
5960
7643
1122
1923
2201
2676
3478
7797
731
5359
248
645
3957
2575
1574
5042
1523
2596
2249
2000
3195
870
6971
4825
2858
906
2546
3408
6104
8858
7543
3346
1183
4883
3119
5281
1591
667
2911
8066
5763
3315
4174
9682
3467
2652
3249
8641
1176
6802
8483
1763
905
4337
1998
9827
8685
3489
2308
608
1588
8600
3457
9214
8293
527
3552
7032
8672
3812
7186
9826
4133
4522
8164
6617
8250
6465
1743
758
4981
6378
2140
367
4296
1571
886
2398
9165
4586
7052
3567
875
1683
2573
9487
5398
4146
4205
3381
839
4089
7131
8987
9432
7227
4152
127
3437
7441
5275
7410
5996
8037
7176
4986
5585
8706
1751
3929
1618
275
1075
6771
8099
4815
6803
484
8771
5330
8252
3729
8205
6072
6658
6656
2078
1781
3188
3234
1242
6008
847
8589
5680
9444
9996
9151
4524
4210
327
2240
2459
3802
5459
2841
5101
5370
7549
6566
5492
5679
3487
4789
1741
4408
196
5872
1552
7749
5157
3066
1271
4019
7383
4961
4667
9722
3367
4759
3854
9208
9565
2803
375
6928
7719
9400
2739
4102
3594
7397
8423
3294
7248
4230
6784
8831
135
4297
1645
2487
7491
717
1591
8958
3078
6274
9854
647
9940
3952
9473
797
1903
4223
1176
1847
31
8035
9633
4350
2641
6817
3524
6857
6586
3158
6942
8758
3083
2915
8040
6512
741
7595
4236
4518
6737
7694
4362
8059
2336
3741
1379
4456
9160
3162
2966
8124
7447
7304
9884
4760
3887
7104
1546
1927
3112
1737
9801
9843
8275
189
4094
2524
6000
5982
5623
532
7982
6171
5240
6361
3304
1579
1901
5292
5928
8513
1657
5375
9667
1498
7061
9629
3195
9012
1698
7891
4683
9905
4178
4054
4056
7937
4818
2496
3278
5983
7710
1000
87
1817
8976
2272
1759
3864
4268
7836
366
4192
788
53
8078
6457
5720
76
2130
5920
62
465
3891
6140
146
2604
5111
1630
5540
3017
4658
1829
321
7142
6110
5683
5237
1244
934
790
3795
2201
8304
9833
921
6173
4089
6097
6860
6386
8833
2097
8039
3956
7592
2924
6974
7440
5918
2576
5475
4285
7326
5085
2374
8811
8973
901
5188
6967
7612
3975
628
6678
6329
6517
1946
7475
7676
712
9872
8107
3872
3101
5364
6002
2032
8375
796
2064
4926
1209
5103
8492
1045
2475
1407
5551
2262
3851
4069
7037
5731
392
8073
7227
3340
9364
5652
2274
1820
4857
3193
616
5840
1624
4205
4447
9732
4431
7472
5559
2978
5699
6014
8630
2658
7686
620
9606
3961
5574
4710
2422
4802
1685
9851
851
2989
9323
707
3135
2305
4077
742
1429
1224
9138
5316
9618
2019
4632
4263
5791
6110
4078
9379
7299
2314
6628
5533
8490
1531
3296
5914
5020
1889
7098
9740
2506
3539
8921
5802
7723
6311
2112
7227
175
563
6384
5252
8432
2364
7806
1583
681
6544
388
5205
7355
1949
2424
7677
3180
7157
6028
8892
8355
8663
4156
8316
6249
9171
17
8298
7516
1480
8554
669
1266
7651
8066
6942
5599
677
1789
7685
7997
7666
8750
8219
9014
5283
5722
5884
4379
9700
3922
2779
1608
4635
1654
9544
9567
1686
1013
5240
1028
42
289
1593
9735
5692
8109
4348
157
3361
2676
3932
6351
6496
6525
1806
1918
7313
30
2926
6567
1802
5092
3786
3549
3942
7552
6856
1722
6345
3511
2694
4535
777
5526
1125
6233
5991
787
338
9791
7650
6308
7609
3380
7907
196
4057
5999
1548
6654
9849
6571
9285
8987
6740
1456
1366
631
438
8543
178
1698
7243
9106
5837
5249
7206
1773
1926
2857
7444
6222
9582
1777
4009
9832
4199
4497
861
1407
5427
7450
9048
978
8167
3026
1407
4654
7184
5066
8242
1459
8541
4877
3652
8649
4142
9972
4083
3539
9051
3191
1151
9946
5332
4729
310
5671
4466
2284
308
7637
6357
6026
2602
9611
6338
7651
8660
5951
3734
55
612
2925
2235
4296
556
5598
8498
9441
4586
7677
6193
9680
7648
691
9597
820
8558
4866
1964
987
7583
2316
5507
6166
9004
3676
4446
1461
3239
9911
3822
7787
8757
7616
2890
6365
6857
175
1862
1119
1631
4986
2479
9887
7110
8706
6213
1529
5351
9355
4954
3326
175
2264
4474
5337
6298
3131
3236
2
6523
1994
3004
6430
5491
7527
4224
5624
8893
3907
6047
426
6739
3681
7784
8896
4339
462
6937
6131
7332
5760
1396
3276
4508
5792
4938
5174
2970
2272
452
840
1729
9344
8123
6617
4825
3037
4765
485
6478
3288
1856
7924
9574
6283
3576
5909
309
805
1640
6882
671
816
1231
7527
8889
3108
747
2528
4014
6804
4436
6438
2101
2520
870
5502
9317
2477
440
2835
4228
8632
6971
8923
2683
5902
5866
9335
8889
70
4109
2110
7234
6261
2553
460
2270
2188
1180
3117
7814
9378
261
1942
6638
888
5843
7659
5830
781
1767
3878
4810
1683
3556
8108
9092
5938
1477
6700
8089
9131
6672
9702
2960
9805
1003
1524
8302
2398
3860
3155
7344
1557
5001
7919
7002
4018
4389
1629
6818
8539
8964
3196
6663
7617
6349
9836
9164
6292
5396
31
8934
5128
8072
1109
3526
1646
1133
1899
6516
7840
7755
4639
3647
2775
7151
6228
2652
5490
8233
4105
2217
9527
8868
1499
2312
3322
8489
8100
6877
4734
9512
9861
677
2623
3067
6267
4310
795
1999
2020
6595
916
5318
7302
9847
1939
7732
7716
7703
7102
1064
3519
9250
5641
9735
8993
1034
5238
4465
2771
2704
6159
6401
9346
4611
1089
402
8343
6073
1173
4545
820
3338
1844
8816
4709
305
1913
5838
501
3462
5233
2590
9164
6815
3205
3713
5536
9411
5403
7251
2689
8852
24
8079
1214
8922
7801
2663
5883
740
8784
6653
9634
416
5055
3213
1842
8386
6302
1305
8357
2907
4645
7435
5996
795
3885
6976
3133
7951
3662
1555
122
1559
1084
920
113
1302
1637
4115
2723
571
8015
9246
8560
5962
8362
7327
7642
7940
8309
9171
3789
5300
1594
2340
2962
3136
2409
4510
6444
6714
5425
41
5966
884
442
7304
125
949
4352
74
5006
7060
7535
9944
8976
828
2191
9526
4607
2080
7043
9154
4652
7067
1430
8362
7659
6040
5924
3450
2705
4573
1153
5308
453
2041
1502
9226
7564
9987
1988
7821
8868
5656
8896
1351
6677
7653
8945
9373
4020
4450
4561
7135
4373
3842
968
8634
6359
7596
449
4867
8485
8454
7232
1845
4537
3488
5958
1085
3702
4088
550
7948
4146
3926
6482
5918
8125
60
8284
6607
3134
724
9155
5023
5450
1266
4611
9267
3843
2445
8884
5357
6712
2740
7335
1672
6662
1322
2004
1277
7839
3364
7998
9146
8446
7005
9628
259
9438
7885
2947
8769
3815
8039
5227
5566
949
1194
9196
3852
8195
2119
2564
4050
2853
495
5991
3625
3273
1110
4885
827
1959
2955
3070
6929
3619
5083
5436
1029
7151
3297
7739
2446
405
1410
5853
8944
9233
5726
161
2918
3155
1737
9606
1936
2275
2483
9685
1202
530
8726
8046
4782
1520
7649
7569
3464
4092
8285
881
124
9381
1707
4569
5263
1336
5006
9157
7104
5327
3060
3069
3937
7876
4920
1648
1664
2265
4049
4573
9541
1768
7696
688
4329
697
1872
5127
461
1292
2783
8891
2482
3204
3859
1453
9901
7402
8226
1361
2191
1860
1496
3812
4429
4715
9724
4347
2276
7392
6544
3286
233
8134
7046
5666
2180
5204
7151
3623
5540
339
6908
934
2839
7339
898
5894
3657
4722
1508
2587
2775
2645
6840
7085
5423
7412
9342
1678
1697
3089
2730
2744
892
4037
5332
540
4657
2490
8740
3395
1426
5729
7799
6611
2893
9037
4326
8023
333
3931
4014
7446
2769
4767
9472
783
9362
1364
9928
8059
2417
5847
1266
3873
2372
8358
8690
2732
9653
899
4126
7129
3347
251
3951
8016
9909
4106
286
8999
5416
5407
2880
2782
9837
9579
4725
569
1117
3041
5326
7289
5668
9288
7377
2810
8723
9193
1942
1720
5666
7099
9171
8463
9462
1807
8638
6439
6994
6675
9380
3954
7659
1649
7796
1837
6687
3944
5813
5539
6357
2535
1211
1556
3170
1905
827
1897
403
6219
7685
6415
8832
583
9431
3784
7197
110
1320
445
4202
7413
4564
746
9123
9984
4061
5878
2300
9408
9086
8337
4123
2210
2600
2522
7887
1662
3273
8246
4290
1095
9518
8581
313
4950
6776
8127
6353
9984
8763
5335
2721
5749
6603
9583
8892
603
4877
6522
7928
8207
2143
9891
4866
3837
8414
3583
9874
9901
6223
8800
9204
8791
4293
6591
2845
4592
3045
8594
1691
1680
2769
965
1462
9382
9834
6518
1512
3170
1949
939
1495
7962
67
9389
6933
7680
4452
1632
1651
6816
4891
6058
4195
675
9326
8486
378
1840
8500
6361
9779
8782
9439
1863
2564
2523
4254
1341
3853
9504
8870
5717
7746
4625
3596
4123
7861
1652
2882
9701
4192
9219
1651
2382
717
4922
6977
1858
9380
1892
2684
5594
8286
8730
5669
6737
6631
2527
5973
6508
7747
3453
6444
7423
8969
6358
8990
1094
2204
7785
8014
9939
5068
1424
362
8871
2601
1121
9378
4620
3926
4700
437
2948
3814
2690
5627
5333
6790
5800
3391
8121
2928
2520
4417
8061
4959
2466
2791
3916
5429
4295
455
4964
4316
3357
6276
4392
2053
7586
7793
9264
289
8737
9465
7986
9405
3429
7766
8042
1035
7785
3937
3523
7979
659
6410
896
1157
7759
6579
9240
3361
5805
5755
6552
3243
8702
5204
4582
2294
9108
7201
8148
6265
1580
1418
693
94
2219
6637
774
4539
7894
319
6715
9435
9825
4867
7360
1597
8420
6019
2436
8652
4289
7134
9957
7836
6876
6014
1703
323
1386
5321
4400
3779
8929
4352
7256
7368
4340
1172
9773
1731
344
1632
5457
4191
9646
8530
9270
5342
5588
1593
5696
8493
3014
7886
328
7727
2303
3561
5279
9624
4283
8286
2230
6698
5322
5006
5510
9940
1973
8635
9092
9269
1810
7714
1012
4940
1948
7528
9588
1900
3548
5248
6175
2317
5719
3548
6309
1984
3734
8887
2195
9262
2279
8307
7494
8971
1884
3548
2544
1538
4690
6384
2627
6837
1713
4050
8240
1840
9808
5786
3477
2841
296
9367
4008
4872
6465
6674
855
3776
3495
7004
9989
7922
7647
8559
8285
9262
6573
8809
1604
9216
6862
6563
7195
4556
9879
6949
7247
1962
8636
6033
4952
7492
1779
2955
2994
8790
5806
1952
4695
5270
8521
6132
2199
8966
636
1148
7580
6946
7985
6424
4736
5874
7483
6951
736
3056
1234
9814
2979
3008
8694
2409
7713
1660
3632
9258
2968
6680
2518
7956
1563
3179
4912
6469
486
1090
4280
1890
2011
7171
6618
7463
7647
2033
6900
7988
4310
4045
8986
197
3614
4321
7057
2456
8031
2044
4974
4100
6438
8750
6437
1562
4955
3475
2173
4596
1258
3616
1427
9181
9504
7883
1524
9615
3822
6312
4832
8231
6286
5230
3001
9523
4821
8941
4413
7962
1392
2539
5524
598
1052
6261
7630
1428
3633
4877
9113
8981
6507
6995
6669
5997
2142
161
618
1625
7175
3113
7299
1715
3285
4496
6699
6124
2175
4965
8236
1830
5470
8570
3650
3285
3705
2427
2522
1063
484
7134
9388
2687
8733
4812
8176
4188
2807
3833
4579
8175
3219
4595
7783
3294
8267
6004
1763
3009
7937
2760
1847
1781
6640
6795
2745
9663
2879
3183
625
7597
3211
7384
4158
7667
942
8520
6861
1783
8499
536
640
8821
4889
8019
4142
9673
9573
6802
8698
7499
2421
8948
7381
5038
6946
5640
1823
9647
5563
452
955
4181
8882
3374
5460
1116
2446
6420
9662
2932
675
3226
1235
8849
9824
7123
4692
3002
7750
4938
8711
756
2878
7137
6472
6617
5768
1381
5508
4587
6253
3918
8781
8999
923
4669
1601
2730
2326
3239
8499
3761
540
6857
3374
4468
1559
4398
1750
6310
7108
3822
5561
3534
9075
4896
7159
9813
9899
6916
3284
8329
9632
2770
2062
8424
653
2325
9144
7853
6741
2899
5404
7061
8141
8445
3983
3482
9090
310
9646
4637
4366
2014
2163
9433
838
6151
3629
3561
6263
1833
7158
5979
4619
1143
6727
9098
7790
9302
3708
3737
3173
9805
2751
2655
4109
3098
5475
673
3331
6004
6300
1968
9321
466
5188
7174
9387
5240
2212
722
791
1878
1947
7608
9732
4051
1843
6479
5680
2675
6336
1554
6045
9502
7652
9456
5456
1092
4684
6620
4747
3322
6011
5884
5801
2776
1367
2833
4252
7079
4660
9319
2120
552
9216
9758
2360
320
2054
658
2502
6317
6384
7384
4268
1487
8840
4595
2678
8755
6771
5643
5863
7379
4141
2410
9756
7488
2952
2954
3742
9430
2891
3692
7767
3068
9336
3788
5278
6549
4055
1396
2756
548
1470
3861
832
7633
8439
6254
7467
7954
6354
4463
9888
4043
6860
4027
83
4881
8760
4174
5805
933
1330
5853
5037
4433
1783
7915
8057
7665
1675
3817
5236
6590
3668
3359
6689
723
6350
7078
7345
6024
4455
2984
71
9181
9698
4617
3927
1614
8380
9105
5041
2686
1121
6433
9433
7813
6460
8266
9811
5743
9443
1240
5103
9071
7438
4108
6758
6271
1809
2254
9984
4827
1006
7176
2591
9268
4487
377
4518
930
4721
4223
6169
2982
9087
5292
4865
4305
193
8017
3924
8814
7170
5716
7769
3588
2718
882
5690
4113
3571
8844
2430
885
5517
2561
4473
6203
3308
7876
7906
8220
9737
2223
4463
3038
8923
8525
5477
3629
5363
1028
583
3979
3487
2282
9596
4855
205
6614
1467
8676
190
8789
1065
425
7808
8962
7530
2345
7411
6758
8669
7516
4961
3674
8966
7764
9719
7149
8022
6458
6739
7507
2996
252
4525
9432
1016
8789
426
8280
6362
3339
9188
7567
7145
8117
7054
1087
5552
6822
9953
8249
8462
6443
1225
7721
9729
5187
5061
4040
8820
7783
3265
1240
3595
6927
5119
7640
7037
1406
9856
3939
1466
7048
8249
9199
2800
3761
954
6809
8021
5473
572
3124
8600
4491
4423
9075
1440
9727
465
3435
6571
754
448
507
428
4
8749
5607
5874
1522
9557
8040
891
6275
3718
3333
7086
3474
6673
2476
4662
154
2348
959
7121
1379
1558
6669
9991
5921
8587
7675
4268
4914
2365
8709
1508
9689
9443
4489
7558
6115
2600
9188
897
8197
9028
5437
6257
1269
318
8179
2626
1112
8643
7449
7059
34
3923
6966
5213
8486
5082
4209
9823
6549
8493
3587
9259
2788
2569
5255
7929
4197
9373
2555
6494
7549
9029
73
7278
8325
963
3076
9563
9436
4267
5350
5204
7301
3717
3593
5733
1164
7770
1776
3949
3764
8512
5989
7450
8069
4375
1980
5996
7855
8885
1799
4807
7535
8756
762
5016
7875
2538
6562
2901
8261
4046
2565
7436
5329
3634
6648
8417
5484
7167
295
9611
2651
6773
3972
1763
5885
4710
9409
2242
2814
7824
1840
8681
989
8552
4382
2964
4579
1851
1420
5671
4663
2780
6528
2707
3195
5696
7666
528
9464
2398
5385
2262
9058
5418
6088
1018
1524
8440
9352
4227
1816
9780
653
8198
6551
7173
4306
9514
4772
7632
6677
4901
1616
3523
2047
9387
3514
393
7107
7240
9372
5857
962
9252
7301
5456
2074
8506
1293
9053
8357
2463
5607
9370
1293
5684
3138
6665
629
6356
8685
2259
3489
8786
6911
5841
3712
8998
1803
7484
6686
2246
1956
1185
2334
7958
4892
2721
6990
2638
1738
9283
445
8142
9192
4006
7696
1038
599
2652
4822
5027
7215
1957
5503
6220
5109
3497
1730
4701
3730
7871
5550
7370
711
2902
3391
6440
1895
2406
7724
8137
6489
8806
7644
8601
2427
9567
5380
9826
4228
8249
7626
8362
2057
8795
3138
8660
9125
1388
3317
8674
5067
4730
6300
9421
6824
4618
3287
6894
5127
3513
9414
1880
6700
6823
1498
1754
9704
5257
646
5114
1016
5233
5284
3007
8376
4026
3955
9698
7853
9228
4560
3563
4775
483
3641
2270
1861
6707
5729
2614
1430
814
8765
2169
6575
5193
9136
6509
434
8016
7041
5611
1242
7837
4008
8858
4421
4630
5109
8945
4594
1756
4965
4359
2585
3035
3318
4453
1134
2967
1718
7135
9105
700
9309
4530
7335
7120
158
4216
3545
7660
7765
2064
25
189
7606
3561
5829
920
5392
4191
3714
8136
6581
1810
5
1348
7483
8922
5610
4092
5254
3012
6733
9082
2379
1403
1582
2604
5616
5615
5269
9099
1769
1068
9538
5067
317
8640
5826
4995
6927
3082
795
9061
9616
1177
4939
5574
3589
7019
5330
1539
2916
316
2778
2925
3913
3910
9118
9300
3296
7183
7728
2560
3801
1043
3779
6773
5970
9085
3008
2765
7741
4640
7390
8063
8516
5538
7543
6723
5306
9022
9929
2578
8707
6262
7626
8171
2797
1382
6658
5404
9084
8239
3910
9208
2127
7084
6345
7956
2462
8491
5905
6042
1096
8529
9358
4194
7159
6157
4767
5673
4607
6656
8483
7400
1619
7944
3293
6602
7925
8874
8901
4025
4128
2832
2566
4330
554
2742
8289
428
494
1892
5585
1608
5276
29
3999
6947
3505
1094
1176
2273
8660
878
9507
9846
9218
7053
2079
9516
1071
2626
9427
436
1854
7767
9029
2721
9427
7842
1028
1334
4319
6814
684
9758
7297
3039
1391
2215
7491
8429
6488
8923
990
6380
5415
8919
3355
1644
4500
1495
4949
7392
8770
2847
9646
4068
2951
494
6650
9176
7254
1751
397
1065
3737
8011
1232
3428
3063
8053
3994
4993
5025
6035
4143
6925
7738
5644
2421
1160
4859
7826
5070
8829
7641
5151
1030
2971
6461
3801
6175
4314
7286
267
4977
2006
8740
3564
5563
8260
4765
7008
9259
9461
4013
7864
3322
9573
1615
8770
425
4528
5745
9450
8442
3272
8030
5913
9935
9643
4865
1936
1603
4988
2640
6372
6115
4560
8735
6521
75
1592
7208
6037
6545
2895
9716
8139
1835
4277
926
415
5686
4660
4861
9056
465
2810
4434
7123
6228
562
6293
4015
6064
3355
531
3691
9959
7730
19
5765
9666
380
2126
2162
6752
7535
2250
6563
130
8945
7048
3855
1445
4392
3690
2349
7225
8895
2507
5677
756
8072
3166
2149
5009
9669
2514
3865
7815
659
3143
7966
7283
5531
1809
9569
1809
142
9854
2475
2660
3420
2996
9403
8019
3905
9397
8897
8486
1162
9060
4018
4854
7729
642
3083
8099
7524
1943
9761
8858
7840
3476
2270
8815
654
3417
2019
7645
476
8728
9083
8995
1196
6344
5816
3117
9950
6475
3929
7752
3258
6128
8147
8954
4887
1964
7003
3202
2126
1855
5353
6046
5150
5113
8674
291
9721
7187
6080
2447
5402
5156
1133
8389
769
3344
8
566
2900
3900
8415
6788
1169
6892
1598
2566
8000
3439
4748
7690
3115
5688
7397
3014
9466
6079
382
1383
1079
7805
8203
9263
1969
2815
734
7976
9149
5724
7625
3269
8041
5209
1740
8410
1362
7083
8334
5756
4730
8492
1008
3821
3555
6442
9765
5284
8393
6768
8818
9084
7148
1936
1060
2480
4365
3389
921
8130
7669
6770
1035
3663
7967
7511
9304
4471
7534
7375
2502
8684
930
4582
5927
4877
3482
1435
2764
2783
366
4013
4771
290
5052
3217
7994
7921
8376
7936
9709
3542
8758
3340
1485
8736
9292
3313
4955
4747
6473
8532
9825
5706
1233
5304
9101
1648
4658
703
2950
1011
7070
2413
9599
1691
1528
7494
2831
8100
786
7236
2070
7315
7933
1913
6208
5280
9119
1436
1273
7667
8425
1047
9298
93
860
9696
8623
5075
8763
4009
4166
6597
3918
494
1099
4967
3056
1873
2148
4215
6422
6637
7330
1295
5734
6635
4489
5509
5120
4171
5387
8220
1028
2462
4004
7536
7020
269
9249
6629
3608
2885
3686
3572
7735
367
4671
280
9359
8283
7615
787
1103
8699
2059
9571
4374
978
1890
5883
2455
2621
9729
8462
3843
421
6982
7972
5893
4972
673
2419
305
8743
5252
6517
6878
6545
9013
9687
2511
6301
9927
2377
216
586
8868
276
9582
8165
1718
2274
1639
4577
8531
2907
7134
2054
7746
4211
2691
3005
1934
3963
8840
6110
8525
756
2745
7935
8846
7598
1860
7088
3726
4216
6693
1413
4502
2500
4352
9212
6877
6233
1843
202
1908
7503
9567
9668
433
3356
5098
5739
984
4402
2716
4178
6981
6682
4896
5706
2361
3446
8325
4675
4301
873
9770
6241
5007
3542
651
1278
5104
5339
4843
1639
8443
9432
9568
7553
1864
2832
4199
3656
2322
8735
8561
2486
9509
3266
7762
5356
7447
7753
78
5166
1517
8427
2295
1636
3208
1149
4397
2669
2722
4870
6710
5003
4903
3924
5204
2260
8118
3360
4027
963
7496
4195
5710
8753
8103
5346
9963
8636
8455
7269
1969
1523
2453
3437
516
4441
6880
8950
9211
9519
6791
983
6415
3812
8039
1032
2815
3062
2298
8541
9475
8046
4809
1354
7275
3049
8934
9865
7800
5759
1052
6551
2294
6793
7139
6680
9910
7195
5975
3963
1139
8975
4844
909
7454
9463
8114
3498
6099
2552
2369
5473
7426
4748
9034
2095
3054
971
9773
3409
6156
9257
6164
1523
8144
6660
8008
8867
8683
8432
1421
5552
5395
52
1193
5753
1654
2416
3604
1183
317
7789
6869
492
3877
1891
7956
3815
5845
3179
2296
6804
8755
1660
6540
2428
6607
7702
9707
946
517
560
6955
9613
6054
4954
3011
7966
9456
4042
1529
2668
6741
8049
1234
5974
8183
5471
4518
3643
1525
6939
5116
1894
5340
3883
6153
6710
1531
8460
9559
1672
2882
9998
9233
2256
7351
7633
7134
4376
1219
988
615
4677
6856
6416
2785
4084
7282
5474
6057
7979
4936
5253
2660
8165
140
7233
9747
6126
6412
8366
677
1089
4153
9265
5371
5149
217
8846
7182
1157
6531
2318
6614
2178
2098
2552
7953
977
9837
533
5439
7916
442
3709
1734
7938
2890
2843
2157
604
1061
2178
5699
5689
2588
6286
7126
8744
2749
3465
3043
2281
9968
9627
1309
5558
201
8511
8688
6163
4884
3869
7554
9783
3576
7327
6243
3992
7481
3672
7408
4780
1201
1487
9296
5287
4928
9792
9026
9857
5097
6834
2077
2767
3868
7570
5366
8626
3693
7511
365
313
3598
2267
3097
6063
125
3486
9370
8430
8228
6317
581
3185
6664
6370
1472
8286
1848
883
7075
77
9025
1636
8248
2129
8123
195
8356
8634
3736
4874
1117
1286
8395
1445
5837
7740
1948
2081
8591
2181
8503
4726
6522
8048
5934
994
148
7974
647
683
4881
5626
341
5891
9649
4242
5996
5054
4938
1391
5889
4432
8308
2224
4046
8540
5013
4714
9490
9117
6229
9418
5287
5119
454
9593
8801
8434
2737
4212
2957
7739
7015
1435
5130
3112
3024
8012
5459
9002
9971
5610
2350
5289
5492
2649
2641
3710
2068
9478
2397
6094
7993
3101
8157
6305
6915
2133
4737
9549
3456
6952
2650
6245
7473
5762
174
2998
912
1118
9920
4813
2916
1223
1942
9872
5082
3629
6774
7571
7924
5299
7740
4636
7103
2997
1746
5315
3239
3084
4331
327
439
3705
3866
9290
3450
9006
7099
6333
3226
6395
2902
9139
2436
9363
4817
6943
7371
594
4381
9157
5365
1723
9845
8643
2550
7820
6541
9945
9083
372
1259
875
7406
9013
5541
3501
3293
4972
5310
8825
8231
3157
7607
342
7038
4835
5828
3622
5380
9694
8184
5641
7454
5230
520
3989
6276
2028
8492
8662
4796
8897
5424
7980
6983
2787
1838
8537
5722
3649
5723
6042
5065
6279
188
6083
6996
9856
6649
5931
6504
7834
8361
6707
6698
1429
6598
3722
780
6289
8740
8906
4538
8591
1514
5121
5093
3644
9265
9886
2353
4776
5257
9489
8263
3428
3160
8970
948
1799
8711
366
6187
2609
9861
492
1624
47
5527
4125
1651
9144
2516
8101
4218
6468
2740
6898
3996
6085
8892
4719
1000
6534
3871
9057
8593
8123
6398
9355
7221
4910
5574
2739
2972
4484
9478
5479
7551
8785
7413
2709
9226
2367
6104
9669
5812
8310
8222
9020
7560
6900
4279
9664
6569
3952
4544
4922
3281
5260
2950
8202
8608
9781
5841
7593
3573
4715
2266
1851
366
2208
6300
7498
2528
3237
1392
7736
3861
7603
7764
8416
5275
8080
8222
9543
6528
5332
4582
9072
2747
4568
2033
6548
2043
5004
4426
4233
287
825
1075
8607
8142
1420
6049
3583
9029
7732
3025
5816
4668
5014
4645
803
3170
2346
6056
50
6506
5227
8744
3952
8746
7140
7697
6909
5371
6035
9417
2724
4369
9662
2018
5383
4815
2807
7532
9359
6666
5544
7534
47
6160
2908
4997
2614
6925
8020
8666
4326
6028
3190
3320
9844
1226
8156
8890
2691
6334
7437
3046
8671
1435
9732
7601
1844
8821
5909
2197
5082
2897
8730
5401
3022
3303
3153
5773
546
2995
1685
3320
370
8555
7785
1192
1847
143
3106
8073
3169
1319
6112
9994
4007
7152
5647
9883
9220
963
8052
7515
7379
9459
1512
3136
7220
366
1433
3750
1543
1128
5074
8340
879
7753
6801
8436
8915
9335
3943
603
8058
2959
1143
7119
7949
4630
1080
7415
8422
5964
9967
8834
3491
3586
6274
2309
1559
6039
8245
3896
8165
5501
7221
3652
5013
1408
2562
624
4132
9657
5598
3271
4093
8242
4719
622
6060
2234
3551
9692
549
3813
4560
4116
7976
9147
1533
8755
7148
1268
9359
722
1689
9526
4849
1129
4755
1510
6422
9441
3961
6813
8512
6323
3382
4697
2148
5760
2373
6476
3487
1713
8186
637
1072
8094
4830
9075
2166
3253
227
5007
2079
6571
9970
5218
5196
8625
1336
7950
8422
8367
3366
3010
657
1327
2066
2252
1784
4958
508
4252
6866
371
2793
8202
2323
1795
7623
5652
690
4535
2971
2659
3585
3169
8053
8464
4259
8544
6226
5963
9167
3052
7296
4106
9542
8919
7085
5275
3937
6165
3604
7435
3161
8480
2385
8155
1182
3599
8354
9832
7847
6661
5489
3855
1710
7951
1174
9530
6589
5027
6916
4477
2632
9899
9406
5021
2383
7248
7800
1361
5597
4982
7216
6605
8360
5016
8413
3471
454
657
8625
8654
6865
3852
8777
6938
5543
5584
5893
1789
8515
8873
2725
1239
1686
1094
6754
3018
3694
9092
6044
6096
9608
8982
3526
7861
8322
9086
1282
3623
2123
9596
9968
827
9775
8587
9264
4358
8356
1003
8705
7849
1274
4136
2930
1610
5028
2837
6127
751
4638
8659
7470
336
6981
4181
8615
455
4367
7719
1023
6816
7737
8277
8223
661
547
9449
979
6822
3328
8496
7972
2283
1028
5934
5247
9129
6846
1314
3717
5274
371
2163
593
2542
8128
4376
4790
7984
562
1422
7104
7497
8892
3779
9109
1242
5544
1298
4965
7854
3413
2229
7494
3766
396
4665
1986
713
412
188
5082
7649
6846
2017
4014
6828
2994
1368
3238
9780
1693
6209
8435
3187
7039
782
5673
5355
2461
3080
7015
3497
8563
231
3889
2539
7653
1123
5086
3859
9105
9183
3111
1284
6460
9114
4635
3481
8625
957
7365
9589
5415
1143
9445
8193
5791
944
663
2819
9425
6226
7253
5203
2045
6301
9030
5555
7923
9717
1427
8175
7974
2433
9294
6284
3371
8131
1749
4886
7442
9227
7152
9583
4082
5834
7018
5485
6512
6639
244
8049
7183
9741
6128
7773
5265
6082
2751
6747
4827
8103
3834
6552
7063
8762
578
2410
2743
3087
6356
9542
9483
3170
6659
9746
8570
5786
223
5282
5035
5784
4408
5457
2670
2781
614
3738
9363
7181
4888
2417
6459
3428
6136
8809
2917
9905
1824
3055
5524
190
2782
2502
1098
8531
5986
4809
1255
5637
7724
9785
603
1968
8291
2735
6020
3220
7383
5374
8423
2904
5019
6921
7070
5173
3210
5496
8665
6487
3936
9826
5159
8312
1462
7426
1773
3159
7041
4495
5949
5154
4092
3735
3167
9273
6923
6781
4466
4660
9622
9575
7446
473
4435
9408
6401
5824
4907
4260
4074
6760
702
9119
7087
1102
7832
9152
3062
4733
3789
844
8613
8084
1170
531
9302
1567
7251
978
4032
5231
8492
5467
2736
4920
2457
6019
3469
5938
7251
725
8553
1055
7603
5207
5631
6432
3503
6318
9141
7
4085
2548
3654
5956
9983
1230
2412
6116
9705
9951
5641
5850
9098
5608
4001
7976
1956
9017
6033
9232
2796
653
5155
2911
7578
1561
3983
7438
1503
6424
7804
1862
6778
5698
1043
8217
6854
1561
2078
2655
7956
2861
5445
4098
59
7418
4864
4634
1990
6607
777
9524
7431
7209
3197
8690
6771
4492
2919
4082
9307
3274
6896
6187
3835
8299
9484
2623
2908
4856
152
6049
2002
7600
5480
2637
8923
5044
7339
7711
2241
6042
3492
2854
6139
284
4461
5426
1264
4835
1815
4626
7298
4507
7408
4437
805
680
2337
1933
4079
5324
386
7550
1617
6631
1861
600
5270
2360
9939
9837
6992
506
4045
3610
1885
8885
4432
7185
1511
8879
8394
2908
1326
6728
4382
9862
1733
707
2935
8054
1041
2649
1168
4968
6268
2726
5046
9025
1131
4999
9070
2669
9897
8123
4496
2641
6838
9769
1205
4062
1547
5426
4909
9055
1887
6140
5318
5031
4540
8985
1739
7653
7149
9974
2407
4092
1234
4674
1620
6177
5911
8308
8886
9420
9487
5428
5078
2962
9290
3389
3946
1347
2910
2247
830
7757
4238
8287
9547
2135
649
7964
1359
6221
7599
7217
5496
1457
293
7785
7076
8425
7096
8053
408
893
8965
4529
6811
6706
2485
7795
104
3244
9790
7206
372
9412
3333
5631
5315
4570
162
6864
3541
6417
5947
626
3550
7667
6927
1976
266
1488
3990
1855
605
3869
5647
3117
4056
3752
1756
1797
599
2549
2550
665
5816
5164
3131
8633
366
5649
9107
7281
2552
7441
2038
1431
468
4319
5962
7110
1033
6976
5305
2841
1981
1917
1648
3735
6894
9328
9906
6360
7476
2012
926
9132
1160
8687
6743
712
9877
1468
6276
690
6591
3562
5038
5246
3959
3631
7148
6909
7262
2946
6903
7683
1821
7002
3512
3016
6616
521
30
8700
7831
578
4680
4310
8752
3763
8273
5098
8771
4752
6349
4454
6824
8202
5698
837
2789
2919
6437
3089
9015
9165
9266
3677
7498
4133
1957
2027
6891
8149
9601
6251
5084
9548
2389
5876
3767
5307
5336
8060
5408
7434
7620
7081
8566
7679
9093
1717
9262
3188
9564
4649
3313
3123
7818
5890
7148
9803
1351
6410
4319
6767
7557
8969
6988
1143
8754
7488
3757
630
3663
7795
3696
3812
5920
3570
1776
6791
4628
9593
901
9063
4829
2994
8397
6827
2902
221
1702
3445
2013
2141
7579
1870
5451
5550
5287
1348
9711
6712
9278
5662
6380
9070
7718
4025
7985
6248
3757
5969
5904
5832
5728
201
9731
7150
1307
1122
8150
4895
6408
3288
5026
7955
7235
3976
2560
6514
9830
2907
7895
3874
4249
7039
3968
4650
4643
4188
7166
6854
489
1324
8832
8055
2430
1050
9871
6152
4135
8088
8588
1729
328
7553
1277
7711
908
2266
1801
4770
8667
5581
4989
3279
6955
4783
6533
156
168
5893
5087
2632
3804
9619
3867
3178
7941
928
6825
3521
1287
8443
4271
1379
9896
5707
459
7373
8510
4069
1868
6152
3166
2065
2604
6786
5354
4879
3500
8519
7034
4402
6337
3399
5452
7009
2774
4668
1256
722
9450
3776
9670
2584
8948
4578
7460
2430
8514
8468
5399
9415
9767
7897
8199
2099
4796
7822
7815
4865
4451
828
6546
7727
1325
4819
9772
584
2324
1421
4934
4236
7659
6478
5245
5531
9527
4018
1187
56
7293
4492
3146
2744
8230
7186
3425
7839
4871
6404
4464
746
2705
8524
8263
1945
203
9260
9125
5225
737
9605
7901
7785
8182
2682
269
7924
351
7971
1562
2860
8932
9608
5858
3430
3645
4942
1404
3875
2297
3920
4210
6700
4709
2805
2701
7588
4358
514
994
4954
1328
6049
4253
1285
9096
9239
7931
8596
1279
1603
6589
598
9342
4661
9593
4448
3422
595
7740
9309
5216
1374
4774
673
3699
9470
7601
7769
3301
5220
5495
8067
686
8952
5991
5637
9828
3353
257
7949
2264
7196
140
3342
2907
4281
2557
8013
2917
358
7908
5538
8667
7561
6864
7805
4959
951
9439
8163
9171
6908
4488
7761
237
6253
1171
5791
1864
8094
5456
9167
3003
7849
6346
6547
1835
8287
8336
9000
1630
535
7289
7892
7034
6065
1732
940
9211
1565
2586
5351
2859
1511
241
128
6606
6111
7844
9008
3634
3030
1556
1577
6955
983
6332
1934
227
6384
6546
8512
6535
1618
2119
6969
1367
4454
5382
5457
6382
2291
1552
6861
9291
5059
4420
9954
7380
3723
3570
9379
4902
263
4405
4227
1767
1423
851
4637
1817
4277
1625
4765
2381
9893
3455
4032
2865
5362
8390
3131
8591
7437
9909
272
3671
6993
1273
9299
9361
1929
7640
6047
6960
8194
2460
5220
7247
4389
9357
7243
5749
6404
2668
8110
8172
1224
7493
3153
5061
7213
596
374
5830
8755
705
7109
9760
9773
9989
4496
6302
6706
7800
935
8553
4581
1148
9819
7999
4335
4548
156
2863
1103
4460
3027
7199
4858
1151
5872
1111
655
6245
1243
4610
4415
4576
7425
1084
4364
5768
7271
102
5193
507
6387
55
5619
6012
4451
8793
5775
7574
2583
3335
2416
2452
6867
2129
8119
6901
9127
7874
8380
4326
3991
1021
4180
2383
7431
6056
3547
5795
9276
2536
8742
547
5062
9041
1848
456
8299
7418
5139
888
767
3397
488
5595
1937
8040
6301
2111
9105
5862
5986
1048
6783
2338
9766
919
2820
8999
9189
1954
6952
1275
9672
5640
2221
3799
5274
8507
9737
3313
9178
817
3401
8021
2885
4231
160
7438
722
7117
733
5307
6364
7603
1979
5404
3437
521
7761
4482
5167
3951
8696
1376
2531
3269
3372
6255
3415
3718
4848
201
2957
708
883
527
5014
3800
5922
2188
7492
7822
2088
931
5815
2647
7802
1646
8549
5732
3974
771
2497
4108
6763
620
7751
3353
9361
4945
6413
1928
827
6048
726
5717
5875
4429
5058
2499
6812
920
5863
3127
2107
891
4960
9101
62
2314
6526
6242
3883
6074
7794
9458
951
2135
1911
4116
849
3145
5841
7784
2598
7255
425
694
1579
8322
3702
5557
4255
2305
3982
2853
3385
4168
99
4877
3512
2675
4199
2189
7063
8306
6425
3560
4133
2328
6081
3935
4258
4027
2102
9705
7123
4141
4738
4215
2441
3020
7536
1037
2857
1394
430
1891
4953
6579
8656
9297
331
3674
7952
2481
181
6978
8312
432
8086
8138
2768
2204
4526
3816
3385
2970
9777
7675
4466
8938
6110
309
9114
2796
4836
3765
3280
9164
2351
2109
1470
6629
4332
3651
8544
2249
9416
6866
286
9572
1941
9448
9836
5145
3340
9437
5463
9834
3349
2718
1091
546
8193
3125
3919
8329
7487
7715
5827
7833
1580
8802
2593
5816
8127
762
4334
9645
7223
3017
6678
5645
5516
5105
1026
6165
4633
3970
6314
8072
7346
9553
6030
1507
2366
3329
5952
1042
9377
2764
9427
8289
6849
2387
9102
9063
7816
1354
3237
3205
7736
6852
555
6534
9083
3146
5018
1975
4105
6824
7315
9988
708
2397
8639
3969
5826
2718
4522
3729
5537
8335
8321
9267
1919
8921
7632
1885
699
3658
4141
5421
67
3420
7389
5148
2568
5914
8170
7555
4033
9115
9525
8822
6912
1048
2705
7581
8762
136
9179
1621
9782
2131
794
6852
7342
7049
9511
4982
767
2838
6932
7780
175
9138
5438
9264
3053
966
8423
1207
2387
6691
6338
3491
4872
7280
5632
7208
5021
2676
9697
4892
3981
8948
6368
7982
7401
8056
4395
5131
8570
4245
9215
8158
6544
2265
6945
7758
1003
1336
953
6461
4984
8444
360
6394
3298
2820
968
4984
6662
5117
5867
7046
8817
580
6370
4864
9853
7290
8189
8272
8806
1859
7840
8432
8152
5990
6556
4719
5800
5966
8271
2453
4865
1136
304
9450
8802
3032
8298
7844
1241
344
2871
9458
3595
4652
3301
3011
6142
9706
9469
3531
815
5839
5889
1508
5459
3939
6386
1097
3778
1060
9909
2220
8133
6377
4617
406
9407
9332
9109
2870
6114
3920
5255
5141
3982
5032
4072
5732
9711
3871
167
9739
5508
2514
6178
9675
2910
2487
4471
4939
9271
8387
4172
273
9170
9996
7384
3170
6600
3995
7462
903
9736
2772
6831
2892
9512
9128
5071
6219
5653
7489
8137
4524
6353
4256
3999
5488
3458
6576
8660
6935
3530
9470
7345
7681
2339
6600
4714
6934
1222
7883
8060
8684
8583
1945
3327
8728
7253
6476
3619
7904
2632
6016
9586
8226
1079
3940
1020
9982
6093
3980
2105
956
2382
7778
4112
894
4172
1122
712
3327
9340
5224
5541
1520
4559
6776
2109
3505
3174
1730
3325
4447
6623
5267
2503
4282
9350
1494
2626
4761
4459
6908
5399
5956
3239
9986
6621
659
6742
6071
7586
3217
2272
9178
3744
3991
5082
5993
8837
8884
4351
3961
7225
3839
4716
5182
6718
8416
1764
4423
133
1671
8377
361
9525
1517
4614
2953
3941
9184
1761
1542
4571
1636
899
1792
9902
5982
9286
7893
2933
2960
7436
1347
9971
1657
6722
9657
525
2015
5144
1698
55
3928
2518
5844
1056
6669
4394
2287
4612
6649
5041
4516
2542
4700
5511
3204
5484
7895
728
4988
4059
96
4513
281
8839
7404
4091
7559
1724
8365
8668
3503
4233
2829
9934
5075
3864
3152
2873
1626
3684
6307
20
3023
4654
9144
3120
5147
5057
5433
7936
4233
4705
3664
6667
4357
7806
7549
7433
8482
2462
371
7037
4523
6546
8580
7198
799
6277
8730
8506
8589
7289
9800
1317
6289
6120
2605
9875
1732
5175
526
4908
7979
7402
8672
369
2782
8971
5029
2306
9268
3649
5583
3131
2931
5912
8645
5977
8168
6247
3986
4443
5117
636
2516
54
8722
8655
8978
8634
8423
7805
3390
9162
4386
283
8919
1078
4779
6953
4429
5901
565
2638
463
4263
470
4663
5139
5173
4139
1080
3736
8567
7688
7383
5209
3396
7542
1804
1691
4854
1077
6555
6469
765
6943
7472
951
2518
1825
5596
3464
254
6004
2479
1629
5463
335
8544
8776
81
6995
6837
4205
7090
586
1267
8814
269
4334
4287
585
7691
2237
6265
3600
6601
5872
1060
4086
7722
1152
3723
8242
1474
3640
154
1176
6105
8501
2741
6995
7468
6970
3468
5194
1593
741
5867
943
4389
7889
1974
3266
839
8804
1090
8145
2418
9353
1815
9439
9460
3997
7248
717
7230
2801
383
3452
2041
439
5013
671
4487
6503
2099
1335
8620
729
407
9225
3057
7887
1255
7825
445
2124
2032
9221
9004
4247
1698
6575
6854
7961
6037
6669
4630
8637
1428
9391
1841
3232
676
9700
8160
2776
3393
2380
2343
4248
7887
395
8666
9227
7053
9647
996
7430
1024
8770
1009
2323
6523
1693
2761
2226
7627
5445
1981
6115
6221
2441
288
6297
2773
3319
6458
1555
5071
1177
8287
6585
1405
4141
2348
7572
8021
8149
6426
2130
454
2204
7641
666
4128
7682
5828
8203
9647
1693
4122
3272
2627
5065
551
7463
7297
1429
1832
9736
4190
952
9972
4850
9828
4040
8814
5517
938
4605
2677
7690
1481
2178
3015
8707
9082
1165
7297
1608
3388
2987
6090
5341
3563
124
9538
1670
3454
2184
5967
9002
5776
781
2019
3225
8148
6839
4332
1793
1933
3435
4281
2467
4942
7617
6790
6199
5622
636
8826
877
6561
415
2579
6785
8553
2684
825
9464
2272
7381
8530
8080
1277
3073
5602
9765
9524
8834
6252
1908
2299
2245
1706
5207
8062
4755
6556
7650
5008
9333
5975
6393
5661
7973
9660
4734
1086
3915
1821
5480
6632
877
6315
7
8690
1732
2016
2554
1573
3143
214
7794
9545
5436
4647
8184
7157
1312
6786
4457
4856
4613
2922
6778
7618
947
8869
7800
2512
1794
3126
6278
3001
7729
2063
3007
5020
9087
4374
4489
1909
8709
4871
2193
7150
3024
1498
9597
3214
6909
2234
8330
3135
7453
4498
8882
8817
9990
7022
5054
7562
9822
6818
6908
3403
8095
7298
915
1262
1899
6691
4714
8039
2787
7474
5715
9179
3008
9651
7955
8598
1861
3674
3836
294
6396
6856
1205
5855
4959
8692
4997
9912
2523
5479
6536
9623
665
7308
8463
6720
6926
9106
2849
664
9092
3951
5969
3851
3579
6519
6236
2300
3173
815
5754
3603
3534
2941
4079
419
717
2277
4720
4665
2902
9748
7397
1445
6720
1728
1672
2519
564
5827
9608
1710
2212
2565
8085
5753
8248
6028
9101
3547
1697
4057
1581
2431
1598
2111
6941
4898
9229
2623
1401
3609
1870
4608
4847
2533
4193
5064
9136
1771
5731
5903
8602
6707
2913
5471
8656
5602
3092
3779
6574
8573
5810
1610
1163
4660
6531
8105
5188
3195
3562
4172
5378
1431
4406
3389
8587
2362
9704
6039
4494
7530
5827
2662
4864
626
9360
6407
3607
1078
2094
6105
4155
9917
8821
3255
7222
1562
6159
855
7471
5343
8867
5799
4066
3518
2429
9651
5354
9639
1270
364
9068
5157
7104
1743
9044
7698
7977
2565
3713
3866
8209
5722
306
3634
2734
7934
9104
6599
1706
6024
35
1051
7650
2436
6794
721
6803
1368
572
9811
8053
3340
3895
2498
9969
9775
9166
9113
3812
3637
8366
9722
7125
4775
2166
5250
6961
9839
4303
2628
2610
3536
8413
8381
1762
277
5424
3299
4644
5460
9994
4171
4986
3959
1171
8847
1462
2484
4950
4291
6140
4638
4174
552
5325
8592
4412
2684
9332
5308
9302
5433
801
2152
1288
9047
6156
5789
2752
173
3511
5488
5332
1642
6302
9529
5037
7283
3475
3199
6639
5337
4845
8188
4793
4333
1292
4394
5545
1861
4719
5268
4734
937
8698
9693
8337
603
2235
9968
8791
1655
8316
738
3239
341
1303
7794
4700
9340
9754
3995
8119
5937
1821
2442
579
5145
183
1365
5241
7260
4267
7413
1475
9667
2566
3106
3051
2046
2517
2291
5380
5041
9965
9312
5845
9920
1153
1991
2480
435
4297
6644
4246
8516
8972
3902
5522
1359
7376
4240
1162
8099
7415
6705
5942
1694
354
8550
3233
7368
3861
7625
528
3134
7794
4117
109
6944
3646
7413
2049
931
3296
377
798
2492
5722
4796
3911
4712
9600
5135
3396
2099
7781
4600
5719
419
9385
8514
8458
9961
1749
8107
6680
7920
3069
4547
5523
8942
8197
7295
4427
7042
4703
173
7633
6275
478
9740
2539
8133
9527
7945
9911
5893
648
5579
4236
5906
7816
557
1176
845
2114
7475
488
3851
2842
3253
2153
8462
7466
4427
8962
8778
5649
7876
9365
9216
6352
3408
6329
8156
9749
7453
6590
5963
7406
9699
8470
864
6885
5117
5501
7939
5736
2941
6917
5465
8261
6531
6400
6019
7565
6109
5764
8293
3747
2829
3266
8545
3266
6149
6504
500
3614
6248
2733
7137
7025
2126
3269
8070
4429
9062
9882
2312
9273
1979
4997
2882
6265
7506
4914
2407
533
1426
6838
4554
1296
7097
1831
8845
1591
5603
6690
2467
552
1789
1248
7354
5121
1555
8994
4574
22
7282
4907
5586
4269
4443
6355
4287
851
2009
2946
8845
1276
4743
3831
6973
5851
2107
6984
9979
5236
2652
4826
9264
1168
1388
7180
3974
887
3071
4159
468
3543
7573
9139
7240
1825
6732
1387
7086
6120
7606
6006
2861
7146
9186
5257
1961
3194
345
3005
4745
1795
494
914
297
6335
1902
9030
2921
3477
3861
6637
8146
6238
4765
4512
5903
952
2644
9730
5168
3002
3709
1611
7913
2054
8628
2875
972
5631
310
6348
8753
1126
6032
9900
6728
6485
1169
4177
4967
2859
6444
1933
1085
7756
5267
7679
7195
7596
7112
1435
7127
9536
282
3119
5022
3250
3461
1067
3845
1097
2110
6383
1900
1593
8764
7074
704
7364
8048
1761
8371
1754
760
8691
1361
8464
830
31
2306
8262
9863
1318
5622
7964
7047
3014
2407
1023
5566
2202
9603
2191
5687
9722
7904
6124
3936
9032
8805
8563
3353
573
7441
4412
2658
8173
4239
5754
4679
8593
3136
5004
3499
7579
3139
6589
985
2006
7690
8199
7952
9936
5078
2215
9957
8034
1625
7098
5648
6003
7196
6820
6461
4620
673
319
622
5188
1270
3421
695
2236
9509
2379
8567
5234
6366
2481
943
9894
1624
5756
8365
133
8479
122
1658
7206
5949
3672
8501
9820
4961
3104
1580
1577
6620
3005
4720
9035
1114
8051
6458
1908
9994
3196
1919
3825
3654
5276
7039
851
8168
2337
1035
802
4
4984
8000
2262
5601
6641
619
6583
2806
3113
9964
79
1499
6088
5930
3086
2394
8753
4853
5831
9219
6289
5869
4807
6671
2924
8488
2106
9098
7003
7561
8790
4382
2729
4292
9044
812
5220
7900
7731
9523
7102
2302
8523
6442
7294
2790
2846
737
2556
6316
8811
8579
5208
4287
7268
8385
6202
1803
5796
3736
3090
931
9311
6177
7352
1482
9366
1468
1703
4128
2583
7713
93
7188
3183
6912
9967
8049
141
3718
5938
2740
7833
9953
4929
4437
5689
3562
6540
190
3575
4409
5334
3020
318
4755
8742
7721
9564
2747
3274
1732
5720
8598
7820
7695
8335
797
2247
5413
8923
1149
6540
8023
6027
8576
9652
494
5590
7359
7507
3469
8271
9973
7674
3421
3449
5748
5967
9684
9782
8538
8512
6658
4237
5486
2633
2513
8214
1543
3427
3418
4247
6650
9975
4212
6664
2946
778
568
3765
5314
2701
4145
8471
7903
5099
8408
6902
1779
1898
808
4525
7341
9057
8314
6535
8651
6291
617
2564
1333
7927
4482
4371
4956
5984
6537
8745
3110
1603
4800
2564
3938
6553
4032
1673
1394
546
991
5753
5615
3992
6584
4778
5114
3723
5811
9870
6087
4840
9452
6851
381
8316
826
7607
947
9526
1007
5161
7325
9187
2565
9028
2702
6266
7852
7140
1992
8188
7122
7049
6580
1671
531
5677
1387
4749
698
5900
4998
9559
1924
503
9155
56
6135
5772
7722
6837
5310
7787
844
5953
4372
5216
3883
4980
9165
7408
4771
7305
8877
4969
248
6992
110
8072
89
5509
7693
9101
5275
9233
1264
1135
3317
3772
7847
3960
1353
3135
5356
7616
371
7500
997
1665
1163
7625
4928
2575
5078
6865
9399
7047
6699
4705
4011
4042
3538
2734
3068
3970
870
8833
7625
767
5877
5096
1229
232
2496
8469
8046
9327
8055
1410
9136
5446
8563
2516
2817
6505
77
2735
4719
499
4816
2110
1996
2908
8159
5141
6405
373
4445
1774
9432
6582
5126
861
3029
5243
665
9377
9077
6370
8604
7303
2339
5073
5310
845
9486
3670
718
7662
9167
3456
1281
512
5902
4993
9068
420
3129
663
2025
4447
3929
8298
1694
5951
4482
4964
4264
6498
3547
8581
4500
626
173
4982
9737
4160
9274
5721
4570
2015
3302
5853
8033
9488
7160
3617
1063
2403
613
9695
4359
5740
8840
442
1885
5403
1462
1785
3431
2974
5023
2336
4862
2652
6896
4725
6837
1145
6438
8987
5518
1889
9766
5625
3257
5604
7254
7893
372
9927
1556
3435
3706
8332
5910
8234
8667
1148
6498
6072
5881
9518
4255
8950
7009
56
9307
1584
7810
3781
6602
1658
9084
3281
4820
4295
7083
4409
195
2509
3587
7469
5316
4315
5548
1487
4582
4534
9386
3586
5522
6870
5503
9405
8252
3751
2052
9450
5497
7667
7954
5250
3186
5744
3398
996
9381
5748
5583
6422
8313
1486
9865
5047
5356
1847
8454
4644
5257
6559
5570
8470
9753
265
8396
9287
5921
2754
5886
9573
8777
4234
7348
7812
9985
4977
6580
9967
4856
8441
6783
1993
5175
4328
1700
3730
5034
9799
8390
6185
2042
6730
1122
883
6532
112
3693
4965
830
8950
6498
1470
3469
7292
3784
3733
4645
9443
8515
2414
8940
758
6719
2896
2406
6263
7139
4740
6492
6401
5045
7214
2445
1859
2601
5524
2024
3801
7358
9926
9436
7720
7619
5583
3663
9450
4129
2333
7819
8160
735
8963
4158
3003
8153
5545
3276
683
2541
5897
8799
5393
5545
2700
3184
1221
4617
5217
3571
3973
8387
1327
4583
2216
8936
5520
6084
1067
4976
1647
208
1011
3490
8439
8943
2368
2091
8437
7418
7474
2812
6179
2492
7141
7454
1013
1966
7809
3060
1849
5061
8031
8527
7986
3840
3605
8622
7051
1240
6914
4240
7031
9972
2983
4291
9571
5926
4313
2361
7337
6818
5448
2314
9101
6767
8049
4433
7977
5286
5089
9280
8940
2027
7215
724
1700
5280
3993
9477
8769
4281
5461
4645
2889
5702
5666
4427
2817
5519
3265
5375
9383
4593
4209
9998
6698
1942
6635
5758
4712
9732
7458
4822
3337
2522
7379
495
7782
1347
4862
4000
2396
8888
3034
1956
6926
3013
5612
3919
2625
3138
8675
2665
6209
1645
5345
2051
7907
9225
129
7985
1534
9416
8333
8555
1345
6762
9318
6510
5469
1509
2244
1860
6875
439
2148
956
1468
3626
3385
7026
2599
4400
7232
3660
9844
1563
2723
7196
1930
538
3152
4718
8813
5615
6970
8904
4658
8489
4079
3155
1964
4896
4463
7979
7948
3833
9490
9027
594
4964
7539
4792
7452
7868
6080
2566
5420
9541
7803
7723
5966
9567
3257
1494
8305
5653
4782
441
1395
3598
4564
5337
9840
59
3555
3681
4493
5072
6540
3064
5312
3089
5046
6927
1873
1353
6701
2812
6336
6296
7334
3841
5224
608
3633
4886
1898
2482
8612
8083
2543
6203
9592
6752
2796
1851
9432
9003
1083
40
5119
3881
2619
9806
2820
752
2441
3465
9400
3056
5936
3581
1016
1873
752
6032
4423
7867
336
4985
4736
9557
5855
890
9698
1540
1937
6413
3835
2073
8956
9401
7603
2146
4282
8557
1052
2275
1767
2451
1935
4296
4377
4587
5796
6084
5912
7668
7309
8279
2235
2973
346
7490
5974
7440
1684
379
2602
3846
319
7864
6284
5860
6395
3958
9342
2986
922
4555
3177
3691
6262
5784
7837
9173
5202
5320
6720
2879
7410
1667
2752
5552
7541
6353
6054
8338
3648
9545
7906
3128
1771
9635
2845
3098
2636
1458
2150
1036
948
7489
4914
9387
8527
7860
7253
7288
4937
2737
3733
6906
2052
7475
9687
2481
467
2668
6549
314
9530
2339
6007
1409
4544
1875
2043
1012
546
2408
501
2533
5426
8570
7750
999
2474
9205
2140
6921
1528
9014
695
4
8240
4671
1875
3639
6478
2424
7226
6480
9310
9119
1532
3121
4339
4896
2198
1877
9111
6854
7445
7491
3837
6952
2291
9805
4468
6836
4835
4283
7868
4601
7514
9069
4504
3483
2083
7386
3072
470
7897
8779
248
9473
1202
4121
7488
2498
7068
6619
8554
314
4670
8329
3860
9244
9069
980
5119
7494
7590
1657
7262
9366
3772
7113
7437
7539
749
8603
5954
8127
2173
9605
8421
117
2534
6146
9872
9388
1345
76
3651
7339
9401
7673
4242
6571
8811
2048
5651
9454
3803
9473
2776
5141
7826
2590
8964
6422
5004
5368
7295
2824
2158
6185
7996
6186
699
7222
2536
4095
2107
6922
8411
85
4256
9369
3155
568
1480
7282
5298
9701
3078
9070
4459
6867
3846
310
6797
1258
7963
7459
4317
1086
5193
7025
3092
4711
2246
4262
740
4349
8453
3723
3619
3293
3319
1485
6348
2709
523
7392
754
7565
9586
2957
2557
4856
5017
8458
1760
6802
3814
9581
8250
7398
9473
5765
448
6815
6586
1222
1104
5563
3635
8085
9516
9006
9211
9704
5473
630
2190
8051
192
2260
4846
9143
8811
8666
3996
3634
9743
8985
1364
3034
6100
4931
8455
4535
2595
7311
7387
7464
423
1891
8796
2737
8606
8758
9320
8182
5414
2945
6003
5098
3976
7447
8711
2462
3155
1159
8049
9908
4465
4950
271
7945
5284
3457
9664
4007
1443
224
1319
8355
2978
8415
3601
7171
9605
751
6045
2229
4220
948
4799
4561
6817
1521
2553
7414
1405
8901
619
1035
5723
5198
2944
2896
9149
3924
5390
818
1349
7663
7328
1489
8302
9093
7476
4881
5049
6547
9804
3428
4672
1092
794
6910
8571
9500
9838
885
1159
2322
3631
9011
1193
4196
1142
3581
5386
9923
895
7232
9574
1087
4079
2883
2685
8670
1470
6599
1596
8991
4563
4761
8113
3329
3171
4773
5146
1538
9084
146
2324
6935
5739
6186
2599
7045
2801
5944
7786
88
7380
162
1755
4193
5711
9117
6290
1608
4615
418
6641
2986
3109
5067
1345
6445
3085
6878
4761
4725
5373
2529
9700
5271
5487
1585
9040
4852
9369
5211
8355
6860
82
7232
7666
8089
7166
9763
2987
1632
2532
6428
8811
2551
6232
3992
4348
2887
7943
4163
2117
7200
7029
859
2624
713
1124
7396
5952
4557
9167
3828
4489
7629
3099
6773
2057
3638
5268
8799
6132
7863
7778
3839
1622
3158
7007
9082
7231
5954
9021
7828
6811
7896
1108
5957
767
2311
2033
4826
7213
6308
9709
3909
7302
4941
7763
4122
1887
3544
8212
3001
9149
9312
4213
4563
9270
6289
4243
563
1332
8250
9618
6891
2793
899
8688
4369
6760
9458
3976
7061
9639
4989
6650
3053
6090
1507
1293
9583
1438
108
3822
3216
4286
7343
5883
6922
2270
5511
1205
653
117
8776
6924
8680
41
6989
9789
2571
2857
3462
7144
2203
6751
9634
8830
7816
6183
5945
2315
2917
2347
9319
7272
3361
8481
4544
1670
5110
1805
5235
8323
7187
8502
7034
3201
9799
7513
9048
2047
6029
946
7784
9757
19
2989
8441
5665
6993
4765
9252
821
1311
6961
1676
2421
2543
4814
2784
5665
4475
2949
3030
4762
6110
7648
6264
4546
2420
8739
1273
1785
7372
2701
1977
6042
9594
472
1393
2801
5918
7810
6092
712
1950
7788
1087
7199
955
3830
3165
5777
7450
8265
3279
9452
897
6391
7118
1006
2261
1065
3992
8681
4027
2078
6946
3653
3767
2649
2470
8916
8305
1737
5328
8739
414
9919
1699
9564
5138
5841
4203
1983
2572
2328
9
3853
8553
7018
2600
7618
8733
5397
7446
432
5558
1180
2411
5530
6111
1162
3693
1095
2057
2348
5959
9776
9442
2718
5669
8037
6513
1445
4437
8890
622
980
478
82
4818
4006
4279
5796
6359
9975
5714
862
4655
3397
6111
9623
7335
8283
5000
6829
4246
3270
7243
3794
9217
2260
6150
866
9938
5095
4770
9234
2492
5738
9490
1368
6971
8876
1781
9654
5201
1879
3466
4306
9209
2055
758
6802
4176
4573
7906
9529
7300
9825
7232
8877
1453
8465
8750
9291
2344
6115
4394
1316
2011
9219
1646
6177
4164
869
582
157
4105
2842
174
3388
1585
2890
3159
7473
7078
155
2322
2603
4142
1474
1933
6620
7297
6809
2837
1635
4836
9789
7028
1447
4740
3178
5181
2970
4518
592
442
5395
2503
1537
8384
9905
5475
6377
2354
6237
1045
9180
1460
5436
874
5489
7540
700
4694
7313
9078
8680
2470
3370
1069
4108
4061
2201
2745
5515
8287
7127
9434
3463
9919
262
8623
7552
8235
9552
5612
1188
6620
3753
6676
8361
8287
9085
943
748
2826
8674
6119
5738
4770
4073
2847
2116
293
2829
660
1762
1264
3746
1979
2028
9292
832
3941
7892
9978
9484
3331
9909
4835
2571
3770
699
8620
3074
5909
6430
7927
4604
4346
9275
1625
2259
2569
4986
3847
7330
3550
892
5914
8775
1054
649
2281
5097
4604
4436
3475
1735
9740
9480
7888
4314
1664
8114
4746
8469
5270
4002
5337
9675
845
2140
1253
1008
82
3549
8818
1249
9805
985
3415
3692
3060
9183
3617
7179
6343
8553
4933
4803
5476
4391
3785
7678
6521
746
7086
25
8640
3274
2542
8704
7826
3363
5893
7507
4302
5301
6248
1835
5585
1781
8671
7840
1167
7802
1642
3182
1685
5129
5790
253
3289
3076
8130
9543
7480
8581
5795
1404
5175
725
4490
5434
7475
8536
7622
9359
9836
1546
7329
4760
2754
6024
8787
5261
3009
814
4368
9274
6258
4639
1798
3328
2887
934
3054
4092
522
8526
6473
6665
9007
7768
149
5174
6742
9345
2024
8765
5400
3737
5675
3849
992
7976
7958
3420
4759
5690
3003
2610
5657
9289
2771
5983
2184
5986
629
9384
5571
653
5066
167
8222
1561
8831
8685
2536
9739
2251
3050
4583
2915
5023
9711
2962
8921
2199
1068
2905
9286
1811
223
1593
5803
6371
6552
9117
2714
7227
2110
3585
3177
2656
18
6586
784
5141
7271
5381
4009
848
6941
5270
2073
6574
6164
393
9396
3684
6491
8520
4151
8751
4090
1138
406
4214
5364
2918
5256
5835
2676
4594
9958
7284
9812
5652
7799
6478
5800
960
3367
5139
5069
2854
7003
8034
1723
5514
8547
5437
7853
7460
637
5612
3711
9886
8612
5320
8117
7387
8086
3629
799
3641
3626
2574
7863
3748
2190
248
2970
3377
2198
766
2176
4662
8626
5019
6865
9860
389
1774
7990
901
9273
7093
6455
3668
8245
7628
7025
1903
4927
6728
866
3108
9911
6197
6646
7842
9346
8431
5952
3974
6399
4540
2455
4121
6503
1869
7878
7454
1001
5645
7538
2059
3839
1252
4341
6598
8108
9135
8161
7226
3274
7451
9385
2943
1504
7478
9968
9153
1006
6973
5008
3504
8012
5155
7280
3449
1570
4342
5406
9938
6525
3195
3944
1106
8215
4865
9223
9569
2420
7657
7677
6517
3889
6324
3734
8537
9791
3795
4357
6148
2867
9684
3064
1163
579
6027
8787
429
2736
747
2134
34
1013
7414
1989
4559
7447
5030
5809
5213
3729
5352
6574
3462
2043
1764
7727
5209
2142
1212
4818
8320
6210
8430
828
3328
7278
4326
4404
5296
3672
7203
1367
2635
7042
4109
1719
8569
5016
3800
6082
6164
9267
2932
845
749
4846
242
7920
427
1782
3782
2614
2722
9122
732
8588
5615
522
3991
1646
6083
9888
55
3866
8195
1966
9480
1861
415
8222
5017
6397
1063
4843
7459
3611
7578
9545
8696
6113
9190
4886
24
1409
6774
3125
932
6182
1740
3645
7572
4745
9615
4098
6094
4604
5982
96
9058
9330
8394
1211
3895
5815
6722
8388
6047
3261
9981
687
6539
7451
3125
9508
5691
2281
1703
2091
287
1726
4047
7191
1884
2725
8674
2804
3433
4760
1429
633
5054
8637
214
7550
2740
6080
7963
2967
4320
8048
714
2781
3300
1931
874
9049
9860
8753
8068
5384
7026
5090
5579
7845
1557
4665
9892
1757
256
9681
4752
1517
4716
3605
2622
3720
9719
2244
2761
7636
9541
6915
8726
4869
3318
1226
5974
7014
7098
6751
9801
9272
2980
107
1035
5305
5109
8478
2950
7387
1604
5637
7523
3163
373
485
6895
4384
5883
5239
6319
8074
1413
1068
3245
7205
5485
1322
2609
3516
2761
6464
3600
7742
586
8911
520
8060
7675
3190
5383
8344
1676
2420
1518
8159
5653
2457
2202
4719
6198
9605
9135
8773
3939
5984
1194
7049
2055
6540
4479
8139
232
2800
7391
292
5634
9735
1135
9932
6825
2095
9109
2296
7181
343
3837
4468
5147
7890
7675
2390
9534
7307
8890
8292
5605
9288
8797
7242
6427
6108
5216
2238
9406
2186
3284
6504
4316
5036
7252
5411
8742
6136
7919
7999
6628
3937
4832
9147
297
1353
1104
1065
9763
8278
2740
2161
8861
830
8158
3361
8924
5251
2215
474
8442
223
9007
1101
1064
127
716
2357
5614
6682
6160
3023
5534
5914
9785
7663
9091
1923
4463
8090
2618
8595
683
4656
1363
265
400
7000
1524
5961
6605
8118
3623
7549
1654
7672
7139
9304
2250
3536
3630
6302
9085
3220
6155
5918
6720
4796
3654
4
3185
6908
8731
944
699
9852
4672
2051
1467
5798
9831
1464
941
9278
6421
750
7420
6373
9972
7902
6875
9421
4663
6124
579
3689
92
2014
8648
2647
4070
1970
5129
4850
4209
9050
7431
4575
548
2371
5600
8119
7136
6231
4820
7341
8952
5831
4987
3762
7688
8146
2244
8250
765
6713
4006
5398
4730
8595
4401
7542
7150
2294
9711
4042
4119
7381
233
7678
6633
5670
6952
6579
8931
7575
7187
8401
2812
8309
9709
7774
6040
1023
5214
4921
2947
2926
8230
6306
8959
8388
6330
5624
6663
8496
5218
8630
7478
4013
9236
3853
5063
6483
7811
8643
6403
8051
207
657
6606
2271
8183
9381
846
6959
6983
7550
6387
5899
1351
6072
202
842
6730
2699
7516
6252
3714
9577
9452
197
3701
5358
1090
375
5056
8331
786
1520
9163
2563
854
2041
8212
2690
8300
8733
7423
7424
4949
1283
5283
6813
2928
1256
299
7788
5234
8709
8710
6428
4362
9532
3524
9245
8267
9208
709
5568
363
121
6916
3356
9319
2006
1283
9656
2154
1617
7059
9462
3633
853
1447
8144
2823
548
5708
2178
2346
4250
4144
7600
8363
3785
6415
1412
7596
5017
2668
6824
224
5650
5247
8043
6803
9311
7160
5744
9437
4528
7757
2912
5727
8686
2195
2856
7749
8593
699
8201
296
3736
3801
2321
6724
6561
6738
525
6338
2534
323
42
6387
969
4691
2236
1419
5754
2868
1718
453
5099
1866
4509
7768
58
1878
9068
9160
5959
9286
7449
4454
760
4041
5471
1222
1375
1728
4067
6216
7998
154
8803
7718
4772
5738
8518
5165
4854
1614
8520
6073
8034
6111
8649
806
7512
1560
3901
2283
659
2579
8093
5367
4017
5975
5227
6243
3470
8962
4736
2861
6946
2818
2932
3668
1138
5938
9812
2194
7078
4935
7665
2770
6796
4218
4945
6715
6530
9344
6919
7645
5284
5446
3263
9992
7583
4090
4249
4336
7663
5079
4266
2074
8832
5843
3343
2761
2669
5576
565
2770
1258
7392
5507
6898
8282
5889
850
3041
3201
4562
3913
8363
3815
3563
6718
9432
2946
4649
4265
112
4332
8375
8347
8815
9885
5571
5218
3305
7544
8604
7794
4365
2312
9171
3967
2062
410
9236
5547
7467
3779
7610
9629
4169
7788
8445
7815
5143
2382
4387
6733
9663
9864
7250
9384
7123
3612
5313
5762
354
182
9228
8548
430
5620
1239
5882
6495
1082
6747
8400
8755
7214
3451
8213
9742
2081
9222
8588
9475
9767
1350
9447
8570
4551
5568
6139
5702
1395
7543
6200
8753
6831
1209
9112
2558
1033
9670
6229
3839
5079
7940
8148
6765
9134
4731
8636
6010
9735
18
5036
8403
6962
3889
1076
5023
6116
4748
8381
3879
4015
333
1227
3366
4075
6008
3358
8981
9248
9448
2629
6754
6016
5532
5311
9860
1746
8724
1622
9766
5270
5982
5010
6169
4929
3845
4322
1321
2905
8447
9223
7001
8144
4115
8093
963
6438
9611
2499
1827
426
4234
5378
2141
3083
3882
7725
1412
7955
1220
4880
4956
3078
997
5506
1542
3027
5703
7381
870
2725
1575
3392
3718
7698
4908
2976
7321
1226
3014
3249
2264
3194
751
6512
9664
8932
7803
9789
2938
6673
4649
5057
3171
5064
5843
3674
8529
3752
4778
3901
2396
3703
3973
8640
8593
1259
6403
3369
3771
3826
839
936
2309
882
5806
2469
2702
6299
5841
7320
1213
2730
6170
3734
1071
5721
5401
4876
9138
1428
4232
3314
5907
2674
9669
2268
5210
7026
3972
6121
3290
9334
1870
5061
7819
727
5628
8180
8700
8986
9412
5765
2910
3781
6376
1743
4457
3337
1827
9067
908
8538
477
6292
4580
504
8108
45
5610
9967
5323
5918
5111
8176
8364
5338
1406
8505
7535
7390
7597
3459
4321
2219
8326
2976
7946
7972
8346
3842
9701
3220
2453
9989
1370
2258
9532
4335
9043
1133
6014
2692
6417
8131
5642
304
2616
2710
1332
808
7405
8226
5639
1630
5065
5565
4260
5623
2820
298
7627
5945
6939
5748
6078
9794
3027
4331
3363
2157
8874
4374
8645
5225
5544
890
7932
8196
4552
9699
5685
5672
5618
179
5607
6895
3703
8186
5357
1905
6213
7736
7092
9708
9468
6733
3369
3947
7671
3180
7877
7516
509
7126
3064
7777
2881
5106
5357
613
8420
2016
8618
1918
9538
8782
1070
8389
1031
7041
5115
3420
7350
9155
7872
1475
3637
6114
5532
2702
4810
3107
9532
213
9403
950
2513
1784
9929
3834
9177
5304
4038
7347
8538
7456
4923
7410
3095
196
8217
257
1610
3981
2895
8005
6858
4159
370
1163
3268
5358
3557
4650
6579
393
4129
8323
367
7994
999
7636
557
7954
7692
3490
6138
5500
5916
3013
7928
7132
6067
7477
8523
7345
8971
4899
1072
3806
3863
1204
457
2005
242
5952
7969
8107
2688
9980
405
8282
6673
1408
9771
4122
7826
5797
5164
6485
290
8246
3352
9829
8272
1269
2896
5169
9057
5674
9854
8849
565
3378
5848
1326
6736
4713
9609
9132
5777
7277
309
9381
3031
967
2700
2865
6581
1170
5356
7632
4086
2281
4216
2119
9507
5889
1617
5402
6314
7523
6278
8931
6620
8364
8041
6056
229
7919
5094
6929
4963
8900
1111
6450
9748
4295
6290
4660
863
3699
9140
7508
1532
3868
3714
1237
9026
3510
9750
2167
313
462
1628
2754
9731
2497
7868
3760
5432
8452
6375
5225
8012
5817
6834
6773
3435
9905
2356
1578
4769
6225
7336
6742
2978
8191
1640
4010
7019
2698
4310
2851
9986
3744
3625
7685
2847
288
2859
4006
7486
5868
2652
29
8027
8197
2627
2850
44
7971
2210
3960
5147
1225
8969
946
5321
7001
6383
8905
7581
8566
5447
2847
4693
8952
1476
19
3987
228
3977
9950
8073
6096
7291
6408
8441
6569
617
4136
2524
1701
2370
5247
5087
6319
8554
2844
1416
2644
5646
2426
7899
9218
5132
1378
5046
1327
2691
3671
7457
6901
6834
5545
2961
50
9717
2123
3540
5801
4381
9143
7868
2267
820
3104
4712
8942
7576
9177
938
4867
6446
2341
8688
5596
7888
7090
8766
9337
1407
2844
272
3802
5127
8553
9640
4646
5170
326
9050
6872
4453
9867
2890
9592
3474
7413
7075
3402
322
8892
9015
3040
5973
6340
1631
1281
1256
6745
3929
3279
5057
6039
9937
5471
4003
2598
1125
7789
885
6738
1677
3540
3517
9539
1612
8981
8064
8443
1933
287
3586
7756
3608
2162
9182
1479
9308
4533
1118
9758
475
7907
251
8595
347
5878
9166
1547
7611
2588
84
129
7622
5574
5631
7016
2382
7799
2635
3253
7218
4603
6107
3429
2617
8033
3982
1600
9407
9889
5131
1343
3976
4220
4617
673
9193
6449
1465
5092
5610
7847
7380
1138
2940
5943
4042
3999
4080
8448
2306
4231
3776
9186
5660
9052
7851
7531
1961
6302
3797
303
2106
1838
1033
6160
8229
2800
7326
1490
6291
6326
1710
8447
4072
2145
1664
8733
4667
2514
7393
4755
9576
983
1242
1369
3076
8832
1300
1358
3026
2596
9207
5892
7053
9174
8249
800
9205
3099
7036
6999
8966
8031
7125
6688
151
5110
8121
855
3744
7530
8154
7405
9753
244
2309
981
1050
8649
5659
4546
3725
6422
2262
5609
6086
6860
5128
6612
232
3104
521
4587
122
4617
7391
2749
2450
219
1303
8301
5839
4160
569
3482
6995
2529
9295
6243
9505
5488
6663
8307
4883
4090
4759
271
7051
1393
2980
3969
8495
1839
8072
9760
9088
3003
9582
1455
5397
6532
8189
9537
8160
6903
2130
2621
5457
9847
1495
1879
3042
7657
561
5603
8398
1143
8122
5775
7066
7985
3664
1319
1516
5001
8514
5122
3124
4233
1296
5328
4305
8408
2069
7958
3067
8445
328
2130
8546
2895
2125
8217
5609
1680
7576
4423
3339
7489
6362
8585
846
8527
2627
7621
6721
9164
9217
2833
7987
3146
1395
6396
7070
9922
5228
6039
2999
9691
1757
3968
4765
4164
471
8311
1377
3601
1581
4662
3069
1999
8877
656
4292
9291
8732
3400
1447
3924
1514
1601
118
4985
9334
9950
3182
5738
5383
8161
823
1279
6091
3399
1185
5968
4192
844
1186
7320
5215
8670
5740
7821
7443
2424
1772
4889
5633
4483
9178
6173
9156
4847
1811
6699
1474
9164
1825
2307
9350
3877
7188
921
9244
6450
495
4825
6304
5675
3759
4755
4473
5170
6951
8654
9017
6930
5184
343
3086
5057
2393
7015
8447
5197
5220
2929
340
8001
7248
5724
1642
212
3035
7828
244
6983
7116
4446
3277
1069
1512
8931
2577
2990
3517
8555
7327
4268
285
6608
7585
8471
4844
4179
2902
4363
3032
5526
112
1363
4467
9661
5932
7128
1819
341
7794
4735
2384
4868
1805
9982
3348
7124
1528
9590
1557
3663
5657
5457
6661
4138
9114
8823
9302
2146
6518
6608
4984
7069
6165
2709
7493
4045
7182
1070
9477
1578
6056
7168
6024
9649
6157
3776
9424
1833
4352
7112
3379
9731
4653
3486
2173
6012
5737
4385
8855
3744
5678
1653
6125
2221
5596
4013
3726
2903
4814
9130
2402
2380
5737
7033
5021
1843
3473
4411
971
9068
7224
3511
1484
690
4887
58
5864
8918
8757
4128
7496
1338
7772
2668
8924
4279
9290
4354
5678
9449
983
7257
3418
4582
2116
2668
5071
9391
9878
9723
8093
9257
2090
2496
2205
361
2057
9344
7355
5023
7614
3250
2562
7903
3002
5094
2103
5918
5958
6779
5098
6685
2313
2465
1866
7999
752
8318
1458
5803
9408
4069
1896
4096
7204
6297
7325
1868
7982
5069
6444
5714
3058
36
4382
7276
7166
5621
94
8237
3478
6715
4310
3933
8923
3865
7574
2880
476
8430
7136
1986
4583
2627
5083
3301
386
8700
1369
2783
6787
3250
1518
1065
4236
8536
1239
9735
8856
7517
3193
8284
4785
932
996
9117
726
5756
8974
6380
162
2800
191
619
5776
4162
645
8714
5815
9811
5047
3746
1714
4009
3460
3829
8653
7389
6123
9186
2155
7654
9107
5357
7502
8158
5901
6608
2592
1815
338
5262
6746
5666
6693
1235
5517
33
2401
4853
5027
8466
6524
1228
361
8246
4366
1325
1165
3677
3711
5925
5436
2546
6775
2261
2491
4445
5290
9285
9604
5473
3222
3930
6357
2751
1716
6199
9036
4997
5208
5695
3880
2546
2022
5750
7957
7038
5579
8244
4863
7359
1323
2884
7617
7272
1012
2586
3924
235
8637
6719
7746
2182
8235
6900
7842
1553
6422
9272
5236
5299
8212
504
9740
3627
9717
739
8585
9113
622
6963
7289
7703
493
6147
9102
8983
3192
7682
1521
973
3761
3417
4958
4924
842
1077
3171
2972
9753
4278
3992
7696
9855
296
45
7602
4844
6976
3903
4249
2332
1695
5021
5494
615
992
4340
9754
7471
9210
6508
6615
5595
8489
2101
6206
5458
1257
7156
8900
469
6877
8207
6606
2389
4037
4259
9361
4736
6655
8069
3256
7376
9119
1593
5805
8328
9060
80
8305
5916
4311
8874
4765
5704
3628
9342
7292
6386
271
5829
126
1806
9009
76
2491
8382
8900
7625
9034
5983
581
5015
6619
1446
2651
9034
2597
5068
3670
3641
6507
4322
3017
3579
7290
7156
985
8637
5386
7542
8590
8527
1014
9434
984
804
1285
9731
5395
2181
3594
3036
1391
2988
1576
6465
2787
1880
6863
6558
6258
9823
7332
2093
734
6220
5160
899
6971
6754
2541
6358
9910
8706
9256
159
9663
2857
9566
6326
7612
5985
69
5777
3674
9098
21
8146
9079
9656
3861
6329
9789
6905
8306
8960
643
2288
365
366
7054
2673
4485
44
1749
308
1105
7150
145
7815
7379
3462
3472
2027
7579
7898
5538
5124
9469
4823
3636
2837
430
8072
6466
6122
2202
2514
7753
4490
3227
3595
1094
4599
8607
7818
8929
4974
1227
6142
2581
2455
2146
4764
4707
8855
6792
3958
5069
7993
6751
1012
1817
7455
9992
2700
8416
1219
9886
9453
8895
5190
9066
141
9753
4823
976
8228
3227
5907
4812
4522
3556
1277
4364
7317
9577
6166
187
8857
4461
8312
1148
4101
6661
936
4932
165
7880
1501
9730
3167
5103
3088
5665
4462
7424
6849
6934
8525
7268
8383
770
6711
7468
9848
6222
6135
4398
801
5222
9337
7599
7003
2169
3437
9882
9705
7809
4457
4957
480
7759
8563
8062
7746
9402
4520
7572
8326
562
7462
3100
3738
2655
377
2065
8523
4528
2498
8697
3463
2676
4070
4489
5612
4785
1132
6637
6156
1241
2115
7637
189
7164
3101
9427
3066
8740
4700
3015
9586
4494
5976
627
1285
4111
1885
9415
7658
9446
8677
2348
1260
7790
3374
2216
1042
2120
4028
7934
1247
4716
5516
4708
8911
4198
386
1401
89
7702
6337
2158
3024
6766
5830
4843
2
1112
9600
1577
589
2533
4610
8058
5722
7491
561
8117
7207
4752
7930
5390
3066
5006
1624
3128
2332
8990
7619
2456
9385
4703
7179
9582
5283
3982
6855
4442
8662
5864
1680
3780
3469
2666
2297
4668
6944
8370
7614
9550
4843
5939
5527
4191
878
7150
4723
7435
3314
5302
6336
4464
6939
6334
5448
4824
5641
3809
6173
4487
8862
5058
2467
4613
7707
8843
5685
8184
7139
5575
4348
1610
8177
2147
9602
944
5298
4613
369
7659
3058
6498
1589
6269
1125
2365
824
4843
9749
624
2076
5576
705
1466
9472
6027
9739
3149
7334
1491
4454
1971
5158
7267
625
2336
333
7602
6931
9952
4606
4707
3592
6266
9924
7032
8728
2157
8804
7911
8035
8322
6649
997
3097
7401
6854
6950
3720
4787
1640
6284
6807
2666
6512
4486
6698
5163
2644
2122
6136
1016
421
4163
8251
4848
9987
1436
2229
7302
5896
3784
6056
5451
6442
3074
9083
3665
6617
2199
5257
5717
8080
712
9357
3693
2473
2517
2606
5912
1364
5847
4962
2389
3352
4932
4490
6514
6205
5493
6936
2366
2588
8002
5857
6043
3663
9657
524
28
9129
2415
6469
4791
8304
7701
711
6438
2892
7848
500
821
793
6685
7505
3220
4890
2944
7330
7148
3013
9479
8952
6393
8493
362
2991
7299
2220
5082
1586
1215
8609
345
9542
3565
5217
1755
758
1022
2426
311
261
8553
193
7193
8827
5473
7450
1450
3328
6924
5304
2552
6402
2803
7000
8952
6890
931
3435
6835
9744
6821
2849
411
6773
2570
2983
6812
4079
8113
8543
826
112
8844
5932
7372
522
282
7917
5844
5484
6027
4659
4201
8722
5753
3076
4399
9571
514
2396
1988
9363
771
2738
5526
37
5213
6966
4441
2798
4859
4308
2723
6595
5227
5042
9064
8002
3652
9877
8086
3954
6526
3331
3303
8977
2064
5201
9904
3817
8489
8518
7542
8602
457
5151
6972
7453
8056
9455
5341
7238
8151
7783
4512
1203
5618
6322
3131
5171
4217
6110
1984
1980
7297
1750
634
5373
6126
1262
7911
3770
4684
9532
6370
4855
6861
9740
4515
7857
7482
1152
8319
2382
3456
6939
4902
125
46
6629
7484
8784
8882
736
9662
4753
8017
7301
2459
6484
3875
2255
8284
3521
5919
3932
6383
3012
5779
1871
3703
8649
3059
9885
649
7309
4604
1882
2559
627
1917
5394
3064
4342
9938
1689
2909
6325
8113
6874
5383
5913
4962
1807
9065
3580
2708
8340
6993
4816
967
5400
3944
3772
9101
3608
676
169
8326
30
4507
5802
6298
3911
7665
8373
6952
748
1499
3536
5289
5424
717
1268
9105
4595
7498
7816
9708
7372
7517
2936
1677
781
8821
3421
7051
1010
8827
2472
1123
9677
5280
5991
9765
9306
5895
9215
2183
7672
6769
1917
6964
3444
177
7655
4907
4953
2435
8890
2943
9300
4594
9861
3725
5667
4767
4092
3640
5670
4651
9577
6478
6441
2412
3057
7087
8978
534
4275
8149
2364
7827
7001
2569
9587
6771
1659
9974
757
4737
870
5224
7830
1610
3481
4638
5308
9754
3379
7202
5000
8898
1162
8745
3237
221
798
1993
3622
3309
8134
9947
3358
1600
6687
239
1061
444
3235
2846
9609
7614
6236
5623
4231
4723
8118
1822
9624
9239
6569
9346
2682
6996
6191
9777
2658
2554
6059
7090
8325
6407
4930
7802
3112
9740
9988
2147
8262
9057
5524
6645
7857
191
7950
7332
5850
6283
3191
9650
7958
9887
4199
8137
6647
8030
8603
5878
3170
192
3066
9181
4868
6180
5506
7791
1688
7425
6984
6377
4596
8191
9096
4674
7147
7084
6833
3360
8492
9274
8560
7244
6333
4431
9389
3076
3418
9277
9738
4838
9736
9517
7876
6507
7572
3442
978
1802
5909
2031
1595
2385
3937
3167
775
3185
3418
8847
5876
8276
3811
1145
6016
6847
4824
6252
6136
9303
9930
1140
8640
5697
1645
3609
8648
3643
2705
2767
4799
3388
6294
5847
5387
9692
4577
9788
4349
3079
6178
3785
779
6252
5817
6350
4769
2516
670
207
9652
5330
9314
2335
5743
2373
6552
8393
3571
9166
6652
3134
3303
1264
6676
9552
8805
2767
6325
2905
2499
330
2361
9607
84
2463
5491
7938
9344
4820
3611
7876
8410
5303
5139
3073
9572
8732
6270
206
7164
5936
2550
4381
6243
6541
9966
1795
3761
608
5020
9219
2107
7660
2463
5907
1295
994
9442
9326
6651
2015
6377
438
7201
4383
8273
403
3363
9151
432
8215
4502
1186
8762
4645
6263
6311
1429
8730
8248
3753
8026
9169
407
8231
2003
3102
9298
368
3752
7785
7637
3519
7440
3716
3511
7435
2616
3749
9158
1462
5089
7337
4670
7765
5629
7255
6140
8260
7194
3223
482
8704
1095
3177
1618
6026
6098
863
911
5964
7434
4286
8462
3981
8956
4127
208
1441
3586
9777
8997
6700
4765
3807
3463
1122
3222
9656
2642
8585
2324
6588
5510
762
1778
5163
521
5390
8836
2308
3475
9559
3040
5495
8992
8608
1364
4962
9075
7867
371
4552
3157
1624
9582
5249
83
1184
6779
9597
2025
8548
794
2986
7801
2246
7149
677
5690
1431
9138
6723
4298
596
4877
6186
2652
8638
8949
8634
6912
3614
1728
7165
7425
1159
2436
1163
2450
2457
7097
7094
4934
1683
8846
5436
965
314
9671
7436
2693
70
2099
4561
3975
3643
9668
1818
9801
7362
3684
9888
1989
5369
7809
831
3231
5369
7358
8873
6118
2722
885
2535
4459
6355
9259
894
4218
1227
4071
7859
8272
2044
1290
7744
3850
7408
3223
758
7746
9916
6661
1191
2308
7760
8170
6062
1875
4175
5240
9571
9689
8381
1737
117
9659
1218
9341
2250
152
9917
5350
478
2954
1888
7925
9392
594
1154
6907
7839
4997
2112
8164
8544
8965
9261
8562
7747
7093
5055
8136
8286
1166
2871
5886
8514
1089
6885
4579
6218
5953
5950
1626
6190
5879
2418
1721
9716
5381
472
2421
8753
6341
9439
2239
5058
8083
7255
4427
4805
6816
8328
5523
6211
7697
6526
5301
3453
5938
9396
7652
2744
339
8037
4315
4540
7245
5474
7573
7328
8162
7781
1863
9235
5481
5966
9088
8751
1772
7933
4333
6478
2263
2878
7651
4966
1309
6002
4834
7376
240
2704
6753
7536
1259
4313
4765
3271
4816
2146
1077
8568
3975
8262
8288
9042
5620
5046
5253
208
1990
2490
1863
3516
5478
6913
2589
2035
1113
5115
6964
5838
4911
5945
8273
1428
6953
8226
5461
2752
7897
3293
643
4441
660
5080
2795
8691
8498
9018
122
4475
2672
9700
8212
9360
5762
112
8112
35
7659
6661
4650
2267
2468
4791
2757
5785
6597
9013
2781
2413
4354
1558
197
6973
2546
564
8221
404
6930
6392
353
5082
2581
514
1524
5754
5302
4568
1758
2746
8628
2222
5178
7118
4400
8439
5260
5625
4389
1416
9160
7182
2540
5568
6323
3167
9809
520
5413
5373
144
7443
7706
4752
477
6024
2021
8640
2932
2867
5272
6273
7351
2565
276
8173
6695
4401
1842
1136
3188
9022
2787
5788
8191
1334
2730
9733
3618
9969
6773
5
7884
8864
5308
5528
8679
8566
3215
863
2563
5050
8533
4940
1723
528
8586
9701
9242
7600
8575
2422
543
5845
8513
6335
684
6339
5501
5467
3575
4888
933
5150
8318
3534
3560
4334
205
1628
2082
8347
3521
7864
7729
2439
8588
5572
2152
1086
7636
2764
3968
5907
1517
6494
6493
3329
2968
5349
8824
4677
3160
61
1293
9852
1869
6301
9411
9466
7566
9902
3850
1616
893
7289
8018
5709
814
9632
6974
5000
3135
7120
3903
8180
2787
8659
5582
4934
5518
3896
3251
8970
4576
2798
8521
7286
7180
6548
2239
6965
6108
6683
9662
1901
1676
6891
1051
5283
3537
4627
3861
8672
4421
3958
6746
1280
1379
365
5132
3094
670
9527
6106
2506
8717
9188
5171
9750
2414
7143
2690
7076
2750
3186
4545
2261
6522
8978
1098
9922
9017
5194
6455
9835
8483
8922
3693
619
5146
21
9834
290
7784
7207
3821
7014
8936
1841
2412
1789
8337
9944
782
8038
8672
9592
3874
5834
6084
7661
9570
6472
7039
5773
1354
9212
9914
9202
2843
215
7360
694
3328
9184
3222
9592
3603
6997
4912
1561
7951
6766
9966
7749
9952
7328
2111
1177
1314
5813
5523
1616
9632
6236
3733
7139
3830
9230
7268
2777
3526
4799
6876
4439
199
914
2343
6526
557
305
9073
6762
6308
1455
8220
8280
7925
9120
5296
7392
1789
89
2430
3532
4278
7229
2022
4193
182
4259
1086
5738
4164
7157
414
5102
6187
2773
9062
7820
325
5111
7291
5702
3210
5462
9428
9945
5070
8508
6373
9149
8437
7272
9442
3999
8110
6550
9767
1639
6301
3170
4979
1946
6008
2617
24
1558
9084
7838
143
5198
9611
2536
5909
2229
9154
2037
8012
2165
2350
6398
8350
324
7115
2957
5740
3077
3012
1761
3532
2563
3549
9110
1485
2550
6435
1674
5952
471
9724
3641
5636
808
266
3179
7640
9666
5586
2639
1178
5593
6572
6785
3839
2593
9962
5918
8483
7389
5615
970
4384
9392
4215
8389
5864
2709
8776
4309
4364
5766
6474
8987
7464
2921
4548
1546
7287
4438
3335
3418
4966
9777
3252
8116
3480
296
4904
812
5713
9806
4334
522
4694
8485
1885
469
8156
9000
4229
4164
435
580
9451
5229
1038
999
3482
1249
1757
2222
7867
1541
7767
8884
4978
1355
487
6568
9858
3628
595
7806
4696
3815
3422
3142
4042
6929
3520
4765
1816
1378
1795
8807
133
1841
3425
8283
8003
8899
6347
3999
2712
1464
4887
8815
4011
2722
5114
9566
3438
6374
6559
13
4013
5193
2196
4400
6187
8989
5486
8563
4130
8084
2775
2409
9709
9778
1616
877
517
1964
1952
1172
6366
4843
3569
8821
8058
1202
6350
9302
1623
3003
3483
919
625
7502
929
226
2284
5500
2445
4001
4412
7800
7058
2938
92
6861
8869
5378
3307
1817
908
5509
3318
6820
3624
6472
8953
2783
547
4788
7939
5842
5080
6237
2650
6288
4533
7606
5261
3289
9212
6234
2295
1527
3454
274
2510
8565
1508
4532
6082
2211
297
6256
7042
5860
4686
7002
5893
9244
9393
6822
8305
5593
9958
975
7591
6082
4669
2582
2612
3405
882
22
1848
5414
7985
1402
1027
3220
9424
9826
9242
6991
9962
4360
9992
7550
7942
2549
6459
1617
3383
4134
4787
1239
4799
378
430
7453
6714
3878
5115
5617
1304
583
8534
5059
3628
2801
9773
2739
3564
3729
4398
7812
1576
1273
8501
1523
5115
9032
6376
171
8096
61
9077
420
1011
7378
2013
7704
2658
4182
7994
5905
6971
2671
1719
7557
6950
2998
1397
2546
9264
9714
9358
7026
1927
7316
7803
4163
939
1315
6766
5662
4034
8413
9367
4666
4565
5670
1685
8914
99
5088
6893
1420
5852
4413
1367
4142
7438
1198
8030
991
6992
9514
6484
547
83
7634
420
5651
9557
524
7824
786
651
235
9116
5287
7643
3060
9821
7656
4253
8248
7022
7475
117
7252
7404
6904
7628
7412
7598
7828
5476
1260
9950
1272
935
9692
5813
7391
4377
1302
9409
1046
8907
4457
5750
1097
2335
4664
3249
8343
2536
4480
6167
7128
246
1009
3006
2832
50
8168
3611
9111
2588
9723
9577
5516
7415
109
9359
6864
5565
8750
7405
7570
2949
9647
5973
4535
8351
2080
2723
6903
1468
3969
985
8541
1876
8882
5262
7294
9317
8409
486
463
3377
8587
6492
502
1481
6343
6035
1654
2338
6233
4379
6849
8086
1764
5447
9666
3396
7090
9921
4052
4569
9068
9969
4264
333
7043
9515
1849
3671
5330
5368
4809
2180
6217
2389
7252
5686
233
5134
6178
417
160
5894
3264
9412
2950
3766
6893
8753
3335
6893
2853
6241
7877
7416
1325
4827
5465
3034
4647
5426
981
2283
9913
4340
8575
9441
3201
4567
9022
2121
6902
3957
7996
4565
9562
8417
2912
5167
2647
3629
9657
5005
1842
7723
1956
8999
9867
6076
3191
2846
4316
1265
2097
1324
7833
5183
4923
8129
7326
2735
1489
2449
5541
3604
5660
4411
3184
3234
7142
7186
5824
3704
6582
8015
4202
935
1900
1069
1710
9358
7692
3241
2139
9247
5318
4453
1678
7846
6071
5536
8439
5278
4540
7317
1075
3222
6872
8144
6960
9935
1343
5796
4959
7665
6475
5595
9068
9896
3101
7615
725
8874
1417
9254
2101
6771
4706
8392
840
367
3697
8899
5888
4802
782
3323
5102
2326
4690
6075
6655
9632
6625
925
9428
3583
312
2397
8902
1625
3612
3007
5431
238
9593
6301
4252
5908
8272
6994
2598
1795
9967
2428
6127
86
7599
1616
7950
7183
2197
3612
5661
1403
1659
4701
5573
8495
6025
6858
5238
9958
6165
6124
3255
6163
1875
9342
2064
7942
285
1052
4936
2273
2027
4101
5851
2901
7597
8123
944
3598
7696
654
4973
484
6270
6152
2996
3785
1617
5636
4485
9103
9165
38
577
8650
4816
4765
2434
8695
7402
7346
394
2421
501
8924
8257
150
9228
1240
3337
6718
2692
8438
4368
1162
3618
1371
5010
2184
7597
3161
9615
9892
8059
3441
4894
6904
3860
6574
7077
7262
2095
9223
8492
2422
6689
3278
9657
7676
9450
8111
8320
6192
4509
3570
9567
5082
539
7599
5655
8902
7730
8198
3355
503
8225
5257
6717
8572
9985
3389
6271
9463
2941
3297
9134
6073
3411
9766
9652
7979
3792
5958
913
4884
4216
1183
8982
9708
764
970
4522
5318
3363
338
6684
6203
7712
6370
1769
3867
6266
5120
7508
7817
8806
9856
3103
6303
7154
8330
4168
3708
7182
3734
2491
7990
1927
9631
4376
5796
9269
2711
4139
8714
2823
171
5033
7098
2440
1002
1288
7842
2919
9466
3169
8600
8033
698
2100
1508
3423
4271
2565
3902
6115
5846
6274
9152
5578
6050
8086
2477
4994
9096
5689
121
962
6387
2521
127
1778
688
6115
1549
1619
2496
8877
3514
2893
7356
3287
6287
2797
4465
6080
1346
7365
1578
7696
6162
5987
6256
1965
7117
5173
9389
5135
557
5325
6251
9451
2937
6324
8320
1330
9557
2760
8487
5911
8317
6521
2965
6686
2254
4944
173
1310
186
1542
3843
7082
4652
3845
1199
8552
4182
1812
2723
8551
4696
5904
6386
3557
6041
6334
4835
6035
3460
8750
7892
7468
4469
6374
8187
5294
5830
2969
2750
4742
6902
1414
2969
2594
4402
1173
1597
4154
7261
8326
4133
9794
4530
5177
6916
7298
7374
2843
8936
6556
7434
7024
5206
3943
8664
3117
3274
4426
6478
7618
4406
5395
4836
5255
8085
5531
1461
6181
5435
9667
2986
491
3444
1371
2249
4399
4475
8065
27
789
3505
3797
6073
8986
476
584
9144
949
4988
8636
9367
4433
1177
9763
9838
4856
7649
2607
438
8
800
2584
1207
5528
6921
8330
420
7028
4534
7330
6843
3942
9295
6962
4798
6587
3854
6816
2382
3976
6435
2763
982
753
2151
3173
9470
4642
8596
8058
1388
2154
6726
7872
3902
3100
6290
2382
7893
5026
8520
6815
4666
6238
9205
4321
7339
3700
7882
4939
6551
3444
1492
8112
1680
7249
7954
6227
2940
2098
8885
3588
8644
5922
6835
1416
848
8296
884
2919
2858
4582
6372
5972
1576
8898
3201
8459
4458
7794
8554
3441
2570
2983
8556
8559
3069
170
9906
7890
2625
7492
22
1064
7826
9698
8820
4342
9138
4178
8142
8444
4373
3405
5763
4877
7806
2141
8853
6631
290
9452
9133
6786
5074
5005
1463
9625
2076
1067
7333
179
7858
5579
1591
8516
9480
1475
7414
4621
4090
3529
1550
9144
7441
1425
9352
4123
5877
6648
7176
2370
7326
3178
5731
6917
1286
8852
9280
372
4624
7120
2611
3177
9708
7840
9206
5401
757
1583
9563
1321
6408
4418
3886
7656
6812
5035
8005
3016
1479
235
643
5854
7614
6722
5741
3438
909
5034
3095
368
6461
3919
6817
9452
1906
2595
7054
5280
8895
168
9750
1141
3471
5968
2352
6273
3420
4499
5476
5612
5578
9872
7047
4528
8564
4765
7813
7780
9375
6639
718
5925
6683
6367
2061
193
2976
7307
7206
9306
2507
7271
3738
5528
880
2414
9167
7253
4771
6782
4966
1578
3730
5105
4018
3787
3799
7717
3775
1222
1833
8882
1773
9957
5555
3071
4357
9063
1875
587
1649
5330
3433
2690
8865
363
8332
3004
1610
7026
2414
4249
7243
7147
8044
868
6210
5638
7965
8868
4644
3367
9047
482
904
2561
5318
4385
7904
1488
3029
500
7993
8789
1753
3253
5193
8589
6421
1704
1001
288
9043
2974
5247
9744
7628
7765
859
6502
8246
885
6682
3188
5928
9431
2712
9271
5450
1185
4625
5422
4427
2878
4788
1632
5062
6079
7089
6140
6217
4380
6463
4239
4997
8262
5558
5687
403
6395
5177
2178
7659
4649
9710
7506
5641
5503
7738
6528
3350
8282
555
8442
3970
8286
5842
8157
5756
7510
4644
6421
6146
1960
5810
6584
6852
7678
8809
5289
5619
8256
6354
2743
3157
2140
3514
6102
912
1300
263
8203
957
5649
9797
8824
1524
4082
6911
1691
5544
8836
7388
3074
1441
9435
7207
6245
5806
5620
3963
4186
571
153
6348
9357
1130
791
4241
871
1278
4992
6994
3579
3604
2300
6192
3774
5792
4039
9607
8037
1748
5202
302
6729
414
1227
9048
5505
1337
1913
8155
2227
8848
3913
4423
2357
747
9357
7904
7167
8507
4141
7249
6878
4859
4264
8661
2311
1096
497
4052
9
3399
2387
7595
6200
5456
4135
3870
3290
215
595
3704
5430
7406
2709
7129
9839
8682
9254
5576
9650
9915
740
1483
9541
373
4714
6018
2082
91
5201
9784
8405
3376
5631
3717
1735
7846
5884
9658
1018
281
3720
5931
27
2805
3087
8112
3870
4588
2110
9042
3333
5154
6701
6098
6434
761
7016
6538
7674
8682
2040
3562
6973
2860
1184
261
9609
9662
4041
8204
9980
94
1670
6096
7947
4706
8768
2881
256
7981
8849
8777
6973
2091
7728
8970
9875
6399
2427
7433
6191
7509
1214
6166
7750
1645
7415
6729
6161
6867
2832
4543
4453
7859
1892
8100
5943
2496
1253
8298
9790
1877
3498
3383
3956
6883
813
3156
9871
5984
5721
5746
378
2086
6783
8955
1574
7393
9623
3352
8165
4930
8965
9547
9217
7952
1058
2894
6848
4871
1377
6397
3072
4700
1403
2061
4632
5981
2000
7931
2515
8661
7841
925
8170
8812
2298
9687
4336
7062
4205
4651
8772
6184
59
4446
3277
8113
4639
6873
8864
7997
6617
6730
705
125
1907
688
7565
5910
6495
7525
3513
7085
6514
7565
8453
262
9526
7383
437
8467
5718
851
5113
8794
6529
142
6037
1609
3764
3974
7640
4449
3537
1996
3774
8646
1966
4783
6999
5595
6908
5777
7977
878
8489
8265
2817
2969
5915
7121
985
2976
8745
9402
6853
9411
1988
4175
5838
8704
9817
4610
1738
2812
1552
3319
5095
1913
7207
4268
885
7660
9807
6992
4013
2882
1352
5934
3399
4787
5834
6940
5065
1874
949
2561
7273
1100
8924
3716
6028
1401
9907
4420
6870
7805
7105
8748
7750
3268
7798
2609
2401
7024
5470
1400
7215
7534
8163
1761
7135
9041
8903
6593
9071
9127
5150
9295
7415
486
1602
272
7861
3689
7462
1188
3716
2918
4102
6396
2254
2220
969
2713
5484
6853
379
3449
5416
4371
7448
4511
4239
4488
4289
9488
253
3999
6600
7207
4450
4950
4363
6087
4983
5097
6499
3125
9695
8270
3851
770
8944
1657
4834
9077
3790
5765
2538
6607
6455
1620
7178
8358
6583
478
4389
6833
1093
3282
5968
688
7560
7645
7044
4343
3945
3472
529
4041
3479
742
4217
1003
9556
8547
8469
416
1918
9299
5923
2846
4047
5315
4262
2647
7411
729
4231
7142
9675
6185
9591
2090
127
6027
58
3228
6104
8261
8307
9620
9251
3056
2723
7399
5406
1024
3572
5980
4252
9456
5850
7266
472
8881
4006
3977
3813
3535
3114
470
9779
7868
8903
6917
1573
1446
9773
7320
3146
8869
3431
127
7108
7609
3994
1058
1036
9562
4093
4529
4676
7950
834
662
557
1388
3098
5132
7776
5118
8682
8611
2253
6582
5849
9527
1369
4117
499
6388
2781
5321
924
9111
3009
953
9675
83
4497
9420
6368
12
7760
3427
6952
7163
5661
3410
405
4865
7183
1032
4958
2742
899
3388
9175
521
1689
1611
9195
4669
3975
1771
2518
9933
5726
4548
1282
2616
1544
2441
8983
4544
2791
509
4784
5189
2173
8634
6928
6699
1542
9297
3334
7339
6547
9899
3086
9180
4626
71
8440
8466
2013
530
6099
3678
939
5583
2358
3328
8872
3428
2823
3207
8669
3311
2036
8766
6828
7032
5965
2001
6761
7668
6906
147
6350
4376
1341
3870
1460
3120
2235
7121
5978
3085
1264
5465
6792
4376
5332
541
2390
5932
6135
7852
5057
5274
917
5505
1424
9771
1276
6445
8882
8431
1079
9422
5815
1486
8206
7042
6261
6760
8448
7459
3577
120
3582
9127
4509
8717
3266
7283
5246
6312
3014
634
3786
2985
5884
5039
4044
2662
5891
8766
4515
7752
4168
7471
4958
3080
3535
7687
3798
5652
2307
2655
3387
5109
3428
354
7505
504
1781
6705
5079
322
8463
2314
6561
1452
1225
6772
2808
1321
3132
2740
6681
6999
4552
45
3378
9946
6142
1536
9643
8499
7817
8834
8917
1746
7903
260
7113
2432
5712
6270
6553
4069
7921
4035
8652
1520
4933
6799
6633
4177
8913
12
2115
1411
1130
2703
9188
4921
757
2657
4359
3788
707
7972
81
7508
5669
3537
5831
9530
568
4326
7757
5482
6233
4845
7972
6494
5921
477
6060
3061
254
9874
1035
8584
8118
9181
2867
6447
8544
1226
4544
5072
2580
9999
1236
7131
7713
3519
4672
666
9834
4419
4474
2837
571
8968
3483
8311
7179
4109
7782
1970
9241
6141
2397
6197
3251
4886
5890
9590
5062
2386
8042
4097
5795
4628
5715
1724
5097
3277
2772
7651
1705
356
1731
1789
5388
6604
4174
9651
7913
8027
6443
2361
3312
9991
9134
1082
2778
8738
5012
1626
3562
8075
2428
9468
832
5252
9506
9941
9631
6892
9834
1545
8854
1646
8072
3289
8549
7844
3090
2076
2803
7757
1980
256
8830
7968
9214
6847
4959
887
7355
3441
6264
9992
5491
6575
8084
3212
7005
9101
5621
7138
492
5313
5469
1085
1849
6419
3417
4400
9888
505
9358
4049
3511
1980
2726
6491
9716
3353
5368
5293
2969
2675
2839
3261
5552
4365
8032
7231
6859
1403
5304
2456
9628
8348
3476
5831
1148
5496
4012
956
5674
9151
8754
1513
3701
1108
2130
4562
6759
9082
452
8869
995
2425
4315
4131
5608
6862
1411
9300
3164
7871
7860
6591
5977
6382
5738
3178
3994
3902
7049
8576
7417
3087
4386
2495
724
6468
6632
6121
7297
3042
4866
9057
3690
3765
1205
9219
6384
7121
2248
6452
1047
9478
781
8001
1021
7694
2205
9814
9905
3541
2914
7795
9775
8600
2516
7665
2958
9555
5856
2812
837
6655
9109
7505
5227
9575
3567
8539
1080
7518
2342
3750
9067
1296
8121
9380
7462
2993
6439
315
4900
9185
151
7555
882
490
3810
6512
8213
4768
3450
3197
5615
7568
5455
6252
9234
6109
364
7173
9920
5595
3855
8915
6236
4066
6793
5781
4539
5983
4177
1680
3536
9176
9587
9209
4060
7784
2010
4613
3180
5087
8187
6676
9543
9324
1027
5408
8626
8368
9726
2302
6469
1888
2047
7154
2381
2232
5599
856
7726
8544
3198
4861
2457
3619
2130
2378
3939
4295
9942
1201
2052
4131
1473
3339
4985
4947
1309
2033
3747
1361
8515
9952
2529
5009
1332
7705
3932
6043
2261
3635
9448
2084
9360
582
1875
6989
999
4855
9227
1137
4251
449
1194
4692
3788
6524
4743
9195
6310
201
3031
3660
4149
4913
6995
3799
4002
4430
771
7679
8067
386
2100
2464
6251
635
1131
4374
2163
9988
9597
4475
3696
6076
1518
5875
1601
2765
5562
3752
7499
3776
4312
9046
9901
7996
159
9014
8806
6342
1342
5505
424
5015
809
171
5901
528
7971
2428
5418
1843
884
2662
7688
1407
6870
9585
8471
2805
16
3925
6707
3215
1772
4654
6782
3610
1289
1486
2655
3145
1165
6355
1764
3543
3305
7471
1724
4226
9155
3831
1894
1390
4279
6686
5111
8828
1552
9768
855
7762
110
9035
7402
5437
5028
2436
7810
764
672
3201
9708
6351
8422
2039
4356
4428
5618
4887
4638
3550
583
1516
36
1751
6207
9466
1894
5578
6454
787
197
8871
688
9521
1060
1522
561
9172
861
1469
8152
172
7516
6843
306
7708
2719
3286
4111
400
8198
55
7123
10000
6245
9286
3977
3536
7009
443
636
5499
1101
1184
8243
7951
2322
7158
4714
8662
5769
942
51
9132
5295
8720
398
7111
5016
8829
3157
9103
5686
5535
6343
1461
8685
6279
9854
3795
8376
4884
9174
9693
908
4089
1574
7019
6587
3279
3899
3120
3728
9172
9376
3759
7448
1127
8052
2708
3414
182
6493
1509
7837
4914
6666
9300
7232
5539
6536
6293
7556
8888
4104
7027
8009
8238
7904
4761
3119
4093
2983
551
8622
7650
385
143
3702
3303
5506
602
2996
1655
7382
9406
2080
5132
2862
3379
1271
278
3829
193
5737
8970
6846
8788
1244
7696
8121
1775
5891
8014
2363
2181
4276
3257
2864
9376
1924
8321
7480
7541
4246
1602
8922
2040
9074
673
3934
1832
5579
8066
3772
2344
141
3349
2532
4539
449
3059
467
7573
1698
9841
5583
6898
4159
5134
5528
9575
4295
9639
1723
8278
3643
3683
6648
4525
2060
9852
2349
5508
6730
514
6921
5156
4818
1178
5021
8347
1190
8939
4378
7102
7401
2735
1298
4382
8692
1622
530
4419
3435
5907
731
7081
6779
596
3714
9340
7139
1016
4884
7792
8867
9516
7125
9596
1743
7216
7080
9732
7209
7465
8670
7392
3929
3922
6720
1783
9204
5207
8026
5998
6126
2837
1549
2004
3436
7434
6747
2306
9012
8005
3221
203
1585
2413
179
5854
9873
2810
8573
7918
417
3373
3674
1996
6490
9270
5769
2557
5265
1349
1788
3302
5280
6844
7294
3224
9227
3450
1425
5222
7116
4777
115
9494
5894
7201
9415
1945
4011
5677
4313
9273
9527
3869
430
4467
4053
1925
1711
1635
5031
498
840
421
2130
5675
1000
3281
1411
2646
3595
2313
7788
2764
711
3823
2045
5562
8197
1715
5511
9515
9530
1580
6774
7431
9171
464
2874
1227
8488
9777
8432
4196
2675
9272
136
973
4780
9332
7726
8059
1221
1456
6830
1898
294
8408
7267
8488
7078
3714
8803
8773
9698
1001
2587
6715
7718
2592
9404
5907
3446
5398
8449
3403
1006
281
1386
9100
5647
6911
9190
2715
1 445
