100000 1 41925
8105
7906
3383
1321
482
1230
633
9259
5837
646
2141
6589
8116
9342
1986
5571
252
5722
616
4426
6006
5551
1588
4584
9716
2887
6105
5619
2313
598
7790
33
1241
4694
7639
1593
1728
9888
6312
5713
3087
6110
8649
2906
7267
4730
4383
1318
925
1530
6942
4941
7872
6567
1209
9215
7423
4633
935
1328
9648
583
8779
4305
3673
4994
7805
4762
6811
9621
1608
7496
8860
6058
7643
6898
6175
5154
4056
9326
5528
1943
6139
6644
7913
6728
462
828
8962
8524
4199
1165
1099
5926
3514
7083
3150
4337
7078
7884
1289
6464
4607
8932
2348
5867
3878
5597
4906
3294
7993
5984
2955
5768
4588
886
3924
1624
9141
3557
4863
8601
2005
3996
6094
9323
1319
2813
279
9758
9662
7222
3212
9053
589
9321
5705
7494
4738
3259
6349
6512
5982
6440
1964
2026
8372
6608
4553
3665
7205
2603
5550
3590
200
6575
5889
3597
9929
9670
3730
566
4202
8998
7606
6044
6371
5523
6849
4490
7443
5967
4918
5676
7215
1040
4190
9222
3741
4535
3047
4029
8816
1803
7668
5115
9252
4105
4597
2628
9795
8313
3199
8603
8404
6751
9146
4818
4745
5179
2708
5843
8882
9382
2527
489
2683
8618
3208
3270
4939
8879
832
2376
4104
1861
6701
6465
6955
2315
6538
1518
3815
4746
6987
5639
4236
6210
9665
748
6902
5001
5477
9590
1298
1601
5270
3798
9177
9138
9274
4243
7823
7420
6894
8667
4229
35
4395
447
2558
492
374
971
8490
6438
9894
7254
3004
2179
9822
1080
538
8674
8550
9184
488
8945
5851
1281
7228
4806
8059
10000
1803
1833
7502
8973
3798
7562
3911
3216
9814
8424
1079
9240
994
6096
3931
584
2399
4500
6395
2571
1470
9695
4224
1351
4200
93
8631
8443
4857
1845
7253
5371
1495
5877
8349
2842
9876
6785
116
3940
2153
9552
943
8991
1811
1224
2129
486
9972
8138
6188
5293
6058
9386
6350
3094
2068
9928
3371
8952
5906
1088
6299
7878
7322
262
8140
7777
5382
977
1257
9341
9025
8685
3237
528
4211
6188
1927
1023
5588
757
6520
2008
3432
4123
4349
6653
4411
8113
1216
9618
5638
7320
3616
7614
9339
5677
1874
6651
5284
1260
5130
2845
784
1787
8308
5141
5061
5050
3033
8614
3808
2720
4775
592
532
5921
3707
1253
7490
524
8467
8840
6778
9388
9729
8756
6191
8062
7989
5188
1275
3110
8222
7960
9335
7742
2005
1636
2369
8761
827
1867
9280
2382
7995
1526
2013
5134
6615
8965
4546
3012
9783
4733
8714
9547
999
201
2976
9931
6826
2562
7437
6660
2069
1870
4809
573
5594
5802
8605
9379
4303
2564
6707
6924
3887
6490
1258
9918
8969
8466
873
3476
86
852
6015
2577
5597
4955
197
248
5921
7016
2163
4992
8253
6
1657
1396
9866
7249
2197
6967
1565
1792
552
4312
3648
6611
3699
2480
8487
2474
4859
9678
2908
1079
4862
6992
386
6550
9905
2942
8561
576
4469
2309
2157
4739
5216
8874
6220
9361
3358
9641
5915
4926
339
6449
5386
9532
7004
4063
9924
941
1064
9921
3233
8214
4798
9514
5908
5970
6377
9403
7014
2772
9944
6561
9314
9803
1749
214
5529
1820
6326
3124
9258
1146
137
3927
1405
8313
887
5190
9951
2505
298
7212
6243
2092
5487
993
4016
6160
8773
549
2483
9395
2774
7468
8236
1842
7033
9120
2055
1525
2240
6287
1960
5117
5510
2771
7411
2391
221
125
8723
3754
2491
9157
7395
7919
3962
8129
8193
443
9217
5572
8018
3459
4511
8347
8811
1105
4541
6647
3854
1498
705
3402
3502
7644
1481
5339
2055
3403
2544
1568
3820
8983
7231
9876
366
4466
9958
5509
3795
9610
7276
5167
6129
5040
7165
4046
5351
787
3884
580
8746
3933
2655
5732
1529
7853
5566
7081
1613
1982
2623
8755
3780
4044
422
7874
721
3236
2173
8443
1422
7411
2652
854
8042
2010
4923
543
7488
1289
2001
9737
824
6193
1378
2525
6950
3064
5927
2531
4398
3317
244
7599
4197
9067
2355
6321
614
9125
7847
413
7819
1074
4637
6737
9799
4847
2458
153
619
9155
3377
8179
464
7673
7378
6862
7790
3206
7405
1272
2842
2333
6218
6070
975
709
6029
6602
7808
8611
3871
273
4984
1101
1081
582
165
5327
2516
5190
8824
3914
4988
698
9092
6222
5768
1424
2812
6738
6290
7779
6795
4506
3712
9865
2240
5207
8069
6389
8829
329
3452
9095
8262
9961
1994
8179
8346
1895
2039
6517
5723
6116
9589
1164
2981
4888
2495
7168
5072
6387
407
7003
1081
7713
9008
2937
3079
5350
5529
6687
6488
6738
5012
264
9217
4012
291
4088
9833
5554
3853
3941
8629
7857
7085
5403
7379
4913
1071
8762
5407
3359
4936
6861
5780
6528
3870
2446
5475
6638
7579
1451
3766
1091
472
3920
5893
3376
1169
7883
9991
610
305
7762
5245
3221
4516
5776
1792
697
1943
842
3466
3881
1947
6888
9199
6105
1663
5483
1523
1037
7085
2992
7664
6144
1749
9130
8283
9522
9893
7447
8485
4214
7246
6546
9141
877
605
6657
5987
8417
4556
1261
4243
2991
3789
7672
5560
5956
9897
9370
6377
7839
2481
1244
6494
1414
6071
7385
7859
3331
7730
7233
9886
4570
3190
8057
3118
3231
591
9922
4269
2797
6157
9432
7449
3289
8481
1952
6567
9636
9446
4363
6700
1856
2898
5098
2622
1760
1298
7082
4066
7684
923
847
1318
592
4915
9779
3390
4051
1299
850
2012
731
6219
6993
9808
3224
3459
9801
7205
6926
1342
3449
6696
8704
2106
8656
3953
5438
1857
7416
8774
9525
5655
8192
3743
3226
6239
5914
3836
7128
2166
25
3856
6705
2586
2747
5683
5277
5999
791
6659
9191
886
6727
6399
9326
3856
4231
1370
1459
2541
4039
1372
980
9602
500
434
7018
62
4064
7353
1090
927
6540
1222
9690
7760
7404
5325
3827
1493
5294
9316
1215
9147
6178
6523
9307
6338
3816
1932
6208
7537
3430
877
9399
5416
4457
7960
1194
1850
6438
8905
8702
9123
7652
1293
3450
2964
4410
4241
73
246
6093
6848
9807
908
7131
6250
9361
7505
3517
1488
9756
2478
8181
9469
9691
4601
2744
3041
3476
6756
6431
2295
6858
2549
4769
1384
406
7128
3333
9463
1121
4358
5096
9911
8939
9748
2439
46
2386
6978
6478
584
7592
8655
260
3020
8295
8045
9705
6337
256
4457
2874
1715
1843
9442
7809
9842
6276
2960
8413
9137
7991
2137
2244
2972
7531
1666
2314
6275
2196
6351
5855
580
4349
8081
1891
3725
4178
6660
5735
8065
2754
105
8567
353
9195
3414
7885
9892
7662
6560
2317
8433
4950
1902
1793
9328
7058
3958
1530
6911
4281
7139
8382
3281
4992
1718
990
8062
1496
7974
820
6202
3000
7979
1652
4860
8118
4361
1086
3169
6718
5657
2880
792
197
496
4623
2088
1445
7325
8526
4951
563
2698
951
2403
8090
2026
5870
165
5197
2288
7458
5199
2922
9303
9641
8046
9641
2694
3944
7879
6331
788
5627
5971
4444
4291
9540
1713
4823
5234
1836
1289
4081
5327
7327
7120
4909
6827
7347
480
6314
1308
1682
5128
7766
2762
3918
3877
9006
9034
4608
7658
7930
96
5428
9890
9796
1139
2088
434
8664
391
7249
6255
6947
6626
9612
977
8726
504
3664
1666
5664
4656
4220
4081
4540
182
4536
1328
5069
2206
2505
4208
1612
4585
8431
5722
2287
9179
1578
2816
5110
32
1789
4444
4588
2630
9923
4781
9090
8595
2057
5739
4861
3715
6370
6725
2859
6493
3274
9728
7588
195
5182
8385
5083
7141
216
8064
4271
6731
88
754
5442
3197
6617
2564
4577
5100
3596
5639
8492
5056
157
9943
2690
2284
4472
2054
6585
6511
3007
428
2569
6265
6858
6592
4023
5791
9679
5605
5737
4950
340
5029
786
2909
7560
2152
7843
3185
3275
3911
9503
192
8749
4911
5297
6914
4302
128
496
9277
6589
854
8910
2298
2031
1428
1568
4809
9628
1457
4463
9145
681
3654
2305
8377
2488
9161
3705
4402
7294
2461
8836
2250
9531
4935
8312
7261
5463
2529
1104
2740
3198
742
4627
4607
6507
1417
5080
8885
2993
6739
6745
8793
9377
5420
4346
7094
3778
6132
6579
8459
9267
9972
2625
704
2026
2970
901
3792
4322
9409
3339
6950
9563
5526
6203
6104
4915
2936
8058
4964
5184
6691
6568
5899
9256
3622
1857
4391
7166
6092
9285
5154
9392
8465
6259
1596
6007
513
7485
6482
4464
7107
1766
9129
7920
549
1992
7533
8910
2044
6713
3926
3410
9248
4259
8711
7514
2219
5339
2126
9736
9820
843
1981
2231
278
5494
8239
4257
7000
6954
3858
4497
9750
4761
9869
7691
8957
8618
3641
4363
3804
5992
4934
6769
7173
8823
1460
2442
6071
986
9015
7642
2763
3783
3452
6038
3778
7996
6860
6487
993
1660
8659
4694
1248
3101
3994
2337
3835
6080
8610
1891
7290
851
9011
5998
7399
7741
719
1185
7640
9907
9896
8687
1464
3898
4174
4122
9509
7908
794
8449
1295
532
9205
5134
8566
4722
1116
3625
639
3596
3065
5286
9828
774
2953
1589
3415
2230
9649
6899
6261
7743
8653
9083
5890
8051
5119
7255
5300
3922
4217
6105
3271
2546
1587
849
4830
6987
1783
6311
4217
3053
3389
9085
4511
4590
8927
6026
3637
3968
6398
8114
2675
9102
9232
9580
7780
2947
7729
4191
5893
6399
7776
3414
1988
4355
3403
1790
1592
3875
1846
264
6738
3975
2955
2003
4261
427
9342
9436
6703
4537
150
5531
7615
2645
4381
5854
8156
9822
9652
8831
3947
8447
6561
755
7385
4724
5941
6217
7543
6255
2235
9948
5864
2576
7376
5729
9605
9862
6280
176
8542
5756
9417
4764
6713
3863
6735
4084
2961
8463
8980
5350
6798
2457
9254
9394
5948
3424
9209
8143
3628
5460
3671
5930
9512
9346
8694
5598
9006
7858
4364
1705
1381
8873
6839
3661
1491
9118
9838
2314
8096
4337
1727
2894
6998
2263
1068
347
2995
1733
2280
33
9938
9090
9953
8090
5310
6078
513
9483
1375
3566
6440
2461
8731
1420
1228
8559
2835
2259
8469
9582
5795
2780
6218
4386
5367
246
7309
5877
5516
7877
6737
7642
3384
9011
5585
6383
1142
5336
4715
4126
1636
45
6828
4663
7367
5034
9079
920
5847
2597
2490
8879
1843
3909
7660
4632
2126
8070
695
7114
6082
9683
6084
2162
6916
6603
7346
3564
6666
8775
4157
7803
1182
7159
9021
2750
1913
9737
8037
3400
2994
6127
9663
4484
1300
7647
6428
6588
3051
9975
5750
2769
4046
9813
2382
82
9827
1587
3465
8950
6300
383
9264
4906
3227
6614
5152
9200
1700
3246
6831
5521
8053
9684
7588
2785
4391
4221
9129
1366
345
5171
1370
8951
6141
1073
1127
3873
1351
2822
4275
7582
7887
3862
4487
9760
6848
9745
8353
486
3330
5942
4924
7839
3415
1500
9004
8760
4320
1904
2302
3299
5703
178
1994
6965
976
6622
9625
7046
6986
2541
4507
3745
9876
7393
222
2337
9874
6027
7711
7249
6424
5448
8647
3523
9639
170
5172
4934
8346
4089
891
6649
8935
8299
2369
3449
8585
3843
6989
4994
1768
3928
4966
3379
2227
3199
5288
3487
8475
7258
2903
1992
5850
1923
555
688
3006
7516
8017
5056
3711
6285
1735
7302
1336
3336
7071
8054
4004
6827
6251
9279
6966
6245
8284
2578
2563
8159
245
5439
5631
8651
3010
3189
2527
8857
7642
8071
680
7452
2119
4012
7248
8495
7614
9306
978
5464
7326
3032
6232
5949
1921
4691
6812
7641
9467
1848
8634
448
3210
8810
2548
3660
561
2133
6787
2169
9081
7370
9186
5806
8528
1598
5215
9701
5052
5303
4088
3560
4655
9442
1330
6483
3966
3767
5138
1198
4375
9756
4441
8121
6825
685
6707
4470
3606
2447
4798
4784
3415
6692
628
4896
3146
2057
4475
5811
859
1795
8808
8077
4456
6328
5980
5261
2059
3667
735
9996
4424
1781
9085
9630
6703
420
9475
7052
5582
384
5732
2738
1433
5214
9373
4575
9543
189
6796
1283
2346
2411
4970
1736
3776
7671
6546
2949
9035
9273
7425
2744
8456
5541
11
3588
8795
6809
6275
4410
8157
7103
4027
8696
7992
395
6465
9013
7503
1122
3501
3890
2391
4864
7928
6054
6071
3773
6956
3274
8547
1554
4720
5586
1143
2167
7882
844
3617
8117
6280
5144
7595
570
6486
2429
595
8158
4491
8969
9086
134
9543
3602
876
700
1301
2230
9486
4351
7456
2450
4728
2440
3676
6826
286
2775
6841
2419
2002
3631
8321
4300
9314
4399
1017
4680
9662
896
8420
9164
4820
1943
1052
4168
1678
626
1600
7503
7316
9940
8874
8552
5609
3963
4686
8732
1742
1485
6046
5664
758
4479
3458
2529
9439
2708
6952
552
2098
7673
8424
686
457
539
4871
9852
4865
2179
8956
6968
6389
9215
2399
1677
3879
684
453
8982
9546
8315
4711
2916
4830
9467
9987
9878
8330
8783
7594
5292
2655
2348
5504
9666
9939
1015
1884
1666
2830
5280
7059
2192
8657
6924
8211
7390
9468
6827
8159
3137
9768
8951
1228
2028
6402
2735
4552
614
314
6633
6553
6166
9982
3746
2789
4182
2477
2944
2456
3418
8916
509
4912
1871
8073
5563
4481
8624
6145
6199
714
5169
1064
4027
4498
9072
821
7897
1397
3380
8887
1660
1443
5502
6554
5582
2981
6532
3351
9921
5549
442
4752
8268
8870
1162
2207
8486
8652
8662
4849
1672
8249
2064
8797
8366
4227
7189
7125
4153
2816
4441
7958
2675
2086
3174
3499
8894
401
3122
5003
260
4437
7709
3793
838
774
9778
8958
1257
4244
1316
9989
6118
4088
4867
5470
2147
8082
8714
8163
5274
8727
7588
6296
5368
6983
2181
1411
7963
4249
3174
4998
1573
4507
8418
1425
4781
7073
5669
2682
1410
1335
4868
1365
8535
5560
6329
7322
8908
1085
4425
5027
415
7824
6583
3710
3309
5686
3481
3228
5868
7170
6046
9787
7189
1155
5031
5358
8335
4674
3772
7140
4078
6051
6061
2662
931
2563
4383
6767
5519
5535
9072
9470
3789
5345
8164
397
3996
8729
1727
7871
7013
1697
1827
4171
2214
418
6795
8691
2994
5572
86
9705
1742
7198
3864
6044
2126
9320
4377
4363
2366
7398
7409
9427
7972
74
3776
3355
220
1334
3486
6518
4552
4741
7853
8286
9711
1809
2646
5160
7821
8342
6860
5092
2750
7720
1735
8543
8220
6326
2128
3563
7664
5363
6026
6151
330
8923
3140
8592
4329
1143
7567
5639
3432
477
5942
3764
7735
4098
4881
8563
8135
9166
9573
8148
7205
4101
2908
5695
7373
532
2650
3181
8931
138
1027
8066
4826
3842
2080
7959
353
2176
6178
7671
8107
2150
3066
9866
4376
1618
1051
1790
3961
3251
2530
9169
5808
7489
9130
2751
6138
3793
378
7570
2995
9344
339
2615
6429
2292
2553
9676
5621
9211
1217
2773
2603
422
5325
3951
6631
5141
4898
9543
5067
6271
4318
7436
255
8322
2522
8065
4943
3005
4942
2131
1393
1530
9317
8702
412
1601
7097
3940
5703
1616
5124
9800
6210
8658
131
3291
7560
7706
5450
6230
5899
8957
4316
705
5119
6485
6531
9095
7939
7640
3393
1699
7767
4811
6000
2594
4298
5240
9170
5585
6513
6384
9155
3071
3903
5684
8198
9497
389
3531
2021
6810
7684
5134
6635
2851
4876
5126
2064
2772
231
5054
3637
3018
9039
2321
6362
8900
1348
9923
5763
9105
7661
2198
2979
3437
7503
9924
4695
7364
1730
6220
3550
5430
6015
2937
6584
8467
5817
6047
807
4619
1906
5315
7298
5672
3314
1404
3349
2618
4265
8832
6995
9941
5627
388
3022
1402
4296
3833
5385
156
3569
8463
9795
6123
4972
871
9427
6009
541
3401
9587
1528
4283
226
1540
1000
667
720
9771
8248
8553
8377
572
5389
5961
1018
879
187
6850
4962
4534
2591
4646
4639
5024
4956
4131
2787
2832
352
725
7864
2553
1778
2162
7793
1571
1997
9076
2267
663
2746
1826
2383
8940
6968
2287
850
5924
3434
3005
6534
4091
2096
2081
8832
6865
2428
7664
1117
9701
9347
1391
1543
5038
3379
1836
2785
3304
1701
2095
5038
4738
7625
7654
727
5764
2942
4578
6490
5821
5717
1676
4253
3131
648
3338
5081
4331
5200
617
4557
3728
8562
5162
2937
385
3953
4935
2016
5116
9403
1016
9937
7955
3138
3440
7075
9915
4793
4201
956
7622
566
3594
1848
7159
9746
3245
7853
6918
1640
264
7806
7235
4448
9213
3557
1316
3470
7705
9399
1671
4774
3262
7770
5239
2591
8882
6639
4148
7121
3199
198
3948
7373
8402
7952
3308
2832
6547
7900
9762
692
4106
5739
2447
5212
3560
1493
7074
7982
8623
3509
3061
568
8310
7067
978
851
2171
8801
7781
6342
5604
8252
9917
9214
263
6789
6371
2139
4178
24
9508
8764
5413
414
3406
8279
9685
3515
9674
9982
2069
3520
2183
5251
8019
5125
144
1232
9882
1321
1075
9097
468
5688
1878
7425
450
9525
3655
7991
4425
5116
1614
1386
937
8920
3832
2293
6622
1335
3614
6530
5670
6245
277
5989
4535
7640
7951
2400
1711
3287
4707
2240
2330
7301
5357
8660
5847
7790
6661
4578
4012
5665
6993
5924
7445
8748
7353
7092
3084
3057
2304
7335
2239
6308
356
7140
174
1854
7993
1078
9730
5213
9446
3325
9756
571
1243
4770
1162
4699
380
3937
4666
3092
2811
8671
2273
2481
6022
9776
9832
6375
6903
4883
9841
1115
9341
7145
6605
9555
3510
2333
1049
7207
9563
4410
4310
3703
981
7869
7388
7245
8731
8836
935
9196
3808
9242
5058
4582
4294
1434
6922
3115
5773
6446
111
623
1950
1016
198
9145
9253
6079
4874
9966
7403
697
7090
403
9186
8076
2510
8880
9107
4251
6684
9766
1522
1797
3100
4429
9284
4567
9264
9428
8375
9029
1707
2152
4201
4040
3473
2447
1665
8750
2129
5304
5529
5449
2718
6184
3167
3276
6062
5994
3336
6688
2627
56
9049
2603
3379
871
7910
8185
3040
6489
5962
9489
3642
6449
3481
8654
9346
8253
2330
1142
4891
5346
5466
1616
3507
7126
2487
568
3527
5477
5913
2254
8957
3080
8171
8807
15
7876
7290
274
9503
2154
8008
4565
3523
9901
9526
2314
4582
4423
8405
2865
9475
1874
3899
2935
5694
8547
4870
1044
9280
1926
9360
4318
7012
6647
3013
2358
4481
4531
5598
5583
1785
7282
3126
5995
8220
941
8304
6013
6990
4598
2748
5619
8302
6283
1351
5567
9117
2425
7446
2680
113
8018
8560
190
6580
2938
2167
3700
5222
6615
1025
5010
4901
6554
5196
6550
5754
4432
5741
9029
8386
8054
8637
4262
6095
4411
9860
4943
9313
3824
3586
6718
4297
1021
1074
684
6833
71
3049
6519
1377
9888
7432
4593
1755
6314
4944
6730
7255
6790
7839
4848
702
4690
7695
1356
8649
8866
3599
2655
1041
6538
178
8459
3121
6395
8830
4945
15
6015
3342
5596
7482
727
384
6347
4813
6842
701
9801
4815
7431
1042
3482
9685
7097
2954
3573
6478
5686
242
6651
8685
4996
5100
3410
3362
9363
9993
9127
5754
2883
7793
5474
874
1577
9368
5766
2203
4615
9743
7692
5207
7785
4328
5229
1328
2574
7577
3596
671
5465
2401
9725
3749
7344
1340
4280
1897
670
4326
835
5435
9497
3207
594
333
2971
9749
6579
7746
6159
4564
6018
7538
249
517
2074
7276
1491
1394
8034
9990
6516
9316
2507
7392
9732
6942
3724
9770
8969
4595
3550
2470
3320
6078
6895
4084
1932
6748
8511
1979
1665
1933
4063
2182
8361
8756
4211
2733
9355
7225
7594
6343
7533
7125
3586
914
8471
4645
1998
3902
7778
8649
3622
9896
5374
5911
3514
5554
1798
3017
4266
2701
2547
8790
1207
641
5055
606
9806
3297
9231
712
6843
8969
999
5402
2589
3711
6966
7448
6651
2707
8310
4151
9711
1725
3590
1016
1811
869
8782
8956
4821
3469
5200
8928
9013
8040
6257
155
1969
2953
7775
9967
3126
3865
2197
297
2978
1108
4863
5340
8150
4669
4682
4965
7310
2675
2836
4020
4415
265
7041
6998
2972
1155
8386
3064
2859
3391
5481
5321
3058
5146
5675
2197
8174
5820
9451
2285
2161
5255
5244
5014
3844
1035
6490
2137
6371
6647
9611
7110
8729
7563
3732
4415
1111
5861
4858
7825
1036
6762
7141
5197
2208
2542
2874
2107
9533
5887
2421
8824
1893
7490
9537
9164
8069
3647
9083
2913
1313
2875
9811
8958
6251
4043
9197
4006
1090
5655
7134
7252
818
7813
9098
469
4635
1020
8388
7977
2256
1584
5919
9149
6990
4580
5510
2565
1301
47
1728
1578
4480
3906
9708
2600
4790
9903
833
419
2665
9371
529
7435
5334
4726
4000
9947
5428
9501
6569
6664
5885
3120
8584
6102
4557
4545
7134
528
6573
9348
9190
9648
7026
7244
1768
1103
531
9018
6281
2866
7240
3597
4691
4349
2957
4411
8680
6934
6844
8986
7037
7932
8114
4707
6943
291
7679
3736
4150
5473
725
624
7340
4833
9139
8096
2336
6074
6452
8881
1455
3069
4878
7403
3816
4095
2393
5248
9290
7136
8552
6742
9694
4962
1451
6080
6267
5075
6461
4630
5122
6502
7512
8639
7625
1658
3980
3688
2000
2209
8525
5840
6900
5080
8991
2353
9633
9293
2839
4101
8212
9081
9984
613
6963
1605
6102
94
6861
841
235
1100
6518
9227
7751
1689
6201
2417
3539
203
7158
4222
8175
6148
1977
2786
7855
9336
4333
3299
1654
3063
2798
2319
8104
8171
8468
5724
8805
2256
3633
1248
9761
3629
8058
8681
7560
8523
8476
1050
5457
9674
5308
3523
9511
9168
6429
6105
8027
602
764
7050
9436
676
542
5351
1881
9411
4821
4424
1449
4529
1381
792
5766
8829
7796
1956
2940
8999
9410
6568
8162
2395
4126
4536
5157
5720
7771
4224
8400
3523
4776
9265
9982
6299
1039
202
9329
3010
283
8055
6391
4117
606
9462
7791
6812
1040
9717
5639
3163
3073
797
3099
9897
388
762
1871
129
920
4054
1512
6242
3861
991
2148
7202
152
7720
4525
8916
2194
8595
9859
6714
4242
9087
6814
4236
2066
1503
3099
5754
2139
521
9867
6668
6327
9030
1676
6123
5877
1521
4533
4003
6328
6449
4213
642
2383
2625
1595
6027
8710
4060
8147
6319
7238
5603
5520
1826
6380
9992
7980
3358
1948
8538
1657
26
8924
9495
7459
7715
5424
3015
2803
1830
1582
4934
8672
7174
67
3771
7975
5519
6283
8164
6394
2810
7640
1574
1618
3856
4781
9145
9635
8235
5248
7715
3443
7633
3445
2654
455
3836
6628
9391
6450
668
7336
2197
105
6821
2050
7732
8126
9420
3917
9616
7266
434
7775
3840
2858
6221
9911
9297
6902
682
4731
5549
2821
1378
58
5358
4247
2588
6646
3058
9957
1127
692
3674
8660
3636
8513
4840
5217
1981
6248
5896
7946
2476
8168
1331
3981
2998
4539
1376
1955
5383
9623
9876
733
6252
1912
6942
6082
1349
794
464
571
8671
7023
5306
68
9421
7919
8989
3487
6075
2070
1163
9040
1761
8311
5025
1913
1309
7236
543
1983
1307
7565
4862
1734
9591
6123
2576
2203
4973
2263
8539
8254
4017
3968
3857
8788
3136
3868
9939
602
9240
225
5632
2281
2818
8645
6619
2315
45
5279
9289
1028
7950
870
7025
5985
8855
3788
6035
7190
6167
9040
2153
1234
885
9408
8566
8481
6407
6594
2716
3361
623
9522
7172
1535
3313
2635
3884
3303
2873
3836
5196
790
6364
1698
1494
7245
9842
4799
5394
1424
1861
4929
9595
8207
3256
7157
4951
4165
1623
3524
6989
4536
8293
558
9254
6425
6070
7881
5900
2527
6427
6694
6803
7447
7169
3060
8502
9697
4504
7425
1355
7977
8875
8231
327
5609
9335
4029
5299
1890
2376
9082
760
1495
8212
129
9927
6762
9414
3370
4702
647
1327
1672
3207
7849
9673
8468
4672
562
3656
5960
4740
204
6072
7147
2269
3062
6601
3094
203
7365
3101
6068
9295
5544
7126
2537
7112
8812
6658
3842
5162
4294
5298
357
548
9753
1124
3029
4353
7885
7227
5996
8141
7371
9079
2455
475
3490
5639
5535
2191
949
8746
7804
2534
2822
661
3476
34
9667
5977
5752
4253
7821
936
8828
6511
9917
5922
8117
240
1418
5194
1038
2156
2152
2974
3163
2094
8536
8850
4140
6628
3282
7545
249
3413
5314
8988
2429
9547
812
8460
198
5711
9829
611
1600
8540
6829
9892
7002
5290
6680
6996
5653
208
525
2910
2146
6435
2422
5820
9771
8826
8210
8414
6185
4419
9172
3627
3257
4730
6261
1806
5293
4102
1032
7415
8646
5463
5316
5387
9142
676
6470
7646
7258
4641
7874
3773
9590
651
5691
2762
878
2132
2645
4806
3251
6755
7415
7246
6088
9120
1228
5987
2424
1522
5718
4083
534
1433
1003
7301
70
8440
7392
1569
8500
4371
124
1667
6436
3900
4580
3267
7623
1870
4639
300
7274
3511
4860
6054
6325
5207
1072
3506
7577
3369
859
1729
5327
568
6869
2369
6144
6437
7478
2171
8732
8999
9067
8602
6072
1926
8507
7606
8294
8933
9507
1858
7209
7720
9601
4848
8557
4523
1490
209
589
4291
7756
9387
4867
5752
4135
1520
5219
8889
3823
6548
6608
912
4842
482
4871
3510
7205
6574
5785
3244
6374
396
8312
3148
1762
3610
4013
1508
7943
3375
6986
6115
7371
376
174
6506
4975
7786
5621
86
2990
6130
2245
1833
7700
6089
6596
7277
2532
6018
7638
8157
2791
3918
3214
44
6599
482
8423
8214
6108
9543
8427
6510
3921
4112
451
8311
2225
90
1967
9513
5779
6849
5869
662
8541
3958
5144
2470
755
6736
8080
2560
895
3811
1976
5774
9921
5540
2350
7303
8998
7135
5528
2732
2055
3287
7028
4339
9878
6056
8672
7220
2553
2649
8421
3583
7591
135
736
6230
1103
8278
5867
804
9629
5467
8733
8127
3614
1175
3616
656
5246
2438
9281
1185
784
2941
6395
1709
4518
1670
6918
4318
5641
3892
1916
5631
4354
4283
5630
1122
9847
9886
2988
2828
25
694
3858
5929
4947
1906
4589
4824
5543
3982
9174
6355
2781
3213
6700
4047
4878
4623
3742
9114
2670
9097
9565
3932
44
6069
4480
9711
7053
6651
9818
2834
760
8980
1551
9388
4815
7507
1008
2900
8372
5496
8893
5840
3463
5357
4681
2975
9154
500
3873
3794
985
4849
1542
864
9797
2573
7258
4584
7722
287
8835
4966
3234
7973
6832
2061
466
543
7260
6233
1865
5070
5193
4961
6434
4027
1521
2638
3283
3313
8823
3588
8903
5504
5041
9269
8081
6388
6743
3308
6645
8098
4327
5082
9716
3413
9064
2702
7100
7150
86
2475
5744
8240
1255
3854
9100
2181
8931
695
791
8017
9308
9278
1395
5594
8743
1480
8169
9297
7206
5577
4584
2540
2818
7632
6401
611
8402
9059
2711
9868
4540
2611
971
1400
1141
2590
4782
2212
4745
4931
5896
4359
5900
7180
8392
3126
6055
7286
6757
6847
4813
2222
4871
4931
5440
1659
242
3470
4936
8309
6258
1198
4522
2799
2275
4857
3406
6917
5304
5444
9358
7049
1166
1655
7869
6236
6945
6133
5835
6313
7737
2964
5201
8638
28
4585
6859
8877
6903
4020
736
2990
5888
3139
1888
8003
624
317
7069
910
7875
6744
1960
9664
765
3312
2897
377
3373
756
9523
1325
3229
780
5833
5473
6484
8356
9726
2649
1541
5913
7054
6756
5982
9966
2602
251
8425
8185
1141
8038
9717
4606
472
5124
4657
8374
9026
7692
5493
3558
6323
6245
1072
3271
1571
6930
6445
8910
8338
6264
578
8988
9413
8231
763
4427
4156
1142
5218
8647
7730
235
876
9432
2043
4416
6544
4511
4038
195
9119
9780
5392
4054
9473
2684
4910
8086
7403
2013
2108
8607
1040
733
8323
7324
7372
1424
6359
7951
7842
7490
1791
1305
5889
8324
3654
9644
9532
5213
7220
8284
6450
4035
8550
2628
8386
2666
5004
1706
4123
8631
2501
4112
8110
3421
701
5138
4944
8120
275
9168
8319
6209
4497
2983
4087
2095
7385
6066
9377
538
7409
8048
6811
1311
2777
9382
4443
8076
4284
4925
6399
3883
1917
246
6806
1548
3234
6495
1630
7575
7568
7960
1513
5337
564
5274
5965
49
3345
6955
6395
9825
2723
7917
7270
1362
3038
8176
2689
8311
691
1110
2719
1405
4804
4960
5899
9969
3069
428
9032
9223
7576
9151
1366
2476
503
8167
3275
3805
6801
4626
2676
158
5344
219
6692
9460
4380
8336
8608
5510
9849
6976
1302
9518
1517
6139
8851
6573
7999
2354
5971
9097
6996
2092
89
399
2997
5124
6120
8048
9931
5168
9586
3991
6747
9419
4984
2376
7214
7674
1894
8434
1360
7565
6630
1961
7586
1824
7681
795
8262
7796
1542
1808
8299
6088
6302
1629
3139
2472
1763
8057
3692
1631
406
152
805
9407
6390
2660
3437
1896
7121
9327
8215
3764
8091
4593
5065
5698
9290
2860
7088
1745
5769
1508
3804
3943
8114
2164
4261
1872
4900
9056
9434
8365
1385
1434
7190
8860
5709
8784
3872
2452
6349
4485
824
2383
819
764
5660
5606
8310
2638
2960
9739
8765
2070
3187
4213
9943
3696
2869
2862
5816
7953
770
5162
2141
5640
950
2500
5736
5289
5952
5844
3475
9391
8852
2628
9044
3148
6932
8281
9433
2450
6243
8975
9629
3437
5125
2136
4845
7628
6422
3394
8648
8179
2262
9494
5209
968
6353
54
4304
9889
2322
1093
6411
8569
7109
5464
4739
1073
2297
6736
2753
4978
6623
5278
7310
1677
4581
2889
5139
9152
4528
9479
8475
1542
2981
2060
6064
6884
2946
6471
9433
9056
4324
7090
9335
4957
3062
645
8455
5264
6397
2250
6266
3498
3237
1936
9893
257
4568
4524
5366
3396
7321
9641
3382
9014
3479
8471
3445
9887
8028
2569
2353
592
4106
9542
9510
9574
4968
7131
8287
2625
291
9407
3327
2507
8467
4832
6643
250
8525
3140
3146
7970
4950
4006
7840
7786
8487
2275
2165
5837
8199
7400
6236
2553
7496
9931
9049
6057
5006
5738
9708
6760
1401
185
8367
5454
7295
5534
3491
3966
3462
4011
4167
9150
7550
1985
3104
8107
8330
3878
6214
7604
9439
1274
903
4897
5347
2805
8581
4213
5954
7768
6965
9546
3607
470
2715
6151
3452
6535
8692
559
7606
6570
6273
6905
944
6560
6842
4071
9120
3033
4712
5382
5706
3391
3109
7337
7594
5113
7566
7210
9647
5269
8025
8099
8156
9990
2454
6240
5676
4027
3284
1037
6006
1228
3896
7553
8225
5267
5147
7011
5727
8772
841
7693
680
9350
240
9042
9020
5198
7629
7852
6267
7024
2479
5530
1917
5134
8334
8748
887
7107
8997
9171
6312
6835
9422
3564
7618
6411
5001
4061
5296
6219
2995
8587
7318
3345
9097
5182
4549
5728
7609
4793
3996
4564
9620
446
7820
8641
5683
1463
2019
126
6154
5286
4401
8437
8046
3628
1738
5951
982
9710
3165
1556
8992
7274
5215
6035
6434
2570
8655
62
7718
9457
8934
1593
6419
8926
3866
9227
3966
5697
606
3386
4308
1363
5402
891
2272
1729
3416
4646
1872
4869
8089
3530
8267
1572
7533
2421
397
7177
2764
1508
9718
4072
94
6311
4207
9798
848
7095
1188
5115
1885
4200
9182
3143
1757
3616
8680
3444
5686
9934
7950
9971
1434
9346
6138
7778
4112
4146
8024
2411
278
4681
5359
5585
7325
8992
831
8080
3403
9367
8525
4694
2493
8834
4143
8251
1185
1146
6182
4252
5165
3169
5451
9791
9758
4168
5106
8698
812
2543
739
8092
9775
9578
3808
6985
2368
5358
3350
2803
4954
5652
8215
5850
7287
1789
2915
9557
2261
7171
9937
9568
1205
2938
73
6952
9541
6313
4263
3767
4723
3468
4470
8831
290
7922
9084
7547
3249
6996
7892
9608
9263
6225
6159
7538
3518
8022
7448
9215
5758
6402
6754
7135
8516
1300
4026
4837
456
8056
5070
4541
1520
530
2549
6057
6852
866
2501
6029
2624
938
688
9157
285
2537
5339
8997
9092
2533
9016
1842
3393
9371
5158
6935
1618
7195
1272
5915
8692
9793
9883
7810
6262
6869
1793
9352
3688
2678
9096
1464
4742
9005
2607
5788
4116
1450
4453
9151
1285
6098
9578
1162
3261
2931
3923
9693
2977
5986
3392
3158
7160
596
2202
7437
7710
423
3146
8952
8118
2860
5930
4700
7126
900
6589
4470
698
9019
6828
5058
8952
7903
501
8120
3366
229
8457
8359
9710
9710
821
2053
3121
6850
7632
2128
5563
2456
2831
9962
7568
8572
9206
2603
6252
964
9769
1249
3555
938
2413
5917
3421
2269
794
5082
1748
1868
4674
5205
2953
3056
212
7848
8728
5445
4015
8038
1300
9806
5168
3892
6406
1294
884
2259
5666
2489
4319
272
9253
1745
7969
3797
5368
6008
5116
2068
1442
6709
2885
1296
5718
9299
786
1163
408
3121
3079
3784
764
2548
1413
8625
6866
9554
4109
5834
6565
8304
525
2392
6060
6600
9051
9053
4181
4028
2879
5200
8682
611
8306
1782
6184
8134
6350
5479
9468
5806
8309
1468
9966
2855
6008
3333
9166
3759
4326
1240
3625
3130
9452
8858
1593
5910
168
8604
328
5520
7596
1231
7492
5207
7005
6247
2149
6330
5500
2461
2287
5339
1019
8806
3119
4590
2559
7150
8393
3790
2810
5246
9298
2381
3493
7875
4663
7939
6260
7451
9431
3440
5011
993
5247
3449
1235
189
5753
2445
8635
9962
2788
2923
2599
2070
7105
8822
1437
869
7217
4258
9301
7866
1980
6944
8745
7209
6558
6391
423
8220
2866
9651
877
3585
677
3684
532
2506
7203
7875
3620
9290
4357
9464
3453
6033
5517
1243
262
5512
8538
6248
851
5089
2148
2130
3119
1683
4301
6306
6497
5353
7227
7597
7405
1719
5095
1525
3801
3485
52
422
1905
5022
9793
46
730
4719
585
3649
9040
9905
2539
4890
8427
1384
9720
2734
4138
7777
723
1980
1490
9364
4593
1661
478
6828
5982
1264
3157
9964
7470
9631
7708
8347
6029
5197
4025
9785
6533
6546
6920
790
6450
5733
7740
7813
4007
9153
8054
4706
117
7967
6469
3663
1260
7905
8054
5499
1374
9871
4669
733
39
721
4733
9036
9142
8297
6974
1974
7138
8873
8052
6190
9032
9599
3740
5511
3674
4855
9566
7496
3562
8002
2508
8021
8544
4204
3874
9089
5919
1092
2222
3342
3149
446
6899
7811
9265
2389
7100
8829
7404
4963
1886
7106
3801
3930
9535
7683
9485
7738
9489
4778
1513
2303
524
7330
6060
3795
1471
9487
5586
7424
8258
4670
2283
6880
7676
1235
7838
4004
2231
9799
1825
3132
5239
9753
453
3273
9223
1600
3391
724
9091
8557
5357
2370
6885
8888
2639
9833
999
6309
7631
5721
9019
6652
9356
6952
7745
1572
672
8482
7266
2568
7057
4724
7682
8990
6462
1056
6490
8374
6114
1425
2989
7194
238
5887
7369
6989
1930
620
510
2529
2434
3968
2724
354
5633
3006
5443
1169
7361
3965
9015
2187
3320
760
9632
7780
556
1673
6153
1721
9107
734
5109
4110
710
8251
9983
2844
6229
6137
8382
1108
1167
3276
5318
9056
8578
9115
3695
6088
2197
6879
3795
8875
1211
9731
1843
1217
5784
531
2596
55
7137
1116
6642
7759
2755
3003
4426
1628
2823
5366
5994
6980
5537
5916
4071
3494
769
6078
3386
9539
1136
1107
4288
7159
5530
9356
9796
1408
9509
7425
2064
8108
5053
3804
6324
9546
9306
5774
5098
2804
6916
5639
830
1492
2298
3659
646
7480
2278
8560
5500
3857
6503
5805
1370
3020
8559
9686
2039
8298
5586
379
2609
3776
1345
1564
9497
2174
8806
8446
6275
6349
916
5098
774
9333
3636
3494
9124
1964
3630
6917
7881
7182
4313
2690
4682
1615
7047
6285
4447
8952
5066
9006
4510
6017
1981
1634
6415
9075
9207
3252
9490
4974
2475
5151
6154
6894
6994
4218
6774
2858
6343
8722
7578
2228
8157
4541
2115
6335
6381
5643
6940
3322
7105
974
9543
4180
7179
5484
4168
1774
4845
4071
1873
1550
7335
1346
8357
9872
2391
5688
6845
1348
6438
8107
2374
232
9639
7446
3629
4438
9800
221
4457
534
6768
3920
8644
2760
2336
9482
8625
1596
1401
2405
5219
5799
3208
4260
4668
9367
5112
7009
9614
2804
6804
2402
8328
6067
3718
7230
2442
4650
1305
9307
2812
9304
6953
7072
1757
3046
8415
9467
4737
9418
5497
2429
9257
7674
5762
1604
3373
7457
55
497
1938
1528
9998
102
5752
9257
8748
3878
7002
1360
773
2860
333
5614
554
3584
8615
6642
5277
821
3046
3506
538
1516
2985
2444
9917
2256
2158
2525
5765
3026
7851
9462
6447
7424
458
5809
3688
646
7703
2725
5088
6631
8428
9516
3028
2067
3019
3034
788
7292
6309
8212
9798
4350
7890
5540
3074
1948
2183
1995
3224
8335
3882
7612
448
8607
5954
2645
3324
8576
2964
584
185
5859
738
4657
8597
2380
4663
2806
3135
9543
4873
4723
1909
3844
2424
5957
2670
6153
4949
2240
4171
6200
3584
3681
7211
8881
4411
7364
2468
6258
8486
563
7774
1861
1710
6597
8406
4151
8610
4025
4621
8952
5827
8007
8221
4285
2597
6249
9941
8727
338
8384
1961
2030
6089
7456
787
8011
1883
8664
1139
3803
8147
2508
1958
2662
8132
5322
4195
2253
5439
2423
9393
4508
2582
2021
3556
9968
5302
562
4127
5180
7129
7538
2335
873
3045
2138
3503
2118
8892
2775
5690
9636
475
7971
292
7358
483
9989
9180
3776
4755
1204
4759
3603
6972
9809
9280
2431
1821
919
6642
8183
5791
8409
9856
7414
7195
5794
3159
4690
8433
3701
2461
2457
9677
3168
3177
6814
2231
4002
784
7198
9296
763
3179
2576
8337
1090
6430
6945
8206
5643
3826
9125
43
3251
8338
9093
1253
6008
3453
7827
333
5704
537
2916
7030
3879
7066
2213
9816
334
7508
5307
9993
141
3049
3966
8921
3781
5984
7097
6901
8253
9961
2524
1937
6335
638
5805
7852
4297
3607
7991
7332
625
6329
6065
5716
4880
8053
757
4004
7685
6434
6314
9301
4035
1878
400
7754
2051
5147
3958
8546
8491
1585
9648
7479
7376
3180
993
6955
3216
4601
244
881
4867
7554
8773
9922
685
8280
9930
588
9671
3175
5265
7465
2543
7163
3097
8780
4518
822
14
4765
8950
3015
8174
4011
6814
917
6547
9224
6556
1227
2159
4876
2405
5533
4466
7069
3346
82
7929
7018
1019
1447
6871
2634
8104
5106
1858
3441
151
3042
5920
7160
2487
2714
9385
807
8763
630
826
1828
6751
1443
6772
7009
8586
722
520
8872
5232
6495
9879
8856
6229
2493
3406
9708
3674
8668
1709
5338
5824
54
6516
8776
4101
7832
2325
878
1807
1043
2365
3719
5123
6985
8860
395
3759
9855
4014
7166
6017
3446
1863
4343
7922
5588
710
5304
3946
6490
6701
593
4377
907
1626
897
9587
529
8931
1477
1087
4999
3933
3124
8509
4512
45
4456
8281
2785
101
8097
6243
90
4786
9083
5217
2839
5791
2719
7016
1195
9763
1787
9434
6881
7355
7737
6484
1801
265
8922
3627
5823
505
483
9161
5901
3269
7451
4721
3747
619
4384
7029
4416
9157
2575
4368
759
3650
3941
4197
9658
2499
5191
8926
5297
6793
2186
5321
9649
6537
4797
9575
6915
4683
4432
1625
2157
9370
3796
891
7139
7472
9709
1388
9261
549
4351
857
3341
8014
4660
5096
3542
9936
1343
6357
3504
1375
7767
433
5304
7934
1973
5343
3165
7387
2718
1722
1941
3036
3832
976
1502
5690
8191
9842
8413
8279
4885
8218
5929
2691
9075
2928
6257
2903
2892
8654
6673
3324
1274
5905
9233
9153
8181
5159
5714
7421
6942
1632
764
8738
7711
6096
966
9039
2701
2337
6789
6159
9758
6697
6050
5231
9791
4881
2497
4705
3160
988
9569
6848
3101
5929
7961
6798
2661
7411
1264
3161
4211
2862
144
44
2158
3096
2991
668
7265
7816
6249
5380
2460
7291
1502
9682
6288
9362
3024
2724
5479
3767
8627
7976
8330
2840
5619
9453
8475
3319
1607
5282
1440
886
359
2864
6343
2261
257
8910
4676
3967
639
4754
46
4578
302
4131
3502
2222
7854
329
7929
8856
1471
5676
5863
8013
6007
6131
5686
3103
100
8589
6093
9708
6315
7846
9628
5587
9003
8333
9402
9214
3230
8778
8970
1802
482
9180
3905
4132
4199
7847
5362
8847
5913
2455
1461
9301
8505
3801
9055
332
8711
521
9997
5974
326
1675
8366
2908
4729
1097
2161
5334
5228
8259
2685
6956
9957
3036
5523
4782
7165
2388
555
9352
8788
3609
878
7897
9320
1167
2313
8879
5196
9495
3409
5117
1959
3089
1132
9585
2909
6313
7881
8235
6766
2464
1949
965
3167
215
7859
8217
3301
9121
4964
555
6095
9133
8853
7770
5629
3776
8294
983
3331
6936
9975
4249
8222
7665
8816
8257
8749
4953
7406
8690
1712
921
9676
4067
6077
9335
8623
6030
1248
9069
3603
4014
406
3497
788
8777
3792
5079
8679
1348
7079
6054
7472
3001
437
9645
8229
8544
7284
3122
4515
4121
2531
2093
2062
5563
1825
1610
2010
5338
6204
6812
4971
6146
9851
6522
8791
2547
1599
1305
5208
5979
6717
512
4251
5776
6566
9144
8114
7562
9404
874
5328
1713
1473
9073
4651
5228
2727
4251
5692
6412
8284
1674
2457
1745
4964
8096
3130
9716
8924
7736
4176
2979
1417
6084
402
929
7685
5610
7877
8026
6355
2136
1555
2449
3987
6098
1859
923
3396
4133
7800
8978
6306
9940
4909
9636
8393
5853
9470
7504
8407
7606
6740
704
8212
4165
241
6150
5692
7310
9514
331
9183
9265
276
632
9854
3314
8295
8905
188
4580
6860
3241
1550
6225
2237
7712
9265
8290
2471
221
2968
4818
1287
6432
1972
39
8901
7360
2458
6674
4078
1112
1449
441
6183
3665
713
8174
5693
9089
3376
407
3482
4915
4739
4789
9467
8077
5064
4496
4029
1732
3994
4609
6191
1783
4689
4103
5310
1875
1156
4964
8436
7226
3855
8187
5303
8005
9687
5257
4875
994
542
3487
2494
7156
9688
3928
1107
7723
4103
436
9248
5462
5147
2937
2277
1658
9864
2575
4063
6420
4543
8823
1977
3253
1033
8924
6841
7261
1174
6777
6485
41
6564
3395
4431
4443
6891
7658
5075
5715
9760
8261
6386
4690
9971
8908
5804
5597
2550
2055
6753
3185
2763
7881
669
2476
2602
3741
2139
4869
4789
9675
6160
4052
4389
7056
5053
4079
9740
9094
6231
1294
172
7627
8316
4661
4322
1431
6224
6060
8926
7788
4914
9673
7697
4688
6385
6479
9309
9655
5827
5801
282
1204
1139
7254
8848
2414
2147
4403
4619
2903
6550
4842
4141
9661
3807
1133
1552
2423
6250
2578
9207
6457
8823
9243
6705
4644
6602
5984
5637
9202
2902
4908
6433
1619
8141
6819
7489
1387
9497
3953
4141
9946
9489
4097
4675
8876
9005
8943
9107
6635
1854
9578
2585
3826
204
7531
6584
6522
7949
4563
7663
4180
9399
2539
1087
2455
9177
3638
1525
8650
3567
5825
3199
7969
2594
2358
470
6123
8897
8195
9963
2670
2375
4345
197
9496
1559
2099
4228
6840
6051
3491
4584
3182
8900
4638
510
9412
1153
9275
7497
695
9964
686
2142
2491
2042
1393
9762
2658
7705
9782
331
5397
8124
6225
8134
4746
8999
8008
3854
7851
6346
606
2967
1899
5653
4411
9097
8002
8615
3302
6420
9566
8094
7804
1362
2820
654
8955
2194
1351
9147
3626
5266
2177
2006
2474
887
5778
5705
1622
2603
4704
4254
8805
6281
72
1646
7430
8725
1646
6256
2791
7031
2315
8744
3496
169
4019
266
7279
425
1232
6523
9929
615
7866
1463
9150
8349
4888
9941
5368
6475
2843
1240
8524
5323
672
4664
7258
7968
1341
203
8075
2587
1646
5004
2886
8972
6118
6401
5017
8743
6413
2184
9042
2686
732
5910
3147
726
1507
492
676
5336
2528
4505
6343
5170
7397
7656
7177
3256
5125
4733
6353
2166
3557
8564
8616
4115
7742
1305
8345
2583
3904
1446
4961
3561
397
8072
8882
4295
5421
7981
7328
2268
113
7459
8568
702
2747
9254
5004
9080
8796
6483
3554
85
7200
7276
2536
1268
3053
514
2477
8818
7725
7251
24
2474
4530
3310
8918
4629
1181
8739
5062
8224
6454
9587
1377
6387
3609
4971
5567
9341
4227
7848
1110
8076
8773
5764
8825
9209
1904
3198
4037
8780
4895
9674
8716
7688
3158
3994
367
8547
4497
1516
6695
9146
8639
3166
6339
7420
3209
4115
2108
5897
6159
7689
6901
740
7594
6963
805
6222
8692
2448
1194
8667
3129
5006
2519
2385
769
4603
9764
9628
851
9050
5483
3960
4381
3029
3296
1931
3445
2673
3629
1609
744
3190
1327
6837
6248
5943
32
4078
4119
4220
8765
8399
2753
6260
8361
5644
50
9181
1939
1264
7884
3503
322
7825
229
2769
4441
5297
5996
8481
894
8249
5802
7499
4269
9671
8346
1682
1166
8379
1651
9453
864
6689
9612
2225
6425
2608
263
6697
6777
5846
1776
1840
6283
3881
4559
9566
5915
6953
966
3542
207
6541
9236
364
9727
669
5314
7259
3239
7932
9377
9425
6560
9854
8528
2718
7677
4214
9965
5162
300
1253
6379
5834
7378
2133
8220
2968
8811
2309
9477
640
7012
7500
3341
179
7360
7318
8027
1104
8710
8175
4075
3387
5543
4157
9325
4854
2429
3853
7112
1791
301
3310
4589
8349
6029
3725
575
4054
3883
9668
582
3349
3745
6716
4789
4072
3054
803
9758
7071
4485
9406
408
9308
6610
4918
1344
5322
9970
4256
9750
2600
670
5161
9139
2267
7577
9820
4770
6274
3534
6691
6652
8916
5985
5376
4221
3113
1049
8215
1685
2347
113
3175
6554
3175
7192
6950
7218
77
6538
6893
5123
3505
5334
5414
4563
557
9796
8746
6124
9414
8022
1553
7214
5110
2634
8818
2964
8303
6115
6506
9118
6244
1292
3606
1594
1031
5447
4337
3841
4343
8465
5845
4947
1921
6035
6201
6427
7004
7367
1693
9627
6897
576
3758
7627
4189
509
3615
8747
8606
6322
8388
8511
8597
7103
6354
8990
423
8808
3855
1480
2560
9796
9840
2359
9762
5225
2206
9292
673
5843
3967
4695
1605
4728
7158
2926
1591
1976
4931
8852
224
6597
1492
6164
3034
8483
7901
5701
6294
3377
9415
3179
1630
1145
3097
8761
300
4573
1874
5080
948
7690
8789
5539
9425
6213
4782
6894
72
7748
9211
9888
9044
7397
1623
3485
5488
4080
3172
1762
5366
1475
5075
2947
2801
3144
2921
8199
2285
9986
2010
9670
9640
8675
8196
2588
8694
1960
5264
6835
3937
8428
5712
6473
5417
7799
772
5450
4569
4908
7052
1802
2507
3238
1326
66
1660
2308
6493
629
6612
1409
5674
782
2556
7635
3971
8616
660
3019
9841
6170
4
2284
4593
2973
9776
2453
9340
9602
6483
6013
4078
7730
4718
4942
6367
8792
4987
8447
6010
1516
9074
233
3645
497
5420
1823
5025
6663
7077
4767
4399
7116
2694
8263
7883
9201
997
1270
4697
9745
948
5762
9084
7523
1259
1280
3757
6204
652
8632
1677
861
4672
287
4214
6148
6341
9858
1179
5452
2985
2339
7124
8325
3325
4458
9986
2487
5876
4561
2110
1444
1721
5258
4948
4185
7400
8669
6162
3078
9174
1047
3033
6289
4831
9302
3570
8474
6230
9960
4440
4427
4502
5925
5050
7261
5458
6834
7942
2866
3809
7935
6816
1531
9876
4835
2659
8426
1303
7836
1171
296
531
8983
1751
8839
1023
2489
571
1843
4119
8308
5815
5453
7900
1147
7654
6236
4163
405
5999
7892
1875
90
138
2424
5600
299
4062
9005
4272
366
3975
8723
6843
6301
443
8846
2867
7444
335
4333
2681
7617
895
3765
5967
969
51
9006
9398
3508
3163
6565
9809
6964
2446
1666
4589
2557
1799
933
6290
9141
3860
232
5589
1818
8804
3946
9155
2397
3059
1407
187
8054
5357
7663
8847
4946
8617
2876
5721
3658
8751
8045
2526
1263
2222
1889
9404
23
4559
4194
1954
2499
6594
6073
7441
390
4976
945
6959
5144
3459
8067
2979
2344
4262
2371
9972
5266
776
9201
2889
682
2815
3485
2790
4187
4171
7433
9141
2976
9314
6155
4060
2273
813
7747
4648
1059
1848
3452
7253
419
9616
9009
7275
8329
7173
9554
2653
4433
145
6552
9028
5124
2288
3785
1989
2172
4073
8100
8974
9296
4061
3613
7390
8684
582
1832
6767
2866
2069
6215
3967
4816
1014
5699
2112
5235
2904
4712
3270
801
4016
6417
6551
5079
2610
3282
9781
7008
4050
9659
4084
3623
9293
7042
2477
284
4908
9611
1544
7813
8074
5466
6685
7789
6270
2537
7855
2152
66
720
8588
9020
5406
4599
8029
257
5793
9985
8256
3338
129
9269
356
7014
6415
13
7989
251
1451
6200
3481
7108
6609
3595
5149
4032
4683
3839
102
4922
2956
3122
9154
9430
9266
1564
459
1006
8326
4555
7211
3338
3329
6235
4147
6729
7619
2624
2506
6896
8147
1387
7171
8187
9570
3637
9753
6240
9250
4640
1398
6877
1187
2960
6821
3849
4394
6390
8035
6271
644
5375
3473
6472
2351
3711
8526
345
6401
4400
374
5900
7189
9396
3097
3710
878
8542
2557
6007
6540
5935
8737
6695
5486
9913
1723
2842
6952
4759
8686
3959
6851
8281
5252
2350
9987
7079
8302
3473
9229
3851
9083
1162
9294
6379
9672
3262
7788
4416
3562
1927
1746
4914
3168
8045
5097
4267
1845
8839
5378
4753
2766
9643
8570
7454
8404
2819
3286
6402
5981
1160
507
5586
1390
523
7201
6533
4780
5366
4994
8640
4636
2788
7710
2465
2589
8787
8932
9283
9269
1754
2445
581
5380
8429
7433
5412
8188
9542
8232
9852
4940
9718
6753
3074
4714
2118
143
4181
4610
2332
6998
8507
8475
2827
6260
980
9050
9689
6180
119
8614
7489
2217
6791
9801
6891
9568
1605
239
9089
811
5736
7658
5265
4855
6174
8567
724
3728
835
8825
8384
4099
746
5822
6869
8635
1163
5120
2763
6093
8544
2063
1189
9007
6663
9464
2698
8962
7296
1486
5036
4291
6890
4748
6792
7638
5790
5931
9957
8971
4117
6999
1855
3503
3238
3681
4720
362
4004
3662
4120
7307
5458
9379
4650
175
2651
9739
2888
2670
285
1233
9112
3961
9316
3326
8451
5265
4702
6631
2646
1907
6406
5059
5148
5072
2192
4523
1981
8386
3139
1301
9633
1460
3440
3727
3410
6102
9512
7729
2999
5262
3517
6479
2800
2591
7902
9661
2075
4538
5783
3392
5239
5933
5769
7276
9725
1339
3243
4499
9352
5481
533
8433
118
5508
7803
9353
8866
8404
9779
8991
7888
9058
386
6801
3964
6558
6441
3886
6063
7787
3132
9178
5501
3966
223
5261
503
8471
6251
707
2828
7143
8719
4014
2449
9116
783
8915
3769
8180
2200
2226
7886
7988
9119
2980
3226
3448
4175
5597
150
9691
8064
5822
8935
7193
1868
7161
4985
3736
981
2554
835
6471
5504
4010
4350
4807
1380
6152
8829
7674
9472
5477
9178
6680
7772
8504
6225
5670
844
110
6932
4669
8557
1727
316
3767
5436
2340
2062
396
4498
3011
1587
1921
5846
4029
935
1336
3277
9998
4898
8007
1117
4849
4999
5755
9074
2846
7504
5670
9249
5910
8023
8776
52
7837
1156
8384
6102
9579
3175
7962
6445
6089
9894
5812
2658
4855
5457
5983
1523
9025
8883
7706
8640
7119
6999
1822
1805
1147
1146
4774
5235
2267
7212
3902
3228
3532
1647
7825
9159
6606
6930
933
6560
1878
101
5844
3530
5261
4544
6204
7162
1032
5612
5376
7855
1555
2786
7969
8796
9745
7376
6357
2725
8354
9072
4180
7054
194
404
4922
7886
3274
8402
9946
4983
9562
932
5305
6913
428
7670
2794
6913
5350
2640
2932
5527
430
9499
3488
1888
8880
8466
8648
5071
3711
9579
6398
6534
1709
4338
9757
8481
9492
2904
8741
2998
3813
8969
6879
6087
732
9345
1813
9278
7127
8715
830
5338
7509
7110
5960
2044
5537
1696
5086
3244
3347
5465
2815
5036
70
9660
721
6534
671
4771
4680
3262
549
6864
3166
6681
5503
622
9626
1456
8260
1929
4904
8900
2345
7012
8388
1644
3555
3787
9427
7577
242
8211
1948
6356
2217
7530
1905
9008
6438
1694
3144
3931
811
686
6971
4645
371
5578
2122
4461
9627
1372
8728
8962
4538
9060
8414
7844
8981
1225
7667
3664
3218
5695
6853
6149
4016
3192
5488
6423
1851
121
6014
2506
2527
514
4080
4484
5956
7212
4610
8320
9058
3459
4179
6781
9855
5997
654
1425
4259
3583
4696
2081
7054
776
3518
333
7217
9968
9347
4101
9159
9678
5836
1611
2765
3819
9982
1929
5946
1262
5245
7810
4880
1685
4051
7813
3187
2214
4700
1218
8798
9879
1621
2643
5658
9606
68
2582
6339
7718
3319
5744
4687
1150
1501
168
1838
9064
4824
1568
4956
1214
613
490
2791
3867
3775
118
3899
647
5608
9146
8686
1830
8402
826
2033
1373
1643
683
7858
8918
9191
8739
2886
2347
2611
1068
9951
8786
6856
4483
7530
2222
4572
8455
7837
3188
5078
659
2437
869
9312
5906
8544
6439
1074
444
4965
5401
1906
3296
5626
9440
1168
752
3438
1893
8857
8372
9496
9303
3818
4162
8256
6921
6284
5398
48
3012
9821
7295
4103
1865
1382
4291
7119
6513
9518
5970
8369
8643
9044
3881
9998
8567
6338
622
1978
7741
9915
6855
5343
1377
5803
1769
5236
1451
7441
4785
4325
1451
6770
7168
4533
1121
7820
8452
5292
2839
301
5102
2564
6081
3735
1784
1118
5888
7188
4963
6467
3404
3534
7372
7758
90
6880
9066
4599
6555
9455
3130
8058
1804
9053
3436
1973
5640
4522
7466
7256
87
1325
1775
8135
1064
6096
3915
6731
3977
8038
5506
914
8102
2425
55
1748
2252
2031
7686
6569
2443
2385
7766
3183
593
2074
4351
3643
8922
8974
4913
3051
9122
2360
3909
1104
7427
1082
9934
2919
551
5594
1815
8804
5031
9153
5943
2918
129
1292
6467
8193
4892
4708
5439
4899
6096
4429
7540
2449
5778
1660
7340
4496
6407
7488
5906
9187
212
7721
8049
615
4126
3857
5291
3990
5717
1122
566
3292
5589
3184
7841
6773
958
92
5467
3829
8548
7725
5591
7130
9762
8446
9882
9562
9823
2776
8652
4912
5028
9325
4118
7000
2328
2159
5057
7202
2757
4692
4540
6236
8900
4300
9862
3263
279
2644
6705
994
1902
2200
6789
8452
5378
3407
8093
141
5321
6874
351
8430
3563
1917
1590
4519
2750
7661
3932
290
7486
8840
5090
6179
6674
51
2411
7677
3441
229
6238
5463
9222
4016
9969
1856
7426
2035
5414
7417
2011
467
8052
7507
5064
1112
5571
2729
4489
3337
4024
1205
740
4687
9275
4778
4273
7834
8592
227
3417
8956
9145
1486
3922
4624
7009
1792
606
5281
9215
9248
4722
5267
9022
2544
426
1028
9221
291
2284
8742
5134
1715
5315
1450
2671
7713
973
5772
3796
7740
576
6891
610
2703
5009
7234
5768
8832
7949
9866
4058
5855
453
4998
1466
1605
4862
8940
3766
4720
2013
5965
8196
6286
3401
1296
8748
2109
8038
3427
3578
2331
7840
5293
2160
5179
8822
856
7946
9559
6254
3198
7332
8557
5716
386
3000
7
221
1
3813
7940
1149
2384
2535
7444
8156
4376
3344
4197
1724
7331
3245
3759
3549
9248
2496
2399
2948
8013
3113
5581
4082
1250
6736
2200
3593
7788
6366
9507
6643
3921
4021
3647
2532
4105
1494
9080
8212
7196
8072
1633
306
5345
6438
8916
8006
2289
5258
3875
4521
6109
6769
3163
9532
8698
841
8469
4025
3775
8971
8269
6095
2361
1822
1962
4517
5261
1719
492
5870
2265
515
9390
5950
9686
9486
5843
5522
7372
7024
7807
9437
3691
3436
5474
488
6653
3268
2104
8791
7852
5661
1501
2495
3068
8796
4605
1561
3945
9348
9
9797
1247
6458
3706
3553
6208
9428
6115
7205
285
3508
7987
2990
5187
4964
5898
8741
9153
6665
5425
6403
4354
8483
5409
9609
3042
3858
1804
2435
8596
6766
4241
6673
132
9464
9040
2436
6415
2353
120
9298
5181
5391
869
3232
8175
1067
1247
7179
7060
1152
4355
8687
3878
6480
1847
3824
4794
9240
2571
2885
4345
9706
2930
8829
453
7060
5747
5097
3076
768
8398
3826
2465
3399
6989
8257
8362
4275
3822
1443
8536
8567
7335
6998
2228
1178
7152
286
3633
1811
1328
9030
76
186
8023
3571
3167
3419
8278
5614
3099
1872
9001
5601
6132
540
5327
4666
8527
4161
975
4589
3606
6265
3342
1752
9919
9946
5178
8029
6801
6697
1066
3572
9076
3443
9993
4237
4401
4487
704
1888
4914
7734
7996
7732
2713
3741
9927
3800
2463
1387
6471
6347
8425
7985
1084
5916
2355
463
5303
9136
872
2744
5908
9472
5271
9144
1795
8805
8259
6274
4888
83
3727
1436
730
9005
5639
5625
5721
195
2640
4535
1450
286
4756
3135
1378
9615
4643
1858
8850
5789
3047
7855
6291
6447
2008
2187
4335
9890
1142
2054
2769
2707
4569
2924
8275
7157
6799
9747
8133
4074
3626
3690
5812
8577
3532
8835
9906
2901
6582
3782
8622
9257
1218
1306
3199
3295
5848
3318
2514
1263
9987
4989
7573
5160
3547
2179
1752
4470
8653
4886
7378
2456
7668
3439
1735
1069
9660
4411
7018
9932
8764
7867
5972
8958
822
5164
6569
818
6300
1637
4417
5524
3238
4784
7002
6357
9461
7203
2746
2414
6573
7377
1660
3922
362
7689
4189
5044
6506
17
4687
5480
9737
8939
4904
6460
3789
323
3974
3942
2192
5825
7897
1295
579
5302
539
8774
6784
8297
1754
1448
794
4653
2005
5142
3727
736
7329
6135
2905
4421
4663
6350
9421
8931
6418
7866
6263
7913
7417
4272
7
9801
6964
2553
5110
8100
2667
7699
5803
5216
9882
5978
5104
1743
9233
4776
1277
2695
3796
8165
2958
1027
9642
1805
2594
2996
9359
6096
34
4776
3436
2998
2574
3890
8398
4645
1709
2894
9391
2273
9171
4303
4070
1697
6227
2494
4754
9416
444
506
5048
8260
5028
5500
8028
744
4703
1977
4042
1080
3078
9169
7022
5228
9738
4573
5994
5334
697
5562
7048
8158
4607
2861
1124
8240
3547
1405
8854
3331
5614
2851
4653
4637
5149
1059
3950
6875
9470
5057
3350
2296
5438
6888
5644
3734
4607
7155
9866
6183
7301
6828
5640
4259
411
9944
6365
2039
8964
1327
23
1653
7823
9436
9004
824
9791
9634
4086
7985
2757
3159
2793
5865
3791
9138
9319
2326
7932
6253
1742
8113
5814
6203
786
7864
5391
4871
6049
7488
7227
5231
5919
127
7378
7388
8932
8418
1833
561
3738
6666
9337
9691
5472
4525
3640
8776
8797
3445
8864
8965
8640
541
7919
9224
4438
5741
4124
253
220
4054
5345
3588
4187
710
5479
4744
7083
3637
3599
4803
4621
9025
8175
1942
6785
6491
5300
2752
8548
4731
7405
2952
24
8315
858
226
4399
7070
431
9800
5
4950
2648
5828
5000
677
8547
9140
1070
6810
3513
1115
9964
4277
3041
4517
5739
4882
5796
1038
5295
38
3682
3417
820
5697
327
1347
8844
5459
6913
2438
3553
6720
9290
434
5295
5618
5535
1925
6188
4773
6480
7512
2385
6062
909
1247
9050
4724
8205
7904
2480
1562
2933
6304
7870
1731
5760
3163
6213
3107
8131
3945
354
2964
9319
8362
7344
209
9030
6056
5426
7430
8757
2485
1909
3032
3754
4813
6190
5048
6555
8599
4650
180
4924
3391
9510
4089
4332
5710
5550
6461
3545
4525
9430
5847
99
1525
9041
1161
2750
4638
2709
8190
2716
6040
8461
4774
7229
1744
7729
1121
3656
7895
7624
5075
5529
7640
9497
4130
1818
2146
3035
8985
638
8010
4768
9013
266
7093
1392
1739
3133
876
9504
593
4522
1211
8273
7214
9153
5872
5832
4183
7579
3947
9189
2845
6739
8381
3828
7469
8352
2844
8084
1783
5349
935
9881
6350
4896
2951
8968
1394
6414
6063
4430
994
3790
9783
2079
5028
9272
8773
8516
7864
2791
6251
216
8275
6805
2419
7706
1161
5380
9367
1491
2974
1252
158
478
9403
8579
8807
6059
2281
9506
9380
465
7252
1949
7048
3521
4209
1250
3238
3634
1358
1834
610
7365
3091
4557
6586
5683
6095
750
1607
6404
7118
9442
2164
8164
9444
5604
3662
6234
8113
6442
4608
8627
3711
9920
9912
1307
3407
6285
6426
5502
2255
7261
3953
44
9980
1587
3035
1106
2627
5987
149
4291
2325
7474
5044
6124
4771
1336
2947
2084
746
2520
172
56
6596
4782
4028
3517
6567
9259
4336
733
736
8236
6583
9629
6350
3607
9462
6894
5071
7328
4171
3243
9646
1558
8163
4041
8188
9464
6185
5278
2205
9242
6613
4273
2356
1008
1974
4974
2187
8493
982
8276
445
462
7694
8243
7005
8574
8060
7830
9651
2584
4639
408
3804
7086
1996
2729
1538
3579
6788
9743
5631
1752
1782
2576
6334
8670
5595
4059
1578
986
6182
5680
4970
4250
3224
9949
6771
8030
3829
1326
9641
6690
4836
4725
5384
514
8997
2447
1339
1765
6565
5065
9539
7879
6148
8381
7197
2073
6377
9402
5452
8213
7944
9176
7504
2176
9898
8153
6021
1190
2277
4071
6688
179
7568
4088
3109
2553
4243
844
2630
2581
1117
7758
1030
4969
7150
7830
8729
503
8575
4882
3689
5083
9426
7639
3504
2012
6375
3073
6972
328
304
7836
3568
9259
3054
5188
2098
9456
7133
9323
6528
3484
9989
2497
2121
8854
7298
1683
5328
7776
8219
187
3807
7393
3344
5566
3368
117
2578
8202
5857
1005
2057
9424
6608
4071
8150
4700
5319
1232
4068
5728
581
2069
9433
1505
1640
9976
791
7211
7453
4201
7375
3354
9692
6259
1724
699
5797
1823
2016
3223
1148
9133
5319
7055
896
5457
1189
401
9013
3142
4513
5093
9805
6829
2515
3842
7024
3475
6970
5984
1764
9807
313
8008
7508
6277
1002
2586
1862
4360
9227
2468
2297
6077
4154
6328
790
3913
1775
7344
3622
6993
7213
3148
1033
304
1103
6445
3075
9078
9298
7213
9128
8525
355
5697
2847
7833
5744
3158
3767
2256
9370
5379
3146
4661
7159
1962
2657
4121
709
9959
885
9013
4262
9152
5301
2291
556
8028
9953
886
3524
9319
3610
5070
6292
7963
4360
4333
9165
5086
4001
3449
5262
6926
8059
7098
1307
637
3095
7053
8307
8039
8392
1373
8201
5089
2140
7839
7047
6544
9046
322
5368
120
5372
3124
1876
1210
2444
4067
8383
6171
6896
6152
8410
8094
8541
2449
5313
5531
4894
8485
4909
2996
1339
6466
5224
7059
8105
3555
7933
6133
6305
6988
3922
316
6821
2940
4509
5070
9201
4230
7728
1995
2955
9210
1741
8252
7332
2086
2629
6856
1528
3129
4594
8074
511
4964
3631
6989
7359
3489
9900
1237
6238
802
6647
4120
7974
4173
2709
1067
4656
1543
6808
7198
1581
6261
5755
553
2954
734
2220
1034
9824
3871
6081
3104
9613
7137
94
758
1108
7253
2372
4509
6957
9862
1798
8253
4474
9228
9871
6567
3899
9208
1202
1640
2160
8989
8834
1326
6552
2812
7898
9567
8193
6568
6891
8773
1579
2436
3529
3398
9209
8064
7447
5875
6861
3683
1160
8354
4643
7273
7027
9227
2449
5741
7888
9716
1341
8001
5686
1041
6866
5241
7644
2239
3200
9761
982
5293
5915
540
9728
9010
7631
4481
1165
6717
1381
3953
3970
8010
3066
8276
7994
9651
390
1127
1887
3101
302
6967
9863
6933
9815
4094
5884
5941
5623
9765
1172
389
8403
1057
5372
2710
2936
9664
6870
6552
5705
5886
6610
4947
8620
8186
6055
8500
3832
795
4196
5649
8169
1520
9292
1699
3012
3976
9714
9415
553
9287
8851
5498
7502
387
3796
9894
7699
534
1901
2044
7224
3357
4579
1168
2158
1137
5885
9181
4661
2863
9551
488
1853
5579
8941
2368
6066
5694
6750
7531
2894
6955
9013
5352
5199
4577
4716
3540
3593
307
107
6655
4882
1905
8209
1875
8812
6786
8268
326
1363
6812
7533
6433
6620
7626
9862
2689
3446
7454
1134
5350
429
5780
3188
8747
9033
4276
1106
4964
5967
2004
6665
7844
4838
9407
6221
7215
8535
8858
7632
2095
8704
8493
7706
4985
6555
5169
3341
3460
1151
5666
8916
6943
915
8863
9266
6803
558
9285
9741
208
4967
1777
6229
1998
7184
3289
6301
4735
1591
1380
6140
382
3790
8303
4387
8202
9120
1725
3886
1682
4867
7150
9579
3570
5250
5419
3102
8114
2402
7441
2960
2895
2873
9606
890
4041
2260
1213
4106
8626
3324
6982
2611
3901
7864
9947
7957
5284
1357
11
678
1685
6745
6934
5939
59
287
1292
8061
7436
2676
6375
4997
4527
3525
4073
4047
6310
4448
7626
5119
6676
9946
5530
2464
4369
6828
6521
8255
256
2490
2419
1067
9274
3609
6172
3023
7715
663
6332
5329
6847
2254
4501
7586
5257
4289
9507
5878
1780
7183
8604
8622
5021
169
6476
1796
8118
1930
288
4042
2090
2424
6770
6085
7957
3673
6620
4199
6255
9086
2869
5213
9989
8833
3025
2677
7934
6720
9206
3717
7573
8442
1061
3511
2082
477
692
6320
3273
2993
4260
903
4663
474
1503
5349
9045
7166
9864
972
3157
3932
1883
151
7461
5116
8705
4782
1143
9026
5780
1379
8469
6349
5557
5182
1524
3728
3655
1978
1226
5400
2414
9675
4586
7286
9572
7907
2787
5413
1608
4417
9135
6669
7518
8070
4015
2661
1835
2234
4299
431
1418
8017
3703
5641
1887
9810
3214
9828
9449
1108
1064
9346
1580
106
2945
3648
6298
2330
7374
8134
8407
6874
8385
890
54
1192
383
8205
3982
1064
9638
8330
835
5587
3219
7022
9565
5479
700
2094
6609
1384
2657
8549
1725
6706
3285
4468
4870
4077
8101
4098
9885
9187
9044
2985
5541
2179
8515
5514
2124
8685
6780
3754
3935
486
6275
401
4824
8940
2958
433
6295
9785
1207
6728
2806
8670
7265
5452
6563
9455
3345
6026
6242
3998
4671
874
8853
9376
7654
5904
7319
5663
8280
932
570
2899
3772
4130
3776
4787
2204
4523
9015
6308
7526
6998
1759
5126
8037
8786
7664
1814
1373
8627
853
8656
2756
8860
9950
3743
5936
3530
5511
899
6732
7829
8837
1118
9613
9897
4744
400
3609
6236
977
1929
8360
4545
928
6593
5212
4466
6278
196
76
2296
4283
9791
6653
8115
7032
3769
478
8125
3428
4409
5052
822
9597
2290
3488
5596
8787
5422
5402
6617
2912
6395
3017
122
507
8731
4556
8217
1000
2969
428
4055
1684
689
1943
1700
5458
8950
2122
2470
6501
7422
4022
9019
9217
3152
207
2155
4898
2519
1566
9437
6518
2550
7340
3569
2365
3237
8979
2967
5194
4364
2975
250
7536
4783
9420
6847
1459
9864
847
9478
9162
182
2581
9005
3957
2146
7468
9028
977
7501
8603
5665
890
3862
3051
5165
6724
4953
5221
9091
9477
2391
2372
8517
3123
360
3267
607
5221
5922
4422
8545
6632
2890
7803
9746
6298
7856
8268
8875
4053
2004
8554
1162
5239
9838
3728
8041
4889
334
2244
2257
5880
9681
9835
9512
2671
8189
1065
5580
6429
2168
3127
6205
8799
6866
4623
3982
1423
1098
9174
2823
1744
9023
7337
9717
9025
1046
5730
7315
3719
8468
2326
2279
3237
7894
6194
312
5887
9987
5707
2336
3902
7006
3582
7248
3909
7710
2198
7809
303
359
6253
1472
5991
3445
4762
4584
3736
8771
4938
1673
2859
2985
1031
4082
9991
5352
8427
649
4792
6912
9150
2162
9439
8650
6308
7141
9426
2751
6846
590
3054
6172
9167
1915
3448
568
6741
938
7055
8190
2613
8234
1851
9207
7078
4740
7098
7250
3003
1641
5695
8185
4163
2609
6460
4385
4713
2391
8750
738
5976
698
7677
9334
7003
3589
817
9310
9627
3219
6924
6912
356
5013
2115
467
4076
6127
6356
2610
5764
1081
617
8413
1485
7964
1969
8384
6814
5064
995
9716
4875
3370
5586
6703
7343
1469
3077
9641
2151
3875
5236
4380
92
8992
1979
7698
6217
2210
3877
7803
8033
2613
2619
28
7009
1864
4899
3695
3300
6248
4957
4267
349
6573
6998
4741
1926
6029
8151
8188
3449
8893
6157
7607
4177
740
6090
5066
1223
6657
4921
1043
5797
5475
3035
2328
9861
4858
9048
241
9374
7823
8621
1440
5375
9990
6838
5576
5743
6433
4972
8210
7373
9322
9820
8468
4497
3774
6658
5934
6431
8993
5645
704
2785
2681
6884
8740
9258
7102
2113
5534
6400
6142
8912
406
3488
4069
6593
3599
4341
5889
5809
9877
1680
7853
625
2787
2720
4203
4157
802
5710
6860
5823
6181
297
9592
7171
6887
6505
8186
6890
8087
542
4899
4080
6340
1022
8760
2169
2034
1593
4722
2056
387
9760
1979
9117
4454
9654
664
9376
8005
3770
5473
1273
6245
3667
7728
8791
6737
4069
7532
4
9556
1820
6942
7215
4275
4772
1661
7491
4711
9019
7410
2036
4024
5545
5798
7947
226
4927
6026
7254
2852
3779
3582
7595
8640
8095
2357
4648
4984
9022
7875
8327
3465
327
123
1936
8217
4664
6909
2377
6869
6633
7304
1274
2496
24
132
4013
4042
3342
7114
8777
5378
1183
2295
5974
5029
7851
7721
2929
7927
1142
2174
3504
1485
9694
3537
6851
6592
7859
2600
3867
6220
6603
1433
2234
5068
4296
4066
8622
8809
9284
2971
8285
7371
5871
5643
9507
4508
2949
8103
2535
6518
5508
4036
9736
2418
4859
173
5946
3252
3140
3263
842
8295
3193
2958
3852
7502
1141
263
5066
6041
3967
892
5956
7259
9219
5955
1404
7581
5914
1002
7049
6518
7382
7519
4912
3495
6166
6895
4891
2574
7116
109
3698
3359
451
9269
6692
6684
9342
1569
5085
8625
8990
6794
1976
3462
6358
9275
2025
2840
5632
244
2053
3662
8189
962
5860
9913
4108
8609
5600
8491
7463
7209
3013
3411
6264
9673
1557
1951
8143
2652
2807
4631
2855
5
7368
5466
7034
3902
9634
3957
7820
7503
3761
2901
9054
8760
2040
5073
2115
2288
4237
9019
8755
3394
5760
4054
3166
7358
4876
1499
6170
3665
7936
7850
2251
3949
6036
8245
8487
182
589
9398
1318
439
7339
9850
5266
7076
3954
4016
2428
1773
2559
66
1675
6585
614
9552
1757
4055
6063
5899
2917
1061
8519
7769
151
5089
58
76
6302
24
2658
9318
1620
8547
9988
4126
9886
564
5912
1341
4779
9060
9616
3420
8971
6354
925
5425
5083
6613
8570
5022
7202
486
6216
7094
6524
7917
6816
661
3658
247
4669
2643
699
9067
8223
1469
8933
921
2606
8902
1053
5272
3622
83
9006
1696
1552
9480
7568
4573
2847
8152
6437
3648
3726
290
4107
8876
1117
4442
9916
550
1610
1669
6142
1223
1278
7808
2718
2194
5488
4131
9764
7926
5409
39
5948
3049
6815
1857
8126
3323
917
786
7835
1887
5972
6700
8824
6398
9349
7573
7242
8170
8089
9586
5192
1058
1747
6418
4210
897
1866
6429
3298
6018
978
247
1616
2958
2528
918
9115
8461
4208
5919
794
3343
6069
8772
4969
8933
8658
3812
1728
2083
7090
1371
6713
9765
1982
7530
871
8942
6131
7996
1067
7673
4556
5991
6069
848
7963
1668
5774
6983
2223
8415
7147
2679
1330
8094
8036
429
3269
5009
5558
3395
3258
9506
726
4108
860
3886
1412
4982
513
6391
1992
4246
3390
2255
1970
3435
9080
4998
6518
8331
6600
6500
1855
2090
3706
5515
7835
8489
9877
9846
9225
7461
7647
6648
2819
1826
4539
1348
9314
4242
1832
6801
4719
10
6414
4268
5597
9706
4094
1965
2044
1701
7083
3700
5679
1183
8103
2261
9357
6775
3278
9583
6121
7434
9571
649
9471
3007
8948
8364
5108
9711
3266
6295
9445
3711
2250
1627
8211
6987
8404
7687
5143
5405
4839
5341
6600
5131
9143
4733
5144
8738
858
7565
9561
9184
6745
5493
6031
4367
8620
4190
8619
2936
5976
8254
457
50
9957
9031
1709
3377
5822
3782
6659
5743
1162
2938
1701
8097
218
6042
9747
714
5862
6149
150
9107
376
3571
2569
2358
9548
545
9566
405
1330
8811
6509
2489
216
469
1607
8519
3444
790
5965
8953
5768
937
6312
5005
6727
6741
5446
5935
1261
1664
9460
6122
9235
39
1767
8775
1039
4972
6691
9252
2005
6077
1162
9069
3502
5776
2260
76
7761
5229
2940
1025
4018
2938
6057
6349
9324
2132
346
207
9031
383
1360
4163
4108
8569
4606
9756
2698
3796
659
4836
8569
3042
9003
3800
9876
5181
9640
2313
7320
6908
3893
2566
8359
2841
917
7691
9279
7547
32
1886
666
3923
7153
2952
6760
4173
4269
3194
786
9808
4505
9541
8383
180
3103
414
4308
7509
1127
5539
8938
5935
8241
5265
9173
6039
2410
8707
3679
1844
3972
7399
5048
9647
8702
503
9340
1373
7034
724
4359
6608
1344
6123
3923
2695
5229
4959
8887
1931
1591
6017
7018
3603
940
8642
2
4660
8832
8619
5693
2199
7281
6975
3190
9711
7915
6396
1331
6421
85
4022
5448
2133
1647
1859
1598
334
6201
8251
9522
4270
4498
3041
7823
2493
4473
8239
5590
2536
5361
353
9233
3443
6933
950
2648
28
8757
4563
4424
9481
2218
1366
184
6002
1507
7537
3853
3619
4455
2497
5133
7724
9909
4256
3807
3299
2725
6844
6693
6664
6914
1360
9176
8704
4290
7891
8728
6415
7336
7743
2685
478
292
5930
5473
1195
5905
4570
4292
1644
2370
7143
4249
1189
4656
6148
7194
6924
8251
1467
8409
2412
2494
335
8303
2033
6091
1525
2977
8072
1961
8906
2519
9738
1229
6641
6722
1690
8843
9863
4655
7935
1604
9234
7834
6950
6016
690
7755
9127
3691
6301
6675
5919
3693
6608
4386
3473
4151
2637
4756
2698
2360
4039
9871
7423
3208
1781
3016
2569
9856
4576
5223
2943
2233
1586
9551
8113
3413
117
3978
992
2468
4124
5326
1526
35
951
32
3584
4956
9984
6857
9890
7179
1879
977
3730
558
6027
366
6639
4279
4073
3623
4216
7879
6951
832
3059
2426
1881
2282
1608
5414
7568
4331
6011
3710
3188
61
2243
480
6410
7582
9968
6678
9993
6596
7702
2250
1187
7072
41
822
6373
9381
7695
2549
3619
5347
5243
4059
6131
7700
5076
5400
3134
111
7492
7775
8266
3738
9497
7284
8905
8577
8656
5539
2829
4104
7067
7837
8582
6731
505
3158
9446
4208
6739
9562
9426
2453
3586
774
749
6796
8835
5668
9870
9358
3702
7669
5048
7664
3406
2654
8052
8881
9239
5311
5593
6844
4884
8229
1578
4120
1242
7443
1346
5943
6507
2084
2577
7012
1388
7744
6717
6940
2224
7712
2984
7521
1128
217
6718
5274
6474
1696
3038
2662
2314
2388
4173
9452
5547
3731
3669
4964
1614
7850
5578
8120
8486
4130
3522
7603
3501
206
6072
8384
6437
9839
6074
7496
4195
2934
9060
4463
9701
7981
9057
7466
1066
8274
8864
7023
4014
5969
2623
309
5429
6304
1217
7035
6324
373
7037
9122
4087
1176
9742
9171
3125
3691
9674
824
3774
575
3842
4183
6093
3601
2119
8760
2453
5385
7653
5943
5721
5797
4215
4441
4153
3485
3113
6842
9310
8794
354
7119
7369
3823
1177
8165
7085
3128
6405
488
7854
1398
1963
3186
9099
7032
874
4844
1144
9448
4598
5795
9327
9987
5517
2164
9164
6744
6472
4167
8324
3272
9991
2946
1225
2635
640
8342
556
4712
4654
6432
9183
6036
6673
8970
713
6592
6436
2754
3704
4744
2473
6320
663
3194
3579
4575
3545
1954
9365
6854
3991
1390
9655
760
3589
946
5763
8605
7141
5580
3006
2476
3498
8197
6467
1273
1310
4407
1520
4477
5988
606
673
4415
3549
9249
2994
1471
3152
7198
3638
2833
418
5539
2624
2695
872
923
4796
786
4754
2733
876
641
8589
1694
7541
8755
9382
7967
9388
202
213
4407
8464
5173
403
6552
7118
8961
5125
6378
7951
5584
2382
6451
5951
5009
6003
9995
6332
8931
9314
4549
6360
8562
9325
248
5653
3765
1567
3144
6963
239
2213
1597
420
2130
5301
2108
2507
2433
195
8128
1725
7956
8731
5452
7556
2544
346
1116
6210
3472
5765
3973
4595
2211
2468
3442
9022
908
295
2104
3494
4247
6417
4422
6375
815
7068
5232
9707
3930
1899
3434
9972
8661
7070
4134
2351
1173
6559
643
9685
1082
2886
1521
1832
5706
1856
1043
9661
3211
3778
3836
9084
7846
9194
558
2499
6155
6021
107
7936
8253
9291
1922
1464
3743
2219
7151
9720
5594
7194
1030
6458
13
5502
1609
1975
7775
6721
6509
5110
2073
657
4812
4733
8864
9098
402
2535
8202
8493
3975
7444
4254
6041
4119
6284
7710
3054
6009
2936
2304
8824
9491
6580
4941
5218
1757
3019
6397
913
7153
9139
6767
3381
3335
2379
5947
8462
5280
1513
534
3484
2402
3276
5267
5650
5720
6376
2493
3452
5384
1294
3870
4035
9603
9120
9269
6279
7009
9824
9457
553
9920
5744
2531
2143
565
4058
6177
5748
633
977
7426
3973
6928
9607
4702
6780
576
3075
5748
16
2585
5280
3845
9790
3799
9886
9433
6668
6133
2837
388
7545
3301
9757
6724
3626
6299
999
6416
1460
1205
9816
799
5751
4618
2173
1858
3040
7277
1435
4810
7179
6509
620
5565
6749
9236
4126
985
157
5404
8273
7213
3939
9106
1989
6263
1046
2580
8958
4730
4681
2805
9156
7871
5020
6814
6102
4554
4267
4506
4315
6978
6561
8171
1737
3883
4706
5379
7109
88
9614
8778
4236
2011
6582
2732
870
9228
4659
441
2913
7311
7232
7083
8501
6139
195
7744
8890
3072
5915
9132
1793
3261
4699
951
1173
7259
7154
5079
1510
9466
279
5869
6311
1634
9162
7506
384
8147
8008
8006
3463
7403
5771
418
4952
7575
3502
8047
7641
8972
4971
5131
5533
7100
5089
8245
3401
4147
9657
386
2190
6399
8471
6740
3264
5085
3083
8512
7512
1466
5113
4183
5377
1927
4126
9677
592
5519
8651
1982
164
6415
4612
8087
2574
2311
4923
4273
2946
9512
3168
8626
2326
833
4104
7486
4877
1864
5653
9430
3483
6995
8502
8949
2799
6892
3696
3645
2726
9753
4376
3700
3056
832
5471
2031
269
4954
4905
5736
5871
1157
6191
3420
8777
3976
3126
3045
416
9992
7173
5355
9585
8221
5907
6228
8551
1543
3083
9709
3178
7222
8077
666
8286
2479
6589
7603
1369
9512
6418
333
5745
3358
9044
2243
4860
7315
1202
4798
7058
6318
2296
7453
2609
1206
3133
9479
7469
9622
2609
6132
4096
1118
351
4904
1671
8429
5939
4698
6675
7332
5445
8027
7652
8013
7430
6093
6995
7295
9583
3906
1387
9451
309
4655
1442
7739
2619
451
5458
2157
2497
5922
6953
3453
2794
8450
8510
6679
3991
2394
7322
7308
4333
1246
9069
7384
5843
3590
4965
7294
7526
1932
5978
199
7179
2982
9500
7501
2633
9868
7760
4398
4959
6859
8679
7669
7108
6347
2110
6870
9071
3849
1835
7811
943
6533
5151
5239
9632
5317
9654
8768
9474
2272
8454
4997
1460
7820
9020
1674
9277
3197
8067
8886
3997
9836
7484
2542
9162
990
5668
1799
2646
7677
4699
4098
1389
8648
4240
9669
7866
7157
2245
8478
6878
3196
2924
124
1785
3169
7463
4567
8612
150
27
1096
3951
2673
9921
1684
828
1702
9621
8387
2832
1199
7513
1047
2902
9485
2173
3155
8331
8845
1281
1235
931
9420
3231
3647
138
850
5095
9098
7972
5353
7117
4655
8738
4961
2566
4069
2754
4361
3838
157
2333
6883
4606
6640
806
4875
5671
304
7381
6050
5870
3158
2441
8591
4787
6339
5474
5518
9854
9831
9564
9760
9082
6300
6513
9594
8720
6174
8413
7896
682
2600
2955
1213
4229
6495
5777
4245
2666
5819
7023
6719
2062
4316
8220
1850
6674
5744
9830
9325
9357
8403
259
6378
8262
4709
1212
8764
8424
9108
1067
9132
5296
7810
8169
882
929
5727
4954
1690
9344
1608
7395
8981
1360
6084
6439
5329
1516
7164
6218
3055
4406
174
3643
9545
5116
2716
303
1761
2916
4624
1592
4479
6222
5411
7557
8929
5988
4172
5813
4847
1998
1016
436
9387
1241
2273
3503
5759
909
27
1774
5626
8328
9562
5106
6378
7317
4280
8982
1434
4145
1602
5575
4997
9083
3179
6071
9152
1661
7412
6810
5456
931
6200
1071
7930
5770
7293
385
5791
9072
2158
9256
5744
1893
6813
6351
4535
16
9653
5204
5030
4957
6151
7694
37
8633
4173
8900
2647
7641
4568
2834
7791
9260
5185
1050
8556
3921
8087
6398
5234
1702
8523
5971
6478
8654
9920
826
5142
6677
4611
9232
6951
8192
1171
7508
6032
6178
8881
7762
977
4235
9528
1044
2855
2813
2334
3951
8573
5807
1986
4410
2080
8084
7077
5963
3892
3336
8480
4230
1200
6527
5380
5478
1540
9579
3689
8231
6427
4397
4862
1990
6304
2780
1459
2031
6227
8016
9122
9940
7744
6702
1295
8828
8882
2295
8919
3749
7296
246
9669
3946
7962
6145
7156
2005
9153
4571
4872
4749
5681
6652
219
5355
2609
4781
1621
9642
1758
6227
7999
6340
8993
2790
1617
2120
3192
6855
9014
4348
6344
5338
4658
8333
5176
5125
4455
445
4299
9000
1865
6185
5131
5445
1069
378
5179
4738
7726
5896
5591
8115
61
1622
4048
2672
6791
3916
3764
5821
9432
4530
533
5648
760
8727
6043
8326
9417
1104
3074
6381
9735
4085
8607
9228
2280
8195
8597
4996
1433
8588
3552
3478
769
6607
3663
7250
6273
9932
5341
7260
1326
9230
6614
3494
169
3955
6613
8698
1531
7663
514
8415
2327
4135
3914
9595
7112
4956
7502
1232
1153
2762
8737
6720
2195
8427
7115
2209
4112
7705
5605
1308
5443
4004
1321
514
8793
7325
3517
5966
8885
143
6151
2353
1251
6920
3912
6510
2673
7286
3959
4732
5858
3519
6083
6466
9088
7104
8703
2544
1633
4295
8390
3329
7074
7457
2620
8867
8106
3777
4645
2154
6260
5250
8
6478
1215
4137
5281
7308
4779
6868
6679
5644
8988
5315
2403
2899
3487
557
9211
1248
2947
4271
6732
4199
3324
2539
341
1719
6457
6261
6346
7606
3313
3083
8482
8509
5842
141
9023
8098
4691
9091
5522
6144
315
4653
5504
148
1436
9956
7058
7005
1697
8181
5962
1643
9587
6214
4659
7124
9818
9957
7756
3934
4058
8036
7351
8360
6722
3961
7063
3990
8227
5574
3857
8628
2339
5649
548
3101
9962
6417
7264
4383
3317
5603
1052
2490
3592
8177
3541
9511
4832
1606
799
1327
2246
7117
1448
2458
8005
2431
4427
7237
2827
8372
7141
8761
341
1433
9839
5578
7695
4488
2441
258
9607
9368
4712
9944
8143
8896
6441
9332
6220
1173
6745
7342
8176
5182
8123
3506
4095
6438
2974
2742
6080
1103
4004
1304
7527
9747
7844
4650
11
4715
3783
551
2277
941
1752
5732
617
7363
3369
9780
1972
7080
8523
107
8543
8982
6199
6325
3602
1045
298
4808
1746
297
6147
2949
6316
6455
8696
146
4275
2031
9675
1041
6765
2998
2452
39
5615
1302
428
4993
2968
1763
5666
8497
3510
409
1376
6070
5723
9473
40
2864
2548
2953
5320
4689
8388
5038
6084
5518
4052
6754
2177
1656
2747
6364
7395
7412
5468
552
9002
8368
2205
8863
2915
6594
5115
7653
916
5294
2483
6428
9596
1652
6148
445
6794
5786
6932
9488
3423
907
1345
4088
6927
616
4671
4813
5152
9137
8766
7161
9336
3010
3812
7831
7963
6966
2822
3178
2552
4712
143
3565
4768
5046
3711
4584
6958
7686
3612
1557
1017
5427
1920
2421
1748
7858
5022
1436
5907
4594
690
9591
8513
6419
5747
5194
5516
9637
3304
3721
7292
6637
8076
6680
2156
9928
6058
4671
3574
4111
8382
6416
8104
9780
3846
7367
9620
5318
2273
2741
1585
1905
1119
4374
85
8543
782
6404
344
5923
2746
7746
7377
333
9652
8472
876
5572
4205
6816
7637
4670
7723
5182
8604
8932
868
7738
3915
5842
1089
5719
6701
6336
2628
4821
281
4249
3486
160
236
5830
4661
9815
3866
9931
1791
3791
4624
9524
7632
6657
7160
3322
7744
5590
1769
3694
5394
8436
3467
9011
8510
4117
5657
1049
8198
3698
2849
4118
4963
7127
6183
6025
2539
1869
1373
6792
7060
9172
5447
4534
8316
9479
7891
5741
8234
8984
988
7402
3451
3681
209
8309
8587
6487
161
3185
4503
423
6959
8186
63
7468
2727
7567
761
2427
9503
9679
3048
3802
6374
6277
5104
5858
1250
8884
8736
6051
3765
2520
4070
8152
9029
5243
9571
2419
6432
4251
527
6786
445
2874
9431
809
4735
9150
1784
1457
7429
9994
834
1675
5165
4886
7488
609
7194
2676
8719
5438
7033
5170
1345
8626
2599
4829
4511
7759
5425
943
2815
9223
2710
7375
5331
232
5738
4207
2211
2694
5464
9992
7811
3889
7152
2577
6024
189
8277
5988
2487
3256
9788
8614
7605
5161
2084
3787
2112
5690
7136
668
8568
5719
5062
1012
1720
6698
5689
5102
9461
7134
5125
6223
2996
4224
3779
8356
1496
1286
5450
2921
461
4312
7361
2347
2859
2233
8284
6008
5840
3693
8267
5294
1734
5257
8091
5239
4898
5139
4732
9567
4409
7091
8110
2189
9989
9689
5939
9438
7071
8620
3414
3930
9198
4786
5363
6838
6557
9400
3503
2234
9458
4908
5113
9616
67
8829
2184
9344
510
1499
6910
121
9851
2425
2867
727
6083
6494
9197
7720
59
3037
6274
7641
8754
2658
878
5918
9070
6714
8033
5869
3865
6836
8811
1595
3251
2122
7734
378
8357
8113
7838
5272
7691
3445
9969
8199
2992
8166
8005
7168
8552
3333
3641
3403
3811
6709
1232
3028
9884
7539
4730
7209
381
7694
4682
6057
3927
4853
3609
2059
9045
9800
9228
5905
7601
2994
1332
8310
7233
4223
7795
8187
1582
2064
9952
3727
7612
4719
9857
3040
1641
1326
9105
5059
5410
5374
8571
1255
5761
5640
370
7589
2438
196
93
2110
3997
7412
2501
1379
6415
2084
8449
9426
314
4507
9842
5504
7995
3804
125
1795
7717
6047
4682
7899
5366
5222
1640
6983
7019
611
9658
9512
9533
8298
6185
9433
657
2375
5798
727
7371
9349
9543
7127
2271
8737
1258
5879
1575
9475
9565
8473
1324
1336
8555
64
5302
4939
4963
2786
4050
3036
5155
9783
1156
7929
5575
3421
4019
1093
5459
4950
7168
9037
2976
209
1729
4632
1729
1559
5570
7717
7261
7860
6164
4551
9610
1005
3119
7132
1711
170
8811
5639
796
5022
3841
4661
4992
3858
556
1979
8878
2146
6822
964
1039
1471
1226
926
9394
8890
1774
7484
9022
5803
9081
8341
7727
3130
6773
2058
2082
2089
44
4888
7165
5636
5581
6828
7978
3308
5834
4557
6253
5278
5716
682
1888
2257
8530
3160
9284
4230
6565
5739
5987
2814
1918
7433
4000
7108
8372
6455
370
7908
6543
7668
8642
9692
3898
4351
2621
638
4623
2285
1953
343
1085
7429
224
9411
1082
775
6903
3480
984
3621
6368
7737
475
2143
5233
6863
1295
2940
1333
818
8390
7185
9679
4486
1336
6198
1001
7737
4389
4568
3949
5199
1548
2215
3176
1367
7446
8836
2592
7477
6108
663
4842
3179
832
9402
3966
6487
9172
8697
3891
8660
9502
6333
4375
780
9740
1400
7845
9449
3821
3144
1068
6227
8256
6490
2060
6639
3689
4995
5808
1190
694
2226
3318
865
5622
7427
3078
7126
2062
3020
606
7154
1177
1975
9357
4473
1358
1170
3926
6343
1614
7412
9392
5384
6620
5917
5955
5714
9257
859
4184
8509
4220
4160
5621
6867
5341
6436
2525
4696
377
8318
3103
5427
4730
9684
2246
5122
7321
9515
4277
3346
5971
6098
8821
5538
2773
8328
383
6023
5417
5824
8132
6142
6842
672
2027
7234
9550
5516
6911
6479
8018
8950
9836
8283
4509
7555
3116
4943
3562
8592
2867
9640
7402
6501
8671
8185
8052
363
8809
2335
5843
2362
5326
1863
6874
2986
7905
714
6661
4679
9011
1654
6556
1674
3748
3783
5296
4870
7643
431
1335
5973
1485
5909
27
2924
2076
5497
9
2427
7626
8471
899
8914
5790
8372
2705
3502
4678
140
4059
3676
8486
4682
2727
2832
9028
8842
9737
4486
3530
9498
8691
317
5802
6301
418
3611
597
524
3933
9579
3704
2778
4212
2855
2128
4032
5172
4862
7381
6496
1169
3972
7686
9935
7391
3043
6755
9865
1928
5820
7714
4729
886
6285
387
8052
8347
2363
2777
5084
4322
1748
5755
8966
6532
2823
8880
1103
176
664
8274
5459
3658
9069
8464
8123
5914
2479
3543
5648
8769
6003
6214
2877
1107
5023
5299
3579
9924
6737
9197
4780
1832
5062
1960
7854
7510
6270
2616
6180
9431
3498
4307
8612
6225
5607
7725
5856
5479
8349
821
4200
4333
693
3185
8053
2940
1723
1113
7377
8074
8581
4294
7117
775
5145
8995
4622
9598
5684
9836
5815
6526
4946
786
975
945
9763
8610
2877
5271
8794
1391
3793
671
6081
5201
23
518
8673
3513
4425
9190
952
6280
8456
386
7416
5124
7057
5703
1331
2006
7336
705
7877
1955
6444
9604
6846
1484
7533
1258
5638
2453
155
442
8639
393
6395
3579
7676
7399
411
8837
8753
8717
7900
1442
7887
5276
4765
4158
2051
1531
7857
4151
2045
2585
8493
5348
7999
840
5222
8236
318
5125
8655
248
7306
3600
2935
9628
6227
7250
1168
3181
2182
9872
8893
8630
44
4288
6205
6792
7113
3714
3832
7734
8915
44
5036
2336
1719
2049
341
5594
9542
1648
4726
7627
7856
1104
4702
230
799
9806
8554
9992
3947
7362
2537
4239
7647
2082
8403
1675
3163
8691
668
1495
16
2621
8927
350
3335
5378
4029
4559
7639
4574
1809
1949
8364
3904
9347
5090
3963
6780
3832
318
7015
5890
210
6554
6433
9779
926
4568
4549
6479
9436
1433
7604
8047
8256
7290
7494
8074
6543
6884
5507
8525
4016
3158
9491
4541
3427
6892
5356
5066
5446
1455
2215
7649
5988
1878
3507
2976
952
3379
2205
4799
6161
7000
6397
5719
9047
7194
372
3883
9815
6877
7612
223
4070
2528
8155
1250
8817
2633
5330
4077
9371
9262
7705
6265
5954
5716
8778
9415
2189
9671
8116
107
9280
1762
4673
1981
4812
1953
5684
450
9632
421
1453
4973
1956
1250
1268
7895
2314
2234
311
2957
4651
7110
1088
1920
8607
6760
7281
338
748
1604
8207
1880
7063
1994
3847
9441
930
1554
9105
4725
8511
281
4211
1849
3915
6407
6202
1247
1807
328
5792
7567
7403
7050
3455
9070
7112
3805
9384
4807
7610
4602
5058
2503
5490
4261
4724
6360
7693
7621
6546
744
4687
1969
8041
5176
4755
9573
1329
8072
6619
1349
318
3978
8839
2944
6466
674
447
5810
7858
316
7986
6225
7367
4699
3681
4596
2584
252
9646
7090
6576
1855
8580
2530
1770
8878
9215
1003
127
4549
1009
9586
2906
1059
6890
4764
1064
3889
655
6433
6787
1199
7277
2908
3697
2276
6152
6916
4212
2426
4545
3227
1755
2769
3076
6415
4801
2205
848
8540
4818
6015
8761
4742
9070
8099
2425
4493
5276
3601
5269
9246
3255
8113
9558
3857
6491
1095
683
52
2847
774
3843
6396
9006
5143
633
6879
1868
9299
9461
3869
8493
8701
3706
1205
2858
291
3281
8570
517
1265
5175
8804
3589
1737
5638
5877
7179
7741
2863
7764
1721
3037
754
493
2747
2126
9993
5361
6170
1940
7617
1478
905
7404
2963
1629
7669
1257
3159
866
8694
2591
4414
84
1532
7212
1329
3231
7605
983
5816
7237
3837
5357
4723
161
1978
2176
69
9452
1239
6370
3898
1122
4987
8784
8471
7699
1816
6345
76
5021
8420
1782
7196
822
8067
5963
2346
2882
1380
4514
8647
7070
3802
2282
8811
9541
6746
9426
882
8849
6783
753
104
2907
5115
2596
2564
3886
7919
2389
8955
8031
9577
6024
2491
4140
9671
9167
9903
2557
2538
5195
5610
5201
7841
6701
1572
8640
1459
8651
2055
1950
7843
901
2060
1289
5133
5476
8415
2887
1844
206
7175
4335
9626
9320
7415
8672
7182
520
5452
9040
1632
3790
744
5487
9924
6990
1713
8298
6760
2742
2955
132
1783
8507
2962
5165
130
6270
9959
2880
7034
2860
1395
1976
8477
9497
2895
2935
565
9668
9940
4946
2096
6064
9029
9108
9628
6562
4838
1059
7772
2607
4636
8305
3554
3133
4268
6459
4492
1107
6422
558
9170
5851
3522
9867
9686
984
3769
4987
8723
7752
5803
8831
630
1107
4405
4876
3284
9325
3780
2163
2634
2912
2797
7777
1845
7477
9285
6704
8555
2091
6892
1896
4046
2671
3293
4691
1273
4687
9870
6442
668
9788
7529
4697
4059
6739
8250
3289
4388
8042
3867
5960
8884
220
3284
8950
7515
913
8326
4055
1468
1926
6194
7339
126
5553
9279
4542
2936
2868
5461
7788
1161
4511
7834
1598
7739
459
848
817
7499
5756
4922
2426
8733
2923
8974
3410
7799
4935
6370
8951
8727
1600
9124
2671
4374
2542
7539
3037
5845
4903
1551
8609
5086
8668
7144
4858
3998
805
7659
5598
3441
8369
8244
2055
1983
3631
5393
6768
9130
6042
9902
9180
3738
2776
4036
6898
9392
9728
6590
7354
8007
2413
3245
1089
2416
1297
4692
1960
2490
1817
8464
9569
9329
9280
2103
2363
1939
1574
9676
8556
9070
8775
1989
712
3989
2720
1723
9609
5495
3677
2132
9420
8826
830
5912
6308
1359
5392
835
8184
2508
3296
5534
452
7572
3470
2971
6973
2343
3611
803
1933
5950
3410
9654
8736
9693
8806
3247
2785
333
6232
3802
1474
6856
8020
9644
3738
5252
3742
5237
6577
9723
1100
7937
1855
5031
5482
9161
3163
9592
8459
5437
8258
2804
6422
3840
102
8099
8627
5335
7213
9534
4439
3436
8001
9104
668
5637
6963
9717
2839
1036
7654
4407
982
7181
7795
8481
2996
9704
9648
2273
2662
8186
6669
9885
9354
8767
5382
817
4982
6739
3171
8004
1459
9416
95
3732
9247
3522
2821
3209
711
7688
65
7869
4507
2131
5506
3358
4608
7817
8096
2953
1197
7024
1105
2320
4314
5656
2871
3774
8828
2395
5437
3479
7442
5111
9412
4871
335
5950
1213
9776
4597
8706
9498
5346
4273
315
374
7122
1084
9565
1744
2890
1578
9200
8754
4666
6790
6610
5196
3806
6942
9207
7952
4222
2604
3692
6003
7703
8197
2666
5969
2766
9407
5934
2735
6368
9012
9929
1347
5373
4830
2445
6550
3084
3100
6422
7377
6811
2673
7217
3701
8196
4166
2817
5429
5225
6887
4494
6012
5663
8075
7882
628
38
9901
470
5183
4601
6220
6597
4474
3132
8379
7460
1898
3199
9499
9145
6311
9364
5132
3822
120
8677
9562
4435
6821
382
5088
8651
3824
4110
4137
4450
648
6159
2290
7047
329
2570
2229
6374
6730
8792
4638
600
6517
1547
5058
9814
1891
6032
4242
9780
1629
4258
3252
9733
2511
5897
2619
5259
6210
9802
9821
4149
7976
7585
7095
2531
7843
5573
2282
7185
7241
6355
6365
2400
4227
4444
8459
815
9835
3195
6771
8901
6392
4903
5290
2354
767
8109
4170
7183
9950
817
2932
1315
4733
1979
8001
7967
9321
1146
2841
6226
4603
9329
610
1554
215
7596
9122
4376
47
9789
9568
4957
51
4549
6567
6954
2626
841
1462
8167
800
5670
9095
4362
3747
9328
4804
4481
2577
3653
5682
3458
6187
947
5805
1230
6001
6934
7894
2229
8246
5109
4806
5349
9985
3801
3594
4746
9654
311
5827
9796
31
6263
2794
5910
902
7544
6309
5616
8905
2518
8143
4907
4450
827
9962
9698
3243
9284
6995
863
2834
5483
4560
1596
137
2857
4721
8568
3516
8548
2540
6324
6339
6856
61
1062
6606
6086
268
1340
8568
3369
4731
9081
8963
613
2178
3459
2497
1387
3477
8138
6788
2121
6160
7699
4683
2273
515
8087
4187
5810
231
8578
5231
1646
6234
2419
2097
7226
6408
4265
6448
7556
1838
2316
6102
4090
6179
3612
4764
5491
1905
3904
6180
1304
1064
3820
7325
5199
4565
4792
4333
9651
8483
988
9114
8728
5371
8519
4974
5937
5791
645
3759
9764
8437
2746
7048
5729
3305
9974
6081
1165
7486
5144
2044
911
5062
8308
1140
3949
222
8855
3997
5487
1598
294
976
6929
1358
4681
9839
6605
4957
9484
5838
4840
5354
1991
7636
7649
507
7130
773
3065
1044
8385
1238
4312
64
5659
9099
5201
2043
510
1517
8300
2267
4832
299
6252
6886
2380
9066
4908
107
5512
5719
2542
8703
5206
2638
8091
197
3078
6334
8366
7815
2622
2748
2477
786
8970
9576
5206
5495
497
1840
2737
371
7155
77
8983
5857
9464
6962
770
1180
1015
3294
2459
2060
9723
5159
6263
9664
8955
4347
2076
2422
4489
4254
404
5814
9184
3639
9366
7682
985
6957
2675
696
9497
4764
8260
8530
3981
7837
5955
3436
8838
4827
3388
3453
4946
5256
9279
8745
1917
5459
7851
7352
8782
6513
485
9300
4258
4783
4545
3388
7755
3168
6471
2250
9078
8441
2836
5674
2168
9498
8508
1130
7562
3859
1004
9260
1197
3166
1972
2116
1236
3825
2235
8021
1153
2222
6241
936
2546
990
5268
9694
5068
7826
9352
5319
3609
3511
4272
890
6989
8691
36
546
7679
9445
7817
2347
2043
7816
661
3179
9869
4915
4664
7096
5691
4193
9077
5047
9020
7980
1207
8005
4711
4923
7459
4462
3752
9384
6808
5001
4500
9234
5353
6352
4937
337
9645
3645
1521
5451
6417
5031
8676
8156
6028
6873
2506
5731
3224
9920
6979
712
3099
2315
752
2990
4154
3030
6391
2650
7936
2692
9460
4671
3464
6434
2261
5781
5088
4363
5198
3647
838
999
7108
3963
5415
5518
8253
8201
4911
8200
5660
5946
7020
7343
7709
9011
16
7532
6364
7685
2944
9358
1491
6514
2908
82
6869
9637
2200
1809
6778
5756
1298
1352
2294
1852
8637
9458
4597
7285
6759
7177
9550
2701
3703
2080
6793
3079
2382
5769
8004
446
6801
4039
165
6630
5204
6282
2735
8720
9393
9397
2694
5316
6071
5215
7514
2179
2170
3572
510
2534
5283
9825
8700
2536
1785
1582
3834
6735
1049
5464
3464
3254
9343
3538
3774
4522
8416
6260
5829
9759
5106
1330
5596
9618
9344
5534
4742
9605
1975
8006
5251
8600
8617
2687
6852
6726
8704
947
6199
7312
6392
9376
2219
8471
6313
3703
7807
2306
5910
9927
5700
1617
2369
6448
2788
9790
8095
8265
1438
5085
2842
1129
8392
426
302
6544
1366
439
507
5924
7630
321
5548
4625
9551
6928
3602
6352
3056
1802
5369
6424
2561
9325
7270
7796
4357
5262
8111
5888
5578
2309
8945
8335
4067
7096
7260
4127
3044
4576
8358
5437
1284
4519
7309
6401
7967
9711
1897
7430
7337
3075
6236
2319
8265
3308
5170
317
942
9653
6126
9666
6027
1730
2207
2463
8125
5399
7723
5582
3472
600
8312
8572
8058
2188
1134
9912
3250
386
3853
7590
81
8563
6602
6847
1907
3356
176
514
1027
5243
7092
4395
844
31
8722
6125
9970
6431
5099
7019
6896
3
9412
2949
5341
3918
8444
8616
2086
7372
8000
5541
2837
7208
949
228
1855
2196
2032
3828
9645
8299
4978
7596
7499
1443
2412
6335
129
5538
8881
7297
1289
7328
1374
2280
7459
9833
9679
7908
5792
9357
6520
2227
2869
5281
5444
7263
2189
2520
5810
5899
8597
1772
6026
1289
5575
1845
809
3055
3422
759
6990
17
6439
4942
1945
9466
6271
294
544
6494
6645
6972
8494
2959
1942
5951
5540
1811
658
542
6675
3372
1508
8405
684
5116
8983
920
6861
344
2416
8319
8288
7556
7374
3838
8392
7559
998
4849
1098
5699
1997
6113
3234
3661
6327
8205
741
7602
4481
8356
9714
2318
4905
3682
9167
3246
1643
3372
7318
6722
805
2420
7552
6226
94
2754
569
5851
6916
7176
5068
4377
6707
6499
542
3016
8283
2271
254
2113
2758
9988
3363
5356
1209
5417
270
1405
5460
3259
1905
3544
4156
966
603
9963
8498
204
599
3645
1160
5306
3166
8602
9151
7151
7671
5250
378
885
5487
8199
9672
2144
8879
9944
4049
1212
9026
5868
8328
4385
5391
7505
1821
8390
3519
7752
2803
8751
8665
7483
9049
3086
1660
1220
7695
3006
3727
5297
957
2813
5174
8541
8938
2958
8667
2578
5299
3346
6813
8306
9256
659
5748
3743
8586
1250
931
9740
8029
6085
6156
192
9686
5712
2734
2043
3173
6028
2005
9095
4688
7590
5074
203
6276
8046
3455
5680
8724
7610
5796
886
9409
8921
3465
1600
6827
8894
1391
4349
8460
812
6427
6240
2730
638
6572
289
1182
852
2106
3772
9659
6703
1665
831
2835
5325
9650
8688
7542
7340
9671
1123
8699
4188
2075
6095
3083
7062
2469
8905
7419
9316
1860
582
9080
9937
9021
2251
5391
7127
6365
703
6722
899
7065
8016
7025
7742
8587
9941
8102
2783
5394
7634
3239
6487
6098
9048
8454
1100
7160
2846
9313
4584
5409
8853
1548
156
3933
246
5203
3705
3709
2503
2363
1338
3901
2575
4787
7912
1499
5060
6735
6961
2794
9442
1753
3790
7487
7831
804
2114
4453
5073
6970
3020
1299
8435
1977
7483
3941
8899
9183
1643
4818
8820
2411
9988
2993
2182
8829
1082
6086
5241
4625
1530
7914
6372
6570
388
6063
2602
7240
2893
3946
8174
8201
5353
1467
7689
1151
123
8773
3253
4469
2133
3880
4028
1894
7073
2141
7230
718
8434
994
2362
4351
6371
1582
1943
5799
1398
4503
7583
4856
8775
5100
4964
6223
6202
2205
2206
9474
2754
7231
4861
2489
4494
9881
9912
2935
1395
8505
6080
1673
3460
3281
2642
6547
5129
8094
8730
7568
6056
9366
4684
6153
5814
2146
8400
372
885
8732
820
2894
4642
9228
3500
3270
9471
1705
4079
7594
7709
915
1640
4810
6539
564
8370
9298
5657
2170
9505
1768
9590
6720
9963
5761
4035
3682
2093
4930
8449
3174
5055
4084
6548
6269
2514
8626
1556
2020
9440
6980
1576
6307
7345
9890
7495
6498
5774
376
5466
8187
6537
1818
3318
6545
8235
9410
9422
3473
4921
6114
6538
5079
1723
6481
4610
7584
31
7185
684
5522
3589
2174
9202
1686
6480
2703
8798
9519
753
3966
183
4625
4537
3371
8939
7116
7418
8003
6529
7529
8289
3899
3067
4498
8205
5296
2835
924
7098
2882
5984
4656
458
7854
7182
5611
5983
6913
8523
152
439
5262
1438
5753
770
7190
3043
8222
6042
6738
5469
5929
9194
6866
4085
6242
5600
6786
14
440
3566
7515
9575
6037
5607
2943
9801
5014
8439
4166
5874
5488
1944
4560
6652
6857
649
565
45
9946
3887
7848
7584
7347
1351
50
4686
7367
112
71
5742
8946
6313
4875
8531
2242
6337
1270
785
7207
3424
4413
4088
4454
3767
6733
7610
3438
9563
4473
2671
2193
1619
3308
4438
5632
8227
2088
6735
2537
7270
655
9741
9384
3046
1815
7818
2250
1328
7999
8114
2408
3583
1926
9152
1110
655
6851
6752
3500
8274
9236
1045
4357
5303
2589
9286
2740
1679
1497
8746
7596
7412
4252
3399
2910
8526
5524
366
4672
2404
7325
6586
6999
3716
3924
9281
7160
4848
6377
1926
4728
5936
6504
9483
135
4312
9654
2641
3099
9830
979
1886
5069
3109
5414
5289
1958
7125
3500
3013
9082
6554
2186
286
6671
7791
6263
5781
373
6445
3725
1692
5660
4724
5956
5767
9909
7045
5270
1120
5177
386
3479
4428
968
7456
4445
3557
819
9403
947
8199
4572
7217
3747
5051
1011
1303
7228
64
3003
5232
2167
7071
2537
4224
3201
1161
9795
1583
2238
5005
5494
4417
2194
9236
9546
3011
9843
4087
9196
1000
2307
7947
4502
4725
1649
2066
3513
6925
8168
2370
6372
5039
4346
6701
7474
1808
7319
1323
8631
4049
941
689
3876
7139
274
3664
6026
3889
9186
7024
5489
326
7481
6660
190
7102
3907
7244
4515
3442
9607
6415
1503
3956
4402
5498
8939
5484
9790
1329
4161
3887
6722
6004
27
1154
135
4093
9972
9774
7316
5518
1951
818
9687
2409
5625
8139
8389
9585
7825
1177
9264
344
8706
4613
2505
1156
5218
6465
9784
2467
778
2823
5129
3906
4286
8773
6922
8160
3738
7498
8826
9927
1833
6801
2627
6593
4118
8093
7842
9056
2532
2092
437
2131
5783
5963
5436
3181
2528
1243
190
6153
6178
2297
9821
3059
3518
7982
508
4905
7316
2532
265
970
3552
1572
8296
9242
7457
1195
1871
9482
4446
8794
1598
1518
398
3493
7469
7540
2670
2537
9791
1191
8452
337
5617
7187
216
1151
4998
2384
7880
4213
8929
2288
3133
4381
5830
7954
5719
4123
3708
168
9644
5060
9452
1721
973
4488
3072
4195
7982
3913
3521
691
9084
6085
9148
1372
7063
2440
4486
5391
5724
160
6286
2612
2034
7433
9866
6057
1117
8056
7869
630
991
9899
4673
1863
9706
5261
4179
1702
7336
1357
19
1293
9275
709
5707
6807
9192
5893
6221
432
7523
2087
1310
1436
4279
7563
3884
9661
2406
5425
5722
7590
1798
7784
2243
4741
3953
9325
275
3502
4189
3102
8577
7526
6856
2954
7050
6256
2960
5863
3772
979
2364
8397
5754
4681
126
1751
9569
4894
7759
1654
2098
6816
1987
7945
1669
9398
5441
4813
7984
9002
9422
442
7395
35
8225
6224
1380
9663
7569
4820
560
1444
8721
2718
3011
4493
949
1126
9100
4118
9641
6901
1099
1320
2486
8512
1830
6855
2661
2362
6931
6146
3393
1565
556
2858
692
8329
2800
3613
5321
7687
7230
1398
9233
1423
9648
2828
6031
2879
2031
8284
2350
1359
5332
2170
2149
1380
6306
2649
6532
6512
7157
8482
5645
8555
3325
614
3494
3646
1631
4660
8504
3823
6307
7830
6163
5180
9078
6617
8370
809
1276
5024
603
6669
3426
3342
140
8266
5456
8305
5263
5927
7129
5787
8090
72
5253
2075
6803
7867
5123
5160
2208
4456
4450
9927
2499
6103
1382
7462
2787
2602
914
2647
4444
2882
8376
2648
5119
7161
6167
6874
487
1290
6786
9649
9449
8567
9033
6272
3020
673
1260
1624
8100
4088
361
9057
153
6994
2273
892
2081
4987
7284
2264
9293
2147
6192
5505
223
3975
8169
7903
7679
2505
3853
6713
863
2299
7651
4076
6766
9766
4977
4581
8164
6541
549
8807
384
4552
8414
3825
4062
863
9485
3993
3288
7614
1873
8656
1416
8901
9459
5520
2664
9654
401
9138
6952
1758
6598
1426
1867
9849
4636
6018
6404
5811
2363
6400
5184
9491
7174
7436
4579
7847
3626
3970
1034
3282
3627
7330
1893
604
348
3305
3526
5058
2007
9118
2754
1625
2695
1820
3570
7994
9703
2987
6735
2288
1515
8593
7974
5702
8452
7403
226
4542
6509
4304
7902
18
350
3187
6433
5181
5757
7016
6493
7181
372
3087
5483
4472
3362
1981
4597
8760
8414
5905
3236
1485
4028
9114
6328
2004
2614
5111
849
2102
7861
2956
9874
8461
1611
9182
7022
7569
9475
4000
6814
9308
3718
6578
2571
5972
2636
103
2789
1532
5727
9677
7290
9449
2686
5671
5096
7112
225
7889
7673
1936
648
9512
2212
5116
7900
2948
199
8330
2239
9894
8408
5209
6291
4075
3672
441
7359
8837
8438
6695
5563
7518
5732
9754
526
61
8269
5243
7149
3453
5709
2007
4596
7734
1557
344
5998
1581
6080
1212
5298
3918
5276
8606
6497
4086
6768
6487
9787
5419
9950
276
3585
9664
2214
3223
1808
682
2343
8291
2731
2161
1160
3107
6258
4987
9219
7789
273
486
1145
3736
2457
9573
3609
9670
8019
7869
5149
9586
9867
1887
3130
8192
2535
8876
5473
9551
9713
8881
7488
2005
1963
5921
2886
506
2576
2832
1569
7714
4325
6982
2465
7235
1206
8517
179
9944
1256
683
2511
6290
2584
3442
7146
3454
9635
5885
5509
456
8633
2988
7916
9982
1921
1070
9407
4420
2689
3248
3912
2246
5869
9146
8320
197
9988
3886
9165
3506
7986
6605
3719
5926
5295
361
3432
6404
2344
4280
6087
5390
6227
452
6977
7739
2919
8641
4010
4483
3852
5631
5034
1218
6926
3049
568
9547
425
2938
4999
7999
3938
9694
6302
8539
9093
9211
3013
7866
1859
442
9259
4227
95
3899
7268
1326
2450
7343
681
7092
8517
974
862
2830
2252
8325
2475
3020
5363
5765
9848
1623
2860
3488
9746
6222
9342
1336
4320
9886
6816
2945
9986
9480
9486
8176
8359
3187
5529
4368
6943
4408
621
8166
2980
5160
2249
4432
7346
2366
7700
6318
9135
3647
6880
307
3154
7854
273
4992
662
2157
7037
275
1794
9513
6112
2394
2030
4824
3129
1955
8864
6878
4957
5658
6137
2248
8625
164
9227
2385
1671
7848
5089
838
9850
9620
328
3590
1945
3050
9646
2099
9658
4622
1752
8961
3667
4890
9158
6360
6759
856
9876
3182
5051
724
2720
2330
2629
1353
5431
5226
4043
2442
2817
2052
6828
8113
9292
4066
9852
6222
3538
9088
9069
3047
8335
8487
5376
8784
8517
8759
2584
768
3203
196
8650
8678
5040
1433
4294
6167
3619
2187
9630
6097
996
2294
5298
1289
5545
2907
8528
8718
5430
3319
7007
9591
4627
7889
408
591
4291
2278
7844
2391
3735
3327
2242
6403
9839
716
3330
9755
5518
7839
5226
8812
7552
4471
7602
516
7020
8846
8500
6401
6622
5125
9751
3113
7177
8802
2266
861
6602
1304
6343
2798
7746
935
5510
1784
2256
5087
4584
4244
4799
9698
8748
6496
3456
362
2418
345
1164
7830
202
6958
5023
2344
2271
5462
6802
1006
3450
1111
8598
3014
9326
1324
7067
4465
930
6881
8850
2006
6661
307
5679
8390
4037
1936
4879
6070
8915
2284
7643
9505
407
2271
8196
832
7236
7124
83
9547
5176
455
7020
6310
1886
4862
7280
2827
3214
8090
2669
7048
1555
9403
1647
3523
9953
4511
271
1780
6940
8468
9656
2111
3235
5064
2553
8313
6677
941
6242
6556
902
4385
9187
8449
5111
5315
6685
5355
4047
6012
1081
408
5660
4596
1321
5582
9827
3801
6941
2424
5647
1532
9100
4828
2960
530
9892
7903
2271
3741
9841
4958
3391
2318
8321
4173
5398
3595
5728
3699
9537
9575
3474
8756
2041
5587
3130
4144
502
1511
3936
5439
6403
4146
4256
4023
5654
2427
1088
2764
8181
6736
193
3304
8679
4102
7759
1859
1871
4909
5623
8279
9836
2456
8804
6072
3108
6153
4932
764
6633
2744
8813
4803
9418
9424
7980
8682
2809
856
2329
4575
3081
1864
1167
7105
8065
2046
140
2741
6165
9592
8108
8859
5029
6507
5169
5245
8958
7546
697
8818
3399
3543
8472
4036
3592
2275
9037
7964
737
5723
3182
3756
8686
8680
42
6887
6485
1832
2126
2968
2343
2246
4556
5098
2721
4504
6113
4654
575
5260
8037
4435
9662
8598
5437
9661
5115
8706
1902
9316
4835
8877
9091
5123
1798
572
2021
3579
8629
6728
5394
44
463
9876
9045
8165
594
894
6958
508
8959
6521
4556
6524
1763
2087
6989
6518
9538
6890
6794
4781
4955
1325
4325
1394
3467
5458
6928
5436
7659
4479
528
7617
1728
4247
246
1670
2660
3881
8588
4754
5650
1522
9680
7964
6165
4471
6858
4228
6838
6891
5747
5906
7364
8565
1099
5945
3260
9818
2619
2259
2605
1180
1795
7535
6564
8741
5317
9692
9367
7612
1208
6277
3541
2846
8237
4384
6708
9363
8141
2040
3093
1521
8213
1673
7754
722
2144
7598
9033
8184
2106
6487
8374
8510
4234
1658
4373
6206
9526
7894
4442
4048
994
6012
1931
296
9031
2710
131
7451
9415
9179
2271
4587
966
8755
2335
2337
6106
801
1926
9356
3071
7718
9362
6657
8219
7294
1319
3920
3127
2071
3965
9599
7585
4760
1966
4925
7100
6780
7528
6744
597
7556
9731
5819
3648
4320
9758
187
1761
5197
2089
340
8128
2457
9911
6026
6010
1083
9811
3918
8339
4782
6082
121
5569
3714
129
4509
9380
4565
9903
3501
3202
1297
4323
8831
644
7586
2543
4684
4058
6530
3444
2063
9067
255
3723
7585
9566
986
7079
4848
8207
8253
6685
9681
4875
5963
7783
8329
1284
5499
6418
1002
7117
4579
9079
5106
8413
8495
1085
7752
9882
6972
5481
4097
5837
1070
9320
2904
916
5214
9260
3054
5080
1124
4816
1056
2455
7056
8550
9173
9796
4689
6001
9636
2994
6423
6074
6069
1149
3539
5104
7895
6390
199
3768
1794
3323
8419
2559
8615
4993
8228
4431
3893
8483
9964
4390
7671
1946
8852
5950
3924
8555
6081
9487
6335
5846
1331
8932
728
7232
195
7927
1456
1
5257
6056
2901
7529
4046
6502
5914
2112
5533
1737
2353
2757
7407
2374
8004
7215
906
5027
361
6856
7134
4166
5090
7376
2332
2318
5824
4387
4992
8234
8169
7009
1303
9801
9282
2821
4221
3084
7026
9097
573
7713
1114
6257
8197
674
9961
3443
7995
4314
2975
8139
9335
7398
8784
1446
310
5962
8191
7249
9900
5678
2817
5215
9504
1094
8385
2466
9087
5895
3272
4093
3377
9642
1794
6268
2406
9772
2778
846
2950
709
1009
1211
7527
856
3218
1249
3849
8986
1985
7580
8279
234
7663
5590
3212
8647
8983
4097
1306
228
109
3609
5825
7617
3956
7803
4359
1624
1486
8509
3464
5843
8755
2958
2863
3291
9547
6063
1750
1732
4039
3290
4840
5060
4239
2450
1444
778
5473
435
2279
3686
5963
299
363
1454
7923
1393
7424
8028
8144
9764
9887
820
2730
5768
6103
6142
522
6173
3904
4404
7009
5462
4504
1238
6355
4574
3033
6872
4710
2585
5044
3843
9484
255
3692
7003
1221
2496
7421
7510
6783
2240
540
9672
5695
1471
67
4953
5852
2853
4744
8825
8045
2399
8024
4569
7779
5718
2704
9279
4864
7911
326
8550
6490
992
6903
586
1042
3554
2277
5523
7888
519
6714
733
9716
2501
5329
4520
6311
7189
7637
6124
3701
6732
3797
4980
1234
9149
9558
9480
3294
268
9457
7262
124
2232
4542
9195
209
7044
1287
4153
3200
8670
328
9238
8978
9996
7612
2562
7853
3684
1194
8319
1518
1571
3715
3249
625
374
4275
5526
1590
1030
1633
8291
4228
8147
2255
878
5568
5946
9584
855
6003
81
3994
9427
4402
1212
5299
9962
880
7124
8549
3847
2636
125
5762
2207
9942
8517
6762
2519
961
2086
7063
3291
8342
7051
3050
1098
8483
8876
7723
4011
6321
3718
2199
26
1458
4389
8234
8492
6085
6690
1030
8330
4590
3948
61
2500
6098
9164
951
3374
6226
8724
9925
1958
5523
1972
2032
5252
3548
3075
3407
7617
69
894
4963
9291
7649
4566
365
8253
949
3770
3697
4945
5607
2531
1347
5304
301
5528
974
106
378
2503
7023
9404
162
5532
2195
5480
4479
1767
5436
671
6017
1163
6087
9251
5773
4929
4391
2221
4758
7842
7541
6239
9676
3043
3653
7973
1086
6863
5697
7685
6628
5155
1121
9792
6452
3466
2171
8176
8764
9789
1137
8005
6250
6794
405
831
4591
1597
7558
4184
822
16
9557
9828
9575
6834
1317
2653
6509
1498
4918
7390
4847
3101
3293
9588
1100
5291
8019
9600
4281
4512
9325
2914
5992
6210
6602
8795
4149
8146
9350
4723
864
7596
8786
8156
9135
2809
1708
596
1789
2241
2189
5539
2301
992
8043
6756
4013
9458
2103
4877
7775
2117
1938
1508
4180
7075
5520
906
1888
5207
5910
8363
94
2207
4453
3021
6425
2424
1824
3473
2892
848
7451
7711
7698
127
9091
9688
7932
6824
4445
5412
4921
7093
1323
9207
5425
4128
8925
424
483
96
4192
1567
3732
5568
6773
3368
5291
275
1736
2599
306
73
6905
5504
3816
2212
2231
8739
9428
7493
8539
1574
5373
6605
9565
8398
4778
4679
9522
3386
5032
3029
6698
6130
7710
6888
7242
4842
596
213
8349
2420
8418
2421
6595
519
6552
7507
181
693
4879
1121
8460
9388
4187
9484
6434
6526
756
8647
485
5808
3759
9361
7990
3052
5669
6904
4519
3953
7874
5487
1173
6792
6666
5553
2807
550
6481
5224
3152
1801
5116
3351
1084
4268
7901
6754
4886
2125
8215
4266
4172
8482
5370
2372
6502
7982
9538
6940
9054
402
1397
3368
1955
8972
657
6122
8261
2895
3733
7179
7835
128
4913
9474
6776
990
367
2399
2130
3506
1422
9192
2962
5882
5657
8172
9756
4487
7617
9250
2128
889
4415
9928
7989
3057
2755
471
4677
3022
4076
430
9788
8530
2452
4463
4250
9841
9449
3136
4026
4443
2110
7298
6977
5981
8063
8758
5868
2954
9573
8086
6654
2166
2404
2449
5919
6205
9764
9719
3864
2377
1047
4946
3316
7011
5372
2814
7872
2126
5324
5887
4158
4626
3272
7086
7227
5656
2994
2333
8940
6097
5317
4689
3892
1736
4111
3076
2597
9440
3634
8559
805
3878
6575
8972
1578
3225
4483
1088
5315
7847
1924
1099
4252
1096
9781
4414
6180
8627
6447
9939
7819
7688
1972
9750
443
5915
7991
9011
9834
9106
9145
9530
7193
4977
780
5603
5164
6990
6917
2130
1471
9209
3709
2416
6634
3332
7397
4591
4538
1847
7791
3344
784
9202
2766
940
7295
4528
4824
3236
6474
5034
6070
4875
7205
2100
882
239
7153
4098
6400
8358
8885
1383
7715
7690
6180
423
870
2161
9975
566
3891
7188
2926
5460
6030
1147
1387
8351
4328
3122
2744
6113
7539
7140
4690
7840
4827
7512
9313
4639
4800
7941
661
705
5815
6266
4421
5978
7383
3906
1675
4259
7063
7898
6358
4877
8884
6050
7401
2491
1977
7329
7429
3676
939
7955
3114
4651
4611
396
6156
1626
2881
115
971
2523
4060
2250
2523
8325
7500
5943
1826
6331
532
5077
966
324
1997
4125
6979
6535
2500
960
7944
2736
3384
9236
8466
7123
3921
2654
8677
8988
7151
9869
3727
4926
4293
5289
5243
2322
1745
9170
1438
2452
1523
304
8487
7205
1596
8642
7021
1138
8215
9146
3393
3656
1381
2056
3239
2843
9252
9169
3189
1125
1254
351
657
3885
3822
697
3035
396
1201
705
7683
1436
7777
5995
3339
4714
7426
2274
454
3831
3496
7645
5232
3022
3467
9638
2579
1340
6550
4429
2363
9113
7849
7038
3927
1735
7780
7380
4970
8946
2435
8169
5436
7913
5962
3513
9488
6837
8419
5726
5634
341
3079
5079
9847
8709
55
1237
2873
2330
650
4915
4151
1352
1787
7971
7874
5212
1341
5688
2196
1926
5819
794
7680
526
2125
9642
7402
5651
475
2305
8814
2557
351
1644
8288
475
8511
6098
6493
7433
3565
7024
3301
9989
1772
6609
3493
1657
9978
5634
3612
7118
5839
7425
1285
8623
9366
2812
8608
3920
2964
5940
2737
8841
5629
7050
1791
8021
7708
9274
6955
6331
4399
9398
8486
7896
4009
6559
4370
7341
8042
2326
1948
471
1818
1020
8844
3535
1710
7702
8599
9604
4436
2339
8685
6013
4613
3931
7561
2208
5025
9
7263
4635
8592
2978
864
762
5665
5031
5668
7246
2818
3184
6684
7566
9281
4890
1396
8657
8571
771
9771
43
6478
8437
144
5057
7308
4359
8587
9271
8703
9881
8418
3842
1641
9984
2628
5680
2676
9946
3910
999
9495
354
1014
9568
8816
825
5195
6095
9566
1404
3883
502
9334
2518
7110
7355
6962
378
7215
8013
4260
3605
6805
3029
9003
1524
1003
3225
6469
7291
8844
2021
8355
7149
5107
1541
3751
2636
5945
7619
4709
4957
1880
7588
4022
4858
655
4060
9488
9188
9952
6499
5397
3422
5274
3079
179
734
794
8436
5086
927
7855
1602
3548
8358
9765
1756
2973
9815
2309
6335
9206
2999
1014
6608
8623
5075
9953
498
6750
6266
2982
3916
2324
6493
7704
6039
9968
6083
4826
7383
1869
5632
873
2280
6890
1103
3161
2116
2562
9694
6285
7363
7839
6797
8701
8210
7883
6285
6279
5821
2870
4570
6286
3816
7872
7979
1635
5022
3210
5566
4489
2298
1389
3806
5180
8097
4993
578
3070
711
1541
7233
9667
8682
4201
3061
4352
5115
1825
8347
5564
1802
6963
3328
308
1586
8476
617
8513
7923
1825
3721
5350
230
3924
6604
7481
6161
8674
7567
2145
9297
4573
303
2686
5722
6414
3486
2435
4705
2853
3506
1802
7917
1615
8299
2283
7231
53
8567
6791
4923
9290
5178
9280
4006
2924
1245
8356
1681
3068
5819
9170
4732
2922
8248
4692
6297
5442
3963
9298
5924
4669
2615
9802
6439
4074
8038
8339
7458
4178
7880
9214
823
6971
7429
2047
8414
1478
5310
9376
3567
6692
7003
5115
3838
5610
3749
1992
4405
3525
7958
8446
8691
6855
8301
3575
1353
2019
2001
8806
5209
4533
7181
8115
4579
717
2738
9483
6986
5577
3488
6762
6344
9181
1842
8714
593
4062
313
2896
7743
8996
9776
3605
2298
7973
2824
6700
4504
6280
1084
2823
2282
1386
5191
776
9481
4148
6788
9818
7562
965
1839
5362
7194
7117
3719
6998
3547
2249
3197
778
20
6731
4699
2677
449
8214
4403
1914
6781
6296
8351
7014
2731
5483
4619
2486
4982
3426
4824
5173
3011
4443
5628
6728
2297
4843
9121
8363
2133
1963
2806
612
1937
4444
2615
1
5602
7732
4036
9544
5619
571
4402
9638
5786
3462
5801
1613
6745
5327
5483
9484
5050
6252
3056
4477
1993
159
2246
4546
9257
9290
6010
5753
563
2554
4862
9012
372
9523
8423
1172
2219
891
7242
1543
5487
9079
6187
2982
6
4700
3973
7462
9232
5384
8645
7000
424
413
9536
8061
3662
8785
9196
9801
5423
289
901
4327
8617
8066
6106
7140
6247
1745
7749
4399
3260
3023
7946
2419
8062
5552
3240
1419
1281
2922
3852
5363
2179
9477
1429
7872
6023
2739
4385
2714
3338
7455
7889
5065
7715
8604
3417
9153
1426
7543
7839
7864
3131
7598
6636
7544
3199
8224
9678
4071
8497
9719
3691
1038
7978
5437
6686
5864
5165
9594
3552
2988
9006
1494
2196
8836
7676
6811
7707
95
1317
7162
1217
4531
3269
4027
801
5902
5407
5483
985
7015
781
1836
1755
8488
9890
3779
2731
6537
9808
4987
7994
6373
8828
155
4224
3292
5112
916
269
3234
2320
4172
7092
3231
2354
5684
1831
5315
801
9548
99
8772
7180
984
2528
7375
8233
6094
1138
1903
8670
5835
1333
9536
8322
2592
5425
3447
3466
8734
7644
6413
3656
7636
7799
7978
4646
9438
9044
1068
3378
2730
4661
4457
4382
4572
2448
3862
3698
922
6716
7641
2826
7814
3668
1014
9789
9405
853
6027
6581
8200
5857
5925
1288
9883
5254
2411
711
166
1337
367
2184
2840
5171
5961
1975
3460
6230
9312
982
7210
6636
9149
6175
9767
809
9378
5948
7118
1554
2155
2086
366
2185
7756
6797
2493
7124
8850
238
7892
557
2044
8136
2308
8348
9806
2165
8066
1161
8249
4567
320
6363
4341
5593
4408
8398
2453
851
1531
123
2257
4015
7788
5407
4915
5416
10000
2953
7932
9105
4153
7337
7596
9418
2562
9888
7957
3236
5944
7783
7071
6605
931
3516
6891
3030
7384
7771
3107
975
9197
8327
6879
1650
2490
2224
4016
6356
9631
9382
350
259
450
5356
842
5296
6414
2999
7148
9388
3371
7886
4287
3978
5264
2732
1769
5113
6665
3824
5811
4716
4658
2127
750
9817
309
9046
7442
1419
5378
5451
140
8015
7479
9766
2334
3665
5057
1295
8259
6245
4779
9919
7525
7602
9395
1322
2127
9260
9807
7647
9495
3098
3868
3545
2012
771
389
1782
250
6174
2048
5577
9266
3954
1378
8516
9290
8045
7703
5419
8281
5700
6320
2481
2330
6440
6778
983
6536
291
3183
7344
5699
8122
6038
9818
8839
3132
9502
7245
7916
8129
10000
6520
61
3877
1557
8565
1967
5826
6942
2824
7910
3165
7516
3708
7726
283
5328
2767
3449
5788
5939
7414
362
2781
9177
9263
1328
4615
843
2328
9746
8971
7547
6675
4099
2699
3945
6854
2051
1232
4623
8895
2756
5245
4076
9739
4489
2555
1520
803
3487
5696
8169
545
5837
4153
297
4325
80
1702
2514
9527
7745
6398
5703
6727
2609
8880
9403
1790
8773
8740
7589
4704
5423
1069
4167
8435
831
8579
484
9139
5252
2594
8318
6096
8049
6970
8806
8256
1152
9807
7647
6998
208
6852
2703
3275
8559
8313
4811
422
6753
9797
3316
528
3911
2243
4950
2301
1126
8957
6525
8218
9492
6594
1895
3735
5166
1430
1495
3270
4374
1753
4131
656
1049
9634
5768
2228
2388
9291
3181
529
5325
2448
1527
5253
5816
2667
5833
3987
603
919
2149
5891
9409
4660
9178
7100
506
7965
2701
1192
1812
9369
4922
5307
6881
8816
474
826
2416
4704
8777
5993
2789
5560
8706
5891
8467
1994
6915
934
2366
374
2799
8609
1961
425
3351
1353
3562
8176
3652
6139
8074
3711
176
985
7615
6978
5336
4888
7893
1352
5272
4937
7036
4502
5826
3791
8076
4193
4623
9804
1438
7343
8532
4971
3899
7702
8408
9129
90
6685
7554
6582
3742
1235
5566
7449
1686
2523
2758
7989
2638
1901
1384
9286
2729
6126
2731
8042
6115
5372
2560
8639
6365
1533
5175
3417
9920
7703
4048
9181
7012
1374
6270
1192
3320
5398
5311
6202
6927
8682
3798
1384
3353
7013
5019
8076
9929
2090
4439
2977
6312
6055
7031
4702
7315
306
9026
349
7274
4758
9831
6726
6516
8671
6596
7226
4413
140
1339
4867
1248
2266
1567
4086
1475
2582
8026
8319
1129
6539
6813
7364
5656
8396
4326
1457
2136
7918
2608
5297
8382
7776
8361
4277
97
9605
1017
3091
8772
8936
8760
8269
2577
9007
2681
6862
7906
3692
9921
9830
5709
6994
9209
5726
7710
2479
7674
1586
7788
2310
9923
6534
4165
2055
8555
6624
4330
4495
9231
6733
1256
5177
810
680
8481
3179
838
9823
3532
216
8832
5096
4176
7120
1831
6330
3817
8968
9983
2366
7554
697
5604
2852
1715
5488
62
4231
8293
2946
1314
2492
2363
4642
5931
8739
7608
7054
1044
1342
5286
8673
8147
6024
9957
5001
4895
5260
2052
9223
3921
1500
4249
6489
7458
7962
8437
6319
3190
3262
3046
6731
8895
6827
1549
3856
5657
2713
514
4409
6070
6639
1215
1048
6940
2492
866
2333
6433
4728
2336
6243
4744
6790
4614
1676
7688
2990
7213
8458
2819
3278
6055
5637
6643
2728
8401
2376
997
6617
6858
1462
1074
3940
8111
4245
9684
5474
6219
7289
709
9108
2325
966
6388
7599
1028
5129
7354
6240
4860
307
8284
5805
3184
1280
6816
7268
5781
1120
577
8199
505
7780
7705
5825
9187
9504
2065
5255
6319
4613
8227
1633
4999
9872
6748
2614
8391
1976
9531
5954
6723
9221
3694
3534
5628
3352
6892
9241
4542
5239
9986
2227
5772
2951
9958
4043
3991
6250
9230
7468
8300
5378
7227
6884
3450
3690
8001
5586
6774
1921
9137
4411
4751
4904
5165
7643
2496
7131
8022
4693
2387
1184
7658
9186
9126
4767
7078
4925
2060
4609
2522
6833
3883
9665
2156
6111
8035
7794
2745
1309
7184
8064
9570
392
6405
4914
2701
9859
2860
8788
1502
3236
5465
8054
1695
8592
4504
8605
6296
2352
7958
886
4904
5080
4566
9062
2895
5463
835
6770
8834
321
1609
9402
7036
3902
8880
1339
8819
1357
1318
9028
1293
9872
1760
1438
3921
5271
4935
8721
5748
5010
3684
4510
7834
1656
5397
4167
1080
2384
8577
2793
700
3277
599
4209
6704
4363
7050
3564
3183
93
1478
6872
7132
4166
7797
1520
4522
3423
1162
448
2726
8948
4072
8249
8031
7201
8211
8354
272
2884
7040
859
1271
3979
2850
8762
9460
6840
6205
7810
7852
3987
7747
8442
1922
5728
1746
95
7730
6348
5415
9002
9977
9137
43
1951
6723
7935
4773
3792
8671
389
6845
9058
4107
3922
5965
2651
722
2326
2685
7567
8299
181
1965
4514
659
1685
6355
9485
9962
482
7011
106
2006
1944
4735
19
3851
1911
4393
4342
9646
423
5054
3684
52
2659
769
6928
340
8637
9637
1223
5726
9974
8763
9822
9521
4458
8426
5414
2233
232
2807
8424
9528
1519
5429
325
4643
3549
3378
1181
6728
713
1126
6406
6759
2377
9762
3139
8238
1374
7509
2214
8324
8475
4738
7203
4710
34
9372
9330
6217
771
7436
6968
5201
1672
7198
7049
8816
6462
2327
9533
8559
5543
180
6895
3565
7951
2939
7030
3064
1006
3875
9910
2489
2521
9271
4111
1589
9669
2867
2604
8245
9381
9522
4892
8589
9587
3523
4080
606
3233
6837
4502
7318
4081
5943
8106
6608
4221
4371
6391
4589
7761
5993
2335
7841
9042
3592
7604
8035
2962
5862
3909
2618
3773
2807
8898
8276
9336
4124
1674
2653
3314
1105
9476
7071
4148
4211
7206
1784
435
774
6330
3575
5867
1762
4053
3426
6726
7287
6680
114
3404
7513
1444
4959
5669
2968
6793
8941
6522
1680
6251
8467
1268
9524
9962
2736
1461
551
5126
2014
4668
2274
5444
9338
1361
8561
3003
2248
9525
4184
1731
6160
4771
5834
1835
5468
289
9293
5909
7978
8637
1970
6044
9379
6264
5222
8516
3556
1977
4961
9424
9821
4890
2768
3900
226
8622
6958
4093
9166
1326
727
9606
7198
2562
8642
2040
4394
2485
7100
2309
7915
6261
5564
672
8965
9524
1849
8020
70
5490
142
1794
5057
1463
1060
4210
7247
1755
9405
4630
1865
3328
9640
9306
1637
7434
9327
2590
2120
3382
5292
982
6975
9370
291
2296
6144
7813
2478
8765
7686
1288
3180
7896
9744
7084
1310
8963
1347
5984
6218
7225
5606
4563
9875
9631
1659
4308
8162
7559
5883
6560
5145
7068
4214
8850
4331
7204
2712
827
8651
44
3858
1013
1941
2684
5807
8455
1320
7289
5388
8877
7379
8520
1569
3325
4356
1260
8205
7967
3625
1718
3819
6329
930
5527
2399
4347
2451
6016
2170
3930
7832
5995
4624
6713
6545
161
6515
5345
2150
7252
7974
2642
1544
8157
4648
1276
3443
4183
3748
7618
2458
1497
6505
8293
9240
8833
9224
4666
9420
8532
1938
9168
7192
1483
5350
1964
6327
5590
8672
575
1808
8648
5939
1234
3257
6293
5767
1543
9614
7011
881
595
7200
885
9025
2553
5497
1356
1516
1017
9329
6906
5342
5718
6173
243
1466
2709
5261
7002
598
2847
8621
6437
854
7173
8213
7866
1807
551
6012
7162
6388
5938
9278
6226
4079
7620
3103
8640
2235
9370
6181
8508
6837
6432
1943
8464
2362
8588
4148
4628
7260
1327
5751
4813
2311
3581
3009
4722
6000
7348
6108
620
2858
6015
9493
8339
3232
130
8331
1684
4707
8056
447
5474
3742
2732
586
4463
2831
8179
7047
9653
7988
4067
3526
2409
3074
5445
3236
1968
4901
2452
9305
7839
7691
6046
996
8902
3984
7736
2535
3467
649
8433
7911
7900
6490
5633
8807
7666
7820
8854
4734
6477
8022
3954
3970
3288
3924
468
3161
6633
7818
5164
2894
7142
1812
3552
3185
2979
8223
3608
7213
543
6971
9698
8689
17
3922
1159
111
4033
5885
8921
2953
399
4403
7107
7076
8116
5856
618
475
5089
5099
297
8518
9746
1413
3131
8854
3806
1361
6443
1838
326
607
2384
5047
6765
2918
8279
7801
2178
5734
3507
1816
5447
7601
8427
3005
1833
4804
6638
9654
4869
898
3601
560
2228
2247
1847
6251
2671
1205
2548
7365
7700
6665
8181
5113
4642
635
3308
3561
8183
2509
8802
9090
5459
2244
3762
1120
1552
8083
6068
2400
4647
9792
2041
1010
9113
3948
9941
4583
1928
2852
6333
6149
7180
54
2970
4659
4798
6028
2369
935
5876
526
3462
4829
9855
9585
472
2486
4001
9071
6809
2132
7460
6001
4534
3251
75
7914
7633
3750
78
7725
7293
999
6433
389
1895
7392
7107
9283
1054
6407
9154
5732
5444
4370
3504
1563
9566
7846
4884
6847
1852
5813
2227
8718
2301
895
1303
6441
2032
9176
8735
4516
6888
346
2983
6301
2651
2135
2632
1306
3254
9462
8932
4064
2971
9647
8299
9119
1823
7524
9466
7639
6577
3344
6277
1568
9003
2186
6037
7935
3226
9651
8393
911
9081
2821
4104
8764
3185
5434
8139
1041
733
7905
8961
1056
9318
1333
5106
5647
4025
6577
3255
7978
1855
9599
5781
391
3736
3353
6865
638
6693
6273
3297
4869
9398
575
5534
9645
8011
4164
2888
5894
40
5830
4930
8360
3240
2689
8609
2100
2542
291
6761
8256
1024
320
746
4082
6568
9036
2687
58
6001
1124
5726
7056
596
3966
5270
9450
5587
4074
8168
8921
140
7169
6553
8207
3971
1914
3554
521
1951
5171
6059
1529
7906
3356
6976
4279
9176
5906
2861
6675
6247
8822
8451
4814
4063
6823
4150
4297
8031
8140
1357
4616
9888
6228
8789
7206
8261
690
7288
9928
547
6988
1503
6493
423
6462
7970
10000
9833
1906
3218
8122
1327
368
4613
3320
4668
1372
9304
3682
8276
5040
2941
9770
2015
9072
2923
7070
3126
1274
7472
3073
282
4365
9245
2707
4412
5246
10
7562
9725
2484
5312
1606
4049
7451
2416
9654
996
5056
204
686
3066
6643
128
5970
7320
431
2782
3218
8815
1371
9508
1504
8194
1250
716
7807
3564
4511
1393
3669
8914
3248
137
6570
8969
3884
6081
8556
602
2884
1939
4913
9481
1464
4506
3499
9020
8864
1134
1560
7874
4350
7952
2716
9340
5855
6771
9745
2921
3680
7041
1603
1118
4682
5749
3739
713
5556
5081
7844
3359
7893
3724
162
1369
7778
5260
9244
9219
9701
7881
8131
8783
3395
2924
3102
4275
6737
1112
6823
3711
3359
3407
2145
9760
1288
4986
6544
440
6619
7834
7778
4807
1643
2379
3769
8697
4482
6489
4347
4295
6869
4218
679
4704
2178
8479
851
6584
4554
6621
4606
8437
9711
4683
774
983
9832
7949
5981
1530
1842
492
5739
2713
2380
4915
9829
4762
1329
4950
654
7998
5860
1692
2687
7876
5658
3885
6529
157
6726
7849
1003
7867
6212
2488
793
1556
8181
6344
9758
2468
5879
4620
7288
5346
5713
4702
6397
3846
5344
8352
5049
460
1757
5958
232
7008
2081
4275
3465
5066
7059
5251
9823
4204
2209
7025
1587
6234
1768
1767
7558
5107
4343
9382
4117
6876
5158
7831
2251
1043
9611
2259
5163
4712
4420
6923
9576
4416
1826
1953
193
3749
8957
3876
2163
8514
8033
6600
1286
1710
5373
4285
1785
4015
1501
6415
397
8951
2696
4007
2989
407
2273
6858
9105
3725
4957
1129
365
3296
8491
2329
2122
1313
640
1440
4795
1588
9614
4702
3873
3298
7499
9300
2615
2159
3045
339
5358
5827
5719
9792
9235
1955
1856
3391
4013
954
9276
5490
8993
8423
6009
7527
1946
1282
2230
4050
9965
5400
4293
5682
8786
6727
5090
4373
7172
7793
7477
2265
7177
2252
649
7676
9664
7710
1612
5018
1108
6916
8075
1795
1043
4124
5862
4213
3101
408
645
3149
1689
5359
3731
4811
6930
5838
1520
2779
8439
4174
4511
9259
5194
1108
8954
3763
9374
5288
6370
3211
3787
3708
6635
8720
6147
3757
8734
6226
52
112
3755
5097
956
8181
5400
9297
9395
7367
6075
1013
2964
9187
1394
655
732
1637
8536
882
9955
2585
175
3224
4890
8986
5606
4026
4056
5908
7456
1543
3853
1985
415
4953
922
6977
247
975
7368
5942
2452
1507
9134
3916
1305
281
2761
8345
1197
4949
7845
405
5933
3014
5690
2419
1021
9058
2365
3335
3682
2681
4744
3195
2809
5826
1737
9063
615
3814
4035
3758
5023
8566
1512
5531
3646
226
4592
9269
6284
6079
201
3206
8845
6398
2281
6288
2220
1882
5282
1765
5403
1579
8395
2168
3524
240
840
7273
8244
8003
3589
1040
1701
5588
5583
141
9564
7970
5858
882
8062
3716
9017
132
9074
7495
298
4331
7470
5759
4258
6661
5012
4826
9780
781
1882
1054
7122
3193
7266
3022
5320
2381
1746
4549
226
5097
8300
1101
6757
7294
3973
3555
9024
5843
4199
9549
7461
5626
6528
2587
9883
7121
4352
1925
3833
9329
3392
9338
2334
6731
6901
8973
2050
9765
8048
2050
3968
274
4503
2588
3531
8381
9990
5452
8638
536
3193
6151
4065
7884
5761
4821
9953
3337
1657
136
8743
9641
6510
6110
2839
3387
772
2096
4418
2953
2021
695
5863
4103
3492
8644
6820
9765
2468
5087
2470
6861
8811
6553
7426
2467
5967
5213
2592
9603
9011
4083
8734
832
8158
5157
7768
914
5456
434
6995
3529
5738
2826
820
8550
3662
5717
1765
5897
2395
1782
7205
4936
7445
3930
6699
8945
1580
3825
1319
2714
2760
9246
745
2583
6810
4565
6180
9277
8554
8960
604
5180
3305
5162
1773
7926
4803
2077
3331
7081
6517
4726
8300
3049
235
6574
7591
6263
335
591
273
9669
769
1051
7729
9599
6186
3198
8404
5222
8267
4873
8542
4711
955
3064
5993
8485
2239
9569
3508
8814
9148
2503
7613
7218
3118
9176
2110
6007
9253
6891
701
7942
8441
4129
7568
9693
5436
7572
4683
3462
3053
8940
3167
9479
905
2177
9666
1642
5784
3552
4752
708
5998
977
3631
1269
7916
7083
162
6569
1594
6309
1598
6335
8193
4187
6946
8237
1701
3304
6990
4195
1000
3799
492
7056
8584
3927
9610
253
5900
9511
2081
9910
7039
4182
3545
232
8695
669
8495
1152
2186
9343
4659
8638
7563
8954
2207
4870
1431
3402
8997
7165
5064
9498
3941
5481
3448
351
7296
6604
7302
2687
8341
1168
1159
8766
8264
6482
1016
5384
2731
6194
4555
2802
5413
562
8707
8888
5338
8610
7393
6789
915
5378
7607
7193
4210
8487
2771
3941
5266
7625
6794
803
3230
2423
3482
4415
2073
6954
5839
5710
9479
9687
101
2425
7372
9545
1130
9688
9125
7985
5387
8462
4469
3285
4618
5413
7197
909
5912
7419
153
1295
1395
25
1417
6796
6139
3561
6001
6574
3098
8372
101
9987
5691
6458
7420
9855
623
3967
1784
7298
63
7210
4856
4158
6651
5207
6108
8896
7251
6319
9568
1929
769
1853
5884
1658
5729
9150
5846
4211
4289
5397
3292
8600
834
970
8396
9609
1778
4931
4652
8204
2561
5380
7974
7034
666
460
9513
7727
8592
126
3403
9458
2699
2531
7226
2157
2047
977
984
1125
4135
3698
6822
5884
8577
5886
1401
9266
2001
6502
4157
832
7213
7497
9336
63
3070
6806
3305
2434
4805
8605
9269
506
1046
6169
30
5509
8353
3105
8980
2558
2591
9734
204
9129
8065
4683
3477
9205
8375
5377
4372
4027
8052
6208
9848
69
6932
8891
8509
6594
7541
3471
4220
5558
3438
7088
8813
5225
3162
4354
8443
7410
6611
4125
2367
1370
898
6438
9821
6337
6931
119
3645
3159
800
5086
5966
4352
6017
4523
201
9237
3413
9149
8695
6885
9610
3838
6084
5267
7019
5048
7430
8813
2214
1665
1269
8989
4347
6726
113
7458
817
369
3229
856
6504
9462
1971
2893
7074
3275
4494
7390
7145
4970
1300
3298
6656
1971
9034
978
1652
4180
3125
6971
1445
7336
2399
573
1839
9549
7598
7003
2225
600
8052
2377
4285
1274
2559
9815
3525
5550
4787
4801
9749
8917
7298
5734
177
3665
3474
7576
916
2617
435
5006
4804
3100
3654
3365
8884
4054
4270
306
7450
4844
559
5411
944
6835
9626
7053
7060
3260
39
4237
5357
7423
1907
4125
7050
4527
5915
3050
8448
3801
3804
1743
2842
1797
8429
7801
6192
5777
2364
6583
1939
7792
3599
9236
5211
6381
7556
8416
6139
8395
2572
280
5277
3572
8448
311
7466
6326
7302
6698
904
5628
8397
4379
5678
1866
6147
4134
7927
1564
4815
6238
5137
1373
3937
9260
58
4200
9069
1626
8346
1931
6390
4669
8545
9205
4561
6898
2056
5102
7898
2432
7197
9093
4626
4339
3356
1730
4891
2869
3709
6122
8404
7068
9189
775
104
9791
5965
8020
4437
1357
4843
3467
9971
3454
5472
899
5108
6162
8657
6503
2360
9035
5175
3279
964
4451
4429
175
6154
3003
5460
1934
7318
1433
8470
6282
9481
1369
1709
1822
5324
3675
5318
7652
6350
8716
2659
4468
2559
296
2356
6166
2107
4299
5387
4557
7919
7403
967
3757
8377
9504
912
3778
3159
1085
9865
2678
871
1142
6829
7611
9466
7204
7419
6264
1614
1791
2992
5688
7514
7195
9437
6199
6106
8686
8591
8245
1267
9553
1564
6487
4189
5069
3926
9326
6798
3562
5107
9679
8192
3334
9782
483
9089
1611
6332
5725
1951
1764
9242
9919
6183
921
9474
9651
408
4005
1841
4088
8388
4016
8743
1442
6867
296
6114
5175
9240
7564
4894
9437
2203
7663
9284
3519
8561
4182
5417
3247
7453
2572
5641
3426
7905
5883
4125
1064
5598
6166
1203
2574
282
9614
2082
9120
5876
5953
2126
4851
5478
5894
2834
352
7030
2049
1123
4712
754
667
449
9583
5840
8545
688
538
2511
6396
3292
3411
6597
1408
2085
6290
3583
871
6647
536
8605
4065
5599
1645
717
6370
9355
4870
1933
5038
4403
5917
5484
9216
8812
1328
2077
8948
5481
247
1979
2771
1129
1274
3095
6783
2133
6340
245
6901
6312
9813
799
5067
3940
1674
8821
9351
9630
4779
4142
5287
7478
6070
2161
9187
9894
6978
3879
7465
3063
4520
1498
117
592
9586
9967
2775
2058
6162
380
6661
8974
4858
1847
3238
3000
6591
7177
4344
2809
5021
6789
4753
4733
2831
7976
9466
5485
6350
8231
507
8860
531
1622
7573
810
2209
4051
3194
1037
8156
7323
3324
6321
2670
5525
9314
2784
4846
7334
3320
9863
6229
343
8737
7503
9578
6366
5297
5692
607
1783
2205
628
3000
7740
4200
9252
4002
8321
8105
7514
7623
9856
5974
637
3376
6000
1310
8792
8118
2175
7171
4460
6683
4204
5792
3821
6372
4804
4951
3592
744
8193
1081
4063
7757
7165
2430
5092
8128
8928
4017
1415
6315
2562
7350
7895
8604
9040
7047
6525
1889
2442
3184
7614
5267
1759
8348
8848
4022
3454
6711
3480
3391
8975
3906
6500
3526
6712
1401
3992
8779
1961
8148
1020
6493
1409
907
6810
3331
678
2998
6160
2398
8632
7921
8843
8073
729
4666
8362
8676
6681
7542
2641
177
3652
584
1108
3260
8884
6121
7325
9916
3372
1769
9043
8745
9186
1642
2771
3939
5449
5450
1355
2193
5306
3123
1009
4443
1186
8160
5694
538
2493
6220
2284
868
7954
5476
4544
2305
3785
5037
4201
2873
5778
1045
972
5073
866
1420
2440
9608
3935
4334
8065
999
5317
3834
7635
3651
8348
4927
1484
4816
1374
9817
2711
6237
1527
3487
7925
9042
5983
8064
2797
8281
6116
3945
8120
8833
5323
6911
7659
3072
7691
5187
5149
5257
7702
7046
3749
8131
5864
2665
9744
8631
7546
6320
565
4198
4799
5150
2656
4335
5481
2502
6002
3991
9181
3241
989
1900
5005
3670
1225
1763
1655
894
7563
7242
8947
8761
3002
3098
698
4770
9703
932
7657
5656
5825
110
2158
9962
8061
4984
9032
6583
7439
7086
1748
6944
8220
6527
7416
9760
6032
4221
8708
7260
6998
7771
8893
6822
2104
2363
1125
8063
6926
1594
9679
7070
6633
4616
6377
4012
4423
8963
5628
2807
7059
7240
5559
9271
1007
5410
1104
9523
4593
5024
5700
8337
3950
730
7771
3962
7294
6820
4051
638
6438
9022
5717
559
3936
7650
7216
9554
4819
9836
9432
1204
1863
9591
1724
7966
3459
7441
8573
6881
4052
7011
479
2098
1668
1228
8049
2883
3266
4444
665
7714
4857
1794
3303
2869
6360
8528
3438
391
9895
789
1590
5740
6108
5252
5548
1797
7276
846
5540
6704
7730
1562
4593
3496
5425
8457
5188
391
156
8255
4408
9964
1663
5402
8059
7347
5196
4594
3119
1150
1595
2975
8864
7937
1895
8160
5802
8535
4966
840
8353
954
2223
5808
1283
8241
8542
2298
8713
7931
3763
2734
1794
7854
1790
2049
5237
8110
652
6876
7924
4366
3788
4660
1671
6575
460
6400
7371
4973
5075
2984
8886
3333
1431
759
7800
1465
5289
2104
7550
665
4075
1064
1025
4242
5655
651
9047
8098
8984
2667
7594
1115
6447
4199
545
246
9657
9115
2895
3466
3629
2315
9962
8140
7937
7901
5490
3854
2059
5407
8698
6914
5243
585
8525
3200
1084
4289
3063
8148
2432
1351
2410
570
6642
9311
5745
2387
6228
9566
8166
7797
9869
6477
3641
1811
8075
4309
5479
2061
908
6987
354
2537
7927
439
5829
371
4342
667
1556
4895
7291
1672
7116
9909
1526
950
3042
5312
3534
7128
3232
7948
2930
5947
3491
397
4292
6986
5237
2682
6090
9969
1462
1981
1171
7502
8292
3628
3054
6012
1552
860
4057
7764
5896
5887
3278
241
4432
6928
5362
4274
1019
7965
4387
5777
9523
1204
7201
4536
4381
5450
3297
9588
2061
363
7706
8711
178
8424
8605
4882
7959
711
9276
1023
9565
8311
2486
3907
5083
2203
4182
7234
2917
5438
1395
5220
6153
9567
9720
4744
413
7322
5310
2815
9512
1902
6489
9141
7333
7809
1276
9939
1216
6969
6408
2959
5987
3041
2137
9869
1775
2962
14
6360
1558
4974
5542
7198
4699
7945
1655
9053
2376
5380
4819
9860
9149
8310
1016
8465
9272
9508
5372
153
6811
1997
6498
9698
6498
6860
818
7776
4872
7930
3493
8802
154
87
586
8093
8260
2610
3807
3409
9881
4800
4566
7109
1148
3610
7924
2578
5700
339
2539
5916
4875
318
6324
9678
516
5286
4277
8181
6558
4205
8220
4608
8911
6579
6640
4142
4446
9240
5646
7689
9914
4483
4867
4160
2061
4766
8003
6888
80
7119
8798
9874
266
7819
4589
7113
7697
6709
8994
1526
738
1231
5688
4633
1848
2497
1675
5474
4728
249
1658
230
900
7783
7504
5770
2274
555
8545
8319
1607
1710
6006
7360
8136
8691
865
1158
7090
7532
8058
3841
6880
1269
4000
9183
895
9068
2637
5727
9633
9024
1614
6870
5726
520
4474
4780
5683
4348
9734
232
6096
5054
1905
814
2896
2030
1485
9623
2882
659
7145
8985
9043
4290
8598
4597
4133
4467
8462
3632
9953
5247
991
6249
5236
3892
6801
5488
5967
5388
4338
1487
6753
1675
2655
5250
8771
2967
4685
5383
6707
6681
4461
3514
3633
9321
2287
1755
7694
5458
9372
392
6818
530
2202
1336
5088
4634
9903
6402
1520
5127
9789
3714
795
938
3451
3005
2646
7735
9365
9676
1433
7350
5594
1071
1217
9171
6137
5377
6654
931
2881
4550
8194
5031
8739
1161
4276
5200
6010
2369
950
7968
5204
3469
7616
7177
4262
1471
2297
5934
1659
6784
6289
8731
8173
9552
3047
9305
3760
9764
3763
5499
2445
8293
9999
2341
8481
168
6796
3255
7038
7302
655
6100
9387
5953
3264
5090
6037
5877
8395
7868
1926
3632
6288
5094
2668
4743
2931
8506
9415
8993
3201
4522
7671
4290
5665
9355
3942
8380
6002
4516
2804
4986
9786
1516
9557
561
2142
2013
5986
2891
9310
653
3802
9954
7166
2490
8158
6723
4935
6843
1640
3362
3924
8872
8428
8125
6580
7228
9694
7439
9107
2526
4825
2339
2800
2653
5994
5635
1327
1195
6360
4345
9685
1145
8619
1376
681
8846
4586
1199
5281
3115
4409
1064
190
5825
9757
3016
6951
7053
2532
4647
6624
7241
9150
6933
7877
9707
9237
717
7025
5918
4113
180
7298
4502
6380
3751
2164
3851
447
3820
684
1326
8156
5586
1888
1869
2160
2064
6772
7958
3579
4496
7133
2426
7523
3501
1517
2269
436
4499
3850
8513
4669
5938
7421
69
7322
8898
7333
7373
1811
3247
7936
7952
188
7147
8384
8059
8380
4369
8864
9600
1670
7692
8452
1319
5816
5334
4768
9944
9083
2765
784
4841
7295
1911
4678
658
7743
401
316
3266
8613
2962
165
1587
1321
1631
2799
5630
5301
8670
115
7882
2889
3977
2334
7359
2367
8611
6797
3572
9186
6551
3342
5889
4228
872
9588
5757
8923
9514
4594
534
4158
906
9617
9406
2427
2612
5823
1604
2754
2334
6262
2966
7249
1185
4510
288
6962
9355
2307
3008
9805
1870
878
8554
4820
8776
5342
7938
9210
7784
211
5509
6271
2584
8798
6034
7539
8814
3530
3052
8236
6522
5059
9519
1113
5502
8672
7044
7121
8849
9101
9220
2776
7177
3504
7466
8159
7593
7299
3406
6718
6598
2187
9717
1207
1002
934
8486
7729
669
7331
8663
6293
7780
6969
6510
4121
96
6792
7706
5811
4482
2412
8746
5294
4702
2397
1767
7581
5261
9762
5599
7505
1730
6930
9002
926
4121
9876
9301
3035
9797
8786
6834
9551
4021
9448
1288
8339
9
8410
8109
3596
6525
5311
9138
3226
3684
2830
7219
4783
3780
579
2041
284
9629
9634
5231
3042
5847
2320
2364
5432
4406
667
4957
6790
3560
5004
1067
6871
207
9686
4317
2763
1658
462
9449
2924
2543
2763
8267
5550
2206
5445
6280
8719
734
9621
3869
5522
9459
7841
5677
6180
1324
3392
2185
8892
1860
7833
3514
487
6071
8543
7801
8287
3009
4668
7514
7291
5166
5910
3297
9580
5600
6386
9475
6107
3956
7666
2528
6638
3516
9748
5401
5325
7377
614
6265
9268
9435
938
9820
1294
5450
4587
9491
3486
5851
5919
8844
1052
8846
4315
939
250
7777
3084
602
5215
9289
407
3555
1975
7970
2858
5504
3419
5150
6833
4873
7428
6668
2520
3143
5473
2323
7244
7870
2977
9474
4184
9786
4706
2989
888
678
5516
6075
6533
5724
100
744
9428
2530
8899
6802
4748
2550
5658
1056
7729
8879
6520
1884
9706
9006
8525
1014
1397
14
7816
1332
7443
5638
9486
6218
6655
9831
3935
479
6461
5466
7574
4380
4864
8182
9003
9097
7295
289
1815
6746
2299
5962
1910
6037
6684
6603
348
8852
9636
7591
1367
7905
6362
3411
9540
6427
4945
1822
7285
2653
6302
2385
8487
8164
1449
6613
5381
9951
3211
6595
8968
6802
300
8002
9105
9089
2530
9054
8637
5868
8870
6867
3632
6362
6465
318
8959
6996
2314
2086
90
982
9991
7672
3952
7717
651
8639
1219
7880
8063
9768
6765
7809
8682
3117
8141
4555
7227
1975
8921
65
1165
4206
9781
3097
7112
9937
7655
3706
7818
3137
7799
3320
5096
9329
3660
5398
9076
4528
8773
4502
4573
2597
8911
2101
547
6450
1430
1617
8398
5980
8810
9878
693
9218
7946
8520
814
8184
5404
4889
2953
8933
8566
7921
3011
3337
5184
293
3881
4604
2093
5164
7290
7618
3999
9377
7373
1563
1453
6219
3122
64
8569
4965
8757
5830
5859
6985
7274
8745
460
8147
7418
599
4256
2308
3974
3646
1697
9380
8571
6406
6059
7288
4603
786
5033
2611
8769
312
8759
7504
6493
8852
1688
3089
7515
2090
5761
703
3865
1343
6595
6665
3802
4792
5125
9489
8194
7320
3250
4439
8365
1973
5605
6858
1616
5439
5791
8051
9901
3589
1644
5001
1050
2745
2045
5956
4205
1364
9750
5754
6747
677
233
9132
1167
508
504
1469
5200
899
3766
4939
165
3380
9128
1429
8050
9241
1116
5344
664
3921
2494
5426
7321
3872
7418
9366
1083
3241
9779
5327
7691
3155
7681
6612
1552
7124
3565
6840
9416
6352
5052
2562
1101
1276
6636
3690
9873
5371
2983
6520
3308
5857
8118
6949
2598
4311
5640
7978
9196
9120
8445
4559
7055
7374
411
4592
7418
7090
7855
6119
8358
9973
8203
3353
5540
6640
8090
69
3909
3894
7903
7020
3502
7578
3452
1763
6105
1354
7521
3584
3180
8684
4450
2608
5194
1618
2102
4718
6336
403
8107
1183
9389
2501
7232
6740
4487
3645
1212
3999
5312
8374
5940
6229
5750
4459
4037
9189
1103
4771
5101
6180
6807
8669
980
7513
1159
3428
7318
4239
9912
153
2474
7489
7847
1341
6470
3071
765
3086
8288
8653
9911
4332
9591
8691
9972
4969
3047
6877
6508
2279
3522
5943
7414
8175
9051
9887
6817
1105
5079
5285
2108
9786
404
5038
4863
6270
5570
4388
2889
186
8209
9132
6287
1576
2608
1240
8344
7902
1627
7714
3757
2277
2928
2756
3728
6607
5830
4521
8834
2102
3953
1347
5879
102
9462
2595
6199
5616
8109
308
4773
96
9485
9145
1692
446
8195
2226
4084
8084
1517
4036
2860
7346
7045
3820
1903
6598
4860
5432
1517
4373
9280
1961
7316
4009
2306
6846
6741
186
7789
5365
5930
8306
2245
5040
3815
3138
7634
3531
9338
6409
2494
8353
471
1119
8633
7955
4312
6258
2698
6466
1880
3980
4129
2564
4230
6725
2724
5253
8159
828
305
9396
3072
969
4866
6963
7834
7005
1890
7359
1723
877
5521
3664
3
9143
539
8275
928
5329
5289
1096
3191
8691
9666
4409
9309
6372
6928
8394
9480
3580
3146
9965
541
8527
6566
9459
5783
2253
8946
4960
6478
797
1477
3739
4605
4880
4309
943
5058
4664
4641
9867
54
1942
4396
4949
7374
8091
89
9055
4057
6924
2470
7516
2653
8954
8988
1328
3289
9174
5433
5011
1782
3924
9049
6214
3180
6434
5190
5615
9292
4161
1872
2099
3322
6309
3660
327
3435
1827
5376
3662
4006
4305
5621
6616
3587
2064
6073
1608
1608
1509
5826
4223
3693
5763
3312
7777
9606
2145
9028
489
6955
5902
2709
2706
9682
3827
8438
3994
8367
4588
3586
9434
7760
4353
8568
8569
2430
4975
7262
754
1343
1447
4289
1706
6616
9227
4481
4076
6871
1899
5753
718
1150
1948
7510
6902
130
6093
3033
9601
4530
2829
4945
774
4569
3337
1615
316
27
1981
1768
5350
5837
7169
5370
6611
8237
1211
197
128
3945
8226
3620
772
5387
9758
3843
3577
1190
6374
4564
3295
5556
6871
5016
4127
3515
807
3073
6323
9678
6223
8043
3386
9847
9196
8422
8718
5555
3836
7215
6901
8111
9652
3240
237
6327
6310
9393
1361
7465
482
622
8307
3048
8544
5922
4948
958
3194
4184
711
2806
4342
4106
188
9477
4881
8799
4489
186
9895
6662
8606
3943
72
5297
3380
8262
1486
2501
6055
1754
4000
744
6026
8004
7239
3684
8060
2824
4459
4626
3345
6287
6398
2275
3414
2888
7939
2240
448
8025
7760
8936
6432
8287
8261
2788
4665
8300
2714
2977
8173
4357
3760
759
444
3153
4402
2330
8582
7799
6523
5844
9596
8346
9091
5274
8718
8958
3479
5708
4856
6915
118
426
9443
7319
5330
2827
3454
1446
2190
6856
8086
7444
2395
6333
3896
2665
3108
5828
9208
2904
5332
3614
3721
9453
4720
9685
612
1728
4587
9121
4473
5111
7026
6747
3941
6251
4407
3397
1702
6459
632
3673
4593
8735
341
4869
9252
1522
7309
1420
5149
5833
9666
8636
9102
9334
3583
9111
4985
2112
930
5786
7226
2576
4367
190
9423
8217
6656
3429
8759
4210
5445
4905
7510
3137
5531
2440
5198
1541
2517
3783
450
4946
6403
2732
9485
9282
9258
4053
4011
3202
1632
8118
6167
122
4501
824
153
797
8628
2524
2547
4733
2190
1008
7073
6006
7892
321
945
5047
8876
5533
9287
8168
4870
1448
4522
8056
1360
7952
8880
8018
7479
8599
7039
2994
287
1714
3899
1280
2370
1308
9841
3780
283
6513
9655
3768
4804
2079
3076
9752
3362
2431
3082
3810
4449
4376
1916
7947
68
228
3696
1583
7732
8269
5198
8345
4175
2148
6268
5260
7075
9065
7668
3850
1561
9134
5231
2340
1278
4060
7969
8509
28
1676
9681
3961
417
1879
9274
4440
9589
5178
6136
4805
2285
6457
6940
9498
9353
1186
9391
9029
9534
4442
4263
837
2448
496
5759
552
907
3376
20
7045
4864
4820
740
8103
8174
4538
548
7765
9437
7332
7768
508
7152
9566
8009
4429
3903
9123
4401
3342
2767
691
3754
932
1158
1304
7876
8967
4716
3285
4783
5619
1162
4228
7848
2614
2873
6055
3372
1143
1078
3638
9747
5151
105
4074
6728
6996
6384
901
7897
490
428
4041
2290
5273
9561
2587
1877
8724
7412
5162
1644
9530
4739
8435
6299
2612
8000
4528
3828
3659
3652
9080
8606
7634
9508
8811
5292
26
2964
3338
5075
3782
2775
4173
5044
169
2730
6141
9423
2312
8743
8188
7586
4196
2990
7748
1690
3277
9551
8394
81
1656
3335
7475
7379
1408
792
479
9614
7110
1403
525
5196
6935
3907
146
9437
438
6176
7734
1087
1509
1059
7422
425
3207
2070
1090
5491
1245
1292
7872
4880
2614
5952
2147
6544
3181
1147
3340
4361
2162
3775
6655
5515
5030
3617
7352
1523
7524
5255
872
9285
1953
429
3610
6025
9506
7844
6501
1809
3598
7408
934
7161
8683
2633
7684
7376
6632
7669
2206
1034
4839
2108
5181
245
8998
7454
3608
6696
5334
1241
3719
1824
8563
2458
8596
6072
2889
7483
2144
6876
646
676
2906
9642
4193
6565
5859
1711
8450
6433
224
2593
144
22
2401
5709
3494
8690
9308
3785
4839
1981
9518
5596
1918
4832
791
660
2677
5633
6972
3726
1676
429
3506
1622
5522
7030
2703
2211
1318
8896
5495
2076
3042
9074
3203
7180
6480
3899
8910
3628
4614
8121
9724
1177
2485
7993
5702
600
3538
9017
7488
4520
3321
5708
6427
4333
6706
98
4218
806
6543
5322
2140
2943
4504
9196
9218
2450
9373
6354
9283
3359
2617
3735
1801
4581
823
8701
3066
5757
5573
6909
2432
5276
3146
2538
6259
2712
6077
5230
2425
1567
4007
5898
8630
9886
3432
8478
2885
5130
6421
7302
8784
9919
177
6131
3136
7906
8638
8726
3111
6312
787
5868
1867
4669
386
1749
4212
669
7471
4022
9850
8962
4258
7013
4387
8078
9815
3000
2831
9765
5410
6837
3409
7317
232
4932
6011
9440
9253
4252
147
7118
8802
3614
7193
5927
4304
3890
9015
2606
8076
1649
8229
7842
4459
9495
9794
3342
4001
2123
7460
6331
572
7384
6988
1346
2305
6193
2481
3481
9735
3766
5280
7394
533
1620
9147
2185
4772
7866
7249
725
2227
7516
9935
3939
5491
4241
3278
6691
6985
4104
2043
70
5393
1699
1440
1929
1413
8549
2332
6612
3224
2588
4921
2908
7964
534
201
2577
2141
4054
1519
392
7426
7555
1433
4090
3372
1505
7920
9635
8889
2995
5628
5106
2575
5163
7768
1782
9317
8662
1222
2341
2639
6494
1536
6851
2231
7663
8474
7649
9146
9387
7049
9760
9930
2198
9248
7785
875
85
287
6266
8415
5445
1060
9515
4849
4541
5717
7021
8199
3304
9908
9295
2981
3236
3073
7889
3142
666
6260
9743
4624
9747
172
1703
3562
3741
4676
5311
301
4409
872
8472
4969
402
1700
1490
463
9114
1443
7661
5534
4087
8575
2729
1439
2785
9800
6141
1395
3645
4539
7429
4344
2226
5844
3342
6469
8217
1581
89
403
9066
1674
5973
8216
6329
7108
6816
3932
3993
4508
2024
474
160
1436
7699
7420
4462
2561
6293
3665
5640
175
6483
8084
1128
9113
4743
5453
1059
8387
6753
9103
6620
8909
864
9156
1858
6849
3700
3551
1646
9169
2083
5129
4030
8807
6847
7626
3581
7580
7372
667
4146
3500
8114
4325
4182
7861
2240
4746
7421
973
2370
8201
5383
8302
1060
8476
1001
6782
2916
2051
9558
850
1550
4285
3262
2652
1146
6619
3814
239
8544
517
5488
7512
934
1202
7158
718
5411
7078
4600
7603
6367
847
1082
5881
1439
959
6322
2973
8165
6213
3495
7073
3880
3760
7758
4684
7529
1029
445
1961
9367
377
8039
1494
6054
9750
1408
5392
4495
1414
5895
444
6086
8490
4546
9979
7278
1042
7652
6469
8230
8059
7946
397
3878
8129
558
1320
1523
779
5010
3
2617
989
4431
9476
5336
7407
6764
9458
7471
8205
2000
6184
2619
10000
3036
2829
7719
872
8460
5194
8208
7616
1249
409
1052
4677
7390
2339
1590
7678
8104
3914
1852
1028
6014
4514
8314
7915
4603
1081
4885
6967
196
1594
7620
3856
7451
2082
2409
6765
5136
4264
6651
1433
1162
5789
1324
4256
141
9113
8119
2970
2742
5756
1137
5826
6975
21
9693
1493
9306
1261
7649
4994
4359
5503
5397
2702
6769
1738
8670
4141
4756
8444
4473
7666
7924
947
9199
8263
718
3957
7148
3652
3268
4967
8685
274
4970
4283
2540
2752
3903
4704
9607
1851
20
3383
1979
7282
1967
2601
9786
3738
7296
273
8283
8918
393
3725
4727
8651
9472
533
2827
7492
7944
4231
1879
1310
437
8812
5486
5321
7822
646
8118
1670
2384
4478
4533
7904
1476
8200
6216
3858
412
1229
4952
5215
2325
7778
4724
6651
5130
7292
3130
7664
3237
8423
5793
2305
9157
2094
2376
664
1155
7581
5090
7375
4739
8263
5250
7470
3053
8924
8050
4343
3873
390
4256
8697
4689
4500
7863
5401
1073
1448
662
2925
1266
1101
8789
3726
5183
1352
4661
3685
2513
6280
4211
6619
9974
8001
348
8800
5643
7286
6602
6356
5290
4793
2208
6151
6070
8018
1210
4936
7663
2030
3912
3477
8173
3325
1138
6866
824
9219
4342
638
7854
9890
1396
9270
2736
1859
9362
2932
3266
9069
3264
6135
7707
5584
8396
5430
7705
9637
1514
3365
700
8929
6588
5561
9424
7457
2571
3345
4408
1673
3157
6812
1328
6993
1701
1061
3664
7075
2575
9677
6386
8879
8610
1209
5948
340
4267
2524
5592
392
18
6811
6930
1628
9080
7236
4536
7339
3936
7934
651
7622
9861
9974
2489
6460
2925
5507
8276
4251
268
8271
1177
457
2262
6098
5379
7497
2603
1302
2155
6460
3730
5413
6614
8432
9909
4234
5692
6492
5332
9242
7160
904
2172
6705
2395
5667
2371
3594
6194
2151
2879
4722
926
4434
5815
3774
5291
7670
7331
5980
9795
252
6883
8384
4079
3092
7345
5163
7550
5676
8570
6827
5650
9499
6154
9759
2325
91
165
103
1676
4312
1333
7340
2523
9528
6946
6234
9313
8921
277
5398
8247
5041
5043
2670
3461
1769
7027
5446
8101
7773
5737
258
2399
3778
9196
3783
682
2056
9264
4960
7466
3434
2785
2831
136
3929
9975
7808
8831
2537
6050
1048
9755
222
4003
259
2933
8893
28
2157
7597
4385
5210
7267
9127
3049
5573
3246
7837
5501
6702
9517
2171
6664
8767
9478
8126
6924
806
1181
9318
2690
9258
663
4149
6591
5743
2885
5060
6121
7285
298
5996
9364
8130
4079
490
4508
3443
2686
6590
1830
2238
5088
3871
9872
6593
7518
9889
4991
5955
162
1485
3641
103
7751
5048
9997
4805
8881
4125
7716
7505
2768
9310
1728
9455
4947
9960
6959
342
1570
6335
7345
9326
8167
3046
2519
6408
4295
6145
9547
1989
9767
8439
6649
1936
1012
3038
3560
8109
9386
1854
6464
7336
1040
7976
8680
7815
7400
8445
2109
5097
4385
4530
5117
4851
4650
3693
6342
5981
8687
6608
931
3073
8274
6453
3906
906
2276
8733
3031
8188
5943
3230
1219
6333
9774
2831
7846
7131
3639
1201
1521
5994
3070
8161
8425
2309
5212
1948
5375
6596
2434
5023
9949
8419
2615
1943
6578
2491
9735
7816
5453
1095
8945
7955
8470
1714
6839
5886
1943
3058
512
2214
4560
2798
6902
6331
804
6490
6151
3483
9986
5699
9821
2442
1064
8984
6198
9749
1089
2184
7959
3664
9944
4144
9432
4445
6362
1952
8922
9003
2681
6441
480
4975
5357
188
9599
7595
7456
3066
9352
8805
8217
1178
4283
6205
1922
691
1966
103
6668
2224
7224
6572
9551
7042
2511
3378
5656
7964
6480
4142
8748
9622
6058
646
2439
322
3061
1322
2633
3406
4568
4657
6557
1809
384
949
707
6638
5646
7010
467
4037
6076
8231
1933
1861
3459
8007
810
8122
6079
4086
3390
2939
3608
389
4875
5229
7631
5849
1306
6175
1728
587
2920
889
2785
371
4260
3776
4159
2046
355
4042
8150
9552
318
9539
884
3954
2814
6224
1176
8826
7410
4933
5916
7958
6119
6191
989
4798
1437
9691
3315
4221
4034
5856
6427
4116
921
7815
723
1334
787
545
4647
2742
6833
4420
7311
8691
8981
2474
4058
8059
9566
2033
9493
3988
738
802
3961
9819
9845
9064
2303
1905
6059
3080
9971
6927
796
1147
9711
583
1990
2146
6788
9855
7399
3000
318
7885
8912
7001
1528
4252
2807
5152
7406
1640
7944
8297
9558
9166
63
46
2566
3124
1873
6530
8604
5780
8949
4273
2922
6835
7517
3546
7958
833
7538
9316
5048
1301
7532
3371
649
6935
269
9355
4574
7846
5302
4834
6440
300
838
8406
6942
9936
2454
1039
2149
7228
5735
3897
9319
3931
3546
6748
5137
2721
7059
803
1362
6436
5080
5438
5683
5003
5956
5875
6939
47
1934
3082
6366
7653
7953
6238
5257
1129
2209
3809
1223
3881
7145
8101
2870
9501
122
2662
5008
6565
7370
6795
7561
2091
6079
9650
7106
494
399
8240
7699
427
2940
1068
605
4718
6419
9142
7547
9015
9289
8828
7444
6020
7024
2293
1340
42
8015
4256
6761
2615
607
7788
9274
2480
1794
2604
1839
35
7008
1631
3292
1364
5285
9972
531
8373
8347
914
2278
2330
8064
1122
1299
9387
1449
2424
8137
1032
5404
2761
1566
6529
5326
37
7064
6635
8680
7972
4658
1432
4117
307
9398
1887
2577
2829
8916
5763
8783
3768
5070
9788
4117
3963
8922
1803
9957
3930
3502
3909
5373
1842
5818
7090
6416
9153
787
6141
5871
510
7533
7735
1962
680
9412
4032
9410
1063
2824
4055
5738
465
3388
5668
6565
7248
8457
4843
7992
3538
1965
7732
2750
297
5287
1905
8801
8643
9465
9828
2315
5956
2742
5856
784
954
8371
2847
7244
6521
7515
8695
3880
1195
1246
3933
7244
8208
6749
3096
404
124
6136
7473
6596
1419
986
9949
6512
7873
3312
7350
2890
6343
7273
8935
2548
4966
7351
5300
8634
6568
471
4030
3739
786
9725
2949
8170
4428
9182
5576
7614
9196
6185
9409
4701
2572
8189
3856
6691
4408
5476
5697
7661
2178
8340
1589
6914
8920
5946
8795
4568
2897
6206
6282
9331
8104
7407
4674
8204
9489
1941
7904
8859
1075
9110
9797
5500
4597
628
8568
8663
7359
3287
2662
5550
5278
3605
8944
6699
4734
4945
2026
1996
3228
3436
9597
7033
9108
8489
2510
7092
3879
3650
9533
7532
3362
3451
8627
8960
3468
9164
6675
6160
6932
7473
3594
2988
8868
4610
3330
9735
1248
6001
9903
4837
8098
2849
245
9196
6284
9477
3091
7919
1992
246
1215
8103
2437
4813
5140
7993
3118
3043
1817
521
4159
5578
102
9776
4431
3989
4415
8162
5257
7934
7627
8474
2230
2864
9582
7487
7819
6117
812
7562
5271
6028
3519
3715
3252
3716
7658
5375
4757
5540
4877
5238
3195
7651
3003
6234
6973
744
3609
2633
4789
684
8640
1016
7763
4709
4355
659
1927
1889
3890
8433
3715
671
2744
9550
1829
4142
3333
9738
8648
6241
8473
54
3390
545
1231
9536
5152
3135
7493
2846
9295
6277
8524
3699
962
5638
75
8595
2996
4161
2870
5132
6164
9598
574
7386
1634
9646
5086
2090
3488
7213
5981
1558
7744
471
9533
2788
371
1797
4696
9225
7139
243
5423
9771
7702
3888
2287
8351
3685
2138
1445
8038
7142
4028
8312
5305
485
3367
6227
4535
4950
7958
4617
7315
6422
1587
8858
4897
2982
4679
1565
2727
9802
5077
9238
7431
4311
8817
5241
7608
4582
575
7133
8672
7091
7772
9591
7733
5349
3554
6979
3408
4213
1065
1699
8284
136
1983
4731
7197
4539
8128
895
7817
3296
3578
2688
2353
8442
5912
3117
8972
1210
4547
4921
8352
9421
5140
4842
6678
8607
7423
5824
6487
2262
3193
9339
9617
7165
7617
3593
5027
6752
4524
3669
816
826
1815
2520
531
8144
5969
441
2105
1624
2393
4417
3214
8994
7330
4156
7805
4636
1333
4007
1456
723
579
9816
445
2420
7367
7210
714
7080
5914
2653
7662
1861
2723
9236
8212
4377
5964
3712
966
5922
281
1627
4207
1290
625
1857
5440
4347
1626
4941
6410
7028
4371
6118
4954
4002
1076
4309
7130
3467
4733
9854
1814
6750
6224
296
9723
9354
5087
2084
8081
7653
5755
863
1497
4752
7073
3532
7490
6407
8326
9651
9568
3492
4439
6700
1559
1925
2595
5251
3978
5431
6049
6387
4831
5319
4600
4706
3122
9320
3356
3635
6094
5368
5893
2614
5683
1029
7051
4690
6460
31
5403
3179
5386
5390
2107
1819
8890
6808
5202
5611
1632
8512
1477
1871
7600
5526
9150
6779
8106
1115
3781
4104
8435
1984
5783
5557
7659
1618
2061
7455
9044
965
8375
1209
898
15
739
9689
7682
8111
4013
7952
6909
9968
6403
3643
2715
9159
2824
5204
5468
8602
2024
4799
659
1451
5381
4820
4522
6305
2382
1649
1235
6189
5860
6803
2619
9766
96
8096
5469
8798
9561
5871
7582
555
1866
3405
5621
9884
7387
4134
3308
560
7872
21
6372
1490
7480
7678
1812
1070
2690
112
9281
3881
4127
9673
899
4945
1136
2899
8573
4120
7073
4581
4511
3534
6580
5275
7450
2583
9042
2485
226
4676
2392
7367
1540
4191
5022
1759
2126
7207
5916
8048
1689
4446
323
2929
7460
9907
9285
947
887
7143
9399
4995
4700
5840
7678
4338
3490
9487
5466
9316
1151
2632
7960
5774
7591
2840
4559
5424
2465
266
7576
6493
1488
1174
9993
1455
3681
4995
5665
5017
7625
4462
2600
1286
5527
5002
3417
5962
7250
3386
6730
5573
8875
9165
6494
8861
5301
2821
5347
8191
3393
2834
964
3167
5220
6023
9353
6746
4995
1862
2264
9660
7787
8351
9130
1988
9557
2427
2289
7453
2884
2196
3428
8466
6243
8708
3207
3238
7699
9728
4038
980
706
1231
4743
657
9317
2963
7409
2140
4279
3240
9507
1843
5802
3498
867
9235
4755
5253
9653
1914
1595
6910
1971
4277
3908
7423
9884
2603
3498
3690
4119
6126
3496
9672
5273
9987
4046
4604
5157
9302
8952
6034
920
6732
3586
4331
9300
8449
7529
1084
4845
4645
7901
2804
5814
3580
6344
8480
1255
4460
2631
9389
1456
3821
7651
6653
597
2458
4711
1665
4925
594
1170
6861
7333
8355
2090
5983
3424
4882
176
4256
1333
6441
2926
4994
6515
8740
7413
7657
5328
9553
7407
630
7532
7114
6467
3542
9923
1733
6291
16
8093
1409
7188
9391
5460
5756
3410
9600
2590
3639
5691
507
653
4047
3996
8956
753
9118
6368
5269
8803
389
7957
2293
7088
855
6304
5465
400
8558
3808
1076
7849
9764
4674
1160
925
38
8522
3685
9841
9130
380
279
937
3937
4744
8812
3368
8489
9239
2511
3669
681
6880
804
9556
7232
6549
9685
4897
1279
4267
3879
4458
6281
7119
5827
7952
7774
9553
5202
408
7301
9893
6298
361
6874
7859
690
6102
6213
7428
9882
8118
4001
9449
2070
5886
1035
3088
171
4332
5663
6494
2424
2882
4811
1007
3721
868
1913
8604
6996
6479
7629
6433
6410
7804
9079
1591
7758
7660
8684
2510
6434
7368
8876
6346
3622
3955
3265
3446
5684
244
5712
3985
2170
6465
8180
2857
5751
5682
770
276
4115
3147
2773
2688
7255
8494
7230
4774
753
764
3895
9067
4236
3459
8549
8416
2971
7284
6711
7463
5877
84
199
5264
5005
7439
8676
5922
3246
4276
187
5673
1274
389
8207
9508
6687
3360
6014
9641
2015
5818
6371
7814
8377
8082
3692
4555
3916
1832
9040
2504
9422
6554
8217
1603
9940
2919
1223
3659
9826
1114
1446
4042
923
4360
1296
9549
3085
2996
4088
6464
6434
4798
9057
4224
8618
3441
7709
9120
2643
7984
2674
1858
6701
4175
1130
2400
5133
3028
2985
6837
9810
3153
6788
7679
6256
8601
4189
8789
3990
3556
3078
1356
2552
5380
7055
6629
8336
8964
9224
6864
6739
5193
5058
1959
61
2620
5716
4722
6989
8506
4947
3625
8930
9226
572
6456
3930
8810
3114
7213
5347
7408
4247
7445
1836
8636
1171
2663
8677
5612
1245
6930
3714
3104
61
5469
8690
786
7536
6249
7631
3689
4717
4128
3575
2721
3701
9486
4957
3085
1432
7730
5728
2660
8718
3173
7020
7378
1834
8773
7024
8538
8849
8408
8339
5232
2633
207
7334
6877
3925
3092
1097
8237
8305
7106
4742
5851
8681
3687
9404
311
6066
5590
3594
5858
6281
6570
3703
1891
4669
8215
4351
2123
7373
8043
3912
6017
8575
1616
7222
8981
2618
7177
8252
9358
6465
3321
2776
459
3154
2068
4314
9455
1082
4639
3299
8479
380
8094
8306
2276
4727
678
5694
5394
6862
574
5060
1219
9058
2658
7578
7231
8390
3001
8292
1670
7466
6191
4257
2380
1075
4067
252
9641
9720
2509
1670
5428
165
4477
1693
375
7637
1112
2615
8398
1271
3214
3309
1724
8268
6759
8112
4703
1764
1917
6140
1698
7800
6136
1655
7588
7966
8269
741
4631
4010
6700
624
4347
1979
8202
4215
5589
4207
5167
2293
8090
7153
2571
113
9036
262
1365
90
6752
2056
5398
5046
4460
6438
9714
7250
9753
3477
1089
9452
6004
7483
5238
4551
7596
4410
4732
5940
7059
9535
9719
3994
8627
4453
7527
341
284
9323
1831
769
9420
9515
4806
4714
4697
5225
3390
6483
538
3190
3556
1090
1578
1935
7223
5626
5602
8328
5390
162
5566
7827
3146
7292
9492
6379
7780
7686
5685
3150
7558
6754
7248
6696
5681
3436
1643
6000
5438
667
7352
4034
5695
671
4735
1722
8438
7593
7439
1019
5508
3391
8455
6889
586
5024
1618
9769
9589
2615
3103
6129
9666
1697
1779
9971
7347
7355
1550
6638
6383
8428
3347
2928
9539
9140
1414
8611
1899
3041
4410
8602
2841
6113
9120
188
4129
7069
8985
3168
4577
6543
8083
7179
5070
5909
3647
8542
652
9823
6823
1957
8884
4057
7389
9340
4031
7723
7854
9551
3448
3616
1438
5518
8187
4975
9081
9230
2058
3942
6412
2187
7768
225
5262
8981
849
3436
2847
8678
1636
8134
7493
1954
2092
2064
6366
3704
8319
6764
7485
9410
5744
1132
3353
5159
730
8243
7565
2722
3609
2985
4988
2585
1174
6987
1829
6079
4156
8293
1465
7757
8097
5621
7107
4514
8482
9358
5273
6946
6697
4905
815
981
3192
4304
4050
2545
9953
5418
5767
7575
5059
1744
7434
9736
5852
4627
8001
579
3257
8685
8478
9370
5697
6970
5111
6113
9877
648
7055
7282
5936
1127
9710
948
2054
1832
4257
192
5705
3777
3565
8232
2138
5155
2673
3117
6156
2643
2867
6271
8849
5439
5748
4170
5170
9593
6587
7875
8425
9996
4639
8346
4342
2209
7956
9530
8884
6227
5216
3576
3142
5603
3464
6391
1293
5993
6381
9139
9432
5868
3632
683
1023
6989
1159
4474
9848
2385
9693
8040
5302
6125
7713
5406
9863
5735
2948
7411
2987
4618
1369
5250
7783
5667
1699
8986
5605
9531
5364
6708
3419
5081
4170
3348
1503
3238
7407
216
649
1230
9114
3194
5244
5678
729
7731
2741
9071
7333
1704
7558
5959
813
1089
7437
2531
7168
4616
4391
2262
9758
1245
7811
8876
286
9924
5797
9267
2803
5786
7075
1761
9827
189
358
1610
3218
1759
6397
8977
2651
8687
9731
5252
959
5699
4464
6045
8043
8409
2480
7122
9370
4802
5437
3861
8481
4995
1035
7449
1204
9555
4754
7542
9872
481
414
7476
4453
7130
6992
2846
938
1818
9047
9763
4174
5914
7804
7035
9988
7995
400
6901
3158
7690
2494
2079
3685
9267
4883
1205
7786
6796
6387
3327
9105
4861
8939
2496
1591
8454
2179
3123
467
9219
7784
9788
8287
1415
5966
8726
2464
5767
7768
6210
7785
3836
8490
8050
1730
8031
7556
5323
7319
5314
5949
4184
1843
6738
9898
5624
3822
4157
545
7488
5368
9044
300
8803
6840
86
4901
6103
1655
6922
7073
7563
8654
809
8126
5357
4278
1461
1169
226
9754
5605
5742
7132
3566
6169
7840
7048
7203
611
152
8545
6953
2511
2202
532
6045
2883
8536
2889
8914
9624
5235
3981
8416
326
4038
2181
1598
4890
7787
5457
7219
6413
9559
9396
2592
1486
3856
6385
1922
1972
6251
3989
1706
6365
8276
7818
5867
1493
1431
9441
5734
6919
2104
4532
4869
2777
2917
6185
8857
246
4042
1543
1389
3073
7676
7728
4156
3280
1301
9541
6337
9978
5818
3390
3765
4712
9961
602
5427
6005
7929
7947
3492
8769
1418
2899
8306
8872
3378
1127
9369
1602
3404
4032
1990
8085
9846
2114
4234
2757
4338
8112
4813
5612
4300
4739
1268
5042
1225
3832
5598
3523
4922
832
1166
8257
8796
5168
3812
9167
4878
8573
3549
4898
8327
4343
6395
3093
4816
6512
5522
5125
4413
2611
7096
2005
3376
8962
1041
6276
1358
6695
3797
7916
8438
2110
2663
876
8880
9253
1968
9916
2498
7007
588
7884
7044
5559
3050
736
6228
954
9110
8647
3527
4785
4277
9809
1139
1781
1431
8725
4462
6455
849
1746
7134
1623
5574
1939
5946
4268
8246
9411
5280
1325
4475
8541
4194
7777
8581
5926
1815
2583
2356
3656
2902
7201
9423
877
8004
3659
4858
4417
7751
2187
5123
9895
4573
5587
4573
7160
7122
9170
7128
3421
3125
3894
3854
7883
2667
632
3857
8657
7851
3431
4318
6391
1229
9354
8947
1817
4580
8444
4449
2232
5046
2582
6005
3176
5822
1846
3525
1403
5132
7135
3383
1117
8629
618
2037
940
7186
2185
402
6643
4987
6436
4300
2050
7535
373
8793
3887
6661
8743
9358
6971
5283
2146
8379
7404
5770
1331
9482
9070
6754
1943
4754
9728
1034
1668
1942
8031
6411
8593
8151
4660
7775
2816
6225
6247
3586
3936
939
3706
5448
4698
4244
8351
1285
4984
7085
5608
3679
6516
9690
9885
6855
4097
2003
9469
4743
1686
5483
1446
6693
7955
8287
2993
3441
393
6370
3717
7465
9982
1336
6859
6811
549
3
3383
3032
8996
1581
2433
5813
6142
2478
1663
9892
6984
2719
9938
1607
2697
2296
8999
3441
9713
7281
9702
6166
7077
5647
9323
9284
7143
9267
1346
9273
8866
6262
3568
1457
7030
6620
2743
1870
7149
9304
8146
8885
6775
1308
7547
8613
4112
9303
5822
5060
1903
3167
8598
5133
2520
3337
639
2947
1632
665
9683
9245
3035
8886
603
6013
9462
9235
1328
4382
2353
2041
2119
9814
1359
519
2654
7992
834
6468
4395
5494
1159
3879
9121
1277
9107
874
8752
5581
1374
4916
9287
5537
3432
9374
4230
3233
7406
2569
2203
3842
8147
7124
7434
2244
743
9455
2116
3102
6558
6890
7366
3460
9983
6200
135
2856
4026
115
6882
1880
9639
4831
5856
5439
8703
4158
1608
7277
3832
7674
8819
8671
9971
9758
7596
6313
7922
735
2089
2800
1814
3724
2684
4343
1981
2331
6834
6896
9430
6952
2148
788
4575
9097
7693
5206
8990
5131
6258
8951
6078
2607
1920
7286
9365
559
6389
429
1723
9590
5790
6540
7982
7854
5087
2747
1010
9094
9394
280
9223
5226
6453
6434
2250
2374
3193
5479
5573
1702
3917
9441
37
3859
5489
5641
9555
67
4099
3726
834
7592
6493
5576
1129
8575
8338
8992
4449
7583
881
2427
1504
5340
6544
7322
8519
5731
7222
6982
2459
8712
9856
8711
2805
6102
8184
879
9842
4463
6997
7345
4923
5881
9900
6579
1645
9279
8978
6182
7925
2056
7278
2993
2730
7758
5721
1838
5209
6027
6401
9611
1890
7091
5962
4029
9040
4208
3657
1106
5745
6252
9930
5292
2787
773
9279
266
7955
9858
5625
6387
9622
2507
2372
4829
1751
1724
853
1817
6609
4184
9390
3893
5082
7714
7548
1888
756
7056
4768
3958
4160
4235
1021
1285
7244
894
3536
1073
1988
1286
4760
6881
2414
9234
8244
5418
3590
4867
5143
3982
5895
3398
2340
596
4323
1563
4574
9744
5862
9130
5421
546
3807
8944
235
7701
6214
1601
770
700
1311
2431
9272
4405
5032
207
7313
8443
8637
5589
1743
3170
6579
7876
6420
3446
7579
9057
661
2423
2350
4260
1168
6337
7027
4999
9140
3598
8935
5276
2593
3478
277
8816
7167
9732
9381
2922
4371
3274
7546
6212
3029
1499
8429
9231
7693
8560
9611
6244
5701
6575
2604
8134
3574
6576
8189
9426
3396
202
5669
4058
9286
300
5566
1606
8091
7324
1343
3415
3008
5734
9669
7159
4021
2040
2555
2736
6539
4108
3240
8406
3670
168
7833
938
4679
3300
7493
4743
12
2441
5704
3988
1629
7781
5950
2312
9577
6829
731
4095
6358
5681
3878
5095
4667
2024
3044
2663
7079
576
7785
4262
9599
4324
8669
5337
1735
2442
1071
5468
935
7561
6840
9079
6951
3899
6251
3609
7683
1988
7825
7626
889
2367
1223
3811
7427
2193
3746
130
3898
4052
322
5679
2637
109
4183
8500
9727
5987
5895
8052
4458
2124
4903
2557
7170
4410
5910
4849
1216
6056
2037
6082
4886
6663
2346
9618
7500
3338
1435
3163
1887
1352
5895
5448
6719
7664
6060
1900
7233
6250
9612
7151
8571
3391
3259
3752
199
2046
8712
7919
410
186
1017
5299
6395
6978
6450
6422
8828
9410
9694
2262
7885
6696
8546
9304
4451
5087
7185
9960
4259
9128
7902
4771
8087
7746
2781
502
9212
7570
2419
8747
3134
2947
8222
66
5565
6606
4047
4793
9638
1529
5558
8586
9848
8458
7411
4799
2258
4311
8725
8668
4835
9622
7955
4564
5933
6263
1823
6939
7411
6437
6343
5820
9215
3487
3534
2462
3628
9668
6217
8404
9155
6375
1942
8213
1155
4746
6521
9756
3811
5590
7918
9518
7944
7696
2961
5804
6494
8032
3601
6319
2844
2114
8876
9576
8788
76
1763
9725
9589
7064
1800
7702
1119
2605
1122
6794
2582
683
1316
9501
8012
9152
9886
4396
6973
5643
7840
8864
2448
79
954
2983
4744
3120
7058
5785
9838
66
2932
6928
8970
9481
6749
6651
7977
7370
1514
8020
29
3384
4807
6509
7308
3669
451
980
9072
8027
611
3508
491
4635
9858
615
3594
4506
678
7286
271
238
2768
2497
1705
5295
9970
8300
1954
6754
4674
1834
2370
1324
3153
4221
849
642
1822
7787
5749
5596
6649
1290
9133
4589
3746
8484
4632
7294
9828
9352
5440
8747
2353
7447
95
1766
2544
3459
3239
6602
4136
1018
3701
9486
6650
8
3042
3709
122
3940
7318
7321
6535
6821
4584
4576
5067
93
7180
8136
4864
8509
9696
8643
9619
2674
3455
8050
9373
4348
2127
2954
1976
9723
6599
8080
8956
6583
5123
1604
532
9901
6189
5588
124
6623
4484
4981
8908
770
7772
8789
8045
9943
2636
1930
9490
1406
5743
7327
2794
8444
5869
2048
1632
5146
3763
7941
7467
7951
408
1251
3185
9365
931
8010
1752
7750
6011
8829
9031
4390
4633
6625
2059
3391
7468
8027
4422
5240
9229
6726
9793
3258
7831
8811
3311
848
1900
4589
722
955
7649
3376
813
6880
3290
932
6193
314
3297
6021
5852
2437
2846
6664
8792
4596
8424
9815
4079
8416
9449
6370
3519
9970
6256
2884
477
9433
9864
191
3297
9709
4548
672
941
5226
6925
5506
240
9017
4575
2515
8819
119
1761
8081
1028
7848
9622
3720
3130
8453
237
2089
6710
3796
9032
1959
9819
7934
4945
6403
1310
999
2917
8949
9262
940
1907
7845
4345
6841
2118
7048
5725
8542
692
4930
6866
1174
4755
2459
2599
9539
1411
9430
5419
6983
5617
1024
2634
9145
8692
3025
6450
1983
5619
3037
431
7371
2119
4072
6704
473
152
375
134
2486
2450
815
5993
4596
5706
5383
2686
1169
236
7925
890
5392
9549
7393
9130
395
6477
2422
9483
4417
4995
4337
2951
7110
2533
1163
6742
3907
6536
8823
2588
2346
2773
103
4841
4152
2059
4135
4975
945
6313
1613
7088
7036
6125
2750
8117
7390
8772
8843
5732
8663
9976
6903
4445
4018
929
2686
151
7239
2490
9171
3793
5530
7822
4285
8667
5587
9830
6425
4669
8397
5911
8547
6809
6953
1816
1532
2092
1713
6268
283
2584
9785
7757
7160
3391
5001
4361
9750
4877
9404
9053
2938
1813
7317
4469
4069
2190
7961
696
8853
3124
7655
2588
9876
4376
3093
1195
8272
1045
1581
1431
726
1262
2483
5796
7893
8838
2868
2627
9697
8360
3074
689
5612
7638
9103
2818
8645
9191
5249
238
2457
8718
4652
2299
4369
8424
9353
1700
9432
2331
9996
6973
5762
7093
5129
4085
3817
7227
6872
611
1144
606
6582
9286
1290
9468
5138
88
5898
5785
15
9259
4326
3980
6624
8461
9626
7255
465
3263
1650
6071
8919
1868
7774
688
3151
5159
1432
8856
954
1818
1306
5256
9649
4811
7482
9062
358
242
365
8823
6919
8212
5624
4769
395
3601
1427
6760
4024
5495
9610
4606
1308
4812
6102
8373
7343
2433
7026
5442
9276
1364
1711
5514
8483
7823
7921
7898
8223
6387
9142
4287
6070
5791
9580
2409
8330
4658
5556
3866
6128
4008
6672
2493
1246
4900
383
6503
2116
3368
9257
8536
8227
5188
4369
8952
3275
1740
7901
500
135
4853
963
9186
3154
6379
1817
208
5554
3121
8995
8120
6452
9839
8704
458
3175
9120
3194
3703
4675
5860
4920
281
3481
1532
6123
5687
4272
7245
7177
3255
4044
3154
1889
4394
4920
486
1220
6391
6571
7702
4220
3247
4138
1137
122
713
5501
730
8124
8954
6961
8314
5373
6423
4059
6911
9772
6428
8311
9927
5441
7485
3369
6315
9743
1153
8940
810
7935
6102
1930
1341
3082
841
6331
2003
7359
5058
1476
9110
4907
6359
3733
1175
2878
3248
2095
7027
9612
2179
8835
2541
4705
4849
8364
9691
3352
5257
5483
8883
4086
7527
2784
1787
8972
8321
369
8761
9261
8618
2486
4131
3753
3480
3890
6394
9183
9304
8815
998
9703
6188
7050
3375
4430
9540
7006
1606
2811
1877
9763
6208
5459
6118
2610
8094
3220
6981
7869
6342
1355
2076
15
8054
1285
9157
4645
4004
1924
4292
3719
5112
6101
3486
8408
810
6934
5319
5792
3713
6466
3816
6495
1343
3461
5422
6477
4192
9961
1884
2209
2058
9323
394
5443
4172
1877
4399
1176
5917
5297
5917
7321
7813
8384
3989
3405
4258
1433
6968
4114
2768
1173
4088
266
8757
470
7447
9137
3467
9386
4181
1586
4714
2983
1388
8760
5875
8668
8373
9919
1148
1834
3583
2380
2478
270
1823
5026
1934
9935
7793
3323
5955
7956
7098
7380
4955
1105
1276
9980
6875
5672
3791
3873
9774
7168
7297
1692
6923
9837
4923
9865
8270
7448
6132
9050
1549
6254
9121
3003
744
7104
5949
3540
9083
887
1963
6285
9394
4463
2009
2036
997
6985
1467
9059
7186
2225
3559
3197
1695
6868
4893
1270
150
8964
2362
6026
430
626
6814
5330
7485
5315
7963
1149
7666
7120
2880
747
4319
7553
1241
574
7090
8719
6075
4672
9225
8337
4136
230
7268
8491
4025
4931
6850
4325
8168
6239
2048
4245
1769
5380
360
258
1132
6416
5916
6005
3305
5618
190
5817
1086
9477
4628
5846
6265
8858
7472
1507
6039
3829
5470
4127
8839
3244
9330
9503
1140
7559
5234
608
3945
3011
2891
6866
820
6688
8663
3881
6617
9654
4092
2802
5966
7883
5886
4962
73
647
6749
5975
8493
3383
144
8853
5426
3589
5451
3333
2617
2635
5551
6647
4939
4553
4677
7658
8434
6093
3906
1295
2046
1807
9168
8080
656
4729
7474
9145
1904
1905
4852
5666
3518
3933
1451
3214
707
1679
3872
94
9574
6267
6561
1254
6190
9954
8986
1950
7903
7908
1308
5392
7149
8852
825
913
2429
2330
1741
8670
997
2932
3239
9569
7219
3262
6831
6288
9675
6852
4568
4182
6137
1512
574
5852
8937
5404
6523
189
6778
8534
1869
1233
7294
9760
9957
2618
786
9677
8797
4812
2979
8487
316
7779
7211
3822
4243
8933
7518
2805
3886
3082
7448
8049
5074
6313
9363
6054
9345
8400
5163
7430
2849
8690
6401
2399
3097
715
901
8909
9808
9082
886
9956
739
5544
9306
9971
2794
8798
8203
9239
5475
1396
7138
6003
9334
5168
7461
5585
4538
8789
4213
5446
1670
8458
5092
6109
5239
3328
3613
8473
725
7381
6155
7539
5527
1009
5836
3057
5491
6472
3935
1942
9669
3023
6220
2943
9338
7770
5328
424
4144
5026
3978
9830
243
2552
4203
8855
5517
7504
1558
513
1080
7606
5899
4439
5186
1932
2111
3514
5866
2214
3716
592
5722
3643
2486
3548
6633
1794
2451
6079
4359
8491
6024
507
2403
5829
5140
6919
7890
1384
9488
2110
8040
4182
1274
5457
3131
674
429
6144
5030
3073
8472
9743
596
1489
3053
7708
7329
6271
7726
179
8161
6580
6680
8020
8786
6219
121
6201
3811
2051
7543
6012
6477
4514
1976
1071
9163
2876
3787
2977
3363
2570
2045
6047
6675
2195
9999
6164
1315
8089
5108
292
6689
5157
3217
5419
1997
89
6781
4721
6169
6344
7252
6383
1171
6618
7393
869
8723
6871
7960
2810
4741
3951
5891
9254
2811
2717
1188
8088
9516
9413
1150
7651
7397
3716
4870
8849
2218
5657
4467
4951
6640
132
2124
3704
1438
3602
6046
8239
5659
9521
724
1287
3726
3412
9920
1839
48
5145
7123
5979
4415
6604
893
7480
3221
2458
2543
3505
1949
4021
1808
5674
5394
895
3615
4310
9333
6256
603
9314
179
8271
5679
8218
5665
9982
1593
7297
9532
6825
6909
2795
5434
9544
3741
1206
3034
5671
8341
876
9626
2298
9469
5758
7157
389
926
4725
5512
8579
8849
3298
5840
169
2387
456
649
2714
1320
3368
1346
6790
4810
1964
7069
6534
4164
6986
281
6533
5519
6627
3382
7007
1610
2035
5134
2255
171
3010
7586
8590
2115
788
619
2065
5415
9971
6561
5460
1407
8378
1583
9390
1552
855
7550
4688
1837
3914
5685
8126
7567
1436
5230
6019
384
6492
7437
5159
1046
9820
6039
3645
918
2038
8634
3697
5546
1946
4651
9942
5955
4482
1796
5365
9256
8188
4818
4549
6754
1188
8816
1220
3976
2537
6139
6923
2306
3852
8227
7402
9921
28
5755
442
2423
2233
2892
7165
1427
9050
8401
4335
3756
2272
1944
1507
2831
9276
21
6261
381
3866
3957
6169
9697
1731
3481
6335
4078
7319
8180
2084
6680
1561
5846
9072
4102
8854
234
853
3569
827
6472
6379
6882
9960
5039
1803
9295
4614
1303
2966
2934
6366
7437
9874
9079
4722
6889
985
1868
6055
249
5606
1319
7814
2391
5106
8673
160
6366
6432
5786
767
4190
1556
3656
2989
647
3523
668
5983
7431
3995
4621
688
2756
4552
5459
5600
2207
4753
4608
1142
2040
9975
9721
1823
39
9489
8285
7430
6819
6263
8236
8635
3742
6734
6586
3484
2538
9495
3247
2200
2314
2587
5780
6193
495
4126
3866
4247
2097
9530
2211
2610
2948
3193
4262
9300
8945
2061
9599
8491
1841
8382
557
8830
2846
5368
6606
8865
6950
516
654
3129
3626
5032
8376
2635
1633
3860
5809
1244
4334
1910
3940
5504
8039
4650
6348
1176
9737
1211
4184
3615
7759
2075
4166
1857
6158
4348
5985
9264
9884
7776
7324
5926
3022
3475
4775
6211
5638
1663
173
5475
5534
919
8096
50
4278
2559
1899
7314
7509
5998
5025
8920
7615
6558
5684
3216
3186
6828
3680
254
8104
3929
1671
6648
9326
9237
5756
3100
5528
3680
2797
6504
8387
1280
2890
8219
2461
3406
2289
7893
73
8481
8701
2112
4986
5423
7119
1905
5328
6597
5855
3147
6302
5633
4535
5455
4009
5110
2449
1389
6532
7283
2854
8907
5871
6430
7299
466
7451
3100
2682
2070
2768
7287
8825
2669
1351
4104
883
3238
6075
3958
3217
7284
3129
2321
4619
8159
9823
4437
3355
8380
7927
857
2109
3534
7473
2164
4852
1899
7252
4915
7450
9581
1512
3272
1658
8562
3631
3296
7209
9988
6185
5362
5059
4271
5633
6964
911
4841
4736
8723
3950
3175
4203
1358
5266
9254
3443
3377
5786
9583
9680
1092
2915
1261
8566
7882
4806
1417
885
6408
7810
1876
7191
6457
2821
7039
5445
2251
6236
4156
3108
303
8630
2121
592
2215
7227
2459
199
4244
1016
1219
8379
9671
1683
1531
9619
171
8942
9155
2985
1246
6661
8512
2016
1364
7248
2087
9353
776
7022
6907
1911
3213
3623
8022
2646
3599
7631
9761
240
5272
6848
4023
563
2380
6529
5146
4839
4659
9205
5841
4245
3161
8326
4272
7286
433
1323
7311
6923
8845
7594
26
3234
130
1559
9133
9127
2613
1422
3148
5058
9956
6838
6578
9432
2721
4653
5880
3431
6698
665
9085
1632
8345
2814
38
4198
5554
3779
6144
5303
127
3127
2477
8214
698
2728
9229
4464
3282
1536
4517
2413
6687
7044
1862
4103
5303
2811
5369
1934
7362
8621
1082
8994
9111
793
4178
4527
6071
6655
9455
5332
9192
5
3233
39
2335
3365
5340
1179
463
6139
9682
3508
436
3549
974
7096
6688
2943
4446
9168
4794
8017
7962
8419
2830
8944
6398
5353
737
2912
3704
8985
1605
6745
5948
5411
4418
1362
8016
5725
4522
4030
6204
6466
8587
4088
5972
7582
2400
364
7955
2433
7946
8185
2753
7575
4169
4202
5886
4326
567
5283
6820
4134
3180
7422
3671
8287
5906
1161
6733
3485
5871
2319
1510
4412
3813
7171
5832
9865
3819
6609
9168
1691
1414
7279
9084
2631
4149
45
9474
3482
2472
5766
4044
4580
7466
5348
4689
7488
8953
2096
2239
8698
9832
816
6684
6753
2879
9463
686
7529
8926
8662
6045
6968
4384
8056
7448
6517
1541
4022
3108
195
6058
192
3220
6048
6979
8746
8406
3741
7637
4250
9126
7639
6120
8458
9275
9771
1288
4012
6048
9809
4313
7190
2223
7027
5934
1034
9463
798
7764
5591
4880
1559
8445
6486
3749
9923
9866
8191
8671
8736
4312
9558
803
9848
6262
5052
2059
3561
9214
2034
4779
709
2145
3050
1696
728
1515
8411
8502
2619
845
2993
3412
8852
8130
7583
9439
725
6802
1596
3287
5089
2681
8852
9365
2914
4688
6180
7391
2122
2838
8368
6630
2510
8742
4544
6956
69
8462
2360
7440
6748
149
4088
1454
5760
9086
1047
131
5937
6106
5457
6681
9601
2489
7318
1304
790
7750
7268
584
1931
5722
2387
6945
3239
2065
5499
2535
180
4636
2220
6178
2017
4149
1868
5399
1753
7414
6815
8058
9465
9333
4818
6101
4364
7696
8746
151
3593
4067
6595
9630
5178
9300
9753
7443
2731
6708
4979
6951
3547
6274
356
8588
8619
2926
9320
8057
5030
4185
8433
9128
1205
9152
5737
7154
1343
2316
8095
3515
7204
85
7862
7736
7070
8356
4066
6716
1805
360
2069
2333
4458
170
3137
9285
1748
5852
4764
4843
626
1725
1228
4000
5783
1128
8547
9918
2156
1148
234
4865
8901
5522
7213
8214
9217
9850
6523
6755
9555
4064
4028
4591
3823
7452
4332
9367
5789
3116
1780
6191
5750
4031
6581
4928
6465
6942
319
3462
6731
3264
6287
335
1727
1142
4655
5547
7551
5845
8684
3287
9087
3735
5751
2066
3470
2950
6889
6387
3988
1597
323
9762
1308
8849
892
8909
1833
5243
7400
962
2784
6045
4276
9574
851
7124
2896
6
1378
4984
7396
3080
9335
3457
1780
1085
8980
5245
6221
502
9438
6864
8379
4064
247
729
5032
6314
7872
6070
9683
870
7430
9021
6172
1742
2493
1707
1080
2048
8891
1655
775
711
414
7703
7289
9151
2411
1764
8718
4161
7213
8811
4743
7186
9129
9584
2938
6913
7138
3944
364
7403
7765
2233
2184
8640
5475
3356
5152
8142
8615
7308
5839
8004
4537
7954
442
228
7511
6831
6135
2217
9906
8294
8906
7489
5741
1679
8211
6337
5947
7820
4095
2629
2094
6308
9353
4353
3118
7063
5945
2407
6531
2780
7253
1793
5623
2123
3079
804
7208
4588
8730
7067
7979
4477
7221
6235
7000
6320
2595
3359
1330
493
894
1029
4105
8546
550
2619
3953
1250
5126
7354
3249
8137
5892
3786
1331
5074
9498
3525
115
2914
930
1122
2667
574
9824
7006
5412
6674
2013
1051
4363
1854
2780
3690
6234
7566
7001
3098
885
7291
1120
2682
2224
7777
3766
9960
8783
6309
8154
5553
3231
1978
2745
7100
4089
318
4240
3451
200
2143
2406
3340
697
1371
4269
110
7234
2438
3457
2926
9280
5343
1035
4863
5410
4121
1088
4404
2871
1404
3572
3226
7532
4215
9189
8660
805
8488
1622
2398
9797
8231
889
1501
3348
5580
9531
8758
8229
3605
4904
7818
964
8790
1962
5012
2341
2940
2435
3540
7407
1643
4754
9203
9860
1223
7657
4565
1286
3848
636
6455
9417
7981
5036
8108
623
8726
7039
1820
6506
6888
6974
118
7643
1312
6708
9525
7253
6981
1587
2318
6515
6901
9588
544
6693
3099
5898
2834
5951
2224
8204
7259
8327
4749
8277
8764
4170
604
1546
8932
2432
3065
8095
1665
2479
8837
1979
3991
3234
312
7217
9264
8305
6684
3224
7736
8080
8099
4603
5167
1768
8169
983
4068
2862
7373
5844
7297
9837
1476
1950
3738
531
989
7317
3742
871
4903
967
5866
8141
3240
5112
5901
3104
3746
2125
2231
6839
2380
7280
3294
6515
2388
6760
9019
2762
3984
5884
4281
965
8724
8211
73
2980
8271
6802
3311
4765
6357
4666
1807
1014
2602
2063
6559
9293
3806
1716
219
9278
9966
8994
2499
7266
1509
9213
3930
1779
4795
1024
8203
3453
688
9914
2063
8449
3995
602
5675
1005
1363
9904
4380
8907
6558
327
4467
5213
7997
570
3299
5971
5283
421
127
5809
6256
9174
7501
3948
2811
6206
7591
3113
933
3100
7922
2448
5792
9527
8418
50
2555
8675
297
3044
789
6624
3324
7500
6990
3289
8423
8435
1268
7993
8134
3357
4978
8607
8099
161
59
7356
8324
7057
1880
9950
4653
6464
7522
7267
8459
460
3226
8032
2415
5200
5449
3371
2353
7840
3370
7306
963
4018
5539
6352
7413
9022
4097
5620
5680
2729
2290
6311
3243
1457
8357
5938
334
4143
5252
3383
403
751
394
311
3047
7668
8089
1130
3052
8378
2186
9540
8485
1564
9546
9773
9866
3216
9236
4201
1736
135
6553
5811
1529
7597
3583
1061
1557
7056
6240
5649
9426
7906
4689
4969
8780
2143
4942
2016
6087
7896
7595
3935
5148
8333
4736
3133
6367
3673
712
6190
1456
8197
7897
7137
9466
6340
8076
4804
6612
8124
9336
7835
7826
5511
7278
4907
1734
4864
275
5114
5853
5047
3664
6250
1544
4750
2140
3190
5670
3541
3902
849
4668
3141
8981
5278
2243
4316
6087
9914
2864
2106
5267
7757
1388
1670
3660
3701
3716
5340
7456
7274
3791
9445
6228
6020
6148
6805
6719
6115
1586
1765
726
9364
2618
9893
8769
3781
6742
2981
6792
6746
237
1668
3536
8974
9014
267
945
9926
9789
1484
6336
4765
2981
3417
4778
7698
2924
6341
6078
6998
4112
2787
3451
6177
9530
184
9671
1760
9161
3354
84
3221
2838
616
1777
1523
5806
3138
6822
7057
1562
3256
3515
2384
8061
8454
6487
2818
1710
3715
1299
7959
2638
9013
5335
7656
2675
8560
3020
654
3086
1373
2781
7942
8197
3048
4065
7477
5654
7587
7072
2842
8531
8974
6845
9238
848
9452
2109
7785
9250
4696
9506
2899
402
3119
4468
5467
4693
2475
6926
288
5177
1859
7076
2870
3170
234
3395
2436
5999
4997
4642
9543
7108
9634
2439
6892
7687
4920
6525
8883
3015
5714
6448
3280
9204
9907
4588
6464
8974
179
3367
5670
870
8420
1144
9549
5418
6178
2560
6717
1553
3160
7187
931
2887
7604
6151
559
6610
5995
7603
8995
7121
5749
3989
1389
8428
5591
8746
1734
3348
1430
7455
148
2961
3342
7335
5587
8284
2288
7430
6690
98
9528
9531
7821
3719
5321
8095
2101
5335
1893
8291
2602
4409
7630
3961
8538
7673
2354
3610
7266
9150
8514
3253
895
8156
9526
2054
4415
8117
4280
9581
6102
5907
4266
7438
155
9710
2964
8239
2399
3855
914
4026
6035
9951
6380
720
9307
8684
9459
8898
9877
3824
3269
4624
8676
4269
6087
2130
9473
6007
9718
2648
2234
5776
8412
6899
3015
243
714
9931
8314
2707
5562
105
2950
3674
4172
1867
3643
3705
7440
7093
8892
4922
2578
6680
3274
9200
6229
3429
788
979
1766
3474
8589
5519
1336
255
8771
2815
9613
6175
1172
159
434
5598
6556
2921
7194
1390
171
6857
427
2698
8607
9399
4352
4672
528
6308
801
9973
6440
7511
7074
2529
6660
2910
677
4376
6188
1927
2296
1905
9507
196
5841
4827
366
3842
4223
989
9014
1888
4304
5590
6694
7603
3151
2032
9424
4818
1408
5906
123
4647
1415
3085
3768
9163
6911
8947
2039
8538
6532
2358
3500
4372
369
3702
1512
9138
6090
8173
5614
5255
1354
8521
3100
8240
2961
2932
6386
7660
4975
1066
9560
3678
4322
8325
8777
6785
492
836
9550
6583
909
3999
6908
3101
7494
9483
408
2034
5826
9773
7103
3134
1183
3154
4024
4994
1063
5314
5003
3276
6799
2961
527
4919
7539
8974
9104
991
1630
9594
7622
6387
5275
9962
625
5644
6033
580
1876
2279
8830
2969
2652
6122
1338
8111
2716
6009
5624
4357
8478
5977
5718
3282
3043
6812
8954
8674
1380
6787
3774
4705
4739
5930
2470
5553
2651
1715
7906
3995
5423
2746
3946
2228
9016
1171
5344
6574
5227
9209
1749
502
8972
9071
3018
4911
4173
4223
288
8712
4112
4128
6876
4025
3375
8969
7986
6874
6741
1079
9927
9270
5322
7924
1865
8936
2149
1196
8118
8235
790
2184
8788
2060
1697
6442
4312
799
3354
5825
1140
3142
156
3952
2857
3980
5662
8074
2726
5562
4583
430
3059
30
1639
5723
3641
7819
1534
5077
117
9330
2512
5604
6199
9650
4540
3385
8273
3365
6023
1187
3108
4606
5763
5838
9805
8250
7034
9073
8705
4775
8304
2157
957
5088
6352
8153
2567
698
9109
4121
106
3106
1755
2376
6948
1516
1403
440
8418
2529
2377
5550
9245
4093
5854
8836
4651
6413
9630
8804
8327
1136
5781
9510
209
6690
8022
1734
7619
3657
304
3733
4381
7650
1655
83
8765
326
9666
2990
9582
5792
295
6013
8155
9985
527
9450
6586
8053
3262
1363
805
1101
7130
3773
7492
5900
2212
1106
7434
1317
1451
3471
3719
4046
3576
5510
3093
2307
1794
1865
6514
853
5363
8732
5909
1692
3544
4531
6908
3271
8125
1600
2196
5300
8141
1446
7711
1001
8051
5323
9664
6390
4293
8098
3432
3074
6522
6353
5444
4394
5383
6163
2592
8618
9261
3222
5748
4303
6912
4861
7788
2634
3240
5730
2342
5361
4778
9556
1530
371
2166
6776
8973
5835
3569
3100
7573
4141
1730
2292
6269
4310
5202
3661
3428
4372
96
7956
1551
5169
5918
4749
3464
7203
1691
9463
3625
7621
8779
2733
5715
388
5562
5410
9061
736
340
5980
416
8687
9744
3567
406
4867
1208
3818
4077
7596
6154
9611
7868
2499
9323
8437
7139
1263
267
97
9967
1132
162
6393
4330
2875
1504
7608
4443
6367
6569
4317
2981
6245
6229
8992
9499
1210
3876
9540
861
4238
8611
5264
8206
4096
1944
727
3468
4673
1353
1765
9935
2832
3499
2640
4476
2979
6057
1949
1263
1768
5368
2714
8089
1348
4301
797
386
2842
980
2740
3941
6573
5698
9316
6006
6294
4101
2654
5715
8033
9269
9151
497
9212
5466
946
4824
8596
317
4749
7175
6042
7661
4042
9177
2156
5858
6432
5382
234
1034
6415
974
103
2880
2652
9006
4961
5108
8465
535
6390
4709
5348
9059
831
6667
8174
7343
3081
3620
3980
9761
6882
1659
4643
1588
4406
2999
8310
4424
2134
790
1195
2488
2323
7090
376
9338
892
76
4020
8233
8638
1247
2845
2915
3685
4403
7284
3350
8996
4797
738
7968
7059
2557
5827
9172
8422
3378
9120
307
7211
6938
3935
6057
423
9076
6801
9075
3688
734
8626
3131
6366
4688
4834
8653
7904
793
9430
3886
4681
6833
1207
5882
6302
9606
8257
4825
876
6844
4991
451
2086
6187
8395
7773
5659
7922
3863
2302
9456
8104
7204
1775
1316
3414
7035
6963
2434
902
7954
7887
145
1626
4383
3574
8605
8262
8924
7365
5146
9052
1411
5107
9372
8610
6223
1757
1764
1733
5988
8870
1900
6163
4884
2145
7709
7543
9924
3078
2471
9915
9562
5789
8514
2057
8486
5782
8934
1239
2919
3920
4378
1279
279
5917
9610
709
1784
7709
5999
9625
9036
950
2727
8708
9514
4463
5068
8720
8319
9532
6458
3236
7278
9801
3318
4443
1728
3010
7340
8629
1634
1856
7195
284
3419
8096
9364
4757
7881
3094
3798
3218
1353
7334
340
8916
2869
5310
8860
433
958
5444
711
8302
1596
4196
9733
5298
7592
9305
302
1519
8803
406
488
170
568
5473
3612
3369
7365
3815
7999
7324
4063
7373
1976
5573
9884
4981
3613
3611
8787
2781
4644
4683
8767
1448
4157
6812
9709
8244
1433
7906
1471
3913
2758
7377
2905
6177
9869
5954
696
5938
8674
7286
2720
3096
5138
6341
6513
5530
8969
2521
9404
4584
1843
129
3604
4788
6926
6557
7424
7453
8808
9971
5496
8851
7080
3595
8206
6429
4244
2438
6816
8859
1205
8181
4950
1012
5790
2844
631
3817
43
9468
2744
1756
7809
505
9532
2335
6856
9764
9212
2348
5895
6291
6682
2113
1636
1649
3006
5095
6150
3620
7683
2664
5126
4741
618
4406
9015
4980
3311
2579
4432
4195
7699
1189
5309
3693
8488
6809
138
805
7334
385
501
7573
7781
5282
2090
4789
7081
3396
6067
9549
364
8124
2520
9106
1756
447
4266
9695
6645
3981
3787
6322
555
1713
2637
6304
2068
8969
2191
4028
8356
6694
5183
5183
7733
2943
8651
3378
9992
7560
538
295
4379
8000
8729
7793
8168
4920
8334
3250
5709
2627
3209
397
5636
3152
3867
5133
7923
3294
3633
9180
1054
3436
5460
5124
4268
3184
3248
9805
2941
5143
3664
2553
1287
9283
5741
191
2181
7178
1252
5984
9149
5404
2010
2282
2925
6696
3585
5251
3732
3341
8405
3301
3116
8338
1432
8034
7147
9484
7428
7867
4352
3259
9085
6191
4488
8644
1490
9870
5251
1272
8588
9541
9797
797
1463
2308
6648
7979
6936
5716
1802
9603
6341
295
8904
9264
1479
9296
1681
439
4374
4621
366
9003
1264
3704
3929
6544
2511
4297
8235
2072
5831
1372
1150
2353
1057
6312
5187
2277
1114
3561
5590
1455
4784
2107
8966
4221
7754
1620
1059
2145
5493
8759
8247
6452
8367
6747
1929
8861
7632
8149
6262
767
3865
3400
6771
6318
5498
6468
3026
1812
659
999
3737
5879
3742
1168
7184
8052
2960
1228
7761
2321
5710
8670
3734
755
5813
8506
5135
5043
6953
4713
7282
5064
9794
9258
610
5078
471
3724
2584
7038
8979
4309
5639
5529
9433
4257
4571
3406
3819
343
9664
599
9639
9196
7208
4314
6534
4732
6619
5693
3908
8166
5359
3956
961
1893
5519
4539
143
3479
1030
4866
6253
6596
3557
529
559
2560
3879
3839
7417
3155
9245
4716
3376
9608
8672
9222
6357
6013
6652
6833
8352
4118
6761
8608
931
8922
6112
1040
8557
8892
1509
9072
2102
7808
6648
8890
9143
6193
6490
7825
3456
4132
998
5891
7009
6309
2960
7986
3904
6893
3712
6735
7523
4455
9044
4515
2133
9924
1624
2371
215
9706
397
2477
9732
1236
8547
8580
6848
5082
2604
2788
2836
1901
658
5545
3726
7065
3384
9887
8974
7973
9616
2130
9593
5662
3455
9821
7476
2238
6327
1788
4684
4977
6304
8161
290
8482
9072
8669
856
4363
7769
6296
7894
3149
7587
4244
3854
6954
9697
9880
2894
9582
8237
4911
4862
8000
2867
8388
997
3423
1189
2477
5085
9415
6424
3545
7974
6502
2515
5055
2612
763
4992
1043
5193
8280
1124
4345
1163
3611
2416
913
55
8914
9978
6194
1822
566
4190
5868
3001
8340
2136
9993
9339
525
8679
3663
7317
962
8160
7169
6356
8744
308
7085
5672
2001
8800
4938
3376
290
1184
3853
5239
1990
5667
6551
8672
3449
5640
6210
3139
3265
6842
6486
330
6342
1672
6269
2665
7829
323
4181
3652
5574
3755
1377
7851
5510
1046
7028
8530
444
752
4090
6774
1564
7399
6778
6976
8434
3682
2192
4544
1589
8239
7491
9777
5825
8225
8362
9459
3580
8797
4184
5530
4181
418
1376
3005
4439
6942
9345
1541
9998
3147
9406
4777
5994
4764
2544
6830
1469
501
7296
9395
9452
472
3988
1263
5666
9150
1992
2716
5222
9154
3351
998
9730
2906
6002
2019
7153
5191
3468
1650
3447
3457
9148
3348
9961
2421
6799
317
6413
1959
4005
7528
5696
9439
7372
5465
5105
5474
5991
814
8022
137
3223
7094
7754
1479
5065
4242
1900
3206
5316
2933
5588
3195
6487
3934
3698
9316
4920
8181
5281
5144
6698
5152
8495
1146
1120
3418
6751
5945
8054
9673
1319
3170
5748
8253
4443
6984
127
9863
4118
9296
1348
5330
2542
2946
472
2955
7524
5556
2479
1885
6810
3092
5881
6792
3775
4058
7538
3910
811
6986
8858
7024
3495
4469
7997
2500
7320
2661
9703
324
5605
6452
9509
6437
4205
7361
7080
2033
8432
2300
4361
4013
3290
7056
7929
1862
6305
4585
7254
9779
4986
4012
4993
453
2780
41
5024
2108
2271
3403
6046
7287
872
3775
5429
8711
4843
1305
1956
6436
3971
2635
5628
2085
3553
7766
8652
387
3831
4592
2384
6188
620
2148
8749
1246
1956
9121
3315
1365
8920
4940
7677
4641
4028
1424
413
4103
5530
3181
7410
973
3471
7101
3229
7570
1572
1968
1263
1497
1895
7790
9084
5413
4694
379
24
8761
1093
8306
3381
5363
30
1960
9159
1190
4371
6554
487
185
8275
1716
9607
1359
7672
5584
8548
8104
1829
5170
1222
256
7856
8923
7089
9607
74
79
9940
4967
3222
5108
2576
7022
622
9155
6339
1805
316
2705
7591
1050
8040
1748
1696
5470
4429
4648
8759
6108
4702
1212
4306
1191
5520
109
3754
3222
4307
110
3193
261
3305
4214
6338
2403
216
3629
7842
1397
8465
5133
1550
6990
7067
150
6701
963
9874
3643
7381
6178
2027
6410
2899
6056
2842
2474
2377
3079
4205
7133
1256
7472
9948
1416
9425
6769
3999
6939
5566
4426
4807
3097
2540
720
2300
6181
1039
5805
5649
9858
7728
7984
3769
4191
6623
3338
3459
655
2556
1633
8422
9118
5795
2670
7569
106
7129
1736
7544
5453
1032
8633
9381
5748
5395
5656
4363
2870
3860
5909
4078
29
220
5127
2196
6061
490
6475
4589
4334
6783
1975
9193
8764
6976
3249
1549
7180
5257
3195
5575
9272
7004
2406
4416
4172
7847
5673
2939
9419
9279
4611
621
7312
4874
633
7789
4966
9848
4076
6948
6115
2730
4560
6164
1285
2387
2185
590
4199
5881
3448
6510
7705
4476
8281
3997
4622
9707
6532
609
6288
2395
8217
9596
8575
7774
2124
8556
6475
5258
3798
1439
372
3408
539
2980
1710
2335
9735
2967
7029
8461
640
7542
5448
8487
9365
508
9749
1527
6506
7751
357
9218
8233
8930
6882
8854
7119
8293
2542
6356
9642
5121
3807
1181
9953
1784
3581
758
8785
9419
8499
6600
8154
9467
6070
1617
258
4423
4611
4424
5754
6325
4499
9686
1070
6632
1343
1805
4838
3004
83
6018
8078
6662
6808
4941
9881
4658
3275
7420
9494
1196
5591
9909
8646
6062
943
8379
948
5337
1055
4539
1897
8472
3519
5353
3981
5342
3545
6934
8030
769
8407
1823
1988
1768
4245
8340
2840
1315
9240
931
5029
3379
5493
9332
5128
8595
766
4335
2366
5546
9656
420
7980
4584
8161
9846
3858
1929
2346
4281
5140
2954
8875
8679
5821
2849
1367
2267
4326
558
5158
2289
4555
5170
5724
2468
9056
9021
5027
7985
2204
8833
7067
8183
3937
9791
823
9576
1600
5262
6467
4576
6534
5430
2559
2181
9267
8566
7934
7054
3808
7839
4168
9178
2237
301
3307
2972
9944
4017
9493
5694
9928
5857
8073
4373
3586
7476
6975
4246
7278
9544
8463
9671
6641
5207
5755
2621
4125
1
8816
5558
1117
1117
268
3478
1052
4892
7173
5045
3770
2158
2610
1518
8081
7120
9162
2274
3221
47
5613
6732
3203
9640
8842
3247
60
1867
8697
5537
9311
2628
7146
2662
5708
2216
4766
3936
6394
1671
2706
4313
5338
3508
1536
9617
6526
6255
362
3592
8332
1719
2187
2596
6763
8229
785
8039
4459
7713
211
1443
4306
6315
6434
3263
5539
26
7352
5143
2381
8857
8428
4660
885
8083
7658
4247
1356
4021
5924
4154
8211
9171
972
1047
8856
2267
1429
2006
891
6154
7180
9520
2578
6259
3671
2766
770
4914
5884
7676
8782
284
2215
6980
2280
1149
3850
7762
2416
5289
1117
905
476
6535
5599
5020
3622
3378
5333
9554
1521
6585
3248
2083
9463
4914
5433
4830
5372
4138
4020
8039
5090
9534
4663
9046
7548
6245
2336
3164
2613
3857
3760
3975
957
6370
850
3790
654
4903
2271
7041
29
6035
6064
9039
8283
2765
1231
6664
8425
8092
4667
6058
1581
2974
7066
1082
9785
1603
1598
4777
6880
653
6578
5426
1542
7565
8559
1900
534
8
5409
7765
9160
7423
254
2313
9445
1232
5332
4841
6669
6095
4987
379
702
2077
3809
464
4135
7418
5198
624
6344
3119
87
6107
6233
7793
98
8634
5837
3153
6066
3378
8311
9235
6036
8055
6191
5227
4994
5685
6929
8229
1266
7540
2908
9969
80
9752
5295
8564
8420
2440
2211
5269
4396
4004
1790
3099
3434
4674
8844
7007
4347
6727
947
7258
2141
1508
3263
502
2510
3156
9919
5548
1792
2259
4441
6811
443
446
2157
2484
7340
5445
5797
9997
6400
7271
5734
3924
2630
9543
927
5702
2429
514
6380
5088
2980
1727
5541
4244
2923
9749
1979
2727
4554
7279
3414
3231
5548
6795
2573
4394
1716
4380
6445
2662
1137
4335
9703
6137
9777
8696
3677
2472
3402
7393
9807
9314
6604
6458
5747
8051
346
8879
110
8343
8952
8453
6111
1328
2225
1377
8981
9224
2243
782
1354
1581
3712
6978
9081
1511
4962
9320
262
3306
719
9014
5559
5532
314
8077
8939
4093
6636
8239
4409
1143
8878
594
3194
8567
85
9963
8006
191
5584
7679
9744
8342
1572
4306
6503
6866
3330
4878
9082
4599
3606
8014
1366
9011
3046
545
9952
6601
3109
8258
6108
4487
5486
8773
8581
5906
840
9800
8927
6235
2083
6334
9909
6854
8937
4867
2934
7367
332
6796
5582
9557
2240
1392
8384
1231
8787
2101
8947
7805
2746
3729
1758
362
6423
319
5291
5488
4800
3731
1467
7613
4291
6353
5402
5857
3333
4579
4884
4195
1066
5427
7047
4222
5534
8065
645
5255
4689
8529
4576
7122
3393
6621
4854
9351
3647
707
78
367
2524
864
6065
1282
8683
2858
4064
9858
1113
7759
8586
7013
1976
8174
4237
417
2942
6474
5805
1014
4188
9978
1539
2807
7303
6694
3107
9370
8171
7684
2159
6262
3260
8166
5155
7474
6902
475
3159
907
8983
1586
5131
4867
2036
504
3795
5958
3217
8865
88
654
5594
3972
963
2982
9248
2569
2227
8152
3714
1366
9594
4581
2139
9297
9032
1673
3664
3739
7191
9120
1992
3431
3745
7769
9621
4000
3428
7612
6899
1626
3735
2680
4589
7704
4875
1563
5837
8940
2291
2107
4556
5848
6339
7628
6899
6924
6869
697
924
7471
3894
3413
1785
2332
1813
7387
9431
4047
4339
2903
3080
3737
2052
229
1780
9208
1368
6611
919
1907
825
5208
3621
3728
1012
527
1951
9966
7139
1072
8926
843
7881
5358
6172
584
4061
8585
9649
5050
1110
5814
7001
1077
8811
955
7309
9390
7895
966
5330
4962
2203
781
1032
8568
2733
5803
8889
941
7479
452
86
7525
6741
8255
5929
7261
8501
7313
8293
6215
2309
9426
1745
8462
1007
3716
9806
7064
3094
4955
7606
220
2223
5558
7915
1235
3413
5544
2667
964
6118
2126
2414
2104
4271
8916
539
2692
3751
4884
856
3885
1603
6134
2482
5371
5269
9481
8938
7660
9611
8656
1959
206
8117
908
7443
9075
4258
3836
7458
6892
4268
9583
6607
5863
1596
8581
4890
8760
9764
8075
3175
9340
9595
5867
4245
6464
3334
1102
9006
1065
859
9789
8307
6526
6729
807
6945
7181
8881
9843
6319
9996
7300
2964
9552
6885
5407
8117
5997
7835
5756
5657
8821
7591
9291
6395
2519
5718
1270
2850
8904
4790
9778
8766
6280
2874
545
199
4982
491
119
7891
5089
3971
5413
8169
3311
9214
1434
8786
7505
2595
8495
6836
7493
5614
5767
1908
5293
9889
1679
925
7004
3906
2812
7033
8444
6022
7223
5823
8708
3364
548
9015
3830
9705
8418
6273
8285
3519
8554
7061
830
5859
1423
7528
6705
9392
3366
3310
8112
528
5399
9950
4630
8288
8767
3843
5864
3775
7162
3984
6042
8792
4853
3944
8662
7106
6188
8042
1220
8347
8251
4131
7761
6313
4040
2059
4044
9923
581
7575
9433
5945
7964
9550
1715
2452
4006
6385
3643
5226
7843
2692
1784
2134
4837
8702
9535
5301
1940
5594
2263
7971
2111
3879
6214
7705
8283
1120
8547
9024
4036
1139
3875
8244
1826
3117
5447
4535
3991
514
6074
5118
4996
1200
6273
9528
574
4431
3678
1052
6089
2540
1822
2169
7876
1112
2365
9789
5721
336
5727
4930
9878
8824
9233
8073
2741
4624
2529
6277
9096
1881
3637
3345
5597
2646
519
7496
4528
9389
3770
6885
7325
1182
9733
7014
4002
1114
8607
1567
2031
9819
7420
9381
5463
3291
3717
8814
4735
2653
8230
7244
4464
3555
5386
2678
3998
2211
5167
5755
8649
2680
7936
117
4880
9461
1797
6574
8004
7486
3011
240
6745
5665
6570
8394
7714
6017
2770
2699
2669
711
7140
9426
6913
9480
9323
5826
2780
3430
8910
6587
7919
6438
5356
6084
1999
7867
8297
6182
3746
4361
2843
2586
163
5773
1677
3428
4519
637
1547
9130
3006
1807
6988
6077
831
4566
6840
6548
8468
3921
8081
2955
3465
7119
6354
5083
969
5811
4691
446
8230
6670
5387
5452
8821
5649
6600
2421
2355
6802
6551
8276
1230
5381
3319
1069
9253
1076
732
2026
8897
8355
4002
3957
13
8731
5092
3772
4060
153
4539
5236
1802
8853
2171
3338
6807
3951
5319
4082
7550
75
4270
4580
3226
5793
4748
5090
5579
6088
4417
8412
6545
5952
1216
5497
1171
7658
3821
6372
3441
2383
9891
5369
828
443
8750
8530
1824
6750
4561
4404
4725
1676
706
9694
7520
6509
4717
700
6383
261
332
6148
4449
2884
960
8701
8228
306
4933
1688
646
6355
2216
6208
8315
6585
2972
4299
171
14
3395
9322
9263
8092
4830
954
2803
3060
2668
2524
8814
9907
8527
685
7591
1547
5713
2278
4697
2622
6307
100
4667
6649
9416
4596
5056
9746
4632
8643
3167
2142
6352
1708
9150
5831
7826
6693
385
4787
4472
3575
9341
4814
9880
1453
536
8542
3057
1771
1488
211
8214
9457
5975
4659
8321
6307
1057
5812
6130
9269
6948
8559
6760
7475
2611
9521
9361
7322
8374
9844
292
4842
5696
1022
2908
2350
57
780
1004
5359
7402
495
2171
6373
6391
6899
5231
3925
3833
3086
4008
7188
6162
1334
2537
94
5731
9885
3654
2317
7441
5807
7932
7423
591
8990
7885
8716
3605
6957
2051
6112
8980
3514
1526
3737
2566
9889
3801
2917
4684
5742
8069
1391
3664
4211
4533
3511
2989
9815
8567
6104
6084
6829
2654
3378
1369
5578
256
366
6520
834
9691
1769
6652
9504
7190
5161
5280
3930
3525
7842
2014
7693
4043
7679
9088
6022
4859
9560
3703
4768
2126
2536
1498
1336
5169
2465
236
3533
130
4274
5537
458
6200
3453
791
2584
7403
3411
7776
6575
2934
9048
2909
2081
8112
9236
1687
3525
1914
3538
33
6529
5251
1162
3814
9259
4835
5685
3043
2813
2422
8168
1943
5436
5446
567
7090
3715
4057
975
2888
4303
5888
185
6734
922
5630
6622
8631
5792
3996
6085
5475
6585
9065
906
8064
1568
320
5393
9663
8341
9005
3718
9402
1368
3262
7075
3211
4662
4295
3750
9823
8983
3266
4761
4032
5720
6981
9648
5124
9393
3351
5067
6554
7333
6222
1140
3766
4747
8143
4764
1072
6644
3338
5992
498
2799
3219
5749
8698
3937
1983
1532
9111
3214
9789
8097
4153
5133
7081
5234
2287
6124
9557
9732
531
857
7690
5898
8916
7263
9415
8557
2706
2912
1273
6902
4203
7048
5080
3055
9372
9313
1345
7008
2281
6330
1476
849
2803
4814
2312
4544
6486
4818
2173
4169
8839
9334
3509
4125
9896
5843
1828
5086
5261
4502
4395
807
4363
2226
6403
5297
4530
5534
8137
2761
4231
2963
5461
6845
3171
3614
8342
1632
2339
4278
4541
3166
1231
1941
3374
2854
7755
528
2473
1952
659
6330
3508
9060
2990
4204
6128
5816
189
3355
8965
9703
2600
1348
5254
217
992
5782
2476
6158
2166
9079
1604
6256
344
4838
8398
9184
3221
9002
5875
9839
5682
9483
3580
5232
544
4301
2070
4055
981
847
5257
2197
7262
8955
4315
258
5386
4566
7219
6097
9936
715
6006
8225
7354
1885
9420
5189
6378
9480
318
2598
2745
1291
298
8449
3216
9032
5514
2771
2285
4318
2908
5117
259
6182
9705
8998
3318
5706
6808
4470
5698
7547
7010
110
6327
9863
2037
943
6125
866
7989
5674
6613
1981
2828
4661
751
6845
5123
6955
1934
4883
4872
2469
3053
4388
3301
8806
3079
8102
5111
7381
5128
3817
7603
7116
3959
1182
8524
5864
643
5467
633
3212
1336
1226
890
2791
5657
4314
2322
4178
4088
5314
9327
7720
5164
2473
9580
7120
7829
1697
7885
7132
7795
1485
5785
9970
1703
924
7777
4583
8659
271
8400
5450
5767
9342
3653
4609
3570
6697
2438
1065
44
6587
8150
8868
8788
3618
8803
8363
2170
767
6680
4553
5680
7676
2987
7623
8333
6722
4991
5773
4636
9254
9620
926
273
9287
6373
8994
6568
3412
5606
2880
9301
966
5607
684
9339
1749
9253
6661
9989
6074
3252
9936
7695
2403
4370
1685
1083
5479
4460
3429
1993
4207
6698
2004
7203
4891
2962
4447
2038
8270
7904
2805
9002
3574
4636
4709
2829
181
5688
4375
8690
1688
9472
3315
8789
8635
4867
5257
2267
5012
5269
4180
5045
33
3689
5052
2834
8258
3411
7940
5973
1226
7431
1872
7970
6810
4899
2151
565
1762
829
7195
7494
3711
1158
4762
4272
9846
5031
6095
4834
9528
7986
1340
4237
1137
1581
3963
3739
5649
5714
6736
2798
2564
3917
1051
479
2240
9982
4568
1724
7403
4866
2570
174
7940
9353
6715
7697
6316
8432
8426
9981
9445
3857
7770
7714
7203
7857
6723
6088
9274
6324
647
5929
8170
5508
8261
8526
320
7424
2248
2827
9018
6049
9183
406
1274
4749
8554
6151
8409
2973
8547
2599
8721
911
6087
7140
7020
41
1107
5924
218
5400
5986
1124
1183
2134
3497
4452
539
3379
5233
2317
2383
6810
2863
6474
5328
4990
7918
5660
4817
1420
515
9423
3626
9047
4210
8052
2083
8809
62
4890
7563
6962
9611
2338
9227
2630
4175
9684
2950
1174
5523
2290
4312
5991
6398
7763
7412
3672
1806
1169
3022
1284
8400
7959
79
1410
7025
5258
8080
3719
6319
119
3265
4392
311
7202
5919
5622
2511
8783
3967
9413
2202
4645
3786
5954
3823
3295
7103
5536
7891
7323
7792
9176
7729
5294
8473
2237
2103
3166
4945
9481
5110
9667
3454
211
1837
4333
5288
5021
939
4987
4870
2555
2427
1177
4152
3201
5745
6760
7736
976
3524
7261
5369
9318
3042
655
5097
5121
4695
2049
4291
5560
2365
4919
1901
820
37
9990
2705
158
3408
2369
9668
9776
4851
7578
9689
9810
1919
7928
9320
9347
7119
2038
2681
174
4881
5875
4144
5612
694
1389
7833
9527
68
677
5934
2366
6181
2430
9427
3273
3977
6461
8568
9303
7217
4712
8194
8474
1620
5368
4081
2800
6509
106
628
9376
5354
7866
3647
6363
3310
7027
2842
7660
3452
520
2074
6431
5038
9610
578
2464
3657
7180
5625
9594
5564
8628
1389
3030
9691
9261
2519
7040
4119
8921
4675
9749
7925
2511
3887
7463
4204
1408
5187
7319
3833
4958
9799
6183
6563
4455
7274
9362
891
7889
3938
3953
1174
2750
2359
8403
8344
9753
308
1225
4644
2520
3207
4741
9613
5509
6783
386
4126
9129
8955
3806
5909
5224
6088
793
508
7570
3902
2204
1501
292
8648
6747
5702
9264
5005
3027
7928
4347
8811
3289
9753
7375
2315
1145
527
4058
2056
2056
4774
9485
8472
5273
8830
170
8526
9232
6873
7088
2597
7752
5325
7847
6882
6510
3432
2372
8251
1471
1042
9800
3888
8983
5607
7777
4089
595
7563
6952
951
4130
5680
2705
8399
9866
4515
2877
4992
7236
6342
5441
1930
3288
4035
7370
9562
3468
9084
9650
4270
7035
4210
5285
4306
4543
4277
4543
8008
5661
7766
1735
6859
1227
2236
8790
5444
7267
2678
890
8920
2180
9969
8503
8226
4607
6329
5009
7937
7024
950
4408
7485
9501
6748
3624
1480
7047
9252
3985
3417
2801
7317
2314
64
9356
7763
9936
5862
4065
3162
7081
3228
4696
3719
859
6877
1662
8029
4209
2833
4374
9267
9923
7993
6781
4746
903
6679
7651
8158
3899
8515
6334
4409
6792
7497
5456
6503
2019
1831
3337
3444
1697
5913
4183
2377
5469
8157
7857
2779
7857
5458
1662
6035
8315
4096
7320
7133
7705
6597
9857
326
6639
80
261
9530
4119
6039
9544
9784
4534
5147
3728
7640
9018
9102
4797
6068
9123
6367
2107
6203
1469
2978
4721
3158
976
8724
4421
3090
848
8878
3771
3442
4367
6156
3935
8855
7726
9226
1721
2031
3674
3667
72
5490
5767
6463
5798
7274
1782
8346
2247
5448
8204
5013
8219
8450
7789
2032
3282
2260
4
1193
5371
1280
9906
2451
5253
7651
7207
5649
8465
8753
8292
5420
4681
5412
3958
1362
7192
1993
9249
2221
2949
8811
7436
9425
254
6579
2439
3001
1193
955
2384
3114
880
7280
1052
906
1294
185
45
5033
8257
5311
4648
3675
3332
1141
3462
953
1937
8995
6325
2349
5069
3600
2710
1585
8927
7958
2171
5355
7785
5590
7949
762
7790
4070
7896
9619
9099
1760
2138
1083
1198
7909
4612
2155
3105
5630
7083
1790
6235
6538
8876
1946
5833
7096
9018
8368
9621
8513
1692
1835
7373
7879
4251
5311
8559
9799
5188
7646
4558
3014
8328
4803
6036
6813
3011
6276
263
7297
4577
6561
8089
3370
7951
2525
2318
7071
4452
4159
400
797
5808
3941
9045
2842
8689
4317
8454
7169
4708
2699
390
2079
7048
8342
3354
1993
9768
9781
4990
5176
6884
2079
7835
7040
6320
8672
7943
2856
9544
7261
853
6915
9065
8394
3970
1751
9332
4514
8546
841
6565
9420
7403
2012
5159
8696
6312
4180
8651
7815
6327
5633
4435
9230
7476
1373
2511
3652
2509
6277
3420
7124
5017
6973
8988
7525
1322
9596
8132
8879
6877
3072
8180
1304
5020
9787
1811
3472
1130
8801
7366
136
4833
1895
7048
2130
2525
4473
2811
4449
1100
8248
8736
860
2321
7520
8464
5811
8880
6528
3028
8725
8139
1479
818
4250
4589
190
3295
72
6764
4687
1504
7974
9240
902
8298
8124
1941
9590
1858
1842
8777
2426
3588
4515
2868
4036
1175
1315
1492
9351
8555
3285
7856
3149
9563
4107
6385
5231
6381
7323
5942
437
4470
1171
7227
1750
4995
1634
1015
8817
3619
1960
7542
7350
8622
9407
2387
6629
3460
8226
9486
7800
7644
7679
2926
5775
9889
9639
5215
4990
7821
7621
6997
6936
8436
6688
5506
1986
7821
2795
5432
3215
6799
8825
852
4288
2555
4666
6895
4480
3408
123
854
7422
6501
5134
2568
7089
4287
7256
7145
6051
8663
8662
8900
2018
9410
300
1697
5822
8749
6764
359
2089
5207
838
9408
2092
8625
9872
2980
3610
6359
8901
8186
786
1027
8396
1594
4984
7748
8498
26
3486
2028
4745
2468
2218
4175
2920
4533
9927
9411
7067
7254
7792
9729
7587
1113
8387
6841
2033
3148
6782
6526
4461
4502
8152
3304
2034
6110
2528
4920
353
2110
9924
4788
6209
6044
7219
6405
9133
9155
7962
2676
4022
5364
3938
177
2605
960
7136
5711
2391
8802
8981
1599
4675
254
6718
4413
3935
5030
960
4851
6335
2652
537
347
7211
7647
6852
9847
3750
6100
9958
5086
9334
3500
6381
8773
8861
3482
1316
4993
3460
3133
7288
2733
3354
1673
6996
6059
2952
144
4741
4880
8881
1573
241
3438
9358
9649
7246
2924
3009
5453
7820
3593
6204
842
6339
5097
9331
335
1305
4943
621
3000
3185
8163
9989
8928
5396
7054
6857
9652
9874
9201
88
5326
6758
7291
9768
4633
5988
4072
9671
8246
3451
9355
8607
3786
4075
885
5975
5751
3971
7918
539
6454
9838
7728
1726
5565
2439
6437
7667
9291
1609
3573
6391
8011
4773
966
4126
195
5581
9796
8343
4169
6028
9497
4743
4450
1376
6036
5403
8819
45
2813
2466
7374
3729
7905
8754
1119
2626
967
7030
1784
1516
7049
6177
4150
2654
7063
3667
416
459
1424
6358
5978
8808
1182
3125
3414
1135
8931
7944
6746
3787
4440
4880
2532
6995
1484
338
9555
6269
8055
7520
2231
3584
9574
4802
7768
7970
1840
7025
4906
8542
2313
4127
5142
6217
9699
8616
2999
5174
5556
7459
5618
717
4481
2313
5684
9145
3166
5170
4656
7888
8512
1101
6030
3006
9262
253
8833
538
6934
3873
2681
4434
3498
353
4615
2147
2271
4186
2300
4073
5107
7137
5155
7988
872
6949
8212
4889
2830
1798
9156
5911
194
5134
4038
5077
4667
5380
1482
5262
5612
9629
5734
3702
3226
9466
3817
5404
7166
1261
3152
6633
7887
1682
7164
5844
913
3826
8273
1377
6426
274
8416
986
198
124
5045
9900
5523
4575
946
7728
675
3426
3156
1263
3282
5473
1605
6227
2029
7863
7131
5279
3097
1043
2174
6717
108
1680
1348
7159
5424
2591
7894
3852
8440
8169
7912
1894
6325
8994
6229
7284
9258
8231
3206
8736
1997
953
5883
2685
836
3787
2041
5597
9188
1976
8268
712
6363
7205
9617
3892
5392
4927
6987
3807
4724
6013
7548
737
6510
9156
5947
4871
9889
8639
2844
3041
5171
405
8507
8741
1562
5239
2616
1937
3149
5236
5644
1321
5280
3058
895
6559
5431
3429
2542
2849
7655
2226
9424
4640
19
8472
2910
3158
143
2580
2815
3077
1612
1562
2049
1787
7420
8695
4826
107
8864
3675
7008
8511
9090
8275
5321
3554
3772
2995
144
4799
4261
5434
7794
9166
4592
297
9803
8729
8507
5215
6123
7078
4503
6395
1238
6353
3987
9349
9037
7475
6555
1186
6680
9947
4414
4833
6588
8239
678
4522
9108
2771
2387
4090
4389
9412
4249
9453
5883
7203
2660
9195
188
1170
4912
544
4494
5633
7973
9205
5593
4383
2574
5434
8220
2067
9048
7352
7449
5812
6427
8760
2438
7079
4669
5341
1935
1195
2948
4437
1756
8535
9383
4813
2838
6182
2188
5634
9171
990
5033
5376
3657
7234
9366
1993
8170
1748
792
8621
61
4266
9261
8311
7507
8567
2662
6842
2533
1508
2103
2098
764
3076
9056
8312
9820
4988
5656
2515
7731
8183
3486
6829
4827
5263
8856
2842
9019
7849
3070
9239
2043
3808
8031
7441
1565
2667
542
8364
3284
1393
2125
9331
2362
5585
4996
1460
8267
3509
9721
4613
9730
3842
1766
5104
6735
949
7874
2061
68
2880
5908
5135
8631
8968
5951
1999
5812
1139
8338
880
9445
8847
2543
5922
2812
7835
9730
3440
1586
165
3663
1227
8200
3099
7144
4166
8559
6530
8192
9723
4973
2443
5295
7074
1459
3315
9412
9170
7295
8069
4166
6078
8682
5731
9725
4870
2968
5380
3041
7019
1866
4229
9066
6474
6731
48
7725
3598
5955
8273
8985
4349
7606
3311
4577
3098
1071
7164
3052
2834
5195
9608
1818
8807
4398
8433
3352
3985
4049
8186
5459
7348
4119
1840
8946
2034
3922
518
9822
611
4518
6152
6935
2286
2906
3701
7167
8237
7845
2270
9787
2167
6379
948
1795
8516
1834
2972
3320
4897
517
667
3697
6409
1794
261
4507
1582
5774
3741
2320
8746
6346
9401
2952
1154
3002
741
973
3269
5106
818
8846
793
5501
3240
1382
8256
5835
5627
86
4764
5213
1589
7285
8225
3231
3665
6693
6960
2638
7190
5400
3778
25
3132
3584
4413
1861
3102
4045
6547
7972
3318
9606
5056
6449
5303
9381
4784
815
813
2871
1612
3654
7260
2428
6460
7745
5287
718
2470
1763
8872
8989
3934
2188
3278
5449
2005
6283
8466
5218
8144
4997
920
7453
9654
7557
4659
3106
161
4365
8079
2246
8193
9934
9177
7014
3236
7187
2703
4539
8288
21
4452
73
9129
9762
7544
783
4236
9360
9583
2951
7989
7233
4544
1008
2336
7640
7168
940
643
1382
8747
8894
8446
5642
1761
1795
98
3912
7627
674
7067
401
4082
7988
4113
8152
4463
7217
1599
6860
747
8462
6545
4626
1332
4155
4510
7474
4304
1624
9280
1237
479
6062
6219
1536
691
6882
8175
1179
1001
9488
4915
3332
3315
5037
9675
1869
7531
3733
6802
8009
3368
5392
2729
3146
6500
6332
9147
9688
2448
1850
2132
2241
2460
4764
1387
1427
6050
2185
2687
9072
181
5022
5621
3285
441
1496
3340
8465
4932
3673
5908
7863
1041
7171
3801
4559
8697
8695
3426
2559
446
5773
5270
1501
7027
9069
8697
8203
2114
4768
9989
6415
4498
5582
4050
4768
1459
9912
8248
5596
4718
6816
4102
9024
8257
9496
2202
8246
4797
5112
9035
3823
4768
5140
4296
4292
5534
191
8425
719
1960
8300
588
570
8123
5913
3811
5378
9833
9730
1948
6160
2889
3296
8921
4393
1296
4584
1962
2135
3818
9782
4457
8091
1433
765
1340
2574
9429
927
1172
6191
5880
1624
1964
6709
3252
7067
8911
7695
177
5976
5790
1640
7795
2039
1395
8597
9872
8795
9438
2465
9818
1254
8908
5881
9296
5310
7776
5612
4588
3212
5442
2119
8165
8050
7855
5202
39
4212
2466
2575
6764
7619
6830
8112
8673
1564
9652
7973
2172
1154
500
8236
6717
5015
6714
2133
5174
790
2427
4248
1119
5518
6449
2298
6430
1344
7275
3612
7099
5021
3763
7609
9933
6204
4777
938
2542
7794
4384
9439
6857
7366
4642
9309
4334
1774
5351
7000
1137
5296
9414
1351
6910
3673
5019
6637
14
7486
7193
2649
4010
5803
3624
5339
7654
8969
9318
7774
6877
8582
4957
8067
1250
213
5148
6055
5292
5456
4496
3238
3930
1187
9381
4440
4071
6470
759
8661
6586
3127
8402
1261
1612
9606
8199
3499
1744
2623
4862
9165
1592
7277
1590
9817
9318
9365
4876
8189
4382
6192
9786
5085
5467
7939
7361
9680
5847
5691
368
7578
8043
8399
8757
141
2603
9322
3334
8740
7841
6902
5362
5414
4522
9892
8409
4103
4301
3798
714
3084
4291
4802
3619
8859
4468
987
2944
9067
8217
5326
2573
5733
3360
3508
5394
1380
4435
6094
5282
1354
3281
3358
5268
648
995
4323
2587
7592
7367
2097
5445
6319
564
6626
7176
1457
90
1313
4444
4921
5532
9440
4980
5573
5400
7042
4492
8097
7776
3795
7788
6909
7951
9981
9049
4354
5247
9578
6101
8532
8705
7449
3779
2647
7371
2579
5536
277
5471
4566
2465
7065
8377
4788
2368
1688
708
1408
8437
3682
5035
8928
6700
6429
2474
8036
3002
5518
9722
1018
6184
8355
7422
9459
5479
9795
2605
804
3879
6840
2154
9965
6387
393
3655
2142
1079
5367
817
6899
1065
2187
4149
1643
6418
4446
8769
1233
5628
5080
9970
9382
2031
693
3022
4358
7917
5539
3766
3276
1312
5020
8673
2828
3948
426
2961
344
2158
7364
8224
7471
7910
6184
5797
2115
5093
5920
237
9986
3506
3381
7368
9807
9632
3982
1586
7560
2887
9665
7708
5133
3791
4091
9027
1797
691
1014
2544
5712
6144
6285
9828
8157
6502
3722
9945
5177
1111
6433
6593
7858
1923
317
326
5574
650
4293
2310
9800
7712
9091
3284
2331
1240
5605
6220
4692
5411
4474
8808
1087
5331
8919
9542
3566
5996
4854
6952
2275
7841
6984
7852
8020
4354
2103
9378
9253
1519
8549
1762
3415
6326
3512
8441
5491
59
6723
4579
962
8452
5621
8094
3906
7848
8370
3365
9901
1088
375
7309
2220
1069
6110
3456
7001
4376
137
703
3072
5018
9626
2294
8297
8714
9222
9825
9034
9825
4204
5926
6573
7013
2539
2619
4124
3355
7858
9385
9195
2350
7325
1085
625
123
9006
1542
3784
2940
6442
1079
5807
7830
9737
2101
9989
3114
6368
1369
3276
3455
7895
3054
1706
5491
1361
3542
9960
4594
2549
1732
744
5312
2898
1787
8540
1229
1149
5736
921
8315
4853
522
3930
8921
5574
7458
710
4729
4959
4893
8549
5187
5873
9983
1971
4931
1093
8794
7519
6554
5636
8048
2801
7689
7732
9367
1913
4709
3627
8589
713
5841
1450
5340
5082
1759
6433
7450
1781
1079
1223
1899
119
4227
4242
7462
95
9749
7779
7487
7237
4544
9956
3847
8163
6977
7944
6323
5084
8002
7848
5354
5597
5810
8961
5558
7461
9857
6943
7621
6851
2904
43
9012
8494
8732
5508
4873
7530
2522
9457
9576
8015
7177
2521
2523
4727
8051
7067
8348
6293
4485
964
4068
5649
3742
7875
2355
5605
3949
3778
44
9925
2233
4224
194
5711
5354
1196
9746
2222
3360
9889
9651
7123
1837
132
8029
6008
2027
5522
202
7604
6561
9555
2499
4089
5979
8526
7948
3662
2173
2060
4466
2206
7228
4915
6774
2921
7248
250
808
3790
2338
7110
4485
792
8137
9812
6265
7285
4800
2312
9897
8378
1354
5803
5193
857
6851
4785
2550
8022
5815
2360
2473
3731
7877
7207
4061
7
2582
3646
8192
3326
1516
3536
853
2546
3362
437
2365
4650
3421
5300
3991
3730
412
3807
6065
7250
1112
5229
7915
3968
9166
798
5909
211
6105
6429
2429
4940
3103
5661
6360
982
2170
361
1907
8291
8490
5217
9261
4921
7029
9908
3141
9475
9335
6922
796
3764
5471
5094
1615
8737
1188
2916
196
7340
2058
17
3647
3132
6000
8441
2573
6818
9526
1733
4140
6898
5626
4677
406
4510
1693
1598
6618
4439
6895
5305
9426
1437
1029
5641
24
6741
8996
2568
2982
7834
8824
4969
1569
1143
1367
6291
4288
8398
7380
2813
39
9094
2521
4896
7538
7156
1746
2972
712
3791
7635
1955
1594
9142
6071
939
7978
8676
6955
2238
7750
9107
9093
8462
467
3651
7542
1058
7237
7769
3241
2371
8352
3309
4043
9743
5810
3982
1787
2344
7902
147
7783
2454
9647
4916
9372
4573
9343
8503
1947
5003
1284
6164
8202
2866
253
4856
6126
9384
8794
5708
2636
3240
3325
2792
5670
4882
8469
1747
5593
3944
3452
3132
5803
8751
3114
5074
2527
9495
8393
8499
2383
3097
8063
410
3380
2834
461
5674
2186
1212
635
9564
6624
8982
3048
5168
9812
7692
5206
1673
57
7036
8854
5583
3250
4073
8562
4188
3783
5634
1798
9714
6465
6252
1861
4321
5279
6098
725
8694
8227
4800
7565
7016
6411
8819
8188
3943
4222
2574
1720
1893
1913
4685
2060
5056
2999
4371
6516
9319
2174
9295
5167
4264
7141
7493
619
7082
268
6935
8431
3211
2869
3570
703
6310
1043
5410
3894
7342
9937
1367
8125
8893
9791
3174
1911
7995
1155
7420
9513
5465
6628
1660
5641
7932
8720
7007
5327
9017
6812
3788
3077
9375
4799
5224
8481
1715
2725
9662
5335
8389
1463
9457
1860
3421
9727
1576
496
5351
7485
1871
5217
7989
4701
4656
5291
1849
3153
590
9887
4836
8808
9252
8375
2971
4961
3923
2297
618
1879
2663
5470
9072
7499
8495
6164
5281
9419
7771
2212
9777
5593
2124
8517
2199
9800
6042
2594
7823
7575
870
5673
3439
1001
4331
9123
5757
7796
285
3629
4866
8152
8596
7950
9798
7549
7853
8672
1205
1964
7656
5755
4693
3614
3802
5280
2069
4791
6702
3595
9674
5980
3582
3662
2628
2634
5127
3974
1698
5633
8867
2111
7642
7712
6761
1657
9475
8867
5805
4994
1207
3580
5670
4579
680
8110
3150
7263
2410
5098
7191
357
1668
5546
9154
3368
6059
3325
6574
1866
697
6113
3823
9258
6990
9857
8122
7113
4582
2825
1038
8393
9962
1123
5544
4263
7900
6937
3387
5553
1471
1484
6806
8050
7872
9059
5800
1541
8691
3378
3667
6699
4710
1234
2782
545
3287
8539
2242
6605
9983
2978
8477
374
4695
2839
216
5493
9370
7480
5288
8774
2748
1725
5439
5522
1251
4782
2413
8360
1159
554
8842
5976
9698
8049
8157
3879
9033
4852
3801
7584
6188
7239
5600
244
9700
484
6703
2045
8513
5391
3593
9832
7648
7733
6196
803
2908
1767
1760
4152
2866
9067
4805
1782
8431
451
700
2985
8100
4011
6402
1654
818
9562
6455
1435
1690
5428
3438
2370
5868
9652
1071
7580
6931
3345
9909
3078
725
7745
5779
4305
1486
422
5493
4419
2527
1835
786
8320
8993
7636
7011
5865
7499
6560
8720
7493
5895
6104
7396
6134
8784
6458
390
7960
4774
2993
6832
7668
3012
6165
4791
4186
6597
9561
7631
6381
675
7615
1158
4350
2718
5867
627
7367
9559
5264
973
5449
9811
3743
6799
7874
3171
5694
4387
7725
370
2304
2455
22
4139
6679
2667
1832
4813
5504
6705
67
5443
2875
4872
9521
1802
7132
1125
827
4999
4762
927
9423
1214
6904
9634
9687
6010
7494
9220
3702
9102
3459
7519
8259
8021
7268
2733
9394
3344
1000
7832
7242
7850
9341
5083
8038
7799
3481
2960
9179
3828
8056
4418
5587
8397
6261
6725
8168
4992
1523
7922
7425
257
9345
2113
4649
9070
5553
586
7277
9008
7817
1126
2875
5116
6348
9619
7217
997
4551
6829
3830
617
2814
7591
6982
5986
4216
2346
3840
31
2998
623
8854
1752
4145
781
300
4265
6295
9391
2023
2593
6800
1406
883
6521
6381
2042
447
9093
5481
9452
2228
9305
4279
7026
3089
3565
2259
3116
2389
604
4126
697
4987
9903
2010
448
6605
2990
4649
4902
6299
2703
6215
2432
1589
4540
9901
7236
1130
2278
5410
3773
923
1700
9245
621
2861
1616
5680
950
7774
5235
2893
9986
1292
7054
4633
745
4395
4494
3153
9634
1789
6486
1155
2017
3866
1570
7242
8411
8105
9601
9503
9706
2204
552
1014
7201
2939
6709
955
5691
7897
3136
7740
4349
8619
1666
6639
2097
494
8894
245
6691
9153
3653
115
7110
6677
6618
4463
4826
4208
8795
559
3409
9142
6959
5072
7513
2282
8324
1795
5634
9422
5574
946
4387
8935
5894
7795
599
1521
9775
5906
5432
9161
7911
5269
992
9246
1925
9076
4969
7514
525
2826
8266
8313
3790
2610
4699
950
8825
395
3007
9004
2876
9114
4528
4537
1447
8254
107
6672
4478
6963
9785
8378
4842
9434
1227
5701
1735
6921
8961
3337
1363
175
9753
3728
2076
1359
614
9961
1947
304
202
6552
9370
115
3528
1676
3319
7881
9544
71
1518
6806
4305
8488
846
3104
6421
7514
9516
9797
4898
9194
3139
4299
8485
3918
3380
7439
6083
6690
5855
8011
7358
653
4622
5659
3529
8061
3530
3565
3777
6952
3843
8336
8460
3396
364
5822
3893
5698
9404
4703
7316
4913
8630
6031
2401
3425
7256
9046
3877
8075
2694
5418
3044
4748
6160
488
6221
4370
2512
7582
9029
8385
3265
2645
4905
2413
8303
4820
6556
703
3075
4048
6825
3525
5176
2172
6915
6837
3949
684
4048
1547
8371
484
9311
2525
7323
4952
854
3230
799
6206
8680
5139
8185
3000
6794
3371
7763
4156
2049
8642
4531
8235
3030
3425
7822
2903
8847
2291
8807
5613
8830
2244
6505
6917
9240
9150
8967
5577
6369
5625
9402
4172
6639
2051
476
9725
136
4900
1995
4998
4837
3181
6700
5733
9393
5076
3962
2493
3108
8566
9576
8433
413
9035
6429
268
2539
9620
8124
7587
7918
7437
965
9158
5774
4098
3096
2095
3287
9174
9815
6991
6908
9080
5519
8638
940
5171
5274
4298
2349
6314
5307
9801
5534
1059
7707
1324
9118
621
5540
2721
1508
7406
2299
6922
9895
5005
2245
8414
7311
5623
1846
3822
3238
3123
1016
2194
1482
6886
2850
8467
2600
5967
8525
1010
2250
3213
9501
5185
8730
8299
4624
744
8549
9710
9468
1738
8435
4030
4692
5221
2114
4088
1588
4685
1152
2567
541
6260
1681
5350
1506
3089
3261
3794
4900
2883
3308
8783
2637
1632
8873
7733
4015
251
6590
7142
8731
144
5235
1563
2025
9106
9814
4200
1419
4446
5235
4689
409
2331
6435
310
3931
1641
6409
6229
3974
1488
8638
2874
9821
223
4525
8601
2515
6649
6481
100
6372
6746
5165
2314
5282
8876
4895
8412
9426
4083
5836
7648
7534
8790
5584
9080
1197
1889
8557
6505
2041
5641
1877
6336
7062
9306
6816
5658
927
3431
7078
4032
5081
4267
4707
438
617
1585
9760
152
9284
5234
8758
7304
2594
5462
3631
5731
9671
4291
4283
4716
7661
3971
4058
7744
5724
4860
52
3395
1771
9778
5503
2364
7659
5835
6750
4647
6790
8532
6844
560
4447
4998
7086
9689
3922
3532
5260
2766
6174
5479
61
4749
6273
1355
3196
1110
8001
3117
770
5445
1711
3779
4865
2921
2247
8857
4537
2013
2810
4385
5939
5727
2200
4808
5144
4412
2201
1413
489
8880
404
1171
255
1799
8276
8344
7725
8999
216
6656
1111
7612
213
6907
736
6231
5670
6679
858
9672
6732
3442
6759
4913
7789
5803
6698
6075
3068
5370
6843
1195
1596
4872
279
2182
3243
2654
4644
9003
1619
7600
8884
5060
4644
2029
8397
644
8063
4566
1501
1389
4472
9282
4128
5831
6830
9801
7934
1913
2314
8533
7790
2571
7455
1004
6385
7305
3947
3278
9296
1377
1258
2642
8631
4812
3099
8591
9020
4780
769
2866
394
1404
4177
8348
9227
6076
9458
4217
9026
4090
9196
1578
4187
2773
3734
1918
1128
3172
5233
7851
6746
2295
630
353
7311
5378
4945
7884
3624
228
3984
7591
3023
3581
1456
2716
6689
2492
4152
9235
6460
153
216
2094
7850
8911
8772
3763
8425
4405
967
8387
4383
650
2734
8062
7147
2129
63
57
1246
1094
4731
2415
6548
3073
2700
5894
8376
5697
5203
7132
3687
2586
6960
9447
5310
368
3874
1430
531
8761
9204
2838
1848
3939
194
6162
9129
4642
2996
3658
9207
4733
7014
7551
2462
6684
4542
8944
572
4882
8714
8321
9331
7066
2179
6745
7605
6738
4265
8572
7392
1979
1947
8735
8991
5889
869
453
9281
5812
6108
2912
8758
5988
1291
9202
464
8075
2218
2172
7399
5738
4482
2325
4940
4445
6889
2565
8937
9721
3893
1261
2965
6850
4633
3981
3746
6290
3191
1905
3011
4132
9398
6666
6540
8877
2597
9848
1164
6670
7960
4956
3240
9452
1553
5501
8304
949
7407
2104
6480
8986
1959
6774
1095
7055
1441
3191
9240
6493
6594
3851
4381
549
4676
4873
1859
7047
9860
4891
3151
8293
3621
2397
5072
8418
1138
7917
1775
331
2566
5102
7032
100
661
9060
7792
4396
4259
3268
451
3774
250
4284
3291
9327
8037
5826
4209
9530
3628
2223
214
2825
7852
2328
7988
2763
6331
522
344
3648
5818
4310
9164
7167
4226
6395
8952
7350
5763
8642
9872
1001
5957
7885
966
5942
3088
5845
1894
3366
5225
9866
3248
1951
497
1562
518
9326
4266
4913
478
532
2997
6832
7776
669
7726
1892
1568
8501
9189
3430
8807
620
1358
5293
2337
3065
5292
6405
8542
8598
719
4552
8124
3383
6851
7843
6277
5652
9484
6748
5295
3199
9181
1622
8884
188
4634
4538
5497
1366
5596
7706
8712
8025
6553
9163
4782
297
9324
6723
4513
4832
2917
1553
3571
6777
9574
7496
3280
5187
2308
4090
5526
6031
5219
955
599
1313
9354
4216
8627
3767
1911
4424
9853
1324
3380
3101
7129
9372
2820
759
1661
8729
3432
1043
2898
3740
6429
5505
9087
9681
6585
757
8714
2638
6587
701
8055
3932
5924
8936
4022
8863
5283
4611
6914
5885
6763
7000
7244
3972
4022
5197
1969
5814
3432
8130
5437
798
2798
7625
7548
3288
2154
5705
8667
6009
8918
2217
8145
7129
419
5411
658
1395
9288
2150
2893
3040
2878
9186
1603
5745
570
4196
9250
945
4627
3913
3216
9062
4042
5376
4155
989
7697
1352
3531
8718
2614
9299
3673
4133
5847
3733
368
2357
6198
1774
1213
6307
1428
5348
8739
1715
2282
9406
9658
7637
5703
2576
7341
5218
4362
8033
780
9042
1133
5247
1034
6922
1653
7486
7850
2035
6305
6674
5243
3832
7703
5395
7341
3319
2696
1257
9574
8525
9928
593
9404
4412
4664
7161
778
2477
5039
8784
8626
18
4313
50
1301
9653
8136
8808
5228
3261
1381
9105
1197
7294
56
5534
6463
6243
2784
9397
941
904
325
1985
5412
9608
7004
1380
826
5694
4089
3752
972
4318
1411
7541
4621
2354
5527
3569
8020
6370
7507
7230
5947
8086
438
9207
314
7530
8698
895
2018
7844
8200
2796
1372
7669
6097
1628
9555
118
7526
1670
2774
151
500
422
5773
148
4971
7527
2630
8791
5187
5346
7591
4908
6254
8262
1630
590
3783
995
2562
6645
911
3211
7331
8317
9612
5015
8984
9971
2338
7628
6835
1229
7505
7217
2537
7269
3454
1815
7729
1028
9730
5021
5969
367
3200
6267
5986
7127
9247
3305
2553
4395
6885
1424
6775
2387
2620
3330
9581
7493
8843
5113
345
7113
615
1547
9646
7944
3470
4253
6097
7072
813
8806
2721
7239
7881
3811
3945
7890
4498
9693
9591
5629
9503
4803
28
3523
1344
4835
3584
6053
8432
2910
3753
3723
2977
8699
3015
9275
3778
9965
3221
9152
9378
8740
5740
2089
2400
3226
5142
1130
8162
203
9364
9511
4280
313
7582
2195
1086
4962
8792
1198
468
6910
9541
9260
4016
4362
4272
9002
8910
4750
2210
4711
9103
2422
3463
2329
13
4985
2734
5738
2604
3051
6041
745
42
5331
720
2415
6723
61
1753
9207
703
2679
7525
4359
3603
2395
7864
8188
4156
2803
1760
6384
5932
1619
9301
8819
2214
5612
266
4101
8638
4232
1800
3549
4457
2901
6179
7445
3812
7780
199
3833
4284
4371
1586
340
3422
475
2100
1308
1199
1741
6931
7054
4522
178
9137
7450
9101
9596
9372
4987
9350
2070
1595
843
1311
1053
531
1993
1416
9920
4000
6261
3611
5519
8525
8492
8157
4358
6177
1402
5831
1488
5628
2033
9724
92
1927
5093
7846
2178
5785
458
3804
922
4657
745
8993
5886
1726
201
3661
4880
6237
5854
6217
4044
9321
9232
6727
3931
8451
7406
9534
5980
727
4469
2305
3709
2204
5394
4746
7970
4079
4792
416
8704
3997
8729
8811
8966
1153
6650
2529
5856
3979
5920
6901
1044
6855
5739
5027
1661
4625
4168
2468
9824
155
8766
9207
8952
9375
3747
3387
3457
2383
2211
104
3102
4952
5827
8257
7390
3182
5253
7241
512
7854
4830
8913
6695
5290
432
5828
1692
6594
687
8594
1685
7095
2217
6395
231
3566
9610
1540
2471
4173
1137
40
8105
3025
3667
3266
1012
6158
1212
7699
5112
3111
5986
9579
1561
8448
8227
8981
3313
7609
1161
2762
8566
823
3573
2003
6187
2089
1414
8905
7787
3920
7321
2449
5854
9184
2997
4111
7007
1757
9895
5232
2215
658
216
801
6369
4564
9423
4416
1721
141
9135
8917
5536
1020
7615
762
2279
1837
7252
8565
6364
1091
3202
7547
5117
822
819
679
7032
8891
3002
966
5632
8572
7015
1905
2679
6097
1755
4463
2836
1670
4138
5625
8920
1242
9387
4800
9389
7974
2805
4217
3062
8319
3064
5408
8980
4571
6419
8813
9260
5631
7460
6980
6086
5237
9774
1456
5239
5736
43
4655
2949
1421
9199
3145
4515
722
808
762
9134
7190
5753
4672
1813
579
9518
2303
3361
9028
5318
8119
3415
812
7171
5271
8750
3305
181
4241
760
3482
6379
2890
8241
8870
642
7510
5648
9664
1368
9805
3535
2305
224
5205
6483
5855
7636
7176
3403
1153
5742
4839
3252
7620
978
4666
7152
8452
43
1264
6919
4241
1209
9724
8320
5410
1296
6590
2566
1394
8301
8025
7502
7500
1834
4276
4703
686
89
5603
5255
9144
1691
7862
2125
5534
5490
2835
276
4880
6764
9950
9873
5309
6478
9664
6844
7931
1353
9575
5745
2413
2106
3152
2771
7711
4080
4510
5661
4885
4378
9796
7628
8936
320
7367
2503
539
3769
3306
2539
6517
6636
354
4995
4204
8421
1004
8107
9672
7358
9278
1386
7945
4776
171
2703
3558
3660
9773
5213
5524
8376
5186
370
8070
3207
1182
9009
2321
5595
9756
4213
3389
2148
7988
3504
6847
4268
6811
8901
5634
2961
2634
1629
9831
2984
4496
8861
5155
3427
3680
7880
2050
6983
2045
9525
1098
8857
2878
7565
5472
1107
277
7672
7207
1384
3711
1597
306
3853
7911
9947
1914
4320
5206
5148
3920
4531
8322
6718
4926
9205
8243
9788
6694
1389
332
8129
6893
7609
3704
4075
2468
1297
334
3073
3551
6580
1598
8546
6122
2902
306
7269
4698
1236
7739
7549
6536
1405
108
2232
3184
3827
4590
7494
9710
2047
6730
8351
3454
2316
8559
6238
8886
2590
8212
6438
9399
2522
3011
1888
5352
1913
6125
485
1541
3678
4804
2852
1177
8190
9950
1672
3594
1015
5658
9956
2888
1796
3288
1067
3590
9591
8411
1847
2349
8421
8253
7519
7367
5586
458
8174
8974
2086
850
634
9513
5490
8693
7313
1266
8913
5275
5753
5818
1529
3327
65
8543
654
1677
6663
7759
134
6250
2002
1649
6273
1743
2291
4922
7848
3607
8054
8679
3603
69
1792
9646
9128
9330
1520
2974
8948
8913
4296
547
2029
2952
4430
8918
3036
3110
1944
8442
7027
9120
9878
9240
4379
6265
7192
1852
7671
9325
3641
1670
9692
1889
3078
1452
696
2636
5840
638
5424
9449
6911
3077
7739
3841
7475
6745
7822
8545
3282
5264
6610
937
6870
727
4674
8389
4806
4325
1403
8958
6730
7048
5620
2589
8477
9088
1561
3263
3587
3930
3027
1263
881
1471
4944
6251
7523
2931
3540
664
3362
2362
8636
413
1920
8127
3075
2494
4766
1182
716
3418
4455
3801
9514
3420
3792
5486
1456
6846
2112
2055
8997
2434
8954
9843
8085
3236
1630
4757
3664
5637
8563
8040
7333
7014
3091
3672
7963
9790
4938
3570
2720
8450
9825
7983
9679
9944
3396
9994
2210
1505
4088
9390
7081
9896
7022
1539
8809
4653
7483
8749
1887
3112
8549
6043
3714
5728
5344
6732
2823
1178
5609
3218
4345
8204
749
9765
7032
6253
6518
1415
7717
5112
379
4254
4073
298
7014
9406
6095
2873
6024
975
8465
6883
8048
2863
5585
6888
4767
6432
4390
437
6155
9824
6878
664
4546
7510
3931
8838
7644
8096
8416
7821
1873
6549
9403
7125
4529
5583
298
7218
5861
6283
2627
4187
88
7834
8750
6920
1530
3174
8879
2242
5511
8863
4150
193
4992
5646
5631
8162
3506
7498
7398
350
5124
3519
8391
8322
6891
6618
2527
2366
7270
3908
1254
8810
8549
1188
297
8328
7304
603
8636
8265
9177
8006
13
4638
6464
3475
7115
4030
9848
2229
1496
5131
3451
4970
1037
6459
829
2195
9031
9028
4676
1
987
5499
5065
6935
5437
5672
9907
6420
5219
4425
3659
6383
2424
4968
3256
5759
9662
9840
6421
3401
1075
6638
542
7048
2797
3
4133
364
9911
7360
2794
3053
4375
2155
1932
7371
2489
9042
1299
8938
6188
7263
2711
5483
2046
7693
4644
4761
7663
8130
9122
8772
4595
8691
7430
8724
4917
8577
1195
3277
7900
5283
9522
7341
1012
2097
2845
321
2446
8741
5222
6068
1856
4574
3422
9008
575
1623
1878
8315
7483
9455
6528
9422
8666
4373
5155
1595
400
9739
4371
1751
2331
5938
5650
5931
1664
7334
7603
3524
1169
4942
2700
8632
4409
3067
1563
7293
4668
5648
527
7313
2192
4053
9730
971
9230
8897
4197
4764
9674
9322
847
6293
4453
7506
4039
6790
9855
2092
146
2684
1422
3357
9191
1168
1953
7500
213
9729
1217
6233
1965
5442
1784
8934
1436
7928
7764
3862
3252
3763
5107
8678
4731
2418
9137
3805
763
9034
4474
3828
5301
5933
5034
9022
1660
6102
6370
2302
1269
8070
283
4243
1969
9861
6317
8982
3975
5306
6782
7217
3502
7749
7080
9915
7066
9427
3002
7665
1529
3213
5340
2039
5511
5654
6669
1893
3689
6380
9247
3557
8689
7048
3316
870
4534
6695
6671
3739
4857
71
5296
2776
6661
1159
178
6046
2362
5256
7263
8047
8048
481
6366
2176
5062
9638
5188
4630
8894
6472
7008
8254
1129
6513
3590
3003
2958
3777
6946
2319
6536
7764
4948
9032
7558
1010
9212
1347
5134
6333
2593
300
81
2363
8371
4346
5103
5420
304
9510
5125
8325
4158
5406
2506
1140
2827
1543
1626
6078
695
4692
8709
3252
8030
8807
1651
2255
3501
7009
4485
6229
3004
7430
3813
8190
8593
2477
9528
5553
9914
5094
5384
5396
407
441
296
9037
7179
4823
6886
2609
3307
551
1131
3857
8171
4347
2464
7623
6221
8811
1823
8033
6440
8744
2368
4321
7647
1025
8158
7102
8998
2182
995
4938
4439
4547
4333
3177
845
6573
5216
6176
7017
5939
8981
6266
3190
4922
9924
9349
3639
4917
3554
4857
7401
141
3756
3498
2000
9101
9216
5639
7129
4293
7768
5098
4507
5751
2604
2705
9841
4850
6388
9418
7436
9297
7236
3584
5020
623
1262
2174
9327
2757
5615
1914
674
3660
7605
2572
7471
2375
9955
109
7902
562
8420
4799
4178
7844
1014
3841
5068
5261
6449
812
9955
7056
3635
8437
5060
7718
4582
5056
3538
3580
5245
7109
8128
9683
2315
4739
5380
8013
9745
6056
9848
1742
8052
1301
1115
9932
7311
3322
9325
6118
1462
7294
3969
5739
377
2225
799
9067
945
4055
3448
8569
1526
2119
2969
1395
6135
2367
305
9830
8428
1424
8280
6151
1425
3024
4534
6895
1077
8425
5006
4899
8751
7006
2792
5402
6807
8822
1200
4089
5600
5932
693
9159
2456
8212
420
6053
9498
7242
2621
1637
9035
5778
5438
9353
8721
4666
3661
5330
8761
7107
1355
9430
2330
7792
7061
3883
4297
2136
2569
8053
2695
7824
7339
7482
2663
6007
2123
6050
4915
8418
958
1400
9787
2138
3362
9888
5628
240
3538
1008
739
1370
7935
5583
1254
7643
4730
5451
5523
4362
2961
6597
6522
6067
8040
8893
9183
9120
8702
859
1150
9419
4648
6262
8296
1315
3147
2152
940
3842
7318
5451
1876
3425
9483
7648
2399
8115
1970
3804
3153
574
4292
1948
5093
1263
6585
2552
7095
9408
1338
2778
8382
4873
7351
9722
4192
2082
3827
9098
5205
6254
3252
6190
3212
2906
3537
8696
5919
2172
4758
6703
7750
5348
859
5188
8502
4998
6501
9557
2284
5877
6596
6306
161
7543
3483
2437
3413
3845
8871
8751
2710
8464
24
9427
9004
7897
2029
4385
503
3383
1899
3046
2329
7870
1039
1747
889
9377
5022
428
3648
2540
6322
6756
2926
6123
3329
8637
409
9902
7352
83
6585
1847
9454
430
2285
3323
9195
4872
4117
2611
470
3183
7168
1372
3284
6999
9725
8894
9521
8003
1693
9060
4175
1383
8292
2983
2991
2004
9519
8903
2323
1932
8186
5416
4509
6080
3147
7117
4930
4323
6434
9086
5242
9369
2732
4632
4053
9699
2043
478
1653
7567
540
1095
1826
1252
7823
6066
511
8111
811
5976
6489
251
5601
669
8852
3121
2881
7216
6165
8957
856
1763
294
8242
8263
5312
3192
7596
2222
2908
993
7459
2275
4579
8106
7781
1925
8883
3369
7475
3157
4663
5997
9760
8441
3529
6908
6921
8033
8987
8149
7438
2508
2000
5540
3191
1929
182
2062
675
2676
5224
2880
5582
4483
3315
2622
2284
6317
8405
3938
547
7638
2540
4799
9951
7813
8127
8206
500
3157
939
372
7324
2910
7078
61
6077
249
9450
9090
8508
3353
470
9247
9166
627
4731
514
1567
4505
5081
9910
608
2127
221
9739
4772
8809
9814
3160
5951
7246
9744
5110
285
7970
5282
8644
8479
1427
349
7218
3740
6406
8115
3825
9619
3667
831
3076
3212
2532
727
5969
3200
3670
158
7496
3281
6892
2707
5602
3874
2836
537
9580
9783
7308
3878
719
5523
3620
4807
916
3821
164
3494
7206
3772
2420
8486
9137
743
1377
6681
5852
1857
629
9103
499
8973
5426
4730
8967
9917
1740
3368
2086
1381
6407
1268
1250
8469
5623
757
8469
5122
5846
7524
3858
3010
6026
4967
1673
3858
725
4261
3125
685
1656
6081
4961
9721
8068
4877
2101
6713
7484
2320
334
1609
6070
7969
2899
8519
5157
2224
9964
9578
9408
6818
3664
9226
3401
3540
6383
9189
2191
9170
6912
9484
338
1487
2322
4233
5437
5489
346
3870
5508
6837
8043
6474
6979
525
3084
5094
2024
7117
7813
6412
6532
7594
7466
3179
8005
456
7171
7702
1867
9578
2400
4920
9286
7539
2403
2410
57
6702
8170
3625
3224
4653
3154
2289
8229
2338
2407
8242
2190
9369
2458
2721
7592
2794
1328
4696
663
3686
4791
4721
2838
9486
1114
7208
6960
519
9789
2800
4624
4248
7568
5660
5606
5484
5307
7385
661
5422
727
9348
3691
6116
7171
5884
8389
8551
4019
3719
3700
6848
3990
3336
4332
3459
9797
4343
5989
2185
727
5146
8087
8868
1418
587
6686
6781
1633
5734
4993
4598
5177
8060
290
9085
4254
1876
1479
6143
7576
1270
1484
9225
1004
5949
1586
8166
8314
4210
7481
1545
310
5052
2748
8773
8549
9037
9780
3416
7563
4227
4665
1293
9660
2406
2989
9795
8918
2789
2569
8215
1484
1719
450
848
4537
9426
8957
263
8560
6066
5280
6846
1251
7773
7093
1668
6384
3810
7381
9838
8762
149
2977
890
6068
4670
6791
6685
4558
5050
4930
5642
1336
4210
5369
7935
6408
4781
5451
3748
2540
5270
7419
4320
1225
7777
1478
2458
8991
4076
9963
4111
5812
6786
4343
740
926
129
1771
8657
3743
7705
7007
9114
3155
8131
4081
8768
5124
6107
973
625
9571
8357
7531
3967
5786
7833
1902
1009
9847
9583
1451
8607
739
4378
7660
7973
3030
7603
2623
1376
3841
7477
4592
4408
2763
9811
915
5142
7331
4514
346
4937
2155
6614
2513
2350
7036
4151
7842
914
7687
2401
2207
1371
7888
1306
5267
2071
4116
8252
6014
3473
5851
4539
2496
9558
6812
4570
9283
401
1850
6952
3262
1498
6968
2544
5783
4902
2950
2567
1505
6716
2961
3221
6195
3066
3827
9030
5868
5944
2536
8018
4471
701
8848
1602
4014
6050
1936
7692
7327
7384
6568
560
2686
2704
5633
9868
1781
9349
1353
7263
4326
5685
6122
4164
1925
8323
1831
2937
8056
99
795
3497
1496
4999
4489
4604
1261
426
3530
5151
8717
4680
4741
7190
5920
6995
6161
2778
7803
5528
2300
6901
5192
3573
8640
5007
5428
7675
1198
7973
6645
4286
8911
5043
1749
5658
9536
2739
8527
6854
3702
2573
5329
2149
2549
442
5709
8955
6281
827
6250
6935
8012
666
6902
4950
8301
7090
6068
1725
2761
7314
4935
6258
4663
4447
8343
895
3113
414
8687
1087
163
3220
1395
1871
125
2822
5507
6998
7293
4683
5930
8867
7922
8305
9413
9805
4714
641
2247
571
7272
8463
9028
3680
793
9513
9140
5607
9785
399
1053
2320
3911
5460
8118
8831
1695
624
6210
1797
4150
8753
1041
9620
475
8338
8614
2716
4494
834
9841
2883
1414
8138
3039
2415
5448
2346
6338
9184
8996
5020
1083
8279
6437
2316
6164
9789
5835
328
7113
7608
7128
4854
4525
6577
5089
2855
7954
1428
2750
8692
5165
9718
4062
7682
8522
7850
5910
4483
4260
9737
7871
2842
9206
9020
1560
8533
6274
1078
2156
6204
3806
1878
4995
3732
5622
5488
4339
742
3073
1780
7558
607
4297
6014
310
5567
5106
3532
6659
6969
6877
5354
4763
6758
6141
1945
7972
5254
1709
5264
5577
9354
2697
6652
9542
6269
1330
8221
5598
9618
1597
7374
8283
1526
9017
6212
8593
153
5683
4762
3459
9821
9211
1199
6373
2227
4954
8954
3235
3217
324
2733
4478
6115
9861
7586
162
8423
5537
44
4951
999
8134
7534
9027
7533
2787
1718
9748
9319
2531
2118
6917
1379
8727
5760
5656
8743
8888
3081
9073
2524
2245
9849
5119
7404
8371
7174
1161
6872
3000
8109
396
7066
8763
9276
3986
706
5806
487
6618
8132
8903
7739
4146
7045
6430
7128
9568
333
5409
7174
9435
5489
1652
4659
6413
7600
2659
4442
8792
5242
7839
803
3910
2866
6343
1051
8529
5212
40
420
3038
6569
1869
6239
527
924
2797
9750
2269
6249
3076
2449
3935
7128
9852
3847
2524
2240
4420
1411
6127
1099
4152
6921
4634
3627
6216
879
4460
420
3392
3751
8297
3419
708
1540
477
9136
5702
5197
1665
8334
4831
7345
7090
6938
2078
3731
918
3922
4707
6987
1421
6459
2952
6459
5817
878
171
719
30
8515
5782
3963
23
6767
8993
6843
1686
4912
3207
7596
3850
7865
2253
2326
473
1195
314
638
7908
8723
2261
9390
2543
7791
3201
3904
9939
8157
1737
6696
8904
2412
5999
6561
6505
7682
9865
9428
191
4100
137
6230
5610
161
4751
5365
8419
8313
7755
4352
7783
6533
8464
7831
5522
9526
7305
410
4629
6640
8484
2012
5284
8496
3857
9914
131
7937
2380
1800
8430
9227
7036
9904
5197
1311
7794
2184
4323
9350
1592
9365
5601
4156
4545
7396
2898
7400
3976
2396
4980
6220
3154
9082
1707
8177
9120
7317
7055
4415
4438
8681
6904
3689
3380
5639
2042
6144
8055
624
879
4056
6708
2538
5762
7842
3667
251
2461
1653
2610
5003
3447
6664
3912
6358
6968
3790
8149
1725
7812
621
1584
4708
9377
6280
5537
591
5106
5352
5561
6958
2381
5062
6074
6467
4248
1941
8665
5636
8426
3479
1036
7974
5667
2537
3560
151
8888
4103
950
302
7931
6551
6002
7523
2292
300
7429
9447
7522
715
9909
6123
6741
5028
4948
5503
5443
1752
49
6272
1265
7934
8855
3194
4213
9727
6374
2377
2183
8450
1968
468
9499
3387
2861
3827
342
3
5714
981
6546
8179
2561
7624
8973
7381
1178
9294
8387
7756
6560
7882
2140
4046
6784
3176
1337
2679
6092
1843
5821
3586
9560
8796
2347
3385
2755
6427
9931
7692
351
6731
9113
8646
8332
1152
2858
549
2969
7001
5604
6001
1414
6187
797
4421
3730
418
4088
8709
3352
6350
1940
3308
3804
9982
6604
6557
123
4112
4167
1709
3417
1658
5666
2708
4104
1313
6316
652
4567
267
8061
1422
7529
9722
453
2571
7024
4411
6557
1736
5108
3714
13
2405
7247
5890
9334
8777
1511
3289
4695
7967
1915
5477
7352
9435
439
9183
5643
2458
893
926
3188
6554
7813
4009
2370
2515
1839
2842
8966
2252
8079
69
157
6365
5325
6092
128
9351
724
2500
8784
4360
2690
9267
1649
1110
9369
8639
2461
6752
5179
4345
2006
9034
9226
6517
3506
9255
6338
3455
5684
4792
1972
589
5036
2571
1133
8513
897
519
9658
8356
425
7281
8779
862
2529
4197
7004
7045
6822
710
5477
5887
1073
4075
3818
666
6699
2891
4043
3893
3234
266
247
2448
8450
3603
712
9583
5706
3473
9670
659
6245
8861
3975
3756
6272
8205
6398
9918
6836
1576
4061
9543
1201
6775
2712
6164
4654
5557
2372
6787
3041
3329
6375
8808
4136
1337
2982
4822
4
1477
2065
7639
8267
8052
426
4491
4723
7712
8315
7270
8790
467
982
6983
5297
4100
5087
6589
4500
5384
2860
6661
941
8150
4927
1987
7362
1383
4275
4438
6601
2473
2559
7029
7817
2805
3984
8490
3703
8870
9551
542
8286
4130
3993
2388
7020
7629
5436
476
2480
8263
7326
6721
5980
8694
3118
6600
8250
5787
1132
1507
842
5060
1277
4043
4016
4130
9401
7032
1033
8432
4557
1737
449
8438
2013
7408
4581
9739
4322
8396
5465
5251
8003
8733
2083
7101
3039
1388
9218
2969
440
9826
4189
8128
6193
8562
8023
7669
4049
2702
8487
7170
5026
8008
6853
9438
7891
939
5951
8809
5666
436
2334
6168
8032
1429
9853
6874
1568
3693
9677
1399
1243
5870
1813
1621
2284
7631
4685
8705
9071
2418
2713
3054
2782
335
1829
325
9124
8848
3421
9860
3582
8670
1838
8490
5526
2536
87
2291
1109
842
8414
611
5483
7555
7301
7196
7519
2895
250
4990
4127
3689
6395
7868
8563
2540
3388
4652
5514
4042
2289
2645
8221
6961
1183
6985
5060
1892
3895
7785
1889
2992
8988
298
3421
9307
6209
8220
5437
6224
7494
2004
8031
4398
3481
1810
5511
6818
4565
6638
4534
4920
5508
599
551
9485
7441
9733
5247
6336
154
7932
4727
1780
1613
2690
7828
1601
7738
8285
5549
4544
8898
5114
6114
1776
7352
5937
3807
2169
1020
1090
4401
8876
7517
5371
2323
190
2017
8797
8542
2156
3527
1053
4116
2991
2445
8455
9778
7747
3004
4788
7401
4861
8069
5257
7917
4039
9153
8621
2318
7945
9609
5311
9885
4864
9003
7501
4650
8569
8830
4370
8560
4407
5906
4270
8782
8485
9389
205
8401
7304
4932
6814
186
3222
4470
4417
2237
8535
6080
1433
6292
6812
3107
5098
3643
5456
8099
4554
1898
1705
5044
3770
3346
5229
8020
4220
5108
2333
6022
9353
5645
8463
9811
8998
2173
2487
737
6251
8958
5685
6775
7685
2178
6165
5272
6501
6542
6400
5213
7505
5267
1890
1551
7470
6875
3058
6513
8387
5635
5316
5603
2427
1751
9833
9391
2987
4554
9525
7094
3925
6795
4371
7284
1371
796
8162
8988
8052
7463
9846
6511
4004
6894
3548
7706
9673
2847
9368
5488
6922
1080
9799
9155
4006
7262
4556
4009
413
3067
7889
2439
4256
1012
2949
1699
1750
4909
6301
2825
92
7357
6307
117
8956
4337
3961
1923
3266
3255
1457
6017
6685
1085
6024
2907
3529
9723
5414
6816
6807
6317
8875
8294
192
4708
3447
8388
3657
9725
3604
9077
2039
8211
5619
2871
5024
3551
4957
7832
3059
8631
9443
9652
5201
3782
7181
1498
1702
2045
6672
7412
6358
2276
1495
9070
8591
7583
7024
8559
8351
2863
2278
5523
5727
4383
7650
2166
4968
1597
9375
3108
7863
2436
7113
4008
3567
8077
2219
7276
8827
78
7013
6651
8329
1499
9335
2042
2777
3606
5202
3130
5335
2797
1322
8459
8251
4849
9565
1995
9295
4175
8576
4824
6065
7511
493
1655
1736
4986
7165
3506
5305
9379
8047
9985
3383
9971
244
4050
5150
9585
9093
2977
9183
2862
1490
3939
7215
7780
3080
9070
9538
7357
5563
2261
5077
6385
6079
1518
7748
6465
300
5173
4858
5787
5459
8219
7327
9941
7734
5498
9343
7149
3552
7268
1828
8513
3486
5501
7493
8908
7467
9377
8288
8828
2101
2763
4045
4837
8862
2175
287
7501
3408
769
1302
5736
3367
9705
9678
7458
583
1461
5783
6389
2118
1659
2309
8488
5291
8377
1148
4387
5708
359
9261
4617
6379
7416
9405
9139
8204
2069
7384
2494
7059
543
4558
8621
3398
262
767
8729
2164
7754
7857
4336
5046
1373
6192
8966
2732
8670
4759
1821
1883
8672
7349
5948
5345
1315
2259
4973
8913
4021
3949
7516
4607
6224
1513
7501
9558
5971
1058
8111
5471
1697
2912
9577
6843
7783
908
6850
1020
4839
8249
101
580
7606
29
9244
9084
7089
9505
7337
88
6352
9564
4877
6660
2302
4961
2352
1605
7561
2841
665
5297
293
2555
3371
6620
5332
2367
1319
442
1673
1759
4951
9637
5533
7281
2815
2402
2560
328
7253
3072
8587
4842
9257
2768
1186
6393
1917
8179
1875
3904
4367
1565
7979
2835
1468
1016
6455
7775
6139
315
9927
3728
4460
3826
2762
8383
9268
9755
4681
2246
8074
2867
7702
7435
2669
6255
9379
6775
2286
8679
7907
8284
7387
7940
236
3975
7030
2528
4026
9268
2937
3600
8518
6985
3095
5843
2028
3197
2704
6150
2179
5381
1194
9872
1126
5185
7043
3426
3493
9251
2851
666
1843
11
866
9983
3965
5383
1143
1157
9254
1383
1432
68
3076
1459
6710
6209
71
6264
2476
6070
5778
4987
3544
6044
3509
2080
5516
322
145
6180
8867
6559
1885
2715
839
7507
5748
2272
7575
7635
4962
8361
6998
2617
7538
1550
4076
5933
9544
5077
6914
797
5522
2812
2847
9698
1690
3981
1781
3239
6429
6004
2085
103
8296
7329
3552
4920
9674
1848
6792
6021
124
3728
3156
2157
4430
5385
2464
8567
2697
1862
2439
2989
9882
69
9398
7670
1451
4445
2428
4576
3299
5961
1709
138
569
1311
8784
5884
1951
8279
5032
144
1751
3451
3972
9547
2372
8283
4849
4298
3939
1934
7670
1682
4443
8457
9028
1445
6678
996
8880
7013
2949
6108
7329
3876
8669
7903
1965
203
4165
3945
8372
1184
4756
5678
3766
2164
6354
8084
901
7315
9047
6638
1882
6743
5889
4947
2477
8167
6271
4173
5183
1948
2823
6159
7729
2463
9913
1057
8791
7530
2276
2806
2244
88
999
9429
9774
3375
1115
1023
289
2984
5677
1310
4630
8248
1077
2161
9370
3063
9849
5381
7512
5205
6278
8209
1093
7751
9707
9466
3996
3027
6325
1840
8843
9923
5653
2140
9188
4002
6708
8486
19
6722
9374
8245
637
3389
2601
565
2877
2980
5630
3750
3676
4797
3030
7571
5601
5810
2410
1355
4879
443
3515
1104
4101
9360
6563
6242
2520
5765
5537
8024
490
7886
4848
3889
494
6377
6525
4255
5948
3271
5228
9472
5818
3531
8377
1817
3006
6609
5978
7265
2286
9464
6479
7952
4447
2910
8058
9243
2611
3896
2410
7105
9266
1234
8537
8855
5778
7933
9447
3140
1395
5000
4787
5759
8078
1270
4817
3729
8841
2741
6803
7492
737
1928
786
5894
9820
2420
3797
1538
155
7687
4919
320
2799
6663
905
8886
6961
7720
542
2816
5650
1829
1408
6720
2019
1231
6739
3029
4313
6372
8687
4912
3685
3960
2769
4195
2596
7343
5382
6975
5065
7593
3914
8630
2763
4875
4402
4884
5662
4702
7347
8066
2301
6523
8125
6520
6916
8860
3123
6145
9830
2096
78
5142
9291
1035
2481
1818
8823
796
9888
2101
6809
5743
449
4026
3011
388
1029
6504
6670
6082
8974
259
8722
8370
9934
5246
2030
1422
9138
8088
2783
2916
283
7672
6380
8176
8677
5720
5765
6771
5068
9852
5098
66
9232
8562
6680
5966
1997
8730
3495
6721
7010
7483
1187
4300
2675
7605
478
3018
7912
7181
1888
8405
248
6988
272
3658
6948
7343
9471
1081
4740
9038
7818
2099
7126
1322
6287
4755
1851
327
6999
5476
6
5029
800
8137
8418
6737
4258
8644
3223
9820
9601
8640
2386
6630
3412
5337
6959
2362
1756
8268
2098
7094
2148
6367
7803
9755
9922
3086
2921
2685
3429
6056
5459
4407
3082
1379
4442
9297
7310
8733
2896
1763
551
9020
9923
2466
4035
1710
694
7358
5683
6479
1556
3633
6533
1609
6750
9566
5519
6850
9204
4125
2870
2690
3189
5982
1761
8933
2491
8084
3200
4164
944
1835
9483
8988
5709
8297
2363
6336
6035
3065
9288
7888
1645
9298
1802
8715
4011
8186
678
7907
2225
5875
3834
3740
8874
4518
4704
5931
3320
3432
8108
6297
1997
3027
1827
8970
6139
6143
4828
1452
7472
4773
27
9479
6253
4211
2209
4744
7189
2068
3956
8939
8499
2740
618
7744
5306
9482
969
1947
8802
6133
2895
2236
9979
5016
7132
1487
8827
3478
1588
5332
2589
9786
7980
4999
4053
4560
3224
5342
2076
7769
8148
6048
8240
2150
3786
8025
2036
5326
1875
853
7144
1198
5273
8444
8352
4955
6680
6143
2857
4729
6067
4429
8486
7339
350
2701
2403
4286
2578
780
6985
2978
7498
3036
874
4003
3682
6418
6391
277
2767
2573
1526
7913
5746
7234
6611
3319
9839
4270
1116
7323
9505
8947
7300
1990
9643
1896
7110
2951
1
1797
3587
7975
995
5839
5048
1265
5959
8036
961
1599
8426
8428
6600
94
9910
4858
1184
5567
6369
9579
8943
1761
9491
6713
9926
6224
3454
3657
7517
4746
2188
839
9007
2679
2248
1339
2444
5666
461
7460
1098
9707
9547
7632
6909
5952
268
3538
5412
4611
6617
3989
2089
1164
9859
6448
1936
4222
5345
6055
6317
5693
7805
8469
2654
4703
5510
9308
6952
9761
1751
6739
9548
1822
643
8160
5935
5565
384
927
1020
8611
5769
7666
3612
8058
9151
1246
7265
457
5975
9785
9248
5517
5992
5268
7284
1879
1306
7010
9623
3445
8202
6932
874
7656
3038
6143
5373
7358
6009
9843
4264
7859
4840
9026
5447
2033
2944
8383
4442
7213
7189
5395
25
2763
588
1931
7751
9481
7061
5605
5558
2349
2113
3068
5259
5091
8598
9273
127
4132
5303
7683
1338
1809
4897
4872
1397
8280
3645
5967
5473
2231
4800
9294
8213
4175
4668
830
2653
709
3496
7396
8960
8741
5286
4443
2263
6102
2741
9479
584
1065
9651
3581
1195
1053
6120
6785
9171
3511
6940
1402
4469
6658
5230
2478
1175
9565
8598
4438
2595
1603
6153
1121
5562
7028
224
7328
5044
7986
328
7529
4627
1566
1355
3272
7369
5227
1059
531
1418
6208
3791
9408
9445
572
1240
649
7546
9506
7951
8209
8462
2523
1415
3483
6248
1079
5894
6163
4490
461
9304
2233
2270
4547
964
8620
5463
1700
8635
9361
3799
8923
7737
4161
5352
2982
675
7615
3129
2924
5669
7042
3769
744
5240
83
6061
1073
6062
1342
9313
8105
244
5691
5230
3042
9
6699
3963
8652
6459
4845
5264
4488
7532
5566
4812
1939
2396
4400
3625
372
3878
2169
4249
3752
990
6251
8866
4587
8391
3049
4960
660
2405
7264
5539
3187
1149
4099
1651
7021
5467
6269
2132
9608
358
4461
8801
7753
8165
3048
2194
3660
2436
210
8956
1465
9606
5960
653
3824
4281
2492
6395
808
5033
4704
3882
7266
442
6141
7505
3504
7894
8688
1370
5257
669
2947
8253
7435
8815
6341
9016
8675
5644
6231
1535
1422
9430
8148
9676
7683
3466
8476
3222
1054
9695
1885
7123
2628
1060
8963
9447
5680
5067
6794
5341
147
8765
6537
5892
7330
7725
770
8686
1703
9035
5443
7457
7805
282
9159
4757
3645
4960
5286
3450
5676
228
6644
5494
6814
2003
650
2460
7499
5302
7017
164
8754
6814
996
1201
9858
7262
5578
1854
5042
6268
4927
8253
7883
8040
611
9187
2620
3827
529
7815
3491
921
3392
86
6356
5686
5628
101
9660
3317
7164
4643
139
3084
1285
1929
3082
1718
3998
1931
2448
9054
7966
8170
1643
3045
7415
8984
6932
3753
2497
1769
3101
8190
6276
422
5654
4157
4355
5394
3165
8956
4253
6987
3361
6770
984
9661
1653
2566
6339
6584
9
5858
6080
6331
9921
3572
4074
3390
2325
4426
5738
6798
8116
6714
8062
6142
2309
6393
4498
4265
641
8832
2141
6542
4426
3136
4160
9928
5626
1349
4121
6558
7176
55
8857
7425
3640
4183
6576
8221
7625
5663
7102
1965
3859
2593
6846
143
1315
2359
2642
856
587
620
4182
380
9652
1346
5126
5229
9811
6069
2715
3976
3011
4720
7002
7232
3325
3097
1475
9676
4434
2082
688
8139
532
1894
5152
8559
1975
1021
2327
1061
5424
5195
6501
9847
1773
7848
4658
4670
7054
3532
5530
4695
5011
8707
8397
1521
9303
3772
6922
2458
3010
8699
4901
1493
377
6223
2509
5855
9605
8970
2456
6796
1644
9386
6936
9840
7071
5661
1482
2198
1544
2268
6759
2455
2241
4844
3968
501
4211
300
6134
4251
6692
7916
1040
6597
5450
414
5301
2
8414
7665
6192
3223
2915
9187
4109
2884
9797
4359
6586
2200
5276
8872
926
2081
8382
2799
8485
5254
5588
648
5960
7324
7306
6782
1926
266
8553
2672
924
7021
5489
5510
2786
9650
4336
3970
3924
1348
6444
6334
1932
8107
581
847
1861
5211
8589
7590
6594
1306
9481
3983
1551
4022
1487
6762
4702
1194
1613
3563
4968
9337
226
7488
1093
969
3391
3948
204
2587
4904
1907
6123
1925
4694
7782
9866
5415
114
2627
9121
7903
3814
5530
6366
2661
2043
1129
4233
5663
2083
5334
2806
2168
9724
5127
4610
1638
4761
335
3153
6478
8854
4797
8841
8061
1753
6110
9160
9739
4818
1375
3082
195
9959
236
2538
4428
3436
8301
7806
2101
3399
3559
5497
6109
7965
6720
3279
1176
4370
1588
2717
6808
7662
6544
2599
763
8780
3201
4235
9467
8329
4770
569
1009
8752
2220
4745
8555
8377
193
197
5790
1085
1337
5120
1249
882
4577
6193
6278
5329
1572
2271
7891
9076
9254
9706
537
8079
2772
7830
8227
3186
321
4675
5530
1672
1618
8049
3901
5947
33
8608
6006
4765
3364
4893
5197
5060
1406
1913
8610
8475
4919
7142
1795
7555
6266
4868
1539
8479
6967
6056
1574
5176
2281
6055
4277
891
1814
5380
9663
3158
5416
7582
9822
157
9953
7538
2533
7665
7418
7644
9668
5483
4052
8884
9934
7378
9799
1592
7939
7094
2463
8263
2425
6381
5427
3642
3775
5825
4887
807
8920
7607
7864
8357
5005
7704
5888
9985
2789
1360
4058
629
7845
5652
3783
2720
9885
9990
5867
1168
5274
3376
843
2845
6655
4781
2350
9615
396
8676
1486
2358
8007
7377
1604
2322
8143
600
4355
7067
7881
4112
8565
8904
3806
4703
2247
7640
8338
8999
5712
9694
2048
9111
3134
7399
9163
4805
3519
9940
8241
4048
2747
2234
8870
7632
9058
7089
4753
6732
1602
1380
540
7024
3935
2016
2886
284
5649
3648
1
6698
3409
3533
2386
1669
7986
2855
4144
6699
6493
3421
7366
3397
2613
3517
8226
4882
2204
6148
5741
8511
7591
3039
7665
8184
890
7217
8755
4822
7253
3370
2968
2567
5218
464
8646
7373
2773
9723
4309
7482
8953
5778
3776
8349
7619
4019
4410
9117
9664
5781
153
2424
503
2988
951
4082
99
2470
7794
6245
1766
6532
2929
8813
6375
9321
8929
9148
7238
5664
4546
2820
3058
3777
897
2325
6690
7840
1772
1167
1575
3564
4274
4691
115
2420
7842
3150
8819
1529
2460
4877
2113
6958
9589
7785
427
6284
9950
2021
1477
3993
4909
6621
1223
4278
7769
4753
9876
2787
9916
290
2353
8484
4121
6101
5787
6662
6681
3484
3606
3540
4825
7792
727
2856
9704
18
5116
3744
9984
7844
9145
4426
1222
3106
2974
9809
223
9706
7881
6357
35
6059
729
1587
2992
2860
4544
4329
6435
8032
4621
8143
2597
5187
8680
7041
2395
995
1482
1501
6138
8716
4514
7921
9091
1901
6913
7408
5448
2184
5878
5957
3851
1537
3753
4689
6048
7932
8722
5487
308
785
4040
6461
1887
5373
6269
5459
1417
9664
8490
6762
3621
7285
2718
4580
3828
4097
7120
544
8223
1027
4708
647
8090
3727
2024
7090
4989
8027
2514
509
9084
1020
4706
2869
4724
7023
880
1811
870
5229
8581
7098
7145
6509
2500
4184
830
687
2058
5912
7120
4580
6464
1016
3160
5463
8485
5421
7969
7491
5342
7541
5342
8660
588
4209
8663
7303
5436
3389
9092
3801
9473
1258
27
4496
3014
2430
2449
3008
5386
8247
493
6486
3645
8223
693
9037
4116
4664
5966
763
4194
1503
5232
2632
9950
1132
6357
6797
975
13
5578
9274
3806
153
4993
495
4926
9264
2411
9671
5824
5190
7274
7228
4560
4959
2162
5516
5523
4732
8161
3261
4292
3079
272
877
8300
5196
1388
1935
8741
7031
72
8825
8805
2177
8081
5303
1534
5770
4122
1999
6716
4652
8953
5765
2531
7579
6402
3781
5773
6238
2856
8177
4772
2594
3207
7133
4652
7143
87
2968
940
1776
246
7683
5679
816
5368
1260
2591
2354
7193
9507
8163
3475
2444
6825
3791
5689
4956
3656
1902
1753
9775
6303
8528
1293
4727
3483
1820
9680
7577
1217
5491
4746
8142
4052
4651
8198
1374
4370
1364
8513
5182
6637
9977
5284
9235
8004
5397
5984
6433
2953
3171
8539
4683
6216
2869
5008
1542
4994
53
4077
960
7018
3239
7915
7964
1052
1385
6554
6395
3721
7552
4372
5441
5000
3780
3473
3327
2596
3301
8001
7921
8291
8404
7627
5581
467
1424
6350
5631
9233
1548
8916
8876
9004
6451
1986
3255
1390
7549
2943
7171
7344
2705
5033
5941
8285
7471
210
4894
3291
5624
737
8021
7715
3233
5401
6855
8855
5799
5525
5899
5024
381
2961
9956
5716
5636
6294
6541
8811
78
3353
8652
9508
148
4757
3288
538
2941
3755
8245
2962
3069
387
657
2016
8325
534
4404
1153
1641
7106
13
7361
4761
9461
750
165
628
3205
1578
4296
5584
6949
5230
3516
9586
5998
1219
3985
9049
9824
1583
1567
8015
1550
8683
3678
6188
3957
9681
8633
395
6275
1482
2621
8064
8841
7136
1966
911
490
9771
960
5632
5719
5989
8855
352
4408
4644
2322
5878
8150
9562
944
7268
6104
5858
4105
5695
5033
3626
1548
5796
4685
9363
2723
5483
1375
183
2015
7930
2158
1688
4666
4186
897
282
2439
7996
6869
1955
3371
121
6423
2075
9619
7431
8195
1725
5051
6947
3520
6526
4342
9550
2364
9910
4134
4556
5389
5151
963
1459
7541
5561
6733
2479
7077
8341
4826
8903
2009
3727
9520
1588
3216
8853
961
7168
2957
1375
7065
8973
9798
7483
98
868
6577
8518
8109
7181
6380
5936
7154
5774
4013
4040
3959
4596
583
9147
3663
4617
9650
8188
6148
6751
2837
6725
4457
8887
8803
954
6302
7012
4783
8445
2147
1042
4947
2290
2115
9542
3252
9604
5102
9378
4081
1024
3338
3862
9231
596
8122
5075
9743
8867
9848
5761
1245
6358
4576
8115
7515
7472
1055
7227
9099
5726
9824
5530
2878
7148
861
8887
5271
9670
7513
1937
956
6206
1666
5359
5274
3787
1325
4721
2559
7365
5827
1294
9285
353
9153
2141
4681
1720
4879
415
1155
7057
5102
7013
1798
9108
3337
8479
3263
9270
7371
3548
3155
2159
9525
7853
4812
2784
159
3225
3422
4914
1860
1384
1049
478
6901
1065
2053
8981
828
6289
8739
4119
2788
682
1914
4524
3328
5583
7778
3236
7951
4898
6550
4463
7536
8429
8304
920
6098
2704
173
1758
9111
6887
5753
7524
8385
3028
7219
8993
8745
874
9437
699
6836
3229
4173
2819
7755
441
8312
4999
4500
4189
3700
138
9957
3595
3941
9255
9245
4953
585
8440
7338
4996
3989
5183
3967
7720
7128
1171
7750
2810
7368
4782
1678
8727
435
6217
1151
1590
4685
6802
5747
5078
8635
7999
2420
2455
3518
4954
5622
7131
9212
8158
5690
4778
820
7149
7278
347
8265
780
5611
7148
2418
9981
1451
1624
1804
2703
4318
3954
799
3275
6885
8552
6
7511
4746
5630
2134
3016
7553
4634
8663
773
1206
7034
7718
2211
1328
4803
7130
6080
9567
519
2129
3280
5640
5926
116
549
3782
1579
3996
5997
3018
841
8207
3088
3083
3894
7208
9805
7399
7588
4771
5979
7986
3324
1610
2791
7773
6715
8297
1479
8674
5343
4366
565
3689
7247
3189
4006
801
7452
6063
859
1819
6995
2425
9625
3744
4717
7213
8062
1113
7253
8121
8833
9077
1258
3243
1493
4729
5219
3571
2528
6024
327
9902
3113
4534
5194
5169
3589
6217
1538
1358
3064
3772
5956
588
9922
6187
5095
7217
8562
8760
2474
6843
1321
1543
8714
8960
8495
2760
1018
3754
514
150
5204
9722
6332
9299
1427
2111
7056
7738
3421
8730
8406
5978
1088
669
3231
1000
3660
3893
1935
6180
9390
6661
1899
8368
2026
1054
360
2659
9829
2756
5202
1776
696
9725
4942
3373
4493
3682
3960
38
8815
2415
7912
6068
5840
6111
6799
8881
9074
1818
2729
1568
4808
2497
97
8541
4264
1148
5849
7288
8162
5676
1475
4051
3646
5332
4757
6506
4674
2555
6863
8728
6890
4870
2984
8823
3386
3011
6161
5433
9141
1825
5921
9703
7867
9704
8712
6309
4275
2473
5457
3006
6575
5015
8536
3102
7116
3801
8522
4941
9805
9792
2524
106
1501
7761
956
2702
9613
624
9018
9831
7543
6544
6842
2021
423
2560
4348
9416
9392
2023
9117
5200
4021
3818
7066
375
4370
7710
3431
6092
7875
9922
4440
2090
7210
9345
8483
5723
2859
9300
5954
4263
2257
6566
2308
8452
1463
7189
540
1668
9961
5254
2004
5536
723
4729
7882
1562
1158
1621
1714
2947
3644
6059
6052
6002
7073
3831
5817
1629
8569
6380
1321
4189
8780
4640
2723
2298
50
7760
9310
9715
327
8329
2332
4930
7437
4875
4590
3698
788
5588
2909
3778
8960
592
4410
2505
7518
8543
2828
9630
1729
4879
4271
9906
7755
1827
4671
6023
7046
6744
1043
547
2706
6570
1635
8846
4493
6671
6453
13
8213
4381
7143
9997
5288
9630
3860
1347
8184
906
8937
3925
3608
725
3567
314
4278
4843
3374
8472
2524
7712
1701
7063
593
211
9557
6355
5184
3815
2780
7331
6593
8540
6716
7925
8285
6480
6107
8660
7693
1738
5717
9160
4978
8417
1699
2238
3374
9589
9529
5810
6991
1101
4694
4471
7895
5707
5030
8237
3124
5297
4532
5995
5875
2544
8986
6536
9696
7400
8018
2296
9108
5132
876
9599
5960
6907
5647
5677
8516
8214
9928
7100
220
6775
5488
6147
787
4633
3750
9647
2237
3470
4473
2997
7674
5165
6250
3712
8283
8865
7672
4261
9195
8842
6594
1552
5891
8165
830
4758
6338
1858
3872
1078
1447
7283
6098
9505
4186
2600
8489
9122
8258
6302
7649
4078
5264
5853
4075
2823
8433
1491
3714
9398
62
7333
2691
7498
6436
6726
1891
7184
6090
5979
698
705
3173
2614
5931
5147
3485
1015
676
7154
2004
2587
2099
5200
9837
9039
6095
6134
1933
8614
7982
8401
7911
7494
7693
6660
9379
4421
8243
9982
3706
8684
4908
1059
8345
1203
5581
4690
6655
8197
9
8294
3623
242
9757
2408
9048
5170
6133
6126
3411
6137
9604
4411
5576
9739
7262
7163
566
5519
4572
1483
6612
631
6686
4263
6428
1384
1986
4918
1159
3565
3341
7755
8053
6391
7244
5759
2497
4606
816
8236
7566
5256
8334
18
1530
9814
6146
313
2203
1123
9521
2745
6833
9355
6006
1074
3617
188
5049
9568
1393
386
6193
7746
1806
956
5237
3947
3502
5082
9953
5192
4900
1342
8687
2886
1580
3317
1377
9625
9473
8191
4423
5689
9749
4520
3207
1913
2707
7664
1479
4723
8179
1086
7656
3336
2631
9618
7919
5362
9895
7580
6955
5110
3997
5518
1383
3355
6966
7271
3987
4414
1705
8455
7638
3175
6766
4906
9351
9209
6619
3343
9387
7211
5385
3589
5767
9833
4137
374
686
1725
7582
6538
789
6876
9840
2762
3041
4115
6198
91
7291
892
8676
2559
293
2938
3855
6666
2627
2615
9811
2876
8730
9421
426
4166
4130
7807
8319
2808
7434
9097
6733
5195
2873
956
8370
5705
3186
1579
5160
91
7384
3149
5784
7470
4211
367
424
9087
2442
8726
1993
7595
3198
5715
6261
5938
5446
1375
2303
8057
8805
1374
925
3250
2846
2993
4612
3085
7466
2670
3241
9520
7652
7390
8867
7442
8680
5804
1019
9638
9664
9491
7545
6234
5094
2327
5920
9035
1544
5316
6472
8465
3635
6474
6510
3448
2512
1249
6974
6016
5022
7409
660
4532
1681
7042
2440
4061
3850
2733
959
8838
2858
4542
2772
3218
3634
244
8140
2911
8919
808
1499
8883
4846
6579
9947
8108
4124
1803
701
2835
994
2661
7766
5956
7973
3268
6385
6919
5363
5509
3243
5984
6488
4306
7292
1938
3199
2964
84
7932
4597
4083
6748
2196
1286
1886
609
5482
2143
2841
4349
5486
2701
1657
9586
7002
2710
4480
360
1927
3025
4175
3404
5044
1026
3738
4644
1217
5441
6666
8454
4367
5318
173
8842
9118
4887
8234
5021
5204
7046
7260
919
6577
3846
9268
9129
9618
8075
1173
2717
1929
2123
171
391
1943
3144
5028
4529
5415
7931
8766
4610
8269
3458
8917
9455
374
4368
5366
1010
1907
4524
3605
8305
9987
5958
8951
4044
69
441
2332
9725
7838
1771
3080
6972
969
3757
1718
6700
4178
6652
7321
3060
175
279
2831
2804
5146
6330
6885
5101
5960
6496
7451
1899
653
6121
9576
7637
3584
6710
3960
988
6891
9772
417
4425
2510
4408
6907
2955
3755
2229
2942
384
2128
4480
5581
1312
1794
7500
7235
1803
7647
7351
3961
3760
3387
5401
5343
8828
9872
6201
1494
9369
2768
9313
6410
8170
6760
814
3670
1809
8810
1233
8416
3808
8444
1901
4292
5288
6951
746
1591
7665
7090
3296
3978
6630
6392
7986
1605
9527
9700
6281
6108
2005
4527
4026
3545
4508
8210
8325
3256
7845
3885
3186
6929
3412
7124
8345
9236
5408
9205
3636
8837
691
8983
9140
5158
1006
112
5464
4547
8655
8900
5680
7118
1714
9162
4437
728
8155
1770
9681
9481
2030
3078
8329
2441
3899
4358
4655
4452
4582
9454
1045
243
531
6635
4194
1860
5444
4224
509
7932
5214
2688
1462
2127
1469
2769
8171
8791
8326
4241
7569
4737
7916
6748
3364
6301
9599
9328
4705
5283
8729
3162
7210
4704
1166
4692
1941
9518
7543
4425
1371
1945
6389
8310
2262
8866
3465
615
485
662
5498
3506
3719
990
2288
3294
8136
2910
1240
1035
815
9030
5711
985
9434
1670
219
5391
5417
9446
8372
8726
9129
605
6153
4908
6483
6501
4450
6180
3308
5846
6240
999
9523
717
1758
5307
8719
7374
6130
8645
3896
2762
3875
8517
9507
1936
4652
2228
9436
638
7788
6308
7686
3727
3457
356
5701
7821
6050
5449
8046
4322
6067
7123
9606
2239
1344
7986
5124
3222
4191
2441
8306
1664
8407
726
9369
976
5531
5342
5294
8804
5578
2428
8955
3921
1198
6265
3882
9522
9941
9823
8882
9041
4770
6910
3355
4103
6282
8127
7557
6532
4100
9581
8431
8950
3896
7331
4599
3036
1665
4557
6869
2743
3092
24
3349
7582
3577
9103
6096
6241
2115
3462
7786
2699
7427
2172
6123
6757
8740
3633
4227
1851
9113
6852
9160
8497
262
8568
5858
5408
8552
1568
4824
8963
3067
3410
4651
3180
8636
6202
2556
4098
8587
395
4071
8133
8643
3292
4863
6270
442
7067
2518
4963
9921
1424
8145
9316
1154
3725
7716
2161
8316
7929
5476
2425
968
787
5333
8550
2265
9665
6103
580
2068
637
1118
6530
1954
2776
3770
9140
889
9765
4722
985
8166
1922
77
7788
1514
3431
4090
5997
9392
3884
9046
8294
8003
7692
3083
5197
1046
1348
2031
6048
1310
3641
91
4961
5063
4311
8552
7234
7561
2179
7573
7476
685
3659
8724
6458
3567
8955
3495
1027
9640
7582
1059
852
4863
8894
6872
7183
7937
9949
5642
9421
9764
6296
4489
5068
5082
497
9699
6874
5666
2712
1757
4321
9507
5193
5223
3565
6526
7289
2960
584
320
5382
2056
2220
1325
5695
5869
9089
1782
1310
5545
5188
9889
6065
2416
8194
3599
1339
9986
6166
4370
8249
7603
9163
7146
1909
4713
8640
9707
8663
5266
1804
8643
5337
4603
5673
2985
4025
2063
7902
3611
5807
3846
8969
9882
9604
602
9435
323
246
3469
7431
7734
5601
5082
2132
9730
4150
6899
4726
4787
7567
2040
8948
9191
9358
5480
838
6730
1358
6374
9701
8525
3442
5709
4787
6325
1375
4400
7803
928
4538
5594
4912
7130
3933
8669
3853
402
4966
2534
9259
5988
284
459
5677
5135
7489
232
4538
6450
7691
3393
8966
9624
402
8194
3546
7253
4653
5855
6056
8297
9769
3581
7339
1227
8212
3131
7996
2431
2073
3767
5592
9209
6648
2278
8060
607
1751
9958
5304
9932
9206
4395
9814
2400
5322
1978
6202
3525
6723
4655
4566
317
8841
9598
8615
7839
6459
523
9937
4710
4301
2874
5202
5767
2197
4746
683
5138
8369
5385
1644
852
1729
3311
2307
4338
5396
1326
48
9857
148
6983
1201
4529
1492
609
3150
9330
9732
6448
825
2671
6909
2447
5931
5428
6012
2378
7415
8296
7928
8174
2993
7618
2296
1351
1043
3166
4806
2561
2375
3213
715
4118
7475
8379
5643
4524
9813
7803
2295
8936
5693
1582
8908
409
1981
19
7632
225
9197
7872
9836
3648
9605
9642
8710
7045
3933
638
6869
3832
2867
5324
5863
6137
5204
632
8404
3689
9279
2754
2773
8360
6356
6845
3207
2480
7308
7817
65
1614
9020
8102
4047
8828
7351
4045
8422
1614
7202
3575
3180
2321
6427
191
1645
8626
2923
3205
55
9720
3984
365
5935
5621
9959
8011
5385
6319
5093
102
2766
2286
2997
3749
5282
5136
2056
1096
5401
7978
6842
5121
8464
6007
8246
3160
3918
2723
4147
1065
6551
6937
9207
65
3427
3482
8927
993
8112
5464
9184
3668
1495
3762
9005
9567
2995
4381
8983
7824
2338
3850
1476
5814
9388
8363
634
8503
5594
4000
8301
7767
3029
2128
197
1422
1957
3078
9265
7579
9180
4367
1026
9879
8484
9555
3372
2331
7826
1508
9341
3950
8085
7901
1187
4565
8872
2483
4090
4705
4049
987
7054
734
3772
5410
3489
527
4362
6657
3140
2697
6573
9974
6941
651
1282
6698
6245
3746
8084
7005
6028
2648
9705
8206
9779
4890
9935
8224
215
8553
8705
1619
1936
4757
3445
5166
9236
9552
3071
5619
9662
2687
49
5957
2582
5866
3567
7227
4291
6620
3703
7861
4829
1552
7447
4378
9425
2492
2535
9259
7139
7001
1506
8979
9606
6182
9234
3519
4924
4154
507
3535
4186
1151
1887
5069
8694
4988
5857
2065
3162
5754
3529
9640
2498
367
4905
3303
3810
627
6808
3366
1131
5460
4472
16
109
6838
7218
8612
3216
354
1283
6862
816
3044
8962
9565
8861
6862
6986
5377
7674
8270
3825
9651
1906
2125
4679
5794
5411
4885
4051
9525
8290
6035
7108
6044
5766
3756
1611
9667
9383
97
5309
3037
8342
1974
7181
8597
5085
8662
2150
3980
6585
9777
5140
9265
9865
3118
565
3576
2966
7470
3159
6315
7844
1982
8032
3196
5966
7201
665
5676
1289
6606
9034
5126
6148
2177
1589
136
5404
2199
1847
8913
1673
4643
3729
999
1480
3205
551
2327
9410
1416
3086
4347
1141
875
9105
2735
6146
3570
1753
7594
5933
2506
5655
5992
5869
2026
6760
1623
806
604
6630
1732
2068
309
5093
3568
8280
3815
5950
6964
6627
9484
7580
5228
1123
1281
4194
1973
6423
1466
2221
1597
2401
3733
3811
6881
8353
869
2493
8269
2934
6333
3508
6996
2872
2353
1545
150
1160
4809
866
6776
9246
657
1501
1983
5715
7126
7692
8861
9786
4688
1585
4457
3357
330
9029
2494
7176
5843
8511
5113
1888
8146
8593
3827
4255
1311
7931
4459
2329
2862
3702
5438
547
5284
7387
9903
5511
1171
950
5980
8123
3384
2077
5173
6549
5197
5980
8238
2566
6941
2534
399
8942
8284
4051
5276
3879
4736
6175
293
760
7743
3242
3
7837
6902
8289
9111
227
9862
7355
7449
8541
2104
5225
5535
4514
8384
4492
7362
19
5193
7075
856
2073
2465
4094
7143
217
2729
9590
7059
9392
1145
7663
8137
389
2753
3490
980
364
4703
6451
195
5939
7391
3574
5618
1336
1073
134
8950
3535
1624
2283
4055
7407
5561
3819
2220
948
7993
6143
2421
9412
7008
4214
9854
5899
5902
6323
6264
1884
5253
3177
5050
501
9964
1491
8248
1431
2020
944
9880
8531
3989
3354
8278
1139
8136
6917
8473
5471
8491
2014
9644
2198
7561
9923
5806
8677
2995
7155
751
4206
9545
6293
9896
1306
5284
7291
5715
3571
8904
8680
2330
3888
2861
5417
871
2764
4842
3207
1780
5321
2898
3258
7714
8277
8031
1102
7862
265
2735
5441
2937
1853
6311
829
3535
6200
1189
9796
6104
2934
1061
5654
1974
8287
5255
901
7044
7016
2139
1967
1074
5773
5065
4540
2602
5776
23
2210
9275
2517
5855
8754
2265
6599
9382
1191
7406
4467
8323
9118
9653
7770
5898
105
9423
5700
9072
8973
7155
5312
1359
3784
1149
7758
5854
8706
78
7110
6934
3226
9965
6682
3144
2544
8661
8671
1809
9301
3871
8429
8601
4190
5516
9009
9385
2452
2556
7924
9203
7409
6330
4982
8768
2622
843
8517
4507
3127
7147
6925
481
6481
4287
2512
3314
3031
2083
8453
8500
1939
4309
2757
3265
7967
2535
7222
7307
4091
7381
3694
1776
5227
703
3003
1500
5104
5113
99
6987
4132
2826
9831
2645
7020
4246
9145
7921
1181
2810
1796
8460
3541
685
3274
6258
4383
49
2316
8593
5533
6238
7985
4937
6440
8527
5114
3235
7567
5933
2953
4701
9136
2299
9147
5554
8400
6042
6138
9827
1005
5295
6348
4137
466
5868
1859
8913
9606
6792
7899
7933
8244
9866
6100
247
8458
3888
6868
2547
3078
4131
8929
1942
6698
4164
7650
7383
4705
1892
7399
272
3633
1741
6510
4295
9553
756
5710
7448
437
5691
7075
8755
7490
8574
7671
1327
9562
482
5760
7365
4176
3980
3064
2404
9745
3290
2641
3660
5993
6051
8406
1742
5264
7410
5576
3793
8337
2224
758
2314
8349
511
6455
7791
1307
9481
8310
7345
9806
985
4223
2393
766
5425
5933
8575
1089
7406
9256
3310
2388
3281
1829
6855
7351
4386
1127
4133
7392
7042
3557
1840
2679
1104
4131
1589
543
3637
7316
1704
1841
6057
4973
9210
5878
2827
2881
1756
9463
2979
8822
3966
24
5829
4612
1380
2877
8180
3044
6450
1858
5633
7947
4506
6610
2249
5404
2848
771
5180
6534
7678
8250
1377
7323
1286
9335
1277
3059
6816
5660
5570
7887
207
3280
7883
5941
4820
1722
7797
1048
2661
7178
5891
9604
8251
6341
8272
9813
3466
7634
9129
2380
2398
5145
8404
9692
1840
4744
5284
8960
7616
1567
3195
7837
8093
4565
5618
9106
3789
5442
6137
5490
5250
1097
3632
1897
9655
7191
3180
3959
2436
8895
5392
5565
2120
9424
594
1664
7977
1538
8888
2722
3910
2157
3246
4436
7315
6699
9037
1366
6247
3767
6918
2490
3856
7246
2590
636
8088
1957
7434
6674
9143
226
7610
5683
3225
5509
5199
3868
2718
8171
4928
3161
655
5271
4793
4360
1072
6833
1774
8799
3462
9844
904
7240
96
8236
6186
6933
7382
7195
2539
7150
1721
8233
5307
5614
2716
7781
2037
1129
8316
8239
3984
8726
86
7431
993
9333
6128
8357
3217
3674
8300
1382
3814
3161
5564
1129
8163
8255
4293
1582
4940
78
378
8834
1573
7668
7084
7342
299
6711
2001
9709
5679
7113
5365
3587
2835
7662
6520
9788
6349
868
6310
2307
207
3251
8208
9426
711
3338
3220
9436
2654
2711
9554
4292
4824
1111
4097
5677
2486
612
7219
6242
2318
3465
75
224
9199
4403
6970
2658
9116
4263
5749
367
6220
5026
1848
1570
2588
9660
547
3029
4184
450
5825
763
6310
9075
7953
9601
7272
9364
353
9592
6351
1722
1509
8137
8487
3573
3066
1264
5092
5599
6890
807
5525
9156
9163
5086
3998
4815
59
1795
3604
4401
5200
4714
8556
9651
1806
6981
9761
53
5652
7397
7991
9982
7133
3047
1490
4148
9159
5333
3188
6860
9943
1433
2988
9424
861
3240
4012
5429
5316
3833
8603
2745
9281
1708
2624
7926
3608
8271
149
57
6288
6594
9414
3970
6929
5483
5144
8444
1690
3455
6019
2321
6720
8434
4157
2285
8219
5791
8861
4726
9719
8733
5234
323
8574
6572
5637
6841
6300
8469
8312
1469
883
8563
7056
6020
7110
8119
1191
847
6042
9127
374
9920
7394
3706
412
7415
8280
6370
8369
9262
3973
6757
6894
2634
5822
6220
699
2970
1463
4192
4034
6405
6198
6193
1586
7554
841
5376
6848
6741
4604
6649
6765
686
1234
6229
3174
2508
48
6368
8580
9662
6917
8435
390
8485
9449
938
6458
2197
9966
6293
5332
2279
7795
6664
6377
674
9361
5001
3092
3764
1234
4595
699
7864
7697
8836
8366
6556
9844
3331
4284
1190
5714
6520
1176
996
8240
6425
7335
882
9513
6875
3255
5832
4172
1738
3608
7278
7424
2708
6857
8029
8554
8371
9177
6914
3578
3832
9031
3711
8300
2091
1082
6484
3682
5147
4890
4424
5445
4188
9842
1685
5329
8481
5030
2506
5172
6636
5493
3185
4465
2921
2501
8984
4777
9757
2962
7890
478
8820
5248
3556
3018
1184
2125
1097
6927
6324
8321
2611
6236
2869
400
3563
2953
2065
4167
9988
8465
2628
7008
7083
6409
9380
8725
766
2519
3167
5564
1693
2782
2068
779
150
6843
4563
929
9359
7018
9465
5556
6301
201
7792
8415
5711
3439
3249
3153
3673
2788
1238
6766
3598
3945
7874
9442
301
1295
4594
8599
3764
2461
9556
1729
4932
3334
1186
9204
7164
7493
1114
6852
5183
2950
9666
9747
9946
1624
4351
4958
5634
2568
7631
9163
9378
2329
3786
2936
5241
4896
5649
8788
404
4490
1953
6452
2717
2846
5421
9875
1102
3033
3918
7025
5108
5341
1944
4893
1994
7490
3829
2271
6386
3934
5415
9800
2827
7847
4399
6794
4081
3167
8567
5990
2493
422
2099
4422
8907
813
9268
6148
4590
2483
4167
8824
3164
6820
3068
8676
4743
9635
5029
9449
813
8828
8589
5408
7815
3792
8671
4720
5599
883
2288
4235
4581
6583
9477
7613
6803
422
9872
6871
6629
6445
7497
5365
3871
5224
8540
5714
6347
9693
7374
8619
5458
9399
6376
8400
2856
1072
4997
5018
4115
2623
1343
8389
7411
3472
9759
8669
7808
9190
6968
6983
7381
8507
8057
6534
414
9263
3239
1451
889
3612
8950
3175
1242
3829
2489
1038
8126
4791
9611
13
6677
1570
5203
7568
8424
1169
7170
9169
659
9126
6936
7120
4286
546
7396
5230
1407
9351
7289
8013
3591
4535
7085
6132
7811
8983
935
7357
5562
1847
2347
4918
2279
3056
4205
5883
8485
7831
7761
1729
3238
4738
7408
1313
8313
888
341
5150
976
352
4839
6798
1555
2406
6728
7251
5864
1472
7679
4047
8201
2670
7219
4625
6459
3399
7166
3587
9208
2916
5095
3589
4465
6593
7303
7947
56
3649
685
592
2719
4902
9293
6125
3239
2638
2483
1462
5929
2419
1887
8734
644
9207
1916
4973
933
1519
1061
5230
6465
1899
8546
7484
9744
6873
9185
2222
1126
1787
6866
2146
5740
457
5188
2555
7036
5413
1699
9525
3561
1861
81
1637
1375
8143
1360
4415
2302
3977
812
1990
4270
8257
5447
8914
8451
7339
5395
1454
2353
5397
5230
8075
5070
7888
62
3565
2314
7104
2807
9234
2791
9491
3305
5769
7706
3459
6134
6730
7567
3145
6491
6146
3705
2968
2113
3770
5208
2569
3569
4279
85
2421
3567
1419
1150
7817
5856
5789
8249
5237
6288
2904
8567
672
3119
2283
501
7892
9354
322
1522
5640
5293
7595
1306
5265
625
9686
2802
6913
488
1679
864
8853
7888
5606
6059
4970
821
247
4326
7255
1525
6549
9582
6157
9790
8113
7121
2268
598
1787
6354
5222
9175
1254
9848
3943
9862
8613
1629
2479
5281
9084
6962
7421
7743
2774
383
7892
2731
9402
4824
215
4197
4897
5616
1629
6637
6246
7644
4894
7396
798
7317
2402
5414
3969
3866
7582
2333
4775
6548
4054
5319
8718
4446
1766
306
9186
9285
9125
4733
2471
754
5656
7158
2372
9075
54
3912
5831
6040
5024
5840
1304
961
8699
5147
5254
9094
1915
6693
9156
6427
8092
3279
1021
9360
2137
5367
3353
5788
4319
42
1978
2688
8833
471
8307
5101
213
2365
4785
4866
7556
3394
2333
5931
1804
362
9180
9974
9994
3671
7305
8015
5593
27
1853
8588
9880
7489
4607
5918
37
3826
5553
7151
9591
6081
6657
4594
8823
5320
7997
4444
1649
614
8696
9620
6327
4045
3165
300
6129
2478
9615
5092
9007
6519
1829
7121
8498
9710
1713
821
3677
6132
3821
649
8203
8538
5099
757
4985
595
8667
2219
1654
132
7035
380
7645
7331
1911
2843
2078
7376
1149
6127
5655
5493
7780
8994
4639
2549
6704
8844
29
4700
827
9399
7098
5988
3422
1683
1785
4923
7674
4455
4188
2874
7089
7453
4838
1471
4982
8864
3452
4925
8345
5264
385
5889
9588
4440
4162
735
315
5565
4044
7506
9978
838
1168
4732
870
2404
2964
4160
5144
9911
5990
8890
1362
3081
9665
5988
8614
3182
5690
2919
7508
3931
8727
4622
4747
5810
7729
197
5897
3850
7573
1521
6713
1103
6174
7519
2449
5419
8158
4218
5196
44
5301
8246
8036
6746
3886
292
8589
5160
6263
3305
4448
4553
3999
5919
8026
9343
310
8072
88
3586
3583
407
3134
7873
9294
682
8339
8637
7634
1497
3688
8103
301
7740
3322
8191
8303
3199
5152
6676
6048
2220
9667
4738
4765
4313
9596
9288
9062
4448
448
3453
5605
3622
4386
2119
1394
9801
8216
4524
7740
4076
3693
9695
591
8373
3498
6771
3826
9177
9978
2733
8161
9015
3618
2460
4421
4023
8573
9438
2258
1989
3269
4984
66
2032
220
1749
5918
8486
1126
8350
3637
6840
2667
9389
6380
7106
3888
3854
4506
2034
6635
453
7192
7519
2441
6572
531
1157
723
8545
4751
5351
7476
778
9198
5165
3548
6177
1798
5036
3909
4570
8740
8760
4888
6557
6575
8657
473
3647
4049
6583
7405
4073
8488
2073
6830
3874
9345
2529
8024
7717
5249
3562
4226
6515
5273
5554
1243
3366
451
7919
1611
8234
9128
2890
4273
4618
1043
6710
1075
9582
1340
8541
2453
453
8178
2255
6888
1704
7104
6006
8531
8624
5260
9272
2656
1785
7762
5206
3800
9474
6442
7961
5842
7445
4620
2234
549
6202
4476
5663
3917
478
8337
3252
2693
4353
4289
2470
4465
8768
4707
521
3715
5631
5959
616
7704
3847
1041
2102
4655
1014
8837
295
1604
9610
5769
1981
9471
5337
8275
3129
6439
4456
2151
2
508
4539
6896
5822
2946
8433
6618
184
5103
1134
6352
8053
1280
4934
2248
8681
395
9094
1174
960
6806
6476
4240
6195
9121
9443
5181
6748
8294
9000
5651
9641
7390
168
5183
9577
7625
916
6357
2875
2235
8061
401
2135
7416
1633
6322
6849
9805
8603
6631
4041
2202
4292
7023
2293
148
5602
896
9925
6544
4865
5553
797
9986
5484
4780
614
1294
890
5298
3538
2980
9066
8842
1307
6757
5403
6418
423
48
3822
9089
760
6094
7212
7579
8580
2408
9446
5411
6262
1798
2692
5467
4107
9139
501
1717
1049
607
9144
4604
5343
5550
2091
3570
8027
8599
4325
5411
2364
1164
7752
9099
3999
9029
4508
4691
3108
4762
4627
6511
8910
7449
6058
2803
4560
195
3561
9922
3544
7553
2894
4539
3254
2695
2946
4606
7431
3661
3618
3577
3017
6334
5801
3296
572
8341
8529
611
9388
204
8779
3349
3233
4895
8507
479
9308
3211
7739
9804
7756
6006
4749
7813
5654
3958
6336
43
8450
153
7608
6000
3006
9996
621
4192
8513
6924
2544
8781
105
3413
8773
9166
5789
8526
3789
6183
413
3347
3597
5523
7235
8010
7586
4955
7689
6574
7715
736
5246
7606
7618
3284
5361
3146
291
7326
4024
634
2641
2889
1444
5105
750
7749
6698
332
3324
4337
5621
8192
4596
1517
7253
2161
3810
7275
6597
2557
9036
9102
9706
8805
8343
1138
6468
8597
448
7991
1425
7862
2012
6681
113
5321
5938
7182
2511
9105
4345
5711
2804
6886
8576
6291
2240
1059
1646
8893
4692
5074
7113
2701
2868
3023
1616
769
7779
158
9450
9356
7278
8850
1464
9288
9771
1484
5529
1388
9722
6393
8043
1608
8123
2330
6957
2922
8759
1907
1323
9894
765
6715
5362
1378
9101
1402
3947
397
4493
6077
2999
7190
5593
6417
1905
707
2314
1703
4108
927
8447
2246
1798
7083
9525
7208
2439
8985
3398
4483
5634
2244
8545
6398
5049
790
6325
4016
4678
4032
5179
2835
4575
4941
4887
7653
733
7428
2841
8058
4703
6997
9338
3861
2310
9639
4049
9933
9709
4610
1358
5620
811
2619
1871
1066
8562
5849
1614
1597
7858
1875
3512
9954
6503
2905
3427
6146
4226
7338
8893
9182
7141
7262
9173
2052
9616
6514
6359
3404
9623
6705
6032
2296
9308
3636
8931
2225
5548
8756
3966
3319
5005
5771
5593
8807
1008
1212
6143
4686
8034
122
2961
7075
9556
7541
7005
2213
1774
2021
7874
8516
5812
531
7925
9222
6953
1737
9759
3880
8713
1391
5116
1210
4617
2865
291
6743
6253
545
5540
2048
1601
3448
7272
3921
2352
6232
2861
7015
6522
615
8911
5366
9256
7151
1605
8108
5944
142
2883
351
5852
6810
3166
2547
750
5207
2093
9952
7198
7547
4812
2909
5822
533
2449
5527
8764
209
7866
5156
9800
527
9992
1621
4005
4542
8159
3927
4497
8888
1118
6017
7085
2127
7306
2251
4617
4310
2358
7454
3820
9372
2933
3414
43
479
3868
8729
8776
7734
3596
9366
1446
7784
2799
36
5103
1492
73
2157
7939
1366
7314
7213
4086
5016
5417
5160
871
7606
5701
7134
5291
8998
2113
1320
4354
723
2127
378
8433
8152
6529
919
9019
2673
6988
7422
7750
1425
902
8365
8944
1116
4867
674
5738
9355
2434
5014
6535
7218
2752
1022
5546
807
709
6376
2916
7177
6373
5438
620
8454
88
3293
3101
9325
3955
9550
6218
5517
4153
9885
8498
8197
6917
2895
4151
3607
6822
9445
5066
5811
2621
8979
2712
5432
561
655
7295
2429
3401
5503
7803
5492
3368
9976
2633
3697
3303
8221
7831
3190
1319
3234
4454
8870
8610
7396
1665
6297
6305
443
3820
6181
4690
1733
1437
780
1359
2785
5912
1104
740
1330
6009
6346
8623
2392
1139
2253
4533
5985
1586
9449
8927
6826
6402
3518
7326
8249
1438
3922
7075
4737
4079
3025
2346
4507
7638
459
9024
326
5830
5744
4206
2228
2411
2353
9099
8966
9204
5122
6504
2849
4245
8938
2660
7131
3809
2420
6807
7816
5702
2751
9251
3578
957
4816
272
98
4451
1054
2207
7594
2595
6337
6500
9285
6370
2114
4573
1738
8794
9262
3100
4464
3753
3670
1738
594
7664
1187
7973
9170
4201
6025
8052
6957
9410
6186
4481
5229
451
5678
792
8458
9664
1917
526
5845
9483
8882
3470
7012
9363
7948
2113
848
9631
2600
9630
6478
8478
5954
6107
8478
4368
7746
2555
5595
1007
9885
927
5251
9181
9127
4395
2844
5310
5015
5341
2791
8129
403
57
7466
6929
5142
3329
1745
8354
9237
3855
6446
3438
9716
9607
5825
8277
3138
1970
9361
1965
4667
295
595
3490
59
1958
7684
1847
6828
6234
5354
1095
178
1231
8697
1726
6384
6382
8478
3559
2563
8925
9551
8958
668
495
6758
168
3945
8101
3726
9776
1794
1052
4466
5802
5259
206
1879
7151
3954
617
325
8964
6071
6222
5338
2079
6748
3526
1780
1159
3331
3451
4325
33
4628
6263
6133
1168
3437
8312
6142
5126
9467
956
207
3734
9482
9421
2857
3003
2727
9080
26
7768
7448
8272
2674
5310
5462
8073
563
8716
7708
8006
2693
9854
6856
9379
4159
2939
3889
1239
9946
4416
1883
4178
7947
9873
15
7881
4363
2875
2267
1852
354
6435
8934
6928
7862
2512
1388
3325
6931
9033
4443
1704
1837
5299
3575
2335
639
8604
1492
3549
7409
6862
2749
1855
1101
1772
1913
4855
6186
8646
1174
1748
6032
7809
3294
6283
4490
97
4611
3863
1814
5904
9495
8954
7597
3542
7222
6617
2701
2367
4383
1009
6568
3531
1831
6264
1715
5359
8049
9897
4311
3604
7724
1468
3020
3033
1420
8176
5949
2655
7111
8920
2468
229
8715
6145
7933
4740
130
9914
9821
2256
7280
2985
1228
9821
3719
6004
28
6827
852
6385
9072
1252
2869
4172
9346
4554
4890
173
6007
6300
3081
2
5880
5205
7177
4700
4484
7678
2829
505
8376
2532
1149
4436
7884
6955
5466
8014
8553
6797
3637
9687
4545
9388
7902
4276
2495
4444
2553
769
3997
5931
6019
6804
4200
3926
8485
2912
326
2236
6928
8975
6695
3453
944
7428
7278
4337
4362
4171
4405
7068
7228
5024
2866
6432
753
7195
3046
8454
1360
9019
4753
8831
2657
7822
8629
4650
8697
421
725
5342
1084
5656
7908
6932
940
7326
3654
5664
6320
6032
5552
5570
2689
6630
6389
8765
6426
779
7776
6550
4690
1300
874
3332
1349
9188
4693
7448
7113
2826
4490
5542
6280
3724
9738
931
4137
4320
7779
881
5628
2250
7705
810
1002
8180
6702
6612
2462
1459
9322
4608
7662
2815
5316
242
6806
1089
3619
8181
1061
242
3616
4736
8351
4673
3861
4541
8742
371
5876
840
1511
6278
2584
290
8866
2663
6888
9753
3330
1663
480
2734
6337
7740
4068
3784
1143
5956
555
716
4687
9335
9331
4949
1549
6759
8138
4137
4358
8919
3281
1222
6281
6377
6941
3444
8234
4175
7430
478
991
5070
982
6916
3756
1420
6116
8944
3062
4399
2018
6113
4787
7552
9526
9222
5718
465
6970
1353
8444
5244
374
6580
1557
764
1384
3115
146
3529
3818
1265
2570
8111
7065
5541
5036
5850
5489
5434
1187
291
2537
9804
3172
1975
4962
7155
1178
7669
6715
6617
8685
8397
4193
6488
2872
4283
5563
7379
6015
686
4494
4741
9430
3145
9657
2221
8695
6630
7857
9616
9115
1333
704
9134
4190
6327
2284
5314
6831
7558
493
4162
8639
798
7426
3054
3585
9936
1996
7350
5515
910
4232
2138
1756
1818
9475
6166
872
9879
9143
1476
2174
6718
4276
8489
2045
4958
8704
5149
2999
7586
3472
6334
8722
9057
1389
1828
6857
8116
5521
9265
8396
7405
1083
8148
1715
3316
4016
7068
4865
7724
8429
5715
2690
5588
9614
6677
4235
6036
5115
2627
1086
3304
7231
5393
4639
7214
2348
8554
4257
9884
825
5364
2709
8942
9888
3727
250
5150
8191
4638
8573
9588
9439
839
5722
8329
5963
4809
1461
6588
8307
9382
3984
5336
1267
7622
7366
8947
8250
5436
4964
1261
7616
2249
5173
5430
3097
9995
5119
4457
7384
4386
6398
8909
5485
9242
2419
2955
7678
8389
7094
9712
1099
8829
2684
6349
9358
7353
1811
3779
3194
7196
8686
7181
2311
5597
387
1244
8573
8256
9194
9144
6725
6921
2252
1746
4310
1976
9348
5545
6517
5160
2688
9996
2501
9925
4914
9098
1852
7718
1823
6647
6199
3003
2380
1191
2755
3928
9939
4558
6395
3913
1449
6822
8806
3486
8974
444
1718
5490
470
4558
2761
8550
2860
8489
6
6684
7105
6317
2931
7797
7938
6165
7200
6094
6094
8544
9726
2271
5397
6767
6843
5300
6272
6605
7722
5411
9398
9038
2563
9705
5114
2394
9033
1907
5201
3229
4626
4523
8195
2514
2594
5564
5183
3632
5890
9162
208
6579
3433
1953
2315
3599
8750
5835
3431
3682
6194
4589
3110
8429
4864
2212
8023
2733
2022
1267
4500
5800
3387
550
4211
1079
4659
5124
5386
8754
4471
1320
6473
1592
3789
4579
1182
4288
2361
9019
5747
9572
3195
7522
3158
6704
1095
3979
8270
1013
1459
5193
887
2596
9013
1388
3929
4332
5682
6052
593
7501
3553
3472
9228
142
4965
578
7786
2894
6229
8565
8528
1571
3696
1706
3874
805
7870
1242
8443
9379
2642
6219
5607
2923
3201
8445
612
919
1303
2603
2649
8777
9144
9302
160
626
8146
1293
3899
1028
5337
6122
4342
976
7871
469
8227
178
3691
6572
4228
3955
5043
364
9079
5348
2813
6822
2824
2189
9549
454
7054
5318
33
8128
6207
6690
4053
1105
1664
6900
9626
7259
7931
8489
5195
2910
8406
2608
1008
3414
2016
6125
8222
9145
8176
2233
5626
7098
9397
9257
2501
3861
5076
2787
8993
1526
7392
9569
3335
2918
7500
8003
2985
9074
4461
1087
9435
6763
3790
4535
94
7738
7522
9397
483
9109
1214
4374
5068
5906
7030
7609
1888
1212
7617
339
300
7022
8751
6062
3873
6720
3317
3110
3250
5240
9407
7363
4864
6798
4845
1793
8288
633
3533
978
8425
1397
630
1779
4874
6533
7560
8192
791
3164
4870
493
8197
5903
4335
9100
7805
2664
8698
435
7840
7126
5993
4669
6707
7190
4673
8440
8066
957
4405
9483
8637
7268
1508
6214
6518
5114
1738
3599
3410
9903
2413
4302
871
3988
2232
3566
9428
1447
2531
906
2010
4581
5618
1339
8577
5998
3988
8471
401
979
5672
5309
6178
1757
1193
7563
4834
6224
5534
452
5908
3142
5823
3239
8181
8976
5223
7653
2129
4489
329
7541
1905
7844
9523
9207
3974
2038
4488
7341
8819
1790
7547
8962
3420
6782
5756
8473
3959
5103
7428
5858
6063
6791
5232
910
7470
946
2849
9114
9851
9067
513
6077
2097
4929
2508
1166
1433
7292
9649
7883
8254
8713
9224
8327
9262
8920
8572
8293
397
6714
9103
2112
8762
2171
2706
8396
1411
8390
279
8150
5450
3697
7753
5283
9918
5107
9940
9238
8788
6141
6795
3522
1085
9880
9715
8545
3697
2490
1735
7774
4460
3121
1722
1139
1297
2584
1750
2652
8257
547
3783
4682
531
5050
8656
1515
1802
6118
950
5669
8569
3103
4905
5185
3605
6998
7847
540
2266
9703
9
2712
3092
1193
454
8016
3946
7947
932
4034
5962
4010
331
635
5455
8867
3628
1831
6790
2619
1243
8445
2640
5454
3587
1616
1786
3443
3766
5564
8570
7019
5408
3659
5865
722
2446
4345
2257
222
1201
9156
4313
944
6585
1574
8868
2964
6202
8387
8790
1477
6176
1937
6632
3711
4075
349
8030
6926
6984
4328
6529
5500
7692
5309
3942
9943
4870
67
1966
2598
2462
9945
222
1080
6022
6560
7488
8046
7975
7424
8836
8292
8341
612
2310
6592
5812
3258
9192
9430
6148
4482
202
9332
5529
5124
9973
7549
2788
6403
577
2137
9443
141
5396
1698
1874
5329
5557
6292
2782
6290
1086
4036
5916
8646
5721
8516
9851
3680
3600
3339
8800
2611
9009
3431
6389
3920
9649
5545
7145
8671
5895
6975
9299
2709
4210
9699
6685
9832
5782
4862
2840
7471
9781
6665
4512
7323
6204
282
3508
5640
8003
2159
8612
5938
6962
4048
641
884
6091
1140
1929
1404
6924
7397
8964
1192
9527
4536
2942
2552
2144
4321
9387
3372
3030
3834
9617
2420
4356
531
370
822
8567
6407
1600
8406
2921
2331
588
995
8007
2295
8110
6821
5033
8715
4773
6127
4943
6633
4147
4466
3141
4161
9813
6374
2538
5960
2617
9291
6530
4036
6506
5658
2007
7049
9749
8282
9570
7068
2422
6239
9467
4656
5058
5561
3762
8070
6235
4145
1142
1219
8066
8662
8800
8765
3851
3749
6751
9689
4072
1385
1032
7630
508
3655
8270
8658
1703
7199
9192
5630
1151
8116
7289
3113
5997
8878
5965
629
5039
3585
7514
745
2053
8780
2804
727
5778
3718
3535
5999
4210
4892
322
8688
582
3545
6830
6684
6530
6047
3349
1170
9133
2974
5060
65
9332
455
4065
2156
916
6923
280
8718
7267
7528
8022
2428
4833
8935
8539
2721
4278
8287
946
2841
4033
7060
2264
4159
6894
345
4676
7884
1695
8471
7708
1603
4009
2741
4682
4149
7431
7383
7655
2074
4047
4818
2935
7938
4835
8597
1198
402
7771
5979
6565
1895
3167
736
297
4209
7367
1192
9913
993
461
3555
8187
4358
3284
5328
8245
7777
1019
7208
5641
9535
2280
4329
3006
6971
5338
5566
144
4212
4198
9903
9073
452
2233
2569
2656
1329
9362
9942
4783
9286
2102
3742
9841
5441
9772
9494
7343
4441
7621
9649
8615
5504
2095
8586
2773
3138
6563
4358
602
6893
6895
3689
4683
5876
9762
3584
1402
1861
4605
63
6867
5517
9020
1235
2870
5007
1983
2522
289
3426
129
5654
9409
2814
4667
1926
331
8989
9010
6912
2831
9854
9920
518
627
3580
2296
9318
4983
5620
3261
9753
2998
5530
9985
4474
6858
4866
8972
3407
5433
8936
9169
4973
1068
8315
3121
7679
4931
5989
2344
2187
2037
2240
3795
8960
5578
2475
1900
758
5348
230
6571
4388
9127
1041
2671
5005
6208
2680
6834
2678
2326
551
3706
4908
6880
5380
7956
7316
7779
4452
8368
9983
6073
8788
3994
6765
9912
3012
7581
7429
9969
2228
3159
9044
9899
3428
453
2600
4138
4456
8541
9902
6284
6966
7662
4777
2686
2317
8533
331
8941
4384
966
8545
9752
7797
6710
3572
6794
7378
6690
4169
3106
7561
4332
5709
2258
4454
2231
5261
4638
6779
5559
623
8386
2985
4208
7055
467
9676
1855
2527
2167
5189
2124
5300
6900
610
2513
1608
3556
5013
1321
8706
6882
3178
4310
160
9193
1248
4911
574
1344
5660
4344
7878
994
4212
4039
3585
5694
4070
8573
5802
2705
8407
777
7019
6287
3995
9443
6374
6426
5181
2536
932
2267
1128
798
469
1840
8399
2870
7269
2260
2044
8159
7439
9210
280
9
7740
7171
3876
884
2537
1327
1840
4959
9415
4589
8922
323
5515
6529
4012
4978
715
8144
6348
6567
9414
3132
5958
1170
5455
9225
9109
2827
9684
1771
6094
3158
1954
7636
159
3881
733
5877
7567
5917
7768
784
1711
9870
5935
8378
1791
3787
5310
9172
2297
7024
8106
6942
5519
4841
406
7815
2125
5331
2720
3476
6845
2681
3669
19
7529
5529
7162
7375
7255
6015
4400
4148
87
2079
7391
812
7038
7297
9352
4552
4832
1123
4508
4333
3835
6408
443
6459
9580
3998
1095
4425
3456
8132
7625
6646
9370
4437
3841
3654
4392
7823
5261
4539
757
9539
5581
817
3098
4967
8533
3206
7765
2513
9378
267
7511
5095
3355
8518
3491
4926
6293
7230
3674
3459
3158
7657
4018
725
6447
4776
3035
3209
5534
286
301
3782
9097
1965
4628
8660
7889
5676
5354
9378
5827
75
2045
1933
942
9348
5414
34
5478
2248
6195
2862
3358
4700
4987
705
7122
4841
3253
9906
6122
2879
3779
8234
5941
6405
1846
4949
4538
9839
1875
2680
6220
1456
9583
7001
1988
8188
516
8228
2255
8611
7976
5145
4565
8349
9283
534
3605
3160
5117
5281
5006
7260
2287
1854
5946
904
6395
1433
7281
1887
8017
7279
6193
2330
6756
9255
6273
5951
3652
4062
1482
8286
5846
9131
8054
2080
6170
2282
5411
2481
1498
60
5697
8437
1551
3033
5477
6149
7118
6526
6643
5248
4135
863
6541
9151
9494
4103
6100
9116
9277
6181
8600
7838
8007
3059
757
718
2311
585
6614
2501
5209
6584
349
2417
4867
4342
1530
2950
8304
2485
2547
6722
6264
4556
5231
4217
9582
8567
3599
4957
8058
91
8379
6996
6682
5955
4634
3213
6056
3859
9592
5483
3600
6076
5835
4434
832
8078
2232
94
8881
4863
4490
6425
3451
6374
7339
281
8314
7317
4930
1111
2305
7489
1880
1994
8762
1177
5486
3900
1663
8831
1813
1439
3545
4537
3715
3500
7065
4126
7894
9508
667
9575
6679
7678
5864
282
8605
355
7366
740
3884
9657
2609
6020
1526
2045
7217
5329
9628
9757
3407
6757
3392
9055
9494
6676
2456
684
5990
4320
6377
8512
7556
1378
1441
974
6057
6631
3450
2413
3970
3224
6589
2459
4015
8741
9427
1399
7946
9117
9453
5476
2120
3180
6697
3240
4589
9623
3749
381
4158
9782
5665
1579
8303
4588
8325
6040
5610
4923
5083
1553
5749
5447
2463
4900
7368
275
9219
7608
4855
9543
651
290
1951
7725
388
9399
2980
3546
8824
2949
4842
3341
5832
2953
8542
9167
8152
3160
788
5138
3101
3050
3776
6428
1380
4984
8215
4739
4390
1432
4176
1296
3636
3389
8067
4660
7937
3199
1506
7874
4641
6947
338
3994
1513
7332
3521
9362
9024
5913
1480
5923
3259
9229
6147
1675
5800
2638
4624
9611
2139
8315
4469
2656
5632
226
7099
545
1271
3814
1658
7855
2759
2959
7169
5525
1960
8191
1496
2979
3495
9205
8208
5119
2773
5748
3870
8648
6056
6271
1881
761
7406
7090
7626
8668
1247
3680
2630
6281
153
6225
6420
5049
1691
3918
5147
4994
9480
313
4657
598
4604
6529
4381
8402
5459
3732
839
3996
1573
3813
6485
45
3436
1856
8825
2304
6015
8036
6019
1326
9011
3386
702
8388
3890
1938
8670
9848
7366
6941
7290
537
4100
9979
2968
5186
4253
4410
5440
8288
1815
6505
975
235
3399
2299
2694
9557
2004
2212
1817
4108
977
4088
5709
9221
7286
5156
1361
5401
7338
9925
5345
5242
6243
6406
8809
9810
6156
7410
1421
2948
4871
4845
1591
1773
1220
6044
258
9130
9106
7048
4398
9058
9006
7638
4829
8229
7612
9406
4393
6855
9844
9095
6948
5602
4965
754
4078
4288
5418
8824
4590
1579
4615
8262
1487
5864
8448
4641
207
5401
5214
4223
4655
5132
988
4128
3644
4083
6004
5123
1076
1890
3958
6988
2929
2880
3699
5635
2171
4639
1646
140
9297
7811
2891
4922
7369
3071
7115
8393
8063
947
2980
7175
4502
9246
7801
321
1537
8266
196
1627
9821
3603
1319
2690
2589
3454
4304
6541
2428
237
718
9012
9019
1765
4896
7194
7232
6987
6168
3977
1448
4097
4710
6593
193
2888
3131
1040
2875
250
8416
4073
2241
3963
1599
2678
7269
3312
4897
8229
4001
2002
6693
9970
5656
5099
24
1547
8312
9016
2974
9989
412
910
5326
2147
3188
1684
4925
54
9197
4295
4520
9442
8995
9300
8289
8533
9837
2615
4088
5433
7151
1200
8169
4331
5588
6398
962
1170
7182
8580
6305
6482
6155
944
4250
6038
9802
4021
4051
536
379
3626
6479
2364
3160
236
1378
9297
6705
591
463
4837
7742
7173
9752
6805
6327
1541
4041
6947
8992
6297
3424
4038
5686
5037
5541
967
9877
1567
4831
1963
2925
562
545
407
78
5878
8084
3360
1735
4598
857
6848
5351
659
8133
5389
4078
1706
5552
9239
8327
295
4422
700
8919
9343
8429
4671
4490
1315
1878
4745
3643
8040
5685
1270
9056
5877
7023
1365
3429
9905
3727
1462
5201
1439
1464
8567
5636
8812
3053
8507
1568
9676
1682
2573
5278
888
8526
5022
3971
1350
5887
5304
3662
7431
113
879
7866
3196
518
3922
2320
7910
6668
7557
3179
1407
4651
1542
3736
1172
4188
9927
3488
8279
4079
4824
6073
1797
6199
8535
9334
7780
8594
2781
5706
2973
4121
9720
1245
4201
8754
7263
2251
6110
6734
7874
1475
3607
1748
2799
7820
8272
1810
9532
6467
5246
7810
3012
3003
164
7651
8235
2314
2320
2363
9814
6643
1174
3839
4380
5266
8989
4026
5091
9817
720
987
1718
677
4305
6521
7569
2924
2432
4328
5413
9309
2392
5458
9309
982
2901
406
3554
1722
9578
3108
2318
8153
6039
9606
6391
3322
7216
3925
4457
9644
2754
153
6101
2032
2282
7374
5152
3171
7134
9248
5167
8840
1575
1064
4067
4991
5283
3802
8429
1067
3594
3564
9424
83
3352
2450
6962
9666
5807
5962
4536
5055
3277
5690
4475
6805
263
2834
4922
7425
1467
2775
8711
6931
499
59
1640
2946
1665
1844
6080
7698
774
1109
1558
7037
6990
2891
5616
3078
3225
3922
9971
1508
3917
524
1027
7389
5837
3551
946
4040
8362
4213
2256
3439
3376
6932
2161
643
2330
6228
4864
5604
4554
3303
7534
3816
3589
6599
5232
984
711
5819
3471
3125
7407
1864
508
4494
5673
9082
1232
5481
4782
4511
8126
6837
1628
1088
3922
4023
3330
2824
8561
7501
1830
9189
2356
7813
253
212
7340
6316
2567
7434
858
9343
8085
3847
6271
729
4873
5176
5783
8381
5635
3041
5067
5625
4279
4941
6809
3719
5685
5552
4507
4984
4100
2244
3734
5782
1999
8261
186
8689
8384
9099
2080
8821
94
3303
573
8850
5518
723
8512
8101
3905
3865
8351
9063
891
3665
8531
9527
2028
8984
5964
7099
8858
3667
7907
9197
2568
5344
5871
4987
3774
4574
1151
3592
9753
24
2067
7839
8179
8678
2440
2266
6185
5520
2119
4371
5847
1291
1728
2142
6279
2916
972
6585
826
9447
9930
2576
5475
8946
7955
7418
3068
7222
5770
2992
5223
6781
70
7279
7587
5197
3254
5895
1742
6457
2934
8136
952
3964
6090
5500
8408
218
1464
9573
3162
5190
1885
4772
4085
230
6690
5835
7613
2015
8293
7555
8222
8734
8740
5332
68
6037
9572
6518
5516
5291
6436
5701
2638
2094
9932
7832
1291
8751
1319
4426
5895
5910
7273
9300
3931
1925
8204
9643
1634
5812
2921
8246
286
3060
96
8363
9541
993
6699
6850
1647
5446
3506
4938
5993
1853
4763
2192
7931
2933
4457
1064
6166
4689
3536
801
6990
5542
7150
501
2634
5835
6087
2790
7174
1619
5727
3547
3468
1270
6907
9814
8077
7399
6926
3781
300
765
1106
8468
3192
8766
8528
4670
1681
7079
3843
1761
8391
8929
4302
2681
1337
6206
6406
5699
7168
1500
6399
2168
5989
5335
4596
8813
6891
937
9433
150
9709
9578
6232
3650
9043
5093
4329
9546
4388
7270
6629
8273
6769
752
7607
2604
6732
6244
9653
4955
5010
3539
3037
6992
3829
1286
1082
8889
2696
7953
4276
797
3322
6241
5387
1552
3993
7851
5987
7494
7159
3246
715
3084
128
1691
4434
3970
4972
2009
3227
981
7230
1843
3004
8459
3358
4461
7121
9779
6243
9897
429
1007
8110
1984
9309
7231
5244
7637
8765
1507
5027
1122
7789
9357
2361
800
1738
4182
7777
7039
272
391
341
4573
9910
2871
6524
8841
6499
2535
5956
3292
396
7129
810
9171
8690
4509
4228
3957
6338
2632
593
1021
6337
8490
2705
8368
2705
8503
6158
9400
1807
9822
4876
3417
1428
7059
6617
4265
4268
4860
5610
3689
8592
558
1888
8674
6034
9764
7850
5212
6491
7912
9299
3654
3484
3865
9753
4387
7926
3780
832
6259
3272
318
1592
1195
775
3088
850
5444
6175
6846
8878
7953
2092
8510
2523
8568
7046
1725
3940
1249
6817
4782
8558
6616
4255
4596
2373
378
3498
9216
1963
725
4687
2419
6193
2736
1496
1507
3046
6611
9370
9858
4749
403
5732
1729
9077
9293
9505
382
4048
8578
4930
2074
3000
6970
9419
7179
6989
5987
7246
918
4336
7953
7945
896
2522
1806
2307
8249
2433
2054
4942
1684
5633
65
6957
6593
6900
7465
3770
7234
6893
3566
4640
4241
470
7880
2637
2474
1864
6806
3395
9253
9984
1114
6392
7151
8656
1991
6730
3581
3185
2740
685
4847
446
5837
6506
8632
799
6927
6403
3706
3096
5325
3341
252
3269
9214
6955
1355
4862
9007
6623
7132
3388
4388
3217
5069
1971
5040
1659
4232
9169
7572
6618
7938
5350
4494
249
2592
8921
147
227
5095
4671
8790
399
1999
925
6535
5008
2138
3024
5701
196
1417
1434
8463
3546
453
8912
7487
1405
389
9918
7515
3782
2645
5449
8562
7252
6596
987
566
3377
7572
3152
7622
4569
5074
7833
8363
6608
9831
2918
894
2073
4000
2881
6621
4274
3343
7220
7854
7321
580
80
592
4198
4032
5523
2340
9388
551
6386
756
6917
4238
5175
994
517
6256
3555
3714
4875
1371
3421
7456
3220
9730
5857
8968
8145
4401
1913
2575
661
7152
7920
1467
670
6298
5435
1115
3167
7380
5554
9868
381
5413
3867
6892
5399
374
8255
8133
4957
2759
3258
5403
9765
2079
6773
7320
7463
3549
9096
5615
6292
7227
8706
6934
1673
6516
9442
2098
9820
4307
189
6321
7821
5631
2869
6002
9984
2091
8439
2321
8065
3213
6471
85
5031
5382
7450
9052
474
2529
1733
1800
3267
2129
2290
7495
5345
8954
7270
233
1562
1510
9063
8669
8541
1151
6649
5952
8179
4838
47
8692
5867
6312
138
3514
1472
9172
1522
5856
2376
1941
1423
7382
2780
9586
9446
1888
4646
8352
2585
6294
4717
6908
8297
115
2256
7505
2205
5729
2824
128
1397
5080
8674
4515
7383
3207
3158
5986
1538
5763
9508
669
4761
1259
2114
5540
4517
4959
1090
8545
2835
8122
5574
6277
3875
8655
4161
5138
8460
3516
5363
5583
553
4856
2797
8848
6676
4838
6352
6921
7533
2052
3844
5790
5304
6498
9584
8101
2466
4667
6147
9552
8740
6508
5245
7440
3785
4281
7281
7482
9796
1104
7127
202
8139
2359
4991
8809
4943
5188
5032
422
4712
5408
5961
4585
5622
8399
5866
6166
8452
9766
5307
1065
6050
2870
5890
7641
7818
6903
3223
3050
2856
657
8152
7234
2204
1624
564
3284
141
7493
9635
6406
8018
4794
4346
9425
8197
9384
3504
9559
4473
4181
8201
4085
9272
243
1522
8714
2626
8393
2670
3686
5183
196
1691
8119
9748
1760
5341
3004
2258
7332
336
5799
8612
8739
6296
2238
3077
7285
2894
8700
2544
7509
3431
2625
133
5287
3366
7903
2364
4633
6293
8667
4268
6777
2250
5528
9918
1536
4709
8409
3699
4425
2000
3868
1612
8762
3039
467
2220
1592
8782
2043
41
1037
3494
3882
4943
5786
624
2377
4190
2334
1606
895
7619
6771
8457
9933
6227
4470
4472
8762
5606
4778
4396
5938
5410
4717
9167
8107
7519
627
5036
2778
8270
6885
9797
123
7555
5430
1129
7834
8938
6212
507
100
3330
5575
5869
9446
9905
9854
7039
7947
8527
229
8452
7349
517
7265
6636
4697
4104
9381
542
3601
9010
7064
7324
788
7961
6169
1659
8867
6637
3648
89
2187
7742
4864
8183
4728
8794
2181
2286
876
1172
267
2935
147
3330
4479
459
5076
3617
6012
5220
7355
9228
1730
5265
2028
7054
907
5837
3115
7040
9672
8213
8123
3776
1338
7492
1845
2401
1077
1639
6378
6489
267
7678
6582
9718
1904
5686
4805
2782
991
5920
6443
1352
1663
3377
6201
8303
5856
5091
9122
1450
8398
2728
2668
2156
176
5227
507
5584
7331
1581
8220
6315
7506
6311
7043
1268
884
4508
2102
6523
8733
9634
3361
143
5560
6852
5217
567
8975
9307
9851
5013
9011
4662
7175
1869
1972
4347
574
6264
4082
105
2097
1807
3338
6776
8211
2610
8865
9522
6378
8777
6994
5486
5862
6228
6875
4555
4463
4478
7667
302
9656
3378
6970
681
4928
4706
8610
2868
4073
2018
8069
818
6262
1067
7270
4104
8993
185
3599
3128
7576
5090
3592
257
6969
6903
9777
8528
5477
3127
8953
9064
3482
9587
2288
6703
5831
1158
7371
5930
8046
6057
2839
38
6386
1212
1611
9639
7641
9270
828
8125
858
9678
8713
2836
6096
2808
9414
5466
1027
5412
9446
5592
5909
701
6706
718
3567
3468
8176
8156
3815
1101
4618
1795
1059
769
7959
3979
5282
5988
859
3829
4922
9535
286
4049
3690
3813
311
48
1718
7371
1733
8079
393
7880
7512
8033
3505
8300
6309
8539
1825
9748
7949
2181
7799
6694
6149
2997
4220
8586
6500
9087
7904
86
9491
677
4940
2603
28
1753
2175
3209
6260
3259
4111
7370
7825
8828
9330
9546
9231
1657
948
363
2279
3920
9536
3225
4156
7214
6014
867
1251
6578
6556
9704
7791
5474
1455
9415
3172
7977
4560
7061
2555
5976
4113
436
4767
9896
9828
5839
8859
74
2353
3563
3197
1102
6242
8530
9946
3490
2917
9161
1160
6428
661
8050
3137
784
2806
6579
654
5359
2208
8921
8498
794
7508
6541
9895
1732
4619
3296
5022
2545
5982
4370
8140
673
1225
7452
3446
6244
1260
7256
2035
2713
6044
9293
5111
3666
5645
3734
1845
9894
8277
6532
5023
8805
6202
9975
4039
9476
121
8591
266
1942
8547
1534
9895
3044
4884
5773
9296
6941
8486
2629
4633
3525
924
5706
4612
6031
3551
7282
6926
6611
9787
6205
2000
7893
8684
3814
9259
4830
2358
8289
6330
5364
325
3756
861
2816
419
2795
2845
5247
5256
8616
4786
6460
3357
5660
7769
5595
5495
5155
5387
9865
6190
8072
959
7648
4011
3106
9271
247
8063
7627
9848
5859
4862
8814
6767
7650
6042
9118
7020
9570
6092
2569
134
5531
3050
5918
9980
8874
1394
7738
5638
6751
2802
7335
1052
3539
9981
2822
7288
2073
1317
4958
1840
1261
8648
2403
3868
2443
508
1347
9962
5474
3621
7345
919
6137
1534
4503
1669
7330
7133
7234
1517
4200
4600
4180
822
7889
6991
7635
7341
1849
2376
5582
5353
8628
7706
7238
1508
1541
6680
1939
6955
6440
3167
9005
1103
9451
6249
9673
7632
7268
7601
8850
9240
83
3347
3986
2203
374
3481
6935
3172
5528
4118
2256
9058
4836
6408
7443
9402
2645
4795
966
372
3928
6026
7299
1406
2100
5525
7444
1494
5747
646
1221
3566
2136
8751
4408
4896
7911
9984
8231
9544
2537
5886
3568
8879
991
6095
2995
4428
9642
1688
4255
8299
5678
8199
4953
7451
5936
4364
59
336
978
1995
2496
9416
7913
5349
3963
1541
4012
6476
8449
2539
8649
9520
9319
9755
9984
5240
848
7482
7749
1613
1760
4181
2892
1370
6830
7960
5294
9841
3198
5312
4225
6334
6840
4938
6566
7104
5178
8510
5717
5120
6175
3344
9949
655
1676
1632
7174
9460
3926
8486
4310
4040
7763
966
784
5442
4595
3305
4560
8874
7434
5228
5116
9158
3271
1870
7890
4284
4459
6816
1192
3015
8713
4611
5422
2165
4981
2097
5488
390
3295
36
7984
2217
7303
3177
7273
8317
7797
7447
3597
1121
2500
257
7863
7033
3586
2398
7424
7335
2462
4041
6394
7054
126
5189
1349
327
2792
1360
3754
4006
6733
7426
3407
4525
7923
1444
9284
5223
4518
7202
1374
7183
8103
9426
3476
6941
7448
1261
9043
1852
2429
8826
8326
9975
1697
9440
4472
1664
7007
3736
3389
698
5616
4365
2337
8423
945
5465
2832
656
9848
6137
9404
9949
3601
8633
8997
1925
5398
4119
580
3239
161
1734
8878
4272
9334
6006
5280
7995
8478
6386
4650
7537
8567
5832
8245
1876
2561
5996
5583
3840
8732
8655
9245
1205
5898
9482
9428
8837
5878
6758
7843
2774
4435
1878
7796
3480
964
3028
7723
6754
2681
2901
3103
6249
6303
18
8392
71
6493
7392
3856
5112
3387
6802
7287
9340
1814
8264
8382
6189
5983
7056
2756
6362
2270
8083
798
6150
1677
4892
7394
9809
8460
1095
5737
4791
1355
4872
2359
6331
3614
2069
6544
1227
5942
8701
9163
218
961
704
935
2504
8746
8466
5081
2624
5378
7015
1072
5291
8211
2862
6717
9867
8003
9433
3530
3391
1521
9601
2990
4611
943
4176
4323
4631
9386
6005
1504
9481
8114
2796
7402
1703
3157
5830
9086
1844
4926
7427
9779
8301
5367
7611
2521
9594
5363
7271
172
1262
9808
808
1428
4841
8650
4047
7541
3008
9694
4035
2382
5566
9121
8330
2174
6211
2093
9299
5927
4688
7740
6992
8509
862
207
5090
4448
7932
4526
705
4036
5533
2942
629
4716
9626
8701
8374
9950
3914
7489
5569
8993
5418
4035
302
5998
3130
8732
897
7651
9943
8984
7017
3810
488
8059
709
8470
6654
7365
874
300
5122
2335
5842
7589
7776
4652
3830
8425
9821
4050
1659
6513
4544
9272
8575
3068
8214
3794
8262
9346
6716
4874
2462
4161
4998
5776
1925
2910
2546
2863
2133
1907
7454
1742
9902
9544
5496
1263
27
8378
9867
5922
4436
7635
8023
6655
7714
425
9511
3392
5751
3498
4641
8988
3604
6316
3817
3410
9896
7859
5713
5027
4574
8481
2061
9116
3942
573
8434
9565
4254
9167
6343
1089
3280
6343
8087
5278
1523
1770
3250
2012
9190
619
7470
2106
6508
9958
8007
8048
8461
437
1975
4474
9176
3152
7217
4668
703
7163
2617
2788
5831
3067
1374
2834
7167
9464
9462
5250
5134
8455
5421
5845
749
6008
7941
3783
5272
7906
3637
3855
9570
1927
634
1549
6983
4268
9541
5144
1647
6309
577
4346
2745
1038
2566
6163
5486
6898
5293
261
4372
12
1931
2690
3920
3601
1555
3990
6227
9020
1572
5938
7742
2921
1389
4609
5830
3214
6468
4733
9535
8332
4904
3659
86
3542
4439
5572
8499
3184
3590
4284
2925
7344
223
672
215
1509
722
8716
1036
2195
1112
9627
6238
4005
5582
4010
1509
2690
2800
6454
7169
332
3884
6110
6847
1465
6260
1886
7451
5018
5448
3755
4259
6360
1226
7732
8046
336
7882
4739
6846
9689
3277
4924
4191
4876
8565
322
9493
6233
4066
6554
195
1086
6223
4247
1370
1438
5614
7793
6187
2569
7384
8877
7093
1002
2684
627
837
9018
4
5680
775
7471
1683
943
9182
1699
7822
2295
8254
7923
7593
1678
7713
2877
712
1762
7574
9786
2388
5140
4577
5037
5452
5114
4472
4409
5536
1228
8168
6474
1201
8210
6289
7617
9489
6628
6998
9838
1836
6586
7879
9780
2593
4115
1441
9165
12
1302
3172
7656
6243
1800
7493
6700
5443
7912
6325
5267
9607
8986
2626
4608
6617
4964
9671
5963
7213
5036
9814
9680
6500
2935
1613
4568
7164
5766
2347
2796
6327
1433
7140
4207
5263
6027
797
1157
780
3632
4284
8286
6942
1443
7293
4991
4781
3122
8301
4229
8431
2517
3818
7903
5371
918
424
8759
8337
7888
1537
557
8202
1583
2434
7412
8378
4524
5411
9411
623
1114
4879
4729
3869
6969
8479
4131
3813
715
1282
538
4878
4876
5245
6122
2900
4076
2362
1398
9024
7032
3196
339
5875
8374
7406
5949
5045
7310
9483
2188
1064
4323
2244
801
5859
1655
8976
8846
3093
4040
9283
443
1183
569
4633
9964
2236
8397
3230
1173
7130
755
6656
931
6511
8596
8928
6620
7149
6002
7665
3564
413
3101
1190
4924
4088
7788
9196
2476
6972
9345
1793
882
3217
4342
3364
2804
2527
9312
332
7355
5846
4430
7035
8875
3407
3221
5860
7006
7356
1816
6020
3216
293
7594
7901
7739
7934
2626
1860
9428
7332
9487
6034
5242
9738
3164
89
615
7956
4547
5719
2998
7369
4949
3323
9868
6152
5200
8126
7107
5908
9859
8470
866
6154
6292
8417
5358
1164
8614
2792
261
4247
576
6322
6134
419
9202
276
1730
6803
9407
9
9310
2427
4168
9726
1271
6903
2797
9425
3493
672
9721
9792
2802
1176
6204
3489
2740
8513
3435
9031
4400
879
5404
8928
8693
8252
1363
3775
7616
4903
7986
8191
9999
8307
7074
994
3735
1069
949
6385
8752
3738
8271
2165
1122
6758
6365
4545
132
7132
2272
1199
2063
7897
956
4779
2004
4335
9940
4284
8846
1105
7599
2525
5590
6188
3881
386
6829
2191
6093
4421
8225
7625
4172
7185
2240
8462
5973
4761
9595
960
2956
6744
6588
4196
99
7638
9178
7928
1376
458
4404
7016
3393
8274
5111
9314
12
8488
4156
9942
6819
2946
6444
8175
3957
9145
5065
5796
9058
7514
4150
7512
5512
8805
7383
1430
2290
893
8471
3481
3003
944
4551
7239
3309
9935
5849
9141
4298
9162
4262
2701
8958
4561
3718
4307
9474
7572
4022
8509
9108
5944
8841
4726
9123
9982
3878
9917
1272
6964
8174
2744
6909
208
3622
1277
7992
1262
8051
2529
880
4821
6893
6454
7008
205
2697
5399
3177
3926
1209
6850
999
4770
5135
9974
6326
9137
2367
909
9863
1737
8062
5943
7060
3598
7557
7572
9946
4320
2833
5980
9274
572
988
7957
813
769
2556
4037
1964
2830
9132
4139
6653
9542
6240
1833
1187
1981
6270
4710
4940
4411
1378
4745
8419
9114
8401
7195
5641
1091
773
6324
4516
2873
9378
3491
3825
8580
8785
5221
3900
9007
6926
7194
9648
1317
5713
3798
1226
9739
4777
1866
9310
8345
5023
8364
8475
5032
4531
1353
367
6104
5769
9763
7464
5086
9167
2475
4713
9207
3866
5695
3327
1898
4206
3908
4120
8475
1661
8746
409
7225
5269
7359
8556
827
2208
7300
9130
2102
528
5685
7451
5000
9806
237
2455
1637
6543
9465
5141
8472
6711
6907
154
4846
7998
5682
1799
8981
2046
7374
408
2143
9405
8883
6031
440
5135
8994
5041
1013
9096
6444
3387
6708
9532
6416
6938
3414
7262
3368
4008
8681
7549
7996
8190
700
7293
5451
272
1018
4106
2506
8461
1288
7515
7286
3085
8942
6413
1071
116
3551
2660
3476
5102
2094
4570
7080
5858
2559
3337
2190
5417
4414
8194
7097
3966
5630
1432
6618
6237
9575
3250
358
2890
2073
3653
4869
9104
2695
10000
815
409
47
6242
9890
8826
4840
1273
57
3590
1651
9827
1183
8771
3171
4036
7994
3725
2075
8562
8450
1598
4969
6976
9235
3667
6495
5308
4157
9050
7335
3456
531
9198
5340
9673
5294
7736
3494
6186
3595
6431
7729
6842
4557
3451
7592
3342
7162
4208
4004
4026
4618
7378
3025
4251
2792
5740
812
5368
8883
2283
4597
896
2389
1334
9036
8023
1987
5116
5012
6934
5800
892
7401
3607
8317
662
3926
7468
1529
974
8518
2499
7905
1569
862
9664
2427
852
4788
1909
2493
1655
1846
6544
2193
2436
6401
3414
8636
3790
5246
1653
2859
2470
1885
1505
7239
6315
3769
3989
7815
7997
2907
4090
857
9407
4000
4638
7169
979
6144
9313
9716
6137
502
3893
9476
1851
8589
6209
624
8672
2009
8935
7739
2000
3564
5121
2506
1162
2447
1669
4644
6615
938
9119
250
6097
3879
3986
8014
508
1449
800
2056
2526
1091
640
5796
776
1000
1548
5764
6055
7492
562
5195
12
4370
6580
7104
8594
1308
1692
3425
4285
5934
1552
7840
3713
6331
18
1727
4908
7173
1450
144
9694
1532
7132
6465
9781
8762
5985
7701
6910
7496
1850
3857
4253
776
2331
8878
4080
5951
4615
590
1500
5853
7224
8354
1629
4022
8255
5216
904
6203
295
6405
655
7892
1214
2555
962
6269
8438
5012
7733
8907
5071
4658
9730
7458
1280
7706
7633
3330
5270
8361
9643
7298
2618
3508
1317
2852
3292
961
7893
138
4792
1395
1607
1621
4860
6265
2518
6416
672
4874
1794
8689
6760
9482
1190
875
7666
7393
8783
7006
3422
1092
4123
1383
7604
9009
7316
6269
6825
8839
9950
4303
5167
7353
6630
145
8760
432
2972
5398
2752
6933
8640
3020
8018
732
7912
5942
5760
62
7626
7002
7561
3142
215
7090
1078
2975
3920
5097
6736
8654
3757
3521
1321
5132
4535
9535
9452
8048
3196
4934
9959
9719
3670
4008
6963
9213
1204
6769
5713
299
5298
4839
6539
5716
240
5468
6958
6358
7845
1761
6713
6200
5757
5080
3230
8533
7561
4309
4911
5405
1016
5653
4711
9197
5262
9584
7697
4639
7941
4565
2876
8006
7795
9457
3965
303
4371
7471
7382
6838
5829
8009
4869
1346
6694
3195
2727
9320
1146
9553
3389
2368
7815
4474
6713
7776
297
485
9420
7885
2904
5029
8884
4204
6192
5670
1625
4657
3759
569
7682
9943
5121
7150
5972
6773
6077
519
1461
5586
6118
91
7093
1652
1927
7259
5544
7175
4559
6499
6658
699
7857
4217
2098
7374
2856
4275
9590
6080
6295
4905
5043
1011
3051
5216
4760
29
2715
9298
4338
6501
5603
8806
7988
1883
6729
5276
3185
3685
4980
6233
6247
7957
5232
5010
2034
9535
467
9416
354
8711
4903
5347
3374
4595
2787
2810
8470
8579
2211
1496
8069
8920
3830
5722
8083
5101
3746
7124
1046
2514
439
2896
4369
1639
862
9721
2769
1813
4080
9704
1245
1338
1616
2767
7068
4213
7812
8379
9651
1645
3214
5154
7367
1564
94
9630
141
2912
6336
8222
4233
547
6422
4411
5329
318
9150
9870
6124
4603
5502
185
6145
195
9293
1293
3118
522
9466
5564
6421
3777
9333
9152
7505
4438
6974
4174
7028
8460
8573
769
729
9774
9060
3704
1537
8791
4451
7027
8158
3130
1463
5167
9090
548
7004
9811
480
6984
7526
7057
7734
1120
5854
4327
7311
5239
6408
8244
5438
2133
2087
5417
6526
6819
3396
3200
9831
2969
728
7776
2154
8596
8771
5473
8675
4770
7517
9365
9219
3615
5101
7073
6446
4002
956
3319
3849
9198
2979
9634
564
4708
4229
6508
9260
8531
9509
5857
1964
8661
6556
2486
360
7153
2756
2176
9846
6938
6777
9154
1135
950
529
161
6069
120
5494
761
4885
2296
590
2992
9437
6869
2853
1067
7426
8362
88
1332
824
749
3733
2640
7766
7010
9908
6964
1942
1226
913
6449
4705
3683
2756
4379
3255
4806
6407
3194
8106
6042
9593
3233
8109
5498
3242
5351
9167
7037
3568
4122
9134
4175
4663
2575
2997
5602
6630
1368
4099
5244
5393
4611
9538
6184
5542
4038
3737
7345
5246
2700
9643
6229
9488
9874
8845
6617
5198
4072
6900
3289
2208
4960
8448
2480
9605
6092
8625
3040
872
4661
9353
8038
1668
6157
1234
770
6879
5470
2490
5305
2619
6125
4206
860
2899
673
241
7252
2031
4407
2558
6355
3341
8387
2497
9454
3032
5951
3483
6627
379
4216
3509
733
578
7169
9229
6297
4841
193
7016
5248
3616
5638
773
972
8023
3755
8218
5110
1382
1061
5430
4342
6897
1713
4105
164
9937
6526
7217
5797
5117
7597
915
3582
3630
7991
9584
516
6130
6485
1750
7212
9981
3878
4034
1840
2999
3159
1311
4747
1708
2689
3460
6953
1442
5051
9821
5
311
599
8767
9940
7877
1452
5047
3022
6286
3149
8521
9319
5842
660
7066
8765
2049
581
211
1475
2466
232
4308
207
4007
8074
5081
7128
512
8671
2886
8593
3671
6367
3550
5670
5743
5053
9490
7934
9223
447
4971
3326
9725
539
7319
5958
4432
2662
9013
1349
7185
9662
3153
4772
7514
1759
8196
1738
8737
2321
4521
4827
6008
7594
7179
7164
2043
2392
9298
2453
8240
6937
3870
4303
4541
1259
8626
6804
5169
7966
9096
7906
4294
6997
3921
8523
2094
3683
6306
1604
4929
7860
3144
2791
889
467
9622
9410
252
7658
3152
2500
7708
6880
1726
7972
135
1550
3219
8732
3619
5646
3918
3357
253
2844
9446
8168
8684
7722
875
2949
6677
507
3981
9288
5425
5574
1967
7834
7307
6055
3720
8733
8755
8594
4620
366
7643
8443
2949
2794
9063
2029
5808
2813
5958
4169
5420
4412
3777
3471
6634
8709
8988
3621
4097
6078
5442
643
9581
3267
9103
7949
2506
3602
7155
2394
1651
4906
6034
9728
1073
9125
5953
6533
8977
5037
96
2129
1037
3421
8844
8614
6019
7752
4709
369
761
4601
7734
3031
4631
883
2292
1498
4232
7613
2745
2490
30
7207
1727
4259
5215
2257
7467
7567
7680
5560
9625
5908
4091
593
8043
6570
1117
8085
9590
3520
5915
2413
5950
6061
6997
9757
8532
4611
3056
917
8552
8719
5086
6746
4657
3871
7015
633
5452
5252
8048
1728
6793
1323
310
8950
1972
8905
1515
5314
1101
5037
8679
9505
6701
5741
1099
7971
4074
5800
4095
1979
3987
4494
5975
2855
5049
6780
3645
341
987
7747
5091
2138
4643
1195
4247
8641
8589
5565
9076
5764
7645
5284
3979
8889
9864
111
9185
579
969
9181
8022
8559
5468
9399
3483
9304
2827
1299
8566
7907
2717
7785
7486
7360
1995
8308
6978
3200
3200
4840
9451
5361
4975
221
6572
8772
6727
1909
9436
7381
1040
3391
8809
6327
3652
5862
6007
2131
5984
7851
4849
9094
1514
7544
2585
2625
5382
2287
3901
4765
7919
1842
9827
963
8578
9920
2722
7981
1148
829
2564
9697
664
5868
7903
7367
4783
6869
2763
483
9314
971
628
9194
1273
7495
2489
2970
1634
2737
3390
4531
7901
8753
9717
1472
4888
4833
1906
73
2515
1870
5860
1191
3023
9704
6710
2060
8307
307
2153
1144
9219
7585
2123
6023
6067
6938
150
6393
9789
4381
9588
5617
2382
5145
7392
9335
8773
5808
2930
330
4229
783
9506
4173
1196
705
3516
8961
5587
3509
6006
802
1443
4471
5184
9999
5000
317
7632
914
8134
1799
3937
4070
9611
3179
9068
3734
4377
6327
9263
9039
3408
2516
9669
1068
2694
6723
4606
3313
9168
4933
5234
559
5478
1405
7242
6762
9413
576
9828
9704
7704
2156
3344
1932
2677
7974
9728
2217
8564
8945
796
3946
300
1670
5341
2105
6399
4469
4424
8654
3086
6939
8613
9541
9607
1729
4688
8573
5314
3535
1263
6116
668
8217
4914
7915
2336
9744
4250
7604
7872
3316
3832
7320
2880
2698
1020
3115
4085
5135
1683
9763
9738
6595
6707
3814
8537
5753
7279
1172
8060
4167
8721
5461
6410
4090
2416
7222
2990
253
7631
1144
5406
9063
1762
160
7044
2659
7249
6986
9504
1914
6138
2288
1579
9099
8722
158
5781
2345
9745
2383
3561
8085
1874
4815
3584
1297
2462
9640
8902
3347
5859
7572
9815
2272
9599
9639
3342
9420
98
9938
5997
5166
2434
4013
7662
5912
2676
9247
5851
9694
5142
7203
7769
9979
6240
3762
3443
4314
3216
9366
9133
1158
3561
4495
3658
2007
5603
5141
5735
2631
9083
7768
1344
1879
9130
2029
7896
1609
1778
7456
3185
6826
2702
8341
2841
2062
3967
7701
930
4065
9083
5640
1131
793
6503
5620
8387
6716
8798
3560
4541
9290
2891
5172
755
7065
8378
6194
3297
6821
5466
7108
7205
8397
8873
2714
8467
1012
6027
441
1029
901
1488
4603
9947
8685
683
6577
1177
3244
6034
6609
4053
8590
8631
52
7753
4719
8439
8885
570
878
2802
5919
4495
9171
9593
814
1031
7567
2385
1788
4340
5060
2441
5412
5703
1345
3348
6788
3016
6706
4275
2643
1546
348
2491
2359
9879
4533
7706
2362
4095
8894
2172
8466
8832
6852
6319
885
9480
6137
3249
7517
9012
5863
2604
5061
9892
9964
1037
787
988
9050
7448
3732
9469
866
9428
1297
1825
8808
3834
1442
5145
1750
7502
9328
2152
9897
7016
6460
5075
8595
5965
5482
3629
1354
5910
1752
7146
1542
9209
7853
9309
1540
1986
3371
8824
5554
3308
905
7589
7467
5725
3021
5099
1259
3385
9863
9286
9477
1335
9750
2962
831
9768
5073
2489
9541
6182
4498
6280
402
4136
1970
6164
3761
8865
5261
9477
3304
8977
941
6022
1245
2715
1413
2858
283
4508
5842
9072
4697
2969
5481
9673
4803
1990
1870
3277
7024
1950
2829
4551
4615
152
4786
6640
6369
1829
479
1971
1905
6529
5209
5179
4368
7686
9946
7480
5987
4354
6080
9779
4893
6752
3491
2978
5597
2119
1709
1247
2753
1782
6968
9075
339
7782
5303
5458
2771
4418
8789
6793
913
4667
6494
1088
6846
2276
1199
6875
5089
5704
5336
9811
9906
4238
8911
2994
9607
212
1669
9994
5401
5841
2706
7489
3094
874
722
3347
5271
946
5463
7269
2166
4132
4162
9589
8583
1164
4881
7023
7565
9895
8050
6955
887
503
7831
6749
8675
4717
3608
8683
4234
5407
3029
71
8208
8939
551
1223
9185
3846
3422
2167
3072
1749
6859
2017
8824
6837
2032
5683
7856
7598
88
9722
7202
3667
5787
8740
96
2240
5187
8214
1132
7089
1864
4924
7728
4265
3337
3269
131
4
9687
2225
9656
3423
6054
6048
835
9030
1020
6882
8725
1431
3021
9182
8969
5965
4047
7375
8001
2480
698
8665
3382
2747
2066
5041
5065
5271
7888
8275
9212
4015
4577
2806
9724
9579
3585
6834
8293
7056
7436
1989
7438
4819
3834
179
4744
6214
634
7004
9736
5315
2525
1889
5396
7883
626
8269
1964
5639
6134
4428
521
9606
9053
5374
1335
3489
4941
4474
6514
4520
621
4670
843
3282
7569
7182
3307
9819
4165
203
3669
9271
1442
8145
9299
9623
687
5145
525
5568
1097
6864
4806
8479
5306
5134
9524
9413
7315
1566
521
7013
8251
6489
5383
3686
7385
8049
3943
965
5235
3524
733
1039
2024
4503
6840
6525
1300
5725
9983
3814
9709
7906
9553
8101
928
2806
273
8196
742
7222
9333
4146
931
7591
5096
3263
3948
1949
4909
5791
1884
511
5441
1002
2861
1367
6979
5233
4316
7146
5079
3921
9415
2431
571
2129
7134
1122
5374
2247
7497
2176
9969
8696
5706
4055
520
5468
5039
5530
9073
3991
3407
6757
7793
6732
7748
6595
9914
8628
3990
9311
4148
3765
1305
517
9572
6378
5947
4950
8029
6116
5588
8897
9141
8407
3008
4796
6174
2289
9950
3255
1253
2546
9228
1507
9135
4518
9965
458
4904
6994
1818
7542
6332
907
1495
3372
3429
97
563
3681
644
4410
3297
1915
42
8576
3089
4794
190
7851
3829
5855
3965
5203
1047
7338
3751
7585
9981
6451
5882
3343
8927
9765
7539
6855
1984
1101
4057
6585
9864
9764
2680
243
2528
5795
2371
9874
2909
9035
8458
9106
9627
1333
7347
9449
1877
433
1801
3040
5379
5151
3528
1346
3880
3086
3318
6324
5174
6105
9235
2889
9822
852
4978
4277
3841
7457
8740
8953
4915
9826
2575
1010
8970
6195
7108
1145
7209
2480
6323
3017
1033
7045
738
1851
1595
5472
5696
5259
8458
8355
1082
8348
4039
1101
3513
3499
462
9028
6013
9370
5163
1096
5047
370
8052
5608
4112
8235
5502
629
7035
9473
2678
6818
3642
549
5597
8450
6356
1005
9182
179
7815
2311
6984
1291
9496
1046
5999
212
8253
5502
2759
6427
5923
5324
86
8354
9684
3676
6420
5801
5819
783
8022
1062
7692
5631
4938
1643
4784
5528
9371
1147
5118
6180
7066
7139
7058
392
1130
1274
5551
5965
4325
1397
141
6285
2211
5849
8374
7135
9017
7544
7460
2499
2007
8257
5993
2538
5524
9741
8380
6213
9376
1100
2333
7145
130
4998
4742
1514
7616
4509
3360
3764
5083
305
7443
2157
6204
5364
6987
2168
5279
2519
2798
4951
5776
2517
880
3892
3353
3639
6669
7289
4251
926
3249
9275
7975
4072
6773
7823
9762
6630
2947
6948
3523
217
1803
710
8799
202
774
8440
4418
8643
2923
2293
8947
7978
4483
7328
16
2129
1735
3803
5335
8032
1788
8778
6208
312
4217
7651
6277
7709
2162
8277
5156
4601
8738
6848
291
9097
130
1960
230
5220
2332
1126
2205
1313
3559
9280
6262
3742
5611
7722
501
1700
3168
9352
7498
5720
1086
6281
808
7551
6982
3116
5355
8966
4112
4677
9059
2209
4079
4260
519
3102
8398
3253
1306
9334
1646
9115
7796
852
4635
341
4523
6601
3192
4928
6957
1416
9396
1558
5231
2677
9011
1348
3543
9373
9443
1603
209
2628
123
8188
2071
4100
6293
8123
506
6915
3925
709
5460
8076
423
7527
5284
107
5981
5487
9310
9300
5233
1868
1960
8760
4436
2808
285
3504
6250
4237
7742
6513
8387
9981
3340
9281
3712
599
8792
135
8546
3364
8497
8671
3599
3765
7447
5711
6679
705
1069
7078
2666
4413
6114
719
5466
1231
7974
7688
7730
7402
3569
1176
1829
1108
4471
4519
131
4015
7607
9362
9653
1666
1766
6243
5295
6090
3177
1206
336
8140
5566
6675
4287
2909
563
9958
5724
2914
1146
4286
7884
671
3468
8148
6038
8323
6713
1680
741
1445
7436
5622
6910
1934
5746
3732
7055
4177
6511
6837
1341
5365
6480
3135
5437
4838
5079
8539
9669
5830
2868
6878
9322
3403
4037
9116
9464
9759
4039
5907
4426
4944
9073
9061
7834
2922
1629
3753
7818
5913
3166
282
8122
6401
8372
9235
8067
1065
3325
1588
6735
9537
9527
2188
3138
6376
1184
4091
1149
1736
4380
5066
6133
1181
1722
9617
7378
684
5247
6359
2058
520
8719
2426
6116
9955
4919
3212
8211
6349
2347
5325
5139
7511
1756
6714
6260
5860
8668
2318
1738
7026
4936
8516
2801
2197
5534
3869
7
7572
4218
3777
3466
3164
2497
1660
275
8748
5035
4475
3366
9412
6290
2676
3266
1412
6919
9518
7392
9415
4068
8123
4194
2362
7723
219
5961
3065
3871
4761
4150
9174
3300
9769
6219
3507
9879
1777
4459
6517
3000
815
503
4695
1018
1289
5302
7044
9083
8685
6949
1757
8366
3626
6221
6955
3936
6692
5473
5281
3809
3597
8770
3696
8412
5751
3811
5684
6743
9057
6518
6696
1962
7759
8338
5823
5074
2756
1872
1183
3817
4697
1367
929
2724
7694
9576
4423
2959
2465
5163
5713
4177
8432
7761
9216
1273
783
4973
6414
6776
4869
9183
1709
2011
9597
6306
3106
8273
55
755
1549
6556
5664
7654
1244
8223
3030
2718
9991
117
7234
779
1537
7601
3748
6992
7478
3402
4358
2381
7295
5763
2395
2825
2350
3236
2484
1746
9722
3760
5189
3244
3177
9560
6485
689
6817
796
7067
5496
5374
161
3471
1659
1893
1066
4436
313
6105
7117
9840
2232
8779
9784
2026
4617
3531
7257
7583
3975
349
4178
8598
191
9531
2512
7273
218
8471
4407
3281
1567
1856
8253
2037
2758
7324
9764
854
2506
7871
4315
9865
5274
9343
1958
6884
9100
7384
9242
9454
1742
1118
6622
3912
1767
5803
4870
5928
8645
5923
4903
2795
2969
5600
5755
5679
4248
2816
8058
7772
8967
5502
2159
5120
2422
402
9921
1612
9450
1878
6995
2748
9869
1887
496
7868
8204
4376
2113
2182
9736
6478
1672
4202
573
3290
5637
4289
3363
6790
4236
9918
2762
9709
1499
491
7945
6059
717
4803
9305
5161
7491
7716
4151
4060
3924
7009
5990
7450
5020
6889
1462
1320
4004
4283
6330
4586
2869
2516
4223
8159
3680
6188
6622
1131
1418
9656
7232
7388
9450
5343
555
1390
6769
1905
6392
6210
3282
2683
5003
3058
4965
6261
5737
5450
2392
4447
7102
4437
3795
5799
6055
2869
6584
921
5127
5982
3700
5041
691
9001
1632
2467
8975
8298
2190
7524
2974
1803
4019
979
9122
680
6572
386
347
5688
5739
9165
7793
5269
6975
3512
1833
3636
1952
6006
8931
7060
3618
1546
5451
1126
5259
7053
7817
3481
662
7879
6345
8863
9715
2163
231
2889
9425
6784
1585
8522
6339
4249
7170
3625
8471
4785
1570
148
4165
3231
343
1405
3764
506
9816
9079
3174
6030
9125
7503
4971
6042
5260
5180
9838
5133
5496
5217
534
5421
5768
7935
6033
1373
8808
9611
6745
1692
8218
1077
6759
4455
3082
4911
266
6127
5475
5737
2629
8164
4620
9755
444
700
892
8610
83
5061
4726
3609
7187
8974
1367
7526
401
3916
3546
8050
3013
7271
8033
1572
4360
1648
645
1598
436
3525
9239
888
8472
5066
7008
2312
9031
8577
5598
8223
8126
2949
2331
1087
4816
7206
9082
8000
7700
6008
6120
2244
6971
8181
6930
3100
7
196
2661
5701
886
5495
9197
8569
197
9887
8531
5229
9481
2369
3698
1855
3595
3167
2658
8882
662
8978
6470
3962
7978
7598
3337
6355
4576
5952
4154
9608
2670
4614
6680
581
2132
6002
2491
8023
4838
4350
9959
6505
8953
6837
3622
1439
3051
7585
238
9383
4304
8196
5607
3083
6284
7561
1047
8723
4035
485
8065
8119
3873
6251
1913
7635
2235
9902
553
8921
8327
7656
3175
5394
7504
359
9294
2675
9518
1406
8473
3699
5024
881
8359
6933
8890
2908
9797
7966
616
7006
7499
116
4628
8335
2947
1888
6119
6351
1058
6434
6673
2331
8264
4167
2638
6730
2562
8541
7489
2527
282
1887
5571
2389
9182
873
6939
396
9632
4900
7484
5549
8473
9722
1580
3840
4363
3243
3788
429
7832
4333
9144
8703
5382
7459
3544
2162
5587
1089
7064
96
748
6455
5903
5288
6880
3341
2962
7629
9177
417
2085
1553
7593
1311
508
8453
5184
2232
8015
6114
1437
8202
359
7530
403
8043
2013
8173
5746
6763
1573
7012
4111
124
1915
8029
5282
1895
1778
6079
3612
8518
6084
7912
8386
2530
1394
9307
3791
9652
6452
652
7849
1986
7616
2640
6612
8839
9969
325
3154
8697
3084
5071
5183
1351
8876
9214
651
5314
4366
676
7198
3566
1392
191
5971
4190
3248
7775
3037
6761
1892
6629
9615
8773
9258
1716
8788
3241
4175
3757
6441
1330
5220
8477
2279
4459
1091
4886
2002
5603
7628
3592
7665
1691
4116
8227
9912
2542
8082
6543
9492
8974
6733
571
1513
8268
8739
7098
528
8584
7005
9077
7589
861
3731
6614
8830
4121
7791
3708
539
8322
5856
4088
8675
4390
1203
9333
821
9755
384
1439
7332
4479
9120
3399
9674
6498
863
7689
6529
1093
3609
165
3252
8374
5242
3171
3820
361
2212
5039
6503
9244
7713
5766
544
6971
5600
4326
6308
6115
2442
7906
5899
828
9207
6683
1977
383
1742
5687
9362
4726
1525
476
7742
2834
9237
1844
667
3376
2724
2714
9311
4276
6997
5181
1425
1323
4347
416
5700
9074
7380
4077
9763
581
549
6138
1604
6232
4106
799
1110
957
8715
3856
8717
5010
2038
5252
7884
1432
1044
9030
5506
6858
8252
1369
116
6602
8228
8831
3977
1325
7016
3707
4466
1692
9519
2161
3473
2114
5925
6395
3905
7848
222
257
5067
6000
3476
8359
20
3595
1969
566
9388
2031
3064
1795
6726
6113
5406
6545
8198
4794
4019
2271
3708
9217
431
3911
8326
2818
9941
7177
1011
9236
7649
699
4277
7353
4678
696
7257
9801
988
8999
9565
8885
9714
8724
2919
2495
2967
4456
5401
1455
1092
7004
644
460
4542
6489
9684
9036
2914
8184
755
6150
2617
7163
2800
9511
2321
7869
9748
8501
9730
9444
8766
1655
131
7027
8930
2628
3168
5150
7451
5464
6072
3021
2383
8567
2807
9741
5260
1604
7921
8856
5046
2871
4868
2235
6603
6298
8221
6870
1686
8110
1923
8197
8513
612
6898
9322
8801
550
2114
1277
6775
6256
142
5380
9003
1383
9952
7314
1002
9625
5621
1954
6684
2463
7322
4097
2820
4014
6950
1540
8377
2928
4512
6191
1696
3622
2587
4521
8532
6184
8196
9928
924
5239
1128
8238
1596
2139
8398
7295
9357
7556
5189
2787
3799
7883
7934
866
1214
9576
9411
3875
6592
7816
8476
205
9563
417
7569
4469
8412
734
1568
4487
3316
6280
9149
5029
5014
2443
2567
8496
373
7722
9451
1296
362
8997
8893
9509
3388
9591
4988
7138
9653
3735
381
9085
4944
5918
4799
384
7659
2627
3337
6835
7201
361
409
4683
7017
4106
9550
2364
149
1796
523
9689
2065
7628
7306
2850
7463
1087
2677
2263
4990
7275
1609
9166
1424
9039
2937
3692
7090
2462
4586
3897
7656
5939
8105
7017
3200
3193
9589
4946
143
1881
2849
8791
5208
80
4065
1626
1258
5140
2126
2305
5401
7024
9063
1704
7688
3749
2380
4027
6899
1051
1350
3977
4626
1990
7252
5282
5933
4704
5727
7211
9721
1626
6122
5748
8977
9555
5709
7565
6778
2567
8959
1259
9184
7037
9046
8557
4115
3271
2212
2538
2909
6204
4472
5376
5195
2736
2178
4401
4858
3005
9562
4402
8920
6261
4246
3362
7683
4481
6537
5138
8867
6390
1717
3129
2044
2629
448
104
4807
7823
7354
1181
2528
2097
7447
5872
7453
6925
3141
551
8556
3358
5279
3048
2223
1527
479
8478
3337
6761
4780
4564
6017
1785
2562
956
4503
4899
4521
4889
7527
8546
3133
8059
9399
2537
997
9433
7460
3974
4400
9052
1886
3652
1679
4351
5250
2647
8568
5707
7503
1150
9032
7814
6672
1579
5792
9917
1245
1280
5354
9281
2473
166
3724
485
6302
7452
9360
6488
5556
4686
2556
5303
1142
9794
6070
8754
8427
7730
3815
8691
8772
9293
7569
4205
7732
3890
7976
8618
7769
100
3235
4099
6786
3957
7529
8876
3578
7376
2755
776
1921
5596
3423
631
7308
4732
3767
800
7853
4771
4804
6713
7028
3844
3103
7333
4835
7824
5878
3547
1667
7262
6459
1744
4580
6882
3156
7504
3173
9850
7939
8184
3207
3129
9349
7582
496
2587
541
5434
5301
1669
2601
3815
196
1296
5193
5936
6165
1373
8910
8624
9860
7471
6575
6667
835
7055
6347
8207
7040
5180
4783
4329
9241
9786
8910
1670
9860
8620
910
6352
6008
8601
7438
6269
580
6825
7890
8738
6938
851
4051
8672
8982
3369
5571
5248
2640
2462
2548
2012
2670
5622
2554
8902
6613
2504
9715
914
2166
3977
5081
9372
8847
7504
5655
4521
84
3250
1094
7631
3959
5504
7785
291
4013
2707
6226
6340
658
8050
6549
6942
2705
8769
9176
475
9659
9233
5927
8409
7096
894
8719
3509
7837
9150
7327
9947
1885
3253
7126
7672
1686
1386
1917
1393
8659
4570
2929
134
3092
6337
7020
5638
2637
317
7825
2557
4065
6637
6035
4350
2946
4996
3737
5446
8103
1593
4869
4227
6397
8888
5558
3968
1075
7731
4287
9042
3692
6740
7688
8291
3706
1416
6340
8151
3907
4560
9548
2864
4666
5670
4097
3602
8409
690
5054
7458
8272
3897
4542
5603
6224
1463
7283
3514
9641
6689
2375
6073
8450
1435
7222
1981
3828
4477
7310
5705
2089
1087
7884
6026
4182
9203
3397
1443
6350
4320
4600
684
2142
2637
5451
9147
7126
1224
8922
9951
7757
2770
9045
7068
2607
4977
726
9426
2195
5714
773
1927
1222
3525
6127
1644
814
6148
8579
3127
334
7922
2967
4413
4908
5901
4125
192
6288
4441
1693
6797
3735
1661
3213
9093
8097
7994
548
4594
4494
7187
9460
597
3667
312
8216
8879
196
9982
1555
2333
3591
5351
290
3372
696
5742
3162
7282
2783
7528
588
2797
2545
725
600
5630
2681
7206
8801
6333
6870
4068
1522
322
8825
8041
5263
1361
3927
7951
7589
4378
8476
395
1050
5226
6935
2998
9751
1300
2485
2090
572
588
5958
42
1968
4809
4624
2013
4540
2060
6664
8503
2478
3920
793
6072
8084
3356
3396
9021
2163
7352
1524
6672
803
5696
2780
266
6270
3108
84
3057
8954
4319
1665
5784
7221
1052
9098
3559
7010
4102
3363
610
5315
9531
7477
1120
2452
1351
2673
3799
1742
708
9014
989
9825
1461
385
8918
9062
7130
3719
8562
4306
7787
5333
2183
5734
4960
1696
9095
331
6210
4895
1161
704
2639
4688
5508
3277
9865
4682
9905
2173
1447
9794
168
4883
3573
5860
3056
8202
8309
869
6184
4826
2193
1767
5494
5028
9562
301
7883
5847
7152
9396
6120
5042
5937
3025
1918
7576
8724
4203
4449
9839
5363
7058
933
9509
7840
9123
1317
3559
6544
61
8815
5926
7376
3837
3799
8476
6148
3462
6585
3738
4156
8906
2710
7341
8048
6621
6689
8786
5548
6267
5119
2622
3912
8172
4929
9654
6354
1592
8770
7949
7129
7680
9938
5688
9896
6693
3630
1737
2172
5357
1782
5649
458
9292
5481
3018
1501
6170
1669
9178
1061
6701
6855
4845
7820
1123
3455
4691
1089
160
39
3922
1444
2184
2539
8710
2233
5894
3619
4728
4872
1831
4
8648
5994
8945
3122
5583
1731
1079
7205
4431
9610
8263
124
6110
7806
2968
4872
4897
6040
9988
9773
3221
9461
2135
6383
3398
1531
3058
6027
286
7918
6827
1046
5572
2955
4895
1152
6442
6081
9385
5340
8325
1767
3434
4105
8853
3188
7235
9419
7099
7871
6820
8145
1968
7372
306
6193
5196
7365
8561
4113
7924
1978
8743
1189
659
8337
4475
8670
520
1058
6993
5139
4814
6009
7322
5913
9289
3137
6953
7265
1292
8588
3696
1131
4077
2456
1226
755
2956
8124
4723
4591
7747
4923
9645
8793
8282
2054
208
9294
6834
2485
3459
858
4973
42
6867
1495
5327
690
3030
3308
4116
430
7546
1212
6109
2410
1629
2258
5620
4588
676
755
5034
9357
1176
1499
2889
5064
8521
4676
3878
3722
1068
2879
6901
2337
3240
9299
4572
2669
4280
7670
7703
4053
178
2696
6263
9179
1448
5068
4102
6594
1705
4720
357
8559
3867
3791
1559
7687
8090
4175
4341
2707
366
9217
984
1919
7023
6482
8740
2059
9613
4421
3882
7650
178
8466
2943
6101
4845
6025
1883
339
8750
824
9357
3292
4127
4238
8167
6254
9597
7590
152
1722
1763
1641
8906
9665
633
6299
8157
2425
566
8122
9448
2971
9363
9998
7668
9851
7965
3777
7879
8430
6866
3193
2273
7182
6170
6092
4750
3069
7804
9957
9966
1134
4321
5484
424
8492
1211
3476
543
9439
2106
5634
4593
8528
3051
3356
1200
8631
8893
6189
4870
7805
1753
4760
7948
2244
5995
1869
3331
4182
350
9528
6708
2443
5695
2807
1360
9371
9209
5836
8055
9968
4666
1530
6292
4260
6965
5093
9788
6677
7977
4990
6263
7614
2512
220
103
563
1624
8710
4897
9109
6096
8397
2932
8697
1093
4569
6748
2949
1593
6570
8220
601
2973
241
7254
2608
5669
867
9660
9109
2674
4561
582
7143
7239
7549
9868
6612
3883
4680
4158
1190
9732
2645
5373
7016
2970
9169
620
2444
1835
7961
5035
5426
9160
5541
1944
4971
947
8494
9757
2412
9279
1739
2268
2865
945
3753
6198
2125
1060
5425
3537
2341
4331
9521
2668
3653
3170
2315
766
9149
3131
463
6117
4229
7392
3507
1122
8900
5790
1931
1161
8309
9462
9535
7192
4605
1301
1622
8190
3881
1164
1372
7680
9477
6214
1062
2590
4436
6859
7384
7665
117
933
7838
6746
599
3187
4450
1373
3094
2061
1446
2022
5566
7268
6485
7572
7627
7206
6412
9830
665
5639
611
9148
1565
9910
2742
1364
7899
2747
1054
1895
5237
4805
8443
185
2918
5563
1074
8315
9071
9769
2059
120
9527
1729
3942
4800
6018
8065
2242
9055
4302
658
6306
6065
6250
3225
2557
9219
777
1629
492
5976
9574
3906
2508
8586
3707
7250
5583
3253
3485
5471
9295
7482
9949
9789
3744
8892
6018
2870
8538
1812
4688
9306
6822
1144
4185
9223
4368
293
113
7367
7287
4080
7991
4213
4003
1039
238
3124
46
2380
4844
9434
8258
6874
7439
9849
7708
2403
5989
4945
3565
9845
4288
9047
7963
1572
7117
4676
6552
9122
1140
701
168
3473
3637
4658
7842
2243
4416
2934
4629
9206
18
1455
1209
8477
8058
5738
4422
7279
553
4510
2725
6658
2373
7246
5449
3908
7412
5361
8934
408
340
3893
4314
2549
3737
7194
4443
1694
9872
8474
332
9178
806
5770
572
669
8322
4795
8899
3440
3968
5256
977
4806
2336
5090
9914
3850
1489
6164
8224
435
8705
5797
8070
246
8408
4602
7226
328
4755
89
414
9337
5339
6834
4066
9178
2274
6542
8765
6070
2586
4184
7191
3130
9702
872
1421
956
6338
1017
8663
3365
7209
8033
799
7520
6964
7075
2287
8079
3497
3380
8299
2552
917
2496
2581
8164
5680
423
5760
9901
8833
2535
7577
8427
8121
977
7035
4095
9283
5860
1311
5677
9859
9419
7728
5087
251
7474
224
3312
8948
141
1651
5294
5979
9094
209
7577
4069
9795
8344
3049
2146
8090
6443
6348
8579
6535
7696
9152
6762
4635
8807
6518
8881
588
4512
3773
3000
1471
1325
3009
7600
7394
1836
6397
1916
3700
2216
577
2708
7246
4574
4205
8958
2527
9891
2452
1470
491
9950
9131
2165
3140
4330
4220
9026
3970
1980
3476
9946
9411
3609
8056
2231
83
2500
9856
3413
9268
2158
1177
5016
5150
7908
7295
2639
8287
696
7057
7094
2668
7157
6688
9021
4387
36
7939
9573
3407
4195
888
4322
9226
3124
9518
827
1350
624
3758
4003
8500
535
6245
9406
4632
9893
576
4498
5830
6445
4085
6266
8963
4054
318
8606
937
6065
1551
5123
2137
9809
3180
7239
8808
8310
1250
4322
1833
5033
7061
5973
4155
5586
7317
5306
8650
5834
9635
4514
8976
2562
6756
5400
1311
8743
8703
7916
8569
1518
2725
1344
8872
4874
2219
1448
580
4626
2167
9383
3347
5343
705
7382
8374
5296
2789
1396
1906
5388
23
155
1577
6348
1726
857
5422
3642
5434
6563
6397
8777
1392
8100
902
6936
7251
5635
7810
1447
8082
3768
4029
193
7152
5259
1676
72
9205
5667
8119
2411
8082
8954
1324
1019
4219
2773
16
2583
7356
7771
3982
2096
5446
5245
5210
8700
1587
5245
4006
8300
813
1350
580
6746
1750
1668
9265
6844
6378
5366
1908
1194
9735
9659
8367
6675
6056
9987
921
1630
6496
1670
4762
7180
7752
9351
8330
9776
6839
4666
9078
3061
3045
5056
6037
3195
7029
9457
5860
7643
7875
1743
9747
2472
771
2400
5228
5480
8634
2395
1536
1456
8183
7951
3438
1310
7947
8569
2115
7013
8289
2081
5848
6725
5904
3656
3820
6345
2563
7652
8496
4580
1102
7449
9780
403
408
2567
620
4901
2084
8808
9563
3419
4831
1835
8086
5997
8671
5656
1169
8866
2115
7677
5724
5720
3093
9130
9878
621
5628
1554
9497
1879
2645
2401
5642
5198
5163
5754
4174
9676
3541
5191
6384
8419
2195
3453
7933
6306
6593
1560
7168
2632
3544
5093
8914
7194
3469
8018
1738
6362
8521
5395
8335
480
8181
1153
3919
6172
1059
3065
7385
5916
2421
4338
7255
9653
2875
4846
8744
4112
7214
1318
6048
305
2098
8836
9215
6209
2438
1692
1611
3413
3021
2597
2734
2898
6039
1608
9595
2766
3144
6660
4491
388
9445
4161
8314
2893
88
744
297
2328
2814
6950
5989
7896
1181
383
9533
1661
7900
3091
4270
3552
6456
7347
7351
642
4100
2894
70
2651
4677
2834
5331
6170
5602
5569
3860
3183
4704
9200
4487
9
4214
9721
8826
2868
7802
1509
3752
7047
8316
8234
2337
1445
2397
3025
8471
5961
1648
5934
7225
322
8394
9234
2014
3857
3268
9874
6356
9446
1787
1353
7495
8342
2605
5119
814
7709
1583
5698
3005
1248
9982
8696
220
3286
3940
5194
5123
1294
7224
272
1338
2685
7140
5926
485
1425
7554
3246
8652
4437
2842
4214
8876
5828
2132
1542
8789
2538
4295
1900
4622
6323
1647
9433
6810
156
9854
4692
5919
389
8677
7558
8577
623
9930
3109
3264
3498
3265
1186
5993
8055
1998
9138
6476
5466
6741
9018
6933
9900
6267
5897
8294
3059
7248
8507
3381
7622
9060
70
456
3224
3274
6585
6610
4370
6242
1517
7460
972
3518
5494
44
7216
1861
670
1084
5375
4528
7990
8562
62
5962
6414
4513
873
7267
6178
5168
4621
214
8453
8627
3201
2662
9517
5599
9941
4528
9747
1488
1500
4944
9383
9205
6057
2551
7206
2807
4293
5430
8675
147
496
1620
4771
8818
7957
541
4667
5857
9688
248
7922
2088
3061
3551
94
6488
9951
4457
1146
4136
4221
4430
2543
1337
2777
8284
4197
8233
3712
7913
9548
2940
2983
1779
6188
2948
640
863
7957
9447
1538
5879
9677
1801
8963
2512
5594
358
3199
8344
4961
8905
801
5003
4127
7587
335
5426
359
1276
148
7878
6311
8007
2973
6155
7688
5713
616
8255
2347
3848
5373
5945
9630
3482
1347
7828
6622
830
5449
4346
5167
5059
355
2765
3299
2525
3065
3745
5798
8721
4604
5621
8823
6040
942
2321
2194
2026
6355
3974
6050
7448
3062
4886
2039
5394
3637
8885
7931
5461
7755
2951
2836
3839
4850
2489
1017
3566
727
899
2637
8214
3892
1883
8958
3380
5161
1745
2301
3235
1444
1323
5037
7970
7568
7849
6894
6321
6279
4948
8286
5043
7360
7380
8590
3710
6632
3621
6936
6221
9798
3166
597
4814
4561
9528
9664
7473
6853
4245
7026
7965
4472
5525
4185
6700
3674
4311
7658
5048
8101
3392
6584
4691
3490
8469
955
2957
2187
8113
9010
8549
5568
7397
8643
5196
7823
8772
9022
257
2757
8392
47
1696
1808
4260
6338
3876
5379
7698
6773
1945
7976
2484
2771
5373
5271
895
5321
2470
5538
2717
8717
6119
1513
2422
6382
262
3192
1066
4020
7747
2395
3987
3241
682
5019
25
9499
599
3276
3591
9528
1784
9870
7179
8920
6889
8168
9247
2665
75
1129
7669
4516
4144
8914
2173
2700
9092
9307
3157
614
9852
8643
4551
6211
4894
75
6791
1422
6628
1186
7499
3544
3281
6293
2910
3903
2057
4850
5854
406
1202
3578
1976
9013
92
4383
9076
5617
1604
3858
4499
346
7185
4803
9632
3082
720
9517
950
5531
2051
111
9854
7309
3576
8006
2895
3217
3395
1497
4050
3217
4277
6160
477
2581
7570
3946
6924
285
8565
2644
5762
2897
5036
1986
1350
1267
7341
4278
5775
8281
1752
897
9632
9469
3940
7551
8294
340
6601
4771
2476
2848
8028
287
5060
3549
2112
2826
8282
4718
7645
3161
2402
281
1561
3824
3572
4879
8563
2957
238
6984
1256
4177
7995
1547
3135
9081
7676
4301
2250
4597
3604
6297
6941
852
5757
9797
2297
2797
5941
7530
5295
5781
7838
2932
212
2761
716
3936
9497
6615
2983
4122
3648
8812
153
8625
9542
1845
5431
7185
6479
6429
3491
4
6483
7202
3461
5971
8862
7236
9383
8215
6731
6025
1197
3459
1905
2082
6
5177
579
9671
6039
2981
1901
597
3089
4444
8756
1852
7798
890
159
5414
7860
2256
5442
4400
5269
9360
9001
2136
5502
8590
1837
4479
7141
1408
8083
9937
4390
2662
4299
8389
3465
9214
3209
6163
1345
2155
7486
6319
4693
3383
6987
5254
1908
8279
2925
7628
7660
1682
4181
1561
3443
2988
7880
369
2758
1944
7984
9541
1678
5936
134
6066
4518
1114
5238
2992
4234
3506
8099
8257
1209
7966
605
6069
1223
3691
3200
9074
8699
2923
9080
269
1192
9706
4136
7863
9816
9589
1023
9587
9328
1181
8732
3289
4137
5310
7959
8857
2792
5511
8469
701
6735
217
9196
5005
1723
2144
1914
9156
6864
6494
7129
8937
8131
2940
274
1268
9983
6343
1251
169
7637
8979
1801
4373
2731
9074
2224
4984
7216
3518
8868
9503
4738
511
3169
2160
5727
3682
8704
9312
3228
5499
5829
1013
5557
668
400
4400
9792
7270
9204
5936
9179
5297
8119
1443
4448
871
7292
3054
7308
6206
4572
1767
6914
1753
6944
4099
3796
5754
9847
4256
4919
307
4944
908
5852
8250
1523
8550
4713
3049
361
9842
5658
6649
7730
7543
3004
9278
3175
1929
7018
9332
7663
1048
1600
8100
9390
7981
1142
8451
3882
2729
9223
2
1668
5538
4020
7934
748
2863
852
4953
3293
8788
1540
4746
3785
3567
3995
5737
2164
6777
1674
6413
4413
2942
6058
3311
2799
352
9372
1462
4616
6700
8592
1184
1478
4900
226
2882
4353
6609
1670
5444
737
1013
7486
6271
419
7711
9473
6982
9169
569
8598
9479
4376
1213
2943
9501
459
4434
1454
2400
9149
8332
9247
4624
7899
3978
3437
5148
8959
3051
4809
6372
3158
6743
8158
7976
9086
8069
4092
8880
1880
2621
6041
1102
7381
3477
3293
8431
3984
670
7417
2788
9571
450
6917
9585
9471
7487
7427
6488
4662
9745
4719
5642
9831
9862
9171
4052
9874
3638
8505
5324
6381
5998
9621
6778
3613
3244
3181
9660
1192
7076
9265
584
9980
16
1617
757
7743
2247
5667
9266
8495
6304
7131
2946
8185
5222
1215
5354
8940
3174
9144
5561
2182
4552
3338
900
3428
5524
7081
62
3178
6626
2758
5335
8605
1979
3340
1346
625
4256
7471
8902
2531
480
466
4729
8164
2126
5593
1439
3608
4064
855
5766
2407
6606
8242
7994
913
7409
5744
7775
225
388
5244
6850
5945
1442
4849
1323
1632
6257
893
6602
4540
1550
6454
8607
5198
3740
3112
2760
1251
5614
7238
4393
2012
3936
8898
3268
7627
4113
9648
7210
7455
8834
3200
3789
7868
786
3736
3390
4802
8398
459
2899
6811
6175
8507
6429
6714
6018
1537
454
7592
3328
8633
7855
1589
7604
2134
9220
2861
333
6181
7898
4020
2597
9169
6139
4457
1966
8115
174
2187
5408
4080
7580
6539
4329
3733
885
542
136
5068
3290
1902
7521
5866
6190
4169
1014
4838
2743
5878
5517
296
3160
5997
5751
3580
6700
2712
5443
9335
2799
380
2234
2905
8518
465
6497
3813
1467
6407
6497
5037
3423
1111
4299
6209
9992
3055
7545
8705
608
2616
3823
3358
6421
4832
3433
3154
8182
735
1509
8296
4472
4924
257
7817
4228
8814
8957
3662
1102
1411
1285
4078
8807
7263
6373
7804
7939
7643
7167
6282
1620
1331
3025
8438
8131
5429
2232
461
2642
4186
900
9904
2120
4704
330
2218
6628
7008
4805
4221
3159
3784
9337
601
373
4792
7808
5466
8760
9557
4366
4201
2711
635
3562
1473
4737
7559
6585
3274
6792
6780
6137
2764
7281
8201
8856
51
9052
6665
6169
6079
7297
2949
7294
1985
4144
326
8028
4823
9710
8440
6420
51
4735
643
6665
8704
8217
9965
6347
103
610
4163
3498
5932
615
6543
8006
4530
4270
2303
8757
4584
3024
6737
456
7366
4742
7879
5529
7585
416
1458
8501
7701
1638
8650
7215
3576
9887
5015
1135
9886
9185
3811
9543
4448
4870
6974
9225
7665
4429
7117
9797
4124
6178
6753
8825
4829
611
977
3516
2295
7948
9707
8810
9160
3339
4828
6009
6348
4700
9585
9063
2632
62
8502
8303
1167
9091
4706
946
1173
798
6046
195
1851
6590
8520
7434
2612
3660
3187
2259
5499
9727
9410
2691
2767
6480
6621
5745
9446
7391
7142
4379
5858
4672
8366
7913
4040
8601
4274
1357
5095
4028
983
3980
8091
2071
5890
8312
5206
8631
2921
8178
8879
3094
4603
4094
9012
7525
5124
9711
8522
7931
8211
3289
3038
9631
662
4562
6946
9017
1788
9152
2472
6930
7061
2218
9427
3452
7180
8234
3376
277
5162
7524
8115
5252
1646
8343
941
3063
1083
412
8447
5526
6247
6845
6689
5831
5875
9139
3559
2121
7786
7069
7807
5735
297
3922
5072
6489
7750
7196
1253
1801
5005
4131
742
4307
7754
6842
2212
1213
6175
9601
8808
4820
7718
5996
5349
2108
4909
1920
9364
3343
5718
8404
3415
7119
4003
8104
5664
8369
191
3778
2382
4759
7080
1340
4060
1910
3060
6901
3464
1189
7273
3549
6974
5556
812
863
5154
2473
5422
2355
7485
3912
2506
2341
5034
5503
180
1076
8043
6897
1506
3695
850
312
4408
9244
722
4579
8523
232
7882
3979
205
7569
2101
8066
9052
8956
8902
1138
831
3862
7642
7021
2237
9993
9775
5857
356
9318
9148
343
3620
2346
214
4317
4705
2041
4242
9148
2102
6023
3676
8319
1756
2428
7703
1404
9737
9892
7683
9198
6392
7448
2472
2624
273
8491
4638
6225
3787
7734
3263
8133
1296
6351
8035
8983
9777
9143
4479
3439
6687
875
9133
4178
649
7488
3968
4706
5234
7877
9145
4184
1394
1741
4381
8692
2451
8195
9503
3894
9444
866
5053
8898
2861
9951
4997
4974
7761
9832
9497
8005
3141
3984
3580
5604
3788
7154
3963
7893
7651
5769
2479
2164
9351
4294
708
9766
550
4211
740
3571
5795
8121
3608
7545
6389
7641
2758
5625
849
8787
7292
3063
387
1277
2790
2246
3075
1619
5079
7591
7736
8053
8542
5875
506
4580
7049
1918
8389
3714
9595
3906
6240
4498
2657
3504
3318
7166
6148
1586
7920
2300
1177
367
5055
3570
7728
3224
21
2006
6026
9550
6748
80
3508
8976
5477
6533
517
7946
5902
4423
2872
9332
3896
3589
8567
5725
8186
830
4486
843
8428
7285
8227
6233
8611
2373
6879
5911
2358
4975
5177
5885
2307
7236
1539
6835
5258
3894
8403
3552
302
7564
6878
9144
130
3016
5607
5285
6334
5465
8141
6173
3273
6934
5276
6103
8653
4070
1235
7163
5220
9149
7552
9643
7226
374
2525
5040
6487
6987
230
4774
4165
720
4976
4096
4397
3958
5930
9607
5406
190
8144
9152
7115
1556
3075
9410
9327
4034
7168
4516
2635
716
9665
9244
6237
6113
6795
3215
4389
7286
3348
8578
2078
8826
4178
8673
7135
2679
8148
2783
5831
3841
9993
5942
9803
3825
994
2798
7692
4077
5165
7681
7289
853
4073
5756
4219
8591
3207
4837
6422
7811
5106
7778
7643
8705
8898
913
4092
8067
3134
2907
1684
3110
8237
8924
1574
6006
9704
9623
6095
5369
9533
3873
505
1621
783
9540
894
911
4798
6908
5939
594
7976
2021
6116
2043
9946
7585
4317
8676
8401
6959
7414
5360
1070
8043
2585
3304
9356
1346
947
559
979
2353
8221
3914
2306
1184
3939
9323
3546
6518
8738
7599
2642
7910
3578
3327
9151
3181
8439
5243
5082
3720
3448
4863
3574
9963
4872
9017
6887
5679
9366
2203
7286
9836
2262
8751
8681
3267
4973
3180
2456
2627
2784
5376
6171
5978
3334
8315
1082
4414
7974
3796
6958
2022
3819
6826
613
456
8199
2695
356
1720
1031
5730
9794
7153
7887
4229
2625
5691
1803
5073
6973
1738
4033
1875
3894
8057
115
3943
8015
7313
4441
7600
685
9644
550
3661
1019
2136
6595
9658
9064
9658
5622
8863
7793
5285
8792
8247
9398
618
3956
4788
8394
8118
3310
4026
9593
7120
7705
2669
994
8923
2773
3994
3857
8862
8162
2977
3443
1169
8225
8246
516
791
9368
9765
8654
2092
2783
2119
4105
5534
4157
331
9064
8356
2413
8693
6441
2897
5980
5314
4776
4670
2386
1540
8541
4021
8062
6703
7293
4587
2053
2063
1115
7022
8950
284
3405
2438
1665
3127
3325
7481
2904
247
1998
8724
9415
4539
4757
1077
3885
7264
8246
5419
8521
4547
2188
5947
4432
4763
3611
2528
3909
1241
9819
160
2197
6835
1313
8192
2875
9545
4992
5257
3799
4020
7340
4884
2504
7759
298
794
2316
5127
10000
5055
5614
6878
6353
3163
6746
8480
7319
2207
6449
9896
2330
9859
214
124
31
5932
1987
6947
9615
9974
5581
8458
1939
2265
4518
9027
8856
943
1431
2924
1185
2102
6610
1148
5704
4518
7201
3229
9861
5971
2005
5211
9772
8268
400
8568
8459
4769
3066
6250
8498
4227
4893
6949
589
7020
5953
3762
5158
4495
1126
3196
4592
1394
5159
8804
475
3762
8009
8180
5196
2591
2757
7139
2700
8178
5143
8488
5828
8646
2664
9904
4778
5089
4171
9582
7310
2021
975
9475
2278
2380
529
4255
9244
8366
2679
5613
5123
5382
5721
6446
2733
7398
7755
5651
9102
5057
8859
9445
7449
9712
4559
6871
3210
5743
1912
1914
648
5593
434
9616
3587
3333
986
2795
6949
326
4914
3938
5372
5888
868
7697
5992
943
6637
7853
604
4647
342
4864
6878
4722
8948
8771
8152
2906
9145
5094
6310
2689
8579
5327
278
6586
6479
9699
1982
6559
2826
314
465
6419
5581
5854
9989
2593
4436
427
3450
4155
6241
1332
988
4753
6309
3615
5666
8367
5622
818
3003
965
2172
5347
6790
2071
9178
9269
1430
9986
6669
7786
7769
9340
9794
2065
2218
536
8869
1998
4231
6459
254
9374
1466
3456
947
564
9048
420
5067
7962
9306
4825
4342
4812
8611
8826
1549
806
5635
8317
3834
6846
9272
7291
2133
3936
4795
1561
3589
6663
3562
1186
1960
3056
293
8502
4575
427
5037
1961
5117
2702
6478
6827
7717
3115
8592
8860
4634
2709
563
1954
3251
3295
3312
5164
8310
4605
7418
1234
4732
9493
5391
1437
6943
3785
5461
669
7916
2081
5764
8039
901
6333
5416
5557
4844
3374
5690
5940
1264
3261
3452
478
655
919
4182
6723
6126
7443
4890
5215
8713
5523
8186
7252
384
3017
3548
7613
8497
2664
5387
252
2712
4332
9293
9798
3678
5480
1990
5344
6440
3547
129
4369
9700
9111
5793
1039
7384
1664
9785
192
6949
8531
9717
3637
821
4026
881
3345
8142
9751
7679
4537
3163
8474
758
426
6875
5556
9292
5187
8755
2875
8512
1280
2139
2771
7971
110
9785
4382
6194
7155
8464
7110
8857
4480
8613
3983
2479
7076
8993
7117
1772
4244
8276
1163
1104
977
7433
4596
9703
4898
2889
8938
94
8509
9723
1167
9518
1814
3686
5158
4478
2133
3556
1503
837
5413
4090
9101
6366
3983
3339
8541
810
6534
8588
9000
4452
9967
1274
7697
6379
3432
554
689
8414
7230
6765
8544
141
6846
5175
3352
8320
5101
3094
2455
6152
4181
3060
5038
9320
7136
524
3565
2592
3677
553
3392
3307
2502
2960
375
8446
90
3180
3714
7040
483
5936
4295
9372
4240
4433
4544
9878
426
3141
2772
9121
7565
248
8093
7369
8052
9816
6679
6317
148
6367
8407
6909
7628
5558
3181
1441
9480
9310
6790
2483
2801
7660
6990
1330
9255
6235
8346
9514
5927
637
6694
3222
2962
8727
3810
9599
2157
975
6589
6116
9203
3581
5479
5879
8230
5513
4447
764
363
2708
192
6703
6588
7259
3473
9385
8365
5694
8984
9951
7904
7757
2750
2227
3243
5674
5717
4783
8555
9662
4244
6294
2841
3215
6725
9335
5736
7366
8794
7046
8533
4199
1616
7936
8846
4411
9598
8417
828
9813
6672
1980
7528
4928
172
7514
9366
1882
5956
2828
1002
1056
2277
1690
6580
4319
631
9183
3298
8034
6921
8038
8977
7154
2179
6502
7969
608
4267
2080
4657
2063
2008
6138
6035
417
6882
9639
6086
9430
5897
9014
1179
29
9202
5712
7722
1315
5137
7647
7376
2196
3962
3446
8226
7276
2294
8201
4616
1877
5784
188
7371
5259
3151
5158
9045
5115
4042
5460
6881
1260
8728
5252
9979
2272
2222
6782
5957
7954
3350
742
566
7155
2997
1015
9857
5924
9512
8475
7938
8188
5712
5805
8903
4336
9475
4108
610
9399
8423
4902
7440
3106
9507
5566
3162
1968
9277
1578
655
280
5973
3580
7690
7708
1534
9350
5774
2985
9117
5313
3901
4955
7041
2377
1849
6668
8227
3118
750
8463
789
5633
5028
1065
6663
5607
580
261
1114
8719
1531
4416
7167
3412
3794
1124
4952
3150
7953
5919
2347
9820
1711
9035
4006
8357
8594
8077
8781
982
5974
1199
2805
2543
5986
9137
6813
8914
8460
641
8897
7732
7985
4759
4665
7547
8588
9185
9344
9968
1608
2326
169
1144
3841
3925
4838
9812
5405
5907
1163
5169
8725
7014
9392
2421
2503
5094
7179
8713
7708
6820
8085
2884
7582
617
368
2854
9568
4356
2692
9416
7910
6711
7898
8914
2666
9994
8613
4367
5787
1563
5076
7168
9416
8341
3857
7683
8976
6384
2573
2988
5434
4522
2748
4229
6384
7673
8525
5246
3273
5285
3534
979
3094
3100
4679
3257
865
3567
897
2714
7135
7764
4058
8611
174
4990
3275
6042
1756
6780
8656
2262
7640
5962
8930
6282
8397
2297
9423
3094
3878
3406
1272
1696
4222
8770
3460
7456
4445
9774
5565
2781
2563
7225
5637
3068
9837
4982
6139
3679
7657
5825
306
6737
5110
9147
3077
515
6915
7832
5778
4893
9047
5424
2464
3831
8182
4545
516
6440
6424
6972
4550
8408
9366
9636
9081
814
6457
2460
4259
8707
5463
6802
631
1423
9005
9964
3635
3322
2366
719
1875
1425
3565
7713
7669
1030
4504
1419
4587
3899
6414
3326
1476
6183
3031
2910
1946
5175
4760
9689
8127
9624
7369
7013
4265
3400
1745
1034
8884
3048
2276
3644
5662
6553
6971
9427
7822
7352
211
5681
4983
9414
8584
9889
3290
7539
261
6830
9026
2207
3194
4107
7466
1273
1681
9377
4140
492
6615
6695
8864
1252
3396
5537
5044
866
8537
4464
6654
3434
2
3891
2655
7057
178
873
4125
5221
5660
8194
2302
4518
3938
9454
744
7601
993
6313
738
7446
8086
8120
2719
8333
8792
8739
5182
1983
1816
2639
8433
2142
8752
9260
7417
7115
9109
6503
7136
8538
8169
8520
7921
2675
1641
1153
3628
1087
9894
3701
6853
7678
2145
6205
3726
1395
8376
2002
2244
2560
9289
735
1601
3488
5994
5304
1898
7774
2633
4613
5828
9033
9286
5965
3724
5606
3384
1405
6004
6978
3805
6252
789
1197
1598
6700
4022
4291
1439
8552
7786
2670
9053
9532
7073
539
3837
8757
7713
6299
2687
6712
7870
110
7358
3790
9230
8058
6574
9293
3737
7919
9343
1241
4585
2322
7744
249
9489
897
2611
3371
16
3135
6759
8563
2306
1114
5195
7080
1241
4350
1467
2431
6837
4887
1639
2904
7514
1954
8295
7305
9128
7617
1690
7442
277
1220
6366
8999
5499
7955
688
9648
3429
2938
2286
3574
2939
3047
7769
351
9054
5383
251
5173
6760
4101
4564
5748
9148
811
9869
8778
2778
7107
826
3078
365
7865
4645
2874
7508
5
9721
9783
2667
7724
9279
2904
5975
6231
2020
463
3017
8371
6724
2023
4649
8707
1611
6858
329
424
732
1000
5083
9568
2770
8598
1652
2532
9908
5871
2147
9903
5368
7967
7030
7373
4200
8343
3411
4765
932
6547
6881
4924
9948
2214
2049
8406
7143
7612
9749
3300
6030
6514
3498
1175
9840
149
5651
8005
4990
3711
3785
5368
6068
7798
917
9978
8443
6176
4257
9856
9982
7342
141
8255
1371
2744
8957
2260
7627
2590
8184
5872
7381
373
5867
8678
3802
4759
7697
1739
5087
3362
4373
9832
2419
3572
8583
3491
7041
2835
903
2673
4665
619
3903
3051
8721
6191
9037
4430
3480
502
3245
8429
3607
2071
4230
5124
2983
5761
6749
7494
7601
1505
9442
6734
866
8258
4779
9019
3446
7877
126
1866
2685
5973
2562
9228
3080
4
5643
7336
2536
699
795
9157
3822
8313
4721
9033
3208
4412
6698
2177
3463
5426
1598
5622
3879
2528
3845
8691
8492
6404
7698
1810
8162
3925
5084
1522
7670
2478
2273
2103
4728
5610
7765
3707
2019
8467
2646
501
8370
3279
1617
2083
1872
1649
5702
9821
6446
2213
3653
1469
3826
2270
7379
5062
230
9628
2180
2255
8548
5202
1494
1297
8313
8138
7865
1023
4201
5796
6595
3305
3576
1661
9973
2209
7529
9662
91
8758
7356
1335
8025
5252
5741
954
3451
1112
7797
4924
1111
1835
9017
3052
6330
1279
6403
1948
9249
9600
1648
1577
121
2317
7614
8403
3096
2143
7803
1013
4647
6323
7394
2214
919
5635
6167
7410
1183
9667
227
1912
2326
1242
7832
2889
9842
785
9011
3855
2752
9367
1852
5203
6526
2653
8202
3821
319
3374
2701
2822
6956
3111
9462
1830
4609
8815
3919
5534
3673
326
6474
5871
8030
1379
5815
1111
1870
4594
8990
9473
5679
4755
2552
8938
9094
3162
1187
7758
5063
4534
6484
9146
1597
680
5247
1154
5880
1388
4082
5732
4384
202
4260
7429
7776
4034
647
7430
6616
7851
6031
8570
2378
2212
6066
8232
5237
7005
3257
7919
6101
1670
9187
1672
346
3622
6793
3049
4238
6497
5061
2735
1058
880
6341
9982
698
4801
1465
9044
4011
9305
7093
3738
2785
7253
679
1134
94
5193
1802
2123
121
5716
4947
4960
3371
3386
6779
2200
3211
9353
9983
2636
7415
8404
4478
1994
7694
2105
2636
5423
3977
9362
9434
2372
9523
390
6869
1608
2610
3000
9195
5709
4747
9585
4680
1430
7482
524
8489
5984
3245
7905
2018
5762
6641
8435
6412
1362
2363
6051
804
4096
8794
4046
3604
8537
5988
3957
2774
1190
3575
3713
5538
6407
977
1586
9032
3462
6656
4998
2877
734
7762
2281
3344
8300
1069
7484
9575
1762
8028
4417
3164
8738
5488
7051
1579
9855
2812
9898
3695
7967
2165
7228
7908
5998
4738
73
8142
1265
9700
1075
7090
3671
2408
4611
7830
6041
7733
575
9343
1281
4729
3103
5270
2965
3908
386
3466
2029
743
8450
5342
5866
4270
2717
2365
9057
2805
2458
1984
470
485
4387
6941
1265
5112
3943
4427
9463
349
9849
710
6231
8728
7793
7555
3838
4723
3020
8305
7193
187
495
2001
9431
1047
8671
506
5079
9541
2835
2850
6086
3861
6215
8336
4249
3423
3203
8644
9498
3496
1949
1455
9321
7122
2772
695
8634
4358
8546
3645
1279
4089
6063
9522
2788
4276
9315
6742
7545
4596
441
7485
6206
8343
6274
4252
4504
8
5404
4723
1023
9411
1316
8689
7022
5790
7013
4258
209
6196
2333
731
3083
6109
9125
7969
9442
2136
7965
5858
124
237
7422
7014
7346
7404
8186
6392
4679
5216
588
9586
2486
8967
7156
580
6000
7412
1377
2729
3539
8480
96
895
9214
5041
8024
4446
6913
8443
4457
558
8899
1099
1612
6314
4700
4811
4433
2119
418
7072
724
7800
1954
1407
9817
5113
4109
3256
4069
526
5027
2595
3784
6680
6924
5635
1553
7854
8494
4564
6477
1807
2285
8862
1433
2923
1664
4729
2177
7953
9967
8440
4257
7506
2921
6894
7631
383
2254
3085
9260
4707
7625
4703
9735
2587
7401
7983
8816
8577
5818
3626
5531
4460
2934
7686
9584
702
5133
7712
5251
5480
5851
7061
6822
3290
9276
8881
8426
4900
4513
4569
9138
2306
2199
9567
5108
9743
7739
6728
4124
1014
3740
8988
7467
8468
2817
5474
161
5819
3880
9626
4033
3029
8760
6449
4813
489
4492
7731
4217
5092
4277
4578
5287
7307
4583
2948
6553
358
2460
4713
3372
2231
1090
4464
2419
5363
6596
2577
4043
2643
5354
9657
9941
6205
3926
4841
800
6420
9560
4093
5968
3083
331
3219
1676
2241
384
5025
7561
8068
5533
8840
691
6699
6728
6869
9289
5521
7606
1995
7698
9721
1349
4631
9603
1941
7706
2774
2340
7374
8050
8459
6923
3172
8895
6818
3140
374
3477
7974
7199
1376
9257
7653
3895
2897
594
5637
6541
8319
189
107
873
8483
3441
4236
2814
8794
4387
6277
741
8251
8346
1779
8238
4218
6662
3493
8574
8166
2273
5137
9808
6900
2844
3173
606
886
4483
8200
3525
7907
3519
4409
1551
5695
4788
5786
9775
2786
434
4033
8226
4328
8876
114
5172
5285
4248
321
2956
2003
7056
8762
2332
3716
5109
9724
3275
5196
3140
7176
7462
6250
5189
652
689
8058
3374
4567
440
3323
432
3748
364
2237
8988
1184
7864
7917
1623
1526
6974
3899
7943
5887
9212
7057
4849
5239
5971
8903
3166
969
2810
1984
3113
5896
2702
9813
1501
8917
5252
5384
6742
8103
2375
2822
9534
2522
8836
3821
8791
3964
3851
7496
3634
8121
559
9887
6941
1154
2038
369
987
8244
8590
7670
8356
4523
7709
965
2518
8533
3188
1880
950
4158
6567
3294
8617
8063
7068
414
2161
4610
2566
4673
1706
3457
2902
9105
2366
5493
1691
1908
3465
5639
3503
7958
5304
6551
9410
1001
9049
8028
8111
6945
1277
8817
4398
7149
2906
9872
9079
3404
8921
1706
3772
2510
643
1697
8968
3922
6873
615
888
8495
2044
8164
9575
8229
2861
8065
314
7458
5122
823
8560
2556
9313
4326
9523
3089
5360
6223
2066
1862
3425
6131
4206
868
148
903
4781
2874
7752
8823
9591
1695
2831
8692
3741
654
7797
1787
4282
969
159
9654
2293
4565
6771
7591
7952
2652
1216
5901
4451
7307
5808
7087
8201
3698
6866
2986
2512
7646
4264
5326
9484
180
5799
8475
8800
8989
7446
5577
5216
294
5292
8225
4587
9392
3409
4855
7746
1402
8354
2110
829
6149
5727
1840
9077
3636
3655
7056
4662
4785
6510
4491
4941
7444
8062
7307
4219
2928
875
5567
597
2273
1946
121
6219
5794
6634
797
5364
1542
2367
8619
8072
2555
7131
7905
4513
3370
4779
6814
8195
5198
1757
4562
7522
1504
3416
882
3503
2665
9605
1430
4334
8828
3970
1537
4707
6652
1862
8434
7558
4710
5639
6565
1156
7868
2877
2406
6956
8501
4558
6961
2169
7499
8921
5925
7085
2323
9684
3001
5159
4285
4669
57
6130
3533
251
3849
743
3069
823
4027
2974
3915
889
1670
6125
6292
2102
7711
3277
7216
736
3039
3253
7657
4100
5758
9133
2428
8531
7805
9596
9442
4485
6791
1564
7746
2748
6864
8364
9552
1026
7070
6840
284
7693
8550
7306
7769
1903
7480
2940
3601
8787
6533
4045
144
7352
8726
7500
5262
8609
4457
4157
8973
2303
5025
8334
3007
4072
7195
9467
2009
391
1978
3662
2038
1195
3049
7776
5909
6194
5807
7608
2052
4854
9586
7919
7966
8335
9438
634
1017
6654
9166
9483
9000
4993
9000
6592
6045
7448
4263
1952
8644
8903
7077
4265
9855
857
4286
9790
9259
6158
1901
4446
2131
9885
4095
7685
4867
2796
3166
3076
8660
3130
8967
3150
6797
961
7759
9649
5619
5635
1480
4988
2739
4867
7490
4926
7734
2917
8617
8821
9654
1900
2010
9475
5864
633
1099
6385
8061
5130
3909
7594
4740
9628
821
6945
9123
8921
9882
9051
2222
9086
7037
2826
8503
8687
5915
133
384
3641
8693
196
584
2980
8222
459
8933
1779
9854
7617
5166
5755
4663
7962
3066
6673
1565
4244
15
3505
7789
7070
2275
9358
4985
2523
9791
9367
4466
1445
8389
3325
1417
8676
8807
1764
7420
8129
149
1363
1638
6369
8897
9838
2403
9158
7786
926
7541
3741
5595
7147
4864
5346
176
5495
1029
7986
377
7744
9962
6880
4581
1160
9339
6914
9156
8661
3024
6844
1250
1788
1392
6605
6626
1555
3371
1974
5171
9018
808
1320
9589
1417
1600
4945
6925
2592
5642
3060
1001
7632
1919
1352
9587
8415
8186
1639
8362
1985
5756
1090
418
9350
8911
1003
4762
2697
9637
6416
2242
6452
7723
7561
3392
7796
1808
576
423
4128
9586
2027
7488
8322
8117
322
8283
5645
5675
5756
9877
8524
6024
5103
6674
2036
7430
6249
6991
7859
6209
624
3486
7071
5529
6342
3895
9190
9158
1297
861
8048
3976
29
2856
2509
1500
4818
6261
7856
22
2520
6546
9501
1760
3700
1659
6061
2799
6600
2336
4553
6686
7091
8998
9752
1342
8172
5524
2803
5213
9427
650
6279
2012
7458
6393
5469
3345
1489
1706
8697
6749
2694
9413
6107
4675
9822
4978
3635
3999
7606
5885
1440
6450
7204
1954
1045
390
7016
8383
5547
6061
659
4910
9146
7534
6364
4622
7686
9934
834
1822
169
4170
2870
5750
403
3899
8811
317
4915
3125
9774
3280
9688
8525
1904
7560
4722
955
2963
6436
4889
5667
46
8079
5807
5127
8731
1985
6030
3872
6642
7082
8914
6465
4570
203
8508
4389
889
5241
5112
1876
2545
246
6683
7345
9204
9602
1751
1254
8994
133
1908
1605
9202
834
4420
9707
9972
8642
6004
5817
7143
2894
5152
575
4915
6063
2681
4741
9957
1721
3305
1607
6346
7271
1390
9696
434
2987
28
7721
1592
8835
1812
4188
8885
4898
2941
6677
2077
6589
9292
7183
1131
7744
5671
5631
4209
7272
6335
2404
375
3768
9548
767
1668
4165
551
9923
1497
501
2644
3263
2910
8635
702
2218
2244
4944
4525
7869
3551
8012
4815
6177
3850
129
7317
1104
5437
3788
1789
7986
1310
7009
9388
6700
6618
9864
8468
6194
2786
370
3249
9320
1879
2843
7867
3151
6247
9885
4871
8127
5402
1669
3177
7513
4307
8433
4135
5407
3752
1437
1534
2400
7565
9195
1740
1385
7184
3120
8037
9017
5450
4664
8761
6390
8299
5175
2511
5082
9681
4073
2700
7795
2204
4855
442
3434
5747
9181
6405
5822
8860
4639
7884
490
7106
2474
4509
4894
9464
6625
5071
4765
8869
7169
1010
5026
433
5581
3190
4000
4213
6419
6038
2258
7249
2105
9774
2530
2509
483
3338
3637
3144
9029
6510
8205
909
838
8038
2828
6589
3097
1966
4312
1662
4950
2881
7947
1968
1176
3507
3664
3126
1231
9169
3683
2798
5440
4800
1289
5630
9837
4206
8756
4938
4892
452
443
1149
9504
1948
8830
6804
6363
5815
1177
4286
6648
9157
6893
9854
4972
1180
4820
3110
214
8574
7601
193
9235
2327
9062
8920
8518
1724
8619
489
3632
9865
4712
4951
7548
7697
6725
4814
9294
5817
5893
6163
5510
6679
5820
3771
4853
8606
2902
9204
2350
7744
3959
3427
7649
4854
5891
6053
3295
7239
9204
1901
7058
4631
7491
1163
5011
7566
8456
4167
6140
1506
9276
7969
3222
920
4979
7213
2431
4313
6888
1453
3415
3782
963
3632
3348
4666
546
8160
3707
58
8984
2425
1784
68
4951
5577
5314
3831
8909
3754
6908
4342
7965
8873
4561
2401
5356
8534
7132
1615
3908
3796
1557
5333
3891
8593
9263
3021
7643
2007
1269
7295
244
4869
8920
2551
266
8825
314
1257
7841
3592
8289
202
9972
1935
6903
3409
8733
8812
9724
2150
3595
3256
2014
1718
7131
605
1572
3132
7061
7929
7575
6369
7038
317
4811
5856
3184
3844
370
6409
8651
5755
9299
6233
5932
5245
3770
2129
9174
7459
7217
6808
6889
3238
2360
9360
8702
7670
5284
1384
1628
7397
9612
6541
5515
1901
6503
2565
6926
6815
7356
6272
6662
3193
765
4733
9094
823
2897
2068
3158
7940
9094
9614
6216
9551
9204
87
390
7186
3508
8587
7348
6037
8920
7082
6158
3246
6599
7987
827
6990
1013
8309
5398
5091
1865
2551
245
2643
8644
9890
8119
3709
6430
528
9159
6785
4669
7097
8129
9867
4139
6177
602
4455
5715
4040
5326
6729
196
7082
8517
8206
6723
8266
2830
1403
5363
9173
7032
786
5299
4579
6967
1971
3303
2478
4972
4655
1013
4273
5739
5706
2217
8068
5014
5746
3470
6818
3072
5345
3202
4605
7378
1799
3009
5295
1164
2296
2009
4598
1651
6373
2767
4074
7882
7629
8082
5716
5280
4600
7851
8654
3565
2300
4824
1227
8104
463
1037
9128
1148
368
6818
1854
9662
7186
1173
5265
675
4839
4053
6400
4632
1915
9437
4029
2576
825
9354
8890
8311
4861
167
4286
1884
8489
9243
1544
5839
6183
6672
3580
332
7356
8880
2096
1505
8417
57
1818
5018
1282
920
7427
109
1692
2278
9183
7169
1090
1671
5279
8573
8271
3291
6442
4458
7682
4447
1154
9570
8741
5174
1241
3814
6091
2240
9390
9781
8728
3751
318
2074
6800
3780
421
1172
3204
7884
5113
9731
6106
5808
96
1527
9947
1107
1430
9533
235
1503
139
5232
8299
6716
4786
1631
5006
245
411
8462
9593
9336
9793
3248
5478
6141
975
6768
8196
7600
831
8037
3416
4913
9776
2281
2195
2076
306
7806
425
8523
7525
6608
9108
4961
2568
9236
3323
5916
74
5320
6401
2042
8975
2923
6395
1551
1579
3370
722
7591
8488
1798
5663
6633
4161
1708
9097
9416
7441
8474
7812
7884
7974
2648
648
6959
7889
4793
5876
5212
805
9201
7047
5425
8439
2714
5338
8266
8578
8846
2580
974
9419
7892
8834
7360
4438
4475
3551
6753
1341
3750
9092
3803
6126
7993
1630
4585
4447
3672
4270
9861
5845
4214
945
1926
8603
8724
1337
9313
1695
5374
3192
23
8049
4481
3150
9131
1282
5190
6971
3695
9791
13
116
7799
7996
7478
5372
1061
4746
7306
4265
8635
5924
5020
2399
8004
8427
7399
3141
3056
192
1231
4628
4585
3890
9468
8460
5345
3064
9136
6641
1527
648
4815
9423
3602
19
4222
8108
3825
2257
5394
9691
2887
321
5962
7314
2344
843
6085
9579
771
957
2023
8472
6071
2725
15
1432
8160
4737
8686
7724
2635
3951
6070
5970
8448
6604
1339
5000
4621
2966
6557
5892
785
7576
9934
2984
344
1585
5049
6238
4079
9755
3103
839
7554
548
7624
1920
3805
6478
6648
2306
1624
5319
8179
8765
1358
5247
2279
6942
5353
5621
9285
8065
5396
2994
6764
1996
7351
3424
4503
5969
7582
7904
3139
3869
824
3782
9289
8012
7373
1094
6084
6130
6114
8123
6458
8734
3965
4995
2128
5069
5019
395
1931
1709
3144
9907
8664
2686
7864
4343
3419
5768
7082
9625
9437
5556
8358
1029
8839
6761
7628
8971
1041
9800
752
883
6715
2760
8083
9599
6155
1115
882
664
206
2666
7209
9281
1585
250
5650
9260
1577
4507
7919
9084
5633
6826
9059
5082
814
9859
607
727
7299
2834
9468
5771
443
4213
4717
2132
7252
3951
9786
3587
4907
284
2482
8948
8065
3306
7092
222
5484
6803
5382
2722
358
4922
51
8477
8822
478
7637
3157
8060
4107
2928
159
3444
8959
2821
5769
1693
5656
5215
8552
9009
3434
7894
4291
8656
7938
3038
6343
7559
246
8226
5718
6998
278
2280
4897
1345
4253
6953
9277
8735
3107
1566
3830
9263
6444
484
156
4309
3129
5209
8425
8819
6879
7547
2632
7467
248
679
653
2325
2594
5369
9674
7199
3016
5626
8802
8181
8548
6767
4632
9048
3281
2369
6359
2317
4649
2658
6752
4906
2436
3471
2909
7614
7496
7323
1688
7288
5870
1159
1309
9440
7548
453
5957
9553
4020
3273
7931
8451
6729
2204
4246
1908
5702
2591
9811
6417
1495
9329
130
2791
1065
8865
129
1687
4360
1140
4010
5180
5380
7595
8583
1043
5503
1866
2964
6576
5186
4878
7033
5263
8418
7909
2795
1599
636
2212
2054
9577
570
7400
4723
6408
7679
4724
429
9158
2617
4250
626
2597
9720
9960
5814
8415
6520
8440
4600
4398
7096
6518
3889
1330
4002
1731
6566
3946
4676
1571
7964
5933
7672
2524
2364
4799
5186
6801
1134
5221
9815
1539
3927
9121
49
8706
1531
7913
3972
683
6518
5830
7731
6313
2710
6793
4156
5807
8321
9427
6207
2506
4985
7579
7014
5940
3715
3538
4131
4692
5027
671
9614
7757
6769
7874
1053
7384
7993
2376
3754
8590
8226
9852
7297
7851
4671
3975
6815
8174
9522
1661
6401
8967
8746
8174
7874
7580
1121
5327
7087
6889
408
2618
6242
9378
5997
4865
3704
9298
1076
961
6738
2117
8384
4535
4506
563
979
928
4258
663
2790
3743
8798
9699
9338
3151
6400
4618
4234
6578
9098
9323
9064
1916
1872
7623
6528
1087
418
4065
6983
7321
3755
9089
327
3379
8874
393
1898
656
219
525
6852
1593
183
7325
1898
2098
7388
1137
982
5195
2247
2671
7662
6229
4187
7379
6092
8774
112
4912
252
4761
8315
6915
2346
573
2850
8541
5423
5405
5822
1228
5476
1804
4185
7788
8722
9778
1359
8960
6630
6022
832
2932
766
2803
4557
6904
7620
6489
6467
6642
3221
1908
8625
6923
2676
9709
914
2367
8671
1941
9926
6552
3336
4739
7416
5151
6244
4362
7036
6423
1182
8915
6448
3066
6771
3038
3422
518
266
1079
8186
6039
8572
3171
3402
3002
1690
7728
9896
2641
4811
8080
9860
7656
3198
8482
2505
5650
2215
1325
8313
2386
8441
8656
154
4070
6412
4653
269
9314
1457
1853
2785
4982
2103
9549
3921
9541
554
1473
6515
5649
4937
880
7044
8914
908
2665
374
3340
2145
988
3837
9589
4866
8538
15
4727
3732
5170
3250
8174
7495
1566
6906
6941
4082
1103
1360
4252
7488
6165
450
470
9152
4149
2350
683
6298
935
368
5808
9753
5880
1826
3022
1643
4091
3622
3985
5845
4989
9960
4069
3255
1431
157
550
7709
3443
4727
7099
8854
1736
6187
5068
9226
2948
1118
6010
5336
9112
3032
7158
6583
3151
3536
6800
2624
5102
1587
8764
2981
2923
7075
8818
973
2276
2245
44
2273
6673
157
5446
3366
2663
9578
3631
1297
1852
5787
2998
2203
6441
9969
4174
6990
3828
5125
5912
9133
2583
936
3631
1154
6122
2383
4116
2489
9666
9259
9073
9907
3813
8224
1591
5022
4978
172
8093
377
231
9981
4015
4503
1139
1213
7393
5433
7129
5821
8098
2394
9612
9193
2935
5174
7892
7407
5762
5374
6666
8567
3782
1002
9020
8854
661
2318
1756
7597
4998
3140
5219
2957
9503
2308
6006
6300
5869
4096
2865
8927
8037
2200
2700
7486
208
7763
9072
5407
5180
9172
7479
5361
1758
3294
4890
234
8672
2991
6222
590
5328
3755
4562
2209
1641
8215
3406
5150
5631
7418
1947
737
7062
1483
8565
3268
7087
4986
1662
4673
1233
4202
2773
4062
7378
5125
478
7
7533
8506
2989
608
471
9763
7004
6808
309
7261
8247
9259
1175
7324
6778
4821
5617
832
4797
6451
6739
9761
4689
6738
4072
2277
9566
8581
4707
5810
7113
6030
8690
7337
3322
5653
4240
8355
9525
3645
1376
5139
2475
1337
309
6891
6914
9347
2798
2280
5988
3376
6624
6436
8211
9817
7999
7197
3484
4609
9886
7890
966
2202
6871
6184
340
6795
4304
5092
2098
4365
5839
4322
3987
2561
9843
3803
8754
6744
9524
4472
1226
2627
9321
9727
7139
804
3632
5749
2148
5526
3438
8152
3071
262
267
9733
1599
6285
456
3558
1220
6458
8600
2023
8700
83
8547
953
8410
4070
8689
6389
7591
352
2482
7235
7358
4387
1822
5112
8544
886
4935
4263
6184
7277
2329
5250
8806
208
7657
9638
8264
3449
2534
4691
3039
5096
6005
7565
3335
4565
935
955
7512
8430
8703
788
6990
4121
1529
1812
9179
5482
836
3816
5138
8857
6478
3720
7380
3478
7667
7328
4643
8313
5854
2414
4345
3919
9026
7086
7917
8008
45
4637
3148
7071
5962
2478
8958
404
3167
7018
3398
6612
6062
2646
7254
8614
2388
4980
5014
6709
5952
2371
8244
1419
1935
6195
1641
829
2820
2895
3546
3569
6470
6110
6875
7334
2227
471
4899
4951
3158
9514
4838
4800
1174
7867
337
9624
4342
3548
321
3896
6660
2362
6418
3321
3664
928
3604
4665
5817
9558
8702
4874
3952
4193
7331
9510
5243
5571
2482
295
8515
3840
9863
4772
2156
7641
4074
7631
1213
9409
1278
3965
9443
1615
882
79
1394
3305
5050
5275
3878
2800
5563
5605
6595
9550
351
1068
461
7318
9092
2644
7112
7381
718
554
5984
4322
1925
7808
1518
8843
4274
4217
4283
5781
5478
952
123
1073
3903
7028
1857
617
9176
8321
6688
5238
1023
8716
1054
3391
385
9288
2508
6328
2584
3165
8578
1430
9517
7398
5307
1628
6349
7494
9405
4965
5699
3730
5625
6015
8867
1007
5083
5013
9668
364
4512
5457
5684
9715
4602
8770
7020
7503
7529
7533
3973
3398
4592
8388
8343
4823
9314
2733
9368
3605
9992
4228
8387
7925
6760
7812
6230
4795
768
6307
9716
437
6040
189
5437
2898
3654
1790
983
7232
8607
4538
7813
5260
9288
3171
8110
5222
1175
3514
5276
7035
3944
7567
5262
5617
5901
7582
7326
2758
6750
7335
2686
3245
7053
7428
7586
4247
1448
7271
6530
8948
2157
1166
1333
1530
1519
6157
5885
5955
4724
4764
9044
3318
5889
1689
9036
2674
6624
99
6804
1612
4916
3549
4469
5586
6533
1017
1349
6759
9930
1769
2566
1414
7661
6816
9417
9680
2330
1859
5183
3499
1933
5540
7165
7393
5218
2186
1992
7198
785
1947
8396
5822
6782
113
5556
6002
673
6309
5511
226
4170
3911
4100
5450
1940
9203
4190
2304
6408
132
6314
8989
1683
7698
6500
3487
3703
4018
5889
7578
9174
2747
9050
3950
130
1571
1688
2161
8041
9113
6493
2188
260
4703
5685
2876
6315
9234
5822
3370
3070
9095
5227
4347
8954
2005
9347
2803
5409
1401
7185
1684
6136
9805
8901
4401
9669
2138
814
3223
6168
2614
8901
2530
2923
4371
2342
5133
1258
9800
1573
9239
1915
9707
4107
9721
355
1714
7383
4684
4792
8671
7247
4867
6361
9243
1023
5122
2733
414
379
3594
2247
385
1941
9506
2595
5172
1134
5454
5788
6073
7732
9625
2997
5436
8520
2358
4776
3705
8933
5719
2723
490
682
4080
2997
1810
6305
1628
6849
3422
1106
7934
6638
7006
9507
9041
1267
9250
4182
3380
6166
7932
6656
5041
6611
3038
1669
3966
1302
8948
1763
7398
1338
582
3766
9302
3337
5895
2312
9374
74
6141
6885
4406
1358
2559
9283
8620
4060
4578
2462
3980
6684
4174
7895
8527
3783
576
3165
6775
5291
3044
3465
4068
6004
2033
2415
5971
8945
5580
4705
2996
2546
3902
1333
7124
2949
4536
9981
5862
3126
7489
2756
4967
7460
8614
3821
4455
1775
7977
4985
3552
5498
4544
5921
436
2233
6772
5597
8438
194
4700
8102
7117
1879
5002
2496
2927
6162
2985
1555
7629
9304
6897
4298
5288
7589
1099
2924
1751
3226
4232
9825
802
9537
1895
2678
7639
2954
5449
6265
8256
9862
283
1522
2591
1200
9024
2915
6373
5863
8961
7470
9531
4260
9577
4608
9000
7248
679
9240
8167
8249
3611
2464
4274
1049
5572
7445
5739
4272
1675
2822
2776
8185
3147
6494
7149
4017
9415
3037
2134
7911
3387
9102
7510
3227
8543
9925
5144
4801
2674
3693
8202
6875
1517
5264
224
4475
3762
6989
4331
5499
4082
1406
8794
601
964
4268
3360
9134
8250
5897
1013
1281
4151
9381
3433
4071
6997
8561
2039
8138
2757
5920
6191
2197
8249
9809
7042
1040
97
5843
3344
7314
2485
4787
8893
8285
5789
3450
2826
9274
8699
5100
4167
4592
7347
2
2369
744
204
7358
7262
6789
3698
4742
8437
2576
5835
6909
5623
6293
4970
5075
1731
890
1691
1690
3868
8892
5134
2725
7884
442
2965
3952
4244
265
7466
1924
1586
6123
3921
2957
3521
694
5916
1426
2455
2267
5293
337
6304
1343
9605
2914
4507
1394
2794
1115
1566
6325
494
7536
9442
3949
1536
8329
3813
6348
9619
6372
8060
2505
2591
5868
1000
8816
3564
8048
3204
8056
1333
4781
7491
3044
3570
267
2231
9083
1398
7341
3109
5583
4819
8117
5583
2354
9029
1009
5272
1446
466
4385
1201
6655
7417
911
3711
3909
145
1545
4993
6660
4781
3693
5345
3190
7013
2392
6508
3305
1982
4940
6097
1807
8238
4815
8756
5383
7057
2784
7900
6616
6293
985
70
7795
5352
1242
3777
980
9571
2907
3691
4521
3122
3364
3693
8546
2281
4903
2183
3645
2511
6589
3823
7161
4942
6478
350
212
7180
8629
8491
6470
1379
6955
6271
6888
9065
6391
6142
3989
7816
150
6579
8597
941
5381
1063
3539
819
2446
9431
2582
2545
5395
9414
3671
2719
6124
3555
6643
504
2029
6539
447
1811
3558
5949
485
7380
7629
9919
4283
3560
5795
5938
6933
583
9573
1177
260
5012
7671
6746
1131
4037
5857
6664
3775
4897
6977
2891
9366
2890
5409
6482
602
2444
738
6811
390
2886
6368
8804
4191
4723
6984
1617
7977
5785
9086
6700
548
3851
3036
6149
232
3377
2222
2895
656
4387
7859
6009
4227
2386
3351
3283
9253
9250
5290
2558
156
967
1862
5540
2720
346
3275
4471
9536
1617
2947
668
3749
4313
3889
8498
1718
1462
7930
3531
6054
823
6465
1246
8328
4159
1935
2212
601
3411
3350
4272
8277
9569
2058
7209
4067
1758
8689
1264
8663
9537
1228
5491
3513
1320
8887
6273
3888
9294
4422
1319
407
4352
6520
9417
7421
8341
6572
1235
3393
8236
1266
4736
5449
1968
7166
4186
7889
1192
6795
11
3743
1691
1702
3694
6145
3868
1008
3448
3675
4027
4984
3327
6219
3949
6014
4375
9107
1255
1200
5736
4367
9471
2489
2436
3758
2332
6188
2941
3698
4422
7727
9767
9114
1876
6544
5317
1950
3902
4274
4077
9879
989
9468
7425
7039
3511
254
8616
278
2899
5718
3162
3276
8799
8209
1262
1539
4935
5901
9940
9480
5225
3777
5316
514
8856
592
8377
7471
5445
9081
5874
7540
8272
1660
122
8750
5704
2487
4249
8421
6113
8485
3899
9341
1461
9232
42
4691
964
2498
9571
3041
2307
4221
2897
7667
4169
9363
7900
6789
7053
316
1085
5569
451
4133
7700
1889
4758
1168
945
9427
8007
8546
6660
6902
7999
8909
1313
3794
204
3124
9206
7385
4579
412
8732
4226
3829
2496
7569
8025
1170
826
2853
7483
5491
2989
7970
909
3549
96
8035
6598
3905
8719
9870
4925
3103
5870
6200
6561
7579
2617
9872
6865
8534
1022
8940
9508
2532
9889
4357
3315
3508
495
2664
2611
6646
8634
7810
5733
4720
9605
1855
198
4258
3735
1104
2710
5967
9501
4285
2110
550
641
5588
6548
829
1127
9032
3356
3139
2123
4907
8419
6970
8444
3624
3338
1900
4667
7332
4623
2563
3923
5064
9376
8290
5771
4996
9121
4533
5424
3037
6977
1552
4160
9158
5990
8410
4468
8674
601
417
5216
7408
2228
7137
7938
809
5876
971
2689
9293
769
4551
1816
1435
5137
8475
2734
3255
6610
1820
3312
6711
4325
2492
468
1744
7499
4668
6113
2392
7492
3299
4683
5411
1776
5023
3166
4814
7894
9386
2255
9901
7860
7464
2986
1591
9325
6764
9136
7466
1763
8517
120
1120
3672
9717
7201
6471
3149
4954
1613
3914
3765
8557
3534
2027
743
2123
5760
8560
6230
9959
4087
9198
1629
9871
3970
7178
9285
50
5384
724
7967
2190
542
8360
2921
3723
1312
4067
1053
2903
5540
8085
8701
6732
2747
6251
3431
5116
6318
6187
2790
250
6517
5791
6598
1157
4014
4286
5447
2057
1576
1235
5744
3096
3081
9758
8512
4862
7317
8634
808
6470
1613
8791
6953
4681
1007
4146
2486
6324
3371
8045
3020
1223
2682
8792
1230
337
1635
7607
6245
5616
5353
4437
1817
9464
8051
2240
4913
3919
8098
4448
3079
3261
7587
6884
6817
8221
8094
3990
6673
6288
3722
3814
4474
3485
9356
3661
9912
4904
8458
6815
4107
1767
424
4626
4846
7008
5675
6108
5882
2266
9347
3514
3030
7529
1918
5446
3389
7962
6071
5202
4300
6756
715
884
1503
2747
2368
1700
4794
2349
2157
5739
5996
9022
2635
3895
7626
483
1163
7685
8439
5164
6908
2623
4886
570
101
1715
3600
3489
3088
8541
7544
269
2327
2028
2608
8483
673
541
5506
7503
6653
821
6811
715
5865
1894
610
6295
9280
2932
1677
8660
6844
4906
736
5677
6113
2175
560
9274
7707
558
9499
917
2811
3178
4361
4244
2597
1394
4957
522
9956
5172
8489
6937
9921
1452
2202
344
6334
7782
6548
3774
6285
6351
8057
5143
9279
4329
6125
6797
3284
9025
2330
8165
2373
8366
1533
8854
8409
1011
7633
8361
1793
5051
4577
7958
5246
2023
4336
1456
2384
243
6475
3739
9414
2430
6581
9853
3454
4929
554
9574
7969
9668
1309
9696
6239
3751
6049
3489
3671
6858
8499
8516
6817
6422
523
5624
6263
9551
6403
1613
2902
5555
5329
6998
3532
7979
1635
2845
9277
97
4000
833
2725
8070
8693
8556
5400
1025
494
9094
5252
4219
3902
3100
5561
7999
5494
9593
8676
8398
3981
958
622
6545
1710
5934
8826
4544
5505
9377
1140
4314
7003
4051
5714
9484
2810
3341
4814
4175
206
630
9782
9129
2203
4053
9701
6305
2016
7292
1517
7340
3131
1971
4328
5850
3108
5010
5170
2585
3967
6933
3337
9690
3991
3767
6956
6471
919
6783
3113
3000
7740
7915
1443
2615
6848
5515
3229
8860
8368
7173
9176
4514
879
3726
3529
1344
79
3463
5093
2842
2480
236
5377
7559
9222
893
1691
7009
5600
3509
1444
402
9277
769
2215
8949
4595
2288
6870
6596
6796
8185
1302
4566
1811
2819
2817
6101
8662
9105
6596
4523
6235
9647
27
7017
3117
9377
6670
5440
258
3581
3185
6217
4694
4670
7865
3383
5316
7131
1708
5923
1037
5999
2319
9088
3799
5544
8199
5387
5729
1559
7850
1236
8287
3562
5332
1354
9380
8524
9658
1636
561
333
9314
8107
7114
1183
1246
2041
1308
3383
6138
7179
1013
1706
5176
6328
7960
6971
8557
7993
9829
394
5048
3450
1886
200
4709
6813
718
8449
2391
3408
2345
5532
4668
1536
5031
8817
3654
774
9554
3895
4721
1557
5227
5476
1964
6154
2706
9620
3965
2451
411
8841
1529
22
8682
6111
945
68
7129
1202
1890
4959
5308
2720
9584
4487
3708
2833
4721
5692
429
1501
7020
520
2251
4949
9107
3385
2794
6895
8299
4206
5844
8950
7830
4191
2619
7934
2139
3489
1840
8538
3174
1084
3681
9789
361
1808
7103
2853
6158
2783
3968
2334
6562
7040
7205
6664
6089
5773
140
3043
1536
7967
4585
4212
8636
5994
2879
1024
1133
1857
2220
9614
4626
3093
5989
3926
96
7064
4929
2823
1222
9050
627
3757
5977
5265
3283
6471
6368
2494
3877
2744
9026
6341
2917
691
1705
5272
7823
364
150
7377
9761
797
3369
6980
2789
4154
7573
9073
6872
2136
6449
1198
8087
9277
2467
5906
9421
9435
2696
3870
5235
6624
6478
6746
2228
257
2154
1683
9459
8613
320
9883
8346
9884
6254
1926
3174
4529
9491
5747
5145
4467
2540
1356
9394
2883
4512
5711
7078
6618
6555
3708
3610
5207
2460
1400
5825
7187
4691
6113
5622
3352
6501
1251
735
8892
7082
9476
1081
1009
6880
4983
5636
763
6902
729
3946
71
7643
358
4970
2416
5252
824
1234
9308
4089
5717
878
4647
8916
1131
2212
7244
5371
3128
6586
9051
5655
5809
2001
3720
262
5021
3351
3136
9666
8774
56
4936
4389
7150
6763
8425
6938
4184
6445
2759
2937
4755
5887
7245
2293
3983
7591
626
6196
9748
4010
7362
7588
7651
8806
694
8265
1590
9192
6343
1066
384
7354
6329
320
2074
7613
9198
2924
4072
2206
7112
9351
5681
4595
785
9633
2561
3557
6808
5097
4178
7336
9128
878
2689
8024
298
7150
6202
4206
144
8146
8656
6062
9447
5688
5399
7777
9034
664
3778
7726
1192
4534
4127
8641
7869
1020
6116
3134
8430
3171
9089
4150
4496
6820
5124
4432
9009
6228
6762
6845
4500
3896
5820
8627
7215
3030
3861
3226
6131
8302
4380
9494
6834
8729
7420
1417
3094
9247
6099
3075
4402
120
6973
210
5557
5723
2386
610
3108
8923
2236
2866
6921
3869
8838
866
2312
9359
6699
5141
4753
5600
2892
6395
9926
8676
8282
828
2937
8580
4091
135
7802
368
463
6396
8290
2374
5511
4217
3436
8789
2242
2754
9284
4270
1160
1057
9024
3205
9060
1162
8096
7496
633
3177
3531
8442
1447
5307
4542
3727
3331
1165
266
5653
9831
1120
2797
8099
8801
5389
799
5561
2073
6691
660
1956
1656
9649
2556
1082
3208
6904
1649
6644
2889
9415
9399
3204
9737
5245
4066
895
7466
5148
1561
4543
3522
677
1414
7728
8515
557
4072
3609
2032
7134
6963
4080
4581
2274
7173
143
6417
8985
5747
4683
7543
3257
3025
7258
4738
2559
5839
6671
9644
1519
2902
1492
1293
3250
6270
5995
5366
2111
5348
8416
2559
6109
6078
8784
5885
7832
2439
3302
9133
5851
5424
6260
646
5533
7931
7661
9267
9432
5047
9864
7808
9706
9447
1263
5554
4019
1533
5783
8548
8018
8032
7713
2797
8433
6484
1736
3327
4426
428
4211
3785
5602
774
6516
2519
3826
3273
6337
5273
440
8076
1503
1169
6687
1195
8949
7720
2416
7606
2770
3713
4368
5846
965
8934
772
3085
972
3740
8764
7495
6981
4245
3246
4239
8133
7478
6488
7971
2844
8643
4576
291
8437
5455
8944
2920
5296
1178
1124
8975
2986
4008
1122
5792
8211
2489
3278
4188
2423
7035
5775
7769
6842
5749
4420
3833
631
6488
3259
4592
9105
6013
6825
9073
1698
6414
4932
2820
7043
3918
2487
8422
4729
8106
9085
3510
5935
2092
9062
3397
1617
8672
7800
9075
7564
6628
7444
2091
1978
2289
1953
919
3494
3664
76
6038
9381
8901
3306
5147
4505
726
5391
4878
6453
3605
1890
3632
3903
9699
1555
6668
8823
291
3966
695
5752
994
7061
2868
8197
5140
9248
5641
875
7243
7925
7379
4381
8683
7803
8804
658
8721
9505
8969
1997
6629
3426
9549
1002
8396
1734
8785
7527
8792
8161
2621
4124
2691
7472
8778
9761
9122
5692
4343
1748
1024
5884
120
5217
4535
7587
6902
7352
6466
7081
161
824
8445
3892
7015
1065
5166
9770
4033
6124
2428
5831
5448
8792
2561
8987
4891
9166
9863
7729
7260
6890
8164
4500
922
2906
4035
8050
6002
6860
9996
1415
7594
600
6280
1387
5088
9409
6496
4541
7396
5619
5369
4139
7992
9581
4878
4937
6900
7347
7594
6154
245
7998
889
3622
3123
2070
6376
5960
3355
2166
9384
1604
8367
5952
2879
3383
8659
3225
1673
6298
1099
2867
3991
1852
2616
7301
9061
789
958
5538
2696
9954
9943
3479
2930
6229
2025
9238
2187
7271
7823
2817
3785
7046
336
965
5197
7749
8824
7864
4599
199
3692
5533
5127
2920
7033
7962
6590
7548
1457
499
366
5367
6147
3293
8057
2034
3773
1030
2851
4850
697
1213
4316
1201
3655
1991
8301
7956
762
3250
1000
4243
3065
6677
9384
959
8348
9965
2087
75
8850
8267
3842
2007
547
5591
2010
1966
4340
3542
7080
4478
9534
7267
1352
1141
7920
6849
2201
9472
580
1061
6099
2083
2486
2644
754
5020
5020
6847
7088
801
8513
8999
8019
3800
1208
9998
1087
5291
1314
1700
4491
2737
3464
9863
3342
451
7768
8927
2431
2812
6220
2913
5698
9874
201
564
7166
3912
1939
5015
3908
5391
5800
98
8592
9011
7932
6463
5426
3432
5629
2397
5226
5434
8542
6433
8124
6133
6559
3641
5038
2427
2059
4416
1154
7844
3971
2689
1396
3421
2331
8039
2902
7272
4223
9317
9610
4015
9034
2826
90
2265
5007
1184
7732
2939
2597
8533
4366
3343
6399
2475
414
5809
6378
1296
7136
3769
9888
5036
9730
9223
6829
145
4122
6348
8960
6917
6740
1248
7139
8841
3053
6969
353
4894
1367
8890
6415
1639
2073
9451
9117
6209
9114
7935
2353
5355
5139
8127
3464
9329
4109
3989
8430
4286
3259
981
1534
9676
7372
3655
399
1928
2274
2977
4270
8737
5026
7423
9645
9508
5666
3497
4489
7632
2240
3705
3065
5723
4994
5368
8723
4751
6306
8318
5016
2046
5704
6914
2134
4512
3528
5298
5506
1427
692
6911
5966
7196
7764
36
9956
2983
3512
6858
1270
9683
7248
424
8153
2004
9533
4182
6966
5069
34
3054
8960
2745
4130
9744
6041
8281
5834
1156
8407
3965
9400
5385
942
9320
9196
5631
1837
4515
2706
7543
673
2874
7090
7
1399
6627
8238
3541
5395
8516
5756
7035
6555
8939
3929
1460
7107
3632
898
3868
3567
2650
3468
1892
30
6110
4789
7424
4658
6822
5384
9877
1528
7006
6972
1943
5960
9171
6060
984
5664
8700
4530
5105
6732
6808
8335
3098
5306
47
4546
1860
9240
4542
3635
3715
453
4318
8249
7373
2921
8105
1694
1342
6164
3710
9043
4790
9741
2601
1034
192
7360
7073
6063
1245
3965
2684
2392
4894
1035
7579
6756
156
1674
1417
2137
645
5196
5492
8527
4882
638
9806
1418
193
5920
778
9331
3595
739
7268
6984
7529
8826
7320
6365
201
8739
1663
5327
5357
5697
5708
1808
281
6588
2697
775
4525
4402
2546
5553
7486
4954
7295
1809
7226
2507
8505
8318
2844
6854
5979
9755
6048
6088
3978
32
7795
4698
9212
6436
5190
8785
9442
16
1418
794
7952
8466
7675
1202
8987
7967
577
2958
6847
9901
8236
4344
3782
2781
9074
1019
6664
7602
8762
8978
3051
8631
508
8467
7223
4833
3096
6427
1291
8514
8616
6489
9017
6915
8784
1849
6799
5754
9211
2978
4586
2259
1507
8466
2777
2255
6821
5069
9818
2752
7849
1826
9112
7467
1759
1021
9730
501
718
9140
2735
6067
3121
3624
3022
3241
8945
3935
8657
4458
1508
3779
812
3049
4177
3580
1186
1691
3424
681
328
2469
9069
3030
2047
8590
7861
9771
3121
6907
1272
6103
1947
6614
2095
4359
6908
7997
7013
1610
687
140
3609
2681
2427
8860
3293
4629
4285
3617
7082
9186
7129
2188
7388
6912
7277
926
9670
1422
2375
7980
9128
4098
7441
9795
551
9235
3379
4364
6025
6304
7471
5862
351
4975
3635
1103
4643
223
6914
4247
4162
3387
9688
8643
513
7949
2231
4274
2227
849
8181
9907
2897
7294
880
3633
2306
4218
4567
3485
2049
9882
5779
3964
2068
3785
691
6436
4568
2504
5086
8956
658
7243
6117
2836
7945
2576
3083
5363
6004
7633
4164
8146
7873
4664
2256
8656
3724
6510
9480
9292
1275
6586
9455
1751
3592
2906
7283
8256
8922
2305
8893
4094
1081
5861
8474
3924
3880
2710
8014
600
6134
7654
726
2703
7500
9100
4517
1430
7177
5351
9864
9064
5698
8752
5404
9210
9036
3150
1834
2964
8522
5661
165
1990
3655
2624
8488
4754
1266
4942
9035
8327
7337
4785
1772
9260
9876
9719
6756
3361
9465
8367
7776
3411
4305
1742
1534
8779
7326
6636
563
1778
6310
5520
3615
4633
2364
8741
2972
5029
7773
3183
7206
152
7614
6695
3880
500
2139
6161
3997
3760
262
8442
3772
5651
1736
9556
9238
5938
6761
5225
2917
2439
2979
222
9950
5962
1125
1529
3714
8296
7267
7875
7542
9018
3054
4156
1526
4959
6516
2313
1733
2188
9998
9182
4668
998
2881
3176
3491
8083
5422
968
7334
2969
2690
5319
8250
4691
6098
8949
6718
7390
6455
2377
8815
942
9364
4135
1277
332
1515
564
7757
8389
5225
1552
9117
3242
7916
6582
358
6359
7629
9606
8010
9466
9393
4326
6631
5776
56
6783
3133
7854
9577
4040
1174
9715
1533
141
9656
7708
5128
737
5923
5270
9224
6147
990
2627
3532
6138
5379
8176
3747
663
8845
7769
5714
2090
5097
5233
223
263
8490
3632
5998
3908
1376
8497
8077
648
7434
2392
3960
9003
7741
7841
1339
947
7940
8984
5107
5037
5978
4173
6051
1474
6913
4581
5123
9218
4730
1666
500
650
7622
6005
3215
3595
5786
1111
2606
3517
3587
7892
8125
2186
1772
1559
3246
9585
10
5067
474
3016
5731
3866
2944
9739
5553
3393
7574
7753
1169
4406
7456
4979
8871
1785
5106
9538
8414
6811
5715
2934
6773
497
9022
6508
7971
4732
2298
3607
1320
1679
7136
2109
5026
4789
4996
4928
7111
1276
1213
40
2452
3935
1192
1896
1634
9925
2114
2635
2773
5702
5023
8476
882
8137
2086
165
3839
8820
1984
1710
2531
8417
9966
9088
2558
733
8290
6995
8769
2110
9758
6542
5822
7166
4435
5906
2412
5613
8490
6190
6098
6407
9884
2029
196
3971
2857
2870
3286
495
8970
1434
197
7173
6834
2292
5721
7720
7826
9971
8558
6535
5927
3503
7733
906
2994
9937
3516
9657
5540
8657
9118
4509
6146
328
9807
450
2152
3615
2528
2514
3167
1036
6942
5782
1575
2697
6527
4325
4582
9557
69
7268
9532
2383
8388
9282
8921
3372
2431
2075
8628
5914
4437
6198
8791
1161
7452
2802
8358
7327
8564
8248
3230
5510
5745
4336
6568
7411
3277
1570
994
9801
9858
8342
4892
218
8743
5579
270
333
7065
2985
1585
3533
5450
1834
4710
853
5554
8681
2897
6036
4497
7276
5500
3259
1701
343
1914
9652
8382
6772
4028
6920
329
2779
1174
3427
7600
4447
1070
3735
5776
7684
8221
9553
9638
3931
9423
6362
9444
5733
9930
7447
3357
9780
3238
7296
4226
8350
353
170
1726
6437
9270
6822
3930
426
1399
7072
4947
7571
1686
3386
9915
4524
7842
9491
4790
975
2610
8259
2029
6429
9276
55
6304
6617
8355
8642
3399
7309
7257
8154
2181
7483
9590
8144
7993
634
3338
8740
3753
35
550
2904
3450
9683
9260
1661
2616
4876
2394
7619
7459
7114
5663
103
9736
1863
3402
6912
2398
6637
5209
1939
9959
5550
3270
4203
7140
2847
2235
100
9021
226
5273
7244
4680
5113
8742
1038
2650
782
298
8897
7536
5751
2767
5322
8612
8550
4673
1393
9591
7774
9680
7299
9667
4237
813
4221
1875
2240
162
8313
7096
5266
9645
931
7755
9817
5261
2026
9181
9512
1290
7636
8035
1714
6090
24
9239
2342
8335
8921
3462
3918
6209
9376
934
7548
9678
657
6332
8406
4097
8903
2548
4137
7977
9447
5704
5418
2466
7503
6250
7421
3687
5586
1731
2080
1307
255
91
7185
1514
8795
3455
9467
4737
5085
1628
1789
7446
9389
263
3012
7406
8897
9718
4155
7434
4095
4792
3733
7921
1531
1420
1538
4206
9726
3139
665
1617
8376
9324
4778
1268
4474
3911
450
7429
5210
9562
9236
5847
4386
4292
3932
8742
3893
2841
5376
8609
939
1029
3505
4057
9084
1319
2741
9967
962
8503
2263
3673
3342
6257
8534
7576
2359
1258
9065
4071
2462
2521
6094
7048
5908
178
7466
7618
9555
5139
47
4548
3252
622
8434
2757
7906
2814
9724
6783
7081
6761
5897
4279
8678
9577
3989
9047
6847
8573
842
3886
3099
306
6379
4998
4662
5224
9144
6321
5450
5774
4446
1419
2552
2326
6423
3785
6185
1246
6007
8263
7536
4679
8040
9434
7097
3722
3320
6672
2777
1987
5332
3568
5069
982
8085
6720
7298
9572
1496
2773
4508
9590
7433
7811
501
7293
6616
1590
8955
9527
9999
8857
8162
9099
3106
3219
1025
9781
6977
1057
819
481
5020
100
1861
6505
5621
8224
3925
3829
2239
2529
23
4694
5270
9909
6512
7381
2378
3994
3948
7379
3970
7452
7529
8124
7529
1800
2843
7274
7294
3149
874
857
9614
2953
6941
6524
6827
756
2341
7098
3189
6843
1555
8937
1656
6163
6844
8704
8169
6444
8056
5605
8940
9268
6349
5289
7201
9695
9057
8255
4490
2133
9780
3517
5191
474
5431
3349
1290
6176
7363
2966
5964
1437
634
544
88
5071
5113
7670
2922
173
6703
2650
7881
8701
4390
7782
5829
8384
4983
9583
7595
5009
4083
5226
3819
2958
7335
5099
7863
8015
6176
7257
7719
7067
375
9745
8330
1585
9795
4839
1697
5461
7032
1603
6383
1606
7349
1438
8881
5047
9348
2950
1623
1271
1180
6202
8228
2165
5282
8856
6185
3674
7210
6873
5853
551
9840
3753
8513
9631
7508
7987
7417
2075
5118
7487
2406
3591
3626
928
3048
4715
1469
6422
6202
3544
7720
1890
972
8010
4015
5530
8024
5700
5815
5292
1702
7902
7425
7338
1612
9398
2019
4767
9863
5337
9194
5060
2847
9838
6163
3495
2415
2242
7028
2410
6286
1367
2397
539
9076
7237
1003
3923
840
9769
4653
1021
2315
8344
7350
8392
9861
9586
9731
9126
3296
893
4269
7513
7957
4623
3652
5744
4931
6757
9508
3817
8678
7077
3619
6857
221
2997
6985
9468
921
194
5411
4792
5815
289
8338
1181
7842
7968
2652
3542
5148
6816
7606
1580
1332
5324
1687
6409
9976
8003
9515
7980
4652
2910
3047
1731
2835
5060
3447
2698
5374
5351
2990
2515
4885
9583
1350
9798
8721
7157
6487
9618
8733
9236
8149
2472
9476
2245
1828
2766
8590
5531
6307
4696
3965
1402
5553
6968
8906
9956
7936
1218
1421
7924
7394
427
6916
3037
9718
4614
8630
5981
5036
750
5528
631
6602
1334
5427
5855
117
7999
4170
985
7256
6195
7917
5253
647
7105
7452
5353
6221
986
7727
7882
3324
9374
1161
7028
6578
9083
6040
2298
281
5873
5768
8564
4059
9352
8186
6454
1347
6134
9205
3204
8234
2351
4483
9897
3224
8050
6763
3223
6899
1970
3598
5258
8073
5768
8871
2381
5229
3562
3449
8046
9797
980
8453
9824
9427
9086
9919
4110
9739
4785
3435
4576
6643
7763
7752
2066
1531
1679
9524
1570
5176
5188
4264
2484
8941
7832
2899
4934
4504
8392
9676
9300
1231
2980
6901
7435
5578
8758
2225
6506
7705
8889
6019
7841
854
5878
1456
7592
648
786
2890
8729
7834
8491
3838
4432
5343
2440
6587
1827
481
1353
8601
7130
4360
3895
8744
7916
9132
3761
3168
3287
2365
9587
5472
1982
3432
9228
5877
6486
2052
1778
1557
9577
2016
1977
7548
6700
2234
3848
8510
5573
7405
1937
7164
907
6852
2026
1450
4188
1356
6067
9593
4755
3345
2856
2492
1614
6063
2256
6739
7304
9121
1363
4384
9132
9539
3813
8652
5629
9530
9653
8246
9725
2483
3004
8268
8856
4492
8249
5062
8593
2962
2444
8765
3375
3427
3478
8091
7599
4817
6047
2963
6419
2444
9428
5659
1197
8736
9684
3865
669
8838
5881
529
2228
6621
7419
7715
4555
3321
7437
6454
7510
6826
239
2878
7500
4429
4911
5726
6503
6483
7794
5738
2026
2155
4906
8406
9117
9401
7990
6624
2219
8853
8433
5751
2625
3387
3063
8619
4604
3864
7846
4706
5938
2515
8604
9388
1357
1376
4030
195
7097
883
3173
3474
8067
2146
5553
2751
2636
6710
3137
3728
6735
9198
6867
7587
7091
2789
2682
9885
5786
4034
7541
9429
2023
3582
1711
9823
823
3187
8554
7543
3418
1110
8894
8222
9942
6972
7398
3296
2691
1276
2747
6861
2964
6711
5132
5613
5374
5888
203
9569
1296
9026
544
3925
8376
6349
8255
5434
8583
9706
1001
9759
1501
8671
9791
3022
7324
2177
7228
4550
1641
2180
1011
1411
4363
4643
1731
4869
949
9735
2101
8482
2915
2422
3431
8596
8833
3992
1454
4956
8038
2999
3726
3517
9091
3721
7813
4347
198
6421
2011
7505
6927
6837
6765
4817
5947
3613
5122
5658
3427
7226
7130
8648
6054
5726
2069
6854
2613
479
5394
3925
5860
1365
8489
6782
7853
5886
3871
9769
629
9909
1512
2627
790
112
5215
2576
833
1466
3666
1528
2756
3969
4510
4848
2497
7928
5131
9434
1982
2688
1708
3548
3405
9355
7771
6141
6250
3623
8149
2999
6355
3692
6360
3529
9779
5299
6542
7671
3873
2258
6776
9798
7888
5252
6318
2887
7550
1339
3091
8272
5792
5597
2920
1913
171
2032
3322
1647
8286
74
3310
2758
2360
9622
507
850
4820
455
7907
4270
7881
2018
7883
9385
5196
8322
2132
9053
1936
2017
5462
3156
473
1403
7118
4110
16
7549
2537
2795
758
2348
6129
3143
5032
6061
3795
4446
8022
498
6054
2669
7856
555
1573
7911
4526
4088
1797
6564
767
3906
1289
3766
1927
2622
897
8018
315
1370
5085
9695
9118
2437
2366
5025
6038
9523
3507
8802
2519
4633
5008
827
7016
1645
711
8807
1304
690
5409
3991
1998
3182
7062
9272
3113
9232
844
7533
7307
3915
4474
7963
2873
7883
6886
4152
6927
3684
7846
6089
1495
5557
7854
8197
6158
2388
8427
5861
1323
9645
9973
6134
7744
7025
6857
564
6930
1999
2901
3875
711
6505
7436
4338
3993
1344
4524
130
1283
8826
8339
4460
4837
2969
1950
1066
9646
6699
6823
2181
3672
7662
3748
4880
5795
8715
1272
9007
716
2036
3180
6547
3856
3454
5684
7760
1502
5696
792
7499
8544
6527
1458
9245
7183
3422
3378
6524
5001
5371
5264
3390
618
6882
3567
1307
383
3375
2232
6953
3226
7577
1128
9804
3525
5387
4627
7295
1655
8980
5190
2691
5169
4686
7094
4028
3767
7601
4331
5660
5013
3526
9461
656
5562
6278
4692
5613
4070
9896
8104
2916
1281
2669
7584
6100
721
5589
5337
280
5922
6733
4744
5883
8884
2802
7382
443
7721
2415
5133
8031
1001
954
1803
5559
9416
6253
2717
6171
7921
4083
4320
3478
3757
3563
9516
2767
1627
4416
9289
6139
4251
7302
2894
3601
5150
6057
3347
5295
5877
9998
7816
7785
2558
1931
1360
9569
6416
6999
6716
9286
3043
187
5244
6656
9799
3172
7473
9473
3632
5512
647
4532
9357
9097
4047
2579
1735
2182
7738
8855
918
2045
9576
1004
9688
8189
4151
2323
6173
6678
8608
3437
54
1851
3838
9003
1878
3514
2939
2674
8046
8569
5928
8546
710
2945
1478
9777
4342
3247
6514
372
5682
9606
4030
7777
7597
1396
2854
264
5956
5043
5170
3836
6945
9262
8208
4089
8489
6519
3892
2269
5171
7761
24
5263
2660
9985
7897
6193
5134
2732
8507
7629
2030
7228
2683
9218
2593
3423
6965
7842
2618
1565
4590
7986
6981
5677
6484
8096
7908
507
425
1906
912
2306
5136
363
5462
9570
951
6198
1031
705
241
8078
3820
430
9296
1333
8301
8780
1023
1361
4549
9203
7595
277
5631
4278
933
564
9169
5206
2391
6543
8224
8565
1311
784
2013
8610
2089
5387
1618
6014
8739
3398
3285
7307
2647
29
8522
8032
8707
6216
9614
2600
9951
5784
7617
6104
2949
3832
3442
121
1172
8186
2859
4908
6533
6917
7538
7701
2020
9929
6920
4283
6891
578
8732
3910
8881
1528
8357
7859
6021
1671
9164
8004
1760
6843
540
7423
722
5198
1801
7833
8171
6607
8476
5972
4784
6129
5409
8475
8949
9586
2936
2434
2391
4365
913
784
3027
8781
4355
526
8682
3432
4448
5113
3527
7357
6867
6509
3669
3875
2728
3733
7963
4566
4706
4648
1981
6777
6507
5718
3849
8974
7897
9688
4767
5381
7724
891
4901
7788
1554
4607
8034
3466
7426
4373
6153
5877
2155
5433
3040
6950
2253
2960
6389
3534
3499
4837
167
893
7798
4381
4168
3367
9735
307
7183
2507
764
8048
3847
2829
1700
2535
4359
1647
1191
2958
7264
1727
4847
4321
7422
1849
9573
8535
1492
6137
2347
267
9619
8582
2902
9985
9542
4449
4244
756
6437
9484
2178
3415
8582
7851
1108
6771
397
4256
5730
2143
369
1324
1404
4178
2921
4544
2450
5046
3502
2528
9354
2333
8122
331
56
7856
2708
9510
4950
4349
2198
2497
8879
3836
2457
5722
612
843
9225
4880
3828
6342
1758
8030
3669
8928
87
6473
8828
3377
6292
7545
3489
397
2794
6294
4372
7773
6839
8281
7407
2570
7788
4179
2094
4298
4275
8323
5580
4398
1049
5161
1685
4109
3023
3730
5153
8820
193
6144
5880
3318
2177
4967
1788
1953
1230
8903
9430
8312
3379
5456
9716
7776
3722
2169
5166
4263
8492
788
7685
872
1718
3900
671
1045
621
1498
228
6133
9640
2506
7303
5109
689
3616
1508
3366
9719
2020
4658
6493
8192
8143
3948
9372
769
5083
8079
8760
9867
9728
8936
2709
734
7617
5488
7832
6852
4672
5577
5950
3889
3839
8736
2421
5151
7443
5080
8922
5607
9630
1514
1439
3062
639
6624
4563
3858
3170
9145
9536
9019
7836
5050
6239
2630
6374
7574
5043
5493
5273
1166
6041
2159
6239
8354
5463
6602
7973
6931
4077
9555
1254
8248
4470
2301
1041
1950
6112
8484
2633
6892
1249
5158
2780
2551
4751
4322
9171
5695
5510
5054
2879
8788
9052
6426
4806
571
4513
4424
8662
8872
7570
4175
3252
5532
1023
6903
4545
2107
1721
1908
6995
6094
6598
4213
3605
9984
9164
5563
2329
1796
1031
5045
8544
9436
4203
4415
5321
6310
5303
1215
7408
2895
1399
3020
2147
7587
2332
5222
9185
4088
4802
957
1107
7804
7996
5192
2570
7027
240
9289
9509
2411
6823
2798
3969
9661
8053
7653
4726
6271
5529
194
2373
6881
2571
7080
9612
6909
1048
6800
85
7128
5345
6901
3644
8514
4415
702
3940
9254
3113
4171
9233
8212
7287
7269
4349
7912
4493
4637
6655
4654
515
5677
1769
7174
6549
567
5540
6921
7255
3498
794
3131
6587
5124
6094
7134
314
4523
8406
8944
3833
5125
1858
653
1370
2103
6903
5023
3572
9967
2241
85
9104
7409
800
726
5357
4759
8055
1731
6458
8342
7059
4197
7958
7424
6913
3940
3449
636
7142
6353
998
2678
4135
5799
5304
5482
7560
1942
7285
461
820
6002
2630
5178
1469
4584
7011
1340
8901
9812
8209
9047
7507
7594
9366
2395
2502
4469
9398
6887
9366
5120
7675
6381
6087
5194
5530
9141
3353
1429
6992
1067
9516
1955
6227
7634
7554
7146
3699
4166
2419
1809
1246
3377
4249
3524
1938
1172
3046
7774
7005
5749
9532
4054
1144
559
531
6140
6106
5552
9145
5585
5691
7401
8883
8753
7061
9123
9950
4795
9750
2632
9093
2060
3869
6431
9883
3888
3017
1347
2164
842
9544
9841
6572
9568
8883
6013
4356
4917
1444
4155
8690
1007
9471
9712
28
7220
9227
8684
2728
1224
8180
7699
5393
4119
2700
2020
4926
5030
9898
3015
5259
9008
8434
1131
5476
9676
6587
7587
1816
7914
6554
3488
4341
7498
6895
3387
2285
6819
844
7255
5320
1546
5756
9784
3393
4375
7666
9049
947
3766
8058
9797
4332
3912
9899
623
4122
1738
3186
9098
7717
2562
7344
9142
376
5044
301
3515
8268
5651
4361
2641
6206
2962
8892
9036
5807
7058
9026
8132
7147
783
6060
8097
8843
8018
7784
2861
8286
158
123
8934
1501
3261
1220
7476
2337
2058
3293
9624
9238
7152
5890
2269
2240
8481
4813
7270
3873
5694
9069
5274
6487
908
8700
6688
5263
5125
8275
2643
6539
7703
7196
9804
1047
9204
2654
2152
7909
112
954
7154
203
1414
4724
5394
6199
4294
5444
6546
495
1249
9769
8207
885
4892
9529
4663
4338
6672
3457
5483
8608
6763
6150
5930
3637
1769
1187
1618
4505
4901
3559
4366
4054
9864
7763
4995
2472
3948
1271
9839
7840
7494
9329
564
613
1728
9763
3773
5872
6641
4124
9029
279
4090
1155
4989
1980
380
8719
7703
3182
6443
5239
6655
3463
1919
1970
1833
5811
1486
2322
9910
5664
5603
4786
1978
6280
8500
5560
7617
5186
1942
6656
3009
7587
5070
8027
1795
2733
2078
1435
9259
6543
2010
7594
3602
1266
3734
6937
5580
4623
5745
223
6616
7655
6056
8308
1509
2725
9376
9492
3613
1943
7294
4218
3943
4365
4806
5175
6217
2943
6805
6209
8942
31
5618
8825
2856
6427
152
8561
7210
9463
7978
668
7660
8979
3489
7019
4260
2405
1128
1097
9188
1446
8076
2689
4975
6866
2762
9465
4499
5100
2536
9187
9420
581
250
9869
9019
2422
5971
261
5577
7764
8396
4594
4615
7917
5123
3232
204
537
203
5285
7701
2131
5557
7940
3587
4502
366
7464
6960
8788
4691
6878
9534
7970
34
1352
8797
3006
2041
810
2416
590
2181
8245
9762
9889
5957
1632
1922
6125
2491
1979
423
3796
2474
6331
7450
1623
1476
9308
2635
9243
8063
7098
1067
8653
8328
8490
5163
5791
3818
5033
4993
5167
3301
2138
1973
7718
9841
9816
1175
4134
285
1939
5896
6986
2301
3613
7128
3194
666
2892
3938
2544
276
9666
1530
3084
5267
2687
6826
4117
5480
5614
4426
5525
8839
2576
5156
4191
1571
4864
5998
311
42
6165
639
9962
3962
5769
2265
754
404
2462
3839
7105
6559
7782
479
9661
6445
2637
7571
4789
2297
6436
5502
1704
9466
8725
1542
2480
2746
371
9212
7545
4886
6419
2324
9950
524
5312
1958
9472
4152
1088
5094
3341
9064
715
7060
8083
5954
7459
4256
1209
3897
1050
216
4853
4911
7171
6770
1051
1047
7710
7955
8843
5259
304
305
1802
887
4075
2889
6705
4616
2248
1757
9808
9615
6631
9470
2793
583
5561
1662
2520
9925
2406
4187
3800
2649
2868
6837
6846
8089
8448
5476
5498
4005
8037
1554
8696
6111
3637
3228
9886
8002
924
5380
6450
2260
8657
2654
5053
7098
7636
7824
5848
2793
9462
4592
6046
8101
994
7853
6101
5488
679
5131
647
7720
3151
1853
883
5021
1157
6728
4355
6655
4656
5384
3525
9573
3720
8175
3378
4579
5940
7445
5257
1298
5131
7920
7547
7979
7534
9710
6246
2357
6675
912
6357
2658
7874
8348
6721
46
7989
6395
3335
4522
7853
165
8937
2616
2964
3497
538
8265
4025
9161
4561
9176
5650
9400
977
2180
4409
6565
1701
1701
5578
3204
9734
7593
6793
8167
4436
5010
4987
7903
2984
7779
2119
3097
5731
4101
93
7869
5924
1745
7131
6774
8963
8523
5692
3281
1151
7139
7544
3923
6464
6906
4330
215
5473
8370
6924
7577
604
473
7871
9112
3688
243
5057
7043
1126
243
3484
5374
6883
4343
5278
4761
6195
9290
9679
5723
2553
4271
6029
546
3211
6769
7800
3760
3471
5537
4331
1180
260
8900
1168
4077
2544
1845
2543
8370
2850
4985
740
6666
7999
3152
6553
6749
1857
8416
2858
1369
6111
553
3773
6804
7525
5011
6211
2797
6313
5161
8674
3651
4487
6488
1048
5956
597
8665
8209
9648
5491
8102
6506
3208
3821
9270
1399
4987
2943
2032
3730
1361
2065
6427
3479
6978
4157
8003
7760
8377
8054
2508
2809
7354
4648
1847
7762
2982
8404
622
6337
3407
6615
2960
7950
9001
3912
3790
7003
4340
4605
9987
2459
6884
3576
6532
400
3469
1704
5339
5884
1159
8350
6754
7705
8202
1455
3926
4695
2091
5077
8526
692
2122
5090
3374
4427
3653
6027
8455
4985
6847
4910
686
8330
1133
7532
3942
1180
2041
9964
8941
995
8535
4761
3505
8489
6707
8936
3712
9968
9316
6486
7993
1268
6870
7433
225
6609
2086
9469
4890
2062
5607
2381
6508
1072
5820
350
4312
1614
8548
4757
7367
897
4138
7204
3260
3113
231
2748
356
4387
2969
1411
4712
9630
9521
9080
7295
5368
132
8692
3616
1857
5390
3704
6836
517
4217
3479
8183
944
4269
9001
2781
721
2432
3657
2336
2780
7193
3492
5972
3711
3304
6396
9133
2388
2
735
4360
878
2583
2256
8557
5512
2856
120
9939
6542
8812
1962
920
1549
8434
1804
2237
7126
7456
6988
281
6076
4427
7387
9743
34
8408
4575
5135
1311
5244
1776
3944
5537
3232
6144
2380
742
4247
6859
3549
9395
2876
237
8389
5829
8961
6198
7267
6628
8251
9191
8860
3698
4608
3150
5926
3062
7248
1519
2912
4272
5020
1007
2525
8473
3751
7335
3869
3501
9094
1356
1493
8609
5491
5739
6598
6210
7051
3592
5169
3720
7979
7959
9173
7120
7910
4266
7688
7381
4876
45
549
7387
8301
4205
8436
570
6431
3976
7509
3783
2595
8949
2471
1054
4695
9738
3794
8527
298
8381
5190
4513
1149
4943
9316
3234
206
9942
6593
5020
9865
5308
9838
7700
6864
128
5982
8403
6717
9648
4812
5390
6907
5487
2310
5031
1414
2774
2504
9080
9171
4563
9589
3346
669
6924
2553
945
9002
2649
921
4177
6724
4717
4106
6986
4136
5763
9179
6333
9859
200
2611
2752
2138
1454
8748
3714
3033
7319
1547
8880
5695
3576
114
8854
7848
8147
219
9991
9557
9014
8020
480
3492
3507
4256
2570
6763
4266
5273
4089
4203
7120
2754
9146
3567
1073
2179
855
968
2076
127
8929
7902
5378
3746
6352
5316
9623
2493
7366
4595
3158
8072
8909
8056
6099
8516
5171
4755
6614
440
9244
9121
7503
6853
7681
7121
3191
4218
9995
8074
3167
580
8967
1694
9537
6098
504
898
8529
5262
5593
5289
19
3635
9985
8857
7528
8951
5902
8504
6438
2479
31
3199
5941
3733
6925
8353
3263
6293
8824
4953
7627
5942
9510
4427
5494
5001
3120
119
1771
770
7186
3706
1636
2815
5954
1013
9554
9719
4173
8787
6910
5042
4397
9941
2118
773
9241
3872
6536
3376
9407
9583
1403
2109
351
7165
2613
468
2565
9348
4799
2535
5089
2184
9494
194
7745
2735
3731
8403
4109
536
4008
9839
9436
4717
2775
7851
109
2024
9244
991
6871
5076
1042
3389
7881
5549
6157
4293
6360
8821
1598
8776
2851
4059
9115
1604
1941
8707
2435
2665
5677
4474
2396
9556
2569
5646
8740
9157
8084
7712
6838
5757
4254
1964
639
2308
1757
4303
498
3215
8803
6406
3741
7630
597
3129
1389
5096
6211
4227
3105
179
5117
2024
951
2275
1626
7875
8380
4978
5374
7573
9207
3058
434
2808
8494
3037
2958
8229
1144
7400
2406
5325
8139
7195
9888
9465
6021
8092
6417
6892
6167
9261
3829
3453
3388
3407
7148
4662
4686
8332
2189
5868
22
8200
4976
8063
4231
8473
318
5766
3337
3681
8592
5869
6618
852
3171
1446
3931
5572
3681
6215
6486
5313
6967
4345
283
2882
9358
8628
5884
8923
9466
1584
4905
8684
2912
539
2629
733
614
1547
6996
4309
4817
4481
5092
1666
5023
5831
7458
1315
7764
7361
6241
5507
3916
7359
4274
7177
8093
8919
6908
8346
5359
636
8719
9211
1592
9879
9736
2056
822
3780
7021
7107
9928
8657
6185
1947
8880
3887
1154
4059
7851
3602
4048
2249
4420
6600
9426
5939
4821
78
2182
4157
3790
9899
8881
4564
8346
9569
544
7597
6412
3374
9215
481
8689
7528
7019
1034
6091
5549
4323
473
5043
4964
5288
955
1801
332
9998
8655
8415
3116
9141
3571
751
2697
465
9727
3325
4367
2637
9144
8182
3986
4252
4957
2715
7994
8164
6736
8882
4867
8286
1613
5502
7602
3413
1636
9576
7437
7112
2663
984
9865
3443
7907
9302
4704
9083
2682
3025
9276
4282
9767
8849
5361
9969
1594
7138
713
9402
8924
8736
3970
8328
1288
5515
7153
6799
3987
9602
1061
6039
1759
6617
4653
7255
878
1100
175
6694
8846
963
4725
6445
3801
5431
2370
8948
1955
1841
7064
7595
6150
4572
9945
328
2720
1648
9506
8666
6882
6713
8694
4678
2222
3166
7269
8724
3997
1583
2435
5160
7500
9814
5022
9304
4958
9125
4794
3681
2121
2237
3034
1857
1684
4275
7205
6170
5279
7437
4548
7432
2959
7294
2226
3354
3708
6886
8879
5947
2361
2116
1261
5450
9250
2301
8877
5704
9266
4500
6793
8688
3519
9423
2918
1117
2382
2141
89
5277
1225
9543
9085
1280
3787
8577
6506
1529
5610
5142
8727
7471
8905
4105
8706
2958
7966
5535
2432
605
237
8822
8725
2405
5109
5983
3461
2593
267
4252
5284
7582
7936
7437
6433
4209
4088
4609
801
7066
9385
1109
9823
3212
6947
2838
2453
5970
1516
4107
3229
6595
1464
7729
7953
9335
9864
6213
998
937
6469
5839
2376
1
3762
3375
5795
7056
6714
7464
4598
4165
9514
1202
8140
5246
3373
4974
3337
2617
5932
7079
9352
2998
4051
3607
9871
7452
9792
9495
5185
5046
1851
5932
7674
1079
683
9485
9120
6753
5182
150
3042
8813
3267
2265
5394
7162
4647
1186
946
4264
3678
1066
2920
4134
1285
2364
556
2234
5468
499
9057
8025
2490
8382
9336
4388
5302
8749
8211
6035
6969
7624
6234
9167
1328
575
1677
1676
9970
6266
7682
6326
366
6801
2874
9179
2529
6215
5087
6411
2495
3448
1620
528
9580
5514
5039
6608
7200
3514
8936
3478
9660
6536
2861
9763
2732
7413
9710
1049
1291
8748
85
5994
1775
7563
5195
955
3946
9475
6202
6027
5151
9347
5462
1550
2735
2466
890
6011
2215
5030
2728
8727
1310
1654
8443
7889
7685
941
6523
9299
4503
3790
1528
5915
9168
9339
7288
3134
5659
2137
3254
1267
9119
7913
9145
3724
1448
3717
2920
5613
9113
5365
6837
3981
9513
6680
5678
549
5532
7503
7495
3798
9448
1456
7585
6730
5114
703
8368
2064
4624
3539
9288
5947
7092
2803
8976
8388
9296
9471
5543
2800
4318
4896
3260
4828
4841
6948
7592
338
989
1844
7592
1590
6742
6651
4108
698
4441
7957
7956
4198
918
3898
242
1537
7356
3132
4834
1917
2303
1740
108
8601
9853
6741
6697
4135
4407
9153
4632
3555
3488
3558
9721
6902
2669
1619
9772
7042
9151
3016
4583
6578
8729
9781
2300
3891
4951
4776
387
6011
1454
861
3028
2101
7888
7415
3653
705
9737
4005
7281
5615
3714
6157
3342
1668
8630
1397
2063
9352
5993
143
9736
9944
2075
6624
216
5099
7647
7902
9427
1470
8504
6274
3924
6250
629
3750
4281
2372
7575
3514
4150
3072
5617
6223
868
5437
1308
7944
1416
6279
3911
7538
7904
77
8493
57
6529
9502
5465
4122
6226
2564
6848
974
3543
2138
2780
4816
5900
2124
2225
8285
8156
9534
9388
3821
4828
1034
9674
109
9455
850
411
355
5010
9993
4847
9153
6167
8528
8457
6392
7808
1339
8812
1802
891
4217
1019
3244
1419
8520
9681
8367
8892
7470
1086
7007
6884
7046
2350
3439
4216
3257
410
3143
5340
3393
7523
8584
8824
8090
6081
7260
2211
707
1731
4802
4449
4997
794
3555
2176
7342
6992
9756
8372
2266
9480
1057
707
2934
4211
2071
1917
2739
5549
2232
6634
6241
4506
9660
3516
5659
8191
8909
7890
3945
5644
8071
8380
1214
9290
3639
1929
5869
1007
1796
9739
8257
6553
8061
1424
8702
8004
4617
57
9598
5697
9713
7918
6873
9857
3408
322
8124
1195
9877
7785
2195
5039
9819
4418
1722
8452
1788
2149
7920
3949
3664
6617
8414
6106
1447
7313
3947
4606
2061
9962
4605
9414
2597
8465
1988
2418
1488
7502
1493
3079
7686
9984
3053
3119
927
212
7549
4798
8690
944
8889
867
208
1014
890
5982
3520
8871
8642
5112
6476
1245
2656
9698
2413
2670
4165
9393
625
3411
1627
8379
870
9799
129
666
519
8243
2027
3767
4816
3095
7902
4977
3887
1179
6635
4087
1396
6164
7995
9601
2551
9571
914
2546
212
9781
2947
7694
2424
1423
5744
586
671
6275
4251
4545
9629
3643
1417
6153
4190
594
4160
7122
2291
2221
6382
7199
1334
3702
3334
5208
3960
1162
9174
4302
5855
1129
5563
7892
9979
9723
6575
1489
819
1261
2871
4794
2417
1036
5335
9710
3236
1908
1058
3549
4256
5859
452
2052
7101
3648
301
5792
2660
3784
5514
7681
4184
8980
6050
3062
4495
3366
1780
408
7440
9523
6205
5591
1279
6443
3935
4019
6103
4517
5470
3391
3469
6360
757
9046
7976
8956
9401
8298
6572
4519
8609
8345
3944
2862
5255
792
7217
1841
5764
6741
578
9819
2630
8531
5150
7155
9906
9456
5156
4047
4090
8237
5128
6481
4935
5478
6132
6385
4632
3042
2959
1480
7418
9765
4728
6561
3111
8431
1745
5994
5514
6385
8603
8614
2455
446
2353
8875
495
3187
25
8900
6336
9471
2537
6916
1516
2252
1500
9185
7259
8855
1438
5447
5374
8402
9619
3437
1580
8239
7123
2306
3316
9531
6008
2239
2032
2502
3772
3568
7687
3852
117
2175
9771
5477
6672
1622
7102
8506
4339
7929
1778
5676
6594
2443
878
1902
2413
4210
7390
2987
9630
9913
5166
585
9328
5617
4852
5612
5795
7949
1202
4269
8156
4815
2668
8892
3692
876
6043
4611
4605
4423
6978
7208
1279
7695
423
7030
8819
3232
1113
314
5823
6563
6501
424
7021
2544
5141
7056
1612
9923
3704
7023
5675
290
78
4773
4356
3588
7834
975
5446
9596
3639
3447
2098
9234
6873
6122
4687
6365
1897
8536
7039
1517
4113
1861
9341
1681
648
3447
4296
5261
1813
4099
8739
8681
9609
7816
1416
9604
650
1755
8006
6292
2039
3892
3123
3875
9343
6884
5832
133
3792
5972
6901
5595
5676
8035
6376
2823
9224
982
9832
3151
9550
7052
4957
739
9673
4546
6111
4532
5876
5297
6839
4719
9124
2956
2670
2634
378
1953
6470
7157
4199
6353
7538
1257
8606
1358
5236
8110
2363
904
8623
6965
1414
8730
1525
758
7509
3529
658
2205
1944
912
9018
4173
2274
195
1174
3473
6558
1103
4129
1173
2830
691
2985
3706
3641
5954
8732
5945
4532
6460
1206
2682
4588
7131
1818
6581
7494
6867
6980
9563
6681
9916
1938
9658
3011
8501
4403
2007
5920
7495
6417
5888
4711
3004
497
9018
9554
3035
4620
9961
1727
2798
9316
8367
3604
762
9375
5542
1964
954
5326
4987
7246
1793
7777
4068
2647
3922
5097
6272
3792
6220
853
8372
7482
4018
9495
9323
7503
1548
7383
2557
8901
2364
5793
1565
9649
2916
9669
5795
3322
4990
5224
4185
2341
2603
8383
6988
8579
5615
2528
1541
811
9416
5561
9932
953
2121
1723
4786
3397
3231
5087
1288
8622
4010
1433
5001
7074
6876
9406
5671
2951
7996
5900
1229
3058
6509
1797
7656
8414
6282
912
380
4189
7500
2662
2025
768
5565
9651
3221
5849
540
4522
3601
6692
9326
4829
7224
7358
4041
2859
2896
9815
5221
9299
5367
5056
788
4659
5170
4663
5703
2211
9876
2225
5516
3621
7709
9497
2968
1191
2357
743
9093
2963
6351
949
22
5694
6280
7739
3036
6599
5818
437
229
3818
1019
7897
3149
1306
5521
5751
5506
3147
8643
2693
4681
3969
5334
2463
4442
7700
9309
7513
4149
4204
996
3865
2041
9388
3775
1619
9841
3321
8295
4790
2440
952
6002
4905
3392
8186
4369
3824
8420
5875
6808
6326
6399
7625
1867
7804
3151
165
2660
8287
6944
5880
3024
3317
5037
8483
2729
1264
3736
2211
5766
4258
8316
2498
7965
3206
7977
3144
677
2528
5262
6708
911
8321
8440
5466
6022
5850
5042
1770
9995
6795
571
7892
4027
8407
6175
5220
3360
3363
2359
6889
7250
6104
5398
2536
4716
4133
877
4742
453
8474
1966
9853
6418
343
8501
5978
5294
2298
3666
6892
7490
6745
3548
9744
8197
2390
3112
5858
4894
8538
1512
1282
4633
6531
8545
2093
4395
2061
4319
5403
1244
7105
8488
2089
6550
1003
2342
601
2548
59
2834
5713
926
1886
7189
932
2373
1172
3660
2524
5429
7465
892
3371
4988
8221
9393
7596
9506
7594
1515
542
2102
4874
8796
5850
6387
8707
7786
7091
2072
2233
1708
7157
7447
1139
4820
5474
9739
5486
572
4570
7733
1796
8737
7132
7578
9185
8237
220
4071
6891
1881
5172
7783
6062
8354
8687
3222
2216
5766
2938
9674
4155
6068
190
4275
8700
6763
7345
5801
9922
6254
5804
7384
4114
7731
3270
8772
4210
8887
9813
2886
2462
8550
1278
527
4122
6880
3271
4041
7810
3972
1734
5183
470
5125
384
8470
7180
4860
6982
2262
4043
9920
4295
1296
2673
3779
9910
6121
4339
8281
2819
7890
2926
5241
2621
2749
5666
1459
4546
4842
4682
2157
5259
8578
8810
8378
5487
7328
2769
1723
8220
9093
535
1603
7131
1096
1710
5947
1673
4490
236
7110
8266
8295
7851
5258
3536
4281
8537
1805
5343
5500
4046
8170
6234
1265
7065
930
4305
1614
9466
7317
5077
4270
485
748
4503
4785
6049
9444
5498
1115
7404
8540
1097
3785
8445
9053
8355
4591
9215
2152
3691
4744
5026
5128
7386
5888
4605
8637
4297
7614
3239
7362
4310
8306
2846
8135
9867
1218
7208
5832
1135
4318
2518
8347
9615
2723
5542
6282
222
1729
1788
1719
3223
7711
9216
9018
643
2518
6929
350
6333
7785
8980
4766
5610
1875
4466
4421
5457
2940
9751
4742
789
7737
3043
1933
2240
2174
5914
7622
2376
7117
540
8784
4835
7096
6368
2931
8564
8477
1607
8114
4889
8609
7379
3678
4917
1966
8087
6955
436
4196
5208
8438
1439
5100
8550
5285
2092
5381
8780
6398
2137
2706
4829
8709
5786
4381
3219
7330
3189
9790
5448
6492
9049
5483
5599
4564
4398
1680
2974
8209
5576
2404
9980
2741
121
8601
7857
6188
3245
2632
5346
5727
1979
375
7556
1229
6640
7913
5485
2209
2313
4574
6265
3556
2238
4682
6106
8737
7951
3062
8907
2849
8662
1034
4813
8248
2787
7842
4551
8419
8683
8031
7631
9459
3547
3278
6771
8432
191
8256
2414
4504
8816
3970
3699
6699
4041
3533
8703
8868
1890
8115
2729
8300
7155
143
4612
977
5278
4401
6900
1638
3734
2510
3985
8276
7291
517
9913
4462
5020
8846
6503
4898
9006
3145
747
3780
8307
8462
8449
9549
6625
1915
9933
3886
3139
8331
1497
3478
3280
7279
8427
9670
9917
603
6435
2709
6987
5774
687
4735
6434
1888
8865
1979
7772
9500
7993
5295
7170
7493
6711
534
2035
5781
4157
7684
4505
3906
3684
6926
1162
1172
9770
4348
7515
1742
6891
8120
2178
4304
1982
3231
3696
6155
7169
7635
1261
2446
8489
3305
3313
2322
9960
2738
3473
9025
9733
3574
8848
313
2423
1130
2674
1770
6168
71
7974
656
9669
75
3131
4666
1038
3732
3542
4902
1056
6864
7648
6585
1302
4228
950
5256
2928
1797
6374
4503
5156
6801
7923
4294
9906
8784
5283
9451
4259
9705
5902
6454
1275
1399
9363
5384
3066
584
7595
8879
1938
969
646
2697
6476
2395
1794
2633
8123
705
5297
4806
1344
5740
5958
9698
4668
7493
1474
2941
622
7857
9686
4784
2787
4882
2356
172
3354
5370
8071
1157
142
1028
9920
8428
8379
5291
2860
3630
6991
2091
7017
7005
7167
3013
7176
1115
4367
1541
8257
9731
5467
1170
7981
7443
6186
1892
6297
2400
9323
8364
9937
2093
7016
2027
7025
3585
1574
4185
5859
2234
2142
1146
6190
6030
7893
267
6926
3978
6174
9834
1129
4043
2172
7615
1996
8772
3260
4541
1549
4223
9934
1492
4052
8733
3275
5671
8895
7388
1371
4792
1470
1783
835
3448
6426
5335
7169
9831
4561
4730
3090
1945
3776
6125
6540
6549
844
9682
3736
5013
997
3631
7702
150
4729
6071
7223
7846
7350
892
5840
1846
5613
1259
8938
2033
7593
7865
1259
9321
3652
8719
9521
2789
7456
2240
8571
4782
3052
2493
5919
6518
7541
9855
3124
8403
5133
794
9145
7376
3087
352
851
3072
1612
1596
9791
3740
8172
3110
7478
1510
5597
9373
9136
8374
1892
3889
3020
3861
299
5685
5496
653
9180
3275
9176
5587
3879
7407
2362
3119
6712
9109
7794
8414
5582
1061
7832
823
1148
7034
1829
5474
1772
9113
1491
8263
3632
1042
8874
335
7121
6080
1553
8610
3744
115
2532
7399
725
3878
5263
2618
2988
2947
7172
8826
951
9074
4700
8214
3294
3763
3479
203
7174
1967
9699
7620
5849
1517
4166
2004
4364
678
5280
9945
6934
2533
7783
8662
5734
3086
756
4379
6944
8110
660
2473
291
7151
7597
6396
1302
3067
7972
1390
3096
5834
7447
5993
752
8995
907
7273
8012
5921
9960
7225
8192
5630
8527
4541
5193
4875
626
2755
5719
2515
4549
8201
7058
1733
404
947
6439
4146
9470
98
2617
6698
1653
5814
7629
7807
7427
8416
881
2713
8492
9201
1699
718
1830
3612
8804
6325
6864
9357
6516
2060
7600
6659
5793
7922
9161
1713
89
9054
7283
8783
9242
6938
4572
25
1460
668
243
3045
7288
2873
1523
9821
4463
1671
4979
1844
6589
4742
1712
9949
2678
8085
101
1531
1557
5627
8603
8395
1118
6468
4276
4457
9853
7646
7039
3957
2683
9607
8746
8697
3013
542
525
2797
7562
3300
3702
418
6730
1386
9924
4158
1173
7497
4075
4253
2251
8586
6999
1641
8996
6259
3622
319
7702
8111
113
2360
4765
7051
1487
1998
5503
2515
7241
8778
9656
8802
9010
4915
4028
1445
8676
1039
229
5616
4406
2866
5516
7355
8052
8430
2357
2413
8601
6865
1421
9123
8325
9636
301
5072
8774
1237
3425
1944
6357
6380
9922
4470
4948
3746
3733
5915
1386
8066
4802
8013
510
560
2451
2604
9923
8347
2240
2345
594
2434
6504
404
8074
8253
2001
3372
8638
8998
8805
7367
1658
2061
9886
5332
4912
6435
5573
2042
1337
9486
4503
7751
5594
1952
1300
8699
9452
1247
5311
6049
9670
8782
3115
7550
1338
3830
5094
1846
7129
6046
5207
4267
7345
2020
6584
2532
1046
3809
113
1639
3351
3979
4529
3115
6001
9595
3169
826
4471
7270
5876
2114
841
2765
4352
1116
4190
2822
7675
1401
2725
1244
7889
2629
9451
9790
1167
953
2701
360
7631
9108
8937
1413
2169
7460
5339
5910
411
5257
3026
2413
3869
8431
1905
3315
499
8837
2509
6636
499
8315
1111
8891
2679
9063
5034
6238
2864
1010
5770
3526
1159
5876
5947
3284
2435
1356
4197
5651
8986
8933
464
8715
3901
9310
6294
466
6643
5365
4483
8260
4872
2822
2735
6358
9883
3610
9873
8448
7139
7130
3547
1555
6485
2556
3330
3970
7880
335
7160
9938
6863
7219
5667
9453
3819
2726
9151
6190
2720
7791
2424
5438
1178
5065
711
1479
6995
4507
5000
7550
2222
474
9851
9738
738
3553
5200
6832
6249
4263
3404
4355
1887
9678
3341
389
7285
4186
5694
6684
9789
1001
5129
9349
452
2919
6647
5314
9448
2773
7771
3390
3212
1989
1133
7584
7648
2794
9964
129
1912
2511
8102
4418
6044
1578
3692
8183
1269
794
6243
3877
7763
1862
4139
6735
4762
8274
3246
4015
6762
9866
876
2855
4179
7113
2785
9236
5339
7775
2275
3053
8436
1933
7365
9805
555
2977
4721
5194
865
5300
518
4274
5161
1711
3545
4496
3416
3263
9296
1
9180
7132
8553
8700
1009
9850
2127
2376
6667
3220
9390
3423
1111
8463
6065
4624
9400
7594
3310
7890
9818
5225
719
5081
673
32
6964
1452
5949
1496
5803
5326
9654
1272
1898
2012
6002
2767
4464
9285
6644
926
682
2824
1499
6368
9185
7438
1918
3562
542
3187
7347
4586
1695
8501
429
96
8949
9973
3705
8297
9000
266
4692
5782
1286
3416
2986
3004
9023
1113
1877
1412
5908
1365
6750
7968
3278
9574
6004
2160
8930
7994
9098
499
1499
9438
8697
7698
6228
4533
2690
1665
5380
238
8012
430
7639
2373
6507
7376
8301
781
6830
37
4625
7493
2305
8767
2263
9147
1025
2599
3107
4389
3809
3620
1017
7758
5666
268
3937
9125
4143
1626
8072
6914
9911
910
4348
2573
9760
8427
8850
2005
7147
508
3950
5387
8649
7671
1346
5211
5000
8116
719
1191
4445
6928
6107
2601
5557
6172
780
7062
2523
6982
5198
4355
2929
7607
3591
2759
7235
4328
3204
7411
2818
9141
4892
8340
4237
5664
9068
5089
6555
3493
2924
9832
7229
7774
1010
362
2589
8306
2384
1277
9167
9354
798
589
364
2263
9369
6143
1194
9294
509
3698
2342
4572
9631
8883
2062
423
5602
9887
8009
1906
7322
4906
2272
945
5725
2068
2347
1100
9388
5350
6233
9780
6600
8645
2706
4324
5267
5951
5570
2283
4982
289
30
3190
8205
9034
2449
7044
3648
2661
6296
7119
1618
1554
3707
2536
6612
2474
8715
4288
8131
7025
1691
5897
8496
3025
113
2073
2133
6144
843
2391
5647
6754
6126
1079
8530
26
2626
9563
3422
3028
691
3236
4754
2707
4121
3833
2326
1787
4551
750
8011
3238
6294
7755
763
9600
1661
9169
9709
1809
4066
5490
9180
9846
4851
586
4130
2112
8838
8664
2275
5261
3602
874
9596
4286
2616
1104
5287
256
2442
219
688
8255
67
1156
2610
8415
9680
3651
8089
5696
2571
3912
3257
2405
6953
2127
8955
8327
9131
7960
5716
1952
2594
6257
2345
3362
1294
6935
6474
5977
2760
6427
5798
6194
3612
1020
6172
6458
1275
9532
443
6490
2605
7927
6400
8902
8958
140
189
3364
848
5129
681
9303
7458
8105
197
5324
6980
9937
7211
6677
1621
2472
7717
2899
2952
4690
8515
4073
4753
6088
6617
9952
8967
5080
4842
3993
107
4596
3505
8195
1358
7131
2871
3613
8821
7676
7594
3600
4963
2811
4739
8283
1442
8108
7385
9661
8856
7083
4624
3160
8891
9570
8717
7836
1809
5505
9105
7384
8985
7794
7562
4585
2527
9119
7347
899
2713
6110
7184
602
7259
4074
7745
2775
580
8871
5194
356
9829
6366
3801
1013
4670
1937
8973
891
826
7830
318
2536
6977
8076
2398
3800
257
1027
2732
1098
8307
8691
1777
9298
6958
6080
5148
9521
9508
6844
2047
2443
3699
9085
4900
3502
8845
9331
8150
2168
962
6699
5344
5856
2352
1230
4675
5167
5726
4445
8580
65
156
4430
1415
1215
3422
8527
6374
5009
2446
7945
9736
517
5000
8816
4175
5023
3764
6570
4605
2042
3666
552
2676
3096
7011
7728
3687
2786
8366
6257
3817
663
9584
4451
7411
9948
1076
2141
6199
9109
5784
1141
4320
3488
2923
644
1784
2750
6677
320
8194
3919
5342
5009
2138
4331
4589
5709
8773
8211
5691
4269
2446
2836
2232
4749
7932
7924
4725
6971
8640
1754
4310
1494
3827
8213
9125
9007
3417
5916
5562
4589
9338
2913
7386
6825
3225
3042
3694
7096
8395
699
2404
5771
2589
3447
537
5573
6461
1532
6470
4233
1497
1030
6185
6125
2583
5141
6592
140
4574
996
6571
670
6848
2175
6415
8365
9386
1161
2814
6828
5031
9325
848
5179
3661
2823
2659
4509
7789
5957
9281
2629
2435
5606
3849
5482
2488
941
2791
8383
9527
2081
6854
6460
7202
1665
7443
7089
6537
4427
2449
8014
5533
5158
826
5353
8060
6612
9932
2228
2680
9515
8614
6124
5526
7209
3564
1871
3659
9245
7132
8021
7345
6527
8331
4946
6472
664
7934
9862
246
1323
2052
5614
4454
9761
8220
8044
101
4974
1972
2380
799
9264
4591
650
9850
5618
5312
3039
8217
363
5881
158
5723
474
5233
5140
3995
3280
422
3083
5887
5272
1792
6033
8263
7874
7832
7158
8277
6234
1869
5261
7182
264
6003
5088
6079
7694
9182
3643
8478
4147
5279
4365
6829
2422
4082
6177
6424
25
6945
4441
5486
4168
2747
60
5812
985
2194
8697
4840
736
2234
9227
8362
5795
9466
7540
7291
6869
339
1618
4840
3810
5953
7663
5040
6400
4170
5514
1146
7544
7787
5007
8489
7868
2537
3513
5493
2711
7508
543
5798
8697
8376
92
6089
4487
9321
2110
4907
233
2953
2843
6409
7105
2001
3683
8020
4981
7737
1494
1429
7540
7632
4457
1563
7548
3976
2486
1937
3090
7963
9337
7385
3277
8496
8151
9568
7761
676
3772
426
6555
8846
4571
6545
5211
5209
5148
4989
1230
6605
3849
3579
6203
2179
6058
6639
2398
3930
7037
5675
822
3996
4980
8532
9713
5850
30
1001
9144
5948
2237
1349
3168
813
9334
5431
8636
2044
6037
5604
8578
5827
7571
5824
4779
136
1262
6653
5127
6545
258
7799
342
2638
2852
9978
9273
3277
2323
3265
7150
3693
5207
8278
904
8636
272
1742
4384
8145
2166
5467
3941
5577
1022
5168
4996
766
2647
8664
6624
4072
1187
3762
6013
6197
6353
8038
8550
6110
7218
8574
2619
8647
9992
4151
6934
5537
5242
3782
8265
6167
8921
1224
1500
4209
589
6995
5625
2320
6003
7687
4029
5043
1687
4440
6233
3025
6954
3688
9356
6254
9001
8133
9513
7849
5607
9086
3205
5162
4689
8379
2545
7827
2112
920
6938
824
2862
9298
1541
5930
547
8520
9188
9534
6869
2551
1992
5483
7096
7668
9867
5318
5890
7646
5008
7420
2064
4413
9769
6489
2969
5345
4913
9320
9036
1407
5437
1959
2451
8955
8133
2690
5100
193
6866
3930
7800
5314
5774
2418
7879
5379
7999
390
5337
2332
7525
6948
7555
3389
6760
6546
1134
2596
6686
298
1649
8514
5482
128
3863
7755
9038
1025
5711
1119
2519
8725
7125
7852
2942
2256
9631
6310
9373
458
8108
9664
6978
9873
7426
8039
5979
4807
5832
4832
6536
8984
5496
9961
6194
9416
3275
2357
9167
711
2662
962
4257
4754
7930
1507
487
639
3326
4612
4779
7342
573
751
2643
3710
457
3356
2002
4078
9637
729
3817
3350
7747
6891
1416
3711
1245
9478
828
735
8594
255
8446
7222
8383
5574
1715
8805
2217
5122
2361
1292
7059
7916
1997
2176
8643
9744
3565
1697
2769
9014
2548
5608
5931
3885
6289
4147
2754
5631
6518
5849
4611
2240
757
1076
1173
8580
3431
4586
5512
7806
3849
9659
1970
9475
9593
5425
259
5698
7793
9176
2972
5037
1761
7179
6421
1047
5248
1975
8319
180
8411
7528
9194
7178
7749
7432
6745
2699
4961
6570
9862
3870
7168
6156
6659
8547
4203
5649
1900
3148
6349
2507
5258
6096
7980
6867
4234
4226
5435
6629
6850
9210
2068
8290
3114
180
3894
7823
3092
155
9344
8160
1598
9388
6350
3784
6862
4904
5256
1078
9473
5646
9260
9577
2374
8872
8392
8042
1300
8724
3580
6081
1170
9489
4954
6857
8154
3001
4620
5005
8351
5656
2139
4665
5094
8815
3515
8627
6479
3002
5382
9095
2052
3134
4672
8893
5759
3532
4206
1870
5500
7642
7135
2700
5401
1016
2293
5011
6351
1723
5866
4911
9559
9777
1910
2584
4281
7510
1524
6675
4420
195
3222
9112
5299
4930
1240
2663
3760
2991
9091
3443
1194
2036
6698
3027
6265
6537
7978
3215
2308
379
5092
5255
869
8427
9209
149
1250
7896
1093
7884
2337
9781
156
3943
1782
4236
5284
9739
2414
6158
5008
8188
3625
7414
3103
960
9541
1508
8323
9547
891
3767
4948
537
5755
4135
3618
6142
5405
4860
5442
6831
2447
7320
1642
9107
1192
2724
1738
8150
2107
5810
1467
417
833
1521
3417
8193
1019
4154
5677
6312
8621
5232
3859
3389
4380
8309
9116
9619
856
4257
3899
6871
4592
2714
236
7710
5366
2348
2118
2583
4438
5298
8430
4904
5311
4614
391
4391
8870
2283
251
6767
6451
1672
4255
5867
2324
1500
1010
3993
7983
7349
7641
3975
5153
8297
4827
4515
4968
882
9029
4492
8188
9077
8509
4325
4278
2882
7509
8583
1942
4458
3302
700
5071
1734
8102
1514
8127
9055
5194
5857
105
6069
2001
1647
9516
2418
3383
7598
8966
1659
6946
8242
197
3142
9856
5038
5190
5706
8977
4111
1378
7283
3436
8900
2847
3927
2056
9342
2191
5482
7837
8293
5902
3960
8615
6601
5828
9836
6576
5332
6754
5465
9412
9627
8578
7327
129
9034
5206
3040
6321
1208
5789
1564
6423
4239
4085
2791
5907
6183
4914
181
8207
6567
9601
9903
4577
9113
8418
2397
5220
515
8395
8302
2918
5321
6298
8155
681
9449
1371
5775
239
9540
4967
3509
5402
4870
8793
3424
1873
6277
7020
8625
5510
7453
7020
638
2267
2031
9149
8024
13
9534
607
6922
4715
5951
4002
2519
4093
8933
7234
312
620
8446
4333
1058
6659
2935
546
7173
9889
3613
1468
3797
8183
4146
9582
8047
1668
3063
1426
421
9083
4299
1356
1817
78
6298
3756
7357
2680
3352
9803
6838
3940
1029
4076
8798
9901
9493
29
6985
1901
2273
7733
2549
3045
6483
5989
8386
7917
9614
6363
9643
5320
697
259
1643
8234
5629
7965
9795
5245
7755
5414
4860
2559
6712
1492
5988
3971
3898
4672
9027
2663
6884
2539
4616
3305
5551
6917
3357
6847
5749
9189
8654
7698
2944
6445
6737
3727
9449
3017
1128
9911
5034
2827
6437
4006
8969
5091
6563
8592
7595
1950
9839
7364
519
8915
8760
6975
8946
9069
380
7582
1019
1755
4514
4123
6264
118
7522
9583
5502
9791
3808
8328
9506
3735
2865
9849
6175
8352
5391
1140
2572
6295
860
7617
7702
7228
5465
6928
4100
1807
6755
9781
8277
5634
5427
6941
9368
2503
8453
1045
6038
6623
8562
9836
1690
153
7062
6351
7857
8893
2408
5144
2478
1959
7422
2597
6847
241
4255
5950
9348
6878
6042
7979
3996
948
840
9152
4644
6074
9538
7126
624
6132
148
3561
5810
5371
1377
6692
7317
7993
212
1641
5647
5752
2267
2722
772
1217
9145
1588
9270
9201
3720
5313
8816
5013
3861
3635
1762
3971
2939
4525
5088
2458
5974
9215
3604
1721
8702
7503
5555
5129
7068
762
6421
4160
9024
117
490
5123
7424
4454
3396
1486
4552
8109
3357
4500
5078
8864
4340
7832
1799
2550
9302
7469
789
2337
7269
1367
1033
6189
2938
1315
7766
1601
3715
5646
778
7310
7592
1026
2170
8754
1343
3746
2321
2207
5052
9665
5941
4184
6884
5027
6073
3708
9717
4619
362
4978
7554
7381
2271
1027
7008
8224
6508
559
9585
1301
3458
8478
6481
2825
7436
1684
3008
3974
1012
7827
9988
7839
7086
1873
1403
4612
2811
8731
4651
8532
9568
5363
9193
5860
2708
2622
1260
8357
2329
522
9310
7821
906
4478
1304
5619
4866
289
8159
6118
4063
7384
4866
6940
615
8517
6917
1112
1832
4133
2177
5215
7624
4193
193
801
9256
2528
8734
8465
9728
1281
8739
9049
991
3318
8280
1766
9938
9191
4096
1817
2429
882
3061
6076
519
2058
2419
1540
3878
2992
2527
2656
2061
3778
1597
9811
3367
6265
7029
8952
5225
1546
549
2881
5377
7127
5822
3638
7325
8944
9002
2949
7681
303
78
5193
9563
296
9796
2803
7612
384
4920
1072
8811
2806
12
3791
3131
1670
2227
1899
1314
7663
4323
3738
7285
5756
9963
5604
6863
583
144
4037
6960
84
9320
4541
4257
2656
5067
4372
3942
9146
6453
846
7364
9427
8539
3144
6768
9952
4424
7854
3671
8241
3090
6898
2312
165
696
1488
7830
6464
4235
565
6142
882
4409
4782
6114
7316
3207
625
9079
2263
3176
9504
9298
8287
6084
959
1695
8651
9387
118
5060
5361
1726
3960
8177
7298
7649
2629
5304
1978
7030
9475
6780
2352
9085
1438
2465
9824
916
9844
6642
7247
1639
8955
6729
5396
501
7240
7788
2528
1199
169
5455
1300
4947
425
3475
2299
5168
1841
5640
1453
1334
7025
6430
1216
8706
264
3445
1907
8464
9301
5825
1278
1760
4772
1253
6319
265
3084
3404
5406
7547
7591
5388
6568
2029
2671
3619
8192
4287
3262
4673
2524
4855
9316
3625
9236
1462
7808
2859
9386
2147
4474
1248
4044
7127
5936
57
9353
543
1826
2546
4773
3997
5751
1781
5014
2732
7845
5436
7763
4917
6031
9447
3999
4553
4911
1595
7473
9530
3749
9775
5559
523
761
2179
1926
7600
868
2426
1193
4043
440
5035
981
2023
6792
6340
4227
1712
7812
6232
6318
2199
7443
6122
5664
6442
1040
6239
2533
1221
4415
9308
5633
1020
9546
7619
2897
9378
2104
6106
8244
1189
5732
6098
289
8964
5032
7069
5451
4916
1132
9193
5289
3234
5151
4793
7167
8328
5783
5503
8382
5869
7386
503
3113
2284
8493
6944
7437
4165
9550
5079
9207
681
7780
5442
7309
1382
6415
7239
4885
4246
8802
5764
467
9177
5501
9990
2772
3491
4367
8205
1141
8536
4810
6661
8485
5863
6668
2203
2352
5176
6958
5326
822
1185
2707
2763
1790
1192
7892
2682
9801
1082
3796
8458
4733
647
1191
6797
380
9779
6540
2105
1642
5400
8085
4634
4130
962
2666
9528
4663
5964
5066
7969
8964
8973
1981
116
3075
7167
3105
4083
7690
5979
6281
6196
5151
5380
1020
3541
7299
6412
9991
8157
6903
3548
3964
1202
9232
6180
7573
8217
3118
7795
5689
6386
9822
6533
3449
7822
3847
3188
5016
1841
1
2938
7526
682
8556
9000
5438
3471
9488
3001
5436
4684
6344
5551
9901
4783
6830
8769
8984
2638
6721
637
8927
2613
125
3404
3302
5624
6368
9644
9812
7055
1091
792
7340
5546
6302
7839
6650
7449
5850
9962
4716
4106
7595
6776
1901
1121
9025
4341
2800
5167
3974
1024
8374
7419
5412
1104
9409
4140
5500
1777
6021
4978
4220
7673
6644
3222
5111
5524
1952
8647
5899
8425
8811
7978
9338
1150
4037
8446
5876
6619
8143
8325
8607
4153
9035
1252
186
2873
9710
8419
4794
6533
1377
7232
6335
6025
711
7990
6488
6901
5172
545
363
9054
9631
5732
7157
2335
8585
1561
9428
5301
4898
8812
1912
3855
3881
4006
3426
8448
1884
8855
1217
772
7603
2222
2201
1024
6184
6570
3722
9003
7775
8049
9780
2468
5888
926
6756
9895
8277
5850
320
7992
6120
8443
9827
7496
2225
5016
7275
5831
3331
8345
2492
4767
9519
5560
7916
301
3565
1838
1685
3513
239
1122
4544
1564
9111
8261
9455
7794
1387
5869
3752
3030
9396
7940
2866
5507
2144
4772
3390
9479
8074
727
1532
8335
4662
507
3912
6981
4064
4487
7616
6410
6625
1362
9438
1578
2926
716
1113
8468
4454
2497
5086
885
1402
9558
3204
5863
8572
3471
1361
2689
6664
3202
9214
845
5162
313
1515
2339
5029
3243
1147
699
5894
1840
6198
9081
58
4896
6972
279
2038
8645
7312
8132
5192
7191
4851
983
8981
788
8930
8627
6995
2373
5749
3461
3111
4367
6482
4241
8009
988
4211
6095
5515
7943
9215
1656
3635
6011
6149
1052
8766
4694
2799
9545
8859
8796
9973
194
7345
7400
8453
6548
7001
8679
9711
3453
4836
7931
6687
5680
5688
460
3578
229
1497
3259
8546
454
9615
1572
3948
6243
3373
8929
7708
4579
1364
6796
8473
1438
4314
3815
3456
3681
8069
9659
246
1194
3381
256
2130
4377
1303
5100
1829
6099
344
2661
8930
9685
7286
3227
8307
2638
7347
9047
2316
4640
1006
6085
9082
8273
2676
6027
2958
8651
2450
6051
6008
6262
4169
7022
4182
5619
2748
3424
880
6315
754
9778
3366
3322
6195
8119
3363
118
8515
5601
2495
8234
9257
6545
6124
3045
246
5141
9597
963
130
7984
4231
1096
232
9796
9721
6912
2175
2929
7914
5450
7188
2987
7750
1548
949
1029
2167
7429
5043
1005
9302
3671
164
2983
3033
1668
3298
6246
2456
1953
2090
3260
5383
9208
4077
2993
7816
6197
69
5795
7959
4172
3599
1057
2574
7723
2633
3332
1729
4012
8604
821
8374
7881
8315
9556
7639
3338
451
4486
3605
3606
6338
2979
3668
7605
5085
9452
2851
3515
8477
8
5199
893
7489
3644
8393
7142
6183
3432
6670
6711
1201
2688
9338
8824
944
7037
3402
2545
289
6170
5487
693
6766
600
6419
8265
4217
1565
3677
8899
4592
9517
1414
867
3866
425
7913
7188
8846
7967
9988
1405
3384
6247
3688
6864
6658
4663
7688
6800
2524
2447
372
1059
1072
4555
6247
8074
4616
4230
200
5760
4595
171
8924
1234
5788
325
8420
3835
8480
7783
9156
9320
3498
8604
6305
6251
7456
3455
7760
8717
4789
2153
1554
3588
9171
8191
1364
5363
468
9084
7675
7959
3178
656
2705
3032
8516
5778
7182
3409
391
1142
6864
5194
9260
1165
2235
9747
7900
547
8034
7742
2810
6832
8882
85
1408
7367
67
3983
5563
7860
521
628
7394
2759
4832
9276
4091
803
6922
9825
2617
3238
468
1419
3897
3285
4774
4960
490
8357
5302
5976
8446
4921
1361
4320
8890
284
389
824
4900
5056
6692
3157
4395
4525
4428
8978
8295
3984
9872
4315
8368
7977
4009
7487
6757
293
8895
4304
719
9510
4778
6177
3745
5330
101
5626
9586
79
4766
3081
7986
847
3369
6101
6731
8594
1071
212
486
9034
8721
2408
9768
886
5169
2031
5540
757
8745
1739
2136
786
4659
2142
4568
4212
6984
1026
9384
2992
4423
541
6045
2672
410
7140
1538
1163
5049
5402
7183
1157
5589
8248
1907
9038
3784
8050
1215
2434
6139
6786
5115
8117
533
4417
9494
8840
6017
1788
2955
3038
1517
5542
4420
784
1228
9653
7461
6010
9990
2990
6768
6427
2033
5928
4171
754
1658
2902
1881
5747
4801
3615
3862
3033
6415
614
9700
4318
1684
2738
8865
4107
9152
7437
530
6575
9255
1898
65
2694
4472
1077
3005
9530
7873
6390
7379
8429
8385
8884
9172
9063
5757
2606
4044
3384
8992
4132
9636
50
4265
3481
9846
4310
7718
6719
700
8752
2409
2766
258
6119
9620
8059
1021
1165
8860
8647
1359
2594
9063
9806
8799
4201
4139
1305
61
8152
7518
4542
2562
4720
3959
4049
8724
6743
6093
2208
8097
7324
6242
9466
6532
2916
9871
6023
6941
5729
4325
9905
920
4856
5223
9314
6187
4669
9114
9911
4356
5210
9392
6122
4366
4759
1452
2328
498
5999
437
3465
3595
559
5090
3675
3853
751
8894
4228
3376
5904
8064
5403
4087
3361
8671
7011
4711
4372
4144
717
8235
3054
2370
7797
9753
3782
5502
9915
5879
207
8366
6498
2447
5796
3317
348
1734
2571
2812
1520
5476
1093
823
6440
7223
197
8708
4877
6952
1510
43
4773
59
1306
2196
8408
6241
6721
6104
2969
3727
1287
4738
1490
5358
4115
2336
1755
7006
2863
4815
5444
9365
2122
1586
9404
7063
9019
8629
4982
4089
5055
659
5687
9834
4191
4231
8006
5248
658
9532
9277
7921
5081
8728
2991
7745
4510
4231
854
2416
2065
2808
3219
7939
6418
8452
2883
6155
6575
4765
3515
8453
9838
2152
7782
55
5786
192
2290
3667
9135
5325
2573
4733
5751
1396
8949
5113
3619
4908
1630
7203
9419
8784
739
285
3809
6364
8157
6636
9021
5921
191
491
6597
4499
3515
9279
2469
2366
9883
4466
1751
7529
6277
5918
4976
7146
1767
3230
9744
6501
3108
623
8333
564
4279
7937
1988
4368
4833
8200
8909
2675
50
3223
4189
7592
6871
3006
2950
2985
1050
1317
2199
7180
7158
6452
3323
5105
6731
1421
9969
4172
6142
2479
1576
8873
358
5323
1506
4589
5600
4335
661
9399
7670
2835
8932
2550
7783
563
2123
8928
8569
5354
5142
4726
3504
8203
1930
1712
1534
2981
4341
6641
6315
3965
4587
7118
1184
8634
5064
7099
157
1919
1661
288
3095
6222
4916
3036
6412
6310
2971
2141
5084
3990
9957
3629
3642
9645
1638
6416
3769
9715
8329
8796
2480
2117
2471
3737
8215
6435
116
6635
6042
8528
401
1348
4837
2463
8292
8491
6048
3514
488
7779
7738
5608
8831
7464
2801
9203
7677
4412
5154
8342
4497
6381
4186
1057
8397
9806
1602
6655
672
9619
3088
5600
98
9700
4330
1653
5621
325
9399
7931
5923
3510
778
4787
9986
9377
5807
5522
5139
2859
6386
3130
2734
1290
8594
8951
7909
9196
956
9204
951
1221
2362
4164
2805
6187
81
1618
7480
8892
188
433
9001
9828
2464
9403
8765
2070
3723
6206
7045
8925
7190
6323
7146
1262
388
7275
2562
4341
6107
3439
9157
826
9454
1782
5393
4142
6217
3790
9749
9861
5608
3502
4236
4654
7926
3787
2803
1156
48
2347
2711
994
5702
8165
1233
8012
925
7046
6873
7837
7492
7680
2080
7901
3213
2135
8572
1183
1391
597
1225
7894
4479
7916
3038
6907
1293
969
5178
8041
8532
7571
2114
8508
9579
3745
3277
5388
1709
3190
9852
349
3086
2217
4002
4963
7261
8019
3509
2297
5084
1030
7359
1405
2376
1420
3498
4771
3520
3345
8728
2487
9572
3897
1181
3306
7927
7188
4448
2229
1443
1594
9479
2164
4375
7884
8593
6340
273
323
7873
123
1887
587
2318
4203
1063
7716
6819
5827
5250
4618
113
8301
8366
9370
7637
7008
2693
7440
5544
1837
383
5852
7366
6682
3871
3423
2061
584
5824
1130
54
3620
5620
5748
1587
8640
3861
229
5043
7076
7500
3831
9710
6269
2543
4202
5499
2064
991
7141
2777
4686
9442
8851
9559
9411
3278
8365
6733
7632
8187
7423
4534
6182
425
8365
6798
8703
9944
3381
303
7436
6507
927
1533
4113
7144
3493
2363
7653
1184
3265
5205
3224
1595
3979
2339
181
1293
617
2633
8740
4236
8560
6621
4867
9012
3896
4102
66
3789
3656
7345
4384
4352
3666
5221
5062
2707
5166
9591
4812
5555
6406
6785
8206
171
3915
531
7533
5172
1055
4122
4391
1319
6339
6677
4216
5537
6689
2783
8203
4688
2000
9154
652
4506
9567
968
73
1228
9301
6527
9656
6803
3742
2632
3580
6695
2151
9635
8687
1989
5241
722
1627
6672
6844
5788
8164
2756
6820
8446
9275
7571
5693
1310
9982
2280
8904
9867
9034
6613
2040
2063
6886
3591
7752
999
6593
6305
4990
8253
2665
5013
3595
6742
8632
9384
8537
8326
4458
7346
6866
1503
9909
4259
7899
7282
2912
4449
6522
5126
4637
3177
10000
8104
1075
8129
3628
3271
1586
1430
5016
3237
2451
7298
343
8420
5029
1750
2392
3751
3215
8174
1000
9009
8093
2099
8645
3719
9706
5158
6956
6758
1075
8504
1613
964
7055
3935
6222
7694
3591
4105
6956
8145
3630
2620
6694
2802
3546
4734
1087
8516
8414
9178
9559
6030
944
3885
2914
4690
7420
3374
1781
8429
2187
5975
9221
6351
3618
8046
6731
1237
5759
4079
6206
3991
1432
8910
33
7879
9700
957
151
8778
2970
9583
3929
237
1560
373
5487
971
8731
6540
1310
2901
6187
6139
9312
876
2331
1844
3547
2888
142
9421
1977
7791
3597
9467
4706
4784
1254
616
4235
4069
3725
5086
4736
6047
75
223
9560
8376
1601
3503
8007
57
6825
6237
6420
4374
8437
3147
1115
2255
5280
2377
9675
687
4345
3692
4873
3962
9046
6846
3449
6969
6312
8265
8168
589
6786
797
3669
4938
477
3237
452
6576
1015
2275
782
4924
8502
6512
2099
5530
8928
4317
6722
1807
9913
7257
9381
216
4304
5633
9852
2812
221
7492
4896
2392
389
9214
1500
2416
1776
4714
965
238
7156
5493
484
9860
7220
9766
8676
9380
2276
8286
9667
7824
1493
7945
7482
962
807
7370
7275
2304
2719
5018
8203
4299
8882
8261
4430
5909
2461
2403
8842
7676
7409
738
8639
9567
1442
7000
9468
2946
8062
7936
459
3553
8874
5843
2309
1477
8940
67
7032
1524
9603
8873
6343
2112
1738
3459
1910
6994
1518
8169
2352
3736
1030
6563
873
6218
1267
4296
1722
3567
4980
1685
9442
2455
9329
6961
8480
6815
4575
1210
4528
871
1671
2194
4610
3380
8257
1585
3130
4178
588
3126
9296
3128
6941
2312
1198
1903
3431
526
8639
1980
3114
4536
5071
1340
1454
8849
6333
2778
3428
4473
9182
7313
9070
8153
6350
6494
8910
7766
7640
5197
1299
1422
1230
4522
4792
1538
6304
6913
7732
6817
9560
2238
8928
9946
4191
2687
3684
284
4352
9065
4440
4599
4764
5370
8876
7115
9049
2562
9462
5560
3724
472
3212
2767
5755
6827
5445
4861
2190
9917
3483
885
5698
9425
6123
3135
3105
8207
818
5776
2994
1615
1322
4299
9733
3921
6231
1355
1298
8559
4275
6537
5557
4171
3323
6506
6351
8803
6819
5799
4823
8699
4406
2652
70
6639
3565
8314
7717
7848
6289
3152
3573
9909
2106
7387
2578
581
2345
2028
7781
6253
354
8971
3080
3064
6447
4261
1822
5549
7550
305
1184
2664
7184
8740
3652
1251
4096
1132
1165
1141
3583
9497
7834
4855
8818
364
4408
281
5521
9314
2271
7526
6697
2055
7511
9250
4511
4608
5712
5629
2140
2340
6568
6148
5391
4987
7854
8553
8134
957
3579
9321
1373
809
4200
5457
9549
4096
1557
4694
8735
6540
2240
3346
4775
8947
7484
1097
3800
9387
5173
6767
1688
2259
1732
3359
7773
6901
2695
5389
213
4693
7887
6869
6476
4888
5969
2372
9025
4462
8911
9201
1772
8066
7373
7939
8284
350
5142
5379
5663
8877
7142
4719
1810
8756
8618
4304
8819
1813
1740
8387
599
9220
8663
5098
8015
9028
8211
8055
5209
9200
7846
7831
6299
1156
1498
1942
9796
841
7708
4644
5550
8390
565
806
119
7800
9502
142
9162
1863
418
3119
240
3038
339
1318
1208
363
464
7652
8957
1411
8736
4729
3960
7117
5938
2005
1406
4032
6459
2991
9390
9556
1073
7851
9154
8762
1807
2659
5666
3171
7726
5494
8647
8130
2838
499
8055
1098
7505
5726
6215
8348
7846
9426
2910
3395
3473
4952
4538
6138
364
4074
7702
5493
4587
7465
617
4878
4996
4463
4523
5124
3474
3227
7029
1192
6245
6957
3817
9397
5578
7366
8574
6564
6857
5679
4607
3387
3489
9486
5760
3080
8787
8355
1797
2815
3841
2750
4680
2067
394
8045
7583
1274
8247
6340
5120
7524
9217
3662
4786
7779
4119
7246
3185
2041
3102
2673
971
3208
7004
527
2388
7712
687
8135
4153
6880
6158
8784
3138
312
4214
7020
631
6814
296
4093
2586
9647
4573
1384
5782
9309
2655
1117
7918
284
5120
2452
2607
5836
5196
8284
3205
7544
6358
6854
2922
7501
7150
5732
8621
4086
6188
9813
8434
2784
131
6890
774
8387
2925
5927
5283
2099
8079
2640
718
4638
6793
1352
4491
641
9408
3597
5433
8411
8064
6998
9914
8
2720
692
2603
6991
7364
3703
4934
5528
8263
3812
4039
2201
2677
9705
1140
5787
7905
1557
6629
8971
2207
2342
5270
5599
2026
1732
5553
6587
7567
4246
2601
3690
1706
1302
9481
6197
4376
2065
4484
1109
5034
1833
3632
4295
3679
433
1146
3909
9971
8287
9658
8216
6495
9688
2364
6889
1076
2703
411
6229
6801
2710
4181
8479
2957
3982
9921
6796
55
3805
7220
4557
3754
6123
7499
7279
2151
9066
707
8485
2665
3998
8469
1367
289
5668
8156
2539
9363
1895
2905
2656
7261
1520
3966
4955
4893
9687
9828
6263
3373
49
2615
2711
410
1094
286
7719
1471
9170
6959
3095
2443
3171
5841
6778
7016
975
144
4541
9442
8055
129
1212
9796
2731
803
5461
8901
2575
6636
1286
1990
4031
7788
7902
163
4829
2691
1893
7904
3598
6601
9875
4036
2480
5349
7948
9705
7259
1159
3788
1217
7875
1436
607
1578
6347
2197
162
198
6966
1209
4296
8629
4280
4034
3404
2143
8831
3609
2948
36
700
3915
4975
2777
2528
846
4083
3649
1261
1641
4046
5441
6397
4128
8188
8075
7617
1407
2148
1272
368
1488
9243
273
5207
4805
2798
3832
8170
7526
9383
6891
8643
9052
9669
9100
1186
7798
179
7105
5265
6441
2343
3715
4437
7714
9904
128
9335
6308
6086
8155
6621
5736
4632
8544
5248
8432
1338
7639
129
1953
4360
2176
8880
6920
3611
2372
6484
9906
7390
5324
8106
4121
9068
5927
9541
5203
4982
4703
51
2372
9134
5501
1882
226
5778
5061
3981
9206
3608
3028
4408
7065
909
117
5171
9236
5931
4033
5302
5600
9392
258
2229
9444
1948
9217
3675
6146
4241
2386
4638
1384
5043
1913
115
6316
9099
5091
9970
3562
3696
3915
5903
9037
5216
7265
9232
2348
6258
2070
2029
5867
9378
5357
2239
4360
7779
8927
1061
8758
6196
1812
235
5015
2569
7330
2668
2599
2711
4702
1878
3733
2892
1442
7672
7297
6881
7938
8110
3751
6274
6325
8648
1158
6091
7861
254
471
7419
3406
1658
8759
6374
8787
6917
9244
1554
4262
6167
3263
2994
1507
5098
8490
1055
6504
3085
5942
2395
2088
7032
8592
8217
8021
7643
6334
8122
7341
7310
7708
9747
5370
3809
932
8148
9636
2549
9222
8370
6347
3903
8894
580
9106
9883
4084
6112
5188
4748
6575
1884
5912
5284
880
2545
1466
9053
1302
6829
5776
3398
2736
4202
4456
2449
2196
111
7263
4652
2373
5150
4164
9994
5681
3416
1058
4934
4995
9705
9012
5702
5679
5689
2832
3606
830
5667
1666
3374
5919
5265
7105
2513
5742
499
3101
6001
3809
7926
9305
609
710
8580
657
3495
226
5890
8865
1351
6380
2697
9348
889
3453
2274
8575
940
7186
5528
4302
454
6512
5081
9527
8378
540
1873
529
5465
248
911
2508
716
6478
9475
9702
9751
4232
4760
9567
8505
9178
8755
5722
7115
2037
8254
5788
7402
3726
6452
3220
3244
5754
9548
6364
2840
4932
9527
1984
4348
4050
8739
5293
5966
4227
5586
8476
9313
3049
218
6656
5510
5857
5398
3933
562
9110
5619
5009
2482
8656
3132
5210
8075
1785
4358
1572
5149
765
5356
6942
2813
4024
7455
6788
9205
9857
2580
3445
9446
3269
6626
5399
168
4426
8286
9882
4297
1310
9644
3504
1035
1880
9940
4021
3389
7642
8392
4007
2574
2410
1096
7595
5084
4066
6339
276
2809
1887
8197
8143
3029
5303
5238
2140
3214
512
9615
7526
6045
9590
9173
2122
8280
9915
8291
6007
4209
5684
403
6873
7856
8562
532
5797
2299
1714
6792
535
5141
2560
1213
278
8582
7192
6212
219
9254
581
727
7181
275
4244
6994
7611
9861
7391
2416
297
8115
4512
5565
2474
7974
7062
871
1819
4333
6353
5023
7338
1989
9092
1909
8066
1104
6427
1920
4429
1400
7706
5182
6313
4359
8117
5958
7236
2272
3779
6795
8937
7567
8154
50
9803
7898
8126
172
2185
7256
9024
503
9003
8368
4760
9552
9242
2921
9265
4116
2558
6308
12
2924
6301
6192
5925
9454
8463
8438
389
6494
7419
9252
1976
5489
8632
4468
9484
7851
4669
8776
8108
3638
3615
4645
8106
8588
8617
4944
1452
6581
1130
6317
4526
245
8652
7308
570
2609
4733
3492
3642
3862
7982
1113
2228
181
6899
9966
1673
7043
7177
2518
3732
4351
9016
2144
7908
6833
471
6268
7761
2624
3167
8494
9879
3688
3949
8772
9298
5004
4513
2419
486
6393
3074
177
4278
4875
4983
8780
3526
5067
3769
5611
202
3200
1408
2718
2800
7052
688
5350
2623
4757
4723
6800
6464
7149
9426
2127
6874
5862
3243
8959
4373
9125
8771
8587
9267
5059
5346
2718
5964
7973
1810
7237
2326
9346
5510
6523
3163
652
5102
3246
7672
6913
3066
393
7152
1861
8067
8362
8495
6334
8673
3401
2917
1112
3794
5712
4252
1623
4613
4049
3224
5026
997
8754
6814
3141
4278
7793
3463
4988
7962
6209
1518
2148
8664
8387
9761
2103
9176
2163
40
3455
2017
5966
6013
4651
2266
5368
8928
5498
3986
8562
8884
2725
5866
7333
9013
9973
8719
9545
6702
512
3965
8494
9276
2377
9155
2026
6626
6395
8126
6722
5239
6231
5259
6296
5959
6697
181
9195
4039
9151
6897
8144
7957
6875
6514
8092
2401
1046
313
6251
5591
1974
7759
4069
7094
5530
3042
9366
5163
9662
9449
5835
7908
8434
4541
757
1750
3650
473
3931
9951
6895
7109
3090
3032
5181
869
2013
850
1478
5299
8061
4240
6660
5062
6701
7486
8492
7121
8371
4054
9074
7196
9057
3189
2578
4793
2377
8774
5510
3870
5177
5103
3539
919
9847
1408
4254
7699
245
1319
8246
4153
1289
1521
1487
9134
5609
2353
7751
5453
3247
2650
3508
5913
1247
4533
6061
8427
9328
5237
553
2136
4214
6506
8593
9985
2014
3544
4532
4396
721
291
8642
3173
6811
5231
6711
892
6623
1302
5617
7044
5927
287
5009
5950
9729
6729
6860
9340
9785
4210
6930
5169
8123
1377
1437
7887
9911
4251
5136
8870
7926
9182
1965
1639
8058
569
2644
9135
5452
1297
374
6106
1737
4
1679
7920
7062
1622
9198
1952
6240
9002
5044
3816
984
523
7354
3184
1299
4786
2445
3721
2236
4353
7635
3676
7398
1072
5521
1553
9728
5522
9266
9518
5512
7406
6119
9520
6906
3897
4516
9544
6609
8062
6347
919
7045
3523
2871
7631
1954
1391
9569
2842
3287
5099
6737
4796
6157
799
8949
2235
2715
3190
2409
2074
2419
980
4246
1080
1446
979
5886
8947
2905
8089
9545
2105
1538
3752
7310
8739
3344
3248
7595
8696
4226
7023
9311
8337
9531
7181
822
7152
2969
112
391
2185
4817
2826
5020
8104
1780
6825
8003
3598
7106
257
1721
5460
2134
2073
2983
6581
1468
1874
7943
9218
4124
8324
8070
4525
4187
1050
1799
9822
1867
6349
6962
2231
9376
4995
6662
8165
1836
7774
9226
5074
3594
165
2735
3571
9580
2444
872
7076
6263
6643
7115
9055
5859
8357
3262
9704
566
1352
1557
8278
8398
1501
5319
9784
1532
1744
8274
2386
3062
348
3885
5888
2373
5232
6758
4652
2022
7695
1691
8185
2448
394
3272
8090
1480
9237
9253
8662
7740
4531
6424
599
8596
4221
9662
4676
4491
2722
74
8466
627
6719
8248
7453
2841
7104
3542
5118
2661
5645
1851
5640
2230
1161
9662
6265
1824
2725
1671
7797
601
1563
3640
9210
8754
7669
644
6008
7085
9369
1135
279
2508
8028
1863
9164
2733
9483
2519
5489
3339
8664
6475
9414
6476
8430
9791
9882
9494
9277
7924
1747
5905
7615
8299
7237
7068
3783
9715
2617
7769
9242
5181
3631
3313
1015
4236
2849
4672
679
7422
4582
3652
5620
6546
4169
6168
5970
2417
2700
790
7584
3862
4765
9997
1578
8465
4465
1990
9226
2312
6856
705
2837
936
8119
3431
1680
2277
9041
9729
2580
8928
3891
2911
8559
9410
2204
3597
6026
3769
2580
254
6286
40
7051
935
1170
3466
439
1182
4893
9498
5497
6117
3261
5838
2159
8477
8823
4159
7148
8888
6173
8091
5380
6200
4386
9699
2220
5207
7844
9562
378
7416
8478
4200
4122
5549
2714
1924
8228
4804
6074
8908
9944
8013
5594
4180
983
8857
4022
8251
4393
6342
1784
9216
3986
7164
5144
6644
8917
6420
6052
5329
6801
4802
9879
5195
4652
2092
6234
8432
8351
2263
4175
1670
8308
351
4284
3523
9476
3847
7232
4908
2432
2125
4979
9111
5721
7799
5272
4807
1093
6700
704
1048
6069
265
6328
6562
128
4663
585
8947
4756
8758
4961
4621
1678
136
4014
7894
4819
2178
597
3848
8730
297
6905
5207
2105
4223
6518
2491
8447
397
2031
9303
6571
9547
4480
2897
9330
9003
622
9029
8734
8466
9163
5399
8939
4787
815
9897
7442
2129
1624
9953
2411
5874
6927
3653
9579
5076
8398
5849
6767
9451
5886
9590
775
5675
141
1704
2609
5401
9490
2538
5903
1191
667
2116
3613
9214
2972
7656
7447
6981
4696
5093
7145
2808
2192
4904
2435
3612
7876
2614
6662
9189
1139
5908
7467
8838
6545
7447
7961
1451
7041
4005
7268
8209
487
8304
9291
2410
7728
9437
4780
4482
8852
7543
955
8471
5747
5223
5971
6233
4969
5304
2350
8290
1335
258
4699
5198
4755
4854
6614
113
5028
8128
8520
7808
3598
3391
5227
6002
3370
5337
3271
2260
9084
3189
2322
2776
9829
1412
6262
6047
2077
9984
6771
2588
5701
9821
111
4521
8385
3719
9299
5499
4979
438
9892
8056
3553
591
4679
111
2679
72
8380
8777
5092
4529
1235
5863
1237
545
1752
1933
1775
7726
7368
6494
7559
2364
5327
6001
8965
3117
2929
1510
9171
5491
504
4152
790
7112
2645
3908
424
8229
9515
9741
8452
8106
9117
1083
1403
1134
4646
8844
2223
2239
1342
8466
4141
1744
5389
9680
7036
3647
6491
1340
5760
9837
1427
8171
8141
265
9533
5380
2565
575
9592
3676
2337
8368
1147
9466
8185
8641
9243
4061
9035
6171
5163
8432
9231
6017
7579
8883
2688
938
3374
3236
1421
2112
6551
6569
6065
7050
389
5630
786
998
1430
7243
2971
2093
7004
9550
5985
966
919
785
1730
6167
4989
5010
7056
9847
9110
868
7510
3889
2317
8664
2297
3674
6662
9926
6400
4607
5276
6885
4251
6296
6551
6541
6429
3941
5648
5000
8789
9160
6106
1755
975
5164
6532
884
573
4731
7868
6855
5289
9743
219
2742
1722
7653
164
3097
2815
2395
1275
2537
6671
722
1390
4492
3766
2803
9937
3685
1050
3696
2103
6656
8986
5997
2576
3817
6610
624
8268
8494
7981
6319
6384
7044
7460
341
6345
6852
4480
2326
2689
9375
6174
8725
7698
228
9569
3101
5863
1168
8051
9051
5281
8563
593
1807
4640
2585
8670
8222
9567
430
6098
3111
1360
6545
3418
4508
3780
3497
4540
8355
9066
5225
2291
4629
9189
6564
9775
2062
6541
8495
2238
5348
287
2376
4992
3027
3072
6661
3286
389
6260
5276
2193
3415
7016
6947
7154
4521
5292
7772
4196
1818
3730
8833
3904
5722
5953
6679
8406
3739
9367
7109
2197
8091
6803
9429
9451
6469
694
3069
3017
8569
8963
7377
274
8769
7139
6072
3391
9445
6491
6188
8120
3320
4433
194
6365
3434
4878
3731
552
8996
3647
9954
5296
9446
8112
6158
8335
3936
6554
1505
9980
9952
7308
3939
9777
2358
2431
9866
546
9173
3094
3117
9901
4033
5556
644
866
7565
5121
3874
4812
5716
7785
7563
4366
6924
6974
6188
3950
3253
1744
5714
6608
572
9277
1212
4290
8762
5353
6604
1517
5646
7808
5158
4366
5734
4104
7677
8199
8113
3315
3248
5767
5146
5675
9290
86
3384
5099
2325
6135
7867
3194
7871
2326
9712
3620
691
8711
5554
8976
195
3135
9087
4534
5988
3640
2673
4739
2510
4512
4896
3424
7501
2768
594
8306
2657
4807
346
4387
1026
160
7465
1168
1945
1663
9393
214
8535
3051
4821
511
3773
7163
708
7972
5390
3512
2533
9505
5750
6200
251
4945
4299
8706
5774
7875
1563
3451
7172
4430
1051
7169
8645
3831
7569
9994
7834
3241
6037
5146
5267
4525
8729
1150
6185
1896
135
8858
4292
4207
3676
4481
9915
9596
416
115
8881
3567
8655
3455
8588
2798
1957
4006
9949
9006
8690
1128
6821
9590
6120
8589
4034
4152
4964
6330
8206
8994
4289
3406
3026
586
7278
7779
8941
9344
7763
8020
3662
1973
8510
8277
6770
785
5511
7063
7163
7623
1369
8608
6776
8536
7677
7564
1736
9228
5470
415
8002
4453
247
3117
6168
887
5201
6414
4963
6124
7207
1696
5152
9383
7435
4664
5375
6278
5348
1025
450
1940
1719
9163
121
1716
2464
5015
1634
194
5168
5801
4102
3042
1902
1712
6939
9805
2389
7676
3357
888
1993
9752
2658
3694
4691
4955
8928
877
7679
3126
4250
7289
1035
1484
2155
188
6736
1691
9911
6472
3263
5303
7294
5692
1763
9375
2919
8908
7823
6726
7113
5358
9998
7876
6379
1050
8355
7559
5451
5016
4609
9284
8024
6023
5335
9000
9204
7271
5802
1597
4770
5796
5852
3762
1667
8583
9082
3968
4944
9176
686
9506
899
759
8852
6353
5772
1767
8129
8664
7286
3497
8697
8836
1410
193
88
7516
4053
4725
5193
1236
4294
5244
3131
9890
9012
5584
3583
755
5870
752
221
1888
2721
3679
9374
3061
8474
7246
1816
8088
2213
430
9760
8591
4338
5966
1241
3695
7108
1787
1052
6369
6901
9140
3015
7842
3803
8619
8200
5412
6518
9823
1251
5102
6918
323
1906
1977
7231
3646
4306
8935
4231
884
9417
6603
6585
1319
9651
1998
2660
3849
144
5640
1911
6181
6587
357
3233
8474
9395
7499
8712
1270
2672
8442
4642
520
1917
7575
7309
1659
8156
4216
3975
9395
9007
2864
1929
4487
4665
4861
654
2928
382
3666
8221
6571
6850
7936
5284
6029
9607
3063
5810
7933
3687
195
5160
134
1110
210
341
786
3469
7474
1102
6534
8123
9692
5178
9997
3068
1646
3540
9982
1918
1520
4785
9795
9502
5164
7673
5238
374
6652
5264
2097
9498
313
8997
9366
4600
1010
3851
6144
5629
2865
6944
612
9550
4007
7002
1907
8158
2603
1895
5285
2710
3341
132
179
4858
8088
62
829
4196
5116
9195
2824
9528
5636
6968
1852
1339
3458
6592
6745
2227
8231
4178
3898
993
3026
9802
1017
8045
9735
2058
8741
7027
1180
2145
4685
5670
5335
883
8861
4399
2532
3591
2476
2053
9062
3747
6318
3974
6261
9827
2905
8537
1552
9738
1172
9150
7200
8540
7557
9068
2635
1589
4838
1705
2565
5714
3771
1788
6515
8540
3830
6123
9768
9647
8041
2950
9199
2770
3156
5730
4289
4909
6066
593
1803
798
8965
1748
4391
2717
5939
3879
8776
2095
5953
3294
740
3186
7432
3175
2372
2170
7269
3490
6274
5361
1518
6833
3665
8756
7770
2090
4726
18
3764
7111
3827
2064
533
9005
8402
3393
5416
5861
4698
3505
6716
5317
3070
8186
9586
7098
8333
9216
8647
8048
5150
3777
7492
5679
5852
7736
3407
4051
2389
620
6402
538
7216
6210
2224
8234
607
655
1433
9684
5186
7272
8391
9454
7619
6615
3950
2331
6092
4143
6320
3566
3401
4073
3986
4243
9464
1679
5164
5053
4839
457
3359
8945
9254
8068
2760
7693
3797
6603
2887
9560
4046
1213
9354
470
4833
832
5526
7219
2938
5290
3584
9476
9872
720
6356
9237
6090
3232
736
3987
7152
7339
4976
9256
7858
4483
8748
1809
3981
9585
2027
5229
7315
6585
6027
5146
9849
4340
9104
5793
9394
5626
5714
8602
3478
1214
7914
6137
5180
7818
2877
4965
1
7288
1947
7407
4806
4687
7432
1846
5698
905
7050
6629
4832
4995
6404
2744
3884
3671
4220
1163
3235
8310
3525
7450
7327
8146
2596
360
8064
8428
9282
2734
1291
178
9422
4795
1862
4477
7089
3397
6589
4200
137
9001
696
1617
9683
6072
7677
5059
3461
1894
4149
6895
4350
533
6938
3716
1763
239
10000
7808
5948
7413
2259
6296
5709
2938
9447
7350
4215
3344
6794
8497
1536
1347
6611
841
6877
8840
5256
4357
1757
4809
3523
3856
9148
5093
6587
9705
3031
4402
415
6846
262
5936
1576
1527
2698
2912
5756
5381
4474
811
8155
5523
748
1390
6875
3630
104
556
2353
8639
9048
9119
6289
2468
1471
1203
3886
892
3505
7877
301
8520
3964
6199
82
5944
6895
8716
1594
4124
4539
5261
4053
4502
7509
5572
3901
1275
9337
2680
7422
6082
8922
7029
5704
2285
7651
8242
5573
8189
5815
344
1599
2491
8241
6455
3746
16
9502
6647
1207
1840
5101
4253
6191
9206
494
5010
5211
7492
2591
8477
3297
5417
2472
745
3670
4774
20
8634
6331
4462
7975
9886
7625
3460
8829
4346
7502
3302
5394
1320
5390
8535
416
2562
4224
3881
2758
7443
5717
1829
8080
5549
991
5380
5954
4315
753
8183
4224
915
6675
5764
1146
8714
2958
5705
110
9970
7143
1680
9782
1406
5725
3073
2039
4398
5148
6395
725
5395
4918
5859
5578
6456
6091
4194
735
9038
8734
6338
7010
700
6162
6282
7433
7373
2638
3851
5715
6053
6101
9234
8831
9413
7898
7997
9576
434
6935
7845
5261
4043
2405
2783
5447
9180
5393
9028
9537
6339
4396
4717
247
9264
600
9911
7011
9455
9697
2113
6490
6009
4598
3204
8455
2653
7422
966
9362
714
3744
5947
7783
4167
2199
9435
2807
1601
4349
7871
9856
814
7841
8496
1546
852
2352
7810
2747
7782
2208
9981
5694
2913
4647
3752
885
4433
2012
2063
3470
8620
7670
8320
1817
8446
7329
4218
1734
8496
717
8455
3436
3092
8315
9490
6323
8624
1605
9150
5051
3035
8021
4445
1658
2188
9205
8456
9281
7260
2039
236
5951
9060
3821
7547
451
4649
3788
9023
7741
5972
1677
7185
6785
1227
4878
8277
7734
842
7599
7847
8409
9272
6807
8411
9649
1539
4861
870
8256
1948
8662
9975
7178
8032
687
6145
5319
7375
1537
4652
1991
9482
5411
7156
124
6427
59
3538
3766
6944
8115
2947
6491
8752
2806
6034
6970
4483
1870
224
4368
1522
3070
2216
5777
1654
9712
121
4201
9031
1014
7966
9279
4248
1152
3265
4552
5240
981
2484
7840
6422
8275
2687
3886
2530
7932
6867
7589
9745
8653
5244
6042
4189
8546
5411
9427
667
7725
7632
342
2386
1083
7092
2307
49
1868
8032
5311
7954
8650
1204
313
2322
7940
8600
2267
3465
6331
4352
2794
1094
2641
748
5092
2956
6901
9109
7643
1751
6407
5283
479
2689
3871
8401
9039
9778
9278
8778
70
1620
9472
8281
1541
3470
9192
566
1342
4107
422
7488
9417
6211
223
676
7164
811
7243
4745
5218
2134
7658
5540
8754
5009
8756
6721
7152
5887
8812
6200
4942
1357
3269
9369
2493
1054
7105
9724
9431
745
7519
9857
9286
3520
3621
1566
9412
3877
8951
9239
7744
2903
8117
2663
2547
5540
5929
5944
7434
3068
44
331
7333
1951
2950
8556
6045
157
6259
6280
6502
3976
6142
5136
5062
3001
7703
2929
9751
7069
276
6698
3090
9981
8384
5267
3723
541
2295
3212
3929
5647
4322
5558
5889
9120
565
6363
3671
8151
7559
1323
5901
1792
9796
3258
2455
8467
3020
1827
918
7696
469
1913
9128
3374
4682
4831
5778
9775
5211
2880
2020
2008
4063
9933
2843
1756
4573
2125
8519
5182
5676
5513
6681
2779
1293
8888
9403
2127
2970
7107
2963
7672
6972
7744
1164
3124
3738
1343
6242
4942
3096
2562
5004
6785
3902
445
8297
5716
2923
9434
9746
338
8586
9692
749
4885
191
4287
5111
9925
7875
8733
3612
2260
5705
2106
4272
9290
3560
1251
7272
6043
3132
7259
9201
7756
7138
4444
3498
1650
6730
2586
8287
7985
5538
9766
768
5687
9279
1162
7651
1793
4816
3166
78
7626
5665
4733
3531
688
1378
6787
8547
5214
6283
4348
7307
9040
8464
8816
4517
2124
4290
8648
9176
9546
1186
2335
5859
8356
3659
909
6107
6299
888
1068
6778
215
9868
3356
3954
3107
8345
4428
3655
5887
1236
7922
1531
2081
3162
2700
5183
4553
9552
1376
8754
9053
7985
286
3043
7441
7443
577
8448
6301
2988
5497
1385
6727
871
2169
3742
7879
501
7093
6280
4251
4044
50
9805
4110
9391
7975
8849
6759
9411
4260
475
5120
5953
3256
3843
227
5265
618
3467
8790
7981
9502
1084
3793
8404
4350
3565
9686
2927
7728
7884
1302
8071
3730
6985
3093
8022
5855
7265
1923
2686
5722
2911
1630
1742
4055
6475
9758
7738
3984
9618
5855
2902
9451
9843
3301
1
9120
3010
5059
5288
2614
1633
4259
4828
3746
8315
8684
1844
6430
8222
8084
6491
71
6562
3981
3936
7982
9904
6126
8599
2047
2369
7216
9538
3289
4800
8439
1412
4577
3164
4598
8447
5852
4061
8809
5861
4396
4447
459
7168
8563
6906
4141
2274
2443
9338
1857
5276
2862
4707
4431
3500
2565
8366
5349
6792
7029
8837
9180
9281
3506
7266
1901
1157
4059
690
9825
9928
4660
3079
3228
4766
4102
9108
4319
6706
8169
3455
4091
753
3437
7483
1762
6825
3736
9897
8476
8885
1764
2102
3331
1077
9433
1512
1648
1634
9408
9247
10000
3945
5181
8481
7004
5399
8903
6010
7970
4822
8115
9058
6765
6221
7591
8344
8964
3197
4636
310
9007
6041
9038
1452
3814
2427
874
7052
6659
6857
4821
8929
6201
9591
3644
6396
104
2455
3259
2264
2922
9128
7106
9310
5322
6705
3081
4799
4407
990
7508
149
7839
3782
3241
6859
1623
1447
4475
7757
5263
7185
2918
1048
8617
6513
6775
183
7456
3104
8995
435
6710
2908
8093
159
4791
8641
3466
3476
5419
9331
4781
8967
7066
9605
7276
9751
2583
3364
1890
3172
6998
9649
2439
6531
6335
5928
185
6015
3226
5977
3209
2023
4960
6266
7704
9064
5295
2422
4537
1041
1430
3313
9309
9723
2486
7199
1119
324
2894
544
4003
6406
9834
7820
3473
3202
748
6666
3898
1199
4539
5282
4459
414
87
6377
1547
2810
7960
2075
7133
6072
1304
9352
3561
5085
5919
4574
9484
8550
822
1603
4735
6288
8988
5642
2317
4127
6415
2582
9883
1991
2096
1464
8409
6359
625
3872
8629
5048
1951
5868
3888
6294
2649
6883
3911
1942
8913
9866
2455
9337
9628
8120
4661
6452
735
1107
7598
2451
3586
126
8115
3549
9060
11
9461
3396
1733
8155
2417
7133
9911
1450
2197
7423
4342
205
9668
4196
805
2480
8127
3495
6291
5070
48
872
7859
6380
6217
9184
2021
3704
351
9267
5490
5266
1259
8471
2784
8309
5848
959
7698
8953
6618
5035
666
3353
2106
598
5628
3366
4210
3163
8645
6833
2377
201
8489
5910
9859
809
4583
7302
2892
165
5978
1373
8543
2305
3157
5298
1007
7166
7288
7559
4324
9997
8629
3472
3780
8147
2493
5813
6714
5110
7362
7676
1517
2656
2647
5582
581
2716
1527
2643
3162
3554
9785
7356
7376
1690
1887
1368
8401
2052
3873
1446
5095
4602
4117
4811
3691
3741
2041
5982
754
9059
4735
1746
1141
1667
8643
7095
9886
5585
6636
8942
7863
6460
8918
4748
8788
4500
4485
1442
182
3107
8330
8135
7511
2926
7076
3199
2800
1809
6958
2881
1997
5154
675
7251
6285
3341
6453
3137
3690
4126
5662
7613
4516
9720
8172
5863
6235
6680
4785
7072
1066
4891
8793
6447
820
3503
4070
5313
1562
9384
4762
7230
5715
3437
8798
9895
6486
7099
1900
8605
7812
9241
306
4127
3466
2611
5953
8907
4845
495
326
9262
3760
1252
1884
4284
6381
2607
805
2582
6591
1113
1172
6588
2244
1903
5878
9482
3982
8848
4828
1763
3301
4966
2466
3383
223
2218
944
1721
2676
418
33
9534
4420
4147
9771
6445
6303
2438
6964
1830
6389
1818
6279
4883
785
2566
1904
7094
2605
676
1927
8950
4097
7292
3059
8583
3494
3927
4634
8331
3965
4146
5864
5031
4339
3188
6873
227
4717
8925
462
2673
7288
5881
1656
506
1461
8907
2389
3703
9073
3764
5325
2104
2762
199
3828
2837
6638
245
4765
2856
7262
511
7913
6263
3205
7209
9771
4386
6474
5905
1245
1770
7266
2568
9938
1653
6489
848
5038
9381
8341
9010
8201
3116
4416
2213
1411
5602
5301
6828
5130
2628
5241
1602
4447
8888
3182
4151
6848
8949
7213
8635
8680
6135
2561
8271
5507
5115
7641
5227
1022
9669
1497
651
9025
9683
3384
9556
8915
4416
1985
3579
4911
6493
8526
4872
7037
4516
9238
2607
6179
387
1706
7068
2384
1851
8846
6713
629
4463
6405
9199
2635
5865
9288
2109
52
4204
8858
7440
945
4170
8653
673
2781
5718
1921
2645
7066
8035
51
4810
6110
4634
9015
6956
4161
3252
2493
9529
8978
1126
1118
3194
1222
5253
2613
6172
2060
7093
6493
270
6625
1407
5187
9681
9802
1389
1286
2879
8164
7175
3770
2093
8690
2136
9887
2507
5346
4059
3881
4085
1338
9744
7665
5910
9895
5470
8986
933
784
183
67
2897
6526
9586
5760
836
4977
921
6015
7220
7409
9306
8078
3864
3989
7526
2105
7357
292
3202
248
9308
9125
4566
2435
3136
2711
1125
2115
7364
291
7948
553
1757
1335
8924
2640
7462
9164
3926
7954
1044
9298
3679
3358
4633
6636
7942
8679
7028
1706
7669
4519
9772
7749
9341
2130
3282
5295
3960
8841
573
4350
5352
8886
2385
6885
3221
569
4107
1755
8662
8985
1823
5144
6825
4909
8378
2235
6721
1429
7966
2189
4786
5352
1845
2036
1503
5588
5080
6415
3822
6847
2425
5355
961
8122
8457
3461
129
220
251
9517
5908
2905
496
9767
9672
478
9718
5903
5718
4535
6888
2174
2155
6253
3209
336
1611
3616
9196
5712
8968
7766
6924
6415
3733
6723
7630
784
7826
5042
3565
7685
9563
6938
4486
879
938
4544
1476
3709
1666
7846
3467
7219
7975
9346
2989
4546
137
5619
5002
4769
861
6356
5959
2996
9284
1296
6595
5818
4816
7176
8642
1335
9372
3713
2298
7405
589
1733
5525
2582
5283
4166
9324
5765
9391
6832
820
4814
7130
5832
765
5200
4261
3261
2732
9376
3279
6868
490
7981
4384
7734
7287
9923
7006
585
5875
9666
1452
7024
479
9477
838
1648
3846
3490
9369
6989
1368
1287
7473
1606
6894
9040
3099
4105
6831
8925
8073
6592
7514
9361
3823
5003
8991
7608
1539
4846
5597
2406
7686
5150
3261
701
7100
9833
7228
2713
3081
8773
9540
5657
9389
2661
259
1036
6796
3550
3847
1816
4034
2089
1044
7744
1823
8000
9063
8628
2393
7237
7856
1838
1628
9846
7357
2916
7345
3080
9740
549
6748
1613
6917
7392
8875
5350
5880
6861
9827
2279
6635
3325
9569
7698
1227
8394
4411
6568
6947
1673
1051
4256
4221
4769
5443
1133
8543
1430
4574
5657
3803
7614
1063
7836
2715
3779
2386
2304
9966
5316
227
2352
6336
8080
2352
7335
9692
7038
388
7729
4450
3606
8412
3182
751
4682
2835
5836
1668
8074
7991
9344
6180
7383
3642
9960
6326
1
4925
4635
3592
3524
642
2442
5507
6329
6295
3135
5618
2860
8745
1563
3277
3268
3128
8642
2786
7773
7433
321
699
8939
1091
688
4053
1453
4195
6056
5653
8027
3436
5781
2846
3109
997
7466
7763
6941
728
4473
9194
1952
6138
978
2391
4389
4082
3486
983
3202
4736
3065
3046
8623
693
5219
124
8346
9810
9856
5927
5440
6495
5107
1895
9166
5213
9332
8101
2365
5240
9300
8229
4588
6217
2174
97
1749
3741
5809
177
9406
7598
4788
3627
5918
9410
8589
9448
1781
4017
8418
4440
7953
5262
1610
2922
825
3596
2902
510
8074
1185
8530
9711
7019
9981
6504
4646
5002
9031
4094
6180
2796
4232
7280
2129
43
1595
8234
4519
3016
7360
1389
1941
7385
3073
5843
3660
3763
6589
2067
4268
6257
2217
6113
8805
5226
7096
6181
6037
9968
3729
8663
9280
3742
5658
3681
3592
9002
5044
4667
7808
7132
5869
7518
5336
841
4813
6393
6457
6992
4202
4457
9859
1829
803
7301
9299
2183
9261
1387
4424
9435
5119
9722
8433
5648
3360
6166
4604
4972
4181
4059
7096
5938
6361
3690
8234
5322
9870
3412
5401
2242
4165
3605
4721
1979
2771
5717
4569
9975
9494
5470
9592
6145
7533
3286
8919
5443
1762
7435
8627
3292
453
6919
4707
9891
8119
3516
5773
4161
5926
9313
8915
7364
6425
3585
673
9319
5389
1643
2263
702
6969
6427
2620
9140
2564
6380
8805
8027
7593
3835
9552
5744
1538
6673
2857
1982
8559
1028
14
4770
1894
5125
9221
1377
3389
5580
8245
5575
6560
484
4475
146
6773
2487
2240
4940
8006
244
3433
5723
1539
5416
8630
1833
5779
8072
5393
6152
5891
9044
7629
2247
910
2296
2595
4351
878
8696
1316
5419
8528
4415
1409
1303
9721
5689
6840
1438
1598
9056
2901
5380
5389
9140
4057
7710
1232
3210
5558
8094
2125
2171
1483
5504
6461
219
7445
6700
8303
4937
169
3471
176
7000
1614
5669
7039
5732
5667
914
30
3427
3525
2147
277
1382
5783
8975
6128
433
4470
7821
8190
5493
3458
6613
7109
6622
2646
7991
7679
7084
9644
9659
9270
599
1174
4319
9499
7097
8715
3825
7904
89
939
6018
9118
8183
5949
3738
3862
5505
8501
4451
9841
7970
1345
5336
1370
7819
7330
2148
1488
5033
3617
6741
8317
1647
452
4712
4621
6169
2498
8123
6798
1904
9605
3192
4194
4723
8318
5220
6763
8021
4478
6659
5248
5940
5087
6829
1977
3970
1351
6688
8570
7412
6018
535
8851
9216
4586
1600
6789
2920
4725
3174
7791
7158
1456
7351
8197
666
464
9901
9856
4672
4593
4379
6525
6554
6953
4127
192
8927
2547
1179
567
3046
1208
238
8511
7315
8572
3855
1098
9667
9180
1261
1273
2356
7738
8329
541
4223
1863
3288
5465
8154
9703
4482
318
7865
4800
2041
1938
9735
9902
7207
5150
8575
4000
7242
5083
8853
5347
7193
1899
5609
4362
5753
8850
7786
3629
8976
248
5143
8404
313
9152
4805
7949
1899
7462
9517
6446
7448
5460
3147
2707
2896
2825
5453
7618
2474
5183
7991
4143
6647
2070
2446
6028
552
1866
7934
8838
4145
8543
4033
9175
9780
4592
8641
1583
560
7279
8729
4748
9887
8993
4144
6316
1020
4469
9950
8103
2481
8537
7399
6556
8362
6736
8580
5300
9001
8172
8505
7538
5512
964
8426
5657
2560
1055
8670
6257
7147
3536
420
9478
6238
3698
9055
5682
8485
3674
1569
6234
5799
5716
6317
1922
3571
8426
5924
1181
2965
1974
558
9512
226
506
6238
2658
2853
781
6457
5595
5616
2165
2554
8464
5534
1298
7560
5827
2417
490
4478
9450
7765
1125
9999
4153
7027
5488
6062
7154
4439
956
7643
1308
8149
7201
2447
7595
6603
5263
3455
3348
4382
6650
3596
7031
5809
4205
3461
5589
7586
1510
4125
1079
8954
7820
3831
5003
2230
890
525
2592
3505
7552
7101
7531
2755
6244
1753
9100
7236
3004
3429
4486
400
6443
6055
4705
4195
6891
7656
7213
9085
8261
9767
2423
6269
3600
383
1556
9085
811
1961
893
4809
583
5788
7206
415
3171
6806
1878
3303
9754
9956
9166
375
1367
5629
7918
2738
5454
6541
3069
306
6050
6771
8783
8841
9107
4265
2415
9086
2043
1614
66
7228
1090
4171
9383
5903
1752
3711
7165
3036
2940
5973
8657
690
8088
5764
2375
3179
849
9739
8883
1527
569
6011
3352
2654
5727
5138
4235
1968
8743
7034
6473
4156
2289
1912
7666
8219
6093
3912
2522
8575
128
8887
6819
4642
3441
994
5815
3896
7936
7681
758
2346
8335
2335
8326
9275
4064
7443
2563
9782
6972
5610
5137
8458
532
5
1861
1875
6046
495
4537
687
952
402
6658
4668
6226
3901
1903
491
3689
4526
9498
1664
9571
7366
4922
6682
6846
4870
9511
7285
1781
4380
3213
2837
3895
2496
4602
807
6697
6294
1916
6694
2873
5456
9812
139
8019
2547
9259
1905
3041
3960
8743
2465
2584
4887
1499
2030
8018
9818
659
8465
4450
3493
2292
4521
3192
3478
6207
7407
8175
9677
5193
6510
6643
8672
2554
6156
5561
6393
4102
5980
6324
5425
2636
3857
6871
6713
3737
951
2188
6037
9072
9046
6898
2836
1660
6996
2405
7716
9377
5972
5794
7270
1016
8057
9574
6178
81
7409
2076
2665
3491
6281
2064
6692
1642
6799
1375
9706
6066
5181
8202
5984
5077
9728
7129
4469
4647
7834
1314
6597
6016
6337
5413
3241
446
6853
3948
3746
4910
4081
7080
6211
4253
545
2834
9664
6225
3871
9276
134
2211
1496
1931
8540
8680
4439
6612
5583
1970
2864
5337
7745
683
6332
4313
5697
3483
2124
5102
2384
8342
8265
9723
4207
3820
437
2432
4111
9989
3255
3705
9487
4618
2599
4838
1411
8529
5260
5083
9010
9404
8932
8172
3120
1954
3960
8451
9537
4965
8753
967
5226
8587
6690
13
1770
6934
160
37
9282
1070
7812
2282
579
82
2347
8934
39
6293
9812
8174
2287
3867
7234
9551
3217
3434
9072
6987
6333
182
7873
8552
6995
5988
6775
6347
8720
4750
461
125
3069
4814
5107
7697
6596
4251
8580
8088
519
2128
6160
9926
4249
2067
1669
3836
4502
8798
8390
1198
6129
1174
1961
2056
4165
6196
8668
4341
1279
3928
8579
4569
6442
6192
1670
7575
6985
2921
1783
6193
3801
3563
340
715
3569
3478
6984
2840
8090
4121
225
4545
2628
7777
3126
9501
3154
95
2186
7381
6603
8474
5930
6767
30
8469
7856
3484
9315
6636
9468
5469
6241
361
6496
3362
3920
6442
3494
5061
1740
121
9822
2581
2402
5012
7593
7978
2441
8192
2496
2587
9937
6024
7389
1675
7873
172
2747
505
2999
7499
8854
7175
8356
9443
9709
2315
3239
8265
5491
7916
1466
3710
2998
2487
7350
832
1715
9453
1942
3839
4472
1984
8306
7242
9666
9968
8688
7646
1579
1938
9471
9753
4562
3629
3113
9660
9874
9452
818
7501
5826
4401
670
7337
5674
8525
4703
3469
294
7629
9122
1611
4961
4156
1760
7465
8842
9584
3283
1190
6507
8218
2660
7904
4037
5076
5175
4444
1271
817
7674
3646
7174
6459
2861
1699
7191
5886
1167
8014
9533
7947
502
7603
4541
7596
6600
3763
6649
448
9089
6085
3394
637
347
5688
1547
2746
5618
6270
339
1208
7253
7342
6124
89
4561
4661
1282
9980
6503
8411
4292
64
6060
3811
8307
3399
7716
7902
5626
668
8849
5368
3447
1490
1828
2411
8014
5304
2618
7542
2856
4701
7522
8484
5732
3811
2476
2424
7545
7107
8637
9822
9990
6549
4650
5780
6875
326
6587
5099
5755
8878
764
1204
4805
6050
8067
2114
7347
3492
3906
4318
770
7220
3887
1701
8529
1993
7273
4481
9425
1096
588
5035
4908
5437
302
9061
7460
9637
3398
2064
8383
3559
2945
7507
9935
3812
6258
3532
2840
2170
677
1962
7265
6032
4062
1722
1276
6621
6786
9311
4093
4328
8833
6699
9812
617
4373
2734
8331
6582
5112
2475
100
4193
6672
4506
6036
8257
4870
4871
8620
7353
2560
3340
1855
4336
459
5700
9810
3305
2869
7718
3838
8380
6755
3770
2226
7569
2511
5716
5409
8485
856
9116
1233
3646
9719
5608
8951
2824
2891
8730
3315
2892
2743
5434
6423
9633
8291
7784
578
4393
3425
2303
8133
5006
7943
4720
4442
427
1491
3774
21
459
4368
1199
553
1443
3901
2850
4034
8544
228
409
773
333
5113
606
3024
6896
3661
1898
7046
9862
8855
7900
2300
403
6956
260
9889
701
8558
1979
9344
474
7546
1314
603
3434
4501
5281
7509
7681
8086
4149
3132
3016
4247
7260
2583
9476
3928
5307
7562
5067
5604
222
4154
7837
8991
8483
463
5277
5437
7953
5637
7485
5168
6631
3812
789
5314
4305
7435
7159
1645
1949
4839
9336
1525
8904
960
4554
7129
6542
3198
9344
9247
4815
1980
3976
4604
6374
5925
2342
7887
3533
8373
2406
588
4366
4942
7343
7322
2112
7386
1426
3721
8176
930
9755
5688
8044
214
9717
4181
6475
3692
6120
7794
6147
370
9764
803
4886
7129
1412
1286
4398
4580
7130
6001
5149
597
4008
8615
4927
2488
9341
7480
6309
8321
7453
9496
5991
2131
7928
806
8598
2286
6854
3816
1941
153
350
6785
5875
4969
3673
8698
3147
5424
7017
14
863
8515
394
9239
9128
584
4663
7359
9392
4292
9041
3132
8059
1996
956
1477
2282
1708
5094
8583
6775
3188
3346
7046
7102
8748
9723
4993
1592
5587
294
4861
3282
3345
5393
3578
2968
3742
8815
8865
5152
9405
5329
3418
1124
7674
8295
1910
4948
7384
4590
5233
6671
5762
2325
307
7865
3670
4423
6723
6452
5240
7071
2951
9105
5034
1500
8513
7957
7504
7262
8180
5494
3539
5853
2844
4395
5443
9841
6193
8111
4514
7441
2653
9675
9450
1709
4160
9815
6236
663
7785
9961
3181
5084
1573
1968
6609
615
7263
8528
2667
4625
7301
6357
2638
3092
8334
9065
5377
5481
1362
7200
9598
3552
5172
7879
9322
1513
7435
2704
9925
6097
6561
5540
9885
7752
6893
1651
2935
7464
962
508
3367
9597
6214
8322
7707
3332
1124
7286
5699
4183
2368
6634
1905
8234
9512
9915
9737
8353
5947
8361
5123
444
3950
7142
6391
5833
1617
3516
93
9528
3070
1363
4221
8639
1923
855
5292
9543
9436
6246
1122
998
190
8762
3104
4856
7527
1297
481
6301
825
6959
6719
613
9203
2030
6734
1569
4155
5680
6978
9311
2769
1287
3583
3148
4500
3806
8235
9710
8934
6942
5136
7475
2811
665
7939
7185
7019
7097
1566
8706
2147
5931
3631
8105
5013
9939
5951
5625
525
9038
6029
5479
9608
1309
6839
7285
1623
9001
6944
3487
379
4203
8
7658
485
7726
7846
3786
9175
1990
5528
2147
700
856
7005
7323
9659
938
2067
3656
377
3609
8166
8123
3935
1375
9302
6577
763
3292
241
7000
5959
7290
2229
8463
64
2896
5170
1903
5887
8540
6683
5684
9054
68
1134
9363
8948
6166
9924
4496
6298
1208
1068
9070
7897
6168
7248
303
881
7014
6408
7997
6287
8532
4577
5398
3529
6425
1005
3634
8734
870
5038
752
9940
5448
4593
9149
9013
1302
9438
4224
3524
4493
8812
4075
6933
9261
9319
7504
6953
4776
2838
7292
1167
5346
4290
8486
7258
4075
3005
4056
8426
6619
7030
5644
5015
7530
4976
2770
7551
6236
332
7290
999
5801
4067
7663
4950
8778
6037
3135
1167
6243
1464
7632
7370
6911
2588
830
8441
2044
7880
3518
9561
5756
9089
9082
4053
2852
5301
2021
2876
1273
6713
5394
3545
3293
9651
9530
9771
3963
1600
7949
7387
552
1707
7846
6982
2245
5804
9835
6150
4107
8909
6646
6120
7994
2000
8182
5038
1029
8651
8238
3724
3569
466
877
8000
3011
4095
4584
2080
1659
7860
1916
8946
1602
8381
4818
319
5794
949
9914
5268
6938
3689
3893
1737
258
121
8376
738
6490
8124
4502
5437
5338
4425
6754
7335
4754
7177
9064
8509
2053
5681
3427
2666
8035
949
7477
8470
2855
6047
7989
5910
2058
3556
103
4804
3625
7213
2543
7187
4868
4612
1704
3726
2399
6012
9703
7641
7715
5511
6715
71
9284
3118
1114
4351
2115
6165
5733
9243
7120
9909
2033
2601
1040
2501
9462
9313
5119
5867
7129
4033
1644
2967
2049
4647
3775
4089
3821
6735
9309
52
9044
5644
587
401
8116
6890
5568
718
3678
7991
3776
9976
5865
7419
6941
1614
7700
6513
4497
6176
1441
1413
9411
7021
2445
9648
1043
4622
6036
1081
9061
6443
387
427
7793
5394
803
7025
4025
5367
8699
9878
5645
8817
3228
756
8462
1181
5717
6671
1175
5047
5576
2444
3971
760
2794
871
6822
270
8065
4961
8777
1570
7234
6908
2887
7689
9950
2313
5744
7803
8190
871
6368
5552
8489
6680
5732
2994
6689
1696
827
9709
7814
803
4702
4524
3817
9081
1151
3154
7475
6565
555
6605
109
4611
2633
6230
1643
5222
5847
1046
2
5008
7245
2846
6698
8132
833
7729
9228
8664
9565
3147
7621
6856
5512
7873
369
9768
2152
8354
9313
3613
9954
8623
935
5936
4939
4718
4782
5972
5372
3224
9924
7433
1969
7757
960
4812
8160
5832
5112
7438
2020
5597
2305
7451
490
2499
7605
7729
1261
9322
7193
3392
5718
7370
7811
61
1499
7520
5360
6764
3637
5792
7173
7929
7381
8215
5657
7741
4278
7282
2439
4623
5052
9116
2724
2716
8962
7995
8571
5095
5817
7385
6990
6749
2650
4250
8643
5900
6977
60
5039
5155
9892
342
872
8260
5645
8485
5174
5626
5403
3301
4294
6399
5072
1003
8126
4754
8541
7408
69
4324
5792
7402
9584
7948
7972
6211
8857
2502
9476
5798
7471
6416
34
9089
3404
94
1767
391
3153
2725
1028
3567
5215
3194
9047
3428
1624
4006
4902
7454
2362
2433
1144
8130
9122
6815
2366
7313
7065
428
2679
1253
7063
5466
6225
5837
9601
2460
3819
3727
4539
4564
2923
6267
2123
5884
6155
7121
2639
9472
9173
9771
8617
5637
9434
3335
2400
586
3308
2224
646
1800
1894
7169
1269
9947
5748
7604
733
8802
6469
2242
2900
254
6245
4678
1066
3522
8878
2790
5246
3420
1945
6534
3665
1596
3168
5144
5925
5987
588
1249
6372
2921
9665
3721
6299
1055
3558
4607
867
9469
4644
1906
3908
6031
5205
3012
7410
9422
3075
2646
4507
8205
2428
1449
7528
798
1496
884
216
4247
2700
7444
6522
9985
2204
397
8643
8924
9708
586
7609
2458
5980
8036
823
6066
5573
1160
8788
7829
9437
1951
8774
9681
2405
6407
8180
2754
7784
7769
7053
9615
6476
2355
6756
6539
2420
6750
2816
2256
9588
3001
9253
5999
7516
3942
7685
9983
6386
3365
7835
1898
3169
4398
6939
4893
1449
2953
7909
6671
825
1355
3932
8369
1188
7562
6398
2792
7249
4412
3480
1069
698
1457
7822
4310
3067
7273
350
3427
3042
9449
4192
6186
4849
7184
7291
5762
2458
5896
1684
9053
8143
5059
9536
9289
6936
1114
4420
1367
952
8663
2157
698
3464
4179
9872
6931
1615
9818
2577
7042
2487
7853
3223
2193
6989
7133
5455
2267
8846
5904
4292
4261
6747
6583
352
8830
2050
786
8497
190
8219
8743
99
4383
2671
7709
1322
3104
8826
5517
7403
7018
983
2926
3701
5472
8888
4733
6427
1673
9170
3914
7915
3925
3548
874
1186
9854
2072
2523
7232
5361
6254
2539
6411
9392
3454
9039
652
5764
7741
1809
9638
9316
7018
1500
6592
7321
1487
151
7531
2829
2205
3364
2459
7412
9687
950
5945
8617
633
1909
236
957
1332
9605
4049
7670
1933
8714
424
8060
1051
8597
8691
2698
2706
1937
8861
3796
1328
5929
2244
248
7561
2473
521
2561
8635
48
6986
7587
4463
5525
4743
6064
8082
3918
214
7222
7990
5697
2202
5528
3161
2156
576
7111
7216
4172
4250
3057
7513
5286
1681
6452
3279
5062
1566
7670
6915
9320
2093
8611
3923
1957
8635
2236
3657
9077
7150
2379
3257
5747
7462
9534
704
8965
7740
1768
2473
9824
9847
2578
1620
7479
7003
26
226
9933
6907
616
7126
6822
4570
3762
3598
5766
761
679
5050
1941
3521
6574
2309
2631
1398
3969
3645
5020
4754
4513
7714
449
672
8069
1669
3825
7113
4491
1637
4149
530
8835
4105
8694
1569
5121
7465
811
4892
309
3667
2616
2911
3844
7011
5366
613
9838
6424
5873
9622
4448
7039
9660
4947
3064
1443
4867
527
131
6709
3731
8666
8992
5606
9903
2516
8308
7442
8724
4278
4789
2261
5483
8966
2879
6269
3706
6875
2621
9742
2126
4091
2402
4718
6284
3407
1519
6032
422
1525
8386
3038
4048
214
2284
8624
1014
542
8531
8808
5182
3977
4893
9916
4009
553
9985
7097
3924
2212
4554
420
4019
4188
5532
2218
5734
7800
8972
9715
4003
8900
2377
904
3297
4293
6374
3120
8522
991
3332
5051
1105
1330
9884
2533
204
1059
8290
724
3084
8960
502
6078
4051
4034
8480
4768
796
4325
3064
7843
1164
585
587
1624
5819
3480
4135
4853
2710
7400
5717
1023
8025
7482
1754
9900
2258
3802
674
5028
3149
4549
6461
2288
1209
487
8894
4883
5695
1207
1167
8029
911
6578
7330
9441
7390
6958
3403
5046
2586
4549
2104
8903
5414
3309
2242
2094
5299
6850
1761
2206
294
4793
7578
1927
6556
1288
8907
4503
2275
5705
3887
9177
8739
9185
9298
5393
6998
8280
9166
8840
215
3720
8954
9560
7116
2529
9450
4967
2855
1193
3350
9616
378
824
380
458
3392
6971
786
5349
5463
6958
9008
6652
3015
1200
5860
7462
4930
8529
814
5967
9312
1561
6671
5123
9751
5153
5940
2633
3683
5893
5321
845
7212
1277
7994
6570
7167
9017
4439
2471
9632
947
2112
3520
3781
9795
9689
3766
5534
7297
2908
9577
549
2536
9759
4146
3194
9736
9531
5281
9605
8391
1904
9458
539
2677
8015
4238
4532
7738
6030
1722
328
2700
4382
3625
6542
7496
7210
2458
7430
7209
3866
9431
285
8710
5466
5840
7716
85
2850
306
8374
3700
7675
1144
3601
132
834
8989
1770
9296
7123
3634
8912
9449
2112
5334
8311
1678
938
128
9243
3356
3946
7951
3711
9982
8636
2380
8886
2307
4298
3757
5094
1797
2807
866
240
5737
5677
605
3570
1729
8253
1031
7351
9947
452
3218
2271
3201
425
5484
7915
3376
678
1712
1979
9656
3499
1176
1079
6666
252
7521
6662
6168
5911
4356
3240
4552
9554
54
1944
5831
4124
4911
7830
7254
3958
5244
3617
607
9312
6816
4818
1969
7911
7867
8732
1967
2588
6367
5850
7614
1153
5611
6293
5981
7324
2832
8112
2022
354
965
3905
5562
7491
2236
8984
6224
503
5628
3250
1369
2429
1185
866
2770
2350
3728
260
8462
5223
4561
651
2516
5106
1090
7285
3618
576
4922
8950
8038
1753
1380
3294
877
7485
6775
3891
3967
5043
1150
1078
4215
1726
4541
913
7262
283
4993
7111
7738
9924
7102
7350
8731
5819
8330
3074
1488
1656
8548
6295
5083
5829
9846
1802
4552
6363
2226
5440
2379
9065
1395
3981
3445
612
9911
5974
7951
72
9109
9458
9668
8989
960
9724
2535
9484
1270
6257
633
8115
3596
6314
6511
6383
8998
5441
2878
2616
9155
4920
1340
9519
997
9492
1529
7741
6943
7158
6112
7231
8283
8167
6212
2227
1497
181
9150
6744
3167
4148
5624
5500
733
5689
8332
7258
1859
9450
6638
8874
6569
4400
5706
1472
3667
2413
6109
4019
2746
4300
7079
4358
2492
6259
9236
6376
1841
3502
8121
3395
5059
8512
4308
7937
9800
2296
9885
4828
4917
5239
80
1171
8438
1718
8126
9151
6125
7172
8015
8961
578
8025
2496
5067
4513
8164
1532
5808
9834
1056
115
8422
4222
2705
1202
8441
9417
233
9292
2153
8283
6831
1118
3848
6568
2547
2751
445
2695
1486
4179
7765
9809
19
9740
509
6974
3129
4925
6525
901
2840
1668
4465
6874
3110
9189
9579
2516
3709
4330
3933
9827
456
9313
5606
8569
698
5614
9480
4291
6643
8916
7881
8374
3829
5643
5700
5771
8767
8473
7033
5846
964
7395
1250
3312
23
5858
5544
3637
6188
6961
3415
6411
5034
9782
1680
3710
6811
6871
3080
501
1657
3961
2790
8829
6285
8889
864
9944
3750
6456
207
7203
4211
4262
7011
768
2269
8480
6474
7424
9128
7569
3492
2479
3087
4379
956
6400
1065
711
8524
7613
4348
8897
9764
2268
233
1419
9175
2354
7467
5026
7331
3847
1201
7545
6058
2987
7937
7778
813
4025
1349
4825
8519
5812
1741
4849
8750
6137
9786
7867
5073
6697
3150
7849
3607
6499
1033
8900
7409
5339
8307
6741
859
4230
2556
6805
3203
8732
787
731
8009
133
5734
1045
8280
5249
4781
5498
2564
4306
1052
4673
711
3446
7387
3949
630
8700
9298
8955
7012
9879
59
7874
6889
3343
6695
362
4766
3865
4477
6171
9361
2420
6737
2221
921
3061
2869
344
8245
8948
8159
6483
4743
3088
6163
8615
2481
7122
2470
1261
6553
4793
2697
8006
3845
8744
4626
6265
7418
2060
1646
7177
8691
4420
5461
7762
8227
3220
6017
6021
8075
4054
4651
8756
4335
6586
822
7964
3600
8686
3477
8339
2030
4055
3939
1168
5589
7605
4372
6259
9732
5335
3311
6849
5640
6847
8595
5586
3619
5105
9633
9376
866
8238
3836
487
3457
2951
5176
589
3364
3302
6787
2624
966
126
122
8569
2935
9905
6776
2473
2827
6827
1488
2493
8038
4928
3983
9163
7148
8046
9472
4461
3515
7019
5991
550
8251
9484
9313
6913
4645
4489
5822
9539
7399
7571
7669
4071
7569
5093
6949
2672
8453
1612
1571
3614
4567
2229
3437
8231
9004
551
7889
2667
3570
4687
955
2872
2256
6005
2570
564
786
188
7528
7442
8782
8041
3873
406
9263
7962
3997
2440
190
9181
6292
3989
7866
8543
4247
9021
9110
877
4014
8718
2313
3369
5008
1341
8237
8612
4373
8821
1704
9824
86
2238
541
392
5943
9992
5307
2929
8411
4109
9519
4524
6093
731
8989
2676
7941
8230
4525
6907
5429
1210
1390
5561
9847
8673
6035
2703
4012
9192
9067
5641
9070
526
651
698
258
6387
5471
4872
108
4831
1607
8660
2293
4197
6998
7392
8998
2695
9461
8031
7191
5534
3959
366
4151
1531
6582
1716
5084
6741
1310
688
4318
2966
1435
6413
8655
7839
3904
924
4399
8258
5012
6100
2042
9846
8484
4158
1010
4046
6600
3352
476
905
9911
884
2004
5797
856
8625
7220
9050
8688
8495
2392
2716
6996
6120
6254
9933
1903
842
9776
5933
4272
7100
5191
206
451
222
1949
86
927
9828
8482
7400
5680
458
8776
7305
8108
3453
5238
3312
8804
3026
7904
2999
1889
6648
2130
8114
8150
4650
8140
5354
336
2788
2557
2392
5503
9750
9929
9631
207
7838
3305
9869
8058
7540
78
3193
4052
1866
4036
4165
1
631
9670
3762
6500
2277
9890
4444
5364
4841
6506
4522
6745
3036
3392
9326
3393
70
9975
9825
9877
4258
6470
9250
5733
873
1291
4254
3655
8663
8782
1703
9079
7577
9038
4194
5790
8774
4965
1468
2963
6322
297
2985
5172
5284
7221
749
2765
9559
2551
2781
2286
5821
8111
8157
524
7544
5886
139
1468
620
2479
1576
1587
9152
5767
5377
3542
2922
6345
5427
8308
7331
3627
2049
1287
4403
6164
1552
1612
9931
3936
4312
3917
7852
3640
1908
7511
2916
5520
1068
1441
1325
6351
8207
860
2956
7051
2117
9306
677
7189
7789
8960
8783
2621
4338
2774
3799
3461
4696
8374
5906
3035
1924
1357
6741
1594
5054
8250
1249
2595
5124
5481
9481
7356
7578
5447
3376
6328
6819
4456
6447
6111
6629
5919
5695
4483
6564
644
2135
8790
4652
9560
9310
1964
6251
6088
8171
7630
2304
4610
8094
6108
6043
8968
2514
4021
8176
3631
1040
4504
5963
4944
1869
4348
1168
8793
928
135
6924
2581
9668
401
7134
2479
7488
1796
8101
7882
1392
2161
6397
1511
5345
9355
8822
4576
1637
811
4240
2578
8921
7470
3031
2068
2873
2709
1736
7491
4112
4122
9877
4300
4276
2284
422
6195
791
2316
7122
6123
6234
8843
8418
6592
1125
2448
1341
4757
841
4432
8720
123
6511
516
8168
172
1383
9827
5381
8558
1730
2350
7778
3965
4306
4561
7024
2568
8978
1651
1229
3863
7433
7651
5534
2797
7881
2663
2605
2444
2963
5503
1563
7260
8436
5234
8041
6
5208
3291
5607
1500
2523
7631
4456
323
9897
7727
7405
2305
4914
9860
7607
395
4874
8770
285
6490
1797
3365
1452
7029
2608
140
7835
7566
3374
1652
6562
6649
3058
5427
3468
8855
7370
9040
2093
6056
4488
5830
8009
3063
872
7066
3354
5416
3729
7211
760
1183
5778
1286
6295
6528
405
3188
5408
7036
3710
2107
2426
8201
8141
1292
5852
6199
6657
7338
1955
9617
3003
5365
9283
8924
7415
2146
7371
2878
882
8938
6031
1658
2390
2867
2603
8908
577
2502
5913
9549
2848
9430
4997
9660
4143
6141
7852
2311
7674
540
1421
4504
545
5748
3758
5989
8984
5825
7625
6381
2259
9291
1812
8169
7899
9908
4221
7383
7966
2587
3975
7923
6916
5356
7817
7582
4047
8883
9448
8035
975
4469
5918
806
5486
348
83
8899
8379
787
9517
1689
5871
3379
6509
7669
116
1378
3275
4585
7724
3887
6956
6242
332
4372
3427
3340
8250
8720
8144
3545
7888
2089
5917
7297
6196
8776
4622
7734
2796
3922
7033
8907
2189
6875
8438
617
1217
7373
8459
4743
6757
1123
3269
9448
1420
2962
2693
887
1378
5311
5160
4748
9760
1559
2014
6858
8405
2380
1077
7671
6291
9971
1552
393
8905
6635
5256
2350
8455
7438
491
8422
6337
3299
2398
3319
1259
5947
5827
6637
9687
9312
2764
2747
1843
7298
9755
1964
7288
6840
3751
7700
5129
1715
2636
9460
3766
832
2494
2666
3410
6202
6938
6255
3878
4044
3060
8480
5433
8649
2643
8529
1626
7575
5217
6297
2313
2421
6051
6754
7059
391
2785
3733
6527
5405
3326
965
6699
5716
2436
3484
5784
7501
7941
670
6114
3313
5879
894
5437
2379
2668
4356
1355
8635
5446
8035
2766
9958
326
2608
5398
6450
7021
3089
4131
4921
4604
7014
2265
8892
8424
9602
6805
56
4993
3114
3208
1843
5697
119
4830
2244
1256
585
6851
1620
8218
9074
8784
2685
8336
5069
502
4241
3664
4111
5590
1094
1677
976
4312
4880
6407
5439
7195
8813
8380
3392
9826
9582
9811
5534
3733
8920
71
7857
2901
6300
2362
4332
4721
9625
2882
5737
9168
4909
7077
9220
4393
5683
7251
7476
5218
2404
7860
6629
5491
7168
6468
4558
5947
225
9370
5818
6771
9275
8674
2701
7959
5395
2858
9625
3468
520
3684
4707
5429
8453
2804
3179
5335
2084
2183
1284
6464
7646
1187
4859
5657
9168
8336
9674
7931
8437
9590
5399
9296
2394
9640
5022
6418
4635
5547
138
2763
5306
9949
8091
1031
8264
8696
8150
2454
3553
6160
1211
2685
1848
1933
5713
7665
3806
6641
8209
6833
8834
3987
3696
8092
3383
323
5259
7468
5509
1045
7696
6916
988
8466
3581
2583
4703
4808
107
2016
8945
6781
7998
3005
2524
1617
5424
7741
9173
5363
8248
613
1042
8586
8812
2278
5644
3256
2146
8721
2941
1683
7676
8228
7414
5934
1258
8665
7678
5638
9189
5876
8720
8212
4577
6601
5813
6718
5485
1105
7750
2110
7340
2414
3584
3566
7677
3581
929
2180
5265
6006
3284
969
5424
5965
1116
3627
9557
1397
9316
3489
8143
9044
2927
6277
4101
3140
8267
1231
9252
8374
1585
6793
355
3357
2463
4773
1326
1136
3516
9641
3007
9344
6929
1541
6371
9799
4220
2300
827
572
1916
3264
920
8180
3684
7402
8232
9196
1335
6646
4990
1377
3193
9314
2554
7757
636
3487
4325
640
3159
6187
4060
7041
1249
2401
5756
9149
6427
9717
6895
7181
7500
212
2817
9979
9733
8030
2041
6183
6041
7238
3454
9559
2490
6762
4802
5100
8607
87
7141
9066
3886
4863
1257
7512
9229
876
9113
380
94
8134
9372
750
5024
4469
6116
9593
5382
3591
1880
2680
7649
6748
9618
3829
1868
3754
1561
2876
2734
3455
6966
2260
1743
3667
6208
9778
5339
6795
122
733
1423
4640
9581
879
6963
3983
7902
7620
8235
5164
4796
3498
8073
6843
7186
2835
1025
1739
9975
6150
3091
5053
6211
5309
2041
6870
809
1459
9951
4507
3685
7819
8399
5010
9838
4226
359
4222
6759
5843
2754
442
6581
8000
72
9168
5625
7876
8679
4288
8561
7808
6605
2055
2022
1220
5825
6467
366
577
5004
2582
9415
4108
6929
3087
7702
6435
9027
2847
7521
5246
2501
3528
6748
975
9400
4771
6503
3567
972
2461
6897
3272
5354
5090
6911
7518
9499
4549
33
2706
9702
214
8430
6934
3093
1415
8165
4842
6831
5556
2432
4467
1562
3166
7375
5527
5008
8243
7547
5628
2331
6023
3193
7656
4825
5346
8132
3427
9339
3908
8717
9505
3640
68
8133
2097
3291
7999
1054
3935
6388
5912
1201
6633
5751
9566
5492
6280
7672
7819
8695
4522
3790
2451
2837
3226
9905
9606
3214
7181
3814
1311
8951
8844
5821
6419
6007
4178
3968
9852
6363
8129
4840
3121
4892
8664
7280
2468
1764
7898
8430
4963
6260
864
5182
6467
3887
5689
3393
4637
8072
2638
4485
5278
2520
534
9696
9718
3701
5051
5215
9109
4013
9743
1173
3079
4659
5890
9509
5530
4313
2690
2408
54
8092
4201
7674
9567
3738
4013
655
3095
7854
6258
3409
4313
8709
4580
4460
9558
1199
3060
2129
6047
9698
3188
9104
5383
885
5554
2980
5242
6401
4642
8143
898
6925
4704
9177
1296
666
8322
5535
1350
6939
7229
3292
3617
3570
2182
3200
6279
4059
6617
6060
4157
7816
2839
2960
3954
8259
2864
1287
7098
3769
331
8043
8090
2090
3333
147
8090
7857
295
6554
7067
782
6892
9722
1024
15
5099
7929
4049
583
3625
8307
8645
712
9854
5507
2138
2450
7623
2342
1693
4843
511
5221
4798
8154
7294
507
6199
1780
2765
8656
7535
5072
6172
5122
4097
5103
9409
4571
9512
3392
8911
4049
5895
8457
8556
5053
5082
2605
6311
5366
4753
3321
3862
1371
5873
4846
807
3259
8757
4322
6676
1151
2838
9890
7505
4658
8805
5523
9063
7075
2243
855
452
224
33
1616
2065
7295
7736
5366
8176
4831
8399
8218
3696
429
54
1464
9608
8511
6560
1739
8047
4712
7356
2749
6617
4354
7746
4582
7515
239
107
7445
9105
1841
4251
2230
4541
218
6943
5642
7968
5674
3656
3983
6526
167
2186
2736
2332
4546
9303
435
1313
2505
4503
7457
1329
272
540
4334
2724
7263
5154
5336
5944
4988
2650
6254
3909
8603
4373
9205
186
7998
4133
7611
4488
6657
2777
8569
8885
5895
5428
4106
9375
4582
7005
7582
1531
1803
7236
7051
9920
523
6738
8853
1232
9593
8904
1281
6326
7634
3560
8442
5218
4868
5535
6554
8068
5517
7468
4628
4867
3317
1194
6860
4852
5557
1896
391
7647
6898
4471
5078
4766
8410
4481
7115
5309
8778
2056
9831
3584
7387
5191
6962
6465
2527
9678
2246
9719
1551
4506
4313
5016
2067
2806
863
7058
3916
8893
7051
2663
7769
3278
2750
4
3509
8349
8279
72
4538
7574
4312
4978
5077
9764
8095
1075
3868
8265
2769
1644
6139
6553
676
8182
3511
1043
8995
3731
9889
8881
3814
9432
457
2336
5841
4985
1639
9349
9077
6380
2924
4658
3952
5137
2647
8218
5008
4106
4478
3399
5164
1215
1537
1394
9376
3276
6001
4394
543
7450
2782
5603
9625
1953
9451
4366
8304
3755
3606
1732
1553
9248
4878
9265
3250
3120
9525
9355
7831
6276
2706
968
5591
8361
8686
7566
8941
6342
7374
7308
523
700
9479
4804
5937
8826
9621
8466
9228
2515
3029
5429
4723
77
8415
2349
6549
686
9113
1745
3347
9880
670
5710
3964
3898
8313
9013
4609
1663
6800
2456
4817
5402
1180
2188
4213
4754
6933
9621
218
4906
5784
789
4026
3072
2840
3420
368
2468
623
1831
9994
3484
6592
9367
3490
8470
4566
2115
25
8903
7407
6646
6650
6606
9515
7474
8253
6547
9746
7547
946
4592
8366
8754
6867
1893
6485
420
7596
1292
7028
518
49
7360
4690
8333
9711
9670
3137
5860
6689
50
7607
4817
4834
5791
7575
7337
214
1396
2707
8401
8614
5223
5593
4170
4956
1241
7219
9636
8221
9015
7573
3931
3088
9719
411
6311
6318
2130
5376
7786
8616
7182
6014
794
1323
71
7597
8379
7670
2834
8584
9345
1315
3978
1902
9031
7036
402
695
7245
3585
3845
8292
4994
9126
9527
4110
6478
6148
3819
5643
7845
7127
5216
2639
2174
6348
6051
3205
9735
8220
1362
5072
8838
3829
7800
4248
2722
6163
5715
9028
9370
897
6159
6848
5505
772
732
165
1661
5984
9578
9007
433
6192
8271
8186
922
6578
2541
2822
1710
8236
6859
8796
9392
4863
3008
2970
9467
9929
2027
7931
7908
1119
3618
8800
8401
1357
3205
5098
5326
1015
1294
9228
6210
5615
1809
4910
9627
8367
5601
1263
7828
8537
1473
4980
9250
6845
3191
672
19
3764
8267
5935
9192
3763
9938
8191
8195
3121
5
4207
9669
8780
797
4501
4873
2113
4931
5038
3010
2948
637
8515
2308
4266
6022
7046
2698
2369
9479
1323
6195
6163
457
9013
4883
278
2611
9759
7933
308
4252
8357
7405
8449
158
124
7040
5101
6675
7335
8721
6062
5443
3314
4748
6338
5453
4641
4823
2984
4407
1531
7716
3480
4126
6059
5801
424
6345
7665
7430
5476
9499
1278
3352
8107
5255
5212
3071
3080
6165
1702
4702
6420
5160
9752
5533
56
8689
4726
1046
8562
6293
5795
8332
6544
3222
9865
4141
7892
885
6665
3059
5846
4774
5942
4409
898
9430
4050
1212
4811
9143
5538
2033
5855
9601
9889
3541
1975
7694
1469
2839
7164
1760
7245
4974
5199
3761
177
8015
4304
7394
7327
8682
9210
4618
3035
8660
5105
3116
6093
3740
7936
8310
8376
2976
6907
6906
2141
7089
5006
34
9845
1156
7880
4013
6315
2769
7179
77
3096
8858
8323
9572
4071
1652
4533
1898
7376
4762
1816
5061
8738
758
9149
1979
1856
8197
9474
1878
9035
3001
4774
1916
7401
1140
6833
3666
7597
6346
9225
4205
7595
8561
4238
8616
2647
271
9819
9513
4546
4178
7399
8765
1398
1398
6145
1974
9794
3399
6889
4449
9680
6209
1974
5562
5577
2820
9596
8972
6247
3670
6961
8759
4034
8784
1339
1331
4193
5013
9206
2115
6985
4430
4189
2907
248
7422
4149
2501
7953
9359
7332
4776
8986
7669
4607
3845
2580
9962
7343
1409
7253
489
4712
1978
9334
3710
2115
6043
8377
9383
679
713
7611
9095
6697
4922
5698
5769
9530
4929
8374
840
6091
326
5474
2551
8465
4307
3445
5462
3312
7655
2336
3748
9327
9497
4582
265
4471
67
8828
9255
1511
1426
4035
5700
4863
4983
7173
8841
9007
2456
4427
1207
1877
1067
4681
196
8158
797
3185
6614
4570
2614
8410
9723
4084
5808
6685
1248
2840
9653
6869
3888
8691
5574
8948
1126
7907
807
7787
6012
6597
1889
1576
5900
9976
2274
7772
8294
4828
2908
6156
6667
7515
8299
8571
3409
4289
2636
6128
6684
2494
7361
2330
4907
8105
2695
3152
9948
2639
757
4242
2618
8617
2270
5879
9964
5653
7939
4123
2781
2724
2416
9611
7465
1394
5375
3168
6545
2310
8802
4362
1578
5185
7186
2143
5299
7504
1383
6765
7158
5664
9215
5382
1242
6462
3058
1630
3562
2466
6919
4082
2023
9454
5926
4940
1939
6001
3309
4632
1412
3847
4508
7003
5649
86
2244
4673
2291
2502
781
8980
3370
7262
784
6019
7587
5268
6882
4796
9550
6688
9654
4502
6213
7661
5356
6329
4920
3171
3449
1791
1190
1256
1665
1125
1248
7611
653
1029
5461
8043
2810
1952
5197
7863
618
9233
5427
3929
5916
6033
4457
7868
6446
6555
5688
7780
8760
2310
4861
2272
3890
6528
9359
2604
9852
9625
3065
5164
297
9781
2159
2071
876
4045
2489
7279
3951
8489
2550
6713
1673
8185
7221
51
2838
7819
3484
6444
9187
4528
3294
7290
9765
2559
2158
6702
580
7217
7379
5812
101
1583
9161
2087
6559
7861
3499
971
448
268
9226
886
4953
4663
4413
5168
8026
1220
2376
8610
9978
5038
1309
2718
8420
6151
5383
5404
6876
6400
9823
7360
4371
8926
5723
3318
4034
335
1541
1439
5977
6343
661
3709
2618
2493
7404
3069
9389
3796
1033
6996
85
1401
3699
8900
2407
3126
2945
3293
7507
2670
2637
3934
1934
2595
6941
6986
144
4007
6937
7021
5709
5423
7466
2174
1949
2394
5624
1250
8357
9184
5504
4526
4494
2124
332
5030
4301
9974
7997
3603
6834
6149
361
9491
3757
4692
5251
2385
5008
1179
6916
9230
9794
3795
2789
5558
2767
3378
2529
5020
697
7965
2703
2535
5820
6200
5083
1544
1985
5198
2480
3068
6889
5872
8769
1520
4035
2676
374
459
3236
2165
9967
669
3500
8993
1090
6887
9527
5462
6329
4207
3978
8226
6583
9383
4409
8646
4466
2491
1915
6556
4895
8848
7530
1949
4267
3735
6929
9545
8755
6785
8666
3980
5435
8542
4219
8633
870
7288
1070
89
1457
5385
6643
6117
4801
182
5621
6622
5280
3500
155
630
2003
314
2627
3158
7912
5072
3864
9114
8458
7560
1111
7836
4919
5635
9500
486
4590
8054
4076
7628
5518
5476
9679
2376
9612
2151
2432
3383
9048
1238
4909
8364
8787
6348
30
6955
3077
3804
7972
208
7404
2637
3292
3456
5269
7592
154
161
9605
7919
1493
8770
5694
5179
4139
5758
6424
4873
5659
1731
3130
6135
2291
1041
9581
2594
1666
9146
8121
1609
8237
8130
8354
4966
9618
409
5210
3446
1307
3360
5780
846
7927
2610
9096
8544
4965
7538
9680
6078
289
7637
3124
1131
4649
9081
4857
2011
4863
149
2402
4960
8278
8102
4195
8615
8976
2631
1647
305
6523
840
173
5151
8001
9543
3084
3619
4118
2378
2693
9723
6141
1272
8807
4206
5067
133
3572
7086
6698
4038
6038
7066
590
1033
7108
8054
7223
1715
4326
7210
4612
7762
2057
1203
6225
8501
9356
8441
4374
508
3711
8454
4844
8812
2466
5461
711
1884
7811
4218
240
2208
1483
6835
9788
2842
6065
3619
6336
4175
5151
5991
6608
2934
7088
101
4482
7523
5316
8812
6294
9
2962
1939
9495
590
7717
5620
4413
2220
3497
5862
8231
3323
9067
3452
8420
1893
3398
6217
6725
1233
3760
3019
4803
5580
6086
7739
5239
4999
4601
7382
612
3116
633
1717
3254
7007
8128
9081
4411
7895
9006
118
2371
6415
9442
9689
2750
6082
5838
4676
1877
1353
2262
7464
7677
4184
4948
3081
3060
9343
9886
8394
7943
1679
5233
7721
9576
420
9556
5876
1536
8719
7771
7700
8670
4115
7324
8740
2943
8699
9349
2909
6441
6318
2355
8947
3567
2160
9468
2114
6082
9792
2461
9126
1684
5428
7575
5850
4081
6730
7606
8203
2588
3990
5328
2777
3082
9657
8316
3255
532
8540
4219
1104
5814
8082
5992
947
1054
8700
5175
4963
5812
4802
8124
7906
9396
1931
394
4344
7185
4874
6377
6103
3402
3322
4340
5130
778
3286
9318
5242
9579
5739
9116
3629
185
7882
3522
9656
824
9773
584
4722
1069
3704
1555
6993
8
1356
7069
2261
8197
6956
1729
3102
1699
6209
4699
5914
2544
4550
6192
4747
7303
2173
5890
9181
5923
1172
7490
1314
1833
4838
8527
7534
3397
7369
6964
8267
8881
691
1684
5760
3248
8347
1947
4583
9120
1590
9848
4143
411
2835
6841
8848
83
6874
6618
6899
1887
7798
9461
573
6505
8466
3419
6334
4885
3388
5382
7357
1746
6724
3265
6270
6569
5534
7435
596
1329
6464
4081
6124
7412
9825
4250
9690
3237
4299
5536
8916
3519
2030
2547
5173
1746
1283
6753
2904
9990
3375
1298
7303
64
5103
6417
357
7640
4242
6159
1194
1147
8886
3341
1365
2488
8455
9271
9556
3336
9259
2427
8593
3509
9275
5929
6741
6789
3260
9747
3525
6631
14
9573
3762
5894
7058
4302
8590
6023
7536
4969
3508
1299
3929
754
8174
6362
4072
7205
3764
8917
4652
6747
3981
8072
7920
8700
7545
5669
2074
5707
6599
5175
6057
6394
4849
3739
4181
1306
7418
2421
2644
1963
1681
5136
3690
8671
2503
7532
4482
1252
9087
59
912
4333
7904
4063
1544
2310
2462
4009
2240
8320
4870
4747
172
9982
1300
6813
2172
9225
7149
6139
1645
8244
5316
7171
7429
4019
3889
6833
3722
7741
1740
6018
7820
6503
7393
8460
261
184
309
3186
8212
7745
447
2419
4353
1661
9992
6731
5020
1265
8752
3528
1860
5869
5072
498
9094
5455
8324
5696
6126
2348
2550
2498
9156
6944
2892
4447
4884
3405
5158
665
9494
5455
6904
7057
8397
3709
2602
8486
1620
589
6645
7443
8370
5829
5152
4840
4200
7005
1414
5791
1405
2427
4240
7706
3627
4890
5484
2758
5211
6556
5195
1051
285
3526
1856
9756
5118
3890
6410
6251
2657
9551
1755
2831
5610
6468
5208
7010
1558
5967
1514
4281
5423
3526
5597
9423
8871
8525
5584
7237
266
8708
6537
4716
8185
1846
398
3774
4891
5076
5246
2742
6371
4211
4379
3670
7620
2329
8874
8601
2770
8482
9855
1041
2202
6144
185
1357
5704
2859
7137
7216
580
9254
4065
2357
6611
4497
1359
5298
9229
3026
6179
639
1833
1702
9847
4705
2576
8492
2461
2173
6384
9665
9294
3934
5378
2547
4348
6229
1288
9915
4144
5576
2125
9026
1195
3863
959
3732
4038
731
1194
9894
5786
1292
7593
4897
1074
3513
2848
9425
2180
6035
5247
6187
3517
8746
9311
2749
4609
2330
31
5613
9956
8152
1414
6929
7301
6048
2621
4966
3402
8897
983
9323
8257
1346
2590
1074
5062
7582
9915
8727
5764
7101
6201
2150
587
5325
7820
5060
1000
2590
7724
1126
2696
4584
5925
605
2295
1787
7240
204
1031
898
7821
7589
2056
8373
4026
5462
6352
1175
649
4853
5216
3953
9137
1540
6400
6015
1113
9080
2069
7116
336
8843
985
3658
5297
1832
7889
7466
9051
825
6230
2989
2215
798
9422
9058
2098
9750
3730
1622
5335
9572
793
809
2084
5025
1574
5192
9540
3013
7865
1538
728
9659
2546
5797
6430
9242
1620
2592
7532
9540
7105
8509
3430
8817
7701
5975
9591
8157
2520
1051
9197
9770
4977
2282
6278
7103
2728
2511
2649
4731
426
7489
3148
832
1066
1213
7030
2993
4655
9087
4423
219
5641
9840
4887
3180
6473
818
6535
6766
2275
5735
3423
2134
4491
8120
2155
9993
2271
477
698
5506
7588
7232
2488
6037
1597
9834
5827
9451
6358
3650
2730
3804
8762
2006
649
6043
5681
2803
2199
3725
3074
2798
2764
5063
4603
3550
9222
4207
883
6791
1205
4045
8402
313
8898
6165
5323
1523
1289
2618
799
6228
9024
3705
2335
298
6478
219
8285
1691
355
1047
143
7581
6766
1436
8016
6701
1565
4459
7323
4020
8934
1785
4120
7411
7932
1429
7109
1521
4517
182
970
1592
8485
430
6646
7653
1182
903
429
2179
2652
653
7531
5598
9418
8671
9151
7995
3284
262
2784
3395
2050
784
5688
2650
1356
6053
2353
2933
2840
1382
9986
8295
4781
8719
2496
7061
467
4556
9919
369
5377
2770
1611
9608
6730
945
8956
6712
4821
1191
5459
1068
3925
1967
6878
5476
3691
5744
7996
9391
3795
9451
3852
7569
2217
2555
9083
1384
1250
2272
2851
471
9569
463
3378
9179
2149
2045
5849
8205
8339
6874
7837
1937
5348
125
5707
6741
7835
8939
46
5419
5492
1280
9911
1267
1698
7979
985
8378
4046
9622
7053
457
953
697
5066
263
4222
5539
6690
8111
2279
4146
3879
1500
445
2556
6578
7563
2293
2830
2916
7998
1567
6468
2169
1953
8660
1200
2774
1041
9454
9990
4352
7541
7714
7835
7682
789
623
1161
2979
754
7865
8039
2315
5194
217
1166
5423
7327
1375
3976
480
6331
7503
8659
4725
3351
7271
9328
7758
8936
3752
689
589
3155
4176
9050
3924
4250
4489
1274
1597
7640
4930
4584
4687
4808
8957
5259
6579
4435
9300
2761
9400
7834
4266
8713
6398
9985
3058
4839
6192
6136
9726
3800
7465
2197
4946
2629
8415
6034
4471
2675
4006
7425
9772
468
6524
100
629
1202
4890
4924
9761
8507
5656
8230
5072
4280
7550
9518
6705
4759
4947
4401
7461
6086
8529
9973
7739
693
2076
5046
5148
5072
2661
8857
2506
2783
6493
5664
2071
5224
9369
6545
330
5222
2685
347
1919
4939
4078
193
3964
9588
6325
1123
7726
1355
2707
417
9908
427
3840
2407
166
4616
1589
229
1612
8712
6920
3074
5273
248
6355
9959
4336
5020
2343
5046
3993
1804
739
3061
7902
3477
2905
520
495
6722
6126
7009
8041
8308
99
8485
4332
33
6069
7795
9938
2259
5599
1396
7177
8107
4009
278
9089
546
663
8141
8501
438
5818
3334
6942
919
9997
8320
474
9374
8123
8252
2969
1582
886
8015
6589
4488
1607
4431
1924
2153
4380
9294
869
5161
9409
3504
7300
6737
5457
915
7412
8814
7336
6744
3631
2646
9407
127
3618
9555
9185
9104
7447
791
7576
3862
8036
9973
8209
2888
7842
35
3978
881
988
4179
2462
1135
9063
2760
182
7190
3201
1506
9648
8998
8289
1608
6120
1035
2115
2518
3898
9829
3887
1250
6797
4829
6575
6165
5811
1421
4453
4787
6191
2481
5003
7848
8279
10
196
2054
8630
8753
8880
3583
2756
9691
6843
7852
276
1476
6306
8497
4076
2356
2915
7981
400
7231
6247
637
5149
4060
6154
717
4220
5278
1049
2585
3950
3890
5576
410
2826
2368
9268
3650
278
6749
6859
6873
4709
345
2886
2904
8586
3022
9260
412
6599
2666
1586
5606
5222
1011
2841
4055
284
7186
8579
6072
4332
2098
2699
5811
3739
1490
1935
1771
2220
5585
8611
5176
8162
8454
4759
3064
6650
9471
3619
8633
7590
1441
5205
5729
5168
7932
8521
441
6322
7313
3081
716
3396
686
8440
3237
8371
2383
6267
79
4205
2429
8650
3996
8832
2945
6056
6848
7337
1736
1463
692
5219
269
5053
3754
3379
9656
4689
830
1860
280
3918
7043
616
3861
2178
3171
868
6241
9789
2115
206
2191
5198
5199
5986
1352
6305
1226
2521
8252
3436
8706
8080
1736
1670
1483
7984
693
6373
6882
6996
5133
5660
2593
4204
5436
1570
2088
7945
1987
1755
5124
1803
1424
140
8699
3179
2085
6082
6958
7724
3251
2412
3792
4118
2275
6015
5622
8866
2589
2813
6982
6981
6745
6728
4168
2536
3307
2087
1191
9838
5352
7959
6625
9273
8812
9691
3829
3202
3990
6442
4204
2056
4261
4657
7212
458
6218
2555
7849
9599
7918
1583
1599
8648
5205
8597
7999
8428
8571
8089
5379
2729
5700
9844
4604
6539
1578
9846
1289
9050
4217
9878
239
8966
3939
7752
9373
9521
5641
9037
9991
3951
2349
9017
2519
2825
1723
195
2342
7533
9801
1504
5175
1636
1359
708
8372
6112
5352
3058
3502
5823
6141
8755
8093
5059
4151
719
613
5554
5532
2679
9876
2789
7253
1182
9890
6408
5579
4829
8669
7117
6272
1288
8695
934
1283
9031
3355
2333
8573
1767
8764
8507
6508
1426
494
1496
3384
5804
3677
4666
6466
4107
4797
8546
1334
4703
8765
2946
7538
7349
6930
3642
166
6194
4472
2516
2472
7792
9179
3700
8342
3749
2661
9311
7269
4659
8629
6436
4775
9771
6995
5237
1840
3216
8424
9830
9723
9438
253
818
465
2093
4729
9162
2382
6710
1141
7882
5263
2940
9099
4826
8393
2678
8945
7748
3720
328
8387
8920
6303
5915
8071
5324
189
1821
3822
2876
8291
462
1888
6846
3527
8129
5956
4516
8823
6064
2624
376
890
6207
9398
9262
3208
6257
9794
7311
3133
2450
7344
65
567
4961
5064
789
4814
1069
8908
1174
1785
2153
3921
9407
3820
5209
7459
1901
6470
5827
5018
1170
4874
7178
1650
4308
757
3431
8992
6992
5844
4839
2712
731
9102
5776
3790
2131
1149
742
3713
9187
1880
7389
6850
6608
3104
4243
917
8844
819
336
5624
908
6884
5534
5816
8325
6556
2684
3033
3100
8498
6526
8093
1034
2919
9431
7348
5687
947
9281
3159
4020
4469
3989
7252
1801
7096
7769
8689
2070
8086
5034
703
34
8628
6339
8798
652
9560
4186
432
1183
2332
9031
6368
822
4658
9051
5089
2064
2157
8282
9754
5108
2110
1517
9192
2851
6604
1514
3204
939
5556
1828
7434
4930
8704
9804
636
3676
628
5147
9888
4113
8995
5954
7619
30
1474
340
1281
8858
7385
738
6755
7493
6191
3690
3345
10000
4920
6474
9491
9834
996
7534
4918
8260
8823
9208
6389
6311
10000
3094
4563
1518
6596
5136
1606
8494
9078
3261
7796
9267
3464
8095
7717
4289
5978
8772
9602
8896
6589
392
723
2479
7224
46
5719
163
6518
639
7505
9504
4409
7799
4238
6392
2597
5548
3860
4089
8648
9789
903
3099
2619
1485
5749
3711
3651
8875
2717
9650
6425
5687
5047
4538
9979
2934
4980
4054
8050
1046
5624
6845
7409
8275
6629
5338
1699
4248
1560
9838
2596
8171
8731
6516
2602
4990
3481
9398
9880
9395
9844
6863
7675
1366
8318
4567
6464
7998
6941
6262
4210
8667
1868
7398
3999
5549
7668
6847
2513
9484
6154
375
6865
8917
6698
6776
1649
3591
4818
1025
5033
335
4015
5885
3762
8849
1539
1587
2992
3795
6815
1709
5136
6359
2735
6458
9456
7141
1159
1670
2797
2466
1833
4563
4780
2284
207
3802
886
3254
7352
3077
2876
4329
1370
5135
590
3268
2719
5864
231
7791
2644
9405
1060
7271
5760
9654
3591
5405
439
1403
5797
7107
7323
7019
7845
7889
1106
7227
7657
4586
7453
930
2401
3308
7233
5085
1190
1357
4747
5079
6110
1235
6665
4013
4451
4314
2128
4336
2613
8916
7290
1932
3081
3118
9644
1388
1173
9160
5586
4454
2065
8803
434
9529
6719
4047
6302
297
6120
1938
5790
1722
9915
550
2159
2416
5101
8327
7543
5922
8260
6377
4291
7316
3953
6055
3710
8339
5186
6421
4752
3035
4964
463
3510
3318
1117
6459
7889
5388
8354
4732
5281
2766
2720
9444
9194
2173
3124
4291
717
6933
1975
8436
4625
6143
7324
4799
5336
5515
5672
9509
8972
5740
5383
3194
3490
3067
7132
3751
1935
640
3479
2567
5742
5842
5151
2414
425
4138
2153
6088
5848
5508
4122
6510
1459
6958
9408
2760
3256
7648
3185
3683
101
1971
1127
7077
6337
9842
7999
1353
5726
1979
3467
8407
1225
7637
9190
7839
105
9646
906
8774
2819
3937
6363
5705
4675
7132
1155
2644
9629
8374
2166
9030
5555
7567
2947
5191
3126
8472
9780
398
8729
8579
1694
7797
2157
2220
6789
455
1744
1025
313
4179
306
198
1869
6625
8212
5098
4488
6677
8497
7703
4960
9928
2291
911
6940
8191
1020
3426
6397
290
6910
820
5681
2632
7237
5929
4608
3806
4978
7839
2061
7160
587
9787
7136
4346
9639
7663
5128
3282
9501
2533
8886
8777
5672
897
9916
932
5453
7114
234
445
9408
3591
4361
8286
5126
2888
9504
7453
9788
4120
116
8864
9845
6162
2355
209
7042
6773
9369
6294
9127
6360
2450
8866
5081
543
9321
5403
7861
5779
9819
3216
74
7379
26
1783
5294
7762
6896
8288
4297
2352
2410
482
9033
5265
6439
787
4734
7339
8681
1907
8457
8451
885
6104
3344
2187
301
1649
5286
4798
1590
8804
3125
2168
2505
1005
6058
2146
577
2954
6026
7130
7379
3490
9608
2750
9239
6837
2268
3170
9713
9691
4392
4941
5654
6233
2262
4198
4292
1276
3192
5381
7817
6372
7579
7061
6925
4622
4713
5086
1432
7348
5139
4745
4917
2287
9160
7994
4123
659
2391
1812
5967
6252
4693
1228
2431
2404
1331
9731
2367
5161
5067
7146
2061
5894
5954
9522
1776
6593
9383
9971
5244
1525
2075
7837
4515
1522
2556
2069
942
4115
5723
634
5282
6273
2603
6718
8823
2969
515
8122
2238
3853
91
2454
5488
5334
6651
7254
8141
4542
3774
2685
9413
6206
9676
8926
3012
3634
5656
9331
1732
4730
815
9854
5659
783
6692
7152
4458
3799
9893
4902
1478
9851
4004
8556
3916
7419
2059
2327
381
6646
5163
9940
1541
5992
8332
2720
7747
7429
7207
4727
7279
92
3462
6046
226
490
715
3168
921
9461
3700
6658
10000
8776
3359
8052
540
8812
9456
3967
4690
3161
8661
5350
6397
112
3693
4921
3839
9100
4488
6967
8887
3712
8961
1302
1132
6742
2318
3725
5396
9169
9803
3831
3420
7099
3026
1150
5764
3593
8540
2332
225
942
4430
262
3224
4765
9413
4076
4378
7554
3255
9320
9173
6974
2202
4116
2959
1164
8549
5317
8100
4169
1749
2701
9235
18
9598
6524
6787
8726
4242
8040
2540
1337
1833
5554
3236
5514
9434
8920
3647
2702
2037
7908
8163
8454
1994
1857
6597
4100
2601
2609
7887
3701
3058
3042
7653
7736
8662
4294
7838
9466
6183
8516
5784
7009
3107
2737
945
7985
7064
8157
9768
5506
9077
5038
8697
463
680
8756
5980
6824
898
653
275
2685
8445
4095
8506
2843
9069
2935
788
1709
3595
704
5027
7733
2837
3579
1534
9379
3612
9409
3522
2536
5844
7706
9126
6962
9551
1146
9311
6355
4837
4426
8270
8757
1554
5945
6105
9184
4981
2899
8655
4957
8644
3423
4884
2929
2554
4635
9466
2808
6242
5720
4902
3656
416
5061
6386
3803
66
1456
4794
3862
3856
4405
9033
5088
938
2809
4700
7341
4222
3465
6669
4365
4666
1928
5128
8450
8213
1219
7316
8094
2786
972
2108
1721
4362
9706
1309
7869
1315
4061
7065
1265
9926
1238
4910
5538
54
334
6893
5869
814
4275
9859
2659
7235
8733
1059
3028
3106
4759
9262
5406
1749
3365
4696
5566
7139
586
1877
7058
1094
8362
7959
4626
6707
480
515
396
306
7745
1320
4445
7690
2538
120
5108
6358
507
913
3471
1614
2522
9403
2591
785
6680
591
9447
7219
137
4249
7531
9777
5820
4404
5101
4779
4132
6171
9284
4828
6698
9794
4443
5965
3333
1911
6167
1549
4701
3334
1319
6801
6396
8790
4557
2028
9655
4392
2204
3934
1113
4161
3266
5828
4023
190
6894
3098
1227
4296
6708
6312
8083
7729
6011
3715
5007
9520
5117
7288
2489
3067
8429
4123
7563
9942
6474
6226
134
8431
145
4472
2837
8088
3885
3642
7256
7528
9391
2829
7178
4125
8462
226
4975
4395
9713
5326
9818
5500
6992
4091
3100
6726
1259
6085
6131
9023
7915
812
9074
4995
1620
5231
7809
812
3271
9820
1587
1616
5477
2990
1308
2554
7688
511
8033
3886
6651
840
2898
7252
8976
6375
3834
6039
8283
1190
5857
421
1433
9701
5569
8206
3777
7207
3698
5080
1854
3905
963
3071
434
243
9300
1032
2133
3643
5823
1826
6245
1397
4391
869
862
5886
925
7093
8308
9926
3862
1947
1232
5572
9586
1283
6270
7254
134
2752
4221
6060
3163
4540
8539
6305
3687
1177
5202
8308
9514
5839
8022
8788
759
4298
1580
5557
2092
7083
7588
8911
5425
3693
989
2726
2349
5445
417
7749
9509
3959
610
6372
7704
2564
1992
85
3673
8526
5858
4805
2927
5283
6691
2964
6718
778
2376
3716
989
554
2145
7501
5976
4616
1140
8898
3625
5213
8873
8695
7619
536
8655
3639
4992
2836
3402
858
6177
7239
1143
6683
8595
5075
3694
8059
1070
7352
8496
4905
5808
5375
1171
573
5222
3174
169
966
3423
3393
8100
1393
9662
717
8368
1064
8013
6385
3757
8299
1664
1342
8494
4598
3558
9085
2414
7913
8289
6115
9648
2077
6589
8473
9127
9778
1583
9214
8545
8311
6662
5404
6991
5269
5614
9396
461
2215
1926
2752
9376
168
726
84
924
6956
4384
5839
8144
1385
7121
1166
77
4274
2107
6273
113
7302
9240
3623
724
9277
2704
5097
530
9626
7800
2080
6519
5149
8985
5376
8686
9698
3955
3265
9374
6514
9171
482
4451
7352
2392
9406
3671
6856
7536
3197
6203
9524
9857
8737
1719
9348
2003
3032
4653
6758
2186
5384
3481
5793
288
5417
1268
4572
7493
8634
4305
8229
9162
5466
43
8726
5340
2129
4611
1119
2168
6495
3631
5458
2594
5763
8994
9088
7451
7221
5929
5452
7186
5774
3064
3186
2542
8496
8106
5412
713
7851
5559
3831
6934
9014
9160
8863
7592
2241
6251
2121
6541
4676
5162
8369
2747
2543
279
6842
3954
9061
7521
4977
8353
2223
8955
9065
3457
7729
2969
6124
766
5910
8022
8309
486
1169
5054
2417
8505
8642
5708
7951
9843
2461
7040
991
9819
9705
6873
2225
5063
2194
5011
1561
8289
9048
6849
7279
6169
2358
8947
9634
4728
9349
9147
3863
4570
3201
391
3125
2473
8455
8812
1961
4781
8911
7293
9440
2642
708
9026
7840
2310
2075
897
2445
4688
3745
945
5803
9255
9660
2341
4984
9539
1449
8038
7579
5490
9108
2844
4264
4148
7903
8673
935
663
9014
4613
9643
6912
3707
7263
8474
8028
4462
7282
9700
6426
4053
1218
546
1405
288
7724
7936
6390
7280
447
4550
2226
2506
4789
7791
4934
5415
8833
6723
8690
7598
1331
7525
5242
6148
8985
1873
6683
7325
4505
4298
7928
1248
3296
312
8332
2361
1867
3158
7940
634
5521
8713
8016
1804
68
446
1711
6471
3516
4608
1164
4502
2260
9183
3516
4533
6293
1144
4293
2718
556
2763
5481
289
5926
411
5853
2658
1367
5499
9092
3492
4615
6150
1479
2948
9153
974
6735
4524
4043
7095
6657
6257
8068
2349
4740
1097
8628
9557
1411
8673
1718
4958
9391
2866
1755
639
9250
1516
9930
5206
7431
6515
6548
9222
5867
5080
1952
8558
1028
2696
8594
9707
6141
4756
3015
3108
5372
731
5463
7756
2858
4963
8697
2053
3606
1337
6393
5897
7625
9849
2443
7623
8567
6133
3027
8604
3882
2967
1042
6700
6826
1309
7663
967
3084
3833
6178
2530
6667
5075
4901
3872
7024
4013
5053
4166
7995
6792
6713
8611
7168
9033
4161
310
5272
7299
2658
4804
9504
6817
8016
5662
874
6195
575
1042
584
1441
3294
8245
6601
8413
1809
918
9418
9504
2383
5863
567
8600
8515
8775
4011
1779
7319
2272
7032
5439
5539
2274
1879
8513
7706
9071
304
3168
4120
5960
3739
571
1690
8630
7108
8171
5972
2200
9211
7568
2024
584
8412
3267
837
4891
1604
461
6447
3181
8540
783
6769
8381
424
5392
2414
5851
7374
484
5724
4482
3218
2919
6314
8760
4027
4001
8203
7289
8618
6201
560
1530
3376
7458
2502
1435
3651
215
2863
4179
4243
931
2290
7596
2107
7052
3622
5627
4217
8207
3479
9904
6056
5969
4525
5115
6308
6071
8458
9593
7956
1225
4290
3687
5338
7471
68
3933
4793
3666
9390
6495
1307
7395
1164
872
9348
8830
3409
1239
2557
7960
7988
294
4976
257
8638
4775
3098
4691
4953
4312
8867
3635
5887
4044
5150
6341
5472
5254
3112
8214
1487
223
6818
8257
9913
2441
6953
3982
8609
6617
2097
4333
1867
5296
7537
3358
6450
6919
2497
519
9391
7725
66
1552
6260
6607
1838
1210
5265
4948
9467
8460
844
9094
8301
7084
9558
1190
2914
9335
1023
1921
3351
8510
1877
4463
9487
9060
2710
4525
8945
3606
5529
3925
6520
5622
9892
7817
4580
4823
3754
6352
2202
281
5635
2374
1915
7714
6468
8711
5318
3234
4667
733
5979
7908
8487
3977
7419
5615
5657
5781
6157
6732
1981
8677
7615
2528
4790
4114
6181
8451
5531
2083
8414
9683
5926
7956
4599
3276
4059
2139
1202
4248
4071
2901
714
9998
5958
316
2484
8743
8089
2877
5497
1310
5999
7907
8251
3858
4542
566
8088
1255
3378
1068
9142
4934
8516
3183
9077
5790
5883
9571
5783
4761
936
6339
6656
9465
3932
5927
8105
6021
6232
2161
5834
6176
315
5030
6659
2493
7185
2943
940
479
3342
7365
2182
5024
5599
3184
8397
3254
9519
6290
4202
2481
1479
8780
3316
9675
1883
4811
1318
2135
1193
4041
1888
5757
2781
469
8345
2464
1280
6977
5966
4322
4011
463
6722
2022
8830
899
7928
5471
4112
2565
8926
313
7638
4405
8738
3428
9761
3745
2517
8371
6855
6995
8080
4292
8293
4218
8351
1170
8532
3879
8472
6844
516
930
209
7425
4717
1949
3677
3765
2342
5030
3701
5565
6275
2199
7593
6447
1660
4042
5854
8232
1248
9300
7931
9576
9240
5249
2911
5776
6273
1568
5291
1014
2653
2578
3780
4151
4822
5481
1101
9794
8933
7859
7755
377
1543
6141
3608
5751
5410
9684
4617
9537
3807
2510
5065
4936
2516
8164
8992
5959
3619
2330
2750
6924
5430
7734
4682
3289
7939
5749
7965
7296
6769
6387
2068
4664
6862
7778
8884
1796
3352
9625
5939
890
7935
5526
1215
2773
3164
5183
4227
1014
9253
1182
2088
4220
1193
6513
9125
6027
5805
9863
4494
4553
9339
1248
6164
6678
1581
5722
615
242
6662
460
8328
1633
6825
4429
8236
9487
3601
8348
6893
4326
4976
247
5298
1749
953
6411
2594
9726
2675
1942
7634
4946
5623
4194
6633
1921
6220
4298
2364
4113
117
1061
6735
8936
4515
2380
551
3526
4136
48
2812
2768
4098
8709
8500
4258
6647
1328
395
9271
5096
9316
2089
3941
5483
7254
5029
6877
1194
5302
7545
7616
3728
7576
2563
2977
5634
8365
1088
4896
5435
3657
82
1632
5528
7832
3160
866
5801
5803
4693
9822
2938
9649
4980
1388
7897
4069
3707
5695
9329
2726
3350
8108
8465
3590
2457
6365
5861
2680
616
3602
8684
6374
6571
1690
596
6414
8387
1975
1321
5083
4921
762
7607
6778
241
5416
5598
1154
6413
2365
9767
3890
7731
6418
1616
1174
7920
1912
9369
9441
6653
982
6062
9426
9974
2621
9865
7121
5833
9904
8339
4816
8398
2877
6081
1299
908
7680
6564
1878
4956
2048
7943
690
2975
2701
7401
5842
6346
3496
97
3616
4214
1182
95
9330
2382
9192
7077
9190
2489
9266
1301
9384
7495
4823
818
2927
5741
2812
2446
3779
2423
5371
2286
104
7945
9215
6656
3495
1480
457
6283
2165
4256
2867
8164
1548
6803
8764
6028
9783
9785
5886
2710
6955
7597
7203
4199
9416
1475
9058
4810
2708
9181
2599
5969
5924
2141
2254
5846
8399
4491
6464
5112
9825
7641
97
3129
927
2523
6832
3762
6877
9877
6327
6037
6022
3533
3158
3698
4765
4655
7944
6827
1311
9138
1473
6324
3093
6485
1583
6576
8884
7244
4203
8835
6191
6863
265
6710
424
9858
3224
8980
4256
1836
9183
3838
1352
8551
2051
8612
2253
6934
8195
5116
6013
1709
5616
9847
7695
4330
4348
5215
1788
3593
3916
6657
4835
6974
1380
8851
6262
3704
9734
1201
1487
5730
3234
712
5553
9183
2194
8815
6104
5562
5049
6684
3739
695
8729
8812
5046
1726
7509
7349
9242
3628
9724
6239
6725
8117
2144
4787
3952
5217
3627
213
9504
6417
2089
5439
1271
3352
887
7725
6954
624
2852
5354
5440
8069
4060
7468
46
3165
3814
1853
3944
8676
2308
9826
2915
752
2307
6101
5992
6725
5265
219
6281
5211
7310
2184
2279
385
1484
7099
3419
1828
8306
4144
783
8215
3939
9431
4499
5117
3914
2637
4187
8365
7977
6312
1667
7297
150
4686
3190
2647
2790
1864
5434
4372
1351
9592
8075
4648
119
8060
2909
788
6207
9526
6369
9295
8443
4043
8233
8743
5367
3915
5989
682
3789
6848
811
3363
6805
267
4641
6596
906
4046
333
4517
1852
7346
6127
2476
6533
513
90388 225008283
